CRN,ARRIVAL_TM,AUTOMOBILE_COUNT,BELTED_DEATH_COUNT,BELTED_SUSP_SERIOUS_INJ_COUNT,BICYCLE_COUNT,BICYCLE_DEATH_COUNT,BICYCLE_SUSP_SERIOUS_INJ_COUNT,BUS_COUNT,CHLDPAS_DEATH_COUNT,CHLDPAS_SUSP_SERIOUS_INJ_COUNT,COLLISION_TYPE,COMM_VEH_COUNT,CONS_ZONE_SPD_LIM,COUNTY,CRASH_MONTH,CRASH_YEAR,DAY_OF_WEEK,DEC_LAT,DEC_LONG,DISPATCH_TM,DISTRICT,DRIVER_COUNT_16YR,DRIVER_COUNT_17YR,DRIVER_COUNT_18YR,DRIVER_COUNT_19YR,DRIVER_COUNT_20YR,DRIVER_COUNT_50_64YR,DRIVER_COUNT_65_74YR,DRIVER_COUNT_75PLUS,EST_HRS_CLOSED,FATAL_COUNT,HEAVY_TRUCK_COUNT,HORSE_BUGGY_COUNT,HOUR_OF_DAY,ILLUMINATION,INJURY_COUNT,INTERSECT_TYPE,INTERSECTION_RELATED,LANE_CLOSED,LATITUDE,LN_CLOSE_DIR,LOCATION_TYPE,LONGITUDE,MAX_SEVERITY_LEVEL,MCYCLE_DEATH_COUNT,MCYCLE_SUSP_SERIOUS_INJ_COUNT,MOTORCYCLE_COUNT,MUNICIPALITY,NONMOTR_COUNT,NONMOTR_DEATH_COUNT,NONMOTR_SUSP_SERIOUS_INJ_COUNT,NTFY_HIWY_MAINT,PED_COUNT,PED_DEATH_COUNT,PED_SUSP_SERIOUS_INJ_COUNT,PERSON_COUNT,POLICE_AGCY,POSSIBLE_INJ_COUNT,RDWY_SURF_TYPE_CD,RELATION_TO_ROAD,ROAD_CONDITION,ROADWAY_CLEARED,SCH_BUS_IND,SCH_ZONE_IND,SECONDARY_CRASH,SMALL_TRUCK_COUNT,SPEC_JURIS_CD,SUSP_MINOR_INJ_COUNT,SUSP_SERIOUS_INJ_COUNT,SUV_COUNT,TCD_FUNC_CD,TCD_TYPE,TFC_DETOUR_IND,TIME_OF_DAY,TOT_INJ_COUNT,TOTAL_UNITS,UNB_DEATH_COUNT,UNB_SUSP_SERIOUS_INJ_COUNT,UNBELTED_OCC_COUNT,UNK_INJ_DEG_COUNT,UNK_INJ_PER_COUNT,URBAN_AREA,URBAN_RURAL,VAN_COUNT,VEHICLE_COUNT,WEATHER1,WEATHER2,WORK_ZONE_IND,WORK_ZONE_LOC,WORK_ZONE_TYPE,WORKERS_PRES,WZ_CLOSE_DETOUR,WZ_FLAGGER,WZ_LAW_OFFCR_IND,WZ_LN_CLOSURE,WZ_MOVING,WZ_OTHER,WZ_SHLDER_MDN,WZ_WORKERS_INJ_KILLED
2009025846,2345.0,2,0,0,0,0,0,0,0,0,4,0,,67,1,2009,7,39.9615,-75.1517,2345.0,6,0,0,0,0,0,0,0,0,,0,0,0,23,3,1,1,,0,39 57:41.633,,0,75 09:06.417,4,0,0,0,67301,0,0,0,N,0,0,0,5,67301,1,,1,1,,N,N,,0,,0,0,0,3,2,,2343,1,2,0,0,5,0,0,3,4,0,2,3,,N,,,,,,,,,,,
2009037860,1137.0,2,0,0,0,0,0,0,0,0,4,0,,67,3,2009,4,40.0167,-75.0511,1134.0,6,0,0,1,0,0,1,0,0,1.0,0,0,0,11,1,1,0,,1,40 01:00.552,2.0,0,75 03:02.992,4,0,0,0,67301,0,0,0,Y,0,0,0,2,68K01,1,,1,1,,N,N,,0,,0,0,0,0,0,N,1131,1,2,0,0,1,0,0,3,4,0,2,3,,N,,,,,,,,,,,
2009038025,643.0,2,0,0,0,0,0,0,0,0,1,0,,67,4,2009,6,40.0368,-75.0139,638.0,6,0,0,0,0,0,1,0,0,1.0,0,0,0,6,5,0,0,,2,40 02:13.537,1.0,0,75 00:47.348,0,0,0,0,67301,0,0,0,N,0,0,0,2,68K01,0,,1,9,,N,N,,0,,0,0,0,0,0,N,637,0,2,0,0,0,0,0,3,4,0,2,7,,N,,,,,,,,,,,
2009030786,750.0,0,0,0,0,0,0,0,0,0,4,0,,67,2,2009,4,39.955,-75.1527,746.0,6,0,0,0,0,0,0,1,0,,0,0,0,7,1,1,2,,0,39 57:18.169,,0,75 09:09.806,8,0,0,0,67301,0,0,0,,0,0,0,2,67301,0,,1,6,,,,,1,,0,0,1,3,2,,745,1,2,0,0,0,1,0,3,4,0,2,10,,N,,,,,,,,,,,
2009025609,1115.0,1,0,0,0,0,0,0,0,0,4,0,,67,1,2009,7,40.1066,-75.027,1112.0,6,0,0,0,0,0,1,0,0,,0,0,0,11,1,1,0,,0,40 06:23.760,,7,75 01:37.200,4,0,0,0,67301,0,0,0,N,0,0,0,4,67301,1,,1,9,,N,N,,1,,0,0,0,0,0,,1107,1,2,0,0,0,0,0,3,4,0,2,3,,N,,,,,,,,,,,
2009025623,2032.0,2,0,0,0,0,0,0,0,0,5,0,,67,1,2009,3,39.904,-75.2401,2029.0,6,0,0,0,0,0,1,0,0,,0,0,0,20,3,0,5,,0,39 54:14.400,,0,75 14:24.360,0,0,0,0,67301,0,0,0,N,0,0,0,2,67301,0,,1,1,,N,N,,0,,0,0,0,3,2,,2013,0,2,0,0,0,0,0,3,4,0,2,3,,N,,,,,,,,,,,
2009023230,1848.0,1,0,0,0,0,0,0,0,0,7,0,,67,2,2009,2,39.9984,-75.081,1835.0,6,0,0,0,0,0,0,0,0,,0,0,0,18,3,0,0,,0,39 59:54.700,,0,75 04:51.336,0,0,0,0,67301,0,0,0,N,0,0,0,1,68K01,0,,3,1,,N,N,,0,,0,0,0,0,0,,1833,0,1,0,0,0,0,0,3,4,0,1,3,,N,,,,,,,,,,,
2009030470,9999.0,2,0,0,0,0,0,0,0,0,2,0,,67,2,2009,6,40.005,-75.1669,25.0,6,0,0,0,0,0,0,0,0,,0,0,0,2,6,1,0,,0,40 00:18.136,,0,75 10:00.994,3,0,0,0,67301,0,0,0,N,0,0,0,1,67301,0,,1,1,,N,N,,0,,1,0,0,0,0,,200,1,2,0,0,1,0,0,3,4,0,2,3,,N,,,,,,,,,,,
2009030480,323.0,2,0,0,0,0,0,0,0,0,5,0,,67,2,2009,1,40.076,-75.0007,323.0,6,0,0,0,0,0,0,0,0,4.0,0,0,0,3,3,1,0,,2,40 04:33.712,1.0,0,75 00:02.722,2,0,0,0,67301,0,0,0,N,0,0,0,2,67301,0,,1,1,,N,N,,1,,0,1,0,0,0,Y,320,1,4,0,1,1,0,0,3,4,1,4,3,,N,,,,,,,,,,,
2009111668,2030.0,1,0,0,0,0,0,0,0,0,8,0,,67,10,2009,3,39.9501,-75.1473,2020.0,6,0,0,0,0,0,0,0,0,,0,0,0,20,3,1,0,,0,39 57:00.321,,0,75 08:50.332,4,0,0,0,67301,1,0,0,,1,0,0,2,67301,1,,1,9,,,,,0,,0,0,0,0,0,,2000,1,2,0,0,0,0,0,3,4,0,1,3,,N,,,,,,,,,,,
2009094382,950.0,1,0,0,0,0,0,0,0,0,0,0,,67,9,2009,4,39.9755,-75.1945,942.0,6,0,0,0,0,0,0,0,0,,0,0,0,9,1,0,0,,0,39 58:35.143,,0,75 11:44.441,0,0,0,0,67301,0,0,0,N,0,0,0,2,68K01,0,,1,1,,N,N,,0,,0,0,1,0,0,,939,0,2,0,0,0,0,0,3,4,0,2,3,,N,,,,,,,,,,,
2009094757,1330.0,1,0,0,0,0,0,0,0,0,7,0,,67,9,2009,7,,,1325.0,6,1,0,0,0,0,0,0,0,,0,0,0,13,1,0,0,,0,,,0,,0,0,0,0,67301,0,0,0,N,0,0,0,4,67501,0,,2,1,,N,N,,0,,0,0,0,0,0,,1320,0,1,0,0,0,0,0,3,3,0,1,3,,N,,,,,,,,,,,
2009084296,1117.0,0,0,0,0,0,0,0,0,0,4,0,,67,7,2009,5,40.0317,-75.1789,1116.0,6,0,0,0,0,0,0,0,0,1.0,0,0,0,11,1,1,1,,1,40 01:54.260,1.0,0,75 10:43.950,4,0,0,1,67301,1,0,0,N,1,0,0,2,67301,1,,1,1,,N,N,,0,,0,0,0,3,2,Y,1112,1,2,0,0,0,0,0,3,4,0,1,3,,N,,,,,,,,,,,
2009100616,1900.0,1,0,0,0,0,0,0,0,0,8,0,,67,9,2009,6,40.0462,-75.1661,1859.0,6,0,0,0,0,0,0,0,0,,0,0,0,17,1,1,2,,0,40 02:46.472,,0,75 09:57.862,4,0,0,0,67301,1,0,0,N,1,0,0,2,67301,1,,2,1,,N,N,,0,,0,0,0,0,0,,1730,1,2,0,0,0,0,1,3,4,0,1,3,,N,,,,,,,,,,,
2009100060,1602.0,2,0,0,0,0,0,0,0,0,1,0,,67,9,2009,4,39.9298,-75.1442,1601.0,6,0,0,0,0,0,0,0,0,,0,0,0,16,1,1,1,,0,39 55:47.801,,0,75 08:39.967,4,0,0,0,67301,0,0,0,N,0,0,0,2,67301,1,,1,1,,N,N,,0,,0,0,0,0,0,,1601,1,2,0,0,0,0,0,3,4,0,2,7,,N,,,,,,,,,,,
2009044252,30.0,2,0,0,0,0,0,0,0,0,2,0,,67,3,2009,1,40.0395,-75.0458,28.0,6,0,0,0,0,0,0,0,0,,0,0,0,0,3,0,1,,0,40 02:22.366,,0,75 02:44.910,0,0,0,0,67301,0,0,0,N,0,0,0,3,67301,0,,1,1,,N,N,,0,,0,0,0,3,2,,20,0,2,0,0,0,0,0,3,4,0,2,3,,N,,,,,,,,,,,
2009044254,9999.0,1,0,0,0,0,0,0,0,0,1,0,,67,3,2009,6,40.0153,-75.1372,9999.0,6,0,0,0,0,0,1,0,0,,0,0,0,9,1,1,1,,0,40 00:55.051,,0,75 08:13.761,8,0,0,0,67301,0,0,0,,0,0,0,2,67301,0,,1,1,,N,N,,0,,0,0,0,3,2,,910,1,2,0,0,0,1,0,3,4,1,2,98,,N,,,,,,,,,,,
2009019578,716.0,1,0,0,0,0,0,0,0,0,7,0,,67,2,2009,7,39.9651,-75.1855,716.0,6,0,0,0,0,0,0,0,0,,0,0,0,7,1,0,0,,0,39 57:59.589,,0,75 11:14.062,0,0,0,0,67301,0,0,0,N,0,0,0,1,68K01,0,,2,1,,N,N,,0,,0,0,0,0,0,,716,0,1,0,0,1,0,0,3,4,0,1,3,,N,,,,,,,,,,,
2009049566,1605.0,0,0,0,0,0,0,0,0,0,4,0,,67,4,2009,3,40.0071,-75.094,1600.0,6,0,0,0,0,0,0,0,0,,0,0,0,15,1,1,1,,0,40 00:25.549,,0,75 05:38.543,4,0,0,0,67301,0,0,0,N,0,0,0,2,67301,1,,1,9,,N,N,,1,,0,0,0,0,0,,1545,1,2,0,0,1,0,0,3,4,1,2,7,,N,,,,,,,,,,,
2009049481,1245.0,1,0,0,0,0,0,0,0,0,4,0,,67,4,2009,4,40.0363,-75.0643,1238.0,6,0,0,0,0,0,1,0,0,1.0,0,0,0,11,1,0,1,,1,40 02:10.346,1.0,0,75 03:51.114,0,0,0,0,67301,0,0,0,N,0,0,0,2,67301,0,,1,9,,N,N,,1,,0,0,0,3,2,N,1132,0,2,0,0,0,0,0,3,4,0,2,7,,N,,,,,,,,,,,
2009049499,1534.0,2,0,0,0,0,0,0,0,0,1,0,,67,4,2009,6,40.0205,-75.1924,1528.0,6,0,0,0,0,0,0,0,1,,0,0,0,15,1,1,1,,0,40 01:13.809,,0,75 11:32.576,8,0,0,0,67301,0,0,0,N,0,0,0,3,67301,0,,1,1,,N,N,,0,,0,0,0,3,2,,1525,1,2,0,0,0,1,0,3,4,0,2,3,,N,,,,,,,,,,,
2009120442,1003.0,2,0,0,0,0,0,0,0,0,4,0,,67,10,2009,5,39.9562,-75.2196,1000.0,6,0,0,0,0,0,0,0,0,,0,0,0,9,1,1,1,,0,39 57:22.442,,0,75 13:10.587,4,0,0,0,67301,0,0,0,N,0,0,0,2,67301,1,,1,1,,N,N,,0,,0,0,1,3,2,,958,1,3,0,0,0,0,0,3,4,0,3,3,,N,,,,,,,,,,,
2009048848,742.0,2,0,0,0,0,0,0,0,0,4,0,,67,3,2009,6,40.017,-75.1883,740.0,6,0,0,0,0,0,2,0,0,,0,0,0,7,1,1,1,,0,40 01:01.181,,0,75 11:17.958,8,0,0,0,67301,0,0,0,N,0,0,0,2,67301,0,,1,1,,N,N,,0,,0,0,0,3,2,,730,1,2,0,0,0,1,0,3,4,0,2,3,,N,,,,,,,,,,,
2009048607,859.0,1,0,0,0,0,0,0,0,0,7,0,,67,3,2009,7,40.0987,-75.0199,858.0,6,0,0,0,0,0,1,0,0,,0,0,0,8,3,0,0,,0,40 05:55.248,,0,75 01:11.805,0,0,0,0,67301,0,0,0,,0,0,0,2,67301,0,,5,9,,,,,1,,0,0,0,0,0,,858,0,2,0,0,1,0,0,3,4,0,2,7,,N,,,,,,,,,,,
2009048900,315.0,3,0,0,0,0,0,0,0,0,4,0,,67,4,2009,1,39.9579,-75.1623,309.0,6,0,0,1,1,0,0,0,0,,0,0,0,2,3,0,1,,0,39 57:28.560,,0,75 09:44.326,0,0,0,0,67301,0,0,0,N,0,0,0,3,67301,0,,1,1,,N,N,,0,,0,0,0,3,2,,245,0,3,0,0,0,0,0,3,4,0,3,3,,N,,,,,,,,,,,
2009048975,1808.0,3,0,0,0,0,0,0,0,0,1,0,,67,3,2009,5,39.9741,-75.2047,1759.0,6,0,0,0,0,0,0,0,0,,0,0,0,5,1,1,0,,0,39 58:26.724,,0,75 12:16.774,4,0,0,0,67301,0,0,0,,0,0,0,5,67301,1,,1,1,,,,,0,,0,0,0,3,2,,559,1,3,0,0,2,0,0,3,4,0,3,3,,N,,,,,,,,,,,
2009038873,1639.0,1,0,0,0,0,0,0,0,0,4,0,,67,2,2009,2,39.9877,-75.1545,1638.0,6,0,0,0,0,0,0,0,0,,0,0,0,16,1,0,1,,0,39 59:15.680,,0,75 09:16.210,0,0,0,0,67301,0,0,0,N,0,0,0,2,67301,0,,1,1,,N,N,,0,,0,0,1,3,3,,1630,0,2,0,0,0,0,0,3,4,0,2,3,,N,,,,,,,,,,,
2009044034,851.0,1,0,0,0,0,0,0,0,0,2,0,,67,3,2009,6,39.9704,-75.15,848.0,6,0,0,0,0,0,0,0,0,,0,0,0,8,1,6,1,,0,39 58:14.008,,0,75 08:59.731,4,0,0,0,67301,0,0,0,,0,0,0,6,67301,6,,1,9,,,,,0,,0,0,1,3,2,,848,6,2,0,0,0,0,0,3,4,0,2,3,,N,,,,,,,,,,,
2009017403,550.0,1,0,0,0,0,0,0,0,0,7,0,,67,1,2009,6,40.0512,-74.9892,547.0,6,0,0,0,0,0,0,0,0,,0,0,0,5,3,0,0,,0,40 03:04.653,,0,74 59:20.686,0,0,0,0,67301,0,0,0,N,0,0,0,1,68K01,0,,2,1,,N,N,,0,,0,0,0,0,0,,544,0,1,0,0,0,0,0,3,4,0,1,3,,N,,,,,,,,,,,
2009049285,852.0,2,0,0,0,0,0,0,0,0,5,0,,67,3,2009,3,39.946,-75.2417,849.0,6,0,0,0,0,0,0,0,0,,0,0,0,8,1,1,0,,0,39 56:45.699,,0,75 14:29.980,8,0,0,0,67301,0,0,0,N,0,0,0,4,67301,0,,1,1,,N,N,,0,,0,0,0,0,0,,830,1,2,0,0,1,1,2,3,4,0,2,3,,N,,,,,,,,,,,
2009040339,1629.0,2,0,0,0,0,0,0,0,0,5,0,,67,2,2009,3,39.9481,-75.151,1628.0,6,0,0,0,0,0,0,0,0,,0,0,0,16,1,1,0,,0,39 56:53.125,,0,75 09:03.634,8,0,0,0,67301,0,0,0,,0,0,0,2,67301,0,,1,1,,,,,0,,0,0,0,0,0,,1620,1,2,0,0,0,1,0,3,4,0,2,3,,N,,,,,,,,,,,
2009026057,1618.0,1,0,0,0,0,0,0,0,0,8,0,,67,1,2009,6,39.9244,-75.1696,1615.0,6,0,0,0,0,0,0,0,0,,0,0,0,99,1,1,1,,0,39 55:27.786,,0,75 10:11.056,4,0,0,0,67301,1,0,0,N,1,0,0,2,67301,1,,1,1,,N,N,,0,,0,0,0,3,2,,9999,1,2,0,0,0,0,0,3,4,0,1,3,,N,,,,,,,,,,,
2009023878,716.0,1,0,0,0,0,0,0,0,0,0,0,,67,2,2009,5,39.9571,-75.1559,708.0,6,0,0,0,0,0,0,0,0,,0,0,0,7,1,0,0,,0,39 57:25.484,,0,75 09:21.199,0,0,0,0,67301,0,0,0,N,0,0,0,2,68K01,0,,1,1,,N,N,,0,,0,0,1,0,0,,704,0,2,0,0,0,0,0,3,4,0,2,3,,N,,,,,,,,,,,
2009048234,1737.0,1,0,0,0,0,0,0,0,0,1,0,,67,5,2009,6,39.9853,-75.2083,1727.0,6,0,0,0,0,0,0,0,1,,0,0,0,17,1,1,0,,0,39 59:10.837,,0,75 12:29.272,4,0,0,0,67301,0,0,0,N,0,0,0,3,68K01,1,,1,1,,N,N,,0,,0,0,1,0,0,,1723,1,2,0,0,0,0,0,3,4,0,2,3,,N,,,,,,,,,,,
2009023526,2029.0,5,0,0,0,0,0,0,0,0,1,0,,67,2,2009,6,39.9669,-75.188,2029.0,6,0,0,0,0,0,2,1,0,,0,0,0,20,3,0,0,,0,39 58:01.167,,0,75 11:17.443,0,0,0,0,67301,0,0,0,N,0,0,0,6,68K01,0,,1,1,,N,N,,0,,0,0,0,0,0,,2027,0,5,0,0,0,0,0,3,4,0,5,3,,N,,,,,,,,,,,
2009105789,1817.0,0,0,0,0,0,0,1,0,0,8,1,,67,10,2009,2,39.9511,-75.1536,1810.0,6,0,0,0,0,0,0,0,0,,0,0,0,15,1,1,1,,0,39 57:04.181,,0,75 09:12.842,4,0,0,0,67301,1,0,0,,1,0,0,2,67301,1,,2,1,,,,,0,,0,0,0,3,2,,1500,1,2,0,0,0,0,0,3,4,0,1,3,,N,,,,,,,,,,,
2009105808,755.0,2,0,0,0,0,0,0,0,0,4,0,,67,9,2009,4,39.9587,-75.1621,750.0,6,0,0,0,0,0,0,0,0,,0,0,0,7,1,1,1,,0,39 57:31.363,,0,75 09:43.712,8,0,0,0,67301,0,0,0,N,0,0,0,2,67301,0,,1,1,,N,N,,0,,0,0,0,0,0,,745,1,2,0,0,0,1,1,3,4,0,2,3,,N,,,,,,,,,,,
2009110197,1608.0,1,0,0,0,0,0,0,0,0,1,0,,67,10,2009,6,39.9502,-75.1834,1559.0,6,0,0,0,0,0,0,0,0,,0,0,0,15,1,4,0,,0,39 57:04.078,,0,75 10:58.049,4,0,0,0,67301,0,0,0,N,0,0,0,4,68K01,4,,1,9,,N,N,,0,,0,0,1,0,0,,1555,4,2,0,0,0,0,0,3,4,0,2,7,,N,,,,,,,,,,,
2009105549,1646.0,1,0,0,0,0,0,0,0,0,8,0,,67,10,2009,6,40.0257,-75.2243,1644.0,6,0,0,0,0,0,0,1,0,,0,0,0,16,1,1,0,,0,40 01:32.505,,0,75 13:27.314,4,0,0,0,67301,1,0,0,N,1,0,0,2,67301,1,,1,1,,N,N,,0,,0,0,0,0,0,,1630,1,2,0,0,1,0,0,3,4,0,1,3,,N,,,,,,,,,,,
2009105623,1732.0,2,0,0,0,0,0,0,0,0,4,0,,67,9,2009,7,39.9552,-75.2049,1730.0,6,0,0,0,0,1,1,0,0,,0,0,0,17,1,1,1,,0,39 57:18.640,,0,75 12:17.812,8,0,0,0,67301,0,0,0,N,0,0,0,3,67301,0,,1,1,,N,N,,0,,0,0,1,3,3,,1726,1,3,0,0,0,1,0,3,4,0,3,3,,N,,,,,,,,,,,
2009100709,1445.0,3,0,0,0,0,0,0,0,0,5,0,,67,9,2009,5,40.0523,-75.2015,1440.0,6,0,0,0,0,0,1,0,0,,0,0,0,14,1,0,1,,0,40 03:08.365,,0,75 12:05.193,0,0,0,0,67301,0,0,0,N,0,0,0,4,67301,0,,1,1,,N,N,,0,,0,0,0,3,3,,1405,0,3,0,0,0,0,0,3,4,0,3,3,,N,,,,,,,,,,,
2009132560,920.0,1,0,0,0,0,0,0,0,0,4,0,,67,12,2009,7,39.9438,-75.1427,855.0,6,0,0,0,0,0,0,0,0,,0,0,0,8,1,1,0,,0,39 56:38.065,,0,75 08:33.562,8,0,0,0,67301,0,0,0,N,0,0,0,2,68K01,0,,1,2,,N,N,,0,,0,0,0,0,0,,850,1,2,0,0,0,1,0,3,4,1,2,10,,N,,,,,,,,,,,
2009100457,756.0,1,0,0,0,0,0,0,0,0,7,0,,67,9,2009,4,39.8782,-75.2512,727.0,6,0,0,0,0,0,0,0,0,,0,0,0,7,1,0,0,,0,39 52:41.520,,0,75 15:04.320,0,0,0,0,67301,0,0,0,Y,0,0,0,1,68K03,0,,2,9,,N,N,,0,,0,0,0,0,0,,724,0,1,0,0,0,0,0,3,4,0,1,7,,N,,,,,,,,,,,
2009025823,646.0,1,0,0,0,0,0,0,0,0,4,0,,67,1,2009,1,40.0779,-75.1738,636.0,6,0,0,0,0,0,0,0,0,,0,0,0,6,5,0,0,,0,40 04:40.602,,0,75 10:25.669,0,0,0,0,67301,0,0,0,N,0,0,0,1,67301,0,,1,2,,N,N,,1,,0,0,0,0,0,,630,0,2,0,0,0,0,0,3,4,0,2,3,,N,,,,,,,,,,,
2009025163,1620.0,2,0,0,0,0,0,0,0,0,4,0,,67,1,2009,3,40.0565,-75.0721,1614.0,6,0,0,0,0,1,0,0,0,,0,0,0,16,1,2,0,,0,40 03:23.478,,0,75 04:19.713,4,0,0,0,67301,0,0,0,,0,0,0,2,67301,2,,1,9,,,,,0,,0,0,0,0,0,,1610,2,2,0,0,0,0,0,3,4,0,2,7,,N,,,,,,,,,,,
2009025198,811.0,1,0,0,0,0,0,0,0,0,8,0,,67,1,2009,2,39.9761,-75.2386,810.0,6,0,0,0,0,0,0,0,0,,0,0,0,6,3,1,1,,0,39 58:33.978,,0,75 14:18.941,8,0,0,0,67301,1,0,0,N,1,0,0,2,67301,0,,1,1,,N,N,,0,,0,0,0,3,2,,625,1,2,0,0,0,1,0,3,4,0,1,3,,N,,,,,,,,,,,
2009025446,1212.0,1,0,0,0,0,0,0,0,0,1,0,,67,1,2009,3,39.9705,-75.1477,1210.0,6,0,0,0,0,0,0,0,0,,0,0,0,12,1,1,0,,0,39 58:13.778,,0,75 08:51.925,4,0,0,0,67301,0,0,0,N,0,0,0,2,67301,1,,1,1,,N,N,,1,,0,0,0,0,0,,1205,1,3,0,0,0,0,1,3,4,1,3,3,,N,,,,,,,,,,,
2009025626,636.0,1,0,0,0,0,0,0,0,0,1,0,,67,1,2009,5,40.07,-75.0592,9999.0,6,0,0,0,0,0,0,0,0,,0,0,0,0,3,1,0,,0,40 04:12.082,,0,75 03:32.954,4,0,0,0,67301,0,0,0,N,0,0,0,1,67301,1,,5,1,,N,N,,1,,0,0,0,0,0,,29,1,2,0,0,1,0,0,3,4,0,2,3,,N,,,,,,,,,,,
2009025912,9999.0,3,0,0,0,0,0,0,0,0,1,0,,67,1,2009,7,39.9904,-75.1045,9999.0,6,0,0,0,0,0,1,0,0,,0,0,0,99,3,0,0,,0,39 59:25.465,,0,75 06:16.138,0,0,0,0,67301,0,0,0,N,0,0,0,1,67301,0,,6,1,,N,N,,0,,0,0,0,0,0,,9999,0,3,0,0,0,0,0,3,4,0,3,3,,N,,,,,,,,,,,
2009028467,2233.0,1,0,0,0,0,0,0,0,0,7,0,,67,1,2009,1,39.9421,-75.2387,2231.0,6,0,0,0,0,0,0,0,0,,0,0,0,22,3,1,2,,0,39 56:31.637,,0,75 14:19.356,4,0,0,0,67301,0,0,0,N,0,0,0,1,67301,1,,3,9,,N,N,,0,,0,0,0,0,0,,2230,1,1,0,0,0,0,0,3,4,0,1,98,,N,,,,,,,,,,,
2009030066,1244.0,1,0,0,1,0,0,0,0,0,4,0,,67,2,2009,2,39.9403,-75.1624,1240.0,6,0,0,0,0,0,0,0,0,,0,0,0,99,1,1,1,,0,39 56:25.224,,0,75 09:44.690,4,0,0,0,67301,1,0,0,N,0,0,0,2,67301,1,,1,1,,N,N,,0,,0,0,0,3,3,,9999,1,2,0,0,0,0,0,3,4,0,1,3,,N,,,,,,,,,,,
2009038114,800.0,1,0,0,0,0,0,0,0,0,8,0,,67,3,2009,7,40.0224,-75.0781,751.0,6,0,0,0,0,0,1,0,0,1.0,0,0,0,7,1,1,1,,1,40 01:20.463,1.0,0,75 04:41.286,8,0,0,0,67301,1,0,0,,1,0,0,2,67301,0,,1,9,,,,,0,,0,0,0,3,2,Y,749,1,2,0,0,1,1,0,3,4,0,1,98,,N,,,,,,,,,,,
2009038115,1600.0,2,0,0,0,0,0,0,0,0,1,0,,67,2,2009,3,40.0011,-75.1247,1600.0,6,0,0,0,0,0,1,0,0,,0,0,0,15,1,0,1,,0,40 00:03.986,,0,75 07:29.066,0,0,0,0,67301,0,0,0,N,0,0,0,2,67301,0,,1,1,,N,N,,1,,0,0,0,3,2,,1545,0,3,0,0,0,0,0,3,4,0,3,3,,N,,,,,,,,,,,
2009081862,1655.0,1,0,0,0,0,0,0,0,0,4,0,,67,7,2009,1,39.9056,-75.1752,1650.0,6,0,0,0,0,0,0,0,0,1.0,0,0,0,16,1,1,0,,1,39 54:20.141,3.0,7,75 10:30.576,4,0,0,0,67301,0,0,0,N,0,0,0,2,67301,1,,1,9,,N,N,,0,,0,0,0,0,0,Y,1645,1,2,0,0,0,0,1,3,4,0,2,3,,N,,,,,,,,,,,
2009084507,225.0,2,0,0,0,0,0,0,0,0,1,0,,67,8,2009,7,39.967,-75.1882,218.0,6,0,0,0,0,0,0,0,0,1.0,0,0,0,2,3,0,0,,1,39 58:00.840,3.0,0,75 11:17.160,0,0,0,0,67301,0,0,0,N,0,0,0,6,68K01,0,,1,1,,N,N,,0,,0,0,1,0,0,N,215,0,3,0,0,0,0,0,3,4,0,3,3,,N,,,,,,,,,,,
2009110484,1427.0,2,0,0,0,0,0,0,0,0,1,0,,67,10,2009,2,39.9844,-75.096,1413.0,6,0,0,0,0,0,0,0,0,,0,0,0,14,1,1,0,,0,39 59:03.681,,0,75 05:45.989,8,0,0,0,67301,0,0,0,N,0,0,0,5,68K01,0,,1,1,,N,N,,0,,0,0,0,0,0,,1410,1,2,0,0,0,1,0,3,4,0,2,3,,N,,,,,,,,,,,
2009044194,2123.0,2,0,0,0,0,0,0,0,0,4,0,,67,3,2009,2,40.0666,-75.0511,2121.0,6,0,0,0,0,0,0,1,1,2.0,0,0,0,21,3,2,5,,1,40 03:59.677,1.0,0,75 03:04.085,8,0,0,0,67301,0,0,0,N,0,0,0,4,67301,0,,1,1,,N,N,,0,,0,0,0,2,2,Y,2115,2,2,0,0,0,2,0,3,4,0,2,3,,N,,,,,,,,,,,
2009044288,2105.0,2,0,0,0,0,0,0,0,0,5,0,,67,3,2009,2,40.0442,-75.1627,2055.0,6,0,0,0,0,0,0,0,0,,0,0,0,19,3,0,1,,0,40 02:39.088,,0,75 09:45.868,9,0,0,0,67301,0,0,0,N,0,0,0,1,67301,0,,1,1,,N,N,,0,,0,0,0,3,2,,1945,0,2,0,0,1,0,1,3,4,0,2,3,,N,,,,,,,,,,,
2009049549,1805.0,2,0,0,0,0,0,0,0,0,4,0,,67,4,2009,4,40.0267,-75.0563,1759.0,6,0,0,0,0,0,0,0,0,,0,0,0,17,1,0,1,,0,40 01:36.120,,0,75 03:22.680,0,0,0,0,67301,0,0,0,N,0,0,0,3,67301,0,,1,9,,N,N,,0,,0,0,0,3,3,,1700,0,2,0,0,0,0,0,3,4,0,2,7,,N,,,,,,,,,,,
2009048773,1147.0,1,0,0,0,0,0,0,0,0,8,0,,67,4,2009,1,39.9866,-75.1712,1144.0,6,0,0,0,0,0,0,0,0,,0,0,0,11,1,1,1,,0,39 59:11.857,,0,75 10:16.377,4,0,0,0,67301,1,0,0,N,1,0,0,2,67301,1,,1,1,,N,N,,0,,0,0,0,3,2,,1144,1,2,0,0,0,0,0,3,4,0,1,3,,N,,,,,,,,,,,
2009124970,810.0,2,0,0,0,0,0,0,0,0,1,0,,67,11,2009,2,39.9308,-75.1803,808.0,6,0,0,0,0,0,0,0,0,,0,0,0,8,1,2,0,,0,39 55:50.783,,0,75 10:49.211,4,0,0,0,67301,1,0,0,N,0,0,0,3,67301,1,,2,1,,N,N,,0,,0,0,1,3,2,,800,2,3,0,0,0,1,0,3,4,0,3,3,,N,,,,,,,,,,,