CRN,ARRIVAL_TM,AUTOMOBILE_COUNT,BELTED_DEATH_COUNT,BELTED_SUSP_SERIOUS_INJ_COUNT,BICYCLE_COUNT,BICYCLE_DEATH_COUNT,BICYCLE_SUSP_SERIOUS_INJ_COUNT,BUS_COUNT,CHLDPAS_DEATH_COUNT,CHLDPAS_SUSP_SERIOUS_INJ_COUNT,COLLISION_TYPE,COMM_VEH_COUNT,CONS_ZONE_SPD_LIM,COUNTY,CRASH_MONTH,CRASH_YEAR,DAY_OF_WEEK,DEC_LAT,DEC_LONG,DISPATCH_TM,DISTRICT,DRIVER_COUNT_16YR,DRIVER_COUNT_17YR,DRIVER_COUNT_18YR,DRIVER_COUNT_19YR,DRIVER_COUNT_20YR,DRIVER_COUNT_50_64YR,DRIVER_COUNT_65_74YR,DRIVER_COUNT_75PLUS,EST_HRS_CLOSED,FATAL_COUNT,HEAVY_TRUCK_COUNT,HORSE_BUGGY_COUNT,HOUR_OF_DAY,ILLUMINATION,INJURY_COUNT,INTERSECT_TYPE,INTERSECTION_RELATED,LANE_CLOSED,LATITUDE,LN_CLOSE_DIR,LOCATION_TYPE,LONGITUDE,MAX_SEVERITY_LEVEL,MCYCLE_DEATH_COUNT,MCYCLE_SUSP_SERIOUS_INJ_COUNT,MOTORCYCLE_COUNT,MUNICIPALITY,NONMOTR_COUNT,NONMOTR_DEATH_COUNT,NONMOTR_SUSP_SERIOUS_INJ_COUNT,NTFY_HIWY_MAINT,PED_COUNT,PED_DEATH_COUNT,PED_SUSP_SERIOUS_INJ_COUNT,PERSON_COUNT,POLICE_AGCY,POSSIBLE_INJ_COUNT,RDWY_SURF_TYPE_CD,RELATION_TO_ROAD,ROAD_CONDITION,ROADWAY_CLEARED,SCH_BUS_IND,SCH_ZONE_IND,SECONDARY_CRASH,SMALL_TRUCK_COUNT,SPEC_JURIS_CD,SUSP_MINOR_INJ_COUNT,SUSP_SERIOUS_INJ_COUNT,SUV_COUNT,TCD_FUNC_CD,TCD_TYPE,TFC_DETOUR_IND,TIME_OF_DAY,TOT_INJ_COUNT,TOTAL_UNITS,UNB_DEATH_COUNT,UNB_SUSP_SERIOUS_INJ_COUNT,UNBELTED_OCC_COUNT,UNK_INJ_DEG_COUNT,UNK_INJ_PER_COUNT,URBAN_AREA,URBAN_RURAL,VAN_COUNT,VEHICLE_COUNT,WEATHER1,WEATHER2,WORK_ZONE_IND,WORK_ZONE_LOC,WORK_ZONE_TYPE,WORKERS_PRES,WZ_CLOSE_DETOUR,WZ_FLAGGER,WZ_LAW_OFFCR_IND,WZ_LN_CLOSURE,WZ_MOVING,WZ_OTHER,WZ_SHLDER_MDN,WZ_WORKERS_INJ_KILLED
2009124986,650.0,2,0,0,0,0,0,0,0,0,7,0,,67,11,2009,6,40.0177,-75.1722,630.0,6,0,0,0,0,0,0,0,0,,0,0,0,6,1,2,0,,0,40 01:03.571,,0,75 10:19.950,4,0,0,0,67301,0,0,0,N,0,0,0,3,67301,2,,2,9,,,,,0,,0,0,0,0,0,,630,2,2,0,0,0,0,0,3,4,0,2,7,,N,,,,,,,,,,,
2009033756,1823.0,2,0,0,0,0,0,0,0,0,1,0,,67,3,2009,5,39.9935,-75.0846,1817.0,6,0,0,0,0,0,0,0,0,1.0,0,0,0,18,1,2,0,,1,39 59:36.991,1.0,0,75 05:04.372,3,0,0,0,67301,0,0,0,N,0,0,0,4,68K01,0,,1,1,,N,N,,0,,2,0,0,0,0,N,1813,2,2,0,0,0,0,0,3,4,0,2,3,,N,,,,,,,,,,,
2009033825,1345.0,1,0,0,0,0,0,0,0,0,2,0,,67,1,2009,3,40.0327,-75.0722,1337.0,6,0,0,0,1,0,1,0,0,,0,0,0,13,1,0,1,,0,40 01:57.808,,0,75 04:19.925,0,0,0,0,67301,0,0,0,,0,0,0,3,67301,0,,1,1,,,,,0,,0,0,1,3,2,,1324,0,3,0,0,0,0,0,3,4,1,3,3,,N,,,,,,,,,,,
2009125064,1710.0,0,0,0,0,0,0,0,0,0,8,0,,67,11,2009,2,39.9881,-75.1276,1705.0,6,0,0,0,0,0,0,0,0,,0,0,0,16,4,1,0,,0,39 59:17.077,,0,75 07:39.324,4,0,0,0,67301,1,0,0,,1,0,0,2,67301,1,,1,1,,,,,1,,0,0,0,0,0,,1658,1,2,0,0,0,0,0,3,4,0,1,3,,N,,,,,,,,,,,
2009050921,1935.0,2,0,0,0,0,0,0,0,0,4,0,,67,4,2009,1,39.9042,-75.1646,1929.0,6,0,0,0,0,0,1,0,0,2.0,0,0,0,19,1,1,1,,1,39 54:15.296,4.0,0,75 09:52.610,4,0,0,0,67301,0,0,0,,0,0,0,3,67301,1,,1,1,,N,N,,0,,0,0,0,3,1,Y,1929,1,2,0,0,0,0,0,3,4,0,2,3,,N,,,,,,,,,,,
2009048626,1739.0,2,0,0,0,0,0,0,0,0,4,0,,67,3,2009,1,39.9408,-75.1727,1735.0,6,0,0,0,0,0,0,0,0,,0,0,0,17,1,11,2,,0,39 56:26.991,,0,75 10:21.593,8,0,0,0,67301,0,0,0,N,0,0,0,11,67301,0,,1,1,,N,N,,1,,0,0,0,9,2,,1735,11,3,0,0,9,11,0,3,4,0,3,3,,N,,,,,,,,,,,
2009048641,1230.0,2,0,0,0,0,0,0,0,0,4,0,,67,4,2009,4,40.0705,-75.1552,1213.0,6,0,0,0,0,0,1,0,0,,0,0,0,12,1,1,2,,0,40 04:13.794,,0,75 09:18.678,4,0,0,0,67301,0,0,0,N,0,0,0,2,67301,1,,1,9,,N,N,,0,,0,0,0,3,3,,1210,1,2,0,0,0,0,0,3,4,0,2,7,,N,,,,,,,,,,,
2009048660,1652.0,3,0,0,0,0,0,0,0,0,4,0,,67,3,2009,7,39.9509,-75.2307,1650.0,6,0,0,0,0,0,1,0,0,,0,0,0,16,1,0,1,,0,39 57:03.319,,0,75 13:50.365,0,0,0,0,67301,0,0,0,N,0,0,0,2,67301,0,,1,1,,N,N,,0,,0,0,0,3,2,,1645,0,3,0,0,0,0,0,3,4,0,3,3,,N,,,,,,,,,,,
2009038690,710.0,1,0,0,0,0,0,1,0,0,5,1,,67,2,2009,2,40.0324,-75.0809,651.0,6,0,0,0,0,0,0,0,0,1.0,0,0,0,6,1,0,1,,1,40 01:59.306,2.0,0,75 04:48.302,0,0,0,0,67301,0,0,0,N,0,0,0,2,67301,0,,1,1,,N,N,,0,,0,0,0,3,2,N,651,0,2,0,0,0,0,0,3,4,0,2,3,,N,,,,,,,,,,,
2009124843,1958.0,1,0,0,0,0,0,0,0,0,1,0,,67,11,2009,5,40.0108,-75.0783,1954.0,6,0,0,0,0,0,1,0,0,,0,0,0,99,2,1,2,,0,40 00:38.602,,7,75 04:42.648,4,0,0,0,67301,0,0,0,N,0,0,0,4,67301,1,,1,9,,N,N,,1,,0,0,1,9,2,,9999,1,3,0,0,0,0,0,3,4,0,3,7,,N,,,,,,,,,,,
2009038876,9999.0,2,0,0,0,0,0,0,0,0,1,0,,67,2,2009,4,40.0845,-74.9737,2037.0,6,0,0,0,0,0,1,0,0,,0,0,0,99,3,3,1,,0,40 05:03.950,,0,74 58:25.287,4,0,0,0,67301,0,0,0,N,0,0,0,3,67301,3,,1,1,,N,N,,1,,0,0,0,3,2,,9999,3,3,0,0,0,0,0,3,4,0,3,3,,N,,,,,,,,,,,
2009048721,852.0,3,0,0,0,0,0,0,0,0,1,0,,67,4,2009,5,40.0285,-75.0913,848.0,6,0,0,0,0,0,0,0,0,2.0,0,0,0,8,1,0,2,,2,40 01:42.750,2.0,0,75 05:28.528,9,0,0,0,67301,0,0,0,,0,0,0,3,67301,0,,1,1,,,,,0,,0,0,0,3,3,Y,846,0,3,0,0,0,0,1,3,4,0,3,3,,N,,,,,,,,,,,
2009008278,1809.0,0,0,1,0,0,0,0,0,0,7,0,,67,1,2009,5,39.9966,-75.081,1806.0,6,0,0,0,0,0,0,0,0,,0,0,0,18,2,1,0,,0,39 59:45.217,,2,75 04:53.825,2,0,0,0,67301,0,0,0,Y,0,0,0,1,68K01,0,,5,1,,N,N,,1,,0,1,0,0,0,,1805,1,1,0,0,0,0,0,3,4,0,1,3,,N,,,,,,,,,,,
2009026072,1500.0,2,0,0,0,0,0,0,0,0,5,0,,67,1,2009,5,39.9093,-75.173,1500.0,6,0,0,0,1,0,1,0,0,1.0,0,0,0,15,1,1,2,,1,39 54:33.480,1.0,0,75 10:22.800,8,0,0,0,67301,0,0,0,N,0,0,0,2,67301,0,,1,1,,N,N,,0,,0,0,0,3,2,N,1500,1,3,0,0,0,1,0,3,4,0,2,3,,N,,,,,,,,,,,
2009026075,1706.0,1,0,0,0,0,0,0,0,0,1,0,,67,1,2009,6,40.1037,-74.9834,1704.0,6,0,0,0,0,0,0,0,0,,0,0,0,16,4,1,1,,0,40 06:13.357,,0,74 59:00.306,8,0,0,0,67301,0,0,0,N,0,0,0,2,67301,0,,1,1,,N,N,,0,,0,0,1,3,2,,1634,1,2,0,0,0,1,0,3,4,0,2,3,,N,,,,,,,,,,,
2009026084,2348.0,1,0,0,0,0,0,0,0,0,8,0,,67,1,2009,5,39.9702,-75.1597,2334.0,6,0,0,0,0,0,0,0,0,,0,0,0,23,3,1,5,,0,39 58:12.851,,0,75 09:35.189,3,0,0,0,67301,1,0,0,N,1,0,0,4,67301,0,,1,1,,N,N,,0,,1,0,0,2,2,,2334,1,2,0,0,0,0,0,3,4,0,1,3,,N,,,,,,,,,,,
2009045103,231.0,1,0,0,0,0,0,0,0,0,1,1,,67,4,2009,3,40.0367,-75.0143,224.0,6,0,0,0,0,0,0,1,0,1.0,0,1,0,2,3,2,0,,1,40 02:12.972,1.0,0,75 00:48.831,3,0,0,0,67301,0,0,0,N,0,0,0,3,68K01,0,,1,9,,N,N,,0,,2,0,0,0,0,N,221,2,2,0,0,0,0,0,3,4,0,2,7,,N,,,,,,,,,,,
2009044883,9999.0,6,0,0,0,0,0,0,0,0,4,0,,67,3,2009,6,40.0221,-75.1253,1555.0,6,0,0,0,0,0,0,0,1,,0,0,0,15,1,1,0,,0,40 01:19.519,,7,75 07:31.225,4,0,0,0,67301,0,0,0,,0,0,0,2,67301,1,,1,1,,,,,0,,0,0,0,0,0,,1530,1,6,0,0,0,0,0,3,4,0,6,3,,N,,,,,,,,,,,
2009050876,107.0,3,0,0,0,0,0,0,0,0,5,0,,67,4,2009,6,39.955,-75.21,58.0,6,0,0,0,0,0,0,0,0,,0,0,0,0,3,1,1,,0,39 57:18.160,,0,75 12:35.978,4,0,0,0,67301,0,0,0,N,0,0,0,4,67301,1,,1,1,,N,N,,0,,0,0,0,3,2,,55,1,3,0,0,4,0,0,3,4,0,3,3,,N,,,,,,,,,,,
2009105793,35.0,1,0,0,0,0,0,0,0,0,8,0,,67,10,2009,3,39.9939,-75.1303,35.0,6,0,0,0,0,0,0,0,0,,0,0,0,0,2,1,0,,0,39 59:37.937,,0,75 07:49.004,3,0,0,0,67301,1,0,0,N,1,0,0,2,67301,0,,1,1,,N,N,,0,,1,0,0,0,0,,30,1,2,0,0,0,0,0,3,4,0,1,3,,N,,,,,,,,,,,
2009105800,620.0,2,0,0,0,0,0,0,0,0,1,0,,67,9,2009,4,39.9562,-75.1774,615.0,6,0,0,0,0,0,1,0,0,,0,0,0,6,3,2,2,,0,39 57:22.190,,0,75 10:38.582,8,0,0,0,67301,0,0,0,N,0,0,0,3,67301,0,,1,1,,N,N,,0,,0,0,0,3,3,,614,2,2,0,0,0,2,0,3,4,0,2,3,,N,,,,,,,,,,,
2009105531,1611.0,3,0,0,0,0,0,0,0,0,6,0,,67,9,2009,7,39.9756,-75.1325,1607.0,6,0,0,0,0,0,0,0,0,2.0,0,0,0,16,1,0,0,,1,39 58:32.155,5.0,0,75 07:56.990,0,0,0,0,67301,0,0,0,,0,0,0,4,67301,0,,6,1,,,,,1,,0,0,0,0,0,Y,1604,0,4,0,0,0,0,0,3,4,0,4,3,,N,,,,,,,,,,,
2009105542,44.0,3,0,0,0,0,0,0,0,0,5,0,,67,10,2009,2,40.0714,-75.2416,41.0,6,0,0,0,0,0,0,0,0,,0,0,0,0,3,0,0,,0,40 04:17.558,,0,75 14:30.119,0,0,0,0,67301,0,0,0,N,0,0,0,1,67301,0,,6,1,,N,N,,0,,0,0,0,0,0,,35,0,3,0,0,1,0,0,3,4,0,3,3,,N,,,,,,,,,,,
2009101015,12.0,1,0,0,0,0,0,0,0,0,4,0,,67,9,2009,5,40.0472,-75.1282,10.0,6,0,0,0,0,0,0,0,0,,0,0,0,0,3,2,1,,0,40 02:49.833,,0,75 07:41.343,3,0,0,0,67301,0,0,0,N,0,0,0,2,67301,0,,1,1,,N,N,,0,,2,0,1,3,2,,5,2,2,0,0,0,0,0,3,4,0,2,3,,N,,,,,,,,,,,
2009099990,1126.0,1,0,0,1,0,0,0,0,0,5,0,,67,9,2009,1,39.9339,-75.1654,1122.0,6,0,0,0,0,0,0,0,0,,0,0,0,11,1,1,1,,0,39 56:01.932,,0,75 09:55.547,4,0,0,0,67301,1,0,0,,0,0,0,3,67301,1,,1,9,,,,,0,,0,0,0,0,0,,1120,1,2,0,0,0,0,0,3,4,0,1,3,,N,,,,,,,,,,,
2009100170,1300.0,0,0,0,0,0,0,1,0,0,8,1,,67,9,2009,6,39.9222,-75.1664,1300.0,6,0,0,0,0,0,0,0,0,,0,0,0,17,1,1,0,,0,39 55:20.043,,0,75 09:59.035,4,0,0,0,67301,1,0,0,,1,0,0,2,67301,1,,1,9,,,,,0,,0,0,0,0,0,,1706,1,2,0,0,0,0,0,3,4,0,1,7,,N,,,,,,,,,,,
2009105645,1143.0,1,0,0,0,0,0,0,0,0,4,0,,67,9,2009,2,39.914,-75.1499,1143.0,6,0,0,0,0,0,1,0,0,,0,0,0,11,1,0,1,,0,39 54:50.431,,0,75 08:59.775,0,0,0,0,67301,0,0,0,N,0,0,0,3,67301,0,,1,1,,N,N,,0,,0,0,1,3,2,,1143,0,2,0,0,0,0,0,3,4,0,2,3,,N,,,,,,,,,,,
2009100714,1243.0,1,0,0,0,0,0,0,0,0,8,0,,67,9,2009,4,40.0014,-75.1391,1243.0,6,0,0,0,0,0,0,0,0,,0,0,0,11,1,1,0,,0,40 00:05.171,,0,75 08:20.935,3,0,0,0,67301,1,0,0,N,1,0,0,2,67301,0,,1,1,,N,N,,0,,1,0,0,0,0,,1120,1,2,0,0,0,0,1,3,4,0,1,3,,N,,,,,,,,,,,
2009100732,1435.0,2,0,0,0,0,0,0,0,0,4,0,,67,9,2009,1,,,1430.0,6,0,0,0,0,0,0,0,0,,0,0,0,14,1,1,0,,0,,,0,,3,0,0,0,67301,0,0,0,N,0,0,0,2,67301,0,,1,1,,N,N,,0,,1,0,0,0,0,,1427,1,2,0,0,0,0,0,3,3,0,2,3,,N,,,,,,,,,,,
2009100779,732.0,1,0,0,0,0,0,0,0,0,5,0,,67,9,2009,1,39.9699,-75.1431,732.0,6,0,0,0,0,0,0,0,0,,0,0,0,7,1,2,1,,0,39 58:11.935,,0,75 08:34.897,4,0,0,0,67301,0,0,0,N,0,0,0,3,67301,2,,1,1,,N,N,,0,,0,0,1,3,2,,732,2,2,0,0,0,0,0,3,4,0,2,3,,N,,,,,,,,,,,
2009100780,2158.0,1,0,0,0,0,0,0,0,0,4,0,,67,9,2009,4,39.9644,-75.1343,2155.0,6,0,0,0,0,2,0,0,0,2.0,0,0,0,21,3,1,3,,2,39 57:51.984,2.0,0,75 08:03.331,3,0,0,1,67301,0,0,0,N,0,0,0,4,67301,0,,1,1,,N,N,,0,,1,0,0,3,2,Y,2155,1,2,0,0,0,0,0,3,4,0,2,3,,N,,,,,,,,,,,
2009132543,1757.0,0,0,0,0,0,0,0,0,0,5,1,,67,12,2009,3,40.0239,-75.0327,1751.0,6,0,0,0,0,0,0,0,0,,0,1,0,17,2,0,0,,0,40 01:25.823,,0,75 01:57.520,0,0,0,0,67301,0,0,0,N,0,0,0,2,68K01,0,,1,1,,N,N,,0,,0,0,1,0,0,,1749,0,2,0,0,0,0,0,3,4,0,2,3,,N,,,,,,,,,,,
2009100812,1439.0,2,0,0,0,0,0,0,0,0,1,0,,67,9,2009,5,40.058,-75.1391,1400.0,6,0,0,0,1,0,0,0,0,,0,0,0,99,1,1,1,,0,40 03:28.841,,0,75 08:20.620,4,0,0,0,67301,0,0,0,N,0,0,0,2,67301,1,,1,1,,N,N,,0,,0,0,0,3,2,,9999,1,2,0,0,0,0,0,3,4,0,2,3,,N,,,,,,,,,,,
2009100822,1730.0,1,0,0,0,0,0,0,0,0,4,0,,67,9,2009,6,40.0368,-75.0692,1720.0,6,0,0,0,0,0,0,0,0,,0,0,0,17,4,1,1,,0,40 02:12.433,,0,75 04:09.245,4,0,0,0,67301,0,0,0,N,0,0,0,2,67301,1,,1,9,,N,N,,0,,0,0,0,3,3,,1714,1,2,0,0,0,0,0,3,4,1,2,7,,N,,,,,,,,,,,
2009100824,1840.0,3,0,0,0,0,0,0,0,0,1,0,,67,9,2009,4,40.0418,-75.1124,1835.0,6,0,0,0,0,0,2,0,0,1.0,0,0,0,18,4,2,2,,2,40 02:30.370,6.0,0,75 06:44.466,3,0,0,0,67301,0,0,0,,0,0,0,4,67301,0,,1,1,,,,,0,,2,0,0,0,0,Y,1825,2,3,0,0,0,0,0,3,4,0,3,3,,N,,,,,,,,,,,
2009086851,1610.0,1,0,0,0,0,0,0,0,0,1,0,,67,8,2009,4,39.9833,-75.098,1606.0,6,0,0,0,0,0,1,0,0,1.0,0,0,0,16,1,1,0,,2,39 59:00.240,1.0,0,75 05:52.080,3,0,0,0,67301,0,0,0,N,0,0,0,2,68K01,0,,1,1,,N,N,,1,,1,0,0,0,0,Y,1603,1,2,0,0,0,0,0,3,4,0,2,3,,N,,,,,,,,,,,
2009080033,1155.0,1,0,0,0,0,0,0,0,0,7,0,,67,8,2009,1,39.9242,-75.1474,1151.0,6,0,0,0,0,0,0,0,0,,0,0,0,11,1,0,0,,0,39 55:26.760,,0,75 08:50.640,0,0,0,0,67301,0,0,0,N,0,0,0,1,68K01,0,,2,8,,N,N,,0,,0,0,0,0,0,,1149,0,1,0,0,0,0,0,3,4,0,1,7,,N,,,,,,,,,,,
2009100618,840.0,1,0,0,0,0,0,0,0,0,4,0,,67,9,2009,4,40.0246,-75.2082,830.0,6,0,0,0,0,1,0,0,0,,0,0,0,7,1,0,1,,0,40 01:28.875,,0,75 12:29.565,0,0,0,0,67301,0,0,0,,0,0,0,2,67301,0,,1,1,,N,N,,0,,0,0,1,3,3,,729,0,2,0,0,0,0,0,3,4,0,2,3,,N,,,,,,,,,,,
2009100624,624.0,2,0,0,0,0,0,0,0,0,4,0,,67,9,2009,4,39.9179,-75.1793,620.0,6,0,0,0,0,0,0,1,0,,0,0,0,6,1,2,1,,0,39 55:04.486,,0,75 10:45.530,4,0,0,0,67301,0,0,0,,0,0,0,2,67301,1,,1,1,,,,,0,,0,0,0,3,2,,615,2,2,0,0,0,1,0,3,4,0,2,3,,N,,,,,,,,,,,
2009105963,1435.0,1,0,0,0,0,0,0,0,0,7,0,,67,9,2009,1,40.0171,-75.2024,1412.0,6,0,0,0,0,0,1,0,0,1.0,0,0,0,14,1,1,0,,2,40 01:01.490,1.0,0,75 12:08.570,8,0,0,0,67301,0,0,0,N,0,0,0,1,67301,0,,2,9,,N,N,,0,,0,0,0,0,0,N,1411,1,1,0,0,0,1,0,3,4,0,1,7,,N,,,,,,,,,,,
2009100651,1522.0,0,0,0,0,0,0,0,0,0,2,0,,67,9,2009,6,39.9666,-75.1604,1518.0,6,0,0,0,0,0,1,0,0,,0,0,0,15,1,1,1,,0,39 57:59.738,,0,75 09:37.523,4,0,0,0,67301,0,0,0,N,0,0,0,2,67301,1,,1,1,,N,N,,1,,0,0,1,3,2,,1500,1,2,0,0,0,0,0,3,4,0,2,3,,N,,,,,,,,,,,
2009105989,837.0,1,0,0,0,0,0,0,0,0,7,0,,67,9,2009,1,40.0368,-75.1874,836.0,6,0,0,0,0,0,0,0,0,2.0,0,0,0,8,1,1,0,,2,40 02:12.600,6.0,0,75 11:14.631,4,0,0,0,67301,0,0,0,N,0,0,0,1,67301,1,,4,9,,N,N,,0,,0,0,0,0,0,Y,836,1,1,0,0,0,0,0,3,4,0,1,7,,N,,,,,,,,,,,
2009106033,2010.0,1,0,0,1,0,0,0,0,0,4,0,,67,9,2009,6,40.0039,-75.1707,2005.0,6,0,0,0,0,0,0,1,0,,0,0,0,99,3,1,1,,0,40 00:13.989,,0,75 10:14.382,8,0,0,0,67301,1,0,0,N,0,0,0,2,67301,0,,1,1,,N,N,,0,,0,0,0,3,2,,9999,1,2,0,0,0,1,0,3,4,0,1,3,,N,,,,,,,,,,,
2009049516,1421.0,1,0,0,0,0,0,0,0,0,4,0,,67,4,2009,1,39.9883,-75.1355,1420.0,6,0,0,0,1,0,0,0,0,,0,0,0,13,1,2,1,,0,39 59:17.962,,0,75 08:07.915,3,0,0,0,67301,0,0,0,,0,0,0,3,67301,1,,1,1,,,,,0,,1,0,1,3,2,,1330,2,2,0,0,0,0,1,3,4,0,2,3,,N,,,,,,,,,,,
2009049519,1431.0,1,0,0,0,0,0,0,0,0,4,0,,67,4,2009,3,39.9763,-75.1197,1430.0,6,0,0,0,0,1,1,0,0,,0,0,0,14,1,1,1,,0,39 58:38.670,,0,75 07:09.276,4,0,0,1,67301,0,0,0,,0,0,0,2,67301,1,,1,1,,N,N,,0,,0,0,0,3,2,,1427,1,2,0,0,0,0,0,3,4,0,2,3,,N,,,,,,,,,,,
2009017218,105.0,1,0,0,0,0,0,0,0,0,7,0,,67,1,2009,4,39.9648,-75.1854,55.0,6,0,0,0,0,0,0,0,0,1.0,0,0,0,0,3,1,0,,1,39 57:53.977,3.0,0,75 11:07.947,4,0,0,0,67301,0,0,0,N,0,0,0,1,68K01,1,,2,1,,N,N,,0,,0,0,0,0,0,N,53,1,1,0,0,0,0,0,3,4,0,1,3,,N,,,,,,,,,,,
2009022434,2146.0,1,0,0,0,0,0,0,0,0,7,0,,67,2,2009,6,39.8846,-75.2442,2138.0,6,0,0,0,0,0,0,0,0,1.0,0,0,0,21,3,0,0,,1,39 53:04.330,2.0,0,75 14:39.089,0,0,0,0,67301,0,0,0,Y,0,0,0,1,68K01,0,,2,1,,N,N,,0,,0,0,0,0,0,N,2136,0,1,0,0,0,0,0,3,4,0,1,3,,N,,,,,,,,,,,
2009007674,1416.0,0,0,0,0,0,0,0,0,0,1,0,,67,1,2009,4,39.9492,-75.1851,1410.0,6,0,0,0,0,0,1,0,0,1.0,0,0,0,14,1,0,0,,2,39 56:56.760,3.0,2,75 11:06.720,0,0,0,0,67301,0,0,0,N,0,0,0,2,68K01,0,,1,9,,N,N,,1,,0,0,1,3,2,N,1408,0,2,0,0,0,0,0,3,4,0,2,7,,N,,,,,,,,,,,
2009049410,848.0,0,0,0,0,0,0,0,0,0,4,0,,67,4,2009,6,39.9707,-75.1541,844.0,6,0,0,0,0,1,0,0,0,,0,0,0,8,1,0,1,,0,39 58:14.535,,0,75 09:14.824,0,0,0,0,67301,0,0,0,,0,0,0,2,67301,0,,1,9,,,,,0,,0,0,2,3,2,,844,0,2,0,0,0,0,0,3,4,0,2,7,,N,,,,,,,,,,,
2009048778,2013.0,2,0,0,0,0,0,0,0,0,4,0,,67,4,2009,2,39.9556,-75.234,2013.0,6,0,0,1,0,0,0,0,0,2.0,0,0,0,20,3,2,1,,1,39 57:20.098,3.0,0,75 14:02.378,4,0,0,0,67301,0,0,0,N,0,0,0,6,67301,1,,1,1,,N,N,,0,,0,0,0,3,2,N,2010,2,2,0,0,0,1,0,3,4,0,2,3,,N,,,,,,,,,,,
2009124848,1600.0,1,0,0,0,0,0,1,0,0,4,1,,67,11,2009,5,40.0568,-75.1721,1540.0,6,0,0,0,0,0,0,0,0,,0,0,0,15,1,1,1,,0,40 03:24.343,,0,75 10:19.527,3,0,0,0,67301,0,0,0,N,0,0,0,15,67301,0,,1,1,,Y,N,,0,,1,0,0,3,3,,1530,1,2,0,0,0,0,14,3,4,0,2,3,,N,,,,,,,,,,,
2009124942,1211.0,2,0,0,0,0,0,0,0,0,4,0,,67,11,2009,1,39.9435,-75.2353,1209.0,6,0,0,0,0,0,0,0,0,,0,0,0,99,3,3,1,,0,39 56:36.621,,0,75 14:06.917,3,0,0,0,67301,0,0,0,N,0,0,0,3,67301,2,,1,1,,N,N,,0,,1,0,0,3,3,,9999,3,2,0,0,1,0,0,3,4,0,2,3,,N,,,,,,,,,,,
2009125068,1740.0,4,0,0,0,0,0,0,0,0,1,0,,67,11,2009,2,40.04,-75.0587,1735.0,6,0,0,0,0,0,1,0,0,2.0,0,0,0,17,3,2,0,,2,40 02:23.818,1.0,0,75 03:31.386,4,0,0,0,67301,0,0,0,N,0,0,0,4,67301,1,,1,1,,N,N,,0,,0,0,0,3,2,N,1734,2,4,0,0,1,1,0,3,4,0,4,3,,N,,,,,,,,,,,
2009038964,2133.0,2,0,0,0,0,0,0,0,0,4,0,,67,1,2009,3,39.9562,-75.1941,2130.0,6,0,0,0,0,0,1,0,0,2.0,0,0,0,21,3,1,1,,2,39 57:22.144,3.0,0,75 11:38.869,3,0,0,0,67301,0,0,0,N,0,0,0,3,67301,0,,1,1,,N,N,,0,,1,0,0,3,2,Y,2129,1,2,0,0,0,0,0,3,4,0,2,3,,N,,,,,,,,,,,
2009038968,2342.0,1,0,0,0,0,0,0,0,0,7,0,,67,2,2009,3,40.0765,-75.0823,2320.0,6,0,0,0,0,1,0,0,0,,0,0,0,23,3,0,0,,0,40 04:35.387,,0,75 04:56.078,0,0,0,0,67301,0,0,0,N,0,0,0,1,67301,0,,5,1,,N,N,,0,,0,0,0,0,0,,2310,0,1,0,0,0,0,0,3,4,0,1,3,,N,,,,,,,,,,,
2009048623,1355.0,2,0,0,0,0,0,0,0,0,4,0,,67,2,2009,7,39.9657,-75.2451,1354.0,6,0,0,0,0,0,0,0,0,,0,0,0,13,1,3,2,,0,39 57:56.462,,0,75 14:42.327,4,0,0,0,67301,0,0,0,N,0,0,0,4,67301,3,,1,1,,N,N,,0,,0,0,0,3,3,,1340,3,2,0,0,0,0,0,3,4,0,2,3,,N,,,,,,,,,,,
2009048627,1241.0,1,0,0,0,0,0,0,0,0,7,0,,67,4,2009,5,39.979,-75.1892,1239.0,6,0,0,0,0,0,0,0,0,,0,0,0,12,1,1,0,,0,39 58:43.519,,0,75 11:21.338,4,0,0,0,67301,0,0,0,,0,0,0,2,67301,1,,5,1,,,,,0,,0,0,0,0,0,,1235,1,1,0,0,0,0,0,3,4,0,1,3,,N,,,,,,,,,,,
2009125072,730.0,1,0,0,0,0,0,0,0,0,4,0,,67,11,2009,4,39.9578,-75.1911,730.0,6,0,0,0,1,0,0,0,0,2.0,0,0,0,7,1,0,2,,1,39 57:28.256,2.0,0,75 11:27.797,0,0,0,0,67301,0,0,0,N,0,0,0,2,67301,0,,1,1,,N,N,,0,,0,0,1,0,0,N,725,0,2,0,0,0,0,0,3,4,0,2,3,,N,,,,,,,,,,,
2009125074,1959.0,1,0,0,0,0,0,0,0,0,1,0,,67,11,2009,6,40.0088,-75.1386,1953.0,6,0,0,0,0,0,0,0,0,,0,0,0,99,3,1,1,,0,40 00:31.604,,0,75 08:18.833,4,0,0,0,67301,0,0,0,,0,0,0,4,67301,1,,1,9,,,,,1,,0,0,0,3,2,,9999,1,2,0,0,0,0,0,3,4,0,2,7,,N,,,,,,,,,,,