CRN,ARRIVAL_TM,AUTOMOBILE_COUNT,BELTED_DEATH_COUNT,BELTED_SUSP_SERIOUS_INJ_COUNT,BICYCLE_COUNT,BICYCLE_DEATH_COUNT,BICYCLE_SUSP_SERIOUS_INJ_COUNT,BUS_COUNT,CHLDPAS_DEATH_COUNT,CHLDPAS_SUSP_SERIOUS_INJ_COUNT,COLLISION_TYPE,COMM_VEH_COUNT,CONS_ZONE_SPD_LIM,COUNTY,CRASH_MONTH,CRASH_YEAR,DAY_OF_WEEK,DEC_LAT,DEC_LONG,DISPATCH_TM,DISTRICT,DRIVER_COUNT_16YR,DRIVER_COUNT_17YR,DRIVER_COUNT_18YR,DRIVER_COUNT_19YR,DRIVER_COUNT_20YR,DRIVER_COUNT_50_64YR,DRIVER_COUNT_65_74YR,DRIVER_COUNT_75PLUS,EST_HRS_CLOSED,FATAL_COUNT,HEAVY_TRUCK_COUNT,HORSE_BUGGY_COUNT,HOUR_OF_DAY,ILLUMINATION,INJURY_COUNT,INTERSECT_TYPE,INTERSECTION_RELATED,LANE_CLOSED,LATITUDE,LN_CLOSE_DIR,LOCATION_TYPE,LONGITUDE,MAX_SEVERITY_LEVEL,MCYCLE_DEATH_COUNT,MCYCLE_SUSP_SERIOUS_INJ_COUNT,MOTORCYCLE_COUNT,MUNICIPALITY,NONMOTR_COUNT,NONMOTR_DEATH_COUNT,NONMOTR_SUSP_SERIOUS_INJ_COUNT,NTFY_HIWY_MAINT,PED_COUNT,PED_DEATH_COUNT,PED_SUSP_SERIOUS_INJ_COUNT,PERSON_COUNT,POLICE_AGCY,POSSIBLE_INJ_COUNT,RDWY_SURF_TYPE_CD,RELATION_TO_ROAD,ROAD_CONDITION,ROADWAY_CLEARED,SCH_BUS_IND,SCH_ZONE_IND,SECONDARY_CRASH,SMALL_TRUCK_COUNT,SPEC_JURIS_CD,SUSP_MINOR_INJ_COUNT,SUSP_SERIOUS_INJ_COUNT,SUV_COUNT,TCD_FUNC_CD,TCD_TYPE,TFC_DETOUR_IND,TIME_OF_DAY,TOT_INJ_COUNT,TOTAL_UNITS,UNB_DEATH_COUNT,UNB_SUSP_SERIOUS_INJ_COUNT,UNBELTED_OCC_COUNT,UNK_INJ_DEG_COUNT,UNK_INJ_PER_COUNT,URBAN_AREA,URBAN_RURAL,VAN_COUNT,VEHICLE_COUNT,WEATHER1,WEATHER2,WORK_ZONE_IND,WORK_ZONE_LOC,WORK_ZONE_TYPE,WORKERS_PRES,WZ_CLOSE_DETOUR,WZ_FLAGGER,WZ_LAW_OFFCR_IND,WZ_LN_CLOSURE,WZ_MOVING,WZ_OTHER,WZ_SHLDER_MDN,WZ_WORKERS_INJ_KILLED
2009038713,450.0,1,0,0,0,0,0,0,0,0,5,0,,67,2,2009,7,39.9798,-75.2533,444.0,6,0,0,0,0,0,0,0,0,,0,0,0,4,3,0,0,,0,39 58:47.276,,0,75 15:11.960,0,0,0,0,67301,0,0,0,,0,0,0,1,67301,0,,1,1,,,,,1,,0,0,0,0,0,,440,0,2,0,0,0,0,0,3,4,0,2,3,,N,,,,,,,,,,,
2009026302,1328.0,2,0,0,0,0,0,0,0,0,4,0,,67,1,2009,4,40.0695,-75.0598,1324.0,6,0,0,0,0,0,0,0,0,,0,0,0,13,1,1,2,,0,40 04:10.106,,0,75 03:35.121,4,0,0,0,67301,0,0,0,N,0,0,0,2,67301,1,,1,9,,N,N,,0,,0,0,0,3,3,,1324,1,2,0,0,0,0,0,3,4,0,2,7,,N,,,,,,,,,,,
2009049138,808.0,2,0,0,0,0,0,0,0,0,1,0,,67,3,2009,3,39.9572,-75.2275,806.0,6,0,0,0,0,0,1,0,0,1.0,0,0,0,8,1,1,1,,1,39 57:25.920,4.0,0,75 13:39.000,4,0,0,0,67301,0,0,0,N,0,0,0,2,67301,1,,1,1,,N,N,,0,,0,0,0,3,2,N,804,1,2,0,0,0,0,0,3,4,0,2,3,,N,,,,,,,,,,,
2009049158,1455.0,2,0,0,0,0,0,0,0,0,4,0,,67,4,2009,2,40.0401,-75.0317,1450.0,6,0,0,0,0,0,0,0,0,,0,0,0,14,1,2,2,,0,40 02:24.308,,0,75 01:53.971,8,0,0,0,67301,0,0,0,,0,0,0,4,67301,0,,1,9,,,,,0,,0,0,0,0,0,,1445,2,2,0,0,0,2,0,3,4,0,2,7,,N,,,,,,,,,,,
2009049217,1700.0,3,0,0,0,0,0,0,0,0,4,0,,67,3,2009,2,39.9548,-75.228,1650.0,6,0,0,0,0,0,1,0,0,,0,0,0,16,1,1,1,,0,39 57:17.442,,99,75 13:40.835,8,0,0,0,67301,0,0,0,N,0,0,0,3,67301,0,,1,1,,N,N,,0,,0,0,0,3,2,,1647,1,3,0,0,0,1,1,3,4,0,3,3,,N,,,,,,,,,,,
2009049228,1757.0,0,0,0,0,0,0,0,0,0,8,0,,67,3,2009,3,40.0416,-75.0643,1753.0,6,0,0,0,0,0,1,0,0,,0,0,0,17,1,1,1,,0,40 02:30.079,,0,75 03:51.754,4,0,0,0,67301,1,0,0,N,1,0,0,2,67301,1,,2,1,,N,N,,1,,0,0,0,9,2,,1750,1,2,0,0,0,0,0,3,4,0,1,3,,N,,,,,,,,,,,
2009049289,410.0,2,0,0,0,0,0,0,0,0,1,0,,67,4,2009,2,40.0239,-75.1105,358.0,6,0,0,0,0,0,0,0,0,,0,0,0,3,3,0,2,,0,40 01:26.458,,0,75 06:37.693,0,0,0,0,67301,0,0,0,,0,0,0,1,67301,0,,2,1,,,,,0,,0,0,0,0,0,,356,0,2,0,0,0,0,0,3,4,0,2,3,,N,,,,,,,,,,,
2009044180,1508.0,2,0,0,0,0,0,0,0,0,1,0,,67,3,2009,6,40.1003,-75.0089,1505.0,6,0,0,0,0,0,0,0,0,,0,0,0,15,1,1,0,,0,40 06:01.213,,0,75 00:32.158,4,0,0,0,67301,0,0,0,N,0,0,0,2,67301,1,,1,1,,N,N,,0,,0,0,0,0,0,,1500,1,2,0,0,0,0,0,3,4,0,2,3,,N,,,,,,,,,,,
2009026081,746.0,2,0,0,0,0,0,0,0,0,1,0,,67,1,2009,4,40.1063,-74.995,745.0,6,0,0,1,0,0,0,0,0,,0,0,0,7,1,0,3,,0,40 06:22.732,,2,74 59:41.839,0,0,0,0,67301,0,0,0,N,0,0,0,2,67301,0,,1,1,,N,N,,0,,0,0,0,0,0,,744,0,2,0,0,0,0,0,3,4,0,2,3,,N,,,,,,,,,,,
2009045466,1850.0,1,0,0,0,0,0,0,0,0,1,0,,67,3,2009,1,40.036,-75.1217,1841.0,6,0,0,0,0,0,0,0,0,,0,0,0,99,1,1,0,,0,40 02:09.650,,0,75 07:18.246,8,0,0,1,67301,0,0,0,N,0,0,0,1,67301,0,,9,1,,N,N,,0,,0,0,0,0,0,,9999,1,2,0,0,0,1,0,3,4,0,2,3,,N,,,,,,,,,,,
2009044961,2104.0,1,0,0,0,0,0,0,0,0,7,0,,67,4,2009,6,39.9872,-75.0893,2049.0,6,0,0,0,0,0,0,0,0,1.0,0,0,0,20,6,0,0,,1,39 59:16.735,1.0,2,75 05:19.563,0,0,0,0,67301,0,0,0,Y,0,0,0,3,68K01,0,,5,1,,N,N,,0,,0,0,0,0,0,N,2045,0,1,0,0,2,0,0,3,4,0,1,3,,N,,,,,,,,,,,
2009050231,737.0,0,0,0,0,0,0,0,0,0,1,0,,67,4,2009,3,40.0486,-74.9986,731.0,6,0,0,0,0,0,0,0,0,,0,0,0,7,1,1,7,,0,40 02:55.073,,2,74 59:54.825,4,0,0,0,67301,0,0,0,N,0,0,0,5,68K01,1,,1,1,,N,N,,0,,0,0,2,3,3,,722,1,2,0,0,0,0,0,3,4,0,2,3,,N,,,,,,,,,,,
2009105754,1334.0,2,0,0,0,0,0,0,0,0,1,0,,67,9,2009,5,40.0714,-75.1613,1321.0,6,0,0,0,0,0,2,0,0,,0,0,0,12,1,1,5,,0,40 04:17.013,,0,75 09:40.693,8,0,0,0,67301,0,0,0,N,0,0,0,3,67301,0,,1,1,,N,N,,0,,0,0,1,3,2,,1244,1,3,0,0,0,1,0,3,4,0,3,3,,N,,,,,,,,,,,
2009110206,2015.0,1,0,0,0,0,0,0,0,0,7,0,,67,10,2009,7,39.9659,-75.1367,2011.0,6,0,0,0,0,0,0,0,0,1.0,0,0,0,20,3,3,0,,1,39 57:56.916,2.0,0,75 08:12.587,4,0,0,0,67301,0,0,0,N,0,0,0,6,68K01,3,,4,9,,N,N,,0,,0,0,0,0,0,N,2010,3,2,0,0,0,0,0,3,4,1,2,7,,N,,,,,,,,,,,
2009100005,2035.0,2,0,0,0,0,0,0,0,0,2,0,,67,9,2009,6,39.9806,-75.198,2030.0,6,0,0,0,0,0,2,0,0,2.0,0,0,0,20,3,1,2,,1,39 58:50.017,2.0,0,75 11:52.453,3,0,0,0,67301,0,0,0,N,0,0,0,2,67301,0,,1,9,,N,N,,0,,1,0,0,0,0,N,2020,1,2,0,0,0,0,0,3,4,0,2,7,,N,,,,,,,,,,,
2009100175,1239.0,1,0,0,0,0,0,0,0,0,4,0,,67,9,2009,6,39.9453,-75.2418,1147.0,6,0,0,0,0,0,0,0,0,1.0,0,0,0,11,1,3,1,,2,39 56:43.114,2.0,0,75 14:30.514,8,0,0,0,67301,0,0,0,N,0,0,0,4,67301,0,,1,1,,N,N,,0,,0,0,1,3,2,Y,1147,3,3,0,0,0,3,0,3,4,0,3,3,,N,,,,,,,,,,,
2009105673,1840.0,2,0,0,0,0,0,0,0,0,4,0,,67,10,2009,2,40.0727,-75.0761,1835.0,6,0,0,0,0,0,0,0,0,,0,0,0,18,3,0,0,,0,40 04:21.631,,7,75 04:33.988,0,0,0,0,67301,0,0,0,N,0,0,0,2,67301,0,,1,1,,N,N,,0,,0,0,0,3,2,,1835,0,2,0,0,2,0,0,3,4,0,2,3,,N,,,,,,,,,,,
2009122043,2022.0,1,0,0,0,0,0,0,0,0,7,0,,67,10,2009,6,39.9724,-75.1665,2000.0,6,0,0,0,0,0,0,0,0,,0,0,0,20,3,2,1,,0,39 58:20.544,,0,75 09:59.380,8,0,0,0,67301,0,0,0,,0,0,0,2,67301,0,,2,9,,,,,0,,0,0,0,3,2,,2000,2,1,0,0,0,2,0,3,4,0,1,7,,N,,,,,,,,,,,
2009100511,1950.0,1,0,0,0,0,0,0,0,0,4,0,,67,9,2009,4,40.0283,-75.0568,1943.0,6,0,0,0,0,0,0,1,0,,0,0,0,19,3,0,1,,0,40 01:41.786,,0,75 03:24.501,0,0,0,0,67301,0,0,0,N,0,0,0,2,67301,0,,1,9,,N,N,,1,,0,0,0,3,3,,1935,0,2,0,0,0,0,0,3,4,0,2,7,,N,,,,,,,,,,,
2009081854,2228.0,2,0,0,0,0,0,0,0,0,1,0,,67,6,2009,1,40.03,-75.2113,2226.0,6,0,0,0,0,0,0,0,0,,0,0,0,22,3,0,1,,0,40 01:47.816,,0,75 12:40.562,0,0,0,0,67301,0,0,0,,0,0,0,2,67301,0,,1,9,,,,,0,,0,0,0,3,2,,2224,0,2,0,0,0,0,0,3,4,0,2,7,,N,,,,,,,,,,,
2009105955,213.0,3,0,0,0,0,0,0,0,0,5,0,,67,10,2009,2,39.9194,-75.1765,208.0,6,0,0,0,0,0,0,0,0,,0,0,0,2,2,0,0,,0,39 55:09.674,,0,75 10:35.396,0,0,0,0,67301,0,0,0,N,0,0,0,1,67301,0,,2,1,,N,N,,0,,0,0,0,0,0,,208,0,3,0,0,0,0,0,3,4,0,3,3,,N,,,,,,,,,,,
2009100639,1530.0,1,0,0,0,0,0,0,0,0,7,0,,67,9,2009,4,,,1522.0,6,0,0,0,0,0,0,0,0,,0,0,0,99,1,1,0,,0,,,0,,8,0,0,0,67301,0,0,0,,0,0,0,1,67301,0,,5,9,,N,N,,0,,0,0,0,0,0,,9999,1,1,0,0,0,1,0,3,3,0,1,7,,N,,,,,,,,,,,
2009100666,900.0,2,0,0,0,0,0,0,0,0,4,0,,67,9,2009,4,39.9249,-75.174,858.0,6,0,0,0,0,0,0,0,0,9.0,0,0,0,8,1,2,1,,2,39 55:28.493,2.0,0,75 10:16.477,3,0,0,0,67301,0,0,0,,0,0,0,5,67301,0,,1,9,,,,,0,,1,0,0,3,2,Y,855,2,2,0,0,0,1,0,3,4,0,2,98,,N,,,,,,,,,,,
2009100686,1355.0,1,0,0,0,0,0,0,0,0,4,0,,67,8,2009,1,39.976,-75.1199,1353.0,6,0,0,0,0,0,0,0,0,,0,0,0,13,1,0,0,,0,39 58:37.838,,7,75 07:09.653,0,0,0,0,67301,0,0,0,N,0,0,0,4,07301,0,,1,1,,N,N,,0,,0,0,0,0,0,,1348,0,2,0,0,0,0,0,3,4,1,2,3,,N,,,,,,,,,,,
2009102635,1248.0,2,0,0,0,0,0,0,0,0,4,0,,67,8,2009,5,40.0493,-75.0679,1246.0,6,0,0,0,0,0,1,0,1,,0,0,0,99,1,5,1,,0,40 02:57.481,,0,75 04:04.310,3,0,0,0,67301,0,0,0,N,0,0,0,5,67301,1,,1,1,,N,N,,0,,4,0,0,3,2,,9999,5,2,0,0,0,0,0,3,4,0,2,3,,N,,,,,,,,,,,
2009006489,1607.0,3,0,0,0,0,0,0,0,0,1,0,,67,1,2009,1,39.9648,-75.1853,1606.0,6,0,0,0,0,0,0,0,0,,0,0,0,16,1,0,0,,0,39 57:53.740,,0,75 11:07.690,0,0,0,0,67301,0,0,0,N,0,0,0,4,68K01,0,,1,1,,N,N,,0,,0,0,0,0,0,,1604,0,3,0,0,0,0,0,3,4,0,3,3,,N,,,,,,,,,,,
2009044210,42.0,0,0,0,1,0,0,0,0,0,8,0,,67,3,2009,5,40.0153,-75.2081,35.0,6,0,0,0,0,0,0,0,0,,0,0,0,0,3,1,3,,0,40 00:55.514,,0,75 12:30.236,3,0,0,0,67301,1,0,0,N,0,0,0,2,67301,0,,2,1,,N,N,,0,,1,0,1,3,2,,28,1,2,0,0,0,0,0,3,4,0,1,3,,N,,,,,,,,,,,
2009049539,853.0,0,0,0,0,0,0,1,0,0,1,1,,67,4,2009,2,39.9357,-75.1618,850.0,6,0,0,0,0,0,0,0,0,,0,0,0,8,1,2,0,,0,39 56:08.448,,0,75 09:42.444,4,0,0,0,67301,0,0,0,N,0,0,0,3,67301,1,,1,1,,N,N,,0,,0,0,1,3,2,,839,2,2,0,0,0,1,0,3,4,0,2,3,,N,,,,,,,,,,,
2009049547,427.0,2,0,0,0,0,0,0,0,0,6,0,,67,3,2009,7,40.034,-75.0744,424.0,6,0,0,0,0,0,0,1,0,,0,0,0,4,3,0,1,,0,40 02:03.404,,0,75 04:28.524,9,0,0,0,67301,0,0,0,N,0,0,0,4,67301,0,,1,9,,N,N,,0,,0,0,0,3,2,,423,0,3,0,0,0,0,1,3,4,0,3,7,,N,,,,,,,,,,,
2009049399,1420.0,2,0,0,0,0,0,0,0,0,4,0,,67,3,2009,1,39.9292,-75.1872,1410.0,6,0,0,0,0,1,0,0,0,,0,0,0,99,1,1,1,,0,39 55:44.943,,0,75 11:13.894,4,0,0,0,67301,0,0,0,N,0,0,0,2,67301,1,,1,1,,N,N,,0,,0,0,0,3,2,,9999,1,2,0,0,0,0,0,3,4,0,2,3,,N,,,,,,,,,,,
2009049432,355.0,1,0,0,0,0,0,0,0,0,7,0,,67,3,2009,5,39.9412,-75.2095,351.0,6,0,0,0,0,0,0,0,0,,0,0,0,3,3,1,1,,0,39 56:28.422,,0,75 12:33.863,8,0,0,0,67301,0,0,0,N,0,0,0,1,67301,0,,5,1,,N,N,,0,,0,0,0,3,2,,345,1,1,0,0,0,1,0,3,4,0,1,3,,N,,,,,,,,,,,
2009049468,2.0,1,0,0,0,0,0,0,0,0,4,0,,67,3,2009,3,39.9926,-75.1682,0.0,6,0,0,0,0,0,0,0,0,,0,0,0,23,3,3,1,,0,39 59:33.432,,0,75 10:05.681,4,0,0,0,67301,0,0,0,,0,0,0,3,67301,3,,1,1,,N,N,,1,,0,0,0,3,2,,2336,3,2,0,0,0,0,0,3,4,0,2,3,,N,,,,,,,,,,,
2009049501,1052.0,3,0,0,0,0,0,0,0,0,1,0,,67,3,2009,3,40.0429,-75.0239,1051.0,6,0,0,0,0,0,1,0,0,,0,0,0,10,1,1,1,,0,40 02:34.576,,0,75 01:26.038,4,0,0,0,67301,0,0,0,N,0,0,0,3,67301,1,,1,1,,N,N,,0,,0,0,0,2,2,,1045,1,3,0,0,0,0,2,3,4,0,3,3,,N,,,,,,,,,,,
2009106485,2216.0,1,0,0,0,0,0,0,0,0,8,0,,67,9,2009,6,39.9163,-75.1565,2215.0,6,1,0,0,0,0,0,0,0,,0,0,0,22,3,1,0,,0,39 54:58.528,,0,75 09:23.292,8,0,0,0,67301,1,0,0,N,1,0,0,2,67301,0,,1,1,,N,N,,0,,0,0,0,0,0,,2214,1,2,0,0,0,1,0,3,4,0,1,3,,N,,,,,,,,,,,
2009048766,22.0,2,0,0,0,0,0,0,0,0,6,0,,67,4,2009,1,39.9865,-75.076,15.0,6,0,0,0,0,0,0,0,0,,0,0,0,0,3,0,2,,0,39 59:11.518,,0,75 04:33.585,0,0,0,0,67301,0,0,0,N,0,0,0,6,67301,0,,1,1,,N,N,,0,,0,0,0,3,3,,10,0,2,0,0,0,0,0,3,4,0,2,3,,N,,,,,,,,,,,
2009124857,1240.0,1,0,0,0,0,0,0,0,0,1,1,,67,11,2009,2,39.902,-75.202,1225.0,6,0,0,0,0,0,0,0,0,2.0,0,1,0,12,1,3,0,,2,39 54:07.306,3.0,3,75 12:07.218,8,0,0,0,67301,0,0,0,Y,0,0,0,4,67301,0,,1,1,,N,N,,0,,0,0,0,0,0,N,1218,3,2,0,0,0,3,0,3,4,0,2,3,,N,,,,,,,,,,,
2009124875,1700.0,3,0,0,0,0,0,0,0,0,4,0,,67,11,2009,5,39.9198,-75.1883,1656.0,6,0,0,0,0,0,0,0,1,1.0,0,0,0,16,1,2,1,,1,39 55:11.208,7.0,0,75 11:17.768,4,0,0,0,67301,0,0,0,,0,0,0,4,67301,2,,1,9,,,,,0,,0,0,0,3,2,Y,1640,2,3,0,0,0,0,0,3,4,0,3,7,,N,,,,,,,,,,,
2009124991,1112.0,1,0,0,0,0,0,0,0,0,4,0,,67,11,2009,4,39.9451,-75.2153,1109.0,6,0,0,0,0,0,1,1,0,,0,0,0,11,1,7,1,,0,39 56:42.224,,0,75 12:54.989,4,0,0,0,67301,0,0,0,N,0,0,0,8,67301,1,,1,1,,N,N,,0,,0,0,0,3,3,,1108,7,2,0,0,0,6,1,3,4,0,2,3,,N,,,,,,,,,,,
2009122467,2154.0,2,0,0,0,0,0,0,0,0,1,0,,67,11,2009,5,40.0025,-75.0782,2153.0,6,0,0,0,0,1,0,0,0,,0,0,0,21,3,0,0,,0,40 00:08.514,,0,75 04:41.912,0,0,0,0,67301,0,0,0,N,0,0,0,2,68K01,0,,1,1,,N,N,,0,,0,0,0,0,0,,2147,0,2,0,0,0,0,0,3,4,0,2,3,,N,,,,,,,,,,,
2009125089,1650.0,0,0,0,0,0,0,0,0,0,4,0,,67,11,2009,5,39.981,-75.2243,1643.0,6,0,0,0,0,0,0,0,0,,0,0,0,15,1,2,2,,0,39 58:51.715,,0,75 13:27.867,4,0,0,0,67301,0,0,0,N,0,0,0,3,67301,2,,1,9,,N,N,,0,,0,0,1,0,0,,1500,2,2,0,0,0,0,1,3,4,1,2,7,,N,,,,,,,,,,,
2009048662,2005.0,2,0,0,0,0,0,0,0,0,1,0,,67,3,2009,1,39.9752,-75.1949,2000.0,6,1,0,0,0,0,0,0,0,,0,0,0,18,1,1,0,,0,39 58:30.816,,0,75 11:41.389,4,0,0,0,67301,0,0,0,,0,0,0,2,67301,1,,1,9,,,,,0,,0,0,0,0,0,,1850,1,2,0,0,0,0,0,3,4,0,2,9,,N,,,,,,,,,,,
2009035997,1004.0,1,0,0,0,0,0,0,0,0,5,1,,67,3,2009,6,40.0236,-75.0326,1004.0,6,0,0,0,0,1,0,0,0,,0,1,0,10,1,0,0,,0,40 01:25.294,,0,75 01:57.270,0,0,0,0,67301,0,0,0,N,0,0,0,2,68K01,0,,1,1,,N,N,,0,,0,0,0,0,0,,1004,0,2,0,0,0,0,0,3,4,0,2,3,,N,,,,,,,,,,,
2009112556,1642.0,2,0,0,0,0,0,0,0,0,1,0,,67,10,2009,7,39.9454,-75.1426,1633.0,6,0,0,0,0,0,0,0,1,,0,0,0,16,1,2,0,,0,39 56:43.282,,0,75 08:33.518,4,0,0,0,67301,0,0,0,N,0,0,0,4,68K01,2,,1,9,,N,N,,0,,0,0,0,0,0,,1628,2,2,0,0,1,0,0,3,4,0,2,3,,N,,,,,,,,,,,
2009048974,823.0,1,0,0,0,0,0,0,0,0,8,0,,67,3,2009,2,40.0045,-75.1486,823.0,6,0,0,0,0,0,0,0,0,,0,0,0,8,1,1,0,,0,40 00:16.031,,0,75 08:54.927,4,0,0,0,67301,1,0,0,,1,0,0,2,67301,1,,1,1,,,,,0,,0,0,0,0,0,,820,1,2,0,0,0,0,0,3,4,0,1,3,,N,,,,,,,,,,,
2009049048,1508.0,0,0,0,0,0,0,0,0,0,0,0,,67,4,2009,5,39.9674,-75.1809,1500.0,6,0,0,0,0,0,1,0,0,1.0,0,0,0,15,1,1,3,,1,39 58:02.992,4.0,0,75 10:52.021,8,0,0,1,67301,0,0,0,N,0,0,0,1,67301,0,,1,1,,N,N,,0,,0,0,0,3,2,N,1500,1,1,0,0,0,1,0,3,4,0,1,3,,N,,,,,,,,,,,
2009049061,1106.0,1,0,0,0,0,0,0,0,0,5,0,,67,3,2009,2,40.1122,-74.9908,1106.0,6,0,0,0,0,0,0,1,0,1.0,0,0,0,11,1,1,10,,1,40 06:44.280,2.0,0,74 59:26.880,8,0,0,0,67301,0,0,0,N,0,0,0,2,67301,0,,1,1,,N,N,,0,,0,0,0,3,2,N,1106,1,2,0,0,0,1,0,3,4,1,2,3,,N,,,,,,,,,,,
2009044081,1438.0,1,0,0,0,0,0,0,0,0,8,0,,67,3,2009,3,40.038,-75.0887,1434.0,6,0,0,0,0,0,0,0,0,,0,0,0,9,1,1,1,,0,40 02:16.796,,0,75 05:19.254,4,0,0,0,67301,1,0,0,N,1,0,0,2,67301,1,,1,1,,N,N,,0,,0,0,0,0,0,,930,1,2,0,0,0,0,0,3,4,0,1,3,,N,,,,,,,,,,,
2009048749,225.0,1,0,0,0,0,0,0,0,0,8,0,,67,4,2009,3,39.9975,-75.1214,225.0,6,0,0,0,0,1,0,0,0,3.0,0,0,0,2,3,1,0,,2,39 59:50.951,6.0,0,75 07:17.176,2,0,0,0,67301,1,0,1,N,1,0,1,5,67301,0,,1,9,,N,N,,0,,0,1,0,0,0,Y,223,1,2,0,0,0,0,0,3,4,0,1,7,,N,,,,,,,,,,,
2009049079,650.0,2,0,0,0,0,0,0,0,0,4,0,,67,4,2009,7,40.034,-75.0744,650.0,6,0,0,0,0,0,0,0,0,2.0,0,0,0,6,1,2,2,,2,40 02:02.362,4.0,0,75 04:27.863,3,0,0,0,67301,0,0,0,N,0,0,0,2,67301,0,,1,1,,N,N,,0,,2,0,0,2,2,Y,650,2,2,0,0,1,0,0,3,4,0,2,3,,N,,,,,,,,,,,
2009026294,1200.0,2,0,0,0,0,0,0,0,0,4,0,,67,1,2009,5,39.9103,-75.1509,1150.0,6,0,0,0,0,0,2,0,0,,0,0,0,11,1,0,1,,0,39 54:37.276,,2,75 09:03.431,0,0,0,0,67301,0,0,0,,0,0,0,2,67301,0,,9,1,,,,,0,,0,0,0,3,2,,1150,0,2,0,0,0,0,0,3,4,0,2,3,,N,,,,,,,,,,,
2009049203,1221.0,1,0,0,1,0,0,0,0,0,4,0,,67,4,2009,2,39.9539,-75.1595,1216.0,6,0,0,0,0,0,0,0,0,,0,0,0,12,1,1,1,,0,39 57:14.213,,0,75 09:34.031,4,0,0,0,67301,1,0,0,N,0,0,0,2,67301,1,,1,9,,N,N,,0,,0,0,0,3,2,,1212,1,2,0,0,0,0,0,3,4,0,1,3,,N,,,,,,,,,,,
2009049277,1750.0,3,0,0,0,0,0,0,0,0,1,0,,67,4,2009,1,40.0952,-75.0272,1747.0,6,0,0,0,0,0,1,0,0,,0,0,0,99,1,2,0,,0,40 05:42.784,,0,75 01:37.981,4,0,0,0,67301,0,0,0,,0,0,0,4,67301,2,,1,1,,,,,1,,0,0,1,0,0,,9999,2,5,0,0,0,0,0,3,4,0,5,3,,N,,,,,,,,,,,
2009049301,1103.0,2,0,0,0,0,0,0,0,0,4,0,,67,4,2009,1,40.0176,-75.065,1058.0,6,0,0,0,0,0,2,0,0,1.0,0,0,0,10,1,1,1,,1,40 01:03.097,2.0,0,75 03:54.438,4,0,0,0,67301,0,0,0,N,0,0,0,2,67301,1,,1,1,,N,N,,0,,0,0,0,1,1,N,1057,1,2,0,0,0,0,0,3,4,0,2,3,,N,,,,,,,,,,,
2009105841,1335.0,0,0,0,0,0,0,0,0,0,4,0,,67,9,2009,6,40.0405,-75.0474,1330.0,6,0,0,0,0,0,0,0,1,,0,0,0,99,1,1,1,,0,40 02:25.699,,0,75 02:50.737,8,0,0,0,67301,0,0,0,N,0,0,0,6,67301,0,,1,1,,N,N,,0,,0,0,1,3,2,,9999,1,2,0,0,0,1,0,3,4,1,2,3,,N,,,,,,,,,,,
2009110205,1807.0,2,0,0,0,0,0,0,0,0,7,0,,67,10,2009,7,39.8988,-75.1711,1802.0,6,0,0,0,0,0,0,0,0,2.0,0,0,0,17,1,1,0,,2,39 53:56.555,2.0,0,75 10:06.408,8,0,0,0,67301,0,0,0,Y,0,0,0,2,68K01,0,,4,9,,N,N,,0,,0,0,0,0,0,N,1759,1,2,0,0,1,1,0,3,4,0,2,3,,N,,,,,,,,,,,
2009105924,814.0,1,0,0,0,0,0,0,0,0,8,0,,67,9,2009,3,40.0378,-75.0379,812.0,6,0,0,0,0,0,0,0,0,,0,0,0,99,1,1,0,,0,40 02:16.040,,0,75 02:16.549,3,0,0,0,67301,1,0,0,N,1,0,0,2,67301,0,,1,1,,N,N,,0,,1,0,0,0,0,,9999,1,2,0,0,0,0,0,3,4,0,1,3,,N,,,,,,,,,,,
2009105548,746.0,1,0,0,0,0,0,0,0,0,4,0,,67,10,2009,6,40.0508,-75.2362,743.0,6,0,0,0,0,0,0,0,0,,0,0,0,7,1,0,2,,0,40 03:01.643,,0,75 14:09.856,0,0,0,0,67301,0,0,0,,0,0,0,2,67301,0,,1,1,,,,,1,,0,0,0,0,0,,740,0,2,0,0,2,0,0,3,4,0,2,3,,N,,,,,,,,,,,
2009105680,1810.0,1,0,0,0,0,0,0,0,0,8,0,,67,9,2009,2,40.0277,-75.11,1759.0,6,0,0,0,0,0,0,0,0,,0,0,0,4,3,1,1,,0,40 01:39.836,,0,75 06:35.867,2,0,0,0,67301,1,0,1,,1,0,1,2,67301,0,,1,1,,,,,0,,0,1,0,3,2,,400,1,2,0,0,0,0,1,3,4,0,1,3,,N,,,,,,,,,,,
2009097784,2238.0,2,0,0,0,0,0,0,0,0,1,0,,67,9,2009,5,39.96,-75.1787,2231.0,6,0,0,0,0,0,0,0,0,,0,0,0,22,3,0,0,,0,39 57:36.720,,0,75 10:49.440,0,0,0,0,67301,0,0,0,N,0,0,0,2,68K01,0,,1,1,,N,N,,0,,0,0,0,0,0,,2228,0,2,0,0,0,0,0,3,4,0,2,3,,N,,,,,,,,,,,
2009100710,800.0,0,0,0,0,0,0,0,0,0,4,0,,67,9,2009,6,40.0663,-75.1805,751.0,6,0,0,0,0,0,1,0,0,,0,0,0,7,1,2,1,,0,40 03:58.690,,0,75 10:49.864,4,0,0,0,67301,0,0,0,N,0,0,0,2,67301,1,,1,9,,N,N,,0,,0,0,1,3,3,,727,2,2,0,0,0,1,0,3,4,1,2,7,,N,,,,,,,,,,,