CRN,ARRIVAL_TM,AUTOMOBILE_COUNT,BELTED_DEATH_COUNT,BELTED_SUSP_SERIOUS_INJ_COUNT,BICYCLE_COUNT,BICYCLE_DEATH_COUNT,BICYCLE_SUSP_SERIOUS_INJ_COUNT,BUS_COUNT,CHLDPAS_DEATH_COUNT,CHLDPAS_SUSP_SERIOUS_INJ_COUNT,COLLISION_TYPE,COMM_VEH_COUNT,CONS_ZONE_SPD_LIM,COUNTY,CRASH_MONTH,CRASH_YEAR,DAY_OF_WEEK,DEC_LAT,DEC_LONG,DISPATCH_TM,DISTRICT,DRIVER_COUNT_16YR,DRIVER_COUNT_17YR,DRIVER_COUNT_18YR,DRIVER_COUNT_19YR,DRIVER_COUNT_20YR,DRIVER_COUNT_50_64YR,DRIVER_COUNT_65_74YR,DRIVER_COUNT_75PLUS,EST_HRS_CLOSED,FATAL_COUNT,HEAVY_TRUCK_COUNT,HORSE_BUGGY_COUNT,HOUR_OF_DAY,ILLUMINATION,INJURY_COUNT,INTERSECT_TYPE,INTERSECTION_RELATED,LANE_CLOSED,LATITUDE,LN_CLOSE_DIR,LOCATION_TYPE,LONGITUDE,MAX_SEVERITY_LEVEL,MCYCLE_DEATH_COUNT,MCYCLE_SUSP_SERIOUS_INJ_COUNT,MOTORCYCLE_COUNT,MUNICIPALITY,NONMOTR_COUNT,NONMOTR_DEATH_COUNT,NONMOTR_SUSP_SERIOUS_INJ_COUNT,NTFY_HIWY_MAINT,PED_COUNT,PED_DEATH_COUNT,PED_SUSP_SERIOUS_INJ_COUNT,PERSON_COUNT,POLICE_AGCY,POSSIBLE_INJ_COUNT,RDWY_SURF_TYPE_CD,RELATION_TO_ROAD,ROAD_CONDITION,ROADWAY_CLEARED,SCH_BUS_IND,SCH_ZONE_IND,SECONDARY_CRASH,SMALL_TRUCK_COUNT,SPEC_JURIS_CD,SUSP_MINOR_INJ_COUNT,SUSP_SERIOUS_INJ_COUNT,SUV_COUNT,TCD_FUNC_CD,TCD_TYPE,TFC_DETOUR_IND,TIME_OF_DAY,TOT_INJ_COUNT,TOTAL_UNITS,UNB_DEATH_COUNT,UNB_SUSP_SERIOUS_INJ_COUNT,UNBELTED_OCC_COUNT,UNK_INJ_DEG_COUNT,UNK_INJ_PER_COUNT,URBAN_AREA,URBAN_RURAL,VAN_COUNT,VEHICLE_COUNT,WEATHER1,WEATHER2,WORK_ZONE_IND,WORK_ZONE_LOC,WORK_ZONE_TYPE,WORKERS_PRES,WZ_CLOSE_DETOUR,WZ_FLAGGER,WZ_LAW_OFFCR_IND,WZ_LN_CLOSURE,WZ_MOVING,WZ_OTHER,WZ_SHLDER_MDN,WZ_WORKERS_INJ_KILLED
2009100724,1847.0,1,0,0,1,0,0,0,0,0,4,0,,67,9,2009,1,40.0475,-75.0595,1843.0,6,0,0,0,0,0,0,0,0,,0,0,0,18,1,1,0,,0,40 02:51.096,,7,75 03:34.345,8,0,0,0,67301,1,0,0,,0,0,0,4,67301,0,,1,1,,,,,0,,0,0,0,3,2,,1843,1,2,0,0,0,1,0,3,4,0,1,3,,N,,,,,,,,,,,
2009100731,1240.0,3,0,0,0,0,0,0,0,0,5,0,,67,9,2009,6,39.9953,-75.1415,1238.0,6,0,0,0,0,0,0,0,0,,0,0,0,12,1,1,0,,0,39 59:43.041,,0,75 08:29.553,4,0,0,0,67301,0,0,0,,0,0,0,2,67301,1,,1,1,,,,,0,,0,0,0,0,0,,1232,1,3,0,0,0,0,0,3,4,0,3,3,,N,,,,,,,,,,,
2009079521,9999.0,2,0,0,0,0,0,0,0,0,1,0,,67,7,2009,1,40.0081,-75.0725,9999.0,6,0,0,0,0,0,1,0,0,,0,0,0,99,1,4,1,,0,40 00:29.331,,0,75 04:20.880,4,0,0,0,67301,0,0,0,,0,0,0,7,67301,3,,1,1,,,,,1,,0,0,0,3,2,,9999,4,3,0,0,0,1,0,3,4,0,3,3,,N,,,,,,,,,,,
2009079539,2325.0,2,0,0,0,0,0,0,0,0,4,0,,67,7,2009,1,40.0493,-75.0679,2324.0,6,0,0,1,0,0,0,0,0,,0,0,0,22,3,1,1,,0,40 02:57.663,,0,75 04:04.482,4,0,0,0,67301,0,0,0,N,0,0,0,2,67301,1,,1,1,,N,N,,0,,0,0,0,3,2,,2253,1,2,0,0,0,0,0,3,4,0,2,3,,N,,,,,,,,,,,
2009079893,947.0,2,0,0,0,0,0,0,0,0,1,0,,67,7,2009,7,39.9572,-75.1516,943.0,6,0,0,0,0,0,0,0,0,1.0,0,0,0,9,1,1,0,,2,39 57:26.113,3.0,0,75 09:05.660,3,0,0,0,67301,0,0,0,N,0,0,0,3,68K01,0,,1,1,,N,N,,0,,1,0,0,0,0,N,939,1,2,0,0,0,0,0,3,4,0,2,3,,N,,,,,,,,,,,
2009077310,1217.0,2,0,0,0,0,0,0,0,0,4,0,,67,8,2009,7,40.0618,-75.1368,1215.0,6,0,0,0,0,0,1,0,0,,0,0,0,12,1,0,1,,0,40 03:42.555,,0,75 08:12.058,0,0,0,0,67301,0,0,0,N,0,0,0,5,46102,0,,1,1,,N,N,,0,,0,0,0,3,2,,1215,0,2,0,0,0,0,0,3,4,0,2,3,,N,,,,,,,,,,,
2009098115,1157.0,3,0,0,0,0,0,0,0,0,6,0,,67,8,2009,5,39.9575,-75.2112,1153.0,6,0,0,0,0,0,0,0,0,2.0,0,0,0,11,1,3,1,,1,39 57:27.061,1.0,0,75 12:40.366,3,0,0,0,67301,0,0,0,N,0,0,0,3,67301,2,,1,1,,,N,,0,,1,0,0,3,3,Y,1153,3,3,0,0,0,0,0,3,4,0,3,3,,N,,,,,,,,,,,
2009102584,1301.0,2,0,0,0,0,0,0,0,0,1,0,,67,10,2009,4,39.9205,-75.1482,1254.0,6,0,0,0,0,0,0,0,0,1.0,0,0,0,12,1,2,0,,1,39 55:12.126,2.0,0,75 08:53.533,8,0,0,0,67301,0,0,0,N,0,0,0,5,68K01,0,,1,1,,N,N,,0,,0,0,0,0,0,N,1252,2,3,0,0,1,2,0,3,4,1,3,3,,N,,,,,,,,,,,
2009100120,1005.0,1,0,0,0,0,0,0,0,0,8,0,,67,9,2009,6,39.9501,-75.1706,1000.0,6,0,0,0,0,0,1,0,0,,0,0,0,9,1,1,1,,0,39 57:00.482,,0,75 10:14.160,4,0,0,0,67301,1,0,0,N,1,0,0,2,67301,1,,1,9,,N,N,,0,,0,0,0,3,2,,959,1,2,0,0,0,0,0,3,4,0,1,7,5.0,N,,,,,,,,,,,
2009052090,1035.0,1,0,0,0,0,0,1,0,0,2,0,,67,4,2009,7,40.0033,-75.1659,1030.0,6,0,0,0,0,0,0,0,0,,0,0,0,10,1,1,1,,0,40 00:11.880,,0,75 09:57.240,4,0,0,0,67301,0,0,0,,0,0,0,3,67301,1,,2,9,,,,,0,,0,0,0,3,2,,1030,1,2,0,0,0,0,0,3,4,0,2,7,,N,,,,,,,,,,,
2009052091,1118.0,1,0,0,0,0,0,1,0,0,5,1,,67,4,2009,4,40.1141,-74.9878,1113.0,6,0,0,0,0,0,1,1,0,1.0,0,0,0,11,1,1,0,,1,40 06:50.752,1.0,0,74 59:16.133,4,0,0,0,67301,0,0,0,N,0,0,0,2,67301,1,,1,9,,N,N,,0,,0,0,0,0,0,N,1111,1,2,0,0,0,0,0,3,4,0,2,7,,N,,,,,,,,,,,
2009031208,1100.0,1,0,0,0,0,0,1,0,0,4,1,,67,2,2009,3,39.9554,-75.1711,1055.0,6,0,0,0,0,0,0,0,1,1.0,0,0,0,10,1,8,2,,1,39 57:19.443,2.0,0,75 10:16.111,4,0,0,0,67301,0,0,0,N,0,0,0,10,67301,8,,1,9,,N,N,,0,,0,0,0,3,2,N,1050,8,2,0,0,0,0,0,3,4,0,2,10,,N,,,,,,,,,,,
2009010446,1912.0,3,0,0,0,0,0,0,0,0,1,0,,67,1,2009,6,40.0087,-75.2045,1912.0,6,0,0,0,0,0,0,0,0,,0,0,0,19,3,0,0,,0,40 00:31.603,,0,75 12:17.449,0,0,0,0,67301,0,0,0,N,0,0,0,4,68K01,0,,1,1,,N,N,,0,,0,0,1,0,0,,1910,0,4,0,0,0,0,0,3,4,0,4,3,,N,,,,,,,,,,,
2009049393,9999.0,2,0,0,0,0,0,0,0,0,4,0,,67,4,2009,3,40.0534,-75.0751,9999.0,6,0,0,0,0,0,0,1,0,,0,0,0,99,1,1,1,,0,40 03:12.186,,0,75 04:30.284,4,0,0,0,67301,0,0,0,,0,0,0,2,67301,1,,1,1,,N,N,,0,,0,0,0,3,2,,9999,1,2,0,0,0,0,0,3,4,0,2,3,,N,,,,,,,,,,,
2009049426,140.0,1,0,0,0,0,0,0,0,0,8,0,,67,3,2009,7,39.9614,-75.1498,140.0,6,0,0,0,0,0,0,0,0,,0,0,0,1,3,1,1,,0,39 57:41.315,,0,75 08:59.304,4,0,0,0,67301,1,0,0,N,1,0,0,2,67301,1,,1,9,,N,N,,0,,0,0,0,3,2,,140,1,2,0,0,0,0,0,3,4,0,1,7,,N,,,,,,,,,,,
2009048759,1348.0,1,0,0,0,0,0,0,0,0,5,0,,67,2,2009,4,39.9768,-75.2322,1347.0,6,0,0,0,0,0,0,0,0,1.0,0,0,0,13,1,1,0,,1,39 58:36.458,3.0,0,75 13:55.970,8,0,0,0,67301,0,0,0,,0,0,0,2,67301,0,,4,1,,N,N,,0,,0,0,0,0,0,N,1347,1,2,0,0,0,1,0,3,4,0,2,3,,N,,,,,,,,,,,
2009048776,755.0,2,0,0,0,0,0,0,0,0,1,1,,67,4,2009,4,40.0946,-75.0152,749.0,6,0,1,0,0,0,0,0,0,1.0,0,1,0,7,1,1,1,,1,40 05:41.416,2.0,0,75 00:54.958,4,0,0,0,67301,1,0,0,,0,0,0,4,67301,1,,1,1,,,,,1,,0,0,0,3,2,N,748,1,4,0,0,0,0,0,3,4,0,4,3,,N,,,,,,,,,,,
2009124859,1038.0,0,0,0,1,0,0,1,0,0,5,1,,67,11,2009,4,39.9311,-75.1644,1030.0,6,0,0,0,0,0,0,0,0,,0,0,0,19,3,1,0,,0,39 55:52.120,,0,75 09:51.906,4,0,0,0,67301,1,0,0,,0,0,0,2,67301,1,,1,9,,N,,,0,,0,0,0,0,0,,1930,1,2,0,0,0,0,0,3,4,0,1,7,,N,,,,,,,,,,,
2009124892,935.0,2,0,0,0,0,0,0,0,0,4,0,,67,11,2009,5,40.0598,-75.166,929.0,6,0,0,0,0,0,0,0,0,1.0,0,0,0,9,1,1,2,,2,40 03:35.381,1.0,0,75 09:57.466,8,0,0,0,67301,0,0,0,N,0,0,0,3,67301,0,,1,9,,N,N,,0,,0,0,0,0,0,Y,920,1,2,0,0,0,1,0,3,4,0,2,7,,N,,,,,,,,,,,
2009043500,1529.0,2,0,0,0,0,0,0,0,0,4,0,,67,4,2009,4,39.9883,-75.254,1527.0,6,0,0,0,0,0,0,1,0,1.0,0,0,0,15,1,1,1,,1,39 59:17.883,2.0,0,75 15:14.304,8,0,0,0,67301,0,0,0,N,0,0,0,2,46104,0,,1,1,,N,N,,0,,0,0,0,3,2,N,1527,1,2,0,0,0,1,0,3,4,0,2,3,,N,,,,,,,,,,,
2009048891,819.0,1,0,0,0,0,0,0,0,0,1,0,,67,3,2009,3,39.8919,-75.2419,808.0,6,0,0,0,0,0,2,0,0,,0,0,0,8,1,1,1,,0,39 53:30.991,,0,75 14:30.863,4,0,0,0,67301,0,0,0,N,0,0,0,2,67301,1,,1,1,,N,N,,1,,0,0,0,3,2,,812,1,2,0,0,0,0,0,3,4,0,2,3,,N,,,,,,,,,,,
2009048905,1715.0,0,0,0,0,0,0,0,0,0,0,0,,67,4,2009,5,39.9986,-75.1425,1710.0,6,0,0,0,0,0,0,0,0,,0,0,0,16,1,1,2,,0,39 59:55.057,,0,75 08:33.050,3,0,0,1,67301,0,0,0,N,0,0,0,1,67301,0,,1,1,,N,N,,0,,1,0,0,3,3,,1635,1,2,0,0,0,0,0,3,4,0,1,3,,N,,,,,,,,,,,
2009038699,958.0,2,0,0,0,0,0,0,0,0,1,0,,67,2,2009,2,40.0547,-75.0048,953.0,6,0,0,0,0,0,0,0,0,,0,0,0,9,1,1,1,,0,40 03:17.073,,0,75 00:17.300,4,0,0,0,67301,0,0,0,N,0,0,0,3,67301,1,,1,1,,N,N,,0,,0,0,0,3,2,,947,1,2,0,0,0,0,0,3,4,0,2,3,,N,,,,,,,,,,,
2009038709,117.0,0,0,0,0,0,0,0,0,0,8,0,,67,2,2009,1,40.0116,-75.163,115.0,6,0,0,0,0,0,0,0,0,3.0,0,0,0,1,3,1,1,,2,40 00:41.962,6.0,0,75 09:47.161,2,0,0,0,67301,1,0,1,N,1,0,1,2,67301,0,,1,1,,N,N,,1,,0,1,0,0,0,Y,114,1,2,0,0,0,0,1,3,4,0,1,3,,N,,,,,,,,,,,
2009038712,1102.0,1,0,0,0,0,0,0,0,0,2,0,,67,1,2009,6,40.0395,-75.2238,1102.0,6,0,0,0,0,0,1,0,0,,0,0,0,10,1,1,2,,0,40 02:21.548,,0,75 13:25.331,4,0,0,0,67301,0,0,0,N,0,0,0,2,67301,1,,1,1,,N,N,,1,,0,0,0,0,0,,1055,1,2,0,0,0,0,0,3,4,0,2,3,,N,,,,,,,,,,,
2009048946,332.0,1,0,0,0,0,0,0,0,0,7,0,,67,3,2009,4,39.9744,-75.1948,331.0,6,0,0,0,0,0,0,0,0,9.0,0,0,0,3,3,0,0,,2,39 58:27.683,5.0,0,75 11:41.308,0,0,0,0,67301,0,0,0,N,0,0,0,1,67301,0,,5,1,,N,N,,0,,0,0,0,0,0,N,330,0,1,0,0,0,0,0,3,4,0,1,3,,N,,,,,,,,,,,
2009049054,638.0,1,0,0,0,0,0,0,0,0,4,0,,67,3,2009,6,39.9751,-75.195,633.0,6,0,0,0,0,0,0,0,1,2.0,0,0,0,6,3,1,1,,2,39 58:30.316,2.0,0,75 11:41.875,2,0,1,1,67301,0,0,0,N,0,0,0,2,67301,0,,1,1,,N,N,,0,,0,1,0,3,2,Y,633,1,2,0,0,0,0,0,3,4,0,2,3,,N,,,,,,,,,,,
2009049287,1515.0,0,0,0,0,0,0,1,0,0,5,1,,67,3,2009,4,39.997,-75.2353,1508.0,6,0,0,0,0,0,0,0,0,,0,0,0,15,1,1,1,,0,39 59:47.997,,0,75 14:09.763,8,0,0,0,67301,0,0,0,,0,0,0,3,67301,0,,1,1,,N,N,,1,,0,0,0,3,2,,1508,1,2,0,0,0,1,0,3,4,0,2,3,,N,,,,,,,,,,,
2009026078,1910.0,0,0,0,0,0,0,0,0,0,7,0,,67,1,2009,5,40.0638,-75.0283,1901.0,6,0,0,0,0,0,1,0,0,,0,0,0,19,3,1,0,,0,40 03:49.647,,0,75 01:41.912,4,0,0,0,67301,0,0,0,N,0,0,0,1,67301,1,,4,1,,N,N,,1,,0,0,0,0,0,,1900,1,1,0,0,0,0,0,3,4,0,1,3,,N,,,,,,,,,,,
2009026105,1633.0,1,0,0,0,0,0,0,0,0,5,0,,67,1,2009,6,40.071,-75.1611,1550.0,6,0,0,0,0,0,2,0,0,,0,0,0,15,1,0,0,,0,40 04:15.657,,0,75 09:40.050,0,0,0,0,67301,0,0,0,N,0,0,0,3,67301,0,,6,1,,N,N,,0,,0,0,1,0,0,,1550,0,3,0,0,0,0,0,3,4,1,3,3,,N,,,,,,,,,,,
2009044878,1920.0,1,0,0,0,0,0,0,0,0,8,0,,67,3,2009,5,40.0251,-75.1174,1917.0,6,0,0,0,0,0,0,0,0,,0,0,0,18,1,1,1,,0,40 01:30.262,,0,75 07:02.589,4,0,0,0,67301,1,0,0,,1,0,0,2,67301,1,,1,1,,,,,0,,0,0,0,0,0,,1825,1,2,0,0,0,0,0,3,4,0,1,3,,N,,,,,,,,,,,
2009044958,1601.0,3,0,0,0,0,0,0,0,0,1,0,,67,4,2009,4,39.9795,-75.2041,1555.0,6,0,0,0,0,0,1,0,0,1.0,0,0,0,15,1,0,0,,2,39 58:49.177,4.0,0,75 12:19.283,0,0,0,0,67301,0,0,0,N,0,0,0,3,68K01,0,,1,8,,N,N,,0,,0,0,0,0,0,N,1546,0,3,0,0,0,0,0,3,4,0,3,7,,N,,,,,,,,,,,
2009105839,1149.0,1,0,0,0,0,0,0,0,0,1,0,,67,9,2009,6,39.9617,-75.157,1144.0,6,0,0,0,0,0,0,0,0,2.0,0,0,0,99,1,3,0,,2,39 57:42.133,3.0,0,75 09:25.269,4,0,0,0,67301,2,0,0,,2,0,0,3,67301,3,,1,1,,,,,1,,0,0,1,0,0,Y,9999,3,5,0,0,0,0,0,3,4,0,3,3,,N,,,,,,,,,,,
2009120456,1238.0,1,0,0,0,0,0,0,0,0,4,1,,67,10,2009,6,40.044,-75.0534,1234.0,6,0,0,0,0,1,1,0,0,1.0,0,1,0,12,1,3,0,,1,40 02:38.413,4.0,7,75 03:12.374,3,0,0,0,67301,0,0,0,N,0,0,0,4,67301,2,,1,1,,N,N,,0,,1,0,0,3,2,N,1234,3,2,0,0,0,0,1,3,4,0,2,3,,N,,,,,,,,,,,
2009105522,1730.0,1,0,0,0,0,0,0,0,0,8,0,,67,9,2009,6,39.9867,-75.1595,1725.0,6,0,0,0,0,0,1,0,0,,0,0,0,16,1,1,1,,0,39 59:12.228,,0,75 09:34.174,4,0,0,0,67301,1,0,0,N,1,0,0,2,67301,1,,1,1,,N,,,0,,0,0,0,3,2,,1642,1,2,0,0,0,0,0,3,4,0,1,3,,N,,,,,,,,,,,
2009105682,32.0,1,0,0,0,0,0,0,0,0,6,0,,67,9,2009,7,39.9716,-75.1602,25.0,6,0,0,0,1,0,0,0,0,,0,0,0,23,3,0,1,,0,39 58:17.607,,0,75 09:36.821,9,0,0,0,67301,0,0,0,N,0,0,0,4,67301,0,,1,9,,N,N,,0,,0,0,1,2,3,,2345,0,2,0,0,0,0,1,3,4,0,2,7,,N,,,,,,,,,,,
2009100723,1347.0,1,0,0,1,0,0,0,0,0,4,0,,67,9,2009,1,40.0478,-75.0599,1345.0,6,0,0,0,0,0,0,0,0,,0,0,0,13,1,1,0,,0,40 02:52.041,,7,75 03:35.604,8,0,0,0,67301,1,0,0,,0,0,0,2,67301,0,,4,1,,,,,0,,0,0,0,3,3,,1345,1,2,0,0,0,1,0,3,4,0,1,3,,N,,,,,,,,,,,
2009100730,1145.0,2,0,0,0,0,0,0,0,0,4,0,,67,9,2009,1,39.9692,-75.2284,1143.0,6,0,0,0,0,1,0,0,0,,0,0,0,11,1,2,1,,0,39 58:09.192,,0,75 13:42.211,3,0,0,0,67301,0,0,0,,0,0,0,2,67301,0,,1,1,,,,,1,,2,0,0,3,3,,1140,2,3,0,0,0,0,0,3,4,0,3,3,,N,,,,,,,,,,,
2009104887,1621.0,1,0,0,0,0,0,0,0,0,1,0,,67,9,2009,5,40.0582,-74.9977,1620.0,6,0,0,0,0,0,1,0,0,1.0,0,0,0,16,1,1,0,,1,40 03:29.654,2.0,0,74 59:51.644,4,0,0,0,67301,0,0,0,N,0,0,0,2,67301,1,,1,1,,N,N,,0,,0,0,1,0,0,N,1619,1,2,0,0,0,0,0,3,4,0,2,3,,N,,,,,,,,,,,
2009025803,205.0,2,0,0,0,0,0,0,0,0,4,0,,67,1,2009,1,39.9947,-75.0946,158.0,6,0,0,0,0,0,0,0,0,,0,0,0,1,6,2,0,,0,39 59:40.920,,0,75 05:40.560,4,0,0,0,67301,0,0,0,N,0,0,0,4,67301,2,,1,1,,N,N,,0,,0,0,0,0,0,,158,2,2,0,0,4,0,0,3,4,0,2,3,,N,,,,,,,,,,,
2009025824,1818.0,1,0,0,0,0,0,0,0,0,1,0,,67,1,2009,2,39.9258,-75.1711,1713.0,6,0,0,0,1,0,1,0,0,,0,0,0,17,3,1,1,,0,39 55:32.941,,0,75 10:15.985,4,0,0,0,67301,0,0,0,N,0,0,0,4,67301,1,,1,2,,N,N,,0,,0,0,1,3,3,,1710,1,2,0,0,0,0,0,3,4,0,2,3,,N,,,,,,,,,,,
2009025197,1445.0,1,0,0,0,0,0,0,0,0,7,0,,67,1,2009,1,39.9948,-75.234,1440.0,6,0,0,0,0,0,0,0,0,,0,0,0,14,1,2,1,,0,39 59:41.254,,0,75 14:02.558,3,0,0,0,67301,0,0,0,N,0,0,0,3,67301,0,,4,1,,N,N,,0,,1,0,0,3,2,,1435,2,2,0,0,2,1,1,3,4,0,1,3,,N,,,,,,,,,,,
2009030795,2025.0,2,0,0,0,0,0,0,0,0,4,0,,67,1,2009,6,39.9229,-75.2427,2020.0,6,0,0,0,0,0,0,0,0,,0,0,0,20,3,0,0,,0,39 55:22.353,,0,75 14:33.666,0,0,0,0,67301,0,0,0,N,0,0,0,1,67301,0,,1,2,,N,N,,0,,0,0,0,0,0,,2015,0,2,0,0,0,0,0,3,4,0,2,3,,N,,,,,,,,,,,
2009032923,1835.0,1,0,0,0,0,0,0,0,0,1,0,,67,2,2009,2,40.0441,-75.1288,1832.0,6,0,0,0,0,0,0,0,0,,0,0,0,18,3,1,1,,0,40 02:38.691,,0,75 07:43.766,4,0,0,0,67301,0,0,0,N,0,0,0,2,67301,1,,1,9,,N,N,,0,,0,0,1,3,2,,1820,1,2,0,0,0,0,1,3,4,0,2,3,,N,,,,,,,,,,,
2009032926,1505.0,1,0,0,0,0,0,0,0,0,7,0,,67,1,2009,2,40.0444,-75.2038,1440.0,6,0,0,0,0,0,0,0,0,,0,0,0,14,1,0,0,,0,40 02:39.739,,0,75 12:13.571,0,0,0,0,67301,0,0,0,N,0,0,0,1,67301,0,,2,7,,N,N,,0,,0,0,0,0,0,,1435,0,1,0,0,0,0,0,3,4,0,1,10,,N,,,,,,,,,,,
2009081869,1929.0,2,0,0,0,0,0,0,0,0,1,0,,67,6,2009,2,40.0342,-75.0714,1924.0,6,0,0,0,0,1,0,0,0,1.0,0,0,0,19,1,1,1,,1,40 02:03.258,2.0,0,75 04:17.332,4,0,0,0,67301,0,0,0,,0,0,0,2,67301,1,,1,1,,,,,0,,0,0,0,3,2,N,1909,1,2,0,0,0,0,0,3,4,0,2,3,,N,,,,,,,,,,,
2009074903,1944.0,5,0,0,0,0,0,0,0,0,1,0,,67,6,2009,7,39.9716,-75.1712,1937.0,6,0,0,0,0,0,0,0,0,1.0,0,0,0,19,1,1,0,,2,39 58:17.860,3.0,0,75 10:16.489,8,0,0,0,67301,0,0,0,N,0,0,0,1,67301,0,,6,1,,N,N,,0,,0,0,0,0,0,N,1933,1,5,0,0,0,1,0,3,4,0,5,3,,N,,,,,,,,,,,
2009100619,1945.0,0,0,0,0,0,0,0,0,0,2,0,,67,9,2009,2,40.0394,-75.0535,1935.0,6,0,0,0,0,0,1,0,0,,0,0,0,19,3,1,0,,0,40 02:21.746,,0,75 03:12.488,8,0,0,0,67301,0,0,0,N,0,0,0,1,67301,0,,1,1,,N,N,,1,,0,0,0,0,0,,1930,1,2,0,0,0,1,0,3,4,1,2,3,,N,,,,,,,,,,,
2009100631,520.0,0,0,0,0,0,0,0,0,0,4,1,,67,9,2009,6,40.0253,-75.0271,514.0,6,0,0,0,0,0,1,0,0,,0,1,0,5,5,1,2,,0,40 01:31.108,,0,75 01:37.531,4,0,0,0,67301,0,0,0,N,0,0,0,2,67301,1,,1,9,,N,N,,1,,0,0,0,0,0,,500,1,2,0,0,0,0,0,3,4,0,2,7,,N,,,,,,,,,,,
2009100089,1720.0,1,0,0,0,0,0,0,0,0,8,0,,67,9,2009,5,39.9298,-75.1825,1700.0,6,0,0,0,0,0,0,0,0,,0,0,0,16,1,1,0,,0,39 55:47.388,,0,75 10:56.992,8,0,0,0,67301,1,0,0,N,1,0,0,3,67301,0,,1,1,,N,N,,0,,0,0,0,0,0,,1650,1,2,0,0,0,1,0,3,4,0,1,3,,N,,,,,,,,,,,
2009103603,2048.0,1,0,0,0,0,0,0,0,0,1,0,,67,10,2009,7,39.899,-75.1677,2045.0,6,0,0,0,1,0,0,0,0,,0,0,0,20,3,0,3,,0,39 54:00.000,,2,75 09:35.280,0,0,0,0,67301,0,0,0,N,0,0,0,3,68K01,0,,1,1,,N,N,,0,,0,0,1,0,0,,2043,0,2,0,0,0,0,0,3,4,0,2,3,,N,,,,,,,,,,,
2009003977,911.0,1,0,0,0,0,0,0,0,0,1,0,,67,1,2009,3,39.9923,-75.2456,907.0,6,0,0,0,0,0,0,0,0,2.0,0,0,0,9,1,1,0,,2,39 59:33.000,2.0,0,75 14:42.000,8,0,0,0,67301,0,0,0,N,0,0,0,3,46104,0,,1,1,,N,N,,0,,0,0,2,3,2,Y,907,1,3,0,0,0,1,0,3,4,0,3,3,,N,,,,,,,,,,,
2009044205,830.0,2,0,0,0,0,0,0,0,0,4,0,,67,3,2009,2,40.0137,-75.1502,818.0,6,0,0,0,0,0,0,0,0,,0,0,0,8,1,0,2,,0,40 00:49.307,,0,75 09:00.594,9,0,0,0,67301,0,0,0,N,0,0,0,2,67301,0,,1,1,,N,N,,0,,0,0,0,0,0,,815,0,2,0,0,0,0,1,3,4,0,2,3,,N,,,,,,,,,,,
2009048757,1545.0,1,0,0,0,0,0,0,0,0,1,0,,67,4,2009,2,40.0057,-75.1483,1540.0,6,0,0,0,0,0,0,0,0,,0,0,0,15,1,1,1,,0,40 00:20.401,,0,75 08:53.861,4,0,0,0,67301,0,0,0,,0,0,0,3,67301,1,,1,1,,N,N,,1,,0,0,1,3,2,,1530,1,3,0,0,2,0,0,3,4,0,3,3,,N,,,,,,,,,,,
2009048810,1220.0,2,0,0,0,0,0,0,0,0,4,0,,67,3,2009,6,40.0313,-75.0662,1215.0,6,0,0,0,0,0,1,0,0,,0,0,0,12,1,3,1,,0,40 01:52.680,,0,75 03:58.320,4,0,0,0,67301,0,0,0,N,0,0,0,3,67301,1,,1,1,,N,N,,0,,0,0,0,3,3,,1205,3,2,0,0,0,2,0,3,4,0,2,3,,N,,,,,,,,,,,
2009036314,2246.0,1,0,0,0,0,0,0,0,0,1,0,,67,3,2009,6,39.9219,-75.1477,2226.0,6,0,0,0,0,0,0,0,0,1.0,0,0,0,22,3,0,0,,1,39 55:14.439,1.0,0,75 08:52.585,0,0,0,0,67301,0,0,0,N,0,0,0,3,68K01,0,,1,1,,N,N,,0,,0,0,1,0,0,N,2215,0,2,0,0,0,0,0,3,4,0,2,3,,N,,,,,,,,,,,
2009039070,1642.0,1,0,0,0,0,0,0,0,0,8,0,,67,2,2009,3,40.0157,-75.0846,1639.0,6,0,0,0,0,0,1,0,0,,0,0,0,14,1,1,1,,0,40 00:56.647,,0,75 05:04.877,4,0,0,0,67301,1,0,0,,1,0,0,2,67301,1,,4,1,,N,N,,0,,0,0,0,2,2,,1404,1,2,0,0,0,0,1,3,4,0,1,3,,N,,,,,,,,,,,
2009048907,210.0,5,0,0,0,0,0,0,0,0,4,0,,67,4,2009,7,40.0369,-75.1339,201.0,6,0,0,0,0,0,0,0,0,,0,0,0,2,3,1,0,,0,40 02:12.749,,0,75 08:02.120,4,0,0,0,67301,0,0,0,N,0,0,0,2,67301,1,,1,1,,N,N,,1,,0,0,0,0,0,,201,1,6,0,0,0,0,0,3,4,0,6,3,,N,,,,,,,,,,,
2009038703,2130.0,1,0,0,0,0,0,0,0,0,4,0,,67,2,2009,4,40.0413,-75.1067,2116.0,6,0,0,0,0,0,0,0,0,,0,0,0,21,2,0,1,,0,40 02:28.801,,0,75 06:24.127,0,0,0,0,67301,0,0,0,,0,0,0,2,67301,0,,1,1,,,,,1,,0,0,0,3,2,,2107,0,2,0,0,0,0,0,3,4,0,2,3,,N,,,,,,,,,,,
2009049051,1545.0,1,0,0,0,0,0,0,0,0,8,0,,67,4,2009,4,39.9642,-75.204,1540.0,6,0,0,0,0,0,0,0,0,,0,0,0,15,1,1,0,,0,39 57:51.062,,0,75 12:14.370,3,0,0,0,67301,1,0,0,N,1,0,0,2,67301,0,,1,9,,N,N,,0,,1,0,0,0,0,,1540,1,2,0,0,0,0,0,3,4,0,1,7,,N,,,,,,,,,,,