CRN,ARRIVAL_TM,AUTOMOBILE_COUNT,BELTED_DEATH_COUNT,BELTED_SUSP_SERIOUS_INJ_COUNT,BICYCLE_COUNT,BICYCLE_DEATH_COUNT,BICYCLE_SUSP_SERIOUS_INJ_COUNT,BUS_COUNT,CHLDPAS_DEATH_COUNT,CHLDPAS_SUSP_SERIOUS_INJ_COUNT,COLLISION_TYPE,COMM_VEH_COUNT,CONS_ZONE_SPD_LIM,COUNTY,CRASH_MONTH,CRASH_YEAR,DAY_OF_WEEK,DEC_LAT,DEC_LONG,DISPATCH_TM,DISTRICT,DRIVER_COUNT_16YR,DRIVER_COUNT_17YR,DRIVER_COUNT_18YR,DRIVER_COUNT_19YR,DRIVER_COUNT_20YR,DRIVER_COUNT_50_64YR,DRIVER_COUNT_65_74YR,DRIVER_COUNT_75PLUS,EST_HRS_CLOSED,FATAL_COUNT,HEAVY_TRUCK_COUNT,HORSE_BUGGY_COUNT,HOUR_OF_DAY,ILLUMINATION,INJURY_COUNT,INTERSECT_TYPE,INTERSECTION_RELATED,LANE_CLOSED,LATITUDE,LN_CLOSE_DIR,LOCATION_TYPE,LONGITUDE,MAX_SEVERITY_LEVEL,MCYCLE_DEATH_COUNT,MCYCLE_SUSP_SERIOUS_INJ_COUNT,MOTORCYCLE_COUNT,MUNICIPALITY,NONMOTR_COUNT,NONMOTR_DEATH_COUNT,NONMOTR_SUSP_SERIOUS_INJ_COUNT,NTFY_HIWY_MAINT,PED_COUNT,PED_DEATH_COUNT,PED_SUSP_SERIOUS_INJ_COUNT,PERSON_COUNT,POLICE_AGCY,POSSIBLE_INJ_COUNT,RDWY_SURF_TYPE_CD,RELATION_TO_ROAD,ROAD_CONDITION,ROADWAY_CLEARED,SCH_BUS_IND,SCH_ZONE_IND,SECONDARY_CRASH,SMALL_TRUCK_COUNT,SPEC_JURIS_CD,SUSP_MINOR_INJ_COUNT,SUSP_SERIOUS_INJ_COUNT,SUV_COUNT,TCD_FUNC_CD,TCD_TYPE,TFC_DETOUR_IND,TIME_OF_DAY,TOT_INJ_COUNT,TOTAL_UNITS,UNB_DEATH_COUNT,UNB_SUSP_SERIOUS_INJ_COUNT,UNBELTED_OCC_COUNT,UNK_INJ_DEG_COUNT,UNK_INJ_PER_COUNT,URBAN_AREA,URBAN_RURAL,VAN_COUNT,VEHICLE_COUNT,WEATHER1,WEATHER2,WORK_ZONE_IND,WORK_ZONE_LOC,WORK_ZONE_TYPE,WORKERS_PRES,WZ_CLOSE_DETOUR,WZ_FLAGGER,WZ_LAW_OFFCR_IND,WZ_LN_CLOSURE,WZ_MOVING,WZ_OTHER,WZ_SHLDER_MDN,WZ_WORKERS_INJ_KILLED
2009043987,2359.0,2,0,0,0,0,0,0,0,0,4,0,,67,3,2009,7,40.029,-75.1061,2356.0,6,0,0,0,0,0,0,0,0,1.0,0,0,0,23,3,1,5,,1,40 01:37.200,1.0,0,75 06:46.080,8,0,0,0,67301,0,0,0,N,0,0,0,2,67301,0,,1,1,,N,N,,0,,0,0,0,3,2,N,2354,1,2,0,0,0,1,1,3,4,0,2,3,,N,,,,,,,,,,,
2009049123,342.0,2,0,0,0,0,0,0,0,0,1,0,,67,3,2009,4,39.9165,-75.1732,340.0,6,0,0,0,0,0,0,0,0,,0,0,0,3,3,0,0,,0,39 54:59.303,,0,75 10:23.440,9,0,0,0,67301,0,0,0,N,0,0,0,1,67301,0,,6,1,,N,N,,1,,0,0,0,0,0,,339,0,4,0,0,0,0,1,3,4,0,4,3,,N,,,,,,,,,,,
2009040294,2318.0,1,0,0,0,0,0,0,0,0,7,0,,67,4,2009,4,39.9739,-75.1187,2317.0,6,0,0,0,0,0,0,0,0,1.0,0,0,0,23,3,3,0,,1,39 58:28.908,1.0,0,75 07:03.338,3,0,0,0,67301,0,0,0,N,0,0,0,3,68K01,2,,2,1,,N,N,,0,,1,0,0,0,0,N,2304,3,1,0,0,0,0,0,3,4,0,1,3,,N,,,,,,,,,,,
2009011197,1911.0,0,0,0,0,0,0,0,0,0,1,0,,67,1,2009,6,39.9497,-75.1841,1857.0,6,0,0,0,0,0,1,0,0,1.0,0,0,0,18,2,0,0,,2,39 57:03.043,3.0,0,75 10:59.220,0,0,0,0,67301,0,0,0,N,0,0,0,2,68K01,0,,1,1,,N,N,,0,,0,0,2,0,0,N,1850,0,2,0,0,0,0,0,3,4,0,2,3,,N,,,,,,,,,,,
2009019158,110.0,2,0,0,0,0,0,0,0,0,4,0,,67,1,2009,2,39.9636,-75.1396,107.0,6,0,0,0,0,0,0,0,0,,0,0,0,1,3,1,0,,0,39 57:48.967,,0,75 08:22.617,4,0,0,0,67301,0,0,0,N,0,0,0,1,67301,1,,6,9,,N,N,,1,,0,0,0,0,0,,105,1,3,0,0,0,0,0,3,4,0,3,5,,N,,,,,,,,,,,
2009048213,2012.0,1,0,0,0,0,0,0,0,0,7,0,,67,4,2009,3,40.0231,-75.0336,2007.0,6,0,0,0,0,0,0,0,0,1.0,0,0,0,20,2,0,0,,1,40 01:22.951,1.0,2,75 02:02.020,0,0,0,0,67301,0,0,0,N,0,0,0,1,68K01,0,,2,9,,N,N,,0,,0,0,0,0,0,N,2003,0,1,0,0,0,0,0,3,4,0,1,7,,N,,,,,,,,,,,
2009105787,1250.0,1,0,0,0,0,0,0,0,0,5,0,,67,10,2009,1,39.9133,-75.2414,1245.0,6,0,0,0,0,0,0,0,0,,0,0,0,12,1,1,0,,0,39 54:47.944,,0,75 14:29.014,8,0,0,1,67301,0,0,0,,0,0,0,1,67301,0,,1,1,,N,N,,0,,0,0,0,0,0,,1211,1,2,0,0,0,1,0,3,4,0,2,3,,N,,,,,,,,,,,
2009105801,1245.0,0,0,0,0,0,0,0,0,0,4,0,,67,9,2009,3,39.9112,-75.2306,1236.0,6,0,0,0,0,0,1,0,0,,0,0,0,12,1,1,3,,0,39 54:40.341,,0,75 13:50.008,4,0,0,0,67301,0,0,0,,0,0,0,2,67301,1,,1,1,,,,,2,,0,0,0,3,2,,1236,1,2,0,0,0,0,0,3,4,0,2,3,,N,,,,,,,,,,,
2009110198,1752.0,3,0,0,0,0,0,0,0,0,1,0,,67,10,2009,6,40.0498,-74.9944,1741.0,6,0,1,0,0,0,0,0,0,1.0,0,0,0,17,1,0,0,,2,40 02:59.322,2.0,0,74 59:39.797,0,0,0,0,67301,0,0,0,N,0,0,0,6,68K01,0,,1,9,,N,N,,0,,0,0,0,0,0,N,1739,0,3,0,0,0,0,0,3,4,0,3,7,,N,,,,,,,,,,,
2009105912,1435.0,3,0,0,0,0,0,0,0,0,1,0,,67,10,2009,7,40.0992,-75.0123,1430.0,6,0,0,0,0,0,1,0,0,2.0,0,0,0,14,1,1,1,,1,40 05:57.051,2.0,0,75 00:44.384,3,0,0,0,67301,0,0,0,N,0,0,0,4,67301,0,,1,1,,N,N,,0,,1,0,0,3,2,Y,1430,1,3,0,0,0,0,0,3,4,0,3,3,,N,,,,,,,,,,,
2009105932,1326.0,1,0,0,0,0,0,0,0,0,1,0,,67,10,2009,5,39.9615,-75.1494,1326.0,6,0,0,0,0,0,1,0,0,,0,0,0,13,1,0,0,,0,39 57:41.255,,0,75 08:57.942,0,0,0,0,67301,0,0,0,,0,0,0,2,67301,0,,1,1,,,,,1,,0,0,0,3,2,,1326,0,2,0,0,0,0,0,3,4,0,2,3,,N,,,,,,,,,,,
2009100741,1650.0,1,0,0,1,0,0,0,0,0,2,0,,67,9,2009,4,40.0613,-75.1685,1645.0,6,0,0,0,0,0,0,0,0,,0,0,0,16,1,1,0,,0,40 03:40.641,,0,75 10:06.666,4,0,0,0,67301,1,0,0,N,0,0,0,2,67301,1,,1,9,,N,N,,0,,0,0,0,0,0,,1630,1,2,0,0,0,0,0,3,4,0,1,7,,N,,,,,,,,,,,
2009100542,936.0,0,0,0,0,0,0,0,0,0,5,0,,67,8,2009,7,39.9922,-75.2019,934.0,6,0,0,0,0,0,0,0,0,2.0,0,0,0,9,1,3,0,,2,39 59:34.419,2.0,0,75 12:02.559,3,0,0,0,67301,0,0,0,N,0,0,0,6,67301,2,,1,9,,N,N,,0,,1,0,0,3,8,N,930,3,2,0,0,1,0,0,3,4,2,2,7,,N,,,,,,,,,,,
2009028134,1325.0,1,0,0,0,0,0,0,0,0,2,0,,67,1,2009,6,40.0025,-75.1726,1323.0,6,0,0,0,1,0,1,0,0,,0,0,0,13,1,3,1,,0,40 00:08.967,,0,75 10:21.514,8,0,0,0,67301,0,0,0,N,0,0,0,4,67301,0,,1,1,,N,N,,0,,0,0,0,0,0,,1318,3,2,0,0,0,3,1,3,4,1,2,3,,N,,,,,,,,,,,
2009025831,1010.0,1,0,0,0,0,0,0,0,0,4,0,,67,1,2009,3,40.0237,-75.0926,1005.0,6,0,0,0,0,0,1,0,0,,0,0,0,99,1,2,1,,0,40 01:25.285,,0,75 05:33.380,4,0,0,0,67301,0,0,0,,0,0,0,3,67301,2,,1,2,,,,,0,,0,0,1,3,2,,9999,2,2,0,0,0,0,0,3,4,0,2,9,,N,,,,,,,,,,,
2009028482,2345.0,1,0,0,0,0,0,0,0,0,2,0,,67,1,2009,5,40.0227,-75.1335,2340.0,6,0,0,0,0,0,0,0,0,,0,0,0,23,3,1,1,,0,40 01:21.712,,0,75 08:00.711,8,0,0,0,67301,0,0,0,,0,0,0,2,67301,0,,1,1,,N,,,1,,0,0,0,3,2,,2330,1,2,0,0,0,1,0,3,4,0,2,3,,N,,,,,,,,,,,
2009028483,1507.0,2,0,0,0,0,0,0,0,0,7,0,,67,1,2009,7,40.0185,-75.1674,1437.0,6,0,0,0,0,1,0,1,0,1.0,0,0,0,14,1,1,0,,1,40 01:06.600,2.0,0,75 10:02.640,8,0,0,0,67301,0,0,0,N,0,0,0,3,67301,0,,3,1,,N,N,,0,,0,0,0,0,0,N,1437,1,2,0,0,0,1,0,3,4,0,2,3,,N,,,,,,,,,,,
2009028488,2244.0,1,0,0,0,0,0,0,0,0,7,0,,67,1,2009,1,40.0265,-75.0937,2237.0,6,0,0,0,0,0,0,0,0,1.0,0,0,0,22,3,1,0,,1,40 01:35.114,1.0,0,75 05:37.882,4,0,0,0,67301,0,0,0,,0,0,0,1,67301,1,,4,2,,N,N,,0,,0,0,0,0,0,N,2230,1,1,0,0,0,0,0,3,4,0,1,98,,N,,,,,,,,,,,
2009025838,1038.0,0,0,0,1,0,0,0,0,0,4,0,,67,1,2009,2,39.9502,-75.2249,1036.0,6,0,0,0,0,0,1,0,0,,0,0,0,10,1,1,1,,0,39 57:00.802,,0,75 13:29.672,8,0,0,0,67301,1,0,0,N,0,0,0,2,67301,0,,1,1,,N,N,,0,,0,0,0,3,3,,1027,1,2,0,0,0,1,0,3,4,1,1,3,,N,,,,,,,,,,,
2009025845,1830.0,1,0,0,0,0,0,0,0,0,4,0,,67,1,2009,2,40.0636,-75.2002,1829.0,6,0,0,0,0,0,1,0,0,,0,0,0,16,1,1,2,,0,40 03:48.970,,0,75 12:00.871,4,0,0,0,67301,0,0,0,,0,0,0,2,67301,1,,1,2,,N,N,,0,,0,0,1,3,3,,1615,1,2,0,0,0,0,0,3,4,0,2,10,,N,,,,,,,,,,,
2009030186,910.0,1,0,0,0,0,0,0,0,0,3,0,,67,1,2009,2,39.9964,-75.1368,905.0,6,0,0,0,0,0,1,0,0,,0,0,0,9,1,2,1,,0,39 59:46.946,,0,75 08:12.630,8,0,0,0,67301,0,0,0,,0,0,0,3,67301,0,,1,1,,,,,0,,0,0,1,3,3,,903,2,2,0,0,0,2,0,3,4,0,2,3,,N,,,,,,,,,,,
2009030191,9999.0,2,0,0,0,0,0,0,0,0,1,0,,67,2,2009,6,40.0545,-75.0428,1013.0,6,0,0,0,0,0,0,0,0,,0,0,0,10,1,0,1,,0,40 03:16.371,,0,75 02:34.159,0,0,0,0,67301,0,0,0,N,0,0,0,2,67301,0,,1,6,,N,N,,0,,0,0,0,3,2,,1008,0,2,0,0,0,0,0,3,4,0,2,3,,N,,,,,,,,,,,
2009025145,300.0,3,0,0,0,0,0,0,0,0,6,0,,67,1,2009,1,39.9609,-75.243,254.0,6,0,0,0,0,0,0,0,0,,0,0,0,2,3,0,0,,0,39 57:39.289,,0,75 14:34.967,0,0,0,0,67301,0,0,0,,0,0,0,1,67301,0,,5,1,,,,,0,,0,0,0,0,0,,248,0,3,0,0,0,0,0,3,4,0,3,3,,N,,,,,,,,,,,
2009025185,1448.0,0,0,0,1,0,0,0,0,0,2,0,,67,1,2009,2,39.9208,-75.1618,1442.0,6,0,0,0,0,0,0,0,0,,0,0,0,14,1,1,1,,0,39 55:14.962,,0,75 09:42.638,4,0,0,0,67301,2,0,0,N,0,0,0,3,67301,1,,1,1,,N,N,,0,,0,0,1,2,3,,1440,1,2,0,0,0,0,0,3,4,0,1,3,,N,,,,,,,,,,,
2009025189,422.0,1,0,0,0,0,0,0,0,0,2,0,,67,1,2009,7,39.9885,-75.1063,416.0,6,0,0,0,0,0,0,0,0,,0,0,0,4,3,2,1,,0,39 59:18.600,,0,75 06:23.040,3,0,0,0,67301,0,0,0,N,0,0,0,5,67301,1,,1,1,,N,N,,0,,1,0,1,3,2,,414,2,2,0,0,1,0,0,3,4,0,2,3,,N,,,,,,,,,,,
2009030775,1303.0,1,0,0,0,0,0,0,0,0,8,0,,67,2,2009,1,39.9515,-75.1756,1302.0,6,0,0,0,0,0,1,0,0,,0,0,0,12,1,1,1,,0,39 57:05.515,,0,75 10:32.041,4,0,0,0,67301,2,0,0,N,2,0,0,3,67301,1,,1,1,,N,N,,0,,0,0,0,0,0,,1257,1,3,0,0,0,0,0,3,4,0,1,3,,N,,,,,,,,,,,
2009028280,944.0,0,0,0,0,0,0,0,0,0,7,1,,67,3,2009,2,39.9014,-75.1526,944.0,6,0,0,0,0,0,0,0,0,2.0,0,1,0,9,1,0,0,,1,39 54:06.935,2.0,0,75 09:06.044,0,0,0,0,67301,0,0,0,N,0,0,0,1,68K01,0,,2,7,,N,N,,0,,0,0,0,0,0,N,944,0,1,0,0,0,0,0,3,4,0,1,10,,N,,,,,,,,,,,
2009025620,905.0,2,0,0,0,0,0,0,0,0,4,0,,67,1,2009,3,39.9841,-75.1353,858.0,6,0,0,0,0,0,1,0,0,2.0,0,0,0,99,1,1,2,,2,39 59:02.796,1.0,0,75 08:07.216,8,0,0,0,67301,0,0,0,N,0,0,0,3,67301,0,,1,1,,N,N,,0,,0,0,1,3,3,Y,9999,1,5,0,0,0,1,0,3,4,2,5,3,,N,,,,,,,,,,,
2009091929,240.0,2,0,0,0,0,0,0,0,0,4,0,,67,8,2009,7,39.8868,-75.2152,233.0,6,0,0,0,0,0,0,0,0,2.0,0,0,0,2,3,2,0,,1,39 53:08.520,2.0,0,75 12:31.320,3,0,0,0,67301,0,0,0,N,0,0,0,3,68K01,1,,1,1,,N,N,,0,,1,0,0,0,0,N,230,2,2,0,0,0,0,1,3,4,0,2,3,,N,,,,,,,,,,,
2009100684,254.0,2,0,0,0,0,0,0,0,0,4,0,,67,9,2009,2,40.0455,-75.1649,254.0,6,0,0,0,0,1,0,0,0,,0,0,0,2,3,2,1,,0,40 02:43.800,,0,75 09:53.514,4,0,0,0,67301,0,0,0,N,0,0,0,5,67301,2,,1,1,,N,N,,0,,0,0,0,3,2,,254,2,2,0,0,0,0,0,3,4,0,2,3,,N,,,,,,,,,,,
2009044184,1817.0,2,0,0,0,0,0,0,0,0,1,0,,67,3,2009,7,39.9298,-75.1631,1803.0,6,0,0,0,0,0,0,0,0,,0,0,0,18,4,1,1,,0,39 55:47.265,,0,75 09:47.181,4,0,0,0,67301,0,0,0,N,0,0,0,1,67301,1,,1,1,,N,N,,0,,0,0,1,3,2,,1800,1,3,0,0,0,0,0,3,4,0,3,3,,N,,,,,,,,,,,
2009044199,1640.0,0,0,0,0,0,0,0,0,0,8,0,,67,3,2009,1,39.9517,-75.1582,1638.0,6,0,0,0,0,0,0,0,0,,0,0,0,16,1,1,1,,0,39 57:06.266,,0,75 09:29.839,8,0,0,0,67301,1,0,0,N,1,0,0,2,67301,0,,1,1,,N,N,,1,,0,0,0,3,2,,1635,1,2,0,0,1,1,0,3,4,0,1,3,,N,,,,,,,,,,,
2009044250,2255.0,2,0,0,0,0,0,0,0,0,4,0,,67,3,2009,7,40.0056,-75.103,2250.0,6,0,1,0,0,0,0,0,0,,0,0,0,22,3,1,0,,0,40 00:20.167,,7,75 06:10.842,4,0,0,0,67301,0,0,0,N,0,0,0,6,67301,1,,1,1,,N,N,,0,,0,0,0,0,0,,2240,1,2,0,0,0,0,0,3,4,0,2,3,,N,,,,,,,,,,,
2009044259,1545.0,2,0,0,0,0,0,0,0,0,4,0,,67,3,2009,4,40.1282,-75.0232,1530.0,6,0,0,0,0,0,0,0,0,,0,0,0,15,1,1,2,,0,40 07:41.516,,0,75 01:23.404,8,0,0,0,67301,0,0,0,N,0,0,0,2,67301,0,,1,9,,N,N,,0,,0,0,0,3,3,,1500,1,2,0,0,0,1,0,3,4,0,2,7,,N,,,,,,,,,,,
2009044274,1643.0,0,0,0,1,0,0,0,0,0,1,0,,67,1,2009,4,40.0158,-75.1174,1639.0,6,0,0,0,0,0,0,0,0,9.0,0,0,0,99,3,1,2,,2,40 00:57.392,2.0,0,75 07:02.584,8,0,0,0,67301,1,0,0,,0,0,0,2,67301,0,,1,9,,,,,0,,0,0,1,0,0,Y,9999,1,2,0,0,0,1,0,3,4,0,1,7,,N,,,,,,,,,,,
2009044305,40.0,2,0,0,0,0,0,0,0,0,1,0,,67,3,2009,1,39.9205,-75.2415,35.0,6,0,0,0,0,0,0,0,0,9.0,0,0,0,0,3,2,0,,1,39 55:13.821,3.0,0,75 14:29.439,4,0,0,0,67301,0,0,0,N,0,0,0,2,67301,1,,1,9,,N,N,,0,,0,0,0,3,2,N,31,2,2,0,0,0,1,0,3,4,0,2,10,,N,,,,,,,,,,,
2009049534,1306.0,0,0,0,0,0,0,0,0,0,8,0,,67,4,2009,5,39.9529,-75.1597,1303.0,6,0,0,0,0,0,0,0,0,,0,0,0,13,1,1,2,,0,39 57:10.616,,0,75 09:34.855,8,0,0,0,67301,1,0,0,,1,0,0,3,67301,0,,1,1,,N,N,,1,,0,0,0,9,2,,1300,1,2,0,0,0,1,0,3,4,0,1,3,,N,,,,,,,,,,,
2009007673,1100.0,0,0,0,0,0,0,0,0,0,7,0,,67,1,2009,4,40.0246,-75.0309,1056.0,6,0,0,0,0,0,0,1,0,1.0,0,0,0,10,1,1,0,,1,40 01:27.158,2.0,2,75 01:50.903,4,0,0,0,67301,0,0,0,N,0,0,0,1,68K01,1,,2,9,,N,N,,0,,0,0,1,0,0,N,1054,1,1,0,0,0,0,0,3,4,0,1,7,,N,,,,,,,,,,,
2009007827,209.0,1,0,0,0,0,0,0,0,0,7,0,,67,1,2009,7,39.9564,-75.1422,206.0,6,0,0,0,0,0,0,0,0,,0,0,0,2,3,0,3,,0,39 57:25.336,,2,75 08:38.700,9,0,0,0,67301,0,0,0,N,0,0,0,1,68K01,0,,3,1,,N,N,,0,,0,0,0,0,0,,203,0,1,0,0,0,0,1,3,4,0,1,3,,N,,,,,,,,,,,
2009049386,225.0,0,0,0,0,0,0,0,0,0,7,0,,67,4,2009,2,40.1234,-75.015,219.0,6,0,0,0,0,0,0,0,0,,0,0,0,2,3,0,0,,0,40 07:24.081,,0,75 00:54.064,0,0,0,0,67301,0,0,0,,0,0,0,2,67301,0,,5,1,,,,,1,,0,0,0,0,0,,210,0,1,0,0,0,0,0,3,4,0,1,3,,N,,,,,,,,,,,
2009046796,1119.0,2,0,0,0,0,0,0,0,0,1,0,,67,4,2009,7,39.9906,-75.2049,1118.0,6,0,0,0,0,0,0,0,0,1.0,0,0,0,11,1,2,0,,1,39 59:28.629,3.0,0,75 12:13.482,4,0,0,0,67301,0,0,0,N,0,0,0,3,68K01,2,,1,1,,N,N,,0,,0,0,0,0,0,N,1117,2,3,0,0,0,0,0,3,4,1,3,3,,N,,,,,,,,,,,
2009048777,1645.0,2,0,0,0,0,0,0,0,0,1,0,,67,4,2009,7,39.9609,-75.245,1634.0,6,0,0,0,0,0,0,0,0,,0,0,0,16,1,1,1,,0,39 57:39.331,,0,75 14:41.973,4,0,0,0,67301,0,0,0,N,0,0,0,3,67301,1,,1,9,,N,N,,0,,0,0,0,3,2,,1615,1,2,0,0,0,0,0,3,4,0,2,3,,N,,,,,,,,,,,
2009048797,1845.0,4,0,0,0,0,0,0,0,0,1,0,,67,4,2009,6,39.9546,-75.2064,1829.0,6,0,0,0,0,0,1,0,0,,0,0,0,17,1,1,1,,0,39 57:16.506,,0,75 12:22.874,8,0,0,0,67301,0,0,0,N,0,0,0,4,67301,0,,1,1,,N,N,,0,,0,0,0,3,2,,1745,1,4,0,0,0,1,0,3,4,0,4,3,,N,,,,,,,,,,,
2009124890,1132.0,0,0,0,0,0,0,0,0,0,7,0,,67,11,2009,4,40.081,-75.2219,1130.0,6,0,0,0,0,0,0,0,0,2.0,0,0,0,11,1,2,0,,2,40 04:51.592,6.0,0,75 13:18.750,4,0,0,0,67301,0,0,0,N,0,0,0,2,67301,2,,2,9,,N,N,,1,,0,0,0,0,0,Y,1128,2,1,0,0,0,0,0,3,4,0,1,7,,N,,,,,,,,,,,
2009124972,1439.0,0,0,0,1,0,0,0,0,0,4,0,,67,11,2009,1,39.9328,-75.1864,1435.0,6,0,0,0,0,0,0,0,0,,0,0,0,14,1,1,2,,0,39 55:58.105,,0,75 11:11.075,4,0,0,0,67301,1,0,0,N,0,0,0,2,67301,1,,1,1,,N,N,,1,,0,0,0,3,2,,1430,1,2,0,0,0,0,0,3,4,0,1,3,,N,,,,,,,,,,,
2009124987,1233.0,1,0,0,0,0,0,0,0,0,4,0,,67,11,2009,3,39.9307,-75.17,1228.0,6,0,0,0,0,0,0,0,0,,0,0,0,12,1,1,1,,0,39 55:50.520,,0,75 10:12.046,8,0,0,0,67301,1,0,0,N,1,0,0,2,67301,0,,1,1,,N,N,,0,,0,0,0,3,3,,1210,1,2,0,0,0,1,1,3,4,0,1,3,,N,,,,,,,,,,,
2009112376,1907.0,1,0,0,0,0,0,0,0,0,1,0,,67,10,2009,6,39.9366,-75.1445,1901.0,6,0,0,0,0,0,0,0,0,,0,0,0,18,3,0,0,,0,39 56:11.593,,0,75 08:40.359,0,0,0,0,67301,0,0,0,N,0,0,0,3,68K01,0,,1,1,,N,N,,0,,0,0,1,0,0,,1857,0,2,0,0,0,0,0,3,4,0,2,3,,N,,,,,,,,,,,
2009051016,935.0,2,0,2,0,0,0,0,0,0,4,0,,67,3,2009,7,40.0015,-75.1528,830.0,6,0,0,0,0,0,0,0,0,,0,0,0,8,1,3,0,,0,40 00:05.225,,0,75 09:10.179,2,0,0,0,67301,0,0,0,,0,0,0,3,67301,0,,1,9,,,,,0,,0,3,0,0,0,,817,3,2,0,0,0,0,0,3,4,0,2,7,,N,,,,,,,,,,,
2009120256,2125.0,0,0,0,0,0,0,0,0,0,4,0,,67,10,2009,7,39.9851,-75.2474,2117.0,6,0,0,0,1,0,0,0,0,,0,0,0,21,3,0,1,,0,39 59:06.236,,0,75 14:50.528,0,0,0,0,67301,0,0,0,,0,0,0,2,67301,0,,1,9,,,,,0,,0,0,2,3,2,,2115,0,2,0,0,0,0,0,3,4,0,2,7,,N,,,,,,,,,,,
2009048862,1829.0,2,0,0,0,0,0,0,0,0,1,0,,67,4,2009,4,39.9704,-75.1482,1829.0,6,0,0,0,0,0,0,0,0,,0,0,0,18,1,3,1,,0,39 58:13.816,,0,75 08:53.199,4,0,0,0,67301,0,0,0,,0,0,0,6,67301,3,,1,9,,,,,0,,0,0,0,3,2,,1829,3,2,0,0,0,0,0,3,4,0,2,3,,N,,,,,,,,,,,
2009048881,1745.0,2,0,0,0,0,0,0,0,0,4,0,,67,4,2009,4,40.0588,-75.0506,1745.0,6,0,0,0,0,0,0,0,1,,0,0,0,16,1,0,1,,0,40 03:31.504,,0,75 03:02.100,0,0,0,0,67301,0,0,0,N,0,0,0,5,67301,0,,1,9,,N,N,,0,,0,0,0,3,3,,1645,0,2,0,0,0,0,0,3,4,0,2,7,,N,,,,,,,,,,,
2009038700,1708.0,1,0,0,0,0,0,0,0,0,8,0,,67,2,2009,3,40.0179,-75.2114,1701.0,6,0,0,0,0,0,0,0,0,,0,0,0,15,1,1,0,,0,40 01:04.321,,0,75 12:40.900,8,0,0,0,67301,1,0,0,N,1,0,0,2,67301,0,,1,1,,N,N,,0,,0,0,0,0,0,,1540,1,2,0,0,1,1,0,3,4,0,1,3,,N,,,,,,,,,,,
2009038706,830.0,1,0,0,0,0,0,0,0,0,5,0,,67,2,2009,4,39.9958,-75.1914,825.0,6,0,0,0,0,0,1,0,0,2.0,0,0,0,8,5,2,0,,2,39 59:44.880,5.0,0,75 11:29.040,4,0,0,0,67301,0,0,0,Y,0,0,0,3,67301,2,,1,2,,N,N,,0,,0,0,1,0,0,Y,820,2,2,0,0,0,0,0,3,4,0,2,10,,N,,,,,,,,,,,
2009038715,336.0,1,0,0,0,0,0,0,0,0,1,1,,67,1,2009,1,40.012,-75.0756,334.0,6,0,0,0,0,0,0,0,0,3.0,0,1,0,3,3,2,0,,2,40 00:42.950,5.0,0,75 04:32.357,2,0,0,0,67301,0,0,0,,0,0,0,2,67301,0,,2,9,,,,,0,,1,1,0,0,0,N,330,2,2,0,0,0,0,0,3,4,0,2,7,,N,,,,,,,,,,,
2009049052,1550.0,1,0,0,0,0,0,0,0,0,2,0,,67,4,2009,5,39.9681,-75.2068,1549.0,6,0,0,0,0,0,0,0,0,,0,0,0,15,1,1,1,,0,39 58:05.019,,0,75 12:24.436,4,0,0,0,67301,0,0,0,N,0,0,0,2,67301,1,,1,1,,N,N,,0,,0,0,0,3,3,,1549,1,2,0,0,0,0,0,3,4,0,2,3,,N,,,,,,,,,,,
2009043988,1435.0,1,0,0,0,0,0,0,0,0,1,0,,67,3,2009,3,39.9461,-75.1985,1430.0,6,0,0,0,0,0,0,0,0,1.0,0,0,0,14,1,1,2,,1,39 56:45.926,2.0,0,75 11:54.625,8,0,0,0,67301,0,0,0,N,0,0,0,4,67301,0,,1,1,,N,N,,0,,0,0,1,3,2,N,1415,1,2,0,0,0,1,0,3,4,0,2,3,,N,,,,,,,,,,,
2009044035,1613.0,1,0,0,0,0,0,0,0,0,8,0,,67,3,2009,3,39.9701,-75.1304,1612.0,6,0,0,0,0,0,0,0,0,,0,0,0,99,1,1,1,,0,39 58:13.082,,0,75 07:49.209,4,0,0,0,67301,1,0,0,,1,0,0,2,67301,1,,1,1,,N,N,,0,,0,0,0,3,2,,9999,1,2,0,0,0,0,0,3,4,0,1,3,,N,,,,,,,,,,,
2009048709,1240.0,1,0,0,0,0,0,0,0,0,4,0,,67,2,2009,1,39.9701,-75.2452,1237.0,6,0,0,0,1,0,0,0,0,,0,0,0,12,1,2,0,,0,39 58:12.317,,0,75 14:42.613,8,0,0,0,67301,0,0,0,N,0,0,0,2,67301,0,,1,9,,N,N,,0,,0,0,1,0,0,,1200,2,2,0,0,0,2,0,3,4,0,2,7,,N,,,,,,,,,,,
2009048713,1604.0,1,0,0,0,0,0,1,0,0,5,1,,67,4,2009,2,40.0544,-75.0492,1600.0,6,0,0,0,0,0,0,0,1,1.0,0,0,0,15,1,3,0,,1,40 03:15.811,2.0,0,75 02:57.012,8,0,0,0,67301,0,0,0,,0,0,0,5,67301,0,,1,9,,N,N,,0,,0,0,0,3,2,N,1557,3,2,0,0,0,3,0,3,4,0,2,7,,N,,,,,,,,,,,