CRN,ARRIVAL_TM,AUTOMOBILE_COUNT,BELTED_DEATH_COUNT,BELTED_SUSP_SERIOUS_INJ_COUNT,BICYCLE_COUNT,BICYCLE_DEATH_COUNT,BICYCLE_SUSP_SERIOUS_INJ_COUNT,BUS_COUNT,CHLDPAS_DEATH_COUNT,CHLDPAS_SUSP_SERIOUS_INJ_COUNT,COLLISION_TYPE,COMM_VEH_COUNT,CONS_ZONE_SPD_LIM,COUNTY,CRASH_MONTH,CRASH_YEAR,DAY_OF_WEEK,DEC_LAT,DEC_LONG,DISPATCH_TM,DISTRICT,DRIVER_COUNT_16YR,DRIVER_COUNT_17YR,DRIVER_COUNT_18YR,DRIVER_COUNT_19YR,DRIVER_COUNT_20YR,DRIVER_COUNT_50_64YR,DRIVER_COUNT_65_74YR,DRIVER_COUNT_75PLUS,EST_HRS_CLOSED,FATAL_COUNT,HEAVY_TRUCK_COUNT,HORSE_BUGGY_COUNT,HOUR_OF_DAY,ILLUMINATION,INJURY_COUNT,INTERSECT_TYPE,INTERSECTION_RELATED,LANE_CLOSED,LATITUDE,LN_CLOSE_DIR,LOCATION_TYPE,LONGITUDE,MAX_SEVERITY_LEVEL,MCYCLE_DEATH_COUNT,MCYCLE_SUSP_SERIOUS_INJ_COUNT,MOTORCYCLE_COUNT,MUNICIPALITY,NONMOTR_COUNT,NONMOTR_DEATH_COUNT,NONMOTR_SUSP_SERIOUS_INJ_COUNT,NTFY_HIWY_MAINT,PED_COUNT,PED_DEATH_COUNT,PED_SUSP_SERIOUS_INJ_COUNT,PERSON_COUNT,POLICE_AGCY,POSSIBLE_INJ_COUNT,RDWY_SURF_TYPE_CD,RELATION_TO_ROAD,ROAD_CONDITION,ROADWAY_CLEARED,SCH_BUS_IND,SCH_ZONE_IND,SECONDARY_CRASH,SMALL_TRUCK_COUNT,SPEC_JURIS_CD,SUSP_MINOR_INJ_COUNT,SUSP_SERIOUS_INJ_COUNT,SUV_COUNT,TCD_FUNC_CD,TCD_TYPE,TFC_DETOUR_IND,TIME_OF_DAY,TOT_INJ_COUNT,TOTAL_UNITS,UNB_DEATH_COUNT,UNB_SUSP_SERIOUS_INJ_COUNT,UNBELTED_OCC_COUNT,UNK_INJ_DEG_COUNT,UNK_INJ_PER_COUNT,URBAN_AREA,URBAN_RURAL,VAN_COUNT,VEHICLE_COUNT,WEATHER1,WEATHER2,WORK_ZONE_IND,WORK_ZONE_LOC,WORK_ZONE_TYPE,WORKERS_PRES,WZ_CLOSE_DETOUR,WZ_FLAGGER,WZ_LAW_OFFCR_IND,WZ_LN_CLOSURE,WZ_MOVING,WZ_OTHER,WZ_SHLDER_MDN,WZ_WORKERS_INJ_KILLED
2009048753,1130.0,3,0,0,0,0,0,0,0,0,4,0,,67,4,2009,3,40.0088,-75.0997,1126.0,6,0,0,0,1,0,0,0,0,,0,0,0,11,1,0,1,,0,40 00:31.784,,0,75 05:58.912,0,0,0,0,67301,0,0,0,N,0,0,0,2,67301,0,,1,1,,N,N,,0,,0,0,0,3,3,,1125,0,3,0,0,1,0,0,3,4,0,3,3,,N,,,,,,,,,,,
2009017400,437.0,0,0,0,0,0,0,0,0,0,7,1,,67,1,2009,4,39.9584,-75.1661,409.0,6,0,0,0,0,0,0,0,0,3.0,0,1,0,4,3,1,0,,1,39 57:30.495,4.0,0,75 09:59.520,8,0,0,0,67301,0,0,0,Y,0,0,0,1,68K01,0,,2,7,,N,N,,0,,0,0,0,0,0,N,402,1,1,0,0,0,1,0,3,4,0,1,10,,N,,,,,,,,,,,
2009040337,849.0,2,0,0,0,0,0,0,0,0,4,0,,67,2,2009,5,39.9776,-75.2498,846.0,6,0,0,0,0,0,0,0,0,,0,0,0,8,1,0,1,,0,39 58:39.226,,0,75 14:59.312,0,0,0,0,67301,0,0,0,,0,0,0,2,67301,0,,1,2,,N,N,,0,,0,0,0,3,3,,827,0,2,0,0,0,0,0,3,4,0,2,99,,N,,,,,,,,,,,
2009026003,405.0,2,0,0,0,0,0,0,0,0,1,0,,67,1,2009,1,39.9963,-75.1075,402.0,6,0,1,0,0,0,0,0,0,,0,0,0,3,3,1,0,,0,39 59:46.514,,0,75 06:26.956,4,0,0,0,67301,0,0,0,,0,0,0,1,67301,1,,1,1,,,,,0,,0,0,0,0,0,,350,1,4,0,0,0,0,0,3,4,2,4,3,,N,,,,,,,,,,,
2009044877,1440.0,1,0,0,0,0,0,0,0,0,1,0,,67,3,2009,5,40.0325,-75.1364,1420.0,6,0,0,0,0,0,1,0,0,,0,0,0,14,1,1,1,,0,40 01:57.010,,0,75 08:11.079,4,0,0,0,67301,0,0,0,N,0,0,0,2,67301,1,,1,9,,N,N,,1,,0,0,0,3,3,,1420,1,2,0,0,0,0,0,3,4,0,2,7,,N,,,,,,,,,,,
2009023529,1341.0,1,0,0,0,0,0,0,0,0,7,0,,67,2,2009,3,39.9577,-75.1413,1336.0,6,0,0,0,0,0,0,0,0,1.0,0,0,0,13,1,1,0,,1,39 57:27.266,2.0,0,75 08:28.817,8,0,0,0,67301,0,0,0,N,0,0,0,1,68K01,0,,2,1,,N,N,,0,,0,0,0,0,0,N,1334,1,1,0,0,0,1,0,3,4,0,1,3,,N,,,,,,,,,,,
2009105779,315.0,2,0,0,0,0,0,0,0,0,2,0,,67,10,2009,6,39.9168,-75.1713,312.0,6,0,0,0,0,0,1,0,0,,0,0,0,3,3,0,1,,0,39 55:00.583,,0,75 10:16.768,0,0,0,0,67301,0,0,0,N,0,0,0,2,67301,0,,1,1,,N,N,,0,,0,0,0,3,2,,300,0,2,0,0,0,0,0,3,4,0,2,3,,N,,,,,,,,,,,
2009105892,906.0,1,0,0,0,0,0,0,0,0,8,0,99.0,67,9,2009,2,40.0566,-75.0277,905.0,6,0,0,0,0,0,0,0,1,1.0,0,0,0,9,1,1,0,,2,40 03:23.680,4.0,0,75 01:40.223,8,0,0,0,67301,1,0,0,N,1,0,0,2,67301,0,,1,1,,N,N,,0,,0,0,0,3,7,N,900,1,2,0,0,0,1,0,3,4,0,1,3,,Y,8.0,2.0,Y,U,U,N,Y,U,U,Y,
2009105897,2103.0,1,0,0,1,0,0,0,0,0,4,0,,67,9,2009,2,39.9579,-75.1758,2100.0,6,0,0,0,0,0,1,0,0,,0,0,0,20,3,1,1,,0,39 57:28.342,,0,75 10:32.807,8,0,0,0,67301,1,0,0,N,0,0,0,2,67301,0,,1,1,,N,N,,0,,0,0,0,3,2,,2045,1,2,0,0,0,1,0,3,4,0,1,3,,N,,,,,,,,,,,
2009105908,1930.0,0,0,0,0,0,0,0,0,0,4,0,,67,9,2009,1,40.0198,-75.1105,1920.0,6,0,0,0,0,0,0,0,0,,0,0,0,19,3,1,2,,0,40 01:11.456,,0,75 06:37.889,4,0,0,0,67301,0,0,0,N,0,0,0,2,67301,1,,1,1,,N,N,,1,,0,0,0,3,2,,1920,1,2,0,0,0,0,0,3,4,0,2,3,,N,,,,,,,,,,,
2009105942,2335.0,2,0,0,0,0,0,0,0,0,1,0,,67,10,2009,5,39.9824,-75.157,2330.0,6,0,0,0,0,0,0,0,0,1.0,0,0,0,23,3,0,0,,1,39 58:56.770,1.0,0,75 09:25.139,0,0,0,0,67301,0,0,0,,0,0,0,1,67301,0,,6,1,,N,N,,0,,0,0,1,0,0,N,2330,0,3,0,0,1,0,0,3,4,0,3,3,,N,,,,,,,,,,,
2009120454,525.0,0,0,0,0,0,0,0,0,0,8,0,,67,10,2009,1,40.0163,-75.0618,512.0,6,0,0,0,0,0,0,0,0,,0,0,0,1,3,1,1,,0,40 00:58.803,,0,75 03:42.545,4,0,0,0,67301,1,0,0,,1,0,0,2,67301,1,,1,1,,,,,0,,0,0,0,3,2,,100,1,2,0,0,0,0,0,3,4,0,1,3,,N,,,,,,,,,,,
2009079507,2120.0,1,0,0,0,0,0,0,0,0,8,0,,67,6,2009,1,39.9805,-75.1225,2118.0,6,0,0,0,0,0,1,0,0,,0,0,0,21,3,1,0,,0,39 58:49.814,,0,75 07:21.111,4,0,0,0,67301,1,0,0,N,1,0,0,2,67301,1,,1,1,,N,N,,0,,0,0,0,0,0,,2110,1,2,0,0,0,0,0,3,4,0,1,3,,N,,,,,,,,,,,
2009100613,1401.0,1,0,0,1,0,0,0,0,0,4,0,,67,9,2009,1,40.0028,-75.1257,1400.0,6,0,0,0,0,0,0,0,0,,0,0,0,13,1,1,1,,0,40 00:09.964,,0,75 07:32.368,4,0,0,0,67301,1,0,0,N,0,0,0,4,67301,1,,1,1,,N,N,,0,,0,0,0,3,3,,1350,1,2,0,0,0,0,0,3,4,0,1,3,,N,,,,,,,,,,,
2009100676,830.0,0,0,0,0,0,0,0,0,0,6,0,,67,9,2009,3,39.9562,-75.1627,820.0,6,0,0,0,0,0,0,0,0,,0,0,0,8,1,1,2,,0,39 57:22.420,,0,75 09:45.641,4,0,0,0,67301,1,0,0,,1,0,0,2,67301,1,,1,1,,N,N,,1,,0,0,0,3,2,,800,1,2,0,0,0,0,0,3,4,0,1,3,,N,,,,,,,,,,,
2009110647,1056.0,0,0,0,0,0,0,0,0,0,1,0,,67,10,2009,5,39.8924,-75.2245,1049.0,6,0,0,0,0,0,0,0,0,,0,0,0,10,1,1,0,,0,39 53:32.519,,0,75 13:27.498,4,0,0,0,67301,0,0,0,N,0,0,0,2,68K01,1,,1,1,,N,N,,2,,0,0,0,0,0,,1045,1,3,0,0,0,0,0,3,4,0,2,3,,N,,,,,,,,,,,
2009044188,1.0,3,0,0,0,0,0,0,0,0,6,0,,67,3,2009,5,39.9821,-75.2238,2305.0,6,0,0,0,1,0,0,0,0,3.0,0,0,0,23,3,0,3,,2,39 58:55.671,6.0,0,75 13:25.589,9,0,0,0,67301,0,0,0,,0,0,0,5,67301,0,,1,1,,,,,0,,0,0,0,3,3,Y,2305,0,3,0,0,0,0,1,3,4,0,3,3,,N,,,,,,,,,,,
2009044280,1735.0,0,0,0,0,0,0,0,0,0,8,0,,67,3,2009,3,40.0107,-75.1508,1733.0,6,0,0,0,0,0,0,0,0,,0,0,0,17,1,1,1,,0,40 00:38.545,,0,75 09:02.934,4,0,0,1,67301,1,0,0,N,1,0,0,2,67301,1,,1,1,,N,N,,0,,0,0,0,3,2,,1710,1,2,0,0,0,0,0,3,4,0,1,3,,N,,,,,,,,,,,
2009044286,220.0,1,0,0,0,0,0,0,0,0,5,0,,67,3,2009,7,39.9356,-75.1672,219.0,6,0,0,0,0,0,0,0,0,,0,0,0,99,3,2,0,,0,39 56:07.814,,0,75 10:01.954,3,0,0,0,67301,0,0,0,,0,0,0,3,67301,0,,6,9,,,,,1,,2,0,1,3,2,,9999,2,3,0,0,0,0,0,3,4,0,3,7,,N,,,,,,,,,,,
2009049507,1310.0,2,0,0,0,0,0,0,0,0,1,0,,67,3,2009,6,39.9595,-75.1749,1307.0,6,0,0,0,0,0,0,0,0,,0,0,0,13,1,2,0,,0,39 57:34.552,,1,75 10:32.201,4,0,0,0,67301,0,0,0,N,0,0,0,3,67301,2,,1,1,,N,N,,0,,0,0,0,0,0,,1300,2,2,0,0,0,0,0,3,4,0,2,3,,N,,,,,,,,,,,
2009049521,2358.0,1,0,0,0,0,0,0,0,0,4,0,,67,4,2009,7,40.0541,-75.049,2352.0,6,0,0,0,0,0,0,0,0,1.0,0,0,0,23,3,1,1,,1,40 03:14.734,1.0,0,75 02:56.553,8,0,0,0,67301,0,0,0,,0,0,0,7,67301,0,,1,1,,N,N,,0,,0,0,1,3,2,N,2348,1,2,0,0,0,1,0,3,4,0,2,3,,N,,,,,,,,,,,
2009049524,2150.0,3,0,0,0,0,0,0,0,0,2,0,,67,4,2009,3,39.9737,-75.2312,2147.0,6,0,0,0,0,0,0,0,0,,0,0,0,21,3,2,1,,0,39 58:25.388,,0,75 13:52.359,8,0,0,0,67301,0,0,0,N,0,0,0,2,67301,0,,1,1,,N,N,,0,,0,0,0,3,3,,2145,2,3,0,0,0,2,0,3,4,0,3,3,,N,,,,,,,,,,,
2009046793,2347.0,3,0,0,0,0,0,0,0,0,7,0,,67,3,2009,6,40.0499,-74.9939,2343.0,6,0,1,0,0,0,1,0,0,1.0,0,0,0,23,3,2,0,,1,40 02:59.743,5.0,0,74 59:37.731,4,0,0,0,67301,0,0,0,Y,0,0,0,6,68K01,2,,3,1,,N,N,,0,,0,0,0,0,0,N,2340,2,3,0,0,0,0,0,3,4,0,3,3,,N,,,,,,,,,,,
2009049411,1246.0,3,0,0,0,0,0,0,0,0,1,0,,67,4,2009,6,40.0275,-75.1102,1240.0,6,1,0,0,0,0,0,0,0,1.0,0,0,0,12,1,0,0,,1,40 01:39.111,1.0,0,75 06:36.541,0,0,0,0,67301,0,0,0,N,0,0,0,2,67301,0,,6,9,,N,N,,0,,0,0,0,3,2,N,1236,0,3,0,0,0,0,0,3,4,0,3,7,,N,,,,,,,,,,,
2009017025,1946.0,1,0,0,0,0,0,0,0,0,7,0,,67,1,2009,5,40.0271,-75.0252,1944.0,6,0,0,0,0,0,0,0,0,1.0,0,0,0,19,3,0,0,,1,40 01:37.945,1.0,2,75 01:30.288,0,0,0,0,67301,0,0,0,Y,0,0,0,4,68K01,0,,2,1,,N,N,,0,,0,0,0,0,0,N,1939,0,1,0,0,0,0,0,3,4,0,1,3,,N,,,,,,,,,,,
2009120448,32.0,2,0,0,0,0,0,0,0,0,5,0,,67,10,2009,1,39.9579,-75.1641,1230.0,6,0,0,0,0,0,0,0,0,,0,0,0,0,3,2,5,,0,39 57:28.586,,2,75 09:50.892,2,0,0,0,67301,0,0,0,,0,0,0,3,67301,0,,7,9,,,,,0,,0,2,0,3,2,,29,2,2,0,0,0,0,0,3,4,0,2,7,,N,,,,,,,,,,,
2009048779,256.0,1,0,0,0,0,0,0,0,0,4,0,,67,4,2009,1,40.0368,-75.0407,253.0,6,0,0,0,0,0,0,0,0,1.0,0,0,0,2,3,0,1,,1,40 02:12.142,3.0,0,75 02:27.053,9,0,0,0,67301,0,0,0,N,0,0,0,2,67301,0,,1,1,,N,N,,1,,0,0,0,3,2,N,250,0,2,0,0,0,0,1,3,4,0,2,3,,N,,,,,,,,,,,
2009124883,2112.0,2,0,0,0,0,0,0,0,0,1,0,,67,11,2009,7,40.0067,-75.1091,2057.0,6,0,0,0,0,0,0,0,0,,0,0,0,20,3,1,0,,0,40 00:24.174,,0,75 06:32.716,4,0,0,0,67301,0,0,0,N,0,0,0,3,67301,1,,1,1,,N,N,,0,,0,0,0,0,0,,2050,1,2,0,0,0,0,0,3,4,0,2,3,,N,,,,,,,,,,,
2009124887,755.0,2,0,0,0,0,0,0,0,0,4,0,,67,11,2009,6,40.0299,-75.2064,750.0,6,0,0,0,0,0,1,0,0,,0,0,0,99,1,2,1,,0,40 01:47.599,,0,75 12:23.218,8,0,0,0,67301,0,0,0,N,0,0,0,4,67301,0,,1,9,,N,N,,0,,0,0,0,0,0,,9999,2,2,0,0,0,2,0,3,4,0,2,99,,N,,,,,,,,,,,
2009122469,1736.0,2,0,0,0,0,0,0,0,0,1,0,,67,11,2009,7,39.9894,-75.2062,1735.0,6,0,0,0,0,0,1,0,0,,0,0,0,17,3,1,0,,0,39 59:24.997,,0,75 12:18.424,4,0,0,0,67301,0,0,0,N,0,0,0,5,68K01,1,,1,1,,N,N,,0,,0,0,1,0,0,,1734,1,3,0,0,0,0,0,3,4,0,3,3,,N,,,,,,,,,,,
2009048866,1650.0,2,0,0,0,0,0,0,0,0,4,0,,67,3,2009,5,39.9726,-75.2178,1646.0,6,0,0,0,0,0,1,0,0,,0,0,0,16,1,2,2,,0,39 58:21.476,,0,75 13:03.993,8,0,0,0,67301,0,0,0,N,0,0,0,2,67301,0,,1,1,,N,N,,0,,0,0,0,0,0,,1640,2,2,0,0,0,2,0,3,4,0,2,3,,N,,,,,,,,,,,
2009048877,1440.0,3,0,0,0,0,0,0,0,0,1,0,,67,3,2009,6,39.9901,-75.1457,1437.0,6,0,0,0,0,0,0,0,0,,0,0,0,14,1,2,0,,0,39 59:24.262,,0,75 08:44.473,4,0,0,0,67301,2,0,0,N,0,0,0,4,67301,2,,6,1,,N,N,,0,,0,0,0,0,0,,1433,2,3,0,0,0,0,0,3,4,0,3,3,,N,,,,,,,,,,,
2009038882,610.0,1,0,0,0,0,0,0,0,0,6,0,,67,1,2009,7,39.9499,-75.2016,608.0,6,0,0,0,0,0,0,0,0,,0,0,0,6,3,1,0,,0,39 56:59.736,,0,75 12:05.727,8,0,0,0,67301,0,0,0,,0,0,0,1,67301,0,,6,1,,N,N,,1,,0,0,0,3,2,,600,1,2,0,0,0,1,0,3,4,0,2,3,,N,,,,,,,,,,,
2009044126,335.0,2,0,0,0,0,0,0,0,0,4,0,,67,1,2009,2,40.0713,-75.1545,333.0,6,0,0,0,0,0,0,0,0,,0,0,0,99,3,0,1,,0,40 04:16.695,,0,75 09:16.031,0,0,0,0,67301,0,0,0,,0,0,0,2,67301,0,,1,1,,,,,0,,0,0,0,3,2,,9999,0,2,0,0,0,0,0,3,4,0,2,3,,N,,,,,,,,,,,
2009026309,1659.0,0,0,0,0,0,0,0,0,0,8,0,,67,1,2009,3,39.996,-75.1707,1657.0,6,0,0,0,0,0,0,1,0,,0,0,0,16,4,1,1,,0,39 59:45.707,,0,75 10:14.692,2,0,0,0,67301,1,0,1,,1,0,1,2,67301,0,,1,9,,N,N,,0,,0,1,1,3,2,,1657,1,2,0,0,1,0,0,3,4,0,1,7,,N,,,,,,,,,,,
2009049120,1625.0,1,0,0,0,0,0,0,0,0,8,0,,67,4,2009,5,40.0439,-75.0711,1618.0,6,0,0,0,0,0,0,0,0,,0,0,0,16,1,1,0,,0,40 02:38.112,,0,75 04:15.837,3,0,0,0,67301,1,0,0,N,1,0,0,2,67301,0,,1,1,,N,N,,0,,1,0,0,0,0,,1603,1,2,0,0,0,0,0,3,4,0,1,3,,N,,,,,,,,,,,
2009049129,1620.0,1,0,0,0,0,0,0,0,0,1,0,,67,4,2009,2,40.1122,-74.9909,1616.0,6,0,0,0,0,0,1,0,0,,0,0,0,16,1,0,0,,0,40 06:44.132,,0,74 59:26.903,0,0,0,0,67301,0,0,0,N,0,0,0,2,67301,0,,1,9,,N,N,,0,,0,0,0,3,2,,1616,0,2,0,0,0,0,0,3,4,1,2,7,,N,,,,,,,,,,,
2009049164,604.0,2,0,0,0,0,0,0,0,0,4,0,,67,4,2009,2,39.9541,-75.1778,600.0,6,0,0,0,0,0,0,0,0,,0,0,0,5,1,3,2,,0,39 57:15.091,,0,75 10:40.271,4,0,0,0,67301,0,0,0,N,0,0,0,3,67301,3,,1,9,,N,N,,0,,0,0,0,3,2,,555,3,2,0,0,1,0,0,3,4,0,2,3,,N,,,,,,,,,,,
2009049233,1320.0,0,0,0,0,0,0,0,0,0,8,0,,67,4,2009,4,39.9457,-75.1548,1311.0,6,0,0,0,0,0,1,0,0,,0,1,0,12,1,1,1,,0,39 56:44.595,,0,75 09:17.139,4,0,0,0,67301,1,0,0,,1,0,0,2,67301,1,,1,9,,N,N,,0,,0,0,0,3,2,,1200,1,2,0,0,0,0,0,3,4,0,1,7,,N,,,,,,,,,,,
2009049302,2330.0,1,0,0,0,0,0,0,0,0,1,0,,67,4,2009,4,40.0299,-75.1046,2315.0,6,0,0,0,0,0,0,0,0,9.0,0,0,0,23,3,2,1,,1,40 01:47.914,2.0,0,75 06:15.654,4,0,0,0,67301,0,0,0,N,0,0,0,7,67301,2,,1,9,,N,N,,0,,0,0,1,9,2,N,2305,2,2,0,0,2,0,0,3,4,0,2,7,,N,,,,,,,,,,,
2009025997,9999.0,2,0,0,0,0,0,0,0,0,4,0,,67,1,2009,6,40.013,-75.1194,2349.0,6,0,0,0,0,0,0,0,0,,0,0,0,23,3,1,1,,0,40 00:46.714,,0,75 07:09.798,8,0,0,0,67301,0,0,0,N,0,0,0,4,67301,0,,1,9,,N,N,,0,,0,0,0,3,2,,2349,1,2,0,0,3,1,1,3,4,0,2,3,,N,,,,,,,,,,,
2009026037,2112.0,1,0,0,0,0,0,0,0,0,8,0,,67,1,2009,7,39.944,-75.2115,2102.0,6,0,0,0,0,0,0,0,0,9.0,0,0,0,20,3,1,0,,1,39 56:38.238,1.0,0,75 12:41.551,4,0,0,0,67301,1,0,0,N,1,0,0,5,67301,1,,1,1,,N,N,,0,,0,0,0,0,0,N,2044,1,2,0,0,0,0,0,3,4,0,1,3,,N,,,,,,,,,,,
2009026113,2204.0,1,0,0,0,0,0,0,0,0,1,0,,67,1,2009,4,39.9233,-75.2206,2204.0,6,0,0,0,0,0,0,0,0,,0,0,0,20,3,2,2,,0,39 55:23.732,,0,75 13:14.087,4,0,0,0,67301,0,0,0,N,0,0,0,3,67301,2,,1,9,,N,N,,0,,0,0,1,3,2,,2036,2,2,0,0,0,0,1,3,4,0,2,3,,N,,,,,,,,,,,
2009011194,2311.0,0,0,0,0,0,0,0,0,0,7,0,,67,1,2009,4,40.0342,-75.0193,2257.0,6,0,0,0,0,0,0,0,0,1.0,0,0,0,22,2,2,0,,1,40 02:03.879,1.0,0,75 01:08.566,3,0,0,0,67301,0,0,0,N,0,0,0,2,68K02,0,,4,1,,N,N,,0,,2,0,1,0,0,N,2244,2,1,0,0,2,0,0,3,4,0,1,3,,N,,,,,,,,,,,
2009105780,1310.0,3,0,0,0,0,0,0,0,0,1,0,,67,9,2009,3,40.0851,-75.2289,1252.0,6,0,0,0,0,0,1,0,0,,0,0,0,12,1,2,2,,0,40 05:06.188,,0,75 13:43.891,8,0,0,0,67301,0,0,0,N,0,0,0,3,67301,0,,1,1,,N,N,,0,,0,0,0,3,2,,1245,2,3,0,0,0,2,0,3,4,0,3,3,,N,,,,,,,,,,,
2009105862,2032.0,1,0,0,0,0,0,0,0,0,4,0,,67,9,2009,7,40.0445,-75.1194,2030.0,6,0,0,0,0,0,0,0,0,,0,0,0,20,3,1,1,,0,40 02:40.087,,0,75 07:09.991,8,0,0,1,67301,0,0,0,,0,0,0,2,67301,0,,1,9,,N,Y,,0,,0,0,0,3,2,,2020,1,2,0,0,0,1,0,3,4,0,2,7,,N,,,,,,,,,,,
2009105883,305.0,0,0,0,0,0,0,0,0,0,8,0,,67,10,2009,6,39.9872,-75.1088,300.0,6,0,0,0,0,0,0,0,0,,0,0,0,21,6,1,1,,0,39 59:13.933,,0,75 06:31.625,3,0,0,0,67301,1,0,0,N,1,0,0,2,67301,0,,1,1,,N,N,,0,,1,0,0,9,2,,2100,1,2,0,0,0,0,0,3,4,0,1,99,,N,,,,,,,,,,,
2009105919,150.0,4,0,0,0,0,0,0,0,0,4,0,,67,9,2009,1,40.0187,-75.0573,144.0,6,0,0,0,0,0,1,0,0,,0,0,0,1,3,0,0,,0,40 01:07.183,,0,75 03:26.341,9,0,0,0,67301,0,0,0,N,0,0,0,2,67301,0,,1,9,,N,N,,0,,0,0,0,0,0,,140,0,4,0,0,0,0,1,3,4,0,4,7,,N,,,,,,,,,,,
2009120452,1256.0,1,0,0,0,0,0,1,0,0,1,1,,67,10,2009,2,39.9746,-75.2518,1256.0,6,0,0,0,0,0,0,0,0,,0,0,0,12,1,2,0,,0,39 58:28.711,,0,75 15:06.560,4,0,0,0,67301,0,0,0,N,0,0,0,10,67301,2,,1,1,,N,N,,0,,0,0,0,0,0,,1215,2,2,0,0,0,0,0,3,4,0,2,3,,N,,,,,,,,,,,
2009124704,754.0,2,0,0,0,0,0,0,0,0,4,0,,67,11,2009,6,39.9587,-75.1621,753.0,6,0,0,0,0,0,0,0,0,,0,0,0,7,1,1,1,,0,39 57:31.363,,1,75 09:43.712,8,0,0,0,67301,0,0,0,N,0,0,0,4,67301,0,,1,1,,N,N,,0,,0,0,0,0,0,,753,1,2,0,0,0,1,0,3,4,0,2,3,,N,,,,,,,,,,,
2009100176,1630.0,0,0,0,0,0,0,1,0,0,4,1,,67,9,2009,4,40.0818,-75.0305,1617.0,6,0,0,0,0,0,1,0,0,,0,0,0,99,1,1,2,,0,40 04:54.543,,0,75 01:49.683,8,0,0,0,67301,0,0,0,N,0,0,0,2,67301,0,,7,8,,Y,N,,0,,0,0,0,3,3,,9999,1,2,0,0,0,1,0,3,4,1,2,7,,N,,,,,,,,,,,
2009097783,1647.0,4,0,0,0,0,0,0,0,0,1,0,,67,9,2009,1,39.976,-75.1146,1635.0,6,0,0,0,0,1,0,1,0,2.0,0,0,0,16,1,2,0,,2,39 58:36.088,1.0,0,75 06:49.478,4,0,0,0,67301,0,0,0,N,0,0,0,12,68K01,2,,1,1,,N,N,,0,,0,0,0,0,0,N,1633,2,4,0,0,2,0,0,3,4,0,4,3,,N,,,,,,,,,,,
2009025648,2026.0,2,0,0,0,0,0,0,0,0,2,0,,67,1,2009,1,40.0804,-74.9771,2022.0,6,0,0,0,0,0,0,0,0,,0,0,0,20,3,3,1,,0,40 04:49.407,,0,74 58:37.865,4,0,0,0,67301,0,0,0,,0,0,0,5,67301,3,,1,1,,,,,0,,0,0,0,3,2,,2021,3,2,0,0,0,0,0,3,4,0,2,3,,N,,,,,,,,,,,
2009025793,1449.0,1,0,0,0,0,0,0,0,0,4,0,,67,1,2009,6,40.0541,-75.049,1447.0,6,0,0,0,0,0,0,0,0,1.0,0,0,0,14,1,1,1,,1,40 03:14.760,1.0,0,75 02:56.400,4,0,0,0,67301,0,0,0,N,0,0,0,2,67301,1,,1,1,,N,N,,0,,0,0,1,3,2,N,1445,1,2,0,0,0,0,0,3,4,0,2,3,,N,,,,,,,,,,,
2009028478,340.0,1,0,0,0,0,0,0,0,0,7,0,,67,1,2009,4,40.0193,-75.1015,330.0,6,0,0,0,0,0,0,0,0,,0,0,0,3,2,3,0,,0,40 01:09.343,,0,75 06:05.436,3,0,0,0,67301,0,0,0,N,0,0,0,3,67301,2,,2,1,,N,N,,0,,1,0,0,0,0,,325,3,1,0,0,0,0,0,3,4,0,1,3,,N,,,,,,,,,,,
2009084525,1633.0,0,0,0,0,0,0,0,0,0,0,0,,67,6,2009,6,40.0085,-75.0701,1630.0,6,0,0,0,0,0,0,0,0,,0,0,0,16,1,1,0,,0,40 00:30.558,,0,75 04:12.373,8,0,0,0,67301,0,0,0,N,0,0,0,1,67301,0,,1,1,,N,N,,0,,0,0,0,0,0,,1625,1,1,0,0,0,1,0,3,4,0,1,3,,N,,,,,,,,,,,
2009100632,200.0,1,0,0,0,0,0,0,0,0,7,0,,67,9,2009,6,39.9331,-75.2387,154.0,6,0,0,0,0,0,0,0,0,,0,0,0,99,3,0,0,,0,39 55:59.205,,0,75 14:19.330,9,0,0,0,67301,0,0,0,,0,0,0,1,67301,0,,5,9,,N,N,,0,,0,0,0,0,0,,9999,0,1,0,0,0,0,1,3,4,0,1,7,,N,,,,,,,,,,,
2009100050,252.0,1,0,0,0,0,0,0,0,0,7,0,,67,9,2009,5,40.0424,-75.0387,250.0,6,0,0,0,1,0,0,0,0,,0,0,0,2,3,0,0,,0,40 02:32.651,,0,75 02:19.498,9,0,0,0,67301,0,0,0,,0,0,0,1,67301,0,,5,1,,N,N,,0,,0,0,0,0,0,,250,0,1,0,0,0,0,1,3,4,0,1,3,,N,,,,,,,,,,,
2009106122,607.0,0,0,0,0,0,0,0,0,0,1,0,,67,10,2009,4,40.002,-75.2249,604.0,6,0,0,0,0,0,0,1,0,,0,0,0,6,3,1,0,,0,40 00:09.219,,0,75 13:25.342,4,0,0,1,67301,0,0,0,N,0,0,0,2,46104,1,,1,1,,N,N,,0,,0,0,1,0,0,,600,1,2,0,0,0,0,0,3,4,0,2,3,,N,,,,,,,,,,,
2009007669,1626.0,1,0,0,0,0,0,0,0,0,1,0,,67,1,2009,6,39.957,-75.1563,1619.0,6,0,0,0,0,0,1,0,0,,0,0,0,16,1,0,0,,0,39 57:25.349,,0,75 09:22.710,0,0,0,0,67301,0,0,0,N,0,0,0,5,68K01,0,,1,1,,N,N,,0,,0,0,1,0,0,,1614,0,2,0,0,0,0,0,3,4,0,2,3,,N,,,,,,,,,,,