CRN,ARRIVAL_TM,AUTOMOBILE_COUNT,BELTED_DEATH_COUNT,BELTED_SUSP_SERIOUS_INJ_COUNT,BICYCLE_COUNT,BICYCLE_DEATH_COUNT,BICYCLE_SUSP_SERIOUS_INJ_COUNT,BUS_COUNT,CHLDPAS_DEATH_COUNT,CHLDPAS_SUSP_SERIOUS_INJ_COUNT,COLLISION_TYPE,COMM_VEH_COUNT,CONS_ZONE_SPD_LIM,COUNTY,CRASH_MONTH,CRASH_YEAR,DAY_OF_WEEK,DEC_LAT,DEC_LONG,DISPATCH_TM,DISTRICT,DRIVER_COUNT_16YR,DRIVER_COUNT_17YR,DRIVER_COUNT_18YR,DRIVER_COUNT_19YR,DRIVER_COUNT_20YR,DRIVER_COUNT_50_64YR,DRIVER_COUNT_65_74YR,DRIVER_COUNT_75PLUS,EST_HRS_CLOSED,FATAL_COUNT,HEAVY_TRUCK_COUNT,HORSE_BUGGY_COUNT,HOUR_OF_DAY,ILLUMINATION,INJURY_COUNT,INTERSECT_TYPE,INTERSECTION_RELATED,LANE_CLOSED,LATITUDE,LN_CLOSE_DIR,LOCATION_TYPE,LONGITUDE,MAX_SEVERITY_LEVEL,MCYCLE_DEATH_COUNT,MCYCLE_SUSP_SERIOUS_INJ_COUNT,MOTORCYCLE_COUNT,MUNICIPALITY,NONMOTR_COUNT,NONMOTR_DEATH_COUNT,NONMOTR_SUSP_SERIOUS_INJ_COUNT,NTFY_HIWY_MAINT,PED_COUNT,PED_DEATH_COUNT,PED_SUSP_SERIOUS_INJ_COUNT,PERSON_COUNT,POLICE_AGCY,POSSIBLE_INJ_COUNT,RDWY_SURF_TYPE_CD,RELATION_TO_ROAD,ROAD_CONDITION,ROADWAY_CLEARED,SCH_BUS_IND,SCH_ZONE_IND,SECONDARY_CRASH,SMALL_TRUCK_COUNT,SPEC_JURIS_CD,SUSP_MINOR_INJ_COUNT,SUSP_SERIOUS_INJ_COUNT,SUV_COUNT,TCD_FUNC_CD,TCD_TYPE,TFC_DETOUR_IND,TIME_OF_DAY,TOT_INJ_COUNT,TOTAL_UNITS,UNB_DEATH_COUNT,UNB_SUSP_SERIOUS_INJ_COUNT,UNBELTED_OCC_COUNT,UNK_INJ_DEG_COUNT,UNK_INJ_PER_COUNT,URBAN_AREA,URBAN_RURAL,VAN_COUNT,VEHICLE_COUNT,WEATHER1,WEATHER2,WORK_ZONE_IND,WORK_ZONE_LOC,WORK_ZONE_TYPE,WORKERS_PRES,WZ_CLOSE_DETOUR,WZ_FLAGGER,WZ_LAW_OFFCR_IND,WZ_LN_CLOSURE,WZ_MOVING,WZ_OTHER,WZ_SHLDER_MDN,WZ_WORKERS_INJ_KILLED
2009049497,1909.0,2,0,0,0,0,0,0,0,0,4,0,,67,4,2009,3,39.9688,-75.2454,1908.0,6,0,0,0,0,0,1,0,0,2.0,0,0,0,19,1,0,2,,2,39 58:07.803,4.0,0,75 14:43.549,0,0,0,0,67301,0,0,0,,0,0,0,2,67301,0,,1,1,,,,,0,,0,0,0,3,2,N,1904,0,2,0,0,0,0,0,3,4,0,2,3,,N,,,,,,,,,,,
2009046888,2142.0,0,0,0,0,0,0,1,0,0,8,1,,67,3,2009,3,39.9806,-75.1724,2142.0,6,0,0,0,0,0,1,0,0,,0,0,0,13,1,1,5,,0,39 58:50.025,,0,75 10:20.674,4,0,0,0,67301,1,0,0,,1,0,0,2,67301,1,,1,2,,N,N,,0,,0,0,0,3,2,,1330,1,2,0,0,0,0,0,3,4,0,1,3,,N,,,,,,,,,,,
2009106497,1816.0,1,0,0,0,0,0,0,0,0,2,0,,67,10,2009,2,40.0559,-75.0899,1814.0,6,0,0,0,0,0,0,0,0,,0,0,0,18,1,0,0,,0,40 03:21.383,,0,75 05:23.638,0,0,0,0,67301,0,0,0,N,0,0,0,1,67301,0,,6,1,,N,N,,0,,0,0,1,0,0,,1810,0,3,0,0,0,0,0,3,4,1,3,3,,N,,,,,,,,,,,
2009130191,1535.0,1,0,0,0,0,0,0,0,0,4,0,,67,11,2009,2,39.9693,-75.1561,1531.0,6,0,0,0,0,0,0,1,0,,0,0,0,15,1,1,1,,0,39 58:09.508,,0,75 09:21.923,8,0,0,0,67301,0,0,0,,0,0,0,2,67301,0,,1,9,,N,N,,1,,0,0,0,3,2,,1527,1,2,0,0,0,1,0,3,4,0,2,7,,N,,,,,,,,,,,
2009048839,1912.0,2,0,0,0,0,0,0,0,0,1,0,,67,4,2009,5,40.0096,-75.0641,1906.0,6,0,0,0,0,0,0,0,0,,0,0,0,18,1,3,1,,0,40 00:34.740,,0,75 03:50.937,8,0,0,0,67301,0,0,0,N,0,0,0,3,67301,0,,1,1,,N,N,,0,,0,0,0,3,2,,1850,3,2,0,0,0,3,0,3,4,0,2,3,,N,,,,,,,,,,,
2009112259,110.0,1,0,0,0,0,0,0,0,0,8,0,,67,10,2009,1,39.9964,-75.1739,105.0,6,0,0,0,0,0,0,0,0,,0,0,0,1,3,1,1,,0,39 59:47.190,,0,75 10:26.162,8,0,0,0,67301,1,0,0,N,1,0,0,2,67301,0,,1,9,,N,N,,0,,0,0,0,3,2,,100,1,2,0,0,0,1,0,3,4,0,1,7,,N,,,,,,,,,,,
2009124853,531.0,1,0,0,0,0,0,0,0,0,4,0,,67,11,2009,4,40.0189,-75.0495,529.0,6,0,0,0,0,0,0,0,0,,0,0,0,5,3,1,2,,0,40 01:08.120,,0,75 02:58.216,4,0,0,0,67301,0,0,0,,0,0,0,2,67301,1,,1,9,,,,,1,,0,0,0,3,3,,528,1,2,0,0,1,0,0,3,4,0,2,7,,N,,,,,,,,,,,
2009112380,1642.0,2,0,0,0,0,0,0,0,0,1,0,,67,10,2009,7,39.9369,-75.1444,1633.0,6,0,0,0,0,0,0,0,0,2.0,0,0,0,16,1,0,0,,1,39 56:12.840,2.0,0,75 08:39.840,0,0,0,0,67301,0,0,0,N,0,0,0,3,68K01,0,,1,9,,N,N,,0,,0,0,0,0,0,N,1631,0,2,0,0,0,0,0,3,4,0,2,7,,N,,,,,,,,,,,
2009050920,1048.0,3,0,0,0,0,0,0,0,0,2,0,,67,4,2009,5,39.9155,-75.1608,1043.0,6,0,0,0,0,0,1,0,0,9.0,0,0,0,10,1,2,0,,1,39 54:55.876,3.0,0,75 09:39.016,4,0,0,0,67301,0,0,0,,0,0,0,2,67301,2,,3,1,,,,,0,,0,0,0,0,0,N,1036,2,3,0,0,0,0,0,3,4,0,3,3,,N,,,,,,,,,,,
2009038884,409.0,2,0,0,0,0,0,0,0,0,2,0,,67,2,2009,1,39.9901,-75.1483,405.0,6,0,0,0,0,0,0,0,0,,0,0,0,3,3,0,0,,0,39 59:24.252,,0,75 08:54.052,0,0,0,0,67301,0,0,0,,0,0,0,1,67301,0,,1,1,,,,,0,,0,0,1,0,0,,358,0,3,0,0,0,0,0,3,4,0,3,3,,N,,,,,,,,,,,
2009120214,2000.0,0,0,0,0,0,0,0,0,0,8,0,,67,10,2009,6,40.0631,-75.022,2000.0,6,0,0,0,0,0,0,1,0,,0,0,0,19,3,1,1,,0,40 03:47.229,,0,75 01:19.196,8,0,0,0,67301,1,0,0,N,1,0,0,2,67301,0,,1,9,,N,N,,0,,0,0,1,3,2,,1915,1,2,0,0,1,1,0,3,4,0,1,7,,N,,,,,,,,,,,
2009120231,1228.0,1,0,0,0,0,0,0,0,0,8,0,,67,10,2009,4,40.0338,-75.0465,1223.0,6,0,0,0,0,0,0,0,1,,0,0,0,12,1,1,0,,0,40 02:01.835,,7,75 02:47.423,8,0,0,0,67301,1,0,0,N,1,0,0,2,67301,0,,6,9,,N,N,,0,,0,0,0,0,0,,1204,1,2,0,0,0,1,0,3,4,0,1,7,,N,,,,,,,,,,,
2009039075,1448.0,1,0,0,0,0,0,0,0,0,4,0,,67,2,2009,7,40.1222,-75.016,1444.0,6,0,0,0,0,0,1,0,0,1.0,0,0,0,14,1,2,0,,1,40 07:19.817,1.0,0,75 00:57.724,3,0,0,0,67301,0,0,0,N,0,0,0,4,67301,1,,3,1,,N,N,,0,,1,0,1,0,0,Y,1440,2,2,0,0,1,0,0,3,4,0,2,3,,N,,,,,,,,,,,
2009048873,2308.0,2,0,0,0,0,0,0,0,0,5,0,,67,3,2009,6,39.9624,-75.2406,2306.0,6,0,0,0,0,0,0,0,0,,0,0,0,23,3,0,0,,0,39 57:44.686,,0,75 14:26.286,9,0,0,0,67301,0,0,0,N,0,0,0,3,67301,0,,1,1,,N,N,,0,,0,0,1,0,0,,2300,0,3,0,0,0,0,1,3,4,0,3,3,,N,,,,,,,,,,,
2009048963,2322.0,1,0,0,0,0,0,0,0,0,7,0,,67,4,2009,7,39.9825,-75.175,2319.0,6,0,0,0,0,0,0,0,0,,0,0,0,23,3,0,1,,0,39 58:56.848,,0,75 10:29.911,0,0,0,0,67301,0,0,0,,0,0,0,1,67301,0,,2,1,,N,N,,0,,0,0,0,3,2,,2300,0,1,0,0,0,0,0,3,4,0,1,3,,N,,,,,,,,,,,
2009122303,2148.0,1,0,0,0,0,0,0,0,0,7,0,,67,11,2009,3,39.9191,-75.1481,2141.0,6,0,0,0,0,0,0,0,0,1.0,0,0,0,21,3,0,0,,1,39 55:07.320,4.0,0,75 08:52.800,0,0,0,0,67301,0,0,0,N,0,0,0,1,68K01,0,,2,1,,N,N,,0,,0,0,0,0,0,N,2136,0,1,0,0,0,0,0,3,4,0,1,3,,N,,,,,,,,,,,
2009043365,138.0,2,0,0,0,0,0,0,0,0,2,0,,67,2,2009,5,40.0256,-75.1223,131.0,6,0,0,0,0,0,0,0,0,,0,0,0,1,3,0,1,,0,40 01:32.331,,0,75 07:20.187,0,0,0,0,67301,0,0,0,N,0,0,0,4,67301,0,,1,9,,N,N,,0,,0,0,0,3,2,,128,0,2,0,0,0,0,0,3,4,0,2,7,,N,,,,,,,,,,,
2009048704,857.0,1,0,0,0,0,0,0,0,0,4,0,,67,3,2009,1,40.015,-75.0935,853.0,6,0,0,0,0,0,2,0,0,,0,0,0,8,1,3,5,,0,40 00:54.118,,0,75 05:36.430,8,0,0,0,67301,0,0,0,N,0,0,0,5,67301,0,,1,9,,N,N,,0,,0,0,1,3,3,,852,3,2,0,0,0,3,0,3,4,0,2,7,,N,,,,,,,,,,,
2009048707,1130.0,1,0,0,0,0,0,0,0,0,9,0,,67,3,2009,6,40.1376,-75.0145,1120.0,6,0,0,0,0,0,0,0,0,9.0,0,0,0,11,1,0,2,,1,40 08:15.473,1.0,0,75 00:52.313,0,0,0,0,67301,0,0,0,N,0,0,0,1,67301,0,,5,1,,N,N,,0,,0,0,0,0,0,N,1100,0,2,0,0,0,0,0,3,4,0,1,3,,N,,,,,,,,,,,
2009049218,1231.0,1,0,0,0,0,0,0,0,0,7,0,,67,3,2009,3,39.9647,-75.2221,1228.0,6,0,0,0,0,0,0,0,0,,0,0,0,12,1,1,1,,0,39 57:52.815,,0,75 13:19.390,8,0,0,0,67301,0,0,0,N,0,0,0,1,67301,0,,4,1,,N,N,,0,,0,0,0,3,3,,1228,1,1,0,0,0,1,0,3,4,0,1,3,,N,,,,,,,,,,,
2009049220,1630.0,2,0,0,0,0,0,0,0,0,4,0,,67,3,2009,6,39.9867,-75.2083,1630.0,6,0,0,0,0,0,0,0,0,,0,0,0,15,1,0,2,,0,39 59:11.983,,0,75 12:29.919,0,0,0,0,67301,0,0,0,N,0,0,0,3,67301,0,,1,1,,N,N,,0,,0,0,0,0,0,,1535,0,2,0,0,0,0,0,3,4,0,2,3,,N,,,,,,,,,,,
2009040336,157.0,1,0,0,0,0,0,0,0,0,7,0,,67,3,2009,2,40.0553,-75.0733,153.0,6,0,0,0,0,0,1,0,0,,0,0,0,1,3,0,1,,0,40 03:19.147,,0,75 04:24.059,0,0,0,0,67301,0,0,0,N,0,0,0,2,67301,0,,5,2,,N,N,,0,,0,0,0,3,2,,150,0,1,0,0,0,0,0,3,4,0,1,10,,N,,,,,,,,,,,
2009026096,919.0,0,0,0,0,0,0,0,0,0,4,0,,67,1,2009,5,39.9558,-75.159,916.0,6,0,0,0,0,0,1,0,0,,0,0,0,9,1,4,1,,0,39 57:20.808,,0,75 09:32.558,3,0,0,0,67301,0,0,0,N,0,0,0,9,67301,0,,1,1,,N,N,,0,,4,0,1,3,2,,911,4,2,0,0,0,0,0,3,4,1,2,3,,N,,,,,,,,,,,
2009044880,927.0,0,0,0,0,0,0,0,0,0,8,0,,67,3,2009,3,39.9892,-75.1422,925.0,6,0,0,0,0,0,0,0,0,,0,0,0,20,2,1,2,,0,39 59:21.076,,0,75 08:31.981,4,0,0,0,67301,1,0,0,N,1,0,0,3,67301,1,,1,1,,N,N,,0,,0,0,0,3,3,,2015,1,2,0,0,0,0,0,3,4,1,1,3,,N,,,,,,,,,,,
2009120513,1922.0,2,0,0,0,0,0,0,0,0,4,0,,67,6,2009,5,40.021,-75.164,1922.0,6,0,0,0,0,0,1,0,0,2.0,0,0,0,19,4,4,1,,2,40 01:15.553,4.0,0,75 09:50.223,8,0,0,0,67301,0,0,0,,0,0,0,6,67301,0,,1,9,,,,,0,,0,0,0,3,3,Y,1921,4,2,0,0,3,4,1,3,4,0,2,7,,N,,,,,,,,,,,
2009105856,1916.0,2,0,0,0,0,0,0,0,0,1,0,,67,9,2009,5,40.0338,-75.0772,1906.0,6,0,0,0,0,1,0,0,0,1.0,0,0,0,19,3,2,0,,1,40 02:01.660,2.0,0,75 04:38.092,8,0,0,0,67301,0,0,0,N,0,0,0,3,67301,0,,1,1,,N,N,,0,,0,0,0,0,0,N,1900,2,2,0,0,0,2,0,3,4,0,2,3,,N,,,,,,,,,,,
2009105868,830.0,2,0,0,0,0,0,0,0,0,1,0,,67,9,2009,2,40.013,-75.1315,820.0,6,0,0,0,0,0,0,0,0,,0,0,0,7,1,2,0,,0,40 00:46.843,,0,75 07:53.328,4,0,0,0,67301,0,0,0,N,0,0,0,4,67301,2,,2,1,,N,N,,0,,0,0,0,0,0,,735,2,3,0,0,0,0,2,3,4,1,3,3,,N,,,,,,,,,,,
2009100169,2120.0,1,0,0,0,0,0,0,0,0,7,0,,67,9,2009,3,40.0056,-75.1939,2120.0,6,0,0,0,0,1,0,0,0,1.0,0,0,0,21,3,0,0,,2,40 00:19.889,3.0,2,75 11:38.281,0,0,0,0,67301,0,0,0,Y,0,0,0,1,67301,0,,2,1,,N,N,,0,,0,0,0,3,8,N,2118,0,1,0,0,0,0,0,3,4,0,1,3,,N,,,,,,,,,,,
2009110040,1250.0,1,0,0,0,0,0,0,0,0,1,0,,67,10,2009,1,39.8891,-75.2189,1229.0,6,0,0,0,1,0,0,0,0,,0,0,0,12,1,0,0,,0,39 53:09.046,,0,75 12:45.809,0,0,0,0,67301,0,0,0,N,0,0,0,3,68K01,0,,1,1,,N,N,,0,,0,0,1,0,0,,1225,0,2,0,0,0,0,0,3,4,0,2,3,,N,,,,,,,,,,,
2009100719,2146.0,1,0,0,0,0,0,0,0,0,8,0,,67,9,2009,4,40.0086,-75.0835,2102.0,6,0,0,0,0,0,0,0,0,,0,0,0,16,1,1,0,,0,40 00:30.543,,0,75 05:01.762,4,0,0,0,67301,1,0,0,N,1,0,0,2,67301,1,,1,9,,N,N,,0,,0,0,0,0,0,,1600,1,2,0,0,0,0,0,3,4,0,1,7,,N,,,,,,,,,,,
2009100751,2113.0,2,0,0,0,0,0,0,0,0,1,0,,67,9,2009,2,40.0286,-75.0901,2111.0,6,0,0,0,0,1,0,0,0,1.0,0,0,0,21,3,1,0,,1,40 01:42.507,1.0,0,75 05:25.396,4,0,0,0,67301,0,0,0,,0,0,0,4,67301,1,,1,1,,N,N,,0,,0,0,0,0,0,N,2109,1,2,0,0,0,0,0,3,4,0,2,3,,N,,,,,,,,,,,
2009095406,230.0,1,0,0,1,0,0,0,0,0,4,0,,67,8,2009,7,39.9493,-75.1642,225.0,6,0,0,0,0,0,1,0,0,,0,0,0,2,3,1,1,,0,39 56:57.663,,0,75 09:51.544,3,0,0,0,67301,1,0,0,,0,0,0,2,67301,0,,1,1,,N,,,0,,1,0,0,3,2,,225,1,2,0,0,0,0,0,3,4,0,1,3,,N,,,,,,,,,,,
2009100793,300.0,3,0,0,0,0,0,0,0,0,2,0,,67,9,2009,1,40.0173,-75.1906,300.0,6,0,0,0,0,0,0,0,0,,0,0,0,2,3,0,0,,0,40 01:02.280,,0,75 11:26.163,0,0,0,0,67301,0,0,0,N,0,0,0,1,67301,0,,2,9,,N,N,,2,,0,0,0,0,0,,245,0,5,0,0,0,0,0,3,4,0,5,7,,N,,,,,,,,,,,
2009030811,735.0,1,0,0,0,0,0,0,0,0,8,0,,67,2,2009,2,40.0379,-75.1395,730.0,6,0,0,0,0,0,0,1,0,,0,0,0,7,1,1,1,,0,40 02:16.393,,0,75 08:22.102,4,0,0,0,67301,1,0,0,N,1,0,0,2,67301,1,,1,1,,N,N,,0,,0,0,0,3,2,,730,1,2,0,0,0,0,0,3,4,0,1,3,,N,,,,,,,,,,,
2009025439,713.0,2,0,0,0,0,0,0,0,0,4,0,,67,1,2009,7,40.0307,-75.1466,705.0,6,0,0,0,0,1,0,0,0,2.0,0,0,0,7,1,2,0,,1,40 01:50.690,2.0,7,75 08:47.589,4,0,0,0,67301,0,0,0,N,0,0,0,2,67301,2,,1,1,,N,N,,0,,0,0,0,3,2,Y,704,2,2,0,0,0,0,0,3,4,0,2,3,,N,,,,,,,,,,,
2009025797,1225.0,0,0,0,0,0,0,0,0,0,4,0,,67,1,2009,2,40.004,-75.0775,1220.0,6,0,0,0,0,0,1,1,0,,0,0,0,99,1,1,0,,0,40 00:14.432,,7,75 04:38.835,8,0,0,0,67301,0,0,0,,0,0,0,2,67301,0,,1,1,,N,N,,2,,0,0,1,0,0,,9999,1,4,0,0,0,1,0,3,4,1,4,3,,N,,,,,,,,,,,
2009028484,453.0,2,0,0,0,0,0,0,0,0,4,0,,67,1,2009,1,40.0124,-75.1395,450.0,6,0,0,0,0,0,1,0,0,,0,0,0,4,3,1,1,,0,40 00:44.791,,0,75 08:22.131,4,0,0,0,67301,0,0,0,N,0,0,0,3,67301,1,,1,7,,N,N,,0,,0,0,0,3,2,,445,1,2,0,0,1,0,0,3,4,0,2,10,,N,,,,,,,,,,,
2009025861,1908.0,1,0,0,0,0,0,0,0,0,5,0,,67,1,2009,2,39.9903,-75.127,1904.0,6,0,0,0,0,0,0,0,0,,0,0,0,19,3,1,0,,0,39 59:25.185,,0,75 07:37.101,4,0,0,0,67301,0,0,0,,0,0,0,4,67301,1,,1,1,,,,,0,,0,0,1,0,0,,1900,1,3,0,0,0,0,0,3,4,1,3,3,,N,,,,,,,,,,,
2009079531,1938.0,1,0,0,0,0,0,0,0,0,2,0,,67,7,2009,4,40.0493,-75.0679,1938.0,6,1,0,0,0,0,0,0,0,,0,0,0,19,1,2,1,,0,40 02:57.481,,0,75 04:04.310,4,0,0,0,67301,0,0,0,,0,0,0,3,67301,2,,1,1,,N,N,,0,,0,0,1,3,2,,1935,2,2,0,0,0,0,0,3,4,0,2,3,,N,,,,,,,,,,,
2009100594,2316.0,2,0,0,0,0,0,0,0,0,4,0,,67,9,2009,5,39.9656,-75.2441,2309.0,6,0,0,0,0,0,0,0,0,,0,0,0,22,3,1,1,,0,39 57:56.026,,0,75 14:38.713,8,0,0,0,67301,0,0,0,N,0,0,0,4,67301,0,,1,9,,N,N,,0,,0,0,0,3,3,,2214,1,2,0,0,0,1,0,3,4,0,2,7,,N,,,,,,,,,,,
2009108486,813.0,1,0,0,0,0,0,0,0,0,1,0,,67,10,2009,6,40.0126,-75.1609,813.0,6,0,0,0,0,0,2,0,0,,0,0,0,8,1,1,1,,0,40 00:45.495,,0,75 09:39.526,4,0,0,0,67301,0,0,0,Y,0,0,0,2,67301,1,,1,98,,N,N,,1,,0,0,0,3,2,,800,1,2,0,0,0,0,0,3,4,0,2,99,,N,,,,,,,,,,,
2009100649,640.0,1,0,0,0,0,0,0,0,0,4,0,,67,9,2009,2,40.0215,-75.0412,635.0,6,0,0,0,0,0,2,0,0,,0,0,0,6,5,1,1,,0,40 01:34.863,,2,75 01:39.969,3,0,0,0,67301,0,0,0,,0,0,0,2,67301,0,,1,1,,,,,1,,1,0,0,3,2,,630,1,2,0,0,0,0,0,3,4,0,2,3,,N,,,,,,,,,,,
2009100049,1104.0,0,0,0,0,0,0,0,0,0,8,0,,67,9,2009,6,39.9543,-75.1918,1103.0,6,0,0,0,0,0,0,0,0,9.0,0,0,0,11,1,1,1,,1,39 57:15.606,7.0,0,75 11:30.315,4,0,0,0,67301,1,0,0,,1,0,0,2,67301,1,,1,1,,N,N,,1,,0,0,0,3,2,N,1103,1,2,0,0,0,0,0,3,4,0,1,3,,N,,,,,,,,,,,
2009044197,2333.0,4,0,0,0,0,0,0,0,0,1,0,,67,3,2009,7,40.0791,-74.9654,2330.0,6,0,0,1,1,0,0,0,0,,0,0,0,22,3,0,3,,0,40 04:44.814,,4,74 57:55.504,0,0,0,0,67301,0,0,0,,0,0,0,10,67301,0,,1,1,,,,,0,,0,0,0,0,0,,2256,0,4,0,0,0,0,0,3,4,0,4,3,,N,,,,,,,,,,,
2009049560,1820.0,2,0,0,0,0,0,0,0,0,1,0,,67,3,2009,4,39.9542,-75.1614,1806.0,6,0,0,0,0,0,1,0,1,9.0,0,0,0,18,3,9,0,,1,39 57:15.092,4.0,0,75 09:40.971,4,0,0,0,67301,0,0,0,N,0,0,0,10,67301,9,,1,1,,N,N,,0,,0,0,0,0,0,N,1800,9,3,0,0,0,0,0,3,4,1,3,3,,N,,,,,,,,,,,
2009031207,1856.0,1,0,0,0,0,0,0,0,0,8,0,,67,1,2009,5,39.9557,-75.1675,1855.0,6,0,0,0,0,0,1,0,0,,0,0,0,99,3,1,2,,0,39 57:26.294,,0,75 10:10.652,8,0,0,0,67301,1,0,0,N,1,0,0,2,67301,0,,1,1,,N,N,,0,,0,0,0,3,2,,9999,1,2,0,0,0,1,0,3,4,0,1,3,,N,,,,,,,,,,,
2009049395,1935.0,2,0,0,0,0,0,0,0,0,4,0,,67,4,2009,7,40.0492,-75.0627,1933.0,6,0,1,0,0,0,0,0,0,1.0,0,0,0,19,1,3,0,,2,40 02:57.208,6.0,0,75 03:45.683,4,0,0,0,67301,0,0,0,,0,0,0,3,67301,3,,1,1,,N,N,,0,,0,0,0,3,2,Y,1933,3,2,0,0,0,0,0,3,4,0,2,3,,N,,,,,,,,,,,
2009049434,1009.0,1,0,0,0,0,0,0,0,0,8,0,,67,3,2009,6,39.9478,-75.2274,1009.0,6,0,0,0,0,0,0,0,0,,0,0,0,10,1,1,1,,0,39 56:52.001,,0,75 13:38.688,4,0,0,0,67301,1,0,0,N,1,0,0,2,67301,1,,1,1,,N,N,,0,,0,0,0,3,2,,1007,1,2,0,0,0,0,1,3,4,0,1,3,,N,,,,,,,,,,,
2009049463,845.0,1,0,0,0,0,0,0,0,0,4,0,,67,4,2009,5,39.9303,-75.1768,840.0,6,0,0,0,0,0,0,0,0,,0,0,0,8,1,2,0,,0,39 55:49.062,,0,75 10:36.307,4,0,0,0,67301,0,0,0,,0,0,0,4,67301,2,,1,1,,N,,,0,,0,0,0,0,0,,839,2,2,0,0,0,0,0,3,4,1,2,3,,N,,,,,,,,,,,
2009043738,2138.0,1,0,0,0,0,0,0,0,0,4,0,,67,3,2009,1,39.9497,-75.1675,2134.0,6,0,0,0,0,0,0,0,0,,1,0,0,21,2,4,1,,0,39 56:59.066,,0,75 10:02.792,1,0,0,0,67301,2,1,1,N,2,1,1,6,67301,0,2.0,1,1,,N,N,,0,0.0,0,1,1,3,2,,2130,4,4,0,0,0,3,0,3,4,0,2,3,,N,,,,,,,,,,,
2009124924,150.0,0,0,0,0,0,0,0,0,0,7,0,,67,11,2009,2,39.9765,-75.1133,146.0,6,0,0,0,0,0,0,0,0,9.0,0,0,0,1,3,0,2,,2,39 58:36.459,5.0,0,75 06:47.555,9,0,0,0,67301,0,0,0,N,0,0,0,1,67301,0,,5,1,,N,N,,0,,0,0,1,3,2,Y,100,0,1,0,0,0,0,1,3,4,0,1,3,,N,,,,,,,,,,,
2009038959,1930.0,2,0,0,0,0,0,0,0,0,4,0,,67,2,2009,5,39.9736,-75.2098,1920.0,6,0,0,0,0,1,0,1,0,,0,0,0,19,3,0,2,,0,39 58:24.814,,0,75 12:35.304,0,0,0,0,67301,0,0,0,N,0,0,0,2,67301,0,,1,1,,N,N,,0,,0,0,0,3,2,,1917,0,2,0,0,0,0,0,3,4,0,2,3,,N,,,,,,,,,,,
2009038695,1953.0,2,0,0,0,0,0,0,0,0,1,0,,67,2,2009,6,40.0443,-75.1022,1948.0,6,0,0,0,0,0,0,0,0,3.0,0,0,0,19,3,2,0,,2,40 02:39.458,5.0,0,75 06:07.921,8,0,0,0,67301,0,0,0,N,0,0,0,3,67301,0,,1,1,,N,N,,0,,0,0,0,0,0,Y,1945,2,2,0,0,0,2,1,3,4,0,2,3,,N,,,,,,,,,,,
2009048947,212.0,2,0,0,0,0,0,0,0,0,2,0,,67,3,2009,6,39.9855,-75.2129,210.0,6,0,0,0,0,0,0,0,0,2.0,0,0,0,2,3,1,0,,2,39 59:07.779,6.0,0,75 12:46.429,4,0,0,0,67301,0,0,0,N,0,0,0,2,67301,1,,1,9,,N,N,,0,,0,0,0,0,0,Y,209,1,2,0,0,0,0,0,3,4,0,2,98,,N,,,,,,,,,,,
2009049082,2015.0,2,0,0,0,0,0,0,0,0,4,0,,67,4,2009,2,40.0595,-75.052,2015.0,6,0,0,0,0,1,0,0,0,,0,0,0,20,3,1,1,,0,40 03:34.247,,0,75 03:07.166,4,0,0,0,67301,0,0,0,,0,0,0,5,67301,1,,1,1,,,,,0,,0,0,0,3,2,,2015,1,2,0,0,0,0,0,3,4,0,2,3,,N,,,,,,,,,,,
2009122331,200.0,1,0,0,0,0,0,1,0,0,6,1,,67,10,2009,4,40.0091,-75.15,159.0,6,0,0,0,0,0,0,0,0,,0,0,0,99,3,3,1,,0,40 00:32.740,,0,75 08:59.862,3,0,0,0,67301,0,0,0,,0,0,0,5,67301,2,,3,9,,,,,0,,1,0,0,3,3,,9999,3,2,0,0,0,0,0,3,4,0,2,7,,N,,,,,,,,,,,
2009043996,1332.0,1,0,0,0,0,0,0,0,0,8,0,,67,3,2009,4,39.9918,-75.1127,1330.0,6,0,0,0,0,0,0,0,0,,0,0,0,13,1,1,1,,0,39 59:30.292,,0,75 06:46.002,4,0,0,0,67301,1,0,0,,1,0,0,2,67301,1,,1,1,,,,,0,,0,0,0,3,2,,1328,1,2,0,0,0,0,0,3,4,0,1,3,,N,,,,,,,,,,,
2009048720,854.0,1,0,0,0,0,0,0,0,0,8,0,,67,4,2009,5,40.0216,-75.075,853.0,6,0,0,0,0,0,0,0,0,,0,0,0,0,2,1,0,,0,40 01:17.669,,0,75 04:30.151,8,0,0,0,67301,1,0,0,N,1,0,0,2,67301,0,,9,98,,N,N,,0,,0,0,0,0,0,,12,1,2,0,0,0,1,0,3,4,0,1,99,,N,,,,,,,,,,,
2009049073,1559.0,1,0,0,0,0,0,0,0,0,4,0,,67,4,2009,5,40.0583,-75.0269,1552.0,6,0,0,0,0,0,1,0,0,,0,0,0,15,1,1,0,,0,40 03:29.973,,0,75 01:36.663,8,0,0,1,67301,0,0,0,N,0,0,0,2,67301,0,,1,1,,N,Y,,0,,0,0,0,0,0,,1513,1,2,0,0,0,1,1,3,4,0,2,3,,N,,,,,,,,,,,