CRN,ARRIVAL_TM,AUTOMOBILE_COUNT,BELTED_DEATH_COUNT,BELTED_SUSP_SERIOUS_INJ_COUNT,BICYCLE_COUNT,BICYCLE_DEATH_COUNT,BICYCLE_SUSP_SERIOUS_INJ_COUNT,BUS_COUNT,CHLDPAS_DEATH_COUNT,CHLDPAS_SUSP_SERIOUS_INJ_COUNT,COLLISION_TYPE,COMM_VEH_COUNT,CONS_ZONE_SPD_LIM,COUNTY,CRASH_MONTH,CRASH_YEAR,DAY_OF_WEEK,DEC_LAT,DEC_LONG,DISPATCH_TM,DISTRICT,DRIVER_COUNT_16YR,DRIVER_COUNT_17YR,DRIVER_COUNT_18YR,DRIVER_COUNT_19YR,DRIVER_COUNT_20YR,DRIVER_COUNT_50_64YR,DRIVER_COUNT_65_74YR,DRIVER_COUNT_75PLUS,EST_HRS_CLOSED,FATAL_COUNT,HEAVY_TRUCK_COUNT,HORSE_BUGGY_COUNT,HOUR_OF_DAY,ILLUMINATION,INJURY_COUNT,INTERSECT_TYPE,INTERSECTION_RELATED,LANE_CLOSED,LATITUDE,LN_CLOSE_DIR,LOCATION_TYPE,LONGITUDE,MAX_SEVERITY_LEVEL,MCYCLE_DEATH_COUNT,MCYCLE_SUSP_SERIOUS_INJ_COUNT,MOTORCYCLE_COUNT,MUNICIPALITY,NONMOTR_COUNT,NONMOTR_DEATH_COUNT,NONMOTR_SUSP_SERIOUS_INJ_COUNT,NTFY_HIWY_MAINT,PED_COUNT,PED_DEATH_COUNT,PED_SUSP_SERIOUS_INJ_COUNT,PERSON_COUNT,POLICE_AGCY,POSSIBLE_INJ_COUNT,RDWY_SURF_TYPE_CD,RELATION_TO_ROAD,ROAD_CONDITION,ROADWAY_CLEARED,SCH_BUS_IND,SCH_ZONE_IND,SECONDARY_CRASH,SMALL_TRUCK_COUNT,SPEC_JURIS_CD,SUSP_MINOR_INJ_COUNT,SUSP_SERIOUS_INJ_COUNT,SUV_COUNT,TCD_FUNC_CD,TCD_TYPE,TFC_DETOUR_IND,TIME_OF_DAY,TOT_INJ_COUNT,TOTAL_UNITS,UNB_DEATH_COUNT,UNB_SUSP_SERIOUS_INJ_COUNT,UNBELTED_OCC_COUNT,UNK_INJ_DEG_COUNT,UNK_INJ_PER_COUNT,URBAN_AREA,URBAN_RURAL,VAN_COUNT,VEHICLE_COUNT,WEATHER1,WEATHER2,WORK_ZONE_IND,WORK_ZONE_LOC,WORK_ZONE_TYPE,WORKERS_PRES,WZ_CLOSE_DETOUR,WZ_FLAGGER,WZ_LAW_OFFCR_IND,WZ_LN_CLOSURE,WZ_MOVING,WZ_OTHER,WZ_SHLDER_MDN,WZ_WORKERS_INJ_KILLED
2009026035,2030.0,2,0,0,0,0,0,0,0,0,4,0,,67,1,2009,4,40.0478,-75.0316,2029.0,6,0,0,1,0,0,0,0,0,,0,0,0,20,3,3,0,,0,40 02:52.183,,0,75 01:53.904,2,0,0,0,67301,0,0,0,N,0,0,0,3,67301,2,,1,9,,N,N,,0,,0,1,0,0,0,,2028,3,2,0,0,0,0,0,3,4,0,2,7,,N,,,,,,,,,,,
2009026112,1.0,2,0,0,0,0,0,0,0,0,4,0,,67,1,2009,5,39.9398,-75.218,1.0,6,0,0,0,1,0,0,0,0,,0,0,0,16,3,1,2,,0,39 56:23.258,,0,75 13:04.893,4,0,0,0,67301,0,0,0,N,0,0,0,3,67301,1,,1,1,,N,N,,0,,0,0,0,9,3,,1630,1,2,0,0,0,0,1,3,4,0,2,3,,N,,,,,,,,,,,
2009021560,1902.0,1,0,0,0,0,0,0,0,0,1,0,,67,2,2009,7,39.982,-75.1013,1855.0,6,0,1,0,0,0,1,0,0,,0,0,0,18,3,1,0,,0,39 58:58.149,,0,75 05:58.179,4,0,0,0,67301,0,0,0,N,0,0,0,12,68K01,1,,1,1,,N,N,,1,,0,0,1,0,0,,1850,1,3,0,0,0,0,0,3,4,0,3,3,,N,,,,,,,,,,,
2009050889,1610.0,1,0,0,0,0,0,0,0,0,8,0,,67,2,2009,5,39.9746,-75.2603,1539.0,6,0,0,0,0,0,0,0,0,,0,0,0,99,1,1,0,,0,39 58:28.591,,0,75 15:37.200,8,0,0,0,67301,1,0,0,N,1,0,0,3,67301,0,,1,1,,N,,,0,,0,0,0,0,0,,9999,1,2,0,0,0,1,1,3,4,0,1,3,,N,,,,,,,,,,,
2009110201,1257.0,1,0,0,0,0,0,0,0,0,1,0,,67,10,2009,7,39.9596,-75.1758,1257.0,6,0,0,0,0,1,1,0,0,3.0,0,0,0,11,1,1,0,,1,39 57:35.085,4.0,0,75 10:36.451,3,0,0,0,67301,0,0,0,N,0,0,0,4,68K01,0,,1,9,,N,N,,0,,1,0,1,0,0,Y,1126,1,2,0,0,1,0,0,3,4,0,2,7,,N,,,,,,,,,,,
2009105900,1620.0,0,0,0,0,0,0,0,0,0,8,0,,67,10,2009,2,40.0033,-75.1659,1616.0,6,0,0,0,0,0,0,0,0,,0,0,0,16,1,1,1,,0,40 00:11.769,,0,75 09:57.120,4,0,0,0,67301,1,0,0,N,1,0,0,2,67301,1,,1,1,,N,N,,0,,0,0,1,3,2,,1600,1,2,0,0,0,0,0,3,4,0,1,3,,N,,,,,,,,,,,
2009105927,1236.0,1,0,0,0,0,0,0,0,0,1,0,,67,10,2009,7,40.0205,-75.1924,1234.0,6,0,0,0,0,0,0,0,0,,0,0,0,12,1,1,1,,0,40 01:13.580,,0,75 11:32.806,4,0,0,0,67301,0,0,0,N,0,0,0,3,67301,1,,1,9,,N,N,,0,,0,0,1,3,2,,1234,1,2,0,0,0,0,0,3,4,0,2,7,,N,,,,,,,,,,,
2009100006,917.0,1,0,0,0,0,0,0,0,0,7,0,,67,9,2009,6,40.0373,-75.191,914.0,6,0,0,0,0,0,0,0,0,9.0,0,0,0,9,1,2,0,,1,40 02:14.271,4.0,0,75 11:27.614,8,0,0,0,67301,0,0,0,,0,0,0,3,67301,0,,5,9,,N,N,,0,,0,0,0,0,0,N,905,2,1,0,0,2,2,0,3,4,0,1,7,,N,,,,,,,,,,,
2009100168,1445.0,1,0,0,0,0,0,0,0,0,8,0,,67,8,2009,5,40.0108,-75.0884,1445.0,6,0,0,0,0,0,0,0,0,,0,0,0,19,8,1,0,,0,40 00:38.992,,0,75 05:18.367,8,0,0,0,67301,1,0,0,,1,0,0,2,67301,0,,1,98,,,,,0,,0,0,0,0,0,,1900,1,2,0,0,0,1,0,3,4,0,1,99,,N,,,,,,,,,,,
2009100763,2012.0,1,0,0,0,0,0,0,0,0,6,1,,67,8,2009,2,39.9714,-75.1586,2007.0,6,0,0,0,0,0,0,0,0,,0,1,0,19,3,1,0,,0,39 58:17.059,,7,75 09:31.009,4,0,0,0,67301,0,0,0,N,0,0,0,3,67301,1,,1,1,,N,N,,0,,0,0,0,0,0,,1945,1,2,0,0,1,0,0,3,4,0,2,3,,N,,,,,,,,,,,
2009100843,1636.0,1,0,0,0,0,0,0,0,0,7,0,,67,9,2009,6,,,1629.0,6,0,0,0,0,0,0,0,0,,0,0,0,16,1,0,0,,0,,,0,,0,0,0,0,67301,0,0,0,N,0,0,0,1,67301,0,,5,9,,N,N,,0,,0,0,0,0,0,,1625,0,1,0,0,0,0,0,3,3,0,1,7,,N,,,,,,,,,,,
2009108299,620.0,2,0,0,0,0,0,0,0,0,1,0,,67,10,2009,1,39.9357,-75.1998,615.0,6,0,0,0,0,0,0,0,0,1.0,0,0,0,6,3,0,0,,2,39 56:12.083,3.0,0,75 11:57.673,0,0,0,0,67301,0,0,0,N,0,0,0,2,68K01,0,,1,9,,N,N,,0,,0,0,0,0,0,N,613,0,2,0,0,0,0,0,3,4,0,2,7,,N,,,,,,,,,,,
2009107392,50.0,0,0,0,0,0,0,0,0,0,7,0,,67,10,2009,1,40.0087,-75.0685,45.0,6,0,0,0,0,0,0,0,0,1.0,0,0,0,0,3,1,0,,1,40 00:31.436,2.0,0,75 04:06.480,4,0,0,0,67301,0,0,0,,0,0,0,1,67301,1,,5,1,,,,,0,,0,0,1,0,0,N,39,1,1,0,0,0,0,0,3,4,0,1,3,,N,,,,,,,,,,,
2009100546,817.0,1,0,0,1,0,0,0,0,0,4,0,,67,9,2009,2,39.9558,-75.1915,815.0,6,0,0,0,0,0,1,0,0,,0,0,0,8,1,1,1,,0,39 57:20.966,,0,75 11:29.280,8,0,0,0,67301,1,0,0,N,0,0,0,2,67301,0,,1,1,,N,N,,0,,0,0,0,3,2,,805,1,2,0,0,0,1,0,3,4,0,1,3,,N,,,,,,,,,,,
2009100552,836.0,0,0,0,0,0,0,0,0,0,8,0,,67,9,2009,2,40.0353,-75.0252,835.0,6,0,0,0,0,0,1,0,0,,0,0,0,8,1,1,1,,0,40 02:07.013,,0,75 01:30.652,8,0,0,0,67301,1,0,0,N,1,0,0,2,67301,0,,1,1,,N,N,,1,,0,0,0,3,2,,805,1,2,0,0,0,1,0,3,4,0,1,3,,N,,,,,,,,,,,
2009025642,9999.0,1,0,0,0,0,0,0,0,0,1,0,,67,1,2009,3,40.0086,-75.0688,1504.0,6,0,0,0,0,0,0,0,0,,0,0,0,15,1,1,5,,0,40 00:31.034,,0,75 04:07.810,4,0,0,0,67301,0,0,0,N,0,0,0,3,67301,1,,1,1,,N,N,,0,,0,0,1,3,2,,1503,1,2,0,0,0,0,0,3,4,0,2,3,,N,,,,,,,,,,,
2009025655,107.0,1,0,0,0,0,0,0,0,0,1,0,,67,1,2009,7,40.0481,-75.0691,107.0,6,0,0,0,0,0,1,0,0,2.0,0,0,0,1,3,0,1,,2,40 02:52.989,1.0,0,75 04:08.640,0,0,0,0,67301,0,0,0,N,0,0,0,2,67301,0,,1,1,,N,N,,0,,0,0,1,3,2,Y,107,0,2,0,0,0,0,0,3,4,0,2,3,,N,,,,,,,,,,,
2009025799,608.0,1,0,0,0,0,0,0,0,0,4,0,,67,1,2009,4,40.0419,-75.075,606.0,6,0,0,0,0,0,0,0,0,,0,0,0,6,1,0,5,,0,40 02:30.840,,0,75 04:30.000,9,0,0,0,67301,0,0,0,N,0,0,0,4,67301,0,,1,1,,N,,,0,,0,0,1,3,2,,606,0,2,0,0,0,0,1,3,4,0,2,3,,N,,,,,,,,,,,
2009025832,1218.0,2,0,0,0,0,0,0,0,0,2,0,,67,1,2009,5,39.9426,-75.2364,1212.0,6,0,0,0,0,0,0,0,0,,0,0,0,12,1,1,0,,0,39 56:33.288,,0,75 14:10.914,8,0,0,0,67301,0,0,0,N,0,0,0,1,67301,0,,6,1,,N,N,,1,,0,0,0,0,0,,1212,1,3,0,0,0,1,0,3,4,0,3,3,,N,,,,,,,,,,,
2009028479,2005.0,1,0,0,0,0,0,0,0,0,8,0,,67,1,2009,5,39.9499,-75.1642,2003.0,6,0,0,0,0,0,0,0,0,,0,0,0,20,3,1,0,,0,39 56:59.759,,0,75 09:51.062,4,0,0,0,67301,1,0,0,N,1,0,0,3,67301,1,,1,1,,N,N,,0,,0,0,0,0,0,,2000,1,2,0,0,0,0,0,3,4,0,1,3,,N,,,,,,,,,,,
2009030197,1320.0,2,0,0,0,0,0,0,0,0,1,0,,67,1,2009,5,40.0421,-75.0873,1316.0,6,0,0,0,0,0,0,0,0,,0,0,0,13,1,3,0,,0,40 02:31.390,,0,75 05:14.197,8,0,0,0,67301,0,0,0,N,0,0,0,3,67301,0,,1,1,,N,N,,0,,0,0,1,9,3,,1316,3,4,0,0,1,3,0,3,4,1,4,3,,N,,,,,,,,,,,
2009030198,2253.0,1,0,0,0,0,0,0,0,0,5,0,,67,1,2009,4,,,2249.0,6,0,0,0,0,0,0,0,0,9.0,0,0,0,22,3,0,0,,1,,3.0,0,,0,0,0,0,67301,0,0,0,N,0,0,0,2,67301,0,,1,2,,N,N,,0,,0,0,1,0,0,N,2244,0,2,0,0,0,0,0,3,3,0,2,10,,N,,,,,,,,,,,
2009084538,118.0,0,0,0,0,0,0,0,0,0,1,0,,67,7,2009,7,40.0405,-75.0589,114.0,6,0,0,0,0,0,0,0,0,2.0,0,0,0,1,3,0,1,,2,40 02:25.817,2.0,0,75 03:32.713,0,0,0,0,67301,0,0,0,N,0,0,0,3,67301,0,,1,1,,N,N,,1,,0,0,1,9,2,Y,113,0,2,0,0,0,0,0,3,4,0,2,3,,N,,,,,,,,,,,
2009079517,825.0,1,0,0,0,0,0,0,0,0,1,0,,67,6,2009,6,40.0999,-75.0082,819.0,6,0,0,0,0,0,0,0,0,,0,0,0,8,1,1,1,,0,40 05:59.614,,0,75 00:29.360,3,0,0,0,67301,0,0,0,N,0,0,0,2,67301,0,,1,1,,N,N,,1,,1,0,0,3,2,,819,1,2,0,0,1,0,0,3,4,0,2,3,,N,,,,,,,,,,,
2009079536,1515.0,1,0,0,0,0,0,0,0,0,4,0,,67,7,2009,7,39.9963,-75.1338,1500.0,6,0,0,0,0,1,0,0,0,1.0,0,0,0,99,1,1,0,,1,39 59:46.507,2.0,0,75 08:01.852,8,0,0,0,67301,0,0,0,,0,0,0,5,67301,0,,1,1,,N,N,,0,,0,0,0,0,0,N,9999,1,3,0,0,0,1,0,3,4,2,3,3,,N,,,,,,,,,,,
2009100696,2340.0,1,0,0,0,0,0,0,0,0,4,1,,67,9,2009,2,40.0414,-75.1441,2340.0,6,0,0,0,0,0,0,0,0,,0,1,0,23,3,0,5,,0,40 02:28.894,,0,75 08:39.243,0,0,0,0,67301,0,0,0,N,0,0,0,2,67301,0,,1,1,,N,N,,0,,0,0,0,0,0,,2330,0,2,0,0,0,0,0,3,4,0,2,3,,N,,,,,,,,,,,
2009105075,1115.0,3,0,0,0,0,0,0,0,0,5,0,,67,9,2009,7,39.8945,-75.2468,1114.0,6,0,0,0,0,0,1,0,0,2.0,0,0,0,11,1,1,1,,2,39 53:40.293,1.0,0,75 14:47.642,4,0,0,0,67301,0,0,0,,0,0,0,3,67301,1,,1,1,,N,N,,0,,0,0,0,3,2,Y,1112,1,3,0,0,1,0,0,3,4,0,3,3,,N,,,,,,,,,,,
2009044204,2130.0,1,0,0,0,0,0,0,0,0,8,0,,67,3,2009,7,39.9982,-75.1138,2122.0,6,0,0,0,0,0,0,0,0,,0,0,0,21,3,1,0,,0,39 59:53.473,,0,75 06:49.820,8,0,0,0,67301,1,0,0,N,1,0,0,3,67301,0,,1,1,,N,N,,0,,0,0,0,0,0,,2115,1,2,0,0,0,1,0,3,4,0,1,3,,N,,,,,,,,,,,
2009049554,2138.0,1,0,0,0,0,0,0,0,0,5,0,,67,3,2009,3,39.9182,-75.2089,2140.0,6,0,0,0,0,0,1,0,0,,0,0,0,21,3,0,2,,0,39 55:05.901,,0,75 12:31.948,0,0,0,0,67301,0,0,0,N,0,0,0,2,67301,0,,1,1,,N,N,,1,,0,0,0,9,2,,2138,0,2,0,0,0,0,0,3,4,0,2,3,,N,,,,,,,,,,,
2009048781,812.0,1,0,0,0,0,0,0,0,0,8,0,,67,3,2009,6,40.0297,-75.0737,802.0,6,0,0,0,0,0,0,0,0,,0,0,0,8,1,1,2,,0,40 01:47.073,,0,75 04:25.253,8,0,0,0,67301,1,0,0,N,1,0,0,2,67301,0,,1,1,,N,N,,0,,0,0,0,3,2,,802,1,2,0,0,0,1,1,3,4,0,1,3,,N,,,,,,,,,,,
2009048850,1306.0,2,0,0,0,0,0,0,0,0,4,0,,67,2,2009,5,40.0181,-75.1593,1305.0,6,0,0,0,0,0,0,0,0,,0,0,0,13,1,0,2,,0,40 01:05.011,,0,75 09:33.605,0,0,0,0,67301,0,0,0,N,0,0,0,2,67301,0,,1,1,,N,N,,0,,0,0,0,0,0,,1302,0,2,0,0,0,0,0,3,4,0,2,3,,N,,,,,,,,,,,
2009048858,1421.0,2,0,0,0,0,0,0,0,0,5,0,,67,4,2009,2,39.9913,-75.1349,1415.0,6,0,0,0,0,1,1,0,0,,0,0,0,14,1,2,1,,0,39 59:29.112,,0,75 08:05.513,4,0,0,0,67301,0,0,0,N,0,0,0,2,67501,2,,1,1,,N,N,,0,,0,0,0,3,2,,1400,2,2,0,0,0,0,0,3,4,0,2,3,,N,,,,,,,,,,,
2009117184,56.0,1,0,0,0,0,0,0,0,0,7,0,,67,11,2009,3,39.9605,-75.1813,50.0,6,0,0,0,0,0,0,0,0,,0,0,0,0,3,1,6,,0,39 57:41.926,,2,75 10:56.993,4,0,0,0,67301,0,0,0,N,0,0,0,1,68K01,1,,4,1,,N,N,,0,,0,0,0,3,8,,45,1,1,0,0,0,0,0,3,4,0,1,3,,N,,,,,,,,,,,
2009125087,1633.0,1,0,0,0,0,0,0,0,0,2,0,,67,11,2009,4,39.9835,-75.2526,1630.0,6,0,0,0,0,0,1,0,0,,0,0,0,16,1,0,1,,0,39 59:00.517,,0,75 15:09.356,0,0,0,0,67301,0,0,0,N,0,0,0,2,67301,0,,1,1,,N,N,,0,,0,0,0,0,0,,1625,0,2,0,0,1,0,0,3,4,1,2,3,,N,,,,,,,,,,,
2009048874,1930.0,1,0,0,0,0,0,0,0,0,5,0,,67,4,2009,5,40.0028,-75.223,1928.0,6,0,0,0,0,0,0,0,0,,0,0,0,19,1,0,0,,0,40 00:13.744,,0,75 13:14.986,0,0,0,0,67301,0,0,0,N,0,0,0,2,67301,0,,1,1,,N,N,,0,,0,0,1,0,0,,1925,0,2,0,0,0,0,0,3,4,0,2,3,,N,,,,,,,,,,,
2009048880,220.0,1,0,0,0,0,0,0,0,0,7,0,,67,4,2009,6,40.0049,-75.1664,215.0,6,0,0,0,0,0,0,0,0,9.0,0,0,0,2,3,2,0,,1,40 00:17.799,3.0,0,75 09:59.215,2,0,0,0,67301,0,0,0,N,0,0,0,2,67301,0,,5,1,,N,N,,0,,1,1,0,0,0,N,210,2,1,0,0,0,0,0,3,4,0,1,3,,N,,,,,,,,,,,
2009048954,1542.0,1,0,0,0,0,0,0,0,0,4,0,,67,4,2009,4,40.0589,-75.0645,1540.0,6,0,0,0,0,0,0,0,0,,0,0,0,15,1,0,1,,0,40 03:31.870,,0,75 03:52.124,0,0,0,0,67301,0,0,0,N,0,0,0,2,67301,0,,1,9,,N,N,,0,,0,0,1,3,3,,1521,0,2,0,0,0,0,0,3,4,0,2,7,,N,,,,,,,,,,,
2009049046,142.0,1,0,0,0,0,0,0,0,0,7,0,,67,4,2009,1,40.0865,-75.0362,142.0,6,0,0,1,0,0,0,0,0,,0,0,0,1,3,0,2,,0,40 05:11.559,,0,75 02:10.756,9,0,0,0,67301,0,0,0,,0,0,0,1,67301,0,,5,1,,N,N,,0,,0,0,0,0,0,,140,0,1,0,0,0,0,1,3,4,0,1,3,,N,,,,,,,,,,,
2009122333,718.0,1,0,0,0,0,0,1,0,0,1,1,,67,10,2009,4,39.9597,-75.1764,702.0,6,0,0,0,0,0,0,0,0,2.0,0,0,0,7,1,12,7,,2,39 57:35.412,4.0,2,75 10:39.053,4,0,0,0,67301,0,0,0,N,0,0,0,18,67301,12,,1,1,,Y,N,,0,,0,0,0,0,0,N,701,12,4,0,0,0,0,0,3,4,2,4,3,,N,,,,,,,,,,,
2009043990,1730.0,0,0,0,0,0,0,0,0,0,3,0,,67,3,2009,6,39.9602,-75.2269,1730.0,6,0,0,0,0,0,0,0,0,,0,0,0,13,1,1,1,,0,39 57:36.663,,0,75 13:36.687,4,0,0,0,67301,0,0,0,N,0,0,0,3,67301,1,,1,98,,N,N,,1,,0,0,1,0,0,,1330,1,2,0,0,0,0,0,3,4,0,2,3,,N,,,,,,,,,,,
2009041651,947.0,1,0,0,0,0,0,0,0,0,7,0,,67,4,2009,7,39.9375,-75.1984,945.0,6,0,0,0,0,0,0,0,0,1.0,0,0,0,9,1,0,0,,1,39 56:14.988,4.0,2,75 11:54.237,0,0,0,0,67301,0,0,0,N,0,0,0,1,68K01,0,,5,8,,N,N,,0,,0,0,0,0,0,N,942,0,1,0,0,0,0,0,3,4,0,1,7,,N,,,,,,,,,,,
2009024011,255.0,1,0,0,0,0,0,0,0,0,7,0,,67,2,2009,7,40.0085,-75.0693,247.0,6,0,0,0,0,0,0,0,0,,0,0,0,2,6,0,0,,0,40 00:31.320,,2,75 04:08.040,0,0,0,0,67301,0,0,0,Y,0,0,0,1,68K01,0,,2,2,,N,N,,0,,0,0,0,0,0,,230,0,1,0,0,0,0,0,3,4,0,1,3,,N,,,,,,,,,,,
2009026523,1836.0,1,0,0,0,0,0,0,0,0,1,0,,67,2,2009,6,39.9575,-75.1595,1827.0,6,0,0,0,0,0,0,0,0,1.0,0,0,0,18,3,1,0,,2,39 57:26.900,3.0,0,75 09:34.310,3,0,0,0,67301,0,0,0,N,0,0,0,5,68K01,0,,1,1,,N,N,,0,,1,0,2,0,0,N,1823,1,3,0,0,0,0,0,3,4,0,3,3,,N,,,,,,,,,,,
2009026058,1900.0,2,0,0,0,0,0,0,0,0,4,0,,67,1,2009,2,40.0532,-75.0868,1856.0,6,0,0,0,0,0,0,0,0,,0,0,0,18,3,3,1,,0,40 03:11.313,,0,75 05:12.436,8,0,0,0,67301,0,0,0,N,0,0,0,6,67301,0,,1,1,,N,N,,0,,0,0,0,3,3,,1840,3,2,0,0,0,3,0,3,4,0,2,3,,N,,,,,,,,,,,
2009026080,1322.0,1,0,0,0,0,0,0,0,0,1,0,,67,1,2009,6,40.0685,-75.0082,1320.0,6,0,0,0,0,0,0,0,0,1.0,0,0,0,13,1,1,2,,1,40 04:06.692,2.0,0,75 00:29.389,4,0,0,0,67301,0,0,0,N,0,0,0,2,67301,1,,1,1,,N,N,,1,,0,0,0,0,0,N,1315,1,2,0,0,0,0,0,3,4,0,2,3,,N,,,,,,,,,,,
2009026101,708.0,1,0,0,0,0,0,0,0,0,8,0,,67,1,2009,1,39.9494,-75.1588,705.0,6,0,0,0,0,0,0,0,0,,0,0,0,6,1,1,1,,0,39 56:58.016,,0,75 09:31.701,4,0,0,0,67301,1,0,0,N,1,0,0,2,67301,1,,1,1,,N,N,,0,,0,0,0,3,2,,658,1,2,0,0,0,0,1,3,4,0,1,3,,N,,,,,,,,,,,
2009048232,1102.0,1,0,0,0,0,0,0,0,0,5,1,,67,5,2009,6,40.0206,-75.0425,1058.0,6,0,0,0,0,0,0,0,0,,0,1,0,10,1,0,0,,0,40 01:16.300,,0,75 02:27.373,0,0,0,0,67301,0,0,0,N,0,0,0,2,68K01,0,,1,1,,N,N,,0,,0,0,0,0,0,,1055,0,2,0,0,0,0,0,3,4,0,2,3,,N,,,,,,,,,,,
2009050895,1229.0,1,0,0,0,0,0,0,0,0,1,0,,67,3,2009,4,40.0562,-75.1495,1222.0,6,0,0,0,0,0,0,0,0,,0,0,0,12,1,1,1,,0,40 03:22.338,,0,75 08:58.185,8,0,0,0,67301,0,0,0,N,0,0,0,3,67301,0,,1,1,,N,N,,1,,0,0,0,3,2,,1220,1,2,0,0,0,1,1,3,4,0,2,3,,N,,,,,,,,,,,
2009050214,251.0,0,0,0,0,0,0,0,0,0,7,0,,67,4,2009,7,39.9806,-75.1038,246.0,6,0,0,0,0,0,0,0,0,1.0,0,0,0,2,3,0,0,,1,39 58:50.472,1.0,0,75 06:13.451,0,0,0,0,67301,0,0,0,N,0,0,0,1,68K01,0,,5,1,,N,N,,0,,0,0,1,0,0,N,243,0,1,0,0,0,0,0,3,4,0,1,3,,N,,,,,,,,,,,
2009100369,1720.0,1,0,0,1,0,0,0,0,0,6,0,,67,9,2009,2,40.0384,-75.0362,1710.0,6,0,0,0,0,0,0,0,0,,0,0,0,16,1,1,1,,0,40 02:18.342,,0,75 02:10.265,4,0,0,0,67301,1,0,0,N,0,0,0,2,67301,1,,4,1,,N,N,,0,,0,0,0,9,2,,1630,1,2,0,0,0,0,0,3,4,0,1,3,,N,,,,,,,,,,,
2009105757,557.0,1,0,0,0,0,0,0,0,0,7,0,,67,9,2009,3,39.9988,-75.1551,555.0,6,0,0,0,0,0,1,0,0,,0,0,0,5,3,1,1,,0,39 59:55.687,,0,75 09:18.478,4,0,0,0,67301,0,0,0,N,0,0,0,2,67301,1,,4,1,,N,N,,0,,0,0,0,3,3,,550,1,1,0,0,1,0,0,3,4,0,1,3,,N,,,,,,,,,,,
2009105860,1707.0,2,0,0,0,0,0,0,0,0,1,0,,67,9,2009,3,40.07,-75.0394,1658.0,6,0,0,0,1,0,1,0,0,1.0,0,0,0,16,1,1,0,,1,40 04:12.044,2.0,0,75 02:21.949,8,0,0,0,67301,0,0,0,N,0,0,0,4,67301,0,,1,1,,N,N,,0,,0,0,0,0,0,N,1655,1,2,0,0,0,1,0,3,4,0,2,3,,N,,,,,,,,,,,
2009105915,1833.0,2,0,0,0,0,0,0,0,0,4,0,,67,9,2009,1,39.9594,-75.1987,1831.0,6,0,0,0,1,0,0,0,0,,0,0,0,18,1,1,2,,0,39 57:33.984,,0,75 11:55.262,4,0,0,0,67301,0,0,0,N,0,0,0,3,67301,1,,1,1,,N,N,,0,,0,0,0,3,3,,1830,1,2,0,0,0,0,0,3,4,0,2,3,,N,,,,,,,,,,,
2009105931,905.0,0,0,0,0,0,0,0,0,0,4,0,,67,9,2009,2,39.9543,-75.1545,855.0,6,0,0,0,0,0,1,0,0,,0,0,0,8,1,2,1,,0,39 57:15.426,,0,75 09:16.196,4,0,0,0,67301,0,0,0,,0,0,0,3,67301,2,,1,1,,,,,0,,0,0,1,3,3,,830,2,2,0,0,0,0,0,3,4,1,2,3,,N,,,,,,,,,,,
2009105541,10.0,4,0,0,0,0,0,0,0,0,3,0,,67,9,2009,2,40.021,-75.2153,1.0,6,0,0,0,0,1,0,0,0,,0,0,0,0,3,0,0,,0,40 01:15.432,,0,75 12:55.089,9,0,0,0,67301,0,0,0,N,0,0,0,1,67301,0,,1,1,,N,N,,0,,0,0,0,0,0,,1,0,4,0,0,0,0,1,3,4,0,4,3,,N,,,,,,,,,,,
2009105676,331.0,1,0,0,0,0,0,0,0,0,1,0,,67,9,2009,1,39.9644,-75.1764,329.0,6,0,0,0,0,0,0,0,0,,0,0,0,3,3,2,5,,0,39 57:51.547,,0,75 10:34.023,4,0,0,0,67301,0,0,0,,0,0,0,5,67301,1,,1,1,,,,,1,,0,0,0,3,2,,327,2,2,0,0,0,1,0,3,4,0,2,3,,N,,,,,,,,,,,
2009100759,1719.0,2,0,0,0,0,0,0,0,0,4,0,,67,9,2009,6,39.9397,-75.2229,1717.0,6,0,0,0,0,0,0,0,0,,0,0,0,16,1,1,1,,0,39 56:22.855,,0,75 13:22.544,8,0,0,0,67301,0,0,0,N,0,0,0,3,67301,0,,1,1,,N,N,,0,,0,0,0,3,2,,1611,1,2,0,0,0,1,0,3,4,0,2,3,,N,,,,,,,,,,,
2009122027,110.0,2,0,0,0,0,0,0,0,0,1,0,,67,11,2009,7,39.972,-75.1229,104.0,6,0,0,0,1,0,0,0,0,,0,0,0,1,3,0,0,,0,39 58:19.363,,0,75 07:22.249,0,0,0,0,67301,0,0,0,N,0,0,0,5,68K01,0,,1,1,,N,N,,0,,0,0,0,0,0,,100,0,2,0,0,0,0,0,3,4,0,2,3,,N,,,,,,,,,,,
2009107395,432.0,3,0,0,0,0,0,0,0,0,4,0,,67,9,2009,7,39.9202,-75.1572,430.0,6,0,0,0,0,0,0,0,0,,0,0,0,4,3,0,1,,0,39 55:12.846,,0,75 09:25.829,0,0,0,0,67301,0,0,0,N,0,0,0,2,67301,0,,1,1,,N,N,,0,,0,0,0,3,3,,425,0,3,0,0,0,0,0,3,4,0,3,3,,N,,,,,,,,,,,
2009100540,20.0,1,0,0,0,0,0,0,0,0,1,0,,67,9,2009,1,40.0519,-74.9845,7.0,6,0,0,0,0,0,0,0,0,,0,0,0,0,3,1,1,,0,40 03:06.917,,0,74 59:04.092,4,0,0,0,67301,0,0,0,N,0,0,0,2,67301,1,,1,9,,N,N,,1,,0,0,0,3,2,,0,1,2,0,0,0,0,1,3,4,0,2,7,,N,,,,,,,,,,,