CRN,ARRIVAL_TM,AUTOMOBILE_COUNT,BELTED_DEATH_COUNT,BELTED_SUSP_SERIOUS_INJ_COUNT,BICYCLE_COUNT,BICYCLE_DEATH_COUNT,BICYCLE_SUSP_SERIOUS_INJ_COUNT,BUS_COUNT,CHLDPAS_DEATH_COUNT,CHLDPAS_SUSP_SERIOUS_INJ_COUNT,COLLISION_TYPE,COMM_VEH_COUNT,CONS_ZONE_SPD_LIM,COUNTY,CRASH_MONTH,CRASH_YEAR,DAY_OF_WEEK,DEC_LAT,DEC_LONG,DISPATCH_TM,DISTRICT,DRIVER_COUNT_16YR,DRIVER_COUNT_17YR,DRIVER_COUNT_18YR,DRIVER_COUNT_19YR,DRIVER_COUNT_20YR,DRIVER_COUNT_50_64YR,DRIVER_COUNT_65_74YR,DRIVER_COUNT_75PLUS,EST_HRS_CLOSED,FATAL_COUNT,HEAVY_TRUCK_COUNT,HORSE_BUGGY_COUNT,HOUR_OF_DAY,ILLUMINATION,INJURY_COUNT,INTERSECT_TYPE,INTERSECTION_RELATED,LANE_CLOSED,LATITUDE,LN_CLOSE_DIR,LOCATION_TYPE,LONGITUDE,MAX_SEVERITY_LEVEL,MCYCLE_DEATH_COUNT,MCYCLE_SUSP_SERIOUS_INJ_COUNT,MOTORCYCLE_COUNT,MUNICIPALITY,NONMOTR_COUNT,NONMOTR_DEATH_COUNT,NONMOTR_SUSP_SERIOUS_INJ_COUNT,NTFY_HIWY_MAINT,PED_COUNT,PED_DEATH_COUNT,PED_SUSP_SERIOUS_INJ_COUNT,PERSON_COUNT,POLICE_AGCY,POSSIBLE_INJ_COUNT,RDWY_SURF_TYPE_CD,RELATION_TO_ROAD,ROAD_CONDITION,ROADWAY_CLEARED,SCH_BUS_IND,SCH_ZONE_IND,SECONDARY_CRASH,SMALL_TRUCK_COUNT,SPEC_JURIS_CD,SUSP_MINOR_INJ_COUNT,SUSP_SERIOUS_INJ_COUNT,SUV_COUNT,TCD_FUNC_CD,TCD_TYPE,TFC_DETOUR_IND,TIME_OF_DAY,TOT_INJ_COUNT,TOTAL_UNITS,UNB_DEATH_COUNT,UNB_SUSP_SERIOUS_INJ_COUNT,UNBELTED_OCC_COUNT,UNK_INJ_DEG_COUNT,UNK_INJ_PER_COUNT,URBAN_AREA,URBAN_RURAL,VAN_COUNT,VEHICLE_COUNT,WEATHER1,WEATHER2,WORK_ZONE_IND,WORK_ZONE_LOC,WORK_ZONE_TYPE,WORKERS_PRES,WZ_CLOSE_DETOUR,WZ_FLAGGER,WZ_LAW_OFFCR_IND,WZ_LN_CLOSURE,WZ_MOVING,WZ_OTHER,WZ_SHLDER_MDN,WZ_WORKERS_INJ_KILLED
2009033394,1425.0,1,0,0,0,0,0,0,0,0,1,0,,67,3,2009,2,39.9542,-75.1416,1425.0,6,0,0,0,0,0,2,0,0,,0,0,0,14,1,1,0,,0,39 57:02.505,,0,75 08:29.797,4,0,0,0,67301,0,0,0,N,0,0,0,2,68K02,1,,1,6,,N,N,,0,,0,0,1,0,0,,1425,1,2,0,0,1,0,0,3,4,0,2,10,,N,,,,,,,,,,,
2009015523,1124.0,1,0,0,0,0,0,0,0,0,1,0,,67,1,2009,1,39.9332,-75.2,1119.0,6,0,0,0,0,0,0,0,0,1.0,0,0,0,11,1,0,0,,1,39 56:04.428,4.0,0,75 11:59.474,0,0,0,0,67301,0,0,0,N,0,0,0,2,68K01,0,,1,1,,N,N,,0,,0,0,0,0,0,N,1115,0,2,0,0,0,0,0,3,4,1,2,3,,N,,,,,,,,,,,
2009015524,1555.0,1,0,0,0,0,0,0,0,0,7,0,,67,1,2009,3,39.9601,-75.1803,1544.0,6,0,0,0,0,0,0,0,0,,0,0,0,15,1,0,0,,0,39 57:36.532,,0,75 10:50.649,0,0,0,0,67301,0,0,0,N,0,0,0,1,68K01,0,,2,1,,N,N,,0,,0,0,0,0,0,,1541,0,1,0,0,0,0,0,3,4,0,1,3,,N,,,,,,,,,,,
2009030182,2238.0,1,0,0,0,0,0,0,0,0,8,0,,67,1,2009,7,40.0333,-75.0834,2235.0,6,0,0,0,0,0,0,0,0,1.0,0,0,0,22,3,2,0,,1,40 01:59.881,2.0,0,75 05:00.084,4,0,0,0,67301,2,0,0,N,2,0,0,3,67301,2,,1,1,,N,N,,0,,0,0,0,0,0,N,2235,2,3,0,0,1,0,0,3,4,0,1,3,,N,,,,,,,,,,,
2009025586,1320.0,1,0,0,0,0,0,0,0,0,1,0,,67,1,2009,5,39.9944,-75.1578,1254.0,6,0,0,0,0,0,1,0,0,,0,0,0,12,1,3,1,,0,39 59:39.677,,0,75 09:28.125,4,0,0,0,67301,0,0,0,N,0,0,0,4,67301,3,,1,1,,N,N,,0,,0,0,0,3,2,,1241,3,2,0,0,0,0,0,3,4,1,2,3,,N,,,,,,,,,,,
2009079514,1736.0,1,0,0,1,0,0,0,0,0,5,0,,67,7,2009,2,39.9429,-75.1635,1735.0,6,0,0,0,0,0,1,0,0,,0,0,0,17,1,1,0,,0,39 56:34.364,,0,75 09:48.538,4,0,0,0,67301,1,0,0,N,0,0,0,2,67301,1,,1,1,,N,N,,0,,0,0,0,3,2,,1730,1,2,0,0,1,0,0,3,4,0,1,3,,N,,,,,,,,,,,
2009079617,1914.0,2,0,0,0,0,0,0,0,0,1,0,,67,7,2009,6,39.8917,-75.2233,1907.0,6,0,0,0,0,1,0,0,0,,0,0,0,19,1,0,0,,0,39 53:29.523,,0,75 13:22.766,0,0,0,0,67301,0,0,0,N,0,0,0,4,68K01,0,,1,1,,N,N,,0,,0,0,1,0,0,,1905,0,3,0,0,0,0,0,3,4,0,3,3,,N,,,,,,,,,,,
2009105718,1400.0,1,0,0,0,0,0,0,0,0,1,0,,67,9,2009,1,39.9948,-75.0947,1348.0,6,0,0,0,0,0,1,0,0,,0,0,0,13,1,1,0,,0,39 59:41.396,,0,75 05:40.950,4,0,0,0,67301,0,0,0,,0,0,0,4,67301,1,,1,9,,,,,0,,0,0,1,0,0,,1300,1,2,0,0,3,0,2,3,4,0,2,7,,N,,,,,,,,,,,
2009049557,1910.0,1,0,0,0,0,0,0,0,0,8,0,,67,4,2009,6,39.9246,-75.2331,1905.0,6,0,0,0,0,0,0,0,0,,0,0,0,18,1,1,0,,0,39 55:28.390,,0,75 13:59.206,3,0,0,0,67301,1,0,0,N,1,0,0,2,67301,0,,1,1,,N,N,,0,,1,0,0,0,0,,1859,1,2,0,0,0,0,0,3,4,0,1,3,,N,,,,,,,,,,,
2009046797,2106.0,1,0,0,0,0,0,0,0,0,7,0,,67,4,2009,7,39.9205,-75.148,2103.0,6,0,0,0,0,0,0,0,0,2.0,0,0,0,21,3,0,0,,1,39 55:14.520,1.0,0,75 08:52.440,0,0,0,0,67301,0,0,0,N,0,0,0,5,68K01,0,,2,1,,N,N,,0,,0,0,0,0,0,N,2101,0,1,0,0,0,0,0,3,4,0,1,3,,N,,,,,,,,,,,
2009049433,2020.0,2,0,0,0,0,0,0,0,0,6,0,,67,3,2009,5,39.9459,-75.2403,2011.0,6,0,0,0,0,0,0,0,0,,0,0,0,20,3,1,1,,0,39 56:45.089,,0,75 14:25.019,4,0,0,0,67301,0,0,0,N,0,0,0,4,67301,1,,1,9,,N,N,,0,,0,0,0,3,2,,2011,1,2,0,0,0,0,1,3,4,0,2,7,,N,,,,,,,,,,,
2009049462,834.0,1,0,0,0,0,0,0,0,0,4,0,,67,4,2009,4,39.9399,-75.198,831.0,6,0,0,0,0,0,0,0,0,,0,1,0,8,1,1,0,,0,39 56:23.786,,0,75 11:52.960,8,0,0,0,67301,0,0,0,N,0,0,0,2,67301,0,,1,9,,N,N,,0,,0,0,0,0,0,,825,1,2,0,0,0,1,0,3,4,0,2,7,,N,,,,,,,,,,,
2009026119,1135.0,0,0,0,0,0,0,0,0,0,1,0,,67,1,2009,4,39.9592,-75.1621,1130.0,6,0,0,0,0,0,1,0,0,1.0,0,0,0,11,1,1,0,,1,39 57:33.674,2.0,0,75 09:43.633,8,0,0,0,67301,0,0,0,N,0,0,0,2,67301,0,,1,9,,N,N,,1,,0,0,0,0,0,N,1125,1,2,0,0,0,1,0,3,4,1,2,7,,N,,,,,,,,,,,
2009124874,1430.0,1,0,0,0,0,0,0,0,0,8,0,,67,11,2009,7,39.9244,-75.1696,1430.0,6,0,0,0,0,0,0,0,0,,0,0,0,14,1,1,1,,0,39 55:27.728,,0,75 10:10.600,3,0,0,0,67301,1,0,0,,1,0,0,2,67301,0,,1,1,,N,N,,0,,1,0,0,3,2,,1430,1,2,0,0,0,0,0,3,4,0,1,3,,N,,,,,,,,,,,
2009112377,1938.0,2,0,0,0,0,0,0,0,0,1,0,,67,10,2009,6,39.9542,-75.1416,1936.0,6,0,0,0,0,0,0,0,0,,0,0,0,19,2,1,0,,0,39 57:14.838,,0,75 08:29.770,4,0,0,0,67301,0,0,0,N,0,0,0,2,68K01,1,,1,1,,N,N,,0,,0,0,0,0,0,,1933,1,2,0,0,0,0,0,3,4,0,2,3,,N,,,,,,,,,,,
2009125070,1552.0,1,0,0,0,0,0,1,0,0,4,1,,67,11,2009,7,40.0233,-75.0768,1552.0,6,0,0,0,0,0,1,0,0,,0,0,0,15,1,1,1,,0,40 01:23.700,,0,75 04:36.637,8,0,0,0,67301,0,0,0,N,0,0,0,3,67301,0,,1,1,,N,N,,0,,0,0,0,3,2,,1550,1,2,0,0,0,1,0,3,4,0,2,3,,N,,,,,,,,,,,
2009120216,1311.0,0,0,0,0,0,0,0,0,0,1,0,,67,11,2009,1,40.09,-74.9681,1311.0,6,0,0,0,0,0,0,0,0,,0,0,0,13,1,1,2,,0,40 05:23.969,,0,74 58:05.022,4,0,0,0,67301,0,0,0,,0,0,0,7,67301,1,,1,1,,N,N,,0,,0,0,2,3,3,,1311,1,2,0,0,0,0,0,3,4,0,2,3,,N,,,,,,,,,,,
2009038962,319.0,1,0,0,0,0,0,0,0,0,7,0,,67,3,2009,1,39.9144,-75.1531,319.0,6,0,0,0,0,1,0,0,0,,0,0,0,3,3,1,1,,0,39 54:51.913,,0,75 09:11.019,4,0,0,0,67301,0,0,0,,0,0,0,3,67301,1,,5,9,,,,,0,,0,0,0,3,2,,319,1,1,0,0,0,0,0,3,4,0,1,10,,N,,,,,,,,,,,
2009120236,1605.0,1,0,0,0,0,0,1,0,0,4,1,,67,10,2009,3,40.0917,-75.0543,1558.0,6,0,0,0,0,0,1,0,0,,0,0,0,15,1,0,0,,0,40 05:29.743,,0,75 03:15.286,0,0,0,0,67301,1,0,0,N,0,0,0,2,67301,0,,2,1,,Y,Y,,0,,0,0,0,0,0,,1500,0,2,0,0,0,0,0,3,4,0,2,3,,N,,,,,,,,,,,
2009038788,1903.0,1,0,0,0,0,0,0,0,0,8,0,,67,2,2009,4,39.9878,-75.1806,1902.0,6,0,0,0,0,0,0,0,0,2.0,0,0,0,18,3,1,1,,1,39 59:16.194,1.0,0,75 10:50.094,8,0,0,0,67301,1,0,0,N,1,0,0,3,67301,0,,1,1,,N,N,,0,,0,0,1,3,2,N,1855,1,3,0,0,0,1,0,3,4,0,2,3,,N,,,,,,,,,,,
2009124812,723.0,1,0,0,0,0,0,0,0,0,7,0,,67,11,2009,4,39.9993,-75.0809,723.0,6,0,0,0,0,0,0,0,0,,0,0,0,7,1,0,0,,0,39 59:56.760,,2,75 04:51.240,0,0,0,0,67301,0,0,0,N,0,0,0,1,68K01,0,,2,9,,N,N,,0,,0,0,0,0,0,,717,0,1,0,0,0,0,0,3,4,0,1,3,,N,,,,,,,,,,,
2009043989,1435.0,2,0,0,0,0,0,0,0,0,4,0,,67,3,2009,5,40.0777,-75.024,1425.0,6,0,0,0,0,0,0,0,2,,0,0,0,14,1,0,0,,0,40 04:39.808,,0,75 01:26.229,0,0,0,0,67301,0,0,0,N,0,0,0,2,67301,0,,1,9,,N,N,,0,,0,0,0,0,0,,1425,0,2,0,0,0,0,0,3,4,0,2,7,,N,,,,,,,,,,,
2009043997,1222.0,0,0,0,0,0,0,0,0,0,8,0,,67,3,2009,5,39.9173,-75.2353,1217.0,6,0,0,0,0,0,0,0,0,9.0,0,1,0,12,1,1,0,,2,39 55:02.344,1.0,0,75 14:07.018,4,0,0,0,67301,1,0,0,,1,0,0,2,67301,1,,1,9,,N,Y,,0,,0,0,0,3,2,Y,1217,1,2,0,0,1,0,0,3,4,0,1,7,,N,,,,,,,,,,,
2009044004,1600.0,1,0,0,0,0,0,0,0,0,8,0,,67,3,2009,6,40.0337,-75.1458,1550.0,6,0,0,1,0,0,0,0,0,,0,0,0,15,1,1,1,,0,40 02:01.215,,0,75 08:44.879,3,0,0,0,67301,1,0,0,N,1,0,0,2,67301,0,,4,1,,N,N,,0,,1,0,0,3,2,,1555,1,2,0,0,0,0,0,3,4,0,1,3,,N,,,,,,,,,,,
2009048718,2140.0,1,0,0,0,0,0,0,0,0,6,0,,67,3,2009,5,40.0152,-75.0712,2128.0,6,0,0,0,0,0,0,0,0,3.0,0,0,0,21,3,1,0,,2,40 00:54.720,4.0,0,75 04:16.320,8,0,0,0,67301,0,0,0,N,0,0,0,2,67301,0,,1,9,,N,N,,0,,0,0,1,0,0,Y,2128,1,2,0,0,0,1,1,3,4,0,2,7,,N,,,,,,,,,,,
2009026015,1215.0,7,0,0,0,0,0,0,0,0,5,0,,67,1,2009,6,40.0312,-75.1264,1208.0,6,0,0,0,0,0,0,0,0,3.0,0,0,0,11,1,1,1,,2,40 01:52.446,5.0,0,75 07:34.888,8,0,0,0,67301,0,0,0,N,0,0,0,2,67301,0,,1,1,,N,N,,0,,0,0,1,3,3,Y,1150,1,10,0,0,0,1,1,3,4,2,10,3,,N,,,,,,,,,,,
2009048212,1738.0,2,0,0,0,0,0,0,0,0,1,0,,67,4,2009,7,39.9385,-75.1429,1734.0,6,0,0,0,0,0,2,0,0,1.0,0,0,0,17,1,1,0,,2,39 56:18.780,2.0,2,75 08:34.381,8,0,0,0,67301,0,0,0,N,0,0,0,6,68K01,0,,1,1,,N,N,,1,,0,0,0,0,0,N,1731,1,3,0,0,0,1,0,3,4,0,3,3,,N,,,,,,,,,,,
2009044875,1659.0,1,0,0,0,0,0,0,0,0,4,0,,67,2,2009,1,39.9244,-75.2404,1659.0,6,0,0,0,0,1,0,0,0,9.0,0,0,0,16,1,1,1,,2,39 55:27.994,7.0,0,75 14:25.421,2,0,0,0,67301,0,0,0,N,0,0,0,2,67301,0,,1,1,,N,N,,0,,0,1,0,3,3,Y,1652,1,2,0,0,0,0,0,3,4,0,2,3,,N,,,,,,,,,,,
2009018270,2327.0,1,0,0,0,0,0,0,0,0,7,0,,67,2,2009,1,39.8989,-75.179,2321.0,6,0,0,0,0,0,1,0,0,1.0,0,0,0,23,3,0,0,,1,39 53:56.609,1.0,0,75 10:02.420,0,0,0,0,67301,0,0,0,N,0,0,0,1,68K01,0,,2,1,,N,N,,0,,0,0,0,0,0,N,2304,0,1,0,0,0,0,0,3,4,0,1,3,,N,,,,,,,,,,,
2009045007,818.0,1,0,0,0,0,0,0,0,0,4,0,,67,3,2009,7,40.0152,-75.1699,814.0,6,0,1,0,0,0,0,0,0,,0,0,0,8,1,1,1,,0,40 00:54.888,,0,75 10:11.461,4,0,0,0,67301,0,0,0,N,0,0,0,2,67301,1,,1,1,,N,N,,0,,0,0,0,3,2,,810,1,2,0,0,0,0,0,3,4,1,2,3,,N,,,,,,,,,,,
2009050217,2240.0,1,0,0,0,0,0,0,0,0,7,0,,67,4,2009,4,40.0235,-75.0342,2211.0,6,0,0,0,0,0,0,0,0,,0,0,0,22,3,1,0,,0,40 01:24.450,,0,75 02:03.040,4,0,0,0,67301,0,0,0,N,0,0,0,4,68K01,1,,3,1,,N,N,,0,,0,0,0,0,0,,2208,1,1,0,0,1,0,0,3,4,0,1,3,,N,,,,,,,,,,,
2009050221,1106.0,1,0,0,0,0,0,0,0,0,1,0,,67,4,2009,5,39.9583,-75.1656,1057.0,6,0,0,0,0,0,0,0,0,,0,0,0,10,1,0,0,,0,39 57:30.243,,0,75 09:57.557,0,0,0,0,67301,0,0,0,N,0,0,0,2,68K01,0,,1,1,,N,N,,1,,0,0,0,0,0,,1053,0,2,0,0,0,0,0,3,4,0,2,3,,N,,,,,,,,,,,
2009023527,1533.0,4,0,0,0,0,0,0,0,0,1,0,,67,2,2009,2,39.9912,-75.2036,1530.0,6,0,0,0,1,0,0,1,0,2.0,0,0,0,15,1,0,0,,2,39 59:30.461,4.0,0,75 12:08.381,0,0,0,0,67301,0,0,0,N,0,0,0,8,68K01,0,,1,1,,N,N,,0,,0,0,0,0,0,N,1529,0,5,0,0,0,0,0,3,4,1,5,3,,N,,,,,,,,,,,
2009023534,2223.0,1,0,0,0,0,0,0,0,0,7,0,,67,2,2009,4,39.9603,-75.1409,2215.0,6,0,0,0,0,0,0,0,0,1.0,0,0,0,22,3,1,0,,2,39 57:30.600,2.0,2,75 08:30.120,8,0,0,0,67301,0,0,0,N,0,0,0,1,68K01,0,,3,1,,N,N,,0,,0,0,0,0,0,N,2208,1,1,0,0,0,1,0,3,4,0,1,3,,N,,,,,,,,,,,
2009100364,248.0,2,0,0,0,0,0,0,0,0,4,0,,67,9,2009,7,39.9508,-75.1638,247.0,6,0,0,0,1,0,0,0,0,,0,0,0,2,3,0,1,,0,39 57:03.048,,0,75 09:49.788,0,0,0,0,67301,0,0,0,N,0,0,0,4,67301,0,,1,9,,N,N,,0,,0,0,0,3,2,,247,0,2,0,0,0,0,0,3,4,0,2,7,,N,,,,,,,,,,,
2009120514,1145.0,1,0,0,0,0,0,0,0,0,1,0,,67,10,2009,5,39.9913,-75.1349,1132.0,6,0,0,0,0,0,0,0,0,,0,0,0,11,1,1,1,,0,39 59:29.220,,0,75 08:05.582,8,0,0,0,67301,0,0,0,,0,0,0,4,67301,0,,1,9,,,,,1,,0,0,0,3,2,,1105,1,3,0,0,0,1,0,3,4,1,3,7,,N,,,,,,,,,,,
2009105784,2345.0,2,0,0,0,0,0,0,0,0,4,0,,67,9,2009,1,39.9802,-75.2693,2315.0,6,0,0,0,1,0,0,0,0,,0,0,0,23,3,4,1,,0,39 58:48.770,,0,75 16:09.390,8,0,0,0,67301,0,0,0,N,0,0,0,4,67301,0,,1,9,,N,N,,0,,0,0,0,3,2,,2315,4,2,0,0,0,4,0,3,4,0,2,7,,N,,,,,,,,,,,
2009105842,1445.0,0,0,0,0,0,0,0,0,0,8,0,,67,9,2009,1,40.017,-75.0848,1440.0,6,0,0,0,0,0,0,0,0,,0,0,0,0,3,1,0,,0,40 01:01.081,,0,75 05:05.314,4,0,0,0,67301,1,0,0,N,1,0,0,2,67301,1,,1,9,,N,N,,0,,0,0,0,0,0,,30,1,2,0,0,0,0,0,3,4,1,1,7,,N,,,,,,,,,,,
2009105858,1035.0,2,0,0,0,0,0,0,0,0,2,0,,67,9,2009,5,40.0318,-75.0853,1027.0,6,0,0,0,0,0,0,0,0,1.0,0,0,0,10,1,1,5,,1,40 01:54.428,2.0,0,75 05:07.226,4,0,0,0,67301,0,0,0,N,0,0,0,3,67301,1,,1,1,,N,N,,0,,0,0,0,3,2,N,1026,1,2,0,0,0,0,1,3,4,0,2,3,,N,,,,,,,,,,,
2009105920,830.0,2,0,0,0,0,0,0,0,0,1,0,,67,10,2009,5,40.0096,-75.0896,825.0,6,0,0,0,0,0,0,0,0,,0,0,0,8,1,1,3,,0,40 00:34.514,,0,75 05:22.410,4,0,0,0,67301,0,0,0,N,0,0,0,2,67301,1,,1,1,,N,N,,0,,0,0,0,3,3,,820,1,2,0,0,0,0,1,3,4,0,2,3,,N,,,,,,,,,,,
2009105937,738.0,0,0,0,0,0,0,0,0,0,7,0,,67,9,2009,6,39.969,-75.1372,736.0,6,0,0,0,0,0,0,0,0,,0,0,0,6,1,1,1,,0,39 58:08.845,,0,75 08:14.249,8,0,0,0,67301,0,0,0,N,0,0,0,1,67301,0,,5,9,,N,N,,1,,0,0,0,0,0,,645,1,1,0,0,0,1,0,3,4,0,1,7,,N,,,,,,,,,,,
2009097437,1905.0,1,0,0,0,0,0,0,0,0,4,0,,67,8,2009,4,40.0811,-75.0289,1658.0,6,0,0,0,0,0,0,0,0,1.0,0,0,0,18,1,1,1,,1,40 04:51.806,1.0,0,75 01:43.881,8,0,0,1,67301,0,0,0,N,0,0,0,2,67301,0,,1,1,,N,N,,0,,0,0,0,3,2,N,1858,1,2,0,0,0,1,0,3,4,0,2,3,,N,,,,,,,,,,,
2009107866,45.0,1,0,0,0,0,0,0,0,0,1,0,55.0,67,9,2009,5,40.0251,-75.029,45.0,6,0,0,0,0,0,1,0,0,,0,0,0,0,3,1,6,,0,40 01:30.360,,2,75 01:44.400,4,0,0,0,67301,0,0,0,N,0,0,0,3,68K01,1,,1,8,,N,N,,0,,0,0,0,3,3,,44,1,2,0,0,0,0,0,3,4,0,2,7,,Y,4.0,1.0,Y,N,N,Y,Y,Y,N,N,
2009101036,1825.0,1,0,0,1,0,0,0,0,0,4,0,,67,9,2009,3,40.0574,-75.1768,1821.0,6,0,0,0,0,1,0,0,0,,0,0,0,99,1,1,1,,0,40 03:26.496,,0,75 10:36.501,3,0,0,0,67301,1,0,0,N,0,0,0,2,67301,0,,1,1,,N,N,,0,,1,0,0,3,3,,9999,1,2,0,0,0,0,0,3,4,0,1,3,,N,,,,,,,,,,,
2009105685,2355.0,1,0,0,0,0,0,0,0,0,5,1,,67,9,2009,2,40.0081,-75.0725,2353.0,6,0,0,0,0,0,0,0,0,2.0,0,1,0,23,3,2,1,,1,40 00:29.331,1.0,0,75 04:20.880,4,0,0,0,67301,0,0,0,N,0,0,0,3,67301,2,,1,1,,N,N,,0,,0,0,0,3,2,Y,2344,2,2,0,0,2,0,0,3,4,0,2,3,,N,,,,,,,,,,,
2009100764,940.0,1,0,0,0,0,0,0,0,0,8,0,,67,9,2009,5,39.9506,-75.1617,940.0,6,0,0,0,0,0,0,0,0,,0,0,0,99,1,1,1,,0,39 57:02.085,,0,75 09:42.069,8,0,0,0,67301,1,0,0,,1,0,0,2,67301,0,,1,1,,,,,0,,0,0,0,3,2,,9999,1,2,0,0,0,1,0,3,4,0,1,3,,N,,,,,,,,,,,
2009100524,2135.0,1,0,0,1,0,0,0,0,0,5,0,,67,9,2009,3,40.026,-75.1821,2130.0,6,0,0,0,0,1,0,0,0,,0,0,0,21,3,1,0,,0,40 01:33.589,,0,75 10:55.455,4,0,0,0,67301,1,0,0,N,0,0,0,2,67301,1,,1,1,,N,N,,0,,0,0,0,0,0,,2120,1,2,0,0,0,0,0,3,4,0,1,3,,N,,,,,,,,,,,
2009025438,1833.0,1,0,0,0,0,0,0,0,0,8,0,,67,1,2009,3,39.961,-75.2458,1831.0,6,0,0,0,0,0,0,0,0,,0,0,0,18,3,1,0,,0,39 57:39.678,,0,75 14:44.741,3,0,0,0,67301,1,0,0,N,1,0,0,2,67301,0,,1,9,,N,N,,0,,1,0,0,0,0,,1800,1,2,0,0,0,0,1,3,4,0,1,7,,N,,,,,,,,,,,
2009094667,1045.0,1,0,0,0,0,0,0,0,0,7,0,,67,9,2009,6,40.0376,-75.0119,1040.0,6,0,0,0,0,0,0,0,0,1.0,0,0,0,10,1,0,0,,1,40 02:15.449,1.0,0,75 00:42.259,0,0,0,0,67301,0,0,0,Y,0,0,0,1,68K03,0,,3,1,,N,N,,0,,0,0,0,0,0,N,1024,0,1,0,0,0,0,0,3,4,0,1,3,,N,,,,,,,,,,,
2009100681,2136.0,1,0,0,0,0,0,0,0,0,4,0,,67,9,2009,5,40.0992,-74.9954,2126.0,6,0,0,0,0,0,1,0,0,,0,0,0,21,3,3,1,,0,40 05:57.235,,0,74 59:43.576,4,0,0,0,67301,0,0,0,N,0,0,0,5,67301,3,,1,9,,N,N,,0,,0,0,0,3,2,,2100,3,2,0,0,0,0,0,3,4,1,2,7,,N,,,,,,,,,,,
2009100690,300.0,1,0,0,0,0,0,0,0,0,7,0,,67,9,2009,1,,,300.0,6,0,0,0,0,0,0,0,0,,0,0,0,2,3,0,0,,0,,,0,,0,0,0,0,67301,0,0,0,N,0,0,0,1,67301,0,,2,9,,N,N,,0,,0,0,0,0,0,,258,0,1,0,0,0,0,0,3,3,0,1,7,,N,,,,,,,,,,,
2009044281,1735.0,2,0,0,0,0,0,0,0,0,1,0,,67,3,2009,4,39.9584,-75.1585,1730.0,6,0,0,0,0,0,1,0,0,,0,0,0,17,1,2,2,,0,39 57:30.117,,0,75 09:30.481,8,0,0,0,67301,0,0,0,N,0,0,0,4,67301,0,,1,2,,N,N,,0,,0,0,0,3,3,,1702,2,2,0,0,0,2,0,3,4,0,2,98,,N,,,,,,,,,,,
2009007671,704.0,2,0,0,0,0,0,0,0,0,1,0,,67,1,2009,2,39.9308,-75.1988,655.0,6,0,0,0,0,0,0,0,0,1.0,0,0,0,6,1,0,0,,1,39 55:52.486,4.0,0,75 11:57.266,0,0,0,0,67301,0,0,0,N,0,0,0,4,68K01,0,,1,1,,N,N,,1,,0,0,0,0,0,N,653,0,3,0,0,0,0,0,3,4,0,3,3,,N,,,,,,,,,,,
2009048787,923.0,1,0,0,0,0,0,0,0,0,9,0,,67,4,2009,4,40.1023,-74.9823,922.0,6,0,0,0,0,0,0,0,0,,0,0,0,9,1,0,0,,0,40 06:08.252,,0,74 58:56.234,0,0,0,0,67301,0,0,0,N,0,0,0,1,67301,0,,1,9,,,N,,0,,0,0,0,0,0,,910,0,1,0,0,1,0,0,3,4,0,1,7,,N,,,,,,,,,,,
2009048792,2235.0,2,0,0,0,0,0,0,0,0,1,0,,67,3,2009,3,39.946,-75.214,2230.0,6,0,0,0,0,0,1,0,0,,0,0,0,22,3,1,1,,0,39 56:45.463,,0,75 12:50.385,8,0,0,0,67301,0,0,0,N,0,0,0,3,67301,0,,1,1,,N,N,,0,,0,0,0,2,2,,2200,1,2,0,0,0,1,0,3,4,0,2,3,,N,,,,,,,,,,,
2009048830,2235.0,1,0,0,0,0,0,0,0,0,1,0,,67,3,2009,4,40.0177,-75.1591,2227.0,6,0,0,0,0,0,0,0,0,,0,0,0,22,3,2,0,,0,40 01:03.849,,0,75 09:32.699,4,0,0,0,67301,0,0,0,N,0,0,0,3,67301,2,,1,1,,N,N,,1,,0,0,0,0,0,,2205,2,2,0,0,0,0,0,3,4,0,2,3,,N,,,,,,,,,,,
2009124854,2050.0,1,0,0,0,0,0,0,0,0,7,0,,67,11,2009,7,40.0038,-75.078,2040.0,6,0,0,0,0,0,0,0,0,,0,0,0,20,3,1,0,,0,40 00:13.634,,0,75 04:41.148,4,0,0,0,67301,0,0,0,N,0,0,0,1,67301,1,,2,1,,N,N,,0,,0,0,0,0,0,,2038,1,1,0,0,0,0,0,3,4,0,1,3,,N,,,,,,,,,,,
2009124873,1610.0,2,0,0,0,0,0,0,0,0,2,0,,67,11,2009,5,39.9789,-75.1596,1610.0,6,0,0,0,0,0,0,0,0,1.0,0,0,0,16,4,3,1,,1,39 58:44.043,3.0,0,75 09:34.387,8,0,0,0,67301,0,0,0,N,0,0,0,3,67301,0,,1,9,,N,N,,0,,0,0,0,3,2,Y,1610,3,2,0,0,0,3,0,3,4,0,2,7,,N,,,,,,,,,,,
2009125058,2245.0,1,0,0,0,0,0,0,0,0,8,0,,67,4,2009,6,39.9287,-75.1839,2245.0,6,0,0,0,0,0,0,0,0,,0,0,0,22,3,1,1,,0,39 55:43.384,,0,75 11:01.928,8,0,0,0,67301,1,0,0,,1,0,0,2,67301,0,,1,1,,N,N,,0,,0,0,0,3,3,,2245,1,2,0,0,0,1,0,3,4,0,1,3,,N,,,,,,,,,,,
2009120251,1440.0,1,0,0,0,0,0,0,0,0,7,0,,67,9,2009,4,39.955,-75.21,1434.0,6,0,0,0,0,0,1,0,0,,0,0,0,14,1,2,1,,0,39 57:18.159,,0,75 12:35.977,8,0,0,0,67301,0,0,0,N,0,0,0,2,67301,0,,4,1,,N,N,,0,,0,0,0,9,2,,1430,2,1,0,0,0,2,0,3,4,0,1,3,,N,,,,,,,,,,,