CRN,ARRIVAL_TM,AUTOMOBILE_COUNT,BELTED_DEATH_COUNT,BELTED_SUSP_SERIOUS_INJ_COUNT,BICYCLE_COUNT,BICYCLE_DEATH_COUNT,BICYCLE_SUSP_SERIOUS_INJ_COUNT,BUS_COUNT,CHLDPAS_DEATH_COUNT,CHLDPAS_SUSP_SERIOUS_INJ_COUNT,COLLISION_TYPE,COMM_VEH_COUNT,CONS_ZONE_SPD_LIM,COUNTY,CRASH_MONTH,CRASH_YEAR,DAY_OF_WEEK,DEC_LAT,DEC_LONG,DISPATCH_TM,DISTRICT,DRIVER_COUNT_16YR,DRIVER_COUNT_17YR,DRIVER_COUNT_18YR,DRIVER_COUNT_19YR,DRIVER_COUNT_20YR,DRIVER_COUNT_50_64YR,DRIVER_COUNT_65_74YR,DRIVER_COUNT_75PLUS,EST_HRS_CLOSED,FATAL_COUNT,HEAVY_TRUCK_COUNT,HORSE_BUGGY_COUNT,HOUR_OF_DAY,ILLUMINATION,INJURY_COUNT,INTERSECT_TYPE,INTERSECTION_RELATED,LANE_CLOSED,LATITUDE,LN_CLOSE_DIR,LOCATION_TYPE,LONGITUDE,MAX_SEVERITY_LEVEL,MCYCLE_DEATH_COUNT,MCYCLE_SUSP_SERIOUS_INJ_COUNT,MOTORCYCLE_COUNT,MUNICIPALITY,NONMOTR_COUNT,NONMOTR_DEATH_COUNT,NONMOTR_SUSP_SERIOUS_INJ_COUNT,NTFY_HIWY_MAINT,PED_COUNT,PED_DEATH_COUNT,PED_SUSP_SERIOUS_INJ_COUNT,PERSON_COUNT,POLICE_AGCY,POSSIBLE_INJ_COUNT,RDWY_SURF_TYPE_CD,RELATION_TO_ROAD,ROAD_CONDITION,ROADWAY_CLEARED,SCH_BUS_IND,SCH_ZONE_IND,SECONDARY_CRASH,SMALL_TRUCK_COUNT,SPEC_JURIS_CD,SUSP_MINOR_INJ_COUNT,SUSP_SERIOUS_INJ_COUNT,SUV_COUNT,TCD_FUNC_CD,TCD_TYPE,TFC_DETOUR_IND,TIME_OF_DAY,TOT_INJ_COUNT,TOTAL_UNITS,UNB_DEATH_COUNT,UNB_SUSP_SERIOUS_INJ_COUNT,UNBELTED_OCC_COUNT,UNK_INJ_DEG_COUNT,UNK_INJ_PER_COUNT,URBAN_AREA,URBAN_RURAL,VAN_COUNT,VEHICLE_COUNT,WEATHER1,WEATHER2,WORK_ZONE_IND,WORK_ZONE_LOC,WORK_ZONE_TYPE,WORKERS_PRES,WZ_CLOSE_DETOUR,WZ_FLAGGER,WZ_LAW_OFFCR_IND,WZ_LN_CLOSURE,WZ_MOVING,WZ_OTHER,WZ_SHLDER_MDN,WZ_WORKERS_INJ_KILLED
2009048598,440.0,1,0,0,0,0,0,0,0,0,1,0,,67,4,2009,6,39.9785,-75.1578,437.0,6,0,0,0,0,1,0,0,0,2.0,0,0,0,99,3,0,0,,2,39 58:42.494,2.0,0,75 09:28.252,9,0,0,0,67301,0,0,0,N,0,0,0,2,67301,0,,1,1,,N,N,,1,,0,0,0,0,0,Y,9999,0,2,0,0,0,0,1,3,4,0,2,3,,N,,,,,,,,,,,
2009038704,1355.0,1,0,0,0,0,0,0,0,0,4,0,,67,1,2009,2,39.9745,-75.2017,1350.0,6,0,0,0,0,0,0,0,0,1.0,0,0,0,13,1,1,2,,1,39 58:28.022,6.0,0,75 12:06.223,8,0,0,0,67301,0,0,0,N,0,0,0,3,67301,0,,1,1,,N,N,,1,,0,0,0,3,2,N,1348,1,2,0,0,0,1,0,3,4,0,2,3,,N,,,,,,,,,,,
2009031168,1035.0,2,0,0,0,0,0,0,0,0,5,0,,67,2,2009,5,40.0348,-75.0691,1030.0,6,0,0,0,0,0,0,0,0,,0,0,0,10,1,1,0,,0,40 02:05.387,,0,75 04:08.866,4,0,0,0,67301,0,0,0,,0,0,0,3,67301,1,,1,1,,N,N,,0,,0,0,0,0,0,,1030,1,2,0,0,0,0,0,3,4,0,2,3,,N,,,,,,,,,,,
2009049060,2035.0,2,0,0,0,0,0,0,0,0,4,0,,67,4,2009,7,40.0366,-75.0645,2033.0,6,0,0,0,0,0,0,0,0,1.0,0,0,0,20,3,2,1,,1,40 02:11.790,2.0,0,75 03:52.061,4,0,0,0,67301,0,0,0,N,0,0,0,4,67301,2,,1,1,,N,N,,0,,0,0,0,3,2,N,2031,2,2,0,0,0,0,1,3,4,0,2,3,,N,,,,,,,,,,,
2009124813,310.0,1,0,0,0,0,0,0,0,0,7,0,,67,11,2009,5,39.9586,-75.1412,243.0,6,0,0,0,0,0,0,0,0,,0,0,0,2,3,0,0,,0,39 57:30.157,,0,75 08:28.284,0,0,0,0,67301,0,0,0,N,0,0,0,1,68K01,0,,2,1,,N,N,,0,,0,0,0,0,0,,236,0,1,0,0,0,0,0,3,4,0,1,5,,N,,,,,,,,,,,
2009036388,1915.0,1,0,0,0,0,0,0,0,0,8,0,,67,2,2009,6,40.0241,-75.1653,1915.0,6,0,0,0,0,0,0,0,0,9.0,1,0,0,19,3,0,0,,2,40 01:26.799,5.0,0,75 09:55.189,1,0,0,0,67301,1,1,0,,1,1,0,2,67301,0,2.0,1,9,,,,,0,0.0,0,0,0,0,0,Y,1915,0,2,0,0,1,0,0,3,4,0,1,3,,N,,,,,,,,,,,
2009043985,128.0,1,0,0,0,0,0,0,0,0,7,0,,67,2,2009,7,39.9833,-75.2062,126.0,6,0,0,0,0,0,0,0,0,1.0,0,0,0,1,3,2,0,,1,39 59:00.045,2.0,0,75 12:22.454,3,0,0,0,67301,0,0,0,,0,0,0,2,67301,0,,5,9,,,,,0,,1,0,0,0,0,N,125,2,1,0,0,0,1,0,3,4,0,1,3,,N,,,,,,,,,,,
2009044127,1352.0,2,0,0,0,0,0,0,0,0,4,0,,67,3,2009,1,39.933,-75.1678,1245.0,6,0,0,0,0,0,0,0,0,,0,0,0,12,1,1,1,,0,39 55:58.356,,0,75 10:03.995,8,0,0,0,67301,0,0,0,,0,0,0,2,67301,0,,1,1,,,,,0,,0,0,0,3,2,,1230,1,2,0,0,0,1,1,3,4,0,2,3,,N,,,,,,,,,,,
2009008077,2302.0,2,0,0,0,0,0,0,0,0,1,0,,67,1,2009,6,39.9753,-75.1947,2248.0,6,0,0,0,0,0,0,0,0,,0,0,0,22,3,0,6,,0,39 58:33.960,,2,75 11:44.160,0,0,0,0,67301,0,0,0,N,0,0,0,2,68K02,0,,1,1,,N,N,,0,,0,0,0,0,0,,2246,0,2,0,0,0,0,0,3,4,0,2,3,,N,,,,,,,,,,,
2009049067,1628.0,2,0,0,0,0,0,0,0,0,1,0,,67,3,2009,3,39.9624,-75.2447,1627.0,6,0,0,0,0,1,0,0,0,,0,0,0,16,1,2,1,,0,39 57:44.551,,0,75 14:41.174,8,0,0,0,67301,0,0,0,N,0,0,0,3,67301,0,,1,1,,N,N,,0,,0,0,0,3,2,,1603,2,2,0,0,0,2,0,3,4,0,2,3,,N,,,,,,,,,,,
2009026028,945.0,2,0,0,0,0,0,0,0,0,6,0,,67,1,2009,6,39.9395,-75.1972,940.0,6,0,0,0,0,0,0,0,0,,0,0,0,9,1,2,1,,0,39 56:22.149,,0,75 11:49.847,4,0,0,0,67301,0,0,0,,0,0,0,3,67301,2,,1,1,,,,,0,,0,0,0,0,0,,935,2,2,0,0,0,0,1,3,4,0,2,3,,N,,,,,,,,,,,
2009026089,1840.0,3,0,0,0,0,0,0,0,0,1,0,,67,1,2009,4,39.8946,-75.2367,1840.0,6,0,0,0,0,1,0,0,0,,0,0,0,17,3,4,1,,0,39 53:40.560,,0,75 14:12.120,4,0,0,0,67301,0,0,0,N,0,0,0,4,67301,4,,1,9,,N,N,,0,,0,0,0,3,2,,1720,4,3,0,0,0,0,0,3,4,0,3,7,,N,,,,,,,,,,,
2009045107,1738.0,1,0,0,0,0,0,0,0,0,1,1,,67,4,2009,6,39.8921,-75.2242,1726.0,6,0,0,0,0,0,0,0,0,,0,0,0,17,1,0,0,,0,39 53:31.460,,0,75 13:27.180,0,0,0,0,67301,0,0,0,N,0,0,0,2,68K01,0,,1,1,,N,N,,1,,0,0,0,0,0,,1721,0,2,0,0,0,0,0,3,4,0,2,3,,N,,,,,,,,,,,
2009032488,238.0,1,0,0,0,0,0,0,0,0,7,0,,67,2,2009,1,39.9088,-75.1385,238.0,6,0,0,0,0,0,0,0,0,9.0,2,0,0,2,3,0,0,,2,39 54:31.773,5.0,0,75 08:18.636,1,0,0,0,67301,0,0,0,,0,0,0,2,67301,0,2.0,5,1,,N,N,,0,0.0,0,0,0,0,0,Y,238,0,1,0,0,0,0,0,3,4,0,1,3,,N,,,,,,,,,,,
2009044873,1115.0,0,0,0,0,0,0,1,0,0,8,1,,67,3,2009,2,39.9481,-75.1677,1105.0,6,0,0,0,0,0,0,0,0,,0,0,0,11,1,1,0,,0,39 56:53.190,,0,75 10:03.784,4,0,0,0,67301,1,0,0,N,1,0,0,4,67301,1,,1,1,,N,N,,0,,0,0,0,0,0,,1100,1,2,0,0,0,0,0,3,4,0,1,3,,N,,,,,,,,,,,
2009050888,2132.0,1,0,0,0,0,0,0,0,0,7,0,,67,3,2009,3,39.9916,-75.0846,2127.0,6,0,0,0,0,0,0,0,0,,0,0,0,21,3,1,0,,0,39 59:29.940,,0,75 05:04.437,8,0,0,0,67301,0,0,0,,0,0,0,1,67301,0,,5,1,,,,,0,,0,0,0,0,0,,2120,1,1,0,0,0,1,0,3,4,0,1,3,,N,,,,,,,,,,,
2009050220,1018.0,1,0,0,0,0,0,0,0,0,1,0,,67,4,2009,5,39.9967,-75.0825,1016.0,6,0,0,1,0,0,0,0,0,1.0,0,0,0,10,1,0,0,,2,39 59:47.942,2.0,0,75 04:57.235,0,0,0,0,67301,0,0,0,N,0,0,0,9,68K01,0,,1,1,,N,N,,0,,0,0,3,0,0,N,1013,0,4,0,0,0,0,0,3,4,0,4,3,,N,,,,,,,,,,,
2009105756,50.0,1,0,0,0,0,0,0,0,0,1,0,,67,10,2009,7,40.0426,-75.0383,46.0,6,0,0,0,0,0,1,0,0,,0,0,0,0,3,1,2,,0,40 02:33.399,,0,75 02:17.926,8,0,0,0,67301,0,0,0,,0,0,0,4,67301,0,,1,9,,,,,0,,0,0,1,3,3,,26,1,2,0,0,0,1,0,3,4,0,2,7,,N,,,,,,,,,,,
2009105782,1425.0,2,0,0,0,0,0,0,0,0,4,0,,67,7,2009,6,39.9956,-75.2386,1421.0,6,0,0,0,0,1,0,0,0,2.0,0,0,0,14,1,3,0,,1,39 59:46.268,1.0,7,75 14:14.184,4,0,0,0,67301,0,0,0,N,0,0,0,3,67301,1,,1,1,,N,N,,0,,0,0,1,0,0,N,1420,3,3,0,0,0,2,0,3,4,0,3,3,,N,,,,,,,,,,,
2009105863,822.0,1,0,0,0,0,0,0,0,0,2,0,,67,9,2009,6,40.029,-75.1462,819.0,6,0,0,0,0,0,0,0,0,1.0,0,0,0,8,1,4,1,,2,40 01:44.500,7.0,0,75 08:46.197,8,0,0,0,67301,0,0,0,N,0,0,0,5,67301,0,,1,1,,N,N,,0,,0,0,0,3,2,Y,800,4,2,0,0,0,4,0,3,4,1,2,3,,N,,,,,,,,,,,
2009105878,1605.0,2,0,0,0,0,0,0,0,0,3,0,,67,9,2009,2,39.9358,-75.1806,1555.0,6,0,0,0,0,0,0,0,0,,0,0,0,15,1,1,1,,0,39 56:08.984,,0,75 10:50.163,4,0,0,0,67301,0,0,0,N,0,0,0,3,67301,1,,1,1,,N,N,,0,,0,0,0,3,2,,1550,1,2,0,0,3,0,0,3,4,0,2,3,,N,,,,,,,,,,,
2009105909,134.0,4,0,0,0,0,0,0,0,0,5,0,,67,9,2009,7,39.9854,-75.1209,133.0,6,0,0,0,0,0,0,0,0,,0,0,0,99,3,2,2,,0,39 59:07.618,,0,75 07:15.322,8,0,0,0,67301,0,0,0,N,0,0,0,2,67301,0,,2,1,,N,N,,0,,0,0,1,0,0,,9999,2,5,0,0,0,2,0,3,4,0,5,3,,N,,,,,,,,,,,
2009105925,1305.0,0,0,0,0,0,0,0,0,0,8,0,,67,9,2009,4,40.0304,-75.1803,1256.0,6,0,0,0,0,0,1,0,0,,0,0,0,99,1,1,1,,0,40 01:49.440,,0,75 10:49.133,3,0,0,0,67301,1,0,0,,1,0,0,2,67301,0,,1,1,,N,N,,0,,1,0,0,0,0,,9999,1,2,0,0,0,0,0,3,4,1,1,3,,N,,,,,,,,,,,
2009105946,1615.0,1,0,0,0,0,0,0,0,0,1,0,,67,9,2009,7,39.9639,-75.1849,9999.0,6,0,0,0,0,0,0,0,0,,0,0,0,15,1,1,0,,0,39 57:49.901,,0,75 11:05.461,4,0,0,0,67301,0,0,0,N,0,0,0,3,67301,1,,1,1,,N,N,,0,,0,0,1,0,0,,1530,1,2,0,0,0,0,0,3,4,0,2,3,,N,,,,,,,,,,,
2009124705,1940.0,1,0,0,0,0,0,0,0,0,1,0,,67,11,2009,7,40.0011,-75.1247,1935.0,6,0,0,0,0,0,1,1,0,,0,0,0,19,3,1,1,,0,40 00:03.985,,0,75 07:29.066,8,0,0,0,67301,0,0,0,N,0,0,0,3,67301,0,,1,1,,N,N,,1,,0,0,0,3,2,,1935,1,2,0,0,0,1,1,3,4,0,2,3,,N,,,,,,,,,,,
2009124707,207.0,1,0,0,0,0,0,0,0,0,8,0,,67,11,2009,1,39.9689,-75.1599,205.0,6,0,0,0,0,0,0,0,0,2.0,0,0,0,2,3,1,1,,2,39 58:08.176,1.0,0,75 09:35.694,8,0,0,0,67301,1,0,0,,1,0,0,2,67301,0,,1,1,,,,,0,,0,0,0,3,2,Y,200,1,2,0,0,0,1,0,3,4,0,1,3,,N,,,,,,,,,,,
2009101021,2315.0,2,0,0,0,0,0,0,0,0,4,0,,67,9,2009,7,39.9579,-75.1623,2314.0,6,0,0,0,1,0,1,0,0,2.0,0,0,0,23,3,1,1,,2,39 57:29.061,1.0,0,75 09:44.627,3,0,0,0,67301,0,0,0,N,0,0,0,5,67301,0,,1,1,,N,N,,0,,1,0,0,3,2,N,2310,1,2,0,0,0,0,0,3,4,0,2,3,,N,,,,,,,,,,,
2009101032,906.0,1,0,0,0,0,0,0,0,0,7,0,,67,9,2009,3,39.9565,-75.2215,905.0,6,0,0,0,0,0,0,0,0,,0,0,0,7,1,1,1,,0,39 57:23.301,,0,75 13:17.525,4,0,0,0,67301,0,0,0,N,0,0,0,1,67301,1,,5,1,,N,N,,0,,0,0,0,3,2,,748,1,1,0,0,0,0,0,3,4,0,1,3,,N,,,,,,,,,,,
2009105672,824.0,1,0,0,0,0,0,0,0,0,7,0,,67,9,2009,7,40.102,-75.0496,819.0,6,1,0,0,0,0,0,0,0,,0,0,0,7,1,0,0,,0,40 06:07.332,,0,75 02:58.634,0,0,0,0,67301,0,0,0,,0,0,0,1,67301,0,,5,1,,,,,0,,0,0,0,0,0,,750,0,1,0,0,1,0,0,3,4,0,1,3,,N,,,,,,,,,,,
2009100740,1135.0,0,0,0,0,0,0,0,0,0,1,0,,67,9,2009,7,40.0349,-75.1778,1133.0,6,0,0,0,0,0,1,0,0,2.0,0,0,0,11,1,0,0,,2,40 02:05.589,7.0,0,75 10:40.216,0,0,0,0,67301,0,0,0,N,0,0,0,4,67301,0,,1,1,,N,N,,0,,0,0,2,0,0,Y,1130,0,3,0,0,0,0,0,3,4,1,3,3,,N,,,,,,,,,,,
2009108306,522.0,1,0,0,0,0,0,0,0,0,5,1,55.0,67,10,2009,3,39.9973,-75.0821,521.0,6,0,0,0,0,0,1,0,0,1.0,0,1,0,5,3,0,0,,1,39 59:49.884,2.0,0,75 04:55.712,0,0,0,0,67301,0,0,0,N,0,0,0,2,68K01,0,,1,1,,N,N,,0,,0,0,0,3,3,N,520,0,2,0,0,0,0,0,3,4,0,2,3,,Y,2.0,2.0,Y,N,N,Y,Y,N,N,Y,
2009081864,217.0,0,0,0,0,0,0,0,0,0,0,0,,67,7,2009,1,39.9261,-75.1928,215.0,6,0,0,0,0,0,0,0,0,,0,0,0,2,3,1,3,,0,39 55:33.898,,0,75 11:34.220,3,0,0,1,67301,0,0,0,N,0,0,0,1,67301,0,,1,1,,N,N,,0,,1,0,0,3,3,,210,1,2,0,0,0,0,0,3,4,0,1,3,,N,,,,,,,,,,,
2009084503,1615.0,2,0,0,0,0,0,0,0,0,1,0,,67,8,2009,4,39.8986,-75.1807,1611.0,6,0,0,0,0,0,0,0,0,1.0,0,0,0,16,1,1,0,,2,39 53:55.680,1.0,0,75 10:10.920,8,0,0,0,67301,0,0,0,N,0,0,0,2,68K01,0,,1,1,,N,N,,0,,0,0,0,0,0,N,1602,1,2,0,0,0,1,0,3,4,0,2,3,,N,,,,,,,,,,,
2009084519,1430.0,1,0,0,0,0,0,0,0,0,4,0,,67,7,2009,6,39.9122,-75.222,1400.0,6,0,0,0,0,0,1,0,0,,0,0,0,99,1,4,2,,0,39 54:48.757,,0,75 13:17.740,4,0,0,0,67301,0,0,0,N,0,0,0,5,67301,1,,1,1,,N,N,,0,,0,0,0,0,0,,9999,4,2,0,0,0,3,0,3,4,1,2,3,,N,,,,,,,,,,,
2009112748,1515.0,2,0,0,0,0,0,0,0,0,4,0,,67,10,2009,1,39.9453,-75.1786,1510.0,6,0,0,0,0,0,1,1,0,,0,0,0,99,1,0,1,,0,39 56:42.990,,0,75 10:42.837,0,0,0,0,67301,0,0,0,N,0,0,0,2,67301,0,,1,1,,N,N,,0,,0,0,0,3,2,,9999,0,2,0,0,0,0,0,3,4,0,2,3,,N,,,,,,,,,,,
2009100592,215.0,2,0,0,0,0,0,0,0,0,5,0,,67,9,2009,7,39.962,-75.2245,211.0,6,0,0,0,0,0,0,0,0,,0,0,0,2,3,1,0,,0,39 57:42.953,,0,75 13:28.063,4,0,0,0,67301,0,0,0,N,0,0,0,1,67301,1,,2,9,,N,N,,0,,0,0,1,0,0,,208,1,3,0,0,1,0,0,3,4,0,3,7,,N,,,,,,,,,,,
2009100640,9999.0,2,0,0,0,0,0,0,0,0,4,0,,67,9,2009,3,40.0082,-75.0717,9999.0,6,0,0,0,0,0,0,0,0,,0,0,0,99,1,4,2,,0,40 00:29.508,,0,75 04:18.071,8,0,0,0,67301,0,0,0,,0,0,0,4,67301,0,,1,1,,N,N,,0,,0,0,0,3,3,,9999,4,2,0,0,0,4,0,3,4,0,2,3,,N,,,,,,,,,,,
2009102585,1518.0,2,0,0,0,0,0,0,0,0,1,0,,67,10,2009,4,39.9446,-75.1913,1506.0,6,0,0,0,0,0,0,0,0,,0,0,0,15,1,0,6,,0,39 56:43.369,,2,75 11:25.410,0,0,0,0,67301,0,0,0,N,0,0,0,2,68K01,0,,1,1,,N,N,,0,,0,0,0,0,0,,1502,0,2,0,0,0,0,0,3,4,0,2,3,,N,,,,,,,,,,,
2009100088,1152.0,1,0,0,0,0,0,0,0,0,8,0,,67,9,2009,6,39.9273,-75.1825,1150.0,6,0,0,0,0,0,0,0,0,,0,0,0,11,1,1,1,,0,39 55:38.233,,0,75 10:56.924,4,0,0,0,67301,1,0,0,N,1,0,0,2,67301,1,,1,9,,N,N,,0,,0,0,0,3,3,,1149,1,2,0,0,0,0,0,3,4,0,1,7,,N,,,,,,,,,,,
2009100090,1516.0,2,0,0,0,0,0,0,0,0,4,0,,67,9,2009,7,40.0958,-74.9913,1515.0,6,0,0,0,0,0,0,0,0,,0,0,0,15,1,1,0,,0,40 05:45.027,,0,74 59:28.643,4,0,0,0,67301,0,0,0,N,0,0,0,11,67301,1,,1,1,,N,,,0,,0,0,0,0,0,,1510,1,2,0,0,0,0,0,3,4,0,2,3,,N,,,,,,,,,,,
2009100092,1230.0,1,0,0,0,0,0,0,0,0,8,0,,67,9,2009,4,39.9449,-75.1598,1223.0,6,0,0,0,0,0,0,0,0,,0,0,0,12,1,1,2,,0,39 56:41.643,,0,75 09:35.305,8,0,0,0,67301,1,0,0,,1,0,0,2,67301,0,,1,1,,,,,0,,0,0,0,3,2,,1220,1,2,0,0,0,1,0,3,4,0,1,98,,N,,,,,,,,,,,
2009044248,1640.0,1,0,0,0,0,0,0,0,0,7,0,,67,4,2009,4,39.9787,-75.0977,1630.0,6,0,0,0,0,0,0,0,0,,0,0,0,16,1,1,10,,0,39 58:43.343,,0,75 05:51.611,4,0,0,0,67301,0,0,0,,0,0,0,1,67301,1,,5,9,,,,,0,,0,0,0,0,0,,1615,1,1,0,0,0,0,0,3,4,0,1,7,,N,,,,,,,,,,,
2009049570,124.0,2,0,0,0,0,0,0,0,0,1,0,,67,4,2009,7,39.9523,-75.1459,124.0,6,0,0,0,0,0,0,0,0,,0,0,0,1,3,0,0,,0,39 57:08.144,,0,75 08:45.376,0,0,0,0,67301,0,0,0,N,0,0,0,2,67301,0,,1,1,,N,N,,1,,0,0,0,0,0,,110,0,3,0,0,0,0,0,3,4,0,3,3,,N,,,,,,,,,,,
2009049306,1730.0,0,0,0,0,0,0,0,0,0,8,0,,67,4,2009,5,40.0527,-75.1766,1726.0,6,0,0,0,0,0,0,0,0,,0,0,0,17,1,1,0,,0,40 03:09.865,,0,75 10:35.908,8,0,0,0,67301,1,0,0,,1,0,0,2,67301,0,,1,1,,,,,0,,0,0,1,0,0,,1717,1,2,0,0,0,1,0,3,4,0,1,3,,N,,,,,,,,,,,
2009049318,1250.0,1,0,0,0,0,0,0,0,0,4,0,,67,4,2009,3,40.0231,-75.0794,1241.0,6,0,0,0,0,0,1,1,0,,0,0,0,11,1,0,0,,0,40 01:23.322,,0,75 04:45.890,0,0,0,0,67301,0,0,0,N,0,0,0,3,67301,0,,1,1,,N,N,,1,,0,0,0,3,2,,1145,0,2,0,0,0,0,0,3,4,0,2,3,,N,,,,,,,,,,,
2009049321,119.0,2,0,0,0,0,0,0,0,0,4,0,,67,3,2009,7,40.0257,-75.0554,118.0,6,0,0,0,0,0,0,0,0,2.0,0,0,0,1,3,3,1,,2,40 01:32.430,4.0,0,75 03:19.430,2,0,0,0,67301,0,0,0,Y,0,0,0,3,67301,2,,1,9,,N,N,,0,,0,1,0,3,2,Y,117,3,2,0,0,0,0,0,3,4,0,2,7,,N,,,,,,,,,,,
2009120439,256.0,1,0,0,0,0,0,0,0,0,4,0,,67,10,2009,7,39.9245,-75.1546,254.0,6,0,0,0,1,0,0,0,0,1.0,0,0,0,2,3,2,1,,2,39 55:28.102,1.0,0,75 09:16.639,8,0,0,0,67301,0,0,0,,0,0,0,4,60301,0,,1,9,,,,,0,,0,0,1,3,3,N,250,2,2,0,0,0,2,0,3,4,0,2,7,,N,,,,,,,,,,,
2009048764,845.0,2,0,0,0,0,0,0,0,0,6,0,,67,1,2009,5,39.99,-75.2194,845.0,6,0,0,0,0,0,1,0,0,1.0,0,0,0,8,1,2,1,,1,39 59:23.971,4.0,0,75 13:09.663,4,0,0,0,67301,0,0,0,N,0,0,0,2,67301,2,,1,1,,N,N,,0,,0,0,0,3,2,Y,843,2,2,0,0,0,0,0,3,4,0,2,3,,N,,,,,,,,,,,
2009048825,1411.0,1,0,0,0,0,0,0,0,0,8,0,,67,4,2009,5,39.979,-75.1714,1410.0,6,0,0,0,0,0,0,0,0,,0,0,0,14,1,1,0,,0,39 58:44.248,,0,75 10:16.885,3,0,0,0,67301,1,0,0,N,1,0,0,2,67301,0,,1,1,,N,N,,0,,1,0,0,0,0,,1405,1,2,0,0,0,0,0,3,4,0,1,3,,N,,,,,,,,,,,
2009124881,1235.0,0,0,0,0,0,0,0,0,0,5,0,,67,11,2009,5,39.9972,-75.1192,1230.0,6,0,0,0,0,0,0,0,0,,0,0,0,12,1,1,0,,0,39 59:49.928,,0,75 07:09.231,4,0,0,0,67301,0,0,0,N,0,0,0,1,67301,1,,1,1,,N,N,,1,,0,0,0,9,2,,1225,1,2,0,0,0,0,0,3,4,1,2,3,,N,,,,,,,,,,,
2009127417,1618.0,2,0,0,0,0,0,0,0,0,1,0,,67,11,2009,7,39.9543,-75.1813,1615.0,6,0,0,0,1,0,0,0,0,,0,0,0,16,1,2,0,,0,39 57:20.794,,0,75 10:50.831,8,0,0,0,67301,0,0,0,N,0,0,0,6,68K01,0,,1,1,,N,N,,0,,0,0,0,0,0,,1611,2,2,0,0,0,2,0,3,4,0,2,3,,N,,,,,,,,,,,
2009124894,1703.0,1,0,0,0,0,0,0,0,0,8,0,,67,11,2009,4,39.9696,-75.134,1701.0,6,0,0,0,1,0,0,0,0,,0,0,0,99,4,1,0,,0,39 58:10.455,,0,75 08:02.292,4,0,0,0,67301,1,0,0,N,1,0,0,2,67301,1,,9,1,,N,N,,0,,0,0,0,0,0,,9999,1,2,0,0,0,0,0,3,4,0,1,3,,N,,,,,,,,,,,
2009124974,955.0,2,0,0,0,0,0,0,0,0,4,0,,67,11,2009,1,39.944,-75.1752,925.0,6,0,0,0,0,0,1,0,1,,0,0,0,9,1,0,1,,0,39 56:38.248,,0,75 10:30.799,0,0,0,0,67301,0,0,0,N,0,0,0,3,67301,0,,1,1,,N,N,,0,,0,0,0,3,3,,915,0,2,0,0,0,0,0,3,4,0,2,3,,N,,,,,,,,,,,
2009125066,735.0,1,0,0,0,0,0,0,0,0,4,0,,67,11,2009,7,39.9807,-75.1372,730.0,6,0,0,0,0,0,1,0,0,,0,0,0,7,1,1,1,,0,39 58:50.397,,0,75 08:13.811,8,0,0,0,67301,0,0,0,N,0,0,0,2,67301,0,,1,9,,N,N,,0,,0,0,1,3,2,,710,1,2,0,0,0,1,0,3,4,0,2,7,,N,,,,,,,,,,,
2009038956,915.0,1,0,0,0,0,0,0,0,0,8,0,,67,2,2009,2,39.9588,-75.2063,904.0,6,0,0,0,0,0,0,0,0,,0,0,0,8,1,1,1,,0,39 57:31.834,,0,75 12:22.607,4,0,0,0,67301,1,0,0,N,1,0,0,2,67301,1,,9,1,,N,N,,0,,0,0,0,3,2,,858,1,2,0,0,0,0,1,3,4,0,1,3,,N,,,,,,,,,,,
2009039076,436.0,1,0,0,0,0,0,0,0,0,7,0,,67,1,2009,7,39.974,-75.2058,432.0,6,0,0,0,0,0,0,0,0,,0,0,0,4,3,0,0,,0,39 58:26.423,,0,75 12:20.574,0,0,0,0,67301,0,0,0,N,0,0,0,1,67301,0,,5,1,,N,N,,0,,0,0,0,0,0,,429,0,1,0,0,0,0,0,3,4,0,1,3,,N,,,,,,,,,,,
2009122301,1633.0,1,0,0,0,0,0,0,0,0,1,0,,67,11,2009,2,39.9345,-75.1999,1630.0,6,0,0,1,0,0,1,0,0,,0,0,0,16,3,1,0,,0,39 56:09.240,,0,75 11:58.560,3,0,0,0,67301,0,0,0,N,0,0,0,2,68K01,0,,1,9,,N,N,,0,,1,0,1,0,0,,1627,1,2,0,0,0,0,0,3,4,0,2,7,,N,,,,,,,,,,,
2009043994,720.0,1,0,0,0,0,0,0,0,0,4,0,,67,3,2009,7,39.9541,-75.1778,655.0,6,0,0,0,0,1,0,0,0,,0,1,0,6,1,0,2,,0,39 57:14.830,,0,75 10:40.392,0,0,0,0,67301,0,0,0,,0,0,0,6,67301,0,,1,1,,,,,0,,0,0,0,3,2,,655,0,2,0,0,0,0,0,3,4,0,2,3,,N,,,,,,,,,,,
2009044077,228.0,2,0,0,0,0,0,0,0,0,2,0,,67,3,2009,7,40.0368,-75.1737,228.0,6,0,0,0,0,0,0,0,0,,0,0,0,2,3,2,0,,0,40 02:12.483,,0,75 10:25.309,4,0,0,0,67301,0,0,0,N,0,0,0,8,67301,2,,1,1,,N,N,,0,,0,0,0,0,0,,200,2,2,0,0,0,0,0,3,4,0,2,3,,N,,,,,,,,,,,