CRN,ARRIVAL_TM,AUTOMOBILE_COUNT,BELTED_DEATH_COUNT,BELTED_SUSP_SERIOUS_INJ_COUNT,BICYCLE_COUNT,BICYCLE_DEATH_COUNT,BICYCLE_SUSP_SERIOUS_INJ_COUNT,BUS_COUNT,CHLDPAS_DEATH_COUNT,CHLDPAS_SUSP_SERIOUS_INJ_COUNT,COLLISION_TYPE,COMM_VEH_COUNT,CONS_ZONE_SPD_LIM,COUNTY,CRASH_MONTH,CRASH_YEAR,DAY_OF_WEEK,DEC_LAT,DEC_LONG,DISPATCH_TM,DISTRICT,DRIVER_COUNT_16YR,DRIVER_COUNT_17YR,DRIVER_COUNT_18YR,DRIVER_COUNT_19YR,DRIVER_COUNT_20YR,DRIVER_COUNT_50_64YR,DRIVER_COUNT_65_74YR,DRIVER_COUNT_75PLUS,EST_HRS_CLOSED,FATAL_COUNT,HEAVY_TRUCK_COUNT,HORSE_BUGGY_COUNT,HOUR_OF_DAY,ILLUMINATION,INJURY_COUNT,INTERSECT_TYPE,INTERSECTION_RELATED,LANE_CLOSED,LATITUDE,LN_CLOSE_DIR,LOCATION_TYPE,LONGITUDE,MAX_SEVERITY_LEVEL,MCYCLE_DEATH_COUNT,MCYCLE_SUSP_SERIOUS_INJ_COUNT,MOTORCYCLE_COUNT,MUNICIPALITY,NONMOTR_COUNT,NONMOTR_DEATH_COUNT,NONMOTR_SUSP_SERIOUS_INJ_COUNT,NTFY_HIWY_MAINT,PED_COUNT,PED_DEATH_COUNT,PED_SUSP_SERIOUS_INJ_COUNT,PERSON_COUNT,POLICE_AGCY,POSSIBLE_INJ_COUNT,RDWY_SURF_TYPE_CD,RELATION_TO_ROAD,ROAD_CONDITION,ROADWAY_CLEARED,SCH_BUS_IND,SCH_ZONE_IND,SECONDARY_CRASH,SMALL_TRUCK_COUNT,SPEC_JURIS_CD,SUSP_MINOR_INJ_COUNT,SUSP_SERIOUS_INJ_COUNT,SUV_COUNT,TCD_FUNC_CD,TCD_TYPE,TFC_DETOUR_IND,TIME_OF_DAY,TOT_INJ_COUNT,TOTAL_UNITS,UNB_DEATH_COUNT,UNB_SUSP_SERIOUS_INJ_COUNT,UNBELTED_OCC_COUNT,UNK_INJ_DEG_COUNT,UNK_INJ_PER_COUNT,URBAN_AREA,URBAN_RURAL,VAN_COUNT,VEHICLE_COUNT,WEATHER1,WEATHER2,WORK_ZONE_IND,WORK_ZONE_LOC,WORK_ZONE_TYPE,WORKERS_PRES,WZ_CLOSE_DETOUR,WZ_FLAGGER,WZ_LAW_OFFCR_IND,WZ_LN_CLOSURE,WZ_MOVING,WZ_OTHER,WZ_SHLDER_MDN,WZ_WORKERS_INJ_KILLED
2009011095,1609.0,2,0,0,0,0,0,0,0,0,1,0,,67,1,2009,2,40.0829,-75.2063,1608.0,6,0,0,0,0,0,0,0,0,1.0,0,0,0,16,1,0,0,,1,40 04:58.440,1.0,0,75 12:22.680,0,0,0,0,67301,0,0,0,N,0,0,0,1,46108,0,,1,1,,N,N,,0,,0,0,0,0,0,N,1608,0,2,0,0,0,0,0,3,4,0,2,3,,N,,,,,,,,,,,
2009049124,833.0,1,0,0,0,0,0,0,0,0,6,0,,67,3,2009,2,40.0296,-75.2063,831.0,6,0,0,0,0,0,2,0,0,,0,0,0,8,1,1,2,,0,40 01:46.559,,0,75 12:22.847,4,0,0,0,67301,0,0,0,N,0,0,0,3,67301,1,,5,1,,N,N,,1,,0,0,0,0,0,,830,1,2,0,0,2,0,0,3,4,0,2,3,,N,,,,,,,,,,,
2009049232,339.0,0,0,0,0,0,0,0,0,0,7,0,,67,4,2009,4,40.0185,-75.0638,338.0,6,0,0,0,0,0,0,0,0,,0,0,0,3,3,0,3,,0,40 01:06.360,,0,75 03:49.662,9,0,0,0,67301,0,0,0,Y,0,0,0,1,67301,0,,5,1,,N,N,,0,,0,0,1,3,2,,335,0,1,0,0,0,0,1,3,4,0,1,3,,N,,,,,,,,,,,
2009026006,1630.0,0,0,0,1,0,0,0,0,0,4,0,,67,1,2009,4,39.9935,-75.1264,1630.0,6,0,0,0,0,0,1,0,0,,0,0,0,16,1,1,1,,0,39 59:36.492,,0,75 07:35.029,4,0,0,0,67301,1,0,0,N,0,0,0,2,67301,1,,1,1,,N,N,,1,,0,0,0,3,3,,1625,1,2,0,0,0,0,0,3,4,0,1,3,,N,,,,,,,,,,,
2009048229,1542.0,0,0,0,0,0,0,1,0,0,5,1,,67,4,2009,3,39.9584,-75.1802,1537.0,6,0,0,0,0,0,1,0,0,1.0,0,1,0,15,1,1,0,,2,39 57:30.135,4.0,2,75 10:48.547,3,0,0,0,67301,0,0,0,N,0,0,0,15,68K01,0,,1,1,,N,N,,0,,1,0,0,0,0,N,1534,1,2,0,0,0,0,0,3,4,0,2,3,,N,,,,,,,,,,,
2009044868,2252.0,1,0,0,0,0,0,0,0,0,8,0,,67,3,2009,1,40.0276,-75.1175,2249.0,6,0,0,0,1,0,0,0,0,,0,0,0,22,3,1,1,,0,40 01:39.248,,0,75 07:02.852,8,0,0,0,67301,1,0,0,N,1,0,0,2,67301,0,,7,1,,N,N,,0,,0,0,0,3,2,,2249,1,2,0,0,0,1,0,3,4,0,1,3,,N,,,,,,,,,,,
2009105765,2351.0,0,0,0,0,0,0,0,0,0,0,0,,67,9,2009,2,40.0597,-75.1657,2350.0,6,0,0,0,0,0,0,0,0,,0,0,0,23,6,1,0,,0,40 03:34.927,,0,75 09:56.672,3,0,0,1,67301,0,0,0,N,0,0,0,1,67301,0,,1,1,,N,N,,0,,1,0,0,0,0,,2350,1,1,0,0,0,0,0,3,4,0,1,99,,N,,,,,,,,,,,
2009120508,1445.0,0,0,0,1,0,0,0,0,0,4,0,,67,11,2009,2,39.9531,-75.182,1443.0,6,0,0,0,0,0,0,0,0,9.0,0,0,0,14,1,1,0,,1,39 57:11.212,3.0,0,75 10:55.030,4,0,0,0,67301,1,0,0,N,0,0,0,4,67301,1,,1,1,,N,N,,0,,0,0,0,3,2,N,1443,1,2,0,0,3,0,0,3,4,1,1,3,,N,,,,,,,,,,,
2009105778,1204.0,2,0,0,0,0,0,0,0,0,5,0,,67,9,2009,3,40.0259,-75.0765,1201.0,6,0,0,0,0,0,0,0,0,2.0,0,0,0,12,1,1,0,,2,40 01:33.111,2.0,0,75 04:35.386,4,0,0,0,67301,0,0,0,N,0,0,0,1,67301,1,,1,9,,N,N,,0,,0,0,1,0,0,Y,1200,1,3,0,0,0,0,0,3,4,0,3,3,,N,,,,,,,,,,,
2009105904,1952.0,2,0,0,0,0,0,0,0,0,1,0,,67,10,2009,5,39.9361,-75.2345,1951.0,6,0,0,0,0,0,1,0,0,,0,0,0,19,3,0,1,,0,39 56:09.964,,0,75 14:04.264,9,0,0,0,67301,0,0,0,N,0,0,0,2,67301,0,,1,1,,N,N,,0,,0,0,0,3,2,,1951,0,2,0,0,0,0,2,3,4,0,2,3,,N,,,,,,,,,,,
2009097436,1215.0,2,0,0,0,0,0,0,0,0,4,0,,67,9,2009,4,39.9386,-75.2217,1207.0,6,0,0,0,1,0,0,0,0,,0,0,0,12,1,2,1,,0,39 56:18.896,,0,75 13:18.041,3,0,0,0,67301,0,0,0,,0,0,0,2,67301,0,,1,1,,,,,0,,2,0,0,3,2,,1207,2,2,0,0,0,0,0,3,4,0,2,3,,N,,,,,,,,,,,
2009105572,1832.0,2,0,0,0,0,0,0,0,0,4,0,,67,9,2009,7,40.0413,-75.158,1830.0,6,0,0,0,0,1,0,0,0,,0,0,0,18,1,2,1,,0,40 02:28.579,,0,75 09:28.736,4,0,0,0,67301,0,0,0,N,0,0,0,3,67301,2,,1,1,,N,N,,0,,0,0,0,3,3,,1828,2,2,0,0,0,0,0,3,4,0,2,3,,N,,,,,,,,,,,
2009105575,225.0,2,0,0,0,0,0,0,0,0,8,0,,67,9,2009,1,39.953,-75.1685,218.0,6,0,0,0,0,0,1,0,0,,0,0,0,2,3,3,2,,0,39 57:10.754,,0,75 10:06.506,3,0,0,0,67301,1,0,0,,1,0,0,6,67301,0,,1,1,,N,N,,0,,3,0,1,2,2,,215,3,4,0,0,2,0,0,3,4,0,3,3,,N,,,,,,,,,,,
2009110043,2118.0,0,0,0,0,0,0,0,0,0,1,0,,67,10,2009,6,39.9693,-75.1921,2115.0,6,0,0,0,1,0,0,0,0,,0,0,0,21,3,0,0,,0,39 58:15.392,,0,75 11:35.023,9,0,0,0,67301,0,0,0,N,0,0,0,3,68K01,0,,1,1,,N,N,,0,,0,0,2,0,0,,2101,0,2,0,0,0,0,1,3,4,0,2,7,,N,,,,,,,,,,,
2009095304,48.0,1,0,0,0,0,0,0,0,0,7,0,,67,8,2009,6,39.9923,-75.1548,46.0,6,0,0,0,0,0,0,0,0,,2,0,0,0,3,0,2,,0,39 59:32.477,,0,75 09:17.768,1,0,0,0,67301,0,0,0,,0,0,0,2,67301,0,2.0,5,1,,N,N,,0,0.0,0,0,0,0,0,,44,0,1,0,0,0,0,0,3,4,0,1,3,,N,,,,,,,,,,,
2009094669,1749.0,1,0,0,0,0,0,0,0,0,7,0,,67,9,2009,7,39.9292,-75.1971,1740.0,6,0,0,0,0,0,0,0,0,2.0,0,0,0,17,1,0,0,,1,39 55:48.000,4.0,0,75 11:52.800,0,0,0,0,67301,0,0,0,N,0,0,0,1,68K01,0,,2,1,,N,N,,0,,0,0,0,0,0,Y,1739,0,1,0,0,0,0,0,3,4,0,1,3,,N,,,,,,,,,,,
2009079535,1458.0,0,0,0,0,0,0,0,0,0,2,0,,67,7,2009,4,39.9131,-75.1503,1457.0,6,0,0,0,1,0,0,0,0,,0,0,0,14,1,1,0,,0,39 54:47.044,,0,75 09:00.968,2,0,1,1,67301,0,0,0,,0,0,0,1,67301,0,,2,1,,,,,0,,0,1,0,0,0,,1457,1,2,0,0,0,0,0,3,4,1,2,3,,N,,,,,,,,,,,
2009079622,1215.0,1,0,0,0,0,0,0,0,0,7,0,,67,7,2009,6,39.9932,-75.0849,1206.0,6,0,0,0,0,0,0,0,0,1.0,0,0,0,12,1,0,0,,1,39 59:35.880,1.0,0,75 05:05.280,0,0,0,0,67301,0,0,0,N,0,0,0,1,68K01,0,,4,1,,N,N,,0,,0,0,0,0,0,N,1204,0,1,0,0,0,0,0,3,4,0,1,3,,N,,,,,,,,,,,
2009100597,104.0,1,0,0,0,0,0,0,0,0,8,0,,67,6,2009,1,40.0098,-75.151,103.0,6,0,0,0,0,0,0,0,0,,0,0,0,99,3,1,3,,0,40 00:35.379,,0,75 09:03.622,8,0,0,0,67301,1,0,0,N,1,0,0,2,67301,0,,1,1,,N,N,,0,,0,0,0,3,2,,9999,1,2,0,0,0,1,0,3,4,0,1,3,,N,,,,,,,,,,,
2009105967,2103.0,1,0,0,0,0,0,0,0,0,5,0,,67,9,2009,2,40.0358,-75.1327,2103.0,6,0,0,0,0,0,1,0,0,,0,0,0,20,2,1,0,,0,40 02:08.757,,0,75 07:57.583,8,0,0,0,67301,1,0,0,N,1,0,0,3,67301,0,,1,1,,N,N,,0,,0,0,0,0,0,,2014,1,2,0,0,2,1,0,3,4,0,1,3,,N,,,,,,,,,,,
2009105972,1535.0,1,0,0,0,0,0,1,0,0,4,1,,67,10,2009,2,40.0444,-75.1435,1535.0,6,0,0,0,0,0,1,0,0,2.0,0,0,0,15,1,1,1,,2,40 02:39.900,2.0,0,75 08:36.425,4,0,0,0,67301,0,0,0,N,0,0,0,2,67301,1,,1,1,,N,N,,0,,0,0,0,3,2,Y,1533,1,2,0,0,0,0,0,3,4,0,2,3,,N,,,,,,,,,,,
2009100655,1310.0,2,0,0,0,0,0,0,0,0,1,0,,67,9,2009,7,39.9651,-75.2275,1309.0,6,0,0,0,0,1,0,0,0,,0,0,0,13,1,1,0,,0,39 57:54.187,,0,75 13:39.177,4,0,0,0,67301,0,0,0,N,0,0,0,2,67301,1,,1,1,,N,N,,0,,0,0,0,0,0,,1300,1,2,0,0,0,0,0,3,4,0,2,3,,N,,,,,,,,,,,
2009108148,1259.0,2,0,0,0,0,0,0,0,0,1,0,,67,10,2009,6,39.9458,-75.1423,1258.0,6,0,0,0,0,0,1,0,0,1.0,0,0,0,12,1,2,0,,1,39 56:45.600,2.0,0,75 08:31.920,4,0,0,0,67301,0,0,0,N,0,0,0,5,68K01,2,,1,9,,N,N,,1,,0,0,0,0,0,N,1256,2,3,0,0,1,0,0,3,4,0,3,7,,N,,,,,,,,,,,
2009044203,2045.0,1,0,0,0,0,0,0,0,0,8,0,,67,3,2009,2,39.9997,-75.1258,2033.0,6,0,0,0,0,0,0,0,0,,0,0,0,16,1,1,0,,0,39 59:59.001,,0,75 07:32.713,8,0,0,0,67301,1,0,0,N,1,0,0,2,67301,0,,1,1,,N,N,,0,,0,0,0,0,0,,1600,1,2,0,0,0,1,1,3,4,0,1,3,,N,,,,,,,,,,,
2009044253,2144.0,2,0,0,0,0,0,0,0,0,4,0,,67,3,2009,5,40.0785,-75.1745,2132.0,6,0,0,0,0,0,0,0,0,,0,0,0,21,3,1,1,,0,40 04:42.480,,0,75 10:28.267,4,0,0,0,67301,0,0,0,N,0,0,0,2,67301,1,,1,1,,N,N,,0,,0,0,0,3,3,,2129,1,2,0,0,0,0,0,3,4,0,2,3,,N,,,,,,,,,,,
2009044292,1338.0,1,0,0,0,0,0,0,0,0,4,0,,67,3,2009,3,39.9966,-75.1392,316.0,6,0,0,0,0,0,0,0,0,,0,1,0,13,1,1,0,,0,39 59:47.871,,0,75 08:21.173,4,0,0,0,67301,0,0,0,N,0,0,0,3,67301,1,,1,1,,N,,,0,,0,0,0,3,3,,1316,1,2,0,0,1,0,0,3,4,0,2,3,,N,,,,,,,,,,,
2009044303,1053.0,0,0,0,0,0,0,0,0,0,8,0,,67,3,2009,4,40.0459,-74.9946,1049.0,6,0,0,0,0,0,1,0,0,,0,0,0,10,1,1,1,,0,40 02:44.935,,0,74 59:40.960,4,0,0,0,67301,1,0,0,N,1,0,0,2,67301,1,,1,9,,N,N,,1,,0,0,0,3,2,,1045,1,2,0,0,0,0,0,3,4,0,1,7,,N,,,,,,,,,,,
2009049553,1433.0,1,0,0,0,0,0,0,0,0,8,0,,67,4,2009,6,39.9251,-75.236,1430.0,6,0,0,0,0,0,0,0,0,,0,0,0,14,1,1,2,,0,39 55:30.536,,0,75 14:09.740,3,0,0,0,67301,1,0,0,,1,0,0,4,67301,0,,1,1,,N,N,,0,,1,0,0,0,0,,1430,1,2,0,0,0,0,0,3,4,0,1,3,,N,,,,,,,,,,,
2009049310,1735.0,1,0,0,0,0,0,0,0,0,4,0,,67,4,2009,1,40.0808,-75.0286,1730.0,6,0,0,0,0,0,1,0,0,1.0,0,0,0,17,1,1,1,,1,40 04:50.725,2.0,0,75 01:42.964,8,0,0,0,67301,0,0,0,N,0,0,0,5,67301,0,,1,1,,N,N,,0,,0,0,1,3,2,N,1720,1,2,0,0,0,1,0,3,4,0,2,3,,N,,,,,,,,,,,
2009049312,935.0,0,0,0,0,0,0,0,0,0,1,0,,67,4,2009,2,40.0822,-74.9669,933.0,6,0,0,0,0,0,1,0,0,,0,0,0,9,1,2,1,,0,40 04:55.794,,3,74 58:00.797,8,0,0,0,67301,0,0,0,N,0,0,0,2,67301,0,,1,9,,N,N,,0,,0,0,1,3,2,,932,2,2,0,0,0,2,0,3,4,1,2,7,,N,,,,,,,,,,,
2009049317,1720.0,2,0,0,0,0,0,0,0,0,4,0,,67,4,2009,3,40.0096,-75.0896,1715.0,6,0,0,0,0,0,0,0,0,,0,0,0,17,1,1,3,,0,40 00:34.515,,0,75 05:22.411,8,0,0,0,67301,0,0,0,,0,0,0,5,67301,0,,1,1,,,,,0,,0,0,0,0,0,,1715,1,2,0,0,0,1,0,3,4,0,2,3,,N,,,,,,,,,,,
2009049383,20.0,1,0,0,0,0,0,0,0,0,1,0,,67,4,2009,7,39.9298,-75.1821,18.0,6,0,0,0,0,0,0,0,0,,0,0,0,0,3,0,0,,0,39 55:47.222,,0,75 10:55.502,0,0,0,0,67301,0,0,0,N,0,0,0,1,67301,0,,1,1,,N,N,,0,,0,0,0,0,0,,2,0,2,0,0,0,0,0,3,4,1,2,3,,N,,,,,,,,,,,
2009049391,1540.0,1,0,0,0,0,0,0,0,0,4,0,,67,4,2009,7,40.0638,-75.0835,1520.0,6,0,0,0,0,0,1,0,1,,0,0,0,14,1,1,1,,0,40 03:49.551,,0,75 05:00.781,4,0,0,0,67301,0,0,0,,0,0,0,2,67301,1,,1,9,,N,N,,0,,0,0,0,3,2,,1458,1,2,0,0,0,0,0,3,4,1,2,7,,N,,,,,,,,,,,
2009049407,1820.0,2,0,0,0,0,0,0,0,0,4,0,,67,4,2009,7,39.9054,-75.1736,1816.0,6,0,0,0,0,0,1,0,0,3.0,0,0,0,18,1,4,5,,1,39 54:19.501,1.0,0,75 10:24.817,3,0,0,0,67301,0,0,0,N,0,0,0,4,67301,0,,1,1,,N,N,,0,,2,0,0,3,2,N,1816,4,2,0,0,0,2,0,3,4,0,2,3,,N,,,,,,,,,,,
2009049416,2017.0,1,0,0,0,0,0,0,0,0,4,0,,67,4,2009,2,40.0689,-75.0402,2006.0,6,0,0,0,0,0,0,0,0,2.0,0,0,0,20,3,0,1,,1,40 04:07.410,2.0,0,75 02:24.960,0,0,0,0,67301,0,0,0,N,0,0,0,5,67301,0,,1,9,,N,N,,1,,0,0,0,2,2,N,2006,0,2,0,0,0,0,0,3,4,0,2,7,,N,,,,,,,,,,,
2009049492,922.0,0,0,0,1,0,0,0,0,0,4,0,,67,4,2009,4,39.9539,-75.1731,910.0,6,0,0,0,0,0,0,0,0,,0,0,0,9,1,1,0,,0,39 57:13.887,,0,75 10:23.297,3,0,0,0,67301,1,0,0,N,0,0,0,2,67301,0,,1,1,,N,N,,0,,1,0,1,0,0,,906,1,2,0,0,0,0,0,3,4,0,1,3,,N,,,,,,,,,,,
2009049504,245.0,1,0,0,0,0,0,0,0,0,0,0,,67,4,2009,1,40.0855,-74.9695,234.0,6,0,0,0,0,0,0,0,0,3.0,0,0,0,2,3,2,3,,2,40 05:07.800,4.0,2,74 58:10.200,8,0,0,0,67301,0,0,0,N,0,0,0,2,67301,0,,1,1,,N,N,,0,,0,0,0,0,0,Y,233,2,1,0,0,0,2,0,3,4,0,1,3,,N,,,,,,,,,,,
2009046860,240.0,1,0,0,0,0,0,0,0,0,7,0,,67,3,2009,2,40.0308,-75.1878,238.0,6,0,0,0,0,0,0,1,0,,0,0,0,2,3,0,1,,0,40 01:50.673,,0,75 11:15.839,0,0,0,0,67301,0,0,0,N,0,0,0,1,67301,0,,2,7,,N,N,,0,,0,0,0,3,2,,220,0,1,0,0,0,0,0,3,4,0,1,10,,N,,,,,,,,,,,
2009124918,1702.0,3,0,0,0,0,0,0,0,0,4,0,,67,11,2009,7,39.964,-75.1916,1700.0,6,0,0,0,0,0,1,0,0,,0,0,0,17,1,1,5,,0,39 57:50.569,,0,75 11:29.777,3,0,0,0,67301,4,0,0,,0,0,0,7,67301,0,,1,1,,N,N,,0,,1,0,0,3,2,,1700,1,3,0,0,0,0,1,3,4,0,3,3,,N,,,,,,,,,,,
2009124923,1517.0,1,0,0,1,0,0,0,0,0,4,0,,67,11,2009,4,39.9583,-75.1641,1517.0,6,0,0,0,0,0,1,0,0,1.0,0,0,0,15,1,1,1,,1,39 57:28.586,3.0,0,75 09:50.892,4,0,0,0,67301,1,0,0,N,0,0,0,2,67301,1,,1,9,,N,N,,0,,0,0,0,3,2,N,1500,1,2,0,0,0,0,0,3,4,0,1,3,,N,,,,,,,,,,,
2009048633,1745.0,1,0,0,1,0,0,0,0,0,6,0,,67,3,2009,2,39.9571,-75.2019,1743.0,6,0,0,0,0,0,0,0,0,,0,0,0,17,1,1,1,,0,39 57:25.852,,0,75 12:06.897,4,0,0,0,67301,1,0,0,N,0,0,0,2,67301,1,,1,1,,N,N,,0,,0,0,0,3,2,,1743,1,2,0,0,1,0,0,3,4,0,1,3,,N,,,,,,,,,,,
2009125075,1723.0,1,0,0,0,0,0,0,0,0,8,0,,67,11,2009,7,40.0206,-75.1166,1722.0,6,0,0,0,0,0,1,0,0,,0,0,0,17,3,1,0,,0,40 01:14.197,,0,75 06:59.809,3,0,0,0,67301,1,0,0,N,1,0,0,2,67301,0,,1,1,,N,N,,0,,1,0,0,0,0,,1715,1,2,0,0,0,0,1,3,4,0,1,3,,N,,,,,,,,,,,
2009048889,1841.0,2,0,0,0,0,0,0,0,0,4,0,,67,4,2009,2,39.9363,-75.2292,1841.0,6,0,0,1,0,0,0,0,0,3.0,0,0,0,18,1,3,2,,2,39 56:10.644,5.0,0,75 13:44.961,4,0,0,0,67301,0,0,0,N,0,0,0,4,67301,3,,1,9,,N,N,,0,,0,0,0,3,3,Y,1840,3,2,0,0,0,0,0,3,4,0,2,7,,N,,,,,,,,,,,
2009038694,1821.0,1,0,0,0,0,0,0,0,0,1,0,,67,2,2009,4,40.0291,-75.0656,1820.0,6,0,0,0,0,0,1,0,0,,0,0,0,17,4,1,0,,0,40 01:44.875,,0,75 03:56.134,8,0,0,0,67301,0,0,0,N,0,0,0,3,67301,0,,1,1,,N,N,,0,,0,0,0,0,0,,1729,1,2,0,0,0,1,0,3,4,1,2,3,,N,,,,,,,,,,,
2009038722,735.0,1,0,0,0,0,0,0,0,0,1,0,,67,2,2009,4,40.1186,-75.0338,729.0,6,0,0,0,0,0,0,0,0,,0,0,0,7,1,1,0,,0,40 07:06.920,,0,75 02:01.503,3,0,0,0,67301,0,0,0,N,0,0,0,1,67301,0,,4,1,,N,N,,0,,1,0,0,0,0,,720,1,2,0,0,1,0,0,3,4,1,2,3,,N,,,,,,,,,,,
2009038741,1950.0,1,0,0,0,0,0,0,0,0,1,0,,67,2,2009,3,39.9972,-75.1193,1946.0,6,0,0,0,0,0,0,0,0,,0,0,0,19,3,1,0,,0,39 59:49.961,,0,75 07:09.484,3,0,0,0,67301,0,0,0,,0,0,0,3,67301,0,,1,1,,,,,0,,1,0,1,0,0,,1915,1,2,0,0,0,0,0,3,4,0,2,3,,N,,,,,,,,,,,
2009038743,9999.0,0,0,0,0,0,0,0,0,0,4,0,,67,3,2009,4,39.986,-75.0972,9999.0,6,0,0,0,0,0,0,0,1,,0,0,0,99,1,1,2,,0,39 59:09.639,,0,75 05:49.923,4,0,0,0,67301,0,0,0,,0,0,0,2,67301,1,,1,2,,,,,1,,0,0,1,3,3,,9999,1,2,0,0,0,0,0,3,4,0,2,10,,N,,,,,,,,,,,
2009048987,1700.0,1,0,0,0,0,0,0,0,0,8,0,,67,4,2009,5,39.9853,-75.1788,1659.0,6,0,0,0,0,0,0,0,0,,0,0,0,99,1,1,1,,0,39 59:06.954,,0,75 10:43.660,8,0,0,0,67301,1,0,0,N,1,0,0,2,67301,0,,1,1,,N,N,,0,,0,0,0,3,2,,9999,1,2,0,0,0,1,1,3,4,0,1,3,,N,,,,,,,,,,,
2009044128,1652.0,1,0,0,0,0,0,0,0,0,8,0,,67,3,2009,3,40.0501,-75.1505,1650.0,6,0,0,0,0,0,0,0,0,,0,0,0,16,1,1,1,,0,40 03:00.190,,0,75 09:01.655,4,0,0,0,67301,1,0,0,N,1,0,0,2,67301,1,,1,1,,N,N,,0,,0,0,0,3,2,,1648,1,2,0,0,0,0,0,3,4,0,1,3,,N,,,,,,,,,,,
2009048705,1622.0,2,0,0,0,0,0,0,0,0,1,0,,67,3,2009,5,40.0984,-75.0303,1600.0,6,0,0,0,0,0,0,1,1,,0,0,0,15,1,2,2,,0,40 05:53.160,,0,75 01:49.080,3,0,0,0,67301,0,0,0,N,0,0,0,2,67301,1,,1,9,,N,N,,0,,1,0,0,0,0,,1540,2,2,0,0,0,0,0,3,4,0,2,7,,N,,,,,,,,,,,
2009048717,835.0,2,0,0,0,0,0,0,0,0,4,0,,67,3,2009,6,40.0296,-75.2063,830.0,6,0,0,0,0,0,1,0,0,,0,0,0,8,1,1,2,,0,40 01:46.666,,0,75 12:22.539,4,0,0,0,67301,0,0,0,N,0,0,0,2,67301,1,,1,1,,N,N,,0,,0,0,0,0,0,,829,1,2,0,0,0,0,1,3,4,0,2,3,,N,,,,,,,,,,,
2009008642,825.0,1,0,0,0,0,0,0,0,0,7,0,,67,1,2009,1,40.0236,-75.0318,819.0,6,0,0,0,0,0,1,0,0,,0,0,0,8,1,0,0,,0,40 01:19.500,,2,75 02:16.941,0,0,0,0,67301,0,0,0,N,0,0,0,1,68K01,0,,2,9,,N,N,,0,,0,0,0,0,0,,816,0,1,0,0,0,0,0,3,4,0,1,10,,N,,,,,,,,,,,
2009049119,1347.0,1,0,0,0,0,0,0,0,0,8,0,,67,3,2009,5,40.0626,-75.0425,1341.0,6,0,0,0,0,0,1,0,0,2.0,0,0,0,13,1,1,0,,1,40 03:44.640,1.0,0,75 02:33.360,4,0,0,0,67301,1,0,0,N,1,0,0,2,67301,1,,1,1,,N,N,,0,,0,0,0,3,2,N,1338,1,2,0,0,0,0,0,3,4,0,1,3,,N,,,,,,,,,,,
2009040326,1850.0,0,0,0,0,0,0,0,0,0,6,0,,67,1,2009,7,40.0031,-75.2225,1850.0,6,0,0,0,0,0,0,0,0,2.0,0,0,0,18,3,1,0,,1,40 00:10.838,1.0,0,75 13:21.175,8,0,0,1,67301,0,0,0,N,0,0,0,2,67301,0,,1,1,,N,N,,0,,0,0,1,0,0,N,1847,1,2,0,0,0,1,0,3,4,0,2,3,,N,,,,,,,,,,,
2009044882,957.0,2,0,0,0,0,0,0,0,0,1,0,,67,3,2009,5,40.0145,-75.1311,952.0,6,0,0,0,0,1,0,0,0,1.0,0,0,0,9,1,1,1,,1,40 00:52.185,4.0,0,75 07:52.121,4,0,0,0,67301,0,0,0,N,0,0,0,3,67301,1,,1,9,,N,N,,0,,0,0,0,3,2,N,949,1,2,0,0,0,0,0,3,4,0,2,7,,N,,,,,,,,,,,
2009050899,1840.0,0,0,0,0,0,0,0,0,0,8,0,,67,4,2009,5,39.9244,-75.1795,1833.0,6,0,0,0,0,0,0,0,0,,0,0,0,18,4,1,1,,0,39 55:27.858,,0,75 10:46.253,4,0,0,0,67301,1,0,0,,1,0,0,2,67301,1,,1,98,,,,,1,,0,0,0,3,3,,1830,1,2,0,0,0,0,0,3,4,0,1,99,,N,,,,,,,,,,,
2009097921,804.0,2,0,0,0,0,0,0,0,0,7,0,,67,9,2009,6,40.0223,-75.0374,759.0,6,0,0,0,0,0,1,0,0,,0,0,0,7,1,0,0,,0,40 01:21.841,,0,75 02:10.436,0,0,0,0,67301,0,0,0,N,0,0,0,2,68K01,0,,4,98,,N,N,,0,,0,0,0,0,0,,757,0,2,0,0,0,0,0,3,4,0,2,3,,N,,,,,,,,,,,
2009105771,510.0,1,0,0,0,0,0,0,0,0,8,0,,67,9,2009,2,40.0272,-75.1099,500.0,6,0,0,0,0,1,0,0,0,,0,0,0,99,3,1,0,,0,40 01:38.042,,0,75 06:35.751,3,0,0,0,67301,1,0,0,,1,0,0,2,67301,0,,1,1,,,,,0,,1,0,0,0,0,,9999,1,2,0,0,0,0,0,3,4,0,1,3,,N,,,,,,,,,,,
2009100059,747.0,1,0,0,0,0,0,0,0,0,7,0,,67,9,2009,1,40.0188,-75.0817,740.0,6,0,0,0,0,0,0,0,0,2.0,0,0,0,7,1,0,0,,1,40 01:07.789,5.0,0,75 04:54.195,0,0,0,0,67301,0,0,0,,0,0,0,1,67301,0,,5,1,,N,,,0,,0,0,0,0,0,N,728,0,1,0,0,0,0,0,3,4,0,1,3,,N,,,,,,,,,,,
2009049556,1630.0,2,0,0,0,0,0,0,0,0,4,0,,67,4,2009,7,39.9228,-75.2384,1628.0,6,0,0,0,0,0,0,0,0,,0,0,0,15,1,2,1,,0,39 55:21.975,,0,75 14:18.329,4,0,0,0,67301,0,0,0,,0,0,0,3,67301,2,,1,1,,,,,0,,0,0,1,3,2,,1500,2,3,0,0,0,0,0,3,4,0,3,3,,N,,,,,,,,,,,