CRN,ARRIVAL_TM,AUTOMOBILE_COUNT,BELTED_DEATH_COUNT,BELTED_SUSP_SERIOUS_INJ_COUNT,BICYCLE_COUNT,BICYCLE_DEATH_COUNT,BICYCLE_SUSP_SERIOUS_INJ_COUNT,BUS_COUNT,CHLDPAS_DEATH_COUNT,CHLDPAS_SUSP_SERIOUS_INJ_COUNT,COLLISION_TYPE,COMM_VEH_COUNT,CONS_ZONE_SPD_LIM,COUNTY,CRASH_MONTH,CRASH_YEAR,DAY_OF_WEEK,DEC_LAT,DEC_LONG,DISPATCH_TM,DISTRICT,DRIVER_COUNT_16YR,DRIVER_COUNT_17YR,DRIVER_COUNT_18YR,DRIVER_COUNT_19YR,DRIVER_COUNT_20YR,DRIVER_COUNT_50_64YR,DRIVER_COUNT_65_74YR,DRIVER_COUNT_75PLUS,EST_HRS_CLOSED,FATAL_COUNT,HEAVY_TRUCK_COUNT,HORSE_BUGGY_COUNT,HOUR_OF_DAY,ILLUMINATION,INJURY_COUNT,INTERSECT_TYPE,INTERSECTION_RELATED,LANE_CLOSED,LATITUDE,LN_CLOSE_DIR,LOCATION_TYPE,LONGITUDE,MAX_SEVERITY_LEVEL,MCYCLE_DEATH_COUNT,MCYCLE_SUSP_SERIOUS_INJ_COUNT,MOTORCYCLE_COUNT,MUNICIPALITY,NONMOTR_COUNT,NONMOTR_DEATH_COUNT,NONMOTR_SUSP_SERIOUS_INJ_COUNT,NTFY_HIWY_MAINT,PED_COUNT,PED_DEATH_COUNT,PED_SUSP_SERIOUS_INJ_COUNT,PERSON_COUNT,POLICE_AGCY,POSSIBLE_INJ_COUNT,RDWY_SURF_TYPE_CD,RELATION_TO_ROAD,ROAD_CONDITION,ROADWAY_CLEARED,SCH_BUS_IND,SCH_ZONE_IND,SECONDARY_CRASH,SMALL_TRUCK_COUNT,SPEC_JURIS_CD,SUSP_MINOR_INJ_COUNT,SUSP_SERIOUS_INJ_COUNT,SUV_COUNT,TCD_FUNC_CD,TCD_TYPE,TFC_DETOUR_IND,TIME_OF_DAY,TOT_INJ_COUNT,TOTAL_UNITS,UNB_DEATH_COUNT,UNB_SUSP_SERIOUS_INJ_COUNT,UNBELTED_OCC_COUNT,UNK_INJ_DEG_COUNT,UNK_INJ_PER_COUNT,URBAN_AREA,URBAN_RURAL,VAN_COUNT,VEHICLE_COUNT,WEATHER1,WEATHER2,WORK_ZONE_IND,WORK_ZONE_LOC,WORK_ZONE_TYPE,WORKERS_PRES,WZ_CLOSE_DETOUR,WZ_FLAGGER,WZ_LAW_OFFCR_IND,WZ_LN_CLOSURE,WZ_MOVING,WZ_OTHER,WZ_SHLDER_MDN,WZ_WORKERS_INJ_KILLED
2009049558,445.0,2,0,0,0,0,0,0,0,0,6,0,,67,3,2009,1,40.0122,-75.1505,436.0,6,0,0,0,1,0,0,0,0,,0,0,0,4,3,1,1,,0,40 00:44.010,,0,75 09:01.746,3,0,0,0,67301,0,0,0,N,0,0,0,2,67301,0,,1,9,,N,N,,0,,1,0,0,3,2,,429,1,2,0,0,0,0,0,3,4,0,2,7,,N,,,,,,,,,,,
2009049405,1450.0,2,0,0,0,0,0,0,0,0,4,0,,67,4,2009,1,40.0418,-75.1921,1445.0,6,0,0,0,0,0,0,0,0,,0,0,0,14,1,4,1,,0,40 02:30.531,,0,75 11:31.574,8,0,0,0,67301,0,0,0,N,0,0,0,5,67301,0,,1,1,,N,N,,0,,0,0,0,3,2,,1438,4,2,0,0,0,4,1,3,4,0,2,3,,N,,,,,,,,,,,
2009120436,2151.0,2,0,0,0,0,0,0,0,0,1,0,,67,11,2009,4,40.1191,-75.0178,2146.0,6,0,1,0,0,0,0,0,0,,0,0,0,21,3,1,0,,0,40 07:08.769,,7,75 01:04.227,4,0,0,0,67301,0,0,0,N,0,0,0,6,67301,1,,1,1,,N,N,,0,,0,0,0,3,2,,2140,1,2,0,0,0,0,0,3,4,0,2,3,,N,,,,,,,,,,,
2009048784,1520.0,2,0,0,0,0,0,0,0,0,1,0,,67,4,2009,2,40.0122,-75.1505,1518.0,6,0,0,0,0,0,0,0,0,,0,0,0,14,1,1,1,,0,40 00:44.608,,0,75 09:02.005,4,0,0,0,67301,0,0,0,N,0,0,0,2,67301,1,,1,1,,N,N,,0,,0,0,0,3,2,,1400,1,2,0,0,0,0,0,3,4,0,2,7,,N,,,,,,,,,,,
2009048832,2205.0,2,0,0,0,0,0,0,0,0,1,0,,67,3,2009,3,39.938,-75.1977,2203.0,6,0,1,0,0,0,0,0,0,,0,0,0,21,3,2,1,,0,39 56:16.897,,0,75 11:51.730,4,0,0,0,67301,0,0,0,N,0,0,0,3,67301,2,,1,1,,N,N,,0,,0,0,0,9,3,,2140,2,2,0,0,2,0,1,3,4,0,2,3,,N,,,,,,,,,,,
2009048842,1615.0,1,0,0,0,0,0,0,0,0,1,0,,67,3,2009,1,40.0007,-75.2155,1608.0,6,0,0,0,0,1,0,1,0,,0,0,0,16,1,1,0,,0,40 00:02.541,,0,75 12:55.944,8,0,0,0,67301,0,0,0,N,0,0,0,5,67301,0,,1,1,,N,N,,0,,0,0,1,0,0,,1600,1,2,0,0,0,1,3,3,4,0,2,3,,N,,,,,,,,,,,
2009048843,1710.0,1,0,0,0,0,0,0,0,0,8,0,,67,3,2009,5,40.0507,-75.1733,1657.0,6,0,0,0,0,0,1,0,0,,0,0,0,16,1,1,1,,0,40 03:02.401,,0,75 10:23.780,8,0,0,0,67301,1,0,0,N,1,0,0,2,67301,0,,1,9,,N,N,,0,,0,0,0,3,2,,1655,1,2,0,0,0,1,0,3,4,0,1,7,,N,,,,,,,,,,,
2009124855,1600.0,1,0,0,0,0,0,0,0,0,1,0,,67,11,2009,1,40.0358,-75.0641,1559.0,6,0,0,0,0,0,0,0,0,,0,0,0,15,1,1,3,,0,40 02:08.948,,0,75 03:50.712,8,0,0,0,67301,0,0,0,N,0,0,0,4,67301,0,,1,1,,N,N,,1,,0,0,0,3,4,,1536,1,2,0,0,3,1,0,3,4,0,2,3,,N,,,,,,,,,,,
2009127416,1407.0,1,0,0,0,0,0,0,0,0,5,0,,67,11,2009,6,39.9685,-75.1282,1356.0,6,0,0,0,0,0,0,0,0,1.0,0,0,0,13,1,0,0,,2,39 58:08.659,1.0,0,75 07:38.012,9,0,0,0,67301,0,0,0,N,0,0,0,2,68K01,0,,1,1,,N,N,,0,,0,0,1,0,0,N,1337,0,2,0,0,0,0,1,3,4,0,2,3,,N,,,,,,,,,,,
2009124981,1436.0,0,0,0,0,0,0,0,0,0,7,0,,67,11,2009,1,39.9245,-75.1644,1432.0,6,0,0,0,0,0,0,0,1,,0,0,0,14,1,1,0,,0,39 55:28.362,,0,75 09:51.984,4,0,0,0,67301,0,0,0,N,0,0,0,1,67301,1,,5,1,,N,N,,1,,0,0,0,0,0,,1425,1,1,0,0,0,0,0,3,4,0,1,3,,N,,,,,,,,,,,
2009038970,900.0,1,0,0,0,0,0,0,0,0,1,0,,67,2,2009,5,39.9751,-75.2334,858.0,6,0,0,0,0,0,0,1,0,,0,0,0,8,1,1,1,,0,39 58:30.374,,0,75 14:00.308,8,0,0,0,67301,0,0,0,Y,0,0,0,2,67301,0,,1,2,,N,N,,0,,0,0,1,3,3,,856,1,2,0,0,0,1,0,3,4,0,2,3,,N,,,,,,,,,,,
2009048876,2010.0,0,0,0,0,0,0,0,0,0,8,0,,67,3,2009,5,39.9501,-75.164,2000.0,6,0,0,0,0,0,0,0,0,,0,0,0,19,1,1,1,,0,39 57:00.353,,0,75 09:50.403,8,0,0,0,67301,1,0,0,N,1,0,0,2,67301,0,,1,1,,N,N,,0,,0,0,0,3,2,,1900,1,2,0,0,0,1,1,3,4,0,1,3,,N,,,,,,,,,,,
2009036387,1002.0,1,0,0,0,0,0,0,0,0,1,1,,67,2,2009,5,40.0477,-75.06,1001.0,6,0,0,0,0,0,0,1,0,2.0,1,1,0,10,1,0,1,,1,40 02:51.686,4.0,0,75 03:35.364,1,0,0,0,67301,0,0,0,,0,0,0,2,67301,0,2.0,1,1,,N,N,,0,0.0,0,0,0,3,2,Y,1001,0,2,1,0,1,0,0,3,4,0,2,3,,N,,,,,,,,,,,
2009009027,126.0,1,0,0,0,0,0,0,0,0,4,0,,67,1,2009,4,40.0225,-75.0378,123.0,6,0,0,0,0,0,0,1,0,1.0,0,0,0,1,3,1,0,,2,40 01:20.536,2.0,0,75 02:16.598,8,0,0,0,67301,0,0,0,N,0,0,0,2,68K01,0,,1,2,,N,N,,1,,0,0,0,0,0,N,121,1,2,0,0,0,1,0,3,4,0,2,7,,N,,,,,,,,,,,
2009049118,300.0,1,0,0,0,0,0,0,0,0,7,0,,67,4,2009,3,40.0,-75.107,258.0,6,0,0,0,0,0,0,0,0,,0,0,0,2,3,1,0,,0,39 59:59.957,,0,75 06:25.278,3,0,0,0,67301,0,0,0,N,0,0,0,1,67301,0,,4,1,,N,N,,0,,1,0,0,0,0,,257,1,1,0,0,0,0,0,3,4,0,1,3,,N,,,,,,,,,,,
2009049139,824.0,1,0,0,0,0,0,0,0,0,4,0,,67,3,2009,6,39.9459,-75.2403,816.0,6,0,0,0,0,0,0,0,0,,0,0,0,7,1,1,5,,0,39 56:45.089,,0,75 14:25.019,8,0,0,0,67301,0,0,0,N,0,0,0,2,67301,0,,1,1,,N,N,,0,,0,0,0,3,2,,715,1,2,0,0,0,1,0,3,4,1,2,3,,N,,,,,,,,,,,
2009040327,1807.0,1,0,0,0,0,0,0,0,0,8,0,,67,2,2009,6,40.0673,-75.051,1800.0,6,0,0,0,0,0,1,0,0,,0,0,0,17,3,1,0,,0,40 04:02.170,,0,75 03:03.706,3,0,0,0,67301,1,0,0,N,1,0,0,2,67301,0,,1,9,,N,N,,0,,1,0,0,3,2,,1756,1,2,0,0,0,0,0,3,4,0,1,7,,N,,,,,,,,,,,
2009047798,930.0,2,0,0,0,0,0,0,0,0,1,0,,67,4,2009,2,39.9837,-75.0975,926.0,6,0,0,0,0,0,0,0,0,,0,0,0,9,1,0,0,,0,39 59:01.320,,0,75 05:51.360,0,0,0,0,67301,0,0,0,N,0,0,0,2,68K01,0,,1,1,,N,N,,0,,0,0,0,0,0,,924,0,2,0,0,0,0,0,3,4,0,2,3,,N,,,,,,,,,,,
2009097908,1308.0,1,0,0,0,0,0,0,0,0,1,0,,67,9,2009,1,39.9592,-75.1722,1300.0,6,0,0,0,0,0,0,0,0,1.0,0,0,0,12,1,1,0,,1,39 57:33.037,4.0,0,75 10:20.010,4,0,0,0,67301,0,0,0,N,0,0,0,2,68K01,1,,1,1,,N,N,,0,,0,0,1,0,0,N,1256,1,2,0,0,0,0,0,3,4,0,2,3,,N,,,,,,,,,,,
2009105774,925.0,1,0,0,1,0,0,0,0,0,5,0,,67,9,2009,5,39.9377,-75.1654,924.0,6,0,0,0,0,0,0,0,0,,0,0,0,9,1,1,0,,0,39 56:15.658,,0,75 09:55.602,4,0,0,0,67301,1,0,0,N,0,0,0,2,67301,1,,1,1,,N,N,,0,,0,0,0,0,0,,922,1,2,0,0,1,0,0,3,4,0,1,3,,N,,,,,,,,,,,
2009105788,5.0,1,0,0,0,0,0,0,0,0,7,0,,67,9,2009,1,40.0838,-74.9682,2359.0,6,0,0,0,0,0,0,0,0,3.0,0,0,0,23,3,2,0,,2,40 05:01.541,3.0,0,74 58:05.383,4,0,0,0,67301,0,0,0,Y,0,0,0,2,67301,2,,3,1,,N,N,,0,,0,0,0,0,0,Y,2357,2,1,0,0,0,0,0,3,4,0,1,3,,N,,,,,,,,,,,
2009105880,1207.0,1,0,0,0,0,0,0,0,0,8,0,,67,9,2009,5,39.9305,-75.1782,1206.0,6,0,0,0,0,0,1,0,0,,0,0,0,12,1,1,1,,0,39 55:49.785,,0,75 10:41.426,8,0,0,0,67301,1,0,0,,1,0,0,2,67301,0,,1,1,,N,N,,0,,0,0,0,3,3,,1204,1,2,0,0,0,1,0,3,4,0,1,3,,N,,,,,,,,,,,
2009105906,1507.0,2,0,0,0,0,0,0,0,0,4,0,,67,9,2009,4,39.9594,-75.2453,1503.0,6,0,0,0,0,0,0,0,0,,0,0,0,13,1,1,1,,0,39 57:33.899,,0,75 14:43.234,4,0,0,0,67301,0,0,0,N,0,0,0,4,67301,1,,1,1,,N,N,,0,,0,0,1,3,2,,1330,1,3,0,0,0,0,0,3,4,0,3,3,,N,,,,,,,,,,,
2009097438,1825.0,1,0,0,0,0,0,0,0,0,8,0,,67,8,2009,7,39.9674,-75.2457,1816.0,6,0,0,0,0,0,0,0,1,,0,0,0,18,1,1,1,,0,39 58:02.388,,0,75 14:44.990,4,0,0,0,67301,1,0,0,,1,0,0,3,67301,1,,1,1,,,,,0,,0,0,0,3,2,,1800,1,2,0,0,0,0,0,3,4,0,1,3,,N,,,,,,,,,,,
2009107867,621.0,1,0,0,0,0,0,0,0,0,7,0,,67,10,2009,6,39.9041,-75.1504,612.0,6,0,0,0,0,0,0,0,0,1.0,0,0,0,6,3,0,0,,1,39 54:16.920,2.0,0,75 09:00.720,0,0,0,0,67301,0,0,0,N,0,0,0,1,68K01,0,,5,1,,N,N,,0,,0,0,0,0,0,N,611,0,1,0,0,0,0,0,3,4,0,1,3,,N,,,,,,,,,,,
2009101029,1340.0,0,0,0,0,0,0,0,0,0,8,0,,67,8,2009,6,39.9258,-75.156,1335.0,6,0,0,0,0,0,0,0,0,,0,0,0,13,1,1,0,,0,39 55:32.739,,0,75 09:21.600,8,0,0,0,67301,1,0,0,,1,0,0,2,67301,0,,1,9,,N,N,,1,,0,0,0,0,0,,1330,1,2,0,0,0,1,0,3,4,0,1,7,,N,,,,,,,,,,,
2009099995,650.0,1,0,0,0,0,0,0,0,0,7,0,,67,5,2009,4,,,642.0,6,0,0,0,0,0,0,0,0,2.0,0,0,0,6,1,1,0,,2,,5.0,0,,8,0,0,0,67301,0,0,0,N,0,0,0,1,67301,0,,2,9,,N,N,,0,,0,0,0,0,0,Y,641,1,1,0,0,0,1,0,3,3,0,1,7,,N,,,,,,,,,,,
2009105570,1840.0,1,0,0,1,0,0,0,0,0,5,0,,67,9,2009,4,40.0222,-75.2183,1835.0,6,0,0,0,0,0,0,0,0,,0,0,0,18,1,1,2,,0,40 01:19.837,,0,75 13:05.894,4,0,0,0,67301,1,0,0,N,0,0,0,2,67301,1,,2,1,,N,N,,0,,0,0,0,0,0,,1810,1,2,0,0,0,0,0,3,4,0,1,3,,N,,,,,,,,,,,
2009105653,1306.0,2,0,0,0,0,0,0,0,0,1,0,,67,10,2009,1,39.9267,-75.188,1306.0,6,0,0,0,0,0,1,0,0,,0,0,0,99,1,1,1,,0,39 55:36.179,,0,75 11:16.425,4,0,0,0,67301,0,0,0,,0,0,0,2,67301,1,,1,1,,N,N,,0,,0,0,0,3,2,,9999,1,2,0,0,1,0,0,3,4,0,2,3,,N,,,,,,,,,,,
2009100708,2205.0,0,0,0,0,0,0,0,0,0,4,0,,67,9,2009,6,40.0659,-75.1511,2159.0,6,0,0,0,0,0,0,0,0,,0,0,0,21,3,1,0,,0,40 03:57.135,,0,75 09:03.904,4,0,0,0,67301,0,0,0,N,0,0,0,1,67301,1,,6,1,,N,N,,1,,0,0,1,0,0,,2150,1,2,0,0,0,0,0,3,4,0,2,3,,N,,,,,,,,,,,
2009100725,853.0,2,0,0,0,0,0,0,0,0,4,0,,67,9,2009,5,39.9643,-75.2464,850.0,6,0,0,0,0,0,0,0,0,,0,0,0,8,1,2,2,,0,39 57:51.442,,0,75 14:46.946,4,0,0,0,67301,0,0,0,N,0,0,0,3,67301,2,,1,1,,N,N,,0,,0,0,0,0,0,,849,2,2,0,0,1,0,0,3,4,0,2,3,,N,,,,,,,,,,,
2009025640,1304.0,1,0,0,0,0,0,0,0,0,5,1,,67,1,2009,4,40.0247,-75.0545,1303.0,6,0,0,0,0,0,0,0,0,2.0,0,1,0,12,1,0,1,,1,40 01:28.771,4.0,0,75 03:16.227,0,0,0,0,67301,0,0,0,N,0,0,0,2,67301,0,,1,1,,N,N,,0,,0,0,0,3,2,N,1250,0,2,0,0,0,0,0,3,4,0,2,3,,N,,,,,,,,,,,
2009028481,1410.0,1,0,0,0,0,0,1,0,0,5,1,,67,1,2009,6,40.0437,-75.1509,1405.0,6,0,0,0,0,0,0,0,0,,0,0,0,18,4,2,0,,0,40 02:37.240,,0,75 09:03.229,3,0,0,0,67301,2,0,0,N,0,0,0,3,67301,0,,1,1,,N,N,,0,,2,0,0,0,0,,1800,2,2,0,0,0,0,1,3,4,0,2,3,,N,,,,,,,,,,,
2009025621,1510.0,1,0,0,0,0,0,0,0,0,1,0,,67,1,2009,7,39.99,-75.1352,1457.0,6,0,0,0,0,0,0,0,1,1.0,0,0,0,99,1,0,0,,2,39 59:23.913,2.0,0,75 08:06.720,0,0,0,0,67301,0,0,0,N,0,0,0,4,67301,0,,1,1,,N,N,,0,,0,0,2,0,0,Y,9999,0,3,0,0,0,0,0,3,4,0,3,3,,N,,,,,,,,,,,
2009025887,1046.0,0,0,0,0,0,0,0,0,0,4,0,,67,1,2009,4,39.9962,-75.1723,1045.0,6,0,0,0,0,0,0,0,0,,0,1,0,10,1,2,2,,0,39 59:46.446,,0,75 10:20.402,4,0,0,0,67301,0,0,0,,0,0,0,3,67301,2,,1,1,,N,N,,0,,0,0,0,3,2,,1045,2,2,0,0,1,0,0,3,4,1,2,3,,N,,,,,,,,,,,
2009030012,1927.0,2,0,0,0,0,0,0,0,0,5,0,,67,2,2009,5,39.9218,-75.1498,1224.0,6,0,0,0,0,0,0,0,0,,0,0,0,19,3,3,1,,0,39 55:18.514,,0,75 08:59.227,3,0,0,0,67301,0,0,0,N,0,0,0,4,67301,2,,1,1,,N,N,,0,,1,0,1,3,2,,1919,3,3,0,0,1,0,0,3,4,0,3,3,,N,,,,,,,,,,,
2009032914,1436.0,2,0,0,0,0,0,0,0,0,1,0,,67,2,2009,6,39.9415,-75.1638,1435.0,6,0,0,0,1,0,0,0,0,,0,0,0,14,1,2,0,,0,39 56:29.533,,0,75 09:49.834,4,0,0,0,67301,0,0,0,,0,0,0,4,67301,2,,1,2,,,,,0,,0,0,0,0,0,,1435,2,2,0,0,0,0,0,3,4,0,2,98,,N,,,,,,,,,,,
2009025274,2316.0,2,0,0,0,0,0,0,0,0,1,0,,67,1,2009,3,40.0395,-75.1505,2315.0,6,0,0,0,0,0,0,0,0,,0,0,0,18,3,1,0,,0,40 02:22.261,,0,75 09:01.879,8,0,0,0,67301,0,0,0,N,0,0,0,3,67301,0,,1,1,,N,N,,0,,0,0,0,0,0,,1830,1,2,0,0,3,1,1,3,4,0,2,3,,N,,,,,,,,,,,
2009025370,5.0,2,0,0,0,0,0,0,0,0,2,0,,67,1,2009,1,40.0654,-75.1901,2356.0,6,0,0,0,0,0,0,0,0,,0,0,0,23,3,0,0,,0,40 03:55.341,,0,75 11:24.192,0,0,0,0,67301,0,0,0,N,0,0,0,1,67301,0,,1,1,,N,N,,0,,0,0,0,3,3,,2326,0,2,0,0,0,0,0,3,4,0,2,3,,N,,,,,,,,,,,
2009096777,1057.0,1,0,0,0,0,0,0,0,0,7,0,,67,9,2009,6,40.0337,-75.0202,1047.0,6,0,0,0,0,0,0,0,0,1.0,0,0,0,10,1,0,0,,1,40 02:02.040,2.0,0,75 01:12.360,0,0,0,0,67301,0,0,0,N,0,0,0,1,68K03,0,,3,1,,N,N,,0,,0,0,0,0,0,N,1043,0,1,0,0,0,0,0,3,4,0,1,3,,N,,,,,,,,,,,
2009109624,119.0,1,0,0,0,0,0,0,0,0,7,0,,67,10,2009,7,39.9815,-75.1018,109.0,6,0,0,0,0,0,0,1,0,,0,0,0,1,3,1,0,,0,39 58:53.852,,0,75 06:05.999,8,0,0,0,67301,0,0,0,Y,0,0,0,2,68K01,0,,7,9,,N,N,,0,,0,0,0,0,0,,108,1,1,0,0,0,1,0,3,4,0,1,7,,N,,,,,,,,,,,
2009081871,1710.0,1,0,0,0,0,0,1,0,0,5,1,,67,7,2009,3,40.0068,-75.15,1700.0,6,0,0,0,0,0,0,0,0,,0,0,0,16,1,1,0,,0,40 00:24.507,,0,75 09:00.016,4,0,0,0,67301,0,0,0,,0,0,0,2,67301,1,,6,1,,,,,0,,0,0,0,0,0,,1650,1,2,0,0,1,0,0,3,4,0,2,3,,N,,,,,,,,,,,
2009092431,1605.0,1,0,0,0,0,0,0,0,0,4,0,,67,9,2009,6,39.995,-75.2398,1557.0,6,0,0,0,0,0,1,0,0,,0,0,0,99,1,0,0,,0,39 59:43.965,,7,75 14:19.092,0,0,0,0,67301,0,0,0,N,0,0,0,2,46104,0,,1,9,,N,N,,1,,0,0,0,0,0,,9999,0,2,0,0,0,0,0,3,4,0,2,7,,N,,,,,,,,,,,
2009079522,1120.0,1,0,0,0,0,0,0,0,0,4,0,,67,7,2009,3,40.0272,-75.0989,1110.0,6,0,0,0,0,0,0,0,0,1.0,0,0,0,11,1,2,1,,1,40 01:38.505,1.0,0,75 05:56.834,4,0,0,0,67301,0,0,0,N,0,0,0,4,67301,2,,1,1,,N,N,,2,,0,0,0,3,2,N,1105,2,3,0,0,0,0,0,3,4,0,3,3,,N,,,,,,,,,,,
2009079887,433.0,0,0,0,0,0,0,0,0,0,7,0,,67,6,2009,5,39.9319,-75.1998,423.0,6,0,0,0,0,0,1,0,0,1.0,0,0,0,4,3,1,0,,1,39 55:56.866,4.0,0,75 12:00.062,4,0,0,0,67301,0,0,0,N,0,0,0,1,68K01,1,,3,9,,N,N,,0,,0,0,0,0,0,N,420,1,1,0,0,0,0,0,3,4,1,1,7,,N,,,,,,,,,,,
2009100622,315.0,2,0,0,0,0,0,0,0,0,5,0,,67,9,2009,2,39.9374,-75.1501,314.0,6,0,0,0,0,0,0,0,0,4.0,0,0,0,3,3,1,0,,2,39 56:14.766,2.0,0,75 09:00.316,4,0,0,0,67301,0,0,0,N,0,0,0,1,67301,1,,6,1,,N,N,,0,,0,0,1,0,0,Y,314,1,3,0,0,1,0,0,3,4,0,3,3,,N,,,,,,,,,,,
2009100677,1650.0,1,0,0,0,0,0,0,0,0,8,0,,67,9,2009,4,39.9483,-75.1558,1639.0,6,0,0,0,0,0,0,0,1,,0,0,0,16,1,1,1,,0,39 56:53.855,,0,75 09:20.749,4,0,0,0,67301,1,0,0,,1,0,0,2,67301,1,,1,1,,,,,0,,0,0,0,3,2,,1639,1,2,0,0,0,0,0,3,4,0,1,3,,N,,,,,,,,,,,
2009102581,1601.0,1,0,0,0,0,0,0,0,0,1,0,,67,10,2009,3,40.0021,-75.0783,1601.0,6,0,0,0,0,1,0,0,0,1.0,0,0,0,15,1,0,0,,1,40 00:08.023,1.0,0,75 04:41.445,0,0,0,0,67301,0,0,0,N,0,0,0,3,68K01,0,,1,1,,N,N,,0,,0,0,1,0,0,N,1555,0,2,0,0,0,0,0,3,4,0,2,3,,N,,,,,,,,,,,
2009100125,112.0,1,0,0,0,0,0,0,0,0,7,0,,67,9,2009,7,40.0134,-75.2053,107.0,6,0,0,0,0,0,0,0,0,,0,0,0,1,3,0,0,,0,40 00:48.103,,2,75 12:18.926,0,0,0,0,67301,0,0,0,N,0,0,0,1,67301,0,,2,9,,N,N,,0,,0,0,0,0,0,,105,0,1,0,0,0,0,0,3,4,0,1,7,,N,,,,,,,,,,,
2009044262,1045.0,2,0,0,0,0,0,0,0,0,4,0,,67,3,2009,4,39.9554,-75.2063,1030.0,6,0,0,0,0,0,0,1,0,,0,0,0,10,1,1,1,,0,39 57:19.274,,0,75 12:22.561,4,0,0,0,67301,0,0,0,N,0,0,0,2,67301,1,,1,9,,N,N,,0,,0,0,0,3,3,,1013,1,2,0,0,0,0,0,3,4,0,2,7,,N,,,,,,,,,,,
2009044284,1736.0,1,0,0,0,0,0,0,0,0,7,0,,67,3,2009,4,39.9445,-75.1421,1734.0,6,0,0,0,0,0,0,0,0,,0,0,0,17,3,1,2,,0,39 56:29.760,,0,75 08:32.640,4,0,0,0,67301,0,0,0,,0,0,0,1,67301,1,,5,1,,N,N,,0,,0,0,0,3,2,,1734,1,1,0,0,0,0,0,3,4,0,1,3,,N,,,,,,,,,,,
2009049394,1550.0,1,0,0,0,0,0,0,0,0,4,0,,67,4,2009,5,40.0577,-75.0625,1545.0,6,0,0,0,1,0,1,0,0,,0,0,0,14,1,1,1,,0,40 03:27.784,,0,75 03:44.866,4,0,0,0,67301,0,0,0,N,0,0,0,2,67301,1,,1,1,,N,N,,1,,0,0,0,3,3,,1435,1,2,0,0,0,0,0,3,4,0,2,3,,N,,,,,,,,,,,
2009049397,1447.0,2,0,0,0,0,0,0,0,0,1,0,,67,4,2009,1,,,1446.0,6,0,0,0,0,0,2,0,0,,0,0,0,14,1,1,0,,0,,,0,,4,0,0,0,67301,0,0,0,,0,0,0,3,67301,1,,1,1,,,,,1,,0,0,0,0,0,,1444,1,3,0,0,0,0,0,3,3,0,3,3,,N,,,,,,,,,,,
2009049425,937.0,1,0,0,0,0,0,0,0,0,3,0,,67,4,2009,4,39.9427,-75.1496,933.0,6,0,0,0,0,0,0,0,0,,0,0,0,99,1,0,0,,0,39 56:33.648,,0,75 08:58.534,0,0,0,0,67301,0,0,0,,0,0,0,2,67301,0,,1,1,,N,N,,1,,0,0,0,3,2,,9999,0,2,0,0,1,0,0,3,4,0,2,3,,N,,,,,,,,,,,
2009049428,2240.0,2,0,0,0,0,0,0,0,0,4,0,,67,2,2009,7,39.985,-75.1068,2236.0,6,0,0,0,0,1,0,0,0,1.0,0,0,0,22,3,2,1,,1,39 59:06.043,3.0,0,75 06:24.533,4,0,0,0,67301,0,0,0,,0,0,0,4,67301,2,,1,1,,,,,0,,0,0,0,2,2,N,2200,2,2,0,0,0,0,0,3,4,0,2,3,,N,,,,,,,,,,,
2009048791,710.0,2,0,0,0,0,0,0,0,0,4,0,,67,3,2009,3,39.9409,-75.2126,700.0,6,0,0,0,0,0,0,0,0,,0,0,0,6,1,1,2,,0,39 56:27.112,,0,75 12:45.004,4,0,0,0,67301,0,0,0,N,0,0,0,2,67301,1,,1,1,,N,N,,0,,0,0,0,3,2,,645,1,2,0,0,2,0,0,3,4,0,2,3,,N,,,,,,,,,,,
2009124849,525.0,1,0,0,0,0,0,0,0,0,7,0,,67,11,2009,3,40.0367,-75.1738,520.0,6,0,0,0,0,0,0,0,0,,0,0,0,5,3,0,0,,0,40 02:12.249,,0,75 10:25.550,9,0,0,0,67301,0,0,0,N,0,0,0,1,67301,0,,5,1,,N,N,,0,,0,0,0,0,0,,520,0,1,0,0,0,0,1,3,4,0,1,3,,N,,,,,,,,,,,
2009124948,1730.0,2,0,0,0,0,0,0,0,0,5,0,,67,11,2009,2,39.9758,-75.1584,1725.0,6,0,0,0,0,0,0,0,0,,0,0,0,17,3,0,1,,0,39 58:33.009,,0,75 09:30.309,0,0,0,0,67301,0,0,0,N,0,0,0,2,67301,0,,1,1,,N,N,,0,,0,0,0,3,2,,1725,0,2,0,0,0,0,0,3,4,0,2,3,,N,,,,,,,,,,,
2009125054,105.0,3,0,0,0,0,0,0,0,0,5,0,,67,11,2009,2,39.9314,-75.1682,58.0,6,0,0,0,0,0,0,0,0,,0,0,0,0,3,0,0,,0,39 55:52.914,,0,75 10:05.590,9,0,0,0,67301,0,0,0,N,0,0,0,1,67301,0,,6,1,,N,N,,0,,0,0,0,0,0,,50,0,3,0,0,0,0,1,3,4,0,3,3,,N,,,,,,,,,,,
2009038955,1514.0,1,0,0,0,0,0,0,0,0,1,0,,67,2,2009,3,40.0119,-75.2049,1439.0,6,0,0,1,0,0,0,0,0,,0,0,0,14,1,0,7,,0,40 00:46.292,,2,75 12:16.185,0,0,0,0,67301,0,0,0,N,0,0,0,3,67301,0,,1,1,,N,N,,0,,0,0,0,0,0,,1439,0,2,0,0,0,0,0,3,4,0,2,3,,N,,,,,,,,,,,