CRN,ARRIVAL_TM,AUTOMOBILE_COUNT,BELTED_DEATH_COUNT,BELTED_SUSP_SERIOUS_INJ_COUNT,BICYCLE_COUNT,BICYCLE_DEATH_COUNT,BICYCLE_SUSP_SERIOUS_INJ_COUNT,BUS_COUNT,CHLDPAS_DEATH_COUNT,CHLDPAS_SUSP_SERIOUS_INJ_COUNT,COLLISION_TYPE,COMM_VEH_COUNT,CONS_ZONE_SPD_LIM,COUNTY,CRASH_MONTH,CRASH_YEAR,DAY_OF_WEEK,DEC_LAT,DEC_LONG,DISPATCH_TM,DISTRICT,DRIVER_COUNT_16YR,DRIVER_COUNT_17YR,DRIVER_COUNT_18YR,DRIVER_COUNT_19YR,DRIVER_COUNT_20YR,DRIVER_COUNT_50_64YR,DRIVER_COUNT_65_74YR,DRIVER_COUNT_75PLUS,EST_HRS_CLOSED,FATAL_COUNT,HEAVY_TRUCK_COUNT,HORSE_BUGGY_COUNT,HOUR_OF_DAY,ILLUMINATION,INJURY_COUNT,INTERSECT_TYPE,INTERSECTION_RELATED,LANE_CLOSED,LATITUDE,LN_CLOSE_DIR,LOCATION_TYPE,LONGITUDE,MAX_SEVERITY_LEVEL,MCYCLE_DEATH_COUNT,MCYCLE_SUSP_SERIOUS_INJ_COUNT,MOTORCYCLE_COUNT,MUNICIPALITY,NONMOTR_COUNT,NONMOTR_DEATH_COUNT,NONMOTR_SUSP_SERIOUS_INJ_COUNT,NTFY_HIWY_MAINT,PED_COUNT,PED_DEATH_COUNT,PED_SUSP_SERIOUS_INJ_COUNT,PERSON_COUNT,POLICE_AGCY,POSSIBLE_INJ_COUNT,RDWY_SURF_TYPE_CD,RELATION_TO_ROAD,ROAD_CONDITION,ROADWAY_CLEARED,SCH_BUS_IND,SCH_ZONE_IND,SECONDARY_CRASH,SMALL_TRUCK_COUNT,SPEC_JURIS_CD,SUSP_MINOR_INJ_COUNT,SUSP_SERIOUS_INJ_COUNT,SUV_COUNT,TCD_FUNC_CD,TCD_TYPE,TFC_DETOUR_IND,TIME_OF_DAY,TOT_INJ_COUNT,TOTAL_UNITS,UNB_DEATH_COUNT,UNB_SUSP_SERIOUS_INJ_COUNT,UNBELTED_OCC_COUNT,UNK_INJ_DEG_COUNT,UNK_INJ_PER_COUNT,URBAN_AREA,URBAN_RURAL,VAN_COUNT,VEHICLE_COUNT,WEATHER1,WEATHER2,WORK_ZONE_IND,WORK_ZONE_LOC,WORK_ZONE_TYPE,WORKERS_PRES,WZ_CLOSE_DETOUR,WZ_FLAGGER,WZ_LAW_OFFCR_IND,WZ_LN_CLOSURE,WZ_MOVING,WZ_OTHER,WZ_SHLDER_MDN,WZ_WORKERS_INJ_KILLED
2009038965,904.0,2,0,0,0,0,0,0,0,0,1,0,,67,2,2009,4,39.9513,-75.2206,900.0,6,0,0,0,0,0,0,0,0,2.0,0,0,0,8,1,2,1,,2,39 57:04.626,6.0,0,75 13:14.246,4,0,0,0,67301,0,0,0,N,0,0,0,2,67301,2,,1,1,,N,N,,1,,0,0,0,3,3,Y,854,2,4,0,0,0,0,0,3,4,1,4,3,,N,,,,,,,,,,,
2009120255,213.0,1,0,0,0,0,0,0,0,0,1,0,,67,10,2009,5,40.0667,-75.0273,210.0,6,0,0,0,0,0,0,0,0,,0,0,0,99,3,0,0,,0,40 04:00.232,,0,75 01:38.192,0,0,0,0,67301,0,0,0,,0,0,0,1,67301,0,,4,1,,N,N,,0,,0,0,0,0,0,,9999,0,2,0,0,0,0,0,3,4,1,2,3,,N,,,,,,,,,,,
2009048600,1050.0,0,0,0,0,0,0,0,0,0,7,0,,67,3,2009,2,39.9946,-75.1643,1046.0,6,0,0,0,0,0,0,0,0,,0,0,0,10,1,0,3,,0,39 59:40.591,,0,75 09:51.445,0,0,0,0,67301,0,0,0,N,0,0,0,1,67301,0,,4,7,,N,N,,0,,0,0,1,0,0,,1037,0,1,0,0,0,0,0,3,4,0,1,10,,N,,,,,,,,,,,
2009125078,300.0,1,0,0,0,0,0,0,0,0,4,0,,67,11,2009,4,39.9295,-75.2434,254.0,6,0,0,0,0,0,0,0,0,,0,0,0,2,6,3,0,,0,39 55:46.217,,0,75 14:36.093,8,0,0,0,67301,0,0,0,N,0,0,0,4,67301,0,,7,1,,N,N,,0,,0,0,1,3,3,,253,3,2,0,0,1,3,1,3,4,0,2,3,,N,,,,,,,,,,,
2009048944,651.0,1,0,0,0,0,0,0,0,0,7,0,,67,4,2009,6,40.0654,-75.1978,651.0,6,0,0,0,0,0,1,0,0,,0,0,0,6,1,0,2,,0,40 03:55.530,,0,75 11:52.187,0,0,0,0,67301,0,0,0,N,0,0,0,1,67301,0,,4,9,,N,N,,0,,0,0,0,0,0,,650,0,2,0,0,0,0,0,3,4,0,1,7,,N,,,,,,,,,,,
2009048991,646.0,2,0,0,0,0,0,0,0,0,4,0,,67,4,2009,2,39.9893,-75.1673,640.0,6,0,0,0,0,0,1,0,0,,0,0,0,99,4,2,1,,0,39 59:21.637,,0,75 10:02.178,4,0,0,0,67301,0,0,0,N,0,0,0,3,67301,2,,1,9,,N,N,,0,,0,0,0,0,0,,9999,2,2,0,0,0,0,0,3,4,0,2,7,,N,,,,,,,,,,,
2009044031,2255.0,1,0,0,0,0,0,0,0,0,8,0,,67,3,2009,6,40.0347,-75.0287,2250.0,6,0,0,0,0,0,0,0,0,,0,0,0,22,3,1,2,,0,40 02:04.887,,0,75 01:43.456,8,0,0,0,67301,1,0,0,,1,0,0,2,67301,0,,1,1,,,,,0,,0,0,0,0,0,,2250,1,2,0,0,0,1,0,3,4,0,1,3,,N,,,,,,,,,,,
2009044032,250.0,1,0,0,0,0,0,0,0,0,7,0,,67,3,2009,7,40.0275,-75.092,240.0,6,0,0,0,0,0,0,0,0,3.0,0,0,0,2,3,1,0,,2,40 01:38.532,1.0,0,75 05:31.593,8,0,0,0,67301,0,0,0,,0,0,0,1,67301,0,,4,1,,,,,0,,0,0,0,0,0,N,240,1,1,0,0,0,1,0,3,4,0,1,3,,N,,,,,,,,,,,
2009049272,9999.0,2,0,0,0,0,0,0,0,0,5,0,,67,3,2009,5,39.9053,-75.1736,1612.0,6,0,0,0,1,0,0,0,0,,0,0,0,99,1,0,0,,0,39 54:19.501,,0,75 10:24.817,0,0,0,0,67301,0,0,0,,0,0,0,6,67301,0,,1,1,,,,,0,,0,0,0,0,0,,9999,0,2,0,0,6,0,0,3,4,0,2,3,,N,,,,,,,,,,,
2009044179,1614.0,1,0,0,0,0,0,0,0,0,8,0,,67,3,2009,5,40.1235,-75.0154,1612.0,6,0,0,0,0,0,0,0,0,1.0,0,0,0,14,1,1,1,,2,40 07:24.879,2.0,0,75 00:55.667,3,0,0,0,67301,1,0,0,,1,0,0,2,67301,0,,1,1,,,,,0,,1,0,0,3,2,Y,1410,1,2,0,0,0,0,0,3,4,0,1,3,,N,,,,,,,,,,,
2009025995,2200.0,3,0,0,0,0,0,0,0,0,4,0,,67,1,2009,1,40.0151,-75.1359,2159.0,6,0,0,0,2,0,0,0,0,,0,0,0,21,3,1,1,,0,40 00:54.471,,0,75 08:09.164,4,0,0,0,67301,0,0,0,N,0,0,0,6,67301,1,,1,1,,N,N,,0,,0,0,0,0,0,,2158,1,3,0,0,0,0,0,3,4,0,3,3,,N,,,,,,,,,,,
2009026036,1140.0,2,0,0,0,0,0,0,0,0,4,0,,67,1,2009,1,40.0434,-75.0365,1149.0,6,0,0,0,0,0,0,1,0,,0,0,0,11,1,4,2,,0,40 02:36.391,,0,75 02:11.396,3,0,0,0,67301,0,0,0,N,0,0,0,4,67301,1,,1,9,,N,N,,0,,3,0,0,9,2,,1137,4,2,0,0,0,0,0,3,4,0,2,3,,N,,,,,,,,,,,
2009050890,1820.0,0,0,0,0,0,0,0,0,0,8,0,,67,1,2009,2,39.924,-75.1477,1815.0,6,0,0,0,0,0,0,0,0,,0,0,0,8,3,1,2,,0,39 55:26.427,,0,75 08:51.613,3,0,0,0,67301,1,0,0,N,1,0,0,2,67301,0,,1,1,,,N,,0,,1,0,1,3,3,,810,1,2,0,0,0,0,1,3,4,0,1,3,,N,,,,,,,,,,,
2009107875,2148.0,3,0,0,0,0,0,0,0,0,1,0,,67,10,2009,6,39.9584,-75.1671,2140.0,6,0,0,0,0,0,0,0,0,,0,0,0,21,3,0,0,,0,39 57:30.288,,0,75 10:01.446,9,0,0,0,67301,0,0,0,N,0,0,0,4,68K01,0,,1,9,,N,N,,0,,0,0,0,0,0,,2135,0,3,0,0,0,0,1,3,4,0,3,7,,N,,,,,,,,,,,
2009100720,1644.0,1,0,0,0,0,0,0,0,0,4,0,,67,9,2009,6,40.0253,-75.1676,1642.0,6,0,0,0,0,1,1,0,0,,0,0,0,16,1,2,1,,0,40 01:31.318,,0,75 10:03.452,4,0,0,0,67301,0,0,0,N,0,0,0,4,67301,2,,1,9,,N,N,,1,,0,0,0,3,2,,1630,2,2,0,0,0,0,0,3,4,0,2,7,,N,,,,,,,,,,,
2009100721,1305.0,1,0,0,0,0,0,0,0,0,7,0,,67,9,2009,4,40.0047,-75.1785,1300.0,6,0,0,0,0,0,0,1,0,,0,0,0,12,1,1,0,,0,40 00:16.812,,0,75 10:42.700,4,0,0,0,67301,0,0,0,N,0,0,0,1,67301,1,,5,9,,N,N,,0,,0,0,0,0,0,,1255,1,1,0,0,0,0,0,3,4,0,1,7,,N,,,,,,,,,,,
2009100743,710.0,2,0,0,0,0,0,0,0,0,5,0,,67,9,2009,6,40.0256,-75.1244,658.0,6,0,0,0,0,0,0,0,0,,0,0,0,6,1,1,0,,0,40 01:32.302,,6,75 07:27.943,8,0,0,0,67301,0,0,0,N,0,0,0,2,67301,0,,1,9,,N,N,,0,,0,0,0,3,4,,645,1,2,0,0,0,1,0,3,4,0,2,7,,N,,,,,,,,,,,
2009100762,2240.0,1,0,0,0,0,0,0,0,0,8,0,,67,9,2009,3,39.993,-75.1597,2236.0,6,0,0,0,0,0,0,0,0,,0,0,0,22,3,1,1,,0,39 59:34.764,,0,75 09:35.009,4,0,0,0,67301,1,0,0,,1,0,0,2,67301,1,,1,1,,,,,0,,0,0,0,3,2,,2230,1,2,0,0,0,0,0,3,4,0,1,3,,N,,,,,,,,,,,
2009100786,2357.0,3,0,0,0,0,0,0,0,0,4,0,,67,9,2009,6,39.9769,-75.1318,2352.0,6,0,0,0,1,0,0,0,0,,0,0,0,23,3,3,1,,0,39 58:36.668,,0,75 07:54.383,3,0,0,0,67301,0,0,0,N,0,0,0,4,67301,0,,1,9,,N,N,,0,,3,0,1,3,3,,2305,3,4,0,0,0,0,0,3,4,0,4,7,,N,,,,,,,,,,,
2009095410,1441.0,1,0,0,0,0,0,0,0,0,6,0,,67,9,2009,1,40.0354,-75.166,1430.0,6,0,0,0,0,0,1,0,0,,0,0,0,14,1,1,1,,0,40 02:07.411,,0,75 09:57.715,8,0,0,0,67301,0,0,0,N,0,0,0,2,67301,0,,1,1,,N,N,,0,,0,0,0,0,0,,1428,1,2,0,0,0,1,1,3,4,1,2,3,,N,,,,,,,,,,,
2009132552,1833.0,3,0,0,0,0,0,0,0,0,5,0,,67,12,2009,4,40.0082,-75.2032,1830.0,6,0,0,0,0,0,1,0,1,1.0,0,0,0,18,3,1,0,,1,40 00:29.345,3.0,0,75 12:10.598,4,0,0,0,67301,0,0,0,N,0,0,0,5,68K01,1,,1,1,,N,N,,0,,0,0,0,0,0,N,1820,1,3,0,0,0,0,0,3,4,0,3,3,,N,,,,,,,,,,,
2009108304,1841.0,1,0,0,0,0,0,0,0,0,1,0,,67,10,2009,2,40.0415,-75.0046,1837.0,6,0,0,0,0,0,0,0,1,1.0,0,0,0,18,3,0,0,,1,40 02:29.400,2.0,0,75 00:16.200,0,0,0,0,67301,0,0,0,N,0,0,0,2,68K01,0,,1,1,,N,N,,0,,0,0,1,0,0,N,1830,0,2,0,0,0,0,0,3,4,0,2,3,,N,,,,,,,,,,,
2009108305,1921.0,1,0,0,0,0,0,0,0,0,1,0,,67,10,2009,2,40.0083,-75.0709,1919.0,6,0,0,0,0,0,0,0,0,,0,0,0,19,3,1,0,,0,40 00:29.588,,0,75 04:15.733,8,0,0,0,67301,0,0,0,N,0,0,0,4,68K01,0,,1,1,,N,N,,0,,0,0,1,0,0,,1918,1,2,0,0,0,1,0,3,4,0,2,3,,N,,,,,,,,,,,
2009107384,640.0,0,0,0,0,0,0,0,0,0,7,0,,67,9,2009,3,40.0255,-75.0399,638.0,6,0,0,0,0,0,0,0,0,1.0,0,0,0,6,1,1,0,,1,40 01:31.673,1.0,0,75 02:23.733,8,0,0,0,67301,0,0,0,N,0,0,0,1,67301,0,,2,1,,N,N,,1,,0,0,0,0,0,N,635,1,1,0,0,1,1,0,3,4,0,1,3,,N,,,,,,,,,,,
2009079515,200.0,1,0,0,0,0,0,0,0,0,7,0,,67,6,2009,7,39.9956,-75.1915,0.0,6,0,0,0,0,0,0,0,0,,0,0,0,1,3,0,0,,0,39 59:44.287,,0,75 11:29.439,0,0,0,0,67301,0,0,0,,0,0,0,1,67301,0,,5,1,,,,,0,,0,0,0,0,0,,158,0,1,0,0,0,0,0,3,4,0,1,3,,N,,,,,,,,,,,
2009079534,1450.0,1,0,0,1,0,0,0,0,0,4,0,,67,7,2009,7,40.0496,-75.0582,1450.0,6,0,0,0,1,0,0,0,0,,0,0,0,14,1,1,2,,0,40 02:58.613,,0,75 03:29.519,4,0,0,0,67301,1,0,0,,0,0,0,3,67301,1,,1,1,,,,,0,,0,0,0,2,2,,1450,1,2,0,0,0,0,0,3,4,0,1,3,,N,,,,,,,,,,,
2009079912,138.0,2,0,0,0,0,0,0,0,0,1,0,,67,7,2009,6,39.9574,-75.1804,136.0,6,0,0,0,0,0,0,0,0,,0,0,0,1,3,2,0,,0,39 57:32.010,,0,75 10:50.077,3,0,0,0,67301,0,0,0,N,0,0,0,2,68K01,0,,1,1,,N,N,,0,,2,0,0,0,0,,128,2,2,0,0,0,0,0,3,4,0,2,3,,N,,,,,,,,,,,
2009102586,226.0,1,0,0,0,0,0,0,0,0,7,0,,67,10,2009,5,39.9894,-75.2064,222.0,6,0,0,0,0,0,0,0,0,,0,0,0,2,3,0,0,,0,39 59:24.720,,0,75 12:19.800,0,0,0,0,67301,0,0,0,N,0,0,0,1,68K01,0,,4,1,,N,N,,0,,0,0,0,0,0,,221,0,1,0,0,1,0,0,3,4,0,1,3,,N,,,,,,,,,,,
2009044290,1837.0,1,0,0,0,0,0,0,0,0,6,0,,67,3,2009,3,40.0333,-75.1046,1835.0,6,0,0,0,0,0,0,0,0,,0,0,0,18,1,4,1,,0,40 02:00.034,,0,75 06:16.401,4,0,0,0,67301,0,0,0,,0,0,0,5,67301,2,,1,1,,,,,0,,0,0,1,3,3,,1830,4,3,0,0,0,2,0,3,4,1,3,3,,N,,,,,,,,,,,
2009049509,2052.0,0,0,0,0,0,0,0,0,0,8,0,,67,4,2009,7,40.0074,-75.0762,2052.0,6,0,0,0,0,0,0,0,0,,0,0,0,20,6,1,0,,0,40 00:26.550,,0,75 04:34.150,4,0,0,0,67301,1,0,0,N,1,0,0,2,67301,1,,1,1,,N,N,,0,,0,0,1,0,0,,2042,1,2,0,0,0,0,1,3,4,0,1,3,,N,,,,,,,,,,,
2009026314,445.0,1,0,0,0,0,0,0,0,0,4,0,,67,1,2009,3,39.9675,-75.202,440.0,6,0,0,0,0,0,0,0,0,1.0,0,0,0,4,3,2,1,,2,39 58:03.050,7.0,0,75 12:07.052,8,0,0,0,67301,0,0,0,N,0,0,0,2,67301,0,,1,1,,N,N,,0,,0,0,1,0,0,Y,435,2,2,0,0,1,2,0,3,4,0,2,3,,N,,,,,,,,,,,
2009049390,1015.0,1,0,0,0,0,0,0,0,0,8,0,,67,3,2009,6,40.0276,-75.0962,1004.0,6,0,0,0,0,0,1,0,0,,0,0,0,10,1,2,1,,0,40 01:39.432,,0,75 05:46.337,3,0,0,0,67301,1,0,0,,1,0,0,2,67301,0,,1,1,,N,N,,0,,1,0,0,0,0,,1000,2,2,0,0,0,1,0,3,4,0,1,3,,N,,,,,,,,,,,
2009049470,1616.0,1,0,0,0,0,0,0,0,0,8,0,,67,3,2009,3,40.0158,-75.084,1615.0,6,0,0,0,0,0,0,0,0,,0,0,0,16,1,1,1,,0,40 00:56.800,,0,75 05:02.255,4,0,0,0,67301,1,0,0,N,1,0,0,3,67301,1,,1,1,,N,N,,0,,0,0,0,3,3,,1614,1,2,0,0,0,0,0,3,4,0,1,3,,N,,,,,,,,,,,
2009046861,1147.0,1,0,0,0,0,0,1,0,0,4,1,,67,3,2009,7,40.0299,-75.0875,1142.0,6,0,0,0,0,0,0,0,0,,0,0,0,11,1,1,1,,0,40 01:47.863,,0,75 05:14.656,4,0,0,0,67301,0,0,0,N,0,0,0,2,67301,1,,1,1,,N,N,,0,,0,0,0,3,2,,1140,1,2,0,0,0,0,0,3,4,0,2,3,,N,,,,,,,,,,,
2009036195,1234.0,1,0,0,0,0,0,0,0,0,1,0,,67,3,2009,2,40.0292,-75.0224,1220.0,6,0,0,0,0,0,0,1,0,2.0,0,0,0,12,1,1,0,,1,40 01:36.288,1.0,0,75 01:33.314,8,0,0,0,67301,0,0,0,N,0,0,0,2,68K01,0,,1,1,,N,N,,0,,0,0,0,0,0,N,1214,1,2,0,0,0,1,0,3,4,1,2,3,,N,,,,,,,,,,,
2009124949,720.0,0,0,0,0,0,0,1,0,0,8,1,99.0,67,11,2009,3,39.9796,-75.1711,717.0,6,0,0,0,0,0,1,0,0,9.0,0,0,0,7,1,1,1,,2,39 58:46.522,3.0,0,75 10:15.895,4,0,0,0,67301,1,0,0,Y,1,0,0,2,67301,1,,1,1,,N,N,,0,,0,0,0,3,2,Y,715,1,2,0,0,0,0,0,3,4,0,1,3,,Y,8.0,8.0,U,,,U,,,,,
2009048658,206.0,2,0,0,0,0,0,0,0,0,4,0,,67,4,2009,6,39.9607,-75.1926,205.0,6,0,0,0,0,0,0,0,0,,0,0,0,2,3,1,1,,0,39 57:38.354,,0,75 11:33.417,8,0,0,0,67301,0,0,0,N,0,0,0,4,67301,0,,1,1,,N,N,,0,,0,0,0,2,3,,200,1,2,0,0,0,1,0,3,4,0,2,3,,N,,,,,,,,,,,
2009044002,1237.0,2,0,0,0,0,0,0,0,0,4,0,,67,3,2009,7,39.9212,-75.1452,1237.0,6,0,0,0,0,0,0,0,0,,0,0,0,12,1,1,1,,0,39 55:16.366,,0,75 08:42.756,4,0,0,0,67301,0,0,0,N,0,0,0,4,67301,1,,1,1,,N,N,,0,,0,0,0,3,3,,1236,1,2,0,0,0,0,0,3,4,0,2,3,,N,,,,,,,,,,,
2009026311,2030.0,2,0,0,0,0,0,0,0,0,4,0,,67,1,2009,5,40.027,-75.0755,2018.0,6,0,0,0,0,0,1,0,0,,0,0,0,20,3,0,1,,0,40 01:37.483,,0,75 04:31.962,0,0,0,0,67301,0,0,0,,0,0,0,3,67301,0,,1,1,,,,,0,,0,0,0,3,2,,2020,0,2,0,0,0,0,0,3,4,0,2,3,,N,,,,,,,,,,,
2009049281,836.0,1,0,0,0,0,0,0,0,0,8,0,,67,4,2009,2,40.0224,-75.0781,832.0,6,0,0,0,0,0,0,0,0,1.0,0,0,0,8,1,1,1,,2,40 01:20.463,1.0,0,75 04:41.286,3,0,0,0,67301,1,0,0,N,1,0,0,2,67301,0,,1,1,,N,N,,0,,1,0,0,3,2,Y,830,1,2,0,0,0,0,0,3,4,0,1,3,,N,,,,,,,,,,,
2009040328,318.0,2,0,0,0,0,0,1,0,0,5,1,,67,2,2009,2,39.952,-75.1626,316.0,6,0,1,0,0,0,1,0,0,3.0,0,0,0,3,3,5,2,,2,39 57:07.268,1.0,0,75 09:45.490,3,0,0,0,67301,0,0,0,,0,0,0,6,67301,2,,1,1,,Y,,,0,,2,0,0,3,2,Y,314,5,3,0,0,0,1,0,3,4,0,3,3,,N,,,,,,,,,,,
2009026030,1421.0,1,0,0,0,0,0,0,0,0,4,0,,67,1,2009,7,39.936,-75.1689,1417.0,6,0,0,0,0,0,0,0,0,,0,0,0,14,1,1,1,,0,39 56:09.488,,0,75 10:08.043,8,0,0,0,67301,0,0,0,N,0,0,0,3,67301,0,,1,1,,N,N,,0,,0,0,1,3,3,,1417,1,2,0,0,0,1,0,3,4,0,2,3,,N,,,,,,,,,,,
2009026097,452.0,4,0,0,0,0,0,0,0,0,6,0,,67,1,2009,1,39.9432,-75.1618,451.0,6,0,0,0,0,0,0,0,0,1.0,0,0,0,4,3,1,1,,1,39 56:35.469,2.0,0,75 09:42.407,8,0,0,0,67301,0,0,0,,0,0,0,2,67301,0,,1,9,,N,N,,0,,0,0,0,3,2,N,452,1,5,0,0,0,1,1,3,4,1,5,98,,N,,,,,,,,,,,
2009048235,1327.0,1,0,0,0,0,0,0,0,0,7,0,,67,5,2009,7,39.968,-75.1297,1321.0,6,0,0,0,0,1,0,0,0,,0,0,0,13,1,0,7,,0,39 58:00.714,,2,75 08:02.349,0,0,0,0,67301,0,0,0,N,0,0,0,1,68K01,0,,2,1,,N,N,,0,,0,0,0,0,0,,1316,0,1,0,0,0,0,0,3,4,0,1,3,,N,,,,,,,,,,,
2009105796,1556.0,2,0,0,0,0,0,0,0,0,4,0,,67,8,2009,5,40.008,-75.1916,1556.0,6,0,0,0,0,0,0,0,0,,0,0,0,15,1,0,1,,0,40 00:28.682,,0,75 11:29.829,0,0,0,0,67301,0,0,0,,0,0,0,2,67301,0,,7,9,,N,N,,0,,0,0,0,1,2,,1554,0,2,0,0,0,0,0,3,4,0,2,7,,N,,,,,,,,,,,
2009105845,2315.0,2,0,0,0,0,0,0,0,0,1,0,,67,10,2009,6,40.0278,-75.0986,2258.0,6,0,0,0,1,0,0,0,0,,0,0,0,22,3,0,1,,0,40 01:40.095,,0,75 05:55.134,9,0,0,0,67301,0,0,0,,0,0,0,3,67301,0,,1,1,,,,,0,,0,0,0,3,2,,2258,0,2,0,0,0,0,1,3,4,0,2,3,,N,,,,,,,,,,,
2009105849,1435.0,1,0,0,0,0,0,0,0,0,8,0,,67,10,2009,6,39.9819,-75.239,1435.0,6,0,0,0,0,0,0,1,0,,0,0,0,14,1,1,1,,0,39 58:54.974,,0,75 14:20.357,4,0,0,0,67301,1,0,0,,1,0,0,2,67301,1,,1,1,,N,N,,0,,0,0,0,3,2,,1435,1,2,0,0,0,0,0,3,4,0,1,3,,N,,,,,,,,,,,
2009105853,2011.0,0,0,0,0,0,0,0,0,0,8,0,,67,9,2009,5,39.9566,-75.2098,2007.0,6,0,0,0,0,0,0,0,0,,0,0,0,20,4,1,1,,0,39 57:23.632,,0,75 12:35.044,8,0,0,0,67301,1,0,0,N,1,0,0,2,67301,0,,1,1,,N,N,,0,,0,0,0,3,2,,2007,1,2,0,0,0,1,0,3,4,0,1,3,,N,,,,,,,,,,,
2009105899,1725.0,0,0,0,0,0,0,0,0,0,8,0,,67,9,2009,4,40.0106,-75.1812,1725.0,6,0,0,0,0,0,0,0,0,,0,0,0,22,3,1,0,,0,40 00:38.256,,0,75 10:52.275,3,0,0,0,67301,1,0,0,,1,0,0,2,67301,0,,1,1,,N,N,,1,,1,0,0,0,0,,2200,1,2,0,0,0,0,0,3,4,0,1,3,,N,,,,,,,,,,,
2009101020,1607.0,0,0,0,0,0,0,0,0,0,6,0,,67,9,2009,6,,,1600.0,6,0,0,0,0,0,1,0,0,1.0,0,0,0,16,1,4,0,,2,,5.0,0,,8,0,0,0,67301,0,0,0,N,0,0,0,4,67301,0,,1,9,,N,N,,0,,0,0,2,0,0,Y,1600,4,2,0,0,0,4,0,3,3,0,2,7,,N,,,,,,,,,,,
2009100002,756.0,2,0,0,0,0,0,0,0,0,1,0,,67,9,2009,3,39.9807,-75.1888,750.0,6,0,0,0,0,0,0,0,0,2.0,0,0,0,7,1,2,0,,1,39 58:50.671,2.0,0,75 11:19.663,8,0,0,0,67301,0,0,0,N,0,0,0,2,67301,0,,1,1,,N,N,,0,,0,0,0,0,0,N,747,2,2,0,0,0,2,0,3,4,0,2,3,,N,,,,,,,,,,,
2009105683,1735.0,1,0,0,0,0,0,0,0,0,1,0,,67,9,2009,5,40.0922,-74.9818,1728.0,6,0,0,0,0,0,0,0,0,,0,0,0,17,1,4,0,,0,40 05:31.892,,0,74 58:54.509,8,0,0,0,67301,0,0,0,N,0,0,0,5,67301,0,,1,1,,N,N,,1,,0,0,1,0,0,,1727,4,3,0,0,0,4,0,3,4,0,3,3,,N,,,,,,,,,,,
2009030808,1300.0,1,0,0,0,0,0,0,0,0,1,0,,67,1,2009,4,40.0154,-75.1351,1256.0,6,0,0,0,0,0,0,0,0,,0,0,0,12,1,1,0,,0,40 00:55.533,,0,75 08:06.316,8,0,0,0,67301,1,0,0,,0,0,0,2,67301,0,,2,9,,,,,1,,0,0,0,0,0,,1250,1,2,0,0,0,1,0,3,4,0,2,3,,N,,,,,,,,,,,
2009025805,2035.0,1,0,0,0,0,0,0,0,0,4,0,,67,1,2009,6,40.0383,-75.0754,2032.0,6,0,0,0,0,0,0,0,0,1.0,0,0,0,20,3,0,2,,1,40 02:17.896,6.0,0,75 04:31.313,0,0,0,0,67301,0,0,0,,0,0,0,2,67301,0,,1,1,,,,,0,,0,0,1,3,2,N,2020,0,2,0,0,0,0,0,3,4,0,2,3,,N,,,,,,,,,,,
2009025813,1832.0,2,0,0,0,0,0,0,0,0,1,0,,67,1,2009,1,39.9752,-75.1211,1830.0,6,0,0,0,0,0,1,0,0,,0,0,0,18,3,1,1,,0,39 58:34.465,,0,75 07:11.128,4,0,0,0,67301,0,0,0,,0,0,0,3,67301,1,,1,1,,N,,,0,,0,0,0,3,2,,1830,1,2,0,0,0,0,0,3,4,0,2,3,,N,,,,,,,,,,,
2009030180,304.0,0,0,0,0,0,0,0,0,0,7,0,,67,2,2009,6,40.0526,-75.0502,301.0,6,0,0,0,0,0,0,0,0,1.0,0,0,0,3,2,0,0,,1,40 03:09.481,1.0,0,75 03:00.602,0,0,0,0,67301,0,0,0,Y,0,0,0,1,67301,0,,3,2,,N,N,,1,,0,0,0,0,0,N,301,0,1,0,0,0,0,0,3,4,0,1,3,,N,,,,,,,,,,,
2009030258,1643.0,2,0,0,0,0,0,0,0,0,1,0,,67,2,2009,7,,,1643.0,6,0,0,0,0,0,1,0,0,,0,0,0,16,1,1,0,,0,,,0,,8,0,0,0,67301,0,0,0,N,0,0,0,5,67501,0,,1,1,,N,N,,0,,0,0,0,0,0,,1643,1,2,0,0,0,1,0,3,3,0,2,3,,N,,,,,,,,,,,
2009018105,539.0,1,0,0,0,0,0,0,0,0,7,0,,67,1,2009,4,40.0096,-75.0655,531.0,6,0,0,0,0,0,0,0,0,1.0,0,0,0,5,3,0,0,,1,40 00:34.920,1.0,0,75 03:52.920,0,0,0,0,67301,0,0,0,N,0,0,0,1,68K01,0,,2,1,,N,N,,0,,0,0,0,0,0,N,520,0,1,0,0,0,0,0,3,4,0,1,3,,N,,,,,,,,,,,
2009023228,802.0,1,0,0,0,0,0,0,0,0,1,0,,67,2,2009,2,39.9769,-75.1984,758.0,6,0,0,0,0,0,0,0,0,,0,0,0,7,1,0,0,,0,39 58:37.748,,0,75 11:59.001,0,0,0,0,67301,0,0,0,N,0,0,0,2,68K01,0,,1,1,,N,N,,0,,0,0,1,0,0,,755,0,2,0,0,0,0,0,3,4,0,2,3,,N,,,,,,,,,,,
2009032608,1803.0,1,0,0,0,0,0,0,0,0,8,0,,67,2,2009,6,39.9664,-75.1794,1800.0,6,0,0,0,0,0,1,0,0,9.0,1,0,0,18,3,0,0,,1,39 57:59.851,1.0,0,75 10:46.220,1,0,0,0,67301,1,1,0,,1,1,0,2,67301,0,2.0,1,1,,,,,0,0.0,0,0,0,0,0,Y,1800,0,2,0,0,0,0,0,3,4,0,1,3,,N,,,,,,,,,,,