CRN,ARRIVAL_TM,AUTOMOBILE_COUNT,BELTED_DEATH_COUNT,BELTED_SUSP_SERIOUS_INJ_COUNT,BICYCLE_COUNT,BICYCLE_DEATH_COUNT,BICYCLE_SUSP_SERIOUS_INJ_COUNT,BUS_COUNT,CHLDPAS_DEATH_COUNT,CHLDPAS_SUSP_SERIOUS_INJ_COUNT,COLLISION_TYPE,COMM_VEH_COUNT,CONS_ZONE_SPD_LIM,COUNTY,CRASH_MONTH,CRASH_YEAR,DAY_OF_WEEK,DEC_LAT,DEC_LONG,DISPATCH_TM,DISTRICT,DRIVER_COUNT_16YR,DRIVER_COUNT_17YR,DRIVER_COUNT_18YR,DRIVER_COUNT_19YR,DRIVER_COUNT_20YR,DRIVER_COUNT_50_64YR,DRIVER_COUNT_65_74YR,DRIVER_COUNT_75PLUS,EST_HRS_CLOSED,FATAL_COUNT,HEAVY_TRUCK_COUNT,HORSE_BUGGY_COUNT,HOUR_OF_DAY,ILLUMINATION,INJURY_COUNT,INTERSECT_TYPE,INTERSECTION_RELATED,LANE_CLOSED,LATITUDE,LN_CLOSE_DIR,LOCATION_TYPE,LONGITUDE,MAX_SEVERITY_LEVEL,MCYCLE_DEATH_COUNT,MCYCLE_SUSP_SERIOUS_INJ_COUNT,MOTORCYCLE_COUNT,MUNICIPALITY,NONMOTR_COUNT,NONMOTR_DEATH_COUNT,NONMOTR_SUSP_SERIOUS_INJ_COUNT,NTFY_HIWY_MAINT,PED_COUNT,PED_DEATH_COUNT,PED_SUSP_SERIOUS_INJ_COUNT,PERSON_COUNT,POLICE_AGCY,POSSIBLE_INJ_COUNT,RDWY_SURF_TYPE_CD,RELATION_TO_ROAD,ROAD_CONDITION,ROADWAY_CLEARED,SCH_BUS_IND,SCH_ZONE_IND,SECONDARY_CRASH,SMALL_TRUCK_COUNT,SPEC_JURIS_CD,SUSP_MINOR_INJ_COUNT,SUSP_SERIOUS_INJ_COUNT,SUV_COUNT,TCD_FUNC_CD,TCD_TYPE,TFC_DETOUR_IND,TIME_OF_DAY,TOT_INJ_COUNT,TOTAL_UNITS,UNB_DEATH_COUNT,UNB_SUSP_SERIOUS_INJ_COUNT,UNBELTED_OCC_COUNT,UNK_INJ_DEG_COUNT,UNK_INJ_PER_COUNT,URBAN_AREA,URBAN_RURAL,VAN_COUNT,VEHICLE_COUNT,WEATHER1,WEATHER2,WORK_ZONE_IND,WORK_ZONE_LOC,WORK_ZONE_TYPE,WORKERS_PRES,WZ_CLOSE_DETOUR,WZ_FLAGGER,WZ_LAW_OFFCR_IND,WZ_LN_CLOSURE,WZ_MOVING,WZ_OTHER,WZ_SHLDER_MDN,WZ_WORKERS_INJ_KILLED
2009035240,1045.0,1,0,0,0,0,0,0,0,0,7,0,,67,3,2009,2,39.8932,-75.2277,1026.0,6,0,0,0,0,0,1,0,0,1.0,0,0,0,10,1,0,0,,1,39 53:34.767,2.0,0,75 13:35.584,0,0,0,0,67301,0,0,0,N,0,0,0,2,68K01,0,,3,6,,N,N,,0,,0,0,0,0,0,N,1023,0,1,0,0,1,0,0,3,4,0,1,10,,N,,,,,,,,,,,
2009030164,1355.0,0,0,0,0,0,0,0,0,0,8,0,,67,1,2009,6,40.0198,-75.1228,1350.0,6,0,0,0,0,0,0,0,0,,0,0,0,13,1,1,0,,0,40 01:11.305,,0,75 07:21.961,3,0,0,0,67301,1,0,0,,1,0,0,2,67301,0,,1,2,,,,,0,,1,0,0,0,0,,1300,1,2,0,0,0,0,0,3,4,0,1,98,,N,,,,,,,,,,,
2009032871,2351.0,2,0,0,0,0,0,0,0,0,4,0,,67,1,2009,7,40.0373,-75.0329,2350.0,6,0,0,0,0,0,0,0,0,,0,0,0,23,3,2,1,,0,40 02:14.305,,0,75 01:58.526,8,0,0,0,67301,0,0,0,,0,0,0,3,67301,0,,1,1,,N,N,,0,,0,0,0,3,3,,2333,2,2,0,0,0,2,0,3,4,0,2,3,,N,,,,,,,,,,,
2009030427,9999.0,0,0,0,0,0,0,1,0,0,1,1,,67,2,2009,1,39.9752,-75.1211,1234.0,6,0,0,0,0,0,0,0,0,,0,0,0,12,1,2,1,,0,39 58:34.465,,0,75 07:11.128,8,0,0,0,67301,0,0,0,,0,0,0,3,67301,0,,1,1,,,,,1,,0,0,0,3,2,,1230,2,2,0,0,0,2,0,3,4,0,2,3,,N,,,,,,,,,,,
2009096783,330.0,1,0,0,0,0,0,0,0,0,7,0,,67,9,2009,7,39.9602,-75.1806,312.0,6,0,0,0,0,0,0,0,0,,0,0,0,3,3,0,0,,0,39 57:40.320,,0,75 10:55.560,0,0,0,0,67301,0,0,0,N,0,0,0,1,68K01,0,,3,1,,N,N,,0,,0,0,0,0,0,,310,0,1,0,0,0,0,0,3,4,0,1,3,,N,,,,,,,,,,,
2009125181,855.0,2,0,0,0,0,0,0,0,0,4,0,,67,11,2009,2,40.0155,-75.1574,850.0,6,0,0,0,0,0,0,0,0,,0,0,0,8,1,2,0,,0,40 00:55.922,,7,75 09:26.521,4,0,0,0,67301,0,0,0,N,0,0,0,5,67301,2,,1,1,,N,N,,0,,0,0,0,3,2,,850,2,2,0,0,0,0,0,3,4,0,2,3,,N,,,,,,,,,,,
2009120263,629.0,1,0,0,0,0,0,0,0,0,8,0,,67,6,2009,2,39.9933,-75.1003,619.0,6,0,0,0,0,0,0,0,0,,0,0,0,6,1,1,1,,0,39 59:35.905,,0,75 06:01.162,4,0,0,0,67301,1,0,0,,1,0,0,2,67301,1,,1,1,,,,,0,,0,0,0,3,3,,619,1,2,0,0,0,0,0,3,4,0,1,98,,N,,,,,,,,,,,
2009081857,214.0,2,0,0,0,0,0,0,0,0,1,0,,67,7,2009,1,40.0501,-75.0642,214.0,6,0,0,0,0,1,0,0,0,1.0,0,0,0,1,3,1,1,,1,40 03:00.396,3.0,0,75 03:51.268,4,0,0,0,67301,0,0,0,N,0,0,0,3,67301,1,,1,9,,N,N,,0,,0,0,0,3,2,N,140,1,2,0,0,1,0,0,3,4,0,2,7,,N,,,,,,,,,,,
2009079702,2326.0,1,0,0,0,0,0,0,0,0,7,0,,67,7,2009,7,40.0381,-75.0104,2318.0,6,0,0,0,0,0,0,0,0,,0,0,0,23,3,0,0,,0,40 02:17.520,,0,75 00:36.720,0,0,0,0,67301,0,0,0,N,0,0,0,2,68K01,0,,3,9,,N,N,,0,,0,0,0,0,0,,2314,0,1,0,0,0,0,0,3,4,0,1,7,,N,,,,,,,,,,,
2009100645,1020.0,0,0,0,0,0,0,0,0,0,4,0,,67,9,2009,1,39.9195,-75.243,1017.0,6,0,0,0,0,0,0,0,0,,0,0,0,99,1,1,1,,0,39 55:10.311,,0,75 14:34.799,3,0,0,0,67301,0,0,0,N,0,0,0,2,67301,0,,1,9,,N,N,,0,,1,0,2,3,2,,9999,1,2,0,0,0,0,0,3,4,0,2,3,,N,,,,,,,,,,,
2009100687,1858.0,0,0,0,0,0,0,0,0,0,1,0,,67,9,2009,4,40.0213,-75.1224,1847.0,6,0,0,0,0,0,1,0,0,,0,0,0,99,1,1,1,,0,40 01:16.728,,0,75 07:20.729,4,0,0,0,67301,0,0,0,N,0,0,0,3,67301,1,,1,9,,N,N,,1,,0,0,0,3,3,,9999,1,2,0,0,1,0,0,3,4,1,2,7,,N,,,,,,,,,,,
2009095638,2147.0,1,0,0,0,0,0,0,0,0,7,0,,67,9,2009,6,39.9325,-75.2,2142.0,6,0,0,0,0,0,0,0,0,,0,0,0,21,3,1,7,,0,39 56:02.237,,2,75 11:59.720,4,0,0,0,67301,0,0,0,Y,0,0,0,1,68K01,1,,7,1,,N,N,,0,,0,0,0,0,0,,2140,1,1,0,0,0,0,0,3,4,0,1,3,,N,,,,,,,,,,,
2009100093,158.0,1,0,0,0,0,0,0,0,0,7,0,,67,9,2009,6,39.9331,-75.2378,154.0,6,0,0,0,1,0,0,0,0,2.0,0,0,0,1,3,0,0,,1,39 55:59.017,1.0,0,75 14:16.192,0,0,0,0,67301,0,0,0,N,0,0,0,1,67301,0,,2,9,,N,N,,0,,0,0,0,0,0,N,151,0,1,0,0,0,0,0,3,4,0,1,7,,N,,,,,,,,,,,
2009103605,1536.0,3,0,0,0,0,0,0,0,0,1,0,,67,10,2009,4,39.9746,-75.1182,1533.0,6,0,0,0,0,0,0,0,0,1.0,0,0,0,15,1,0,0,,2,39 58:30.360,2.0,0,75 07:01.920,0,0,0,0,67301,0,0,0,N,0,0,0,7,68K01,0,,1,1,,N,N,,0,,0,0,0,0,0,N,1525,0,3,0,0,0,0,0,3,4,0,3,3,,N,,,,,,,,,,,
2009044200,1428.0,3,0,0,0,0,0,0,0,0,1,0,,67,3,2009,6,40.0225,-75.1618,1425.0,6,0,0,0,1,0,2,0,0,,0,0,0,14,1,1,0,,0,40 01:20.951,,0,75 09:42.356,8,0,0,0,67301,0,0,0,N,0,0,0,7,67301,0,,1,1,,N,N,,0,,0,0,0,0,0,,1420,1,3,0,0,0,1,1,3,4,0,3,3,,N,,,,,,,,,,,
2009044247,1225.0,2,0,0,0,0,0,0,0,0,4,0,,67,3,2009,4,40.01,-75.1084,1220.0,6,0,0,0,0,1,0,0,1,,0,0,0,12,1,2,1,,0,40 00:35.899,,0,75 06:30.164,4,0,0,0,67301,0,0,0,N,0,0,0,4,67301,2,,1,1,,N,N,,0,,0,0,0,3,3,,1215,2,2,0,0,0,0,0,3,4,0,2,3,,N,,,,,,,,,,,
2009049518,1705.0,1,0,0,0,0,0,0,0,0,6,0,,67,4,2009,4,39.9903,-75.127,1703.0,6,0,0,0,0,0,2,0,0,,0,0,0,16,1,0,1,,0,39 59:25.210,,0,75 07:37.295,0,0,0,0,67301,0,0,0,N,0,0,0,2,67301,0,,1,9,,N,N,,1,,0,0,0,3,2,,1625,0,2,0,0,0,0,0,3,4,0,2,7,,N,,,,,,,,,,,
2009049561,2204.0,1,0,0,1,0,0,0,0,0,4,0,,67,4,2009,3,39.9701,-75.178,2200.0,6,0,0,0,0,0,0,0,0,,0,0,0,17,1,1,1,,0,39 58:12.466,,0,75 10:40.945,3,0,0,0,67301,1,0,0,,0,0,0,2,67301,0,,1,9,,N,N,,0,,1,0,0,3,3,,1755,1,2,0,0,0,0,1,3,4,0,1,99,,N,,,,,,,,,,,
2009015178,715.0,1,0,0,0,0,0,0,0,0,7,0,,67,1,2009,1,39.9982,-75.0842,715.0,6,0,0,0,0,0,0,0,0,,0,0,0,7,1,0,0,,0,39 59:49.180,,2,75 05:03.569,0,0,0,0,67301,0,0,0,N,0,0,0,1,68K01,0,,2,2,,N,N,,0,,0,0,0,0,0,,700,0,1,0,0,0,0,0,3,4,0,1,98,,N,,,,,,,,,,,
2009124915,714.0,1,0,0,0,0,0,0,0,0,8,0,,67,11,2009,2,39.949,-75.2272,713.0,6,0,0,0,0,0,1,0,0,,0,0,0,7,1,1,1,,0,39 56:56.413,,0,75 13:37.770,8,0,0,0,67301,1,0,0,N,1,0,0,2,67301,0,,1,1,,N,N,,0,,0,0,0,3,2,,712,1,2,0,0,0,1,0,3,4,0,1,3,,N,,,,,,,,,,,
2009124971,1732.0,1,0,0,1,0,0,0,0,0,8,0,,67,11,2009,2,39.9387,-75.1732,1731.0,6,0,0,0,0,0,0,0,0,1.0,0,0,0,17,3,1,1,,1,39 56:19.158,3.0,0,75 10:23.411,8,0,0,0,67301,1,0,0,N,0,0,0,2,67301,0,,1,1,,N,N,,0,,0,0,0,3,2,N,1729,1,2,0,0,0,1,1,3,4,0,1,3,,N,,,,,,,,,,,
2009033750,1311.0,0,0,0,0,0,0,0,0,0,7,1,,67,3,2009,6,40.025,-75.0307,1311.0,6,0,0,0,0,0,0,0,0,,0,1,0,13,1,1,0,,0,40 01:29.944,,2,75 01:50.644,4,0,0,0,67301,0,0,0,Y,0,0,0,1,68K01,1,,5,1,,N,N,,0,,0,0,0,0,0,,1303,1,1,0,0,0,0,0,3,4,0,1,3,,N,,,,,,,,,,,
2009125073,1225.0,1,0,0,0,0,0,0,0,0,2,0,,67,11,2009,3,39.9604,-75.1894,1222.0,6,0,0,0,0,0,0,0,1,,0,0,0,12,1,5,1,,0,39 57:37.353,,0,75 11:22.005,8,0,0,0,67301,0,0,0,N,0,0,0,7,67301,0,,1,1,,N,N,,0,,0,0,0,3,2,,1222,5,2,0,0,0,5,2,3,4,1,2,3,,N,,,,,,,,,,,
2009048645,2326.0,1,0,0,0,0,0,0,0,0,8,0,,67,4,2009,6,39.9532,-75.1988,2325.0,6,0,0,0,0,0,0,0,0,2.0,0,0,0,23,3,1,0,,1,39 57:11.691,2.0,0,75 11:55.857,3,0,0,0,67301,1,0,0,N,1,0,0,2,67301,0,,1,1,,N,N,,0,,1,0,0,0,0,N,2320,1,2,0,0,0,0,0,3,4,0,1,3,,N,,,,,,,,,,,
2009048863,1153.0,3,0,0,0,0,0,0,0,0,7,0,,67,3,2009,2,39.9215,-75.1633,1153.0,6,1,0,0,0,0,0,0,0,,0,0,0,11,1,0,0,,0,39 55:17.378,,0,75 09:47.865,0,0,0,0,67301,0,0,0,,0,0,0,1,67301,0,,5,1,,,,,0,,0,0,0,0,0,,1153,0,3,0,0,0,0,0,3,4,0,3,3,,N,,,,,,,,,,,
2009033619,752.0,1,0,0,0,0,0,0,0,0,7,0,,67,3,2009,7,39.96,-75.1801,752.0,6,0,0,0,0,0,1,0,0,,0,0,0,7,1,0,0,,0,39 57:35.827,,2,75 10:49.668,0,0,0,0,67301,0,0,0,N,0,0,0,1,68K03,0,,2,1,,N,N,,0,,0,0,0,0,0,,750,0,1,0,0,0,0,0,3,4,0,1,3,,N,,,,,,,,,,,
2009124838,1605.0,2,0,0,0,0,0,0,0,0,1,0,,67,10,2009,6,40.078,-75.0234,1600.0,6,0,0,0,0,0,1,0,0,,0,0,0,16,1,1,0,,0,40 04:40.720,,0,75 01:24.159,3,0,0,0,67301,0,0,0,N,0,0,0,3,67301,0,,1,1,,N,N,,0,,1,0,0,3,2,,1600,1,2,0,0,0,0,0,3,4,0,2,3,,N,,,,,,,,,,,
2009049296,2012.0,1,0,0,0,0,0,0,0,0,8,0,,67,4,2009,4,39.9508,-75.1638,2010.0,6,0,0,0,0,0,0,0,0,,0,0,0,20,3,1,2,,0,39 57:02.880,,0,75 09:49.680,4,0,0,0,67301,1,0,0,,1,0,0,2,67301,1,,1,1,,,,,0,,0,0,0,3,2,,2008,1,2,0,0,1,0,0,3,4,0,1,3,,N,,,,,,,,,,,
2009026002,1220.0,1,0,0,0,0,0,0,0,0,7,0,,67,1,2009,2,39.9947,-75.1242,1215.0,6,0,0,0,0,0,0,0,0,,0,0,0,12,1,0,2,,0,39 59:40.938,,0,75 07:27.206,0,0,0,0,67301,0,0,0,N,0,0,0,1,67301,0,,2,1,,N,N,,0,,0,0,0,0,0,,1210,0,1,0,0,0,0,0,3,4,0,1,3,,N,,,,,,,,,,,
2009026042,1510.0,2,0,0,0,0,0,0,0,0,5,0,,67,1,2009,3,40.0479,-75.1188,1503.0,6,0,0,0,0,0,0,0,0,,0,0,0,15,1,1,0,,0,40 02:52.310,,0,75 07:07.662,8,0,0,0,67301,0,0,0,N,0,0,0,1,67301,0,,1,1,,N,N,,0,,0,0,0,0,0,,1500,1,2,0,0,0,1,0,3,4,0,2,3,,N,,,,,,,,,,,
2009026054,524.0,1,0,0,0,0,0,0,0,0,7,0,,67,1,2009,6,39.9219,-75.1905,519.0,6,0,0,0,0,0,0,0,0,,0,0,0,4,3,0,1,,0,39 55:18.486,,0,75 11:24.960,0,0,0,0,67301,0,0,0,N,0,0,0,1,67301,0,,4,1,,N,N,,0,,0,0,0,3,2,,445,0,1,0,0,0,0,0,3,4,0,1,3,,N,,,,,,,,,,,
2009105837,1712.0,1,0,0,0,0,0,0,0,0,8,0,,67,10,2009,5,40.0043,-75.1493,1711.0,6,0,0,0,0,0,1,0,0,,0,0,0,16,1,1,1,,0,40 00:15.436,,0,75 08:57.465,3,0,0,0,67301,1,0,0,N,1,0,0,2,67301,0,,1,1,,N,N,,0,,1,0,0,3,2,,1644,1,2,0,0,0,0,0,3,4,0,1,3,,N,,,,,,,,,,,
2009105851,1720.0,1,0,0,0,0,0,0,0,0,4,0,,67,10,2009,1,40.0456,-75.0714,1715.0,6,0,0,1,0,0,0,0,0,,0,0,0,17,1,1,1,,0,40 02:44.136,,0,75 04:17.168,4,0,0,0,67301,0,0,0,N,0,0,0,3,67301,1,,1,1,,N,N,,0,,0,0,1,2,2,,1715,1,2,0,0,0,0,0,3,4,0,2,3,,N,,,,,,,,,,,
2009105944,2143.0,0,0,0,0,0,0,0,0,0,0,0,,67,10,2009,1,39.9614,-75.1871,2142.0,6,0,0,0,0,0,0,0,0,,0,0,0,21,3,1,0,,0,39 57:40.905,,0,75 11:13.444,3,0,0,1,67301,0,0,0,N,0,0,0,1,67301,0,,1,1,,N,N,,0,,1,0,0,0,0,,2140,1,1,0,0,0,0,0,3,4,0,1,3,,N,,,,,,,,,,,
2009097439,1826.0,2,0,0,0,0,0,0,0,0,1,0,,67,8,2009,5,40.0823,-74.9669,1826.0,6,0,0,0,0,0,0,0,0,,0,0,0,18,1,0,0,,0,40 04:56.442,,0,74 58:00.914,0,0,0,0,67301,0,0,0,,0,0,0,2,67301,0,,1,1,,,,,0,,0,0,0,0,0,,1826,0,2,0,0,1,0,0,3,4,0,2,3,,N,,,,,,,,,,,
2009107868,1428.0,1,0,0,0,0,0,0,0,0,1,0,,67,10,2009,6,39.9584,-75.1663,1427.0,6,0,0,1,0,1,0,1,0,,0,0,0,14,1,0,0,,0,39 57:30.380,,0,75 09:58.573,9,0,0,0,67301,0,0,0,N,0,0,0,5,68K01,0,,1,1,,N,N,,1,,0,0,1,0,0,,1426,0,4,0,0,0,0,1,3,4,0,4,3,,N,,,,,,,,,,,
2009105524,1718.0,1,0,0,1,0,0,0,0,0,4,0,,67,9,2009,4,39.9343,-75.1591,1716.0,6,0,0,0,0,0,0,0,0,,0,0,0,17,1,1,0,,0,39 56:03.645,,0,75 09:32.839,4,0,0,0,67301,1,0,0,,0,0,0,2,67301,1,,1,1,,,,,0,,0,0,0,0,0,,1714,1,2,0,0,0,0,0,3,4,0,1,3,,N,,,,,,,,,,,
2009101019,1355.0,0,0,0,0,0,0,0,0,0,8,0,,67,9,2009,1,40.0294,-75.1301,1321.0,6,0,0,0,0,0,1,0,0,,0,0,0,13,1,1,0,,0,40 01:45.888,,0,75 07:48.480,4,0,0,1,67301,1,0,0,N,1,0,0,2,67301,1,,1,1,,N,N,,0,,0,0,0,0,0,,1320,1,2,0,0,0,0,0,3,4,0,1,3,,N,,,,,,,,,,,
2009100736,408.0,0,0,0,1,0,0,0,0,0,5,0,,67,9,2009,7,39.9538,-75.2282,406.0,6,0,0,0,0,0,0,0,0,,0,0,0,4,3,1,1,,0,39 57:13.582,,0,75 13:41.663,3,0,0,0,67301,1,0,0,N,0,0,0,2,67301,0,,1,1,,N,N,,0,,1,0,0,3,2,,405,1,2,0,0,0,0,0,3,4,0,1,3,,N,,,,,,,,,,,
2009132557,1633.0,2,0,0,0,0,0,0,0,0,1,0,,67,12,2009,6,40.0384,-75.0097,1631.0,6,0,0,0,0,0,1,0,1,1.0,0,0,0,16,4,0,0,,2,40 02:18.297,1.0,0,75 00:34.409,0,0,0,0,67301,0,0,0,N,0,0,0,4,68K01,0,,1,1,,N,N,,0,,0,0,0,0,0,N,1623,0,2,0,0,0,0,0,3,4,0,2,3,,N,,,,,,,,,,,
2009025847,1228.0,1,0,0,0,0,0,0,0,0,8,0,,67,1,2009,1,40.0021,-75.1326,1223.0,6,0,0,0,0,0,0,0,0,1.0,0,0,0,12,1,1,1,,2,40 00:07.592,2.0,0,75 07:57.262,8,0,0,0,67301,1,0,0,N,1,0,0,3,67301,0,,1,1,,N,N,,0,,0,0,0,1,2,Y,1223,1,2,0,0,0,1,0,3,4,0,1,3,,N,,,,,,,,,,,
2009025876,1800.0,0,0,0,0,0,0,0,0,0,4,0,,67,1,2009,2,40.0123,-75.1505,1739.0,6,0,0,0,0,0,0,0,0,,0,0,0,17,3,3,1,,0,40 00:44.334,,0,75 09:01.675,4,0,0,0,67301,0,0,0,N,0,0,0,6,67301,3,,1,1,,N,N,,0,,0,0,0,3,2,,1738,3,2,0,0,0,0,0,3,4,2,2,3,,N,,,,,,,,,,,
2009038024,321.0,0,0,0,0,0,0,0,0,0,7,0,,67,4,2009,6,39.9658,-75.1863,314.0,6,0,0,0,0,0,0,0,0,1.0,0,0,0,3,2,0,0,,2,39 58:01.714,4.0,0,75 11:17.551,0,0,0,0,67301,0,0,0,N,0,0,0,2,68K01,0,,2,9,,N,N,,0,,0,0,1,0,0,N,311,0,1,0,0,0,0,0,3,4,0,1,7,,N,,,,,,,,,,,
2009032825,1445.0,1,0,0,0,0,0,0,0,0,7,0,,67,1,2009,2,40.0801,-75.2163,1432.0,6,0,0,0,0,0,1,0,0,,0,0,0,14,1,1,0,,0,40 04:48.511,,0,75 12:58.626,4,0,0,0,67301,0,0,0,N,0,0,0,2,67301,1,,2,2,,N,N,,0,,0,0,0,0,0,,1431,1,1,0,0,0,0,0,3,4,0,1,9,,N,,,,,,,,,,,
2009033213,1941.0,1,0,0,0,0,0,0,0,0,7,0,,67,1,2009,6,39.9119,-75.1617,1939.0,6,0,0,0,0,0,0,0,0,,0,0,0,19,3,0,0,,0,39 54:42.712,,2,75 09:42.252,0,0,0,0,67301,0,0,0,N,0,0,0,1,67501,0,,7,1,,N,N,,0,,0,0,0,0,0,,1939,0,1,0,0,0,0,0,3,4,0,1,3,,N,,,,,,,,,,,
2009028326,1610.0,1,0,0,0,0,0,1,0,0,4,1,,67,1,2009,4,40.0331,-75.107,1603.0,6,0,0,0,0,0,0,0,1,,0,0,0,14,1,16,1,,0,40 01:57.810,,0,75 06:23.232,8,0,0,0,67301,0,0,0,,0,0,0,23,67301,0,,1,1,,N,N,,0,,0,0,1,3,2,,1437,16,3,0,0,0,16,6,3,4,0,3,3,,N,,,,,,,,,,,
2009025614,2211.0,1,0,0,0,0,0,0,0,0,1,0,,67,1,2009,7,40.091,-75.0327,2211.0,6,0,0,0,0,0,0,0,0,,0,0,0,22,3,1,2,,0,40 05:27.600,,0,75 01:57.720,4,0,0,0,67301,0,0,0,N,0,0,0,2,67301,1,,1,1,,N,N,,0,,0,0,1,3,2,,2211,1,2,0,0,2,0,0,3,4,0,2,3,,N,,,,,,,,,,,
2009025635,950.0,1,0,0,0,0,0,0,0,0,4,0,,67,1,2009,3,39.9921,-75.0993,945.0,6,0,0,0,0,0,1,0,0,1.0,0,0,0,9,1,2,1,,1,39 59:32.050,4.0,0,75 05:57.585,8,0,0,0,67301,0,0,0,N,0,0,0,3,67301,0,,1,9,,N,N,,1,,0,0,0,3,2,N,930,2,2,0,0,0,2,0,3,4,0,2,10,,N,,,,,,,,,,,
2009025882,825.0,1,0,0,0,0,0,0,0,0,1,0,,67,1,2009,3,40.0444,-75.113,820.0,6,0,0,0,0,0,2,0,0,1.0,0,0,0,8,1,1,0,,1,40 02:47.060,1.0,0,75 06:45.219,4,0,0,0,67301,0,0,0,N,0,0,0,4,67301,1,,1,1,,N,N,,2,,0,0,0,0,0,Y,820,1,4,0,0,0,0,3,3,4,1,4,3,,N,,,,,,,,,,,
2009025906,2345.0,1,0,0,0,0,0,0,0,0,5,0,,67,1,2009,7,40.0139,-75.1472,2336.0,6,0,0,0,0,0,0,0,0,,0,0,0,23,3,0,0,,0,40 00:50.151,,0,75 08:49.945,0,0,0,0,67301,0,0,0,,0,0,0,1,67301,0,,5,1,,,,,0,,0,0,0,0,0,,2321,0,3,0,0,0,0,0,3,4,0,3,3,,N,,,,,,,,,,,
2009092102,1605.0,1,0,0,0,0,0,0,0,0,4,0,,67,8,2009,2,39.9948,-75.2401,1603.0,6,0,0,0,0,0,1,0,0,,0,0,0,16,1,3,0,,0,39 59:43.330,,7,75 14:20.446,3,0,0,0,67301,0,0,0,N,0,0,0,3,46104,2,,1,1,,N,N,,0,,1,0,1,2,8,,1600,3,2,0,0,0,0,0,3,4,0,2,3,,N,,,,,,,,,,,
2009086950,1734.0,3,0,0,0,0,0,0,0,0,1,0,,67,8,2009,3,40.0553,-74.9848,1732.0,6,0,0,0,0,0,0,0,0,1.0,0,0,0,17,1,0,0,,1,40 03:18.737,2.0,0,74 59:05.643,0,0,0,0,67301,0,0,0,N,0,0,0,3,68K01,0,,1,1,,N,N,,0,,0,0,0,0,0,N,1729,0,3,0,0,0,0,0,3,4,0,3,3,,N,,,,,,,,,,,
2009079512,842.0,2,0,0,0,0,0,0,0,0,4,0,,67,7,2009,4,39.9383,-75.1987,839.0,6,0,0,0,0,0,0,0,0,,0,0,0,8,1,1,1,,0,39 56:17.010,,0,75 11:55.632,8,0,0,0,67301,0,0,0,N,0,0,0,2,67301,0,,1,1,,N,N,,0,,0,0,0,3,2,,830,1,2,0,0,0,1,0,3,4,0,2,3,,N,,,,,,,,,,,
2009108149,1113.0,1,0,0,0,0,0,0,0,0,7,0,,67,10,2009,7,39.9574,-75.1515,1112.0,6,0,0,0,0,0,1,0,0,,0,0,0,11,1,0,0,,0,39 57:26.640,,0,75 09:05.400,0,0,0,0,67301,0,0,0,N,0,0,0,1,68K01,0,,2,9,,N,N,,0,,0,0,0,0,0,,1109,0,1,0,0,0,0,0,3,4,0,1,7,,N,,,,,,,,,,,
2009044283,1238.0,0,0,0,0,0,0,0,0,0,6,0,,67,3,2009,4,39.9928,-75.1461,1232.0,6,0,0,0,0,0,1,0,0,,0,0,0,12,1,1,1,,0,39 59:34.453,,0,75 08:45.991,4,0,0,0,67301,0,0,0,,0,0,0,3,67301,1,,1,9,,,,,2,,0,0,0,3,2,,1210,1,2,0,0,0,0,0,3,4,0,2,7,,N,,,,,,,,,,,
2009019580,1253.0,1,0,0,0,0,0,0,0,0,7,0,,67,2,2009,1,39.9842,-75.096,1248.0,6,0,0,0,0,1,0,0,0,1.0,0,0,0,12,1,1,0,,2,39 59:03.469,1.0,0,75 05:45.010,4,0,0,0,67301,0,0,0,N,0,0,0,1,68K01,1,,3,1,,N,N,,0,,0,0,0,0,0,N,1241,1,1,0,0,0,0,0,3,4,0,1,3,,N,,,,,,,,,,,
2009049531,2152.0,0,0,0,0,0,0,0,0,0,8,0,,67,4,2009,4,39.9411,-75.2221,2149.0,6,0,0,0,0,0,0,0,0,,0,0,0,21,3,1,0,,0,39 56:27.994,,0,75 13:19.632,4,0,0,0,67301,1,0,0,N,1,0,0,2,67301,1,,1,9,,N,N,,0,,0,0,0,0,0,,2135,1,2,0,0,0,0,0,3,4,1,1,7,,N,,,,,,,,,,,
2009049480,1239.0,0,0,0,0,0,0,0,0,0,5,1,,67,4,2009,7,40.0809,-75.0288,1235.0,6,0,0,0,0,0,0,0,0,1.0,0,1,0,12,1,1,1,,1,40 04:51.446,2.0,0,75 01:43.230,8,0,0,0,67301,0,0,0,N,0,0,0,3,67301,0,,1,1,,N,N,,0,,0,0,1,3,2,N,1235,1,2,0,0,0,1,0,3,4,0,2,3,,N,,,,,,,,,,,
2009130197,1530.0,0,0,0,0,0,0,1,0,0,8,1,,67,11,2009,4,39.9578,-75.1602,1522.0,6,0,0,0,0,0,0,0,0,,0,0,0,15,1,1,1,,0,39 57:28.066,,0,75 09:36.785,8,0,0,0,67301,1,0,0,N,1,0,0,2,67301,0,,1,1,,Y,N,,0,,0,0,0,3,2,,1515,1,2,0,0,0,1,0,3,4,0,1,3,,N,,,,,,,,,,,