CRN,ARRIVAL_TM,AUTOMOBILE_COUNT,BELTED_DEATH_COUNT,BELTED_SUSP_SERIOUS_INJ_COUNT,BICYCLE_COUNT,BICYCLE_DEATH_COUNT,BICYCLE_SUSP_SERIOUS_INJ_COUNT,BUS_COUNT,CHLDPAS_DEATH_COUNT,CHLDPAS_SUSP_SERIOUS_INJ_COUNT,COLLISION_TYPE,COMM_VEH_COUNT,CONS_ZONE_SPD_LIM,COUNTY,CRASH_MONTH,CRASH_YEAR,DAY_OF_WEEK,DEC_LAT,DEC_LONG,DISPATCH_TM,DISTRICT,DRIVER_COUNT_16YR,DRIVER_COUNT_17YR,DRIVER_COUNT_18YR,DRIVER_COUNT_19YR,DRIVER_COUNT_20YR,DRIVER_COUNT_50_64YR,DRIVER_COUNT_65_74YR,DRIVER_COUNT_75PLUS,EST_HRS_CLOSED,FATAL_COUNT,HEAVY_TRUCK_COUNT,HORSE_BUGGY_COUNT,HOUR_OF_DAY,ILLUMINATION,INJURY_COUNT,INTERSECT_TYPE,INTERSECTION_RELATED,LANE_CLOSED,LATITUDE,LN_CLOSE_DIR,LOCATION_TYPE,LONGITUDE,MAX_SEVERITY_LEVEL,MCYCLE_DEATH_COUNT,MCYCLE_SUSP_SERIOUS_INJ_COUNT,MOTORCYCLE_COUNT,MUNICIPALITY,NONMOTR_COUNT,NONMOTR_DEATH_COUNT,NONMOTR_SUSP_SERIOUS_INJ_COUNT,NTFY_HIWY_MAINT,PED_COUNT,PED_DEATH_COUNT,PED_SUSP_SERIOUS_INJ_COUNT,PERSON_COUNT,POLICE_AGCY,POSSIBLE_INJ_COUNT,RDWY_SURF_TYPE_CD,RELATION_TO_ROAD,ROAD_CONDITION,ROADWAY_CLEARED,SCH_BUS_IND,SCH_ZONE_IND,SECONDARY_CRASH,SMALL_TRUCK_COUNT,SPEC_JURIS_CD,SUSP_MINOR_INJ_COUNT,SUSP_SERIOUS_INJ_COUNT,SUV_COUNT,TCD_FUNC_CD,TCD_TYPE,TFC_DETOUR_IND,TIME_OF_DAY,TOT_INJ_COUNT,TOTAL_UNITS,UNB_DEATH_COUNT,UNB_SUSP_SERIOUS_INJ_COUNT,UNBELTED_OCC_COUNT,UNK_INJ_DEG_COUNT,UNK_INJ_PER_COUNT,URBAN_AREA,URBAN_RURAL,VAN_COUNT,VEHICLE_COUNT,WEATHER1,WEATHER2,WORK_ZONE_IND,WORK_ZONE_LOC,WORK_ZONE_TYPE,WORKERS_PRES,WZ_CLOSE_DETOUR,WZ_FLAGGER,WZ_LAW_OFFCR_IND,WZ_LN_CLOSURE,WZ_MOVING,WZ_OTHER,WZ_SHLDER_MDN,WZ_WORKERS_INJ_KILLED
2009119502,1615.0,1,0,0,0,0,0,0,0,0,4,0,,67,11,2009,7,40.0619,-75.1367,1615.0,6,0,0,0,0,0,0,0,0,1.0,0,0,0,16,1,0,1,,2,40 03:42.622,2.0,0,75 08:12.011,0,0,0,0,67301,0,0,0,N,0,0,0,3,46102,0,,1,1,,N,N,,0,,0,0,1,3,2,N,1615,0,2,0,0,0,0,0,3,4,0,2,3,,N,,,,,,,,,,,
2009048790,1836.0,1,0,0,0,0,0,0,0,0,8,0,,67,3,2009,2,39.9773,-75.2275,1836.0,6,0,0,0,0,0,0,0,0,,0,0,0,16,1,1,1,,0,39 58:38.391,,0,75 13:38.956,8,0,0,0,67301,1,0,0,N,1,0,0,2,67301,0,,1,1,,N,N,,0,,0,0,0,9,2,,1600,1,2,0,0,0,1,0,3,4,0,1,3,,N,,,,,,,,,,,
2009112228,13.0,1,0,0,0,0,0,0,0,0,7,0,,67,9,2009,7,40.0103,-75.2071,3.0,6,0,0,0,0,0,0,0,0,1.0,0,0,0,23,3,0,0,,1,40 00:37.227,1.0,0,75 12:25.505,0,0,0,0,67301,0,0,0,Y,0,0,0,2,68K03,0,,2,9,,N,N,,0,,0,0,0,0,0,N,2353,0,1,0,0,0,0,0,3,4,0,1,7,,N,,,,,,,,,,,
2009048604,1535.0,1,0,0,0,0,0,0,0,0,1,0,,67,3,2009,3,40.0486,-75.2353,1530.0,6,0,0,0,0,0,1,0,0,,0,0,0,15,1,1,0,,0,40 02:54.172,,0,75 14:06.760,8,0,0,0,67301,0,0,0,N,0,0,0,4,67301,0,,1,1,,N,N,,0,,0,0,1,3,2,,1520,1,2,0,0,0,1,1,3,4,0,2,3,,N,,,,,,,,,,,
2009048659,1005.0,1,0,0,0,0,0,0,0,0,8,0,,67,1,2009,7,40.0364,-75.1305,1002.0,6,0,0,0,0,0,0,0,0,9.0,0,0,0,10,1,1,1,,2,40 02:11.166,5.0,0,75 07:49.937,8,0,0,0,67301,1,0,0,N,1,0,0,2,67301,0,,1,1,,N,N,,0,,0,0,0,3,2,Y,1001,1,2,0,0,0,1,0,3,4,0,1,3,,N,,,,,,,,,,,
2009119820,930.0,1,0,0,0,0,0,0,0,0,8,0,,67,10,2009,6,39.9249,-75.2265,915.0,6,0,0,0,0,0,1,0,0,,0,0,0,7,1,1,1,,0,39 55:29.721,,0,75 13:35.237,8,0,0,0,67301,1,0,0,N,1,0,0,2,67301,0,,1,1,,N,N,,0,,0,0,0,3,2,,730,1,2,0,0,0,1,0,3,4,0,1,3,,N,,,,,,,,,,,
2009122335,822.0,1,0,0,0,0,0,1,0,0,4,1,,67,11,2009,2,40.0354,-75.0548,820.0,6,0,0,0,0,0,1,1,0,,0,0,0,8,1,2,1,,0,40 02:07.332,,0,75 03:17.164,4,0,0,0,67301,0,0,0,N,0,0,0,6,67301,1,,1,1,,Y,N,,0,,0,0,0,3,3,,805,2,2,0,0,0,1,0,3,4,0,2,3,,N,,,,,,,,,,,
2009043998,1718.0,1,0,0,0,0,0,0,0,0,1,0,,67,3,2009,7,40.0531,-75.1752,1715.0,6,0,0,0,0,0,1,0,0,,0,0,0,17,1,0,0,,0,40 03:11.332,,0,75 10:30.550,0,0,0,0,67301,0,0,0,N,0,0,0,1,67301,0,,1,1,,N,N,,0,,0,0,1,0,0,,1700,0,2,0,0,0,0,0,3,4,0,2,3,,N,,,,,,,,,,,
2009049117,2230.0,2,0,0,0,0,0,0,0,0,4,0,,67,3,2009,1,39.9854,-75.0967,2222.0,6,0,0,0,0,0,1,0,0,,0,0,0,22,6,5,1,,0,39 59:07.606,,0,75 05:48.056,2,0,0,0,67301,0,0,0,N,0,0,0,5,67301,2,,1,9,,N,N,,0,,0,3,0,3,2,,2217,5,2,0,0,0,0,0,3,4,0,2,10,,N,,,,,,,,,,,
2009049205,1110.0,0,0,0,0,0,0,0,0,0,8,0,,67,4,2009,2,39.9542,-75.1698,1055.0,6,0,0,0,0,0,0,0,0,,0,0,0,10,1,1,2,,0,39 57:15.094,,0,75 10:11.174,4,0,0,0,67301,1,0,0,N,1,0,0,2,67301,1,,1,9,,N,N,,0,,0,0,1,3,2,,1050,1,2,0,0,0,0,0,3,4,0,1,7,,N,,,,,,,,,,,
2009026018,1310.0,1,0,0,0,0,0,0,0,0,8,0,,67,1,2009,6,39.9623,-75.148,1307.0,6,0,0,0,0,0,0,0,0,,0,0,0,13,1,1,1,,0,39 57:44.186,,0,75 08:52.825,3,0,0,0,67301,1,0,0,,1,0,0,2,67301,0,,1,1,,,,,0,,1,0,0,9,3,,1300,1,2,0,0,0,0,0,3,4,0,1,3,,N,,,,,,,,,,,
2009044867,233.0,2,0,0,0,0,0,0,0,0,4,0,,67,2,2009,7,39.9987,-75.1004,228.0,6,0,0,0,0,0,0,0,0,,0,0,0,2,3,1,2,,0,39 59:55.436,,0,75 06:01.518,4,0,0,0,67301,0,0,0,N,0,0,0,2,67301,1,,1,1,,N,N,,0,,0,0,0,2,3,,225,1,2,0,0,0,0,0,3,4,0,2,3,,N,,,,,,,,,,,
2009044871,1018.0,2,0,0,0,0,0,0,0,0,4,0,,67,3,2009,5,39.9401,-75.1849,958.0,6,0,0,0,0,0,0,1,0,1.0,0,0,0,9,1,2,1,,1,39 56:24.381,3.0,0,75 11:05.801,4,0,0,0,67301,0,0,0,,0,0,0,3,67301,2,,1,9,,,,,0,,0,0,0,3,2,Y,948,2,2,0,0,0,0,0,3,4,0,2,7,,N,,,,,,,,,,,
2009018269,1531.0,0,0,0,0,0,0,0,0,0,1,0,,67,1,2009,6,39.9995,-75.0846,1530.0,6,0,0,0,0,0,0,0,0,,0,0,0,15,1,0,3,,0,39 59:58.179,,2,75 05:04.576,0,0,0,0,67301,0,0,0,N,0,0,0,2,68K01,0,,1,1,,Y,N,,0,,0,0,1,3,4,,1528,0,2,0,0,0,0,0,3,4,1,2,3,,N,,,,,,,,,,,
2009023531,1421.0,1,0,0,0,0,0,0,0,0,7,0,,67,2,2009,3,39.8861,-75.2433,1410.0,6,0,0,0,0,0,0,1,0,2.0,0,0,0,14,1,1,0,,1,39 53:09.960,2.0,0,75 14:35.880,3,0,0,0,67301,0,0,0,N,0,0,0,1,68K01,0,,4,1,,N,N,,0,,1,0,0,0,0,N,1405,1,1,0,0,0,0,0,3,4,0,1,3,,N,,,,,,,,,,,
2009105764,828.0,1,0,0,0,0,0,0,0,0,8,0,,67,9,2009,3,39.963,-75.1612,818.0,6,0,0,0,0,0,0,0,0,,0,0,0,8,1,1,1,,0,39 57:46.268,,0,75 09:40.918,4,0,0,0,67301,1,0,0,N,1,0,0,2,67301,1,,1,1,,N,Y,,0,,0,0,0,3,2,,818,1,2,0,0,0,0,0,3,4,0,1,3,,N,,,,,,,,,,,
2009105872,856.0,2,0,0,0,0,0,0,0,0,4,0,,67,9,2009,5,39.9867,-75.2083,846.0,6,0,0,0,0,0,0,1,0,,0,0,0,8,1,0,5,,0,39 59:11.983,,0,75 12:29.919,0,0,0,0,67301,0,0,0,,0,0,0,2,67301,0,,7,1,,N,N,,0,,0,0,0,0,0,,845,0,2,0,0,0,0,0,3,4,0,2,3,,N,,,,,,,,,,,
2009105929,2038.0,1,0,0,1,0,0,0,0,0,8,0,,67,10,2009,1,39.9456,-75.165,2036.0,6,0,0,0,0,0,0,0,0,,0,0,0,20,3,1,2,,0,39 56:43.954,,0,75 09:54.099,4,0,0,0,67301,1,0,0,N,0,0,0,3,67301,1,,1,1,,,N,,0,,0,0,0,3,2,,2034,1,2,0,0,0,0,2,3,4,0,1,3,,N,,,,,,,,,,,
2009105945,1232.0,1,0,0,0,0,0,0,0,0,5,0,,67,9,2009,7,39.9747,-75.1984,1225.0,6,0,0,0,0,0,0,0,0,,0,0,0,12,1,1,2,,0,39 58:28.976,,0,75 11:54.231,4,0,0,0,67301,0,0,0,N,0,0,0,4,67301,1,,1,1,,N,N,,0,,0,0,1,3,2,,1220,1,2,0,0,3,0,0,3,4,0,2,3,,N,,,,,,,,,,,
2009124699,1712.0,1,0,0,0,0,0,0,0,0,8,0,,67,11,2009,4,39.9497,-75.2454,1708.0,6,0,0,0,0,0,1,0,0,,0,0,0,17,3,1,1,,0,39 56:58.790,,0,75 14:43.504,4,0,0,0,67301,1,0,0,N,1,0,0,2,67301,1,,1,9,,N,N,,0,,0,0,0,9,2,,1700,1,2,0,0,1,0,0,3,4,0,1,7,,N,,,,,,,,,,,
2009101031,2232.0,2,0,0,0,0,0,0,0,0,6,0,,67,9,2009,1,40.0009,-75.1103,2230.0,6,0,0,0,0,0,0,1,0,,0,0,0,22,3,5,1,,0,40 00:03.094,,0,75 06:37.166,4,0,0,0,67301,0,0,0,N,0,0,0,8,67301,5,,1,1,,N,N,,0,,0,0,0,3,2,,2220,5,2,0,0,0,0,0,3,4,0,2,3,,N,,,,,,,,,,,
2009101045,1047.0,2,0,0,0,0,0,0,0,0,4,0,,67,9,2009,3,40.0179,-75.1493,1045.0,6,0,0,0,0,0,1,0,0,1.0,0,0,0,10,1,1,1,,1,40 01:04.608,2.0,0,75 08:57.650,4,0,0,0,67301,1,0,0,,1,0,0,3,67301,1,,1,1,,N,N,,0,,0,0,0,3,2,Y,1043,1,3,0,0,2,0,0,3,4,0,2,3,,N,,,,,,,,,,,
2009105643,25.0,0,0,0,0,0,0,0,0,0,8,0,,67,9,2009,6,40.0107,-75.1257,22.0,6,0,0,0,0,0,0,0,0,,0,0,0,22,3,1,0,,0,40 00:38.541,,0,75 07:32.480,3,0,0,0,67301,1,0,0,N,1,0,0,2,67301,0,,1,9,,N,N,,0,,1,0,0,0,0,,2240,1,2,0,0,0,0,0,3,4,1,1,7,,N,,,,,,,,,,,
2009100811,2032.0,2,0,0,0,0,0,0,0,0,4,0,,67,9,2009,6,40.0239,-75.1433,2028.0,6,0,0,0,0,0,0,0,0,,0,0,0,17,1,1,1,,0,40 01:26.205,,0,75 08:36.052,8,0,0,0,67301,0,0,0,N,0,0,0,2,67301,0,,1,9,,N,N,,0,,0,0,0,3,3,,1732,1,2,0,0,0,1,0,3,4,0,2,7,,N,,,,,,,,,,,
2009105502,1059.0,1,0,0,0,0,0,0,0,0,7,0,,67,10,2009,1,39.8861,-75.207,1056.0,6,0,0,0,0,0,0,0,0,1.0,0,0,0,10,1,2,0,,1,39 53:42.000,1.0,0,75 11:38.040,8,0,0,0,67301,0,0,0,N,0,0,0,4,68K01,0,,2,1,,N,N,,0,,0,0,0,0,0,N,1053,2,1,0,0,0,2,0,3,4,0,1,3,,N,,,,,,,,,,,
2009030826,1442.0,6,0,0,0,0,0,0,0,0,5,0,,67,1,2009,5,39.9249,-75.174,1440.0,6,0,1,0,0,0,0,0,0,2.0,0,1,0,14,1,1,1,,2,39 55:28.494,2.0,0,75 10:16.478,8,0,0,0,67301,0,0,0,N,0,0,0,2,67301,0,,1,2,,N,N,,0,,0,0,2,3,2,Y,1438,1,9,0,0,0,1,0,3,4,0,9,3,,N,,,,,,,,,,,
2009030831,1930.0,1,0,0,0,0,0,0,0,0,7,0,,67,1,2009,5,39.931,-75.2178,1921.0,6,0,0,0,0,0,0,0,0,,0,0,0,18,1,0,0,,0,39 55:51.736,,3,75 13:03.978,0,0,0,0,67301,0,0,0,N,0,0,0,1,67301,0,,3,2,,N,N,,0,,0,0,0,0,0,,1820,0,1,0,0,0,0,0,3,4,0,1,98,,N,,,,,,,,,,,
2009030832,953.0,2,0,0,0,0,0,0,0,0,4,0,,67,1,2009,4,39.9236,-75.2457,953.0,6,0,0,0,0,0,0,0,0,,0,0,0,9,1,0,3,,0,39 55:25.034,,7,75 14:44.477,0,0,0,0,67301,0,0,0,N,0,0,0,2,67301,0,,1,6,,N,N,,0,,0,0,0,3,2,,951,0,2,0,0,0,0,0,3,4,0,2,7,,N,,,,,,,,,,,
2009025825,1822.0,1,0,0,0,0,0,0,0,0,8,0,,67,1,2009,3,40.0153,-75.1372,1822.0,6,0,0,0,0,0,0,0,0,1.0,0,0,0,18,3,2,1,,1,40 00:55.051,1.0,0,75 08:13.761,3,0,0,0,67301,2,0,0,,2,0,0,3,67301,0,,1,9,,,,,0,,2,0,0,3,2,N,1813,2,3,0,0,0,0,0,3,4,0,1,7,,N,,,,,,,,,,,
2009025869,1410.0,1,0,0,0,0,0,0,0,0,8,0,,67,1,2009,4,40.0355,-75.1086,1400.0,6,0,0,0,0,0,0,0,0,,0,0,0,14,1,1,1,,0,40 02:07.087,,0,75 06:30.628,4,0,0,0,67301,1,0,0,N,1,0,0,2,67301,1,,1,9,,N,N,,0,,0,0,0,3,2,,1400,1,2,0,0,0,0,1,3,4,0,1,7,,N,,,,,,,,,,,
2009025873,1709.0,0,0,0,0,0,0,0,0,0,8,0,,67,1,2009,7,40.0074,-75.1367,1705.0,6,0,0,0,0,0,0,0,0,,0,0,0,17,3,1,1,,0,40 00:26.624,,0,75 08:12.148,4,0,0,0,67301,1,0,0,N,1,0,0,1,67301,1,,1,9,,N,N,,0,,0,0,1,3,2,,1704,1,2,0,0,0,0,0,3,4,0,1,9,,N,,,,,,,,,,,
2009025607,1718.0,2,0,0,0,0,0,0,0,0,2,0,,67,1,2009,6,40.0713,-75.0578,1715.0,6,0,0,0,0,0,0,0,0,9.0,0,0,0,17,1,1,2,,1,40 04:16.842,1.0,0,75 03:28.105,8,0,0,0,67301,0,0,0,N,0,0,0,3,67301,0,,1,1,,N,N,,0,,0,0,0,3,2,N,1712,1,2,0,0,0,1,0,3,4,0,2,3,,N,,,,,,,,,,,
2009025617,1105.0,2,0,0,0,0,0,0,0,0,4,0,,67,1,2009,2,41.3449,-79.6715,1102.0,6,0,0,0,0,0,2,0,0,1.0,0,0,0,11,1,0,1,,2,41 11:54.600,4.0,0,79 40:44.040,0,0,0,0,67301,0,0,0,N,0,0,0,2,67301,0,,1,1,,N,N,,0,,0,0,0,2,2,Y,1100,0,2,0,0,0,0,0,3,3,0,2,3,,N,,,,,,,,,,,
2009028390,604.0,1,0,0,0,0,0,0,0,0,7,0,,67,2,2009,6,39.9973,-75.0819,554.0,6,0,0,0,0,0,0,0,0,,0,0,0,5,2,0,0,,0,39 59:50.472,,0,75 04:54.424,0,0,0,0,67301,0,0,0,N,0,0,0,1,68K01,0,,2,1,,N,N,,0,,0,0,0,0,0,,553,0,1,0,0,0,0,0,3,4,0,1,3,,N,,,,,,,,,,,
2009079888,2045.0,1,0,0,0,0,0,0,0,0,5,1,,67,7,2009,1,39.9491,-75.185,2039.0,6,0,0,0,0,0,0,0,0,,0,1,0,20,4,1,0,,0,39 56:58.919,,0,75 11:02.879,8,0,0,0,67301,0,0,0,N,0,0,0,6,68K01,0,,1,1,,N,N,,0,,0,0,0,0,0,,2038,1,2,0,0,0,1,0,3,4,0,2,3,,N,,,,,,,,,,,
2009080030,1651.0,0,0,0,0,0,0,0,0,0,1,0,,67,7,2009,6,39.9372,-75.1988,1641.0,6,0,0,0,1,0,0,0,0,1.0,0,0,0,16,1,0,0,,1,39 56:20.997,4.0,0,75 11:48.501,0,0,0,0,67301,0,0,0,N,0,0,0,2,68K01,0,,1,9,,N,N,,0,,0,0,1,0,0,Y,1636,0,2,0,0,0,0,0,3,4,1,2,7,,N,,,,,,,,,,,
2009100596,1619.0,1,0,0,0,0,0,0,0,0,1,0,,67,9,2009,6,40.0692,-75.0073,1618.0,6,0,0,0,0,0,2,0,0,,0,0,0,16,1,2,1,,0,40 04:08.982,,0,75 00:26.173,8,0,0,0,67301,0,0,0,N,0,0,0,3,67301,0,,1,9,,N,N,,0,,0,0,1,3,2,,1615,2,2,0,0,0,2,0,3,4,0,2,7,,N,,,,,,,,,,,
2009100598,138.0,0,0,0,0,0,0,0,0,0,0,0,,67,9,2009,4,40.0229,-75.0345,134.0,6,0,0,0,0,0,0,0,0,9.0,0,0,0,1,3,1,0,,2,40 01:22.368,5.0,0,75 02:04.286,2,0,1,1,67301,0,0,0,,0,0,0,1,67301,0,,1,1,,N,N,,0,,0,1,0,0,0,Y,130,1,1,0,0,0,0,0,3,4,0,1,3,,N,,,,,,,,,,,
2009105979,1446.0,1,0,0,1,0,0,0,0,0,1,0,,67,9,2009,2,39.9389,-75.1579,1445.0,6,0,0,0,0,0,0,0,0,,0,0,0,14,1,1,0,,0,39 56:20.008,,0,75 09:28.330,4,0,0,0,67301,1,0,0,,0,0,0,2,67301,1,,1,1,,,,,0,,0,0,0,0,0,,1439,1,2,0,0,0,0,0,3,4,0,1,3,,N,,,,,,,,,,,
2009127294,1945.0,2,0,0,0,0,0,0,0,0,4,0,,67,12,2009,3,40.0619,-75.1367,1940.0,6,0,0,0,0,0,2,0,0,,0,0,0,19,3,1,1,,0,40 03:42.622,,0,75 08:12.011,4,0,0,0,67301,0,0,0,N,0,0,0,3,46102,1,,1,1,,N,N,,0,,0,0,0,3,2,,1935,1,3,0,0,0,0,0,3,4,1,3,3,,N,,,,,,,,,,,
2009108147,6.0,1,0,0,0,0,0,0,0,0,7,0,,67,10,2009,5,39.9204,-75.148,2359.0,6,0,0,0,1,0,0,0,0,1.0,0,0,0,23,3,1,0,,1,39 55:14.160,1.0,0,75 08:52.800,8,0,0,0,67301,0,0,0,N,0,0,0,2,68K01,0,,2,9,,N,N,,0,,0,0,0,0,0,N,2357,1,1,0,0,1,1,0,3,4,0,1,7,,N,,,,,,,,,,,
2009105717,20.0,0,0,0,0,0,0,0,0,0,4,0,,67,5,2009,6,40.0598,-75.1501,15.0,6,0,0,0,0,0,0,0,0,,0,0,0,0,3,2,1,,0,40 03:35.442,,0,75 09:00.370,8,0,0,0,67301,0,0,0,N,0,0,0,3,67301,0,,1,1,,N,N,,1,,0,0,1,3,2,,10,2,2,0,0,0,2,0,3,4,0,2,3,,N,,,,,,,,,,,
2009044217,1325.0,2,0,0,0,0,0,0,0,0,2,0,,67,3,2009,4,39.9331,-75.2386,1322.0,6,0,0,0,0,0,1,0,0,9.0,0,0,0,13,1,6,0,,2,39 55:59.094,5.0,0,75 14:19.057,8,0,0,0,67301,0,0,0,N,0,0,0,6,67301,0,,1,9,,N,N,,0,,0,0,0,0,0,Y,1305,6,2,0,0,0,6,0,3,4,0,2,7,,N,,,,,,,,,,,
2009020036,536.0,0,0,0,0,0,0,0,0,0,7,0,,67,2,2009,1,40.0832,-75.2067,532.0,6,0,0,0,1,0,0,0,0,3.0,0,0,0,5,3,0,0,,2,40 04:59.467,1.0,0,75 12:23.698,0,0,0,0,67301,0,0,0,Y,0,0,0,3,46108,0,,5,9,,N,N,,0,,0,0,1,0,0,Y,532,0,1,0,0,0,0,0,3,4,0,1,10,,N,,,,,,,,,,,
2009049316,1510.0,1,0,0,0,0,0,0,0,0,4,0,,67,4,2009,4,40.0171,-75.0847,1505.0,6,0,0,0,0,0,0,0,0,,0,0,0,15,1,1,1,,0,40 01:01.444,,0,75 05:04.984,8,0,0,0,67301,0,0,0,,0,0,0,5,67301,0,,1,1,,,,,0,,0,0,0,3,2,,1505,1,2,0,0,0,1,0,3,4,1,2,3,,N,,,,,,,,,,,
2009049484,1059.0,3,0,0,0,0,0,0,0,0,7,0,,67,4,2009,1,40.0263,-75.0974,1059.0,6,0,1,0,0,0,0,0,0,1.0,0,0,0,10,1,1,0,,1,40 01:35.039,1.0,0,75 05:51.380,4,0,0,0,67301,0,0,0,N,0,0,0,3,67301,1,,3,1,,N,N,,0,,0,0,0,3,2,N,1055,1,3,0,0,0,0,0,3,4,0,3,3,,N,,,,,,,,,,,
2009048754,2059.0,0,0,0,0,0,0,1,0,0,8,1,,67,4,2009,6,39.9604,-75.2411,2057.0,6,0,0,0,0,0,1,0,0,,0,0,0,20,3,1,1,,0,39 57:37.440,,0,75 14:27.600,3,0,0,0,67301,1,0,0,N,1,0,0,2,67301,0,,1,1,,N,N,,0,,1,0,0,3,2,,2055,1,2,0,0,0,0,0,3,4,0,1,3,,N,,,,,,,,,,,
2009048829,2015.0,2,0,0,0,0,0,0,0,0,4,0,,67,4,2009,6,40.0079,-75.1723,2015.0,6,0,0,1,0,0,0,0,0,,0,0,0,20,3,1,1,,0,40 00:28.440,,0,75 10:20.280,4,0,0,0,67301,0,0,0,,0,0,0,2,67301,1,,1,1,,,,,0,,0,0,0,3,2,,2015,1,2,0,0,0,0,0,3,4,0,2,3,,N,,,,,,,,,,,
2009117186,200.0,1,0,0,0,0,0,0,0,0,1,0,,67,11,2009,5,39.8909,-75.2384,147.0,6,0,0,0,0,0,1,0,0,,0,0,0,1,3,0,0,,0,39 53:26.883,,0,75 14:18.923,0,0,0,0,67301,0,0,0,N,0,0,0,2,68K01,0,,1,9,,N,N,,0,,0,0,1,0,0,,141,0,2,0,0,0,0,0,3,4,0,2,7,,N,,,,,,,,,,,
2009124913,1605.0,0,0,0,0,0,0,0,0,0,8,0,,67,11,2009,5,39.9524,-75.1549,1600.0,6,0,0,0,0,0,0,0,0,,0,0,0,15,1,1,1,,0,39 57:08.535,,0,75 09:17.776,8,0,0,0,67301,1,0,0,N,1,0,0,2,67301,0,,9,98,,N,N,,0,,0,0,0,9,9,,1500,1,2,0,0,0,1,1,3,4,0,1,99,,N,,,,,,,,,,,
2009048884,1505.0,3,0,0,0,0,0,0,0,0,1,0,,67,3,2009,6,39.9968,-75.1161,1500.0,6,0,0,0,0,0,1,0,0,,0,0,0,15,1,1,0,,0,39 59:48.509,,0,75 06:58.203,4,0,0,0,67301,0,0,0,,0,0,0,3,67301,1,,1,1,,,,,0,,0,0,0,0,0,,1500,1,3,0,0,0,0,0,3,4,0,3,3,,N,,,,,,,,,,,
2009048943,1618.0,1,0,0,0,0,0,0,0,0,2,0,,67,4,2009,7,40.0331,-75.107,1616.0,6,0,1,0,0,0,0,1,0,1.0,0,0,0,16,1,3,1,,1,40 01:58.442,3.0,0,75 06:24.271,3,0,0,0,67301,0,0,0,N,0,0,0,3,67301,1,,1,1,,N,N,,0,,2,0,1,3,2,N,1612,3,2,0,0,0,0,0,3,4,0,2,3,,N,,,,,,,,,,,
2009048945,1624.0,2,0,0,0,0,0,0,0,0,4,0,,67,4,2009,5,39.9778,-75.2134,1622.0,6,0,0,0,0,0,0,0,0,,0,0,0,15,1,0,1,,0,39 58:40.054,,0,75 12:48.645,0,0,0,0,67301,0,0,0,N,0,0,0,3,67301,0,,1,1,,N,N,,0,,0,0,0,3,2,,1543,0,2,0,0,0,0,0,3,4,0,2,3,,N,,,,,,,,,,,
2009038787,1835.0,0,0,0,0,0,0,0,0,0,8,0,,67,1,2009,3,39.9719,-75.1659,1825.0,6,0,0,0,0,0,0,0,0,,0,0,0,18,3,1,0,,0,39 58:18.672,,0,75 09:57.103,3,0,0,0,67301,1,0,0,N,1,0,0,2,67301,0,,1,2,,N,N,,0,,1,0,0,0,0,,1815,1,2,0,0,1,0,0,3,4,1,1,10,,N,,,,,,,,,,,
2009048986,1915.0,0,0,0,0,0,0,0,0,0,8,0,,67,4,2009,5,39.9172,-75.2463,1908.0,6,0,0,0,0,0,0,0,0,,0,0,0,99,1,1,1,,0,39 55:01.859,,0,75 14:46.691,3,0,0,0,67301,1,0,0,,1,0,0,2,67301,0,,1,1,,,,,0,,1,0,0,0,0,,9999,1,2,0,0,0,0,0,3,4,0,1,3,,N,,,,,,,,,,,
2009044125,713.0,1,0,0,0,0,0,0,0,0,1,0,,67,2,2009,3,40.0023,-75.1326,712.0,6,0,0,0,0,0,0,0,0,2.0,0,0,0,7,1,2,0,,2,40 00:08.143,2.0,0,75 07:57.212,4,0,0,0,67301,0,0,0,N,0,0,0,3,67301,2,,1,1,,N,,,1,,0,0,0,3,2,Y,712,2,2,0,0,0,0,0,3,4,0,2,3,,N,,,,,,,,,,,
2009008238,1804.0,3,0,0,0,0,0,0,0,0,1,0,,67,1,2009,5,39.9731,-75.1939,1759.0,6,0,0,0,0,0,0,0,0,1.0,0,0,0,17,3,2,0,,2,39 58:26.906,4.0,0,75 11:39.154,4,0,0,0,67301,0,0,0,N,0,0,0,6,68K01,2,,1,1,,N,N,,0,,0,0,0,0,0,N,1757,2,3,0,0,0,0,0,3,4,0,3,3,,N,,,,,,,,,,,
2009026019,1410.0,2,0,0,0,0,0,0,0,0,5,0,,67,1,2009,7,39.9498,-75.1555,1400.0,6,0,0,0,0,0,0,0,1,,0,0,0,13,1,1,1,,0,39 56:59.326,,7,75 09:19.840,4,0,0,0,67301,0,0,0,N,0,0,0,1,67301,1,,4,1,,N,N,,0,,0,0,0,3,2,,1345,1,2,0,0,0,0,0,3,4,0,2,3,,N,,,,,,,,,,,
2009026021,1527.0,0,0,0,0,0,0,0,0,0,4,0,,67,1,2009,6,40.0268,-75.027,1519.0,6,0,0,0,0,0,0,0,0,,0,0,0,15,1,0,1,,0,40 01:34.860,,0,75 01:39.976,0,0,0,0,67301,0,0,0,N,0,0,0,4,67301,0,,1,1,,N,N,,0,,0,0,1,3,2,,1518,0,2,0,0,0,0,0,3,4,1,2,3,,N,,,,,,,,,,,
2009026029,1835.0,1,0,0,0,0,0,0,0,0,4,0,,67,1,2009,3,39.9391,-75.1851,1830.0,6,0,0,0,0,0,0,0,0,1.0,0,0,0,18,3,2,1,,2,39 56:20.835,5.0,0,75 11:06.525,8,0,0,0,67301,0,0,0,N,0,0,0,4,67301,0,,1,1,,N,N,,0,,0,0,1,3,3,N,1820,2,2,0,0,0,2,0,3,4,0,2,3,,N,,,,,,,,,,,