CRN,ARRIVAL_TM,AUTOMOBILE_COUNT,BELTED_DEATH_COUNT,BELTED_SUSP_SERIOUS_INJ_COUNT,BICYCLE_COUNT,BICYCLE_DEATH_COUNT,BICYCLE_SUSP_SERIOUS_INJ_COUNT,BUS_COUNT,CHLDPAS_DEATH_COUNT,CHLDPAS_SUSP_SERIOUS_INJ_COUNT,COLLISION_TYPE,COMM_VEH_COUNT,CONS_ZONE_SPD_LIM,COUNTY,CRASH_MONTH,CRASH_YEAR,DAY_OF_WEEK,DEC_LAT,DEC_LONG,DISPATCH_TM,DISTRICT,DRIVER_COUNT_16YR,DRIVER_COUNT_17YR,DRIVER_COUNT_18YR,DRIVER_COUNT_19YR,DRIVER_COUNT_20YR,DRIVER_COUNT_50_64YR,DRIVER_COUNT_65_74YR,DRIVER_COUNT_75PLUS,EST_HRS_CLOSED,FATAL_COUNT,HEAVY_TRUCK_COUNT,HORSE_BUGGY_COUNT,HOUR_OF_DAY,ILLUMINATION,INJURY_COUNT,INTERSECT_TYPE,INTERSECTION_RELATED,LANE_CLOSED,LATITUDE,LN_CLOSE_DIR,LOCATION_TYPE,LONGITUDE,MAX_SEVERITY_LEVEL,MCYCLE_DEATH_COUNT,MCYCLE_SUSP_SERIOUS_INJ_COUNT,MOTORCYCLE_COUNT,MUNICIPALITY,NONMOTR_COUNT,NONMOTR_DEATH_COUNT,NONMOTR_SUSP_SERIOUS_INJ_COUNT,NTFY_HIWY_MAINT,PED_COUNT,PED_DEATH_COUNT,PED_SUSP_SERIOUS_INJ_COUNT,PERSON_COUNT,POLICE_AGCY,POSSIBLE_INJ_COUNT,RDWY_SURF_TYPE_CD,RELATION_TO_ROAD,ROAD_CONDITION,ROADWAY_CLEARED,SCH_BUS_IND,SCH_ZONE_IND,SECONDARY_CRASH,SMALL_TRUCK_COUNT,SPEC_JURIS_CD,SUSP_MINOR_INJ_COUNT,SUSP_SERIOUS_INJ_COUNT,SUV_COUNT,TCD_FUNC_CD,TCD_TYPE,TFC_DETOUR_IND,TIME_OF_DAY,TOT_INJ_COUNT,TOTAL_UNITS,UNB_DEATH_COUNT,UNB_SUSP_SERIOUS_INJ_COUNT,UNBELTED_OCC_COUNT,UNK_INJ_DEG_COUNT,UNK_INJ_PER_COUNT,URBAN_AREA,URBAN_RURAL,VAN_COUNT,VEHICLE_COUNT,WEATHER1,WEATHER2,WORK_ZONE_IND,WORK_ZONE_LOC,WORK_ZONE_TYPE,WORKERS_PRES,WZ_CLOSE_DETOUR,WZ_FLAGGER,WZ_LAW_OFFCR_IND,WZ_LN_CLOSURE,WZ_MOVING,WZ_OTHER,WZ_SHLDER_MDN,WZ_WORKERS_INJ_KILLED
2009026088,1525.0,2,0,0,0,0,0,0,0,0,1,0,,67,1,2009,6,40.0592,-75.21,1522.0,6,0,0,0,0,0,0,0,0,,0,0,0,15,1,1,0,,0,40 03:33.086,,0,75 12:36.161,8,0,0,0,67301,0,0,0,N,0,0,0,1,67301,0,,5,1,,N,N,,0,,0,0,1,0,0,,1521,1,4,0,0,0,1,0,3,4,1,4,3,,N,,,,,,,,,,,
2009105763,1342.0,2,0,0,0,0,0,0,0,0,4,0,,67,10,2009,6,40.0189,-75.0495,1337.0,6,0,0,0,0,0,0,0,0,,0,0,0,13,1,1,1,,0,40 01:08.120,,0,75 02:58.216,3,0,0,0,67301,0,0,0,N,0,0,0,5,67301,0,,1,1,,N,N,,0,,1,0,0,3,3,,1337,1,2,0,0,0,0,0,3,4,0,2,3,,N,,,,,,,,,,,
2009105918,2159.0,2,0,0,0,0,0,0,0,0,6,0,,67,10,2009,6,39.9609,-75.2118,2156.0,6,0,0,0,0,0,1,0,0,,0,0,0,21,3,1,0,,0,39 57:39.268,,0,75 12:42.465,3,0,0,0,67301,0,0,0,N,0,0,0,1,67301,0,,1,1,,N,N,,0,,1,0,0,0,0,,2159,1,2,0,0,0,0,0,3,4,0,2,3,,N,,,,,,,,,,,
2009100801,1810.0,2,0,0,0,0,0,0,0,0,1,0,,67,9,2009,4,39.947,-75.1647,1800.0,6,0,0,0,0,0,0,0,0,,0,0,0,5,1,1,1,,0,39 56:49.175,,0,75 09:53.386,4,0,0,0,67301,0,0,0,N,0,0,0,2,67301,1,,1,1,,N,N,,0,,0,0,0,3,2,,550,1,2,0,0,0,0,0,3,4,0,2,3,,N,,,,,,,,,,,
2009100541,1724.0,1,0,0,1,0,0,0,0,0,4,0,,67,9,2009,1,39.9873,-75.1718,1704.0,6,0,0,0,0,0,1,0,0,,0,0,0,17,1,1,2,,0,39 59:14.456,,7,75 10:18.487,4,0,0,0,67301,1,0,0,,0,0,0,2,67301,1,,1,1,,N,N,,0,,0,0,0,0,0,,1704,1,2,0,0,0,0,0,3,4,0,1,3,,N,,,,,,,,,,,
2009100567,2015.0,6,0,0,0,0,0,0,0,0,6,0,,67,9,2009,5,39.9807,-75.1058,2015.0,6,0,0,0,0,0,2,0,0,,0,0,0,20,3,2,0,,0,39 58:50.184,,0,75 06:21.342,3,0,0,0,67301,0,0,0,,0,0,0,4,67301,1,,1,9,,,,,1,,1,0,0,0,0,,2000,2,7,0,0,2,0,0,3,4,0,7,7,,N,,,,,,,,,,,
2009030817,2351.0,2,0,0,0,0,0,0,0,0,4,0,,67,2,2009,6,40.014,-75.1579,2350.0,6,0,0,0,0,0,1,0,0,,0,0,0,23,3,1,1,,0,40 00:50.481,,0,75 09:28.780,4,0,0,0,67301,0,0,0,,0,0,0,2,67301,1,,1,1,,,,,0,,0,0,0,0,0,,2349,1,2,0,0,0,0,0,3,4,0,2,3,,N,,,,,,,,,,,
2009030819,2338.0,1,0,0,0,0,0,0,0,0,7,0,,67,2,2009,6,40.0227,-75.1482,2330.0,6,0,0,0,0,0,0,0,0,,0,0,0,23,3,0,1,,0,40 01:22.315,,0,75 08:53.787,0,0,0,0,67301,0,0,0,N,0,0,0,1,67301,0,,3,2,,N,N,,0,,0,0,0,3,2,,2330,0,1,0,0,0,0,0,3,4,0,1,3,,N,,,,,,,,,,,
2009025905,558.0,1,0,0,0,0,0,0,0,0,5,0,,67,1,2009,6,39.9433,-75.1472,555.0,6,0,0,0,0,0,0,0,0,,0,0,0,99,3,1,0,,0,39 56:35.808,,0,75 08:49.966,4,0,0,0,67301,0,0,0,N,0,0,0,2,67301,1,,1,1,,N,N,,0,,0,0,1,0,0,,9999,1,2,0,0,0,0,0,3,4,0,2,3,,N,,,,,,,,,,,
2009032869,1955.0,1,0,0,0,0,0,0,0,0,6,0,,67,2,2009,6,39.9956,-75.1676,1945.0,6,0,0,0,0,0,1,0,0,,0,0,0,19,3,2,1,,0,39 59:44.224,,0,75 10:03.233,4,0,0,0,67301,0,0,0,,0,0,0,3,67301,2,,1,6,,,,,0,,0,0,1,3,2,,1940,2,2,0,0,0,0,0,3,4,0,2,3,,N,,,,,,,,,,,
2009111717,1505.0,1,0,0,0,0,0,0,0,0,8,0,,67,9,2009,2,39.958,-75.2335,1505.0,6,0,0,0,0,0,1,0,0,,0,0,0,15,1,1,1,,0,39 57:28.628,,0,75 14:00.595,8,0,0,0,67301,1,0,0,N,1,0,0,2,67301,0,,1,9,,N,N,,0,,0,0,0,3,2,,1505,1,2,0,0,0,1,0,3,4,0,1,7,,N,,,,,,,,,,,
2009111760,2012.0,1,0,0,0,0,0,0,0,0,8,0,,67,10,2009,3,40.0689,-75.1818,2011.0,6,0,0,0,0,0,0,0,0,,0,0,0,20,3,1,1,,0,40 04:08.025,,0,75 10:54.330,8,0,0,0,67301,1,0,0,N,1,0,0,3,67301,0,,1,1,,N,N,,0,,0,0,0,3,2,,2002,1,2,0,0,0,1,0,3,4,0,1,3,,N,,,,,,,,,,,
2009111794,1210.0,1,0,0,0,0,0,0,0,0,8,0,,67,10,2009,1,39.9863,-75.1561,1200.0,6,0,0,0,0,0,0,1,0,,0,0,0,99,1,1,1,,0,39 59:10.572,,0,75 09:22.129,4,0,0,0,67301,1,0,0,N,1,0,0,2,67301,1,,1,1,,N,N,,0,,0,0,0,3,2,,9999,1,2,0,0,0,0,0,3,4,0,1,3,,N,,,,,,,,,,,
2009125109,1837.0,2,0,0,0,0,0,0,0,0,4,0,,67,11,2009,1,40.0176,-75.065,1832.0,6,0,0,0,0,0,2,0,0,1.0,0,0,0,18,3,2,1,,1,40 01:03.302,1.0,0,75 03:54.743,8,0,0,0,67301,0,0,0,N,0,0,0,2,67301,0,,1,1,,N,N,,0,,0,0,0,3,2,N,1832,2,2,0,0,0,2,0,3,4,0,2,3,,N,,,,,,,,,,,
2009125158,2350.0,1,0,0,0,0,0,0,0,0,5,0,,67,11,2009,1,40.0095,-75.1528,2349.0,6,0,0,0,0,0,1,0,0,,0,0,0,23,3,2,1,,0,40 00:34.013,,0,75 09:09.847,4,0,0,0,67301,0,0,0,N,0,0,0,2,67301,2,,1,1,,N,N,,0,,0,0,0,3,2,,2345,2,2,0,0,0,0,0,3,4,1,2,3,,N,,,,,,,,,,,
2009125177,150.0,0,0,0,0,0,0,0,0,0,2,0,,67,10,2009,4,39.9573,-75.2479,145.0,6,0,0,0,0,0,0,0,0,,0,0,0,1,6,1,1,,0,39 57:26.251,,0,75 14:52.347,8,0,0,0,67301,1,0,0,N,1,0,0,2,67301,0,,1,1,,N,N,,1,,0,0,0,3,2,,140,1,2,0,0,0,1,0,3,4,0,1,3,,N,,,,,,,,,,,
2009125188,2309.0,2,0,0,0,0,0,0,0,0,5,0,,67,11,2009,6,40.004,-75.1396,2304.0,6,0,0,0,0,0,0,0,0,3.0,0,0,0,23,3,0,0,,2,40 00:14.518,2.0,0,75 08:22.700,0,0,0,0,67301,0,0,0,N,0,0,0,2,67301,0,,1,1,,N,N,,1,,0,0,1,3,2,Y,2304,0,4,0,0,2,0,0,3,4,0,4,3,,N,,,,,,,,,,,
2009094671,2128.0,2,0,0,0,0,0,0,0,0,5,1,,67,9,2009,5,40.0035,-75.1945,2119.0,6,0,0,0,0,0,1,0,1,,0,1,0,21,3,0,0,,0,40 00:12.600,,0,75 11:40.200,0,0,0,0,67301,0,0,0,N,0,0,0,3,68K01,0,,1,9,,N,N,,0,,0,0,0,0,0,,2117,0,3,0,0,0,0,0,3,4,0,3,7,,N,,,,,,,,,,,
2009055362,1654.0,2,0,0,0,0,0,0,0,0,1,0,,67,5,2009,1,40.0481,-74.999,1647.0,6,0,0,0,0,0,1,0,0,,0,0,0,16,1,0,0,,0,40 02:53.160,,0,74 59:56.040,0,0,0,0,67301,0,0,0,N,0,0,0,5,68K01,0,,1,1,,N,N,,0,,0,0,0,0,0,,1629,0,2,0,0,0,0,0,3,4,0,2,3,,N,,,,,,,,,,,
2009086954,1630.0,2,0,0,0,0,0,0,0,0,1,0,,67,8,2009,4,40.0454,-75.0021,1624.0,6,0,0,0,0,0,0,0,0,,0,0,0,16,1,0,0,,0,40 02:43.589,,0,75 00:07.587,0,0,0,0,67301,0,0,0,N,0,0,0,7,68K01,0,,1,1,,N,N,,1,,0,0,0,0,0,,1620,0,3,0,0,0,0,0,3,4,0,3,3,,N,,,,,,,,,,,
2009079616,946.0,1,0,0,0,0,0,0,0,0,1,0,,67,7,2009,5,39.9914,-75.0863,943.0,6,0,0,0,1,0,0,0,0,,0,0,0,9,1,0,0,,0,39 59:28.680,,0,75 05:11.040,0,0,0,0,67301,0,0,0,N,0,0,0,2,68K01,0,,1,1,,N,N,,0,,0,0,0,0,0,,928,0,2,0,0,0,0,0,3,4,1,2,3,,N,,,,,,,,,,,
2009105957,1130.0,0,0,0,0,0,0,0,0,0,2,0,,67,9,2009,7,39.9239,-75.225,9999.0,6,0,0,0,0,0,1,0,0,,0,0,0,11,1,0,1,,0,39 55:25.928,,0,75 13:29.863,0,0,0,0,67301,0,0,0,N,0,0,0,2,67301,0,,1,1,,N,N,,0,,0,0,1,3,2,,1130,0,2,0,0,0,0,0,3,4,1,2,3,,N,,,,,,,,,,,
2009105959,1927.0,0,0,0,0,0,0,0,0,0,1,0,,67,9,2009,2,39.9473,-75.2269,1925.0,6,0,0,0,0,0,1,0,0,,0,0,0,19,3,1,1,,0,39 56:50.225,,0,75 13:36.792,8,0,0,0,67301,0,0,0,N,0,0,0,6,67301,0,,1,1,,N,N,,1,,0,0,2,3,2,,1923,1,3,0,0,0,1,0,3,4,0,3,3,,N,,,,,,,,,,,
2009044270,9999.0,2,0,0,0,0,0,0,0,0,4,0,,67,3,2009,6,40.0012,-75.1254,9999.0,6,0,1,0,0,0,0,0,0,,0,0,0,99,3,1,1,,0,40 00:04.269,,0,75 07:31.511,4,0,0,0,67301,0,0,0,,0,0,0,2,67301,1,,1,1,,,,,0,,0,0,0,0,0,,9999,1,2,0,0,0,0,0,3,4,0,2,3,,N,,,,,,,,,,,
2009019579,1958.0,1,0,0,0,0,0,0,0,0,1,0,,67,2,2009,7,40.0077,-75.2018,1949.0,6,0,0,0,0,0,0,1,0,2.0,0,0,0,19,3,0,0,,2,40 00:28.175,3.0,0,75 12:07.247,0,0,0,0,67301,0,0,0,N,0,0,0,2,68K01,0,,1,1,,N,N,,0,,0,0,1,0,0,N,1942,0,2,0,0,0,0,0,3,4,0,2,3,,N,,,,,,,,,,,
2009049523,1130.0,3,0,0,0,0,0,0,0,0,5,0,,67,4,2009,2,39.9868,-75.2484,1130.0,6,0,0,0,0,0,0,0,0,3.0,0,0,0,11,1,1,0,,1,39 59:12.505,1.0,0,75 14:54.230,8,0,0,0,67301,0,0,0,N,0,0,0,1,67301,0,,2,1,,N,N,,0,,0,0,1,0,0,N,1128,1,4,0,0,0,1,0,3,4,0,4,3,,N,,,,,,,,,,,
2009049541,806.0,2,0,0,0,0,0,0,0,0,1,0,,67,4,2009,2,40.0191,-75.045,801.0,6,0,0,0,0,0,0,0,0,1.0,0,0,0,7,1,1,0,,1,40 01:09.109,2.0,0,75 02:41.420,4,0,0,0,67301,0,0,0,N,0,0,0,2,67301,1,,1,9,,N,N,,0,,0,0,0,3,2,N,757,1,2,0,0,0,0,1,3,4,0,2,7,,N,,,,,,,,,,,
2009049422,940.0,1,0,0,0,0,0,0,0,0,7,0,,67,3,2009,7,39.9225,-75.1909,938.0,6,0,0,1,0,0,0,0,0,1.0,0,0,0,99,1,1,0,,2,39 55:20.560,4.0,0,75 11:26.880,8,0,0,0,67301,0,0,0,N,0,0,0,1,67301,0,,2,9,,N,N,,0,,0,0,0,0,0,N,9999,1,1,0,0,0,1,0,3,4,0,1,7,,N,,,,,,,,,,,
2009049423,141.0,1,0,0,0,0,0,0,0,0,4,0,,67,4,2009,7,39.9242,-75.1779,139.0,6,0,0,0,0,0,1,0,0,,0,0,0,1,3,0,1,,0,39 55:26.986,,0,75 10:40.479,0,0,0,0,67301,0,0,0,N,0,0,0,3,67301,0,,1,1,,N,N,,0,,0,0,1,3,2,,137,0,3,0,0,0,0,0,3,4,1,3,3,,N,,,,,,,,,,,
2009049464,1303.0,1,0,0,0,0,0,0,0,0,0,0,,67,4,2009,6,39.9817,-75.1886,1258.0,6,0,0,0,0,0,0,0,0,,0,0,0,12,1,0,0,,0,39 58:54.280,,0,75 11:18.878,0,0,0,0,67301,0,0,0,,0,0,0,1,67301,0,,1,1,,,,,0,,0,0,0,0,0,,1256,0,1,0,0,0,0,0,3,4,0,1,3,,N,,,,,,,,,,,
2009049503,1620.0,1,0,0,0,0,0,0,0,0,8,0,,67,3,2009,5,40.0699,-75.1572,1616.0,6,0,0,0,0,0,0,0,0,,0,0,0,15,1,1,1,,0,40 04:11.773,,0,75 09:25.779,3,0,0,0,67301,1,0,0,N,1,0,0,2,67301,0,,1,1,,N,N,,0,,1,0,0,3,2,,1540,1,2,0,0,0,0,1,3,4,0,1,3,,N,,,,,,,,,,,
2009048794,515.0,3,0,0,0,0,0,0,0,0,4,0,,67,3,2009,4,39.9566,-75.2098,459.0,6,0,0,0,0,0,0,0,0,,0,0,0,4,3,0,1,,0,39 57:23.633,,0,75 12:35.044,9,0,0,0,67301,0,0,0,N,0,0,0,3,67301,0,,1,1,,N,N,,0,,0,0,0,3,2,,457,0,3,0,0,0,0,1,3,4,0,3,3,,N,,,,,,,,,,,
2009124858,835.0,1,0,0,1,0,0,0,0,0,2,0,,67,11,2009,2,39.9844,-75.113,832.0,6,0,0,0,0,0,0,0,0,,0,0,0,7,1,1,2,,0,39 59:03.710,,0,75 06:46.713,4,0,0,0,67301,1,0,0,N,0,0,0,4,67301,1,,1,1,,N,N,,0,,0,0,0,3,3,,745,1,2,0,0,0,0,0,3,4,0,1,3,,N,,,,,,,,,,,
2009043739,203.0,0,0,0,0,0,0,0,0,0,7,0,,67,3,2009,2,39.9335,-75.1997,145.0,6,0,0,0,1,0,0,0,0,3.0,1,0,0,1,3,2,0,,2,39 56:00.511,1.0,0,75 11:59.007,1,0,0,0,67301,0,0,0,N,0,0,0,3,67301,0,2.0,5,1,,N,N,,1,0.0,1,1,0,0,0,Y,144,2,1,1,0,1,0,0,3,4,0,1,3,,N,,,,,,,,,,,
2009124914,140.0,0,0,0,0,0,0,0,0,0,1,0,,67,11,2009,7,39.9806,-75.1708,135.0,6,0,0,0,0,0,0,0,0,,0,0,0,1,3,1,0,,0,39 58:50.211,,0,75 10:14.993,8,0,0,0,67301,2,0,0,N,0,0,0,2,67301,0,,6,1,,N,N,,0,,0,0,0,0,0,,130,1,2,0,0,0,1,0,3,4,1,2,3,,N,,,,,,,,,,,
2009125067,2050.0,1,0,0,0,0,0,0,0,0,4,0,,67,11,2009,1,40.0405,-75.0589,2044.0,6,0,0,0,0,0,0,0,0,,0,0,0,20,3,1,5,,0,40 02:25.798,,0,75 03:31.964,8,0,0,0,67301,0,0,0,N,0,0,0,4,67301,0,,1,1,,N,N,,0,,0,0,0,3,2,,2044,1,2,0,0,4,1,0,3,4,1,2,3,,N,,,,,,,,,,,
2009045939,1945.0,1,0,0,0,0,0,0,0,0,1,0,,67,4,2009,5,39.9597,-75.1762,1945.0,6,0,0,0,0,0,0,0,0,1.0,0,0,0,19,1,0,0,,1,39 57:35.738,4.0,0,75 10:41.579,0,0,0,0,67301,0,0,0,N,0,0,0,2,68K01,0,,1,1,,N,N,,0,,0,0,1,0,0,N,1945,0,2,0,0,0,0,0,3,4,0,2,3,,N,,,,,,,,,,,
2009048973,1553.0,1,0,0,0,0,0,0,0,0,8,0,,67,3,2009,5,39.9527,-75.1578,1549.0,6,0,0,0,0,0,1,0,0,,0,0,0,99,1,1,1,,0,39 57:09.766,,0,75 09:27.917,8,0,0,0,67301,1,0,0,N,1,0,0,2,67301,0,,1,9,,N,N,,0,,0,0,0,3,2,,9999,1,2,0,0,1,1,0,3,4,0,1,3,,N,,,,,,,,,,,
2009044129,1414.0,0,0,0,0,0,0,0,0,0,6,0,,67,1,2009,6,39.9238,-75.1655,1412.0,6,0,0,0,0,0,0,0,1,,0,0,0,14,1,1,1,,0,39 55:24.550,,0,75 09:45.954,4,0,0,0,67301,0,0,0,,0,0,0,2,67301,1,,1,1,,,,,0,,0,0,1,3,2,,1411,1,2,0,0,0,0,0,3,4,1,2,3,,N,,,,,,,,,,,
2009048697,628.0,1,0,0,0,0,0,0,0,0,1,0,,67,4,2009,5,40.1137,-75.0049,628.0,6,0,0,0,0,0,0,0,0,2.0,0,0,0,6,5,0,0,,1,40 06:49.402,3.0,0,75 00:17.686,0,0,0,0,67301,0,0,0,,0,0,0,3,67301,0,,1,1,,,,,1,,0,0,0,0,0,N,615,0,2,0,0,0,0,0,3,4,0,2,3,,N,,,,,,,,,,,
2009048702,2030.0,0,0,0,0,0,0,0,0,0,8,0,,67,4,2009,4,39.9961,-75.1196,1900.0,6,0,0,0,0,0,0,0,0,,0,0,0,99,3,1,0,,0,39 59:46.133,,0,75 07:10.565,4,0,0,0,67301,1,0,0,N,1,0,0,2,67301,1,,6,1,,N,N,,0,,0,0,0,0,0,,9999,1,2,0,0,0,0,0,3,4,0,1,3,,N,,,,,,,,,,,
2009041645,25.0,2,0,0,0,0,0,0,0,0,6,0,,67,3,2009,7,40.0301,-75.0219,19.0,6,0,0,0,0,0,0,0,0,1.0,0,0,0,0,2,1,0,,2,40 01:49.122,1.0,0,75 01:18.216,4,0,0,0,67301,0,0,0,N,0,0,0,2,68K01,1,,1,1,,N,N,,0,,0,0,0,0,0,N,10,1,2,0,0,0,0,1,3,4,0,2,3,,N,,,,,,,,,,,
2009008237,730.0,0,0,0,0,0,0,0,0,0,7,0,,67,1,2009,7,39.9589,-75.1403,727.0,6,0,0,1,0,0,0,0,0,1.0,0,0,0,7,5,2,0,,2,39 57:26.320,1.0,2,75 08:26.511,4,0,0,0,67301,0,0,0,N,0,0,0,2,68K01,2,,3,9,,N,N,,0,,0,0,0,0,0,N,723,2,1,0,0,0,0,0,3,4,1,1,10,,N,,,,,,,,,,,
2009008633,1519.0,2,0,0,0,0,0,0,0,0,1,0,,67,1,2009,6,39.9699,-75.1927,1519.0,6,0,0,0,0,0,0,0,0,2.0,0,0,0,15,1,4,0,,1,39 58:15.380,3.0,0,75 11:35.565,4,0,0,0,67301,0,0,0,N,0,0,0,4,68K01,4,,1,1,,N,N,,0,,0,0,1,0,0,N,1519,4,3,0,0,1,0,0,3,4,0,3,3,,N,,,,,,,,,,,
2009049070,2345.0,1,0,0,0,0,0,0,0,0,7,0,,67,4,2009,7,40.0253,-75.0271,2338.0,6,0,0,0,0,0,0,0,0,,0,0,0,23,3,1,2,,0,40 01:31.108,,0,75 01:37.531,3,0,0,0,67301,0,0,0,N,0,0,0,2,67301,0,,1,1,,N,N,,0,,1,0,0,0,0,,2325,1,1,0,0,1,0,0,3,4,0,1,3,,N,,,,,,,,,,,
2009017397,126.0,0,0,0,0,0,0,0,0,0,0,0,,67,1,2009,4,40.023,-75.0364,123.0,6,0,0,0,0,0,0,0,0,1.0,0,0,0,1,3,1,0,,1,40 01:22.440,2.0,0,75 02:11.040,8,0,0,0,67301,0,0,0,Y,0,0,0,1,68K01,0,,1,2,,N,N,,1,,0,0,0,0,0,N,121,1,1,0,0,0,1,0,3,4,0,1,7,,N,,,,,,,,,,,
2009049221,1238.0,1,0,0,0,0,0,0,0,0,8,0,,67,3,2009,5,40.0269,-75.0593,1234.0,6,0,0,0,0,0,0,0,0,,0,0,0,15,1,1,1,,0,40 01:36.820,,0,75 03:33.461,4,0,0,0,67301,1,0,0,N,1,0,0,2,67301,1,,1,9,,N,N,,0,,0,0,0,3,3,,1500,1,2,0,0,0,0,0,3,4,0,1,7,,N,,,,,,,,,,,
2009049234,1220.0,2,0,0,0,0,0,0,0,0,5,0,,67,4,2009,5,39.9947,-75.1474,1216.0,6,0,0,0,0,0,0,0,0,,0,0,0,12,1,1,0,,0,39 59:40.762,,0,75 08:50.753,4,0,0,0,67301,0,0,0,,0,0,0,2,67301,1,,1,1,,,,,0,,0,0,0,0,0,,1205,1,2,0,0,0,0,0,3,4,0,2,3,,N,,,,,,,,,,,
2009049284,1620.0,2,0,0,0,0,0,0,0,0,2,0,,67,4,2009,4,40.0107,-75.1508,1614.0,6,0,0,0,0,0,0,0,0,,0,0,0,16,1,1,1,,0,40 00:38.545,,0,75 09:02.934,4,0,0,0,67301,0,0,0,N,0,0,0,2,67301,1,,1,9,,N,N,,0,,0,0,0,0,0,,1605,1,2,0,0,0,0,0,3,4,0,2,7,,N,,,,,,,,,,,
2009040347,835.0,2,0,0,0,0,0,0,0,0,1,0,,67,3,2009,1,39.9057,-75.1939,835.0,6,0,0,0,0,0,0,1,0,,0,0,0,8,1,1,1,,0,39 54:20.520,,0,75 11:37.680,4,0,0,0,67301,0,0,0,N,0,0,0,3,67301,1,,1,9,,N,N,,0,,0,0,0,0,0,,835,1,2,0,0,0,0,0,3,4,0,2,3,,N,,,,,,,,,,,
2009026066,2305.0,0,0,0,0,0,0,0,0,0,4,0,,67,1,2009,3,40.0016,-75.1285,2300.0,6,0,0,0,0,0,0,0,0,,0,0,0,22,3,0,0,,0,40 00:05.713,,0,75 07:42.693,0,0,0,0,67301,0,0,0,,0,0,0,2,67301,0,,1,9,,N,N,,1,,0,0,0,0,0,,2215,0,2,0,0,0,0,0,3,4,0,2,7,,N,,,,,,,,,,,
2009044879,820.0,1,0,0,0,0,0,0,0,0,8,0,,67,3,2009,5,39.9702,-75.1451,810.0,6,0,0,0,0,0,1,0,0,,0,0,0,8,1,1,2,,0,39 58:12.551,,0,75 08:42.063,3,0,0,0,67301,1,0,0,,1,0,0,2,67301,0,,1,1,,N,N,,0,,1,0,0,9,2,,800,1,2,0,0,0,0,0,3,4,0,1,3,,N,,,,,,,,,,,
2009105758,1609.0,3,0,0,0,0,0,0,0,0,4,0,,67,10,2009,2,40.0403,-75.0584,1607.0,6,0,0,0,1,0,1,0,0,2.0,0,0,0,15,1,3,1,,2,40 02:24.861,3.0,0,75 03:30.268,3,0,0,0,67301,0,0,0,N,0,0,0,8,67301,1,,1,1,,N,N,,0,,2,0,1,3,2,Y,1529,3,4,0,0,0,0,0,3,4,0,4,3,,N,,,,,,,,,,,
2009120509,1609.0,1,0,0,0,0,0,0,0,0,4,0,,67,10,2009,1,40.0491,-75.0625,1607.0,6,0,0,0,1,0,1,0,0,3.0,0,0,0,16,1,2,2,,1,40 02:56.762,3.0,0,75 03:44.902,2,0,1,1,67301,0,0,0,N,0,0,0,4,67301,1,,1,1,,N,N,,0,,0,1,0,2,2,Y,1607,2,2,0,0,0,0,0,3,4,0,2,3,,N,,,,,,,,,,,
2009097918,910.0,1,0,0,0,0,0,0,0,0,1,0,,67,9,2009,2,39.9708,-75.1931,903.0,6,0,0,0,0,0,0,0,0,,0,0,0,9,1,0,0,,0,39 58:16.886,,0,75 11:36.067,0,0,0,0,67301,0,0,0,N,0,0,0,2,68K01,0,,1,1,,N,N,,1,,0,0,0,0,0,,902,0,2,0,0,0,0,0,3,4,0,2,3,,N,,,,,,,,,,,
2009105802,1120.0,1,0,0,0,0,0,0,0,0,4,1,,67,9,2009,6,39.9026,-75.2283,1105.0,6,0,0,0,0,0,0,0,0,,0,1,0,11,1,1,0,,0,39 54:09.307,,0,75 13:41.798,3,0,0,0,67301,0,0,0,,0,0,0,2,67301,0,,1,1,,,,,1,,1,0,0,0,0,,1105,1,3,0,0,0,0,0,3,4,0,3,3,,N,,,,,,,,,,,
2009105803,1730.0,1,0,0,0,0,0,0,0,0,5,0,,67,10,2009,6,39.9065,-75.2352,1705.0,6,0,0,0,0,0,1,0,0,,0,0,0,17,1,3,2,,0,39 54:23.410,,7,75 14:06.655,4,0,0,0,67301,0,0,0,N,0,0,0,3,67301,3,,1,1,,N,N,,1,,0,0,0,3,2,,1705,3,2,0,0,0,0,0,3,4,0,2,3,,N,,,,,,,,,,,
2009097445,1140.0,2,0,0,0,0,0,0,0,0,1,0,,67,9,2009,3,40.0521,-75.0513,1131.0,6,0,0,0,0,0,1,0,0,,0,0,0,11,1,1,2,,0,40 03:07.402,,0,75 03:04.520,3,0,0,0,67301,0,0,0,N,0,0,0,2,67301,0,,1,1,,N,N,,0,,1,0,0,3,3,,1120,1,2,0,0,0,0,0,3,4,0,2,3,,N,,,,,,,,,,,
2009107869,218.0,1,0,0,0,0,0,0,0,0,7,0,,67,10,2009,7,39.9744,-75.1949,216.0,6,0,0,0,0,0,0,0,0,2.0,0,0,0,2,3,0,0,,2,39 58:27.983,4.0,2,75 11:41.461,9,0,0,0,67301,0,0,0,N,0,0,0,1,68K01,0,,2,9,,N,N,,0,,0,0,0,0,0,Y,213,0,1,0,0,0,0,1,3,4,0,1,3,,N,,,,,,,,,,,