CRN,ARRIVAL_TM,AUTOMOBILE_COUNT,BELTED_DEATH_COUNT,BELTED_SUSP_SERIOUS_INJ_COUNT,BICYCLE_COUNT,BICYCLE_DEATH_COUNT,BICYCLE_SUSP_SERIOUS_INJ_COUNT,BUS_COUNT,CHLDPAS_DEATH_COUNT,CHLDPAS_SUSP_SERIOUS_INJ_COUNT,COLLISION_TYPE,COMM_VEH_COUNT,CONS_ZONE_SPD_LIM,COUNTY,CRASH_MONTH,CRASH_YEAR,DAY_OF_WEEK,DEC_LAT,DEC_LONG,DISPATCH_TM,DISTRICT,DRIVER_COUNT_16YR,DRIVER_COUNT_17YR,DRIVER_COUNT_18YR,DRIVER_COUNT_19YR,DRIVER_COUNT_20YR,DRIVER_COUNT_50_64YR,DRIVER_COUNT_65_74YR,DRIVER_COUNT_75PLUS,EST_HRS_CLOSED,FATAL_COUNT,HEAVY_TRUCK_COUNT,HORSE_BUGGY_COUNT,HOUR_OF_DAY,ILLUMINATION,INJURY_COUNT,INTERSECT_TYPE,INTERSECTION_RELATED,LANE_CLOSED,LATITUDE,LN_CLOSE_DIR,LOCATION_TYPE,LONGITUDE,MAX_SEVERITY_LEVEL,MCYCLE_DEATH_COUNT,MCYCLE_SUSP_SERIOUS_INJ_COUNT,MOTORCYCLE_COUNT,MUNICIPALITY,NONMOTR_COUNT,NONMOTR_DEATH_COUNT,NONMOTR_SUSP_SERIOUS_INJ_COUNT,NTFY_HIWY_MAINT,PED_COUNT,PED_DEATH_COUNT,PED_SUSP_SERIOUS_INJ_COUNT,PERSON_COUNT,POLICE_AGCY,POSSIBLE_INJ_COUNT,RDWY_SURF_TYPE_CD,RELATION_TO_ROAD,ROAD_CONDITION,ROADWAY_CLEARED,SCH_BUS_IND,SCH_ZONE_IND,SECONDARY_CRASH,SMALL_TRUCK_COUNT,SPEC_JURIS_CD,SUSP_MINOR_INJ_COUNT,SUSP_SERIOUS_INJ_COUNT,SUV_COUNT,TCD_FUNC_CD,TCD_TYPE,TFC_DETOUR_IND,TIME_OF_DAY,TOT_INJ_COUNT,TOTAL_UNITS,UNB_DEATH_COUNT,UNB_SUSP_SERIOUS_INJ_COUNT,UNBELTED_OCC_COUNT,UNK_INJ_DEG_COUNT,UNK_INJ_PER_COUNT,URBAN_AREA,URBAN_RURAL,VAN_COUNT,VEHICLE_COUNT,WEATHER1,WEATHER2,WORK_ZONE_IND,WORK_ZONE_LOC,WORK_ZONE_TYPE,WORKERS_PRES,WZ_CLOSE_DETOUR,WZ_FLAGGER,WZ_LAW_OFFCR_IND,WZ_LN_CLOSURE,WZ_MOVING,WZ_OTHER,WZ_SHLDER_MDN,WZ_WORKERS_INJ_KILLED
2009100167,1904.0,1,0,0,0,0,0,0,0,0,4,0,,67,8,2009,5,40.0407,-75.1584,1858.0,6,0,0,0,0,0,1,0,0,,0,0,0,17,1,1,2,,0,40 02:26.566,,0,75 09:30.254,8,0,0,0,67301,0,0,0,N,0,0,0,6,67301,0,,1,1,,N,N,,0,,0,0,1,3,3,,1752,1,3,0,0,0,1,0,3,4,1,3,3,,N,,,,,,,,,,,
2009081855,2000.0,1,0,0,0,0,0,0,0,0,5,0,,67,7,2009,3,39.9071,-75.2236,1955.0,6,0,0,0,0,0,0,0,0,2.0,0,0,0,19,4,0,0,,1,39 54:25.592,4.0,0,75 13:24.842,0,0,0,0,67301,0,0,0,N,0,0,0,3,67301,0,,1,1,,N,N,,0,,0,0,1,0,0,Y,1955,0,2,0,0,0,0,0,3,4,0,2,3,,N,,,,,,,,,,,
2009079524,1022.0,1,0,0,0,0,0,0,0,0,7,0,,67,6,2009,7,39.8825,-75.226,1016.0,6,0,0,0,0,0,0,0,0,,0,0,0,10,1,2,0,,0,39 52:56.960,,0,75 13:33.723,4,0,0,0,67301,0,0,0,Y,0,0,0,3,67301,2,,5,1,,N,N,,0,,0,0,0,0,0,,1014,2,1,0,0,0,0,0,3,4,0,1,3,,N,,,,,,,,,,,
2009100621,1652.0,0,0,0,0,0,0,0,0,0,8,0,,67,9,2009,5,39.9794,-75.1268,1650.0,6,0,0,0,0,0,0,0,0,,0,0,0,16,1,1,0,,0,39 58:45.973,,0,75 07:36.584,4,0,0,0,67301,1,0,0,N,1,0,0,2,67301,1,,1,1,,N,N,,0,,0,0,1,0,0,,1627,1,2,0,0,0,0,0,3,4,0,1,3,,N,,,,,,,,,,,
2009105947,1600.0,0,0,0,1,0,0,0,0,0,4,0,,67,9,2009,3,39.9636,-75.2012,1600.0,6,0,0,0,0,0,0,0,0,,0,0,0,21,3,1,1,,0,39 57:49.035,,0,75 12:04.431,8,0,0,0,67301,1,0,0,,0,0,0,2,67301,0,,1,1,,,,,0,,0,0,0,3,3,,2100,1,2,0,0,0,1,1,3,4,0,1,3,,N,,,,,,,,,,,
2009105950,356.0,1,0,0,0,0,0,0,0,0,7,0,,67,9,2009,7,40.0729,-75.1883,352.0,6,0,0,0,0,0,0,0,0,,0,0,0,3,3,0,0,,0,40 04:22.425,,0,75 11:17.908,0,0,0,0,67301,0,0,0,,0,0,0,1,67301,0,,5,1,,N,N,,0,,0,0,0,0,0,,352,0,1,0,0,0,0,0,3,4,0,1,3,,N,,,,,,,,,,,
2009100087,1420.0,1,0,0,0,0,0,0,0,0,8,0,,67,9,2009,2,40.0109,-75.1398,1415.0,6,0,0,0,0,0,0,0,0,,0,0,0,14,1,1,1,,0,40 00:39.283,,0,75 08:23.330,2,0,0,0,67301,1,0,1,N,1,0,1,2,67301,0,,1,1,,N,N,,0,,0,1,0,3,4,,1410,1,2,0,0,0,0,0,3,4,0,1,3,,N,,,,,,,,,,,
2009100123,2138.0,2,0,0,0,0,0,0,0,0,4,0,,67,9,2009,1,40.0105,-75.0791,2134.0,6,0,0,0,0,0,0,0,0,,0,0,0,99,3,2,1,,0,40 00:37.460,,0,75 04:45.357,8,0,0,0,67301,0,0,0,,0,0,0,3,67301,0,,1,1,,,,,0,,0,0,0,3,2,,9999,2,2,0,0,0,2,1,3,4,0,2,3,,N,,,,,,,,,,,
2009005466,959.0,1,0,0,0,0,0,0,0,0,7,0,,67,1,2009,2,39.9116,-75.1487,957.0,6,0,0,0,0,0,0,0,0,1.0,0,0,0,9,1,0,0,,1,39 54:46.897,1.0,0,75 08:53.918,0,0,0,0,67301,0,0,0,N,0,0,0,2,68K01,0,,2,1,,N,N,,0,,0,0,0,0,0,N,957,0,1,0,0,0,0,0,3,4,0,1,3,,N,,,,,,,,,,,
2009044299,2052.0,2,0,0,0,0,0,0,0,0,2,0,,67,3,2009,1,39.9413,-75.2064,2036.0,6,0,0,0,0,0,0,1,0,,0,0,0,20,3,0,0,,0,39 56:28.714,,0,75 12:32.800,0,0,0,0,67301,0,0,0,N,0,0,0,3,67301,0,,1,9,,N,N,,1,,0,0,2,3,2,,2026,0,5,0,0,0,0,0,3,4,0,5,10,,N,,,,,,,,,,,
2009049535,1630.0,0,0,0,1,0,0,0,0,0,4,0,,67,4,2009,5,39.9667,-75.155,1630.0,6,0,0,0,0,0,1,0,0,,0,0,0,99,1,1,1,,0,39 58:00.026,,0,75 09:18.169,8,0,0,0,67301,1,0,0,,0,0,0,2,67301,0,,1,1,,N,N,,0,,0,0,0,3,3,,9999,1,2,0,0,0,1,0,3,4,1,1,3,,N,,,,,,,,,,,
2009049384,1500.0,1,0,0,0,0,0,0,0,0,8,0,,67,3,2009,7,39.9556,-75.2023,1500.0,6,0,0,0,0,0,0,0,0,,0,0,0,14,1,1,1,,0,39 57:20.282,,0,75 12:08.149,2,0,0,0,67301,1,0,1,N,1,0,1,2,67301,0,,1,1,,N,N,,0,,0,1,0,3,2,,1400,1,2,0,0,0,0,0,3,4,0,1,3,,N,,,,,,,,,,,
2009049467,1122.0,2,0,0,0,0,0,0,0,0,4,0,,67,4,2009,3,40.0143,-75.0601,1121.0,6,0,0,0,0,0,0,0,0,3.0,0,0,0,11,1,0,1,,2,40 00:51.444,7.0,0,75 03:36.313,0,0,0,0,67301,0,0,0,Y,0,0,0,3,67301,0,,1,1,,N,N,,1,,0,0,0,3,3,Y,1120,0,3,0,0,0,0,0,3,4,0,3,3,,N,,,,,,,,,,,
2009049498,1112.0,1,0,0,0,0,0,0,0,0,7,0,,67,2,2009,6,39.9626,-75.1543,1110.0,6,0,0,0,0,0,0,0,0,,0,0,0,11,1,1,1,,0,39 57:45.460,,0,75 09:15.508,4,0,0,0,67301,0,0,0,N,0,0,0,1,67301,1,,4,1,,N,N,,0,,0,0,0,3,3,,1103,1,1,0,0,0,0,0,3,4,0,1,3,,N,,,,,,,,,,,
2009048828,2119.0,2,0,0,0,0,0,0,0,0,1,0,,67,3,2009,2,40.0262,-75.1218,2115.0,6,0,0,0,0,0,0,0,0,,0,0,0,21,3,1,0,,0,40 01:34.289,,0,75 07:18.517,4,0,0,0,67301,0,0,0,,0,0,0,4,67301,1,,1,98,,,,,0,,0,0,0,3,2,,2113,1,3,0,0,0,0,0,3,4,1,3,7,,N,,,,,,,,,,,
2009124973,3.0,1,0,0,0,0,0,0,0,0,8,0,,67,11,2009,6,39.9417,-75.1794,2350.0,6,0,0,0,0,0,0,0,0,,0,0,0,23,3,1,1,,0,39 56:29.972,,0,75 10:45.670,4,0,0,0,67301,1,0,0,N,1,0,0,2,67301,1,,1,1,,N,N,,0,,0,0,0,3,2,,2340,1,2,0,0,0,0,1,3,4,0,1,3,,N,,,,,,,,,,,
2009045942,513.0,1,0,0,0,0,0,0,0,0,7,0,,67,4,2009,1,39.9789,-75.2032,507.0,6,0,0,0,0,0,0,0,0,2.0,0,0,0,5,3,1,0,,1,39 58:47.007,4.0,0,75 12:15.965,3,0,0,0,67301,0,0,0,N,0,0,0,1,68K01,0,,2,1,,N,N,,0,,1,0,0,0,0,N,504,1,1,0,0,0,0,0,3,4,0,1,3,,N,,,,,,,,,,,
2009048656,1220.0,2,0,0,0,0,0,0,0,0,1,0,,67,4,2009,7,39.9652,-75.2056,1215.0,6,0,0,0,0,0,2,0,0,,0,0,0,12,1,1,0,,0,39 57:54.616,,0,75 12:20.108,4,0,0,0,67301,1,0,0,N,1,0,0,3,67301,1,,1,1,,N,N,,0,,0,0,0,3,2,,1200,1,3,0,0,0,0,0,3,4,0,2,3,,N,,,,,,,,,,,
2009048665,1921.0,3,0,0,0,0,0,0,0,0,4,0,,67,3,2009,3,39.9566,-75.2098,1917.0,6,0,0,0,0,0,1,0,0,,0,0,0,19,1,2,1,,0,39 57:23.633,,0,75 12:35.044,4,0,0,0,67301,0,0,0,N,0,0,0,3,67301,2,,1,1,,N,N,,0,,0,0,0,3,2,,1915,2,3,0,0,0,0,0,3,4,0,3,3,,N,,,,,,,,,,,
2009048942,113.0,2,0,0,0,0,0,0,0,0,4,0,,67,4,2009,5,40.0407,-75.0762,110.0,6,0,0,0,0,0,0,0,0,,0,0,0,1,6,1,1,,0,40 02:26.384,,0,75 04:34.269,4,0,0,0,67301,0,0,0,,0,0,0,2,67301,1,,1,1,,,,,0,,0,0,0,3,2,,107,1,2,0,0,0,0,0,3,4,0,2,3,,N,,,,,,,,,,,
2009041593,2143.0,3,0,0,0,0,0,0,0,0,1,0,,67,4,2009,3,40.0022,-75.2245,2141.0,6,0,0,0,0,0,1,0,0,2.0,0,0,0,21,3,0,0,,2,40 00:11.663,2.0,0,75 13:20.119,0,0,0,0,67301,0,0,0,N,0,0,0,5,46104,0,,1,1,,N,N,,0,,0,0,0,0,0,N,2141,0,3,0,0,0,0,0,3,4,0,3,3,,N,,,,,,,,,,,
2009048710,1740.0,1,0,0,1,0,0,0,0,0,4,0,,67,4,2009,5,40.0343,-75.0807,1737.0,6,0,0,0,0,0,0,0,0,,0,0,0,17,1,1,0,,0,40 02:03.537,,0,75 04:50.476,4,0,0,0,67301,1,0,0,N,0,0,0,2,67301,1,,1,1,,N,N,,0,,0,0,0,0,0,,1735,1,2,0,0,0,0,0,3,4,0,1,3,,N,,,,,,,,,,,
2009008636,1642.0,1,0,0,0,0,0,0,0,0,7,0,,67,1,2009,4,39.9558,-75.1416,1637.0,6,0,0,0,0,0,0,0,0,1.0,0,0,0,16,1,1,0,,1,39 57:20.520,2.0,0,75 08:29.760,4,0,0,0,67301,0,0,0,N,0,0,0,1,68K01,1,,2,1,,N,N,,0,,0,0,0,0,0,N,1633,1,1,0,0,0,0,0,3,4,0,1,3,,N,,,,,,,,,,,
2009026312,1950.0,0,0,0,0,0,0,0,0,0,4,0,,67,1,2009,6,40.0219,-75.0941,1930.0,6,0,0,0,0,0,0,1,0,,0,0,0,19,3,2,3,,0,40 01:18.989,,0,75 05:38.593,4,0,0,0,67301,0,0,0,N,0,0,0,3,67301,2,,1,1,,N,N,,1,,0,0,1,3,2,,1925,2,2,0,0,0,0,0,3,4,0,2,3,,N,,,,,,,,,,,
2009049121,1444.0,2,0,0,0,0,0,0,0,0,1,0,,67,4,2009,6,39.9182,-75.236,1443.0,6,0,0,0,1,0,0,0,0,,0,0,0,14,1,1,2,,0,39 55:05.520,,0,75 14:09.600,8,0,0,0,67301,0,0,0,N,0,0,0,6,67301,0,,1,1,,N,N,,0,,0,0,0,3,2,,1437,1,2,0,0,0,1,0,3,4,0,2,3,,N,,,,,,,,,,,
2009049292,700.0,1,0,0,0,0,0,0,0,0,1,0,,67,3,2009,7,39.9689,-75.1599,657.0,6,0,0,0,0,0,0,0,0,,0,0,0,6,3,3,1,,0,39 58:08.527,,0,75 09:36.121,3,0,0,0,67301,0,0,0,,0,0,0,3,67301,0,,1,1,,,,,0,,3,0,1,3,2,,655,3,2,0,0,0,0,0,3,4,0,2,3,,N,,,,,,,,,,,
2009105755,840.0,1,0,0,0,0,0,0,0,0,5,0,,67,9,2009,2,39.9711,-75.1573,836.0,6,0,0,0,0,0,0,0,0,,0,0,0,8,1,1,1,,0,39 58:16.002,,0,75 09:26.126,4,0,0,0,67301,0,0,0,,0,0,0,2,67301,1,,1,1,,N,N,,0,,0,0,0,3,2,,836,1,2,0,0,0,0,0,3,4,0,2,3,,N,,,,,,,,,,,
2009105866,2040.0,2,0,0,0,0,0,0,0,0,1,0,,67,9,2009,4,40.051,-75.1592,2030.0,6,0,0,0,0,1,0,0,0,,0,0,0,20,3,0,0,,0,40 03:03.579,,0,75 09:32.961,0,0,0,0,67301,0,0,0,N,0,0,0,2,67301,0,,6,1,,N,N,,0,,0,0,0,0,0,,2030,0,2,0,0,0,0,0,3,4,0,2,3,,N,,,,,,,,,,,
2009101024,9999.0,2,0,0,0,0,0,0,0,0,1,0,,67,9,2009,6,40.0389,-75.0349,436.0,6,0,0,0,0,0,0,0,0,,0,0,0,3,3,2,0,,0,40 02:19.992,,0,75 02:05.756,8,0,0,0,67301,0,0,0,,0,0,0,2,67301,0,,1,1,,,,,0,,0,0,1,0,0,,303,2,3,0,0,0,2,0,3,4,0,3,3,,N,,,,,,,,,,,
2009100038,916.0,4,0,0,0,0,0,0,0,0,1,0,,67,9,2009,5,39.9618,-75.1562,913.0,6,0,0,2,0,0,1,0,0,,0,0,0,9,1,0,0,,0,39 57:42.380,,0,75 09:22.427,0,0,0,0,67301,0,0,0,N,0,0,0,6,67301,0,,1,1,,N,N,,0,,0,0,0,0,0,,910,0,4,0,0,0,0,0,3,4,0,4,3,,N,,,,,,,,,,,
2009100182,2105.0,0,0,0,1,0,0,1,0,0,3,1,,67,9,2009,1,39.9919,-75.1384,2058.0,6,0,0,0,0,0,0,0,0,,0,0,0,20,3,1,0,,0,39 59:30.877,,0,75 08:18.419,4,0,0,0,67301,1,0,0,,0,0,0,2,67301,1,,1,1,,,,,0,,0,0,0,0,0,,2058,1,2,0,0,0,0,0,3,4,0,1,3,,N,,,,,,,,,,,
2009105677,1339.0,0,0,0,0,0,0,0,0,0,5,0,,67,9,2009,4,39.962,-75.2282,1337.0,6,0,0,0,1,0,0,0,0,,0,0,0,13,1,1,0,,0,39 57:43.287,,0,75 13:41.554,3,0,0,1,67301,0,0,0,,0,0,0,1,67301,0,,1,1,,N,N,,0,,1,0,1,0,0,,1329,1,2,0,0,0,0,0,3,4,0,2,98,,N,,,,,,,,,,,
2009122044,957.0,0,0,0,0,0,0,1,0,0,8,1,,67,10,2009,2,39.9536,-75.1732,956.0,6,0,0,0,0,0,0,0,0,,0,0,0,9,1,1,1,,0,39 57:12.840,,0,75 10:23.682,8,0,0,0,67301,1,0,0,,1,0,0,2,67301,0,,1,1,,,,,0,,0,0,0,3,2,,955,1,2,0,0,0,1,0,3,4,0,1,3,,N,,,,,,,,,,,
2009107393,2002.0,1,0,0,0,0,0,0,0,0,5,0,,67,10,2009,6,40.0066,-75.0883,1958.0,6,0,0,1,0,0,0,0,0,,0,0,0,19,3,3,0,,0,40 00:23.374,,0,75 05:19.463,8,0,0,0,67301,0,0,0,N,0,0,0,4,67301,0,,6,1,,N,N,,0,,0,0,0,3,2,,1956,3,2,0,0,0,3,0,3,4,1,2,3,,N,,,,,,,,,,,
2009025795,240.0,1,0,0,0,0,0,0,0,0,2,0,,67,1,2009,2,40.0371,-75.0765,239.0,6,0,0,0,0,0,0,0,0,,0,0,0,2,3,0,1,,0,40 02:13.434,,0,75 04:35.432,0,0,0,0,67301,0,0,0,,0,0,0,2,67301,0,,1,2,,,,,0,,0,0,0,3,2,,230,0,2,0,0,0,0,0,3,4,1,2,10,,N,,,,,,,,,,,
2009035490,1620.0,0,0,0,0,0,0,0,0,0,5,0,,67,3,2009,5,39.959,-75.1413,1615.0,6,0,0,0,1,0,0,0,0,1.0,0,0,0,16,1,1,0,,2,39 57:28.800,2.0,2,75 08:30.480,4,0,0,0,67301,0,0,0,N,0,0,0,2,68K01,1,,1,1,,N,N,,0,,0,0,2,0,0,N,1612,1,2,0,0,0,0,0,3,4,0,2,3,,N,,,,,,,,,,,
2009032618,2142.0,0,0,0,0,0,0,1,0,0,8,1,,67,2,2009,6,40.0713,-75.0383,2139.0,6,0,0,0,0,0,1,0,0,,1,0,0,21,3,0,1,,0,40 04:16.615,,0,75 02:17.825,1,0,0,0,67301,1,1,0,,1,1,0,7,67301,0,2.0,1,1,,,,,0,0.0,0,0,0,3,2,,2138,0,2,0,0,0,0,0,3,4,0,1,3,,N,,,,,,,,,,,
2009030077,1508.0,2,0,0,0,0,0,0,0,0,1,0,,67,1,2009,6,39.9491,-75.213,1503.0,6,0,0,0,0,0,1,0,0,,0,0,0,14,1,2,1,,0,39 56:56.633,,0,75 12:46.727,8,0,0,0,67301,0,0,0,N,0,0,0,3,67301,0,,1,1,,N,N,,0,,0,0,0,3,2,,1430,2,2,0,0,0,2,0,3,4,0,2,3,,N,,,,,,,,,,,
2009125463,246.0,1,0,0,0,0,0,0,0,0,4,0,,67,11,2009,7,39.8975,-75.2525,246.0,6,0,0,0,0,0,0,0,0,3.0,0,0,0,2,3,1,1,,1,39 53:50.506,1.0,0,75 15:07.793,4,0,0,0,67301,0,0,0,N,0,0,0,2,67301,1,,1,9,,N,N,,0,,0,0,0,3,2,N,243,1,2,0,0,0,0,0,3,4,1,2,7,,N,,,,,,,,,,,
2009125467,2032.0,0,0,0,0,0,0,0,0,0,8,0,,67,11,2009,7,40.0367,-75.0645,2030.0,6,0,0,0,0,0,0,0,0,1.0,0,0,0,20,3,1,1,,1,40 02:12.235,2.0,0,75 03:52.193,4,0,0,0,67301,1,0,0,N,1,0,0,2,67301,1,,1,1,,N,N,,0,,0,0,1,3,2,N,2025,1,2,0,0,0,0,0,3,4,0,1,3,,N,,,,,,,,,,,
2009125594,1536.0,2,0,0,0,0,0,0,0,0,1,0,,67,12,2009,4,39.9594,-75.1741,1529.0,6,0,0,0,1,0,0,0,0,,0,0,0,15,1,2,0,,0,39 57:34.200,,0,75 10:28.560,8,0,0,0,67301,0,0,0,N,0,0,0,4,68K01,0,,1,9,,N,N,,0,,0,0,1,0,0,,1527,2,4,0,0,1,2,1,3,4,0,4,7,,N,,,,,,,,,,,
2009125092,1550.0,1,0,0,0,0,0,0,0,0,7,0,,67,11,2009,7,39.9199,-75.2017,1544.0,6,0,0,0,0,0,0,0,0,,0,0,0,14,1,0,0,,0,39 55:11.621,,3,75 12:06.224,9,0,0,0,67301,0,0,0,N,0,0,0,4,67301,0,,4,1,,N,N,,0,,0,0,0,0,0,,1450,0,1,0,0,0,0,4,3,4,0,1,3,,N,,,,,,,,,,,
2009125201,1418.0,1,0,0,0,0,0,0,0,0,7,0,,67,10,2009,6,40.0769,-74.9753,1414.0,6,0,1,0,0,0,0,0,0,1.0,0,0,0,14,1,0,2,,2,40 04:36.854,1.0,0,74 58:31.004,0,0,0,0,67301,0,0,0,N,0,0,0,2,67301,0,,5,1,,N,N,,0,,0,0,0,0,0,Y,1413,0,1,0,0,0,0,0,3,4,0,1,3,,N,,,,,,,,,,,
2009125229,1917.0,1,0,0,0,0,0,0,0,0,8,0,,67,11,2009,5,39.9358,-75.2286,1915.0,6,0,0,0,0,0,0,0,0,,0,0,0,19,3,1,1,,0,39 56:08.815,,0,75 13:42.823,3,0,0,0,67301,1,0,0,N,1,0,0,3,67301,0,,1,8,,N,N,,0,,1,0,0,3,2,,1910,1,2,0,0,2,0,0,3,4,0,1,7,,N,,,,,,,,,,,
2009055361,1629.0,1,0,0,0,0,0,0,0,0,1,0,,67,5,2009,1,39.9599,-75.1404,1612.0,6,0,0,0,0,0,0,0,0,,0,0,0,16,1,0,6,,0,39 57:36.081,,2,75 08:25.288,0,0,0,0,67301,0,0,0,N,0,0,0,5,68K01,0,,1,1,,N,N,,0,,0,0,1,0,0,,1609,0,2,0,0,0,0,0,3,4,0,2,3,,N,,,,,,,,,,,
2009079508,2045.0,1,0,0,0,0,0,0,0,0,8,0,,67,6,2009,3,40.0072,-75.1234,2045.0,6,0,1,0,0,0,0,0,0,,0,0,0,20,4,1,1,,0,40 00:25.981,,0,75 07:24.378,4,0,0,0,67301,1,0,0,N,1,0,0,2,67301,1,,1,1,,N,N,,0,,0,0,0,3,2,,2045,1,2,0,0,0,0,0,3,4,0,1,3,,N,,,,,,,,,,,
2009079530,1552.0,3,0,0,0,0,0,0,0,0,5,0,,67,7,2009,1,39.9966,-75.1722,550.0,6,0,0,0,0,0,0,0,0,,0,0,0,15,1,0,0,,0,39 59:47.613,,0,75 10:20.086,0,0,0,0,67301,2,0,0,N,0,0,0,4,67301,0,,6,1,,N,N,,0,,0,0,0,0,0,,1530,0,3,0,0,0,0,0,3,4,0,3,3,,N,,,,,,,,,,,
2009079621,1833.0,3,0,0,0,0,0,0,0,0,1,0,,67,7,2009,4,39.9584,-75.1672,1825.0,6,0,0,0,0,0,0,0,0,,0,0,0,18,1,1,0,,0,39 57:30.357,,0,75 10:02.022,4,0,0,0,67301,0,0,0,N,0,0,0,8,68K01,1,,1,9,,N,N,,0,,0,0,1,0,0,,1820,1,4,0,0,0,0,0,3,4,0,4,7,,N,,,,,,,,,,,
2009100627,1450.0,2,0,0,0,0,0,0,0,0,4,0,,67,9,2009,2,40.0808,-75.0286,1445.0,6,0,0,0,0,1,0,0,0,1.0,0,0,0,14,1,2,1,,1,40 04:51.077,3.0,0,75 01:43.585,4,0,0,0,67301,0,0,0,N,0,0,0,3,67301,1,,1,1,,N,N,,0,,0,0,0,3,2,N,1440,2,2,0,0,0,1,0,3,4,0,2,3,,N,,,,,,,,,,,
2009106031,1355.0,1,0,0,0,0,0,0,0,0,8,0,,67,9,2009,2,40.1226,-75.0268,1353.0,6,0,0,0,0,0,0,0,0,,0,0,0,13,1,1,0,,0,40 07:21.234,,0,75 01:36.487,8,0,0,0,67301,1,0,0,N,1,0,0,2,67301,0,,1,1,,N,N,,0,,0,0,0,0,0,,1350,1,2,0,0,1,1,0,3,4,0,1,3,,N,,,,,,,,,,,
2009103601,2307.0,3,0,0,0,0,0,0,0,0,1,0,,67,10,2009,6,39.8989,-75.1791,2252.0,6,0,0,0,0,0,0,0,0,,0,0,0,22,3,1,0,,0,39 53:56.134,,0,75 10:06.320,3,0,0,0,67301,0,0,0,N,0,0,0,10,68K03,0,,1,1,,N,N,,0,,1,0,0,0,0,,2245,1,3,0,0,0,0,0,3,4,0,3,3,,N,,,,,,,,,,,
2009044266,16.0,1,0,0,0,0,0,0,0,0,4,0,,67,3,2009,7,40.0515,-75.1501,15.0,6,0,0,0,0,0,0,0,0,9.0,0,0,0,0,3,1,1,,2,40 03:05.570,6.0,0,75 09:00.388,8,0,0,1,67301,0,0,0,N,0,0,0,2,67301,0,,1,1,,N,N,,0,,0,0,0,3,2,N,5,1,2,0,0,0,1,0,3,4,0,2,3,,N,,,,,,,,,,,
2009049538,1734.0,2,0,0,0,0,0,0,0,0,1,0,,67,3,2009,6,39.9539,-75.1594,1730.0,6,0,0,0,0,0,1,0,1,,0,0,0,17,1,1,1,,0,39 57:14.210,,0,75 09:33.970,8,0,0,0,67301,0,0,0,N,0,0,0,2,67301,0,,1,1,,N,N,,0,,0,0,0,3,2,,1715,1,2,0,0,2,1,0,3,4,0,2,3,,N,,,,,,,,,,,
2009048760,1315.0,1,0,0,0,0,0,0,0,0,4,0,,67,2,2009,5,39.9709,-75.2492,1313.0,6,0,0,0,0,0,1,0,1,,0,0,0,13,1,1,1,,0,39 58:15.114,,0,75 14:57.159,4,0,0,0,67301,0,0,0,N,0,0,0,2,67301,1,,1,1,,N,N,,0,,0,0,0,0,0,,1307,1,2,0,0,0,0,0,3,4,1,2,3,,N,,,,,,,,,,,
2009117182,32.0,2,0,0,0,0,0,0,0,0,1,0,55.0,67,11,2009,5,40.0018,-75.0785,32.0,6,0,0,0,0,0,0,0,0,1.0,0,0,0,0,3,2,0,,1,40 00:06.840,1.0,0,75 04:42.240,3,0,0,0,67301,0,0,0,N,0,0,0,2,68K01,0,,1,1,,N,N,,0,,2,0,0,3,8,Y,31,2,2,0,0,0,0,0,3,4,0,2,3,,Y,2.0,1.0,N,N,N,Y,Y,Y,N,N,
2009112370,958.0,2,0,0,0,0,0,0,0,0,4,0,,67,10,2009,5,40.0086,-75.0688,956.0,6,0,0,0,0,0,0,0,0,,0,0,0,9,1,2,1,,0,40 00:31.249,,0,75 04:07.877,3,0,0,0,67301,0,0,0,N,0,0,0,2,68K01,1,,1,1,,N,N,,0,,1,0,0,3,2,,955,2,2,0,0,0,0,0,3,4,0,2,3,,N,,,,,,,,,,,
2009120217,845.0,1,0,0,0,0,0,0,0,0,4,1,,67,10,2009,6,39.9835,-75.1711,843.0,6,0,0,0,0,0,0,0,0,,0,1,0,8,1,3,1,,0,39 59:00.636,,0,75 10:15.855,3,0,0,0,67301,0,0,0,,0,0,0,3,67301,2,,1,9,,,,,0,,1,0,0,3,3,,820,3,2,0,0,2,0,0,3,4,0,2,7,,N,,,,,,,,,,,
2009048882,9999.0,1,0,0,0,0,0,0,0,0,8,0,,67,3,2009,2,39.9996,-75.1332,9999.0,6,0,0,0,0,0,0,0,0,,0,0,0,13,1,1,0,,0,39 59:58.380,,0,75 07:59.347,4,0,0,0,67301,1,0,0,N,1,0,0,2,67301,1,,1,1,,N,N,,0,,0,0,0,0,0,,1344,1,2,0,0,0,0,0,3,4,0,1,3,,N,,,,,,,,,,,
2009031133,832.0,1,0,0,0,0,0,0,0,0,7,0,,67,2,2009,2,40.0822,-74.9668,828.0,6,0,0,0,0,0,1,0,0,,0,0,0,8,1,0,0,,0,40 04:55.939,,1,74 58:00.503,0,0,0,0,67301,0,0,0,,0,0,0,1,67301,0,,2,1,,,,,0,,0,0,0,0,0,,828,0,1,0,0,0,0,0,3,4,0,1,3,,N,,,,,,,,,,,
2009044131,252.0,3,0,0,0,0,0,0,0,0,5,0,,67,2,2009,7,40.0402,-75.1046,247.0,6,0,0,0,0,0,0,0,0,,0,0,0,2,3,0,0,,0,40 02:24.640,,0,75 06:16.444,9,0,0,0,67301,0,0,0,,0,0,0,1,67301,0,,1,1,,,,,0,,0,0,0,0,0,,224,0,4,0,0,0,0,1,3,4,1,4,3,,N,,,,,,,,,,,