CRN,ARRIVAL_TM,AUTOMOBILE_COUNT,BELTED_DEATH_COUNT,BELTED_SUSP_SERIOUS_INJ_COUNT,BICYCLE_COUNT,BICYCLE_DEATH_COUNT,BICYCLE_SUSP_SERIOUS_INJ_COUNT,BUS_COUNT,CHLDPAS_DEATH_COUNT,CHLDPAS_SUSP_SERIOUS_INJ_COUNT,COLLISION_TYPE,COMM_VEH_COUNT,CONS_ZONE_SPD_LIM,COUNTY,CRASH_MONTH,CRASH_YEAR,DAY_OF_WEEK,DEC_LAT,DEC_LONG,DISPATCH_TM,DISTRICT,DRIVER_COUNT_16YR,DRIVER_COUNT_17YR,DRIVER_COUNT_18YR,DRIVER_COUNT_19YR,DRIVER_COUNT_20YR,DRIVER_COUNT_50_64YR,DRIVER_COUNT_65_74YR,DRIVER_COUNT_75PLUS,EST_HRS_CLOSED,FATAL_COUNT,HEAVY_TRUCK_COUNT,HORSE_BUGGY_COUNT,HOUR_OF_DAY,ILLUMINATION,INJURY_COUNT,INTERSECT_TYPE,INTERSECTION_RELATED,LANE_CLOSED,LATITUDE,LN_CLOSE_DIR,LOCATION_TYPE,LONGITUDE,MAX_SEVERITY_LEVEL,MCYCLE_DEATH_COUNT,MCYCLE_SUSP_SERIOUS_INJ_COUNT,MOTORCYCLE_COUNT,MUNICIPALITY,NONMOTR_COUNT,NONMOTR_DEATH_COUNT,NONMOTR_SUSP_SERIOUS_INJ_COUNT,NTFY_HIWY_MAINT,PED_COUNT,PED_DEATH_COUNT,PED_SUSP_SERIOUS_INJ_COUNT,PERSON_COUNT,POLICE_AGCY,POSSIBLE_INJ_COUNT,RDWY_SURF_TYPE_CD,RELATION_TO_ROAD,ROAD_CONDITION,ROADWAY_CLEARED,SCH_BUS_IND,SCH_ZONE_IND,SECONDARY_CRASH,SMALL_TRUCK_COUNT,SPEC_JURIS_CD,SUSP_MINOR_INJ_COUNT,SUSP_SERIOUS_INJ_COUNT,SUV_COUNT,TCD_FUNC_CD,TCD_TYPE,TFC_DETOUR_IND,TIME_OF_DAY,TOT_INJ_COUNT,TOTAL_UNITS,UNB_DEATH_COUNT,UNB_SUSP_SERIOUS_INJ_COUNT,UNBELTED_OCC_COUNT,UNK_INJ_DEG_COUNT,UNK_INJ_PER_COUNT,URBAN_AREA,URBAN_RURAL,VAN_COUNT,VEHICLE_COUNT,WEATHER1,WEATHER2,WORK_ZONE_IND,WORK_ZONE_LOC,WORK_ZONE_TYPE,WORKERS_PRES,WZ_CLOSE_DETOUR,WZ_FLAGGER,WZ_LAW_OFFCR_IND,WZ_LN_CLOSURE,WZ_MOVING,WZ_OTHER,WZ_SHLDER_MDN,WZ_WORKERS_INJ_KILLED
2009048719,9999.0,2,0,0,0,0,0,0,0,0,4,0,,67,4,2009,5,40.0115,-75.0698,1754.0,6,0,0,0,0,0,1,0,0,,0,0,0,99,1,2,1,,0,40 00:42.017,,0,75 04:11.475,4,0,0,0,67301,0,0,0,N,0,0,0,3,67301,1,,1,1,,N,N,,0,,0,0,0,3,2,,9999,2,2,0,0,2,1,0,3,4,0,2,3,,N,,,,,,,,,,,
2009026034,2225.0,2,0,0,0,0,0,0,0,0,4,0,,67,1,2009,5,40.0368,-75.0409,2225.0,6,0,0,1,0,1,0,0,0,,0,0,0,22,3,1,1,,0,40 02:12.480,,0,75 02:26.520,4,0,0,0,67301,0,0,0,N,0,0,0,7,67301,1,,1,1,,N,N,,0,,0,0,0,3,2,,2224,1,2,0,0,0,0,0,3,4,0,2,3,,N,,,,,,,,,,,
2009026040,1435.0,1,0,0,0,0,0,0,0,0,1,0,,67,1,2009,2,40.0364,-75.1305,1430.0,6,0,0,0,0,0,0,0,0,,0,0,0,18,1,1,1,,0,40 02:11.166,,0,75 07:49.937,4,0,0,0,67301,0,0,0,N,0,0,0,2,67301,1,,1,1,,N,N,,1,,0,0,0,3,2,,1830,1,2,0,0,0,0,1,3,4,0,2,3,,N,,,,,,,,,,,
2009026071,1303.0,3,0,0,0,0,0,0,0,0,5,0,,67,1,2009,5,40.047,-75.0514,1300.0,6,0,0,0,0,0,1,0,0,1.0,0,0,0,13,1,2,2,,1,40 02:49.200,1.0,0,75 03:05.040,4,0,0,0,67301,0,0,0,N,0,0,0,4,67301,2,,1,2,,N,N,,0,,0,0,0,9,9,N,1300,2,3,0,0,0,0,0,3,4,0,3,10,,N,,,,,,,,,,,
2009026076,2228.0,1,0,0,0,0,0,0,0,0,7,0,,67,1,2009,1,40.1015,-74.9747,2228.0,6,0,0,0,0,0,0,0,0,,0,0,0,22,3,2,0,,0,40 06:05.421,,0,74 58:29.020,8,0,0,0,67301,0,0,0,N,0,0,0,2,67301,0,,9,2,,N,N,,0,,0,0,0,0,0,,2215,2,1,0,0,0,2,0,3,4,0,1,10,,N,,,,,,,,,,,
2009048221,1257.0,4,0,0,0,0,0,0,0,0,1,0,,67,4,2009,5,39.9796,-75.2044,1257.0,6,0,0,0,0,0,1,0,0,1.0,0,0,0,12,1,1,0,,2,39 58:49.224,3.0,0,75 12:19.353,4,0,0,0,67301,0,0,0,N,0,0,0,5,68K01,1,,1,1,,N,N,,0,,0,0,0,0,0,N,1254,1,4,0,0,0,0,0,3,4,0,4,3,,N,,,,,,,,,,,
2009045008,1542.0,1,0,0,0,0,0,0,0,0,1,0,,67,3,2009,5,39.9987,-75.1782,1536.0,6,0,0,0,0,0,0,0,0,,0,0,0,15,1,3,5,,0,39 59:55.179,,0,75 10:41.593,4,0,0,0,67301,0,0,0,,0,0,0,6,67301,3,,1,9,,,,,0,,0,0,1,3,2,,1530,3,2,0,0,0,0,0,3,4,0,2,3,,N,,,,,,,,,,,
2009120512,1356.0,2,0,0,1,0,0,0,0,0,6,0,,67,9,2009,1,40.0396,-75.0742,1344.0,6,0,0,0,1,0,0,0,0,3.0,0,0,0,13,1,1,1,,2,40 02:22.412,1.0,0,75 04:26.947,3,0,0,0,67301,1,0,0,,0,0,0,4,67301,0,,1,9,,N,N,,0,,1,0,0,3,2,Y,1335,1,3,0,0,0,0,1,3,4,0,2,7,,N,,,,,,,,,,,
2009105783,547.0,2,0,0,0,0,0,0,0,0,4,0,,67,9,2009,1,40.0355,-75.1086,9999.0,6,0,0,0,0,0,0,0,0,,0,0,0,99,5,1,1,,0,40 02:06.512,,0,75 06:29.945,8,0,0,0,67301,0,0,0,N,0,0,0,2,67301,0,,1,1,,N,N,,0,,0,0,0,3,2,,9999,1,2,0,0,0,1,1,3,4,0,2,3,,N,,,,,,,,,,,
2009105810,1535.0,1,0,0,0,0,0,0,0,0,8,0,,67,10,2009,3,39.9577,-75.1624,1524.0,6,0,0,0,0,0,0,0,0,,0,0,0,15,1,1,1,,0,39 57:27.542,,0,75 09:44.544,8,0,0,0,67301,1,0,0,,1,0,0,2,67301,0,,1,1,,,,,0,,0,0,0,3,2,,1504,1,2,0,0,0,1,0,3,4,0,1,3,,N,,,,,,,,,,,
2009105879,1831.0,4,0,0,0,0,0,0,0,0,1,0,,67,9,2009,2,39.9295,-75.1686,1826.0,6,0,0,0,0,0,1,0,0,,0,0,0,18,1,1,0,,0,39 55:46.112,,0,75 10:07.065,4,0,0,0,67301,0,0,0,,0,0,0,4,67301,1,,1,1,,,,,0,,0,0,1,3,2,,1820,1,5,0,0,0,0,0,3,4,0,5,3,,N,,,,,,,,,,,
2009110211,1503.0,2,0,0,0,0,0,0,0,0,1,0,,67,10,2009,1,40.0492,-74.9959,1448.0,6,0,0,0,0,1,0,0,0,,0,0,0,14,1,0,0,,0,40 02:57.480,,0,74 59:44.520,0,0,0,0,67301,0,0,0,N,0,0,0,3,68K01,0,,1,1,,N,N,,0,,0,0,0,3,4,,1428,0,2,0,0,0,0,0,3,4,0,2,3,,N,,,,,,,,,,,
2009105527,1510.0,3,0,0,0,0,0,0,0,0,1,0,,67,9,2009,5,40.0984,-75.0471,1500.0,6,0,0,0,0,0,1,0,0,,0,0,0,14,1,0,1,,0,40 05:54.088,,0,75 02:49.438,9,0,0,0,67301,0,0,0,N,0,0,0,4,67301,0,,1,1,,N,N,,0,,0,0,0,3,2,,1440,0,3,0,0,0,0,1,3,4,0,3,3,,N,,,,,,,,,,,
2009100012,952.0,0,0,0,0,0,0,0,0,0,7,0,50.0,67,9,2009,3,40.0199,-75.1453,946.0,6,0,0,0,1,0,0,0,0,1.0,0,0,0,9,1,1,0,,2,40 01:11.501,4.0,0,75 08:43.301,4,0,0,0,67301,0,0,0,Y,0,0,0,1,67301,1,,2,1,,N,N,,0,,0,0,1,2,8,N,942,1,1,0,0,0,0,0,3,4,0,1,3,,Y,2.0,1.0,N,U,U,N,U,Y,U,Y,
2009127240,1459.0,2,0,0,0,0,0,0,0,0,1,0,,67,12,2009,3,39.949,-75.1849,1440.0,6,0,0,0,0,0,0,0,0,,0,0,0,14,1,0,0,,0,39 56:58.917,,0,75 11:02.225,0,0,0,0,67301,0,0,0,N,0,0,0,3,68K01,0,,1,1,,N,N,,0,,0,0,0,0,0,,1426,0,3,0,0,0,0,0,3,4,1,3,3,,N,,,,,,,,,,,
2009097786,2028.0,1,0,0,0,0,0,0,0,0,5,0,,67,9,2009,1,39.9574,-75.158,2022.0,6,0,0,0,0,0,0,0,0,1.0,0,0,0,20,3,1,0,,2,39 57:26.484,4.0,0,75 09:28.720,3,0,0,2,67301,0,0,0,N,0,0,0,3,68K01,0,,1,1,,N,N,,0,,1,0,0,0,0,N,2019,1,3,0,0,0,0,0,3,4,0,3,3,,N,,,,,,,,,,,
2009100761,220.0,2,0,0,0,0,0,0,0,0,1,0,,67,9,2009,7,39.9847,-75.1565,220.0,6,0,0,0,0,0,0,0,0,,0,0,0,2,3,5,1,,0,39 59:04.850,,0,75 09:23.377,4,0,0,0,67301,0,0,0,N,0,0,0,6,67301,5,,1,9,,N,N,,0,,0,0,0,3,2,,220,5,2,0,0,0,0,0,3,4,0,2,7,,N,,,,,,,,,,,
2009100777,1555.0,1,0,0,1,0,0,0,0,0,4,0,,67,9,2009,7,39.9863,-75.1435,1553.0,6,0,0,0,0,0,0,0,0,,0,0,0,14,1,1,1,,0,39 59:10.563,,0,75 08:36.506,4,0,0,0,67301,1,0,0,N,0,0,0,2,67301,1,,1,1,,N,N,,0,,0,0,0,3,3,,1430,1,2,0,0,0,0,0,3,4,0,1,3,,N,,,,,,,,,,,
2009100525,1938.0,0,0,0,0,0,0,0,0,0,4,0,,67,9,2009,1,39.9516,-75.2491,1936.0,6,0,0,0,0,1,0,0,0,1.0,0,0,0,19,1,1,2,,1,39 57:05.909,4.0,0,75 14:56.616,8,0,0,0,67301,0,0,0,N,0,0,0,2,67301,0,,1,1,,N,N,,1,,0,0,0,3,3,Y,1907,1,2,0,0,0,1,0,3,4,0,2,3,,N,,,,,,,,,,,
2009030805,1441.0,1,0,0,0,0,0,1,0,0,4,1,,67,2,2009,3,40.0419,-75.1238,1439.0,6,0,0,0,0,0,1,0,0,,0,0,0,14,1,0,0,,0,40 02:30.853,,0,75 07:25.689,0,0,0,0,67301,0,0,0,N,0,0,0,2,67301,0,,1,9,,Y,N,,0,,0,0,0,3,2,,1400,0,2,0,0,0,0,0,3,4,0,2,10,,N,,,,,,,,,,,
2009025867,850.0,1,0,0,0,0,0,0,0,0,4,0,,67,1,2009,6,40.0687,-75.0673,843.0,6,0,0,0,0,0,0,0,0,,0,0,0,8,1,0,2,,0,40 04:07.380,,0,75 04:02.423,0,0,0,0,67301,0,0,0,,0,0,0,3,67301,0,,1,1,,,,,1,,0,0,0,3,2,,825,0,2,0,0,0,0,0,3,4,0,2,3,,N,,,,,,,,,,,
2009027576,724.0,1,0,0,0,0,0,0,0,0,7,0,,67,3,2009,1,39.9406,-75.1431,724.0,6,0,0,0,0,0,0,0,0,1.0,0,0,0,7,1,0,0,,2,39 56:26.557,1.0,0,75 08:35.220,0,0,0,0,67301,0,0,0,N,0,0,0,1,68K01,0,,2,2,,N,N,,0,,0,0,0,0,0,N,715,0,1,0,0,0,0,0,3,4,0,1,3,,N,,,,,,,,,,,
2009038019,527.0,0,0,0,0,0,0,0,0,0,7,0,,67,3,2009,7,40.0074,-75.2002,516.0,6,0,0,0,0,0,0,0,0,,0,0,0,5,3,0,0,,0,40 00:24.969,,0,75 11:55.560,0,0,0,0,67301,0,0,0,N,0,0,0,1,68K01,0,,2,9,,N,N,,1,,0,0,0,0,0,,509,0,1,0,0,0,0,0,3,4,0,1,7,,N,,,,,,,,,,,
2009033222,1915.0,0,0,0,0,0,0,0,0,0,4,0,,67,1,2009,7,40.0632,-75.1838,1905.0,6,0,0,0,0,0,0,1,0,,0,0,0,18,3,0,1,,0,40 03:47.592,,0,75 11:01.827,0,0,0,0,67301,0,0,0,N,0,0,0,2,67301,0,,1,1,,N,N,,0,,0,0,2,3,3,,1800,0,2,0,0,0,0,0,3,4,0,2,3,,N,,,,,,,,,,,
2009033224,800.0,1,0,0,0,0,0,0,0,0,4,0,,67,1,2009,2,40.0045,-75.1321,753.0,6,0,0,0,0,0,0,0,0,,0,0,0,7,1,1,1,,0,40 00:16.318,,0,75 07:55.437,4,0,0,0,67301,0,0,0,N,0,0,0,3,67301,1,,1,1,,N,N,,0,,0,0,1,3,2,,750,1,2,0,0,1,0,0,3,4,0,2,3,,N,,,,,,,,,,,
2009025592,1715.0,1,0,0,0,0,0,0,0,0,8,0,,67,1,2009,4,40.0311,-75.167,1709.0,6,0,0,0,0,0,0,0,0,,0,0,0,16,4,1,0,,0,40 01:51.999,,0,75 10:01.370,4,0,0,0,67301,1,0,0,N,1,0,0,2,67301,1,,1,9,,N,N,,0,,0,0,0,0,0,,1610,1,2,0,0,0,0,1,3,4,0,1,7,,N,,,,,,,,,,,
2009023226,1554.0,1,0,0,0,0,0,0,0,0,7,0,,67,2,2009,1,39.9104,-75.1491,1550.0,6,0,0,0,0,0,0,0,0,1.0,0,0,0,15,1,0,0,,1,39 54:38.160,2.0,0,75 08:56.760,0,0,0,0,67301,0,0,0,N,0,0,0,1,68K01,0,,2,1,,N,N,,0,,0,0,0,0,0,N,1548,0,1,0,0,0,0,0,3,4,0,1,3,,N,,,,,,,,,,,
2009094380,248.0,1,0,0,0,0,0,0,0,0,7,0,,67,8,2009,2,39.9605,-75.1813,243.0,6,0,0,0,0,0,0,0,0,1.0,0,0,0,2,3,0,7,,2,39 57:36.410,4.0,2,75 10:47.300,9,0,0,0,67301,0,0,0,N,0,0,0,1,68K01,0,,7,1,,N,N,,0,,0,0,0,0,0,N,237,0,1,0,0,0,0,1,3,4,0,1,3,,N,,,,,,,,,,,
2009079499,1840.0,2,0,0,0,0,0,0,0,0,4,0,,67,7,2009,7,40.0168,-75.1745,1832.0,6,0,0,0,0,0,0,0,0,,0,0,0,18,1,1,0,,0,40 01:00.274,,0,75 10:28.171,4,0,0,0,67301,0,0,0,,0,0,0,5,67301,1,,1,1,,,,,0,,0,0,0,0,0,,1832,1,2,0,0,0,0,4,3,4,0,2,3,,N,,,,,,,,,,,
2009105948,1600.0,3,0,0,0,0,0,0,0,0,1,0,,67,9,2009,6,40.0446,-75.1931,1600.0,6,0,0,0,0,0,2,0,0,,0,0,0,15,1,1,0,,0,40 02:40.674,,0,75 11:35.074,4,0,0,0,67301,0,0,0,N,0,0,0,4,67301,1,,1,1,,N,N,,0,,0,0,0,3,2,,1545,1,4,0,0,0,0,0,3,4,1,4,3,,N,,,,,,,,,,,
2009105952,528.0,1,0,0,0,0,0,0,0,0,4,0,,67,9,2009,1,39.9246,-75.1807,527.0,6,0,0,0,0,0,0,0,0,1.0,0,0,0,5,1,0,1,,1,39 55:28.394,1.0,0,75 10:50.476,0,0,0,0,67301,0,0,0,,0,0,0,3,67301,0,,1,1,,,,,0,,0,0,1,3,3,Y,527,0,2,0,0,0,0,0,3,4,0,2,3,,N,,,,,,,,,,,
2009105960,1415.0,2,0,0,0,0,0,0,0,0,5,0,,67,9,2009,5,39.904,-75.2401,1409.0,6,0,0,0,0,0,0,0,0,,0,0,0,14,1,1,1,,0,39 54:14.563,,0,75 14:24.409,4,0,0,0,67301,0,0,0,N,0,0,0,2,67301,1,,1,1,,N,N,,0,,0,0,0,3,2,,1404,1,2,0,0,1,0,0,3,4,0,2,3,,N,,,,,,,,,,,
2009100692,1740.0,0,0,0,0,0,0,0,0,0,4,0,,67,9,2009,6,39.9233,-75.1814,1732.0,6,0,0,0,0,0,1,1,0,,0,0,0,17,1,0,2,,0,39 55:25.334,,0,75 10:46.161,0,0,0,0,67301,0,0,0,N,0,0,0,2,67301,0,,1,9,,N,N,,0,,0,0,2,3,3,,1732,0,2,0,0,0,0,0,3,4,0,2,7,,N,,,,,,,,,,,
2009100062,9999.0,1,0,0,1,0,0,0,0,0,4,0,,67,9,2009,4,39.9405,-75.164,1614.0,6,0,0,0,0,0,0,1,0,,0,0,0,9,1,1,1,,0,39 56:25.933,,0,75 09:50.309,4,0,0,0,67301,1,0,0,,0,0,0,2,67301,1,,5,1,,,,,0,,0,0,0,3,3,,900,1,2,0,0,0,0,0,3,4,0,1,3,,N,,,,,,,,,,,
2009044207,810.0,2,0,0,0,0,0,0,0,0,6,0,,67,3,2009,1,40.0341,-75.1765,757.0,6,0,0,1,0,0,0,0,0,,0,0,0,7,1,1,1,,0,40 02:02.652,,0,75 10:35.500,4,0,0,0,67301,0,0,0,N,0,0,0,2,67301,1,,1,9,,N,N,,0,,0,0,0,3,2,,750,1,2,0,0,0,0,0,3,4,0,2,7,,N,,,,,,,,,,,
2009019577,1628.0,0,0,0,0,0,0,0,0,0,1,0,,67,2,2009,6,39.9492,-75.1847,1559.0,6,0,0,0,0,0,0,0,0,2.0,0,0,0,15,1,1,0,,1,39 56:59.541,4.0,4,75 11:01.531,4,0,0,0,67301,0,0,0,N,0,0,0,2,68K01,1,,1,1,,N,N,,1,,0,0,1,0,0,N,1556,1,2,0,0,0,0,0,3,4,0,2,3,,N,,,,,,,,,,,
2009017215,2134.0,2,0,0,0,0,0,0,0,0,4,0,,67,1,2009,1,39.8895,-75.2191,2124.0,6,0,0,0,0,0,1,1,0,2.0,0,0,0,21,3,0,0,,1,39 53:21.342,2.0,0,75 13:07.088,0,0,0,0,67301,0,0,0,Y,0,0,0,2,68K01,0,,1,2,,N,N,,0,,0,0,0,0,0,N,2118,0,2,0,0,0,0,0,3,4,0,2,3,,N,,,,,,,,,,,
2009049483,1315.0,0,0,0,0,0,0,1,0,0,8,1,,67,3,2009,3,40.057,-75.0468,1305.0,6,0,0,0,0,0,0,0,0,3.0,0,0,0,13,1,1,0,,1,40 03:25.123,2.0,7,75 02:48.637,8,0,0,0,67301,1,0,0,N,1,0,0,2,67301,0,,1,1,,N,N,,0,,0,0,0,3,2,N,1305,1,2,0,0,0,1,0,3,4,0,1,3,,N,,,,,,,,,,,
2009048840,2152.0,3,0,0,0,0,0,0,0,0,2,0,,67,3,2009,3,39.9775,-75.2524,2151.0,6,0,0,0,0,0,1,0,0,,0,0,0,21,3,0,0,,0,39 58:39.144,,0,75 15:08.809,0,0,0,0,67301,0,0,0,N,0,0,0,1,67301,0,,1,1,,N,N,,0,,0,0,0,0,0,,2149,0,5,0,0,0,0,0,3,4,2,5,3,,N,,,,,,,,,,,
2009124871,2350.0,1,0,0,0,0,0,0,0,0,1,0,,67,11,2009,4,40.0202,-75.1391,2344.0,6,0,0,0,1,0,0,0,0,,0,0,0,23,3,3,1,,0,40 01:12.853,,0,75 08:20.698,8,0,0,0,67301,2,0,0,N,0,0,0,4,67301,0,,1,9,,N,N,,0,,0,0,0,0,0,,2300,3,3,0,0,0,3,0,3,4,2,3,7,,N,,,,,,,,,,,
2009124891,1645.0,2,0,0,0,0,0,0,0,0,4,0,,67,11,2009,4,40.0464,-75.1853,1637.0,6,0,0,0,0,0,0,0,0,,0,0,0,9,1,1,1,,9,40 02:47.022,,7,75 11:07.029,3,0,0,0,67301,0,0,0,N,0,0,0,4,67301,0,,1,1,,N,N,,0,,1,0,0,3,3,,930,1,2,0,0,0,0,1,3,4,0,2,3,,N,,,,,,,,,,,
2009050917,238.0,0,0,0,0,0,0,0,0,0,5,1,,67,2,2009,3,39.9854,-75.1563,238.0,6,0,0,0,0,1,1,0,0,,0,1,0,2,3,1,0,,0,39 59:07.285,,0,75 09:22.846,8,0,0,0,67301,0,0,0,,0,0,0,3,67301,0,,1,9,,,,,0,,0,0,1,0,0,,235,1,2,0,0,2,1,0,3,4,0,2,7,,N,,,,,,,,,,,
2009120219,30.0,4,0,0,0,0,0,0,0,0,1,0,,67,10,2009,7,39.9877,-75.156,28.0,6,0,0,0,0,0,0,0,0,,0,0,0,0,3,1,0,,0,39 59:15.586,,0,75 09:21.466,4,0,0,0,67301,0,0,0,,0,0,0,2,67301,1,,1,1,,,,,0,,0,0,0,3,2,,25,1,4,0,0,1,0,0,3,4,0,4,3,,N,,,,,,,,,,,
2009038701,1900.0,1,0,0,0,0,0,0,0,0,8,0,,67,2,2009,6,39.9674,-75.2457,1852.0,6,0,0,0,0,0,0,0,0,,0,0,0,14,1,1,1,,0,39 58:02.425,,0,75 14:44.667,8,0,0,0,67301,1,0,0,N,1,0,0,2,67301,0,,1,1,,N,N,,0,,0,0,0,3,2,,1400,1,2,0,0,0,1,1,3,4,0,1,3,,N,,,,,,,,,,,
2009038716,1500.0,0,0,0,0,0,0,0,0,0,6,0,,67,2,2009,1,40.0871,-75.0408,1445.0,6,0,0,0,0,0,1,0,0,,0,0,0,14,1,3,1,,0,40 05:13.685,,0,75 02:26.899,4,0,0,0,67301,0,0,0,N,0,0,0,4,67301,3,,1,1,,N,N,,0,,0,0,2,0,0,,1440,3,2,0,0,0,0,0,3,4,0,2,3,,N,,,,,,,,,,,
2009038790,17.0,2,0,0,0,0,0,0,0,0,4,0,,67,2,2009,6,39.978,-75.1638,15.0,6,0,0,0,1,0,0,0,0,,0,0,0,23,3,2,2,,0,39 58:40.814,,0,75 09:49.600,4,0,0,0,67301,0,0,0,,0,0,0,4,67301,2,,1,1,,,,,0,,0,0,0,3,3,,2346,2,2,0,0,0,0,0,3,4,0,2,3,,N,,,,,,,,,,,
2009124844,1840.0,1,0,0,0,0,0,0,0,0,7,0,,67,11,2009,5,40.0853,-75.032,1831.0,6,0,0,0,0,0,0,0,0,,0,0,0,18,3,1,0,,0,40 05:07.162,,0,75 01:55.358,3,0,0,0,67301,0,0,0,N,0,0,0,1,67301,0,,2,1,,N,N,,0,,1,0,0,0,0,,1825,1,1,0,0,0,0,0,3,4,0,1,3,,N,,,,,,,,,,,
2009044005,1808.0,2,0,0,0,0,0,0,0,0,1,0,,67,3,2009,4,40.1114,-75.0009,1802.0,6,0,0,0,0,0,2,0,0,,0,0,0,18,1,0,2,,0,40 06:41.008,,0,75 00:02.648,0,0,0,0,67301,0,0,0,N,0,0,0,2,67301,0,,1,1,,N,N,,0,,0,0,0,0,0,,1802,0,2,0,0,0,0,0,3,4,0,2,3,,N,,,,,,,,,,,
2009049159,234.0,2,0,0,0,0,0,0,0,0,7,0,,67,4,2009,2,40.0188,-75.1653,240.0,6,0,0,0,0,0,0,0,0,1.0,0,0,0,2,3,1,0,,2,40 01:03.366,1.0,0,75 10:20.638,8,0,0,0,67301,0,0,0,N,0,0,0,2,67301,0,,3,1,,N,N,,0,,0,0,0,0,0,N,225,1,2,0,0,0,1,0,3,4,0,2,3,,N,,,,,,,,,,,
2009049297,1229.0,1,0,0,0,0,0,0,0,0,8,0,,67,4,2009,4,39.947,-75.1647,1224.0,6,0,0,0,0,0,1,0,0,,0,0,0,11,1,1,1,,0,39 56:49.175,,0,75 09:53.386,4,0,0,0,67301,1,0,0,,1,0,0,2,67301,1,,1,9,,,,,0,,0,0,0,3,2,,1150,1,2,0,0,1,0,0,3,4,0,1,7,,N,,,,,,,,,,,
2009040325,9999.0,2,0,0,0,0,0,0,0,0,1,0,,67,2,2009,3,39.9244,-75.1696,50.0,6,0,0,0,0,0,0,0,0,,0,0,0,0,3,2,0,,0,39 55:26.450,,0,75 10:00.690,4,0,0,0,67301,0,0,0,N,0,0,0,3,67301,2,,1,1,,N,N,,0,,0,0,0,0,0,,40,2,2,0,0,2,0,1,3,4,0,2,3,,N,,,,,,,,,,,
2009050448,914.0,2,0,0,0,0,0,0,0,0,1,0,,67,4,2009,4,39.9592,-75.1757,857.0,6,0,0,0,0,0,0,0,0,,0,0,0,8,1,0,6,,0,39 57:33.093,,2,75 10:31.862,0,0,0,0,67301,0,0,0,N,0,0,0,2,68K01,0,,1,9,,N,N,,0,,0,0,0,0,0,,857,0,2,0,0,0,0,0,3,4,0,2,7,,N,,,,,,,,,,,
2009097911,1313.0,0,0,0,0,0,0,0,0,0,7,0,,67,9,2009,3,40.0262,-75.0275,1308.0,6,0,0,0,0,0,0,0,0,1.0,0,0,0,13,1,2,0,,1,40 01:34.320,2.0,0,75 01:39.000,8,0,0,0,67301,0,0,0,N,0,0,0,2,68K01,0,,4,1,,N,N,,0,,0,0,1,0,0,N,1306,2,1,0,0,0,2,0,3,4,0,1,3,,N,,,,,,,,,,,
2009105850,715.0,2,0,0,0,0,0,0,0,0,4,0,,67,9,2009,2,40.0312,-75.1458,714.0,6,0,0,0,0,0,0,0,0,1.0,0,0,0,7,1,3,1,,1,40 01:52.420,7.0,0,75 08:44.761,4,0,0,0,67301,0,0,0,N,0,0,0,3,67301,3,,1,1,,N,N,,0,,0,0,0,3,2,Y,710,3,2,0,0,0,0,0,3,4,0,2,3,,N,,,,,,,,,,,
2009105934,1847.0,1,0,0,0,0,0,0,0,0,8,0,,67,9,2009,6,40.0545,-75.1757,1845.0,6,0,0,0,0,0,0,0,0,,0,0,0,18,1,1,2,,0,40 03:16.228,,0,75 10:32.519,8,0,0,0,67301,1,0,0,N,1,0,0,2,67301,0,,1,1,,N,N,,0,,0,0,0,0,0,,1838,1,2,0,0,1,1,0,3,4,0,1,3,,N,,,,,,,,,,,
2009120453,1506.0,4,0,0,0,0,0,0,0,0,4,0,,67,10,2009,4,39.9692,-75.2284,1505.0,6,0,0,0,0,0,2,1,0,,0,0,0,15,1,0,1,,0,39 58:09.192,,0,75 13:42.211,9,0,0,0,67301,0,0,0,N,0,0,0,8,67301,0,,1,1,,N,N,,0,,0,0,1,3,3,,1500,0,5,0,0,0,0,7,3,4,0,5,3,,N,,,,,,,,,,,
2009100026,2209.0,2,0,0,0,0,0,0,0,0,5,0,,67,9,2009,1,39.9477,-75.1986,2157.0,6,0,0,0,0,0,1,0,0,,0,0,0,21,3,3,2,,0,39 56:51.748,,0,75 11:55.037,4,0,0,0,67301,0,0,0,N,0,0,0,5,67301,3,,1,1,,N,N,,0,,0,0,0,9,2,,2140,3,2,0,0,0,0,1,3,4,0,2,3,,N,,,,,,,,,,,
2009100706,2101.0,2,0,0,0,0,0,0,0,0,1,0,,67,9,2009,4,39.9133,-75.2415,2023.0,6,0,1,0,0,0,0,0,0,,0,0,0,19,3,1,0,,0,39 54:47.905,,0,75 14:29.522,3,0,0,0,67301,1,0,0,N,0,0,0,2,67301,0,,1,9,,N,N,,0,,1,0,0,0,0,,1923,1,2,0,0,0,0,0,3,4,0,2,7,,N,,,,,,,,,,,
2009100722,1945.0,1,0,0,0,0,0,0,0,0,8,0,,67,9,2009,5,40.0199,-75.175,1941.0,6,0,0,0,0,0,0,0,0,,0,0,0,19,3,1,2,,0,40 01:11.588,,0,75 10:29.885,4,0,0,0,67301,2,0,0,N,2,0,0,3,67301,1,,1,9,,N,N,,0,,0,0,0,3,2,,1930,1,3,0,0,0,0,0,3,4,0,1,7,,N,,,,,,,,,,,
2009100526,953.0,1,0,0,0,0,0,0,0,0,4,0,,67,9,2009,7,39.9462,-75.1699,948.0,6,0,0,0,0,0,1,0,0,,0,0,0,9,1,1,2,,0,39 56:46.158,,0,75 10:11.672,4,0,0,0,67301,0,0,0,N,0,0,0,2,67301,1,,1,1,,N,N,,0,,0,0,1,3,2,,947,1,2,0,0,0,0,0,3,4,0,2,3,,N,,,,,,,,,,,