CRN,ARRIVAL_TM,AUTOMOBILE_COUNT,BELTED_DEATH_COUNT,BELTED_SUSP_SERIOUS_INJ_COUNT,BICYCLE_COUNT,BICYCLE_DEATH_COUNT,BICYCLE_SUSP_SERIOUS_INJ_COUNT,BUS_COUNT,CHLDPAS_DEATH_COUNT,CHLDPAS_SUSP_SERIOUS_INJ_COUNT,COLLISION_TYPE,COMM_VEH_COUNT,CONS_ZONE_SPD_LIM,COUNTY,CRASH_MONTH,CRASH_YEAR,DAY_OF_WEEK,DEC_LAT,DEC_LONG,DISPATCH_TM,DISTRICT,DRIVER_COUNT_16YR,DRIVER_COUNT_17YR,DRIVER_COUNT_18YR,DRIVER_COUNT_19YR,DRIVER_COUNT_20YR,DRIVER_COUNT_50_64YR,DRIVER_COUNT_65_74YR,DRIVER_COUNT_75PLUS,EST_HRS_CLOSED,FATAL_COUNT,HEAVY_TRUCK_COUNT,HORSE_BUGGY_COUNT,HOUR_OF_DAY,ILLUMINATION,INJURY_COUNT,INTERSECT_TYPE,INTERSECTION_RELATED,LANE_CLOSED,LATITUDE,LN_CLOSE_DIR,LOCATION_TYPE,LONGITUDE,MAX_SEVERITY_LEVEL,MCYCLE_DEATH_COUNT,MCYCLE_SUSP_SERIOUS_INJ_COUNT,MOTORCYCLE_COUNT,MUNICIPALITY,NONMOTR_COUNT,NONMOTR_DEATH_COUNT,NONMOTR_SUSP_SERIOUS_INJ_COUNT,NTFY_HIWY_MAINT,PED_COUNT,PED_DEATH_COUNT,PED_SUSP_SERIOUS_INJ_COUNT,PERSON_COUNT,POLICE_AGCY,POSSIBLE_INJ_COUNT,RDWY_SURF_TYPE_CD,RELATION_TO_ROAD,ROAD_CONDITION,ROADWAY_CLEARED,SCH_BUS_IND,SCH_ZONE_IND,SECONDARY_CRASH,SMALL_TRUCK_COUNT,SPEC_JURIS_CD,SUSP_MINOR_INJ_COUNT,SUSP_SERIOUS_INJ_COUNT,SUV_COUNT,TCD_FUNC_CD,TCD_TYPE,TFC_DETOUR_IND,TIME_OF_DAY,TOT_INJ_COUNT,TOTAL_UNITS,UNB_DEATH_COUNT,UNB_SUSP_SERIOUS_INJ_COUNT,UNBELTED_OCC_COUNT,UNK_INJ_DEG_COUNT,UNK_INJ_PER_COUNT,URBAN_AREA,URBAN_RURAL,VAN_COUNT,VEHICLE_COUNT,WEATHER1,WEATHER2,WORK_ZONE_IND,WORK_ZONE_LOC,WORK_ZONE_TYPE,WORKERS_PRES,WZ_CLOSE_DETOUR,WZ_FLAGGER,WZ_LAW_OFFCR_IND,WZ_LN_CLOSURE,WZ_MOVING,WZ_OTHER,WZ_SHLDER_MDN,WZ_WORKERS_INJ_KILLED
2009100570,1650.0,1,0,0,1,0,0,0,0,0,4,0,,67,9,2009,4,39.9913,-75.1585,1646.0,6,0,0,0,0,0,0,0,0,,0,0,0,16,1,1,1,,0,39 59:28.669,,0,75 09:30.520,4,0,0,0,67301,1,0,0,,0,0,0,2,67301,1,,1,9,,,,,0,,0,0,0,2,2,,1645,1,2,0,0,0,0,0,3,4,0,1,3,,N,,,,,,,,,,,
2009028475,2208.0,1,0,0,1,0,0,0,0,0,4,0,,67,1,2009,3,39.9293,-75.1686,2159.0,6,0,0,0,0,0,0,0,0,,0,0,0,21,3,1,1,,0,39 55:45.086,,0,75 10:06.858,4,0,0,0,67301,1,0,0,N,0,0,0,2,67301,1,,1,9,,N,N,,0,,0,0,0,3,2,,2159,1,2,0,0,1,0,0,3,4,0,1,7,,N,,,,,,,,,,,
2009025150,113.0,1,0,0,0,0,0,0,0,0,8,0,,67,1,2009,2,39.9915,-75.1226,110.0,6,0,0,0,0,0,0,0,0,,0,0,0,99,1,1,0,,0,39 59:29.407,,0,75 07:21.188,4,0,0,0,67301,1,0,0,,1,0,0,2,67301,1,,1,1,,N,N,,0,,0,0,0,0,0,,9999,1,2,0,0,0,0,0,3,4,0,1,3,,N,,,,,,,,,,,
2009018107,741.0,1,0,0,0,0,0,0,0,0,7,0,,67,1,2009,1,40.0295,-75.0226,729.0,6,0,0,0,0,0,0,0,0,,0,0,0,7,1,0,0,,0,40 01:45.063,,0,75 01:22.035,0,0,0,0,67301,0,0,0,N,0,0,0,1,68K01,0,,3,2,,N,N,,0,,0,0,0,0,0,,728,0,1,0,0,0,0,0,3,4,0,1,3,,N,,,,,,,,,,,
2009032921,1230.0,2,0,0,0,0,0,0,0,0,1,0,,67,1,2009,3,39.9417,-75.1794,1227.0,6,0,0,0,0,0,1,0,0,1.0,0,0,0,11,1,2,1,,1,39 56:29.972,4.0,0,75 10:45.670,4,0,0,0,67301,0,0,0,N,0,0,0,3,67301,2,,1,2,,N,N,,0,,0,0,0,3,2,Y,1130,2,2,0,0,0,0,0,3,4,0,2,10,,N,,,,,,,,,,,
2009125323,1110.0,2,0,0,0,0,0,0,0,0,4,0,,67,11,2009,4,39.9729,-75.1703,1100.0,6,0,0,0,0,0,0,0,1,,0,0,0,99,1,1,1,,0,39 58:22.278,,0,75 10:12.895,3,0,0,0,67301,0,0,0,N,0,0,0,2,67301,0,,1,9,,N,N,,0,,1,0,0,3,2,,9999,1,2,0,0,1,0,0,3,4,0,2,7,,N,,,,,,,,,,,
2009111718,1112.0,0,0,0,0,0,0,0,0,0,8,0,,67,10,2009,5,39.9585,-75.2252,1108.0,6,0,0,0,0,0,1,0,0,,0,0,0,11,1,1,1,,0,39 57:30.546,,0,75 13:30.586,8,0,0,0,67301,1,0,0,N,1,0,0,2,67301,0,,1,1,,N,N,,0,,0,0,1,3,2,,1100,1,2,0,0,0,1,0,3,4,0,1,3,,N,,,,,,,,,,,
2009125233,9999.0,2,0,0,0,0,0,0,0,0,4,0,,67,11,2009,3,39.9228,-75.2265,9999.0,6,0,0,0,0,0,0,0,0,,0,0,0,99,3,0,0,,0,39 55:22.008,,0,75 13:35.277,9,0,0,0,67301,0,0,0,,0,0,0,2,67301,0,,1,1,,N,N,,0,,0,0,0,0,0,,9999,0,2,0,0,0,0,1,3,4,0,2,3,,N,,,,,,,,,,,
2009125255,2209.0,1,0,0,0,0,0,0,0,0,2,0,,67,11,2009,4,39.9249,-75.174,2208.0,6,0,0,0,1,0,0,1,0,,0,0,0,22,3,1,1,,0,39 55:28.493,,0,75 10:16.477,4,0,0,0,67301,0,0,0,,0,0,0,5,67301,1,,1,9,,,,,0,,0,0,1,3,2,,2208,1,2,0,0,0,0,0,3,4,0,2,7,,N,,,,,,,,,,,
2009111778,2125.0,1,0,0,0,0,0,0,0,0,4,0,,67,10,2009,4,40.0082,-75.0717,2113.0,6,0,0,0,0,0,0,0,0,2.0,0,0,0,21,3,1,1,,2,40 00:29.508,7.0,0,75 04:18.071,8,0,0,0,67301,0,0,0,,0,0,0,2,67301,0,,1,1,,,,,0,,0,0,1,3,2,Y,2111,1,2,0,0,0,1,0,3,4,0,2,3,,N,,,,,,,,,,,
2009079500,1307.0,1,0,0,0,0,0,0,0,0,4,0,,67,7,2009,2,40.0946,-75.0152,1305.0,6,0,0,0,0,0,0,0,0,1.0,0,0,0,13,1,1,2,,1,40 05:41.218,2.0,0,75 00:55.140,4,0,0,0,67301,0,0,0,N,0,0,0,6,67301,1,,1,1,,N,N,,0,,0,0,1,3,2,N,1305,1,2,0,0,0,0,0,3,4,0,2,3,,N,,,,,,,,,,,
2009079523,807.0,1,0,0,0,0,0,0,0,0,7,0,,67,7,2009,6,40.0405,-75.0589,801.0,6,0,0,0,0,0,0,0,0,2.0,0,0,0,7,1,1,1,,1,40 02:25.798,2.0,0,75 03:31.964,3,0,0,0,67301,0,0,0,N,0,0,0,1,67301,0,,5,1,,N,N,,0,,1,0,0,3,2,N,755,1,1,0,0,0,0,0,3,4,0,1,3,,N,,,,,,,,,,,
2009100672,2313.0,1,0,0,0,0,0,0,0,0,1,0,,67,9,2009,6,40.0119,-75.2049,2306.0,6,0,0,0,0,0,0,0,0,,0,0,0,23,3,2,6,,0,40 00:39.639,,2,75 12:22.116,4,0,0,0,67301,0,0,0,N,0,0,0,3,67301,2,,1,9,,N,N,,0,,0,0,1,3,3,,2303,2,2,0,0,0,0,0,3,4,0,2,7,,N,,,,,,,,,,,
2009095640,1635.0,0,0,0,0,0,0,0,0,0,1,0,,67,9,2009,5,39.9539,-75.1814,1630.0,6,0,0,0,0,0,0,0,0,1.0,0,0,0,16,1,2,0,,1,39 57:19.440,4.0,0,75 10:50.520,4,0,0,0,67301,0,0,0,N,0,0,0,4,68K01,1,,1,1,,N,N,,1,,0,0,0,0,0,N,1627,2,2,0,0,0,1,0,3,4,1,2,3,,N,,,,,,,,,,,
2009103600,2349.0,2,0,0,0,0,0,0,0,0,1,0,55.0,67,10,2009,5,40.0306,-75.0219,2338.0,6,0,0,0,0,0,0,0,0,,0,0,0,23,3,0,0,,0,40 01:50.495,,0,75 01:18.782,9,0,0,0,67301,0,0,0,N,0,0,0,2,68K01,0,,1,1,,N,N,,0,,0,0,0,3,8,,2329,0,2,0,0,0,0,1,3,4,0,2,3,,Y,4.0,2.0,Y,N,N,Y,Y,Y,N,Y,
2009044186,646.0,1,0,0,0,0,0,0,0,0,2,0,,67,3,2009,7,39.9335,-75.2155,642.0,6,0,0,0,0,0,0,0,0,2.0,0,0,0,6,1,2,2,,1,39 56:00.742,2.0,0,75 12:55.883,4,0,0,0,67301,0,0,0,N,0,0,0,3,67301,2,,1,9,,N,N,,0,,0,0,0,3,2,N,642,2,2,0,0,0,0,0,3,4,1,2,3,,N,,,,,,,,,,,
2009044192,739.0,1,0,0,1,0,0,0,0,0,2,0,,67,3,2009,5,39.9381,-75.1988,735.0,6,0,0,0,0,0,0,0,0,,0,0,0,7,1,1,1,,0,39 56:17.010,,0,75 11:55.632,4,0,0,0,67301,1,0,0,,0,0,0,2,67301,1,,1,1,,N,N,,0,,0,0,0,0,0,,735,1,2,0,0,0,0,0,3,4,0,1,3,,N,,,,,,,,,,,
2009049526,1105.0,1,0,0,0,0,0,0,0,0,8,0,,67,3,2009,6,39.9777,-75.2346,1058.0,6,0,0,0,0,0,0,0,0,,0,0,0,19,3,1,0,,0,39 58:39.853,,0,75 14:04.495,2,0,0,0,67301,1,0,1,,1,0,1,2,67301,0,,1,1,,,,,0,,0,1,0,0,0,,1900,1,2,0,0,0,0,0,3,4,0,1,3,,N,,,,,,,,,,,
2009049389,1645.0,2,0,0,0,0,0,0,0,0,1,0,,67,3,2009,6,39.9573,-75.2096,1635.0,6,0,0,0,0,0,0,0,0,,0,0,0,16,1,1,1,,0,39 57:26.341,,0,75 12:34.516,3,0,0,0,67301,0,0,0,N,0,0,0,2,67301,0,,1,1,,N,N,,0,,1,0,0,0,0,,1600,1,2,0,0,0,0,1,3,4,0,2,3,,N,,,,,,,,,,,
2009049415,1730.0,3,0,0,0,0,0,0,0,0,1,0,,67,3,2009,2,40.0577,-75.0452,1728.0,6,0,0,0,0,0,2,0,0,,0,0,0,17,1,1,2,,0,40 03:27.360,,0,75 02:43.080,4,0,0,0,67301,0,0,0,N,0,0,0,3,67301,1,,1,1,,N,N,,0,,0,0,0,0,0,,1727,1,3,0,0,0,0,0,3,4,0,3,3,,N,,,,,,,,,,,
2009026121,1800.0,1,0,0,0,0,0,0,0,0,2,0,,67,1,2009,1,40.0486,-75.1449,1800.0,6,0,0,0,0,0,0,0,0,1.0,0,0,0,17,3,2,1,,1,40 02:55.097,3.0,0,75 08:41.622,8,0,0,0,67301,0,0,0,N,0,0,0,8,67301,0,,1,1,,N,N,,0,,0,0,1,3,2,Y,1758,2,2,0,0,0,2,0,3,4,0,2,7,5.0,N,,,,,,,,,,,
2009048775,2040.0,1,0,0,0,0,0,0,0,0,7,0,,67,4,2009,4,,,2031.0,6,0,0,0,0,0,0,0,0,1.0,0,0,0,20,3,1,0,,1,,2.0,0,,8,0,0,0,67301,0,0,0,N,0,0,0,1,67301,0,,5,1,,N,N,,0,,0,0,0,0,0,N,2025,1,1,0,0,1,1,0,3,3,0,1,3,,N,,,,,,,,,,,
2009048782,1110.0,1,0,0,0,0,0,0,0,0,1,0,,67,3,2009,6,40.0333,-75.0767,1101.0,6,0,0,0,0,1,1,0,0,,0,0,0,11,1,2,1,,0,40 02:00.045,,0,75 04:35.782,8,0,0,0,67301,0,0,0,N,0,0,0,5,67301,0,,1,1,,N,N,,0,,0,0,0,0,0,,1101,2,2,0,0,0,2,1,3,4,1,2,3,,N,,,,,,,,,,,
2009048789,1400.0,1,0,0,0,0,0,0,0,0,4,0,,67,4,2009,4,40.0243,-75.1612,1330.0,6,0,0,0,0,0,0,0,0,,0,0,0,13,1,0,2,,0,40 01:27.483,,0,75 09:40.489,0,0,0,0,67301,0,0,0,N,0,0,0,2,67301,0,,1,1,,N,N,,1,,0,0,0,3,3,,1320,0,2,0,0,0,0,0,3,4,0,2,3,,N,,,,,,,,,,,
2009117179,1641.0,0,0,0,0,0,0,0,0,0,1,0,,67,10,2009,2,39.9369,-75.1444,1616.0,6,0,0,0,0,0,0,0,0,,0,0,0,16,1,0,0,,0,39 56:12.768,,0,75 08:39.964,9,0,0,0,67301,0,0,0,N,0,0,0,2,68K01,0,,1,1,,N,N,,1,,0,0,0,0,0,,1609,0,2,0,0,0,0,1,3,4,1,2,3,,N,,,,,,,,,,,
2009124860,55.0,0,0,0,0,0,0,0,0,0,4,0,,67,10,2009,7,40.0523,-75.008,153.0,6,0,0,0,0,0,0,1,0,,0,0,0,0,3,1,1,,0,40 03:08.339,,0,75 00:28.750,8,0,0,1,67301,0,0,0,,0,0,0,2,67301,0,,1,9,,N,N,,0,,0,0,1,3,2,,53,1,2,0,0,0,1,0,3,4,0,2,7,,N,,,,,,,,,,,
2009124861,2200.0,1,0,0,0,0,0,0,0,0,7,0,,67,11,2009,4,40.0995,-74.9864,2151.0,6,0,0,0,0,0,0,0,0,1.0,0,0,0,21,3,1,6,,1,40 05:58.224,3.0,2,74 59:10.989,8,0,0,0,67301,0,0,0,N,0,0,0,1,67301,0,,4,9,,N,N,,0,,0,0,0,0,0,N,2149,1,1,0,0,0,1,0,3,4,0,1,7,,N,,,,,,,,,,,
2009039071,2018.0,2,0,0,0,0,0,0,0,0,4,0,,67,2,2009,7,40.076,-75.0334,1953.0,6,0,0,0,0,0,0,0,0,,0,0,0,19,3,2,8,,0,40 04:33.960,,6,75 02:00.240,4,0,0,0,67301,0,0,0,N,0,0,0,5,67301,2,,1,1,,N,N,,0,,0,0,0,0,0,,1953,2,2,0,0,0,0,0,3,4,0,2,3,,N,,,,,,,,,,,
2009048903,1923.0,1,0,0,1,0,0,0,0,0,2,0,,67,4,2009,5,40.0128,-75.1423,1919.0,6,0,0,0,0,0,0,0,0,,0,0,0,19,1,1,2,,0,40 00:46.008,,0,75 08:32.312,8,0,0,0,67301,1,0,0,N,0,0,0,2,67301,0,,1,1,,N,N,,0,,0,0,0,3,3,,1915,1,2,0,0,0,1,0,3,4,0,1,3,,N,,,,,,,,,,,
2009038742,2036.0,1,0,0,1,0,0,0,0,0,6,0,,67,2,2009,6,39.9909,-75.0912,2031.0,6,0,0,0,0,0,0,0,0,,0,0,0,99,3,1,1,,9,39 59:27.155,,0,75 05:28.376,4,0,0,0,67301,1,0,0,N,0,0,0,2,67301,1,,1,1,,N,N,,0,,0,0,0,3,2,,9999,1,2,0,0,1,0,0,3,4,0,1,3,,N,,,,,,,,,,,
2009038786,1113.0,2,0,0,0,0,0,0,0,0,4,0,,67,1,2009,5,39.9951,-75.1632,1109.0,6,0,0,0,0,0,0,1,0,4.0,0,0,0,11,1,2,2,,1,39 59:42.186,2.0,0,75 09:47.474,2,0,0,0,67301,0,0,0,,0,0,0,3,67301,0,,1,2,,,,,0,,0,2,0,3,2,Y,1100,2,2,0,1,1,0,0,3,4,0,2,3,,N,,,,,,,,,,,
2009038862,1924.0,0,0,0,0,0,0,0,0,0,8,0,,67,1,2009,3,39.9541,-75.2025,1924.0,6,0,0,0,0,0,0,0,0,,0,0,0,15,1,1,1,,0,39 57:14.817,,0,75 12:08.993,4,0,0,0,67301,1,0,0,N,1,0,0,2,67301,1,,1,1,,N,N,,0,,0,0,1,3,2,,1550,1,2,0,0,0,0,0,3,4,0,1,3,,N,,,,,,,,,,,
2009043418,904.0,0,0,0,0,0,0,0,0,0,4,0,,67,4,2009,3,40.0571,-75.129,902.0,6,0,0,0,0,0,0,0,0,1.0,0,0,0,9,1,1,1,,1,40 03:25.673,4.0,0,75 07:44.331,8,0,0,0,67301,0,0,0,N,0,0,0,4,46102,0,,1,1,,N,N,,0,,0,0,1,3,2,N,902,1,2,0,0,0,1,0,3,4,1,2,3,,N,,,,,,,,,,,
2009048714,37.0,1,0,0,0,0,0,0,0,0,7,0,,67,3,2009,1,40.1219,-75.0161,35.0,6,0,0,0,0,1,0,0,0,3.0,0,0,0,0,3,3,0,,2,40 07:18.992,7.0,0,75 00:58.135,4,0,0,0,67301,0,0,0,,0,0,0,3,67301,3,,4,9,,,,,0,,0,0,0,0,0,Y,30,3,1,0,0,0,0,0,3,4,0,1,7,,N,,,,,,,,,,,
2009049077,1620.0,0,0,0,0,0,0,0,0,0,7,0,,67,3,2009,4,40.0194,-75.2012,1617.0,6,0,0,0,0,0,0,0,0,2.0,0,0,0,16,1,1,0,,2,40 01:09.711,7.0,0,75 12:04.441,4,0,0,0,67301,0,0,0,N,0,0,0,1,67301,1,,2,9,,N,N,,0,,0,0,1,0,0,Y,1615,1,1,0,0,0,0,0,3,4,0,1,7,,N,,,,,,,,,,,
2009049293,938.0,2,0,0,0,0,0,0,0,0,4,0,,67,3,2009,6,39.9563,-75.2135,930.0,6,0,0,0,0,0,1,0,0,,0,0,0,9,1,1,1,,0,39 57:22.503,,0,75 12:48.657,8,0,0,0,67301,0,0,0,N,0,0,0,2,67301,0,,1,1,,N,N,,0,,0,0,0,9,3,,923,1,2,0,0,1,1,0,3,4,0,2,3,,N,,,,,,,,,,,
2009040341,1648.0,2,0,0,0,0,0,0,0,0,4,0,,67,2,2009,3,40.0567,-75.0469,1645.0,6,0,0,0,0,0,0,0,0,1.0,0,0,0,16,1,1,1,,2,40 03:24.251,6.0,0,75 02:48.711,4,0,0,0,67301,0,0,0,,0,0,0,3,67301,1,,1,1,,,,,0,,0,0,0,3,2,N,1640,1,2,0,0,0,0,0,3,4,0,2,3,,N,,,,,,,,,,,
2009026103,9999.0,2,0,0,0,0,0,0,0,0,1,0,,67,1,2009,6,39.9529,-75.1597,9999.0,6,0,0,0,0,0,0,0,0,,0,0,0,99,1,1,1,,0,39 57:10.616,,0,75 09:34.855,4,0,0,0,67301,0,0,0,,0,0,0,3,67301,1,,1,1,,,,,0,,0,0,0,3,2,,9999,1,2,0,0,0,0,0,3,4,0,2,3,,N,,,,,,,,,,,
2009018677,1913.0,1,0,0,0,0,0,0,0,0,1,1,,67,2,2009,5,39.8988,-75.1732,1858.0,6,0,0,0,0,0,0,0,0,1.0,0,1,0,18,3,2,0,,2,39 53:59.158,1.0,0,75 09:41.674,3,0,0,0,67301,0,0,0,N,0,0,0,4,68K01,0,,1,1,,N,N,,0,,2,0,0,0,0,N,1851,2,2,0,0,0,0,0,3,4,0,2,3,,N,,,,,,,,,,,
2009105799,2.0,1,0,0,0,0,0,1,0,0,4,1,,67,9,2009,6,39.9317,-75.168,0.0,6,0,0,0,0,0,1,0,0,2.0,0,0,0,23,3,1,1,,1,39 55:53.939,1.0,0,75 10:04.948,3,0,0,0,67301,0,0,0,,0,0,0,5,67301,0,,1,1,,,,,0,,1,0,0,3,2,N,2355,1,2,0,0,1,0,0,3,4,0,2,3,,N,,,,,,,,,,,
2009105826,2059.0,2,0,0,0,0,0,0,0,0,1,0,,67,8,2009,4,39.9251,-75.1813,2057.0,6,0,0,0,0,0,1,0,0,3.0,0,0,0,20,3,1,0,,2,39 55:30.453,1.0,0,75 10:52.698,8,0,0,0,67301,0,0,0,Y,0,0,0,3,67301,0,,1,1,,N,N,,0,,0,0,0,3,2,Y,2056,1,2,0,0,2,1,0,3,4,0,2,3,,N,,,,,,,,,,,
2009101048,1745.0,1,0,0,0,0,0,0,0,0,8,0,,67,9,2009,2,39.9322,-75.1772,1705.0,6,0,0,0,0,0,0,0,0,,0,0,0,17,1,1,0,,0,39 55:55.902,,0,75 10:38.096,4,0,0,0,67301,1,0,0,,1,0,0,2,67301,1,,1,1,,N,N,,0,,0,0,0,0,0,,1700,1,2,0,0,1,0,0,3,4,0,1,3,,N,,,,,,,,,,,
2009100782,1300.0,2,0,0,0,0,0,0,0,0,4,0,,67,9,2009,6,39.9885,-75.1368,1230.0,6,0,0,0,0,0,0,0,0,,0,0,0,12,1,1,1,,0,39 59:18.578,,0,75 08:12.530,8,0,0,0,67301,0,0,0,N,0,0,0,3,67301,0,,1,9,,N,N,,0,,0,0,0,3,3,,1230,1,2,0,0,2,1,1,3,4,0,2,7,,N,,,,,,,,,,,
2009100820,825.0,3,0,0,0,0,0,0,0,0,1,0,,67,9,2009,2,39.9434,-75.1721,820.0,6,0,0,0,0,0,1,0,0,,0,0,0,8,1,1,0,,0,39 56:36.319,,0,75 10:19.623,4,0,0,0,67301,0,0,0,N,0,0,0,5,67301,1,,1,1,,N,N,,0,,0,0,0,0,0,,820,1,3,0,0,0,0,1,3,4,0,3,3,,N,,,,,,,,,,,
2009100512,1705.0,1,0,0,0,0,0,0,0,0,8,0,,67,9,2009,6,40.029,-75.106,1705.0,6,0,0,0,0,0,0,0,0,,0,0,0,9,8,1,1,,0,40 01:43.859,,0,75 06:21.744,4,0,0,0,67301,1,0,0,,1,0,0,2,67301,1,,1,9,,,,,0,,0,0,0,0,0,,930,1,2,0,0,0,0,0,3,4,0,1,7,,N,,,,,,,,,,,
2009100534,840.0,1,0,0,0,0,0,0,0,0,2,0,,67,9,2009,6,39.9855,-75.1174,835.0,6,0,0,0,0,0,0,0,0,,0,0,0,8,1,1,0,,0,39 59:07.926,,0,75 07:02.553,4,0,0,0,67301,0,0,0,,0,0,0,2,67301,1,,1,1,,,,,1,,0,0,0,0,0,,830,1,2,0,0,0,0,0,3,4,0,2,3,,N,,,,,,,,,,,
2009100566,1803.0,1,0,0,0,0,0,0,0,0,1,0,,67,9,2009,7,39.9674,-75.225,1802.0,6,0,0,0,0,0,1,0,0,,0,0,0,18,1,1,0,,0,39 58:02.529,,0,75 13:30.010,8,0,0,0,67301,0,0,0,N,0,0,0,4,67301,0,,1,1,,N,N,,0,,0,0,1,0,0,,1800,1,2,0,0,0,1,0,3,4,0,2,3,,N,,,,,,,,,,,
2009030810,1657.0,1,0,0,0,0,0,0,0,0,8,0,,67,2,2009,4,40.0007,-75.1181,1655.0,6,0,0,0,0,0,0,0,0,,0,0,0,16,1,1,0,,0,40 00:02.638,,0,75 07:05.030,4,0,0,0,67301,1,0,0,,1,0,0,2,67301,1,,1,1,,N,N,,0,,0,0,0,0,0,,1651,1,2,0,0,0,0,0,3,4,0,1,3,,N,,,,,,,,,,,
2009028490,2204.0,0,0,0,0,0,0,0,0,0,7,0,,67,1,2009,6,40.0192,-75.1639,2156.0,6,0,0,0,0,0,0,0,0,1.0,0,0,0,21,3,1,0,,2,40 01:09.120,3.0,3,75 09:50.040,3,0,0,0,67301,0,0,0,N,0,0,0,1,67301,0,,1,1,,N,N,,0,,1,0,1,3,8,N,2154,1,1,0,0,0,0,0,3,4,0,1,3,,N,,,,,,,,,,,
2009035495,2149.0,2,0,0,0,0,0,0,0,0,4,0,,67,3,2009,5,39.8868,-75.2428,2134.0,6,0,0,0,0,0,2,0,0,,0,0,0,20,3,0,0,,0,39 53:12.291,,0,75 14:34.291,0,0,0,0,67301,0,0,0,N,0,0,0,3,68K01,0,,1,9,,N,N,,0,,0,0,1,0,0,,2046,0,3,0,0,0,0,0,3,4,0,3,7,,N,,,,,,,,,,,
2009027936,2135.0,1,0,0,0,0,0,0,0,0,1,0,,67,1,2009,2,39.964,-75.2314,2130.0,6,0,0,0,0,0,0,0,0,,0,0,0,20,3,2,1,,0,39 57:50.299,,0,75 13:53.083,8,0,0,0,67301,0,0,0,N,0,0,0,3,67301,0,,1,7,,N,N,,1,,0,0,0,3,3,,2039,2,2,0,0,0,2,1,3,4,0,2,10,,N,,,,,,,,,,,
2009025591,1944.0,2,0,0,0,0,0,0,0,0,4,0,,67,1,2009,6,40.0403,-75.1863,1939.0,6,0,0,1,0,0,0,0,0,2.0,0,0,0,19,3,0,1,,2,40 02:24.910,7.0,0,75 11:10.647,9,0,0,0,67301,0,0,0,,0,0,0,6,67301,0,,1,1,,,,,0,,0,0,0,3,3,Y,1938,0,2,0,0,0,0,1,3,4,0,2,3,,N,,,,,,,,,,,
2009030462,2012.0,0,0,0,0,0,0,0,0,0,7,0,,67,2,2009,6,40.0229,-75.1359,2012.0,6,0,0,0,0,0,0,0,0,,0,0,0,20,3,1,2,,0,40 01:22.765,,0,75 08:08.147,8,0,0,0,67301,0,0,0,N,0,0,0,1,67301,0,,5,1,,N,N,,0,,0,0,0,0,0,,2010,1,1,0,0,1,1,0,3,4,1,1,3,,N,,,,,,,,,,,
2009091931,1120.0,0,0,0,0,0,0,0,0,0,7,0,,67,8,2009,5,39.9576,-75.1605,1120.0,6,0,0,0,0,0,1,0,0,,0,0,0,11,1,0,6,,0,39 57:27.360,,2,75 09:37.800,0,0,0,0,67301,0,0,0,Y,0,0,0,1,68K01,0,,2,1,,N,N,,0,,0,0,0,0,0,,1112,0,1,0,0,0,0,0,3,4,1,1,3,,N,,,,,,,,,,,
2009084540,1717.0,1,0,0,0,0,0,0,0,0,4,0,,67,7,2009,2,39.9589,-75.1567,1717.0,6,0,0,0,0,0,1,0,0,2.0,0,0,0,17,1,1,1,,2,39 57:32.119,4.0,0,75 09:24.206,3,0,0,0,67301,1,0,0,N,1,0,0,2,67301,0,,1,1,,N,N,,0,,1,0,0,3,2,N,1717,1,2,0,0,0,0,0,3,4,0,1,3,,N,,,,,,,,,,,
2009044296,9999.0,2,0,0,0,0,0,0,0,0,4,0,,67,3,2009,4,39.9219,-75.1702,9999.0,6,0,0,0,0,0,0,0,0,,0,0,0,99,1,0,1,,0,39 55:18.763,,0,75 10:12.565,0,0,0,0,67301,0,0,0,N,0,0,0,2,67301,0,,1,98,,N,N,,0,,0,0,0,3,2,,9999,0,2,0,0,0,0,0,3,4,0,2,99,,N,,,,,,,,,,,
2009049392,1637.0,1,0,0,0,0,0,0,0,0,8,0,,67,4,2009,4,40.0479,-75.0597,1633.0,6,0,0,0,0,0,0,0,0,1.0,0,0,0,16,1,1,0,,1,40 02:52.252,1.0,0,75 03:34.882,8,0,0,0,67301,1,0,0,N,1,0,0,2,67301,0,,1,1,,N,N,,0,,0,0,0,0,0,N,1633,1,2,0,0,0,1,0,3,4,0,1,3,,N,,,,,,,,,,,
2009049465,905.0,1,0,0,0,0,0,0,0,0,5,0,,67,4,2009,2,39.9416,-75.1974,859.0,6,0,0,0,0,0,0,0,0,,0,0,0,8,1,1,0,,0,39 56:25.950,,0,75 11:52.021,8,0,0,0,67301,0,0,0,N,0,0,0,4,67301,0,,1,9,,N,N,,1,,0,0,0,0,0,,830,1,2,0,0,0,1,0,3,4,0,2,7,,N,,,,,,,,,,,
2009120431,455.0,1,0,0,0,0,0,0,0,0,4,0,,67,10,2009,7,39.9484,-75.2094,420.0,6,0,0,0,0,0,0,0,0,,0,0,0,4,3,2,0,,0,39 56:54.252,,0,75 12:33.703,8,0,0,0,67301,0,0,0,N,0,0,0,4,67301,0,,1,9,,N,N,,0,,0,0,0,0,0,,409,2,2,0,0,0,2,0,3,4,0,2,7,,N,,,,,,,,,,,