CRN,ARRIVAL_TM,AUTOMOBILE_COUNT,BELTED_DEATH_COUNT,BELTED_SUSP_SERIOUS_INJ_COUNT,BICYCLE_COUNT,BICYCLE_DEATH_COUNT,BICYCLE_SUSP_SERIOUS_INJ_COUNT,BUS_COUNT,CHLDPAS_DEATH_COUNT,CHLDPAS_SUSP_SERIOUS_INJ_COUNT,COLLISION_TYPE,COMM_VEH_COUNT,CONS_ZONE_SPD_LIM,COUNTY,CRASH_MONTH,CRASH_YEAR,DAY_OF_WEEK,DEC_LAT,DEC_LONG,DISPATCH_TM,DISTRICT,DRIVER_COUNT_16YR,DRIVER_COUNT_17YR,DRIVER_COUNT_18YR,DRIVER_COUNT_19YR,DRIVER_COUNT_20YR,DRIVER_COUNT_50_64YR,DRIVER_COUNT_65_74YR,DRIVER_COUNT_75PLUS,EST_HRS_CLOSED,FATAL_COUNT,HEAVY_TRUCK_COUNT,HORSE_BUGGY_COUNT,HOUR_OF_DAY,ILLUMINATION,INJURY_COUNT,INTERSECT_TYPE,INTERSECTION_RELATED,LANE_CLOSED,LATITUDE,LN_CLOSE_DIR,LOCATION_TYPE,LONGITUDE,MAX_SEVERITY_LEVEL,MCYCLE_DEATH_COUNT,MCYCLE_SUSP_SERIOUS_INJ_COUNT,MOTORCYCLE_COUNT,MUNICIPALITY,NONMOTR_COUNT,NONMOTR_DEATH_COUNT,NONMOTR_SUSP_SERIOUS_INJ_COUNT,NTFY_HIWY_MAINT,PED_COUNT,PED_DEATH_COUNT,PED_SUSP_SERIOUS_INJ_COUNT,PERSON_COUNT,POLICE_AGCY,POSSIBLE_INJ_COUNT,RDWY_SURF_TYPE_CD,RELATION_TO_ROAD,ROAD_CONDITION,ROADWAY_CLEARED,SCH_BUS_IND,SCH_ZONE_IND,SECONDARY_CRASH,SMALL_TRUCK_COUNT,SPEC_JURIS_CD,SUSP_MINOR_INJ_COUNT,SUSP_SERIOUS_INJ_COUNT,SUV_COUNT,TCD_FUNC_CD,TCD_TYPE,TFC_DETOUR_IND,TIME_OF_DAY,TOT_INJ_COUNT,TOTAL_UNITS,UNB_DEATH_COUNT,UNB_SUSP_SERIOUS_INJ_COUNT,UNBELTED_OCC_COUNT,UNK_INJ_DEG_COUNT,UNK_INJ_PER_COUNT,URBAN_AREA,URBAN_RURAL,VAN_COUNT,VEHICLE_COUNT,WEATHER1,WEATHER2,WORK_ZONE_IND,WORK_ZONE_LOC,WORK_ZONE_TYPE,WORKERS_PRES,WZ_CLOSE_DETOUR,WZ_FLAGGER,WZ_LAW_OFFCR_IND,WZ_LN_CLOSURE,WZ_MOVING,WZ_OTHER,WZ_SHLDER_MDN,WZ_WORKERS_INJ_KILLED
2009120451,2132.0,0,0,0,0,0,0,0,0,0,4,0,,67,10,2009,7,39.9602,-75.2269,2132.0,6,0,0,0,0,0,0,0,0,,0,0,0,21,3,1,1,,0,39 57:36.663,,0,75 13:36.686,4,0,0,0,67301,0,0,0,,0,0,0,2,67301,1,,1,1,,N,N,,0,,0,0,2,3,2,,2132,1,2,0,0,2,0,0,3,4,0,2,3,,N,,,,,,,,,,,
2009048780,54.0,1,0,0,0,0,0,0,0,0,4,0,,67,4,2009,7,40.0395,-75.0332,45.0,6,0,0,0,1,0,0,0,0,2.0,0,0,0,0,3,2,0,,1,40 02:22.267,2.0,7,75 01:59.545,8,0,0,0,67301,0,0,0,N,0,0,0,3,67301,0,,1,1,,N,N,,0,,0,0,1,0,0,N,38,2,2,0,0,0,2,0,3,4,0,2,3,,N,,,,,,,,,,,
2009124953,1115.0,0,0,0,0,0,0,0,0,0,4,0,,67,11,2009,3,39.9901,-75.1034,1113.0,6,0,0,0,0,0,1,0,0,,0,0,0,11,1,0,0,,0,39 59:24.400,,7,75 06:12.251,0,0,0,0,67301,0,0,0,N,0,0,0,2,67301,0,,3,1,,N,N,,0,,0,0,2,0,0,,1110,0,2,0,0,0,0,0,3,4,0,2,3,,N,,,,,,,,,,,
2009122470,1915.0,2,0,0,0,0,0,0,0,0,1,0,,67,11,2009,7,39.9913,-75.2034,1914.0,6,0,0,0,0,0,0,0,0,,0,0,0,19,3,0,0,,0,39 59:30.889,,0,75 12:07.523,0,0,0,0,67301,0,0,0,N,0,0,0,6,68K01,0,,1,1,,N,N,,0,,0,0,1,0,0,,1913,0,3,0,0,0,0,0,3,4,0,3,3,,N,,,,,,,,,,,
2009044000,1525.0,2,0,0,0,0,0,0,0,0,4,0,,67,3,2009,5,39.9161,-75.1548,1500.0,6,0,0,0,0,0,0,0,1,,0,0,0,99,1,1,1,,0,39 54:57.855,,0,75 09:17.175,4,0,0,0,67301,0,0,0,N,0,0,0,3,67301,1,,1,8,,N,N,,0,,0,0,0,0,0,,9999,1,2,0,0,0,0,0,3,4,0,2,7,,N,,,,,,,,,,,
2009044122,1430.0,1,0,0,0,0,0,0,0,0,1,0,,67,3,2009,3,39.9241,-75.1675,1425.0,6,0,0,0,0,0,1,0,1,1.0,0,0,0,14,1,1,1,,2,39 55:26.760,1.0,0,75 10:03.000,8,0,0,0,67301,0,0,0,,0,0,0,3,67301,0,,1,1,,,,,0,,0,0,2,3,2,Y,1420,1,3,0,0,0,1,0,3,4,0,3,3,,N,,,,,,,,,,,
2009048670,1120.0,0,0,0,1,0,0,0,0,0,4,0,,67,4,2009,7,39.9607,-75.237,1119.0,6,0,0,0,0,0,0,0,0,,0,0,0,11,1,1,1,,0,39 57:38.541,,0,75 14:13.174,8,0,0,0,67301,1,0,0,N,0,0,0,2,67301,0,,1,1,,N,N,,0,,0,0,1,3,3,,1119,1,2,0,0,0,1,0,3,4,0,1,3,,N,,,,,,,,,,,
2009008715,626.0,2,0,0,0,0,0,0,0,0,7,0,,67,1,2009,1,39.9316,-75.1996,613.0,6,0,0,0,0,0,0,0,0,1.0,0,0,0,6,3,0,0,,1,39 55:55.920,4.0,0,75 11:59.640,0,0,0,0,67301,0,0,0,N,0,0,0,2,68K01,0,,2,7,,N,N,,0,,0,0,0,0,0,N,608,0,2,0,0,0,0,0,3,4,0,2,10,,N,,,,,,,,,,,
2009049127,1640.0,1,0,0,0,0,0,0,0,0,8,0,,67,4,2009,1,39.9064,-75.1642,1640.0,6,0,0,0,0,0,1,0,0,,0,0,0,16,1,1,0,,0,39 54:22.910,,0,75 09:51.040,4,0,0,0,67301,1,0,0,N,1,0,0,2,67301,1,,1,1,,N,N,,0,,0,0,0,0,0,,1640,1,2,0,0,0,0,0,3,4,0,1,3,,N,,,,,,,,,,,
2009024012,2334.0,1,0,0,0,0,0,0,0,0,7,0,,67,2,2009,4,39.9307,-75.1989,2330.0,6,0,0,0,0,0,0,0,0,,0,0,0,23,3,1,0,,0,39 55:47.400,,0,75 11:52.968,3,0,0,0,67301,0,0,0,N,0,0,0,1,68K01,0,,2,9,,N,N,,0,,1,0,0,0,0,,2327,1,1,0,0,0,0,0,3,4,0,1,3,,N,,,,,,,,,,,
2009040296,1831.0,3,0,0,0,0,0,0,0,0,1,0,,67,4,2009,5,39.9571,-75.157,1822.0,6,0,0,0,0,0,0,1,0,1.0,0,0,0,18,1,0,0,,2,39 57:25.676,3.0,0,75 09:25.151,9,0,0,0,67301,0,0,0,N,0,0,0,10,68K01,0,,1,1,,N,N,,0,,0,0,1,0,0,Y,1821,0,5,0,0,0,0,1,3,4,1,5,3,,N,,,,,,,,,,,
2009026007,1055.0,2,0,0,0,0,0,0,0,0,1,0,,67,1,2009,3,39.9873,-75.1086,1050.0,6,0,0,0,0,0,1,0,0,,0,0,0,10,1,2,0,,0,39 59:14.347,,0,75 06:31.049,3,0,0,0,67301,0,0,0,,0,0,0,3,67301,0,,4,1,,,,,0,,2,0,0,0,0,,1045,2,2,0,0,0,0,1,3,4,0,2,3,,N,,,,,,,,,,,
2009050893,1550.0,5,0,0,0,0,0,0,0,0,1,0,,67,3,2009,1,39.9945,-75.2181,1540.0,6,0,0,0,0,0,1,1,0,1.0,0,0,0,15,1,1,1,,1,39 59:40.213,2.0,0,75 13:05.161,4,0,0,0,67301,0,0,0,N,0,0,0,5,67301,1,,1,1,,N,N,,0,,0,0,0,0,0,N,1530,1,5,0,0,0,0,0,3,4,0,5,3,,N,,,,,,,,,,,
2009023528,1954.0,2,0,0,0,0,0,0,0,0,1,0,,67,2,2009,2,39.9599,-75.1782,1950.0,6,0,0,0,0,0,2,0,0,1.0,0,0,0,19,3,1,0,,2,39 57:36.586,4.0,0,75 10:48.801,3,0,0,0,67301,0,0,0,N,0,0,0,3,68K01,0,,1,1,,N,N,,0,,1,0,0,0,0,Y,1946,1,2,0,0,0,0,0,3,4,0,2,3,,N,,,,,,,,,,,
2009100365,1508.0,2,0,0,0,0,0,0,0,0,4,0,,67,9,2009,6,39.9606,-75.1406,1508.0,6,0,0,0,0,0,2,0,0,,0,0,0,15,1,1,1,,0,39 57:38.067,,0,75 08:25.515,4,0,0,0,67301,0,0,0,Y,0,0,0,4,67301,1,,1,9,,N,N,,2,,0,0,0,3,2,,1500,1,4,0,0,1,0,0,3,4,0,4,7,,N,,,,,,,,,,,
2009105769,1850.0,1,0,0,0,0,0,0,0,0,8,0,,67,10,2009,5,39.9658,-75.1664,1845.0,6,0,0,0,0,0,0,0,0,1.0,0,0,0,18,1,1,0,,2,39 57:57.053,3.0,0,75 09:58.898,3,0,0,0,67301,1,0,0,N,1,0,0,2,67301,0,,1,1,,N,N,,0,,1,0,0,3,3,N,1835,1,2,0,0,1,0,0,3,4,0,1,3,,N,,,,,,,,,,,
2009097910,1014.0,0,0,0,0,0,0,0,0,0,1,0,,67,9,2009,3,39.9947,-75.084,1012.0,6,0,0,0,0,0,1,0,0,,0,0,0,10,1,0,0,,0,39 59:40.699,,0,75 05:02.649,0,0,0,0,67301,0,0,0,N,0,0,0,3,68K01,0,,1,1,,N,N,,1,,0,0,2,0,0,,1007,0,3,0,0,0,0,0,3,4,0,3,3,,N,,,,,,,,,,,
2009105827,1906.0,1,0,0,0,0,0,0,0,0,8,0,,67,9,2009,7,39.9294,-75.1854,1812.0,6,0,0,0,0,0,0,0,0,,0,0,0,18,1,1,0,,0,39 55:45.825,,0,75 11:07.533,4,0,0,0,67301,1,0,0,N,1,0,0,2,67301,1,,1,1,,N,N,,0,,0,0,0,0,0,,1810,1,2,0,0,0,0,0,3,4,0,1,3,,N,,,,,,,,,,,
2009105852,2006.0,1,0,0,0,0,0,0,0,0,4,0,,67,10,2009,7,40.0424,-75.0827,1957.0,6,0,0,0,0,0,1,0,0,,0,0,0,19,3,2,1,,0,40 02:32.725,,0,75 04:57.598,4,0,0,0,67301,0,0,0,N,0,0,0,2,67301,2,,1,1,,N,N,,0,,0,0,1,3,2,,1957,2,2,0,0,0,0,0,3,4,0,2,3,,N,,,,,,,,,,,
2009105917,1411.0,0,0,0,0,0,0,0,0,0,4,0,,67,10,2009,1,39.9671,-75.2066,1411.0,6,0,0,0,0,0,0,0,0,,0,0,0,99,1,1,2,,0,39 58:01.531,,0,75 12:23.921,3,0,0,1,67301,0,0,0,N,0,0,0,3,67301,0,,1,1,,N,N,,0,,1,0,1,3,3,,9999,1,2,0,0,0,0,0,3,4,0,2,3,,N,,,,,,,,,,,
2009101017,200.0,1,0,0,0,0,0,0,0,0,4,0,,67,9,2009,1,39.9415,-75.2351,155.0,6,0,0,0,0,0,0,0,0,,0,0,0,1,3,2,1,,0,39 56:29.216,,0,75 14:06.241,8,0,0,0,67301,0,0,0,,0,0,0,3,67301,0,,1,1,,N,N,,0,,0,0,1,3,2,,115,2,2,0,0,0,2,0,3,4,0,2,3,,N,,,,,,,,,,,
2009105650,1233.0,0,0,0,0,0,0,0,0,0,7,0,,67,10,2009,7,39.9197,-75.2026,1222.0,6,0,0,0,0,0,1,0,0,1.0,0,0,0,12,1,1,0,,1,39 55:11.006,4.0,3,75 12:09.549,8,0,0,0,67301,0,0,0,,0,0,0,2,67301,0,,2,9,,,,,0,,0,0,1,0,0,N,1221,1,1,0,0,0,1,0,3,4,0,1,7,,N,,,,,,,,,,,
2009100767,2017.0,0,0,0,0,0,0,0,0,0,4,0,,67,9,2009,2,39.9491,-75.2121,1950.0,6,0,0,0,0,0,1,0,0,1.0,0,0,0,19,3,1,5,,2,39 56:56.960,6.0,0,75 12:43.479,8,0,0,0,67301,0,0,0,N,0,0,0,3,67301,0,,1,1,,N,N,,0,,0,0,2,0,0,N,1947,1,2,0,0,0,1,0,3,4,0,2,3,,N,,,,,,,,,,,
2009100772,1852.0,2,0,0,0,0,0,0,0,0,4,0,,67,9,2009,4,39.9647,-75.2081,1850.0,6,0,0,0,0,0,0,1,0,,0,0,0,18,4,1,1,,0,39 57:53.046,,0,75 12:29.113,8,0,0,0,67301,0,0,0,N,0,0,0,2,67301,0,,1,1,,N,N,,0,,0,0,0,3,3,,1848,1,2,0,0,0,1,0,3,4,0,2,3,,N,,,,,,,,,,,
2009100805,1742.0,1,0,0,0,0,0,0,0,0,1,0,,67,9,2009,3,39.9226,-75.1854,741.0,6,0,0,0,0,0,0,0,0,,0,0,0,17,1,1,5,,0,39 55:21.498,,0,75 11:07.190,4,0,0,0,67301,1,0,0,,1,0,0,2,67301,1,,5,1,,,,,0,,0,0,1,3,2,,1741,1,3,0,0,0,0,0,3,4,0,2,3,,N,,,,,,,,,,,
2009030582,2035.0,0,0,0,0,0,0,0,0,0,4,0,,67,2,2009,7,40.0137,-75.0973,2020.0,6,0,0,0,0,0,1,0,0,,0,0,0,19,3,2,1,,0,40 00:49.805,,0,75 05:50.374,4,0,0,0,67301,0,0,0,,0,0,0,4,67301,2,,1,9,,N,N,,1,,0,0,1,3,2,,1931,2,2,0,0,3,0,1,3,4,0,2,10,,N,,,,,,,,,,,
2009025800,1830.0,3,0,0,0,0,0,0,0,0,1,0,,67,1,2009,5,40.0487,-75.0941,1830.0,6,0,0,0,0,0,1,0,0,,0,0,0,18,3,0,0,,0,40 02:55.320,,0,75 05:38.760,0,0,0,0,67301,0,0,0,N,0,0,0,3,67301,0,,1,1,,N,N,,0,,0,0,0,3,2,,1830,0,3,0,0,0,0,0,3,4,0,3,3,,N,,,,,,,,,,,
2009025811,9999.0,1,0,0,0,0,0,0,0,0,8,0,,67,1,2009,4,40.0136,-75.1587,911.0,6,0,0,0,0,0,1,0,0,,0,0,0,99,1,1,2,,0,40 00:48.960,,0,75 09:31.320,4,0,0,0,67301,1,0,0,,1,0,0,2,67301,1,,1,1,,N,N,,0,,0,0,0,0,0,,9999,1,2,0,0,1,0,0,3,4,0,1,3,,N,,,,,,,,,,,
2009025839,1540.0,0,0,0,0,0,0,0,0,0,1,0,,67,1,2009,2,40.0565,-75.0466,1529.0,6,0,0,0,0,0,0,0,0,,0,1,0,14,1,2,0,,0,40 03:23.390,,0,75 02:47.830,4,0,0,0,67301,0,0,0,N,0,0,0,2,67301,2,,1,1,,N,N,,1,,0,0,0,3,2,,1450,2,2,0,0,0,0,0,3,4,0,2,3,,N,,,,,,,,,,,
2009025856,1315.0,2,0,0,0,0,0,0,0,0,1,0,,67,1,2009,6,40.0977,-75.0116,1306.0,6,0,0,0,0,0,0,0,0,1.0,0,0,0,13,1,0,0,,1,40 05:51.765,1.0,0,75 00:41.748,0,0,0,0,67301,0,0,0,N,0,0,0,1,67301,0,,1,1,,N,N,,0,,0,0,0,0,0,N,1300,0,2,0,0,0,0,0,3,4,0,2,3,,N,,,,,,,,,,,
2009030183,1516.0,1,0,1,0,0,0,0,0,0,4,0,,67,2,2009,1,40.0177,-75.1724,1515.0,6,0,0,0,0,0,1,0,1,,0,0,0,15,1,1,0,,0,40 01:03.691,,0,75 10:20.578,2,0,0,0,67301,0,0,0,,0,0,0,2,67301,0,,1,1,,,,,0,,0,1,1,0,0,,1513,1,2,0,0,0,0,0,3,4,0,2,3,,N,,,,,,,,,,,
2009030674,838.0,0,0,0,0,0,0,0,0,0,7,0,,67,3,2009,2,40.009,-75.0677,838.0,6,0,0,0,0,0,0,0,0,,0,0,0,8,1,0,0,,0,40 00:32.295,,2,75 04:03.603,0,0,0,0,67301,0,0,0,N,0,0,0,1,68K01,0,,4,6,,N,N,,0,,0,0,1,0,0,,838,0,1,0,0,0,0,0,3,4,0,1,10,,N,,,,,,,,,,,
2009012885,626.0,0,0,0,0,0,0,0,0,0,7,0,,67,1,2009,5,39.9916,-75.203,618.0,6,0,0,0,0,0,1,0,0,1.0,0,0,0,6,3,0,0,,1,39 59:32.046,3.0,0,75 12:06.530,0,0,0,0,67301,0,0,0,N,0,0,0,1,68K01,0,,2,1,,N,N,,0,,0,0,1,0,0,N,615,0,1,0,0,0,0,0,3,4,0,1,3,,N,,,,,,,,,,,
2009025918,316.0,2,0,0,0,0,0,0,0,0,5,0,,67,1,2009,7,40.0248,-75.1269,305.0,6,0,0,0,0,0,0,0,0,,0,0,0,3,3,1,2,,0,40 01:29.640,,0,75 07:35.760,4,0,0,0,67301,0,0,0,N,0,0,0,5,67301,1,,1,1,,N,N,,0,,0,0,0,0,0,,300,1,3,0,0,0,0,1,3,4,1,3,3,,N,,,,,,,,,,,
2009030059,1237.0,3,0,0,0,0,0,0,0,0,5,0,,67,2,2009,3,39.9399,-75.165,1232.0,6,0,0,0,0,0,0,0,0,2.0,0,1,0,12,1,1,0,,2,39 56:23.568,6.0,0,75 09:53.823,4,0,0,0,67301,0,0,0,,0,0,0,2,67301,1,,1,1,,N,Y,,0,,0,0,0,0,0,Y,1230,1,4,0,0,1,0,0,3,4,0,4,3,,N,,,,,,,,,,,
2009032875,1051.0,1,0,0,0,0,0,0,0,0,4,0,,67,1,2009,2,40.0233,-75.1364,1049.0,6,0,0,0,0,0,1,0,0,1.0,0,0,0,10,1,2,1,,2,40 01:23.549,2.0,0,75 08:12.106,4,0,0,0,67301,0,0,0,N,0,0,0,4,67301,2,,1,1,,N,N,,0,,0,0,1,3,2,Y,1049,2,2,0,0,0,0,0,3,4,0,2,3,,N,,,,,,,,,,,
2009032911,9999.0,1,0,0,0,0,0,0,0,0,8,0,,67,2,2009,7,39.9926,-75.1444,9999.0,6,0,0,0,0,0,0,0,0,2.0,0,0,0,17,1,1,0,,2,39 59:33.287,3.0,0,75 08:39.933,4,0,0,0,67301,1,0,0,N,1,0,0,3,67301,1,,1,9,,N,N,,0,,0,0,0,0,0,Y,1730,1,2,0,0,0,0,0,3,4,0,1,3,,N,,,,,,,,,,,
2009079489,1614.0,2,0,0,0,0,0,0,0,0,2,0,,67,7,2009,5,39.9584,-75.2375,1610.0,6,0,0,0,0,1,0,0,0,,0,0,0,16,1,3,1,,0,39 57:30.389,,0,75 14:14.837,8,0,0,0,67301,0,0,0,N,0,0,0,6,67301,0,,1,1,,N,N,,0,,0,0,0,3,2,,1605,3,3,0,0,4,3,0,3,4,1,3,3,,N,,,,,,,,,,,
2009105951,1337.0,1,0,0,0,0,0,1,0,0,4,1,,67,9,2009,1,39.9186,-75.1844,1336.0,6,1,0,0,0,0,0,0,0,,0,0,0,13,1,2,2,,0,39 55:06.855,,0,75 11:03.803,8,0,0,0,67301,0,0,0,N,0,0,0,6,67301,0,,1,9,,N,N,,0,,0,0,0,3,3,,1336,2,2,0,0,2,2,0,3,4,0,2,7,,N,,,,,,,,,,,
2009100643,1513.0,0,0,0,0,0,0,0,0,0,4,0,,67,9,2009,4,40.0329,-75.0521,1512.0,6,0,0,0,0,0,0,0,0,,0,0,0,15,1,3,1,,0,40 01:58.591,,0,75 03:07.513,8,0,0,0,67301,0,0,0,N,0,0,0,4,67301,0,,1,1,,N,N,,0,,0,0,1,3,3,,1510,3,2,0,0,0,3,0,3,4,1,2,3,,N,,,,,,,,,,,
2009049564,1430.0,2,0,0,0,0,0,0,0,0,4,0,,67,4,2009,4,39.9581,-75.1657,1425.0,6,0,0,0,0,0,1,0,0,,0,0,0,99,1,1,2,,0,39 57:29.039,,0,75 09:56.425,3,0,0,0,67301,0,0,0,N,0,0,0,3,67301,0,,1,1,,N,N,,0,,1,0,0,3,2,,9999,1,2,0,0,0,0,0,3,4,0,2,3,,N,,,,,,,,,,,
2009015183,2229.0,1,0,0,0,0,0,0,0,0,1,0,,67,1,2009,7,39.9325,-75.2,2220.0,6,0,0,0,0,0,2,0,0,,0,0,0,22,3,0,6,,0,39 56:02.400,,2,75 11:59.640,0,0,0,0,67301,0,0,0,N,0,0,0,2,68K01,0,,1,1,,N,N,,0,,0,0,1,3,4,,2218,0,2,0,0,0,0,0,3,4,0,2,3,,N,,,,,,,,,,,
2009015184,1800.0,3,0,0,0,0,0,0,0,0,1,0,,67,2,2009,1,39.9593,-75.1732,1754.0,6,0,0,0,0,0,0,0,0,,0,0,0,17,4,0,0,,0,39 57:33.654,,0,75 10:24.985,0,0,0,0,67301,0,0,0,N,0,0,0,4,68K01,0,,1,1,,N,N,,0,,0,0,0,0,0,,1749,0,3,0,0,0,0,0,3,4,0,3,3,,N,,,,,,,,,,,
2009049309,1725.0,1,0,0,0,0,0,0,0,0,1,0,,67,4,2009,6,40.0817,-74.9664,1724.0,6,0,0,0,0,0,0,0,0,1.0,0,0,0,17,1,1,0,,1,40 04:54.029,3.0,0,74 57:59.123,4,0,0,0,67301,0,0,0,N,0,0,0,7,67301,1,,1,9,,N,N,,0,,0,0,1,0,0,N,1723,1,2,0,0,0,0,0,3,4,0,2,7,,N,,,,,,,,,,,
2009049475,1640.0,2,0,0,0,0,0,0,0,0,4,0,,67,3,2009,4,40.078,-75.0862,9999.0,6,1,0,0,0,0,0,0,0,,0,0,0,16,1,0,2,,0,40 04:40.758,,0,75 05:10.164,0,0,0,0,67301,0,0,0,N,0,0,0,2,67301,0,,1,1,,N,N,,0,,0,0,0,0,0,,1600,0,2,0,0,0,0,0,3,4,0,2,3,,N,,,,,,,,,,,
2009106513,1615.0,1,0,0,1,0,0,0,0,0,4,0,,67,9,2009,6,39.9154,-75.1608,1611.0,6,0,0,0,0,0,0,0,0,,0,0,0,15,1,1,2,,0,39 54:55.827,,0,75 09:38.639,4,0,0,0,67301,1,0,0,,0,0,0,3,67301,1,,1,1,,,,,0,,0,0,0,3,3,,1530,1,2,0,0,0,0,0,3,4,0,1,3,,N,,,,,,,,,,,
2009026127,2010.0,1,0,0,0,0,0,0,0,0,1,0,,67,1,2009,6,40.0144,-75.153,2010.0,6,0,0,0,0,0,0,0,0,,0,0,0,20,3,1,1,,0,40 00:51.708,,0,75 09:10.931,8,0,0,0,67301,0,0,0,,0,0,0,2,67301,0,,1,1,,,,,1,,0,0,0,0,0,,2000,1,2,0,0,0,1,0,3,4,0,2,3,,N,,,,,,,,,,,
2009120441,913.0,3,0,0,0,0,0,0,0,0,5,0,,67,10,2009,6,39.9607,-75.237,911.0,6,0,0,0,0,0,0,0,0,,0,0,0,9,1,1,1,,0,39 57:38.541,,0,75 14:13.174,8,0,0,0,67301,0,0,0,N,0,0,0,2,67301,0,,1,9,,N,N,,0,,0,0,0,0,0,,902,1,3,0,0,0,1,0,3,4,0,3,7,,N,,,,,,,,,,,
2009048767,2200.0,2,0,0,0,0,0,0,0,0,2,0,,67,3,2009,5,40.0264,-75.1079,2155.0,6,0,0,0,0,0,1,0,0,1.0,0,0,0,21,3,1,1,,1,40 01:35.113,1.0,0,75 06:28.607,4,0,0,0,67301,0,0,0,N,0,0,0,3,67301,1,,1,9,,N,N,,0,,0,0,0,0,0,Y,2129,1,2,0,0,0,0,1,3,4,0,2,7,,N,,,,,,,,,,,
2009048826,1908.0,1,0,0,0,0,0,0,0,0,6,0,,67,3,2009,2,40.0334,-75.0666,1900.0,6,0,0,0,0,0,0,0,0,,0,0,0,19,1,1,1,,0,40 02:00.166,,0,75 03:59.552,8,0,0,0,67301,0,0,0,N,0,0,0,2,67301,0,,1,1,,N,N,,1,,0,0,0,3,2,,1900,1,2,0,0,0,1,0,3,4,0,2,3,,N,,,,,,,,,,,
2009124893,2115.0,1,0,0,0,0,0,0,0,0,1,0,,67,11,2009,6,40.0355,-75.1086,2112.0,6,0,0,0,0,0,0,0,0,,0,0,0,21,1,1,1,,0,40 02:07.087,,0,75 06:30.627,4,0,0,0,67301,0,0,0,N,0,0,0,3,67301,1,,1,9,,N,N,,1,,0,0,0,3,2,,2100,1,2,0,0,3,0,0,3,4,0,2,7,,N,,,,,,,,,,,
2009124980,1223.0,1,0,0,0,0,0,0,0,0,1,0,,67,11,2009,2,40.0151,-75.1352,1221.0,6,0,0,0,0,0,1,0,0,,0,0,0,12,1,0,0,,0,40 00:54.439,,0,75 08:06.604,0,0,0,0,67301,0,0,0,N,0,0,0,3,67301,0,,1,1,,N,N,,0,,0,0,1,3,2,,1210,0,2,0,0,0,0,0,3,4,0,2,3,,N,,,,,,,,,,,
2009124983,9999.0,1,0,0,0,0,0,0,0,0,2,0,,67,11,2009,6,39.8919,-75.2419,1005.0,6,0,0,0,0,0,2,0,0,2.0,0,0,0,10,1,1,1,,1,39 53:31.043,3.0,0,75 14:31.507,8,0,0,0,67301,0,0,0,N,0,0,0,2,67301,0,,1,1,,N,N,,0,,0,0,1,3,2,Y,1000,1,2,0,0,0,1,0,3,4,0,2,3,,N,,,,,,,,,,,
2009038696,305.0,3,0,0,0,0,0,0,0,0,6,0,,67,2,2009,1,,,302.0,6,0,0,0,0,0,0,0,0,,0,0,0,3,3,0,0,,0,,,0,,9,0,0,0,67301,0,0,0,N,0,0,0,1,67301,0,,6,1,,N,N,,0,,0,0,1,0,0,,300,0,5,0,0,0,0,1,3,3,1,5,3,,N,,,,,,,,,,,
2009038721,1402.0,1,0,0,0,0,0,0,0,0,7,0,,67,2,2009,3,40.0891,-75.0455,1353.0,6,0,0,0,0,0,0,0,0,3.0,0,0,0,13,1,1,3,,2,40 05:20.611,6.0,0,75 02:43.858,4,0,0,0,67301,0,0,0,Y,0,0,0,1,67301,1,,2,1,,N,N,,0,,0,0,0,0,0,Y,1353,1,1,0,0,0,0,0,3,4,0,1,3,,N,,,,,,,,,,,
2009049083,9999.0,1,0,0,0,0,0,0,0,0,5,0,,67,4,2009,6,40.0227,-75.1335,9999.0,6,0,0,0,0,0,0,0,0,,0,1,0,99,1,1,1,,0,40 01:21.712,,0,75 08:00.711,4,0,0,0,67301,0,0,0,,0,0,0,2,67301,1,,1,1,,,,,0,,0,0,0,3,2,,9999,1,2,0,0,0,0,0,3,4,0,2,3,,N,,,,,,,,,,,
2009049069,750.0,1,0,0,0,0,0,0,0,0,7,0,,67,3,2009,1,40.108,-74.997,737.0,6,0,0,0,0,0,0,0,0,,0,0,0,7,1,1,0,,0,40 06:28.742,,0,74 59:49.272,4,0,0,0,67301,0,0,0,,0,0,0,3,67301,1,,5,9,,,,,0,,0,0,0,0,0,,737,1,1,0,0,0,0,0,3,4,0,1,7,,N,,,,,,,,,,,
2009051737,2047.0,1,0,0,0,0,0,0,0,0,5,0,,67,5,2009,2,39.8895,-75.219,2038.0,6,0,0,0,0,0,0,0,0,,0,0,0,20,3,1,0,,0,39 53:22.650,,3,75 13:09.183,4,0,0,0,67301,0,0,0,N,0,0,0,2,68K01,1,,1,1,,N,N,,0,,0,0,0,0,0,,2036,1,2,0,0,0,0,1,3,4,0,2,3,,N,,,,,,,,,,,
2009049282,1635.0,0,0,0,0,0,0,0,0,0,7,0,,67,3,2009,4,39.9814,-75.1276,1630.0,6,0,0,0,0,0,0,0,0,,0,0,0,16,1,0,0,,0,39 58:53.130,,1,75 07:39.420,0,0,0,0,67301,0,0,0,N,0,0,0,1,67301,0,,2,1,,N,N,,0,,0,0,1,9,2,,1630,0,2,0,0,0,0,0,3,4,0,1,3,,N,,,,,,,,,,,
2009050823,1245.0,1,0,0,0,0,0,0,0,0,1,0,,67,5,2009,6,39.9922,-75.2457,1243.0,6,0,0,0,0,0,0,0,0,,0,0,0,12,1,1,1,,0,39 59:32.972,,0,75 14:42.519,4,0,0,0,67301,0,0,0,N,0,0,0,7,46104,1,,1,1,,N,N,,0,,0,0,0,3,2,,1243,1,2,0,0,4,0,0,3,4,1,2,3,,N,,,,,,,,,,,