CRN,ARRIVAL_TM,AUTOMOBILE_COUNT,BELTED_DEATH_COUNT,BELTED_SUSP_SERIOUS_INJ_COUNT,BICYCLE_COUNT,BICYCLE_DEATH_COUNT,BICYCLE_SUSP_SERIOUS_INJ_COUNT,BUS_COUNT,CHLDPAS_DEATH_COUNT,CHLDPAS_SUSP_SERIOUS_INJ_COUNT,COLLISION_TYPE,COMM_VEH_COUNT,CONS_ZONE_SPD_LIM,COUNTY,CRASH_MONTH,CRASH_YEAR,DAY_OF_WEEK,DEC_LAT,DEC_LONG,DISPATCH_TM,DISTRICT,DRIVER_COUNT_16YR,DRIVER_COUNT_17YR,DRIVER_COUNT_18YR,DRIVER_COUNT_19YR,DRIVER_COUNT_20YR,DRIVER_COUNT_50_64YR,DRIVER_COUNT_65_74YR,DRIVER_COUNT_75PLUS,EST_HRS_CLOSED,FATAL_COUNT,HEAVY_TRUCK_COUNT,HORSE_BUGGY_COUNT,HOUR_OF_DAY,ILLUMINATION,INJURY_COUNT,INTERSECT_TYPE,INTERSECTION_RELATED,LANE_CLOSED,LATITUDE,LN_CLOSE_DIR,LOCATION_TYPE,LONGITUDE,MAX_SEVERITY_LEVEL,MCYCLE_DEATH_COUNT,MCYCLE_SUSP_SERIOUS_INJ_COUNT,MOTORCYCLE_COUNT,MUNICIPALITY,NONMOTR_COUNT,NONMOTR_DEATH_COUNT,NONMOTR_SUSP_SERIOUS_INJ_COUNT,NTFY_HIWY_MAINT,PED_COUNT,PED_DEATH_COUNT,PED_SUSP_SERIOUS_INJ_COUNT,PERSON_COUNT,POLICE_AGCY,POSSIBLE_INJ_COUNT,RDWY_SURF_TYPE_CD,RELATION_TO_ROAD,ROAD_CONDITION,ROADWAY_CLEARED,SCH_BUS_IND,SCH_ZONE_IND,SECONDARY_CRASH,SMALL_TRUCK_COUNT,SPEC_JURIS_CD,SUSP_MINOR_INJ_COUNT,SUSP_SERIOUS_INJ_COUNT,SUV_COUNT,TCD_FUNC_CD,TCD_TYPE,TFC_DETOUR_IND,TIME_OF_DAY,TOT_INJ_COUNT,TOTAL_UNITS,UNB_DEATH_COUNT,UNB_SUSP_SERIOUS_INJ_COUNT,UNBELTED_OCC_COUNT,UNK_INJ_DEG_COUNT,UNK_INJ_PER_COUNT,URBAN_AREA,URBAN_RURAL,VAN_COUNT,VEHICLE_COUNT,WEATHER1,WEATHER2,WORK_ZONE_IND,WORK_ZONE_LOC,WORK_ZONE_TYPE,WORKERS_PRES,WZ_CLOSE_DETOUR,WZ_FLAGGER,WZ_LAW_OFFCR_IND,WZ_LN_CLOSURE,WZ_MOVING,WZ_OTHER,WZ_SHLDER_MDN,WZ_WORKERS_INJ_KILLED
2009048225,1302.0,2,0,0,0,0,0,0,0,0,1,0,,67,4,2009,7,39.9586,-75.1678,1225.0,6,0,0,0,0,0,0,0,0,,0,0,0,12,1,2,0,,0,39 57:31.216,,0,75 10:05.361,8,0,0,0,67301,0,0,0,N,0,0,0,4,68K01,0,,1,1,,N,N,,0,,0,0,0,0,0,,1223,2,2,0,0,0,2,0,3,4,0,2,3,,N,,,,,,,,,,,
2009110202,1245.0,1,0,0,0,0,0,0,0,0,1,0,,67,10,2009,7,40.0077,-75.2016,1232.0,6,0,0,0,0,0,1,1,0,,0,0,0,12,1,1,0,,0,40 00:27.000,,0,75 12:03.960,4,0,0,0,67301,0,0,0,N,0,0,0,4,68K01,1,,1,9,,N,N,,0,,0,0,1,0,0,,1226,1,2,0,0,0,0,0,3,4,0,2,7,,N,,,,,,,,,,,
2009124688,1112.0,1,0,0,0,0,0,0,0,0,8,0,,67,11,2009,3,39.9529,-75.1676,1109.0,6,0,0,0,0,0,0,0,0,,0,0,0,11,1,1,0,,0,39 57:10.359,,0,75 10:03.337,8,0,0,0,67301,1,0,0,N,1,0,0,2,67301,0,,6,1,,N,N,,0,,0,0,0,0,0,,1110,1,2,0,0,0,1,0,3,4,0,1,3,,N,,,,,,,,,,,
2009107876,1246.0,2,0,0,0,0,0,0,0,0,1,0,,67,10,2009,7,40.0073,-75.2006,1241.0,6,0,0,0,0,0,0,0,0,,0,0,0,12,1,0,0,,0,40 00:25.560,,0,75 12:00.000,0,0,0,0,67301,0,0,0,N,0,0,0,2,68K01,0,,1,9,,N,N,,0,,0,0,0,0,0,,1237,0,2,0,0,0,0,0,3,4,0,2,7,,N,,,,,,,,,,,
2009105528,1750.0,2,0,0,0,0,0,0,0,0,4,0,,67,9,2009,5,40.1337,-75.01,1740.0,6,0,0,0,0,0,1,0,0,,0,0,0,17,1,3,0,,0,40 08:01.199,,7,75 00:36.301,4,0,0,0,67301,0,0,0,,0,0,0,4,67301,1,,1,1,,N,N,,0,,0,0,0,0,0,,1730,3,2,0,0,0,2,0,3,4,0,2,3,,N,,,,,,,,,,,
2009101006,1315.0,0,0,0,0,0,0,0,0,0,8,0,,67,9,2009,4,39.9543,-75.1918,1300.0,6,0,0,1,0,0,0,0,0,,0,0,0,12,1,1,1,,0,39 57:15.606,,0,75 11:30.315,8,0,0,0,67301,1,0,0,N,1,0,0,2,67301,0,,1,1,,N,N,,0,,0,0,1,3,2,,1245,1,2,0,0,0,1,0,3,4,0,1,3,,N,,,,,,,,,,,
2009100716,1740.0,0,0,0,0,0,0,0,0,0,8,0,,67,9,2009,6,39.9451,-75.1614,1735.0,6,0,0,0,0,0,1,0,0,,0,0,0,15,1,1,1,,0,39 56:42.324,,0,75 09:40.921,8,0,0,0,67301,1,0,0,,1,0,0,2,67301,0,,1,1,,,,,0,,0,0,0,3,2,,1500,1,2,0,0,0,1,0,3,4,1,1,3,,N,,,,,,,,,,,
2009100747,1555.0,0,0,0,0,0,0,0,0,0,1,1,,67,9,2009,7,40.0427,-75.0558,1550.0,6,0,0,0,0,0,1,0,0,,0,1,0,15,1,1,0,,0,40 02:33.676,,0,75 03:20.901,4,0,0,0,67301,0,0,0,N,0,0,0,2,67301,1,,1,1,,N,N,,1,,0,0,0,0,0,,1546,1,2,0,0,0,0,0,3,4,0,2,3,,N,,,,,,,,,,,
2009100787,1735.0,3,0,0,0,0,0,0,0,0,4,0,,67,9,2009,6,40.0445,-75.1931,1727.0,6,0,0,0,0,1,1,0,0,,0,0,0,17,1,0,1,,0,40 02:40.301,,0,75 11:35.235,0,0,0,0,67301,0,0,0,N,0,0,0,3,67301,0,,1,9,,N,N,,0,,0,0,0,3,2,,1726,0,3,0,0,3,0,0,3,4,0,3,7,,N,,,,,,,,,,,
2009100799,9999.0,1,0,0,1,0,0,0,0,0,4,0,,67,9,2009,2,39.9898,-75.1255,1826.0,6,0,0,0,0,0,0,0,0,,0,0,0,18,1,1,1,,0,39 59:23.298,,0,75 07:31.934,4,0,0,0,67301,1,0,0,N,0,0,0,6,67301,1,,1,1,,N,N,,0,,0,0,0,3,2,,1824,1,2,0,0,5,0,0,3,4,0,1,3,,N,,,,,,,,,,,
2009132555,615.0,1,0,0,0,0,0,0,0,0,7,1,,67,12,2009,6,39.9975,-75.1961,611.0,6,0,0,0,0,0,1,0,0,,0,1,0,6,3,0,0,,0,39 59:54.436,,0,75 11:44.169,0,0,0,0,67301,0,0,0,N,0,0,0,3,68K01,0,,3,1,,N,N,,1,,0,0,0,0,0,,609,0,3,0,0,0,0,0,3,4,0,3,3,,N,,,,,,,,,,,
2009030580,2304.0,2,0,0,0,0,0,0,0,0,4,0,,67,2,2009,1,40.0048,-75.1874,2302.0,6,0,0,0,0,0,0,0,0,,0,0,0,23,3,2,1,,0,40 00:17.232,,0,75 11:14.750,4,0,0,0,67301,0,0,0,,0,0,0,2,67301,2,,1,1,,N,N,,0,,0,0,0,3,3,,2302,2,2,0,0,0,0,0,3,4,0,2,3,,N,,,,,,,,,,,
2009025650,745.0,2,0,0,0,0,0,0,0,0,1,0,,67,1,2009,3,40.0214,-75.14,738.0,6,0,0,1,0,0,0,0,0,1.0,0,0,0,7,1,0,0,,1,40 01:17.040,4.0,0,75 08:24.000,0,0,0,0,67301,0,0,0,N,0,0,0,4,67301,0,,1,1,,N,N,,0,,0,0,1,0,0,N,738,0,4,0,0,0,0,0,3,4,1,4,3,,N,,,,,,,,,,,
2009028480,259.0,2,0,0,0,0,0,0,0,0,4,0,,67,1,2009,5,40.0216,-75.1244,257.0,6,0,0,0,0,0,0,0,0,,0,0,0,2,3,1,1,,0,40 01:17.655,,0,75 07:27.663,8,0,0,0,67301,0,0,0,N,0,0,0,3,67301,0,,1,1,,N,N,,0,,0,0,1,3,2,,250,1,3,0,0,0,1,0,3,4,0,3,3,,N,,,,,,,,,,,
2009030190,2330.0,1,0,0,0,0,0,1,0,0,1,1,,67,2,2009,5,40.0109,-75.1676,2315.0,6,0,0,0,0,0,1,0,0,,0,0,0,23,3,1,2,,0,40 00:39.191,,0,75 10:03.322,8,0,0,0,67301,0,0,0,,0,0,0,3,67301,0,,1,2,,,,,0,,0,0,0,3,3,,2313,1,2,0,0,0,1,0,3,4,0,2,10,,N,,,,,,,,,,,
2009025200,1310.0,1,0,0,0,0,0,0,0,0,7,0,,67,1,2009,6,40.1121,-74.9905,1305.0,6,0,0,0,0,0,1,0,0,,0,0,0,13,1,0,0,,0,40 06:43.554,,0,74 59:25.501,0,0,0,0,67301,0,0,0,N,0,0,0,1,67301,0,,3,1,,N,N,,0,,0,0,0,0,0,,1305,0,1,0,0,0,0,0,3,4,0,1,3,,N,,,,,,,,,,,
2009027874,48.0,2,0,0,0,0,0,0,0,0,7,0,,67,2,2009,7,39.9369,-75.1992,48.0,6,0,0,0,0,0,0,0,0,1.0,0,0,0,0,3,0,0,,1,39 56:11.301,3.0,0,75 11:58.137,0,0,0,0,67301,0,0,0,N,0,0,0,3,68K01,0,,2,1,,N,N,,0,,0,0,0,0,0,N,45,0,2,0,0,0,0,0,3,4,0,2,3,,N,,,,,,,,,,,
2009033220,9999.0,1,0,0,0,0,0,0,0,0,5,0,,67,1,2009,4,39.9868,-75.1122,2157.0,6,0,0,0,0,0,0,0,0,,0,0,0,21,3,1,0,,0,39 59:12.440,,0,75 06:44.028,8,0,0,0,67301,0,0,0,N,0,0,0,1,67301,0,,4,2,,N,N,,0,,0,0,1,3,3,,2150,1,3,0,0,0,1,0,3,4,1,3,10,,N,,,,,,,,,,,
2009025596,1430.0,3,0,0,0,0,0,0,0,0,5,0,,67,1,2009,2,39.9755,-75.2299,1427.0,6,0,0,0,0,0,1,0,0,1.0,0,0,0,14,1,1,0,,1,39 58:31.744,3.0,0,75 13:47.719,8,0,0,0,67301,0,0,0,N,0,0,0,1,67301,0,,2,1,,N,N,,0,,0,0,1,2,3,N,1420,1,4,0,0,0,1,0,3,4,0,4,3,,N,,,,,,,,,,,
2009030755,1133.0,2,0,0,0,0,0,0,0,0,1,1,,67,2,2009,7,39.9396,-75.1982,1131.0,6,0,0,0,0,0,0,0,0,,0,0,0,11,1,1,1,,0,39 56:22.681,,0,75 11:53.378,4,0,0,0,67301,0,0,0,N,0,0,0,4,67301,1,,1,1,,N,N,,0,,0,0,0,3,2,,1120,1,2,0,0,0,0,0,3,4,0,2,3,,N,,,,,,,,,,,
2009079506,2235.0,2,0,0,0,0,0,0,0,0,4,0,,67,1,2009,4,39.9579,-75.1641,2226.0,6,0,0,0,0,0,1,0,0,2.0,0,0,0,22,3,0,5,,1,39 57:28.586,2.0,0,75 09:50.892,0,0,0,0,67301,0,0,0,N,0,0,0,3,67301,0,,1,1,,N,N,,0,,0,0,1,3,2,N,2225,0,3,0,0,0,0,0,3,4,0,3,3,,N,,,,,,,,,,,
2009079509,1800.0,2,0,0,0,0,0,0,0,0,5,0,,67,7,2009,5,40.0092,-75.1511,1755.0,6,0,0,0,0,0,0,0,0,,0,0,0,17,1,1,1,,0,40 00:33.277,,0,75 09:04.079,3,0,0,0,67301,0,0,0,N,0,0,0,2,67301,0,,1,1,,N,N,,0,,1,0,0,2,2,,1755,1,2,0,0,0,0,1,3,4,0,2,3,,N,,,,,,,,,,,
2009079900,643.0,0,0,0,0,0,0,0,0,0,1,0,,67,7,2009,4,40.0459,-75.0018,622.0,6,0,0,0,0,0,0,0,0,,0,0,0,6,1,1,6,,0,40 02:45.395,,2,75 00:06.500,4,0,0,0,67301,0,0,0,N,0,0,0,2,68K01,1,,1,1,,N,N,,1,,0,0,1,3,4,,620,1,3,0,0,0,0,0,3,4,0,2,3,,N,,,,,,,,,,,
2009080080,2200.0,2,0,0,0,0,0,0,0,0,4,0,,67,6,2009,7,40.0831,-74.9669,2154.0,6,0,0,0,0,0,0,0,0,,0,0,0,21,3,1,0,,0,40 04:59.233,,7,74 58:00.725,4,0,0,0,67301,0,0,0,,0,0,0,4,67301,1,,1,9,,N,N,,0,,0,0,0,3,2,,2140,1,2,0,0,0,0,0,3,4,0,2,3,,N,,,,,,,,,,,
2009002766,1141.0,2,0,0,0,0,0,0,0,0,1,0,,67,1,2009,5,40.0099,-75.2063,1137.0,6,0,0,0,0,0,0,0,0,,0,0,0,11,1,0,0,,0,40 00:35.975,,0,75 12:23.109,0,0,0,0,67301,0,0,0,N,0,0,0,3,68K01,0,,1,1,,N,N,,0,,0,0,0,0,0,,1135,0,2,0,0,0,0,0,3,4,0,2,3,,N,,,,,,,,,,,
2009044208,955.0,2,0,0,0,0,0,0,0,0,4,0,,67,3,2009,4,40.0813,-74.9988,946.0,6,0,0,0,0,0,1,0,0,,0,0,0,9,1,1,2,,0,40 04:52.788,,0,74 59:55.705,8,0,0,0,67301,0,0,0,N,0,0,0,4,67301,0,,1,1,,N,N,,0,,0,0,0,9,3,,940,1,2,0,0,0,1,0,3,4,0,2,3,,N,,,,,,,,,,,
2009044261,830.0,1,0,0,0,0,0,0,0,0,4,0,,67,3,2009,3,39.9526,-75.2316,820.0,6,0,0,0,0,0,0,1,0,,0,0,0,7,1,1,1,,0,39 57:09.525,,0,75 13:53.709,4,0,0,0,67301,0,0,0,N,0,0,0,3,67301,1,,1,1,,N,N,,0,,0,0,0,3,3,,745,1,2,0,0,0,0,0,3,4,1,2,3,,N,,,,,,,,,,,
2009044300,318.0,5,0,0,0,0,0,0,0,0,5,0,,67,3,2009,1,39.9294,-75.1601,315.0,6,0,0,0,0,1,0,0,0,1.0,0,0,0,3,3,1,0,,2,39 55:45.807,4.0,0,75 09:36.406,4,0,0,0,67301,0,0,0,N,0,0,0,1,67301,1,,6,9,,N,N,,0,,0,0,0,0,0,Y,310,1,5,0,0,0,0,0,3,4,0,5,7,,N,,,,,,,,,,,
2009049536,615.0,1,0,0,1,0,0,0,0,0,4,0,,67,3,2009,2,39.9624,-75.1615,9999.0,6,0,0,0,0,0,1,0,0,,0,0,0,99,1,1,1,,0,39 57:44.548,,0,75 09:41.290,4,0,0,0,67301,1,0,0,N,0,0,0,2,67301,1,,1,1,,N,N,,0,,0,0,0,3,2,,9999,1,2,0,0,0,0,0,3,4,0,1,3,,N,,,,,,,,,,,
2009049398,1734.0,1,0,0,0,0,0,0,0,0,1,0,,67,3,2009,2,40.0259,-75.2032,1730.0,6,0,0,0,0,0,0,0,0,,0,0,0,17,1,2,2,,0,40 01:33.253,,0,75 12:11.490,4,0,0,0,67301,0,0,0,N,0,0,0,3,67301,2,,1,1,,N,N,,1,,0,0,0,3,2,,1730,2,2,0,0,0,0,0,3,4,0,2,3,,N,,,,,,,,,,,
2009049476,1350.0,1,0,0,0,0,0,1,0,0,1,1,,67,4,2009,5,40.0573,-75.0768,1342.0,6,0,0,0,0,0,1,0,0,9.0,0,0,0,13,1,2,0,,1,40 03:26.321,2.0,0,75 04:36.342,4,0,0,0,67301,0,0,0,,0,0,0,3,67301,2,,1,1,,N,N,,0,,0,0,0,0,0,N,1340,2,2,0,0,0,0,0,3,4,0,2,3,,N,,,,,,,,,,,
2009049493,738.0,2,0,0,0,0,0,0,0,0,2,0,,67,4,2009,2,39.9591,-75.1703,733.0,6,0,1,0,0,0,1,0,0,,0,0,0,7,1,1,1,,0,39 57:32.669,,0,75 10:12.906,8,0,0,0,67301,0,0,0,,0,0,0,2,67301,0,,1,9,,,,,0,,0,0,0,3,2,,725,1,2,0,0,0,1,0,3,4,0,2,7,,N,,,,,,,,,,,
2009026122,402.0,3,0,0,0,0,0,0,0,0,1,0,,67,1,2009,1,40.0428,-75.1135,355.0,6,0,0,0,0,0,1,0,0,,0,0,0,3,3,3,3,,0,40 02:33.857,,0,75 06:48.818,3,0,0,0,67301,0,0,0,N,0,0,0,6,67301,0,,1,2,,N,N,,0,,3,0,0,3,2,,352,3,3,0,0,0,0,0,3,4,0,3,10,,N,,,,,,,,,,,
2009120440,920.0,2,0,0,0,0,0,0,0,0,4,0,,67,10,2009,6,39.993,-75.1103,920.0,6,0,0,0,0,0,1,0,0,3.0,0,0,0,6,1,2,1,,1,39 59:34.615,3.0,0,75 06:37.098,3,0,0,0,67301,0,0,0,,0,0,0,2,67301,1,,1,1,,,,,0,,1,0,0,3,2,Y,630,2,2,0,0,0,0,0,3,4,0,2,3,,N,,,,,,,,,,,
2009048844,1216.0,0,0,0,0,0,0,0,0,0,7,0,,67,4,2009,3,40.0365,-75.1901,1215.0,6,0,0,0,0,0,1,0,0,2.0,0,0,0,12,1,0,0,,2,40 02:11.394,1.0,0,75 11:24.436,0,0,0,0,67301,0,0,0,N,0,0,0,1,67301,0,,2,9,,N,N,,0,,0,0,1,0,0,Y,1210,0,1,0,0,1,0,0,3,4,0,1,7,,N,,,,,,,,,,,
2009124866,12.0,1,0,0,0,0,0,0,0,0,7,0,,67,11,2009,5,40.0364,-75.1558,9.0,6,0,0,0,0,1,0,0,0,,0,0,0,0,3,0,0,,0,40 02:10.949,,0,75 09:21.011,0,0,0,0,67301,0,0,0,N,0,0,0,1,67301,0,,5,9,,N,N,,0,,0,0,0,0,0,,5,0,1,0,0,1,0,0,3,4,0,1,7,,N,,,,,,,,,,,
2009036200,509.0,2,0,0,0,0,0,0,0,0,4,0,,67,3,2009,1,39.9303,-75.1983,459.0,6,0,0,0,0,0,0,0,0,,0,0,0,4,3,1,0,,0,39 55:50.672,,0,75 11:55.543,8,0,0,0,67301,0,0,0,N,0,0,0,4,68K01,0,,1,9,,N,N,,0,,0,0,0,0,0,,455,1,3,0,0,0,1,0,3,4,1,3,7,,N,,,,,,,,,,,
2009125081,1406.0,1,0,0,0,0,0,0,0,0,8,0,,67,11,2009,6,40.0177,-75.0754,1402.0,6,0,0,0,0,0,0,0,0,,0,0,0,7,1,1,1,,0,40 01:03.540,,0,75 04:31.526,4,0,0,0,67301,1,0,0,N,1,0,0,2,67301,1,,9,1,,N,N,,0,,0,0,0,9,9,,750,1,2,0,0,0,0,1,3,4,0,1,99,,N,,,,,,,,,,,
2009125084,902.0,0,0,0,1,0,0,0,0,0,5,0,,67,11,2009,6,39.9689,-75.2177,902.0,6,0,0,0,0,0,0,0,0,,0,0,0,21,3,1,2,,0,39 58:08.079,,0,75 13:03.665,3,0,0,0,67301,1,0,0,N,0,0,0,2,67301,0,,9,1,,N,N,,0,,1,0,0,9,2,,2138,1,2,0,0,0,0,1,3,4,0,1,99,,N,,,,,,,,,,,
2009041177,230.0,3,0,0,0,0,0,0,0,0,1,0,,67,2,2009,5,40.0466,-75.1814,230.0,6,0,0,0,0,0,0,0,0,,0,0,0,2,3,0,0,,0,40 02:47.774,,0,75 10:53.205,0,0,0,0,67301,0,0,0,N,0,0,0,1,67301,0,,1,9,,N,N,,0,,0,0,0,0,0,,230,0,3,0,0,0,0,0,3,4,0,3,7,,N,,,,,,,,,,,
2009048899,1137.0,0,0,0,0,0,0,0,0,0,7,0,,67,4,2009,6,39.9788,-75.1084,1137.0,6,0,0,0,0,0,0,0,0,,0,0,0,11,1,1,1,,0,39 58:44.330,,0,75 06:32.411,4,0,0,0,67301,0,0,0,,0,0,0,1,67301,1,,5,1,,,,,0,,0,0,1,3,3,,1120,1,1,0,0,1,0,0,3,4,0,1,3,,N,,,,,,,,,,,
2009043986,234.0,3,0,0,0,0,0,0,0,0,1,0,,67,3,2009,1,40.0277,-75.11,230.0,6,0,1,0,0,0,1,0,0,1.0,0,0,0,2,3,2,2,,1,40 01:35.104,1.0,0,75 07:01.013,8,0,0,0,67301,0,0,0,N,0,0,0,4,67301,0,,1,1,,N,N,,0,,0,0,0,3,2,N,226,2,3,0,0,0,2,0,3,4,0,3,3,,N,,,,,,,,,,,
2009049125,2003.0,1,0,0,0,0,0,0,0,0,6,0,,67,4,2009,1,40.0316,-75.2076,2001.0,6,0,0,0,0,0,0,0,1,,0,0,0,20,3,1,1,,0,40 01:53.935,,0,75 12:27.524,4,0,0,1,67301,0,0,0,,0,0,0,2,67301,1,,5,1,,,,,0,,0,0,0,2,2,,2001,1,2,0,0,1,0,0,3,4,0,2,3,,N,,,,,,,,,,,
2009049202,1430.0,3,0,0,0,0,0,0,0,0,4,0,,67,4,2009,7,40.0889,-74.9694,1425.0,6,0,0,0,0,0,1,0,0,,0,0,0,99,1,0,2,,0,40 05:19.683,,0,74 58:10.236,9,0,0,0,67301,0,0,0,N,0,0,0,5,67301,0,,1,9,,N,N,,0,,0,0,0,3,2,,9999,0,3,0,0,0,0,3,3,4,0,3,7,,N,,,,,,,,,,,
2009040295,1507.0,1,0,0,0,0,0,0,0,0,1,0,,67,4,2009,5,39.9807,-75.2062,1507.0,6,0,0,1,0,0,0,0,0,1.0,0,0,0,15,1,1,0,,2,39 58:53.490,3.0,0,75 12:25.791,8,0,0,0,67301,0,0,0,N,0,0,0,3,68K01,0,,1,1,,N,N,,0,,0,0,1,0,0,Y,1505,1,2,0,0,0,1,0,3,4,0,2,3,,N,,,,,,,,,,,
2009023879,1601.0,2,0,0,0,0,0,0,0,0,1,0,,67,2,2009,5,39.9834,-75.0978,1601.0,6,0,0,0,1,0,0,0,0,,0,0,0,15,1,0,0,,0,39 59:00.583,,0,75 05:51.272,0,0,0,0,67301,0,0,0,N,0,0,0,3,68K01,0,,1,1,,N,N,,0,,0,0,0,0,0,,1546,0,3,0,0,0,0,0,3,4,1,3,3,,N,,,,,,,,,,,
2009100362,2031.0,1,0,0,0,0,0,0,0,0,7,0,,67,8,2009,1,40.0616,-75.1658,2030.0,6,0,0,0,0,0,0,0,0,,0,0,0,20,3,0,1,,0,40 03:41.788,,0,75 09:56.959,0,0,0,0,67301,0,0,0,N,0,0,0,1,67301,0,,2,1,,N,N,,0,,0,0,0,0,0,,2025,0,1,0,0,0,0,0,3,4,0,1,3,,N,,,,,,,,,,,
2009120511,1411.0,1,0,0,0,0,0,0,0,0,7,0,,67,10,2009,7,40.0298,-75.1024,1411.0,6,0,0,0,0,0,1,0,0,2.0,0,0,0,14,1,1,0,,1,40 01:47.335,2.0,0,75 06:08.780,4,0,0,0,67301,0,0,0,N,0,0,0,1,67301,1,,4,9,,N,N,,0,,0,0,0,0,0,N,1406,1,1,0,0,0,0,0,3,4,0,1,7,,N,,,,,,,,,,,
2009105786,910.0,1,0,0,0,0,0,0,0,0,4,1,,67,9,2009,3,40.113,-75.023,852.0,6,0,0,0,0,0,1,0,0,,0,1,0,8,1,1,1,,0,40 06:46.663,,0,75 01:22.836,8,0,0,0,67301,0,0,0,,0,0,0,2,67301,0,,1,1,,,,,0,,0,0,0,3,2,,850,1,2,0,0,0,1,0,3,4,0,2,3,,N,,,,,,,,,,,
2009095557,2300.0,1,0,0,0,0,0,0,0,0,0,0,55.0,67,8,2009,2,39.9916,-75.0859,2256.0,6,0,0,0,0,0,0,0,0,,0,0,0,22,3,1,0,,0,39 59:30.120,,0,75 05:09.240,4,0,0,0,67301,0,0,0,N,0,0,0,1,68K01,1,,1,1,,N,N,,0,,0,0,0,3,8,,2255,1,1,0,0,0,0,0,3,4,0,1,3,,Y,4.0,1.0,Y,N,N,Y,Y,Y,N,N,
2009097421,1225.0,1,0,0,0,0,0,0,0,0,1,0,,67,8,2009,5,,,1222.0,6,0,0,0,1,0,1,0,0,,0,0,0,12,1,0,0,,0,,,0,,0,0,0,0,67301,0,0,0,N,0,0,0,2,67501,0,,1,1,,N,N,,0,,0,0,1,9,8,,1220,0,2,0,0,0,0,0,3,3,0,2,3,,N,,,,,,,,,,,
2009105532,1903.0,2,0,0,0,0,0,0,0,0,6,0,,67,9,2009,7,39.9707,-75.1595,1900.0,6,0,0,0,0,0,0,0,0,,0,0,0,18,3,1,0,,0,39 58:14.501,,0,75 09:34.322,4,0,0,0,67301,0,0,0,N,0,0,0,3,67301,1,,1,1,,N,N,,0,,0,0,0,3,2,,1859,1,2,0,0,0,0,0,3,4,0,2,3,,N,,,,,,,,,,,
2009101035,1910.0,3,0,0,0,0,0,0,0,0,2,0,,67,9,2009,7,39.9244,-75.1522,1909.0,6,0,0,0,0,0,0,0,0,,0,0,0,19,1,0,0,,0,39 55:27.807,,0,75 09:07.891,9,0,0,0,67301,0,0,0,N,0,0,0,2,67301,0,,6,1,,N,N,,0,,0,0,1,0,0,,1905,0,4,0,0,0,0,1,3,4,0,4,3,,N,,,,,,,,,,,
2009110046,1213.0,2,0,0,0,0,0,0,0,0,1,0,,67,10,2009,7,39.944,-75.192,1209.0,6,0,0,0,0,1,0,0,0,,0,0,0,12,1,0,0,,0,39 56:41.765,,0,75 11:27.555,0,0,0,0,67301,0,0,0,N,0,0,0,2,68K01,0,,1,9,,N,N,,0,,0,0,0,0,0,,1204,0,2,0,0,0,0,0,3,4,0,2,7,,N,,,,,,,,,,,
2009025818,1200.0,2,0,0,0,0,0,0,0,0,5,0,,67,1,2009,1,40.0431,-75.1672,1145.0,6,0,0,0,0,0,0,0,0,,0,0,0,11,1,2,1,,0,40 02:35.289,,0,75 10:02.002,4,0,0,0,67301,0,0,0,N,0,0,0,3,67301,2,,9,9,,N,N,,0,,0,0,0,3,2,,1145,2,2,0,0,0,0,0,3,4,0,2,3,,N,,,,,,,,,,,
2009025829,1450.0,2,0,0,0,0,0,0,0,0,4,0,,67,1,2009,3,40.0545,-75.0908,1446.0,6,0,0,0,0,0,1,0,0,,0,0,0,99,1,1,1,,0,40 03:16.302,,0,75 05:26.794,8,0,0,0,67301,0,0,0,,0,0,0,4,67301,0,,1,1,,,,,0,,0,0,0,3,3,,9999,1,2,0,0,0,1,0,3,4,0,2,3,,N,,,,,,,,,,,
2009028473,519.0,1,0,0,0,0,0,0,0,0,4,0,,67,1,2009,4,40.0215,-75.0518,517.0,6,0,0,0,0,0,2,0,0,9.0,0,0,0,5,3,1,1,,2,40 01:17.400,4.0,0,75 03:06.480,3,0,0,0,67301,0,0,0,N,0,0,0,2,67301,0,,1,9,,N,N,,1,,1,0,0,3,2,Y,515,1,2,0,0,0,0,1,3,4,0,2,7,,N,,,,,,,,,,,
2009025872,1234.0,0,0,0,0,0,0,0,0,0,4,0,,67,1,2009,7,40.0484,-75.0612,1233.0,6,0,0,0,0,0,0,0,0,,0,0,0,12,1,1,0,,0,40 02:54.135,,7,75 03:40.300,8,0,0,0,67301,0,0,0,,0,0,0,4,67301,0,,1,1,,,,,0,,0,0,2,0,0,,1215,1,2,0,0,0,1,2,3,4,0,2,3,,N,,,,,,,,,,,
2009025188,1610.0,3,0,0,0,0,0,0,0,0,5,0,,67,1,2009,7,39.9976,-75.1062,1607.0,6,0,0,0,0,0,0,1,0,,0,0,0,16,1,1,0,,0,39 59:51.471,,0,75 06:22.341,4,0,0,0,67301,0,0,0,N,0,0,0,1,67301,1,,4,1,,N,N,,0,,0,0,0,0,0,,1600,1,3,0,0,0,0,0,3,4,0,3,3,,N,,,,,,,,,,,
2009033214,1532.0,0,0,0,0,0,0,0,0,0,7,0,,67,2,2009,2,,,1532.0,6,0,0,0,0,0,0,0,0,,0,0,0,15,1,0,0,,0,,,2,,0,0,0,0,67301,0,0,0,N,0,0,0,3,67501,0,,2,1,,N,N,,1,,0,0,0,0,0,,1530,0,1,0,0,0,0,0,3,3,0,1,3,,N,,,,,,,,,,,