CRN,ARRIVAL_TM,AUTOMOBILE_COUNT,BELTED_DEATH_COUNT,BELTED_SUSP_SERIOUS_INJ_COUNT,BICYCLE_COUNT,BICYCLE_DEATH_COUNT,BICYCLE_SUSP_SERIOUS_INJ_COUNT,BUS_COUNT,CHLDPAS_DEATH_COUNT,CHLDPAS_SUSP_SERIOUS_INJ_COUNT,COLLISION_TYPE,COMM_VEH_COUNT,CONS_ZONE_SPD_LIM,COUNTY,CRASH_MONTH,CRASH_YEAR,DAY_OF_WEEK,DEC_LAT,DEC_LONG,DISPATCH_TM,DISTRICT,DRIVER_COUNT_16YR,DRIVER_COUNT_17YR,DRIVER_COUNT_18YR,DRIVER_COUNT_19YR,DRIVER_COUNT_20YR,DRIVER_COUNT_50_64YR,DRIVER_COUNT_65_74YR,DRIVER_COUNT_75PLUS,EST_HRS_CLOSED,FATAL_COUNT,HEAVY_TRUCK_COUNT,HORSE_BUGGY_COUNT,HOUR_OF_DAY,ILLUMINATION,INJURY_COUNT,INTERSECT_TYPE,INTERSECTION_RELATED,LANE_CLOSED,LATITUDE,LN_CLOSE_DIR,LOCATION_TYPE,LONGITUDE,MAX_SEVERITY_LEVEL,MCYCLE_DEATH_COUNT,MCYCLE_SUSP_SERIOUS_INJ_COUNT,MOTORCYCLE_COUNT,MUNICIPALITY,NONMOTR_COUNT,NONMOTR_DEATH_COUNT,NONMOTR_SUSP_SERIOUS_INJ_COUNT,NTFY_HIWY_MAINT,PED_COUNT,PED_DEATH_COUNT,PED_SUSP_SERIOUS_INJ_COUNT,PERSON_COUNT,POLICE_AGCY,POSSIBLE_INJ_COUNT,RDWY_SURF_TYPE_CD,RELATION_TO_ROAD,ROAD_CONDITION,ROADWAY_CLEARED,SCH_BUS_IND,SCH_ZONE_IND,SECONDARY_CRASH,SMALL_TRUCK_COUNT,SPEC_JURIS_CD,SUSP_MINOR_INJ_COUNT,SUSP_SERIOUS_INJ_COUNT,SUV_COUNT,TCD_FUNC_CD,TCD_TYPE,TFC_DETOUR_IND,TIME_OF_DAY,TOT_INJ_COUNT,TOTAL_UNITS,UNB_DEATH_COUNT,UNB_SUSP_SERIOUS_INJ_COUNT,UNBELTED_OCC_COUNT,UNK_INJ_DEG_COUNT,UNK_INJ_PER_COUNT,URBAN_AREA,URBAN_RURAL,VAN_COUNT,VEHICLE_COUNT,WEATHER1,WEATHER2,WORK_ZONE_IND,WORK_ZONE_LOC,WORK_ZONE_TYPE,WORKERS_PRES,WZ_CLOSE_DETOUR,WZ_FLAGGER,WZ_LAW_OFFCR_IND,WZ_LN_CLOSURE,WZ_MOVING,WZ_OTHER,WZ_SHLDER_MDN,WZ_WORKERS_INJ_KILLED
2009030783,1645.0,0,0,0,0,0,0,0,0,0,1,0,,67,1,2009,6,39.8936,-75.2394,1645.0,6,0,0,0,0,0,0,0,0,,0,0,0,15,1,0,0,,0,39 53:36.888,,0,75 14:21.918,9,0,0,0,67301,0,0,0,N,0,0,0,2,67301,0,,1,1,,N,N,,1,,0,0,0,0,0,,1555,0,2,0,0,0,0,2,3,4,1,2,3,,N,,,,,,,,,,,
2009030790,1600.0,3,0,0,0,0,0,0,0,0,1,0,,67,1,2009,7,40.0613,-75.1511,1537.0,6,0,0,0,0,0,1,0,0,,0,0,0,15,1,4,1,,0,40 03:40.777,,0,75 09:04.114,4,0,0,0,67301,0,0,0,N,0,0,0,6,67301,4,,1,1,,N,N,,0,,0,0,0,2,2,,1530,4,3,0,0,0,0,1,3,4,0,3,3,,N,,,,,,,,,,,
2009025633,1731.0,1,0,0,0,0,0,0,0,0,8,0,,67,1,2009,6,40.0183,-75.1552,1727.0,6,0,0,0,0,0,0,0,0,,0,0,0,17,3,1,0,,0,40 01:05.880,,0,75 09:18.720,4,0,0,0,67301,1,0,0,N,1,0,0,2,67301,1,,1,1,,N,N,,0,,0,0,0,0,0,,1725,1,2,0,0,0,0,0,3,4,0,1,3,,N,,,,,,,,,,,
2009079510,9999.0,1,0,0,0,0,0,0,0,0,1,1,,67,7,2009,6,39.9404,-75.2132,9999.0,6,0,0,0,0,0,0,0,0,,0,1,0,9,1,1,0,,0,39 56:25.530,,0,75 12:47.599,4,0,0,0,67301,0,0,0,,0,0,0,3,67301,1,,1,1,,,,,0,,0,0,0,0,0,,945,1,2,0,0,0,0,0,3,4,0,2,3,,N,,,,,,,,,,,
2009079518,1840.0,0,0,0,0,0,0,0,0,0,8,0,,67,7,2009,4,40.0256,-75.1373,1830.0,6,0,0,0,0,0,0,0,0,,0,0,0,18,4,1,0,,0,40 01:32.116,,0,75 08:14.193,2,0,0,0,67301,1,0,1,N,1,0,1,2,67301,0,,1,1,,N,N,,0,,0,1,1,0,0,,1830,1,2,0,0,0,0,0,3,4,0,1,3,,N,,,,,,,,,,,
2009079897,825.0,1,0,0,0,0,0,0,0,0,7,0,,67,7,2009,2,39.9881,-75.0888,810.0,6,0,0,0,0,0,0,0,0,,0,0,0,8,1,0,6,,0,39 59:17.470,,2,75 05:19.340,9,0,0,0,67301,0,0,0,Y,0,0,0,1,68K01,0,,2,1,,N,N,,0,,0,0,0,0,0,,808,0,2,0,0,0,0,1,3,4,0,1,3,,N,,,,,,,,,,,
2009100673,1025.0,1,0,0,0,0,0,0,0,0,8,0,,67,9,2009,6,39.9745,-75.2601,1017.0,6,0,0,0,0,0,0,0,0,,0,0,0,10,1,1,0,,0,39 58:28.251,,0,75 15:36.362,4,0,0,0,67301,1,0,0,N,1,0,0,2,67301,1,,1,1,,N,N,,0,,0,0,0,0,0,,1015,1,2,0,0,0,0,0,3,4,0,1,3,,N,,,,,,,,,,,
2009100695,9999.0,0,0,0,0,0,0,0,0,0,4,0,,67,9,2009,6,39.9979,-75.185,932.0,6,0,0,0,0,0,1,0,0,,0,0,0,99,1,1,2,,0,39 59:52.420,,0,75 11:06.149,3,0,0,0,67301,0,0,0,,0,0,0,2,67301,0,,1,9,,N,N,,0,,1,0,2,3,2,,9999,1,2,0,0,0,0,0,3,4,0,2,7,,N,,,,,,,,,,,
2009100122,1523.0,3,0,0,0,0,0,0,0,0,1,0,,67,9,2009,7,39.9309,-75.1439,1518.0,6,0,0,0,0,1,0,0,0,,0,0,0,15,1,1,1,,0,39 55:52.090,,2,75 08:39.100,8,0,0,0,67301,0,0,0,N,0,0,0,4,67301,0,,1,1,,N,N,,0,,0,0,0,3,2,,1516,1,3,0,0,2,1,0,3,4,0,3,3,,N,,,,,,,,,,,
2009044185,9999.0,2,0,0,0,0,0,0,0,0,4,0,,67,3,2009,1,39.9242,-75.1687,1332.0,6,0,0,0,0,1,1,0,0,,0,0,0,13,1,1,1,,0,39 55:26.014,,0,75 09:57.307,4,0,0,0,67301,0,0,0,N,0,0,0,2,67301,1,,1,1,,N,N,,0,,0,0,0,3,2,,1331,1,2,0,0,0,0,0,3,4,0,2,3,,N,,,,,,,,,,,
2009044263,230.0,2,0,0,0,0,0,0,0,0,4,0,,67,3,2009,7,39.9236,-75.2225,228.0,6,0,0,0,0,0,0,0,0,,0,0,0,2,3,1,0,,0,39 55:24.752,,0,75 13:21.085,3,0,0,0,67301,0,0,0,N,0,0,0,1,67301,0,,6,1,,N,N,,1,,1,0,0,0,0,,215,1,3,0,0,0,0,0,3,4,0,3,3,5.0,N,,,,,,,,,,,
2009017219,1901.0,1,0,0,0,0,0,0,0,0,1,0,,67,1,2009,4,40.004,-75.1954,1855.0,6,0,0,0,0,1,0,0,0,,0,0,0,18,3,0,0,,0,40 00:13.343,,2,75 11:43.006,0,0,0,0,67301,0,0,0,N,0,0,0,2,68K01,0,,1,1,,N,N,,0,,0,0,1,0,0,,1851,0,2,0,0,0,0,0,3,4,0,2,3,,N,,,,,,,,,,,
2009049311,805.0,0,0,0,0,0,0,0,0,0,1,0,,67,4,2009,5,40.0915,-74.9657,759.0,6,0,0,0,0,0,0,0,0,,0,0,0,7,1,1,0,,0,40 05:29.400,,0,74 57:56.520,8,0,0,0,67301,0,0,0,N,0,0,0,2,67301,0,,1,9,,N,N,,0,,0,0,2,3,2,,700,1,2,0,0,0,1,0,3,4,0,2,99,,N,,,,,,,,,,,
2009049418,2058.0,0,0,0,0,0,0,0,0,0,8,0,,67,4,2009,5,39.9564,-75.2145,2056.0,6,0,0,0,0,0,0,0,0,,0,0,0,20,3,1,2,,0,39 57:22.935,,0,75 12:52.250,4,0,0,0,67301,1,0,0,N,1,0,0,2,67301,1,,1,1,,N,N,,0,,0,0,0,3,3,,2045,1,2,0,0,0,0,1,3,4,0,1,3,,N,,,,,,,,,,,
2009049421,2022.0,0,0,0,0,0,0,0,0,0,8,0,,67,3,2009,2,40.0274,-75.0462,2019.0,6,0,0,0,0,0,1,0,0,,0,0,0,20,3,1,0,,0,40 01:38.708,,0,75 02:46.467,8,0,0,0,67301,1,0,0,N,1,0,0,2,67301,0,,1,1,,N,N,,0,,0,0,1,0,0,,2019,1,2,0,0,0,1,0,3,4,0,1,3,,N,,,,,,,,,,,
2009049479,1725.0,1,0,0,0,0,0,0,0,0,4,0,,67,3,2009,6,40.0741,-75.1584,1720.0,6,0,0,0,0,0,0,1,0,1.0,0,0,0,16,1,1,1,,1,40 04:26.865,3.0,0,75 09:30.131,4,0,0,0,67301,0,0,0,N,0,0,0,2,67301,1,,1,1,,N,N,,1,,0,0,0,3,2,N,1654,1,2,0,0,0,0,0,3,4,0,2,3,,N,,,,,,,,,,,
2009048849,1610.0,2,0,0,0,0,0,0,0,0,6,0,,67,4,2009,7,40.0136,-75.2004,1607.0,6,0,0,0,0,0,0,0,0,,0,0,0,15,1,0,0,,0,40 00:48.852,,0,75 12:01.443,0,0,0,0,67301,0,0,0,,0,0,0,2,67301,0,,1,9,,N,N,,0,,0,0,0,0,0,,1545,0,2,0,0,0,0,0,3,4,0,2,3,,N,,,,,,,,,,,
2009124946,2155.0,1,0,0,0,0,0,0,0,0,4,0,,67,11,2009,5,39.9941,-75.2416,2154.0,6,0,0,0,0,0,0,1,0,,0,0,0,21,3,1,2,,0,39 59:40.213,,0,75 14:26.351,3,0,0,0,67301,0,0,0,N,0,0,0,2,67301,0,,1,1,,N,N,,0,,1,0,0,3,2,,2154,1,2,0,0,0,0,1,3,4,1,2,3,,N,,,,,,,,,,,
2009124968,2006.0,2,0,0,0,0,0,0,0,0,1,0,,67,11,2009,7,39.9391,-75.1664,2001.0,6,0,0,0,0,0,1,0,0,,0,0,0,20,3,0,1,,0,39 56:20.582,,0,75 09:59.589,0,0,0,0,67301,0,0,0,N,0,0,0,4,67301,0,,1,1,,N,N,,0,,0,0,1,3,2,,2006,0,3,0,0,0,0,0,3,4,0,3,3,,N,,,,,,,,,,,
2009124978,123.0,1,0,0,0,0,0,0,0,0,1,0,,67,11,2009,1,40.0269,-75.1474,102.0,6,0,0,0,0,0,0,0,0,,0,0,0,1,3,1,0,,0,40 01:36.930,,0,75 08:50.594,8,0,0,0,67301,0,0,0,N,0,0,0,3,67301,0,,1,1,,N,N,,0,,0,0,1,0,0,,101,1,2,0,0,0,1,0,3,4,0,2,3,,N,,,,,,,,,,,
2009045938,312.0,1,0,0,0,0,0,0,0,0,7,0,,67,4,2009,5,39.9318,-75.1998,311.0,6,0,0,0,0,0,0,0,0,,0,0,0,2,3,0,0,,0,39 55:56.640,,0,75 12:00.000,9,0,0,0,67301,0,0,0,Y,0,0,0,1,68K01,0,,3,1,,N,N,,0,,0,0,0,0,0,,230,0,1,0,0,0,0,1,3,4,0,1,3,,N,,,,,,,,,,,
2009048606,2240.0,2,0,0,0,0,0,0,0,0,4,0,,67,3,2009,4,39.993,-75.2176,2100.0,6,0,0,0,0,0,0,0,0,,0,0,0,20,3,1,1,,0,39 59:34.824,,0,75 13:03.366,8,0,0,0,67301,0,0,0,N,0,0,0,3,67301,0,,1,1,,N,N,,0,,0,0,0,0,0,,2045,1,2,0,0,0,1,1,3,4,0,2,3,,N,,,,,,,,,,,
2009048629,2013.0,0,0,0,0,0,0,0,0,0,8,0,,67,4,2009,6,40.0336,-75.2154,2009.0,6,0,0,0,0,0,0,0,0,2.0,0,0,0,20,3,1,2,,2,40 02:00.782,5.0,0,75 12:55.062,3,0,0,0,67301,1,0,0,N,1,0,0,2,67301,0,,1,1,,N,N,,1,,1,0,0,2,3,Y,2009,1,2,0,0,0,0,1,3,4,0,1,3,,N,,,,,,,,,,,
2009038464,1128.0,1,0,0,0,0,0,0,0,0,7,0,,67,3,2009,1,39.9321,-75.1999,1119.0,6,0,0,0,0,0,0,0,0,1.0,0,0,0,11,1,1,0,,1,39 56:00.669,4.0,0,75 11:59.910,8,0,0,0,67301,0,0,0,N,0,0,0,1,68K01,0,,2,9,,N,N,,0,,0,0,0,0,0,N,1117,1,1,0,0,0,1,0,3,4,0,1,7,,N,,,,,,,,,,,
2009048860,1100.0,2,0,0,0,0,0,0,0,0,4,0,,67,4,2009,2,39.9704,-75.15,1100.0,6,0,0,0,0,0,0,1,0,,0,0,0,10,1,2,1,,0,39 58:13.539,,0,75 08:59.852,4,0,0,0,67301,0,0,0,N,0,0,0,2,67301,2,,1,9,,N,N,,0,,0,0,0,2,2,,1050,2,2,0,0,2,0,0,3,4,0,2,7,,N,,,,,,,,,,,
2009048871,1640.0,2,0,0,0,0,0,0,0,0,2,0,,67,4,2009,7,39.9821,-75.2219,1633.0,6,0,0,0,0,0,0,0,0,,0,0,0,16,1,1,3,,0,39 58:55.704,,0,75 13:18.776,8,0,0,0,67301,0,0,0,,0,0,0,3,67301,0,,1,1,,,,,0,,0,0,0,3,3,,1630,1,2,0,0,1,1,1,3,4,0,2,3,,N,,,,,,,,,,,
2009048952,223.0,2,0,0,0,0,0,0,0,0,6,0,,67,4,2009,7,40.0312,-75.0852,222.0,6,0,0,0,0,0,0,0,0,1.0,0,0,0,2,3,0,5,,1,40 01:52.626,1.0,0,75 05:06.090,0,0,0,0,67301,0,0,0,N,0,0,0,4,67301,0,,1,1,,N,N,,0,,0,0,0,3,2,Y,220,0,2,0,0,0,0,0,3,4,0,2,3,,N,,,,,,,,,,,
2009124847,900.0,1,0,0,0,0,0,0,0,0,1,0,,67,11,2009,5,40.0741,-75.1909,855.0,6,0,0,0,0,0,0,1,0,1.0,0,0,0,8,1,2,1,,1,40 04:26.624,2.0,0,75 11:27.147,3,0,0,0,67301,0,0,0,N,0,0,0,2,67301,0,,1,1,,N,N,,0,,2,0,1,3,2,Y,853,2,2,0,0,0,0,0,3,4,0,2,3,,N,,,,,,,,,,,
2009044117,850.0,2,0,0,0,0,0,0,0,0,1,0,,67,2,2009,6,39.9539,-75.2108,845.0,6,0,0,0,0,0,0,0,0,,0,0,0,8,1,1,0,,0,39 57:14.202,,0,75 12:38.800,8,0,0,0,67301,0,0,0,N,0,0,0,2,67301,0,,1,2,,N,N,,0,,0,0,0,0,0,,845,1,2,0,0,0,1,0,3,4,0,2,3,,N,,,,,,,,,,,
2009048750,940.0,2,0,0,0,0,0,0,0,0,4,0,,67,4,2009,7,40.0312,-75.1514,930.0,6,0,0,0,0,0,1,0,0,,0,0,0,9,1,1,2,,0,40 01:52.482,,0,75 09:04.935,4,0,0,0,67301,0,0,0,N,0,0,0,2,67301,1,,1,1,,N,N,,0,,0,0,0,3,3,,915,1,2,0,0,0,0,0,3,4,0,2,3,,N,,,,,,,,,,,
2009049072,1336.0,2,0,0,0,0,0,0,0,0,1,0,,67,4,2009,5,40.0242,-75.1328,1330.0,6,0,0,0,0,0,0,1,0,1.0,0,0,0,13,1,2,1,,1,40 01:26.988,4.0,0,75 07:59.257,4,0,0,0,67301,0,0,0,N,0,0,0,2,67301,2,,1,1,,N,N,,0,,0,0,0,3,2,N,1324,2,2,0,0,0,0,0,3,4,0,2,3,,N,,,,,,,,,,,
2009049204,9999.0,1,0,0,0,0,0,0,0,0,7,0,,67,4,2009,4,40.0785,-75.0431,2357.0,6,0,0,0,0,0,0,0,0,9.0,0,0,0,23,3,0,0,,1,40 04:42.438,2.0,0,75 02:35.312,9,0,0,0,67301,0,0,0,N,0,0,0,1,67301,0,,5,9,,N,N,,0,,0,0,0,0,0,N,2355,0,1,0,0,0,0,1,3,4,0,1,7,,N,,,,,,,,,,,
2009049278,1845.0,2,0,0,0,0,0,0,0,0,2,0,,67,4,2009,3,40.0884,-75.044,1842.0,6,0,0,0,0,1,0,0,0,,0,0,0,18,1,1,1,,0,40 05:18.173,,0,75 02:38.875,4,0,0,0,67301,0,0,0,,0,0,0,3,67301,1,,1,1,,,,,0,,0,0,0,3,2,,1842,1,2,0,0,0,0,0,3,4,0,2,3,,N,,,,,,,,,,,
2009044178,1410.0,1,0,0,0,0,0,0,0,0,8,0,,67,3,2009,2,40.1085,-75.0228,1400.0,6,0,0,0,0,0,0,0,1,,0,0,0,14,1,1,3,,0,40 06:30.733,,0,75 01:21.968,4,0,0,0,67301,1,0,0,N,1,0,0,2,67301,1,,1,1,,N,N,,0,,0,0,0,0,0,,1400,1,2,0,0,0,0,0,3,4,0,1,3,,N,,,,,,,,,,,
2009026046,1948.0,1,0,0,0,0,0,0,0,0,4,0,,67,1,2009,6,40.017,-75.1883,1946.0,6,0,0,0,0,0,1,0,0,3.0,0,0,0,99,3,2,1,,2,40 01:01.181,5.0,0,75 11:17.958,4,0,0,0,67301,0,0,0,,0,0,0,3,67301,2,,1,1,,,,,1,,0,0,0,3,2,Y,9999,2,2,0,0,0,0,0,3,4,0,2,3,,N,,,,,,,,,,,
2009026090,9999.0,1,0,0,0,0,0,0,0,0,1,0,,67,1,2009,4,,,1200.0,6,0,0,0,0,0,1,1,0,,0,0,0,12,1,1,0,,0,,,0,,3,0,0,0,67301,0,0,0,N,0,0,0,2,67301,0,,1,9,,N,N,,0,,1,0,0,0,0,,1200,1,2,0,0,0,0,0,3,3,1,2,9,,N,,,,,,,,,,,
2009052546,33.0,1,0,0,0,0,0,0,0,0,7,0,,67,5,2009,7,40.0843,-75.2087,29.0,6,0,0,0,0,0,0,0,0,,0,0,0,0,3,1,0,,0,40 05:03.612,,0,75 12:31.314,4,0,0,0,67301,0,0,0,N,0,0,0,1,46108,1,,5,1,,N,N,,0,,0,0,0,0,0,,29,1,1,0,0,1,0,0,3,4,0,1,3,,N,,,,,,,,,,,
2009023532,1457.0,1,0,0,0,0,0,0,0,0,7,0,,67,2,2009,3,39.9593,-75.1415,1437.0,6,0,0,0,0,0,0,0,0,,0,0,0,14,1,0,0,,0,39 57:29.047,,2,75 08:29.706,0,0,0,0,67301,0,0,0,N,0,0,0,1,68K01,0,,4,1,,N,N,,0,,0,0,0,0,0,,1434,0,1,0,0,1,0,0,3,4,0,1,3,,N,,,,,,,,,,,
2009097912,2312.0,3,0,0,0,0,0,0,0,0,1,0,55.0,67,9,2009,3,40.0212,-75.0409,2312.0,6,0,0,0,0,0,2,0,1,,0,0,0,23,6,3,0,,0,40 01:18.745,,0,75 02:20.012,3,0,0,0,67301,0,0,0,N,0,0,0,6,68K01,2,,1,1,,N,N,,0,,1,0,1,0,0,,2305,3,4,0,0,0,0,0,3,4,0,4,3,,Y,4.0,1.0,Y,N,N,Y,Y,N,N,N,
2009100463,2006.0,1,0,0,0,0,0,0,0,0,7,0,,67,9,2009,2,40.0104,-75.0628,1956.0,6,0,0,0,0,0,0,0,0,2.0,0,0,0,19,3,0,0,,2,40 00:37.597,1.0,0,75 03:45.647,0,0,0,0,67301,0,0,0,Y,0,0,0,1,68K03,0,,3,9,,N,N,,0,,0,0,0,0,0,Y,1954,0,1,0,0,0,0,0,3,4,0,1,7,,N,,,,,,,,,,,
2009097449,930.0,2,0,0,0,0,0,0,0,0,4,0,,67,9,2009,5,39.9395,-75.1972,930.0,6,0,0,0,0,0,0,0,0,,0,0,0,9,1,0,1,,0,39 56:22.149,,0,75 11:49.847,9,0,0,0,67301,0,0,0,,0,0,0,2,67301,0,,1,1,,N,N,,0,,0,0,0,0,0,,930,0,2,0,0,0,0,1,3,4,0,2,3,,N,,,,,,,,,,,
2009107864,2314.0,0,0,0,0,0,0,0,0,0,7,0,,67,8,2009,7,40.0091,-75.0672,2308.0,6,0,0,0,0,0,0,0,0,3.0,0,0,0,23,3,1,6,,1,40 00:33.120,1.0,2,75 04:01.200,4,0,0,0,67301,0,0,0,Y,0,0,0,1,68K01,1,,7,1,,N,N,,0,,0,0,1,0,0,N,2305,1,1,0,0,0,0,0,3,4,0,1,3,,N,,,,,,,,,,,
2009097613,203.0,1,0,0,0,0,0,0,0,0,4,0,,67,8,2009,6,39.9215,-75.1769,120.0,6,0,0,0,0,0,0,0,0,,0,0,0,99,3,0,1,,0,39 55:17.374,,0,75 10:36.926,9,0,0,0,67301,0,0,0,N,0,0,0,1,67301,0,,1,1,,N,N,,0,,0,0,0,0,0,,9999,0,2,0,0,0,0,1,3,4,0,2,3,,N,,,,,,,,,,,
2009105679,145.0,1,0,0,0,0,0,0,0,0,5,0,,67,10,2009,7,40.0194,-75.0618,139.0,6,0,0,0,0,0,0,0,0,,0,0,0,1,2,0,0,,0,40 01:09.788,,0,75 03:42.506,0,0,0,0,67301,0,0,0,N,0,0,0,2,67301,0,,1,9,,N,N,,0,,0,0,1,0,0,,130,0,2,0,0,2,0,0,3,4,0,2,7,,N,,,,,,,,,,,
2009100783,1529.0,1,0,0,0,0,0,0,0,0,4,0,,67,9,2009,6,39.9784,-75.1146,1522.0,6,0,0,0,0,0,1,0,0,,0,0,0,99,1,2,2,,0,39 58:42.573,,0,75 06:52.947,4,0,0,0,67301,0,0,0,N,0,0,0,3,67301,1,,1,9,,N,N,,0,,0,0,0,3,2,,9999,2,2,0,0,0,1,0,3,4,1,2,7,,N,,,,,,,,,,,
2009132546,817.0,1,0,0,0,0,0,0,0,0,7,0,,67,12,2009,1,39.9639,-75.1847,815.0,6,0,0,0,0,0,0,0,0,2.0,0,0,0,8,1,1,2,,2,39 57:50.294,7.0,2,75 11:05.081,3,0,0,0,67301,0,0,0,N,0,0,0,1,68K01,0,,4,9,,N,N,,0,,1,0,0,3,2,Y,815,1,1,0,0,1,0,0,3,4,0,1,98,,N,,,,,,,,,,,
2009079619,2117.0,2,0,0,0,0,0,0,0,0,1,0,,67,7,2009,6,39.9676,-75.1892,2113.0,6,0,0,0,2,0,0,0,0,,0,0,0,19,3,0,0,,0,39 58:07.320,,0,75 11:28.680,0,0,0,0,67301,0,0,0,N,0,0,0,8,68K01,0,,1,1,,N,N,,0,,0,0,1,0,0,,1910,0,3,0,0,0,0,0,3,4,0,3,3,,N,,,,,,,,,,,
2009100595,1233.0,3,0,0,0,0,0,0,0,0,1,0,,67,9,2009,1,40.0948,-74.9807,1228.0,6,0,0,0,0,0,0,0,0,,0,0,0,12,1,0,0,,0,40 05:41.435,,0,74 58:50.510,0,0,0,0,67301,0,0,0,N,0,0,0,1,67301,0,,6,1,,N,N,,0,,0,0,0,0,0,,1226,0,3,0,0,0,0,0,3,4,0,3,3,,N,,,,,,,,,,,
2009100637,1803.0,0,0,0,0,0,0,0,0,0,8,0,,67,9,2009,5,40.0314,-75.063,1802.0,6,0,0,0,0,0,1,0,0,3.0,0,0,0,18,1,1,0,,2,40 01:53.047,4.0,0,75 03:46.823,2,0,0,0,67301,1,0,1,N,1,0,1,2,67301,0,,1,1,,N,N,,0,,0,1,0,0,0,Y,1800,1,2,0,0,0,0,0,3,4,1,1,3,,N,,,,,,,,,,,
2009100650,1644.0,2,0,0,0,0,0,0,0,0,4,0,,67,9,2009,6,40.0215,-75.0518,1640.0,6,0,0,0,1,0,0,0,0,,0,0,0,16,1,1,0,,0,40 01:17.367,,0,75 03:06.647,3,0,0,0,67301,0,0,0,N,0,0,0,3,67301,0,,1,1,,N,N,,0,,1,0,0,0,0,,1635,1,2,0,0,0,0,0,3,4,0,2,3,,N,,,,,,,,,,,
2009110653,1440.0,1,0,0,0,0,0,0,0,0,7,0,,67,10,2009,4,39.987,-75.0878,1425.0,6,0,0,0,0,0,0,0,0,,0,0,0,14,1,0,6,,0,39 59:13.200,,0,75 05:16.080,0,0,0,0,67301,0,0,0,Y,0,0,0,1,68K01,0,,4,9,,N,N,,0,,0,0,0,3,4,,1412,0,1,0,0,0,0,0,3,4,0,1,3,,N,,,,,,,,,,,
2009044257,9999.0,1,0,0,0,0,0,0,0,0,7,0,,67,3,2009,7,40.0428,-75.1135,9999.0,6,0,0,0,0,0,0,0,0,1.0,0,0,0,99,3,1,0,,1,40 02:41.120,1.0,0,75 06:46.481,8,0,0,0,67301,0,0,0,N,0,0,0,1,67301,0,,5,1,,N,N,,0,,0,0,0,0,0,N,9999,1,1,0,0,0,1,0,3,4,0,1,3,,N,,,,,,,,,,,
2009044302,9999.0,0,0,0,0,0,0,0,0,0,5,0,,67,2,2009,4,40.0145,-75.15,434.0,6,0,0,0,0,0,0,0,0,2.0,0,0,0,4,3,1,0,,1,40 00:51.944,1.0,0,75 09:00.020,4,0,0,0,67301,0,0,0,,0,0,0,1,67301,1,,1,2,,,,,2,,0,0,1,0,0,N,430,1,4,0,0,0,0,0,3,4,1,4,10,,N,,,,,,,,,,,
2009024721,510.0,1,0,0,0,0,0,0,0,0,7,0,,67,1,2009,5,39.9717,-75.1856,508.0,6,0,0,0,0,0,1,0,0,,1,0,0,5,3,0,1,,0,39 58:17.961,,0,75 11:08.293,1,0,0,0,67301,0,0,0,N,0,0,0,1,67301,0,2.0,4,1,,N,N,,0,0.0,0,0,0,0,0,,507,0,1,0,0,0,0,0,3,4,0,1,3,,N,,,,,,,,,,,
2009049408,1750.0,2,0,0,0,0,0,0,0,0,4,0,,67,3,2009,2,39.9244,-75.1702,1747.0,6,0,0,0,0,0,0,0,0,,0,0,0,17,1,0,1,,0,39 55:26.745,,0,75 10:02.977,9,0,0,0,67301,0,0,0,N,0,0,0,3,67301,0,,1,1,,N,N,,0,,0,0,0,3,2,,1705,0,2,0,0,0,0,3,3,4,0,2,3,,N,,,,,,,,,,,
2009120432,120.0,1,0,0,0,0,0,0,0,0,1,0,,67,11,2009,1,39.9564,-75.1388,115.0,6,0,0,0,0,0,0,0,0,,0,0,0,1,3,1,0,,0,39 57:22.962,,0,75 08:19.532,8,0,0,0,67301,0,0,0,,0,0,0,5,67501,0,,1,9,,N,N,,0,,0,0,1,0,0,,115,1,2,0,0,2,1,0,3,4,0,2,7,,N,,,,,,,,,,,
2009117181,2151.0,1,0,0,0,0,0,0,0,0,7,0,,67,11,2009,4,39.9599,-75.1788,2139.0,6,0,0,0,0,0,0,1,0,2.0,0,0,0,21,3,0,0,,2,39 57:35.640,3.0,0,75 10:44.040,0,0,0,0,67301,0,0,0,N,0,0,0,2,68K01,0,,2,1,,N,N,,0,,0,0,0,0,0,N,2135,0,1,0,0,0,0,0,3,4,0,1,3,,N,,,,,,,,,,,
2009125051,1444.0,1,0,0,0,0,0,0,0,0,1,0,,67,11,2009,5,39.9595,-75.162,1437.0,6,0,0,0,0,0,1,0,0,,0,0,0,14,1,3,1,,0,39 57:34.089,,0,75 09:43.114,4,0,0,0,67301,0,0,0,N,0,0,0,4,67301,3,,1,1,,N,N,,1,,0,0,0,3,2,,1425,3,2,0,0,0,0,0,3,4,0,2,3,,N,,,,,,,,,,,
2009125056,1109.0,2,0,0,0,0,0,0,0,0,4,0,,67,11,2009,3,39.956,-75.2115,1109.0,6,0,0,0,0,0,0,0,1,,0,0,0,11,1,1,1,,0,39 57:21.643,,0,75 12:41.414,4,0,0,0,67301,0,0,0,N,0,0,0,2,67301,1,,1,1,,N,N,,0,,0,0,0,3,3,,1107,1,2,0,0,0,0,0,3,4,0,2,3,,N,,,,,,,,,,,