CRN,ARRIVAL_TM,AUTOMOBILE_COUNT,BELTED_DEATH_COUNT,BELTED_SUSP_SERIOUS_INJ_COUNT,BICYCLE_COUNT,BICYCLE_DEATH_COUNT,BICYCLE_SUSP_SERIOUS_INJ_COUNT,BUS_COUNT,CHLDPAS_DEATH_COUNT,CHLDPAS_SUSP_SERIOUS_INJ_COUNT,COLLISION_TYPE,COMM_VEH_COUNT,CONS_ZONE_SPD_LIM,COUNTY,CRASH_MONTH,CRASH_YEAR,DAY_OF_WEEK,DEC_LAT,DEC_LONG,DISPATCH_TM,DISTRICT,DRIVER_COUNT_16YR,DRIVER_COUNT_17YR,DRIVER_COUNT_18YR,DRIVER_COUNT_19YR,DRIVER_COUNT_20YR,DRIVER_COUNT_50_64YR,DRIVER_COUNT_65_74YR,DRIVER_COUNT_75PLUS,EST_HRS_CLOSED,FATAL_COUNT,HEAVY_TRUCK_COUNT,HORSE_BUGGY_COUNT,HOUR_OF_DAY,ILLUMINATION,INJURY_COUNT,INTERSECT_TYPE,INTERSECTION_RELATED,LANE_CLOSED,LATITUDE,LN_CLOSE_DIR,LOCATION_TYPE,LONGITUDE,MAX_SEVERITY_LEVEL,MCYCLE_DEATH_COUNT,MCYCLE_SUSP_SERIOUS_INJ_COUNT,MOTORCYCLE_COUNT,MUNICIPALITY,NONMOTR_COUNT,NONMOTR_DEATH_COUNT,NONMOTR_SUSP_SERIOUS_INJ_COUNT,NTFY_HIWY_MAINT,PED_COUNT,PED_DEATH_COUNT,PED_SUSP_SERIOUS_INJ_COUNT,PERSON_COUNT,POLICE_AGCY,POSSIBLE_INJ_COUNT,RDWY_SURF_TYPE_CD,RELATION_TO_ROAD,ROAD_CONDITION,ROADWAY_CLEARED,SCH_BUS_IND,SCH_ZONE_IND,SECONDARY_CRASH,SMALL_TRUCK_COUNT,SPEC_JURIS_CD,SUSP_MINOR_INJ_COUNT,SUSP_SERIOUS_INJ_COUNT,SUV_COUNT,TCD_FUNC_CD,TCD_TYPE,TFC_DETOUR_IND,TIME_OF_DAY,TOT_INJ_COUNT,TOTAL_UNITS,UNB_DEATH_COUNT,UNB_SUSP_SERIOUS_INJ_COUNT,UNBELTED_OCC_COUNT,UNK_INJ_DEG_COUNT,UNK_INJ_PER_COUNT,URBAN_AREA,URBAN_RURAL,VAN_COUNT,VEHICLE_COUNT,WEATHER1,WEATHER2,WORK_ZONE_IND,WORK_ZONE_LOC,WORK_ZONE_TYPE,WORKERS_PRES,WZ_CLOSE_DETOUR,WZ_FLAGGER,WZ_LAW_OFFCR_IND,WZ_LN_CLOSURE,WZ_MOVING,WZ_OTHER,WZ_SHLDER_MDN,WZ_WORKERS_INJ_KILLED
2009048655,1018.0,0,0,0,0,0,0,0,0,0,8,0,,67,3,2009,6,39.9704,-75.2172,1000.0,6,0,0,0,0,0,1,0,0,,0,0,0,9,1,1,1,,0,39 58:13.317,,0,75 13:01.912,4,0,0,0,67301,1,0,0,,1,0,0,2,67301,1,,1,1,,,,,0,,0,0,0,3,2,,958,1,2,0,0,1,0,0,3,4,1,1,3,,N,,,,,,,,,,,
2009031178,2302.0,1,0,0,0,0,0,0,0,0,7,0,,67,1,2009,5,39.9537,-75.1385,2300.0,6,0,0,0,0,1,0,0,0,,0,0,0,22,3,1,0,,0,39 57:13.202,,0,75 08:18.695,4,0,0,0,67301,0,0,0,N,0,0,0,1,67501,1,,3,1,,N,N,,0,,0,0,0,3,2,,2259,1,1,0,0,0,0,0,3,4,0,1,3,,N,,,,,,,,,,,
2009048671,1555.0,0,0,0,0,0,0,0,0,0,8,0,,67,4,2009,6,40.0046,-75.0785,1547.0,6,0,0,0,0,0,0,0,0,,0,0,0,15,1,1,0,,0,40 00:16.524,,0,75 04:42.668,8,0,0,0,67301,1,0,0,N,1,0,0,2,67301,0,,1,1,,N,N,,0,,0,0,1,0,0,,1519,1,2,0,0,0,1,0,3,4,0,1,3,,N,,,,,,,,,,,
2009008714,608.0,1,0,0,0,0,0,0,0,0,7,0,,67,1,2009,1,39.9604,-75.1406,558.0,6,0,0,0,0,1,0,0,0,1.0,0,0,0,5,3,0,0,,1,39 57:36.720,2.0,0,75 08:26.520,0,0,0,0,67301,0,0,0,N,0,0,0,1,68K01,0,,2,7,,N,N,,0,,0,0,0,0,0,Y,553,0,1,0,0,0,0,0,3,4,0,1,10,,N,,,,,,,,,,,
2009049223,1716.0,2,0,0,0,0,0,0,0,0,1,0,,67,4,2009,3,39.917,-75.1627,1711.0,6,0,0,0,0,0,0,0,0,,0,0,0,17,1,1,0,,0,39 55:01.331,,0,75 09:45.577,4,0,0,0,67301,0,0,0,,0,0,0,5,67301,1,,1,1,,N,N,,0,,0,0,0,0,0,,1705,1,2,0,0,0,0,0,3,4,0,2,3,,N,,,,,,,,,,,
2009002451,1459.0,2,0,0,0,0,0,0,0,0,4,0,,67,1,2009,2,40.0764,-75.195,1456.0,6,0,0,0,0,0,0,1,0,1.0,0,0,0,14,1,2,1,,1,40 04:35.197,1.0,0,75 11:42.090,8,0,0,0,67301,0,0,0,N,0,0,0,3,46108,0,,1,1,,N,N,,0,,0,0,0,3,2,N,1456,2,2,0,0,1,2,0,3,4,0,2,3,,N,,,,,,,,,,,
2009018679,2300.0,1,0,0,0,0,0,0,0,0,7,0,,67,2,2009,6,39.9578,-75.1614,2300.0,6,0,0,0,0,0,0,0,0,2.0,0,0,0,22,3,0,0,,2,39 57:28.147,4.0,1,75 09:41.225,0,0,0,0,67301,0,0,0,N,0,0,0,2,68K01,0,,2,1,,N,N,,0,,0,0,0,0,0,N,2257,0,1,0,0,0,0,0,3,4,0,1,3,,N,,,,,,,,,,,
2009050896,1310.0,1,0,0,0,0,0,0,0,0,4,0,,67,3,2009,5,39.9783,-75.2461,1254.0,6,0,0,0,0,0,1,0,0,,0,0,0,12,8,1,1,,0,39 58:41.907,,0,75 14:45.800,4,0,0,0,67301,0,0,0,,0,0,0,2,67301,1,,1,9,,,,,0,,0,0,0,3,2,,1245,1,2,0,0,0,0,0,3,4,1,2,7,,N,,,,,,,,,,,
2009105884,14.0,2,0,0,0,0,0,0,0,0,1,0,,67,10,2009,6,40.0081,-75.1419,12.0,6,0,0,0,0,0,0,0,0,3.0,0,0,0,0,3,2,0,,1,40 00:29.035,3.0,0,75 08:30.834,8,0,0,0,67301,0,0,0,,0,0,0,3,67301,0,,1,1,,,,,0,,0,0,1,0,0,Y,10,2,4,0,0,0,2,0,3,4,1,4,3,,N,,,,,,,,,,,
2009100466,1812.0,0,0,0,0,0,0,0,0,0,1,0,,67,9,2009,4,39.9992,-75.0804,1808.0,6,0,0,0,0,0,0,0,0,,0,0,0,17,1,0,0,,0,39 59:57.450,,0,75 04:49.283,9,0,0,0,67301,0,0,0,N,0,0,0,3,68K01,0,,1,1,,N,N,,1,,0,0,2,0,0,,1755,0,3,0,0,0,0,1,3,4,0,3,3,,N,,,,,,,,,,,
2009105933,1733.0,3,0,0,0,0,0,0,0,0,4,0,,67,9,2009,5,40.0861,-75.2119,1727.0,6,0,0,0,0,1,0,0,0,,0,0,0,15,1,2,1,,0,40 05:09.951,,0,75 12:42.717,8,0,0,0,67301,0,0,0,N,0,0,0,3,67301,0,,1,1,,N,N,,0,,0,0,0,3,2,,1537,2,3,0,0,0,2,0,3,4,0,3,3,,N,,,,,,,,,,,
2009105559,1719.0,1,0,0,1,0,0,0,0,0,4,0,,67,9,2009,3,39.9556,-75.2099,1717.0,6,0,0,0,0,0,0,0,0,,0,0,0,17,1,1,0,,0,39 57:20.071,,7,75 12:35.707,3,0,0,0,67301,1,0,0,N,0,0,0,2,67301,0,,1,1,,N,N,,0,,1,0,0,0,0,,1717,1,2,0,0,1,0,0,3,4,0,1,3,,N,,,,,,,,,,,
2009105678,850.0,3,0,0,0,0,0,0,0,0,1,0,,67,9,2009,3,40.0277,-75.2262,838.0,6,0,0,0,0,1,0,0,0,,0,0,0,99,1,1,2,,0,40 01:39.565,,0,75 13:34.370,8,0,0,0,67301,0,0,0,N,0,0,0,3,67301,0,,1,1,,N,N,,0,,0,0,0,0,0,,9999,1,3,0,0,1,1,0,3,4,0,3,3,,N,,,,,,,,,,,
2009100717,1220.0,0,0,0,0,0,0,0,0,0,8,0,,67,9,2009,5,39.9481,-75.1543,1210.0,6,0,0,0,0,0,0,0,0,,0,0,0,12,1,1,0,,0,39 56:53.214,,0,75 09:15.572,4,0,0,0,67301,1,0,0,N,1,0,0,2,67301,1,,1,1,,N,N,,0,,0,0,1,9,2,,1205,1,2,0,0,0,0,0,3,4,0,1,3,,N,,,,,,,,,,,
2009100729,645.0,0,0,0,0,0,0,0,0,0,4,0,,67,9,2009,6,40.0084,-75.211,640.0,6,0,0,0,0,0,0,0,0,,0,0,0,6,1,0,1,,0,40 00:30.736,,0,75 12:38.579,9,0,0,0,67301,0,0,0,N,0,0,0,3,67301,0,,7,1,,N,N,,0,,0,0,1,3,2,,640,0,2,0,0,0,0,1,3,4,1,2,3,,N,,,,,,,,,,,
2009100818,1920.0,1,0,0,1,0,0,0,0,0,4,0,,67,9,2009,7,39.9346,-75.1809,1914.0,6,0,0,0,0,0,1,0,0,,0,0,0,19,3,1,1,,0,39 56:04.578,,0,75 10:51.110,8,0,0,0,67301,1,0,0,N,0,0,0,2,67301,0,,1,1,,N,N,,0,,0,0,0,3,2,,1914,1,2,0,0,0,1,0,3,4,0,1,3,,N,,,,,,,,,,,
2009100549,650.0,1,0,0,0,0,0,0,0,0,1,0,,67,9,2009,7,40.1044,-75.0023,635.0,6,0,0,0,0,0,1,0,0,,0,0,0,6,1,1,2,,0,40 06:15.759,,0,75 00:08.105,8,0,0,0,67301,0,0,0,N,0,0,0,4,67301,0,,1,9,,N,N,,0,,0,0,0,3,2,,634,1,2,0,0,0,1,0,3,4,1,2,7,,N,,,,,,,,,,,
2009030772,855.0,1,0,0,0,0,0,0,0,0,8,0,,67,1,2009,5,40.0446,-75.0547,853.0,6,0,0,0,0,0,0,1,0,1.0,0,0,0,8,1,1,1,,1,40 02:40.636,2.0,0,75 03:16.819,4,0,0,0,67301,1,0,0,N,1,0,0,2,67301,1,,1,1,,N,N,,0,,0,0,0,3,2,N,850,1,2,0,0,0,0,0,3,4,0,1,3,,N,,,,,,,,,,,
2009025890,1612.0,0,0,0,0,0,0,0,0,0,7,0,,67,1,2009,6,40.0,-75.1531,1612.0,6,0,0,0,0,0,1,0,0,,0,0,0,16,1,1,1,,0,40 00:00.103,,0,75 09:11.759,3,0,0,0,67301,0,0,0,N,0,0,0,1,67301,0,,4,1,,N,N,,0,,1,0,0,3,2,,1612,1,1,0,0,0,0,0,3,4,1,1,3,,N,,,,,,,,,,,
2009018110,309.0,0,0,0,0,0,0,0,0,0,7,0,,67,1,2009,4,40.0299,-75.0222,253.0,6,0,0,0,0,0,1,0,0,3.0,0,0,0,2,3,0,0,,1,40 01:48.360,2.0,0,75 01:19.920,0,0,0,0,67301,0,0,0,N,0,0,0,1,68K01,0,,4,7,,N,N,,0,,0,0,1,0,0,Y,225,0,1,0,0,0,0,0,3,4,0,1,10,,N,,,,,,,,,,,
2009030074,1749.0,2,0,0,0,0,0,0,0,0,4,0,,67,2,2009,2,39.9458,-75.2114,1743.0,6,0,0,0,0,0,1,0,0,,0,0,0,17,3,3,1,,0,39 56:44.908,,0,75 12:41.086,4,0,0,0,67301,0,0,0,N,0,0,0,4,67301,3,,1,1,,N,N,,0,,0,0,0,3,2,,1741,3,2,0,0,0,0,0,3,4,0,2,3,,N,,,,,,,,,,,
2009032874,1608.0,2,0,0,0,0,0,0,0,0,1,0,,67,1,2009,7,40.0254,-75.1814,1607.0,6,0,0,0,0,0,2,1,0,1.0,0,0,0,16,1,1,0,,1,40 01:31.571,1.0,0,75 10:53.131,4,0,0,0,67301,0,0,0,N,0,0,0,3,67301,1,,1,1,,N,N,,0,,0,0,0,0,0,N,1607,1,3,0,0,0,0,0,3,4,1,3,3,,N,,,,,,,,,,,
2009030433,2214.0,1,0,0,0,0,0,0,0,0,4,0,,67,1,2009,6,39.904,-75.2401,2206.0,6,0,0,0,0,0,0,0,0,,0,0,0,21,3,0,1,,0,39 54:14.620,,0,75 14:25.050,9,0,0,0,67301,0,0,0,N,0,0,0,2,67301,0,,1,2,,N,N,,1,,0,0,0,3,2,,2156,0,2,0,0,0,0,2,3,4,0,2,3,,N,,,,,,,,,,,
2009096784,1043.0,0,0,0,0,0,0,0,0,0,1,0,,67,9,2009,7,39.9588,-75.169,1042.0,6,0,0,0,0,1,0,0,0,,0,0,0,10,1,1,0,,0,39 57:31.609,,0,75 10:08.494,4,0,0,0,67301,0,0,0,N,0,0,0,5,68K01,1,,1,1,,N,N,,2,,0,0,0,0,0,,1037,1,2,0,0,0,0,1,3,4,0,2,3,,N,,,,,,,,,,,
2009111771,1056.0,0,0,0,0,0,0,0,0,0,4,0,,67,10,2009,6,40.0948,-75.0153,1051.0,6,0,0,0,0,0,0,0,0,1.0,0,0,0,10,1,2,5,,2,40 05:41.218,2.0,0,75 00:55.140,4,0,0,0,67301,0,0,0,N,0,0,0,3,67301,2,,1,9,,N,N,,0,,0,0,2,3,2,N,1048,2,2,0,0,0,0,0,3,4,0,2,7,,N,,,,,,,,,,,
2009109278,1219.0,1,0,0,0,0,0,0,0,0,1,0,,67,10,2009,5,39.9009,-75.1538,1216.0,6,0,0,0,0,0,0,0,0,,0,0,0,12,1,0,0,,0,39 54:05.040,,0,75 09:09.000,0,0,0,0,67301,0,0,0,N,0,0,0,2,68K01,0,,1,1,,N,N,,0,,0,0,0,0,0,,1215,0,2,0,0,0,0,0,3,4,1,2,3,,N,,,,,,,,,,,
2009125091,2025.0,2,0,0,0,0,0,0,0,0,6,0,,67,11,2009,2,39.9872,-75.2495,2000.0,6,0,0,1,0,0,0,0,0,,0,0,0,19,3,1,0,,0,39 59:13.895,,0,75 14:58.306,8,0,0,0,67301,0,0,0,N,0,0,0,2,67301,0,,1,1,,N,N,,0,,0,0,0,0,0,,1955,1,2,0,0,0,1,1,3,4,0,2,3,,N,,,,,,,,,,,
2009125230,1947.0,1,0,0,1,0,0,0,0,0,4,0,,67,11,2009,4,39.9227,-75.2236,1947.0,6,0,0,0,0,0,0,0,0,,0,0,0,19,3,1,1,,0,39 55:21.784,,0,75 13:24.995,8,0,0,0,67301,1,0,0,N,0,0,0,2,67301,0,,1,1,,N,N,,0,,0,0,0,3,3,,1937,1,2,0,0,0,1,0,3,4,0,1,3,,N,,,,,,,,,,,
2009125232,1330.0,1,0,0,0,0,0,0,0,0,4,0,,67,11,2009,2,39.9275,-75.2317,9999.0,6,0,0,0,0,0,0,0,0,,0,0,0,13,1,2,1,,0,39 55:38.874,,0,75 13:54.199,3,0,0,0,67301,0,0,0,N,0,0,0,3,67301,0,,1,1,,N,N,,0,,2,0,0,3,2,,1325,2,2,0,0,0,0,0,3,4,1,2,3,,N,,,,,,,,,,,
2009120267,1923.0,1,0,0,0,0,0,0,0,0,8,0,,67,10,2009,7,40.0652,-75.0554,1920.0,6,0,0,0,0,0,1,0,0,,0,0,0,19,3,1,1,,0,40 03:54.691,,0,75 03:19.475,8,0,0,0,67301,1,0,0,N,1,0,0,2,67301,0,,1,9,,N,N,,0,,0,0,0,3,3,,1920,1,2,0,0,0,1,0,3,4,0,1,7,,N,,,,,,,,,,,
2009105975,1653.0,1,0,0,0,0,0,0,0,0,8,0,,67,9,2009,3,39.9308,-75.1706,1651.0,6,0,0,0,0,0,0,0,0,,0,0,0,16,1,1,2,,0,39 55:50.772,,0,75 10:14.026,3,0,0,0,67301,1,0,0,N,1,0,0,2,67301,0,,1,1,,N,N,,0,,1,0,0,0,0,,1649,1,2,0,0,0,0,0,3,4,0,1,3,,N,,,,,,,,,,,
2009100661,145.0,1,0,0,0,0,0,0,0,0,1,0,,67,9,2009,3,40.0204,-75.0952,142.0,6,0,0,0,0,0,0,0,0,,0,0,0,1,3,2,0,,0,40 01:13.354,,0,75 05:42.505,4,0,0,0,67301,0,0,0,,0,0,0,3,67301,1,,2,1,,N,,,0,,0,0,0,0,0,,142,2,2,0,0,0,1,0,3,4,1,2,3,,N,,,,,,,,,,,
2009100670,2030.0,1,0,0,0,0,0,0,0,0,8,0,,67,8,2009,7,39.9519,-75.1599,2022.0,6,0,0,0,0,0,1,0,0,,0,0,0,20,3,1,0,,0,39 57:06.684,,0,75 09:35.493,4,0,0,0,67301,1,0,0,,1,0,0,2,67301,1,,1,9,,N,,,0,,0,0,0,3,2,,2022,1,2,0,0,0,0,0,3,4,0,1,7,,N,,,,,,,,,,,
2009095637,1558.0,2,0,0,0,0,0,0,0,0,5,0,,67,9,2009,4,40.011,-75.0616,1549.0,6,0,0,0,0,0,0,1,0,,0,0,0,15,1,1,0,,0,40 00:39.961,,0,75 03:41.193,4,0,0,0,67301,0,0,0,N,0,0,0,2,68K01,1,,1,1,,N,N,,0,,0,0,0,0,0,,1544,1,2,0,0,0,0,0,3,4,0,2,3,,N,,,,,,,,,,,
2009049506,1931.0,2,0,0,0,0,0,0,0,0,1,0,,67,4,2009,2,40.0012,-75.1247,1930.0,6,0,0,0,0,1,0,0,0,,0,0,0,19,1,1,0,,0,40 00:04.129,,0,75 07:29.035,4,0,0,0,67301,0,0,0,,0,0,0,1,67301,1,,5,1,,,,,0,,0,0,0,0,0,,1930,1,2,0,0,1,0,0,3,4,0,2,3,,N,,,,,,,,,,,
2009049529,1800.0,1,0,0,0,0,0,0,0,0,8,0,,67,4,2009,7,39.9719,-75.2449,1800.0,6,0,0,0,0,0,0,0,0,,0,0,0,18,1,1,1,,0,39 58:18.672,,0,75 14:41.448,4,0,0,0,67301,1,0,0,N,1,0,0,2,67301,1,,1,1,,N,N,,0,,0,0,0,3,2,,1800,1,2,0,0,0,0,0,3,4,0,1,3,,N,,,,,,,,,,,
2009049543,1801.0,0,0,0,0,0,0,0,0,0,4,0,,67,4,2009,1,40.0702,-75.0149,1800.0,6,0,0,0,0,0,0,0,1,2.0,0,0,0,17,1,1,0,,1,40 04:12.754,1.0,0,75 00:53.779,3,0,0,0,67301,0,0,0,,0,0,0,1,67301,0,,1,1,,N,N,,0,,1,0,1,0,0,Y,1735,1,3,0,0,0,0,0,3,4,2,3,3,,N,,,,,,,,,,,
2009048857,2212.0,1,0,0,0,0,0,0,0,0,8,0,,67,4,2009,6,40.0269,-75.0593,2210.0,6,0,0,0,1,0,0,0,0,,0,0,0,22,3,1,1,,0,40 01:36.820,,0,75 03:33.461,4,0,0,0,67301,1,0,0,,1,0,0,2,67301,1,,1,1,,,N,,0,,0,0,0,0,0,,2205,1,2,0,0,0,0,0,3,4,0,1,3,,N,,,,,,,,,,,
2009124919,220.0,0,0,0,0,0,0,0,0,0,4,0,,67,11,2009,1,40.0428,-75.0631,215.0,6,0,0,0,0,0,0,0,0,,0,0,0,2,3,1,1,,0,40 02:34.113,,0,75 03:47.339,4,0,0,1,67301,0,0,0,N,0,0,0,2,67301,1,,1,1,,N,N,,0,,0,0,1,9,2,,215,1,2,0,0,0,0,1,3,4,0,2,3,,N,,,,,,,,,,,
2009112372,856.0,2,0,0,0,0,0,0,0,0,1,0,,67,10,2009,6,40.0302,-75.0218,851.0,6,0,0,0,0,0,0,0,0,1.0,0,0,0,8,1,1,0,,2,40 01:49.440,1.0,0,75 01:18.120,8,0,0,0,67301,0,0,0,N,0,0,0,2,68K01,0,,1,1,,N,N,,0,,0,0,0,0,0,N,850,1,2,0,0,0,1,0,3,4,0,2,3,,N,,,,,,,,,,,
2009125055,348.0,2,0,0,0,0,0,0,0,0,1,0,,67,11,2009,2,39.9991,-75.2309,335.0,6,0,0,0,0,1,0,0,0,,0,0,0,3,3,2,1,,0,40 00:00.326,,0,75 13:43.545,4,0,0,0,67301,0,0,0,N,0,0,0,3,67301,2,,1,1,,N,N,,0,,0,0,0,3,2,,325,2,2,0,0,0,0,1,3,4,0,2,3,,N,,,,,,,,,,,
2009125071,1732.0,2,0,0,0,0,0,0,0,0,2,0,,67,11,2009,5,40.0176,-75.1723,1731.0,6,0,0,0,0,0,1,0,0,1.0,0,0,0,17,3,0,3,,1,40 01:04.041,2.0,2,75 10:20.986,9,0,0,0,67301,0,0,0,,0,0,0,2,67301,0,,1,9,,,,,0,,0,0,0,0,0,N,1715,0,2,0,0,0,0,2,3,4,0,2,7,,N,,,,,,,,,,,
2009120235,1700.0,2,0,0,0,0,0,0,0,0,4,0,,67,10,2009,7,39.9881,-75.2424,1626.0,6,0,0,0,0,0,1,1,0,,0,0,0,16,1,1,1,,0,39 59:17.214,,0,75 14:32.719,8,0,0,0,67301,0,0,0,,0,0,0,4,67301,0,,1,1,,,,,0,,0,0,1,3,3,,1626,1,3,0,0,0,1,0,3,4,0,3,3,,N,,,,,,,,,,,
2009048906,1915.0,2,0,0,0,0,0,0,0,0,1,0,,67,4,2009,6,40.0067,-75.1317,1910.0,6,0,0,0,0,1,0,0,0,,0,0,0,18,1,1,1,,0,40 00:24.350,,0,75 07:53.666,3,0,0,0,67301,0,0,0,N,0,0,0,4,67301,0,,1,9,,N,N,,0,,1,0,0,2,2,,1850,1,2,0,0,0,0,0,3,4,0,2,99,,N,,,,,,,,,,,
2009048909,2208.0,2,0,0,0,0,0,0,0,0,4,0,,67,4,2009,4,40.0532,-75.1221,2205.0,6,0,0,0,0,0,1,0,0,1.0,0,0,0,21,3,3,1,,1,40 03:11.434,3.0,0,75 07:19.656,4,0,0,0,67301,0,0,0,N,0,0,0,4,67301,2,,1,9,,N,N,,0,,0,0,1,3,2,N,2157,3,3,0,0,0,1,0,3,4,0,3,7,,N,,,,,,,,,,,
2009040349,2313.0,0,0,0,0,0,0,0,0,0,4,0,,67,2,2009,3,39.9566,-75.1524,2311.0,6,0,0,0,0,0,1,0,0,2.0,0,0,0,23,3,1,5,,2,39 57:23.709,2.0,0,75 09:08.591,8,0,0,0,67301,0,0,0,,0,0,0,4,67301,0,,1,1,,,,,1,,0,0,0,3,2,N,2310,1,2,0,0,0,1,0,3,4,1,2,3,,N,,,,,,,,,,,
2009026004,1320.0,1,0,0,0,0,0,0,0,0,8,0,,67,1,2009,1,39.9886,-75.1168,1315.0,6,0,0,0,0,0,0,0,0,,0,0,0,13,1,1,1,,0,39 59:19.136,,0,75 07:00.379,4,0,0,0,67301,1,0,0,,1,0,0,2,67301,1,,1,1,,,,,0,,0,0,0,3,3,,1310,1,2,0,0,0,0,0,3,4,0,1,3,,N,,,,,,,,,,,
2009050445,1913.0,1,0,0,0,0,0,0,0,0,7,0,,67,4,2009,2,39.9802,-75.2053,1910.0,6,0,0,0,0,0,1,0,0,1.0,0,0,0,19,3,0,0,,2,39 58:51.240,3.0,0,75 12:23.040,0,0,0,0,67301,0,0,0,N,0,0,0,2,68K01,0,,3,9,,N,N,,0,,0,0,0,0,0,N,1907,0,1,0,0,0,0,0,3,4,0,1,7,,N,,,,,,,,,,,
2009095407,1728.0,1,0,0,0,0,0,0,0,0,5,0,,67,9,2009,4,39.9504,-75.1604,1728.0,6,0,0,0,0,0,0,0,0,9.0,0,0,0,17,1,1,0,,1,39 57:01.502,3.0,0,75 09:37.402,4,0,0,1,67301,0,0,0,N,0,0,0,2,67301,1,,1,9,,N,N,,0,,0,0,0,0,0,N,1726,1,2,0,0,0,0,1,3,4,0,2,7,,N,,,,,,,,,,,
2009100568,1813.0,0,0,0,0,0,0,0,0,0,8,0,,67,9,2009,7,39.9545,-75.2464,1810.0,6,0,0,0,0,0,0,0,0,,0,0,0,18,1,1,2,,0,39 57:16.135,,0,75 14:47.072,4,0,0,0,67301,1,0,0,N,1,0,0,2,67301,1,,2,1,,N,N,,0,,0,0,1,9,3,,1809,1,2,0,0,0,0,1,3,4,0,1,3,,N,,,,,,,,,,,
2009100584,105.0,1,0,0,0,0,0,0,0,0,4,0,,67,9,2009,6,39.9566,-75.198,49.0,6,0,0,1,0,0,0,0,0,,0,0,0,0,3,1,1,,0,39 57:24.145,,0,75 11:52.822,4,0,0,0,67301,0,0,0,N,0,0,0,3,67301,1,,1,1,,N,N,,1,,0,0,0,3,2,,20,1,2,0,0,0,0,0,3,4,0,2,3,,N,,,,,,,,,,,
2009020547,548.0,1,0,0,0,0,0,0,0,0,4,0,,67,2,2009,6,40.0741,-75.1909,545.0,6,0,0,0,0,0,2,0,0,,0,0,0,5,5,1,1,,0,40 04:26.760,,0,75 11:27.240,4,0,0,0,67301,0,0,0,N,0,0,0,2,46108,1,,1,1,,N,N,,0,,0,0,1,2,2,,545,1,2,0,0,0,0,0,3,4,0,2,3,,N,,,,,,,,,,,
2009025809,1420.0,2,0,0,0,0,0,0,0,0,4,0,,67,1,2009,7,40.0318,-75.1091,1355.0,6,0,0,0,0,0,2,0,0,,0,0,0,14,1,0,1,,0,40 01:54.382,,0,75 06:32.605,0,0,0,0,67301,0,0,0,N,0,0,0,3,67301,0,,1,1,,N,N,,0,,0,0,0,3,2,,1400,0,2,0,0,0,0,0,3,4,0,2,3,,N,,,,,,,,,,,
2009037863,1507.0,0,0,0,0,0,0,0,0,0,0,0,,67,3,2009,7,39.8804,-75.247,1504.0,6,0,0,0,0,0,0,0,0,1.0,0,0,0,15,1,0,0,,1,39 52:47.988,1.0,0,75 14:51.018,9,0,0,0,67301,0,0,0,N,0,0,0,1,68K01,0,,1,1,,N,N,,0,,0,0,1,0,0,N,1501,0,1,0,0,0,0,1,3,4,0,1,3,,N,,,,,,,,,,,
2009025448,1310.0,1,0,0,0,0,0,0,0,0,8,0,,67,1,2009,3,40.0072,-75.0987,1300.0,6,0,0,0,0,0,0,0,0,,0,0,0,18,2,1,1,,0,40 00:25.901,,0,75 05:55.462,8,0,0,0,67301,1,0,0,N,1,0,0,2,67301,0,,1,1,,N,N,,0,,0,0,0,9,2,,1825,1,2,0,0,0,1,0,3,4,0,1,99,,N,,,,,,,,,,,
2009025449,212.0,4,0,0,0,0,0,0,0,0,5,0,,67,1,2009,1,39.9387,-75.1528,206.0,6,0,0,0,0,0,0,0,0,,0,0,0,2,3,2,0,,0,39 56:19.366,,0,75 09:10.238,4,0,0,0,67301,0,0,0,N,0,0,0,2,67301,2,,4,1,,N,N,,0,,0,0,0,0,0,,200,2,5,0,0,2,0,0,3,4,1,5,3,,N,,,,,,,,,,,
2009025618,1645.0,2,0,0,0,0,0,0,0,0,1,0,,67,1,2009,6,39.9461,-75.1416,1640.0,6,0,0,0,0,0,2,0,0,2.0,0,0,0,16,1,3,0,,2,39 56:46.058,2.0,0,75 08:29.800,4,0,0,0,67301,0,0,0,N,0,0,0,5,67301,3,,1,1,,N,N,,0,,0,0,1,0,0,N,1600,3,3,0,0,0,0,0,3,4,0,3,3,,N,,,,,,,,,,,
2009025049,1129.0,2,0,0,0,0,0,0,0,0,4,0,,67,2,2009,4,39.9883,-75.254,1124.0,6,0,0,0,0,0,0,1,1,2.0,0,0,0,11,1,1,1,,1,39 59:17.883,2.0,0,75 15:14.304,8,0,0,0,67301,0,0,0,N,0,0,0,5,46104,0,,1,9,,N,N,,0,,0,0,0,3,2,N,1125,1,2,0,0,0,1,0,3,4,0,2,3,,N,,,,,,,,,,,
2009032872,1830.0,1,0,0,0,0,0,0,0,0,8,0,,67,1,2009,4,40.0159,-75.1538,1830.0,6,0,0,0,0,0,0,0,0,,0,0,0,18,3,2,1,,0,40 00:57.351,,0,75 09:13.935,3,0,0,0,67301,2,0,0,,2,0,0,6,67301,1,,1,6,,,,,0,,1,0,0,9,2,,1830,2,3,0,0,0,0,0,3,4,0,1,9,,N,,,,,,,,,,,
2009025371,1509.0,1,0,0,0,0,0,0,0,0,4,0,,67,1,2009,1,39.9587,-75.1672,1507.0,6,0,0,0,0,0,1,0,0,,0,0,0,15,1,0,2,,0,39 57:31.320,,0,75 10:01.920,0,0,0,0,67301,0,0,0,N,0,0,0,2,67301,0,,1,1,,N,N,,1,,0,0,0,3,2,,1505,0,2,0,0,0,0,0,3,4,0,2,3,,N,,,,,,,,,,,