CRN,ARRIVAL_TM,AUTOMOBILE_COUNT,BELTED_DEATH_COUNT,BELTED_SUSP_SERIOUS_INJ_COUNT,BICYCLE_COUNT,BICYCLE_DEATH_COUNT,BICYCLE_SUSP_SERIOUS_INJ_COUNT,BUS_COUNT,CHLDPAS_DEATH_COUNT,CHLDPAS_SUSP_SERIOUS_INJ_COUNT,COLLISION_TYPE,COMM_VEH_COUNT,CONS_ZONE_SPD_LIM,COUNTY,CRASH_MONTH,CRASH_YEAR,DAY_OF_WEEK,DEC_LAT,DEC_LONG,DISPATCH_TM,DISTRICT,DRIVER_COUNT_16YR,DRIVER_COUNT_17YR,DRIVER_COUNT_18YR,DRIVER_COUNT_19YR,DRIVER_COUNT_20YR,DRIVER_COUNT_50_64YR,DRIVER_COUNT_65_74YR,DRIVER_COUNT_75PLUS,EST_HRS_CLOSED,FATAL_COUNT,HEAVY_TRUCK_COUNT,HORSE_BUGGY_COUNT,HOUR_OF_DAY,ILLUMINATION,INJURY_COUNT,INTERSECT_TYPE,INTERSECTION_RELATED,LANE_CLOSED,LATITUDE,LN_CLOSE_DIR,LOCATION_TYPE,LONGITUDE,MAX_SEVERITY_LEVEL,MCYCLE_DEATH_COUNT,MCYCLE_SUSP_SERIOUS_INJ_COUNT,MOTORCYCLE_COUNT,MUNICIPALITY,NONMOTR_COUNT,NONMOTR_DEATH_COUNT,NONMOTR_SUSP_SERIOUS_INJ_COUNT,NTFY_HIWY_MAINT,PED_COUNT,PED_DEATH_COUNT,PED_SUSP_SERIOUS_INJ_COUNT,PERSON_COUNT,POLICE_AGCY,POSSIBLE_INJ_COUNT,RDWY_SURF_TYPE_CD,RELATION_TO_ROAD,ROAD_CONDITION,ROADWAY_CLEARED,SCH_BUS_IND,SCH_ZONE_IND,SECONDARY_CRASH,SMALL_TRUCK_COUNT,SPEC_JURIS_CD,SUSP_MINOR_INJ_COUNT,SUSP_SERIOUS_INJ_COUNT,SUV_COUNT,TCD_FUNC_CD,TCD_TYPE,TFC_DETOUR_IND,TIME_OF_DAY,TOT_INJ_COUNT,TOTAL_UNITS,UNB_DEATH_COUNT,UNB_SUSP_SERIOUS_INJ_COUNT,UNBELTED_OCC_COUNT,UNK_INJ_DEG_COUNT,UNK_INJ_PER_COUNT,URBAN_AREA,URBAN_RURAL,VAN_COUNT,VEHICLE_COUNT,WEATHER1,WEATHER2,WORK_ZONE_IND,WORK_ZONE_LOC,WORK_ZONE_TYPE,WORKERS_PRES,WZ_CLOSE_DETOUR,WZ_FLAGGER,WZ_LAW_OFFCR_IND,WZ_LN_CLOSURE,WZ_MOVING,WZ_OTHER,WZ_SHLDER_MDN,WZ_WORKERS_INJ_KILLED
2009125433,1835.0,0,0,0,0,0,0,0,0,0,8,0,,67,11,2009,7,40.0535,-75.0664,1829.0,6,0,0,0,0,0,0,0,0,,0,0,0,18,3,1,5,,0,40 03:12.657,,0,75 03:59.133,8,0,0,0,67301,1,0,0,,1,0,0,2,67301,0,,1,1,,N,N,,0,,0,0,0,0,0,,1823,1,2,0,0,0,1,1,3,4,0,1,3,,N,,,,,,,,,,,
2009125443,837.0,2,0,0,0,0,0,0,0,0,4,0,,67,11,2009,4,40.0156,-75.092,837.0,6,0,0,0,0,0,0,0,0,,0,0,0,8,1,1,0,,0,40 00:56.257,,0,75 05:31.041,8,0,0,0,67301,0,0,0,N,0,0,0,1,67301,0,,1,9,,N,N,,0,,0,0,0,0,0,,803,1,2,0,0,0,1,0,3,4,0,2,7,,N,,,,,,,,,,,
2009109611,1149.0,0,0,0,0,0,0,0,0,0,1,2,,67,10,2009,6,39.8989,-75.1719,1147.0,6,0,0,0,0,0,1,0,0,3.0,0,2,0,11,1,0,0,,2,39 53:56.249,2.0,0,75 10:09.133,0,0,0,0,67301,0,0,0,Y,0,0,0,2,68K01,0,,1,9,,N,N,,0,,0,0,0,0,0,Y,1143,0,2,0,0,0,0,0,3,4,0,2,7,,N,,,,,,,,,,,
2009112086,1849.0,2,0,0,0,0,0,0,0,0,1,0,,67,10,2009,4,40.0077,-75.0761,1847.0,6,0,0,0,0,0,0,0,0,9.0,0,0,0,18,3,3,1,,2,40 00:27.630,1.0,0,75 04:33.776,3,0,0,0,67301,0,0,0,N,0,0,0,3,67301,0,,1,1,,N,N,,0,,3,0,0,3,2,Y,1847,3,2,0,0,0,0,0,3,4,0,2,3,,N,,,,,,,,,,,
2009125216,1829.0,1,0,0,0,0,0,0,0,0,4,0,,67,11,2009,5,39.9643,-75.2133,1827.0,6,0,0,0,0,0,1,0,0,3.0,0,0,0,18,3,5,1,,2,39 57:51.638,7.0,0,75 12:47.710,8,0,0,0,67301,0,0,0,N,0,0,0,7,67301,0,,1,9,,N,N,,0,,0,0,1,9,2,Y,1825,5,2,0,0,0,5,2,3,4,0,2,7,,N,,,,,,,,,,,
2009125248,918.0,2,0,0,0,0,0,0,0,0,1,0,,67,11,2009,7,40.0405,-75.1917,907.0,6,0,0,0,0,0,1,0,0,1.0,0,0,0,9,1,1,0,,2,40 02:25.936,6.0,0,75 11:30.158,3,0,0,0,67301,0,0,0,N,0,0,0,1,67301,0,,5,9,,N,N,,0,,1,0,0,3,2,Y,904,1,2,0,0,0,0,0,3,4,0,2,7,,N,,,,,,,,,,,
2009125280,1616.0,2,0,0,0,0,0,1,0,0,1,1,,67,11,2009,5,39.9601,-75.1734,1614.0,6,0,0,0,0,0,0,0,0,,0,0,0,16,1,0,1,,0,39 57:37.219,,0,75 10:25.442,0,0,0,0,67301,0,0,0,,0,0,0,3,67301,0,,1,9,,N,,,0,,0,0,0,0,0,,1610,0,3,0,0,0,0,0,3,4,0,3,7,,N,,,,,,,,,,,
2009120287,1602.0,0,0,0,0,0,0,0,0,0,7,0,,67,10,2009,1,39.9557,-75.1775,1600.0,6,0,0,0,0,1,0,0,0,,0,0,0,15,1,0,2,,0,39 57:20.352,,0,75 10:39.003,0,0,0,0,67301,0,0,0,,0,0,0,1,67301,0,,4,1,,N,N,,0,,0,0,1,0,0,,1558,0,1,0,0,0,0,0,3,4,0,1,3,,N,,,,,,,,,,,
2009032017,1355.0,1,0,0,0,0,0,0,0,0,7,0,,67,2,2009,4,40.0493,-74.9966,1355.0,6,0,1,0,0,0,0,0,0,1.0,0,0,0,13,1,0,0,,1,40 02:57.664,2.0,0,74 59:47.722,0,0,0,0,67301,0,0,0,Y,0,0,0,1,68K01,0,,4,1,,N,N,,0,,0,0,0,0,0,N,1353,0,1,0,0,0,0,0,3,4,0,1,3,,N,,,,,,,,,,,
2009044720,1527.0,2,0,0,0,0,0,0,0,0,1,0,,67,4,2009,1,40.0019,-75.2251,1524.0,6,0,0,0,0,0,1,0,0,1.0,0,0,0,15,1,2,0,,2,40 00:10.618,2.0,0,75 13:22.354,8,0,0,0,67301,0,0,0,N,0,0,0,5,46104,0,,1,1,,N,N,,0,,0,0,1,0,0,N,1520,2,3,0,0,0,2,0,3,4,0,3,3,,N,,,,,,,,,,,
2009044833,449.0,3,0,0,0,0,0,0,0,0,1,0,,67,3,2009,7,39.9364,-75.2277,447.0,6,0,0,0,0,0,0,0,0,,0,0,0,3,3,0,1,,0,39 56:11.047,,0,75 13:39.572,9,0,0,0,67301,0,0,0,,0,0,0,1,67301,0,,1,9,,N,N,,0,,0,0,0,0,0,,351,0,3,0,0,0,0,1,3,4,0,3,7,,N,,,,,,,,,,,
2009034370,2209.0,2,0,0,0,0,0,0,0,0,4,0,,67,3,2009,7,39.9547,-75.1411,2204.0,6,0,0,0,0,0,0,0,0,,0,0,0,21,3,1,0,,0,39 57:24.601,,0,75 08:40.150,4,0,0,0,67301,0,0,0,N,0,0,0,2,68K01,1,,1,1,,N,N,,0,,0,0,0,0,0,,2155,1,2,0,0,0,0,0,3,4,0,2,3,,N,,,,,,,,,,,
2009044393,2245.0,0,0,0,0,0,0,0,0,0,7,0,,67,3,2009,6,40.0323,-75.1846,2240.0,6,0,0,0,0,0,1,0,0,3.0,0,0,0,22,3,0,0,,2,40 01:56.377,6.0,0,75 11:04.610,0,0,0,0,67301,0,0,0,,0,0,0,1,67301,0,,5,1,,,,,0,,0,0,0,0,0,Y,2230,0,1,0,0,0,0,0,3,4,1,1,3,,N,,,,,,,,,,,
2009092281,1855.0,2,0,0,0,0,0,0,0,0,1,0,,67,9,2009,5,39.9975,-75.1963,1852.0,6,0,0,0,0,1,0,0,0,,0,0,0,18,4,0,0,,0,39 59:53.599,,0,75 11:45.307,0,0,0,0,67301,0,0,0,N,0,0,0,3,68K01,0,,1,1,,N,N,,0,,0,0,1,0,0,,1851,0,3,0,0,0,0,0,3,4,0,3,3,,N,,,,,,,,,,,
2009092282,1505.0,3,0,0,0,0,0,0,0,0,1,0,,67,9,2009,6,40.0079,-75.2022,1500.0,6,0,0,0,0,0,0,0,1,2.0,0,0,0,14,1,3,0,,2,40 00:27.924,3.0,0,75 12:06.528,3,0,0,0,67301,0,0,0,N,0,0,0,9,68K01,2,,1,1,,N,N,,1,,1,0,0,0,0,N,1455,3,4,0,0,0,0,0,3,4,0,4,3,,N,,,,,,,,,,,
2009081858,1100.0,2,0,0,0,0,0,0,0,0,5,0,,67,6,2009,5,39.8931,-75.2222,1100.0,6,0,0,0,0,0,1,0,0,1.0,0,0,0,10,1,1,6,,2,39 53:37.393,3.0,2,75 13:14.852,8,0,0,0,67301,0,0,0,N,0,0,0,2,67301,0,,1,9,,N,N,,0,,0,0,0,0,0,N,1055,1,2,0,0,0,1,0,3,4,0,2,7,,N,,,,,,,,,,,
2009081870,2205.0,1,0,0,0,0,0,0,0,0,1,0,,67,7,2009,4,40.0363,-75.0698,2200.0,6,0,0,0,0,0,0,0,0,1.0,0,0,0,21,3,1,0,,1,40 02:10.568,1.0,0,75 04:11.168,4,0,0,0,67301,0,0,0,N,0,0,0,2,67301,1,,1,1,,N,N,,0,,0,0,1,0,0,Y,2155,1,2,0,0,0,0,0,3,4,0,2,3,,N,,,,,,,,,,,
2009079892,1703.0,2,0,0,0,0,0,0,0,0,1,0,,67,7,2009,4,39.9569,-75.1548,1651.0,6,0,0,0,0,0,1,0,0,1.0,0,0,0,16,1,4,0,,1,39 57:24.995,4.0,0,75 09:17.381,3,0,0,0,67301,0,0,0,N,0,0,0,5,68K01,0,,1,1,,N,N,,0,,3,0,1,0,0,N,1646,4,3,0,0,0,1,0,3,4,0,3,3,,N,,,,,,,,,,,
2009079904,1310.0,0,0,0,0,0,0,0,0,0,7,0,,67,7,2009,4,39.9855,-75.0935,1300.0,6,0,0,0,0,0,0,0,0,,0,0,0,12,1,0,0,,0,39 59:08.003,,0,75 05:36.154,0,0,0,0,67301,0,0,0,N,0,0,0,1,68K01,0,,2,1,,N,N,,0,,0,0,1,0,0,,1256,0,1,0,0,0,0,0,3,4,0,1,3,,N,,,,,,,,,,,
2009100646,1826.0,2,0,0,0,0,0,0,0,0,2,0,,67,9,2009,6,39.9273,-75.2263,1826.0,6,0,0,0,0,0,1,0,0,,0,0,0,17,1,2,1,,0,39 55:38.172,,0,75 13:34.633,4,0,0,0,67301,0,0,0,,0,0,0,3,67301,2,,1,1,,N,N,,0,,0,0,0,3,3,,1720,2,2,0,0,0,0,1,3,4,0,2,3,,N,,,,,,,,,,,
2009100679,1845.0,2,0,0,0,0,0,0,0,0,1,0,,67,9,2009,5,39.9407,-75.237,1830.0,6,0,0,0,1,0,1,0,0,,0,0,0,18,4,1,0,,0,39 56:26.431,,0,75 14:13.116,8,0,0,0,67301,0,0,0,N,0,0,0,2,67301,0,,1,9,,N,N,,0,,0,0,0,0,0,,1800,1,2,0,0,0,1,0,3,4,0,2,7,,N,,,,,,,,,,,
2009100697,100.0,1,0,0,0,0,0,0,0,0,4,0,,67,9,2009,3,40.039,-75.15,100.0,6,0,0,0,0,0,1,0,0,,0,0,0,0,3,1,1,,0,40 02:20.299,,0,75 09:00.122,4,0,0,0,67301,1,0,0,N,1,0,0,2,67301,1,,1,1,,N,N,,0,,0,0,0,3,2,,10,1,2,0,0,0,0,0,3,4,0,1,3,,N,,,,,,,,,,,
2009044272,857.0,2,0,0,0,0,0,0,0,0,4,0,,67,1,2009,7,40.0723,-75.0292,857.0,6,0,0,0,0,0,0,0,1,9.0,0,0,0,8,1,1,0,,2,40 04:20.442,5.0,0,75 01:45.199,4,0,0,0,67301,0,0,0,,0,0,0,1,67301,1,,6,9,,N,N,,0,,0,0,0,0,0,Y,855,1,2,0,0,0,0,0,3,4,0,2,10,,N,,,,,,,,,,,
2009049307,416.0,2,0,0,0,0,0,0,0,0,2,0,,67,3,2009,3,40.0714,-75.049,414.0,6,0,0,0,0,0,0,0,0,1.0,0,0,0,4,2,2,0,,1,40 04:16.822,1.0,0,75 02:56.376,3,0,0,0,67301,0,0,0,N,0,0,0,2,67301,1,,1,1,,N,N,,0,,1,0,0,0,0,Y,412,2,2,0,0,0,0,0,3,4,0,2,3,,N,,,,,,,,,,,
2009048841,821.0,2,0,0,0,0,0,0,0,0,4,0,,67,3,2009,2,39.9999,-75.2196,813.0,6,0,0,0,0,0,0,0,0,,0,0,0,8,1,1,0,,0,39 59:59.558,,0,75 13:10.485,8,0,0,0,67301,0,0,0,N,0,0,0,2,67301,0,,1,1,,N,N,,0,,0,0,0,0,0,,810,1,2,0,0,1,1,0,3,4,0,2,3,,N,,,,,,,,,,,
2009048846,317.0,9,0,0,0,0,0,0,0,0,4,0,,67,4,2009,4,39.9285,-75.1754,307.0,6,0,0,0,0,0,0,0,0,2.0,0,0,0,3,3,0,1,,2,39 55:42.448,1.0,0,75 10:31.389,0,0,0,0,67301,0,0,0,N,0,0,0,1,67301,0,,1,1,,N,N,,0,,0,0,0,0,0,Y,305,0,9,0,0,0,0,0,3,4,0,9,3,,N,,,,,,,,,,,
2009048854,1615.0,1,0,0,0,0,0,0,0,0,8,0,,67,3,2009,3,40.0091,-75.1375,1613.0,6,0,0,0,0,0,0,0,0,,0,0,0,15,1,1,1,,0,40 00:32.702,,0,75 08:15.003,4,0,0,0,67301,1,0,0,N,1,0,0,2,67301,1,,1,2,,N,N,,0,,0,0,0,9,3,,1535,1,2,0,0,1,0,0,3,4,0,1,3,,N,,,,,,,,,,,
2009124984,1952.0,2,0,0,0,0,0,0,0,0,2,0,,67,11,2009,2,39.955,-75.2463,1951.0,6,0,0,0,1,0,0,0,0,1.0,0,0,0,19,3,2,2,,2,39 57:17.974,5.0,0,75 14:46.679,3,0,0,0,67301,0,0,0,N,0,0,0,3,67301,1,,1,9,,N,N,,0,,1,0,0,0,0,Y,1950,2,2,0,0,0,0,0,3,4,0,2,7,,N,,,,,,,,,,,
2009125060,1025.0,3,0,0,0,0,0,0,0,0,1,0,,67,11,2009,4,40.0275,-75.1912,1022.0,6,0,0,0,0,0,2,0,0,2.0,0,0,0,10,1,2,0,,2,40 01:39.050,5.0,0,75 11:28.320,4,0,0,0,67301,0,0,0,N,0,0,0,3,67301,2,,1,9,,Y,N,,0,,0,0,0,0,0,Y,1000,2,3,0,0,0,0,1,3,4,0,3,7,,N,,,,,,,,,,,
2009048888,2021.0,1,0,0,0,0,0,0,0,0,4,0,,67,3,2009,4,39.9937,-75.1399,2014.0,6,0,0,0,0,1,0,0,0,,0,0,0,19,3,2,1,,0,39 59:37.298,,0,75 08:23.510,4,0,0,0,67301,0,0,0,,0,0,0,4,67301,2,,1,1,,,,,0,,0,0,1,3,2,,1938,2,2,0,0,0,0,0,3,4,0,2,3,,N,,,,,,,,,,,
2009033539,1542.0,0,0,0,0,0,0,0,0,0,1,0,,67,2,2009,4,39.9689,-75.1918,1536.0,6,0,0,1,0,0,0,0,0,1.0,0,0,0,15,1,3,0,,1,39 58:11.240,3.0,0,75 11:33.321,4,0,0,0,67301,0,0,0,N,0,0,0,5,68K01,3,,1,9,,N,N,,0,,0,0,2,0,0,N,1528,3,2,0,0,0,0,0,3,4,0,2,7,,N,,,,,,,,,,,
2009036396,1833.0,0,0,0,0,0,0,0,0,0,8,0,,67,3,2009,7,40.0536,-75.1418,1831.0,6,0,0,0,0,0,1,0,0,9.0,1,0,0,18,4,0,1,,2,40 03:13.053,7.0,0,75 08:30.321,1,0,0,0,67301,1,1,0,N,1,1,0,2,67301,0,2.0,1,1,,N,N,,0,0.0,0,0,1,3,2,Y,1826,0,2,0,0,0,0,0,3,4,0,1,3,,N,,,,,,,,,,,
2009043999,1507.0,2,0,0,0,0,0,0,0,0,4,0,,67,3,2009,2,39.9858,-75.2156,1507.0,6,0,0,0,1,0,0,0,0,,0,0,0,15,1,1,1,,0,39 59:08.827,,0,75 12:56.555,8,0,0,0,67301,0,0,0,N,0,0,0,4,67301,0,,1,98,,N,N,,0,,0,0,0,3,2,,1500,1,2,0,0,4,1,1,3,4,0,2,99,,N,,,,,,,,,,,
2009044024,1815.0,0,0,0,0,0,0,0,0,0,8,0,,67,2,2009,6,39.9973,-75.1154,1809.0,6,0,0,0,0,0,0,0,0,,0,0,0,18,3,1,0,,0,39 59:50.218,,0,75 06:55.332,4,0,0,0,67301,1,0,0,N,1,0,0,3,67301,1,,4,9,,N,N,,1,,0,0,0,0,0,,1800,1,2,0,0,0,0,0,3,4,0,1,3,,N,,,,,,,,,,,
2009049078,347.0,1,0,0,0,0,0,0,0,0,7,0,,67,4,2009,4,40.038,-75.0618,344.0,6,0,0,0,0,0,0,1,0,9.0,0,0,0,3,3,1,0,,1,40 02:16.710,2.0,0,75 03:42.457,8,0,0,0,67301,0,0,0,N,0,0,0,1,67301,0,,5,1,,N,N,,0,,0,0,0,0,0,N,342,1,1,0,0,0,1,0,3,4,0,1,3,,N,,,,,,,,,,,
2009049163,2054.0,2,0,0,0,0,0,0,0,0,5,0,,67,4,2009,3,39.9307,-75.144,2053.0,6,0,0,0,0,0,0,1,0,,0,0,0,20,3,0,0,,0,39 55:50.534,,0,75 08:38.291,9,0,0,0,67301,0,0,0,N,0,0,0,2,67301,0,,1,9,,N,N,,0,,0,0,0,3,2,,2053,0,2,0,0,0,0,2,3,4,0,2,7,,N,,,,,,,,,,,
2009049183,930.0,2,0,0,0,0,0,0,0,0,2,0,,67,4,2009,4,39.9549,-75.2024,925.0,6,0,0,0,0,0,1,0,0,,0,0,0,99,1,0,2,,0,39 57:17.539,,0,75 12:08.765,0,0,0,0,67301,0,0,0,N,0,0,0,2,67301,0,,1,1,,N,N,,0,,0,0,0,3,3,,9999,0,2,0,0,0,0,0,3,4,0,2,3,,N,,,,,,,,,,,
2009026026,1935.0,0,0,0,0,0,0,0,0,0,7,0,,67,1,2009,1,40.0357,-75.1813,1930.0,6,0,0,0,0,0,0,0,0,,0,0,0,19,3,0,0,,0,40 02:08.628,,0,75 10:52.503,0,0,0,0,67301,0,0,0,N,0,0,0,2,67301,0,,2,1,,N,N,,0,,0,0,1,0,0,,1915,0,1,0,0,0,0,0,3,4,0,1,3,,N,,,,,,,,,,,
2009026100,740.0,0,0,0,0,0,0,0,0,0,5,0,,67,1,2009,6,39.9616,-75.1544,735.0,6,0,0,0,0,0,0,0,0,2.0,0,0,0,7,1,1,0,,1,39 57:41.760,3.0,0,75 09:15.840,4,0,0,0,67301,0,0,0,N,0,0,0,1,67301,1,,6,1,,N,N,,1,,0,0,2,0,0,Y,735,1,3,0,0,0,0,0,3,4,0,3,3,,N,,,,,,,,,,,
2009048237,840.0,1,0,0,0,0,0,0,0,0,7,0,,67,5,2009,1,39.9717,-75.1228,840.0,6,0,0,0,0,0,0,0,0,1.0,0,0,0,8,1,0,0,,1,39 58:23.604,1.0,0,75 07:13.473,0,0,0,0,67301,0,0,0,N,0,0,0,1,68K01,0,,2,9,,N,N,,0,,0,0,0,0,0,N,830,0,1,0,0,0,0,0,3,4,0,1,7,,N,,,,,,,,,,,
2009050891,2300.0,0,0,0,0,0,0,0,0,0,1,0,,67,3,2009,6,40.0207,-75.1486,2245.0,6,0,0,0,0,0,0,1,0,,0,0,0,22,3,2,2,,0,40 01:14.257,,0,75 08:55.162,4,0,0,0,67301,0,0,0,N,0,0,0,5,67301,2,,1,1,,N,,,0,,0,0,3,3,2,,2240,2,3,0,0,1,0,0,3,4,0,3,3,,N,,,,,,,,,,,
2009050897,1020.0,2,0,0,0,0,0,0,0,0,4,0,,67,4,2009,3,40.0915,-74.9656,1018.0,6,0,0,0,0,0,1,0,0,1.0,0,0,0,10,1,1,1,,2,40 05:29.579,1.0,0,74 57:56.182,4,0,0,0,67301,0,0,0,N,0,0,0,4,67301,1,,1,1,,N,N,,0,,0,0,0,3,2,N,1015,1,2,0,0,0,0,0,3,4,0,2,3,,N,,,,,,,,,,,
2009105759,1317.0,1,0,0,0,0,0,0,0,0,1,0,,67,10,2009,4,39.9233,-75.1885,1311.0,6,0,0,0,0,0,1,0,0,,0,0,0,13,1,1,0,,0,39 55:23.840,,0,75 11:18.556,4,0,0,0,67301,0,0,0,N,0,0,0,3,67301,1,,1,1,,N,N,,1,,0,0,0,0,0,,1307,1,2,0,0,0,0,0,3,4,0,2,3,,N,,,,,,,,,,,
2009105760,2004.0,0,0,0,0,0,0,0,0,0,7,0,,67,9,2009,1,40.0638,-75.0036,2001.0,6,0,0,0,0,0,0,0,0,1.0,0,0,0,19,2,1,0,,1,40 03:49.578,7.0,0,75 00:12.854,4,0,0,0,67301,0,0,0,,0,0,0,1,67301,1,,5,1,,,,,0,,0,0,1,0,0,Y,1957,1,1,0,0,0,0,0,3,4,0,1,3,,N,,,,,,,,,,,
2009115478,1532.0,1,0,0,0,0,0,0,0,0,0,0,,67,11,2009,4,39.8921,-75.198,1514.0,6,0,0,0,0,0,1,0,0,2.0,0,0,0,15,1,0,0,,2,39 53:36.494,1.0,0,75 11:46.250,0,0,0,0,67301,0,0,0,N,0,0,0,2,68K01,0,,1,1,,N,N,,1,,0,0,0,0,0,N,1510,0,2,0,0,0,0,0,3,4,0,2,3,,N,,,,,,,,,,,
2009105544,105.0,2,0,0,0,0,0,0,0,0,5,0,,67,7,2009,3,39.9751,-75.1636,103.0,6,0,0,0,0,0,1,0,0,,0,0,0,0,3,1,0,,0,39 58:30.363,,0,75 09:48.932,8,0,0,0,67301,0,0,0,N,0,0,0,3,67301,0,,1,1,,N,N,,0,,0,0,0,3,2,,53,1,2,0,0,0,1,1,3,4,0,2,3,,N,,,,,,,,,,,
2009105221,1750.0,0,0,0,0,0,0,0,0,0,8,0,,67,10,2009,4,40.0748,-74.9923,1748.0,6,0,0,0,0,0,0,0,0,,1,0,0,17,1,0,0,,0,40 04:29.139,,0,74 59:32.143,1,0,0,0,67301,1,1,0,N,1,1,0,2,67301,0,2.0,1,1,,N,N,,0,0.0,0,0,1,0,0,,1747,0,2,0,0,0,0,0,3,4,0,1,3,,N,,,,,,,,,,,
2009122053,17.0,1,0,0,0,0,0,0,0,0,1,0,,67,10,2009,6,40.0624,-75.0427,10.0,6,0,0,0,0,0,1,0,0,2.0,0,0,0,99,3,2,2,,2,40 03:44.577,1.0,0,75 02:33.887,3,0,0,0,67301,0,0,0,N,0,0,0,4,67301,0,,1,1,,N,N,,0,,2,0,1,3,2,Y,9999,2,2,0,0,3,0,0,3,4,0,2,3,,N,,,,,,,,,,,
2009107398,1610.0,1,0,0,1,0,0,0,0,0,2,0,,67,10,2009,2,39.9406,-75.1711,1610.0,6,0,0,0,0,0,0,0,0,,0,0,0,14,1,1,2,,0,39 56:26.296,,0,75 10:16.039,3,0,0,0,67301,1,0,0,N,0,0,0,2,67301,0,,1,1,,N,N,,0,,1,0,0,3,2,,1415,1,2,0,0,0,0,0,3,4,0,1,3,,N,,,,,,,,,,,
2009030816,340.0,0,0,0,0,0,0,0,0,0,8,1,,67,1,2009,1,40.0235,-75.1581,329.0,6,0,0,0,0,0,0,0,0,,0,0,0,3,3,1,0,,0,40 01:24.772,,0,75 09:29.149,4,0,0,0,67301,1,0,0,N,1,0,0,2,67301,1,,1,7,,N,N,,0,,0,0,0,0,0,,300,1,2,0,0,0,0,0,3,4,0,1,10,,N,,,,,,,,,,,
2009030822,1922.0,2,0,0,0,0,0,0,0,0,4,0,,67,2,2009,1,40.0018,-75.1246,1922.0,6,0,0,0,0,0,0,0,0,,0,0,0,19,3,0,0,,0,40 00:06.420,,0,75 07:28.541,9,0,0,0,67301,0,0,0,,0,0,0,1,67301,0,,1,1,,,,,0,,0,0,0,0,0,,1922,0,3,0,0,0,0,1,3,4,0,2,3,,N,,,,,,,,,,,
2009030829,1642.0,3,0,0,0,0,0,0,0,0,1,0,,67,1,2009,5,39.9178,-75.2113,1639.0,6,0,0,0,0,0,1,0,0,3.0,0,0,0,15,1,0,0,,1,39 55:03.982,3.0,0,75 12:40.241,0,0,0,0,67301,0,0,0,,0,0,0,5,67301,0,,1,1,,,,,0,,0,0,0,0,0,N,1545,0,3,0,0,0,0,0,3,4,0,3,3,,N,,,,,,,,,,,
2009025821,1545.0,1,0,0,0,0,0,0,0,0,7,0,,67,1,2009,3,40.0163,-75.1314,1535.0,6,0,0,0,0,0,0,0,0,,0,0,0,13,1,0,0,,0,40 00:58.813,,0,75 07:52.917,0,0,0,0,67301,0,0,0,N,0,0,0,1,67301,0,,5,1,,N,N,,0,,0,0,0,0,0,,1300,0,1,0,0,0,0,0,3,4,0,1,3,,N,,,,,,,,,,,
2009025843,1203.0,1,0,0,0,0,0,0,0,0,8,0,,67,1,2009,6,39.9494,-75.1523,1201.0,6,0,0,0,0,0,0,0,0,,0,0,0,12,1,1,1,,0,39 56:57.916,,0,75 09:08.422,3,0,0,0,67301,1,0,0,N,1,0,0,2,67301,0,,1,1,,N,N,,0,,1,0,0,3,2,,1201,1,2,0,0,0,0,0,3,4,0,1,3,,N,,,,,,,,,,,
2009038026,643.0,4,0,0,0,0,0,0,0,0,1,0,,67,4,2009,6,40.0375,-75.0122,638.0,6,0,0,0,0,0,1,0,0,,0,0,0,6,5,1,0,,0,40 02:16.311,,0,75 00:39.921,4,0,0,0,67301,0,0,0,N,0,0,0,4,68K01,1,,1,9,,N,N,,0,,0,0,0,0,0,,637,1,4,0,0,0,0,1,3,4,0,4,7,,N,,,,,,,,,,,
2009025147,1453.0,2,0,0,0,0,0,0,0,0,6,0,,67,1,2009,3,39.9879,-75.1235,1449.0,6,0,0,0,0,0,1,0,0,2.0,0,0,0,14,1,2,1,,2,39 59:16.394,1.0,0,75 07:24.428,3,0,0,0,67301,0,0,0,,0,0,0,3,67301,0,,1,9,,,,,0,,1,0,0,3,2,Y,1448,2,2,0,0,0,1,0,3,4,0,2,7,,N,,,,,,,,,,,
2009055363,1735.0,3,0,0,0,0,0,0,0,0,1,0,,67,5,2009,1,39.9097,-75.1494,1727.0,6,0,0,0,0,0,1,0,0,2.0,0,0,0,17,1,2,0,,1,39 54:34.471,2.0,2,75 08:57.937,4,0,0,0,67301,0,0,0,N,0,0,0,8,68K01,2,,1,1,,N,N,,0,,0,0,0,0,0,Y,1720,2,3,0,0,0,0,0,3,4,0,3,3,,N,,,,,,,,,,,
2009100644,1330.0,0,0,0,0,0,0,0,0,0,4,0,,67,9,2009,6,39.9804,-75.2247,1230.0,6,0,0,0,0,0,0,0,0,,0,0,0,12,1,1,1,,0,39 58:49.724,,0,75 13:29.106,2,0,0,0,67301,0,0,0,,0,0,0,3,67301,0,,1,1,,N,N,,1,,0,1,1,3,2,,1230,1,2,0,0,0,0,2,3,4,0,2,3,,N,,,,,,,,,,,
2009100658,1347.0,1,0,0,0,0,0,0,0,0,8,0,,67,9,2009,1,39.9311,-75.1499,1342.0,6,0,0,0,1,0,0,0,0,,0,0,0,13,1,1,1,,0,39 55:51.798,,0,75 08:59.585,8,0,0,0,67301,1,0,0,N,1,0,0,2,67301,0,,1,1,,N,N,,0,,0,0,0,0,0,,1342,1,2,0,0,0,1,0,3,4,0,1,3,,N,,,,,,,,,,,