CRN,ARRIVAL_TM,AUTOMOBILE_COUNT,BELTED_DEATH_COUNT,BELTED_SUSP_SERIOUS_INJ_COUNT,BICYCLE_COUNT,BICYCLE_DEATH_COUNT,BICYCLE_SUSP_SERIOUS_INJ_COUNT,BUS_COUNT,CHLDPAS_DEATH_COUNT,CHLDPAS_SUSP_SERIOUS_INJ_COUNT,COLLISION_TYPE,COMM_VEH_COUNT,CONS_ZONE_SPD_LIM,COUNTY,CRASH_MONTH,CRASH_YEAR,DAY_OF_WEEK,DEC_LAT,DEC_LONG,DISPATCH_TM,DISTRICT,DRIVER_COUNT_16YR,DRIVER_COUNT_17YR,DRIVER_COUNT_18YR,DRIVER_COUNT_19YR,DRIVER_COUNT_20YR,DRIVER_COUNT_50_64YR,DRIVER_COUNT_65_74YR,DRIVER_COUNT_75PLUS,EST_HRS_CLOSED,FATAL_COUNT,HEAVY_TRUCK_COUNT,HORSE_BUGGY_COUNT,HOUR_OF_DAY,ILLUMINATION,INJURY_COUNT,INTERSECT_TYPE,INTERSECTION_RELATED,LANE_CLOSED,LATITUDE,LN_CLOSE_DIR,LOCATION_TYPE,LONGITUDE,MAX_SEVERITY_LEVEL,MCYCLE_DEATH_COUNT,MCYCLE_SUSP_SERIOUS_INJ_COUNT,MOTORCYCLE_COUNT,MUNICIPALITY,NONMOTR_COUNT,NONMOTR_DEATH_COUNT,NONMOTR_SUSP_SERIOUS_INJ_COUNT,NTFY_HIWY_MAINT,PED_COUNT,PED_DEATH_COUNT,PED_SUSP_SERIOUS_INJ_COUNT,PERSON_COUNT,POLICE_AGCY,POSSIBLE_INJ_COUNT,RDWY_SURF_TYPE_CD,RELATION_TO_ROAD,ROAD_CONDITION,ROADWAY_CLEARED,SCH_BUS_IND,SCH_ZONE_IND,SECONDARY_CRASH,SMALL_TRUCK_COUNT,SPEC_JURIS_CD,SUSP_MINOR_INJ_COUNT,SUSP_SERIOUS_INJ_COUNT,SUV_COUNT,TCD_FUNC_CD,TCD_TYPE,TFC_DETOUR_IND,TIME_OF_DAY,TOT_INJ_COUNT,TOTAL_UNITS,UNB_DEATH_COUNT,UNB_SUSP_SERIOUS_INJ_COUNT,UNBELTED_OCC_COUNT,UNK_INJ_DEG_COUNT,UNK_INJ_PER_COUNT,URBAN_AREA,URBAN_RURAL,VAN_COUNT,VEHICLE_COUNT,WEATHER1,WEATHER2,WORK_ZONE_IND,WORK_ZONE_LOC,WORK_ZONE_TYPE,WORKERS_PRES,WZ_CLOSE_DETOUR,WZ_FLAGGER,WZ_LAW_OFFCR_IND,WZ_LN_CLOSURE,WZ_MOVING,WZ_OTHER,WZ_SHLDER_MDN,WZ_WORKERS_INJ_KILLED
2009044289,1645.0,2,0,0,0,0,0,0,0,0,4,0,,67,3,2009,6,40.0702,-75.1805,1613.0,6,0,0,0,0,0,0,0,0,,0,0,0,16,1,1,1,,0,40 04:12.648,,0,75 10:49.790,4,0,0,0,67301,0,0,0,N,0,0,0,2,67301,1,,1,1,,N,N,,0,,0,0,0,3,2,,1609,1,2,0,0,0,0,0,3,4,0,2,3,,N,,,,,,,,,,,
2009049533,1030.0,1,0,0,0,0,0,0,0,0,1,0,,67,4,2009,3,39.961,-75.1441,1027.0,6,0,0,0,0,0,1,0,0,1.0,0,0,0,10,1,2,1,,1,39 57:39.694,4.0,0,75 08:40.786,4,0,0,0,67301,0,0,0,N,0,0,0,4,67301,2,,1,1,,N,N,,1,,0,0,0,3,2,N,1023,2,2,0,0,0,0,0,3,4,0,2,3,,N,,,,,,,,,,,
2009049571,912.0,2,0,2,0,0,0,0,0,0,4,0,,67,4,2009,2,39.952,-75.1626,909.0,6,0,0,0,0,0,0,0,0,,0,0,0,9,1,4,3,,0,39 57:07.268,,0,75 09:45.490,2,0,0,0,67301,0,0,0,,0,0,0,4,67301,1,,1,9,,,,,0,,1,2,0,3,2,,905,4,2,0,0,0,0,0,3,4,0,2,7,,N,,,,,,,,,,,
2009049417,1520.0,0,0,0,0,0,0,0,0,0,8,0,,67,4,2009,2,39.9176,-75.1583,1515.0,6,0,0,0,0,0,0,0,0,,0,0,0,15,1,1,0,,0,39 55:03.370,,0,75 09:29.980,4,0,0,0,67301,1,0,0,,1,0,0,2,67301,1,,1,1,,,,,1,,0,0,0,0,0,,1510,1,2,0,0,0,0,1,3,4,0,1,3,,N,,,,,,,,,,,
2009049500,2021.0,1,0,0,1,0,0,0,0,0,4,0,,67,4,2009,6,40.0658,-75.1507,2006.0,6,0,0,0,0,0,0,0,0,,0,0,0,18,6,1,0,,0,40 03:56.975,,7,75 09:02.684,4,0,0,0,67301,1,0,0,N,0,0,0,2,67301,1,,1,9,,N,N,,0,,0,0,0,0,0,,1806,1,2,0,0,0,0,0,3,4,0,1,7,,N,,,,,,,,,,,
2009048765,1606.0,0,0,0,0,0,0,0,0,0,5,0,,67,3,2009,5,39.9656,-75.2262,1605.0,6,0,0,0,0,0,1,0,0,,0,0,0,15,1,2,0,,0,39 57:56.160,,0,75 13:34.320,4,0,0,0,67301,0,0,0,N,0,0,0,3,67301,2,,1,9,,N,N,,1,,0,0,1,0,0,,1510,2,2,0,0,0,0,0,3,4,0,2,7,,N,,,,,,,,,,,
2009038623,1559.0,2,0,0,0,0,0,0,0,0,4,0,,67,3,2009,5,39.9961,-75.2373,1557.0,6,0,0,0,0,0,0,0,1,,0,0,0,15,1,1,2,,0,39 59:48.514,,0,75 14:09.397,8,0,0,0,67301,0,0,0,N,0,0,0,2,46104,0,,1,1,,N,N,,0,,0,0,0,0,0,,1557,1,2,0,0,0,1,0,3,4,0,2,3,,N,,,,,,,,,,,
2009038625,1630.0,1,0,0,0,0,0,1,0,0,5,1,,67,3,2009,5,40.0028,-75.2233,1624.0,6,0,0,0,0,0,1,0,0,,0,0,0,16,1,2,0,,0,40 00:13.720,,0,75 13:15.724,8,0,0,0,67301,0,0,0,N,0,0,0,5,46104,0,,1,9,,N,N,,0,,0,0,0,0,0,,1620,2,2,0,0,0,2,0,3,4,0,2,3,,N,,,,,,,,,,,
2009124896,1215.0,1,0,0,0,0,0,0,0,0,8,0,,67,11,2009,5,39.9697,-75.1317,1210.0,6,0,0,0,0,0,0,0,0,,0,0,0,12,1,1,1,,0,39 58:10.964,,0,75 07:53.800,8,0,0,0,67301,1,0,0,N,1,0,0,2,67301,0,,1,1,,N,N,,0,,0,0,0,3,2,,1210,1,2,0,0,0,1,0,3,4,0,1,3,,N,,,,,,,,,,,
2009033826,220.0,2,0,0,0,0,0,0,0,0,1,0,,67,2,2009,6,39.9765,-75.1403,219.0,6,0,0,0,0,0,0,0,0,,0,0,0,2,3,1,0,,0,39 58:35.236,,0,75 08:25.176,8,0,0,0,67301,0,0,0,,0,0,0,2,67301,0,,1,2,,N,,,1,,0,0,1,0,0,,215,1,4,0,0,1,1,1,3,4,0,4,3,,N,,,,,,,,,,,
2009050924,2110.0,2,0,0,0,0,0,0,0,0,1,0,,67,3,2009,7,39.9486,-75.2169,2100.0,6,0,0,0,0,0,0,0,0,,0,0,0,20,3,1,0,,0,39 56:55.107,,0,75 13:00.669,8,0,0,0,67301,0,0,0,N,0,0,0,2,67301,0,,1,1,,N,N,,0,,0,0,0,0,0,,2050,1,2,0,0,1,1,0,3,4,0,2,3,,N,,,,,,,,,,,
2009119818,1515.0,0,0,0,0,0,0,0,0,0,8,0,,67,10,2009,4,39.9348,-75.1724,1509.0,6,0,0,0,1,0,0,0,0,,0,0,0,99,1,1,1,,0,39 56:05.150,,0,75 10:20.539,4,0,0,0,67301,1,0,0,,1,0,0,2,67301,1,,1,98,,,,,0,,0,0,1,3,3,,9999,1,2,0,0,0,0,0,3,4,0,1,99,,N,,,,,,,,,,,
2009038707,1823.0,1,0,0,0,0,0,0,0,0,8,0,,67,2,2009,4,39.9503,-75.1917,1823.0,6,0,0,0,0,0,0,0,0,1.0,0,0,0,18,3,1,1,,1,39 57:20.049,4.0,0,75 11:22.153,4,0,0,0,67301,1,0,0,N,1,0,0,3,67301,1,,1,9,,N,N,,0,,0,0,0,9,9,N,1823,1,2,0,0,0,0,0,3,4,0,1,3,,N,,,,,,,,,,,
2009031170,1605.0,1,0,0,0,0,0,0,0,0,8,0,,67,2,2009,7,39.9498,-75.1555,1555.0,6,0,0,0,0,0,0,0,0,,0,0,0,15,1,1,2,,0,39 56:59.326,,0,75 09:19.840,3,0,0,0,67301,1,0,0,,1,0,0,2,67301,0,,1,9,,,,,0,,1,0,0,3,2,,1548,1,2,0,0,0,0,0,3,4,0,1,3,,N,,,,,,,,,,,
2009038781,1130.0,2,0,0,0,0,0,0,0,0,1,0,,67,2,2009,1,40.015,-75.0681,1125.0,6,0,0,0,0,0,2,0,0,,0,0,0,11,1,2,1,,0,40 00:53.804,,0,75 04:05.160,8,0,0,0,67301,0,0,0,,0,0,0,2,67301,0,,1,9,,N,N,,0,,0,0,0,3,2,,1120,2,2,0,0,0,2,0,3,4,0,2,7,,N,,,,,,,,,,,
2009043991,735.0,1,0,0,0,0,0,0,0,0,7,0,,67,2,2009,1,39.9985,-75.1876,730.0,6,0,0,0,0,0,0,0,0,,0,0,0,7,3,1,0,,0,39 59:54.598,,0,75 11:15.252,3,0,0,0,67301,0,0,0,,0,0,0,1,67301,0,,2,9,,,,,0,,1,0,0,0,0,,730,1,1,0,0,0,0,0,3,4,0,1,3,,N,,,,,,,,,,,
2009048672,9999.0,1,0,0,0,0,0,0,0,0,7,0,,67,3,2009,1,39.9468,-75.248,1353.0,6,0,0,1,0,0,0,0,0,,0,0,0,13,1,2,2,,0,39 56:48.520,,0,75 14:52.892,3,0,0,0,67301,0,0,0,,0,0,0,2,67301,1,,5,1,,,,,0,,1,0,0,0,0,,1353,2,1,0,0,2,0,0,3,4,0,1,3,,N,,,,,,,,,,,
2009049219,1810.0,1,0,0,0,0,0,0,0,0,8,0,,67,3,2009,2,39.9732,-75.2122,1808.0,6,0,0,0,0,0,0,0,0,,0,0,0,18,1,1,1,,0,39 58:23.647,,0,75 12:44.071,8,0,0,0,67301,1,0,0,N,1,0,0,2,67301,0,,1,1,,N,N,,0,,0,0,0,3,2,,1808,1,2,0,0,0,1,0,3,4,0,1,3,,N,,,,,,,,,,,
2009026068,850.0,1,0,0,0,0,0,0,0,0,4,0,,67,1,2009,6,40.031,-75.1244,840.0,6,0,0,0,0,0,1,0,0,1.0,0,0,0,8,1,2,1,,1,40 01:51.528,1.0,0,75 07:27.728,4,0,0,0,67301,0,0,0,N,0,0,0,2,67301,2,,1,1,,N,N,,0,,0,0,1,3,2,Y,825,2,2,0,0,1,0,0,3,4,0,2,3,,N,,,,,,,,,,,
2009048217,1632.0,1,0,0,0,0,0,0,0,0,1,0,,67,4,2009,1,39.9779,-75.2014,1627.0,6,0,0,0,0,0,0,0,0,,0,0,0,16,1,1,0,,0,39 58:43.126,,0,75 12:09.944,4,0,0,1,67301,0,0,0,N,0,0,0,2,68K01,1,,1,1,,N,N,,0,,0,0,0,0,0,,1625,1,2,0,0,0,0,0,3,4,0,2,3,,N,,,,,,,,,,,
2009050234,1540.0,1,0,0,0,0,0,0,0,0,1,0,,67,5,2009,7,40.0012,-75.195,1526.0,6,0,0,0,0,0,0,1,1,,0,0,0,15,1,0,0,,0,40 00:04.865,,0,75 11:41.890,0,0,0,0,67301,0,0,0,N,0,0,0,2,68K01,0,,1,1,,N,N,,0,,0,0,1,0,0,,1523,0,2,0,0,1,0,0,3,4,0,2,3,,N,,,,,,,,,,,
2009105902,1101.0,2,0,0,0,0,0,0,0,0,4,0,,67,9,2009,3,40.0039,-75.1492,1035.0,6,0,0,0,0,0,0,0,0,,0,0,0,10,1,4,1,,0,40 00:14.047,,0,75 08:57.044,2,0,0,0,67301,0,0,0,,0,0,0,4,67301,3,,1,1,,,,,0,,0,1,0,3,2,,1030,4,2,0,0,0,0,0,3,4,0,2,3,,N,,,,,,,,,,,
2009105907,900.0,1,0,0,0,0,0,0,0,0,4,1,,67,10,2009,4,40.0055,-75.1053,857.0,6,0,0,0,0,0,2,0,0,,0,1,0,7,1,1,1,,0,40 00:19.857,,0,75 06:19.237,4,0,0,0,67301,0,0,0,N,0,0,0,3,67301,1,,1,1,,N,N,,0,,0,0,0,3,2,,722,1,2,0,0,0,0,0,3,4,0,2,3,,N,,,,,,,,,,,
2009124702,515.0,1,0,0,0,0,0,0,0,0,1,1,,67,11,2009,1,39.9766,-75.1135,451.0,6,0,0,0,0,0,1,0,0,2.0,0,1,0,4,3,3,0,,1,39 58:37.650,1.0,0,75 06:46.465,4,0,0,0,67301,0,0,0,,0,0,0,3,67301,3,,1,9,,,,,0,,0,0,0,0,0,N,445,3,2,0,0,0,0,0,3,4,0,2,7,,N,,,,,,,,,,,
2009101008,226.0,2,0,0,0,0,0,0,0,0,4,0,,67,9,2009,7,39.9814,-75.1137,222.0,6,0,0,0,0,0,0,0,0,,0,0,0,2,3,2,1,,0,39 58:53.029,,0,75 06:49.373,4,0,0,0,67301,0,0,0,N,0,0,0,3,67301,1,,1,9,,N,N,,0,,0,0,2,3,2,,222,2,4,0,0,0,1,0,3,4,0,4,7,,N,,,,,,,,,,,
2009105652,608.0,1,0,0,0,0,0,0,0,0,5,0,,67,9,2009,1,40.0371,-75.0398,603.0,6,0,0,0,0,0,0,0,0,,0,0,0,99,5,2,2,,0,40 02:13.896,,0,75 02:23.256,4,0,0,0,67301,0,0,0,N,0,0,0,3,67301,2,,2,9,,N,N,,0,,0,0,0,0,0,,9999,2,2,0,0,0,0,1,3,4,1,2,7,,N,,,,,,,,,,,
2009105222,2310.0,0,0,0,0,0,0,0,0,0,8,0,,67,9,2009,1,40.0299,-75.0878,2307.0,6,0,0,0,0,0,0,0,0,3.0,1,0,0,23,3,1,1,,1,40 01:47.231,1.0,0,75 05:16.817,1,0,0,0,67301,1,1,0,,1,1,0,2,67301,0,2.0,1,1,,,,,0,0.0,1,0,0,3,2,Y,2305,1,2,0,0,0,0,0,3,4,1,1,3,,N,,,,,,,,,,,
2009100776,1912.0,1,0,0,1,0,0,0,0,0,1,0,,67,9,2009,1,40.0054,-75.1094,1730.0,6,0,0,0,0,0,0,0,0,,0,0,0,99,1,1,1,,0,40 00:19.420,,0,75 06:33.689,3,0,0,0,67301,1,0,0,,0,0,0,2,67301,0,,1,1,,,,,0,,1,0,0,3,2,,9999,1,2,0,0,0,0,0,3,4,0,1,3,,N,,,,,,,,,,,
2009100816,1737.0,1,0,0,0,0,0,0,0,0,4,0,,67,9,2009,1,39.9455,-75.1807,1722.0,6,0,0,0,0,0,0,0,0,,0,0,0,16,1,1,1,,0,39 56:43.918,,0,75 10:50.696,8,0,0,0,67301,0,0,0,,0,0,0,5,67301,0,,1,1,,,,,0,,0,0,1,0,0,,1640,1,2,0,0,0,1,0,3,4,0,2,3,,N,,,,,,,,,,,
2009104890,822.0,1,0,0,0,0,0,0,0,0,8,0,,67,9,2009,6,40.0577,-75.1661,820.0,6,0,0,0,0,0,0,0,0,,0,0,0,7,1,1,1,,0,40 03:27.557,,0,75 09:57.853,8,0,0,0,67301,1,0,0,N,1,0,0,2,67301,0,,1,9,,N,N,,0,,0,0,0,3,2,,735,1,2,0,0,0,1,0,3,4,0,1,7,,N,,,,,,,,,,,
2009030825,1450.0,3,0,0,0,0,0,0,0,0,5,0,,67,1,2009,6,40.0173,-75.1494,1440.0,6,0,0,0,0,0,1,0,0,,0,0,0,14,1,1,0,,0,40 01:02.183,,0,75 08:57.793,4,0,0,0,67301,0,0,0,,0,0,0,4,67301,1,,1,1,,N,N,,0,,0,0,0,0,0,,1430,1,3,0,0,0,0,0,3,4,0,3,3,,N,,,,,,,,,,,
2009030828,1450.0,2,0,0,0,0,0,0,0,0,4,0,,67,1,2009,6,39.9211,-75.2242,1300.0,6,0,0,0,0,1,0,0,0,,0,0,0,13,1,1,1,,0,39 55:15.796,,0,75 13:27.001,4,0,0,0,67301,0,0,0,,0,0,0,2,67301,1,,1,1,,N,,,0,,0,0,0,3,2,,1300,1,2,0,0,0,0,1,3,4,0,2,3,,N,,,,,,,,,,,
2009025783,1520.0,2,0,0,0,0,0,0,0,0,4,0,,67,1,2009,7,39.9982,-75.1389,1520.0,6,0,0,0,0,0,1,0,0,,0,0,0,15,1,1,1,,0,39 59:53.415,,0,75 08:19.870,4,0,0,0,67301,0,0,0,,0,0,0,2,67301,1,,1,1,,N,N,,0,,0,0,0,2,2,,1518,1,2,0,0,0,0,0,3,4,0,2,3,,N,,,,,,,,,,,
2009025866,15.0,2,0,0,0,0,0,0,0,0,4,0,,67,1,2009,5,40.0239,-75.0354,5.0,6,0,0,0,0,0,1,0,0,,0,0,0,11,1,1,1,,0,40 01:26.281,,0,75 02:07.318,4,0,0,0,67301,0,0,0,N,0,0,0,2,67301,1,,1,1,,N,N,,0,,0,0,0,0,0,,1130,1,2,0,0,0,0,0,3,4,0,2,3,,N,,,,,,,,,,,
2009030175,1555.0,2,0,0,0,0,0,0,0,0,4,0,,67,2,2009,7,40.0588,-75.0506,1549.0,6,0,0,0,1,0,0,0,0,,0,0,0,15,1,2,2,,0,40 03:31.504,,0,75 03:02.100,4,0,0,0,67301,0,0,0,N,0,0,0,3,67301,2,,1,2,,N,N,,0,,0,0,0,3,3,,1545,2,2,0,0,0,0,0,3,4,0,2,3,,N,,,,,,,,,,,
2009025146,150.0,1,0,0,0,0,0,0,0,0,7,0,,67,1,2009,3,39.9815,-75.2241,145.0,6,0,0,0,0,0,0,0,0,,0,0,0,1,2,1,1,,0,39 58:53.481,,0,75 13:26.612,2,0,0,0,67301,0,0,0,,0,0,0,1,67301,0,,2,1,,,,,0,,0,1,0,0,0,,100,1,1,0,0,0,0,0,3,4,0,1,3,,N,,,,,,,,,,,
2009038053,1810.0,2,0,0,0,0,0,0,0,0,2,0,,67,2,2009,2,40.0189,-75.1472,1800.0,6,0,0,0,0,0,0,0,0,,0,0,0,17,3,1,1,,0,40 01:08.421,,0,75 08:50.015,4,0,0,0,67301,0,0,0,N,0,0,0,5,67301,1,,7,1,,N,N,,0,,0,0,0,0,0,,1745,1,2,0,0,1,0,0,3,4,0,2,3,,N,,,,,,,,,,,
2009032895,113.0,0,0,0,0,0,0,0,0,0,7,0,,67,3,2009,2,,,111.0,6,0,0,0,0,0,0,1,0,,0,0,0,1,3,0,0,,0,,,2,,0,0,0,0,67301,0,0,0,N,0,0,0,1,67501,0,,2,7,,N,N,,0,,0,0,1,0,0,,111,0,1,0,0,0,0,0,3,3,0,1,10,,N,,,,,,,,,,,
2009030436,1915.0,3,0,0,0,0,0,0,0,0,1,0,,67,1,2009,5,40.0085,-75.2107,1856.0,6,0,0,0,0,0,0,0,0,,0,0,0,99,3,2,1,,0,40 00:30.736,,0,75 12:38.579,8,0,0,0,67301,0,0,0,N,0,0,0,3,67301,0,,1,1,,N,N,,0,,0,0,0,0,0,,9999,2,3,0,0,0,2,1,3,4,0,3,3,,N,,,,,,,,,,,
2009096771,2023.0,4,0,0,0,0,0,0,0,0,1,0,,67,9,2009,1,39.9227,-75.1918,2015.0,6,0,0,0,0,0,1,0,0,2.0,0,0,0,20,3,3,0,,2,39 55:24.600,3.0,0,75 11:32.280,4,0,0,0,67301,0,0,0,N,0,0,0,7,68K01,3,,1,1,,N,N,,0,,0,0,0,0,0,Y,2012,3,4,0,0,0,0,0,3,4,0,4,3,,N,,,,,,,,,,,
2009086951,419.0,1,0,0,0,0,0,0,0,0,7,0,,67,8,2009,4,39.9318,-75.1997,415.0,6,0,0,0,0,0,0,0,0,,0,0,0,4,3,0,0,,0,39 55:56.640,,0,75 12:00.000,0,0,0,0,67301,0,0,0,N,0,0,0,1,68K01,0,,3,8,,N,N,,0,,0,0,0,0,0,,412,0,1,0,0,0,0,0,3,4,0,1,3,,N,,,,,,,,,,,
2009077208,745.0,1,0,0,0,0,0,0,0,0,1,0,,67,7,2009,2,39.9004,-75.1562,731.0,6,0,0,0,0,0,1,0,0,1.0,0,0,0,7,1,0,0,,1,39 54:06.648,1.0,0,75 09:05.573,0,0,0,0,67301,0,0,0,N,0,0,0,2,68K01,0,,1,1,,N,N,,0,,0,0,1,0,0,N,728,0,2,0,0,0,0,0,3,4,0,2,3,,N,,,,,,,,,,,
2009105953,247.0,2,0,0,0,0,0,0,0,0,4,0,,67,9,2009,1,39.9951,-75.1636,244.0,6,0,0,0,0,0,0,0,0,,0,0,0,2,3,0,0,,0,39 59:42.358,,0,75 09:48.806,9,0,0,0,67301,0,0,0,N,0,0,0,1,67301,0,,6,9,,N,N,,1,,0,0,0,3,2,,242,0,4,0,0,0,0,1,3,4,1,4,7,,N,,,,,,,,,,,
2009105954,54.0,2,0,0,0,0,0,0,0,0,1,0,,67,10,2009,5,40.0186,-75.1501,44.0,6,0,0,0,0,0,0,0,0,,0,0,0,0,3,1,0,,0,40 01:06.945,,0,75 09:00.537,4,0,0,0,67301,0,0,0,N,0,0,0,2,67301,1,,6,1,,N,N,,0,,0,0,0,0,0,,38,1,2,0,0,0,0,0,3,4,0,2,3,,N,,,,,,,,,,,
2009044212,1000.0,1,0,0,0,0,0,0,0,0,4,0,,67,3,2009,4,40.0296,-75.1015,957.0,6,0,0,0,0,0,1,0,0,,0,0,0,9,1,2,0,,0,40 01:46.734,,7,75 06:05.534,4,0,0,0,67301,0,0,0,N,0,0,0,3,67301,2,,1,1,,N,N,,1,,0,0,0,3,2,,927,2,2,0,0,0,0,0,3,4,0,2,3,,N,,,,,,,,,,,
2009049427,1629.0,1,0,0,0,0,0,0,0,0,5,0,,67,2,2009,6,39.9271,-75.2199,1623.0,6,0,0,0,0,0,1,0,0,5.0,0,0,0,14,1,0,0,,1,39 55:37.629,4.0,0,75 13:11.637,0,0,0,0,67301,0,0,0,,0,0,0,1,67301,0,,1,1,,,,,1,,0,0,1,0,0,N,1453,0,4,0,0,0,0,0,3,4,1,4,3,,N,,,,,,,,,,,
2009048827,1547.0,1,0,0,0,0,0,0,0,0,6,0,,67,4,2009,4,40.0332,-75.0378,1540.0,6,0,0,0,0,0,0,0,1,,0,0,0,15,1,1,1,,0,40 01:59.691,,0,75 02:15.936,8,0,0,0,67301,0,0,0,N,0,0,0,2,67301,0,,1,1,,N,N,,0,,0,0,0,3,2,,1535,1,2,0,0,0,1,0,3,4,1,2,3,,N,,,,,,,,,,,
2009048837,1435.0,3,0,0,0,0,0,0,0,0,2,0,,67,3,2009,2,40.0276,-75.0625,1430.0,6,0,0,0,0,0,1,0,0,1.0,0,0,0,14,1,1,0,,1,40 01:39.280,2.0,0,75 03:44.941,4,0,0,0,67301,0,0,0,,0,0,0,4,67301,1,,1,1,,,,,0,,0,0,0,0,0,N,1430,1,3,0,0,0,0,0,3,4,0,3,3,,N,,,,,,,,,,,
2009117183,1610.0,2,0,0,0,0,0,0,0,0,1,0,,67,11,2009,2,39.9576,-75.1498,1604.0,6,0,0,0,0,0,0,0,0,,0,0,0,16,1,1,0,,0,39 57:27.462,,0,75 08:59.402,4,0,0,0,67301,0,0,0,N,0,0,0,6,68K01,1,,1,1,,N,N,,1,,0,0,0,0,0,,1601,1,3,0,0,0,0,0,3,4,0,3,3,,N,,,,,,,,,,,
2009124884,405.0,1,0,1,0,0,0,0,0,0,2,0,,67,11,2009,6,40.0139,-75.1016,400.0,6,0,0,0,0,0,0,0,0,,0,0,0,2,3,1,2,,0,40 00:50.040,,0,75 06:05.623,2,0,0,0,67301,0,0,0,N,0,0,0,2,67301,0,,1,9,,N,N,,1,,0,1,0,0,0,,200,1,2,0,0,0,0,1,3,4,0,2,7,,N,,,,,,,,,,,
2009124944,1909.0,2,0,0,0,0,0,0,0,0,2,0,,67,10,2009,7,39.9863,-75.1561,1908.0,6,0,0,0,0,0,0,0,0,1.0,0,0,0,19,3,2,1,,1,39 59:10.631,2.0,0,75 09:22.550,8,0,0,0,67301,0,0,0,,0,0,0,2,67301,0,,1,9,,,,,0,,0,0,0,3,2,N,1907,2,2,0,0,0,2,0,3,4,0,2,7,,N,,,,,,,,,,,
2009124951,1630.0,3,0,0,0,0,0,0,0,0,1,0,,67,11,2009,4,40.0283,-75.0906,1626.0,6,0,0,0,0,0,2,0,0,1.0,0,0,0,16,1,0,0,,2,40 01:41.436,1.0,0,75 05:27.341,0,0,0,0,67301,0,0,0,N,0,0,0,3,67301,0,,1,1,,N,N,,0,,0,0,0,0,0,N,1626,0,3,0,0,0,0,0,3,4,0,3,3,,N,,,,,,,,,,,
2009033753,646.0,1,0,0,0,0,0,0,0,0,7,0,,67,3,2009,3,39.9601,-75.1794,641.0,6,0,0,0,0,0,0,0,0,1.0,0,0,0,6,3,0,0,,1,39 57:37.720,4.0,0,75 10:52.650,0,0,0,0,67301,0,0,0,N,0,0,0,1,68K01,0,,2,1,,N,N,,0,,0,0,0,0,0,N,635,0,1,0,0,0,0,0,3,4,0,1,3,,N,,,,,,,,,,,
2009050925,1409.0,1,0,0,0,0,0,0,0,0,8,0,,67,4,2009,2,40.115,-75.0215,1355.0,6,0,0,0,0,0,0,0,1,1.0,0,0,0,13,1,1,0,,1,40 06:53.961,2.0,0,75 01:17.481,3,0,0,0,67301,1,0,0,N,1,0,0,2,67301,0,,1,9,,N,N,,0,,1,0,0,0,0,N,1350,1,2,0,0,0,0,0,3,4,0,1,7,,N,,,,,,,,,,,
2009048890,1725.0,1,0,0,0,0,0,0,0,0,4,0,,67,4,2009,4,39.909,-75.2329,1717.0,6,0,0,0,0,0,0,0,1,,0,0,0,99,1,3,1,,0,39 54:32.227,,0,75 13:58.526,4,0,0,0,67301,0,0,0,,0,0,0,3,67301,3,,1,1,,,,,1,,0,0,0,3,2,,9999,3,2,0,0,0,0,0,3,4,0,2,3,,N,,,,,,,,,,,
2009124845,1245.0,2,0,0,0,0,0,0,0,0,4,0,,67,11,2009,6,40.0705,-75.1552,1200.0,6,0,0,1,0,0,0,0,0,,0,0,0,11,1,1,2,,0,40 04:13.793,,0,75 09:18.678,4,0,0,0,67301,0,0,0,N,0,0,0,2,67301,1,,1,9,,N,N,,0,,0,0,0,3,3,,1145,1,2,0,0,1,0,0,3,4,0,2,7,,N,,,,,,,,,,,
2009122337,2357.0,3,0,0,0,0,0,0,0,0,4,0,,67,10,2009,6,39.9612,-75.1748,2353.0,6,0,0,0,0,0,1,0,0,,0,0,0,23,3,1,5,,0,39 57:40.913,,0,75 10:31.244,4,0,0,0,67301,0,0,0,N,0,0,0,7,67301,1,,1,9,,N,N,,0,,0,0,0,3,2,,2334,1,3,0,0,0,0,0,3,4,0,3,7,,N,,,,,,,,,,,
2009036466,532.0,1,0,0,0,0,0,0,0,0,7,0,,67,3,2009,5,39.9026,-75.151,524.0,6,0,0,0,0,0,0,0,0,,0,0,0,5,3,0,0,,0,39 54:12.491,,7,75 09:01.934,0,0,0,0,67301,0,0,0,N,0,0,0,2,68K03,0,,2,1,,N,N,,0,,0,0,0,0,0,,508,0,1,0,0,1,0,0,3,4,0,1,3,,N,,,,,,,,,,,
2009026050,1910.0,1,0,0,0,0,0,0,0,0,7,0,,67,1,2009,3,40.0241,-75.1728,1905.0,6,0,0,0,0,0,0,1,0,,0,0,0,18,3,1,0,,0,40 01:26.864,,0,75 10:22.205,4,0,0,0,67301,0,0,0,N,0,0,0,1,67301,1,,1,1,,N,N,,0,,0,0,0,0,0,,1845,1,1,0,0,1,0,0,3,4,0,1,3,,N,,,,,,,,,,,
2009026053,1158.0,1,0,0,0,0,0,0,0,0,8,0,,67,1,2009,4,40.037,-75.1451,1155.0,6,0,0,0,0,0,0,0,0,1.0,0,0,0,11,1,1,0,,1,40 02:13.130,5.0,0,75 08:42.269,8,0,0,0,67301,1,0,0,N,1,0,0,2,67301,0,,1,9,,N,N,,0,,0,0,0,0,0,Y,1155,1,2,0,0,0,1,0,3,4,0,1,7,,N,,,,,,,,,,,