CRN,ARRIVAL_TM,AUTOMOBILE_COUNT,BELTED_DEATH_COUNT,BELTED_SUSP_SERIOUS_INJ_COUNT,BICYCLE_COUNT,BICYCLE_DEATH_COUNT,BICYCLE_SUSP_SERIOUS_INJ_COUNT,BUS_COUNT,CHLDPAS_DEATH_COUNT,CHLDPAS_SUSP_SERIOUS_INJ_COUNT,COLLISION_TYPE,COMM_VEH_COUNT,CONS_ZONE_SPD_LIM,COUNTY,CRASH_MONTH,CRASH_YEAR,DAY_OF_WEEK,DEC_LAT,DEC_LONG,DISPATCH_TM,DISTRICT,DRIVER_COUNT_16YR,DRIVER_COUNT_17YR,DRIVER_COUNT_18YR,DRIVER_COUNT_19YR,DRIVER_COUNT_20YR,DRIVER_COUNT_50_64YR,DRIVER_COUNT_65_74YR,DRIVER_COUNT_75PLUS,EST_HRS_CLOSED,FATAL_COUNT,HEAVY_TRUCK_COUNT,HORSE_BUGGY_COUNT,HOUR_OF_DAY,ILLUMINATION,INJURY_COUNT,INTERSECT_TYPE,INTERSECTION_RELATED,LANE_CLOSED,LATITUDE,LN_CLOSE_DIR,LOCATION_TYPE,LONGITUDE,MAX_SEVERITY_LEVEL,MCYCLE_DEATH_COUNT,MCYCLE_SUSP_SERIOUS_INJ_COUNT,MOTORCYCLE_COUNT,MUNICIPALITY,NONMOTR_COUNT,NONMOTR_DEATH_COUNT,NONMOTR_SUSP_SERIOUS_INJ_COUNT,NTFY_HIWY_MAINT,PED_COUNT,PED_DEATH_COUNT,PED_SUSP_SERIOUS_INJ_COUNT,PERSON_COUNT,POLICE_AGCY,POSSIBLE_INJ_COUNT,RDWY_SURF_TYPE_CD,RELATION_TO_ROAD,ROAD_CONDITION,ROADWAY_CLEARED,SCH_BUS_IND,SCH_ZONE_IND,SECONDARY_CRASH,SMALL_TRUCK_COUNT,SPEC_JURIS_CD,SUSP_MINOR_INJ_COUNT,SUSP_SERIOUS_INJ_COUNT,SUV_COUNT,TCD_FUNC_CD,TCD_TYPE,TFC_DETOUR_IND,TIME_OF_DAY,TOT_INJ_COUNT,TOTAL_UNITS,UNB_DEATH_COUNT,UNB_SUSP_SERIOUS_INJ_COUNT,UNBELTED_OCC_COUNT,UNK_INJ_DEG_COUNT,UNK_INJ_PER_COUNT,URBAN_AREA,URBAN_RURAL,VAN_COUNT,VEHICLE_COUNT,WEATHER1,WEATHER2,WORK_ZONE_IND,WORK_ZONE_LOC,WORK_ZONE_TYPE,WORKERS_PRES,WZ_CLOSE_DETOUR,WZ_FLAGGER,WZ_LAW_OFFCR_IND,WZ_LN_CLOSURE,WZ_MOVING,WZ_OTHER,WZ_SHLDER_MDN,WZ_WORKERS_INJ_KILLED
2009026059,248.0,2,0,0,0,0,0,0,0,0,1,0,,67,1,2009,1,40.0448,-75.0894,44.0,6,0,1,0,0,0,0,0,0,3.0,0,0,0,2,3,0,0,,2,40 02:41.366,4.0,0,75 05:21.811,0,0,0,0,67301,0,0,0,N,0,0,0,1,67301,0,,1,1,,N,N,,0,,0,0,0,0,0,Y,240,0,2,0,0,0,0,0,3,4,0,2,3,,N,,,,,,,,,,,
2009026074,1103.0,1,0,0,0,0,0,0,0,0,2,0,,67,1,2009,1,40.0313,-75.0849,1056.0,6,0,0,0,0,0,0,0,0,1.0,0,0,0,10,1,1,5,,1,40 01:53.079,1.0,0,75 05:05.038,4,0,0,0,67301,0,0,0,N,0,0,0,4,67301,1,,1,1,,N,N,,0,,0,0,1,3,2,N,1056,1,2,0,0,0,0,0,3,4,0,2,3,,N,,,,,,,,,,,
2009026083,1715.0,1,0,0,0,0,0,0,0,0,8,0,,67,1,2009,4,40.1121,-74.9907,1715.0,6,0,0,0,0,0,1,0,0,9.0,0,0,0,17,3,1,1,,1,40 06:43.560,1.0,0,74 59:26.520,4,0,0,0,67301,1,0,0,N,1,0,0,2,67301,1,,1,9,,N,N,,0,,0,0,0,3,2,N,1715,1,2,0,0,0,0,0,3,4,0,1,7,,N,,,,,,,,,,,
2009026099,2050.0,2,0,0,0,0,0,0,0,0,5,0,,67,1,2009,1,39.9578,-75.1472,2045.0,6,0,0,0,0,0,0,0,0,,0,0,0,20,3,2,1,,0,39 57:28.162,,0,75 08:50.071,4,0,0,0,67301,0,0,0,N,0,0,0,3,67301,1,,1,1,,N,N,,0,,0,0,0,3,2,,2040,2,2,0,0,0,1,0,3,4,0,2,3,,N,,,,,,,,,,,
2009018759,2022.0,2,0,0,0,0,0,0,0,0,4,0,,67,2,2009,5,40.0741,-75.1909,2019.0,6,0,0,0,0,0,2,0,0,,0,0,0,20,3,2,1,,0,40 04:26.760,,0,75 11:27.240,3,0,0,0,67301,0,0,0,N,0,0,0,3,46108,0,,1,1,,N,N,,0,,2,0,0,2,2,,2019,2,2,0,0,0,0,0,3,4,0,2,98,,N,,,,,,,,,,,
2009044959,49.0,1,0,0,0,0,0,0,0,0,7,0,,67,4,2009,4,39.912,-75.1529,49.0,6,0,0,0,0,0,0,0,0,1.0,0,0,0,0,2,0,0,,1,39 54:41.819,1.0,2,75 09:11.092,0,0,0,0,67301,0,0,0,N,0,0,0,1,68K01,0,,2,1,,N,N,,0,,0,0,0,0,0,N,45,0,1,0,0,0,0,0,3,4,0,1,3,,N,,,,,,,,,,,
2009042453,639.0,3,0,0,0,0,0,0,0,0,1,0,,67,3,2009,7,40.0588,-75.1317,634.0,6,0,0,0,0,0,0,0,0,1.0,0,0,0,6,5,0,2,,1,40 03:31.698,4.0,0,75 07:54.014,0,0,0,0,67301,0,0,0,N,0,0,0,2,46102,0,,1,9,,N,N,,0,,0,0,0,0,0,N,630,0,3,0,0,0,0,0,3,4,0,3,7,,N,,,,,,,,,,,
2009105766,1418.0,0,0,0,0,0,0,0,0,0,8,0,,67,9,2009,5,39.9538,-75.1666,1410.0,6,0,0,0,0,0,0,0,0,,0,0,0,14,1,1,1,,0,39 57:13.704,,0,75 09:59.736,8,0,0,0,67301,1,0,0,,1,0,0,3,67301,0,,1,2,,N,N,,0,,0,0,0,3,2,,1405,1,2,0,0,0,1,0,3,4,1,1,3,,N,,,,,,,,,,,
2009097920,259.0,1,0,0,0,0,0,0,0,0,1,0,,67,9,2009,6,40.0073,-75.2005,255.0,6,0,0,1,0,0,0,0,0,1.0,0,0,0,2,3,1,0,,1,40 00:25.439,3.0,0,75 11:59.484,3,0,0,0,67301,0,0,0,N,0,0,0,3,68K01,0,,1,1,,N,N,,0,,1,0,1,0,0,N,250,1,2,0,0,0,0,0,3,4,0,2,3,,N,,,,,,,,,,,
2009105861,1535.0,0,0,0,1,0,0,0,0,0,2,0,,67,9,2009,4,39.9409,-75.151,1532.0,6,0,0,0,0,0,1,0,0,,0,0,0,15,1,1,1,,0,39 56:27.402,,0,75 09:03.423,3,0,0,0,67301,1,0,0,N,0,0,0,3,67301,0,,1,1,,N,N,,0,,1,0,1,3,3,,1530,1,3,0,0,0,0,0,3,4,1,2,3,,N,,,,,,,,,,,
2009100460,1405.0,2,0,0,0,0,0,0,0,0,1,0,,67,9,2009,7,39.8887,-75.2411,1359.0,6,0,0,0,0,1,0,0,0,3.0,0,0,0,13,1,2,0,,2,39 53:17.880,1.0,0,75 14:29.400,4,0,0,0,67301,0,0,0,N,0,0,0,3,68K01,1,,1,1,,N,N,,0,,0,0,0,0,0,N,1325,2,2,0,0,0,1,0,3,4,0,2,3,,N,,,,,,,,,,,
2009105895,1004.0,2,0,0,0,0,0,0,0,0,5,0,,67,9,2009,5,39.9576,-75.1457,1004.0,6,0,0,0,0,0,1,0,0,,0,0,0,99,1,0,1,,0,39 57:27.432,,0,75 08:44.473,0,0,0,0,67301,0,0,0,,0,0,0,2,67301,0,,1,1,,,,,0,,0,0,0,3,2,,9999,0,2,0,0,2,0,0,3,4,0,2,3,,N,,,,,,,,,,,
2009101026,15.0,1,0,0,0,0,0,0,0,0,7,0,,67,9,2009,2,39.9949,-75.1355,2354.0,6,0,0,0,0,0,0,0,0,,0,0,0,23,6,1,0,,0,39 59:41.509,,0,75 08:07.678,3,0,0,0,67301,0,0,0,,0,0,0,1,67301,0,,5,1,,,,,0,,1,0,0,0,0,,2345,1,1,0,0,0,0,0,3,4,0,1,3,,N,,,,,,,,,,,
2009101042,2257.0,1,0,0,0,0,0,0,0,0,0,0,,67,9,2009,5,39.9604,-75.1451,2253.0,6,0,0,0,0,0,0,0,0,,0,0,0,22,3,1,0,,0,39 57:37.343,,0,75 08:42.424,8,0,0,0,67301,0,0,0,N,0,0,0,2,67301,0,,1,1,,N,N,,0,,0,0,0,0,0,,2245,1,1,0,0,0,1,0,3,4,0,1,3,,N,,,,,,,,,,,
2009100744,2105.0,1,0,0,0,0,0,0,0,0,1,0,,67,9,2009,6,39.9042,-75.1971,2103.0,6,0,0,0,0,0,0,0,0,,0,0,0,21,3,1,0,,0,39 54:15.193,,3,75 11:49.594,8,0,0,0,67301,0,0,0,N,0,0,0,2,67301,0,,1,9,,N,N,,0,,0,0,1,0,0,,2100,1,2,0,0,0,1,0,3,4,0,2,7,,N,,,,,,,,,,,
2009100795,920.0,1,0,0,1,0,0,0,0,0,5,0,,67,9,2009,4,40.0109,-75.1645,920.0,6,0,0,0,0,0,1,0,0,,0,0,0,9,1,1,3,,0,40 00:39.360,,0,75 09:52.284,8,0,0,0,67301,1,0,0,,0,0,0,2,67301,0,,1,1,,,,,0,,0,0,0,3,2,,918,1,2,0,0,0,1,0,3,4,0,1,3,,N,,,,,,,,,,,
2009105504,2257.0,3,0,0,0,0,0,0,0,0,4,0,,67,10,2009,5,40.0337,-75.0202,2245.0,6,0,0,1,0,0,0,0,0,2.0,0,0,0,22,3,3,0,,1,40 02:01.908,2.0,0,75 01:12.322,4,0,0,0,67301,0,0,0,N,0,0,0,6,68K01,3,,1,1,,N,N,,0,,0,0,0,0,0,N,2242,3,3,0,0,0,0,1,3,4,0,3,3,,N,,,,,,,,,,,
2009100550,1421.0,1,0,0,0,0,0,0,0,0,4,0,,67,9,2009,5,39.9623,-75.1497,1421.0,6,0,0,0,1,0,0,0,0,,0,0,0,14,1,3,1,,0,39 57:44.445,,0,75 08:58.754,8,0,0,0,67301,0,0,0,,0,0,0,5,67301,0,,1,1,,,,,1,,0,0,0,3,3,,1420,3,2,0,0,0,3,0,3,4,0,2,3,,N,,,,,,,,,,,
2009030809,2349.0,1,0,0,0,0,0,0,0,0,4,0,,67,2,2009,2,40.0077,-75.1028,2344.0,6,0,0,0,0,0,0,0,0,,0,0,0,23,3,2,1,,0,40 00:27.734,,0,75 06:10.133,4,0,0,0,67301,0,0,0,,0,0,0,3,67301,2,,1,1,,N,N,,1,,0,0,0,3,2,,2335,2,2,0,0,0,0,1,3,4,0,2,3,,N,,,,,,,,,,,
2009030177,1530.0,1,0,0,0,0,0,0,0,0,7,0,,67,2,2009,4,39.9515,-75.1819,1515.0,6,0,0,0,0,0,1,0,0,1.0,0,0,0,15,1,1,0,,1,39 57:05.503,4.0,3,75 10:54.459,8,0,0,0,67301,0,0,0,N,0,0,0,1,67301,0,,2,6,,N,N,,0,,0,0,0,0,0,N,1515,1,1,0,0,0,1,0,3,4,0,1,3,,N,,,,,,,,,,,
2009025148,1605.0,1,0,0,0,0,0,0,0,0,8,0,,67,1,2009,3,39.9703,-75.1466,1555.0,6,0,0,0,0,0,0,0,0,,0,0,0,15,1,1,1,,0,39 58:13.227,,0,75 08:47.486,4,0,0,0,67301,1,0,0,N,1,0,0,2,67301,1,,1,9,,N,N,,0,,0,0,0,3,2,,1555,1,2,0,0,0,0,1,3,4,0,1,7,,N,,,,,,,,,,,
2009025884,9.0,2,0,0,0,0,0,0,0,0,4,0,,67,1,2009,1,40.026,-75.1348,2354.0,6,0,0,0,0,0,1,0,0,,0,0,0,99,3,1,1,,0,40 01:33.686,,0,75 08:05.272,2,0,0,0,67301,0,0,0,N,0,0,0,3,67301,0,,1,1,,N,N,,0,,0,1,0,3,3,,9999,1,2,0,0,0,0,0,3,4,0,2,3,,N,,,,,,,,,,,
2009038059,1735.0,2,0,0,0,0,0,0,0,0,1,0,,67,3,2009,4,39.9379,-75.1533,1730.0,6,0,0,0,0,0,0,0,0,,0,0,0,17,1,1,0,,0,39 56:16.580,,0,75 09:11.775,4,0,0,0,67301,0,0,0,,0,0,0,1,67301,1,,6,1,,,,,0,,0,0,0,0,0,,1724,1,2,0,0,0,0,0,3,4,0,2,3,,N,,,,,,,,,,,
2009081860,1530.0,1,0,0,0,0,0,0,0,0,8,0,,67,7,2009,2,39.9525,-75.177,1522.0,6,0,0,0,0,0,0,1,0,,0,0,0,15,1,1,1,,0,39 57:08.958,,0,75 10:37.001,4,0,0,0,67301,1,0,0,N,1,0,0,2,67301,1,,1,1,,N,N,,0,,0,0,0,3,2,,1520,1,2,0,0,0,0,0,3,4,0,1,3,,N,,,,,,,,,,,
2009086955,2033.0,2,0,0,0,0,0,0,0,0,1,0,,67,8,2009,4,39.964,-75.1846,2025.0,6,0,0,0,0,0,1,0,0,,0,0,0,20,3,0,0,,0,39 57:49.033,,0,75 11:03.326,0,0,0,0,67301,0,0,0,N,0,0,0,5,68K01,0,,1,1,,N,N,,0,,0,0,0,0,0,,2021,0,3,0,0,0,0,0,3,4,1,3,3,,N,,,,,,,,,,,
2009079491,1427.0,1,0,0,0,0,0,0,0,0,8,0,,67,7,2009,3,40.0101,-75.0667,1423.0,6,0,0,0,0,0,0,0,0,,0,0,0,14,1,1,0,,0,40 00:36.332,,0,75 03:59.948,4,0,0,0,67301,1,0,0,,1,0,0,2,67301,1,,1,1,,,,,0,,0,0,0,0,0,,1420,1,2,0,0,0,0,0,3,4,0,1,3,,N,,,,,,,,,,,
2009079494,932.0,0,0,0,0,0,0,0,0,0,1,0,,67,7,2009,4,40.1046,-75.0023,930.0,6,0,0,0,0,0,1,0,0,1.0,0,0,0,9,1,2,2,,1,40 06:16.508,2.0,6,75 00:08.227,8,0,0,0,67301,0,0,0,N,0,0,0,3,67301,0,,1,1,,N,N,,0,,0,0,2,3,2,N,930,2,2,0,0,0,2,0,3,4,0,2,3,,N,,,,,,,,,,,
2009080081,1647.0,0,0,0,1,0,0,0,0,0,4,0,,67,7,2009,7,39.9261,-75.228,1643.0,6,0,0,0,0,0,1,0,0,9.0,0,0,0,15,1,1,1,,1,39 55:33.913,2.0,0,75 13:40.681,4,0,0,0,67301,1,0,0,,0,0,0,2,67301,1,,1,1,,,,,0,,0,0,1,3,2,N,1505,1,2,0,0,0,0,0,3,4,0,1,3,,N,,,,,,,,,,,
2009105977,20.0,1,0,0,0,0,0,0,0,0,1,0,,67,9,2009,6,39.9408,-75.1727,11.0,6,0,0,0,0,0,0,0,0,2.0,0,0,0,0,3,0,1,,1,39 56:26.991,3.0,0,75 10:21.593,0,0,0,0,67301,0,0,0,N,0,0,0,2,67301,0,,1,1,,N,N,,0,,0,0,1,3,2,N,5,0,2,0,0,0,0,0,3,4,0,2,3,,N,,,,,,,,,,,
2009100659,1803.0,3,0,0,0,0,0,0,0,0,4,0,,67,9,2009,1,39.9339,-75.1558,1800.0,6,0,1,0,0,0,0,0,0,,0,0,0,18,1,3,1,,0,39 56:01.870,,0,75 09:20.732,4,0,0,0,67301,0,0,0,N,0,0,0,4,67301,2,,1,1,,N,N,,0,,0,0,0,3,3,,1800,3,3,0,0,0,1,0,3,4,0,3,3,,N,,,,,,,,,,,
2009100660,1405.0,0,0,0,0,0,0,0,0,0,6,0,,67,9,2009,4,39.9081,-75.1551,1400.0,6,0,0,0,0,0,0,1,0,,0,0,0,13,1,1,2,,0,39 54:29.022,,0,75 09:18.493,3,0,0,0,67301,0,0,0,,0,0,0,2,67301,0,,1,1,,N,N,,0,,1,0,1,0,0,,1320,1,2,0,0,0,0,0,3,4,1,2,3,,N,,,,,,,,,,,
2009100680,1101.0,3,0,0,0,0,0,0,0,0,1,0,,67,9,2009,5,40.0945,-75.0153,1101.0,6,0,0,0,0,0,2,0,0,,0,0,0,11,1,0,0,,0,40 05:40.336,,0,75 00:55.074,0,0,0,0,67301,0,0,0,,0,0,0,3,67301,0,,1,1,,N,N,,0,,0,0,0,3,2,,1101,0,3,0,0,0,0,0,3,4,0,3,3,,N,,,,,,,,,,,
2009100694,2050.0,1,0,0,0,0,0,0,0,0,1,0,,67,9,2009,7,39.9903,-75.1626,2043.0,6,0,0,0,0,0,0,0,0,,0,0,0,20,3,1,0,,0,39 59:24.968,,0,75 09:45.450,3,0,0,1,67301,0,0,0,N,0,0,0,1,67301,0,,1,1,,N,N,,0,,1,0,0,0,0,,2043,1,2,0,0,0,0,0,3,4,0,2,3,,N,,,,,,,,,,,
2009105981,1305.0,2,0,0,0,0,0,0,0,0,1,0,,67,10,2009,4,40.0392,-75.11,1254.0,6,0,0,0,0,0,0,0,0,,0,0,0,12,1,3,1,,0,40 02:20.942,,0,75 06:36.006,4,0,0,0,67301,0,0,0,,0,0,0,4,67301,3,,1,1,,,,,0,,0,0,0,2,2,,1245,3,2,0,0,0,0,0,3,4,0,2,3,,N,,,,,,,,,,,
2009044264,610.0,1,0,0,0,0,0,0,0,0,6,0,,67,3,2009,1,40.0748,-75.0864,603.0,6,0,0,0,0,0,0,0,0,,0,0,0,5,2,0,0,,0,40 04:29.377,,0,75 05:10.924,9,0,0,0,67301,0,0,0,N,0,0,0,2,67301,0,,6,9,,N,N,,1,,0,0,0,0,0,,500,0,2,0,0,0,0,2,3,4,0,2,7,,N,,,,,,,,,,,
2009044271,1655.0,1,0,0,0,0,0,0,0,0,1,0,,67,3,2009,6,40.0453,-75.232,1650.0,6,0,0,0,0,0,0,0,1,,0,0,0,16,1,0,1,,0,40 02:42.679,,0,75 13:54.241,0,0,0,0,67301,0,0,0,,0,0,0,4,67301,0,,1,1,,N,N,,0,,0,0,1,3,2,,1650,0,2,0,0,0,0,0,3,4,0,2,3,,N,,,,,,,,,,,
2009049512,1923.0,1,0,0,0,0,0,0,0,0,5,0,,67,4,2009,6,39.9723,-75.1383,1917.0,6,0,1,0,0,0,0,0,0,,0,0,0,99,1,1,0,,0,39 58:20.431,,0,75 08:17.905,8,0,0,0,67301,2,0,0,,0,0,0,5,67301,0,,1,1,,N,N,,0,,0,0,1,0,0,,9999,1,2,0,0,2,1,0,3,4,0,2,3,,N,,,,,,,,,,,
2009049546,2015.0,0,0,0,0,0,0,0,0,0,8,0,,67,4,2009,6,40.0163,-75.1399,2010.0,6,0,0,0,0,0,0,0,0,,0,0,0,19,2,1,0,,0,40 00:58.680,,0,75 08:23.762,3,0,0,0,67301,1,0,0,,1,0,0,2,67301,0,,1,1,,,,,0,,1,0,1,0,0,,1925,1,2,0,0,0,0,0,3,4,0,1,3,,N,,,,,,,,,,,
2009049461,1217.0,1,0,0,0,0,0,0,0,0,4,0,,67,3,2009,6,40.0762,-75.1708,1213.0,6,0,0,0,0,1,0,1,0,,0,0,0,12,1,1,1,,0,40 04:34.332,,0,75 10:14.925,8,0,0,0,67301,0,0,0,N,0,0,0,2,67301,0,,1,1,,N,N,,1,,0,0,0,3,3,,1205,1,2,0,0,0,1,0,3,4,0,2,3,,N,,,,,,,,,,,
2009049478,1232.0,1,0,0,0,0,0,0,0,0,1,0,,67,3,2009,5,40.0551,-75.1804,1230.0,6,0,0,0,0,0,0,1,0,,0,0,0,12,1,2,1,,0,40 03:18.241,,0,75 10:49.529,8,0,0,0,67301,0,0,0,N,0,0,0,5,67301,0,,1,9,,N,N,,0,,0,0,1,3,2,,1228,2,2,0,0,0,2,0,3,4,0,2,7,,N,,,,,,,,,,,
2009049502,2000.0,1,0,0,0,0,0,0,0,0,8,0,,67,4,2009,7,39.9704,-75.1716,1945.0,6,0,0,0,0,0,0,0,0,,0,0,0,19,3,1,1,,0,39 58:13.407,,0,75 10:17.597,8,0,0,0,67301,1,0,0,,1,0,0,2,67301,0,,2,1,,,,,0,,0,0,0,0,0,,1935,1,2,0,0,0,1,1,3,4,0,1,3,,N,,,,,,,,,,,
2009120450,1303.0,1,0,0,0,0,0,0,0,0,8,0,,67,11,2009,2,40.0256,-75.1224,1302.0,6,0,0,0,0,0,1,0,0,1.0,0,0,0,13,1,1,0,,1,40 01:31.929,1.0,0,75 07:20.531,3,0,0,0,67301,1,0,0,N,1,0,0,2,67301,0,,1,1,,N,N,,0,,1,0,0,3,2,N,1301,1,2,0,0,0,0,0,3,4,0,1,3,,N,,,,,,,,,,,
2009124880,917.0,3,0,0,0,0,0,0,0,0,5,0,,67,11,2009,2,40.0102,-75.0981,909.0,6,0,0,0,0,0,0,1,0,,0,0,0,9,1,1,0,,0,40 00:37.051,,0,75 05:53.073,4,0,0,0,67301,0,0,0,N,0,0,0,1,67301,1,,6,1,,N,N,,0,,0,0,0,0,0,,907,1,3,0,0,0,0,0,3,4,0,3,3,,N,,,,,,,,,,,
2009124888,846.0,3,0,0,0,0,0,0,0,0,3,0,,67,11,2009,7,39.9877,-75.2162,844.0,6,0,0,0,0,0,0,0,0,1.0,0,0,0,8,1,1,2,,1,39 59:15.900,1.0,0,75 12:58.189,8,0,0,0,67301,0,0,0,N,0,0,0,8,67301,0,,1,9,,N,N,,0,,0,0,1,3,2,N,844,1,4,0,0,0,1,0,3,4,0,4,7,,N,,,,,,,,,,,
2009114755,45.0,1,0,0,0,0,0,0,0,0,7,0,,67,9,2009,1,40.0163,-75.2032,40.0,6,0,0,0,0,0,0,0,0,,0,0,0,0,3,0,0,,0,40 00:58.610,,0,75 12:11.540,0,0,0,0,67301,0,0,0,N,0,0,0,1,67301,0,,5,9,,N,N,,0,,0,0,0,0,0,,35,0,1,0,0,0,0,0,3,4,0,1,7,,N,,,,,,,,,,,
2009048602,1427.0,2,0,0,0,0,0,0,0,0,4,0,,67,1,2009,2,39.9743,-75.2264,1423.0,6,0,0,0,0,0,1,1,0,,0,0,0,14,1,0,1,,0,39 58:27.360,,0,75 13:34.908,0,0,0,0,67301,0,0,0,N,0,0,0,2,67301,0,,1,1,,N,N,,0,,0,0,0,3,2,,1421,0,2,0,0,0,0,0,3,4,0,2,3,,N,,,,,,,,,,,
2009125080,1710.0,1,0,0,0,0,0,0,0,0,8,0,,67,11,2009,1,40.0369,-75.0332,1706.0,6,0,0,0,0,0,0,0,0,,0,0,0,17,3,1,0,,0,40 02:12.858,,0,75 01:59.556,4,0,0,0,67301,1,0,0,N,1,0,0,2,67301,1,,1,1,,N,N,,0,,0,0,0,0,0,,1700,1,2,0,0,0,0,1,3,4,0,1,3,,N,,,,,,,,,,,
2009048956,1120.0,0,0,0,0,0,0,0,0,0,4,0,,67,3,2009,7,40.0665,-75.0026,1118.0,6,0,0,0,0,0,0,0,0,1.0,0,0,0,11,1,0,0,,1,40 03:59.514,3.0,0,75 00:09.426,9,0,0,0,67301,0,0,0,,0,0,0,2,67301,0,,1,9,,,,,1,,0,0,2,0,0,Y,1117,0,3,0,0,1,0,2,3,4,0,3,3,,N,,,,,,,,,,,
2009044083,750.0,1,0,0,1,0,0,0,0,0,8,0,,67,3,2009,2,39.932,-75.1608,749.0,6,0,0,0,0,0,0,0,0,,0,0,0,7,1,1,1,,0,39 55:55.279,,0,75 09:39.027,3,0,0,0,67301,1,0,0,N,0,0,0,2,67301,0,,1,1,,N,N,,0,,1,0,0,3,2,,745,1,2,0,0,0,0,0,3,4,0,1,3,,N,,,,,,,,,,,
2009044119,1254.0,0,0,0,0,0,0,0,0,0,1,1,,67,3,2009,5,39.9867,-75.1047,1245.0,6,0,0,0,0,0,0,0,0,2.0,0,1,0,12,1,1,1,,1,39 59:11.887,3.0,0,75 06:17.062,8,0,0,0,67301,0,0,0,N,0,0,0,2,67301,0,,1,9,,N,N,,0,,0,0,0,0,0,Y,1216,1,2,0,0,0,1,0,3,4,1,2,7,,N,,,,,,,,,,,
2009044124,1053.0,2,0,0,0,0,0,0,0,0,4,0,,67,3,2009,1,40.0006,-75.1531,1049.0,6,0,0,0,0,1,0,0,0,,0,0,0,99,1,1,0,,0,40 00:02.057,,0,75 09:11.334,4,0,0,0,67301,0,0,0,N,0,0,0,2,67301,1,,1,1,,N,N,,0,,0,0,0,0,0,,9999,1,2,0,0,0,0,0,3,4,0,2,3,,N,,,,,,,,,,,
2009026289,1200.0,1,0,0,0,0,0,0,0,0,8,0,,67,1,2009,7,39.9318,-75.1497,1158.0,6,0,0,0,0,0,0,0,0,,0,0,0,11,1,1,1,,0,39 55:54.451,,0,75 08:59.006,8,0,0,0,67301,1,0,0,N,1,0,0,2,67301,0,,1,1,,N,N,,0,,0,0,0,3,3,,1155,1,2,0,0,1,1,0,3,4,0,1,3,,N,,,,,,,,,,,
2009026293,146.0,1,0,0,0,0,0,0,0,0,7,0,,67,1,2009,3,40.0312,-75.0217,144.0,6,0,0,0,0,0,0,0,0,,0,0,0,1,3,1,2,,0,40 01:52.655,,0,75 01:18.461,4,0,0,0,67301,0,0,0,N,0,0,0,1,67301,1,,4,1,,N,N,,0,,0,0,0,3,2,,134,1,1,0,0,1,0,0,3,4,0,1,3,,N,,,,,,,,,,,
2009049126,1607.0,2,0,0,0,0,0,0,0,0,4,0,,67,3,2009,2,39.9638,-75.22,1605.0,6,0,0,0,0,0,0,0,0,9.0,0,0,0,16,1,3,5,,2,39 57:49.307,7.0,0,75 13:10.512,8,0,0,0,67301,0,0,0,N,0,0,0,3,67301,0,,1,1,,N,N,,0,,0,0,0,3,2,Y,1605,3,2,0,0,0,3,0,3,4,0,2,3,,N,,,,,,,,,,,
2009049294,2150.0,1,0,0,0,0,0,0,0,0,8,0,,67,4,2009,7,39.956,-75.2176,2145.0,6,0,0,0,0,0,0,0,0,,0,0,0,21,3,1,2,,0,39 57:21.600,,0,75 13:03.360,4,0,0,0,67301,1,0,0,,1,0,0,2,67301,1,,1,9,,,,,0,,0,0,0,3,2,,2130,1,2,0,0,0,0,0,3,4,0,1,3,,N,,,,,,,,,,,
2009026020,1405.0,2,0,0,0,0,0,0,0,0,4,0,,67,1,2009,7,40.0109,-75.0887,1400.0,6,0,0,0,0,0,0,0,0,,0,0,0,13,1,2,1,,0,40 00:39.343,,0,75 05:19.370,8,0,0,0,67301,0,0,0,N,0,0,0,4,67301,0,,1,1,,N,N,,0,,0,0,0,3,2,,1350,2,2,0,0,0,2,0,3,4,0,2,3,,N,,,,,,,,,,,
2009026043,9999.0,2,0,0,0,0,0,0,0,0,4,0,,67,1,2009,1,40.013,-75.1194,1131.0,6,0,0,0,0,0,0,0,0,,0,0,0,99,3,2,1,,0,40 00:46.940,,0,75 07:10.109,4,0,0,0,67301,0,0,0,N,0,0,0,2,67301,1,,1,1,,N,N,,0,,0,0,0,3,2,,9999,2,2,0,0,0,1,0,3,4,0,2,3,,N,,,,,,,,,,,
2009026070,300.0,2,0,0,0,0,0,0,0,0,1,0,,67,1,2009,1,40.0198,-75.1489,255.0,6,0,0,0,0,0,0,0,0,1.0,0,0,0,2,3,0,0,,1,40 01:10.961,1.0,0,75 08:56.040,9,0,0,0,67301,0,0,0,,0,0,0,4,67301,0,,1,1,,N,N,,0,,0,0,0,0,0,N,253,0,2,0,0,0,0,2,3,4,0,2,3,,N,,,,,,,,,,,
2009026085,2030.0,1,0,0,0,0,0,0,0,0,2,0,,67,1,2009,3,39.9074,-75.228,2019.0,6,0,0,0,0,0,0,0,0,,0,0,0,20,3,0,0,,0,39 54:26.473,,0,75 13:40.708,0,0,0,0,67301,0,0,0,N,0,0,0,2,67301,0,,1,1,,N,N,,1,,0,0,0,0,0,,2000,0,2,0,0,0,0,0,3,4,0,2,3,,N,,,,,,,,,,,