CRN,ARRIVAL_TM,AUTOMOBILE_COUNT,BELTED_DEATH_COUNT,BELTED_SUSP_SERIOUS_INJ_COUNT,BICYCLE_COUNT,BICYCLE_DEATH_COUNT,BICYCLE_SUSP_SERIOUS_INJ_COUNT,BUS_COUNT,CHLDPAS_DEATH_COUNT,CHLDPAS_SUSP_SERIOUS_INJ_COUNT,COLLISION_TYPE,COMM_VEH_COUNT,CONS_ZONE_SPD_LIM,COUNTY,CRASH_MONTH,CRASH_YEAR,DAY_OF_WEEK,DEC_LAT,DEC_LONG,DISPATCH_TM,DISTRICT,DRIVER_COUNT_16YR,DRIVER_COUNT_17YR,DRIVER_COUNT_18YR,DRIVER_COUNT_19YR,DRIVER_COUNT_20YR,DRIVER_COUNT_50_64YR,DRIVER_COUNT_65_74YR,DRIVER_COUNT_75PLUS,EST_HRS_CLOSED,FATAL_COUNT,HEAVY_TRUCK_COUNT,HORSE_BUGGY_COUNT,HOUR_OF_DAY,ILLUMINATION,INJURY_COUNT,INTERSECT_TYPE,INTERSECTION_RELATED,LANE_CLOSED,LATITUDE,LN_CLOSE_DIR,LOCATION_TYPE,LONGITUDE,MAX_SEVERITY_LEVEL,MCYCLE_DEATH_COUNT,MCYCLE_SUSP_SERIOUS_INJ_COUNT,MOTORCYCLE_COUNT,MUNICIPALITY,NONMOTR_COUNT,NONMOTR_DEATH_COUNT,NONMOTR_SUSP_SERIOUS_INJ_COUNT,NTFY_HIWY_MAINT,PED_COUNT,PED_DEATH_COUNT,PED_SUSP_SERIOUS_INJ_COUNT,PERSON_COUNT,POLICE_AGCY,POSSIBLE_INJ_COUNT,RDWY_SURF_TYPE_CD,RELATION_TO_ROAD,ROAD_CONDITION,ROADWAY_CLEARED,SCH_BUS_IND,SCH_ZONE_IND,SECONDARY_CRASH,SMALL_TRUCK_COUNT,SPEC_JURIS_CD,SUSP_MINOR_INJ_COUNT,SUSP_SERIOUS_INJ_COUNT,SUV_COUNT,TCD_FUNC_CD,TCD_TYPE,TFC_DETOUR_IND,TIME_OF_DAY,TOT_INJ_COUNT,TOTAL_UNITS,UNB_DEATH_COUNT,UNB_SUSP_SERIOUS_INJ_COUNT,UNBELTED_OCC_COUNT,UNK_INJ_DEG_COUNT,UNK_INJ_PER_COUNT,URBAN_AREA,URBAN_RURAL,VAN_COUNT,VEHICLE_COUNT,WEATHER1,WEATHER2,WORK_ZONE_IND,WORK_ZONE_LOC,WORK_ZONE_TYPE,WORKERS_PRES,WZ_CLOSE_DETOUR,WZ_FLAGGER,WZ_LAW_OFFCR_IND,WZ_LN_CLOSURE,WZ_MOVING,WZ_OTHER,WZ_SHLDER_MDN,WZ_WORKERS_INJ_KILLED
2009026106,1618.0,1,0,0,0,0,0,0,0,0,8,0,,67,1,2009,7,40.0795,-75.1735,1611.0,6,0,0,1,0,0,0,0,0,,0,0,0,16,4,4,2,,0,40 04:46.267,,0,75 10:24.638,8,0,0,0,67301,4,0,0,N,4,0,0,5,67301,0,,1,1,,N,N,,0,,0,0,0,0,0,,1611,4,5,0,0,0,4,0,3,4,0,1,3,,N,,,,,,,,,,,
2009023536,258.0,1,0,0,0,0,0,0,0,0,7,0,,67,2,2009,5,39.9653,-75.1368,254.0,6,0,0,0,0,0,0,0,0,1.0,0,0,0,2,3,0,0,,1,39 57:55.251,1.0,0,75 08:12.590,0,0,0,0,67301,0,0,0,N,0,0,0,1,68K01,0,,3,9,,N,N,,0,,0,0,0,0,0,N,248,0,1,0,0,0,0,0,3,4,0,1,3,,N,,,,,,,,,,,
2009105828,2157.0,1,0,0,0,0,0,0,0,0,4,0,,67,9,2009,2,39.9424,-75.2326,2117.0,6,0,0,0,0,0,0,0,0,,0,0,0,20,3,3,1,,0,39 56:32.805,,0,75 13:57.341,4,0,0,0,67301,0,0,0,N,0,0,0,4,67301,3,,1,1,,N,N,,0,,0,0,0,3,3,,2036,3,2,0,0,0,0,0,3,4,1,2,3,,N,,,,,,,,,,,
2009105886,1910.0,1,0,0,0,0,0,0,0,0,8,0,,67,10,2009,5,39.9488,-75.1694,1909.0,6,0,0,0,0,0,0,0,0,,0,0,0,19,3,1,1,,0,39 56:55.712,,0,75 10:09.688,4,0,0,0,67301,1,0,0,N,1,0,0,2,67301,1,,1,1,,N,N,,0,,0,0,0,3,2,,1908,1,2,0,0,0,0,0,3,4,0,1,3,,N,,,,,,,,,,,
2009105939,727.0,1,0,0,0,0,0,0,0,0,8,0,,67,9,2009,6,39.9713,-75.1271,725.0,6,0,0,0,0,0,0,0,0,,0,0,0,7,1,1,1,,0,39 58:17.073,,0,75 07:36.386,4,0,0,0,67301,1,0,0,,1,0,0,2,67301,1,,1,1,,,,,0,,0,0,0,3,2,,715,1,2,0,0,0,0,0,3,4,0,1,3,,N,,,,,,,,,,,
2009102451,1620.0,0,0,0,0,0,0,0,0,0,7,0,,67,10,2009,3,39.92,-75.1482,1607.0,6,0,0,0,0,0,0,0,0,,0,0,0,15,1,0,0,,0,39 55:10.426,,0,75 08:53.340,0,0,0,0,67301,0,0,0,N,0,0,0,2,68K01,0,,2,1,,N,N,,0,,0,0,0,0,0,,1558,0,1,0,0,0,0,0,3,4,1,1,3,,N,,,,,,,,,,,
2009124700,749.0,2,0,0,0,0,0,0,0,0,4,0,,67,11,2009,6,39.9592,-75.223,744.0,6,0,0,0,0,0,1,0,0,1.0,0,0,0,6,1,1,2,,2,39 57:33.145,5.0,0,75 13:22.933,4,0,0,0,67301,0,0,0,N,0,0,0,4,67301,1,,1,9,,N,N,,0,,0,0,0,3,3,Y,650,1,2,0,0,0,0,0,3,4,0,2,7,,N,,,,,,,,,,,
2009081865,545.0,2,0,0,0,0,0,0,0,0,1,0,,67,7,2009,6,39.8985,-75.2098,538.0,6,0,0,0,0,0,1,0,0,2.0,0,0,0,99,1,0,0,,2,39 53:54.684,2.0,3,75 12:35.437,0,0,0,0,67301,0,0,0,Y,0,0,0,4,67301,0,,1,1,,N,N,,0,,0,0,2,0,0,Y,9999,0,4,0,0,0,0,0,3,4,0,4,3,,N,,,,,,,,,,,
2009100629,715.0,5,0,0,0,0,0,0,0,0,5,0,,67,9,2009,2,39.9454,-75.2427,710.0,6,0,0,0,0,0,0,0,0,,0,0,0,7,1,0,0,,0,39 56:43.285,,0,75 14:33.601,9,0,0,0,67301,0,0,0,N,0,0,0,1,67301,0,,1,1,,N,N,,0,,0,0,0,0,0,,700,0,5,0,0,0,0,1,3,4,0,5,3,,N,,,,,,,,,,,
2009100657,1941.0,3,0,0,0,0,0,0,0,0,4,0,,67,9,2009,4,39.9722,-75.2449,1940.0,6,0,0,0,0,0,0,1,0,2.0,0,0,0,19,1,1,1,,1,39 58:19.897,5.0,0,75 14:41.678,8,0,0,0,67301,0,0,0,N,0,0,0,4,67301,0,,1,1,,N,N,,0,,0,0,0,3,2,N,1934,1,3,0,0,0,1,0,3,4,0,3,3,,N,,,,,,,,,,,
2009044189,2029.0,1,0,0,0,0,0,0,0,0,5,0,,67,3,2009,5,39.9812,-75.1142,2026.0,6,0,0,0,0,0,0,1,0,,0,0,0,20,1,1,2,,0,39 58:52.183,,0,75 06:50.983,8,0,0,0,67301,0,0,0,N,0,0,0,2,67301,0,,1,1,,N,N,,0,,0,0,1,0,0,,2007,1,2,0,0,0,1,0,3,4,0,2,3,,N,,,,,,,,,,,
2009049513,1632.0,1,0,0,0,0,0,0,0,0,4,0,,67,4,2009,3,39.9295,-75.1551,1630.0,6,0,0,0,0,0,0,0,0,,0,0,0,16,1,2,0,,0,39 55:46.146,,0,75 09:18.363,4,0,0,0,67301,2,0,0,N,0,0,0,3,67301,2,,6,1,,N,N,,0,,0,0,0,0,0,,1628,2,2,0,0,0,0,0,3,4,1,2,3,,N,,,,,,,,,,,
2009049406,2006.0,1,0,0,0,0,0,0,0,0,8,0,,67,4,2009,4,39.9691,-75.1577,2005.0,6,0,0,0,0,0,0,0,0,,0,0,0,20,3,1,1,,0,39 58:08.691,,0,75 09:27.885,3,0,0,0,67301,1,0,0,N,1,0,0,2,67301,0,,1,1,,N,N,,0,,1,0,0,0,0,,2004,1,2,0,0,0,0,1,3,4,0,1,3,,N,,,,,,,,,,,
2009106496,912.0,2,0,0,0,0,0,0,0,0,4,0,,67,9,2009,6,39.9134,-75.1651,911.0,6,0,0,0,0,0,1,0,0,,0,0,0,9,1,2,1,,0,39 54:48.124,,0,75 09:54.367,3,0,0,0,67301,0,0,0,N,0,0,0,2,67301,0,,1,1,,N,N,,0,,2,0,0,3,2,,910,2,2,0,0,0,0,0,3,4,0,2,3,,N,,,,,,,,,,,
2009048774,125.0,2,0,0,0,0,0,0,0,0,5,0,,67,4,2009,7,39.9923,-75.1583,122.0,6,0,0,0,0,0,1,0,0,9.0,0,0,0,0,3,1,0,,1,39 59:32.108,1.0,0,75 09:29.814,4,0,0,0,67301,1,0,0,N,0,0,0,2,67301,1,,6,1,,N,N,,0,,0,0,0,0,0,N,34,1,2,0,0,0,0,0,3,4,0,2,3,,N,,,,,,,,,,,
2009038967,1408.0,0,0,0,0,0,0,0,0,0,5,0,,67,2,2009,1,40.0299,-75.1032,404.0,6,0,0,0,0,0,0,0,0,2.0,0,0,0,14,1,1,5,,1,40 01:47.943,2.0,7,75 06:11.321,4,0,0,0,67301,0,0,0,N,0,0,0,4,67301,1,,1,1,,N,N,,1,,0,0,1,2,2,N,1404,1,2,0,0,0,0,0,3,4,0,2,3,,N,,,,,,,,,,,
2009119819,1323.0,2,0,0,0,0,0,0,0,0,7,1,99.0,67,10,2009,2,39.9508,-75.1758,1316.0,6,0,0,0,0,0,0,0,0,,1,1,0,13,1,2,1,,0,39 57:02.767,,0,75 10:32.497,1,0,0,0,67301,3,0,1,,1,0,1,4,67301,0,2.0,1,1,,N,N,,0,0.0,1,1,0,3,2,,1315,2,5,0,0,0,0,0,3,4,0,4,3,,Y,8.0,8.0,U,U,U,U,U,U,U,U,
2009048904,635.0,0,0,0,0,0,0,0,0,0,8,0,,67,4,2009,6,39.9268,-75.1692,630.0,6,0,0,0,0,0,0,0,0,,0,0,0,6,5,1,1,,0,39 55:36.120,,0,75 10:08.760,4,0,0,0,67301,1,0,0,,1,0,0,2,67301,1,,1,9,,,,,0,,0,0,1,3,2,,630,1,2,0,0,0,0,0,3,4,0,1,7,,N,,,,,,,,,,,
2009038874,917.0,0,0,0,0,0,0,2,0,0,5,2,,67,2,2009,2,39.9945,-75.1593,907.0,6,0,0,0,0,0,1,0,0,,0,0,0,8,1,3,1,,0,39 59:40.362,,0,75 09:33.547,8,0,0,0,67301,0,0,0,N,0,0,0,5,67301,0,,1,1,,Y,N,,0,,0,0,0,3,2,,845,3,2,0,0,0,3,0,3,4,0,2,3,,N,,,,,,,,,,,
2009044080,2024.0,1,0,0,0,0,0,0,0,0,1,0,,67,3,2009,3,39.9488,-75.2126,2024.0,6,0,0,0,0,0,0,0,0,,0,0,0,20,3,0,1,,0,39 56:55.680,,0,75 12:45.291,0,0,0,0,67301,0,0,0,N,0,0,0,2,67301,0,,1,2,,N,N,,0,,0,0,1,9,3,,2024,0,2,0,0,0,0,0,3,4,0,2,10,,N,,,,,,,,,,,
2009048696,2013.0,1,0,0,0,0,0,0,0,0,1,0,,67,3,2009,1,40.1185,-75.007,2013.0,6,1,0,0,0,0,1,0,0,,0,0,0,20,1,1,0,,0,40 07:06.690,,0,75 00:25.257,3,0,0,0,67301,0,0,0,,0,0,0,5,67301,0,,1,9,,,,,0,,1,0,1,0,0,,2000,1,2,0,0,0,0,0,3,4,0,2,7,,N,,,,,,,,,,,
2009049182,1420.0,1,0,0,0,0,0,0,0,0,8,0,,67,4,2009,7,39.9571,-75.2019,1417.0,6,0,0,0,0,0,0,0,0,,0,0,0,14,1,1,1,,0,39 57:25.852,,0,75 12:06.897,4,0,0,0,67301,1,0,0,N,1,0,0,5,67504,1,,1,1,,,,,0,,0,0,0,3,2,,1410,1,2,0,0,0,0,0,3,4,0,1,3,,N,,,,,,,,,,,
2009049197,2235.0,1,0,0,0,0,0,0,0,0,8,0,,67,3,2009,1,40.0595,-75.1655,2231.0,6,0,0,0,0,1,0,0,0,,0,0,0,22,3,1,1,,0,40 03:34.337,,0,75 09:55.641,8,0,0,0,67301,1,0,0,N,1,0,0,2,67301,0,,1,9,,N,N,,0,,0,0,0,3,2,,2228,1,2,0,0,0,1,0,3,4,0,1,7,5.0,N,,,,,,,,,,,
2009049299,1325.0,0,0,0,0,0,0,0,0,0,8,0,,67,3,2009,6,39.9758,-75.2418,1325.0,6,0,0,0,0,0,0,0,0,,0,0,0,13,1,1,1,,0,39 58:32.718,,0,75 14:30.598,2,0,0,0,67301,1,0,1,,1,0,1,1,67301,0,,1,1,,,,,1,,0,1,0,0,0,,1325,1,2,0,0,0,0,0,3,4,0,1,3,,N,,,,,,,,,,,
2009026016,55.0,1,0,0,0,0,0,0,0,0,7,0,,67,1,2009,1,40.0929,-75.2236,48.0,6,0,0,0,0,0,0,0,0,,0,0,0,23,3,1,1,,0,40 05:34.415,,0,75 13:25.076,4,0,0,0,67301,0,0,0,N,0,0,0,1,67301,1,,4,9,,N,N,,0,,0,0,0,3,2,,2330,1,1,0,0,0,0,0,3,4,0,1,10,,N,,,,,,,,,,,
2009026022,913.0,2,0,0,0,0,0,0,0,0,4,0,,67,1,2009,3,39.9654,-75.1625,854.0,6,0,0,0,0,0,0,0,0,,0,0,0,8,1,2,1,,0,39 57:55.296,,0,75 09:45.035,8,0,0,0,67301,0,0,0,N,0,0,0,3,67301,0,,1,1,,N,N,,0,,0,0,0,3,2,,845,2,2,0,0,0,2,0,3,4,0,2,3,,N,,,,,,,,,,,
2009026114,2131.0,2,0,0,0,0,0,0,0,0,1,0,,67,1,2009,1,39.8987,-75.2386,2131.0,6,0,0,0,0,0,1,0,0,,0,0,0,21,3,1,0,,0,39 53:55.320,,3,75 14:19.030,4,0,0,0,67301,0,0,0,N,0,0,0,2,67301,1,,1,2,,N,N,,0,,0,0,0,0,0,,2131,1,2,0,0,0,0,0,3,4,0,2,9,,N,,,,,,,,,,,
2009013173,648.0,0,0,0,0,0,0,0,0,0,5,1,,67,1,2009,4,39.9265,-75.1469,639.0,6,0,0,0,0,0,0,0,0,,0,1,0,5,3,0,0,,0,39 55:35.090,,0,75 08:48.936,9,0,0,0,67301,0,0,0,N,0,0,0,2,68K01,0,,1,6,,N,N,,0,,0,0,1,0,0,,534,0,2,0,0,0,0,1,3,4,0,2,10,,N,,,,,,,,,,,
2009048223,2117.0,1,0,0,0,0,0,0,0,0,7,0,,67,4,2009,5,39.8815,-75.2459,2106.0,6,0,0,1,0,0,0,0,0,,0,0,0,21,2,0,0,,0,39 52:50.160,,0,75 14:48.480,0,0,0,0,67301,0,0,0,Y,0,0,0,1,68K01,0,,2,1,,N,N,,0,,0,0,0,0,0,,2104,0,1,0,0,0,0,0,3,4,0,1,3,,N,,,,,,,,,,,
2009050901,2151.0,3,0,0,0,0,0,0,0,0,2,0,,67,4,2009,5,40.0527,-75.1525,2147.0,6,0,0,0,0,1,0,0,0,2.0,0,0,0,21,3,4,0,,2,40 03:09.694,6.0,0,75 09:09.199,8,0,0,0,67301,0,0,0,N,0,0,0,4,67301,0,,1,9,,N,N,,0,,0,0,0,0,0,Y,2145,4,3,0,0,0,4,0,3,4,0,3,3,,N,,,,,,,,,,,
2009105762,2204.0,2,0,0,0,0,0,0,0,0,1,0,,67,9,2009,4,39.9291,-75.2205,2100.0,6,0,0,0,0,0,0,1,0,,0,0,0,99,3,1,1,,0,39 55:44.712,,0,75 13:13.928,4,0,0,0,67301,0,0,0,N,0,0,0,6,67301,1,,1,1,,N,Y,,0,,0,0,0,3,2,,9999,1,2,0,0,0,0,0,3,4,0,2,3,,N,,,,,,,,,,,
2009105859,934.0,1,0,0,0,0,0,0,0,0,1,1,,67,9,2009,5,39.9488,-75.1597,934.0,6,0,0,0,0,0,0,0,0,,0,1,0,9,1,1,0,,0,39 56:55.601,,0,75 09:34.869,4,0,0,0,67301,0,0,0,N,0,0,0,3,67301,1,,1,1,,N,N,,1,,0,0,1,0,0,,932,1,4,0,0,0,0,2,3,4,0,4,3,,N,,,,,,,,,,,
2009105928,318.0,1,0,0,0,0,0,0,0,0,8,0,,67,9,2009,6,39.9511,-75.1536,318.0,6,0,0,0,1,0,0,0,0,1.0,0,0,0,3,3,1,1,,1,39 57:04.181,3.0,0,75 09:12.842,8,0,0,0,67301,1,0,0,,1,0,0,2,67301,0,,1,1,,N,N,,0,,0,0,0,3,2,N,317,1,2,0,0,0,1,0,3,4,0,1,3,,N,,,,,,,,,,,
2009097447,1822.0,2,0,0,0,0,0,0,0,0,4,0,,67,8,2009,7,39.9107,-75.173,1820.0,6,0,0,1,0,0,0,0,0,,0,0,0,18,1,2,5,,0,39 54:38.089,,0,75 10:22.870,8,0,0,0,67301,0,0,0,N,0,0,0,6,67301,0,,1,9,,N,N,,0,,0,0,0,3,2,,1810,2,2,0,0,0,2,0,3,4,0,2,7,,N,,,,,,,,,,,
2009124662,807.0,1,0,0,0,0,0,0,0,0,7,0,,67,12,2009,7,39.9106,-75.1501,750.0,6,0,0,0,0,1,0,0,0,2.0,0,0,0,7,1,1,0,,1,39 54:38.537,1.0,2,75 08:55.738,4,0,0,0,67301,0,0,0,N,0,0,0,1,68K01,1,,2,9,,N,N,,0,,0,0,0,0,0,N,749,1,1,0,0,1,0,0,3,4,0,1,7,,N,,,,,,,,,,,
2009101016,755.0,1,0,0,0,0,0,0,0,0,8,0,,67,9,2009,4,40.001,-75.148,740.0,6,0,0,0,0,0,0,0,0,,0,0,0,7,1,1,1,,0,40 00:03.604,,0,75 08:53.867,4,0,0,0,67301,1,0,0,N,1,0,0,2,67301,1,,1,1,,N,N,,0,,0,0,0,3,2,,704,1,2,0,0,1,0,0,3,4,0,1,3,,N,,,,,,,,,,,
2009100796,1820.0,1,0,0,1,0,0,0,0,0,5,0,,67,9,2009,5,39.9297,-75.2285,1820.0,6,0,0,0,0,0,0,0,0,,0,0,0,18,1,1,0,,0,39 55:46.963,,0,75 13:42.484,8,0,0,0,67301,1,0,0,,0,0,0,3,67301,0,,1,1,,,,,0,,0,0,0,0,0,,1815,1,2,0,0,0,1,0,3,4,0,1,3,,N,,,,,,,,,,,
2009100508,1235.0,1,0,0,0,0,0,0,0,0,1,0,,67,9,2009,7,40.0239,-75.0354,1231.0,6,0,0,0,0,0,0,1,0,,0,0,0,12,1,1,1,,0,40 01:26.280,,0,75 02:07.317,8,0,0,0,67301,0,0,0,,0,0,0,2,67301,0,,1,1,,,,,1,,0,0,0,3,2,,1230,1,2,0,0,0,1,0,3,4,0,2,3,,N,,,,,,,,,,,
2009100513,1727.0,3,0,0,0,0,0,0,0,0,4,0,,67,9,2009,7,40.0309,-75.0297,1725.0,6,0,0,0,1,0,0,0,0,,0,0,0,17,1,1,2,,0,40 01:51.344,,0,75 01:46.876,8,0,0,0,67301,0,0,0,,0,0,0,1,67301,0,,1,9,,N,N,,0,,0,0,0,3,3,,1720,1,3,0,0,0,1,0,3,4,0,3,7,,N,,,,,,,,,,,
2009025820,2139.0,2,0,0,0,0,0,0,0,0,5,0,,67,1,2009,6,40.0613,-75.1721,2137.0,6,0,0,0,0,0,0,1,0,,0,0,0,21,3,1,1,,0,40 03:40.680,,0,75 10:19.560,4,0,0,0,67301,0,0,0,N,0,0,0,2,67301,1,,1,1,,N,N,,0,,0,0,0,3,3,,2108,1,2,0,0,0,0,0,3,4,0,2,3,,N,,,,,,,,,,,
2009025874,1455.0,2,0,0,0,0,0,0,0,0,1,0,,67,1,2009,6,40.0074,-75.1249,1453.0,6,0,0,1,0,0,0,0,0,,0,0,0,14,1,0,0,,0,40 00:26.665,,0,75 07:29.659,0,0,0,0,67301,0,0,0,N,0,0,0,2,67301,0,,1,1,,N,N,,0,,0,0,0,3,2,,1453,0,2,0,0,2,0,0,3,4,0,2,3,,N,,,,,,,,,,,
2009030195,956.0,1,0,0,0,0,0,0,0,0,1,0,,67,1,2009,5,40.0747,-75.0343,953.0,6,0,0,0,0,0,0,1,0,,0,0,0,9,1,1,0,,0,40 04:28.733,,7,75 02:03.496,4,0,0,0,67301,0,0,0,,0,0,0,5,67301,1,,6,1,,,,,0,,0,0,1,0,0,,950,1,2,0,0,0,0,0,3,4,0,2,3,,N,,,,,,,,,,,
2009032781,415.0,1,0,0,0,0,0,0,0,0,7,0,,67,1,2009,2,40.0709,-75.0379,412.0,6,0,0,0,0,0,0,0,0,,1,0,0,4,3,0,0,,0,40 04:15.129,,0,75 02:16.590,1,0,0,0,67301,0,0,0,,0,0,0,1,67301,0,2.0,3,1,,,,,0,0.0,0,0,0,0,0,,410,0,1,1,0,1,0,0,3,4,0,1,3,,N,,,,,,,,,,,
2009023223,1448.0,1,0,0,0,0,0,0,0,0,4,0,,67,2,2009,1,39.9569,-75.1556,1446.0,6,0,0,0,0,0,1,0,0,1.0,0,0,0,14,1,0,0,,1,39 57:24.996,3.0,0,75 09:20.071,0,0,0,0,67301,0,0,0,N,0,0,0,2,68K01,0,,1,1,,N,N,,0,,0,0,1,0,0,N,1433,0,2,0,0,0,0,0,3,4,0,2,3,,N,,,,,,,,,,,
2009025895,1213.0,1,0,0,0,0,0,0,0,0,8,0,,67,1,2009,2,39.9344,-75.1692,1209.0,6,0,0,0,0,0,0,0,1,,0,0,0,12,1,1,1,,0,39 56:03.703,,0,75 10:09.296,4,0,0,0,67301,1,0,0,N,1,0,0,2,67301,1,,1,1,,N,N,,0,,0,0,0,3,3,,1205,1,2,0,0,0,0,0,3,4,0,1,3,,N,,,,,,,,,,,
2009038064,1450.0,2,0,0,0,0,0,0,0,0,4,0,,67,2,2009,1,40.0107,-75.1508,1445.0,6,0,0,0,0,0,1,0,0,,0,0,0,14,1,2,1,,0,40 00:38.545,,0,75 09:02.934,4,0,0,0,67301,0,0,0,N,0,0,0,2,67301,2,,1,9,,N,N,,0,,0,0,0,3,2,,1420,2,2,0,0,0,0,0,3,4,0,2,3,,N,,,,,,,,,,,
2009032999,2009.0,2,0,0,0,0,0,0,0,0,1,0,,67,2,2009,1,40.03,-75.165,2006.0,6,0,0,0,0,0,0,0,0,,0,0,0,19,3,1,2,,0,40 01:47.843,,0,75 09:53.911,8,0,0,0,67301,0,0,0,,0,0,0,3,67301,0,,1,1,,,,,0,,0,0,0,3,2,,1937,1,2,0,0,0,1,0,3,4,0,2,3,,N,,,,,,,,,,,
2009038269,804.0,1,0,0,0,0,0,0,0,0,7,0,,67,3,2009,1,39.9813,-75.2067,804.0,6,0,0,0,0,0,0,0,0,2.0,0,0,0,8,5,0,0,,1,39 58:56.427,4.0,0,75 12:27.393,0,0,0,0,67301,0,0,0,N,0,0,0,3,68K01,0,,3,9,,N,N,,0,,0,0,0,0,0,N,804,0,1,0,0,0,0,0,3,4,0,1,7,,N,,,,,,,,,,,
2009109156,1052.0,1,0,0,0,0,0,0,0,0,1,0,50.0,67,10,2009,5,39.8929,-75.1968,1045.0,6,0,0,0,0,0,0,0,0,1.0,0,0,0,10,1,0,0,,1,39 53:53.880,1.0,0,75 10:56.280,0,0,0,0,67301,0,0,0,N,0,0,0,6,68K01,0,,1,1,,N,N,,0,,0,0,1,3,8,N,1043,0,2,0,0,0,0,0,3,4,0,2,3,,Y,4.0,1.0,Y,N,N,Y,Y,N,N,N,
2009125425,1341.0,2,0,0,0,0,0,0,0,0,1,0,,67,11,2009,2,39.9946,-75.0945,1340.0,6,0,0,0,1,0,0,0,0,,0,0,0,12,8,2,1,,0,39 59:40.673,,0,75 05:40.311,3,0,0,0,67301,0,0,0,N,0,0,0,2,67301,0,,9,1,,N,N,,0,,2,0,0,3,2,,1203,2,2,0,0,0,0,0,3,4,0,2,3,,N,,,,,,,,,,,
2009094423,747.0,1,0,0,0,0,0,0,0,0,4,0,,67,8,2009,2,39.9954,-75.1055,745.0,6,0,0,0,0,0,0,0,0,,0,0,0,7,1,2,1,,0,39 59:43.508,,0,75 06:19.956,4,0,0,0,67301,0,0,0,N,0,0,0,4,67301,2,,1,1,,N,N,,1,,0,0,0,2,2,,730,2,2,0,0,0,0,0,3,4,0,2,3,,N,,,,,,,,,,,
2009079914,2343.0,2,0,0,0,0,0,0,0,0,1,0,,67,8,2009,3,39.93,-75.198,2334.0,6,0,0,0,0,0,0,0,0,1.0,0,0,0,23,2,1,0,,1,39 55:50.418,4.0,0,75 11:55.303,4,0,0,0,67301,0,0,0,N,0,0,0,6,68K01,1,,1,1,,N,N,,0,,0,0,0,0,0,N,2330,1,3,0,0,0,0,0,3,4,1,3,3,,N,,,,,,,,,,,
2009074884,1423.0,2,0,0,0,0,0,0,0,0,5,0,,67,6,2009,2,39.9593,-75.1743,1421.0,6,0,0,0,0,0,1,0,0,,0,0,0,14,1,0,0,,0,39 57:33.514,,0,75 10:27.573,0,0,0,0,67301,0,0,0,N,0,0,0,5,68K01,0,,1,1,,N,N,,0,,0,0,0,0,0,,1421,0,2,0,0,0,0,0,3,4,0,2,3,,N,,,,,,,,,,,
2009100061,1200.0,1,0,0,0,0,0,0,0,0,1,0,,67,9,2009,6,39.9442,-75.1971,1157.0,6,0,0,0,0,0,1,0,0,,0,0,0,11,8,0,6,,0,39 56:39.054,,2,75 11:49.549,0,0,0,0,67301,0,0,0,N,0,0,0,4,67301,0,,1,9,,N,N,,1,,0,0,0,0,0,,1155,0,2,0,0,0,0,0,3,4,0,2,7,,N,,,,,,,,,,,
2009100095,1050.0,0,0,0,0,0,0,1,0,0,6,1,,67,9,2009,4,39.9878,-75.1676,1041.0,6,0,0,0,0,0,0,0,0,1.0,0,0,0,10,1,2,1,,2,39 59:15.993,5.0,0,75 10:03.457,4,0,0,0,67301,0,0,0,,0,0,0,4,67301,2,,1,9,,N,N,,1,,0,0,0,3,2,Y,1035,2,2,0,0,3,0,0,3,4,0,2,3,,N,,,,,,,,,,,
2009100124,1350.0,2,0,0,0,0,0,0,0,0,4,0,,67,9,2009,4,39.9867,-75.2083,1342.0,6,0,0,0,0,0,0,0,1,,0,0,0,13,1,0,1,,0,39 59:11.983,,2,75 12:29.919,0,0,0,0,67301,0,0,0,N,0,0,0,2,67301,0,,1,1,,N,N,,0,,0,0,0,3,2,,1328,0,2,0,0,0,0,0,3,4,0,2,3,,N,,,,,,,,,,,
2009106129,724.0,2,0,0,0,0,0,0,0,0,1,0,,67,10,2009,4,39.9842,-75.2607,724.0,6,0,0,0,0,0,2,0,0,2.0,0,0,0,7,1,3,1,,2,39 59:03.120,2.0,0,75 15:38.520,4,0,0,0,67301,0,0,0,N,0,0,0,4,46104,3,,1,1,,N,N,,0,,0,0,0,3,2,N,724,3,2,0,0,0,0,0,3,4,0,2,3,,N,,,,,,,,,,,
2009044211,1814.0,1,0,0,0,0,0,0,0,0,8,0,,67,2,2009,2,40.0449,-75.0803,1809.0,6,0,0,0,0,0,0,0,1,3.0,0,0,0,18,3,2,1,,2,40 02:41.686,5.0,0,75 04:49.238,2,0,0,0,67301,2,0,1,,2,0,1,3,67301,0,,1,1,,N,N,,0,,1,1,0,3,2,Y,1800,2,3,0,0,0,0,0,3,4,0,1,3,,N,,,,,,,,,,,
2009049548,945.0,0,0,0,0,0,0,0,0,0,7,0,,67,4,2009,6,40.0452,-75.0673,930.0,6,0,0,0,0,0,0,0,0,,0,0,0,9,1,1,0,,0,40 02:42.558,,0,75 04:02.132,4,0,0,0,67301,0,0,0,,0,0,0,1,67301,1,,5,9,,,,,1,,0,0,0,0,0,,930,1,1,0,0,1,0,0,3,4,0,1,7,,N,,,,,,,,,,,
2009007824,726.0,1,0,0,0,0,0,0,0,0,5,0,,67,1,2009,2,40.0103,-75.2069,723.0,6,0,0,0,0,0,0,0,0,,0,0,0,7,5,0,0,,0,40 00:37.721,,0,75 12:26.439,0,0,0,0,67301,0,0,0,N,0,0,0,2,68K01,0,,1,1,,N,N,,0,,0,0,1,0,0,,721,0,2,0,0,0,0,0,3,4,0,2,3,,N,,,,,,,,,,,