CRN,ARRIVAL_TM,AUTOMOBILE_COUNT,BELTED_DEATH_COUNT,BELTED_SUSP_SERIOUS_INJ_COUNT,BICYCLE_COUNT,BICYCLE_DEATH_COUNT,BICYCLE_SUSP_SERIOUS_INJ_COUNT,BUS_COUNT,CHLDPAS_DEATH_COUNT,CHLDPAS_SUSP_SERIOUS_INJ_COUNT,COLLISION_TYPE,COMM_VEH_COUNT,CONS_ZONE_SPD_LIM,COUNTY,CRASH_MONTH,CRASH_YEAR,DAY_OF_WEEK,DEC_LAT,DEC_LONG,DISPATCH_TM,DISTRICT,DRIVER_COUNT_16YR,DRIVER_COUNT_17YR,DRIVER_COUNT_18YR,DRIVER_COUNT_19YR,DRIVER_COUNT_20YR,DRIVER_COUNT_50_64YR,DRIVER_COUNT_65_74YR,DRIVER_COUNT_75PLUS,EST_HRS_CLOSED,FATAL_COUNT,HEAVY_TRUCK_COUNT,HORSE_BUGGY_COUNT,HOUR_OF_DAY,ILLUMINATION,INJURY_COUNT,INTERSECT_TYPE,INTERSECTION_RELATED,LANE_CLOSED,LATITUDE,LN_CLOSE_DIR,LOCATION_TYPE,LONGITUDE,MAX_SEVERITY_LEVEL,MCYCLE_DEATH_COUNT,MCYCLE_SUSP_SERIOUS_INJ_COUNT,MOTORCYCLE_COUNT,MUNICIPALITY,NONMOTR_COUNT,NONMOTR_DEATH_COUNT,NONMOTR_SUSP_SERIOUS_INJ_COUNT,NTFY_HIWY_MAINT,PED_COUNT,PED_DEATH_COUNT,PED_SUSP_SERIOUS_INJ_COUNT,PERSON_COUNT,POLICE_AGCY,POSSIBLE_INJ_COUNT,RDWY_SURF_TYPE_CD,RELATION_TO_ROAD,ROAD_CONDITION,ROADWAY_CLEARED,SCH_BUS_IND,SCH_ZONE_IND,SECONDARY_CRASH,SMALL_TRUCK_COUNT,SPEC_JURIS_CD,SUSP_MINOR_INJ_COUNT,SUSP_SERIOUS_INJ_COUNT,SUV_COUNT,TCD_FUNC_CD,TCD_TYPE,TFC_DETOUR_IND,TIME_OF_DAY,TOT_INJ_COUNT,TOTAL_UNITS,UNB_DEATH_COUNT,UNB_SUSP_SERIOUS_INJ_COUNT,UNBELTED_OCC_COUNT,UNK_INJ_DEG_COUNT,UNK_INJ_PER_COUNT,URBAN_AREA,URBAN_RURAL,VAN_COUNT,VEHICLE_COUNT,WEATHER1,WEATHER2,WORK_ZONE_IND,WORK_ZONE_LOC,WORK_ZONE_TYPE,WORKERS_PRES,WZ_CLOSE_DETOUR,WZ_FLAGGER,WZ_LAW_OFFCR_IND,WZ_LN_CLOSURE,WZ_MOVING,WZ_OTHER,WZ_SHLDER_MDN,WZ_WORKERS_INJ_KILLED
2009049305,1759.0,1,0,0,0,0,0,0,0,0,8,0,,67,4,2009,2,40.0349,-75.0639,1748.0,6,0,0,0,0,0,1,0,0,,0,0,0,17,4,1,0,,0,40 02:05.700,,7,75 03:50.018,4,0,0,0,67301,1,0,0,N,1,0,0,2,67301,1,,2,9,,N,N,,0,,0,0,0,3,2,,1721,1,2,0,0,0,0,0,3,4,0,1,7,,N,,,,,,,,,,,
2009049388,1335.0,1,0,0,0,0,0,0,0,0,4,0,,67,4,2009,7,39.9423,-75.2079,1326.0,6,0,0,0,0,0,0,0,0,,0,0,0,13,1,1,0,,0,39 56:32.215,,0,75 12:28.432,4,0,0,0,67301,0,0,0,N,0,0,0,5,67301,1,,1,1,,N,N,,0,,0,0,1,3,3,,1302,1,2,0,0,0,0,3,3,4,0,2,3,,N,,,,,,,,,,,
2009049495,813.0,1,0,0,0,0,0,0,0,0,7,0,,67,3,2009,1,39.9527,-75.1402,809.0,6,0,0,0,0,0,0,0,0,,0,0,0,6,5,2,0,,0,39 57:09.670,,0,75 08:24.938,4,0,0,0,67301,0,0,0,,0,0,0,2,67301,2,,5,1,,N,N,,0,,0,0,0,0,0,,623,2,1,0,0,0,0,0,3,4,0,1,3,,N,,,,,,,,,,,
2009049496,1710.0,0,0,0,0,0,0,0,0,0,6,0,,67,4,2009,6,39.9591,-75.1723,1707.0,6,0,0,0,0,0,0,0,0,,0,0,0,17,1,0,1,,0,39 57:32.844,,0,75 10:20.344,0,0,0,0,67301,0,0,0,N,0,0,0,2,67301,0,,1,1,,N,N,,0,,0,0,2,3,2,,1707,0,2,0,0,2,0,0,3,4,0,2,3,,N,,,,,,,,,,,
2009048824,736.0,2,0,0,0,0,0,0,0,0,4,0,,67,3,2009,5,39.974,-75.1551,734.0,6,0,0,0,0,0,1,0,0,,0,0,0,7,1,2,1,,0,39 58:26.407,,0,75 09:18.244,4,0,0,0,67301,0,0,0,N,0,0,0,3,67301,2,,1,1,,N,N,,0,,0,0,0,3,3,,733,2,2,0,0,0,0,0,3,4,0,2,3,,N,,,,,,,,,,,
2009122468,2257.0,2,0,0,0,0,0,0,0,0,1,0,,67,11,2009,5,39.9251,-75.1934,2253.0,6,0,0,0,0,0,0,1,0,2.0,0,0,0,22,3,1,0,,1,39 55:34.195,3.0,0,75 11:39.847,8,0,0,0,67301,0,0,0,N,0,0,0,4,68K01,0,,1,1,,N,N,,0,,0,0,1,0,0,Y,2250,1,3,0,0,0,1,0,3,4,0,3,3,,N,,,,,,,,,,,
2009120215,2012.0,3,0,0,0,0,0,0,0,0,1,0,,67,10,2009,1,40.0788,-75.0252,2009.0,6,0,0,0,0,0,1,1,0,2.0,0,0,0,99,3,1,0,,1,40 04:43.785,3.0,0,75 01:30.607,8,0,0,0,67301,0,0,0,,0,0,0,6,67301,0,,1,1,,,,,0,,0,0,0,0,0,N,9999,1,3,0,0,0,1,0,3,4,0,3,3,,N,,,,,,,,,,,
2009038785,2220.0,1,0,0,0,0,0,0,0,0,1,0,,67,1,2009,7,39.9688,-75.2182,2213.0,6,0,0,0,0,0,0,0,0,,0,0,0,22,3,1,0,,0,39 58:07.849,,0,75 13:05.372,8,0,0,0,67301,0,0,0,N,0,0,0,2,67301,0,,1,1,,N,N,,0,,0,0,0,9,2,,2210,1,2,0,0,0,1,1,3,4,0,2,3,,N,,,,,,,,,,,
2009038879,2259.0,1,0,0,0,0,0,0,0,0,4,0,,67,2,2009,3,39.967,-75.2077,2253.0,6,0,0,0,0,0,0,0,0,1.0,0,0,0,22,2,1,1,,2,39 58:01.282,3.0,0,75 12:27.647,4,0,0,0,67301,0,0,0,N,0,0,0,2,67301,1,,1,1,,N,N,,0,,0,0,1,3,3,Y,2249,1,2,0,0,0,0,0,3,4,0,2,3,,N,,,,,,,,,,,
2009044038,2130.0,2,0,0,0,0,0,0,0,0,4,0,,67,3,2009,5,39.9416,-75.1646,2120.0,6,0,0,0,0,0,0,0,0,,0,0,0,21,3,3,1,,0,39 56:29.911,,0,75 09:52.437,8,0,0,0,67301,0,0,0,N,0,0,0,3,67301,0,,1,1,,N,N,,0,,0,0,0,0,0,,2120,3,2,0,0,0,3,0,3,4,0,2,3,,N,,,,,,,,,,,
2009048711,825.0,1,0,0,0,0,0,0,0,0,4,0,,67,4,2009,7,39.9977,-75.1232,819.0,6,0,0,0,0,0,1,0,0,,0,0,0,7,1,2,1,,0,39 59:51.784,,0,75 07:23.658,4,0,0,0,67301,0,0,0,,0,0,0,2,67301,2,,1,9,,,,,0,,0,0,0,9,9,,739,2,2,0,0,0,0,0,3,4,1,2,7,,N,,,,,,,,,,,
2009008497,239.0,1,0,0,0,0,0,0,0,0,7,0,,67,1,2009,1,39.8968,-75.1901,233.0,6,0,0,0,0,0,0,0,0,,0,0,0,2,3,0,0,,0,39 53:51.573,,0,75 11:11.541,0,0,0,0,67301,0,0,0,N,0,0,0,1,68K01,0,,2,1,,N,N,,0,,0,0,0,0,0,,229,0,1,0,0,0,0,0,3,4,0,1,3,,N,,,,,,,,,,,
2009017398,543.0,1,0,0,0,0,0,0,0,0,7,0,,67,1,2009,1,39.9703,-75.1927,509.0,6,0,0,0,1,0,1,0,0,1.0,0,0,0,5,3,2,0,,1,39 58:17.638,4.0,0,75 11:35.757,4,0,0,0,67301,0,0,0,N,0,0,0,2,68K01,2,,3,2,,N,N,,0,,0,0,1,0,0,N,509,2,2,0,0,0,0,0,3,4,0,2,3,,N,,,,,,,,,,,
2009049225,2208.0,1,0,0,0,0,0,0,0,0,7,0,,67,3,2009,2,39.9284,-75.1555,2202.0,6,0,0,0,0,0,0,0,0,,0,0,0,22,3,0,0,,0,39 55:42.078,,0,75 09:19.940,9,0,0,0,67301,0,0,0,N,0,0,0,3,67301,0,,4,1,,N,N,,1,,0,0,0,0,0,,2200,0,2,0,0,0,0,3,3,4,0,2,3,,N,,,,,,,,,,,
2009049279,1751.0,2,0,0,0,0,0,0,0,0,2,0,,67,3,2009,3,40.125,-75.0028,1740.0,6,0,0,0,0,1,0,0,0,1.0,0,0,0,17,1,2,2,,1,40 07:30.133,3.0,0,75 00:09.975,4,0,0,0,67301,0,0,0,N,0,0,0,4,67301,2,,1,1,,N,N,,0,,0,0,1,0,0,N,1739,2,3,0,0,0,0,0,3,4,0,3,3,,N,,,,,,,,,,,
2009049298,100.0,1,0,0,0,0,0,0,0,0,2,0,,67,4,2009,1,39.913,-75.1721,55.0,6,0,0,0,0,0,0,0,0,,0,0,0,0,3,0,1,,0,39 54:46.994,,0,75 10:20.709,0,0,0,0,67301,0,0,0,N,0,0,0,2,67301,0,,1,1,,N,N,,1,,0,0,0,3,2,,55,0,2,0,0,0,0,0,3,4,0,2,3,,N,,,,,,,,,,,
2009013174,733.0,1,0,0,0,0,0,0,0,0,4,0,,67,1,2009,4,39.9021,-75.1513,733.0,6,0,0,0,0,0,1,0,0,,0,0,0,7,1,0,0,,0,39 54:17.776,,0,75 08:59.941,0,0,0,0,67301,0,0,0,N,0,0,0,3,68K01,0,,1,6,,N,N,,0,,0,0,0,0,0,,733,0,2,0,0,0,0,0,3,4,1,2,7,,N,,,,,,,,,,,
2009050219,948.0,1,0,0,0,0,0,0,0,0,1,0,,67,4,2009,5,39.9399,-75.1437,948.0,6,0,0,0,0,0,0,1,0,,0,0,0,9,1,0,0,,0,39 56:25.040,,0,75 08:36.960,0,0,0,0,67301,0,0,0,N,0,0,0,2,68K01,0,,1,1,,N,N,,1,,0,0,0,0,0,,935,0,2,0,0,0,0,0,3,4,0,2,3,,N,,,,,,,,,,,
2009108298,709.0,1,0,0,0,0,0,0,0,0,7,0,,67,10,2009,7,39.9602,-75.1401,659.0,6,0,0,0,0,0,0,0,0,,0,0,0,6,5,1,0,,0,39 57:32.354,,2,75 08:24.943,4,0,0,0,67301,0,0,0,N,0,0,0,1,68K01,1,,2,9,,N,N,,0,,0,0,0,0,0,,656,1,1,0,0,0,0,0,3,4,0,1,7,,N,,,,,,,,,,,
2009105867,1103.0,1,0,0,1,0,0,0,0,0,4,0,,67,9,2009,7,39.9977,-75.1232,1059.0,6,0,0,0,0,0,0,0,0,,0,0,0,99,1,1,1,,0,39 59:52.070,,0,75 07:23.617,3,0,0,0,67301,1,0,0,N,0,0,0,4,67301,0,,1,1,,N,N,,0,,1,0,0,1,2,,9999,1,2,0,0,0,0,0,3,4,0,1,3,,N,,,,,,,,,,,
2009105889,1509.0,3,0,0,0,0,0,0,0,0,1,0,,67,9,2009,7,39.9404,-75.2366,1345.0,6,0,0,0,0,0,0,0,1,,0,0,0,13,1,1,1,,0,39 56:25.327,,0,75 14:11.791,4,0,0,0,67301,0,0,0,N,0,0,0,4,67301,1,,1,1,,N,N,,0,,0,0,0,3,2,,1348,1,3,0,0,0,0,1,3,4,0,3,3,,N,,,,,,,,,,,
2009105941,723.0,2,0,0,0,0,0,0,0,0,4,0,,67,9,2009,6,39.9759,-75.12,720.0,6,0,0,0,0,0,1,0,0,,0,0,0,7,1,1,0,,0,39 58:32.422,,0,75 07:14.009,4,0,0,0,67301,0,0,0,N,0,0,0,3,67301,1,,1,1,,N,N,,0,,0,0,0,0,0,,718,1,2,0,0,0,0,0,3,4,0,2,3,,N,,,,,,,,,,,
2009101028,2200.0,1,0,0,0,0,0,0,0,0,8,0,,67,9,2009,1,40.0477,-75.06,2155.0,6,0,0,0,0,0,0,0,0,,0,0,0,21,3,1,1,,0,40 02:51.581,,0,75 03:35.828,4,0,0,0,67301,1,0,0,,1,0,0,2,67301,1,,1,1,,,,,0,,0,0,0,0,0,,2105,1,2,0,0,1,0,0,3,4,0,1,3,,N,,,,,,,,,,,
2009100179,1254.0,2,0,0,0,0,0,0,0,0,4,0,,67,9,2009,5,39.9629,-75.1913,1251.0,6,0,0,0,0,0,2,0,0,,0,0,0,12,1,3,1,,0,39 57:46.553,,0,75 11:28.839,3,0,0,0,67301,0,0,0,N,0,0,0,4,67301,2,,1,1,,N,N,,0,,1,0,0,3,2,,1247,3,2,0,0,0,0,0,3,4,0,2,3,,N,,,,,,,,,,,
2009100737,2155.0,2,0,0,0,0,0,0,0,0,4,0,,67,9,2009,1,40.0567,-75.0469,2145.0,6,0,0,0,0,0,0,0,0,1.0,0,0,0,21,2,1,1,,1,40 03:24.250,2.0,0,75 02:48.711,8,0,0,0,67301,0,0,0,,0,0,0,3,67301,0,,1,1,,,,,0,,0,0,0,3,2,N,2140,1,2,0,0,3,1,0,3,4,0,2,3,,N,,,,,,,,,,,
2009095305,1806.0,0,0,0,0,0,0,0,0,0,8,0,,67,9,2009,4,40.1046,-75.0319,1801.0,6,0,0,0,0,0,0,0,0,3.0,1,0,0,18,1,0,0,,2,40 06:16.520,4.0,0,75 01:54.976,1,0,0,0,67301,1,1,0,,1,1,0,2,67301,0,2.0,1,9,,,,,0,0.0,0,0,1,0,0,Y,1800,0,2,0,0,0,0,0,3,4,0,1,7,,N,,,,,,,,,,,
2009105218,9999.0,1,0,0,0,0,0,0,0,0,7,0,,67,10,2009,6,39.9792,-75.1731,9999.0,6,0,0,0,0,0,0,1,0,,1,0,0,13,1,0,0,,0,39 58:45.058,,0,75 10:23.156,1,0,0,0,67301,0,0,0,,0,0,0,1,67301,0,2.0,5,98,,,,,0,0.0,0,0,0,0,0,,1353,0,1,0,0,0,0,0,3,4,0,1,99,,N,,,,,,,,,,,
2009095412,248.0,2,0,0,0,0,0,0,0,0,1,0,,67,8,2009,1,39.9528,-75.1669,243.0,6,0,0,0,0,0,0,0,0,,0,0,0,2,3,2,0,,0,39 57:10.064,,0,75 10:00.966,3,0,0,0,67301,0,0,0,,0,0,0,11,67301,0,,1,9,,,,,0,,2,0,0,0,0,,228,2,2,0,0,0,0,8,3,4,0,2,7,,N,,,,,,,,,,,
2009100806,825.0,1,0,0,1,0,0,0,0,0,4,0,,67,9,2009,2,40.035,-75.1456,816.0,6,0,0,0,0,0,1,0,0,,0,0,0,7,1,1,0,,0,40 02:06.152,,0,75 08:44.209,3,0,0,0,67301,1,0,0,N,0,0,0,2,67301,0,,1,1,,N,N,,0,,1,0,0,0,0,,750,1,2,0,0,0,0,0,3,4,0,1,3,,N,,,,,,,,,,,
2009108301,1313.0,2,0,0,0,0,0,0,0,0,1,0,,67,10,2009,1,39.983,-75.2081,1306.0,6,0,0,0,0,0,0,0,0,,0,0,0,13,1,0,0,,0,39 59:02.643,,0,75 12:29.963,0,0,0,0,67301,0,0,0,N,0,0,0,4,68K01,0,,1,1,,N,N,,0,,0,0,0,0,0,,1300,0,2,0,0,0,0,0,3,4,0,2,3,,N,,,,,,,,,,,
2009107391,822.0,2,0,0,0,0,0,0,0,0,2,0,,67,9,2009,6,40.0673,-75.2094,815.0,6,0,1,0,0,0,1,0,0,,0,0,0,8,1,4,0,,0,40 04:02.375,,0,75 12:33.965,3,0,0,0,67301,0,0,0,,0,0,0,12,67301,0,,1,1,,N,,,0,,1,0,2,0,0,,810,4,4,0,0,5,3,5,3,4,0,4,3,,N,,,,,,,,,,,
2009025652,1410.0,1,0,0,0,0,0,0,0,0,8,0,,67,1,2009,3,40.0184,-75.0835,1401.0,6,0,0,0,0,0,0,0,0,,0,0,0,13,1,1,1,,0,40 01:06.150,,0,75 05:00.653,8,0,0,0,67301,1,0,0,,1,0,0,2,67301,0,,1,1,,N,N,,0,,0,0,0,3,3,,1313,1,2,0,0,0,1,0,3,4,0,1,3,,N,,,,,,,,,,,
2009027872,2001.0,1,0,0,0,0,0,0,0,0,7,0,,67,2,2009,5,39.993,-75.2006,2000.0,6,0,0,0,0,0,0,0,0,2.0,0,0,0,19,3,0,0,,2,39 59:37.384,3.0,0,75 11:58.482,0,0,0,0,67301,0,0,0,N,0,0,0,2,68K01,0,,3,1,,N,N,,0,,0,0,0,0,0,N,1957,0,1,0,0,0,0,0,3,4,0,1,3,,N,,,,,,,,,,,
2009084295,350.0,1,0,0,0,0,0,0,0,0,1,0,,67,6,2009,2,39.9993,-75.1107,345.0,6,0,0,0,0,0,0,0,0,9.0,0,0,0,3,3,0,1,,1,39 59:57.466,6.0,0,75 06:38.356,0,0,0,0,67301,0,0,0,,0,0,0,0,67301,0,,2,1,,N,,,0,,0,0,0,9,2,N,340,0,2,0,0,0,0,0,3,4,1,2,3,,N,,,,,,,,,,,
2009079533,1020.0,2,0,0,0,0,0,0,0,0,1,0,,67,7,2009,3,40.061,-75.0832,1020.0,6,0,0,0,0,0,0,0,1,,0,0,0,10,1,2,0,,0,40 03:39.674,,0,75 04:59.431,8,0,0,0,67301,0,0,0,,0,0,0,3,67301,0,,1,1,,,,,1,,0,0,0,0,0,,1020,2,3,0,0,0,2,1,3,4,0,3,3,,N,,,,,,,,,,,
2009100688,2235.0,2,0,0,0,0,0,0,0,0,1,0,,67,9,2009,7,40.0231,-75.1178,2230.0,6,0,0,0,0,0,0,0,0,,0,0,0,20,3,0,1,,0,40 01:23.235,,0,75 07:04.047,0,0,0,0,67301,0,0,0,N,0,0,0,2,67301,0,,1,9,,N,N,,0,,0,0,0,0,0,,2000,0,2,0,0,0,0,0,3,4,0,2,7,,N,,,,,,,,,,,
2009007452,1811.0,2,0,0,0,0,0,0,0,0,1,0,,67,1,2009,7,39.9381,-75.198,1811.0,6,0,0,0,0,0,0,0,0,1.0,0,0,0,18,3,0,0,,1,39 56:24.000,4.0,0,75 11:45.600,0,0,0,0,67301,0,0,0,N,0,0,0,2,68K01,0,,1,9,,N,N,,0,,0,0,0,0,0,N,1811,0,2,0,0,0,0,0,3,4,0,2,10,,N,,,,,,,,,,,
2009049522,6.0,2,0,0,0,0,0,0,0,0,4,0,,67,4,2009,7,39.9777,-75.246,1.0,6,0,0,0,0,0,0,0,0,9.0,0,0,0,0,3,0,0,,1,39 58:39.832,1.0,0,75 14:45.699,0,0,0,0,67301,0,0,0,N,0,0,0,2,67301,0,,1,1,,N,N,,0,,0,0,0,0,0,N,0,0,2,0,0,0,0,0,3,4,0,2,3,,N,,,,,,,,,,,
2009049562,1628.0,0,0,0,0,0,0,1,0,0,5,2,,67,3,2009,3,39.9525,-75.1625,1628.0,6,0,0,0,0,0,1,0,0,2.0,0,1,0,16,1,5,5,,2,39 57:08.769,4.0,0,75 09:45.156,3,0,0,0,67301,0,0,0,N,0,0,0,9,67301,4,,1,1,,N,N,,0,,1,0,0,3,2,Y,1628,5,2,0,0,1,0,0,3,4,0,2,3,,N,,,,,,,,,,,
2009031209,1206.0,1,0,0,0,0,0,0,0,0,8,0,,67,1,2009,6,39.9566,-75.166,1205.0,6,0,0,0,0,0,1,0,0,,0,0,0,12,1,1,1,,0,39 57:24.048,,0,75 09:57.504,4,0,0,0,67301,1,0,0,N,1,0,0,2,67301,1,,1,1,,N,N,,0,,0,0,0,3,2,,1200,1,2,0,0,0,0,0,3,4,0,1,3,,N,,,,,,,,,,,
2009015181,610.0,1,0,0,0,0,0,0,0,0,5,0,,67,1,2009,4,39.9786,-75.2027,603.0,6,0,0,0,0,0,0,0,0,1.0,0,0,0,6,3,2,0,,1,39 58:45.818,4.0,0,75 12:14.122,4,0,0,0,67301,0,0,0,N,0,0,0,2,68K01,2,,1,7,,N,N,,0,,0,0,1,0,0,Y,600,2,2,0,0,0,0,0,3,4,0,2,10,,N,,,,,,,,,,,
2009049420,9999.0,1,0,0,0,0,0,0,0,0,4,0,,67,4,2009,7,40.0183,-75.0469,9999.0,6,0,0,0,0,0,0,0,0,,0,0,0,2,3,4,1,,0,40 01:04.893,,0,75 02:49.979,8,0,0,0,67301,0,0,0,,0,0,0,4,67301,0,,1,1,,N,N,,0,,0,0,1,3,2,,215,4,2,0,0,0,4,0,3,4,0,2,3,,N,,,,,,,,,,,
2009120438,1855.0,1,0,0,1,0,0,0,0,0,4,0,,67,10,2009,6,40.0368,-75.034,1854.0,6,0,0,0,0,0,0,0,0,,0,0,0,18,3,2,1,,0,40 02:12.447,,0,75 02:02.263,8,0,0,0,67301,2,0,0,N,0,0,0,3,67301,0,,1,9,,N,N,,0,,0,0,0,2,3,,1853,2,2,0,0,0,2,0,3,4,0,1,7,,N,,,,,,,,,,,
2009036198,1923.0,1,0,0,0,0,0,0,0,0,7,0,,67,3,2009,6,39.9678,-75.1306,1914.0,6,0,0,0,1,0,0,0,0,1.0,0,0,0,19,4,0,0,,2,39 58:05.160,1.0,0,75 07:47.640,0,0,0,0,67301,0,0,0,N,0,0,0,2,68K01,0,,2,1,,N,N,,0,,0,0,0,0,0,N,1909,0,1,0,0,2,0,0,3,4,0,1,3,,N,,,,,,,,,,,
2009112260,2202.0,2,0,0,0,0,0,0,0,0,4,0,,67,9,2009,6,39.973,-75.2185,2202.0,6,0,0,0,0,0,1,0,0,,0,0,0,22,3,3,1,,0,39 58:22.961,,0,75 13:06.430,3,0,0,0,67301,0,0,0,,0,0,0,5,67301,2,,1,1,,,,,0,,1,0,0,3,2,,2202,3,2,0,0,0,0,0,3,4,0,2,3,,N,,,,,,,,,,,
2009048608,2352.0,2,0,0,0,0,0,0,0,0,1,0,,67,4,2009,5,39.9883,-75.1591,2350.0,6,0,0,0,0,0,0,0,0,,0,0,0,23,3,1,1,,0,39 59:17.810,,0,75 09:32.664,8,0,0,0,67301,0,0,0,N,0,0,0,2,67301,0,,1,1,,N,N,,0,,0,0,0,0,0,,2344,1,2,0,0,1,1,1,3,4,0,2,3,,N,,,,,,,,,,,
2009048625,1305.0,1,0,0,0,0,0,0,0,0,4,0,,67,4,2009,6,40.0325,-75.1898,1300.0,6,0,0,0,0,0,2,0,0,,0,0,0,12,1,2,1,,0,40 01:57.205,,0,75 11:23.316,4,0,0,0,67301,0,0,0,N,0,0,0,3,67301,2,,1,9,,N,N,,1,,0,0,0,3,2,,1255,2,2,0,0,0,0,0,3,4,0,2,7,,N,,,,,,,,,,,
2009048642,2250.0,3,0,0,0,0,0,0,0,0,5,0,,67,3,2009,1,40.112,-74.9905,2238.0,6,0,0,1,0,0,0,0,0,1.0,0,0,0,22,3,0,1,,1,40 06:43.362,1.0,0,74 59:25.779,0,0,0,0,67301,0,0,0,,0,0,0,4,67301,0,,1,1,,,,,0,,0,0,0,3,2,N,2238,0,3,0,0,0,0,0,3,4,0,3,3,,N,,,,,,,,,,,
2009038708,1925.0,1,0,0,0,0,0,0,0,0,5,0,,67,2,2009,6,39.9609,-75.2452,1915.0,6,0,0,0,0,0,0,0,0,,0,0,0,16,1,1,0,,0,39 57:39.410,,0,75 14:42.603,4,0,0,0,67301,0,0,0,N,0,0,0,3,67301,1,,1,1,,N,N,,1,,0,0,0,0,0,,1630,1,2,0,0,1,0,0,3,4,0,2,3,,N,,,,,,,,,,,
2009038861,2310.0,1,0,0,0,0,0,0,0,0,1,0,,67,2,2009,2,39.9551,-75.1896,2307.0,6,0,0,0,1,0,0,1,0,,0,0,0,23,3,1,0,,0,39 57:18.363,,0,75 11:22.446,4,0,0,0,67301,0,0,0,N,0,0,0,7,67301,1,,1,1,,N,N,,0,,0,0,1,3,2,,2307,1,2,0,0,0,0,0,3,4,0,2,3,,N,,,,,,,,,,,
2009048751,9999.0,0,0,0,0,0,0,0,0,0,8,0,,67,3,2009,3,40.0084,-75.1047,1758.0,6,0,0,0,0,0,0,0,0,,0,0,0,17,1,1,0,,0,40 00:30.279,,0,75 06:17.089,8,0,0,0,67301,1,0,0,,1,0,0,2,67301,0,,1,1,,,,,0,,0,0,1,0,0,,1751,1,2,0,0,0,1,1,3,4,0,1,3,,N,,,,,,,,,,,
2009026290,9999.0,2,0,0,0,0,0,0,0,0,4,0,,67,1,2009,1,39.997,-75.1786,729.0,6,0,0,0,0,0,0,0,0,3.0,0,0,0,99,3,3,1,,1,39 59:49.350,5.0,0,75 10:42.862,4,0,0,0,67301,0,0,0,N,0,0,0,6,67301,2,,1,9,,N,N,,1,,0,0,0,3,2,N,9999,3,3,0,0,0,1,2,3,4,0,3,7,,N,,,,,,,,,,,
2009040305,843.0,1,0,0,2,0,0,0,0,0,1,0,,67,2,2009,2,39.9378,-75.1533,840.0,6,0,0,0,0,0,0,0,0,,0,0,0,8,1,2,1,,0,39 56:15.936,,0,75 09:11.872,4,0,0,0,67301,2,0,0,N,0,0,0,3,67301,2,,1,1,,N,N,,0,,0,0,0,3,3,,835,2,3,0,0,0,0,0,3,4,0,1,3,,N,,,,,,,,,,,
2009100357,1435.0,1,0,0,0,0,0,0,0,0,4,0,,67,9,2009,1,40.0115,-75.0698,1435.0,6,0,0,0,0,0,0,0,0,,0,0,0,14,1,1,1,,0,40 00:42.017,,0,75 04:11.475,4,0,0,0,67301,0,0,0,,0,0,0,2,67301,1,,1,1,,,,,0,,0,0,1,3,2,,1415,1,2,0,0,0,0,0,3,4,0,2,3,,N,,,,,,,,,,,
2009105795,715.0,1,0,0,0,0,0,0,0,0,7,0,,67,9,2009,1,40.0786,-75.1986,700.0,6,0,0,0,0,0,0,0,0,,0,0,0,7,1,1,0,,0,40 04:42.960,,0,75 11:54.893,4,0,0,0,67301,0,0,0,,0,0,0,1,67301,1,,5,1,,N,N,,0,,0,0,0,0,0,,700,1,1,0,0,0,0,0,3,4,0,1,3,,N,,,,,,,,,,,
2009105875,2120.0,3,0,0,0,0,0,0,0,0,1,0,,67,10,2009,5,40.0715,-75.0375,2115.0,6,0,0,0,0,0,0,0,0,1.0,0,0,0,21,3,3,0,,1,40 04:17.372,1.0,0,75 02:15.174,4,0,0,0,67301,0,0,0,N,0,0,0,5,67301,3,,1,1,,N,N,,0,,0,0,0,0,0,N,2110,3,3,0,0,0,0,0,3,4,0,3,3,,N,,,,,,,,,,,
2009110207,2049.0,1,0,0,0,0,0,0,0,0,7,0,,67,10,2009,7,39.9807,-75.1042,2047.0,6,0,0,0,0,1,0,0,0,1.0,0,0,0,20,3,0,0,,2,39 58:52.680,2.0,0,75 06:10.440,0,0,0,0,67301,0,0,0,N,0,0,0,1,68K01,0,,3,9,,N,N,,0,,0,0,0,0,0,N,2044,0,1,0,0,0,0,0,3,4,0,1,7,,N,,,,,,,,,,,
2009105898,2045.0,1,0,0,0,0,0,0,0,0,8,0,,67,10,2009,7,39.9992,-75.1583,2040.0,6,0,0,0,0,0,0,0,0,,0,0,0,20,3,1,0,,0,39 59:57.067,,0,75 09:29.761,4,0,0,0,67301,1,0,0,N,1,0,0,2,67301,1,,1,1,,N,N,,0,,0,0,0,0,0,,2025,1,2,0,0,0,0,0,3,4,0,1,3,,N,,,,,,,,,,,
2009105943,1210.0,2,0,0,0,0,0,0,0,0,2,0,,67,10,2009,6,39.9965,-75.1992,1207.0,6,0,0,1,0,0,1,0,0,3.0,0,0,0,99,6,3,0,,2,39 59:47.283,6.0,0,75 11:57.220,8,0,0,0,67301,0,0,0,N,0,0,0,3,67301,0,,1,9,,N,N,,0,,0,0,0,0,0,Y,9999,3,2,0,0,0,3,0,3,4,0,2,7,,N,,,,,,,,,,,