CRN,ARRIVAL_TM,AUTOMOBILE_COUNT,BELTED_DEATH_COUNT,BELTED_SUSP_SERIOUS_INJ_COUNT,BICYCLE_COUNT,BICYCLE_DEATH_COUNT,BICYCLE_SUSP_SERIOUS_INJ_COUNT,BUS_COUNT,CHLDPAS_DEATH_COUNT,CHLDPAS_SUSP_SERIOUS_INJ_COUNT,COLLISION_TYPE,COMM_VEH_COUNT,CONS_ZONE_SPD_LIM,COUNTY,CRASH_MONTH,CRASH_YEAR,DAY_OF_WEEK,DEC_LAT,DEC_LONG,DISPATCH_TM,DISTRICT,DRIVER_COUNT_16YR,DRIVER_COUNT_17YR,DRIVER_COUNT_18YR,DRIVER_COUNT_19YR,DRIVER_COUNT_20YR,DRIVER_COUNT_50_64YR,DRIVER_COUNT_65_74YR,DRIVER_COUNT_75PLUS,EST_HRS_CLOSED,FATAL_COUNT,HEAVY_TRUCK_COUNT,HORSE_BUGGY_COUNT,HOUR_OF_DAY,ILLUMINATION,INJURY_COUNT,INTERSECT_TYPE,INTERSECTION_RELATED,LANE_CLOSED,LATITUDE,LN_CLOSE_DIR,LOCATION_TYPE,LONGITUDE,MAX_SEVERITY_LEVEL,MCYCLE_DEATH_COUNT,MCYCLE_SUSP_SERIOUS_INJ_COUNT,MOTORCYCLE_COUNT,MUNICIPALITY,NONMOTR_COUNT,NONMOTR_DEATH_COUNT,NONMOTR_SUSP_SERIOUS_INJ_COUNT,NTFY_HIWY_MAINT,PED_COUNT,PED_DEATH_COUNT,PED_SUSP_SERIOUS_INJ_COUNT,PERSON_COUNT,POLICE_AGCY,POSSIBLE_INJ_COUNT,RDWY_SURF_TYPE_CD,RELATION_TO_ROAD,ROAD_CONDITION,ROADWAY_CLEARED,SCH_BUS_IND,SCH_ZONE_IND,SECONDARY_CRASH,SMALL_TRUCK_COUNT,SPEC_JURIS_CD,SUSP_MINOR_INJ_COUNT,SUSP_SERIOUS_INJ_COUNT,SUV_COUNT,TCD_FUNC_CD,TCD_TYPE,TFC_DETOUR_IND,TIME_OF_DAY,TOT_INJ_COUNT,TOTAL_UNITS,UNB_DEATH_COUNT,UNB_SUSP_SERIOUS_INJ_COUNT,UNBELTED_OCC_COUNT,UNK_INJ_DEG_COUNT,UNK_INJ_PER_COUNT,URBAN_AREA,URBAN_RURAL,VAN_COUNT,VEHICLE_COUNT,WEATHER1,WEATHER2,WORK_ZONE_IND,WORK_ZONE_LOC,WORK_ZONE_TYPE,WORKERS_PRES,WZ_CLOSE_DETOUR,WZ_FLAGGER,WZ_LAW_OFFCR_IND,WZ_LN_CLOSURE,WZ_MOVING,WZ_OTHER,WZ_SHLDER_MDN,WZ_WORKERS_INJ_KILLED
2009101027,9999.0,2,0,0,0,0,0,0,0,0,4,0,,67,9,2009,4,40.0014,-75.1579,1430.0,6,0,0,0,0,0,0,0,0,,0,0,0,13,1,4,2,,0,40 00:04.947,,0,75 09:28.366,8,0,0,0,67301,0,0,0,N,0,0,0,5,67301,0,,1,1,,N,N,,0,,0,0,0,3,3,,1350,4,2,0,0,0,4,0,3,4,0,2,3,,N,,,,,,,,,,,
2009100036,2202.0,0,0,0,0,0,0,0,0,0,0,0,,67,9,2009,4,39.9768,-75.1895,2200.0,6,0,0,0,0,0,0,0,0,,0,0,0,22,3,1,0,,0,39 58:36.364,,0,75 11:22.148,8,0,0,1,67301,0,0,0,N,0,0,0,1,67301,0,,2,1,,N,N,,0,,0,0,0,0,0,,2200,1,2,0,0,0,1,0,3,4,0,1,3,,N,,,,,,,,,,,
2009105573,940.0,2,0,0,0,0,0,0,0,0,4,0,,67,10,2009,2,40.0366,-75.1316,933.0,6,0,0,0,0,1,1,0,0,,0,0,0,9,1,1,1,,0,40 02:11.661,,0,75 07:53.744,4,0,0,0,67301,0,0,0,N,0,0,0,2,67301,1,,1,1,,N,N,,0,,0,0,0,3,3,,915,1,2,0,0,0,0,0,3,4,0,2,3,,N,,,,,,,,,,,
2009110044,759.0,1,0,0,0,0,0,0,0,0,9,0,55.0,67,10,2009,7,39.8877,-75.2038,745.0,6,0,0,0,0,0,0,0,0,2.0,0,0,0,7,1,0,0,,1,39 53:49.560,1.0,0,75 11:19.320,0,0,0,0,67301,0,0,0,Y,0,0,0,1,68K01,0,,2,9,,N,N,,0,,0,0,0,3,1,N,736,0,1,0,0,0,0,0,3,4,0,1,7,,Y,4.0,1.0,N,N,N,N,N,N,N,Y,
2009105638,1401.0,2,0,0,0,0,0,0,0,0,4,0,,67,10,2009,5,40.0289,-75.0895,1353.0,6,0,0,0,0,1,1,0,0,1.0,0,0,0,13,1,3,1,,1,40 01:43.697,1.0,0,75 05:23.235,8,0,0,0,67301,0,0,0,N,0,0,0,5,67301,0,,1,1,,N,N,,0,,0,0,0,3,2,N,1352,3,3,0,0,0,3,0,3,4,1,3,3,,N,,,,,,,,,,,
2009100842,1520.0,1,0,0,0,0,0,0,0,0,2,0,,67,9,2009,5,40.0174,-75.1408,1515.0,6,0,0,0,0,0,1,0,0,,0,0,0,99,1,2,2,,0,40 01:02.521,,0,75 08:26.782,2,0,0,0,67301,0,0,0,,0,0,0,2,67301,1,,1,9,,,,,0,,0,1,0,3,3,,9999,2,2,0,0,0,0,0,3,4,1,2,7,,N,,,,,,,,,,,
2009025817,1417.0,2,0,0,0,0,0,0,0,0,4,0,,67,1,2009,6,40.0451,-75.1582,1414.0,6,0,0,0,0,0,0,1,0,,0,0,0,14,1,0,1,,0,40 02:42.273,,0,75 09:29.620,0,0,0,0,67301,0,0,0,N,0,0,0,2,67301,0,,1,1,,N,N,,0,,0,0,0,2,2,,1414,0,2,0,0,0,0,0,3,4,0,2,3,,N,,,,,,,,,,,
2009028486,1705.0,1,0,0,0,0,0,0,0,0,7,0,,67,1,2009,2,40.0068,-75.1321,1700.0,6,0,0,0,0,0,0,0,0,,0,0,0,16,1,0,3,,0,40 00:24.409,,0,75 07:55.714,0,0,0,0,67301,0,0,0,N,0,0,0,1,67301,0,,3,2,,N,N,,0,,0,0,0,3,3,,1600,0,1,0,0,0,0,0,3,4,0,1,10,,N,,,,,,,,,,,
2009025837,1420.0,1,0,0,0,0,0,0,0,0,8,0,,67,1,2009,3,39.9244,-75.1696,1417.0,6,0,0,0,0,0,0,0,0,,0,0,0,14,1,1,1,,0,39 55:27.786,,0,75 10:11.056,4,0,0,0,67301,1,0,0,,1,0,0,2,67301,1,,2,2,,,,,0,,0,0,0,3,2,,1410,1,2,0,0,0,0,0,3,4,0,1,10,,N,,,,,,,,,,,
2009025848,744.0,0,0,0,0,0,0,0,0,0,8,0,,67,1,2009,6,39.9259,-75.1623,743.0,6,0,0,0,0,0,0,0,0,,0,0,0,7,1,1,1,,0,39 55:33.358,,0,75 09:44.420,4,0,0,0,67301,1,0,0,,1,0,0,2,67301,1,,1,1,,N,,,0,,0,0,0,3,3,,742,1,2,0,0,0,0,0,3,4,0,1,3,,N,,,,,,,,,,,
2009030673,104.0,3,0,0,0,0,0,0,0,0,5,0,,67,3,2009,2,39.9835,-75.0975,53.0,6,0,0,0,0,0,1,0,0,1.0,0,0,0,0,3,0,0,,2,39 59:01.010,1.0,0,75 05:50.330,0,0,0,0,67301,0,0,0,N,0,0,0,6,68K01,0,,1,7,,N,N,,0,,0,0,0,0,0,N,50,0,3,0,0,0,0,0,3,4,0,3,10,,N,,,,,,,,,,,
2009025636,1700.0,0,0,0,0,0,0,0,0,0,2,0,,67,1,2009,4,40.0193,-75.0445,1651.0,6,0,0,0,0,0,1,0,0,1.0,0,0,0,16,4,1,0,,1,40 01:09.951,1.0,0,75 02:39.715,3,0,0,0,67301,0,0,0,N,0,0,0,2,67301,0,,1,9,,N,N,,0,,1,0,2,0,0,N,1650,1,2,0,0,0,0,0,3,4,0,2,7,,N,,,,,,,,,,,
2009037794,1225.0,2,0,0,0,0,0,0,0,0,1,0,,67,3,2009,4,40.0109,-75.2062,1219.0,6,0,0,0,0,0,0,0,0,,0,0,0,12,1,1,3,,0,40 00:39.639,,2,75 12:22.116,4,0,0,0,67301,0,0,0,N,0,0,0,3,68K01,1,,1,1,,N,N,,0,,0,0,0,3,3,,1216,1,2,0,0,0,0,0,3,4,0,2,3,,N,,,,,,,,,,,
2009032836,9999.0,3,0,0,0,0,0,0,0,0,1,0,,67,2,2009,6,39.9386,-75.2217,9999.0,6,0,0,0,0,0,0,0,0,,0,0,0,10,1,1,1,,0,39 56:18.896,,0,75 13:18.042,4,0,0,0,67301,0,0,0,,0,0,0,3,67301,1,,1,1,,,,,0,,0,0,0,3,2,,1010,1,4,0,0,0,0,1,3,4,1,4,3,,N,,,,,,,,,,,
2009032924,1531.0,0,0,0,0,0,0,0,0,0,8,0,,67,1,2009,6,40.0298,-75.134,1530.0,6,0,0,0,0,0,0,0,0,,0,0,0,15,1,1,0,,0,40 01:47.104,,0,75 08:02.326,4,0,0,0,67301,1,0,0,N,1,0,0,2,67301,1,,1,1,,N,N,,0,,0,0,1,0,0,,1530,1,2,0,0,1,0,0,3,4,0,1,3,,N,,,,,,,,,,,
2009022646,716.0,1,0,0,0,0,0,0,0,0,1,0,,67,2,2009,6,39.9837,-75.0976,708.0,6,0,0,0,0,0,0,0,0,2.0,0,0,0,7,5,1,0,,1,39 59:01.094,2.0,0,75 05:51.648,4,0,0,0,67301,0,0,0,N,0,0,0,3,68K01,1,,1,1,,N,N,,0,,0,0,0,0,0,N,707,1,2,0,0,0,0,0,3,4,1,2,3,,N,,,,,,,,,,,
2009030419,1708.0,1,0,0,0,0,0,1,0,0,4,1,,67,1,2009,3,40.0088,-75.1476,1703.0,6,0,0,0,0,0,1,0,0,,0,0,0,16,4,1,1,,0,40 00:31.680,,0,75 08:51.360,4,0,0,0,67301,0,0,0,,0,0,0,3,67301,1,,1,1,,N,N,,0,,0,0,0,2,2,,1650,1,2,0,0,0,0,0,3,4,0,2,3,,N,,,,,,,,,,,
2009086856,1610.0,0,0,0,0,0,0,0,0,0,4,0,,67,8,2009,4,39.9841,-75.0963,1606.0,6,0,0,0,0,0,1,0,0,1.0,0,0,0,16,1,0,0,,2,39 59:02.915,1.0,0,75 05:46.187,0,0,0,0,67301,0,0,0,N,0,0,0,2,68K01,0,,1,1,,N,N,,2,,0,0,0,0,0,Y,1603,0,2,0,0,0,0,0,3,4,0,2,3,,N,,,,,,,,,,,
2009084504,1626.0,1,0,0,0,0,0,0,0,0,1,0,,67,8,2009,5,39.9461,-75.1422,1614.0,6,0,0,0,0,0,0,0,0,,0,0,0,16,1,0,0,,0,39 56:46.305,,0,75 08:31.910,0,0,0,0,67301,0,0,0,N,0,0,0,4,68K01,0,,1,1,,N,N,,1,,0,0,0,0,0,,1611,0,2,0,0,0,0,0,3,4,0,2,3,,N,,,,,,,,,,,
2009077206,8.0,0,0,0,0,0,0,0,0,0,1,0,,67,7,2009,1,39.9996,-75.1951,5.0,6,0,0,0,0,1,0,0,0,1.0,0,0,0,0,3,4,0,,1,40 00:00.720,4.0,0,75 11:41.640,3,0,0,2,67301,0,0,0,N,0,0,0,4,68K01,0,,1,1,,N,N,,0,,4,0,0,0,0,N,1,4,2,0,0,0,0,0,3,4,0,2,3,,N,,,,,,,,,,,
2009077212,1120.0,0,0,0,0,0,0,0,0,0,7,0,,67,7,2009,4,39.967,-75.1336,1120.0,6,0,0,0,0,0,1,0,0,,0,0,0,11,1,0,0,,0,39 58:01.449,,0,75 07:59.959,0,0,0,0,67301,0,0,0,N,0,0,0,1,68K01,0,,1,1,,N,N,,0,,0,0,0,0,0,,1120,0,1,0,0,0,0,0,3,4,1,1,3,,N,,,,,,,,,,,
2009105966,2115.0,0,0,0,0,0,0,0,0,0,4,1,,67,10,2009,5,40.0162,-75.142,2110.0,6,0,0,0,0,0,0,0,0,1.0,0,1,0,21,3,1,1,,1,40 00:58.197,7.0,0,75 08:31.243,4,0,0,0,67301,0,0,0,N,0,0,0,3,67301,1,,1,1,,N,N,,0,,0,0,0,3,3,N,2100,1,2,0,0,0,0,0,3,4,1,2,3,,N,,,,,,,,,,,
2009049508,1743.0,1,0,0,0,0,0,0,0,0,4,0,,67,4,2009,6,40.0228,-75.0479,1739.0,6,0,0,0,0,0,0,0,0,,0,0,0,17,1,1,1,,0,40 01:22.026,,0,75 02:52.591,4,0,0,0,67301,0,0,0,N,0,0,0,2,67301,1,,1,9,,N,N,,0,,0,0,0,3,3,,1733,1,2,0,0,0,0,0,3,4,0,2,7,,N,,,,,,,,,,,
2009007835,714.0,1,0,0,0,0,0,0,0,0,5,0,,67,1,2009,6,40.0224,-75.038,707.0,6,0,0,0,0,0,1,0,0,1.0,0,0,0,7,1,0,0,,1,40 01:20.280,2.0,0,75 02:17.160,0,0,0,0,67301,0,0,0,N,0,0,0,4,68K01,0,,1,1,,N,N,,0,,0,0,2,0,0,N,704,0,3,0,0,0,0,0,3,4,0,3,3,,N,,,,,,,,,,,
2009049319,1340.0,1,0,0,0,0,0,0,0,0,7,0,,67,4,2009,7,40.1094,-74.9943,1322.0,6,0,0,0,0,0,0,0,0,2.0,0,0,0,13,1,1,6,,1,40 06:37.509,1.0,2,74 59:34.292,4,0,0,0,67301,0,0,0,,0,0,0,1,67301,1,,3,1,,,,,0,,0,0,0,0,0,N,1321,1,1,0,0,0,0,0,3,4,0,1,3,,N,,,,,,,,,,,
2009049381,28.0,0,0,0,0,0,0,0,0,0,4,0,,67,3,2009,1,40.0132,-75.0704,20.0,6,0,0,0,0,0,1,0,0,3.0,0,0,0,0,3,1,1,,2,40 00:47.439,1.0,0,75 04:13.514,4,0,0,0,67301,0,0,0,,0,0,0,3,67301,1,,1,1,,,,,0,,0,0,2,3,2,Y,19,1,2,0,0,0,0,0,3,4,0,2,3,,N,,,,,,,,,,,
2009120449,2208.0,1,0,0,0,0,0,0,0,0,1,0,,67,6,2009,3,39.9841,-75.1873,2125.0,6,0,0,0,0,0,1,0,0,3.0,0,0,0,21,6,3,0,,1,39 59:02.580,4.0,0,75 11:14.384,8,0,0,0,67301,0,0,0,N,0,0,0,5,67301,0,,1,1,,N,N,,0,,0,0,0,0,0,N,2124,3,2,0,0,0,3,0,3,4,1,2,7,,N,,,,,,,,,,,
2009117185,619.0,1,0,0,0,0,0,0,0,0,7,0,,67,11,2009,4,39.9835,-75.098,608.0,6,0,0,0,0,0,0,0,0,1.0,0,0,0,6,3,1,0,,2,39 59:00.600,2.0,0,75 05:52.800,8,0,0,0,67301,0,0,0,N,0,0,0,1,68K01,0,,2,9,,N,N,,0,,0,0,0,0,0,N,606,1,1,0,0,0,1,0,3,4,0,1,7,,N,,,,,,,,,,,
2009124886,2322.0,2,0,0,0,0,0,0,0,0,1,0,,67,11,2009,2,39.999,-75.1332,2322.0,6,0,0,0,0,0,0,0,0,1.0,0,0,0,23,3,1,1,,1,39 59:56.501,3.0,0,75 07:59.702,4,0,0,0,67301,0,0,0,N,0,0,0,1,67301,1,,1,1,,N,N,,0,,0,0,0,3,2,N,2322,1,2,0,0,1,0,0,3,4,0,2,3,,N,,,,,,,,,,,
2009124985,1640.0,0,0,0,0,0,0,1,0,0,8,1,,67,11,2009,4,39.9549,-75.2287,1640.0,6,0,0,0,0,0,0,0,0,,0,0,0,16,1,5,0,,0,39 57:17.787,,0,75 13:43.377,8,0,0,0,67301,1,0,0,N,1,0,0,6,67301,0,,1,9,,N,N,,0,,0,0,0,0,0,,1635,5,2,0,0,0,5,0,3,4,0,1,7,,N,,,,,,,,,,,
2009033752,925.0,1,0,0,0,0,0,0,0,0,1,0,,67,3,2009,2,40.0092,-75.2098,915.0,6,0,0,0,0,0,0,0,0,,0,0,0,9,1,1,2,,0,40 00:33.120,,2,75 12:35.280,4,0,0,0,67301,0,0,0,N,0,0,0,2,68K01,1,,1,1,,N,N,,0,,0,0,1,0,0,,910,1,2,0,0,0,0,0,3,4,0,2,3,,N,,,,,,,,,,,
2009112379,129.0,0,0,0,0,0,0,0,0,0,7,0,,67,10,2009,7,39.9807,-75.2061,124.0,6,0,0,0,0,0,0,0,0,1.0,0,0,0,1,3,1,0,,1,39 58:53.173,3.0,0,75 12:25.487,4,0,0,0,67301,0,0,0,N,0,0,0,1,68K01,1,,4,9,,N,N,,0,,0,0,1,0,0,N,122,1,1,0,0,0,0,0,3,4,0,1,7,,N,,,,,,,,,,,
2009039069,925.0,1,0,0,0,0,0,0,0,0,2,0,,67,2,2009,5,40.0283,-75.0881,911.0,6,0,0,0,0,0,0,0,0,,0,0,0,8,1,1,1,,0,40 01:42.057,,0,75 05:16.993,8,0,0,0,67301,0,0,0,,0,0,0,2,67301,0,,1,1,,N,N,,0,,0,0,0,3,2,,859,1,2,0,0,0,1,0,3,4,1,2,3,,N,,,,,,,,,,,
2009125086,2000.0,2,0,0,0,0,0,0,0,0,1,0,,67,11,2009,1,39.9858,-75.2156,1953.0,6,0,0,0,0,0,0,0,1,,0,0,0,18,3,2,1,,0,39 59:08.826,,0,75 12:56.555,8,0,0,0,67301,0,0,0,N,0,0,0,3,67301,0,,1,1,,N,N,,0,,0,0,0,3,2,,1849,2,2,0,0,0,2,1,3,4,0,2,3,,N,,,,,,,,,,,
2009048664,1028.0,1,0,0,0,0,0,0,0,0,6,0,,67,4,2009,7,39.9551,-75.2298,1025.0,6,0,0,0,0,0,0,0,0,,0,0,0,15,8,2,1,,0,39 57:18.234,,0,75 13:47.243,3,0,0,0,67301,0,0,0,N,0,0,0,3,67301,1,,1,1,,N,N,,0,,1,0,1,9,2,,1510,2,2,0,0,0,0,0,3,4,0,2,99,,N,,,,,,,,,,,
2009038692,1859.0,0,0,0,0,0,0,0,0,0,8,0,,67,2,2009,1,40.0474,-75.078,1856.0,6,0,0,0,0,0,0,0,0,,0,0,0,99,3,1,0,,0,40 02:50.726,,0,75 04:40.832,8,0,0,0,67301,1,0,0,N,1,0,0,2,67301,0,,1,1,,N,N,,1,,0,0,0,3,2,,9999,1,2,0,0,0,1,0,3,4,0,1,3,,N,,,,,,,,,,,
2009112553,2357.0,1,0,0,0,0,0,0,0,0,7,0,,67,10,2009,6,39.9427,-75.1934,2357.0,6,0,0,0,0,0,1,0,0,1.0,0,0,0,23,3,1,0,,1,39 56:39.332,3.0,0,75 11:30.755,4,0,0,0,67301,0,0,0,N,0,0,0,1,68K01,1,,2,9,,N,N,,0,,0,0,0,0,0,N,2355,1,1,0,0,0,0,0,3,4,0,1,7,,N,,,,,,,,,,,
2009038789,9999.0,2,0,0,0,0,0,0,0,0,1,0,,67,2,2009,2,39.9751,-75.188,9999.0,6,0,0,0,0,0,0,0,0,1.0,0,0,0,8,1,2,1,,1,39 58:30.510,3.0,0,75 11:16.820,4,0,0,0,67301,0,0,0,N,0,0,0,2,67301,2,,1,1,,N,N,,0,,0,0,0,3,2,N,843,2,2,0,0,0,0,0,3,4,0,2,3,,N,,,,,,,,,,,
2009124810,838.0,1,0,0,0,0,0,0,0,0,1,0,,67,11,2009,4,39.9321,-75.1999,827.0,6,0,0,0,1,0,1,0,0,,0,0,0,8,1,0,0,,0,39 55:57.360,,0,75 12:00.000,0,0,0,0,67301,0,0,0,N,0,0,0,2,68K01,0,,1,1,,N,N,,1,,0,0,0,0,0,,820,0,2,0,0,0,0,0,3,4,0,2,3,,N,,,,,,,,,,,
2009026038,1533.0,2,0,0,0,0,0,0,0,0,4,0,,67,1,2009,4,40.0136,-75.0685,1530.0,6,0,0,0,0,0,0,0,0,,0,0,0,15,1,1,1,,0,40 00:48.913,,0,75 04:06.725,8,0,0,0,67301,0,0,0,N,0,0,0,2,67301,0,,1,1,,,N,,0,,0,0,0,3,2,,1515,1,2,0,0,1,1,0,3,4,0,2,3,,N,,,,,,,,,,,
2009115476,1846.0,2,0,0,0,0,0,0,0,0,1,0,,67,11,2009,2,39.8989,-75.1719,1805.0,6,0,0,0,0,0,1,0,0,,0,0,0,18,3,1,0,,0,39 53:56.400,,0,75 10:09.120,8,0,0,0,67301,0,0,0,N,0,0,0,3,68K01,0,,1,1,,N,N,,0,,0,0,0,0,0,,1802,1,2,0,0,0,1,0,3,4,0,2,3,,N,,,,,,,,,,,
2009105772,1910.0,1,0,0,1,0,0,0,0,0,5,0,,67,10,2009,5,40.0092,-75.1967,1908.0,6,0,0,0,0,0,0,1,0,1.0,0,0,0,19,3,1,10,,1,40 00:33.248,6.0,3,75 11:48.767,8,0,0,0,67301,1,0,0,,0,0,0,2,67301,0,,1,1,,,,,0,,0,0,0,0,0,N,1904,1,2,0,0,0,1,0,3,4,0,1,3,,N,,,,,,,,,,,
2009105891,1130.0,2,0,0,0,0,0,0,0,0,1,0,,67,9,2009,1,40.0513,-75.0009,1125.0,6,0,0,0,0,0,0,0,0,,0,0,0,11,1,2,0,,0,40 03:04.771,,0,75 00:03.310,4,0,0,0,67301,0,0,0,,0,0,0,2,67301,2,,1,1,,,,,0,,0,0,0,0,0,,1120,2,2,0,0,0,0,0,3,4,0,2,3,,N,,,,,,,,,,,
2009105914,1620.0,2,0,0,0,0,0,0,0,0,5,0,,67,9,2009,5,40.0819,-75.0714,1610.0,6,0,0,0,0,0,1,0,0,,0,0,0,16,1,1,0,,0,40 04:54.804,,0,75 04:16.878,4,0,0,0,67301,0,0,0,N,0,0,0,1,67301,1,,1,1,,N,N,,0,,0,0,0,0,0,,1610,1,2,0,0,1,0,0,3,4,0,2,3,,N,,,,,,,,,,,
2009105922,810.0,2,0,0,0,0,0,0,0,0,2,0,,67,10,2009,1,39.9858,-75.2156,806.0,6,0,0,0,0,0,0,0,1,,0,0,0,8,1,2,3,,0,39 59:09.028,,0,75 12:56.230,3,0,0,0,67301,0,0,0,N,0,0,0,2,67301,1,,1,1,,N,N,,0,,1,0,0,0,0,,800,2,2,0,0,0,0,0,3,4,0,2,3,,N,,,,,,,,,,,
2009105936,1845.0,1,0,0,0,0,0,0,0,0,8,0,,67,9,2009,2,40.0759,-75.1769,1840.0,6,0,0,0,0,0,0,1,0,,0,0,0,17,1,1,0,,0,40 04:33.100,,0,75 10:36.866,4,0,0,0,67301,1,0,0,N,1,0,0,2,67301,1,,1,9,,N,N,,0,,0,0,0,3,2,,1740,1,2,0,0,0,0,0,3,4,0,1,7,,N,,,,,,,,,,,
2009105543,400.0,1,0,0,0,0,0,0,0,0,7,0,,67,10,2009,7,40.0232,-75.1585,355.0,6,0,0,0,0,0,0,0,0,3.0,0,0,0,2,3,4,0,,1,40 01:23.476,6.0,0,75 09:30.762,3,0,0,0,67301,0,0,0,N,0,0,0,4,67301,0,,5,9,,N,N,,0,,4,0,0,0,0,N,230,4,1,0,0,0,0,0,3,4,0,1,7,,N,,,,,,,,,,,
2009101014,1249.0,2,0,0,0,0,0,0,0,0,4,0,,67,9,2009,7,39.9485,-75.2057,1247.0,6,0,0,0,0,0,0,0,0,,0,0,0,11,1,0,1,,0,39 56:54.708,,0,75 12:20.462,0,0,0,0,67301,0,0,0,N,0,0,0,2,67301,0,,1,1,,N,N,,0,,0,0,0,3,3,,1150,0,2,0,0,0,0,0,3,4,0,2,3,,N,,,,,,,,,,,
2009105571,1830.0,3,0,0,0,0,0,0,0,0,1,0,,67,9,2009,6,40.0251,-75.1594,1800.0,6,0,1,0,0,0,0,0,0,,0,0,0,17,1,3,0,,0,40 01:30.388,,0,75 09:33.696,4,0,0,0,67301,0,0,0,N,0,0,0,7,67301,3,,1,1,,N,N,,0,,0,0,0,0,0,,1740,3,3,0,0,0,0,0,3,4,0,3,3,,N,,,,,,,,,,,
2009105631,2232.0,1,0,0,0,0,0,0,0,0,7,0,,67,10,2009,6,39.9962,-75.2073,2226.0,6,0,0,1,0,0,0,0,0,2.0,0,0,0,22,3,0,0,,2,39 59:46.498,4.0,0,75 12:26.215,0,0,0,0,67301,0,0,0,N,0,0,0,4,67301,0,,5,1,,N,N,,0,,0,0,0,0,0,Y,2220,0,1,0,0,0,0,0,3,4,0,1,3,,N,,,,,,,,,,,
2009100713,1615.0,1,0,0,0,0,0,0,0,0,2,0,,67,9,2009,7,39.9946,-75.1233,1615.0,6,1,1,0,0,0,0,0,0,,0,0,0,16,1,1,0,,0,39 59:40.476,,0,75 07:23.787,4,0,0,1,67301,0,0,0,N,0,0,0,2,67301,1,,1,1,,N,N,,0,,0,0,0,0,0,,1600,1,2,0,0,0,0,0,3,4,0,2,3,,N,,,,,,,,,,,
2009100515,1505.0,2,0,0,0,0,0,0,0,0,1,1,,67,9,2009,2,40.02,-75.1505,1445.0,6,0,0,0,0,0,2,1,0,1.0,0,1,0,14,1,1,0,,2,40 01:12.058,2.0,0,75 09:01.875,8,0,0,0,67301,0,0,0,,0,0,0,4,67301,0,,1,9,,,,,0,,0,0,0,0,0,Y,1440,1,4,0,0,2,1,1,3,4,1,4,3,,N,,,,,,,,,,,
2009025815,1235.0,1,0,0,0,0,0,0,0,0,4,0,,67,1,2009,6,40.0665,-75.2478,1231.0,6,0,0,0,0,0,1,0,0,2.0,0,0,0,12,1,1,0,,1,40 03:59.364,3.0,7,75 14:52.191,8,0,0,0,67301,0,0,0,N,0,0,0,2,67301,0,,1,1,,N,N,,0,,0,0,1,0,0,N,1215,1,2,0,0,2,1,0,3,4,0,2,3,,N,,,,,,,,,,,
2009032626,1445.0,1,0,0,0,0,0,0,0,0,8,0,,67,2,2009,5,40.0403,-75.0585,1415.0,6,0,0,0,0,0,0,0,0,,1,0,0,14,1,0,1,,0,40 02:25.798,,0,75 03:31.965,1,0,0,0,67301,1,1,0,,1,1,0,2,67301,0,2.0,1,1,,,,,0,0.0,0,0,0,0,0,,1405,0,2,0,0,0,0,0,3,4,0,1,3,,N,,,,,,,,,,,
2009025178,1125.0,1,0,0,0,0,0,0,0,0,8,0,,67,1,2009,7,39.9263,-75.1845,1120.0,6,0,0,0,0,0,0,0,0,9.0,0,0,0,11,8,1,1,,2,39 55:34.530,3.0,0,75 11:03.499,8,0,0,0,67301,1,0,0,,1,0,0,3,67301,0,,1,1,,,,,0,,0,0,0,3,2,N,1110,1,2,0,0,0,1,0,3,4,0,1,3,,N,,,,,,,,,,,
2009029984,2318.0,2,0,0,0,0,0,0,0,0,4,0,,67,2,2009,7,39.9562,-75.1941,2317.0,6,0,0,0,0,0,0,1,0,,0,0,0,23,3,0,1,,0,39 57:22.432,,0,75 11:38.799,0,0,0,0,67301,0,0,0,N,0,0,0,4,67301,0,,1,9,,N,N,,0,,0,0,0,1,2,,2317,0,2,0,0,0,0,0,3,4,0,2,3,,N,,,,,,,,,,,
2009032930,1318.0,2,0,0,0,0,0,0,0,0,4,0,,67,2,2009,3,40.0072,-75.1234,1318.0,6,0,0,0,0,0,0,0,0,,0,0,0,13,1,1,1,,0,40 00:25.981,,0,75 07:24.379,4,0,0,0,67301,0,0,0,N,0,0,0,2,67301,1,,1,9,,N,N,,0,,0,0,0,3,2,,1318,1,2,0,0,2,0,0,3,4,0,2,10,,N,,,,,,,,,,,
2009096774,1641.0,2,0,0,0,0,0,0,0,0,1,0,,67,9,2009,5,39.9666,-75.1876,1640.0,6,0,0,0,0,0,0,1,0,1.0,0,0,0,16,1,1,3,,1,39 57:59.400,4.0,2,75 11:14.640,4,0,0,0,67301,0,0,0,N,0,0,0,2,68K01,1,,1,1,,N,N,,0,,0,0,0,0,0,N,1639,1,2,0,0,0,0,0,3,4,0,2,3,,N,,,,,,,,,,,
2009125469,832.0,0,0,0,0,0,0,0,0,0,4,0,,67,11,2009,6,39.9213,-75.2316,828.0,6,0,0,0,0,0,0,1,0,,0,0,0,8,1,2,1,,0,39 55:16.810,,0,75 13:53.611,4,0,0,0,67301,0,0,0,N,0,0,0,3,67301,2,,1,9,,N,Y,,0,,0,0,0,3,2,,812,2,2,0,0,0,0,0,3,4,1,2,7,,N,,,,,,,,,,,
2009111786,915.0,2,0,0,0,0,0,0,0,0,4,0,,67,10,2009,6,40.0455,-75.0883,911.0,6,0,0,0,0,1,0,0,0,,0,0,0,9,1,2,2,,0,40 02:43.859,,0,75 05:17.937,4,0,0,0,67301,0,0,0,,0,0,0,3,67301,2,,1,9,,N,N,,0,,0,0,0,9,2,,907,2,2,0,0,0,0,0,3,4,0,2,7,,N,,,,,,,,,,,