CRN,ARRIVAL_TM,AUTOMOBILE_COUNT,BELTED_DEATH_COUNT,BELTED_SUSP_SERIOUS_INJ_COUNT,BICYCLE_COUNT,BICYCLE_DEATH_COUNT,BICYCLE_SUSP_SERIOUS_INJ_COUNT,BUS_COUNT,CHLDPAS_DEATH_COUNT,CHLDPAS_SUSP_SERIOUS_INJ_COUNT,COLLISION_TYPE,COMM_VEH_COUNT,CONS_ZONE_SPD_LIM,COUNTY,CRASH_MONTH,CRASH_YEAR,DAY_OF_WEEK,DEC_LAT,DEC_LONG,DISPATCH_TM,DISTRICT,DRIVER_COUNT_16YR,DRIVER_COUNT_17YR,DRIVER_COUNT_18YR,DRIVER_COUNT_19YR,DRIVER_COUNT_20YR,DRIVER_COUNT_50_64YR,DRIVER_COUNT_65_74YR,DRIVER_COUNT_75PLUS,EST_HRS_CLOSED,FATAL_COUNT,HEAVY_TRUCK_COUNT,HORSE_BUGGY_COUNT,HOUR_OF_DAY,ILLUMINATION,INJURY_COUNT,INTERSECT_TYPE,INTERSECTION_RELATED,LANE_CLOSED,LATITUDE,LN_CLOSE_DIR,LOCATION_TYPE,LONGITUDE,MAX_SEVERITY_LEVEL,MCYCLE_DEATH_COUNT,MCYCLE_SUSP_SERIOUS_INJ_COUNT,MOTORCYCLE_COUNT,MUNICIPALITY,NONMOTR_COUNT,NONMOTR_DEATH_COUNT,NONMOTR_SUSP_SERIOUS_INJ_COUNT,NTFY_HIWY_MAINT,PED_COUNT,PED_DEATH_COUNT,PED_SUSP_SERIOUS_INJ_COUNT,PERSON_COUNT,POLICE_AGCY,POSSIBLE_INJ_COUNT,RDWY_SURF_TYPE_CD,RELATION_TO_ROAD,ROAD_CONDITION,ROADWAY_CLEARED,SCH_BUS_IND,SCH_ZONE_IND,SECONDARY_CRASH,SMALL_TRUCK_COUNT,SPEC_JURIS_CD,SUSP_MINOR_INJ_COUNT,SUSP_SERIOUS_INJ_COUNT,SUV_COUNT,TCD_FUNC_CD,TCD_TYPE,TFC_DETOUR_IND,TIME_OF_DAY,TOT_INJ_COUNT,TOTAL_UNITS,UNB_DEATH_COUNT,UNB_SUSP_SERIOUS_INJ_COUNT,UNBELTED_OCC_COUNT,UNK_INJ_DEG_COUNT,UNK_INJ_PER_COUNT,URBAN_AREA,URBAN_RURAL,VAN_COUNT,VEHICLE_COUNT,WEATHER1,WEATHER2,WORK_ZONE_IND,WORK_ZONE_LOC,WORK_ZONE_TYPE,WORKERS_PRES,WZ_CLOSE_DETOUR,WZ_FLAGGER,WZ_LAW_OFFCR_IND,WZ_LN_CLOSURE,WZ_MOVING,WZ_OTHER,WZ_SHLDER_MDN,WZ_WORKERS_INJ_KILLED
2009091992,531.0,1,0,0,0,0,0,0,0,0,4,1,,67,5,2009,5,39.9554,-75.1391,523.0,6,0,0,0,0,0,1,0,0,,0,1,0,5,3,0,2,,0,39 57:18.586,,0,75 08:21.043,0,0,0,0,67301,0,0,0,N,0,0,0,2,67301,0,,1,1,,N,N,,0,,0,0,0,3,3,,520,0,2,0,0,0,0,0,3,4,0,2,3,,N,,,,,,,,,,,
2009077209,1944.0,1,0,0,0,0,0,0,0,0,7,0,,67,7,2009,2,39.8861,-75.2118,1932.0,6,0,0,0,0,0,1,0,0,,0,0,0,19,4,0,7,,0,39 53:09.434,,2,75 12:36.161,0,0,0,0,67301,0,0,0,N,0,0,0,1,68K01,0,,2,1,,N,N,,0,,0,0,0,0,0,,1928,0,1,0,0,0,0,0,3,4,0,1,3,,N,,,,,,,,,,,
2009105008,1335.0,2,0,0,0,0,0,0,0,0,1,0,,67,10,2009,2,40.105,-75.0592,1331.0,6,0,0,0,0,0,1,0,0,1.0,0,0,0,13,1,1,2,,1,40 06:17.994,5.0,0,75 03:33.045,8,0,0,0,67301,0,0,0,N,0,0,0,2,46101,0,,1,1,,N,N,,0,,0,0,0,0,0,N,1330,1,2,0,0,1,1,0,3,4,0,2,3,,N,,,,,,,,,,,
2009100590,1920.0,2,0,0,0,0,0,0,0,0,6,0,,67,9,2009,2,40.0302,-75.0883,1914.0,6,0,0,0,0,0,0,0,0,,0,0,0,19,1,1,0,,0,40 01:48.674,,0,75 05:17.771,8,0,0,0,67301,0,0,0,N,0,0,0,3,67301,0,,1,1,,N,N,,0,,0,0,0,3,2,,1914,1,2,0,0,0,1,1,3,4,0,2,3,,N,,,,,,,,,,,
2009100668,1050.0,2,0,0,0,0,0,0,0,0,8,0,,67,9,2009,1,40.0663,-75.1535,1046.0,6,0,1,0,0,0,0,0,0,3.0,0,0,0,10,1,1,0,,2,40 03:58.557,5.0,0,75 09:12.762,4,0,0,0,67301,1,0,0,N,1,0,0,2,67301,1,,1,1,,N,N,,0,,0,0,0,0,0,Y,1040,1,3,0,0,0,0,0,3,4,0,2,3,,N,,,,,,,,,,,
2009044298,1825.0,1,0,0,1,0,0,0,0,0,5,0,,67,3,2009,7,39.948,-75.178,1822.0,6,0,0,0,0,0,1,0,0,,0,0,0,16,1,1,2,,0,39 56:52.803,,0,75 10:40.641,4,0,0,0,67301,1,0,0,N,0,0,0,2,67301,1,,1,1,,N,N,,0,,0,0,0,0,0,,1630,1,2,0,0,0,0,0,3,4,0,1,3,,N,,,,,,,,,,,
2009044301,643.0,1,0,0,1,0,0,0,0,0,5,0,,67,3,2009,5,39.9291,-75.1536,400.0,6,0,0,0,0,0,0,0,0,,0,0,0,6,1,1,0,,0,39 55:44.594,,0,75 09:12.916,8,0,0,0,67301,1,0,0,,0,0,0,2,67301,0,,1,1,,,,,0,,0,0,0,3,3,,635,1,2,0,0,0,1,0,3,4,0,1,3,,N,,,,,,,,,,,
2009049511,1704.0,1,0,0,0,0,0,0,0,0,8,0,,67,4,2009,6,40.0453,-75.1256,1654.0,6,0,0,0,0,0,0,0,0,,0,0,0,15,1,1,2,,0,40 02:42.928,,0,75 07:32.139,8,0,0,0,67301,1,0,0,N,1,0,0,2,67301,0,,1,1,,N,N,,0,,0,0,0,2,2,,1526,1,2,0,0,0,1,1,3,4,0,1,3,,N,,,,,,,,,,,
2009049545,1735.0,3,0,0,0,0,0,0,0,0,4,0,,67,3,2009,6,40.04,-75.066,1735.0,6,0,0,0,0,0,1,0,0,,0,0,0,17,1,1,0,,0,40 02:23.919,,0,75 03:57.519,8,0,0,0,67301,0,0,0,N,0,0,0,2,67301,0,,1,9,,N,N,,0,,0,0,0,0,0,,1735,1,3,0,0,0,1,0,3,4,0,3,3,,N,,,,,,,,,,,
2009007828,33.0,2,0,0,0,0,0,0,0,0,1,0,,67,1,2009,1,39.9677,-75.1309,25.0,6,0,0,0,1,0,0,0,0,,0,0,0,0,3,1,0,,0,39 58:05.020,,0,75 07:48.140,3,0,0,0,67301,2,0,0,N,0,0,0,5,68K01,0,,2,9,,N,N,,0,,1,0,0,0,0,,19,1,2,0,0,0,0,0,3,4,0,2,7,,N,,,,,,,,,,,
2009049315,1215.0,2,0,0,0,0,0,0,0,0,1,0,,67,3,2009,6,40.0043,-75.1493,1212.0,6,0,0,0,0,0,0,0,0,,0,0,0,12,1,1,1,,0,40 00:15.436,,0,75 08:57.465,4,0,0,0,67301,0,0,0,N,0,0,0,2,67301,1,,1,9,,N,N,,0,,0,0,0,3,2,,1210,1,2,0,0,0,0,1,3,4,0,2,7,,N,,,,,,,,,,,
2009049469,1312.0,1,0,0,0,0,0,0,0,0,6,0,,67,4,2009,2,40.0426,-75.0349,1308.0,6,0,0,0,0,0,0,0,0,,0,0,0,13,1,1,1,,0,40 02:33.464,,0,75 02:05.668,4,0,0,0,67301,0,0,0,,0,0,0,2,67301,1,,1,9,,,,,0,,0,0,1,3,2,,1300,1,2,0,0,0,0,0,3,4,0,2,7,,N,,,,,,,,,,,
2009049482,1655.0,1,0,0,0,0,0,0,0,0,7,0,,67,4,2009,1,39.9215,-75.1906,1650.0,6,0,0,0,0,0,0,0,0,1.0,0,0,0,16,1,0,0,,1,39 55:17.450,2.0,0,75 11:26.117,0,0,0,0,67301,0,0,0,,0,0,0,1,67301,0,,2,1,,N,N,,0,,0,0,0,0,0,Y,1645,0,1,0,0,1,0,0,3,4,0,1,3,,N,,,,,,,,,,,
2009124870,1638.0,1,0,0,0,0,0,0,0,0,8,0,,67,11,2009,3,40.0143,-75.1383,1631.0,6,0,0,0,0,0,0,0,0,,0,0,0,16,3,1,0,,0,40 00:51.375,,0,75 08:17.703,3,0,0,0,67301,1,0,0,N,1,0,0,2,67301,0,,1,1,,N,N,,0,,1,0,0,0,0,,1600,1,2,0,0,0,0,0,3,4,0,1,3,,N,,,,,,,,,,,
2009124967,2359.0,1,0,0,0,0,0,0,0,0,1,0,,67,11,2009,6,39.9424,-75.1675,2356.0,6,0,0,0,0,0,0,0,0,1.0,0,0,0,23,3,5,0,,2,39 56:32.626,2.0,0,75 10:03.008,8,0,0,0,67301,0,0,0,N,0,0,0,8,67301,0,,1,1,,N,N,,0,,0,0,1,0,0,Y,2351,5,2,0,0,0,5,0,3,4,0,2,3,,N,,,,,,,,,,,
2009125083,1630.0,1,0,0,0,0,0,0,0,0,8,0,,67,11,2009,6,39.9625,-75.2197,1621.0,6,0,0,0,0,0,0,0,0,,0,0,0,16,1,1,2,,0,39 57:45.133,,0,75 13:10.966,4,0,0,0,67301,1,0,0,N,1,0,0,2,67301,1,,9,1,,N,N,,0,,0,0,0,3,3,,1600,1,2,0,0,0,0,0,3,4,0,1,3,,N,,,,,,,,,,,
2009048869,859.0,0,0,0,0,0,0,0,0,0,8,0,,67,3,2009,5,40.004,-75.2144,850.0,6,0,0,0,0,0,0,1,0,,0,0,0,6,1,1,2,,0,40 00:14.371,,0,75 12:51.803,3,0,0,0,67301,1,0,0,N,1,0,0,2,67301,0,,1,9,,N,N,,0,,1,0,1,0,0,,650,1,2,0,0,0,0,0,3,4,0,1,7,,N,,,,,,,,,,,
2009038685,941.0,1,0,0,0,0,0,0,0,0,8,0,,67,1,2009,6,39.986,-75.1661,937.0,6,0,0,0,0,0,0,0,0,,0,0,0,9,1,1,1,,0,39 59:09.524,,0,75 09:58.003,3,0,0,0,67301,1,0,0,N,1,0,0,2,67301,0,,1,1,,N,N,,0,,1,0,0,3,2,,935,1,2,0,0,0,0,0,3,4,0,1,3,,N,,,,,,,,,,,
2009048962,1504.0,1,0,0,0,0,0,0,0,0,4,0,,67,4,2009,2,39.9587,-75.1939,1502.0,6,0,0,0,0,1,1,0,0,1.0,0,0,0,15,1,1,5,,1,39 57:31.482,4.0,0,75 11:38.339,4,0,0,1,67301,0,0,0,N,0,0,0,2,67301,1,,1,1,,N,N,,0,,0,0,0,3,2,N,1502,1,2,0,0,0,0,0,3,4,0,2,3,,N,,,,,,,,,,,
2009031165,2134.0,1,0,0,0,0,0,0,0,0,7,0,,67,1,2009,7,39.9113,-75.2427,2120.0,6,0,0,0,0,0,0,0,0,1.0,0,0,0,21,8,1,5,,1,39 54:40.772,2.0,0,75 14:34.179,4,0,0,0,67301,0,0,0,,0,0,0,1,67301,1,,3,1,,,,,0,,0,0,0,9,2,N,2100,1,1,0,0,0,0,0,3,4,0,1,3,,N,,,,,,,,,,,
2009043992,1431.0,1,0,0,0,0,0,0,0,0,8,0,,67,3,2009,4,40.104,-75.0281,1431.0,6,0,0,0,0,0,0,0,1,,0,0,0,14,1,1,0,,0,40 06:14.286,,0,75 01:41.178,4,0,0,0,67301,1,0,0,,1,0,0,2,67301,1,,1,1,,,Y,,0,,0,0,0,3,1,,1428,1,2,0,0,0,0,0,3,4,0,1,3,,N,,,,,,,,,,,
2009044037,9999.0,1,0,0,0,0,0,0,0,0,4,0,,67,2,2009,6,39.9709,-75.1557,2305.0,6,0,0,0,0,0,1,0,0,,0,0,0,23,3,1,1,,0,39 58:15.703,,0,75 09:20.341,8,0,0,0,67301,0,0,0,,0,0,0,15,67301,0,,1,9,,,,,0,,0,0,0,3,2,,2305,1,2,0,0,0,1,0,3,4,0,2,7,,N,,,,,,,,,,,
2009026528,2305.0,1,0,0,0,0,0,0,0,0,7,0,,67,2,2009,1,39.989,-75.2065,2250.0,6,0,0,0,1,0,0,0,0,1.0,0,0,0,22,3,1,0,,1,39 59:23.640,4.0,0,75 12:19.800,8,0,0,0,67301,0,0,0,N,0,0,0,1,68K01,0,,2,1,,N,N,,0,,0,0,0,0,0,N,2249,1,1,0,0,0,1,0,3,4,0,1,3,,N,,,,,,,,,,,
2009044176,2317.0,2,0,0,0,0,0,0,0,0,5,0,,67,3,2009,7,39.9606,-75.1415,2317.0,6,0,0,0,0,0,0,0,0,2.0,0,0,0,23,3,1,0,,1,39 57:37.994,2.0,0,75 08:29.232,3,0,0,0,67301,2,0,0,,0,0,0,3,67301,0,,1,1,,N,N,,0,,1,0,1,0,0,N,2300,1,3,0,0,0,0,0,3,4,0,3,3,,N,,,,,,,,,,,
2009011192,836.0,3,0,0,0,0,0,0,0,0,1,0,,67,1,2009,3,39.9888,-75.088,827.0,6,0,0,0,0,0,2,0,0,,0,0,0,7,1,1,0,,0,39 59:19.950,,0,75 05:16.460,4,0,0,0,67301,0,0,0,N,0,0,0,5,68K01,1,,1,1,,N,N,,0,,0,0,0,0,0,,739,1,3,0,0,0,0,0,3,4,0,3,3,,N,,,,,,,,,,,
2009105770,835.0,1,0,0,0,0,0,0,0,0,1,0,,67,10,2009,5,40.0272,-75.0969,820.0,6,0,0,0,0,0,0,0,0,,0,0,0,8,1,1,0,,0,40 01:38.002,,0,75 05:48.807,4,0,0,0,67301,0,0,0,N,0,0,0,3,67301,1,,1,1,,N,N,,1,,0,0,0,3,2,,810,1,2,0,0,0,0,0,3,4,0,2,3,,N,,,,,,,,,,,
2009105885,1405.0,0,0,0,0,0,0,0,0,0,1,0,,67,9,2009,2,39.9673,-75.1726,1400.0,6,0,0,0,0,0,1,0,0,,0,0,0,13,1,1,0,,0,39 58:02.190,,0,75 10:21.428,3,0,0,0,67301,0,0,0,N,0,0,0,2,67301,0,,1,1,,N,N,,1,,1,0,1,0,0,,1355,1,2,0,0,0,0,0,3,4,0,2,3,,N,,,,,,,,,,,
2009107743,1455.0,2,0,0,0,0,0,0,0,0,4,0,,67,9,2009,7,39.9612,-75.1466,1448.0,6,0,0,0,0,0,0,0,0,,0,0,0,14,1,1,1,,0,39 57:40.432,,0,75 08:47.742,4,0,0,0,67301,0,0,0,N,0,0,0,2,67301,1,,1,1,,N,N,,0,,0,0,0,3,2,,1448,1,2,0,0,0,0,0,3,4,0,2,3,,N,,,,,,,,,,,
2009124690,318.0,2,0,0,0,0,0,0,0,0,1,0,,67,11,2009,7,39.9205,-75.1804,315.0,6,0,0,0,0,0,0,0,0,,0,0,0,3,6,1,0,,0,39 55:13.800,,0,75 10:49.314,4,0,0,0,67301,0,0,0,N,0,0,0,1,67301,1,,1,1,,N,N,,0,,0,0,2,0,0,,314,1,4,0,0,1,0,0,3,4,0,4,3,,N,,,,,,,,,,,
2009101007,1516.0,2,0,0,0,0,0,0,0,0,1,0,,67,9,2009,7,40.0329,-75.081,1516.0,6,0,0,0,0,0,2,0,0,1.0,0,0,0,15,1,0,0,,1,40 01:58.525,2.0,0,75 04:51.688,0,0,0,0,67301,0,0,0,N,0,0,0,7,67301,0,,1,1,,N,N,,0,,0,0,1,0,0,N,1516,0,4,0,0,0,0,0,3,4,1,4,3,,N,,,,,,,,,,,
2009101022,909.0,2,0,0,0,0,0,0,0,0,2,0,,67,9,2009,3,40.0597,-74.9921,905.0,6,0,0,0,1,0,0,0,0,,0,0,0,9,1,2,1,,0,40 03:34.876,,0,74 59:31.485,8,0,0,0,67301,0,0,0,N,0,0,0,2,67301,0,,1,1,,N,N,,0,,0,0,0,3,2,,900,2,2,0,0,0,2,0,3,4,0,2,3,,N,,,,,,,,,,,
2009101046,1735.0,1,0,0,0,0,0,0,0,0,4,0,,67,9,2009,5,39.9404,-75.2366,1723.0,6,0,1,0,0,0,0,0,0,,0,0,0,16,1,1,1,,0,39 56:25.327,,0,75 14:11.791,4,0,0,1,67301,0,0,0,N,0,0,0,2,67301,1,,1,1,,N,N,,0,,0,0,0,3,2,,1615,1,2,0,0,1,0,0,3,4,0,2,3,,N,,,,,,,,,,,
2009100037,2135.0,1,0,0,0,0,0,0,0,0,7,0,,67,9,2009,6,39.9729,-75.1807,2127.0,6,0,0,0,0,0,0,0,0,9.0,0,0,0,21,3,2,1,,2,39 58:22.278,6.0,0,75 10:50.613,8,0,0,0,67301,0,0,0,,0,0,0,2,67301,0,,2,1,,,,,0,,0,0,0,3,2,Y,2110,2,2,0,0,0,2,0,3,4,0,1,3,,N,,,,,,,,,,,
2009105648,1300.0,0,0,0,0,0,0,0,0,0,8,0,,67,9,2009,4,39.971,-75.1561,1230.0,6,0,0,0,0,0,0,0,0,,0,0,0,12,1,1,0,,0,39 58:15.435,,0,75 09:21.760,8,0,0,0,67301,1,0,0,N,1,0,0,2,67301,0,,1,1,,N,N,,1,,0,0,0,0,0,,1230,1,2,0,0,0,1,1,3,4,0,1,3,,N,,,,,,,,,,,
2009100702,1044.0,1,0,0,0,0,0,0,0,0,4,0,,67,9,2009,4,39.9508,-75.1511,1044.0,6,0,0,0,0,0,0,1,0,3.0,0,0,0,10,1,1,0,,1,39 57:02.854,6.0,0,75 09:03.892,4,0,0,0,67301,0,0,0,N,0,0,0,4,67301,1,,1,1,,N,N,,0,,0,0,1,0,0,N,1040,1,2,0,0,0,0,0,3,4,0,2,3,,N,,,,,,,,,,,
2009100790,1938.0,1,0,0,0,0,0,0,0,0,7,0,,67,9,2009,7,40.0679,-75.1971,1928.0,6,0,0,0,0,0,1,0,0,,0,0,0,19,3,0,0,,0,40 04:04.389,,0,75 11:49.644,0,0,0,0,67301,0,0,0,N,0,0,0,1,67301,0,,2,98,,N,N,,0,,0,0,0,0,0,,1920,0,1,0,0,0,0,0,3,4,0,1,98,,N,,,,,,,,,,,
2009100527,745.0,1,0,0,0,0,0,0,0,0,4,0,,67,9,2009,5,40.0363,-75.0643,739.0,6,0,0,0,0,0,0,0,0,1.0,0,0,0,7,1,1,5,,1,40 02:10.729,1.0,0,75 03:51.497,8,0,0,0,67301,0,0,0,N,0,0,0,4,67301,0,,1,1,,N,N,,0,,0,0,1,3,2,N,727,1,2,0,0,0,1,0,3,4,0,2,3,,N,,,,,,,,,,,
2009100557,2017.0,2,0,0,0,0,0,0,0,0,4,0,,67,9,2009,7,40.0276,-75.1654,2013.0,6,0,0,0,0,0,0,0,0,,0,0,0,20,3,2,1,,0,40 01:39.298,,0,75 09:55.501,4,0,0,0,67301,0,0,0,,0,0,0,2,67301,2,,1,1,,,,,0,,0,0,0,3,2,,2013,2,2,0,0,0,0,0,3,4,0,2,3,,N,,,,,,,,,,,
2009100559,1644.0,0,0,0,0,0,0,0,0,0,8,0,,67,9,2009,7,39.928,-75.1555,1637.0,6,0,0,0,0,0,0,0,0,,0,0,0,16,4,1,1,,0,39 55:40.620,,0,75 09:19.627,4,0,0,0,67301,1,0,0,,1,0,0,2,67301,1,,5,9,,,,,0,,0,0,1,0,0,,1630,1,2,0,0,0,0,0,3,4,0,1,7,,N,,,,,,,,,,,
2009025835,1557.0,1,0,0,0,0,0,0,0,0,8,0,,67,1,2009,2,39.9724,-75.2533,1547.0,6,0,0,0,0,0,0,1,0,,0,0,0,15,1,1,1,,0,39 58:20.718,,0,75 15:11.792,8,0,0,0,67301,1,0,0,,1,0,0,2,67301,0,,1,2,,N,N,,0,,0,0,0,3,2,,1538,1,2,0,0,0,1,0,3,4,0,1,10,,N,,,,,,,,,,,
2009030193,2358.0,2,0,0,0,0,0,0,0,0,1,0,,67,1,2009,5,40.0433,-75.0523,2352.0,6,0,0,0,1,0,0,0,0,,0,0,0,23,3,0,0,,0,40 02:35.750,,0,75 03:08.312,0,0,0,0,67301,0,0,0,N,0,0,0,1,67301,0,,6,9,,N,N,,1,,0,0,0,0,0,,2300,0,3,0,0,0,0,0,3,4,0,3,3,,N,,,,,,,,,,,
2009030199,2005.0,1,0,0,0,0,0,0,0,0,7,0,,67,1,2009,1,39.931,-75.2178,2000.0,6,0,0,0,0,0,0,0,0,,0,0,0,8,3,1,0,,0,39 55:51.736,,0,75 13:03.978,4,0,0,0,67301,0,0,0,N,0,0,0,1,67301,1,,2,1,,N,N,,0,,0,0,0,0,0,,800,1,1,0,0,0,0,0,3,4,0,1,3,,N,,,,,,,,,,,
2009033080,1905.0,3,0,0,0,0,0,0,0,0,1,0,,67,3,2009,1,39.9599,-75.1778,1905.0,6,0,0,0,0,0,1,0,0,1.0,0,0,0,19,3,0,0,,1,39 57:36.414,4.0,0,75 10:47.312,0,0,0,0,67301,0,0,0,N,0,0,0,10,68K01,0,,1,1,,N,N,,0,,0,0,0,0,0,N,1900,0,3,0,0,0,0,0,3,4,0,3,3,,N,,,,,,,,,,,
2009079501,9999.0,1,0,0,0,0,0,0,0,0,7,0,,67,6,2009,3,40.0255,-75.1253,9999.0,6,0,0,0,0,0,0,1,0,9.0,0,0,0,7,1,1,0,,1,40 01:31.856,2.0,0,75 07:31.026,8,0,0,0,67301,0,0,0,N,0,0,0,1,67301,0,,5,1,,N,N,,0,,0,0,0,0,0,N,717,1,1,0,0,0,1,0,3,4,0,1,3,,N,,,,,,,,,,,
2009079526,1143.0,0,0,0,1,0,0,0,0,0,4,1,,67,6,2009,6,39.9419,-75.2255,1142.0,6,0,0,0,0,0,1,0,0,,0,1,0,11,1,1,1,,0,39 56:30.714,,0,75 13:31.922,8,0,0,0,67301,1,0,0,N,0,0,0,2,67301,0,,1,98,,N,,,0,,0,0,0,9,2,,1140,1,2,0,0,0,1,0,3,4,0,1,99,,N,,,,,,,,,,,
2009100600,405.0,0,0,0,0,0,0,0,0,0,1,0,,67,9,2009,2,40.0003,-75.1249,903.0,6,0,0,0,0,0,0,0,0,,0,0,0,99,3,1,0,,0,40 00:01.034,,0,75 07:29.702,8,0,0,0,67301,0,0,0,N,0,0,0,1,67301,0,,4,1,,N,N,,1,,0,0,0,0,0,,9999,1,2,0,0,0,1,0,3,4,1,2,3,,N,,,,,,,,,,,
2009105956,2135.0,2,0,0,0,0,0,0,0,0,5,0,,67,10,2009,3,39.9172,-75.1748,2130.0,6,0,0,0,0,0,0,0,1,,0,0,0,21,3,0,0,,0,39 55:01.936,,0,75 10:29.186,0,0,0,0,67301,0,0,0,,0,0,0,2,67301,0,,1,1,,,,,0,,0,0,0,3,2,,2120,0,2,0,0,0,0,0,3,4,0,2,3,,N,,,,,,,,,,,
2009102580,109.0,1,0,0,0,0,0,0,0,0,7,0,,67,9,2009,2,39.9574,-75.1424,57.0,6,0,0,0,0,0,0,0,0,2.0,0,0,0,0,3,0,0,,1,39 57:26.614,4.0,0,75 08:32.509,0,0,0,0,67301,0,0,0,N,0,0,0,2,68K01,0,,2,1,,N,N,,0,,0,0,0,0,0,N,55,0,1,0,0,0,0,0,3,4,0,1,3,,N,,,,,,,,,,,
2009100653,2349.0,1,0,0,0,0,0,0,0,0,8,0,,67,6,2009,2,40.0565,-75.0464,2345.0,6,0,0,0,0,0,0,0,0,2.0,0,0,0,23,3,1,1,,1,40 03:23.345,1.0,0,75 02:47.046,3,0,0,0,67301,1,0,0,,1,0,0,2,67301,0,,1,1,,,,,0,,1,0,0,3,2,Y,2337,1,2,0,0,0,0,1,3,4,0,1,3,,N,,,,,,,,,,,
2009100662,1330.0,1,0,0,0,0,0,0,0,0,4,0,,67,9,2009,6,40.0325,-75.1898,1327.0,6,0,0,0,0,0,1,0,0,,0,0,0,13,1,0,1,,0,40 01:57.205,,0,75 11:23.315,9,0,0,0,67301,0,0,0,,0,0,0,3,67301,0,,1,9,,,,,0,,0,0,1,1,2,,1325,0,2,0,0,0,0,1,3,4,0,2,7,,N,,,,,,,,,,,
2009044215,802.0,1,0,0,0,0,0,0,0,0,4,0,,67,3,2009,7,40.0342,-75.0714,800.0,6,0,0,0,0,0,1,0,0,,0,0,0,8,1,0,2,,0,40 02:03.258,,0,75 04:17.333,0,0,0,0,67301,0,0,0,N,0,0,0,2,67301,0,,1,1,,N,N,,0,,0,0,1,3,2,,800,0,2,0,0,0,0,0,3,4,0,2,3,,N,,,,,,,,,,,
2009049510,1218.0,1,0,0,0,0,0,0,0,0,8,0,,67,3,2009,3,40.0334,-75.1312,1218.0,6,0,0,0,0,0,0,0,0,,0,0,0,12,1,1,1,,0,40 02:00.178,,0,75 07:52.165,3,0,0,0,67301,1,0,0,N,1,0,0,2,67301,0,,1,1,,N,N,,0,,1,0,0,3,2,,1218,1,2,0,0,0,0,0,3,4,0,1,3,,N,,,,,,,,,,,
2009049569,135.0,2,0,0,0,0,0,0,0,0,1,0,,67,3,2009,7,39.9452,-75.1418,132.0,6,0,0,0,0,0,1,0,0,,0,0,0,1,3,0,1,,0,39 56:42.530,,0,75 08:30.541,9,0,0,0,67301,0,0,0,N,0,0,0,3,67301,0,,1,9,,N,N,,0,,0,0,0,3,2,,130,0,2,0,0,0,0,2,3,4,0,2,7,,N,,,,,,,,,,,
2009049304,1512.0,2,0,0,0,0,0,0,0,0,4,0,,67,4,2009,6,40.0429,-75.0565,1507.0,6,0,0,0,0,0,1,0,0,1.0,0,0,0,15,1,0,2,,1,40 02:34.600,2.0,0,75 03:23.294,0,0,0,0,67301,0,0,0,N,0,0,0,2,67301,0,,1,1,,N,N,,0,,0,0,0,3,3,N,1505,0,2,0,0,0,0,0,3,4,0,2,3,,N,,,,,,,,,,,
2009048795,1625.0,2,0,0,0,0,0,0,0,0,4,0,,67,3,2009,1,39.9472,-75.2378,1621.0,6,0,0,0,1,0,0,0,0,,0,0,0,16,1,2,1,,0,39 56:49.772,,0,75 14:16.169,8,0,0,0,67301,0,0,0,N,0,0,0,3,67301,0,,1,1,,N,N,,0,,0,0,0,0,0,,1615,2,2,0,0,0,2,0,3,4,0,2,3,,N,,,,,,,,,,,
2009048820,1717.0,0,0,0,0,0,0,0,0,0,8,0,,67,4,2009,5,39.9481,-75.2457,1714.0,6,0,0,0,0,0,0,0,0,,0,1,0,16,1,1,1,,0,39 56:53.332,,0,75 14:44.566,3,0,0,0,67301,1,0,0,,1,0,0,2,67301,0,,1,1,,N,N,,0,,1,0,0,3,3,,1650,1,2,0,0,0,0,1,3,4,0,1,3,,N,,,,,,,,,,,
2009048822,658.0,3,0,0,0,0,0,0,0,0,5,0,,67,3,2009,1,39.9845,-75.1732,657.0,6,0,0,0,0,0,0,0,0,,0,0,0,6,1,0,0,,0,39 59:04.369,,0,75 10:23.566,0,0,0,0,67301,0,0,0,N,0,0,0,1,67301,0,,1,1,,N,N,,0,,0,0,0,0,0,,649,0,3,0,0,0,0,0,3,4,0,3,3,,N,,,,,,,,,,,
2009048859,917.0,3,0,0,0,0,0,0,0,0,4,0,,67,4,2009,4,39.9791,-75.1491,915.0,6,0,0,0,0,0,1,0,0,1.0,0,0,0,9,1,2,1,,1,39 58:44.878,1.0,0,75 08:56.727,4,0,0,0,67301,0,0,0,N,0,0,0,2,67301,2,,1,9,,N,N,,0,,0,0,0,3,3,Y,914,2,3,0,0,0,0,0,3,4,0,3,7,,N,,,,,,,,,,,
2009124864,1605.0,2,0,0,0,0,0,0,0,0,6,0,,67,11,2009,3,39.9798,-75.1779,1557.0,6,0,0,0,0,0,0,0,0,,0,0,0,99,3,2,0,,0,39 58:47.354,,0,75 10:40.530,3,0,0,0,67301,0,0,0,N,0,0,0,2,67301,1,,2,1,,N,Y,,0,,1,0,0,3,3,,9999,2,2,0,0,0,0,0,3,4,0,2,3,,N,,,,,,,,,,,