CRN,ARRIVAL_TM,AUTOMOBILE_COUNT,BELTED_DEATH_COUNT,BELTED_SUSP_SERIOUS_INJ_COUNT,BICYCLE_COUNT,BICYCLE_DEATH_COUNT,BICYCLE_SUSP_SERIOUS_INJ_COUNT,BUS_COUNT,CHLDPAS_DEATH_COUNT,CHLDPAS_SUSP_SERIOUS_INJ_COUNT,COLLISION_TYPE,COMM_VEH_COUNT,CONS_ZONE_SPD_LIM,COUNTY,CRASH_MONTH,CRASH_YEAR,DAY_OF_WEEK,DEC_LAT,DEC_LONG,DISPATCH_TM,DISTRICT,DRIVER_COUNT_16YR,DRIVER_COUNT_17YR,DRIVER_COUNT_18YR,DRIVER_COUNT_19YR,DRIVER_COUNT_20YR,DRIVER_COUNT_50_64YR,DRIVER_COUNT_65_74YR,DRIVER_COUNT_75PLUS,EST_HRS_CLOSED,FATAL_COUNT,HEAVY_TRUCK_COUNT,HORSE_BUGGY_COUNT,HOUR_OF_DAY,ILLUMINATION,INJURY_COUNT,INTERSECT_TYPE,INTERSECTION_RELATED,LANE_CLOSED,LATITUDE,LN_CLOSE_DIR,LOCATION_TYPE,LONGITUDE,MAX_SEVERITY_LEVEL,MCYCLE_DEATH_COUNT,MCYCLE_SUSP_SERIOUS_INJ_COUNT,MOTORCYCLE_COUNT,MUNICIPALITY,NONMOTR_COUNT,NONMOTR_DEATH_COUNT,NONMOTR_SUSP_SERIOUS_INJ_COUNT,NTFY_HIWY_MAINT,PED_COUNT,PED_DEATH_COUNT,PED_SUSP_SERIOUS_INJ_COUNT,PERSON_COUNT,POLICE_AGCY,POSSIBLE_INJ_COUNT,RDWY_SURF_TYPE_CD,RELATION_TO_ROAD,ROAD_CONDITION,ROADWAY_CLEARED,SCH_BUS_IND,SCH_ZONE_IND,SECONDARY_CRASH,SMALL_TRUCK_COUNT,SPEC_JURIS_CD,SUSP_MINOR_INJ_COUNT,SUSP_SERIOUS_INJ_COUNT,SUV_COUNT,TCD_FUNC_CD,TCD_TYPE,TFC_DETOUR_IND,TIME_OF_DAY,TOT_INJ_COUNT,TOTAL_UNITS,UNB_DEATH_COUNT,UNB_SUSP_SERIOUS_INJ_COUNT,UNBELTED_OCC_COUNT,UNK_INJ_DEG_COUNT,UNK_INJ_PER_COUNT,URBAN_AREA,URBAN_RURAL,VAN_COUNT,VEHICLE_COUNT,WEATHER1,WEATHER2,WORK_ZONE_IND,WORK_ZONE_LOC,WORK_ZONE_TYPE,WORKERS_PRES,WZ_CLOSE_DETOUR,WZ_FLAGGER,WZ_LAW_OFFCR_IND,WZ_LN_CLOSURE,WZ_MOVING,WZ_OTHER,WZ_SHLDER_MDN,WZ_WORKERS_INJ_KILLED
2009112378,2029.0,3,0,0,0,0,0,0,0,0,1,0,,67,10,2009,6,39.9669,-75.188,2018.0,6,0,0,0,0,0,0,1,0,2.0,0,0,0,20,3,1,0,,2,39 58:00.624,3.0,0,75 11:16.461,4,0,0,0,67301,0,0,0,N,0,0,0,3,68K01,1,,1,9,,N,N,,0,,0,0,0,0,0,N,2015,1,3,0,0,0,0,0,3,4,0,3,3,,N,,,,,,,,,,,
2009120222,1006.0,1,0,0,0,0,0,0,0,0,1,0,,67,10,2009,4,40.0911,-75.0415,1002.0,6,0,0,1,0,0,0,0,0,,0,0,0,10,1,1,2,,0,40 05:28.057,,0,75 02:29.306,4,0,0,0,67301,0,0,0,,0,0,0,3,67301,1,,1,9,,N,N,,0,,0,0,1,0,0,,1000,1,2,0,0,0,0,0,3,4,0,2,7,,N,,,,,,,,,,,
2009038720,808.0,2,0,0,0,0,0,0,0,0,4,0,,67,2,2009,2,40.0666,-75.0613,805.0,6,0,0,0,0,0,0,1,0,,0,0,0,8,1,0,1,,0,40 03:59.583,,0,75 03:40.564,0,0,0,0,67301,0,0,0,,0,0,0,2,67301,0,,1,1,,,,,0,,0,0,0,3,3,,805,0,2,0,0,0,0,0,3,4,0,2,3,,N,,,,,,,,,,,
2009048930,1228.0,1,0,0,0,0,0,0,0,0,8,0,,67,4,2009,4,39.9863,-75.1561,1227.0,6,0,0,0,0,0,0,0,0,,0,0,0,12,1,1,1,,0,39 59:10.632,,0,75 09:22.550,4,0,0,0,67301,1,0,0,N,1,0,0,2,67301,1,,1,1,,N,N,,0,,0,0,0,3,2,,1220,1,2,0,0,0,0,0,3,4,0,1,3,,N,,,,,,,,,,,
2009048939,2024.0,1,0,0,0,0,0,0,0,0,7,0,,67,4,2009,5,39.9193,-75.211,2018.0,6,0,0,0,0,0,0,0,0,,0,0,0,99,3,1,0,,0,39 55:09.325,,0,75 12:39.736,8,0,0,0,67301,0,0,0,,0,0,0,3,67301,0,,5,1,,,,,0,,0,0,1,0,0,,9999,1,2,0,0,0,1,2,3,4,0,2,3,,N,,,,,,,,,,,
2009048976,1110.0,1,0,0,0,0,0,0,0,0,8,0,,67,4,2009,5,40.0227,-75.1335,1100.0,6,0,0,0,0,0,0,0,0,,0,0,0,99,1,1,1,,0,40 01:21.712,,0,75 08:00.711,4,0,0,0,67301,1,0,0,N,1,0,0,2,67301,1,,1,1,,N,N,,0,,0,0,0,3,2,,9999,1,2,0,0,0,0,1,3,4,0,1,3,,N,,,,,,,,,,,
2009036389,846.0,2,0,0,0,0,0,0,0,0,1,0,,67,3,2009,3,40.0672,-75.1661,846.0,6,0,0,0,0,0,0,0,0,,0,0,0,6,1,1,1,,0,40 04:01.893,,0,75 09:57.822,8,0,0,0,67301,0,0,0,N,0,0,0,3,67301,0,,1,2,,N,N,,0,,0,0,0,9,2,,658,1,2,0,0,0,1,2,3,4,0,2,98,,N,,,,,,,,,,,
2009048715,9999.0,2,0,0,0,0,0,0,0,0,7,0,,67,4,2009,4,40.0935,-74.9802,957.0,6,0,0,0,0,0,0,1,0,9.0,0,0,0,99,1,1,1,,1,40 05:36.613,1.0,0,74 58:48.598,4,0,0,0,67301,0,0,0,N,0,0,0,2,67301,1,,1,9,,N,N,,0,,0,0,0,3,2,Y,9999,1,2,0,0,0,0,0,3,4,0,2,7,,N,,,,,,,,,,,
2009026291,2339.0,2,0,0,0,0,0,0,0,0,6,0,,67,1,2009,2,39.9875,-75.173,2338.0,6,0,0,0,0,0,0,0,0,2.0,0,0,0,23,3,0,0,,1,39 59:14.971,4.0,0,75 10:22.651,0,0,0,0,67301,0,0,0,N,0,0,0,1,67301,0,,1,2,,N,N,,0,,0,0,0,0,0,N,2327,0,2,0,0,1,0,0,3,4,0,2,98,,N,,,,,,,,,,,
2009051732,2339.0,1,0,0,0,0,0,0,0,0,4,1,,67,5,2009,5,40.0443,-75.0027,2339.0,6,0,0,0,0,0,1,0,0,,0,1,0,23,3,0,0,,0,40 02:40.176,,0,75 00:09.363,0,0,0,0,67301,0,0,0,N,0,0,0,3,68K01,0,,1,9,,N,N,,0,,0,0,1,0,0,,2317,0,3,0,0,0,0,0,3,4,0,3,7,,N,,,,,,,,,,,
2009051736,834.0,1,0,0,0,0,0,0,0,0,1,0,,67,5,2009,2,39.9599,-75.1408,815.0,6,0,0,0,0,0,1,0,0,,0,0,0,8,1,0,0,,0,39 57:34.784,,0,75 08:27.196,0,0,0,0,67301,0,0,0,N,0,0,0,3,68K01,0,,1,1,,N,N,,0,,0,0,1,0,0,,811,0,2,0,0,0,0,0,3,4,0,2,3,,N,,,,,,,,,,,
2009049274,1630.0,1,0,0,0,0,0,0,0,0,8,0,,67,4,2009,3,39.9269,-75.1895,1630.0,6,0,0,0,0,0,0,0,0,,0,0,0,16,1,1,1,,0,39 55:36.860,,0,75 11:21.765,4,0,0,0,67301,1,0,0,N,1,0,0,2,67301,1,,1,9,,N,N,,0,,0,0,0,3,2,,1630,1,2,0,0,0,0,0,3,4,0,1,7,,N,,,,,,,,,,,
2009040324,1630.0,1,0,0,0,0,0,0,0,0,8,0,,67,3,2009,3,40.125,-75.0147,1615.0,6,0,0,0,0,0,0,0,0,,0,0,0,15,1,1,1,,0,40 07:30.043,,0,75 00:53.360,4,0,0,0,67301,1,0,0,,1,0,0,2,67301,1,,1,1,,,,,0,,0,0,0,3,2,,1550,1,2,0,0,0,0,0,3,4,0,1,98,,N,,,,,,,,,,,
2009025999,1840.0,3,0,0,0,0,0,0,0,0,1,0,,67,1,2009,6,39.9952,-75.1122,1835.0,6,0,0,0,0,0,0,0,0,,0,0,0,18,3,2,1,,0,39 59:42.557,,0,75 06:44.112,4,0,0,0,67301,0,0,0,N,0,0,0,6,67301,1,,1,1,,N,N,,0,,0,0,0,3,2,,1825,2,3,0,0,0,1,0,3,4,0,3,3,,N,,,,,,,,,,,
2009026041,1030.0,2,0,0,0,0,0,0,0,0,4,0,,67,1,2009,5,40.0275,-75.118,1001.0,6,0,0,0,0,0,0,0,0,,0,0,0,10,1,4,0,,0,40 01:38.963,,7,75 07:04.756,4,0,0,0,67301,0,0,0,N,0,0,0,6,67301,4,,5,1,,N,N,,0,,0,0,0,0,0,,1030,4,2,0,0,0,0,0,3,4,0,2,3,,N,,,,,,,,,,,
2009026062,1645.0,0,0,0,0,0,0,0,0,0,8,0,,67,1,2009,3,40.039,-75.0832,1645.0,6,0,0,0,0,0,0,0,0,,0,0,0,16,1,1,0,,0,40 02:20.486,,0,75 04:59.383,8,0,0,0,67301,1,0,0,N,1,0,0,2,67301,0,,1,1,,N,N,,0,,0,0,1,3,2,,1635,1,2,0,0,0,1,0,3,4,0,1,3,,N,,,,,,,,,,,
2009026094,1431.0,1,0,0,0,0,0,0,0,0,8,0,,67,1,2009,7,39.9546,-75.173,1430.0,6,0,0,0,0,0,0,0,0,,0,0,0,99,1,1,1,,0,39 57:16.502,,0,75 10:22.764,4,0,0,0,67301,1,0,0,N,1,0,0,2,67301,1,,1,1,,N,N,,0,,0,0,0,3,1,,9999,1,2,0,0,0,0,0,3,4,0,1,3,,N,,,,,,,,,,,
2009048226,1057.0,0,0,0,0,0,0,0,0,0,5,0,,67,4,2009,1,40.0056,-75.1969,1055.0,6,0,0,0,0,0,1,0,0,,0,0,0,10,1,2,0,,0,40 00:18.520,,0,75 11:46.958,4,0,0,0,67301,0,0,0,N,0,0,0,6,68K01,2,,1,1,,N,N,,0,,0,0,2,0,0,,1051,2,2,0,0,0,0,0,3,4,0,2,3,,N,,,,,,,,,,,
2009105792,1700.0,1,0,0,0,0,0,0,0,0,8,0,,67,9,2009,2,39.9526,-75.1781,1655.0,6,0,0,0,0,0,0,0,0,,0,0,0,16,1,1,2,,0,39 57:09.489,,0,75 10:41.249,4,0,0,0,67301,1,0,0,,1,0,0,2,67301,1,,1,1,,,,,0,,0,0,0,3,2,,1645,1,2,0,0,0,0,0,3,4,0,1,3,,N,,,,,,,,,,,
2009124660,1836.0,1,0,0,0,0,0,0,0,0,1,0,,67,11,2009,7,39.9826,-75.0995,1829.0,6,0,0,0,0,0,0,0,0,1.0,0,0,0,18,6,0,0,,1,39 58:57.720,2.0,0,75 05:57.480,0,0,0,0,67301,0,0,0,N,0,0,0,7,68K01,0,,1,9,,N,N,,0,,0,0,2,0,0,N,1825,0,3,0,0,0,0,0,3,4,0,3,7,,N,,,,,,,,,,,
2009025641,1331.0,1,0,0,0,0,0,0,0,0,8,0,,67,1,2009,6,40.013,-75.0668,1323.0,6,0,0,0,0,0,0,0,0,,0,0,0,13,1,1,0,,0,40 00:46.890,,0,75 04:00.508,4,0,0,0,67301,1,0,0,N,1,0,0,6,67301,1,,1,9,,N,N,,0,,0,0,0,3,3,,1323,1,2,0,0,0,0,0,3,4,0,1,10,,N,,,,,,,,,,,
2009030812,20.0,2,0,0,0,0,0,0,0,0,1,0,,67,2,2009,5,40.0376,-75.138,9999.0,6,0,0,0,0,0,0,1,0,,0,0,0,0,2,0,1,,0,40 02:15.187,,0,75 08:16.754,0,0,0,0,67301,0,0,0,N,0,0,0,2,67301,0,,1,9,,N,N,,0,,0,0,0,3,2,,15,0,2,0,0,0,0,0,3,4,0,2,7,,N,,,,,,,,,,,
2009025812,1632.0,0,0,0,0,0,0,0,0,0,8,0,,67,1,2009,1,39.9827,-75.1281,1630.0,6,0,0,0,0,0,1,0,0,,0,0,0,14,1,1,0,,0,39 58:57.766,,0,75 07:41.073,4,0,0,0,67301,1,0,0,N,1,0,0,2,67301,1,,1,1,,N,N,,0,,0,0,0,0,0,,1450,1,2,0,0,0,0,0,3,4,1,1,3,,N,,,,,,,,,,,
2009025827,1239.0,1,0,0,0,0,0,0,0,0,8,0,,67,1,2009,5,39.9707,-75.2326,1236.0,6,0,0,0,0,0,0,0,0,,0,0,0,0,3,1,1,,0,39 58:14.458,,0,75 13:57.305,2,0,0,0,67301,1,0,1,N,1,0,1,2,67301,0,,1,1,,N,N,,0,,0,1,0,3,2,,30,1,2,0,0,0,0,0,3,4,0,1,3,,N,,,,,,,,,,,
2009025171,1035.0,1,0,0,0,0,0,0,0,0,2,0,,67,1,2009,2,39.997,-75.1174,1030.0,6,0,0,0,0,0,0,0,0,,0,0,0,10,1,2,1,,0,39 59:49.088,,0,75 07:02.700,3,0,0,0,67301,0,0,0,,0,0,0,8,67301,1,,1,9,,,,,1,,1,0,0,3,2,,1030,2,2,0,0,0,0,0,3,4,0,2,3,,N,,,,,,,,,,,
2009030259,416.0,0,0,0,0,0,0,0,0,0,0,0,,67,2,2009,4,,,416.0,6,0,0,0,0,0,0,0,0,3.0,0,1,0,4,3,1,0,,1,,4.0,0,,4,0,0,0,67301,0,0,0,N,0,0,0,1,67501,1,,1,6,,N,N,,0,,0,0,0,0,0,N,416,1,1,0,0,0,0,0,3,3,0,1,10,,N,,,,,,,,,,,
2009030263,600.0,0,0,0,0,0,0,0,0,0,7,0,,67,1,2009,1,,,558.0,6,0,0,0,0,0,0,0,0,2.0,0,1,0,5,3,0,0,,2,,3.0,3,,0,0,0,0,67301,0,0,0,N,0,0,0,1,67301,0,,3,9,,N,N,,0,,0,0,0,3,8,N,557,0,1,0,0,0,0,0,3,3,0,1,3,,N,,,,,,,,,,,
2009086855,2120.0,2,0,0,0,0,0,0,0,0,1,0,45.0,67,8,2009,2,39.9584,-75.1667,2115.0,6,0,0,0,0,1,0,0,0,,0,0,0,21,3,1,0,,0,39 57:30.120,,0,75 10:00.036,3,0,0,0,67301,0,0,0,N,0,0,0,4,68K01,0,,1,1,,N,N,,0,,1,0,1,0,0,,2101,1,3,0,0,0,0,0,3,4,0,3,3,,Y,3.0,1.0,N,N,N,Y,N,Y,N,Y,
2009081861,942.0,0,0,0,0,0,0,0,0,0,7,0,,67,7,2009,3,40.034,-75.0167,936.0,6,0,0,0,0,0,1,0,0,,0,0,0,19,3,1,0,,0,40 02:02.493,,0,75 01:00.022,3,0,0,1,67301,0,0,0,N,0,0,0,1,67301,0,,1,1,,N,N,,0,,1,0,0,0,0,,1900,1,1,0,0,0,0,0,3,4,0,1,3,,N,,,,,,,,,,,
2009077205,1806.0,3,0,0,0,0,0,0,0,0,4,1,,67,7,2009,7,40.0405,-75.0058,1806.0,6,0,0,0,0,0,3,0,0,,0,1,0,18,1,1,0,,0,40 02:26.008,,0,75 00:20.546,8,0,0,0,67301,0,0,0,N,0,0,0,4,68K01,0,,1,1,,N,N,,0,,0,0,0,0,0,,1804,1,4,0,0,0,1,0,3,4,0,4,3,,N,,,,,,,,,,,
2009102582,921.0,3,0,0,0,0,0,0,0,0,1,0,,67,10,2009,4,39.9717,-75.1935,921.0,6,0,0,0,0,0,1,0,0,1.0,0,0,0,9,1,1,0,,2,39 58:20.640,3.0,0,75 11:37.320,8,0,0,0,67301,0,0,0,N,0,0,0,3,68K01,0,,1,1,,N,N,,0,,0,0,0,0,0,N,920,1,3,0,0,0,1,0,3,4,0,3,3,,N,,,,,,,,,,,
2009044183,2355.0,1,0,0,1,0,0,0,0,0,4,0,,67,3,2009,4,39.9351,-75.1636,2348.0,6,0,0,0,0,0,0,1,0,,0,0,0,23,3,1,1,,0,39 56:06.266,,0,75 09:48.783,8,0,0,0,67301,1,0,0,N,0,0,0,2,67301,0,,1,1,,N,N,,0,,0,0,0,0,0,,2348,1,2,0,0,0,1,0,3,4,0,1,3,,N,,,,,,,,,,,
2009044273,1550.0,1,0,0,0,0,0,0,0,0,8,0,,67,3,2009,4,40.026,-75.1358,1545.0,6,0,0,0,0,0,1,0,0,,0,0,0,15,1,1,0,,0,40 01:33.610,,0,75 08:08.890,4,0,0,0,67301,1,0,0,,1,0,0,2,67301,1,,1,1,,N,N,,0,,0,0,0,0,0,,1545,1,2,0,0,0,0,1,3,4,0,1,3,,N,,,,,,,,,,,
2009049525,540.0,1,0,0,0,0,0,0,0,0,7,0,,67,3,2009,7,39.9815,-75.2241,520.0,6,0,0,0,0,0,0,0,0,,0,0,0,5,3,0,1,,0,39 58:53.481,,0,75 13:26.612,0,0,0,0,67301,0,0,0,N,0,0,0,1,67301,0,,4,1,,N,N,,0,,0,0,0,3,2,,520,0,1,0,0,0,0,0,3,4,0,1,3,,N,,,,,,,,,,,
2009015179,826.0,1,0,0,0,0,0,0,0,0,1,0,,67,1,2009,1,40.033,-75.0205,814.0,6,0,0,0,0,0,1,0,0,2.0,0,0,0,8,1,0,0,,1,40 01:59.520,1.0,0,75 01:13.080,0,0,0,0,67301,0,0,0,N,0,0,0,2,68K01,0,,1,2,,N,N,,0,,0,0,1,0,0,N,800,0,2,0,0,0,0,0,3,4,0,2,98,,N,,,,,,,,,,,
2009007826,718.0,1,0,0,0,0,0,0,0,0,1,0,,67,1,2009,5,39.9766,-75.1136,712.0,6,0,0,1,0,0,0,0,0,1.0,0,0,0,7,1,1,0,,1,39 58:36.749,1.0,0,75 06:48.209,4,0,0,0,67301,0,0,0,N,0,0,0,3,68K01,1,,1,1,,N,N,,0,,0,0,0,0,0,N,710,1,2,0,0,0,0,0,3,4,1,2,3,,N,,,,,,,,,,,
2009049409,859.0,2,0,0,0,0,0,0,0,0,4,0,,67,4,2009,5,39.9134,-75.1651,853.0,6,0,0,0,0,0,1,0,0,,0,0,0,8,1,1,1,,0,39 54:48.124,,0,75 09:54.367,4,0,0,0,67301,0,0,0,,0,0,0,2,67301,1,,1,9,,N,N,,0,,0,0,0,0,0,,838,1,2,0,0,0,0,0,3,4,0,2,7,,N,,,,,,,,,,,
2009049431,1406.0,2,0,0,0,0,0,0,0,0,4,0,,67,3,2009,1,39.9941,-75.1562,1404.0,6,0,0,0,0,0,1,0,0,,0,0,0,13,1,2,1,,0,39 59:38.923,,0,75 09:22.158,4,0,0,0,67301,0,0,0,N,0,0,0,3,67301,2,,1,1,,N,N,,0,,0,0,0,3,2,,1355,2,2,0,0,0,0,0,3,4,0,2,3,,N,,,,,,,,,,,
2009026126,1740.0,2,0,0,0,0,0,0,0,0,4,0,,67,1,2009,4,40.0047,-75.1521,1735.0,6,0,0,0,0,0,0,0,0,1.0,0,0,0,17,1,1,1,,1,40 00:16.937,1.0,0,75 09:08.069,8,0,0,0,67301,0,0,0,N,0,0,0,3,67301,0,,1,1,,N,N,,0,,0,0,0,3,2,Y,1730,1,2,0,0,0,1,0,3,4,0,2,3,,N,,,,,,,,,,,
2009124852,1140.0,4,0,0,0,0,0,0,0,0,6,0,,67,10,2009,3,39.9625,-75.2068,1134.0,6,0,0,0,0,0,0,0,0,3.0,0,0,0,11,1,3,1,,2,39 57:45.000,7.0,0,75 12:24.119,4,0,0,0,67301,0,0,0,,0,0,0,3,67301,2,,1,9,,,,,1,,0,0,0,3,2,Y,1134,3,5,0,0,0,1,0,3,4,0,5,7,,N,,,,,,,,,,,
2009124865,241.0,1,0,0,0,0,0,0,0,0,5,1,,67,11,2009,1,40.0126,-75.1748,240.0,6,0,0,0,0,0,0,0,0,1.0,0,1,0,2,3,0,0,,2,40 00:45.423,6.0,0,75 10:29.290,0,0,0,0,67301,0,0,0,N,0,0,0,1,67301,0,,6,1,,N,N,,0,,0,0,0,0,0,Y,240,0,2,0,0,0,0,0,3,4,0,2,3,,N,,,,,,,,,,,
2009120239,1306.0,2,0,0,0,0,0,0,0,0,4,0,,67,10,2009,7,39.9708,-75.1646,1300.0,6,0,0,0,0,0,0,0,0,,0,0,0,13,1,0,1,,0,39 58:14.952,,0,75 09:52.433,0,0,0,0,67301,0,0,0,N,0,0,0,3,67301,0,,1,1,,N,N,,0,,0,0,0,3,2,,1300,0,2,0,0,0,0,0,3,4,0,2,98,,N,,,,,,,,,,,
2009043501,1658.0,1,0,0,0,0,0,0,0,0,1,0,,67,4,2009,4,40.0014,-75.2261,1653.0,6,0,0,0,0,1,0,0,0,,0,0,0,16,1,1,0,,0,40 00:08.936,,0,75 13:25.947,4,0,0,0,67301,0,0,0,N,0,0,0,6,46104,1,,1,1,,N,N,,0,,0,0,0,0,0,,1652,1,2,0,0,0,0,0,3,4,1,2,3,,N,,,,,,,,,,,
2009048878,2128.0,1,0,0,0,0,0,0,0,0,8,0,,67,3,2009,7,39.914,-75.1499,2125.0,6,0,0,0,0,0,0,1,0,,0,0,0,21,3,1,1,,0,39 54:50.431,,0,75 08:59.775,3,0,0,0,67301,1,0,0,N,1,0,0,2,67301,0,,1,1,,N,N,,0,,1,0,0,3,2,,2120,1,2,0,0,0,0,0,3,4,0,1,3,,N,,,,,,,,,,,
2009048933,1257.0,2,0,0,0,0,0,0,0,0,3,0,,67,4,2009,6,39.9881,-75.1411,1255.0,6,0,0,0,0,0,1,0,0,,0,0,0,12,1,2,0,,0,39 59:17.336,,0,75 08:27.888,3,0,0,0,67301,1,0,0,,1,0,0,2,67301,1,,5,9,,N,N,,0,,1,0,0,0,0,,1250,2,5,0,0,0,0,0,3,4,2,4,7,,N,,,,,,,,,,,
2009048961,2003.0,1,0,0,0,0,0,0,0,0,8,0,,67,3,2009,2,39.9714,-75.2104,1954.0,6,0,0,0,0,0,1,0,0,,0,0,0,19,2,1,1,,0,39 58:17.115,,0,75 12:37.619,8,0,0,0,67301,1,0,0,N,1,0,0,2,67301,0,,1,1,,N,N,,0,,0,0,0,3,3,,1939,1,2,0,0,0,1,0,3,4,0,1,3,,N,,,,,,,,,,,
2009044123,40.0,2,0,0,0,0,0,0,0,0,2,0,,67,3,2009,7,39.9185,-75.2259,36.0,6,0,0,0,0,0,1,0,0,,0,0,0,0,3,2,1,,0,39 55:06.715,,0,75 13:33.263,4,0,0,0,67301,0,0,0,,0,0,0,3,67301,2,,1,9,,N,N,,0,,0,0,0,3,2,,20,2,2,0,0,0,0,0,3,4,0,2,7,,N,,,,,,,,,,,
2009008716,820.0,0,0,0,0,0,0,0,0,0,7,0,,67,1,2009,2,40.0233,-75.0323,819.0,6,0,0,0,0,0,0,0,0,,0,0,0,8,1,1,0,,0,40 01:23.520,,2,75 01:55.200,4,0,0,0,67301,0,0,0,N,0,0,0,1,68K01,1,,2,9,,N,N,,1,,0,0,0,0,0,,811,1,1,0,0,0,0,0,3,4,0,1,3,,N,,,,,,,,,,,
2009049122,2013.0,2,0,0,0,0,0,0,0,0,4,0,,67,3,2009,3,39.9234,-75.1884,2009.0,6,0,0,0,0,0,0,0,0,,0,0,0,20,3,1,2,,0,39 55:24.268,,0,75 11:18.383,3,0,0,0,67301,0,0,0,N,0,0,0,2,67301,0,,1,1,,N,N,,0,,1,0,0,0,0,,2007,1,2,0,0,2,0,0,3,4,0,2,3,,N,,,,,,,,,,,
2009026086,1800.0,2,0,0,0,0,0,0,0,0,1,0,,67,1,2009,2,39.9189,-75.2393,1751.0,6,0,0,0,0,0,0,0,0,,0,0,0,17,3,1,0,,0,39 55:07.905,,0,75 14:21.586,4,0,0,0,67301,0,0,0,N,0,0,0,2,67301,1,,1,2,,N,N,,0,,0,0,0,0,0,,1731,1,2,0,0,0,0,0,3,4,0,2,10,,N,,,,,,,,,,,
2009050450,1414.0,2,0,0,0,0,0,0,0,0,1,0,,67,4,2009,6,39.9581,-75.1641,1400.0,6,0,0,0,0,0,0,0,0,,0,0,0,13,1,0,0,,0,39 57:18.890,,0,75 08:46.880,9,0,0,0,67301,0,0,0,N,0,0,0,2,68K01,0,,1,1,,N,N,,0,,0,0,0,0,0,,1359,0,2,0,0,0,0,1,3,4,0,2,3,,N,,,,,,,,,,,
2009044874,2138.0,0,0,0,0,0,0,0,0,0,8,0,,67,3,2009,6,39.951,-75.1654,2135.0,6,0,0,0,0,0,0,0,0,,0,0,0,21,3,1,1,,0,39 57:03.770,,0,75 09:55.537,3,0,0,0,67301,1,0,0,N,1,0,0,2,67301,0,,1,1,,N,N,,0,,1,0,1,3,2,,2130,1,2,0,0,0,0,0,3,4,0,1,3,,N,,,,,,,,,,,
2009100461,140.0,1,0,0,0,0,0,0,0,0,7,0,,67,9,2009,1,39.9238,-75.1475,131.0,6,0,0,0,0,0,0,0,0,,0,0,0,1,3,0,0,,0,39 55:25.680,,0,75 08:51.000,0,0,0,0,67301,0,0,0,N,0,0,0,1,68K03,0,,2,9,,N,N,,0,,0,0,0,0,0,,128,0,1,0,0,0,0,0,3,4,0,1,7,,N,,,,,,,,,,,
2009101003,1224.0,0,0,0,0,0,0,0,0,0,4,0,,67,9,2009,2,40.0426,-75.0349,1223.0,6,0,0,0,0,0,0,0,0,,0,0,0,12,1,1,1,,0,40 02:33.464,,0,75 02:05.668,8,0,0,1,67301,0,0,0,,0,0,0,2,67301,0,,1,1,,N,N,,0,,0,0,1,3,3,,1222,1,2,0,0,0,1,0,3,4,0,2,3,,N,,,,,,,,,,,
2009100003,2350.0,1,0,0,0,0,0,0,0,0,7,0,,67,4,2009,3,40.0257,-75.1209,2350.0,6,0,0,1,0,0,0,0,0,3.0,1,0,0,23,3,3,0,,2,40 01:32.667,3.0,0,75 07:14.380,1,0,0,0,67301,0,0,0,N,0,0,0,4,67301,1,2.0,5,9,,N,N,,0,0.0,2,0,0,0,0,Y,2350,3,1,0,0,0,0,0,3,4,0,1,7,,N,,,,,,,,,,,
2009105569,1405.0,2,0,0,0,0,0,0,0,0,1,0,,67,9,2009,4,39.8816,-75.2535,1400.0,6,0,0,0,0,0,1,0,0,,0,0,0,13,1,2,0,,0,39 52:53.852,,0,75 15:12.442,8,0,0,0,67301,0,0,0,N,0,0,0,3,67301,0,,1,1,,N,N,,0,,0,0,0,0,0,,1355,2,2,0,0,0,2,0,3,4,0,2,3,,N,,,,,,,,,,,
2009105640,1415.0,2,0,0,0,0,0,0,0,0,1,0,,67,9,2009,2,40.0052,-75.0927,1411.0,6,0,0,0,0,0,0,0,0,,0,0,0,14,1,1,3,,0,40 00:18.770,,0,75 05:33.796,8,0,0,0,67301,0,0,0,,0,0,0,6,67301,0,,1,1,,,,,0,,0,0,1,0,0,,1405,1,4,0,0,0,1,3,3,4,0,4,3,,N,,,,,,,,,,,
2009105649,1900.0,2,0,0,0,0,0,0,0,0,1,0,,67,9,2009,7,39.9751,-75.188,1837.0,6,0,0,1,0,0,0,0,0,,0,0,0,18,3,7,5,,0,39 58:30.510,,0,75 11:16.819,8,0,0,0,67301,0,0,0,N,0,0,0,8,67301,0,,1,9,,N,N,,0,,0,0,0,3,2,,1815,7,2,0,0,0,7,0,3,4,0,2,99,,N,,,,,,,,,,,
2009097785,410.0,1,0,0,0,0,0,0,0,0,7,0,,67,9,2009,7,39.9235,-75.1476,410.0,6,0,0,0,0,0,0,0,0,1.0,0,0,0,4,3,0,0,,1,39 55:24.404,2.0,0,75 08:51.312,0,0,0,0,67301,0,0,0,N,0,0,0,2,68K01,0,,2,1,,N,N,,0,,0,0,0,0,0,N,402,0,1,0,0,0,0,0,3,4,0,1,3,,N,,,,,,,,,,,
2009100760,939.0,1,0,0,0,0,0,0,0,0,4,0,,67,9,2009,5,39.9249,-75.2234,936.0,6,0,0,0,0,0,0,0,0,,0,0,0,9,1,0,1,,0,39 55:29.812,,0,75 13:24.391,0,0,0,0,67301,0,0,0,N,0,0,0,2,67301,0,,1,1,,N,N,,1,,0,0,0,3,2,,930,0,2,0,0,0,0,0,3,4,0,2,3,,N,,,,,,,,,,,