CRN,ARRIVAL_TM,AUTOMOBILE_COUNT,BELTED_DEATH_COUNT,BELTED_SUSP_SERIOUS_INJ_COUNT,BICYCLE_COUNT,BICYCLE_DEATH_COUNT,BICYCLE_SUSP_SERIOUS_INJ_COUNT,BUS_COUNT,CHLDPAS_DEATH_COUNT,CHLDPAS_SUSP_SERIOUS_INJ_COUNT,COLLISION_TYPE,COMM_VEH_COUNT,CONS_ZONE_SPD_LIM,COUNTY,CRASH_MONTH,CRASH_YEAR,DAY_OF_WEEK,DEC_LAT,DEC_LONG,DISPATCH_TM,DISTRICT,DRIVER_COUNT_16YR,DRIVER_COUNT_17YR,DRIVER_COUNT_18YR,DRIVER_COUNT_19YR,DRIVER_COUNT_20YR,DRIVER_COUNT_50_64YR,DRIVER_COUNT_65_74YR,DRIVER_COUNT_75PLUS,EST_HRS_CLOSED,FATAL_COUNT,HEAVY_TRUCK_COUNT,HORSE_BUGGY_COUNT,HOUR_OF_DAY,ILLUMINATION,INJURY_COUNT,INTERSECT_TYPE,INTERSECTION_RELATED,LANE_CLOSED,LATITUDE,LN_CLOSE_DIR,LOCATION_TYPE,LONGITUDE,MAX_SEVERITY_LEVEL,MCYCLE_DEATH_COUNT,MCYCLE_SUSP_SERIOUS_INJ_COUNT,MOTORCYCLE_COUNT,MUNICIPALITY,NONMOTR_COUNT,NONMOTR_DEATH_COUNT,NONMOTR_SUSP_SERIOUS_INJ_COUNT,NTFY_HIWY_MAINT,PED_COUNT,PED_DEATH_COUNT,PED_SUSP_SERIOUS_INJ_COUNT,PERSON_COUNT,POLICE_AGCY,POSSIBLE_INJ_COUNT,RDWY_SURF_TYPE_CD,RELATION_TO_ROAD,ROAD_CONDITION,ROADWAY_CLEARED,SCH_BUS_IND,SCH_ZONE_IND,SECONDARY_CRASH,SMALL_TRUCK_COUNT,SPEC_JURIS_CD,SUSP_MINOR_INJ_COUNT,SUSP_SERIOUS_INJ_COUNT,SUV_COUNT,TCD_FUNC_CD,TCD_TYPE,TFC_DETOUR_IND,TIME_OF_DAY,TOT_INJ_COUNT,TOTAL_UNITS,UNB_DEATH_COUNT,UNB_SUSP_SERIOUS_INJ_COUNT,UNBELTED_OCC_COUNT,UNK_INJ_DEG_COUNT,UNK_INJ_PER_COUNT,URBAN_AREA,URBAN_RURAL,VAN_COUNT,VEHICLE_COUNT,WEATHER1,WEATHER2,WORK_ZONE_IND,WORK_ZONE_LOC,WORK_ZONE_TYPE,WORKERS_PRES,WZ_CLOSE_DETOUR,WZ_FLAGGER,WZ_LAW_OFFCR_IND,WZ_LN_CLOSURE,WZ_MOVING,WZ_OTHER,WZ_SHLDER_MDN,WZ_WORKERS_INJ_KILLED
2009025183,2010.0,1,0,0,0,0,0,0,0,0,2,0,,67,1,2009,5,40.039,-75.15,2006.0,6,0,0,0,1,0,1,0,0,1.0,0,0,0,20,3,3,1,,1,40 02:20.300,4.0,0,75 09:00.122,3,0,0,0,67301,0,0,0,,0,0,0,4,67301,2,,1,1,,,,,0,,1,0,1,2,2,N,2000,3,2,0,0,0,0,0,3,4,0,2,3,,N,,,,,,,,,,,
2009025195,122.0,1,0,0,0,0,0,0,0,0,8,0,,67,1,2009,5,39.9886,-75.2499,52.0,6,0,0,0,0,0,1,0,0,,0,0,0,0,3,1,0,,0,39 59:18.887,,0,75 14:59.700,4,0,0,0,67301,1,0,0,N,1,0,0,2,67301,1,,1,1,,N,N,,0,,0,0,0,0,0,,30,1,2,0,0,0,0,0,3,4,0,1,3,,N,,,,,,,,,,,
2009030743,1650.0,3,0,0,0,0,0,0,0,0,4,0,,67,2,2009,1,40.0334,-75.0666,1646.0,6,0,0,0,1,0,1,0,0,,0,0,0,16,1,1,1,,0,40 02:00.240,,0,75 03:59.400,4,0,0,0,67301,0,0,0,N,0,0,0,2,67301,1,,1,1,,N,N,,0,,0,0,0,3,2,,1645,1,3,0,0,0,0,0,3,4,0,3,3,,N,,,,,,,,,,,
2009030771,1825.0,2,0,0,0,0,0,0,0,0,4,0,,67,1,2009,7,40.0294,-75.1889,1820.0,6,0,0,1,0,0,1,0,0,3.0,0,0,0,18,3,5,2,,2,40 01:45.900,1.0,0,75 11:19.885,3,0,0,0,67301,0,0,0,N,0,0,0,7,67301,0,,1,1,,N,N,,0,,5,0,0,3,2,Y,1820,5,4,0,0,0,0,0,3,4,1,4,3,,N,,,,,,,,,,,
2009038066,1841.0,2,0,0,0,0,0,0,0,0,1,0,,67,2,2009,3,39.9488,-75.2126,1834.0,6,0,0,0,0,0,0,0,0,2.0,0,0,0,18,3,3,1,,1,39 56:55.680,4.0,0,75 12:45.291,8,0,0,0,67301,0,0,0,N,0,0,0,4,67301,0,,1,1,,N,,,0,,0,0,0,3,2,N,1825,3,2,0,0,0,3,0,3,4,0,2,3,,N,,,,,,,,,,,
2009032932,1630.0,1,0,0,0,0,0,0,0,0,8,0,,67,2,2009,6,40.0344,-75.1299,1626.0,6,0,0,0,0,0,0,0,0,,0,0,0,15,1,1,1,,0,40 02:03.883,,0,75 07:47.765,8,0,0,0,67301,1,0,0,N,1,0,0,2,67301,0,,1,1,,N,N,,0,,0,0,0,3,3,,1518,1,2,0,0,0,1,0,3,4,0,1,3,,N,,,,,,,,,,,
2009025259,312.0,1,0,0,0,0,0,0,0,0,4,0,,67,1,2009,5,40.0647,-75.1709,311.0,6,0,0,0,0,0,1,0,0,,0,0,0,2,3,1,2,,0,40 03:52.833,,0,75 10:15.315,8,0,0,0,67301,0,0,0,N,0,0,0,4,67301,0,,1,1,,N,N,,0,,0,0,0,0,0,,204,1,2,0,0,2,1,0,3,4,1,2,3,,N,,,,,,,,,,,
2009096775,1656.0,0,0,0,0,0,0,0,0,0,5,1,,67,9,2009,5,39.9422,-75.1939,1648.0,6,0,0,0,0,0,0,0,0,3.0,0,1,0,16,1,3,0,,1,39 56:37.439,3.0,0,75 11:32.623,4,0,0,0,67301,0,0,0,Y,0,0,0,5,68K01,2,,1,1,,N,N,,0,,0,0,1,0,0,Y,1642,3,2,0,0,0,1,0,3,4,0,2,3,,N,,,,,,,,,,,
2009125455,1644.0,0,0,0,0,0,0,0,0,0,1,0,,67,10,2009,7,40.0421,-75.1027,1644.0,6,0,0,1,0,0,0,0,0,3.0,0,0,0,16,1,1,1,,2,40 02:31.570,6.0,0,75 06:09.871,2,0,0,0,67301,0,0,0,N,0,0,0,1,67301,0,,1,9,,N,N,,0,,0,1,0,3,3,N,1643,1,2,0,0,0,0,0,3,4,1,2,7,,N,,,,,,,,,,,
2009112103,858.0,1,0,0,0,0,0,0,0,0,7,0,,67,10,2009,4,40.0291,-75.1057,843.0,6,0,0,0,0,0,0,0,0,2.0,0,0,0,8,1,1,0,,1,40 01:44.881,1.0,0,75 06:20.139,3,0,0,0,67301,0,0,0,N,0,0,0,1,67301,0,,5,9,,N,N,,0,,1,0,0,3,2,N,842,1,1,0,0,0,0,0,3,4,0,1,98,,N,,,,,,,,,,,
2009091991,9999.0,1,0,0,0,0,0,0,0,0,5,0,,67,4,2009,5,39.9917,-75.1221,1030.0,6,0,0,0,0,0,1,0,0,,0,0,0,10,1,1,0,,0,39 59:30.275,,0,75 07:19.577,4,0,0,0,67301,0,0,0,,0,0,0,1,67301,1,,5,1,,,,,0,,0,0,2,3,2,,1030,1,3,0,0,1,0,0,3,4,0,3,3,,N,,,,,,,,,,,
2009086949,1550.0,1,0,0,0,0,0,0,0,0,1,0,,67,8,2009,3,40.0225,-75.0369,1549.0,6,0,0,0,0,0,0,0,0,,0,0,0,15,1,0,0,,0,40 01:22.080,,0,75 02:09.240,0,0,0,0,67301,0,0,0,N,0,0,0,2,68K01,0,,1,1,,N,N,,0,,0,0,1,0,0,,1531,0,2,0,0,0,0,0,3,4,0,2,3,,N,,,,,,,,,,,
2009079511,2111.0,1,0,0,0,0,0,0,0,0,4,0,,67,7,2009,5,39.9505,-75.1489,2106.0,6,0,0,0,0,0,0,0,0,1.0,0,0,0,21,3,2,1,,1,39 57:01.895,4.0,0,75 08:56.077,4,0,0,0,67301,0,0,0,N,0,0,0,3,67301,2,,1,1,,N,N,,1,,0,0,0,3,2,Y,2100,2,2,0,0,0,0,0,3,4,0,2,3,,N,,,,,,,,,,,
2009079525,907.0,1,0,0,0,0,0,0,0,0,7,0,,67,7,2009,4,39.9237,-75.2456,912.0,6,0,0,0,0,0,0,0,0,,0,0,0,9,1,1,0,,0,39 55:25.476,,0,75 14:44.292,3,0,0,0,67301,0,0,0,N,0,0,0,1,67301,0,,4,1,,N,N,,0,,1,0,0,0,0,,905,1,1,0,0,0,0,0,3,4,0,1,3,,N,,,,,,,,,,,
2009079620,743.0,0,0,0,0,0,0,0,0,0,5,0,,67,7,2009,7,40.0061,-75.1936,741.0,6,0,0,0,0,0,1,0,1,,0,0,0,7,1,0,6,,0,40 00:23.138,,2,75 11:35.350,0,0,0,0,67301,0,0,0,N,0,0,0,3,68K01,0,,1,1,,N,N,,0,,0,0,2,0,0,,739,0,2,0,0,0,0,0,3,4,0,2,3,,N,,,,,,,,,,,
2009074883,14.0,1,0,0,0,0,0,0,0,0,1,0,,67,5,2009,4,39.9482,-75.1867,8.0,6,0,1,0,0,0,0,0,0,1.0,0,0,0,0,3,0,0,,1,39 56:55.088,3.0,0,75 11:09.451,0,0,0,0,67301,0,0,0,N,0,0,0,3,68K01,0,,1,9,,N,N,,0,,0,0,1,0,0,N,2,0,2,0,0,0,0,0,3,4,0,2,7,,N,,,,,,,,,,,
2009100623,23.0,1,0,0,1,0,0,0,0,0,4,0,,67,9,2009,3,39.9864,-75.1696,22.0,6,0,0,0,0,0,0,0,0,,0,0,0,0,3,1,1,,0,39 59:11.018,,0,75 10:10.592,4,0,0,0,67301,1,0,0,,0,0,0,2,67301,1,,1,1,,,,,0,,0,0,0,3,2,,20,1,2,0,0,0,0,0,3,4,0,1,3,,N,,,,,,,,,,,
2009105980,1210.0,1,0,0,0,0,0,0,0,0,8,0,,67,9,2009,4,39.9392,-75.1594,1205.0,6,0,0,0,0,0,1,0,0,,0,0,0,12,1,1,2,,0,39 56:21.058,,0,75 09:33.879,8,0,0,0,67301,1,0,0,,1,0,0,2,67301,0,,1,1,,,,,0,,0,0,0,1,2,,1200,1,2,0,0,0,1,0,3,4,0,1,3,,N,,,,,,,,,,,
2009100641,754.0,0,0,0,0,0,0,0,0,0,5,0,,67,1,2009,1,39.9554,-75.1882,754.0,6,0,0,0,0,0,0,0,0,1.0,0,0,0,7,3,1,2,,2,39 57:19.502,3.0,0,75 11:17.600,8,0,0,0,67301,1,0,0,N,1,0,0,2,67301,0,,1,9,,N,N,,0,,0,0,1,3,2,N,754,1,2,0,0,0,1,0,3,4,0,1,7,,N,,,,,,,,,,,
2009044277,1330.0,1,0,0,0,0,0,0,0,0,8,0,,67,3,2009,2,39.9353,-75.2202,1325.0,6,0,0,0,0,0,0,0,0,,0,0,0,17,1,1,0,,0,39 56:07.171,,0,75 13:12.881,3,0,0,0,67301,1,0,0,,1,0,0,2,67301,0,,1,1,,,,,0,,1,0,0,0,0,,1730,1,2,0,0,0,0,0,3,4,0,1,99,,N,,,,,,,,,,,
2009044279,1508.0,1,0,0,0,0,0,0,0,0,8,0,,67,3,2009,4,39.9918,-75.1127,1507.0,6,0,0,0,0,0,0,0,0,,0,0,0,13,1,1,1,,0,39 59:30.292,,0,75 06:46.002,4,0,0,0,67301,1,0,0,N,1,0,0,2,67301,1,,1,1,,N,N,,0,,0,0,0,3,2,,1350,1,2,0,0,0,0,0,3,4,0,1,3,,N,,,,,,,,,,,
2009044291,845.0,1,0,0,0,0,0,0,0,0,8,0,,67,3,2009,1,40.002,-75.1401,840.0,6,0,0,0,0,0,0,0,0,,0,0,0,8,3,1,1,,0,40 00:07.027,,0,75 08:24.226,4,0,0,0,67301,1,0,0,N,1,0,0,2,67301,1,,1,9,,N,,,0,,0,0,0,3,3,,840,1,2,0,0,0,0,0,3,4,0,1,10,,N,,,,,,,,,,,
2009044293,1802.0,2,0,0,0,0,0,0,0,0,4,0,,67,3,2009,3,40.0567,-75.1399,1800.0,6,0,0,0,0,0,0,0,0,,0,0,0,99,1,4,1,,0,40 03:24.154,,0,75 08:23.496,8,0,0,0,67301,0,0,0,N,0,0,0,5,67301,0,,1,1,,N,N,,0,,0,0,0,3,2,,9999,4,2,0,0,0,4,0,3,4,0,2,3,,N,,,,,,,,,,,
2009015182,904.0,2,0,0,0,0,0,0,0,0,7,0,,67,1,2009,4,39.8894,-75.2194,853.0,6,0,0,0,0,0,0,0,0,1.0,0,0,0,8,1,0,0,,1,39 53:20.517,1.0,0,75 13:07.583,9,0,0,0,67301,0,0,0,N,0,0,0,2,68K01,0,,2,2,,N,N,,0,,0,0,0,0,0,N,849,0,2,0,0,0,0,1,3,4,0,2,98,,N,,,,,,,,,,,
2009049385,1923.0,2,0,0,0,0,0,0,0,0,4,0,,67,3,2009,5,39.9412,-75.2095,1909.0,6,0,0,0,0,0,0,0,0,,0,0,0,19,1,0,1,,0,39 56:28.422,,0,75 12:33.863,0,0,0,0,67301,0,0,0,N,0,0,0,4,67301,0,,1,1,,N,N,,0,,0,0,0,3,2,,1906,0,2,0,0,1,0,0,3,4,0,2,3,,N,,,,,,,,,,,
2009049490,1435.0,1,0,0,0,0,0,0,0,0,8,0,,67,4,2009,4,40.0184,-75.0802,1430.0,6,0,0,0,0,0,0,0,0,,0,0,0,14,1,1,1,,0,40 01:06.384,,0,75 04:48.547,4,0,0,0,67301,1,0,0,N,1,0,0,2,67301,1,,1,9,,N,N,,0,,0,0,0,3,3,,1430,1,2,0,0,0,0,1,3,4,0,1,7,,N,,,,,,,,,,,
2009026124,1700.0,1,0,0,0,0,0,0,0,0,8,0,,67,1,2009,6,40.0068,-75.1321,1657.0,6,0,0,0,0,0,0,0,0,,0,0,0,16,1,1,3,,0,40 00:24.409,,0,75 07:55.714,3,0,0,0,67301,1,0,0,,1,0,0,2,67301,0,,1,1,,N,,,0,,1,0,0,3,3,,1635,1,2,0,0,0,0,0,3,4,0,1,3,,N,,,,,,,,,,,
2009124851,2016.0,3,0,0,0,0,0,0,0,0,2,0,,67,11,2009,1,40.0382,-75.1321,2015.0,6,0,0,1,0,0,0,0,0,2.0,0,0,0,20,3,1,1,,1,40 02:17.523,2.0,0,75 07:55.678,8,0,0,0,67301,0,0,0,N,0,0,0,2,67301,0,,1,1,,N,N,,0,,0,0,1,3,3,N,2013,1,4,0,0,0,1,1,3,4,0,4,3,,N,,,,,,,,,,,
2009124975,1125.0,0,0,0,0,0,0,0,0,0,4,0,,67,11,2009,5,40.0706,-75.2413,1122.0,6,0,0,0,0,0,0,0,0,,0,0,0,11,1,0,1,,0,40 04:02.462,,0,75 14:24.632,0,0,0,0,67301,0,0,0,N,0,0,0,2,67301,0,,1,1,,N,N,,1,,0,0,1,3,2,,1115,0,2,0,0,0,0,0,3,4,0,2,3,,N,,,,,,,,,,,
2009048599,2009.0,1,0,0,0,0,0,0,0,0,7,0,,67,4,2009,7,39.9732,-75.159,2007.0,6,0,0,0,0,0,0,0,0,,0,0,0,20,3,1,1,,0,39 58:23.580,,0,75 09:32.853,8,0,0,0,67301,0,0,0,,0,0,0,1,67301,0,,5,1,,N,N,,0,,0,0,0,3,2,,2003,1,1,0,0,0,1,0,3,4,0,1,3,,N,,,,,,,,,,,
2009048634,9999.0,2,0,0,0,0,0,0,0,0,4,0,,67,4,2009,5,39.9554,-75.2129,345.0,6,0,0,0,1,0,0,0,0,,0,0,0,1,3,1,0,,0,39 57:19.448,,0,75 12:46.386,3,0,0,0,67301,0,0,0,N,0,0,0,1,67301,0,,2,9,,N,N,,1,,1,0,1,0,0,,113,1,4,0,0,1,0,0,3,4,0,4,7,,N,,,,,,,,,,,
2009048640,1101.0,1,0,0,0,0,0,0,0,0,8,0,,67,3,2009,3,40.0433,-75.1613,1100.0,6,0,0,0,0,0,0,1,0,,0,0,0,10,1,1,1,,0,40 02:35.999,,0,75 09:40.855,4,0,0,0,67301,1,0,0,N,1,0,0,2,67301,1,,1,1,,N,N,,0,,0,0,0,3,2,,1043,1,2,0,0,1,0,0,3,4,0,1,7,,N,,,,,,,,,,,
2009048908,45.0,2,0,0,0,0,0,0,0,0,4,0,,67,4,2009,4,40.0599,-75.1734,32.0,6,0,0,0,0,0,0,0,0,,0,0,0,23,3,0,1,,0,40 03:35.475,,0,75 10:24.377,0,0,0,0,67301,0,0,0,N,0,0,0,1,67301,0,,1,1,,N,N,,0,,0,0,0,3,2,,2320,0,2,0,0,0,0,0,3,4,0,2,3,,N,,,,,,,,,,,
2009031169,1910.0,1,0,0,0,0,0,0,0,0,7,0,,67,2,2009,2,39.9275,-75.145,1909.0,6,0,0,0,0,0,1,0,0,1.0,0,0,0,19,3,0,0,,1,39 55:39.202,2.0,0,75 08:41.882,0,0,0,0,67301,0,0,0,N,0,0,0,1,67301,0,,4,1,,N,N,,0,,0,0,0,0,0,N,1909,0,1,0,0,0,0,0,3,4,0,1,3,,N,,,,,,,,,,,
2009044116,2304.0,2,0,0,0,0,0,0,0,0,2,0,,67,3,2009,6,39.9436,-75.1964,2304.0,6,0,0,0,0,0,0,0,0,2.0,0,0,0,23,3,3,0,,2,39 56:36.469,5.0,0,75 11:47.117,8,0,0,0,67301,0,0,0,,0,0,0,3,67301,0,,1,1,,,,,0,,0,0,0,0,0,Y,2300,3,2,0,0,1,3,0,3,4,0,2,3,,N,,,,,,,,,,,
2009009028,841.0,2,0,0,0,0,0,0,0,0,1,0,,67,1,2009,4,39.9717,-75.1235,817.0,6,0,0,0,0,0,0,0,0,,0,0,0,7,1,0,0,,0,39 58:14.667,,0,75 07:29.457,9,0,0,0,67301,0,0,0,N,0,0,0,2,68K01,0,,1,1,,N,N,,0,,0,0,0,0,0,,759,0,2,0,0,0,0,1,3,4,0,2,3,,N,,,,,,,,,,,
2009008295,1610.0,0,0,0,0,0,0,0,0,0,1,0,,67,1,2009,6,39.9764,-75.1148,1610.0,6,0,0,0,0,0,2,0,0,1.0,0,0,0,16,1,0,0,,2,39 58:40.756,2.0,0,75 06:41.836,0,0,0,0,67301,0,0,0,N,0,0,0,2,68K01,0,,1,1,,N,N,,0,,0,0,2,0,0,N,1610,0,2,0,0,0,0,0,3,4,0,2,3,,N,,,,,,,,,,,
2009044177,1630.0,3,0,0,0,0,0,0,0,0,1,0,,67,3,2009,6,40.1127,-75.0044,1629.0,6,0,0,0,0,0,1,0,0,,0,0,0,99,1,1,0,,0,40 06:45.622,,0,75 00:15.717,4,0,0,0,67301,0,0,0,N,0,0,0,3,67301,1,,1,1,,N,N,,0,,0,0,0,3,2,,9999,1,3,0,0,0,0,0,3,4,0,3,3,,N,,,,,,,,,,,
2009026063,1130.0,2,0,0,0,0,0,0,0,0,4,0,,67,1,2009,6,40.0115,-75.0698,9999.0,6,0,0,0,0,0,0,0,0,,0,0,0,11,1,1,1,,0,40 00:41.506,,0,75 04:11.279,8,0,0,0,67301,0,0,0,N,0,0,0,3,67301,0,,1,1,,N,N,,0,,0,0,0,3,2,,1115,1,2,0,0,2,1,0,3,4,0,2,3,,N,,,,,,,,,,,
2009026067,110.0,2,0,0,0,0,0,0,0,0,4,0,,67,1,2009,7,39.9915,-75.1361,100.0,6,0,0,0,0,0,0,0,0,,0,0,0,1,3,2,1,,0,39 59:29.400,,0,75 08:09.960,3,0,0,0,67301,0,0,0,N,0,0,0,2,67301,1,,1,1,,N,N,,0,,1,0,0,3,2,,100,2,2,0,0,1,0,0,3,4,0,2,3,,N,,,,,,,,,,,
2009026095,1242.0,1,0,0,0,0,0,0,0,0,4,0,,67,1,2009,3,39.957,-75.1572,1242.0,6,0,0,0,0,0,0,1,0,1.0,0,0,0,12,1,0,1,,2,39 57:26.640,3.0,0,75 09:25.560,0,0,0,0,67301,0,0,0,N,0,0,0,2,67301,0,,1,1,,N,N,,0,,0,0,1,3,2,Y,1240,0,2,0,0,0,0,0,3,4,0,2,3,,N,,,,,,,,,,,
2009023875,137.0,4,0,0,0,0,0,0,0,0,2,0,,67,2,2009,1,39.9445,-75.198,137.0,6,0,0,0,0,0,1,1,0,2.0,0,0,0,1,3,1,0,,1,39 56:40.920,3.0,0,75 11:53.140,4,0,0,0,67301,0,0,0,N,0,0,0,8,68K01,1,,1,1,,N,N,,0,,0,0,0,0,0,N,131,1,5,0,0,0,0,0,3,4,1,5,3,,N,,,,,,,,,,,
2009050449,749.0,1,0,0,0,0,0,0,0,0,5,0,,67,4,2009,6,39.9769,-75.1974,748.0,6,0,0,0,0,0,0,0,0,,0,0,0,7,1,1,0,,0,39 58:37.718,,0,75 11:56.462,4,0,0,0,67301,0,0,0,N,0,0,0,2,68K01,1,,1,1,,N,N,,1,,0,0,0,0,0,,729,1,2,0,0,0,0,0,3,4,0,2,3,,N,,,,,,,,,,,
2009050900,255.0,2,0,0,0,0,0,0,0,0,1,0,,67,3,2009,2,39.9057,-75.1939,250.0,6,0,0,0,0,0,1,0,0,,0,0,0,2,3,3,1,,0,39 54:20.430,,0,75 11:37.830,8,0,0,0,67301,0,0,0,,0,0,0,3,67301,0,,1,1,,,,,0,,0,0,0,3,2,,245,3,2,0,0,0,3,0,3,4,0,2,3,,N,,,,,,,,,,,
2009050240,931.0,2,0,0,0,0,0,0,0,0,1,0,,67,5,2009,2,39.9577,-75.1485,925.0,6,0,0,0,0,0,0,0,0,1.0,0,0,0,9,1,2,0,,1,39 57:27.993,4.0,0,75 08:56.601,4,0,0,0,67301,0,0,0,N,0,0,0,3,68K01,2,,1,1,,N,N,,0,,0,0,0,0,0,N,922,2,2,0,0,0,0,0,3,4,0,2,3,,N,,,,,,,,,,,
2009120455,913.0,1,0,0,0,0,0,0,0,0,4,0,,67,10,2009,7,40.0332,-75.0378,912.0,6,0,0,0,0,0,1,0,0,,0,0,0,9,1,2,1,,0,40 01:59.691,,0,75 02:15.936,3,0,0,0,67301,0,0,0,,0,0,0,3,67301,1,,1,9,,N,N,,1,,1,0,0,3,2,,910,2,2,0,0,0,0,0,3,4,0,2,7,,N,,,,,,,,,,,
2009124689,1841.0,0,0,0,0,0,0,0,0,0,4,0,,67,11,2009,3,40.1317,-75.0122,1838.0,6,0,0,1,0,0,0,0,0,,0,0,0,18,3,1,1,,0,40 07:53.956,,0,75 00:43.926,4,0,0,0,67301,0,0,0,N,0,0,0,4,67301,1,,1,1,,N,N,,0,,0,0,0,3,2,,1830,1,2,0,0,0,0,0,3,4,2,2,3,,N,,,,,,,,,,,
2009099991,834.0,1,0,0,1,0,0,0,0,0,4,0,,67,9,2009,1,39.9832,-75.1568,834.0,6,0,0,0,0,0,0,0,0,,0,0,0,8,3,1,1,,0,39 58:59.480,,0,75 09:24.548,4,0,0,0,67301,1,0,0,N,0,0,0,2,67301,1,,1,1,,N,N,,0,,0,0,0,3,2,,832,1,2,0,0,0,0,0,3,4,0,1,3,,N,,,,,,,,,,,
2009105641,1759.0,1,0,0,1,0,0,0,0,0,4,0,,67,9,2009,5,39.9968,-75.1164,1758.0,6,0,0,0,0,0,0,0,0,,0,0,0,17,1,1,2,,0,39 59:48.640,,0,75 06:59.226,3,0,0,0,67301,1,0,0,N,0,0,0,3,67301,0,,1,1,,N,N,,0,,1,0,0,9,3,,1756,1,2,0,0,0,0,0,3,4,0,1,3,,N,,,,,,,,,,,
2009105686,735.0,2,0,0,0,0,0,0,0,0,1,0,,67,9,2009,3,40.0368,-75.0644,735.0,6,0,0,0,0,0,2,0,0,1.0,0,0,0,7,1,1,0,,1,40 02:12.307,2.0,0,75 03:51.883,8,0,0,0,67301,0,0,0,N,0,0,0,2,67301,0,,1,1,,Y,N,,0,,0,0,0,3,2,N,735,1,2,0,0,0,1,0,3,4,0,2,3,,N,,,,,,,,,,,
2009132544,1800.0,1,0,0,0,0,0,0,0,0,1,0,,67,12,2009,6,40.0124,-75.0591,1758.0,6,0,0,0,0,0,0,0,0,,0,0,0,17,4,0,0,,0,40 00:44.839,,0,75 03:32.420,0,0,0,0,67301,0,0,0,N,0,0,0,2,68K01,0,,1,1,,N,N,,0,,0,0,1,0,0,,1751,0,2,0,0,0,0,0,3,4,0,2,3,,N,,,,,,,,,,,
2009100789,950.0,1,0,0,0,0,0,0,0,0,8,0,,67,9,2009,4,40.0623,-75.1497,945.0,6,0,0,0,0,0,0,0,0,,0,0,0,99,1,1,1,,0,40 03:44.431,,0,75 08:58.916,4,0,0,0,67301,1,0,0,N,1,0,0,2,67301,1,,1,1,,N,N,,0,,0,0,0,9,3,,9999,1,2,0,0,0,0,1,3,4,0,1,3,,N,,,,,,,,,,,
2009132561,432.0,2,0,0,0,0,0,0,0,0,4,0,,67,12,2009,1,39.9724,-75.1935,420.0,6,0,0,0,0,1,0,0,0,1.0,0,0,0,4,3,1,0,,2,39 58:25.799,4.0,0,75 11:38.178,4,0,0,0,67301,0,0,0,N,0,0,0,2,68K01,1,,1,9,,N,N,,0,,0,0,0,0,0,N,418,1,2,0,0,0,0,0,3,4,0,2,10,,N,,,,,,,,,,,
2009084506,1544.0,3,0,0,0,0,0,0,0,0,1,0,,67,8,2009,6,39.9665,-75.1874,1543.0,6,0,0,0,0,0,1,0,0,,0,0,0,15,1,1,0,,0,39 57:59.063,,0,75 11:14.084,4,0,0,0,67301,0,0,0,N,0,0,0,4,68K01,1,,1,1,,N,N,,0,,0,0,0,0,0,,1540,1,3,0,0,0,0,0,3,4,0,3,3,,N,,,,,,,,,,,
2009100601,1420.0,1,0,0,0,0,0,0,0,0,1,0,,67,9,2009,2,39.9346,-75.2273,1404.0,6,0,0,0,0,0,0,0,0,,0,0,0,99,1,1,1,,0,39 56:04.614,,0,75 13:38.329,8,0,0,0,67301,0,0,0,N,0,0,0,2,67301,0,,1,1,,N,N,,0,,0,0,0,3,2,,9999,1,2,0,0,0,1,0,3,4,0,2,3,,N,,,,,,,,,,,
2009100638,1731.0,0,0,0,0,0,0,0,0,0,8,0,,67,2,2009,7,40.0159,-75.0715,1730.0,6,0,0,0,0,0,0,0,0,,0,0,0,17,1,2,1,,0,40 00:57.320,,0,75 04:17.220,4,0,0,0,67301,2,0,0,N,2,0,0,3,67301,2,,1,1,,N,N,,0,,0,0,0,3,2,,1729,2,3,0,0,0,0,0,3,4,1,1,3,,N,,,,,,,,,,,
2009105722,2130.0,1,0,0,0,0,0,1,0,0,5,1,,67,9,2009,4,39.9662,-75.1792,2120.0,6,0,0,0,0,0,1,0,0,,0,0,0,21,3,1,1,,0,39 57:58.110,,0,75 10:45.592,4,0,0,0,67301,0,0,0,,0,0,0,2,67301,1,,1,1,,,,,0,,0,0,0,3,2,,2120,1,2,0,0,0,0,0,3,4,0,2,3,,N,,,,,,,,,,,
2009044181,1725.0,1,0,0,0,0,0,0,0,0,8,0,,67,3,2009,3,40.0843,-75.0384,1721.0,6,0,0,0,0,0,0,0,0,,0,0,0,17,1,1,0,,0,40 05:03.392,,0,75 02:18.454,3,0,0,0,67301,1,0,0,N,1,0,0,2,67301,0,,1,1,,N,N,,0,,1,0,0,3,2,,1715,1,2,0,0,0,0,0,3,4,0,1,3,,N,,,,,,,,,,,
2009044297,900.0,1,0,0,0,0,0,0,0,0,1,0,,67,1,2009,3,39.9467,-75.2102,859.0,6,0,0,0,0,0,0,0,0,,0,0,0,8,1,1,0,,0,39 56:48.051,,0,75 12:36.713,4,0,0,0,67301,0,0,0,N,0,0,0,4,67301,1,,1,2,,N,N,,0,,0,0,0,0,0,,857,1,2,0,0,0,0,0,3,4,1,2,10,,N,,,,,,,,,,,
2009049474,2025.0,2,0,0,0,0,0,0,0,0,5,0,,67,4,2009,1,39.904,-75.1623,2025.0,6,0,0,0,0,0,0,0,0,,0,0,0,20,3,1,2,,0,39 54:14.223,,0,75 09:44.157,4,0,0,0,67301,0,0,0,N,0,0,0,2,67301,1,,1,1,,N,N,,0,,0,0,0,3,2,,2025,1,2,0,0,0,0,0,3,4,0,2,3,,N,,,,,,,,,,,