CRN,ARRIVAL_TM,AUTOMOBILE_COUNT,BELTED_DEATH_COUNT,BELTED_SUSP_SERIOUS_INJ_COUNT,BICYCLE_COUNT,BICYCLE_DEATH_COUNT,BICYCLE_SUSP_SERIOUS_INJ_COUNT,BUS_COUNT,CHLDPAS_DEATH_COUNT,CHLDPAS_SUSP_SERIOUS_INJ_COUNT,COLLISION_TYPE,COMM_VEH_COUNT,CONS_ZONE_SPD_LIM,COUNTY,CRASH_MONTH,CRASH_YEAR,DAY_OF_WEEK,DEC_LAT,DEC_LONG,DISPATCH_TM,DISTRICT,DRIVER_COUNT_16YR,DRIVER_COUNT_17YR,DRIVER_COUNT_18YR,DRIVER_COUNT_19YR,DRIVER_COUNT_20YR,DRIVER_COUNT_50_64YR,DRIVER_COUNT_65_74YR,DRIVER_COUNT_75PLUS,EST_HRS_CLOSED,FATAL_COUNT,HEAVY_TRUCK_COUNT,HORSE_BUGGY_COUNT,HOUR_OF_DAY,ILLUMINATION,INJURY_COUNT,INTERSECT_TYPE,INTERSECTION_RELATED,LANE_CLOSED,LATITUDE,LN_CLOSE_DIR,LOCATION_TYPE,LONGITUDE,MAX_SEVERITY_LEVEL,MCYCLE_DEATH_COUNT,MCYCLE_SUSP_SERIOUS_INJ_COUNT,MOTORCYCLE_COUNT,MUNICIPALITY,NONMOTR_COUNT,NONMOTR_DEATH_COUNT,NONMOTR_SUSP_SERIOUS_INJ_COUNT,NTFY_HIWY_MAINT,PED_COUNT,PED_DEATH_COUNT,PED_SUSP_SERIOUS_INJ_COUNT,PERSON_COUNT,POLICE_AGCY,POSSIBLE_INJ_COUNT,RDWY_SURF_TYPE_CD,RELATION_TO_ROAD,ROAD_CONDITION,ROADWAY_CLEARED,SCH_BUS_IND,SCH_ZONE_IND,SECONDARY_CRASH,SMALL_TRUCK_COUNT,SPEC_JURIS_CD,SUSP_MINOR_INJ_COUNT,SUSP_SERIOUS_INJ_COUNT,SUV_COUNT,TCD_FUNC_CD,TCD_TYPE,TFC_DETOUR_IND,TIME_OF_DAY,TOT_INJ_COUNT,TOTAL_UNITS,UNB_DEATH_COUNT,UNB_SUSP_SERIOUS_INJ_COUNT,UNBELTED_OCC_COUNT,UNK_INJ_DEG_COUNT,UNK_INJ_PER_COUNT,URBAN_AREA,URBAN_RURAL,VAN_COUNT,VEHICLE_COUNT,WEATHER1,WEATHER2,WORK_ZONE_IND,WORK_ZONE_LOC,WORK_ZONE_TYPE,WORKERS_PRES,WZ_CLOSE_DETOUR,WZ_FLAGGER,WZ_LAW_OFFCR_IND,WZ_LN_CLOSURE,WZ_MOVING,WZ_OTHER,WZ_SHLDER_MDN,WZ_WORKERS_INJ_KILLED
2009017024,940.0,0,0,0,0,0,0,0,0,0,7,0,,67,1,2009,3,39.968,-75.1299,918.0,6,0,0,0,0,0,0,0,0,,0,0,0,8,1,0,0,,0,39 58:04.690,,2,75 07:47.487,0,0,0,0,67301,0,0,0,N,0,0,0,1,68K01,0,,2,9,,N,N,,0,,0,0,1,0,0,,813,0,1,0,0,0,0,0,3,4,0,1,3,,N,,,,,,,,,,,
2009120447,911.0,3,0,0,0,0,0,0,0,0,4,0,,67,10,2009,3,39.9214,-75.1601,911.0,6,0,0,0,0,1,0,0,0,,0,0,0,99,1,2,2,,0,39 55:17.104,,0,75 09:36.363,4,0,0,0,67301,0,0,0,N,0,0,0,2,67301,2,,1,9,,N,N,,0,,0,0,0,3,3,,9999,2,3,0,0,0,0,0,3,4,0,3,3,,N,,,,,,,,,,,
2009048758,921.0,2,0,0,0,0,0,0,0,0,1,0,,67,2,2009,5,39.9852,-75.2589,911.0,6,0,0,0,0,0,0,0,1,,0,0,0,9,1,1,0,,0,39 59:04.770,,0,75 15:35.695,8,0,0,0,67301,0,0,0,N,0,0,0,2,67301,0,,1,9,,N,,,0,,0,0,0,0,0,,900,1,2,0,0,0,1,0,3,4,0,2,7,,N,,,,,,,,,,,
2009048835,635.0,1,0,0,1,0,0,0,0,0,4,0,,67,3,2009,2,39.9451,-75.1685,624.0,6,0,0,0,0,0,0,0,0,1.0,0,0,0,6,3,1,1,,1,39 56:42.255,4.0,0,75 10:06.725,4,0,0,0,67301,1,0,0,,0,0,0,2,67301,1,,1,1,,,,,0,,0,0,0,3,3,N,600,1,2,0,0,0,0,0,3,4,0,1,3,,N,,,,,,,,,,,
2009124943,1610.0,2,0,0,0,0,0,0,0,0,4,0,,67,11,2009,1,40.0675,-75.1793,1605.0,6,0,0,0,0,0,1,0,0,,0,0,0,15,1,0,1,,0,40 04:02.954,,0,75 10:45.487,0,0,0,0,67301,0,0,0,N,0,0,0,2,67301,0,,1,1,,N,N,,0,,0,0,0,9,2,,1559,0,2,0,0,0,0,0,3,4,0,2,3,,N,,,,,,,,,,,
2009124950,1435.0,1,0,0,0,0,0,0,0,0,4,0,,67,11,2009,6,39.993,-75.1345,1430.0,6,0,0,0,0,0,2,0,0,9.0,0,0,0,14,1,1,1,,1,39 59:34.792,2.0,0,75 08:04.235,4,0,0,0,67301,0,0,0,N,0,0,0,2,67301,1,,1,1,,N,N,,1,,0,0,0,3,2,N,1420,1,2,0,0,0,0,0,3,4,0,2,3,,N,,,,,,,,,,,
2009033805,708.0,1,0,0,0,0,0,0,0,0,2,0,,67,2,2009,4,40.0211,-75.1399,656.0,6,0,0,0,0,0,1,0,0,1.0,0,0,0,6,1,1,1,,1,40 01:15.937,1.0,0,75 08:23.758,3,0,0,0,67301,0,0,0,N,0,0,0,3,67301,0,,1,1,,N,N,,0,,1,0,1,3,2,N,652,1,2,0,0,0,0,0,3,4,0,2,3,,N,,,,,,,,,,,
2009033828,1540.0,2,0,0,0,0,0,0,0,0,4,0,,67,1,2009,3,39.9688,-75.2454,1539.0,6,0,0,0,0,0,0,0,0,1.0,0,0,0,15,1,0,1,,2,39 58:07.804,5.0,0,75 14:43.550,0,0,0,0,67301,0,0,0,N,0,0,0,2,67301,0,,1,1,,N,N,,0,,0,0,0,3,2,Y,1536,0,2,0,0,0,0,0,3,4,0,2,3,,N,,,,,,,,,,,
2009038963,315.0,1,0,0,0,0,0,0,0,0,1,0,,67,2,2009,1,39.9605,-75.137,312.0,6,0,0,0,2,0,0,0,0,,0,0,0,3,3,1,1,,0,39 57:36.625,,0,75 08:13.909,4,0,0,0,67301,0,0,0,N,0,0,0,6,67301,1,,1,9,,N,N,,0,,0,0,1,3,2,,300,1,2,0,0,0,0,0,3,4,0,2,3,,N,,,,,,,,,,,
2009120238,1547.0,1,0,0,0,0,0,0,0,0,6,0,,67,9,2009,7,39.9893,-75.1174,1543.0,6,0,0,0,0,0,0,0,0,,0,0,0,11,1,1,2,,0,39 59:21.656,,0,75 07:02.690,4,0,0,0,67301,1,0,0,,1,0,0,2,67301,1,,1,1,,N,N,,0,,0,0,0,0,0,,1135,1,2,0,0,0,0,0,3,4,0,1,3,,N,,,,,,,,,,,
2009048605,1827.0,2,0,0,0,0,0,0,0,0,1,0,,67,2,2009,3,39.9873,-75.2518,1820.0,6,0,0,0,1,0,1,0,1,,0,0,0,18,3,1,1,,0,39 59:14.152,,0,75 15:06.662,8,0,0,0,67301,0,0,0,,0,0,0,4,67301,0,,1,1,,N,N,,0,,0,0,1,0,0,,1820,1,4,0,0,0,1,0,3,4,1,4,3,,N,,,,,,,,,,,
2009048616,1845.0,2,0,0,0,0,0,0,0,0,7,0,,67,4,2009,1,39.9939,-75.0975,1840.0,6,0,0,0,0,0,1,0,0,,0,0,0,18,1,2,0,,0,39 59:38.059,,7,75 05:50.905,4,0,0,0,67301,0,0,0,,0,0,0,3,67301,2,,2,1,,N,N,,0,,0,0,0,0,0,,1840,2,3,0,0,0,0,0,3,4,1,3,3,,N,,,,,,,,,,,
2009035998,1550.0,0,0,0,0,0,0,0,0,0,1,0,,67,3,2009,7,39.959,-75.1712,1547.0,6,0,0,0,0,0,2,0,0,1.0,0,0,0,15,1,1,0,,2,39 57:32.771,4.0,0,75 10:17.860,3,0,0,1,67301,0,0,0,N,0,0,0,3,68K01,0,,1,1,,N,N,,1,,1,0,0,0,0,N,1543,1,2,0,0,0,0,0,3,4,0,2,3,,N,,,,,,,,,,,
2009049055,545.0,1,0,0,0,0,0,0,0,0,4,0,,67,4,2009,3,39.9299,-75.1635,542.0,6,0,0,0,0,0,0,0,0,,0,0,0,5,1,0,1,,0,39 55:47.470,,0,75 09:48.661,0,0,0,0,67301,0,0,0,N,0,0,0,2,67301,0,,1,1,,N,N,,0,,0,0,1,3,2,,538,0,2,0,0,0,0,0,3,4,0,2,3,,N,,,,,,,,,,,
2009044003,2046.0,1,0,0,0,0,0,0,0,0,4,0,,67,3,2009,3,40.0524,-75.1208,2041.0,6,0,0,0,0,0,0,0,0,,0,0,0,20,3,3,2,,0,40 03:08.565,,0,75 07:14.982,3,0,0,0,67301,0,0,0,N,0,0,0,4,67301,0,,1,1,,N,N,,0,,3,0,1,0,0,,2035,3,2,0,0,0,0,0,3,4,0,2,3,,N,,,,,,,,,,,
2009048701,1715.0,1,0,0,0,0,0,0,0,0,2,0,,67,2,2009,5,39.9915,-75.2259,1711.0,6,0,0,0,0,0,1,0,0,,0,0,0,17,1,1,0,,0,39 59:29.421,,7,75 13:33.123,8,0,0,0,67301,0,0,0,,0,0,0,2,67301,0,,1,1,,,,,1,,0,0,0,0,0,,1711,1,2,0,0,0,1,0,3,4,0,2,3,,N,,,,,,,,,,,
2009008645,1201.0,1,0,0,0,0,0,0,0,0,7,0,,67,1,2009,2,39.9598,-75.141,1149.0,6,0,0,0,1,0,0,0,0,,0,0,0,11,1,0,0,,0,39 57:26.497,,2,75 08:32.728,0,0,0,0,67301,0,0,0,N,0,0,0,1,68K01,0,,2,9,,N,N,,0,,0,0,0,0,0,,1141,0,1,0,0,0,0,0,3,4,0,1,10,,N,,,,,,,,,,,
2009049200,1741.0,0,0,0,0,0,0,0,0,0,8,0,,67,3,2009,5,39.9863,-75.1561,1737.0,6,0,0,0,0,0,0,0,0,,0,0,0,17,1,1,1,,0,39 59:10.632,,0,75 09:22.550,4,0,0,0,67301,1,0,0,,1,0,0,2,67301,1,,1,1,,,,,0,,0,0,1,3,2,,1729,1,2,0,0,0,0,0,3,4,0,1,3,,N,,,,,,,,,,,
2009049201,1457.0,0,0,0,0,0,0,0,0,0,1,0,,67,3,2009,3,40.06,-75.0092,1454.0,6,0,0,0,0,0,1,0,0,,0,0,0,14,1,1,0,,0,40 03:36.000,,0,75 00:33.120,8,0,0,0,67301,0,0,0,,0,0,0,3,67301,0,,1,1,,,,,0,,0,0,2,3,2,,1450,1,2,0,0,0,1,0,3,4,0,2,3,,N,,,,,,,,,,,
2009051731,2350.0,1,0,0,0,0,0,0,0,0,1,0,45.0,67,5,2009,5,39.8996,-75.1628,2350.0,6,0,0,0,0,0,2,0,0,,0,0,0,23,3,0,0,,0,39 54:01.580,,0,75 09:21.948,0,0,0,0,67301,0,0,0,N,0,0,0,4,68K01,0,,1,9,,N,N,,0,,0,0,1,3,1,,2349,0,2,0,0,0,0,0,3,4,0,2,7,,Y,1.0,2.0,N,N,N,Y,Y,N,N,N,
2009026098,251.0,1,0,0,0,0,0,0,0,0,8,0,,67,1,2009,1,39.9616,-75.1545,250.0,6,0,0,0,0,0,0,0,0,,0,0,0,2,3,1,1,,0,39 57:41.729,,0,75 09:16.202,4,0,0,0,67301,1,0,0,,1,0,0,3,67301,1,,1,1,,N,N,,0,,0,0,0,3,3,,243,1,2,0,0,0,0,0,3,4,0,1,3,,N,,,,,,,,,,,
2009050235,759.0,0,0,0,0,0,0,0,0,0,7,0,,67,5,2009,2,40.0193,-75.0453,759.0,6,0,0,0,1,0,0,0,0,1.0,0,0,0,7,1,1,0,,2,40 01:11.132,1.0,0,75 02:40.049,3,0,0,0,67301,0,0,0,Y,0,0,0,1,68K01,0,,2,9,,N,N,,0,,1,0,1,0,0,N,757,1,1,0,0,0,0,0,3,4,0,1,7,,N,,,,,,,,,,,
2009101037,2340.0,2,0,0,0,0,0,0,0,0,5,0,,67,9,2009,2,40.0205,-75.1542,2335.0,6,0,0,0,0,0,0,0,0,,0,0,0,23,3,0,6,,0,40 01:13.786,,2,75 09:15.325,0,0,0,0,67301,0,0,0,N,0,0,0,2,67301,0,,7,1,,N,N,,0,,0,0,0,3,3,,2330,0,2,0,0,0,0,0,3,4,0,2,3,,N,,,,,,,,,,,
2009105724,1350.0,1,0,0,0,0,0,0,0,0,1,1,,67,9,2009,3,40.1048,-75.0016,1345.0,6,0,0,0,0,0,0,2,0,1.0,0,1,0,13,1,1,1,,1,40 06:17.424,2.0,0,75 00:05.687,4,0,0,0,67301,0,0,0,N,0,0,0,4,67301,1,,1,1,,N,N,,0,,0,0,1,3,2,N,1345,1,3,0,0,0,0,0,3,4,0,3,3,,N,,,,,,,,,,,
2009100715,2137.0,0,0,0,0,0,0,0,0,0,8,0,,67,9,2009,7,39.9817,-75.1809,2125.0,6,0,0,0,0,0,0,0,0,5.0,0,0,0,21,3,2,1,,2,39 58:54.004,4.0,0,75 10:51.117,2,0,0,1,67301,1,0,1,N,1,0,1,2,67301,0,,1,1,,N,N,,0,,1,1,1,0,0,Y,2125,2,3,0,0,0,0,0,3,4,0,2,3,,N,,,,,,,,,,,
2009095404,9999.0,1,0,0,0,0,0,0,0,0,8,0,,67,9,2009,2,39.9188,-75.186,1548.0,6,0,0,0,0,0,0,0,0,,0,0,0,99,1,1,1,,0,39 55:07.618,,0,75 11:09.725,8,0,0,0,67301,1,0,0,,1,0,0,2,67301,0,,1,1,,,,,0,,0,0,0,3,2,,9999,1,2,0,0,0,1,0,3,4,0,1,3,,N,,,,,,,,,,,
2009100758,1400.0,2,0,0,0,0,0,0,0,0,4,0,,67,9,2009,7,39.9579,-75.1641,1358.0,6,0,0,0,0,0,2,0,0,,0,0,0,13,1,0,5,,0,39 57:28.586,,2,75 09:50.892,0,0,0,0,67301,0,0,0,,0,0,0,2,67301,0,,1,1,,,,,0,,0,0,0,3,2,,1356,0,2,0,0,0,0,0,3,4,0,2,3,,N,,,,,,,,,,,
2009132549,1829.0,1,0,0,0,0,0,0,0,0,4,0,,67,12,2009,3,40.0092,-75.0669,1819.0,6,0,0,0,0,0,0,0,0,2.0,0,0,0,18,3,1,0,,1,40 00:33.136,1.0,0,75 04:00.211,8,0,0,0,67301,0,0,0,N,0,0,0,2,68K01,0,,1,1,,N,N,,0,,0,0,1,0,0,N,1817,1,2,0,0,0,1,1,3,4,0,2,3,,N,,,,,,,,,,,
2009100819,925.0,1,0,0,0,0,0,0,0,0,8,0,,67,9,2009,2,39.9341,-75.1976,923.0,6,0,0,0,0,0,0,0,0,,0,0,0,9,1,1,0,,0,39 56:02.905,,0,75 11:51.240,8,0,0,0,67301,1,0,0,,1,0,0,2,67301,0,,1,1,,N,Y,,0,,0,0,0,0,0,,908,1,2,0,0,0,1,1,3,4,0,1,3,,N,,,,,,,,,,,
2009108302,338.0,1,0,0,0,0,0,0,0,0,7,0,,67,10,2009,2,39.9106,-75.1499,325.0,6,0,0,0,1,0,0,0,0,2.0,0,0,0,3,3,0,0,,1,39 54:38.856,1.0,2,75 08:55.347,0,0,0,0,67301,0,0,0,N,0,0,0,2,68K01,0,,2,1,,N,N,,0,,0,0,0,0,0,N,317,0,1,0,0,0,0,0,3,4,0,1,3,,N,,,,,,,,,,,
2009030823,2025.0,2,0,0,0,0,0,0,0,0,6,0,,67,1,2009,5,40.0,-75.1405,2020.0,6,0,0,0,0,0,0,0,0,,0,0,0,20,3,1,1,,0,39 59:59.852,,0,75 08:25.816,4,0,0,0,67301,0,0,0,N,0,0,0,2,67301,1,,1,1,,N,N,,0,,0,0,0,3,2,,2010,1,2,0,0,0,0,0,3,4,0,2,3,,N,,,,,,,,,,,
2009025440,1100.0,3,0,0,0,0,0,0,0,0,4,0,,67,1,2009,3,40.0659,-75.1765,1055.0,6,0,0,0,0,0,0,0,0,,0,0,0,10,1,1,1,,0,40 03:57.203,,0,75 10:35.464,4,0,0,0,67301,0,0,0,,0,0,0,2,67301,1,,1,1,,,,,0,,0,0,0,3,3,,1055,1,3,0,0,0,0,0,3,4,0,3,3,,N,,,,,,,,,,,
2009025794,815.0,0,0,0,0,0,0,0,0,0,8,0,,67,1,2009,4,40.0566,-75.0466,813.0,6,0,0,0,0,0,0,1,0,1.0,0,0,0,8,1,1,1,,1,40 03:23.636,1.0,0,75 02:47.581,4,0,0,0,67301,1,0,0,N,1,0,0,2,67301,1,,1,1,,N,N,,1,,0,0,0,3,2,N,808,1,2,0,0,0,0,0,3,4,0,1,3,,N,,,,,,,,,,,
2009028476,2120.0,1,0,0,0,0,0,0,0,0,7,0,,67,1,2009,1,39.9608,-75.2443,2110.0,6,0,0,0,0,0,0,0,0,2.0,0,0,0,21,3,1,0,,1,39 57:38.880,3.0,0,75 14:39.480,8,0,0,0,67301,0,0,0,N,0,0,0,1,67301,0,,4,2,,N,N,,0,,0,0,0,0,0,N,2100,1,1,0,0,0,1,0,3,4,0,1,98,,N,,,,,,,,,,,
2009028477,1337.0,4,0,0,0,0,0,0,0,0,1,0,,67,1,2009,7,39.9358,-75.1586,1336.0,6,0,0,0,0,0,2,0,0,,0,0,0,13,1,1,0,,0,39 56:08.700,,0,75 09:30.859,8,0,0,0,67301,0,0,0,,0,0,0,3,67301,0,,1,1,,,,,0,,0,0,0,0,0,,1326,1,4,0,0,0,1,0,3,4,0,4,3,,N,,,,,,,,,,,
2009038020,1924.0,4,0,0,0,0,0,0,0,0,1,0,,67,3,2009,3,39.9789,-75.2034,1916.0,6,0,0,0,0,0,1,0,0,1.0,0,0,0,19,3,0,0,,1,39 58:46.530,3.0,0,75 12:15.993,0,0,0,0,67301,0,0,0,N,0,0,0,7,68K01,0,,1,1,,N,N,,0,,0,0,0,0,0,N,1908,0,4,0,0,0,0,0,3,4,0,4,3,,N,,,,,,,,,,,
2009092285,1415.0,2,0,0,0,0,0,0,0,0,1,0,,67,9,2009,1,39.9968,-75.1965,1408.0,6,0,0,0,0,0,1,0,0,,0,0,0,14,1,0,0,,0,39 59:52.440,,0,75 11:45.240,0,0,0,0,67301,0,0,0,N,0,0,0,2,68K01,0,,1,1,,N,N,,0,,0,0,0,0,0,,1405,0,2,0,0,0,0,0,3,4,0,2,3,,N,,,,,,,,,,,
2009084523,1132.0,1,0,0,0,0,0,0,0,0,5,0,,67,7,2009,5,39.9907,-75.1083,1131.0,6,0,0,0,0,0,0,0,0,,0,0,0,11,1,1,0,,0,39 59:26.479,,0,75 06:29.920,4,0,0,0,67301,0,0,0,,0,0,0,1,67301,1,,1,9,,,,,2,,0,0,0,0,0,,1126,1,4,0,0,0,0,0,3,4,1,4,7,,N,,,,,,,,,,,
2009082190,1131.0,0,0,0,0,0,0,0,0,0,1,0,,67,7,2009,7,39.8904,-75.2211,1124.0,6,0,0,0,0,0,0,0,0,1.0,0,0,0,11,1,1,0,,1,39 53:24.292,1.0,0,75 13:13.751,8,0,0,0,67301,0,0,0,N,0,0,0,2,68K01,0,,1,1,,N,N,,0,,0,0,1,0,0,N,1121,1,2,0,0,0,1,0,3,4,1,2,3,,N,,,,,,,,,,,
2009079631,9999.0,1,0,0,0,0,0,0,0,0,1,0,,67,7,2009,6,39.9985,-75.1294,1957.0,6,0,0,0,0,0,0,0,0,,0,0,0,18,1,1,0,,0,39 59:54.599,,0,75 07:45.159,4,0,0,0,67301,0,0,0,,0,0,0,2,67301,1,,1,1,,,,,0,,0,0,0,0,0,,1845,1,2,0,0,0,0,0,3,4,0,2,3,,N,,,,,,,,,,,
2009110646,12.0,1,0,0,0,0,0,0,0,0,0,1,55.0,67,10,2009,3,40.0172,-75.05,11.0,6,0,0,0,0,0,0,0,0,3.0,0,1,0,0,3,1,0,,1,40 01:01.839,2.0,0,75 03:00.402,8,0,0,0,67301,0,0,0,N,0,0,0,2,68K01,0,,1,1,,N,N,,0,,0,0,0,3,8,N,1,1,2,0,0,0,1,0,3,4,0,2,3,,Y,4.0,2.0,Y,N,N,Y,Y,N,N,N,
2009110656,704.0,2,0,0,0,0,0,0,0,0,1,0,,67,10,2009,5,40.0495,-74.9958,649.0,6,0,0,0,0,0,2,0,0,,0,0,0,6,3,0,0,,0,40 02:58.314,,0,74 59:44.787,9,0,0,0,67301,0,0,0,N,0,0,0,4,68K01,0,,1,1,,N,N,,0,,0,0,2,0,0,,646,0,4,0,0,0,0,1,3,4,0,4,3,,N,,,,,,,,,,,
2009044182,730.0,0,0,0,0,0,0,0,0,0,8,0,,67,3,2009,2,40.1099,-75.0251,728.0,6,0,0,0,0,0,1,0,0,,0,0,0,7,1,1,2,,0,40 06:35.730,,0,75 01:30.785,4,0,0,0,67301,1,0,0,,1,0,0,2,67301,1,,1,1,,,,,1,,0,0,0,3,2,,725,1,2,0,0,0,0,0,3,4,0,1,3,,N,,,,,,,,,,,
2009044249,1330.0,0,0,0,0,0,0,0,0,0,1,0,,67,4,2009,5,39.993,-75.1103,1327.0,6,0,0,0,0,0,0,0,0,,0,0,0,13,1,1,1,,0,39 59:34.615,,0,75 06:37.098,4,0,0,0,67301,0,0,0,,0,0,0,2,67301,1,,1,1,,,,,1,,0,0,0,2,2,,1313,1,2,0,0,0,0,0,3,4,1,2,3,,N,,,,,,,,,,,
2009044258,200.0,0,0,0,0,0,0,0,0,0,4,0,,67,3,2009,7,40.0404,-75.1242,2355.0,6,0,0,1,0,0,0,0,0,9.0,0,0,0,23,3,1,0,,1,40 02:25.587,1.0,0,75 07:27.058,8,0,0,0,67301,0,0,0,N,0,0,0,2,67301,0,,1,1,,N,N,,0,,0,0,1,3,3,N,2355,1,2,0,0,0,1,0,3,4,1,2,3,,N,,,,,,,,,,,
2009049514,1641.0,1,0,0,0,0,0,0,0,0,4,0,,67,4,2009,4,39.9802,-75.1455,1640.0,6,0,0,0,0,1,1,0,0,,0,0,0,16,1,0,2,,0,39 58:48.741,,0,75 08:43.871,0,0,0,0,67301,0,0,0,N,0,0,0,3,67301,0,,1,1,,N,N,,1,,0,0,0,3,3,,1640,0,2,0,0,0,0,0,3,4,0,2,3,,N,,,,,,,,,,,
2009007829,822.0,1,0,0,0,0,0,0,0,0,1,1,,67,1,2009,2,39.932,-75.1999,816.0,6,0,0,0,0,0,0,0,0,,0,1,0,8,2,0,0,,0,39 55:57.130,,0,75 12:00.096,0,0,0,0,67301,0,0,0,N,0,0,0,2,68K01,0,,1,1,,N,N,,0,,0,0,0,0,0,,812,0,2,0,0,0,0,0,3,4,0,2,3,,N,,,,,,,,,,,
2009049414,1910.0,1,0,0,0,0,0,0,0,0,4,0,,67,4,2009,4,39.904,-75.1623,1905.0,6,0,0,0,0,0,0,0,0,,0,0,0,19,1,2,1,,0,39 54:14.223,,0,75 09:44.157,4,0,0,0,67301,0,0,0,,0,0,0,5,67301,2,,1,1,,,,,1,,0,0,0,0,0,,1905,2,2,0,0,0,0,0,3,4,0,2,3,,N,,,,,,,,,,,
2009049419,1553.0,2,0,0,0,0,0,0,0,0,4,0,,67,4,2009,6,39.9579,-75.2142,1550.0,6,0,0,0,0,0,2,0,0,1.0,0,0,0,15,1,1,2,,1,39 57:28.299,1.0,0,75 12:51.119,4,0,0,0,67301,0,0,0,N,0,0,0,3,67301,1,,1,1,,N,N,,0,,0,0,1,3,3,N,1515,1,4,0,0,1,0,0,3,4,1,4,3,,N,,,,,,,,,,,
2009049485,1055.0,1,0,0,0,0,0,0,0,0,7,0,,67,4,2009,1,40.0994,-74.9866,9999.0,6,0,0,0,0,0,0,0,0,1.0,0,0,0,10,1,1,0,,1,40 05:57.806,4.0,0,74 59:11.678,4,0,0,0,67301,0,0,0,N,0,0,0,1,67301,1,,3,1,,N,N,,0,,0,0,0,0,0,N,1050,1,1,0,0,0,0,0,3,4,0,1,3,,N,,,,,,,,,,,
2009048853,650.0,2,0,0,0,0,0,0,0,0,4,0,,67,3,2009,4,40.0558,-75.1589,640.0,6,0,0,0,0,0,0,0,0,,0,0,0,6,1,1,1,,0,40 03:20.765,,0,75 09:31.952,8,0,0,0,67301,0,0,0,N,0,0,0,2,67301,0,,1,1,,N,N,,0,,0,0,0,3,2,,635,1,2,0,0,0,1,0,3,4,0,2,3,,N,,,,,,,,,,,
2009124869,812.0,1,0,0,0,0,0,0,0,0,5,1,,67,11,2009,4,39.9498,-75.2071,809.0,6,0,0,0,0,0,1,0,0,,0,1,0,8,1,1,1,,0,39 56:59.241,,0,75 12:25.710,4,0,0,0,67301,0,0,0,N,0,0,0,2,67301,1,,1,1,,N,N,,0,,0,0,0,0,0,,809,1,2,0,0,2,0,0,3,4,0,2,3,,N,,,,,,,,,,,
2009124882,152.0,1,0,0,0,0,0,0,0,0,5,0,,67,11,2009,6,40.0055,-75.1054,148.0,6,0,0,0,0,0,0,0,0,,0,0,0,1,3,1,0,,0,40 00:19.849,,0,75 06:19.468,4,0,0,0,67301,0,0,0,N,0,0,0,2,67301,1,,6,9,,N,N,,1,,0,0,0,0,0,,115,1,2,0,0,0,0,0,3,4,0,2,7,,N,,,,,,,,,,,
2009039077,1005.0,1,0,0,0,0,0,0,0,0,2,0,,67,1,2009,2,40.0317,-75.0364,1000.0,6,0,0,0,0,0,0,0,0,,0,0,0,10,1,1,0,,0,40 01:54.279,,0,75 02:11.131,4,0,0,0,67301,0,0,0,,0,0,0,1,67301,1,,5,1,,,,,1,,0,0,0,0,0,,1000,1,3,0,0,0,0,0,3,4,1,3,3,,N,,,,,,,,,,,
2009048893,2104.0,2,0,0,0,0,0,0,0,0,2,0,,67,3,2009,1,39.9681,-75.2206,2103.0,6,0,0,0,0,0,1,0,0,,0,0,0,21,3,1,2,,0,39 58:05.012,,0,75 13:14.080,3,0,0,0,67301,0,0,0,N,0,0,0,4,67301,0,,1,1,,N,N,,0,,1,0,0,0,0,,2103,1,2,0,0,3,0,0,3,4,0,2,3,,N,,,,,,,,,,,
2009048895,1957.0,1,0,0,0,0,0,0,0,0,5,0,,67,3,2009,4,39.9454,-75.1548,1952.0,6,0,0,0,0,0,0,0,0,,0,0,0,19,3,1,0,,0,39 56:43.368,,0,75 09:17.449,8,0,0,1,67301,1,0,0,N,0,0,0,2,67301,0,,1,1,,N,N,,0,,0,0,0,0,0,,1950,1,2,0,0,0,1,0,3,4,0,2,3,,N,,,,,,,,,,,
2009033549,1730.0,1,0,0,0,0,0,0,0,0,1,0,,67,3,2009,2,39.9589,-75.1806,1725.0,6,0,0,0,0,0,0,0,0,1.0,0,0,0,17,1,1,0,,1,39 57:31.741,3.0,0,75 10:49.947,4,0,0,0,67301,0,0,0,N,0,0,0,3,68K01,1,,1,1,,N,N,,1,,0,0,1,0,0,N,1717,1,3,0,0,0,0,0,3,4,0,3,3,,N,,,,,,,,,,,
2009043995,1720.0,2,0,0,0,0,0,0,0,0,4,0,,67,3,2009,3,40.0138,-75.0973,1715.0,6,0,0,0,0,0,0,0,0,,0,0,0,17,1,1,1,,0,40 00:49.510,,0,75 05:50.430,4,0,0,0,67301,0,0,0,,0,0,0,2,67301,1,,1,1,,,,,0,,0,0,0,3,2,,1700,1,2,0,0,1,0,0,3,4,0,2,3,,N,,,,,,,,,,,
2009041648,1107.0,1,0,0,0,0,0,0,0,0,7,0,,67,4,2009,1,39.9883,-75.2072,1101.0,6,0,0,0,0,0,1,0,0,,0,0,0,10,1,0,7,,0,39 59:21.120,,2,75 12:23.400,0,0,0,0,67301,0,0,0,N,0,0,0,4,68K01,0,,4,1,,N,N,,0,,0,0,1,0,0,,1056,0,2,0,0,0,0,0,3,4,0,2,3,,N,,,,,,,,,,,