CRN,ARRIVAL_TM,AUTOMOBILE_COUNT,BELTED_DEATH_COUNT,BELTED_SUSP_SERIOUS_INJ_COUNT,BICYCLE_COUNT,BICYCLE_DEATH_COUNT,BICYCLE_SUSP_SERIOUS_INJ_COUNT,BUS_COUNT,CHLDPAS_DEATH_COUNT,CHLDPAS_SUSP_SERIOUS_INJ_COUNT,COLLISION_TYPE,COMM_VEH_COUNT,CONS_ZONE_SPD_LIM,COUNTY,CRASH_MONTH,CRASH_YEAR,DAY_OF_WEEK,DEC_LAT,DEC_LONG,DISPATCH_TM,DISTRICT,DRIVER_COUNT_16YR,DRIVER_COUNT_17YR,DRIVER_COUNT_18YR,DRIVER_COUNT_19YR,DRIVER_COUNT_20YR,DRIVER_COUNT_50_64YR,DRIVER_COUNT_65_74YR,DRIVER_COUNT_75PLUS,EST_HRS_CLOSED,FATAL_COUNT,HEAVY_TRUCK_COUNT,HORSE_BUGGY_COUNT,HOUR_OF_DAY,ILLUMINATION,INJURY_COUNT,INTERSECT_TYPE,INTERSECTION_RELATED,LANE_CLOSED,LATITUDE,LN_CLOSE_DIR,LOCATION_TYPE,LONGITUDE,MAX_SEVERITY_LEVEL,MCYCLE_DEATH_COUNT,MCYCLE_SUSP_SERIOUS_INJ_COUNT,MOTORCYCLE_COUNT,MUNICIPALITY,NONMOTR_COUNT,NONMOTR_DEATH_COUNT,NONMOTR_SUSP_SERIOUS_INJ_COUNT,NTFY_HIWY_MAINT,PED_COUNT,PED_DEATH_COUNT,PED_SUSP_SERIOUS_INJ_COUNT,PERSON_COUNT,POLICE_AGCY,POSSIBLE_INJ_COUNT,RDWY_SURF_TYPE_CD,RELATION_TO_ROAD,ROAD_CONDITION,ROADWAY_CLEARED,SCH_BUS_IND,SCH_ZONE_IND,SECONDARY_CRASH,SMALL_TRUCK_COUNT,SPEC_JURIS_CD,SUSP_MINOR_INJ_COUNT,SUSP_SERIOUS_INJ_COUNT,SUV_COUNT,TCD_FUNC_CD,TCD_TYPE,TFC_DETOUR_IND,TIME_OF_DAY,TOT_INJ_COUNT,TOTAL_UNITS,UNB_DEATH_COUNT,UNB_SUSP_SERIOUS_INJ_COUNT,UNBELTED_OCC_COUNT,UNK_INJ_DEG_COUNT,UNK_INJ_PER_COUNT,URBAN_AREA,URBAN_RURAL,VAN_COUNT,VEHICLE_COUNT,WEATHER1,WEATHER2,WORK_ZONE_IND,WORK_ZONE_LOC,WORK_ZONE_TYPE,WORKERS_PRES,WZ_CLOSE_DETOUR,WZ_FLAGGER,WZ_LAW_OFFCR_IND,WZ_LN_CLOSURE,WZ_MOVING,WZ_OTHER,WZ_SHLDER_MDN,WZ_WORKERS_INJ_KILLED
2009049161,1830.0,0,0,0,0,0,0,0,0,0,1,0,,67,3,2009,7,39.9604,-75.1894,1830.0,6,0,0,0,0,0,0,0,0,,0,0,0,18,1,1,1,,0,39 57:37.353,,0,75 11:22.005,8,0,0,0,67301,2,0,0,N,0,0,0,3,67301,0,,1,1,,N,N,,1,,0,0,0,3,2,,1819,1,2,0,0,0,1,0,3,4,1,2,3,,N,,,,,,,,,,,
2009049276,1901.0,0,0,0,1,0,0,0,0,0,4,0,,67,3,2009,1,40.0763,-75.0754,1858.0,6,0,0,0,0,0,1,0,0,,0,0,0,18,1,1,0,,0,40 04:34.754,,7,75 04:31.281,4,0,0,0,67301,1,0,0,,0,0,0,2,67301,1,,1,1,,,,,1,,0,0,0,0,0,,1854,1,2,0,0,0,0,0,3,4,0,1,3,,N,,,,,,,,,,,
2009049290,9999.0,1,0,0,0,0,0,0,0,0,5,0,,67,4,2009,7,40.0639,-75.1403,1646.0,6,0,0,0,0,0,1,0,0,,0,0,0,16,1,1,0,,0,40 03:49.982,,0,75 08:25.249,4,0,0,0,67301,0,0,0,,0,0,0,4,67301,1,,1,1,,,,,1,,0,0,1,0,0,,1644,1,3,0,0,0,0,0,3,4,0,3,3,,N,,,,,,,,,,,
2009040352,1655.0,0,0,0,0,0,0,0,0,0,8,0,,67,2,2009,3,40.0276,-75.1471,1645.0,6,0,0,0,0,0,0,0,0,,0,0,0,99,1,2,1,,0,40 01:39.382,,0,75 08:50.059,4,0,0,0,67301,2,0,0,N,2,0,0,3,67301,1,,1,1,,N,N,,0,,0,0,1,3,2,,9999,2,3,0,0,0,1,0,3,4,0,1,3,,N,,,,,,,,,,,
2009026017,806.0,1,0,0,0,0,0,0,0,0,1,0,,67,1,2009,5,39.9452,-75.1418,804.0,6,0,0,0,0,0,1,0,0,3.0,0,0,0,8,1,0,1,,1,39 56:42.481,1.0,0,75 08:31.320,0,0,0,0,67301,0,0,0,,0,0,0,2,67301,0,,1,1,,,,,0,,0,0,1,3,2,Y,802,0,2,0,0,0,0,0,3,4,0,2,3,,N,,,,,,,,,,,
2009018676,1510.0,0,0,0,0,0,0,0,0,0,7,0,,67,2,2009,5,39.8926,-75.2344,1457.0,6,0,0,0,0,0,1,0,0,1.0,0,0,0,14,1,1,6,,2,39 53:33.753,1.0,2,75 14:01.602,4,0,0,0,67301,0,0,0,Y,0,0,0,2,68K01,1,,4,1,,N,N,,0,,0,0,1,0,0,N,1453,1,1,0,0,0,0,0,3,4,0,1,3,,N,,,,,,,,,,,
2009023877,1527.0,4,0,0,0,0,0,0,0,0,1,0,,67,2,2009,3,39.9855,-75.0934,1527.0,6,0,0,0,0,0,1,0,0,2.0,0,0,0,15,1,0,0,,1,39 59:08.199,1.0,0,75 05:35.779,0,0,0,0,67301,0,0,0,Y,0,0,0,7,68K01,0,,1,1,,N,N,,0,,0,0,1,0,0,Y,1520,0,6,0,0,0,0,0,3,4,1,6,3,,N,,,,,,,,,,,
2009013170,2242.0,2,0,0,0,0,0,0,0,0,1,0,,67,1,2009,6,39.9684,-75.1295,2240.0,6,0,0,0,0,1,0,0,0,1.0,0,0,0,22,3,1,0,,1,39 58:05.930,2.0,0,75 07:47.234,3,0,0,0,67301,0,0,0,N,0,0,0,5,68K01,0,,1,1,,N,N,,0,,1,0,0,0,0,N,2236,1,2,0,0,1,0,0,3,4,0,2,3,,N,,,,,,,,,,,
2009044881,1318.0,1,0,0,0,0,0,0,0,0,8,0,,67,4,2009,6,39.9395,-75.1561,1313.0,6,0,0,0,0,0,0,0,0,,0,0,0,13,1,1,2,,0,39 56:22.362,,0,75 09:21.970,8,0,0,0,67301,1,0,0,N,1,0,0,2,67301,0,,1,1,,N,N,,0,,0,0,0,3,3,,1300,1,2,0,0,0,1,0,3,4,0,1,3,,N,,,,,,,,,,,
2009100363,846.0,1,0,0,0,0,0,0,0,0,8,0,,67,8,2009,2,39.9707,-75.163,842.0,6,0,0,0,0,0,0,0,0,,0,0,0,8,1,1,0,,0,39 58:14.458,,0,75 09:46.756,4,0,0,0,67301,1,0,0,N,1,0,0,2,67301,1,,1,1,,N,N,,0,,0,0,0,0,0,,832,1,2,0,0,0,0,0,3,4,0,1,3,,N,,,,,,,,,,,
2009105840,1318.0,0,0,0,1,0,0,0,0,0,4,0,,67,10,2009,7,39.9577,-75.1624,1315.0,6,0,0,0,0,0,0,0,0,,0,0,0,13,1,1,1,,0,39 57:27.542,,0,75 09:44.544,8,0,0,0,67301,1,0,0,N,0,0,0,3,67301,0,,1,1,,N,N,,0,,0,0,0,3,2,,1310,1,2,0,0,2,1,0,3,4,1,1,3,,N,,,,,,,,,,,
2009110042,1829.0,2,0,0,0,0,0,0,0,0,1,0,,67,10,2009,6,39.9571,-75.1444,1800.0,6,0,0,0,0,0,0,0,0,,0,0,0,17,3,2,0,,0,39 57:26.940,,0,75 08:48.293,8,0,0,0,67301,0,0,0,N,0,0,0,3,68K01,0,,1,9,,N,N,,0,,0,0,0,0,0,,1754,2,2,0,0,0,2,1,3,4,0,2,7,,N,,,,,,,,,,,
2009105630,342.0,1,0,0,0,0,0,1,0,0,5,1,,67,9,2009,6,39.9714,-75.1594,341.0,6,0,0,0,0,0,0,0,0,,0,0,0,3,3,1,1,,0,39 58:17.205,,0,75 09:33.736,4,0,0,0,67301,0,0,0,N,0,0,0,2,67301,1,,1,1,,N,N,,0,,0,0,0,3,2,,338,1,2,0,0,0,0,1,3,4,0,2,3,,N,,,,,,,,,,,
2009105647,1550.0,1,0,0,1,0,0,0,0,0,2,0,,67,9,2009,5,39.9729,-75.1703,1548.0,6,0,0,0,0,1,0,0,0,,0,0,0,15,1,1,1,,0,39 58:22.278,,0,75 10:12.895,8,0,0,0,67301,1,0,0,N,0,0,0,2,67301,0,,1,9,,N,N,,0,,0,0,0,3,2,,1540,1,2,0,0,0,1,0,3,4,0,1,7,,N,,,,,,,,,,,
2009097787,2332.0,2,0,0,0,0,0,0,0,0,1,0,55.0,67,9,2009,2,39.9569,-75.1555,2332.0,6,0,0,0,0,0,1,0,0,,0,0,0,23,3,0,0,,0,39 57:24.980,,0,75 09:19.953,0,0,0,0,67301,0,0,0,N,0,0,0,2,68F06,0,,1,1,,N,N,,0,,0,0,0,0,0,,2330,0,2,0,0,0,0,0,3,4,0,2,3,,Y,4.0,1.0,Y,N,N,Y,Y,Y,N,N,
2009097803,1417.0,1,0,0,0,0,0,0,0,0,4,0,,67,7,2009,2,39.9759,-75.1801,1415.0,6,1,0,0,0,0,1,0,0,,0,0,0,14,1,1,2,,0,39 58:33.308,,0,75 10:48.197,2,0,1,1,67301,0,0,0,N,0,0,0,2,67301,0,,1,1,,N,N,,0,,0,1,0,3,3,,1410,1,2,0,0,0,0,0,3,4,0,2,3,,N,,,,,,,,,,,
2009100749,2321.0,2,0,0,0,0,0,0,0,0,1,0,,67,9,2009,4,40.0119,-75.2049,0.0,6,0,0,0,0,0,0,1,0,,0,0,0,23,3,1,6,,0,40 00:42.815,,2,75 12:17.845,4,0,0,0,67301,0,0,0,N,0,0,0,3,67301,1,,5,9,,,N,,0,,0,0,0,3,3,,2305,1,2,0,0,0,0,1,3,4,0,2,7,,N,,,,,,,,,,,
2009100785,2122.0,2,0,0,0,0,0,0,0,0,4,0,,67,9,2009,6,39.9813,-75.125,2120.0,6,0,0,0,0,0,0,0,0,,0,0,0,21,3,1,1,,0,39 58:52.845,,0,75 07:30.118,4,0,0,0,67301,0,0,0,N,0,0,0,2,67301,1,,1,9,,N,N,,1,,0,0,0,3,3,,2120,1,3,0,0,0,0,0,3,4,0,3,7,,N,,,,,,,,,,,
2009100815,848.0,1,0,0,0,0,0,0,0,0,4,1,,67,9,2009,2,39.9395,-75.1981,838.0,6,0,0,0,1,0,1,0,0,,0,1,0,7,1,1,0,,0,39 56:22.371,,0,75 11:53.330,8,0,0,0,67301,0,0,0,,0,0,0,2,67301,0,,1,1,,,,,0,,0,0,0,3,2,,739,1,2,0,0,0,1,0,3,4,0,2,3,,N,,,,,,,,,,,
2009030821,820.0,2,0,0,0,0,0,0,0,0,1,0,,67,2,2009,6,40.0164,-75.1331,813.0,6,0,1,0,0,0,0,0,0,,0,0,0,8,1,1,0,,0,40 00:58.968,,0,75 07:59.044,3,0,0,0,67301,0,0,0,Y,0,0,0,6,67301,0,,1,2,,N,N,,0,,1,0,0,0,0,,800,1,2,0,0,0,0,0,3,4,0,2,3,,N,,,,,,,,,,,
2009105965,845.0,1,0,0,0,0,0,0,0,0,5,0,,67,10,2009,2,,,838.0,6,0,0,0,0,0,1,0,0,,0,0,0,8,1,0,0,,0,,,0,,0,0,0,0,67301,0,0,0,N,0,0,0,4,67301,0,,2,1,,N,Y,,0,,0,0,0,0,0,,838,0,2,0,0,0,0,0,3,3,1,2,3,,N,,,,,,,,,,,
2009100678,1303.0,2,0,0,0,0,0,0,0,0,1,0,,67,9,2009,5,39.952,-75.2049,1302.0,6,0,0,0,1,0,1,0,0,9.0,0,0,0,13,1,1,0,,1,39 57:07.120,3.0,0,75 12:17.784,8,0,0,0,67301,0,0,0,N,0,0,0,2,67301,0,,1,1,,N,N,,0,,0,0,0,0,0,N,1300,1,2,0,0,2,1,0,3,4,0,2,3,,N,,,,,,,,,,,
2009044190,1600.0,1,0,0,0,0,0,0,0,0,4,0,,67,3,2009,6,39.9818,-75.1177,1545.0,6,0,0,0,0,0,0,0,0,,0,0,0,15,1,1,2,,0,39 58:54.934,,0,75 07:03.593,8,0,0,0,67301,0,0,0,,0,0,0,2,67301,0,,1,1,,,,,0,,0,0,0,0,0,,1545,1,2,0,0,0,1,0,3,4,1,2,3,,N,,,,,,,,,,,
2009044275,1615.0,0,0,0,0,0,0,0,0,0,8,0,,67,2,2009,3,40.0285,-75.0611,1609.0,6,0,0,0,0,0,0,0,0,,0,0,0,16,1,1,1,,0,40 01:42.500,,0,75 03:40.120,4,0,0,0,67301,1,0,0,N,1,0,0,2,67301,1,,1,9,,N,Y,,1,,0,0,0,3,2,,1602,1,2,0,0,0,0,0,3,4,0,1,10,,N,,,,,,,,,,,
2009044306,1850.0,2,0,0,0,0,0,0,0,0,4,0,,67,3,2009,3,39.9973,-75.0894,1845.0,6,0,0,0,0,0,2,0,0,,0,0,0,18,1,0,1,,0,39 59:50.248,,0,75 05:21.971,0,0,0,0,67301,0,0,0,N,0,0,0,3,67301,0,,1,1,,N,N,,0,,0,0,0,3,2,,1825,0,2,0,0,0,0,0,3,4,0,2,3,,N,,,,,,,,,,,
2009049563,1733.0,1,0,0,1,0,0,0,0,0,1,0,,67,4,2009,3,39.954,-75.1764,1733.0,6,0,0,0,0,0,0,0,0,1.0,0,0,0,17,1,1,0,,1,39 57:14.474,4.0,0,75 10:35.442,4,0,0,0,67301,1,0,0,,0,0,0,2,67301,1,,1,1,,N,N,,0,,0,0,0,0,0,Y,1730,1,2,0,0,0,0,1,3,4,0,1,3,,N,,,,,,,,,,,
2009049424,2121.0,1,0,0,0,0,0,0,0,0,4,0,,67,3,2009,4,39.957,-75.2459,2100.0,6,0,0,0,0,0,0,0,0,,0,0,0,20,3,0,1,,0,39 57:25.376,,0,75 14:45.124,0,0,0,0,67301,0,0,0,,0,0,0,3,67301,0,,1,1,,N,N,,0,,0,0,0,3,2,,2050,0,2,0,0,0,0,0,3,4,0,2,3,,N,,,,,,,,,,,
2009048763,1535.0,1,0,0,0,0,0,0,0,0,4,0,,67,4,2009,2,39.9826,-75.2307,1530.0,6,0,0,0,0,1,0,0,0,,0,0,0,15,1,1,1,,0,39 58:57.266,,0,75 13:50.685,8,0,0,0,67301,0,0,0,N,0,0,0,4,67301,0,,1,1,,N,N,,1,,0,0,0,3,2,,1525,1,2,0,0,0,1,1,3,4,0,2,3,,N,,,,,,,,,,,
2009048785,4.0,1,0,0,0,0,0,0,0,0,8,0,,67,4,2009,4,39.9263,-75.1845,2.0,6,0,0,0,0,0,0,0,0,9.0,0,0,0,0,3,1,1,,1,39 55:34.530,3.0,0,75 11:03.499,3,0,0,0,67301,1,0,0,N,1,0,0,2,67301,0,,1,1,,N,N,,0,,1,0,0,3,2,Y,1,1,2,0,0,1,0,0,3,4,0,1,3,,N,,,,,,,,,,,
2009124850,329.0,2,0,0,0,0,0,0,0,0,5,0,,67,11,2009,1,39.9263,-75.2361,325.0,6,0,0,0,0,0,0,0,0,,0,0,0,3,3,0,0,,0,39 55:34.817,,0,75 14:10.044,0,0,0,0,67301,0,0,0,,0,0,0,2,67301,0,,1,1,,N,N,,0,,0,0,0,0,0,,312,0,2,0,0,0,0,0,3,4,0,2,3,,N,,,,,,,,,,,
2009124927,1546.0,2,0,0,0,0,0,0,0,0,2,0,,67,11,2009,2,40.0129,-75.0718,1542.0,6,0,0,0,0,0,0,0,0,,0,0,0,15,1,1,1,,0,40 00:46.291,,0,75 04:18.659,3,0,0,0,67301,0,0,0,,0,0,0,2,67301,0,,1,9,,,,,0,,1,0,0,3,3,,1535,1,2,0,0,0,0,1,3,4,0,2,7,,N,,,,,,,,,,,
2009125059,1925.0,1,0,0,0,0,0,0,0,0,7,0,,67,11,2009,5,39.9071,-75.1865,1921.0,6,0,0,0,0,0,0,0,0,,0,0,0,16,2,1,0,,0,39 54:25.578,,0,75 11:11.382,3,0,0,0,67301,0,0,0,,0,0,0,1,67301,0,,5,9,,,,,0,,1,0,0,3,2,,1620,1,1,0,0,0,0,0,3,4,0,1,7,,N,,,,,,,,,,,
2009125061,2055.0,2,0,0,0,0,0,0,0,0,4,0,,67,11,2009,1,40.0317,-75.1789,2047.0,6,0,0,0,0,0,0,0,0,,0,0,0,99,3,1,1,,0,40 01:54.260,,0,75 10:43.950,8,0,0,0,67301,0,0,0,N,0,0,0,2,67301,0,,1,1,,N,N,,0,,0,0,0,0,0,,9999,1,2,0,0,0,1,1,3,4,0,2,3,,N,,,,,,,,,,,
2009048666,1040.0,1,0,0,0,0,0,0,0,0,1,1,,67,4,2009,3,39.9695,-75.2254,1036.0,6,0,0,0,0,0,1,0,0,,0,1,0,10,1,2,1,,0,39 58:10.260,,0,75 13:31.340,4,0,0,0,67301,0,0,0,N,0,0,0,3,67301,2,,1,1,,N,N,,0,,0,0,0,9,2,,1035,2,2,0,0,0,0,0,3,4,0,2,3,,N,,,,,,,,,,,
2009043493,852.0,2,0,0,0,0,0,0,0,0,2,0,,67,4,2009,5,39.9883,-75.254,850.0,6,0,0,0,0,0,0,1,0,,0,0,0,8,1,2,1,,0,39 59:17.883,,0,75 15:14.304,4,0,0,0,67301,0,0,0,N,0,0,0,2,46104,2,,1,1,,N,N,,0,,0,0,0,3,2,,850,2,2,0,0,1,0,0,3,4,0,2,3,,N,,,,,,,,,,,
2009048959,2115.0,2,0,0,0,0,0,0,0,0,2,0,,67,4,2009,5,40.0092,-75.1967,9999.0,6,0,0,0,0,0,0,0,0,,0,0,0,21,3,1,1,,0,40 00:29.747,,0,75 11:40.310,3,0,0,0,67301,0,0,0,N,0,0,0,2,67301,0,,1,1,,N,N,,0,,1,0,0,3,2,,2115,1,2,0,0,0,0,0,3,4,0,2,3,,N,,,,,,,,,,,
2009048960,54.0,1,0,0,0,0,0,0,0,0,8,0,,67,4,2009,5,40.0295,-75.1467,50.0,6,0,0,0,0,0,0,0,0,,0,0,0,0,3,1,1,,0,40 01:46.123,,0,75 08:48.184,8,0,0,0,67301,1,0,0,N,1,0,0,2,67301,0,,1,9,,N,N,,0,,0,0,0,3,2,,50,1,2,0,0,0,1,0,3,4,0,1,7,,N,,,,,,,,,,,
2009031128,1126.0,1,0,0,0,0,0,1,0,0,1,1,,67,1,2009,3,40.0436,-75.0195,1122.0,6,0,0,0,0,1,1,0,0,,0,0,0,11,1,4,0,,0,40 02:37.099,,0,75 01:10.013,4,0,0,0,67301,0,0,0,,0,0,0,7,67301,3,,1,1,,N,N,,0,,0,0,0,0,0,,1120,4,2,0,0,0,1,0,3,4,0,2,3,,N,,,,,,,,,,,
2009038871,2026.0,0,0,0,0,0,0,0,0,0,8,0,,67,2,2009,4,40.0202,-75.1141,2024.0,6,0,0,0,0,0,0,0,0,,0,0,0,20,2,1,1,,0,40 01:12.877,,0,75 06:50.708,4,0,0,0,67301,1,0,0,,1,0,0,2,67301,1,,1,9,,,,,1,,0,0,0,9,2,,2020,1,2,0,0,0,0,0,3,4,0,1,7,,N,,,,,,,,,,,
2009038877,1324.0,0,0,0,0,0,0,0,0,0,4,0,,67,2,2009,6,40.0547,-75.0048,1324.0,6,0,0,0,0,0,1,0,0,,0,0,0,13,1,1,1,,0,40 03:17.073,,0,75 00:17.300,8,0,0,0,67301,0,0,0,,0,0,0,3,67301,0,,1,1,,,,,1,,0,0,1,3,2,,1322,1,2,0,0,0,1,0,3,4,0,2,3,,N,,,,,,,,,,,
2009044079,2300.0,1,0,0,0,0,0,0,0,0,2,0,,67,3,2009,7,40.0765,-75.0327,2250.0,6,0,0,0,0,0,0,0,0,,0,0,0,22,3,0,2,,0,40 04:19.479,,0,75 02:13.143,9,0,0,0,67301,0,0,0,,0,0,0,6,67301,0,,1,1,,N,N,,0,,0,0,0,3,2,,2250,0,2,0,0,5,0,1,3,4,0,2,3,,N,,,,,,,,,,,
2009008815,832.0,1,0,0,0,0,0,0,0,0,1,0,,67,1,2009,4,40.0857,-75.2112,831.0,6,0,0,0,0,0,1,0,0,2.0,0,0,0,7,1,1,2,,1,40 05:08.498,1.0,0,75 12:40.489,3,0,0,0,67301,0,0,0,N,0,0,0,2,46108,0,,1,1,,N,N,,0,,1,0,0,3,2,N,730,1,2,0,0,0,0,0,3,4,1,2,3,,N,,,,,,,,,,,
2009017402,1154.0,2,0,0,0,0,0,0,0,0,1,0,,67,1,2009,4,39.9598,-75.1409,1144.0,6,0,0,0,0,0,0,0,1,1.0,0,0,0,11,1,0,0,,1,39 57:34.517,2.0,0,75 08:27.274,9,0,0,0,67301,0,0,0,N,0,0,0,3,68K01,0,,1,6,,N,N,,0,,0,0,0,0,0,N,1142,0,3,0,0,0,0,1,3,4,0,3,7,,N,,,,,,,,,,,
2009026292,1934.0,2,0,0,0,0,0,0,0,0,1,0,,67,1,2009,2,39.9951,-75.1632,9999.0,6,0,0,0,0,0,0,0,0,,0,0,0,99,3,1,2,,0,39 59:42.186,,0,75 09:47.474,8,0,0,0,67301,0,0,0,,0,0,0,3,67301,0,,1,1,,,,,0,,0,0,0,3,2,,9999,1,2,0,0,0,1,1,3,4,0,2,3,,N,,,,,,,,,,,
2009049230,1125.0,2,0,0,0,0,0,0,0,0,4,0,,67,3,2009,5,39.9434,-75.1553,1123.0,6,0,0,0,0,0,0,0,0,3.0,0,2,0,11,1,9,1,,2,39 56:36.308,2.0,0,75 09:18.932,4,0,0,0,67301,0,0,0,N,0,0,0,9,67301,9,,1,1,,N,N,,0,,0,0,0,3,2,Y,1123,9,4,0,0,0,0,0,3,4,0,4,3,,N,,,,,,,,,,,
2009049286,220.0,1,0,0,0,0,0,0,0,0,7,0,,67,4,2009,6,40.0508,-75.0461,207.0,6,0,0,0,1,0,0,0,0,,0,0,0,1,3,1,0,,0,40 03:03.034,,0,75 02:46.050,4,0,0,0,67301,0,0,0,,0,0,0,1,67301,1,,5,1,,,,,0,,0,0,0,0,0,,150,1,1,0,0,1,0,0,3,4,0,1,3,,N,,,,,,,,,,,
2009025996,2125.0,3,0,0,0,0,0,0,0,0,1,0,,67,1,2009,4,40.0045,-75.1321,2120.0,6,0,0,0,0,0,1,0,0,,0,0,0,21,3,6,1,,0,40 00:16.318,,0,75 07:55.437,3,0,0,0,67301,0,0,0,N,0,0,0,6,67301,2,,1,9,,N,N,,0,,1,0,0,9,2,,2115,6,3,0,0,0,3,0,3,4,0,3,7,,N,,,,,,,,,,,
2009105791,720.0,0,0,0,0,0,0,0,0,0,8,0,,67,10,2009,3,40.0461,-75.0822,716.0,6,0,0,0,0,0,0,0,0,,0,0,0,6,1,1,0,,0,40 02:45.918,,0,75 04:55.939,4,0,0,0,67301,1,0,0,N,1,0,0,2,67301,1,,1,1,,N,N,,1,,0,0,0,0,0,,650,1,2,0,0,0,0,0,3,4,0,1,99,,N,,,,,,,,,,,
2009105857,800.0,1,0,0,0,0,0,0,0,0,7,0,,67,9,2009,1,40.0068,-75.2022,745.0,6,0,0,0,0,0,0,0,0,,0,0,0,6,3,0,0,,0,40 00:24.529,,0,75 12:08.095,0,0,0,0,67301,0,0,0,N,0,0,0,1,67301,0,,2,1,,N,N,,0,,0,0,0,0,0,,630,0,1,0,0,0,0,0,3,4,0,1,3,,N,,,,,,,,,,,
2009105888,1943.0,0,0,0,0,0,0,0,0,0,8,0,,67,9,2009,2,39.9238,-75.2397,1940.0,6,0,0,0,0,0,0,0,0,,0,0,0,19,3,1,1,,0,39 55:25.806,,0,75 14:22.876,4,0,0,0,67301,1,0,0,N,1,0,0,2,67301,1,,1,1,,N,N,,0,,0,0,0,3,3,,1927,1,2,0,0,0,0,0,3,4,1,1,3,,N,,,,,,,,,,,
2009100467,1906.0,1,0,0,0,0,0,0,0,0,1,0,,67,9,2009,4,39.9957,-75.0833,1855.0,6,0,0,0,0,0,0,0,0,1.0,0,0,0,18,3,0,0,,1,39 59:44.304,2.0,0,75 04:59.969,0,0,0,0,67301,0,0,0,N,0,0,0,2,68K01,0,,1,1,,N,N,,0,,0,0,1,0,0,Y,1852,0,2,0,0,0,0,0,3,4,0,2,3,,N,,,,,,,,,,,
2009105890,2012.0,1,0,0,0,0,0,0,0,0,4,0,,67,10,2009,6,39.9409,-75.2126,1951.0,6,0,0,0,0,0,0,0,0,,0,0,0,19,1,5,1,,0,39 56:27.112,,0,75 12:45.004,4,0,0,0,67301,0,0,0,N,0,0,0,6,67301,1,,1,1,,N,N,,0,,0,0,1,9,2,,1950,5,2,0,0,0,4,0,3,4,0,2,3,,N,,,,,,,,,,,
2009107877,1808.0,0,0,0,0,0,0,0,0,0,7,0,,67,10,2009,7,39.9982,-75.1957,1807.0,6,0,0,0,1,0,0,0,0,1.0,0,0,0,18,3,0,0,,1,39 59:56.613,4.0,0,75 11:43.193,0,0,0,0,67301,0,0,0,N,0,0,0,1,68K01,0,,2,9,,N,N,,0,,0,0,1,0,0,Y,1804,0,1,0,0,0,0,0,3,4,0,1,7,,N,,,,,,,,,,,
2009105646,1520.0,1,0,0,0,0,0,0,0,0,8,0,,67,9,2009,4,39.9707,-75.1541,1515.0,6,0,0,0,0,0,1,0,0,,0,0,0,15,1,1,1,,0,39 58:14.986,,0,75 09:14.701,8,0,0,0,67301,1,0,0,N,1,0,0,2,67301,0,,1,9,,N,N,,0,,0,0,0,3,2,,1510,1,2,0,0,0,1,0,3,4,0,1,7,,N,,,,,,,,,,,
2009105654,2343.0,1,0,0,0,0,0,0,0,0,1,0,,67,9,2009,3,40.0516,-75.0617,2342.0,6,0,0,0,0,0,0,0,0,,0,0,0,23,3,0,0,,0,40 03:05.886,,0,75 03:42.289,9,0,0,0,67301,0,0,0,N,0,0,0,1,67301,0,,6,1,,N,N,,1,,0,0,0,0,0,,2341,0,3,0,0,0,0,1,3,4,1,3,3,,N,,,,,,,,,,,
2009105731,1930.0,0,0,0,0,0,0,0,0,0,8,0,,67,10,2009,4,39.9857,-75.1103,1921.0,6,0,0,0,0,0,0,0,0,2.0,0,0,0,19,4,1,0,,1,39 59:08.674,2.0,0,75 06:37.044,4,0,0,0,67301,1,0,0,N,1,0,0,2,67301,1,,1,1,,N,N,,0,,0,0,1,0,0,N,1905,1,2,0,0,0,0,0,3,4,0,1,3,,N,,,,,,,,,,,
2009100701,750.0,0,0,0,1,0,0,0,0,0,4,0,,67,9,2009,3,39.9487,-75.1589,746.0,6,0,0,0,0,0,1,0,0,1.0,0,0,0,7,1,1,1,,2,39 56:55.252,4.0,0,75 09:32.047,4,0,0,0,67301,1,0,0,N,0,0,0,2,67301,1,,1,1,,N,N,,0,,0,0,0,3,2,Y,744,1,2,0,0,0,0,0,3,4,1,1,3,,N,,,,,,,,,,,
2009100757,1721.0,1,0,0,0,0,0,0,0,0,5,0,,67,9,2009,5,39.9543,-75.1783,1719.0,6,0,0,0,0,0,0,0,0,,0,0,0,17,1,1,0,,0,39 57:15.331,,0,75 10:42.158,3,0,0,1,67301,0,0,0,N,0,0,0,2,67301,0,,1,1,,N,N,,0,,1,0,0,0,0,,1719,1,2,0,0,0,0,0,3,4,0,2,3,,N,,,,,,,,,,,
2009100561,1740.0,0,0,0,0,0,0,0,0,0,8,0,,67,9,2009,7,39.9994,-75.147,1739.0,6,0,0,0,0,0,0,0,0,1.0,0,0,0,17,1,1,0,,2,39 59:57.843,6.0,0,75 08:49.117,4,0,0,0,67301,1,0,0,N,1,0,0,2,67301,1,,1,1,,N,N,,0,,0,0,1,0,0,Y,1739,1,2,0,0,0,0,0,3,4,0,1,3,,N,,,,,,,,,,,
2009028471,2325.0,1,0,0,0,0,0,0,0,0,7,0,,67,1,2009,3,40.0201,-75.2008,2315.0,6,0,0,0,0,0,0,0,0,1.0,0,0,0,23,3,0,0,,2,40 01:12.206,2.0,0,75 12:02.915,0,0,0,0,67301,0,0,0,N,0,0,0,1,67301,0,,2,2,,N,N,,0,,0,0,0,0,0,Y,2310,0,1,0,0,0,0,0,3,4,0,1,98,,N,,,,,,,,,,,