CRN,ARRIVAL_TM,AUTOMOBILE_COUNT,BELTED_DEATH_COUNT,BELTED_SUSP_SERIOUS_INJ_COUNT,BICYCLE_COUNT,BICYCLE_DEATH_COUNT,BICYCLE_SUSP_SERIOUS_INJ_COUNT,BUS_COUNT,CHLDPAS_DEATH_COUNT,CHLDPAS_SUSP_SERIOUS_INJ_COUNT,COLLISION_TYPE,COMM_VEH_COUNT,CONS_ZONE_SPD_LIM,COUNTY,CRASH_MONTH,CRASH_YEAR,DAY_OF_WEEK,DEC_LAT,DEC_LONG,DISPATCH_TM,DISTRICT,DRIVER_COUNT_16YR,DRIVER_COUNT_17YR,DRIVER_COUNT_18YR,DRIVER_COUNT_19YR,DRIVER_COUNT_20YR,DRIVER_COUNT_50_64YR,DRIVER_COUNT_65_74YR,DRIVER_COUNT_75PLUS,EST_HRS_CLOSED,FATAL_COUNT,HEAVY_TRUCK_COUNT,HORSE_BUGGY_COUNT,HOUR_OF_DAY,ILLUMINATION,INJURY_COUNT,INTERSECT_TYPE,INTERSECTION_RELATED,LANE_CLOSED,LATITUDE,LN_CLOSE_DIR,LOCATION_TYPE,LONGITUDE,MAX_SEVERITY_LEVEL,MCYCLE_DEATH_COUNT,MCYCLE_SUSP_SERIOUS_INJ_COUNT,MOTORCYCLE_COUNT,MUNICIPALITY,NONMOTR_COUNT,NONMOTR_DEATH_COUNT,NONMOTR_SUSP_SERIOUS_INJ_COUNT,NTFY_HIWY_MAINT,PED_COUNT,PED_DEATH_COUNT,PED_SUSP_SERIOUS_INJ_COUNT,PERSON_COUNT,POLICE_AGCY,POSSIBLE_INJ_COUNT,RDWY_SURF_TYPE_CD,RELATION_TO_ROAD,ROAD_CONDITION,ROADWAY_CLEARED,SCH_BUS_IND,SCH_ZONE_IND,SECONDARY_CRASH,SMALL_TRUCK_COUNT,SPEC_JURIS_CD,SUSP_MINOR_INJ_COUNT,SUSP_SERIOUS_INJ_COUNT,SUV_COUNT,TCD_FUNC_CD,TCD_TYPE,TFC_DETOUR_IND,TIME_OF_DAY,TOT_INJ_COUNT,TOTAL_UNITS,UNB_DEATH_COUNT,UNB_SUSP_SERIOUS_INJ_COUNT,UNBELTED_OCC_COUNT,UNK_INJ_DEG_COUNT,UNK_INJ_PER_COUNT,URBAN_AREA,URBAN_RURAL,VAN_COUNT,VEHICLE_COUNT,WEATHER1,WEATHER2,WORK_ZONE_IND,WORK_ZONE_LOC,WORK_ZONE_TYPE,WORKERS_PRES,WZ_CLOSE_DETOUR,WZ_FLAGGER,WZ_LAW_OFFCR_IND,WZ_LN_CLOSURE,WZ_MOVING,WZ_OTHER,WZ_SHLDER_MDN,WZ_WORKERS_INJ_KILLED
2009025859,830.0,2,0,0,0,0,0,0,0,0,6,0,,67,1,2009,2,39.9913,-75.1349,825.0,6,0,0,0,0,0,0,0,0,1.0,0,0,0,8,1,1,1,,2,39 59:29.221,3.0,0,75 08:05.582,4,0,0,0,67301,0,0,0,N,0,0,0,4,67301,1,,1,9,,N,N,,0,,0,0,0,3,2,Y,825,1,2,0,0,1,0,0,3,4,0,2,7,,N,,,,,,,,,,,
2009037978,830.0,0,0,0,0,0,0,0,0,0,1,0,,67,3,2009,5,40.004,-75.2207,827.0,6,0,0,0,0,0,0,0,0,,0,0,0,8,1,1,0,,0,40 00:14.249,,0,75 13:14.396,4,0,0,0,67301,0,0,0,N,0,0,0,2,46104,1,,1,9,,N,N,,0,,0,0,2,3,9,,825,1,2,0,0,0,0,0,3,4,0,2,7,,N,,,,,,,,,,,
2009025590,2020.0,1,0,0,0,0,0,0,0,0,2,0,,67,1,2009,7,40.0584,-75.1492,2014.0,6,0,0,0,0,0,0,0,0,,0,0,0,20,3,1,5,,0,40 03:30.268,,0,75 08:57.263,4,0,0,0,67301,0,0,0,N,0,0,0,2,67301,1,,1,1,,N,N,,0,,0,0,1,3,2,,2000,1,2,0,0,0,0,1,3,4,0,2,3,,N,,,,,,,,,,,
2009094379,105.0,2,0,0,0,0,0,0,0,0,1,0,,67,8,2009,4,39.9599,-75.1782,105.0,6,0,0,0,0,0,0,0,0,1.0,0,0,0,1,3,0,0,,2,39 57:36.429,4.0,0,75 10:47.446,0,0,0,0,67301,0,0,0,N,0,0,0,4,68K03,0,,1,1,,N,N,,0,,0,0,0,0,0,N,105,0,2,0,0,0,0,0,3,4,0,2,3,,N,,,,,,,,,,,
2009074784,1855.0,0,0,0,0,0,0,0,0,0,7,0,,67,6,2009,1,40.0516,-74.9892,1853.0,6,0,0,0,0,0,0,0,0,1.0,0,0,0,18,1,2,0,,1,40 03:05.562,5.0,0,74 59:21.192,3,0,0,0,67301,0,0,0,N,0,0,0,2,68K01,0,,2,1,,N,N,,1,,1,0,0,0,0,N,1851,2,1,0,0,1,1,0,3,4,0,1,3,,N,,,,,,,,,,,
2009105968,1605.0,2,0,0,0,0,0,0,0,0,4,0,,67,9,2009,1,40.0352,-75.1455,1605.0,6,0,0,0,0,0,0,0,0,,0,0,0,15,1,1,2,,0,40 02:06.731,,0,75 08:43.670,4,0,0,0,67301,0,0,0,N,0,0,0,2,67301,1,,1,1,,N,N,,0,,0,0,0,3,2,,1500,1,2,0,0,0,0,0,3,4,0,2,3,,N,,,,,,,,,,,
2009100642,1530.0,1,0,0,0,0,0,0,0,0,2,0,,67,9,2009,6,39.9554,-75.1882,1521.0,6,0,0,0,0,1,0,0,0,,0,0,0,15,1,0,0,,0,39 57:19.509,,0,75 11:17.665,0,0,0,0,67301,0,0,0,N,0,0,0,4,67301,0,,1,9,,N,N,,0,,0,0,0,0,0,,1521,0,2,0,0,0,0,0,3,4,1,2,7,,N,,,,,,,,,,,
2009100664,1300.0,2,0,0,0,0,0,0,0,0,4,0,,67,9,2009,7,40.0464,-75.0695,1328.0,6,0,0,0,0,0,0,0,0,,0,0,0,13,1,1,1,,0,40 02:47.166,,0,75 04:10.318,8,0,0,0,67301,0,0,0,,0,0,0,2,67301,0,,1,1,,,,,0,,0,0,0,3,3,,1321,1,2,0,0,0,1,0,3,4,0,2,3,,N,,,,,,,,,,,
2009100699,120.0,0,0,0,0,0,0,0,0,0,7,0,,67,9,2009,2,39.993,-75.1438,118.0,6,0,0,0,0,0,0,0,0,,0,0,0,1,6,1,0,,0,39 59:34.839,,0,75 08:37.518,2,0,0,0,67301,0,0,0,N,0,0,0,2,67301,0,,2,1,,N,N,,0,,0,1,0,0,0,,110,1,1,0,0,0,0,0,3,4,1,1,3,,N,,,,,,,,,,,
2009112930,209.0,1,0,0,0,0,0,0,0,0,7,0,,67,9,2009,7,39.9859,-75.0931,202.0,6,0,0,0,0,0,0,0,0,2.0,1,0,0,2,3,1,0,,1,39 59:09.044,2.0,0,75 05:35.505,1,0,0,0,67301,0,0,0,N,0,0,0,2,68K01,0,2.0,2,9,,N,N,,0,0.0,1,0,0,0,0,N,200,1,1,0,0,0,0,0,3,4,0,1,7,,N,,,,,,,,,,,
2009044209,217.0,1,0,0,0,0,0,0,0,0,7,0,,67,3,2009,1,40.0168,-75.2105,212.0,6,0,0,0,0,0,0,0,0,,0,0,0,2,3,0,0,,0,40 01:00.487,,0,75 12:37.810,0,0,0,0,67301,0,0,0,N,0,0,0,1,67301,0,,5,1,,N,N,,0,,0,0,0,0,0,,200,0,1,0,0,0,0,0,3,4,0,1,3,,N,,,,,,,,,,,
2009044265,1951.0,2,0,0,0,0,0,0,0,0,1,0,,67,2,2009,7,40.0233,-75.0768,1947.0,6,0,0,0,0,1,0,0,0,,0,0,0,19,3,1,1,,0,40 01:23.700,,0,75 04:36.638,8,0,0,0,67301,0,0,0,N,0,0,0,4,67301,0,,1,1,,,N,,0,,0,0,0,3,2,,1945,1,2,0,0,0,1,0,3,4,0,2,3,,N,,,,,,,,,,,
2009049532,800.0,2,0,0,0,0,0,0,0,0,1,0,,67,4,2009,2,39.9445,-75.1631,800.0,6,0,0,0,0,0,0,0,0,,0,0,0,6,5,0,0,,0,39 56:40.042,,0,75 09:47.244,0,0,0,0,67301,0,0,0,N,0,0,0,1,67301,0,,6,1,,N,N,,0,,0,0,1,3,2,,600,0,3,0,0,0,0,0,3,4,0,3,3,,N,,,,,,,,,,,
2009049473,1942.0,1,0,0,0,0,0,0,0,0,1,0,,67,3,2009,7,40.0418,-75.1588,1940.0,6,0,0,0,0,1,0,0,0,,0,0,0,19,3,1,0,,0,40 02:30.343,,0,75 09:31.677,8,0,0,0,67301,0,0,0,N,0,0,0,2,67301,0,,1,1,,N,N,,0,,0,0,0,0,0,,1940,1,2,0,0,0,1,0,3,4,1,2,3,,N,,,,,,,,,,,
2009120446,1335.0,2,0,0,0,0,0,0,0,0,4,0,,67,10,2009,6,40.0235,-75.1603,1330.0,6,0,0,0,0,0,0,0,0,,0,0,0,13,1,1,2,,0,40 01:24.456,,0,75 09:37.253,4,0,0,0,67301,0,0,0,N,0,0,0,2,67301,1,,1,1,,N,N,,0,,0,0,0,3,2,,1300,1,2,0,0,0,0,0,3,4,0,2,3,,N,,,,,,,,,,,
2009124856,1543.0,1,0,0,0,0,0,0,0,0,8,0,,67,11,2009,3,40.0296,-75.0348,1542.0,6,0,0,0,0,0,0,0,0,,0,0,0,15,1,1,0,,0,40 01:47.226,,0,75 02:08.954,8,0,0,0,67301,1,0,0,N,1,0,0,2,67301,0,,1,1,,N,N,,0,,0,0,0,0,0,,1540,1,2,0,0,0,1,1,3,4,0,1,3,,N,,,,,,,,,,,
2009124947,1932.0,1,0,0,1,0,0,0,0,0,4,0,,67,11,2009,7,39.9562,-75.1774,1923.0,6,0,0,0,0,0,0,0,0,,0,0,0,15,1,1,2,,0,39 57:22.190,,0,75 10:38.582,3,0,0,0,67301,1,0,0,N,0,0,0,2,67301,0,,1,1,,N,N,,0,,1,0,0,3,3,,1520,1,2,0,0,0,0,0,3,4,0,1,3,,N,,,,,,,,,,,
2009124977,1800.0,1,0,0,0,0,0,0,0,0,1,0,,67,11,2009,7,40.0135,-75.0852,1755.0,6,0,0,0,0,0,0,0,0,,0,0,0,17,3,1,1,,0,40 00:48.600,,0,75 05:06.572,8,0,0,0,67301,0,0,0,N,0,0,0,1,67301,0,,1,1,,N,N,,0,,0,0,1,0,0,,1750,1,3,0,0,0,1,0,3,4,1,3,3,,N,,,,,,,,,,,
2009036316,104.0,0,0,0,0,0,0,0,0,0,7,0,,67,3,2009,7,39.96,-75.1784,104.0,6,0,0,0,0,1,0,0,0,,0,0,0,1,3,1,0,,0,39 57:36.691,,0,75 10:49.645,4,0,0,0,67301,0,0,0,N,0,0,0,1,68K01,1,,2,9,,N,N,,0,,0,0,0,0,0,,101,1,1,0,0,0,0,0,3,4,1,1,7,,N,,,,,,,,,,,
2009120220,1007.0,1,1,1,0,0,0,0,0,0,4,0,,67,11,2009,1,39.9835,-75.2029,1002.0,6,0,0,0,0,0,0,0,0,3.0,1,0,0,10,1,4,0,,2,39 59:00.007,5.0,0,75 12:10.180,1,0,0,0,67301,0,0,0,N,0,0,0,5,67301,1,2.0,1,9,,N,N,,0,0.0,1,1,1,0,0,Y,1002,4,2,0,0,0,1,0,3,4,0,2,7,,N,,,,,,,,,,,
2009045941,207.0,0,0,0,0,0,0,0,0,0,0,0,,67,4,2009,6,39.9427,-75.1934,207.0,6,0,0,0,0,0,0,0,0,1.0,0,0,0,2,3,1,0,,2,39 56:39.299,3.0,0,75 11:30.789,8,0,0,1,67301,0,0,0,N,0,0,0,1,68K01,0,,1,1,,N,N,,0,,0,0,0,0,0,N,207,1,1,0,0,0,1,0,3,4,0,1,3,,N,,,,,,,,,,,
2009048603,1622.0,1,0,0,0,0,0,0,0,0,1,0,,67,2,2009,6,39.963,-75.2345,1620.0,6,0,0,0,0,0,0,1,0,,0,0,0,15,1,2,0,,0,39 57:46.769,,0,75 14:04.282,8,0,0,0,67301,0,0,0,N,0,0,0,4,67301,0,,1,9,,N,N,,0,,0,0,1,0,0,,1510,2,2,0,0,1,2,0,3,4,0,2,7,,N,,,,,,,,,,,
2009012046,1745.0,1,0,0,0,0,0,0,0,0,4,0,,67,1,2009,3,39.9883,-75.254,1742.0,6,0,0,0,0,0,0,0,0,1.0,0,0,0,17,3,0,1,,1,39 59:17.883,4.0,0,75 15:14.304,0,0,0,0,67301,0,0,0,N,0,0,0,2,46104,0,,1,1,,N,N,,1,,0,0,0,3,2,N,1742,0,2,0,0,0,0,0,3,4,0,2,3,,N,,,,,,,,,,,
2009031146,2251.0,1,0,0,0,0,0,1,0,0,4,1,,67,1,2009,7,40.0215,-75.1389,2251.0,6,0,0,1,0,1,0,0,0,,0,0,0,22,3,2,0,,0,40 01:17.790,,0,75 08:18.950,3,0,0,0,67301,0,0,0,,0,0,0,5,67301,0,,1,1,,,,,0,,2,0,1,0,0,,2251,2,4,0,0,0,0,0,3,4,1,4,3,,N,,,,,,,,,,,
2009049056,1650.0,0,0,0,0,0,0,0,0,0,2,0,,67,3,2009,2,39.9585,-75.2476,1650.0,6,0,0,0,0,0,0,0,0,,0,0,0,16,1,3,2,,0,39 57:30.721,,0,75 14:51.320,8,0,0,0,67301,0,0,0,N,0,0,0,4,67301,0,,1,1,,N,N,,0,,0,0,1,3,3,,1650,3,2,0,0,0,3,0,3,4,1,2,3,,N,,,,,,,,,,,
2009038875,745.0,2,0,0,0,0,0,0,0,0,6,0,,67,2,2009,6,39.9572,-75.1555,735.0,6,0,0,0,0,0,0,1,0,,0,0,0,99,1,0,1,,0,39 57:25.922,,0,75 09:19.832,0,0,0,0,67301,0,0,0,,0,0,0,3,67301,0,,1,1,,,,,1,,0,0,0,3,2,,9999,0,3,0,0,0,0,0,3,4,0,3,3,,N,,,,,,,,,,,
2009011864,1343.0,2,0,0,0,0,0,0,0,0,1,0,,67,1,2009,5,39.9441,-75.1917,1343.0,6,0,0,0,0,0,1,0,0,,0,0,0,13,1,0,0,,0,39 56:38.740,,2,75 11:30.140,9,0,0,0,67301,0,0,0,N,0,0,0,2,68K01,0,,1,1,,N,N,,0,,0,0,0,3,4,,1319,0,2,0,0,0,0,1,3,4,0,2,3,,N,,,,,,,,,,,
2009044115,730.0,1,0,0,0,0,0,0,0,0,8,0,,67,1,2009,4,40.0079,-75.1723,725.0,6,0,0,0,0,0,0,0,0,,0,0,0,7,1,1,1,,0,40 00:28.314,,0,75 10:20.142,3,0,0,0,67301,1,0,0,N,1,0,0,2,67301,0,,1,9,,N,N,,0,,1,0,0,3,2,,725,1,2,0,0,0,0,0,3,4,0,1,7,,N,,,,,,,,,,,
2009044118,905.0,2,0,0,0,0,0,0,0,0,1,0,,67,3,2009,3,39.958,-75.221,900.0,6,0,0,0,0,0,0,0,0,,0,0,0,8,1,3,0,,0,39 57:28.659,,0,75 13:15.414,4,0,0,0,67301,0,0,0,N,0,0,0,3,67301,2,,1,1,,N,N,,0,,0,0,0,0,0,,840,3,2,0,0,0,1,0,3,4,0,2,3,,N,,,,,,,,,,,
2009048752,1026.0,1,0,0,0,0,0,0,0,0,4,0,,67,4,2009,5,39.9934,-75.097,1025.0,6,0,0,0,0,0,0,0,0,,0,0,0,10,1,1,3,,0,39 59:36.066,,0,75 05:49.115,3,0,0,1,67301,0,0,0,,0,0,0,2,67301,0,,1,1,,,,,0,,1,0,0,0,0,,1020,1,2,0,0,0,0,0,3,4,0,2,3,,N,,,,,,,,,,,
2009049198,40.0,1,0,0,0,0,0,0,0,0,1,0,,67,3,2009,7,39.9949,-75.1872,35.0,6,0,0,0,0,0,1,0,0,,0,0,0,0,3,0,2,,0,39 59:41.810,,0,75 11:14.030,0,0,0,0,67301,0,0,0,N,0,0,0,2,67301,0,,1,9,,N,N,,1,,0,0,0,0,0,,35,0,2,0,0,0,0,0,3,4,0,2,7,,N,,,,,,,,,,,
2009040338,1435.0,1,0,0,0,0,0,1,0,0,3,1,,67,2,2009,5,39.9568,-75.2439,1430.0,6,0,0,0,0,0,2,0,0,,0,0,0,14,1,1,1,,0,39 57:24.462,,0,75 14:38.029,4,0,0,0,67301,0,0,0,N,0,0,0,3,67301,1,,1,1,,Y,N,,0,,0,0,0,3,2,,1420,1,2,0,0,0,0,0,3,4,0,2,3,,N,,,,,,,,,,,
2009011198,1300.0,2,0,0,0,0,0,0,0,0,5,0,,67,1,2009,7,39.9589,-75.17,1257.0,6,0,0,0,0,0,1,0,0,1.0,0,0,0,12,1,1,0,,1,39 57:32.040,4.0,0,75 10:12.000,3,0,0,0,67301,0,0,0,N,0,0,0,3,68K01,0,,1,1,,N,N,,0,,1,0,0,0,0,N,1250,1,2,0,0,0,0,0,3,4,0,2,3,,N,,,,,,,,,,,
2009050208,1545.0,1,0,0,0,0,0,0,0,0,1,0,,67,4,2009,4,39.9994,-75.1952,1545.0,6,0,0,0,0,0,0,0,0,,0,0,0,10,1,1,0,,0,40 00:00.360,,0,75 11:42.000,4,0,0,0,67301,0,0,0,N,0,0,0,2,68K01,1,,1,1,,N,N,,0,,0,0,0,0,0,,1000,1,2,0,0,0,0,1,3,4,0,2,3,,N,,,,,,,,,,,
2009050225,413.0,1,0,0,0,0,0,0,0,0,4,0,,67,4,2009,1,39.9265,-75.1947,402.0,6,0,0,0,0,0,0,0,0,2.0,0,0,0,3,3,1,0,,1,39 55:37.818,3.0,0,75 11:43.203,4,0,0,0,67301,0,0,0,Y,0,0,0,2,68K01,1,,1,1,,N,N,,0,,0,0,1,0,0,N,354,1,2,0,0,0,0,1,3,4,0,2,3,,N,,,,,,,,,,,
2009105776,1152.0,3,0,0,0,0,0,0,0,0,1,0,,67,9,2009,7,39.955,-75.1841,1152.0,6,0,0,0,0,0,1,1,0,,0,0,0,11,1,0,0,,0,39 57:18.144,,0,75 11:04.390,9,0,0,0,67301,0,0,0,N,0,0,0,5,67301,0,,1,1,,N,N,,0,,0,0,1,0,0,,1150,0,4,0,0,0,0,1,3,4,0,4,3,,N,,,,,,,,,,,
2009105843,2128.0,1,0,0,0,0,0,0,0,0,2,0,,67,10,2009,1,40.0143,-75.1696,2126.0,6,0,0,0,0,0,0,0,0,,0,0,0,21,3,2,0,,0,40 00:51.426,,0,75 10:10.682,4,0,0,0,67301,0,0,0,,0,0,0,2,67301,2,,1,1,,,,,0,,0,0,0,0,0,,2123,2,2,0,0,0,0,0,3,4,1,2,3,,N,,,,,,,,,,,
2009105844,912.0,1,0,0,0,0,0,0,0,0,4,0,,67,10,2009,5,40.0201,-75.1488,910.0,6,0,0,0,0,0,0,0,0,,0,0,0,8,1,0,1,,0,40 01:12.183,,0,75 08:55.615,0,0,0,0,67301,0,0,0,N,0,0,0,3,67301,0,,1,1,,N,N,,1,,0,0,0,3,2,,815,0,2,0,0,0,0,0,3,4,0,2,3,,N,,,,,,,,,,,
2009105894,825.0,2,0,0,0,0,0,0,0,0,4,0,,67,9,2009,2,39.9497,-75.1604,825.0,6,0,0,0,0,0,1,0,0,9.0,0,0,0,8,1,2,1,,1,39 56:58.740,4.0,0,75 09:37.407,8,0,0,0,67301,0,0,0,N,0,0,0,3,67301,0,,1,1,,N,N,,0,,0,0,0,3,2,N,820,2,2,0,0,0,2,0,3,4,0,2,3,,N,,,,,,,,,,,
2009105905,1826.0,0,0,0,0,0,0,0,0,0,8,0,,67,10,2009,3,39.9546,-75.1813,1805.0,6,0,0,0,0,0,0,0,0,,0,0,0,17,1,1,1,,0,39 57:16.399,,0,75 10:52.674,4,0,0,0,67301,1,0,0,N,1,0,0,2,67301,1,,1,1,,N,N,,0,,0,0,0,3,2,,1735,1,2,0,0,0,0,0,3,4,1,1,3,,N,,,,,,,,,,,
2009120459,1925.0,0,0,0,0,0,0,0,0,0,8,0,,67,10,2009,7,40.0432,-75.0523,1925.0,6,0,0,0,0,0,0,0,0,,0,0,0,19,3,1,1,,0,40 02:35.830,,0,75 03:08.014,4,0,0,0,67301,1,0,0,N,1,0,0,3,67301,1,,1,9,,N,N,,0,,0,0,0,3,2,,1917,1,2,0,0,0,0,0,3,4,1,1,7,,N,,,,,,,,,,,
2009105530,1334.0,1,0,0,0,0,0,0,0,0,8,0,,67,9,2009,4,40.0389,-75.0349,1332.0,6,0,0,0,0,0,0,0,0,1.0,0,0,0,99,1,1,2,,1,40 02:20.171,2.0,0,75 02:06.073,8,0,0,0,67301,1,0,0,,1,0,0,2,67301,0,,1,1,,,,,0,,0,0,0,0,0,Y,9999,1,2,0,0,0,1,0,3,4,0,1,3,,N,,,,,,,,,,,
2009108075,1117.0,0,0,0,0,0,0,0,0,0,1,0,,67,10,2009,4,40.0035,-75.2216,1111.0,6,0,0,0,0,0,0,0,0,,0,0,0,11,1,0,0,,0,40 00:13.143,,0,75 13:16.956,0,0,0,0,67301,0,0,0,N,0,0,0,3,46104,0,,1,1,,N,N,,0,,0,0,2,3,2,,1111,0,3,0,0,0,0,0,3,4,1,3,3,,N,,,,,,,,,,,
2009105201,2158.0,1,0,1,0,0,0,0,0,0,1,0,,67,8,2009,7,39.9753,-75.1947,2146.0,6,0,0,0,0,0,0,0,0,,0,0,0,21,3,1,6,,0,39 58:33.352,,2,75 11:43.008,2,0,0,0,67301,0,0,0,N,0,0,0,3,68K01,0,,1,1,,N,N,,0,,0,1,1,0,0,,2140,1,2,0,0,0,0,0,3,4,0,2,3,,N,,,,,,,,,,,
2009105728,247.0,1,0,0,0,0,0,0,0,0,1,0,,67,9,2009,1,40.0898,-74.984,244.0,6,0,0,0,0,0,0,0,0,,0,0,0,2,3,2,0,,0,40 05:23.160,,0,74 59:02.434,4,0,0,0,67301,0,0,0,N,0,0,0,3,67301,2,,1,1,,N,N,,0,,0,0,1,3,2,,240,2,2,0,0,0,0,0,3,4,0,2,3,,N,,,,,,,,,,,
2009100711,925.0,2,0,0,0,0,0,0,0,0,4,0,,67,9,2009,5,40.0624,-75.1639,922.0,6,0,0,0,0,0,1,0,0,,0,0,0,8,1,1,1,,0,40 03:44.478,,0,75 09:50.198,4,0,0,0,67301,0,0,0,N,0,0,0,2,67301,1,,1,1,,N,N,,0,,0,0,0,3,3,,830,1,2,0,0,1,0,0,3,4,0,2,3,,N,,,,,,,,,,,
2009084522,1310.0,0,0,0,1,0,0,1,0,0,4,1,,67,7,2009,4,39.9971,-75.2047,1303.0,6,0,0,0,0,0,1,0,0,,0,0,0,12,1,1,1,,0,39 59:49.588,,0,75 12:17.053,3,0,0,0,67301,1,0,0,N,0,0,0,3,67301,0,,1,1,,N,N,,0,,1,0,0,2,3,,1216,1,2,0,0,0,0,0,3,4,0,1,3,,N,,,,,,,,,,,
2009079513,1925.0,1,0,0,0,0,0,0,0,0,7,0,,67,6,2009,3,39.9389,-75.1888,1918.0,6,0,0,0,0,0,0,0,0,,0,0,0,19,1,2,0,,0,39 56:19.996,,0,75 11:19.507,8,0,0,0,67301,0,0,0,,0,0,0,2,67301,0,,2,1,,,,,0,,0,0,0,0,0,,1918,2,1,0,0,1,2,0,3,4,0,1,3,,N,,,,,,,,,,,
2009100665,1250.0,1,0,0,0,0,0,0,0,0,2,1,,67,9,2009,6,39.9161,-75.2205,1245.0,6,0,0,0,0,0,2,0,0,,0,1,0,11,1,2,0,,0,39 55:00.547,,0,75 13:00.372,3,0,0,0,67301,0,0,0,N,0,0,0,3,67301,1,,1,9,,N,N,,1,,1,0,0,3,2,,1113,2,3,0,0,1,0,0,3,4,0,3,7,,N,,,,,,,,,,,
2009100091,1810.0,1,0,0,0,0,0,0,0,0,4,0,,67,9,2009,3,40.034,-75.0744,1803.0,6,0,0,0,0,0,1,0,0,2.0,0,0,0,18,1,0,1,,2,40 02:02.039,1.0,0,75 04:27.141,0,0,0,0,67301,0,0,0,,0,0,0,3,67301,0,,1,1,,N,N,,1,,0,0,0,3,2,N,1802,0,2,0,0,0,0,0,3,4,0,2,3,,N,,,,,,,,,,,
2009049517,1843.0,1,0,0,0,0,0,0,0,0,8,0,,67,3,2009,3,39.9716,-75.1327,1843.0,6,0,0,0,0,0,0,0,0,,0,0,0,18,1,1,0,,0,39 58:17.713,,0,75 07:57.885,4,0,0,0,67301,1,0,0,N,1,0,0,3,67301,1,,1,1,,N,N,,0,,0,0,0,0,0,,1842,1,2,0,0,2,0,0,3,4,0,1,3,,N,,,,,,,,,,,
2009049530,930.0,2,0,0,0,0,0,0,0,0,4,0,,67,3,2009,5,39.9877,-75.2162,925.0,6,0,0,0,0,0,0,0,0,,0,0,0,9,1,1,2,,0,39 59:15.901,,0,75 12:58.189,8,0,0,0,67301,0,0,0,N,0,0,0,2,67301,0,,1,9,,N,N,,0,,0,0,0,3,2,,919,1,2,0,0,0,1,1,3,4,0,2,7,,N,,,,,,,,,,,
2009049544,45.0,1,0,0,0,0,0,0,0,0,7,0,,67,3,2009,7,40.0275,-75.1914,40.0,6,0,0,0,0,0,0,0,0,3.0,0,0,0,0,3,3,0,,2,40 01:39.147,5.0,0,75 11:29.119,8,0,0,0,67301,0,0,0,N,0,0,0,3,67301,0,,2,9,,N,N,,0,,0,0,0,0,0,Y,35,3,1,0,0,3,3,0,3,4,0,1,7,,N,,,,,,,,,,,
2009049567,9999.0,2,0,0,0,0,0,0,0,0,4,0,,67,4,2009,6,40.0169,-75.1516,9999.0,6,0,0,0,0,0,0,0,0,,0,0,0,99,1,1,1,,0,40 01:01.147,,0,75 09:05.687,8,0,0,0,67301,0,0,0,N,0,0,0,2,67301,0,,1,1,,N,N,,0,,0,0,0,3,2,,9999,1,2,0,0,1,1,0,3,4,0,2,3,,N,,,,,,,,,,,
2009049401,1525.0,1,0,0,0,0,0,1,0,0,2,1,,67,1,2009,3,39.9767,-75.2337,1509.0,6,0,0,0,0,0,0,0,0,,0,0,0,15,1,2,1,,0,39 58:35.983,,0,75 14:01.359,3,0,0,0,67301,0,0,0,N,0,0,0,4,67301,0,,1,9,,N,N,,0,,2,0,0,3,2,,1500,2,2,0,0,0,0,0,3,4,0,2,7,,N,,,,,,,,,,,
2009048769,903.0,0,0,0,0,0,0,0,0,0,4,0,,67,3,2009,5,39.9852,-75.2539,857.0,6,0,0,0,0,1,1,0,0,,0,0,0,8,1,0,1,,0,39 59:06.756,,0,75 15:14.119,0,0,0,0,67301,0,0,0,N,0,0,0,2,67301,0,,1,1,,N,N,,0,,0,0,2,3,3,,850,0,2,0,0,0,0,0,3,4,0,2,3,,N,,,,,,,,,,,
2009124879,850.0,0,0,0,0,0,0,1,0,0,1,1,,67,11,2009,2,39.9898,-75.1039,845.0,6,0,0,0,0,0,2,0,0,,0,0,0,8,1,2,1,,0,39 59:23.218,,0,75 06:14.002,4,0,0,0,67301,0,0,0,,0,0,0,6,67301,2,,1,1,,,,,0,,0,0,0,3,2,,835,2,2,0,0,0,0,0,3,4,1,2,3,,N,,,,,,,,,,,
2009124952,345.0,2,0,0,0,0,0,0,0,0,4,0,,67,11,2009,1,39.9736,-75.2089,340.0,6,0,0,0,0,0,0,0,0,2.0,0,0,0,3,3,0,2,,1,39 58:25.181,3.0,0,75 12:31.951,9,0,0,0,67301,0,0,0,N,0,0,0,3,67301,0,,3,1,,N,N,,0,,0,0,0,3,2,N,339,0,2,0,0,0,0,1,3,4,0,2,3,,N,,,,,,,,,,,
2009120221,1250.0,0,0,0,0,0,0,0,0,0,7,0,,67,10,2009,3,40.0935,-75.0313,1247.0,6,0,0,0,0,0,0,0,0,9.0,0,0,0,12,1,1,0,,1,40 05:36.744,2.0,0,75 01:52.798,3,0,0,0,67301,0,0,0,,0,0,0,1,67301,0,,5,9,,N,N,,1,,1,0,0,3,2,N,1245,1,2,0,0,1,0,0,3,4,0,1,7,,N,,,,,,,,,,,
2009122196,2247.0,1,0,0,0,0,0,0,0,0,7,0,,67,11,2009,4,40.0241,-75.0303,2239.0,6,0,0,0,1,0,0,0,0,,0,0,0,22,3,0,0,,0,40 01:28.356,,2,75 01:47.245,0,0,0,0,67301,0,0,0,Y,0,0,0,1,68K01,0,,3,9,,N,N,,0,,0,0,0,0,0,,2237,0,1,0,0,0,0,0,3,4,0,1,7,5.0,N,,,,,,,,,,,