CRN,ARRIVAL_TM,AUTOMOBILE_COUNT,BELTED_DEATH_COUNT,BELTED_SUSP_SERIOUS_INJ_COUNT,BICYCLE_COUNT,BICYCLE_DEATH_COUNT,BICYCLE_SUSP_SERIOUS_INJ_COUNT,BUS_COUNT,CHLDPAS_DEATH_COUNT,CHLDPAS_SUSP_SERIOUS_INJ_COUNT,COLLISION_TYPE,COMM_VEH_COUNT,CONS_ZONE_SPD_LIM,COUNTY,CRASH_MONTH,CRASH_YEAR,DAY_OF_WEEK,DEC_LAT,DEC_LONG,DISPATCH_TM,DISTRICT,DRIVER_COUNT_16YR,DRIVER_COUNT_17YR,DRIVER_COUNT_18YR,DRIVER_COUNT_19YR,DRIVER_COUNT_20YR,DRIVER_COUNT_50_64YR,DRIVER_COUNT_65_74YR,DRIVER_COUNT_75PLUS,EST_HRS_CLOSED,FATAL_COUNT,HEAVY_TRUCK_COUNT,HORSE_BUGGY_COUNT,HOUR_OF_DAY,ILLUMINATION,INJURY_COUNT,INTERSECT_TYPE,INTERSECTION_RELATED,LANE_CLOSED,LATITUDE,LN_CLOSE_DIR,LOCATION_TYPE,LONGITUDE,MAX_SEVERITY_LEVEL,MCYCLE_DEATH_COUNT,MCYCLE_SUSP_SERIOUS_INJ_COUNT,MOTORCYCLE_COUNT,MUNICIPALITY,NONMOTR_COUNT,NONMOTR_DEATH_COUNT,NONMOTR_SUSP_SERIOUS_INJ_COUNT,NTFY_HIWY_MAINT,PED_COUNT,PED_DEATH_COUNT,PED_SUSP_SERIOUS_INJ_COUNT,PERSON_COUNT,POLICE_AGCY,POSSIBLE_INJ_COUNT,RDWY_SURF_TYPE_CD,RELATION_TO_ROAD,ROAD_CONDITION,ROADWAY_CLEARED,SCH_BUS_IND,SCH_ZONE_IND,SECONDARY_CRASH,SMALL_TRUCK_COUNT,SPEC_JURIS_CD,SUSP_MINOR_INJ_COUNT,SUSP_SERIOUS_INJ_COUNT,SUV_COUNT,TCD_FUNC_CD,TCD_TYPE,TFC_DETOUR_IND,TIME_OF_DAY,TOT_INJ_COUNT,TOTAL_UNITS,UNB_DEATH_COUNT,UNB_SUSP_SERIOUS_INJ_COUNT,UNBELTED_OCC_COUNT,UNK_INJ_DEG_COUNT,UNK_INJ_PER_COUNT,URBAN_AREA,URBAN_RURAL,VAN_COUNT,VEHICLE_COUNT,WEATHER1,WEATHER2,WORK_ZONE_IND,WORK_ZONE_LOC,WORK_ZONE_TYPE,WORKERS_PRES,WZ_CLOSE_DETOUR,WZ_FLAGGER,WZ_LAW_OFFCR_IND,WZ_LN_CLOSURE,WZ_MOVING,WZ_OTHER,WZ_SHLDER_MDN,WZ_WORKERS_INJ_KILLED
2009120257,720.0,1,0,0,0,0,0,0,0,0,8,0,,67,10,2009,5,40.0948,-75.0507,717.0,6,0,0,0,0,0,0,0,0,,0,0,0,7,1,1,0,,0,40 05:41.310,,0,75 03:02.630,3,0,0,0,67301,1,0,0,N,1,0,0,2,67301,0,,4,9,,N,N,,0,,1,0,0,0,0,,717,1,2,0,0,0,0,0,3,4,0,1,3,,N,,,,,,,,,,,
2009041176,1935.0,0,0,0,0,0,0,0,0,0,8,0,,67,1,2009,2,40.0316,-75.0213,1931.0,6,0,0,0,0,0,0,0,0,,0,0,0,19,3,1,0,,0,40 01:53.532,,0,75 01:16.892,3,0,0,0,67301,1,0,0,N,1,0,0,2,67301,0,,1,1,,N,N,,0,,1,0,0,0,0,,1918,1,2,0,0,0,0,0,3,4,1,1,3,,N,,,,,,,,,,,
2009048894,1422.0,1,0,0,0,0,0,0,0,0,1,0,,67,4,2009,7,40.0497,-75.1717,1420.0,6,0,0,0,0,0,0,0,0,,0,0,0,14,1,2,0,,0,40 02:58.794,,0,75 10:17.910,3,0,0,0,67301,0,0,0,N,0,0,0,2,67301,1,,6,9,,N,N,,0,,1,0,0,0,0,,1415,2,2,0,0,0,0,0,3,4,1,2,7,,N,,,,,,,,,,,
2009049300,1450.0,2,0,0,0,0,0,0,0,0,5,0,,67,4,2009,2,40.0241,-75.0955,1447.0,6,0,0,1,0,0,0,0,0,,0,0,0,99,1,1,0,,0,40 01:26.662,,0,75 05:43.626,8,0,0,0,67301,0,0,0,,0,0,0,4,67301,0,,1,9,,,,,0,,0,0,0,0,0,,9999,1,2,0,0,0,1,0,3,4,0,2,7,,N,,,,,,,,,,,
2009040330,650.0,0,0,0,0,0,0,0,0,0,1,0,,67,3,2009,1,39.9063,-75.1499,644.0,6,0,0,0,0,0,0,0,0,2.0,0,0,0,6,5,1,0,,2,39 54:26.020,2.0,0,75 08:59.004,8,0,0,0,67301,0,0,0,N,0,0,0,2,67301,0,,1,2,,N,N,,0,,0,0,2,0,0,N,640,1,2,0,0,0,1,0,3,4,0,2,10,,N,,,,,,,,,,,
2009026091,1900.0,1,0,0,0,0,0,0,0,0,2,1,,67,1,2009,5,39.9269,-75.2236,1900.0,6,0,0,0,0,0,1,0,0,,0,0,0,19,3,3,0,,0,39 55:36.807,,0,75 13:25.166,4,0,0,0,67301,0,0,0,N,0,0,0,10,67301,3,,1,1,,N,N,,0,,0,0,0,0,0,,1900,3,2,0,0,2,0,0,3,4,0,2,3,,N,,,,,,,,,,,
2009050213,2317.0,1,0,0,0,0,0,0,0,0,5,0,,67,4,2009,6,39.9993,-75.1952,2315.0,6,0,0,0,0,0,1,0,0,1.0,0,0,0,23,2,0,0,,2,40 00:01.032,4.0,0,75 11:41.598,0,0,0,0,67301,0,0,0,N,0,0,0,3,68K01,0,,1,1,,N,N,,0,,0,0,1,0,0,N,2310,0,2,0,0,1,0,0,3,4,0,2,3,,N,,,,,,,,,,,
2009105871,1810.0,0,0,0,0,0,0,0,0,0,8,0,,67,9,2009,2,40.0034,-75.1512,1805.0,6,0,0,0,0,0,0,1,0,,0,0,0,18,4,1,2,,0,40 00:12.358,,0,75 09:04.348,4,0,0,0,67301,1,0,0,N,1,0,0,2,67301,1,,1,9,,N,N,,0,,0,0,0,3,3,,1800,1,2,0,0,0,0,0,3,4,1,1,7,,N,,,,,,,,,,,
2009101018,114.0,2,0,0,0,0,0,0,0,0,4,0,,67,9,2009,2,40.0405,-75.0474,109.0,6,0,0,0,1,0,0,0,0,3.0,0,0,0,1,3,1,1,,1,40 02:25.791,3.0,0,75 02:50.463,3,0,0,0,67301,0,0,0,N,0,0,0,2,67301,0,,1,1,,N,N,,0,,1,0,1,2,2,N,100,1,3,0,0,0,0,1,3,4,0,3,3,,N,,,,,,,,,,,
2009101038,555.0,2,0,0,0,0,0,0,0,0,1,0,,67,9,2009,3,40.0291,-75.1053,550.0,6,0,0,0,0,0,0,0,0,1.0,0,0,0,5,5,1,1,,1,40 01:44.748,1.0,0,75 06:18.986,8,0,0,0,67301,0,0,0,N,0,0,0,3,67301,0,,1,9,,N,N,,0,,0,0,0,3,2,N,545,1,3,0,0,0,1,1,3,4,1,3,3,,N,,,,,,,,,,,
2009100004,855.0,1,0,0,0,0,0,0,0,0,8,0,,67,9,2009,6,39.9488,-75.179,852.0,6,0,0,0,0,0,1,0,0,,0,0,0,8,1,1,2,,0,39 56:55.507,,0,75 10:44.381,4,0,0,0,67301,1,0,0,N,1,0,0,2,67301,1,,1,1,,N,N,,0,,0,0,0,3,3,,824,1,2,0,0,0,0,0,3,4,0,1,3,,N,,,,,,,,,,,
2009105651,742.0,1,0,0,0,0,0,0,0,0,4,0,,67,9,2009,2,40.042,-75.0718,737.0,6,0,0,0,0,0,0,0,0,2.0,0,0,0,7,1,1,1,,2,40 02:31.358,1.0,0,75 04:18.519,4,0,0,0,67301,0,0,0,N,0,0,0,2,67301,1,,1,1,,N,N,,0,,0,0,0,3,3,N,735,1,2,0,0,0,0,0,3,4,1,2,3,,N,,,,,,,,,,,
2009105729,610.0,2,0,0,0,0,0,0,0,0,1,0,,67,9,2009,1,40.0618,-75.0213,555.0,6,0,0,0,0,0,0,0,0,,0,0,0,5,5,0,0,,0,40 03:42.635,,0,75 01:16.705,0,0,0,0,67301,0,0,0,N,0,0,0,1,67301,0,,6,1,,N,N,,1,,0,0,1,0,0,,550,0,4,0,0,0,0,0,3,4,0,4,3,,N,,,,,,,,,,,
2009100768,2155.0,1,0,0,0,0,0,0,0,0,7,0,,67,9,2009,7,40.1343,-75.0091,2146.0,6,0,0,0,0,0,0,1,0,,0,0,0,21,3,1,1,,0,40 08:03.425,,0,75 00:32.780,8,0,0,0,67301,0,0,0,,0,0,0,2,67301,0,,3,1,,,,,0,,0,0,0,3,2,,2137,1,1,0,0,0,1,0,3,4,0,1,3,,N,,,,,,,,,,,
2009100809,1453.0,3,0,0,0,0,0,0,0,0,1,0,,67,9,2009,3,40.0447,-75.1214,1450.0,6,0,0,0,1,0,0,0,0,1.0,0,0,0,14,1,2,1,,1,40 02:40.989,4.0,0,75 07:17.032,4,0,0,0,67301,0,0,0,N,0,0,0,4,67301,2,,1,1,,N,N,,0,,0,0,0,2,3,N,1445,2,3,0,0,0,0,0,3,4,0,3,3,,N,,,,,,,,,,,
2009100556,1556.0,2,0,0,0,0,0,0,0,0,4,0,,67,9,2009,2,40.0121,-75.1125,1556.0,6,0,0,0,0,0,0,0,0,1.0,0,0,0,15,1,0,0,,1,40 00:43.709,3.0,7,75 06:45.101,0,0,0,0,67301,0,0,0,N,0,0,0,2,67301,0,,1,1,,N,N,,0,,0,0,0,3,3,N,1550,0,2,0,0,0,0,0,3,4,0,2,3,,N,,,,,,,,,,,
2009030807,2202.0,1,0,0,0,0,0,0,0,0,1,0,,67,1,2009,3,40.0045,-75.1395,2200.0,6,0,0,0,0,0,0,0,0,,0,0,0,22,3,1,1,,0,40 00:16.358,,0,75 08:22.210,8,0,0,0,67301,0,0,0,,0,0,0,1,67301,0,,5,2,,N,N,,0,,0,0,1,3,2,,2200,1,3,0,0,0,1,0,3,4,0,2,3,,N,,,,,,,,,,,
2009028487,1850.0,2,0,0,0,0,0,0,0,0,5,0,,67,1,2009,7,39.9212,-75.1935,1847.0,6,0,0,0,0,0,0,0,0,,0,0,0,18,3,3,0,,0,39 55:16.228,,3,75 11:36.496,4,0,0,0,67301,0,0,0,N,0,0,0,7,67301,3,,1,6,,N,N,,0,,0,0,0,0,0,,1846,3,2,0,0,0,0,0,3,4,0,2,9,,N,,,,,,,,,,,
2009030178,1925.0,1,0,0,0,0,0,0,0,0,4,0,,67,1,2009,4,39.9577,-75.2314,1923.0,6,0,0,0,0,1,0,0,0,,0,0,0,19,3,0,1,,0,39 57:27.712,,0,75 13:53.176,9,0,0,0,67301,0,0,0,N,0,0,0,4,67301,0,,1,1,,N,N,,0,,0,0,0,3,2,,1915,0,2,0,0,0,0,1,3,4,1,2,3,,N,,,,,,,,,,,
2009030260,1120.0,0,0,0,0,0,0,0,0,0,5,1,,67,1,2009,3,,,1120.0,6,0,0,0,0,0,0,0,0,1.0,0,1,0,11,1,0,0,,1,,3.0,3,,0,0,0,0,67301,0,0,0,N,0,0,0,8,67501,0,,1,1,,N,N,,1,,0,0,0,3,8,N,1120,0,2,0,0,0,0,0,3,3,0,2,3,,N,,,,,,,,,,,
2009035563,1446.0,1,0,0,0,0,0,0,0,0,7,0,,67,3,2009,3,39.9793,-75.1076,1438.0,6,0,0,0,0,0,0,0,0,1.0,0,0,0,14,1,1,0,,1,39 58:45.939,1.0,0,75 06:27.357,8,0,0,0,67301,0,0,0,N,0,0,0,1,68K01,0,,3,1,,N,N,,0,,0,0,0,0,0,N,1438,1,1,0,0,0,1,0,3,4,0,1,3,,N,,,,,,,,,,,
2009025919,28.0,1,0,0,0,0,0,0,0,0,4,0,,67,1,2009,1,40.0252,-75.1254,24.0,6,0,0,0,0,0,0,0,0,1.0,0,0,0,0,3,1,1,,1,40 01:31.775,2.0,0,75 07:31.582,4,0,0,0,67301,0,0,0,N,0,0,0,3,67301,1,,1,9,,N,N,,1,,0,0,0,3,2,Y,20,1,2,0,0,0,0,0,3,4,0,2,7,,N,,,,,,,,,,,
2009027343,2011.0,0,0,0,0,0,0,0,0,0,7,0,,67,2,2009,5,39.9078,-75.1524,2002.0,6,0,0,0,0,0,0,0,0,,0,0,0,19,3,0,0,,0,39 54:24.666,,2,75 08:57.800,0,0,0,0,67301,0,0,0,N,0,0,0,1,68K01,0,,2,1,,N,N,,0,,0,0,1,0,0,,1957,0,1,0,0,0,0,0,3,4,0,1,3,,N,,,,,,,,,,,
2009032934,910.0,1,0,0,0,0,0,0,0,0,1,0,,67,2,2009,6,40.0015,-75.1578,859.0,6,0,0,0,0,0,0,0,2,,0,0,0,8,1,1,0,,0,40 00:05.252,,0,75 09:28.252,4,0,0,0,67301,0,0,0,N,0,0,0,3,67301,1,,1,2,,N,N,,0,,0,0,0,0,0,,855,1,2,0,0,0,0,0,3,4,1,2,3,,N,,,,,,,,,,,
2009032941,9999.0,3,0,0,0,0,0,0,0,0,4,0,,67,1,2009,5,39.9463,-75.2236,1629.0,6,0,1,0,0,1,0,0,0,3.0,0,0,0,16,1,1,1,,2,39 56:46.600,7.0,0,75 13:25.096,4,0,0,0,67301,0,0,0,N,0,0,0,2,67301,1,,1,1,,N,N,,0,,0,0,1,3,3,Y,1629,1,4,0,0,0,0,1,3,4,0,4,3,,N,,,,,,,,,,,
2009025356,712.0,1,0,0,0,0,0,0,0,0,1,0,,67,1,2009,2,39.9536,-75.1986,712.0,6,0,0,0,0,0,2,0,0,,0,0,0,7,5,0,1,,0,39 57:18.720,,0,75 11:53.880,0,0,0,0,67301,0,0,0,N,0,0,0,2,67301,0,,1,1,,N,N,,1,,0,0,0,3,7,,705,0,2,0,0,0,0,0,3,4,0,2,3,,N,,,,,,,,,,,
2009033001,1538.0,2,0,0,0,0,0,0,0,0,4,0,,67,2,2009,1,39.9646,-75.1727,1534.0,6,0,0,0,0,0,0,0,0,,0,0,0,15,1,0,1,,0,39 57:52.506,,0,75 10:21.644,0,0,0,0,67301,0,0,0,N,0,0,0,4,67301,0,,1,1,,N,N,,0,,0,0,0,3,3,,1505,0,2,0,0,0,0,0,3,4,0,2,3,,N,,,,,,,,,,,
2009030428,2020.0,2,0,0,0,0,0,0,0,0,1,0,,67,1,2009,3,40.0667,-75.0028,2002.0,6,0,0,1,0,0,0,1,0,,0,0,0,15,1,1,2,,0,40 04:00.120,,0,75 00:10.080,4,0,0,0,67301,0,0,0,N,0,0,0,2,67301,1,,1,1,,N,N,,0,,0,0,0,3,2,,1530,1,2,0,0,0,0,0,3,4,0,2,3,,N,,,,,,,,,,,
2009030475,1230.0,0,0,0,0,0,0,2,0,0,5,2,,67,2,2009,5,39.9566,-75.2419,1220.0,6,0,0,0,0,0,1,0,0,,0,0,0,12,1,2,2,,0,39 57:23.616,,0,75 14:30.901,8,0,0,0,67301,0,0,0,N,0,0,0,10,67301,0,,1,2,,Y,N,,0,,0,0,0,3,2,,1220,2,2,0,0,0,2,0,3,4,0,2,3,,N,,,,,,,,,,,
2009006487,407.0,1,0,0,0,0,0,0,0,0,7,0,,67,1,2009,7,39.969,-75.1271,401.0,6,0,0,0,0,0,0,0,0,2.0,0,0,0,3,3,0,0,,1,39 58:12.181,1.0,0,75 07:32.261,0,0,0,0,67301,0,0,0,N,0,0,0,1,68K01,0,,2,1,,N,N,,0,,0,0,0,0,0,N,358,0,1,0,0,0,0,0,3,4,0,1,3,,N,,,,,,,,,,,
2009044198,1352.0,1,0,0,0,0,0,0,0,0,5,0,,67,3,2009,6,39.9562,-75.1606,1356.0,6,0,0,0,0,0,1,0,0,,0,0,0,13,1,1,0,,0,39 57:22.147,,0,75 09:38.076,8,0,0,0,67301,0,0,0,N,0,0,0,4,67301,0,,1,1,,N,N,,0,,0,0,0,0,0,,1345,1,2,0,0,4,1,0,3,4,1,2,3,,N,,,,,,,,,,,
2009049527,249.0,2,0,0,0,0,0,0,0,0,1,0,,67,4,2009,3,39.9851,-75.2371,249.0,6,0,0,0,0,0,0,0,0,,0,0,0,2,3,1,5,,0,39 59:06.526,,0,75 14:13.730,8,0,0,0,67301,0,0,0,N,0,0,0,3,67301,0,,1,1,,N,N,,0,,0,0,0,3,2,,249,1,2,0,0,0,1,0,3,4,0,2,3,,N,,,,,,,,,,,
2009044338,2236.0,1,0,0,0,0,0,0,0,0,7,0,,67,2,2009,7,40.0554,-75.1263,2233.0,6,0,0,0,0,0,0,0,0,,0,0,0,22,3,1,2,,0,40 03:19.838,,0,75 07:34.533,8,0,0,0,67301,0,0,0,N,0,0,0,2,46102,0,,5,1,,N,N,,0,,0,0,0,3,2,,2233,1,1,0,0,0,1,0,3,4,0,1,3,,N,,,,,,,,,,,
2009124925,2118.0,1,0,0,0,0,0,0,0,0,1,0,,67,11,2009,5,40.0382,-75.0089,2112.0,6,0,0,0,0,0,0,0,0,,0,0,0,21,3,0,0,,0,40 02:17.259,,0,75 00:32.625,9,0,0,0,67301,0,0,0,N,0,0,0,2,67301,0,,1,1,,N,N,,0,,0,0,0,0,0,,2100,0,2,0,0,0,0,1,3,4,0,2,3,,N,,,,,,,,,,,
2009033749,129.0,1,0,0,0,0,0,0,0,0,7,0,,67,3,2009,4,39.9325,-75.2002,127.0,6,0,0,0,0,0,0,0,0,2.0,0,0,0,1,3,1,0,,2,39 55:54.840,3.0,0,75 12:00.000,4,0,0,0,67301,0,0,0,Y,0,0,0,1,68K01,1,,2,2,,N,N,,0,,0,0,0,0,0,N,122,1,1,0,0,1,0,0,3,4,0,1,3,,N,,,,,,,,,,,
2009048667,1639.0,1,0,0,0,0,0,0,0,0,8,0,,67,4,2009,5,39.9566,-75.2419,1636.0,6,0,0,0,0,0,1,0,0,,0,0,0,16,1,1,1,,0,39 57:23.616,,0,75 14:30.901,8,0,0,0,67301,1,0,0,N,1,0,0,4,67301,0,,1,1,,N,N,,0,,0,0,0,3,2,,1633,1,2,0,0,0,1,0,3,4,0,1,3,,N,,,,,,,,,,,
2009048875,1655.0,2,0,0,0,0,0,0,0,0,4,0,,67,4,2009,7,40.0071,-75.2137,1640.0,6,0,0,0,0,0,0,0,0,,0,0,0,16,1,1,0,,0,40 00:25.533,,0,75 12:49.485,4,0,0,0,67301,0,0,0,N,0,0,0,5,67301,1,,1,9,,N,N,,0,,0,0,0,3,2,,1612,1,2,0,0,1,0,0,3,4,0,2,3,,N,,,,,,,,,,,
2009038740,2130.0,1,0,0,0,0,0,0,0,0,4,0,,67,2,2009,1,39.9872,-75.1226,2124.0,6,0,0,0,0,0,0,0,0,,0,0,0,21,3,1,0,,0,39 59:13.751,,0,75 07:21.260,8,0,0,0,67301,0,0,0,,0,0,0,2,67301,0,,1,1,,N,N,,0,,0,0,0,0,0,,2120,1,2,0,0,0,1,0,3,4,1,2,3,,N,,,,,,,,,,,
2009124811,2101.0,1,0,0,0,0,0,0,0,0,1,0,,67,11,2009,3,39.9446,-75.1913,2057.0,6,0,0,0,0,0,0,0,0,,0,0,0,20,3,0,6,,0,39 56:43.369,,2,75 11:25.410,9,0,0,0,67301,0,0,0,N,0,0,0,3,68K01,0,,7,1,,N,N,,0,,0,0,0,3,4,,2056,0,2,0,0,0,0,1,3,4,0,2,3,,N,,,,,,,,,,,
2009041023,1455.0,1,0,0,0,0,0,0,0,0,1,0,,67,4,2009,5,40.0796,-75.2004,1452.0,6,0,0,0,0,0,1,0,0,1.0,0,0,0,14,1,0,1,,1,40 04:46.424,1.0,0,75 12:01.564,0,0,0,0,67301,0,0,0,N,0,0,0,2,46108,0,,1,1,,N,N,,0,,0,0,1,3,2,N,1452,0,2,0,0,0,0,0,3,4,0,2,3,,N,,,,,,,,,,,
2009008712,1557.0,2,0,0,0,0,0,0,0,0,1,0,,67,1,2009,6,39.9722,-75.1227,1545.0,6,0,0,0,0,0,0,0,0,1.0,0,0,0,15,1,1,0,,1,39 58:17.548,2.0,0,75 07:25.068,4,0,0,0,67301,0,0,0,N,0,0,0,4,68K01,1,,1,1,,N,N,,0,,0,0,0,0,0,N,1537,1,2,0,0,0,0,0,3,4,0,2,3,,N,,,,,,,,,,,
2009049074,1735.0,0,0,0,0,0,0,0,0,0,2,0,,67,4,2009,5,39.915,-75.2376,1727.0,6,0,0,0,0,0,1,0,0,,0,0,0,17,1,2,1,,0,39 54:53.920,,0,75 14:15.385,8,0,0,0,67301,0,0,0,,0,0,0,3,67301,0,,1,1,,N,N,,0,,0,0,0,9,2,,1727,2,2,0,0,2,2,0,3,4,2,2,3,,N,,,,,,,,,,,
2009026527,2227.0,1,0,0,0,0,0,0,0,0,7,0,,67,2,2009,1,39.9933,-75.1999,2226.0,6,0,0,0,0,0,0,0,0,1.0,0,0,0,22,3,1,0,,2,39 59:38.711,4.0,0,75 11:55.972,4,0,0,0,67301,0,0,0,N,0,0,0,2,68K01,1,,3,1,,N,N,,0,,0,0,0,0,0,N,2223,1,1,0,0,0,0,0,3,4,0,1,3,,N,,,,,,,,,,,
2009044876,1541.0,1,0,0,0,0,0,0,0,0,4,0,,67,3,2009,7,39.9674,-75.1757,1542.0,6,0,0,0,0,0,0,0,0,,0,0,0,15,1,2,0,,0,39 58:02.499,,0,75 10:32.455,8,0,0,1,67301,0,0,0,N,0,0,0,3,67301,0,,1,1,,N,,,0,,0,0,0,0,0,,1540,2,2,0,0,0,2,0,3,4,0,2,3,,N,,,,,,,,,,,
2009105807,1115.0,0,0,0,0,0,0,0,0,0,7,0,,67,9,2009,2,40.0186,-75.1505,1105.0,6,0,0,0,0,0,0,0,0,,0,0,0,9,1,1,0,,0,40 01:07.097,,0,75 09:01.663,8,0,0,0,67301,0,0,0,,0,0,0,1,67301,0,,5,1,,N,N,,0,,0,0,1,0,0,,950,1,1,0,0,0,1,0,3,4,0,1,3,,N,,,,,,,,,,,
2009105847,1410.0,0,0,0,0,0,0,0,0,0,0,0,,67,10,2009,1,40.0369,-75.0798,1410.0,6,0,0,0,0,0,1,0,0,,0,0,0,13,1,1,1,,0,40 02:12.854,,0,75 04:47.301,4,0,0,1,67301,0,0,0,N,0,0,0,1,67301,1,,1,1,,N,N,,0,,0,0,0,3,2,,1345,1,2,0,0,0,0,0,3,4,0,1,3,,N,,,,,,,,,,,
2009105935,1927.0,0,0,0,0,0,0,0,0,0,8,0,,67,9,2009,3,40.0613,-75.1511,1925.0,6,0,0,0,0,0,0,0,0,,0,0,0,19,3,1,1,,0,40 03:40.777,,0,75 09:04.114,8,0,0,0,67301,1,0,0,,1,0,0,3,67301,0,,1,1,,N,N,,0,,0,0,1,0,0,,1923,1,2,0,0,0,1,0,3,4,0,1,3,,N,,,,,,,,,,,
2009105940,1547.0,1,0,0,0,0,0,0,0,0,8,0,,67,9,2009,4,39.9832,-75.1325,1544.0,6,0,0,0,0,0,0,0,0,,0,0,0,15,1,1,0,,0,39 58:59.456,,0,75 07:57.041,4,0,0,0,67301,1,0,0,N,1,0,0,2,67301,1,,1,1,,N,N,,0,,0,0,0,3,2,,1544,1,2,0,0,0,0,0,3,4,0,1,3,,N,,,,,,,,,,,
2009102450,738.0,1,0,0,0,0,0,0,0,0,7,0,,67,10,2009,3,39.899,-75.169,735.0,6,0,0,0,0,0,0,0,0,1.0,0,0,0,7,1,0,0,,2,39 53:57.429,2.0,0,75 09:59.304,0,0,0,0,67301,0,0,0,N,0,0,0,1,68K01,0,,3,1,,N,N,,0,,0,0,0,0,0,N,730,0,1,0,0,0,0,0,3,4,0,1,3,,N,,,,,,,,,,,
2009105574,855.0,2,0,0,0,0,0,0,0,0,4,0,,67,9,2009,2,39.9746,-75.1598,854.0,6,0,0,0,0,0,0,0,0,,0,0,0,8,1,1,1,,0,39 58:28.588,,0,75 09:35.171,2,0,0,0,67301,0,0,0,,0,0,0,5,67301,0,,1,1,,,,,0,,0,1,0,3,3,,854,1,2,0,1,1,0,0,3,4,0,2,99,,N,,,,,,,,,,,
2009100734,1725.0,1,0,0,0,0,0,0,0,0,5,0,,67,9,2009,1,39.953,-75.2478,1723.0,6,0,0,0,0,0,0,0,0,1.0,0,0,0,15,1,1,0,,1,39 57:10.958,6.0,0,75 14:52.216,4,0,0,0,67301,0,0,0,N,0,0,0,2,67301,1,,1,1,,N,N,,0,,0,0,1,0,0,Y,1530,1,2,0,0,0,0,0,3,4,0,2,3,,N,,,,,,,,,,,
2009100748,1107.0,2,0,0,0,0,0,0,0,0,4,0,,67,9,2009,1,40.0293,-75.1065,1105.0,6,0,0,0,0,0,0,1,0,,0,0,0,11,1,0,2,,0,40 01:45.719,,0,75 06:22.862,0,0,0,0,67301,0,0,0,N,0,0,0,2,67301,0,,1,1,,N,N,,0,,0,0,0,3,3,,1103,0,2,0,0,0,0,0,3,4,0,2,3,,N,,,,,,,,,,,
2009100803,1433.0,2,0,0,0,0,0,0,0,0,4,0,,67,8,2009,1,39.9379,-75.1667,1432.0,6,0,0,0,0,0,0,0,0,9.0,0,0,0,14,1,2,5,,2,39 56:16.111,7.0,0,75 10:00.162,8,0,0,0,67301,0,0,0,,0,0,0,2,67301,0,,1,1,,,,,0,,0,0,0,3,2,Y,1425,2,2,0,0,0,2,0,3,4,0,2,3,,N,,,,,,,,,,,
2009107396,1428.0,2,0,0,0,0,0,0,0,0,2,0,,67,9,2009,5,40.0382,-75.0786,1427.0,6,0,0,0,0,0,0,0,0,,0,0,0,14,1,2,1,,0,40 02:17.472,,0,75 04:42.853,8,0,0,0,67301,0,0,0,N,0,0,0,3,67301,0,,1,1,,N,N,,0,,0,0,0,3,3,,1427,2,2,0,0,0,2,0,3,4,0,2,3,,N,,,,,,,,,,,
2009100510,1216.0,2,0,0,0,0,0,0,0,0,4,0,,67,9,2009,4,40.0377,-75.0425,1211.0,6,0,0,0,0,0,0,0,0,,0,0,0,12,1,1,1,,0,40 02:15.589,,0,75 02:33.074,4,0,0,0,67301,0,0,0,N,0,0,0,4,67301,1,,1,9,,N,N,,0,,0,0,0,3,2,,1200,1,2,0,0,0,0,0,3,4,0,2,7,,N,,,,,,,,,,,
2009030581,1630.0,1,0,0,0,0,0,0,0,0,4,0,,67,2,2009,6,40.0114,-75.1068,1626.0,6,0,0,0,0,0,0,0,0,,0,0,0,16,1,3,2,,0,40 00:40.975,,0,75 06:24.314,4,0,0,0,67301,0,0,0,N,0,0,0,4,67301,3,,1,1,,Y,N,,0,,0,0,0,9,3,,1601,3,2,0,0,0,0,0,3,4,1,2,3,,N,,,,,,,,,,,
2009025807,532.0,1,0,0,0,0,0,0,0,0,8,0,,67,1,2009,4,40.0455,-75.0883,530.0,6,0,0,0,0,0,1,0,0,,0,0,0,5,3,1,1,,0,40 02:43.860,,0,75 05:17.937,4,0,0,0,67301,1,0,0,,1,0,0,2,67301,1,,1,9,,,,,0,,0,0,0,3,2,,525,1,2,0,0,0,0,0,3,4,0,1,7,,N,,,,,,,,,,,
2009025862,2033.0,2,0,0,0,0,0,0,0,0,1,0,,67,1,2009,1,40.0115,-75.0698,2029.0,6,0,0,0,0,1,0,0,0,,0,0,0,20,3,1,1,,0,40 00:42.017,,0,75 04:11.475,4,0,0,0,67301,0,0,0,N,0,0,0,3,67301,1,,1,9,,N,N,,0,,0,0,0,9,2,,2025,1,2,0,0,0,0,0,3,4,0,2,10,,N,,,,,,,,,,,
2009027935,1440.0,1,0,0,0,0,0,0,0,0,7,0,,67,1,2009,4,40.0131,-75.2049,1433.0,6,0,0,0,0,0,0,0,0,,0,0,0,14,1,5,0,,0,40 00:44.750,,0,75 12:16.432,8,0,0,0,67301,0,0,0,N,0,0,0,5,67301,0,,2,9,,N,N,,0,,0,0,0,0,0,,1425,5,1,0,0,0,5,0,3,4,0,1,7,,N,,,,,,,,,,,