CRN,ARRIVAL_TM,AUTOMOBILE_COUNT,BELTED_DEATH_COUNT,BELTED_SUSP_SERIOUS_INJ_COUNT,BICYCLE_COUNT,BICYCLE_DEATH_COUNT,BICYCLE_SUSP_SERIOUS_INJ_COUNT,BUS_COUNT,CHLDPAS_DEATH_COUNT,CHLDPAS_SUSP_SERIOUS_INJ_COUNT,COLLISION_TYPE,COMM_VEH_COUNT,CONS_ZONE_SPD_LIM,COUNTY,CRASH_MONTH,CRASH_YEAR,DAY_OF_WEEK,DEC_LAT,DEC_LONG,DISPATCH_TM,DISTRICT,DRIVER_COUNT_16YR,DRIVER_COUNT_17YR,DRIVER_COUNT_18YR,DRIVER_COUNT_19YR,DRIVER_COUNT_20YR,DRIVER_COUNT_50_64YR,DRIVER_COUNT_65_74YR,DRIVER_COUNT_75PLUS,EST_HRS_CLOSED,FATAL_COUNT,HEAVY_TRUCK_COUNT,HORSE_BUGGY_COUNT,HOUR_OF_DAY,ILLUMINATION,INJURY_COUNT,INTERSECT_TYPE,INTERSECTION_RELATED,LANE_CLOSED,LATITUDE,LN_CLOSE_DIR,LOCATION_TYPE,LONGITUDE,MAX_SEVERITY_LEVEL,MCYCLE_DEATH_COUNT,MCYCLE_SUSP_SERIOUS_INJ_COUNT,MOTORCYCLE_COUNT,MUNICIPALITY,NONMOTR_COUNT,NONMOTR_DEATH_COUNT,NONMOTR_SUSP_SERIOUS_INJ_COUNT,NTFY_HIWY_MAINT,PED_COUNT,PED_DEATH_COUNT,PED_SUSP_SERIOUS_INJ_COUNT,PERSON_COUNT,POLICE_AGCY,POSSIBLE_INJ_COUNT,RDWY_SURF_TYPE_CD,RELATION_TO_ROAD,ROAD_CONDITION,ROADWAY_CLEARED,SCH_BUS_IND,SCH_ZONE_IND,SECONDARY_CRASH,SMALL_TRUCK_COUNT,SPEC_JURIS_CD,SUSP_MINOR_INJ_COUNT,SUSP_SERIOUS_INJ_COUNT,SUV_COUNT,TCD_FUNC_CD,TCD_TYPE,TFC_DETOUR_IND,TIME_OF_DAY,TOT_INJ_COUNT,TOTAL_UNITS,UNB_DEATH_COUNT,UNB_SUSP_SERIOUS_INJ_COUNT,UNBELTED_OCC_COUNT,UNK_INJ_DEG_COUNT,UNK_INJ_PER_COUNT,URBAN_AREA,URBAN_RURAL,VAN_COUNT,VEHICLE_COUNT,WEATHER1,WEATHER2,WORK_ZONE_IND,WORK_ZONE_LOC,WORK_ZONE_TYPE,WORKERS_PRES,WZ_CLOSE_DETOUR,WZ_FLAGGER,WZ_LAW_OFFCR_IND,WZ_LN_CLOSURE,WZ_MOVING,WZ_OTHER,WZ_SHLDER_MDN,WZ_WORKERS_INJ_KILLED
2009025453,955.0,2,0,0,0,0,0,0,0,0,4,0,,67,1,2009,1,39.9603,-75.1739,953.0,6,0,0,0,0,0,1,0,0,,0,0,0,9,1,1,2,,0,39 57:37.440,,0,75 10:26.400,3,0,0,0,67301,0,0,0,N,0,0,0,2,67301,0,,1,1,,N,N,,0,,1,0,0,3,2,,953,1,2,0,0,0,0,0,3,4,0,2,3,,N,,,,,,,,,,,
2009025911,35.0,1,0,0,0,0,0,0,0,0,1,0,,67,1,2009,5,39.9911,-75.094,31.0,6,0,0,1,0,0,0,0,0,,0,0,0,0,3,1,0,,0,39 59:28.075,,0,75 05:38.385,4,0,0,0,67301,0,0,0,N,0,0,0,1,67301,1,,1,1,,N,N,,1,,0,0,0,0,0,,29,1,2,0,0,0,0,0,3,4,0,2,3,,N,,,,,,,,,,,
2009038055,2015.0,1,0,0,0,0,0,0,0,0,4,0,,67,3,2009,7,40.0923,-75.0123,2015.0,6,0,0,0,0,0,1,0,0,1.0,0,0,0,20,3,1,0,,1,40 05:32.263,3.0,0,75 00:44.365,8,0,0,0,67301,0,0,0,N,0,0,0,4,67301,0,,1,1,,N,N,,0,,0,0,0,3,2,N,2015,1,2,0,0,1,1,1,3,4,1,2,3,,N,,,,,,,,,,,
2009032910,1053.0,1,0,0,0,0,0,0,0,0,8,0,,67,2,2009,2,39.9314,-75.1616,1051.0,6,0,0,0,0,0,0,0,1,,0,0,0,10,1,1,0,,0,39 55:53.030,,7,75 09:41.681,4,0,0,0,67301,1,0,0,,1,0,0,2,67301,1,,5,1,,,,,0,,0,0,0,0,0,,1021,1,2,0,0,0,0,0,3,4,0,1,3,,N,,,,,,,,,,,
2009032928,815.0,1,0,0,0,0,0,0,0,0,7,0,,67,2,2009,4,40.0336,-75.1557,805.0,6,0,0,0,0,0,0,0,0,,0,0,0,7,1,1,0,,0,40 02:01.127,,0,75 09:20.524,8,0,0,0,67301,0,0,0,N,0,0,0,1,67301,0,,5,6,,N,N,,0,,0,0,0,0,0,,745,1,1,0,0,0,1,0,3,4,0,1,10,,N,,,,,,,,,,,
2009096772,808.0,2,0,0,0,0,0,0,0,0,1,0,,67,9,2009,4,40.0119,-75.2049,808.0,6,0,0,0,0,0,0,0,0,,0,0,0,8,1,1,7,,0,40 00:42.840,,2,75 12:18.000,8,0,0,0,67301,0,0,0,N,0,0,0,2,68K01,0,,1,1,,N,N,,0,,0,0,0,3,3,,805,1,2,0,0,0,1,0,3,4,0,2,3,,N,,,,,,,,,,,
2009125453,840.0,0,0,0,0,0,0,1,0,0,2,2,,67,11,2009,4,39.9609,-75.145,835.0,6,0,0,0,0,0,1,0,0,3.0,0,1,0,8,1,1,1,,2,39 57:39.402,6.0,0,75 08:41.743,4,0,0,0,67301,0,0,0,N,0,0,0,2,67301,1,,1,1,,Y,N,,0,,0,0,0,3,2,Y,835,1,2,0,0,0,0,0,3,4,0,2,3,,N,,,,,,,,,,,
2009109625,224.0,1,0,0,0,0,0,0,0,0,7,0,,67,10,2009,7,39.9582,-75.1643,222.0,6,0,0,0,0,0,0,0,0,1.0,0,0,0,2,3,0,7,,1,39 57:29.062,4.0,2,75 09:48.297,0,0,0,0,67301,0,0,0,Y,0,0,0,1,68K01,0,,4,9,,N,N,,0,,0,0,0,0,0,N,215,0,1,0,0,0,0,0,3,4,0,1,7,,N,,,,,,,,,,,
2009120294,2133.0,1,0,0,0,0,0,0,0,0,7,0,,67,10,2009,7,39.9493,-75.173,2130.0,6,0,0,0,0,0,0,0,0,,0,0,0,21,3,0,2,,0,39 56:57.346,,0,75 10:22.774,0,0,0,0,67301,0,0,0,N,0,0,0,1,67301,0,,5,9,,N,N,,0,,0,0,0,3,2,,2133,0,1,0,0,0,0,0,3,4,0,1,7,,N,,,,,,,,,,,
2009101508,1834.0,3,0,0,0,0,0,0,0,0,1,0,,67,10,2009,5,39.9039,-75.1502,1806.0,6,0,0,0,0,0,1,1,0,2.0,0,0,0,18,1,2,0,,1,39 54:23.040,2.0,0,75 08:58.920,8,0,0,0,67301,0,0,0,N,0,0,0,3,68K01,0,,1,1,,N,N,,0,,0,0,0,0,0,N,1800,2,3,0,0,0,2,0,3,4,0,3,3,,N,,,,,,,,,,,
2009125189,842.0,0,0,0,0,0,0,0,0,0,8,0,,67,11,2009,5,39.9937,-75.1523,834.0,6,0,0,0,0,0,1,0,0,,0,0,0,7,1,1,1,,0,39 59:37.172,,0,75 09:08.597,4,0,0,0,67301,1,0,0,,1,0,0,2,67301,1,,1,9,,,,,0,,0,0,1,3,2,,720,1,2,0,0,0,0,0,3,4,0,1,7,,N,,,,,,,,,,,
2009120261,57.0,0,0,0,0,0,0,0,0,0,7,0,,67,10,2009,5,39.9809,-75.2358,56.0,6,0,0,0,0,0,1,0,0,,0,0,0,0,3,1,0,,0,39 58:51.082,,0,75 14:08.967,4,0,0,0,67301,0,0,0,,0,0,0,1,67301,1,,5,1,,,,,0,,0,0,0,0,0,,54,1,1,0,0,0,0,0,3,4,1,1,3,,N,,,,,,,,,,,
2009120356,1856.0,1,0,0,1,0,0,0,0,0,4,0,,67,11,2009,4,39.9574,-75.1978,1856.0,6,0,0,0,0,0,1,0,0,,0,0,0,18,3,1,2,,0,39 57:26.528,,0,75 11:52.006,4,0,0,0,67301,1,0,0,N,0,0,0,2,67504,1,,1,1,,N,N,,0,,0,0,0,3,3,,1830,1,2,0,0,0,0,0,3,4,0,1,3,,N,,,,,,,,,,,
2009092280,358.0,1,0,0,0,0,0,0,0,0,7,0,,67,1,2009,4,39.98,-75.2051,358.0,6,0,0,0,0,0,0,0,0,,0,0,0,3,3,0,0,,0,39 58:50.630,,0,75 12:22.309,0,0,0,0,67301,0,0,0,N,0,0,0,1,68K01,0,,4,7,,N,N,,0,,0,0,0,0,0,,358,0,1,0,0,0,0,0,3,4,0,1,10,,N,,,,,,,,,,,
2009086952,810.0,1,0,0,0,0,0,0,0,0,5,0,,67,8,2009,4,40.0138,-75.0565,807.0,6,0,0,0,0,0,0,0,0,,0,0,0,8,1,1,0,,0,40 00:50.040,,0,75 03:22.680,4,0,0,1,67301,0,0,0,N,0,0,0,2,68K01,1,,1,1,,N,N,,0,,0,0,0,0,0,,802,1,2,0,0,0,0,0,3,4,0,2,3,,N,,,,,,,,,,,
2009079492,9999.0,1,0,0,0,0,0,0,0,0,1,0,,67,6,2009,6,40.0255,-75.1235,2118.0,6,0,0,0,0,0,0,0,0,1.0,0,0,0,21,2,2,1,,1,40 01:31.669,1.0,0,75 07:24.547,4,0,0,0,67301,0,0,0,N,0,0,0,2,67301,2,,1,1,,N,N,,0,,0,0,1,3,2,Y,2118,2,2,0,0,0,0,0,3,4,0,2,3,,N,,,,,,,,,,,
2009105949,1345.0,1,0,0,0,0,0,0,0,0,4,0,,67,9,2009,4,40.0445,-75.1931,1340.0,6,0,0,0,0,0,0,0,0,,0,0,0,12,1,0,1,,0,40 02:40.301,,0,75 11:35.235,0,0,0,0,67301,0,0,0,N,0,0,0,2,67301,0,,1,1,,N,N,,0,,0,0,1,3,2,,1250,0,2,0,0,0,0,0,3,4,0,2,3,,N,,,,,,,,,,,
2009105978,1520.0,1,0,0,0,0,0,0,0,0,5,0,,67,9,2009,4,39.9306,-75.1732,1500.0,6,0,0,0,0,0,1,0,0,,0,0,0,14,1,0,0,,0,39 55:50.016,,0,75 10:23.692,0,0,0,0,67301,0,0,0,,0,0,0,1,67301,0,,4,1,,N,N,,0,,0,0,1,0,0,,1430,0,2,0,0,0,0,0,3,4,0,2,3,,N,,,,,,,,,,,
2009100669,855.0,2,0,0,0,0,0,0,0,0,2,0,,67,9,2009,4,40.066,-75.1546,850.0,6,0,0,0,0,0,1,0,0,2.0,0,0,0,7,1,1,2,,2,40 03:57.600,7.0,0,75 09:16.718,4,0,0,0,67301,0,0,0,N,0,0,0,2,67301,1,,1,1,,N,N,,0,,0,0,0,2,3,Y,735,1,2,0,0,0,0,0,3,4,0,2,3,,N,,,,,,,,,,,
2009100685,1846.0,1,0,0,0,0,0,0,0,0,5,0,,67,9,2009,7,39.9465,-75.161,1844.0,6,0,0,0,0,0,0,0,0,,0,0,0,18,1,1,1,,0,39 56:47.500,,0,75 09:39.776,3,0,0,0,67301,0,0,0,,0,0,0,3,67301,0,,1,1,,,,,0,,1,0,1,3,2,,1842,1,2,0,0,0,0,0,3,4,0,2,3,,N,,,,,,,,,,,
2009100691,1338.0,1,0,0,0,0,0,0,0,0,1,0,,67,9,2009,3,40.049,-75.1149,1438.0,6,0,0,0,0,0,0,0,0,,0,0,0,13,1,0,0,,0,40 02:56.454,,0,75 06:53.559,0,0,0,0,67301,0,0,0,N,0,0,0,1,67301,0,,2,1,,N,N,,0,,0,0,0,0,0,,1330,0,2,0,0,0,0,0,3,4,1,2,3,,N,,,,,,,,,,,
2009044196,9999.0,0,0,0,0,0,0,0,0,0,8,0,,67,3,2009,6,40.0198,-75.1105,9999.0,6,0,0,0,0,0,0,0,0,,0,0,0,8,1,1,2,,0,40 01:11.456,,0,75 06:37.889,8,0,0,0,67301,1,0,0,,1,0,0,2,67301,0,,1,1,,,,,1,,0,0,0,3,2,,800,1,2,0,0,0,1,0,3,4,0,1,3,,N,,,,,,,,,,,
2009044201,9999.0,1,0,0,0,0,0,0,0,0,7,0,,67,3,2009,4,39.9988,-75.159,9999.0,6,0,0,0,0,0,0,0,0,,0,0,0,99,3,0,2,,0,39 59:55.820,,0,75 09:32.507,9,0,0,0,67301,0,0,0,,0,0,0,1,67301,0,,4,1,,,,,0,,0,0,0,0,0,,9999,0,1,0,0,0,0,1,3,4,0,1,3,,N,,,,,,,,,,,
2009024806,2135.0,0,0,0,0,0,0,0,0,0,7,0,,67,1,2009,4,40.016,-75.1577,2133.0,6,0,0,0,0,0,1,0,0,9.0,1,0,0,21,3,0,0,,2,40 00:57.608,5.0,3,75 09:27.835,1,0,0,0,67301,0,0,0,N,0,0,0,1,67301,0,2.0,3,1,,N,N,,0,0.0,0,0,1,0,0,Y,2131,0,1,0,0,0,0,0,3,4,0,1,3,,N,,,,,,,,,,,
2009007825,1540.0,2,0,0,0,0,0,0,0,0,1,0,,67,1,2009,2,39.9594,-75.174,1535.0,6,0,0,0,0,0,0,0,0,1.0,0,0,0,15,1,0,0,,2,39 57:34.200,4.0,0,75 10:28.200,0,0,0,0,67301,0,0,0,N,0,0,0,2,68K01,0,,1,1,,N,N,,0,,0,0,0,0,0,N,1533,0,2,0,0,0,0,0,3,4,0,2,3,,N,,,,,,,,,,,
2009049380,808.0,2,0,0,0,0,0,0,0,0,4,0,,67,3,2009,6,39.9484,-75.1762,805.0,6,0,0,0,0,0,0,1,0,2.0,0,0,0,8,1,2,1,,2,39 56:54.283,4.0,0,75 10:34.471,4,0,0,0,67301,0,0,0,N,0,0,0,2,67301,1,,1,9,,N,N,,0,,0,0,0,3,2,N,804,2,2,0,0,0,1,0,3,4,0,2,3,,N,,,,,,,,,,,
2009049477,1640.0,1,0,0,0,0,0,0,0,0,8,0,,67,4,2009,5,39.9316,-75.1867,1635.0,6,0,0,0,0,0,0,0,0,,0,0,0,16,1,1,1,,0,39 55:53.713,,0,75 11:11.972,4,0,0,0,67301,1,0,0,,1,0,0,2,67301,1,,1,1,,,,,0,,0,0,0,0,0,,1600,1,2,0,0,0,0,1,3,4,0,1,3,,N,,,,,,,,,,,
2009048756,1101.0,1,0,0,0,0,0,0,0,0,1,0,,67,4,2009,3,39.9992,-75.1668,1100.0,6,0,0,0,0,0,1,0,0,,0,0,0,10,1,2,0,,0,39 59:57.184,,0,75 10:00.454,4,0,0,0,67301,0,0,0,,0,0,0,3,67301,2,,1,1,,,,,0,,0,0,1,0,0,,1058,2,2,0,0,3,0,0,3,4,0,2,3,,N,,,,,,,,,,,
2009124966,1023.0,1,0,0,0,0,0,0,0,0,8,0,,67,11,2009,4,39.9307,-75.1624,1021.0,6,0,0,0,0,0,0,0,0,,0,0,0,10,1,1,0,,0,39 55:50.512,,0,75 09:44.755,8,0,0,0,67301,1,0,0,N,1,0,0,2,67301,0,,1,9,,N,N,,0,,0,0,0,0,0,,1000,1,2,0,0,0,1,0,3,4,0,1,7,,N,,,,,,,,,,,
2009124976,9999.0,1,0,0,0,0,0,0,0,0,8,0,,67,11,2009,6,40.0094,-75.1594,9999.0,6,0,0,0,0,0,0,0,0,,0,0,0,16,1,1,2,,0,40 00:33.890,,0,75 09:33.775,4,0,0,0,67301,1,0,0,,1,0,0,2,67301,1,,1,1,,,,,0,,0,0,0,0,0,,1600,1,2,0,0,0,0,0,3,4,0,1,3,,N,,,,,,,,,,,
2009124979,909.0,1,0,0,0,0,0,0,0,0,4,0,,67,11,2009,2,39.9842,-75.2457,905.0,6,0,0,0,0,0,1,0,0,,0,0,0,6,1,1,1,,0,39 59:03.406,,7,75 14:44.748,4,0,0,0,67301,0,0,0,,0,0,0,2,67301,1,,1,1,,N,N,,0,,0,0,1,3,2,,650,1,2,0,0,0,0,1,3,4,0,2,3,,N,,,,,,,,,,,
2009048892,1226.0,3,0,0,0,0,0,0,0,0,4,0,,67,4,2009,3,39.9224,-75.2436,1220.0,6,0,0,0,0,0,0,0,0,,0,0,0,12,1,3,0,,0,39 55:20.564,,0,75 14:36.895,3,0,0,0,67301,2,0,0,N,1,0,0,6,67301,1,,4,1,,N,N,,0,,1,0,0,0,0,,1219,3,5,0,0,0,1,0,3,4,1,4,3,,N,,,,,,,,,,,
2009038719,1611.0,2,0,0,0,0,0,0,0,0,5,0,,67,2,2009,6,40.1065,-75.03,1608.0,6,0,0,0,0,1,0,0,0,1.0,0,0,0,16,1,2,0,,2,40 06:23.585,1.0,0,75 01:47.814,4,0,0,0,67301,0,0,0,,0,0,0,4,67301,2,,1,1,,N,N,,0,,0,0,0,0,0,Y,1608,2,2,0,0,0,0,0,3,4,0,2,3,,N,,,,,,,,,,,
2009048953,2323.0,1,0,0,0,0,0,0,0,0,4,0,,67,4,2009,4,40.0468,-75.0703,2319.0,6,0,0,0,1,0,0,0,0,1.0,0,0,0,23,3,2,1,,1,40 02:48.424,2.0,0,75 04:13.037,8,0,0,0,67301,0,0,0,,0,0,0,4,67301,0,,1,1,,N,N,,0,,0,0,0,3,2,Y,2311,2,2,0,0,0,2,0,3,4,1,2,3,,N,,,,,,,,,,,
2009122332,1850.0,2,0,0,0,0,0,0,0,0,4,0,,67,10,2009,1,40.0702,-75.0149,1845.0,6,0,0,0,0,0,0,0,0,,0,0,0,18,3,2,0,,0,40 04:12.831,,7,75 00:53.636,3,0,0,0,67301,0,0,0,N,0,0,0,3,67301,1,,1,1,,N,N,,0,,1,0,0,3,3,,1840,2,2,0,0,0,0,0,3,4,0,2,3,,N,,,,,,,,,,,
2009044036,2230.0,1,0,0,0,0,0,0,0,0,1,0,,67,2,2009,5,39.9794,-75.1577,2230.0,6,0,0,0,0,0,0,0,0,1.0,0,0,0,22,3,1,0,,1,39 58:45.665,2.0,0,75 09:27.561,4,0,0,0,67301,0,0,0,N,0,0,0,3,67301,1,,1,1,,N,N,,0,,0,0,2,0,0,N,2230,1,3,0,0,1,0,0,3,4,0,3,3,,N,,,,,,,,,,,
2009048700,1328.0,0,0,0,0,0,0,0,0,0,8,0,,67,3,2009,3,39.964,-75.2244,1324.0,6,0,0,0,0,0,1,0,0,,0,0,0,13,1,1,0,,0,39 57:50.224,,0,75 13:27.764,8,0,0,0,67301,1,0,0,,1,0,0,2,67301,0,,6,1,,N,N,,1,,0,0,0,0,0,,1309,1,2,0,0,0,1,0,3,4,0,1,3,,N,,,,,,,,,,,
2009040303,20.0,1,0,0,0,0,0,0,0,0,1,0,,67,3,2009,1,40.0547,-75.0048,20.0,6,0,0,0,0,0,0,0,0,,0,0,0,0,3,1,1,,0,40 03:17.073,,0,75 00:17.300,8,0,0,0,67301,0,0,0,,0,0,0,5,67301,0,,1,1,,,,,0,,0,0,0,3,2,,19,1,2,0,0,0,1,1,3,4,1,2,3,,N,,,,,,,,,,,
2009040304,151.0,2,0,0,0,0,0,0,0,0,4,0,,67,2,2009,1,40.1261,-75.0144,149.0,6,0,0,0,0,0,0,0,0,,0,0,0,1,3,1,2,,0,40 07:34.070,,0,75 00:52.256,4,0,0,0,67301,0,0,0,,0,0,0,6,67301,1,,1,1,,N,N,,0,,0,0,0,0,0,,145,1,2,0,0,0,0,0,3,4,0,2,3,,N,,,,,,,,,,,
2009026052,1215.0,1,0,0,0,0,0,0,0,0,4,0,,67,1,2009,2,40.0376,-75.138,1214.0,6,0,0,0,0,0,1,0,0,,0,0,0,11,1,1,1,,0,40 02:15.187,,0,75 08:16.754,4,0,0,0,67301,0,0,0,N,0,0,0,4,67301,1,,1,1,,N,N,,0,,0,0,1,3,2,,1140,1,2,0,0,0,0,0,3,4,0,2,3,,N,,,,,,,,,,,
2009026056,1435.0,1,0,0,0,0,0,0,0,0,4,0,,67,1,2009,6,39.9245,-75.1746,1433.0,6,0,0,0,0,0,0,1,0,,0,0,0,14,1,1,1,,0,39 55:28.353,,0,75 10:28.053,8,0,0,0,67301,0,0,0,N,0,0,0,2,67301,0,,1,1,,N,N,,0,,0,0,0,9,2,,1430,1,2,0,0,0,1,0,3,4,1,2,3,,N,,,,,,,,,,,
2009105790,2005.0,1,0,0,0,0,0,0,0,0,4,0,,67,9,2009,1,39.9587,-75.1688,2003.0,6,0,0,1,0,0,0,0,0,,0,0,0,20,4,2,2,,0,39 57:31.990,,0,75 10:07.611,8,0,0,0,67301,0,0,0,N,0,0,0,5,67301,0,,1,1,,N,N,,0,,0,0,0,2,2,,2000,2,2,0,0,0,2,3,3,4,1,2,3,,N,,,,,,,,,,,
2009101040,1638.0,2,0,0,0,0,0,0,0,0,4,0,,67,9,2009,7,39.9043,-75.2388,1638.0,6,0,0,0,0,0,0,0,0,,0,0,0,16,1,2,0,,0,39 54:15.631,,7,75 14:19.553,3,0,0,0,67301,0,0,0,N,0,0,0,3,67301,0,,1,1,,N,N,,0,,2,0,1,3,2,,1610,2,3,0,0,0,0,0,3,4,0,3,3,,N,,,,,,,,,,,
2009101044,1920.0,1,0,0,0,0,0,0,0,0,1,0,,67,9,2009,7,40.0205,-75.1556,1916.0,6,0,0,0,0,0,0,0,0,,0,0,0,2,3,1,0,,0,40 01:13.874,,0,75 09:20.314,4,0,0,0,67301,0,0,0,,0,0,0,3,67301,1,,1,1,,,,,1,,0,0,0,0,0,,230,1,2,0,0,0,0,0,3,4,0,2,3,,N,,,,,,,,,,,
2009099992,827.0,1,0,0,0,0,0,0,0,0,7,0,,67,9,2009,5,,,825.0,6,0,0,0,0,0,0,0,0,,0,0,0,8,1,0,0,,0,,,0,,0,0,0,0,67301,0,0,0,N,0,0,0,1,67301,0,,1,9,,,,,0,,0,0,0,0,0,,823,0,1,0,0,1,0,0,3,3,0,1,7,,N,,,,,,,,,,,
2009095287,1838.0,2,0,0,0,0,0,0,0,0,1,0,,67,9,2009,2,39.9668,-75.1343,1833.0,6,0,0,0,0,0,1,0,0,,0,0,0,18,1,0,0,,0,39 58:00.518,,0,75 08:02.986,0,0,0,0,67301,0,0,0,N,0,0,0,2,68K01,0,,1,1,,N,N,,0,,0,0,0,0,0,,1826,0,2,0,0,0,0,0,3,4,0,2,3,,N,,,,,,,,,,,
2009025643,1555.0,2,0,0,0,0,0,0,0,0,4,0,,67,1,2009,3,40.1036,-75.0003,1544.0,6,0,1,0,0,0,1,0,0,,0,0,0,15,1,3,0,,0,40 06:12.967,,0,75 00:01.065,3,0,0,0,67301,0,0,0,N,0,0,0,3,67301,1,,1,1,,N,N,,0,,2,0,0,9,3,,1535,3,2,0,0,0,0,0,3,4,0,2,3,,N,,,,,,,,,,,
2009025442,2345.0,1,0,0,0,0,0,0,0,0,5,0,,67,1,2009,5,40.0245,-75.0341,2340.0,6,0,0,0,0,0,1,0,0,,0,0,0,22,3,4,0,,0,40 01:28.379,,0,75 02:02.736,8,0,0,0,67301,4,0,0,N,0,0,0,5,67301,0,,6,1,,N,N,,0,,0,0,1,0,0,,2235,4,2,0,0,0,4,0,3,4,0,2,3,,N,,,,,,,,,,,
2009025791,1012.0,2,0,0,0,0,0,0,0,0,2,0,,67,1,2009,7,40.0856,-75.0394,1010.0,6,0,0,0,0,0,1,0,1,,0,0,0,99,1,1,2,,0,40 05:08.160,,7,75 02:21.840,8,0,0,0,67301,0,0,0,N,0,0,0,4,67301,0,,1,1,,N,N,,0,,0,0,0,3,3,,9999,1,2,0,0,0,1,0,3,4,0,2,3,,N,,,,,,,,,,,
2009015522,422.0,1,0,0,0,0,0,0,0,0,1,0,,67,1,2009,1,39.9285,-75.1965,422.0,6,0,0,0,0,0,0,0,0,2.0,0,0,0,4,3,0,0,,2,39 55:39.297,3.0,0,75 11:44.581,0,0,0,0,67301,0,0,0,N,0,0,0,2,68K01,0,,1,1,,N,N,,0,,0,0,1,0,0,Y,419,0,2,0,0,0,0,0,3,4,0,2,3,,N,,,,,,,,,,,
2009030172,334.0,1,0,0,0,0,0,0,0,0,7,0,,67,1,2009,6,40.1175,-75.0066,334.0,6,0,0,0,0,0,0,0,0,1.0,0,0,0,3,3,0,0,,1,40 07:03.162,6.0,0,75 00:23.860,0,0,0,0,67301,0,0,0,N,0,0,0,1,67301,0,,2,1,,N,N,,0,,0,0,0,0,0,Y,330,0,1,0,0,0,0,0,3,4,0,1,3,,N,,,,,,,,,,,
2009030404,1610.0,1,0,0,0,0,0,0,0,0,1,0,,67,2,2009,5,39.9225,-75.1649,1605.0,6,0,0,0,0,0,0,0,0,,0,0,0,99,1,2,0,,0,39 55:20.920,,0,75 09:53.607,4,0,0,0,67301,0,0,0,,0,0,0,4,67301,2,,1,2,,N,N,,0,,0,0,0,0,0,,9999,2,2,0,0,0,0,2,3,4,1,2,3,,N,,,,,,,,,,,
2009025450,1724.0,4,0,0,0,0,0,0,0,0,5,0,,67,1,2009,4,40.0336,-75.0401,1718.0,6,0,0,0,1,0,0,0,0,,0,0,0,17,1,1,0,,0,40 02:00.963,,0,75 02:24.507,4,0,0,0,67301,0,0,0,N,0,0,0,2,67301,1,,1,1,,N,N,,0,,0,0,0,0,0,,1717,1,4,0,0,2,0,0,3,4,0,4,3,,N,,,,,,,,,,,
2009030777,1450.0,1,0,0,0,0,0,0,0,0,8,0,,67,1,2009,3,39.953,-75.1685,1444.0,6,0,0,0,1,0,0,0,0,,0,0,0,14,1,1,2,,0,39 57:10.754,,0,75 10:06.506,4,0,0,0,67301,1,0,0,N,1,0,0,3,67301,1,,1,9,,N,N,,0,,0,0,0,3,2,,1440,1,2,0,0,2,0,0,3,4,0,1,7,,N,,,,,,,,,,,
2009018111,738.0,1,0,0,0,0,0,0,0,0,7,0,,67,1,2009,4,39.8891,-75.2022,733.0,6,0,0,0,0,1,0,0,0,1.0,0,0,0,7,1,0,0,,1,39 53:24.139,2.0,3,75 12:03.108,0,0,0,0,67301,0,0,0,N,0,0,0,1,68K01,0,,2,2,,N,N,,0,,0,0,0,0,0,N,729,0,1,0,0,0,0,0,3,4,0,1,10,,N,,,,,,,,,,,
2009038046,1640.0,1,0,0,0,0,0,0,0,0,8,0,,67,3,2009,1,40.0543,-75.0859,1628.0,6,0,0,0,0,0,0,0,0,,0,0,0,15,1,1,2,,0,40 03:15.655,,0,75 05:09.259,4,0,0,0,67301,1,0,0,N,1,0,0,2,67301,1,,1,1,,N,N,,0,,0,0,0,0,0,,1518,1,2,0,0,0,0,1,3,4,0,1,3,,N,,,,,,,,,,,
2009055357,1547.0,1,0,0,0,0,0,0,0,0,0,1,,67,5,2009,5,40.0127,-75.0589,1530.0,6,0,0,0,1,0,0,0,0,,0,1,0,15,1,2,0,,0,40 00:45.720,,0,75 03:32.400,4,0,0,0,67301,0,0,0,N,0,0,0,3,68K01,2,,1,9,,N,N,,0,,0,0,0,0,0,,1521,2,2,0,0,0,0,0,3,4,0,2,7,,N,,,,,,,,,,,
2009105714,835.0,2,0,0,0,0,0,0,0,0,1,0,,67,9,2009,5,40.0322,-75.1998,827.0,6,0,0,0,0,0,0,0,0,,0,0,0,8,1,2,0,,0,40 01:55.016,,3,75 12:00.017,8,0,0,0,67301,0,0,0,,0,0,0,3,67301,0,,1,1,,N,N,,0,,0,0,0,0,0,,818,2,2,0,0,0,2,0,3,4,0,2,3,,N,,,,,,,,,,,
2009044187,1252.0,2,0,0,0,0,0,0,0,0,1,0,,67,3,2009,5,39.9396,-75.1982,1247.0,6,0,0,0,0,0,0,0,0,,0,0,0,12,1,2,1,,0,39 56:22.681,,0,75 11:53.378,4,0,0,0,67301,0,0,0,,0,0,0,3,67301,2,,1,1,,,,,0,,0,0,0,9,2,,1240,2,2,0,0,3,0,0,3,4,0,2,3,,N,,,,,,,,,,,
2009044256,1640.0,1,0,0,0,0,0,0,0,0,7,0,,67,2,2009,2,40.0325,-75.2323,1629.0,6,0,0,0,0,0,0,0,0,,0,0,0,15,1,1,0,,0,40 01:56.931,,0,75 13:56.334,3,0,0,0,67301,0,0,0,,0,0,0,1,67301,0,,2,2,,,,,0,,1,0,0,0,0,,1530,1,1,0,0,0,0,0,3,4,0,1,3,,N,,,,,,,,,,,