CRN,ARRIVAL_TM,AUTOMOBILE_COUNT,BELTED_DEATH_COUNT,BELTED_SUSP_SERIOUS_INJ_COUNT,BICYCLE_COUNT,BICYCLE_DEATH_COUNT,BICYCLE_SUSP_SERIOUS_INJ_COUNT,BUS_COUNT,CHLDPAS_DEATH_COUNT,CHLDPAS_SUSP_SERIOUS_INJ_COUNT,COLLISION_TYPE,COMM_VEH_COUNT,CONS_ZONE_SPD_LIM,COUNTY,CRASH_MONTH,CRASH_YEAR,DAY_OF_WEEK,DEC_LAT,DEC_LONG,DISPATCH_TM,DISTRICT,DRIVER_COUNT_16YR,DRIVER_COUNT_17YR,DRIVER_COUNT_18YR,DRIVER_COUNT_19YR,DRIVER_COUNT_20YR,DRIVER_COUNT_50_64YR,DRIVER_COUNT_65_74YR,DRIVER_COUNT_75PLUS,EST_HRS_CLOSED,FATAL_COUNT,HEAVY_TRUCK_COUNT,HORSE_BUGGY_COUNT,HOUR_OF_DAY,ILLUMINATION,INJURY_COUNT,INTERSECT_TYPE,INTERSECTION_RELATED,LANE_CLOSED,LATITUDE,LN_CLOSE_DIR,LOCATION_TYPE,LONGITUDE,MAX_SEVERITY_LEVEL,MCYCLE_DEATH_COUNT,MCYCLE_SUSP_SERIOUS_INJ_COUNT,MOTORCYCLE_COUNT,MUNICIPALITY,NONMOTR_COUNT,NONMOTR_DEATH_COUNT,NONMOTR_SUSP_SERIOUS_INJ_COUNT,NTFY_HIWY_MAINT,PED_COUNT,PED_DEATH_COUNT,PED_SUSP_SERIOUS_INJ_COUNT,PERSON_COUNT,POLICE_AGCY,POSSIBLE_INJ_COUNT,RDWY_SURF_TYPE_CD,RELATION_TO_ROAD,ROAD_CONDITION,ROADWAY_CLEARED,SCH_BUS_IND,SCH_ZONE_IND,SECONDARY_CRASH,SMALL_TRUCK_COUNT,SPEC_JURIS_CD,SUSP_MINOR_INJ_COUNT,SUSP_SERIOUS_INJ_COUNT,SUV_COUNT,TCD_FUNC_CD,TCD_TYPE,TFC_DETOUR_IND,TIME_OF_DAY,TOT_INJ_COUNT,TOTAL_UNITS,UNB_DEATH_COUNT,UNB_SUSP_SERIOUS_INJ_COUNT,UNBELTED_OCC_COUNT,UNK_INJ_DEG_COUNT,UNK_INJ_PER_COUNT,URBAN_AREA,URBAN_RURAL,VAN_COUNT,VEHICLE_COUNT,WEATHER1,WEATHER2,WORK_ZONE_IND,WORK_ZONE_LOC,WORK_ZONE_TYPE,WORKERS_PRES,WZ_CLOSE_DETOUR,WZ_FLAGGER,WZ_LAW_OFFCR_IND,WZ_LN_CLOSURE,WZ_MOVING,WZ_OTHER,WZ_SHLDER_MDN,WZ_WORKERS_INJ_KILLED
2009106484,850.0,1,0,0,0,0,0,0,0,0,8,0,,67,8,2009,3,39.9599,-75.2248,822.0,6,0,0,0,0,0,0,0,0,,0,0,0,8,1,1,0,,0,39 57:35.772,,0,75 13:29.412,8,0,0,0,67301,1,0,0,N,1,0,0,2,67301,0,,1,1,,N,N,,0,,0,0,0,3,2,,820,1,2,0,0,0,1,0,3,4,0,1,3,,N,,,,,,,,,,,
2009026117,1925.0,1,0,0,0,0,0,0,0,0,4,0,,67,1,2009,3,39.904,-75.2401,1925.0,6,0,0,0,0,0,0,0,0,,0,0,0,17,3,4,1,,0,39 54:14.564,,0,75 14:24.410,4,0,0,0,67301,0,0,0,,0,0,0,6,67301,4,,1,9,,,,,0,,0,0,1,2,2,,1745,4,2,0,0,0,0,2,3,4,0,2,7,,N,,,,,,,,,,,
2009026125,204.0,2,0,0,0,0,0,0,0,0,5,0,,67,1,2009,1,40.0078,-75.1581,200.0,6,0,0,0,0,0,0,0,0,,0,0,0,1,3,0,0,,0,40 00:28.004,,99,75 09:29.212,0,0,0,0,67301,0,0,0,N,0,0,0,1,67301,0,,4,1,,N,N,,0,,0,0,0,0,0,,158,0,2,0,0,0,0,0,3,4,0,2,3,,N,,,,,,,,,,,
2009120435,930.0,2,0,0,0,0,0,0,0,0,1,0,,67,11,2009,4,40.0618,-75.0561,920.0,6,0,0,0,0,0,0,0,0,,0,0,0,9,1,1,1,,0,40 03:42.317,,0,75 03:21.839,8,0,0,0,67301,0,0,0,N,0,0,0,2,67301,0,,1,1,,N,N,,0,,0,0,0,3,2,,910,1,2,0,0,0,1,0,3,4,0,2,3,,N,,,,,,,,,,,
2009048761,1439.0,2,0,0,0,0,0,0,0,0,1,0,,67,3,2009,1,39.9743,-75.2264,1438.0,6,0,0,0,0,0,1,1,0,,0,0,0,14,1,1,1,,0,39 58:27.360,,0,75 13:34.908,4,0,0,0,67301,0,0,0,N,0,0,0,2,67301,1,,1,1,,N,N,,0,,0,0,0,3,2,,1437,1,2,0,0,0,0,0,3,4,0,2,3,,N,,,,,,,,,,,
2009048783,1515.0,1,0,0,0,0,0,0,0,0,8,0,,67,3,2009,4,40.0355,-75.1472,1507.0,6,0,0,0,0,0,1,0,0,,0,0,0,14,1,1,2,,0,40 02:07.720,,0,75 08:49.873,4,0,0,0,67301,1,0,0,,1,0,0,2,67301,1,,1,1,,,,,0,,0,0,0,0,0,,1428,1,2,0,0,0,0,0,3,4,0,1,3,,N,,,,,,,,,,,
2009048851,212.0,3,0,0,0,0,0,0,0,0,6,0,,67,3,2009,7,40.0808,-75.0286,212.0,6,0,0,0,1,0,0,0,0,,0,0,0,2,3,2,1,,0,40 04:50.725,,0,75 01:42.964,8,0,0,0,67301,0,0,0,N,0,0,0,4,67301,0,,1,9,,N,N,,0,,0,0,0,3,2,,212,2,3,0,0,0,2,0,3,4,0,3,7,,N,,,,,,,,,,,
2009124895,9999.0,2,0,0,0,0,0,0,0,0,5,0,,67,11,2009,4,39.9237,-75.1641,1407.0,6,0,0,0,0,0,1,0,0,,0,0,0,99,1,2,0,,0,39 55:23.885,,0,75 09:40.804,8,0,0,0,67301,0,0,0,N,0,0,0,4,67301,0,,1,1,,N,N,,0,,0,0,0,0,0,,9999,2,2,0,0,0,2,0,3,4,0,2,3,,N,,,,,,,,,,,
2009033751,1551.0,0,0,0,0,0,0,0,0,0,0,0,,67,3,2009,7,39.8904,-75.2003,1541.0,6,0,0,0,0,0,1,0,0,1.0,0,0,0,15,1,1,0,,1,39 53:52.777,1.0,3,75 11:01.973,3,0,0,1,67301,0,0,0,N,0,0,0,1,68K02,0,,1,1,,N,N,,0,,1,0,0,0,0,N,1536,1,1,0,0,0,0,0,3,4,0,1,3,,N,,,,,,,,,,,
2009125057,456.0,2,0,0,0,0,0,0,0,0,1,0,,67,11,2009,1,40.0627,-75.177,450.0,6,0,0,0,0,0,0,0,0,,0,0,0,4,3,1,0,,0,40 03:45.741,,0,75 10:37.117,8,0,0,0,67301,0,0,0,N,0,0,0,2,67301,0,,6,1,,N,N,,0,,0,0,1,0,0,,445,1,3,0,0,2,1,0,3,4,0,3,3,,N,,,,,,,,,,,
2009048586,9999.0,0,0,0,0,0,0,0,0,0,8,0,,67,4,2009,7,39.9874,-75.1725,9999.0,6,0,0,0,0,0,0,0,0,,0,0,0,99,3,1,0,,0,39 59:14.625,,0,75 10:21.136,8,0,0,0,67301,1,0,0,N,1,0,0,2,67301,0,,1,1,,N,N,,0,,0,0,1,0,0,,9999,1,2,0,0,0,1,0,3,4,0,1,3,,N,,,,,,,,,,,
2009038961,1644.0,0,0,0,0,0,0,0,0,0,8,0,,67,2,2009,5,39.9255,-75.2344,1643.0,6,0,0,0,0,0,0,0,0,2.0,0,0,0,16,1,1,0,,2,39 55:31.947,6.0,0,75 14:03.688,4,0,0,0,67301,1,0,0,,1,0,0,2,67301,1,,1,1,,N,N,,0,,0,0,1,0,0,Y,1639,1,2,0,0,0,0,0,3,4,0,1,3,,N,,,,,,,,,,,
2009120240,1815.0,2,0,0,0,0,0,0,0,0,6,0,,67,10,2009,7,39.9613,-75.175,1805.0,6,0,0,0,0,0,1,0,0,1.0,0,0,0,18,3,0,0,,1,39 57:41.424,4.0,0,75 10:31.161,0,0,0,0,67301,0,0,0,N,0,0,0,2,67301,0,,1,9,,N,N,,0,,0,0,0,0,0,N,1800,0,2,0,0,0,0,0,3,4,0,2,7,,N,,,,,,,,,,,
2009125079,1005.0,2,0,0,0,0,0,0,0,0,6,0,,67,11,2009,4,40.0352,-75.1886,959.0,6,0,0,0,0,0,0,0,0,,0,0,0,9,1,1,0,,0,40 02:06.788,,0,75 11:18.884,8,0,0,0,67301,0,0,0,N,0,0,0,2,67301,0,,1,9,,N,N,,0,,0,0,0,0,0,,957,1,2,0,0,0,1,0,3,4,0,2,7,,N,,,,,,,,,,,
2009048861,1520.0,1,0,0,0,0,0,0,0,0,4,0,,67,4,2009,2,39.9764,-75.1228,1520.0,6,0,0,0,0,0,1,0,0,,0,0,0,15,1,1,1,,0,39 58:35.072,,0,75 07:22.144,3,0,0,0,67301,0,0,0,N,0,0,0,2,67301,0,,1,9,,N,N,,1,,1,0,0,3,3,,1515,1,2,0,0,0,0,0,3,4,0,2,7,,N,,,,,,,,,,,
2009048868,1215.0,2,0,0,0,0,0,0,0,0,4,0,,67,3,2009,2,39.9741,-75.2424,1210.0,6,0,0,0,0,0,0,0,0,,0,0,0,99,1,1,1,,0,39 58:26.781,,0,75 14:32.708,8,0,0,0,67301,0,0,0,N,0,0,0,2,67301,0,,1,1,,N,N,,0,,0,0,0,3,3,,9999,1,2,0,0,0,1,0,3,4,0,2,3,,N,,,,,,,,,,,
2009048901,1705.0,1,0,0,0,0,0,0,0,0,5,0,,67,3,2009,3,39.9511,-75.1585,1700.0,6,0,0,0,0,0,1,0,0,1.0,0,0,0,17,1,3,1,,1,39 57:03.790,1.0,0,75 09:30.445,4,0,0,0,67301,0,0,0,N,0,0,0,4,67301,3,,1,1,,N,N,,0,,0,0,1,0,0,N,1700,3,2,0,0,0,0,1,3,4,0,2,3,,N,,,,,,,,,,,
2009048988,2112.0,1,0,0,0,0,0,0,0,0,8,0,,67,4,2009,1,39.9933,-75.1864,2110.0,6,0,0,0,0,0,1,0,0,,0,0,0,20,3,0,2,,0,39 59:36.053,,0,75 11:11.148,0,0,0,0,67301,1,0,0,N,1,0,0,2,67301,0,,1,1,,N,N,,0,,0,0,0,0,0,,2045,0,2,0,0,1,0,0,3,4,0,1,3,,N,,,,,,,,,,,
2009044007,2119.0,2,0,0,0,0,0,0,0,0,4,0,,67,3,2009,6,40.0661,-75.063,2117.0,6,0,0,0,0,0,0,0,0,9.0,0,0,0,21,3,1,1,,1,40 03:58.061,1.0,0,75 03:46.964,8,0,0,0,67301,0,0,0,N,0,0,0,2,67301,0,,1,1,,N,N,,0,,0,0,0,3,2,N,2116,1,2,0,0,0,1,0,3,4,0,2,3,,N,,,,,,,,,,,
2009048706,216.0,1,0,0,0,0,0,0,0,0,7,0,,67,3,2009,7,40.1249,-75.0038,213.0,6,0,0,0,0,1,0,0,0,9.0,0,0,0,2,3,0,0,,1,40 07:29.683,3.0,0,75 00:13.630,9,0,0,0,67301,0,0,0,N,0,0,0,2,67301,0,,5,9,,N,N,,0,,0,0,0,0,0,N,210,0,1,0,0,0,0,2,3,4,0,1,7,,N,,,,,,,,,,,
2009017401,543.0,0,0,0,0,0,0,0,0,0,7,0,,67,1,2009,4,39.8803,-75.2476,416.0,6,0,0,0,0,0,0,0,0,1.0,0,0,0,4,2,0,0,,1,39 52:49.017,2.0,0,75 14:51.390,9,0,0,0,67301,0,0,0,N,0,0,0,1,68K01,0,,2,7,,N,N,,0,,0,0,1,0,0,N,400,0,1,0,0,0,0,1,3,4,0,1,10,,N,,,,,,,,,,,
2009007451,143.0,0,0,0,0,0,0,0,0,0,7,0,,67,1,2009,2,39.9642,-75.138,143.0,6,0,0,0,0,0,0,0,0,1.0,0,0,0,1,3,0,0,,1,39 57:48.305,1.0,0,75 08:19.080,0,0,0,0,67301,0,0,0,N,0,0,0,2,68K01,0,,3,1,,N,N,,0,,0,0,1,0,0,N,142,0,1,0,0,0,0,0,3,4,0,1,3,,N,,,,,,,,,,,
2009049130,1125.0,1,0,0,0,0,0,0,0,0,8,0,,67,3,2009,3,40.0981,-75.0155,1115.0,6,0,0,0,0,0,1,0,0,3.0,0,0,0,11,1,1,2,,1,40 05:53.026,3.0,0,75 00:55.879,4,0,0,0,67301,1,0,0,N,1,0,0,2,67301,1,,1,1,,N,N,,0,,0,0,0,3,3,N,1115,1,2,0,0,0,0,0,3,4,0,1,3,,N,,,,,,,,,,,
2009049229,2251.0,1,0,0,1,0,0,0,0,0,4,0,,67,4,2009,3,39.9308,-75.1613,2249.0,6,0,0,0,0,0,0,0,0,,0,0,0,22,3,1,1,,0,39 55:50.923,,0,75 09:40.532,4,0,0,0,67301,1,0,0,,0,0,0,2,67301,1,,1,9,,,,,0,,0,0,0,3,3,,2245,1,2,0,0,1,0,0,3,4,0,1,7,,N,,,,,,,,,,,
2009049288,1708.0,1,0,0,0,0,0,0,0,0,4,0,,67,4,2009,3,40.0058,-75.0964,1705.0,6,0,0,0,0,0,1,0,0,,0,0,0,16,1,2,5,,0,40 00:21.037,,0,75 05:47.139,4,0,0,0,67301,0,0,0,,0,0,0,3,67301,2,,1,1,,N,N,,1,,0,0,0,3,2,,1645,2,2,0,0,0,0,0,3,4,0,2,3,,N,,,,,,,,,,,
2009026055,1600.0,1,0,0,0,0,0,0,0,0,8,0,,67,1,2009,3,39.9864,-75.1679,346.0,6,0,0,0,0,0,0,0,0,,0,0,0,99,1,1,0,,0,39 59:10.932,,0,75 10:04.566,8,0,0,0,67301,1,0,0,,1,0,0,3,67301,0,,1,2,,,,,0,,0,0,0,0,0,,9999,1,2,0,0,0,1,0,3,4,0,1,10,,N,,,,,,,,,,,
2009013171,901.0,1,0,0,0,0,0,0,0,0,1,0,,67,1,2009,5,40.0008,-75.0793,846.0,6,0,0,0,0,0,0,0,0,1.0,0,0,0,8,1,1,0,,1,40 00:03.102,1.0,0,75 04:45.081,3,0,0,0,67301,0,0,0,N,0,0,0,4,68K01,0,,1,1,,N,N,,1,,1,0,0,0,0,N,841,1,2,0,0,0,0,0,3,4,0,2,3,,N,,,,,,,,,,,
2009105855,1830.0,1,0,0,0,0,0,0,0,0,8,0,,67,10,2009,2,40.0247,-75.156,1830.0,6,0,0,0,0,0,0,0,0,,0,0,0,13,1,1,2,,0,40 01:28.956,,0,75 09:21.661,4,0,0,0,67301,1,0,0,N,1,0,0,2,67301,1,,1,98,,N,N,,0,,0,0,0,0,0,,1300,1,2,0,0,0,0,1,3,4,0,1,99,,N,,,,,,,,,,,
2009105882,1607.0,2,0,0,0,0,0,0,0,0,4,0,,67,9,2009,4,39.9989,-75.1323,1605.0,6,0,0,0,1,0,0,0,0,,0,0,0,15,1,1,0,,0,39 59:56.050,,0,75 07:56.251,4,0,0,0,67301,0,0,0,N,0,0,0,3,67301,1,,1,1,,N,N,,0,,0,0,0,0,0,,1530,1,2,0,0,0,0,0,3,4,0,2,3,,N,,,,,,,,,,,
2009110209,2144.0,1,0,0,0,0,0,0,0,0,7,0,,67,10,2009,7,39.9607,-75.1406,2132.0,6,0,0,0,0,0,0,0,0,1.0,0,0,0,21,3,1,0,,1,39 57:37.906,2.0,0,75 08:26.205,4,0,0,0,67301,0,0,0,N,0,0,0,2,68K01,1,,2,8,,N,N,,0,,0,0,0,0,0,N,2129,1,1,0,0,0,0,0,3,4,0,1,7,,N,,,,,,,,,,,
2009105913,1646.0,2,0,0,0,0,0,0,0,0,1,0,,67,10,2009,3,40.1051,-75.0276,1642.0,6,0,0,0,0,0,1,0,0,,0,0,0,16,1,1,2,,0,40 06:18.329,,0,75 01:39.923,4,0,0,0,67301,0,0,0,,0,0,0,5,67301,1,,1,1,,N,N,,0,,0,0,0,9,3,,1641,1,2,0,0,0,0,0,3,4,0,2,3,,N,,,,,,,,,,,
2009100184,800.0,1,0,0,0,0,0,1,0,0,4,1,,67,9,2009,5,39.9267,-75.188,756.0,6,0,0,0,0,1,0,0,0,,0,0,0,7,1,1,0,,0,39 55:36.155,,0,75 11:16.233,4,0,0,0,67301,0,0,0,,0,0,0,10,67301,1,,1,1,,,,,0,,0,0,0,0,0,,756,1,2,0,0,1,0,8,3,4,0,2,3,,N,,,,,,,,,,,
2009100742,2131.0,1,0,0,0,0,0,0,0,0,8,0,,67,9,2009,2,40.0017,-75.1381,2127.0,6,0,0,0,0,0,0,0,0,,0,0,0,21,3,1,0,,0,40 00:06.198,,0,75 08:17.151,3,0,0,0,67301,1,0,0,,1,0,0,2,67301,0,,1,1,,,,,0,,1,0,0,0,0,,2122,1,2,0,0,0,0,1,3,4,0,1,3,,N,,,,,,,,,,,
2009100778,900.0,2,0,0,0,0,0,0,0,0,6,0,,67,9,2009,3,39.9704,-75.149,846.0,6,0,0,0,1,0,0,0,0,,0,0,0,8,1,1,1,,0,39 58:13.902,,0,75 08:56.137,3,0,0,0,67301,0,0,0,N,0,0,0,2,67301,0,,1,1,,N,N,,0,,1,0,0,3,2,,840,1,2,0,0,0,0,0,3,4,0,2,3,,N,,,,,,,,,,,
2009100551,2055.0,0,0,0,0,0,0,0,0,0,4,0,,67,9,2009,7,39.9562,-75.1627,2050.0,6,0,0,0,0,0,0,0,0,,0,0,0,20,3,3,1,,0,39 57:22.420,,0,75 09:45.641,8,0,0,0,67301,0,0,0,,0,0,0,5,67301,0,,1,1,,N,N,,0,,0,0,2,3,2,,2040,3,2,0,0,0,3,0,3,4,0,2,3,,N,,,,,,,,,,,
2009028472,820.0,1,0,0,0,0,0,0,0,0,4,0,,67,1,2009,6,40.0027,-75.125,817.0,6,0,0,0,0,0,0,0,0,,0,0,0,8,1,1,1,,0,40 00:09.723,,0,75 07:30.179,8,0,0,0,67301,0,0,0,Y,0,0,0,5,67301,0,,1,1,,N,N,,0,,0,0,0,3,3,,815,1,2,0,0,0,1,0,3,4,1,2,3,,N,,,,,,,,,,,
2009015525,1154.0,1,0,0,0,0,0,0,0,0,7,0,,67,1,2009,4,39.9592,-75.141,1144.0,6,0,0,0,0,0,0,0,0,,0,0,0,11,1,0,0,,0,39 57:32.304,,0,75 08:27.833,0,0,0,0,67301,0,0,0,N,0,0,0,3,68K01,0,,2,6,,N,N,,0,,0,0,0,0,0,,1142,0,1,0,0,0,0,0,3,4,0,1,7,,N,,,,,,,,,,,
2009029935,246.0,1,0,0,0,0,0,0,0,0,7,0,,67,1,2009,5,39.9575,-75.1468,244.0,6,0,0,0,0,0,0,0,0,1.0,0,0,0,2,3,1,0,,1,39 57:27.353,4.0,0,75 08:51.172,8,0,0,0,67301,0,0,0,N,0,0,0,1,67501,0,,3,1,,N,N,,0,,0,0,0,0,0,N,244,1,1,0,0,0,1,0,3,4,0,1,3,,N,,,,,,,,,,,
2009030187,240.0,0,0,0,0,0,0,0,0,0,4,1,,67,2,2009,3,40.0253,-75.0271,235.0,6,0,0,0,0,0,0,0,0,,0,1,0,2,3,0,2,,0,40 01:31.108,,0,75 01:37.531,0,0,0,0,67301,1,0,0,,0,0,0,2,67301,0,,1,9,,N,N,,0,,0,0,1,0,0,,230,0,2,0,0,0,0,0,3,4,0,2,7,,N,,,,,,,,,,,
2009094385,556.0,2,0,0,0,0,0,0,0,0,5,0,,67,9,2009,5,39.8811,-75.2467,543.0,6,0,0,0,0,0,0,0,0,,0,0,0,5,3,0,0,,0,39 52:51.899,,0,75 14:48.136,0,0,0,0,67301,0,0,0,N,0,0,0,4,68K01,0,,1,9,,N,N,,0,,0,0,0,0,0,,541,0,2,0,0,0,0,0,3,4,0,2,7,,N,,,,,,,,,,,
2009079538,2157.0,1,0,0,1,0,0,0,0,0,5,0,,67,6,2009,7,39.9526,-75.1653,2155.0,6,0,0,0,0,0,1,0,0,,0,0,0,21,3,1,2,,0,39 57:09.365,,0,75 09:55.348,8,0,0,0,67301,1,0,0,,0,0,0,2,67301,0,,1,1,,,,,0,,0,0,0,3,2,,2150,1,2,0,0,0,1,0,3,4,0,1,3,,N,,,,,,,,,,,
2009079889,320.0,1,0,0,0,0,0,0,0,0,7,0,,67,7,2009,1,39.9753,-75.1944,316.0,6,0,0,0,0,1,0,0,0,1.0,0,0,0,3,3,0,0,,1,39 58:34.789,4.0,0,75 11:43.796,0,0,0,0,67301,0,0,0,N,0,0,0,4,68K01,0,,2,1,,N,N,,0,,0,0,0,0,0,N,315,0,1,0,0,1,0,0,3,4,0,1,3,,N,,,,,,,,,,,
2009079911,2233.0,0,0,0,0,0,0,0,0,0,7,0,,67,7,2009,5,40.0259,-75.0274,2228.0,6,0,0,0,0,0,0,0,0,1.0,0,0,0,22,3,0,0,,1,40 01:33.463,1.0,0,75 01:38.625,0,0,0,0,67301,0,0,0,N,0,0,0,1,68K01,0,,2,1,,N,N,,1,,0,0,0,0,0,N,2222,0,1,0,0,0,0,0,3,4,0,1,3,,N,,,,,,,,,,,
2009100652,47.0,0,0,0,0,0,0,0,0,0,4,0,,67,9,2009,5,40.0314,-75.1548,42.0,6,0,0,0,0,0,2,0,0,,0,0,0,0,3,2,1,,0,40 01:53.151,,0,75 09:17.114,3,0,0,0,67301,0,0,0,N,0,0,0,2,67301,0,,1,1,,N,N,,1,,2,0,1,3,2,,30,2,2,0,0,0,0,0,3,4,0,2,3,,N,,,,,,,,,,,
2009100693,1540.0,1,0,0,1,0,0,0,0,0,5,0,,67,9,2009,5,39.9703,-75.1607,1539.0,6,0,0,0,0,0,0,0,0,,0,0,0,15,1,1,0,,0,39 58:13.202,,0,75 09:38.340,4,0,0,0,67301,1,0,0,N,0,0,0,2,67301,1,,1,1,,N,N,,0,,0,0,0,0,0,,1515,1,2,0,0,0,0,1,3,4,0,1,3,,N,,,,,,,,,,,
2009100698,9999.0,1,0,0,0,0,0,0,0,0,1,0,,67,9,2009,1,40.0164,-75.1496,9999.0,6,0,0,0,0,0,0,0,0,,0,0,0,19,3,2,0,,0,40 00:59.008,,0,75 08:58.483,8,0,0,0,67301,0,0,0,,0,0,0,3,67301,0,,1,1,,N,N,,0,,0,0,1,0,0,,1950,2,2,0,0,1,2,0,3,4,0,2,3,,N,,,,,,,,,,,
2009095639,1830.0,2,0,0,0,0,0,0,0,0,1,0,,67,9,2009,4,39.8882,-75.2415,1825.0,6,0,0,0,0,0,0,0,0,,0,0,0,18,1,1,0,,0,39 53:15.720,,0,75 14:30.840,4,0,0,0,67301,0,0,0,N,0,0,0,3,68K01,1,,1,1,,N,N,,0,,0,0,1,0,0,,1823,1,3,0,0,0,0,0,3,4,0,3,3,,N,,,,,,,,,,,
2009100127,503.0,1,0,0,0,0,0,0,0,0,7,0,,67,9,2009,5,39.9215,-75.1906,500.0,6,0,0,0,0,0,0,0,0,2.0,0,0,0,5,3,1,0,,2,39 55:17.330,3.0,1,75 11:26.139,4,0,0,0,67301,0,0,0,,0,0,0,1,67301,1,,2,9,,N,N,,0,,0,0,0,0,0,Y,500,1,1,0,0,0,0,0,3,4,0,1,7,,N,,,,,,,,,,,
2009044242,9999.0,1,0,0,0,0,0,0,0,0,2,0,,67,3,2009,1,40.0456,-75.1285,630.0,6,0,0,0,0,0,0,0,0,,0,0,0,15,1,4,1,,0,40 02:44.262,,0,75 07:42.522,3,0,0,0,67301,0,0,0,N,0,0,0,5,67301,0,,1,1,,N,N,,0,,4,0,0,3,2,,1500,4,2,0,0,0,0,1,3,4,0,2,3,,N,,,,,,,,,,,
2009044285,2144.0,0,0,0,0,0,0,0,0,0,8,0,,67,3,2009,6,39.9337,-75.1589,2143.0,6,0,0,0,0,0,0,0,0,,0,0,0,21,3,1,0,,0,39 56:01.174,,0,75 09:31.994,8,0,0,0,67301,1,0,0,N,1,0,0,2,67301,0,,6,1,,N,N,,0,,0,0,1,0,0,,2142,1,2,0,0,0,1,0,3,4,0,1,3,,N,,,,,,,,,,,
2009049528,310.0,3,0,0,0,0,0,0,0,0,5,0,,67,3,2009,1,39.9878,-75.253,301.0,6,0,0,0,0,0,0,0,0,,0,0,0,99,3,0,0,,0,39 59:16.121,,0,75 15:10.679,0,0,0,0,67301,0,0,0,N,0,0,0,1,67301,0,,5,1,,N,N,,0,,0,0,0,0,0,,9999,0,3,0,0,0,0,0,3,4,0,3,3,,N,,,,,,,,,,,
2009049396,1225.0,2,0,0,0,0,0,0,0,0,2,0,,67,4,2009,3,40.0159,-75.187,1222.0,6,0,0,0,0,0,1,1,0,,0,0,0,12,1,1,1,,0,40 00:56.910,,0,75 11:13.470,8,0,0,0,67301,0,0,0,N,0,0,0,2,67301,0,,1,9,,N,N,,0,,0,0,0,3,2,,1202,1,2,0,0,0,1,0,3,4,0,2,7,,N,,,,,,,,,,,
2009026123,719.0,1,0,0,0,0,0,0,0,0,7,0,,67,1,2009,1,40.0348,-75.1175,119.0,6,1,0,0,0,0,0,0,0,1.0,0,0,0,1,3,1,2,,1,40 02:05.217,6.0,0,75 07:03.112,4,0,0,0,67301,0,0,0,N,0,0,0,1,67301,1,,5,7,,N,N,,0,,0,0,0,2,2,Y,115,1,1,0,0,0,0,0,3,4,0,1,10,,N,,,,,,,,,,,
2009120445,1147.0,0,0,0,1,0,0,0,0,0,0,1,,67,10,2009,4,39.9302,-75.1657,1140.0,6,0,0,0,0,0,1,0,0,,0,1,0,11,1,1,0,,0,39 55:48.547,,0,75 09:56.494,8,0,0,0,67301,1,0,0,N,0,0,0,2,67301,0,,1,2,,N,N,,0,,0,0,0,0,0,,1139,1,2,0,0,0,1,0,3,4,0,1,7,,N,,,,,,,,,,,
2009048762,1608.0,1,0,0,0,0,0,0,0,0,4,0,,67,4,2009,1,39.9674,-75.2457,1602.0,6,0,0,0,0,0,0,0,0,9.0,0,0,0,15,1,0,1,,1,39 58:02.424,3.0,7,75 14:44.666,0,0,0,0,67301,0,0,0,N,0,0,0,3,67301,0,,1,1,,N,N,,1,,0,0,0,3,2,N,1553,0,2,0,0,0,0,0,3,4,0,2,3,,N,,,,,,,,,,,
2009048847,145.0,2,0,0,0,0,0,0,0,0,5,0,,67,4,2009,1,40.0402,-75.0432,138.0,6,0,0,0,0,0,0,0,0,,0,0,0,1,3,0,0,,0,40 02:24.835,,0,75 02:35.530,0,0,0,0,67301,0,0,0,,0,0,0,1,67301,0,,6,1,,,,,0,,0,0,1,0,0,,130,0,3,0,0,0,0,0,3,4,0,3,3,,N,,,,,,,,,,,
2009124878,125.0,1,0,0,0,0,0,0,0,0,7,0,,67,11,2009,1,40.0176,-75.1501,121.0,6,0,0,0,0,1,0,0,0,,0,0,0,1,3,0,0,,0,40 01:03.314,,0,75 09:00.454,0,0,0,0,67301,0,0,0,N,0,0,0,1,67301,0,,5,1,,N,N,,0,,0,0,0,0,0,,105,0,1,0,0,0,0,0,3,4,0,1,3,,N,,,,,,,,,,,
2009124989,2102.0,1,0,0,0,0,0,0,0,0,1,0,,67,11,2009,6,39.904,-75.2401,9999.0,6,0,0,0,0,0,0,0,0,,0,0,0,19,3,1,1,,0,39 54:14.563,,0,75 14:24.409,4,0,0,0,67301,0,0,0,N,0,0,0,3,67301,1,,1,1,,N,N,,0,,0,0,1,3,2,,1915,1,2,0,0,0,0,0,3,4,0,2,3,,N,,,,,,,,,,,
2009125065,1605.0,2,0,0,0,0,0,0,0,0,6,0,,67,11,2009,6,39.9804,-75.1268,1600.0,6,0,0,0,0,0,1,1,0,,0,0,0,14,1,1,1,,0,39 58:49.566,,0,75 07:36.357,4,0,0,0,67301,0,0,0,N,0,0,0,2,67301,1,,1,1,,N,N,,0,,0,0,0,3,3,,1400,1,2,0,0,0,0,0,3,4,0,2,3,,N,,,,,,,,,,,
2009045937,2148.0,1,0,0,0,0,0,0,0,0,1,0,,67,4,2009,4,39.9931,-75.2005,2139.0,6,0,0,0,1,0,0,0,0,,0,0,0,21,3,3,0,,0,39 59:37.809,,0,75 11:57.959,8,0,0,0,67301,0,0,0,N,0,0,0,3,68K01,0,,1,1,,N,N,,0,,0,0,0,0,0,,2136,3,2,0,0,0,3,0,3,4,1,2,3,,N,,,,,,,,,,,