CRN,ARRIVAL_TM,AUTOMOBILE_COUNT,BELTED_DEATH_COUNT,BELTED_SUSP_SERIOUS_INJ_COUNT,BICYCLE_COUNT,BICYCLE_DEATH_COUNT,BICYCLE_SUSP_SERIOUS_INJ_COUNT,BUS_COUNT,CHLDPAS_DEATH_COUNT,CHLDPAS_SUSP_SERIOUS_INJ_COUNT,COLLISION_TYPE,COMM_VEH_COUNT,CONS_ZONE_SPD_LIM,COUNTY,CRASH_MONTH,CRASH_YEAR,DAY_OF_WEEK,DEC_LAT,DEC_LONG,DISPATCH_TM,DISTRICT,DRIVER_COUNT_16YR,DRIVER_COUNT_17YR,DRIVER_COUNT_18YR,DRIVER_COUNT_19YR,DRIVER_COUNT_20YR,DRIVER_COUNT_50_64YR,DRIVER_COUNT_65_74YR,DRIVER_COUNT_75PLUS,EST_HRS_CLOSED,FATAL_COUNT,HEAVY_TRUCK_COUNT,HORSE_BUGGY_COUNT,HOUR_OF_DAY,ILLUMINATION,INJURY_COUNT,INTERSECT_TYPE,INTERSECTION_RELATED,LANE_CLOSED,LATITUDE,LN_CLOSE_DIR,LOCATION_TYPE,LONGITUDE,MAX_SEVERITY_LEVEL,MCYCLE_DEATH_COUNT,MCYCLE_SUSP_SERIOUS_INJ_COUNT,MOTORCYCLE_COUNT,MUNICIPALITY,NONMOTR_COUNT,NONMOTR_DEATH_COUNT,NONMOTR_SUSP_SERIOUS_INJ_COUNT,NTFY_HIWY_MAINT,PED_COUNT,PED_DEATH_COUNT,PED_SUSP_SERIOUS_INJ_COUNT,PERSON_COUNT,POLICE_AGCY,POSSIBLE_INJ_COUNT,RDWY_SURF_TYPE_CD,RELATION_TO_ROAD,ROAD_CONDITION,ROADWAY_CLEARED,SCH_BUS_IND,SCH_ZONE_IND,SECONDARY_CRASH,SMALL_TRUCK_COUNT,SPEC_JURIS_CD,SUSP_MINOR_INJ_COUNT,SUSP_SERIOUS_INJ_COUNT,SUV_COUNT,TCD_FUNC_CD,TCD_TYPE,TFC_DETOUR_IND,TIME_OF_DAY,TOT_INJ_COUNT,TOTAL_UNITS,UNB_DEATH_COUNT,UNB_SUSP_SERIOUS_INJ_COUNT,UNBELTED_OCC_COUNT,UNK_INJ_DEG_COUNT,UNK_INJ_PER_COUNT,URBAN_AREA,URBAN_RURAL,VAN_COUNT,VEHICLE_COUNT,WEATHER1,WEATHER2,WORK_ZONE_IND,WORK_ZONE_LOC,WORK_ZONE_TYPE,WORKERS_PRES,WZ_CLOSE_DETOUR,WZ_FLAGGER,WZ_LAW_OFFCR_IND,WZ_LN_CLOSURE,WZ_MOVING,WZ_OTHER,WZ_SHLDER_MDN,WZ_WORKERS_INJ_KILLED
2009048879,1610.0,1,0,0,0,0,0,0,0,0,8,0,,67,4,2009,3,40.0702,-75.0313,1606.0,6,0,0,0,0,0,0,0,1,,0,0,0,15,1,1,2,,0,40 04:12.720,,0,75 01:52.680,4,0,0,0,67301,1,0,0,N,1,0,0,2,67301,1,,1,1,,N,N,,0,,0,0,0,3,2,,1515,1,2,0,0,0,0,0,3,4,0,1,3,,N,,,,,,,,,,,
2009048931,1542.0,0,0,0,0,0,0,0,0,0,8,0,,67,3,2009,2,39.9933,-75.1794,1542.0,6,0,0,0,0,0,0,0,0,9.0,0,0,0,15,1,1,0,,2,39 59:35.922,5.0,0,75 10:45.793,2,0,0,0,67301,1,0,1,N,1,0,1,7,67301,0,,1,1,,N,N,,0,,0,1,0,0,0,Y,1542,1,2,0,0,0,0,0,3,4,1,1,3,,N,,,,,,,,,,,
2009036398,1215.0,1,0,0,0,0,0,1,0,0,6,1,,67,2,2009,5,39.9412,-75.1758,1213.0,6,0,0,0,0,0,1,0,0,,0,0,0,12,1,3,1,,0,39 56:28.388,,0,75 10:33.005,4,0,0,0,67301,0,0,0,,0,0,0,6,67301,3,,1,1,,,,,0,,0,0,0,3,2,,1210,3,2,0,0,0,0,0,3,4,0,2,3,,N,,,,,,,,,,,
2009044084,2345.0,2,0,0,0,0,0,0,0,0,4,0,,67,3,2009,6,40.02,-75.0634,2345.0,6,0,0,1,0,0,1,0,0,,0,0,0,23,3,1,3,,0,40 01:12.416,,0,75 03:48.333,4,0,0,0,67301,0,0,0,,0,0,0,3,67301,1,,1,1,,,,,0,,0,0,1,9,3,,2342,1,3,0,0,0,0,0,3,4,0,3,3,,N,,,,,,,,,,,
2009041649,2334.0,0,0,0,0,0,0,0,0,0,7,0,,67,4,2009,1,40.034,-75.0196,2331.0,6,0,0,0,0,0,0,0,0,1.0,0,0,0,23,2,1,0,,2,40 02:02.762,1.0,0,75 01:09.973,4,0,0,0,67301,0,0,0,N,0,0,0,4,68K01,1,,2,1,,N,N,,0,,0,0,1,0,0,N,2328,1,2,0,0,0,0,0,3,4,0,1,3,,N,,,,,,,,,,,
2009017405,1014.0,1,0,0,0,0,0,0,0,0,7,0,,67,2,2009,2,39.8923,-75.2361,1007.0,6,0,0,0,0,0,0,0,0,,0,0,0,10,1,1,0,,0,39 53:32.280,,0,75 14:09.960,4,0,0,0,67301,0,0,0,Y,0,0,0,1,68K01,1,,3,1,,N,N,,0,,0,0,0,0,0,,1004,1,1,0,0,0,0,0,3,4,0,1,3,,N,,,,,,,,,,,
2009026295,700.0,3,0,0,0,0,0,0,0,0,4,0,,67,1,2009,4,39.9596,-75.197,658.0,6,0,0,0,0,0,0,0,0,,0,0,0,6,5,1,1,,0,39 57:34.444,,0,75 11:49.297,8,0,0,0,67301,1,0,0,N,1,0,0,3,67301,0,,1,9,,N,N,,0,,0,0,0,3,2,,658,1,4,0,0,2,1,0,3,4,0,3,7,,N,,,,,,,,,,,
2009026313,800.0,1,0,0,0,0,0,0,0,0,5,0,,67,1,2009,4,40.0528,-75.1752,750.0,6,0,0,0,0,0,0,0,0,,0,0,0,7,1,0,0,,0,40 03:10.216,,0,75 10:30.594,0,0,0,0,67301,0,0,0,N,0,0,0,1,67301,0,,1,98,,N,N,,1,,0,0,0,0,0,,730,0,2,0,0,0,0,0,3,4,0,2,99,,N,,,,,,,,,,,
2009049160,1215.0,0,0,0,0,0,0,0,0,0,8,0,,67,3,2009,5,39.9261,-75.2248,1211.0,6,0,0,0,0,0,0,0,0,2.0,0,0,0,12,1,1,1,,2,39 55:33.883,6.0,0,75 13:29.323,8,0,0,0,67301,1,0,0,N,1,0,0,2,67301,0,,1,1,,N,N,,0,,0,0,0,3,2,Y,1210,1,2,0,0,0,1,1,3,4,1,1,3,,N,,,,,,,,,,,
2009040342,2201.0,2,0,0,0,0,0,0,0,0,1,0,,67,2,2009,6,40.0448,-75.0175,2300.0,6,0,0,0,0,0,0,0,0,,0,0,0,18,3,1,2,,0,40 02:41.280,,0,75 01:03.000,4,0,0,0,67301,0,0,0,N,0,0,0,2,67301,1,,1,1,,N,N,,0,,0,0,0,0,0,,1830,1,2,0,0,0,0,1,3,4,0,2,3,,N,,,,,,,,,,,
2009105777,2246.0,0,0,0,0,0,0,0,0,0,1,0,,67,9,2009,4,40.0447,-75.0336,2245.0,6,0,0,0,0,0,0,1,0,2.0,0,0,0,99,3,1,0,,1,40 02:41.016,1.0,0,75 02:01.000,4,0,0,0,67301,0,0,0,N,0,0,0,2,67301,1,,6,1,,N,N,,1,,0,0,2,0,0,N,9999,1,3,0,0,0,0,0,3,4,0,3,3,,N,,,,,,,,,,,
2009105865,1716.0,1,0,0,1,0,0,0,0,0,8,0,,67,9,2009,7,39.9229,-75.1679,1714.0,6,0,0,0,0,0,0,0,1,1.0,0,0,0,17,1,1,2,,2,39 55:22.375,1.0,0,75 10:04.364,4,0,0,0,67301,1,0,0,,0,0,0,3,67301,1,,1,1,,,,,0,,0,0,0,3,2,Y,1710,1,2,0,0,0,0,0,3,4,0,1,3,,N,,,,,,,,,,,
2009105869,9999.0,2,0,0,0,0,0,0,0,0,4,0,,67,10,2009,6,40.0071,-75.1422,9999.0,6,0,0,0,0,0,0,0,0,,0,0,0,99,3,0,0,,0,40 00:25.640,,0,75 08:31.808,0,0,0,0,67301,0,0,0,,0,0,0,1,67301,0,,2,1,,N,N,,0,,0,0,0,0,0,,9999,0,2,0,0,0,0,0,3,4,0,2,3,,N,,,,,,,,,,,
2009105877,2025.0,2,0,0,0,0,0,0,0,0,4,0,,67,10,2009,1,40.0334,-75.0666,2013.0,6,0,0,0,0,0,0,0,0,,0,0,0,20,3,0,1,,0,40 02:00.165,,0,75 03:59.552,0,0,0,0,67301,0,0,0,N,0,0,0,4,67301,0,,1,1,,N,N,,0,,0,0,0,3,2,,2010,0,2,0,0,0,0,0,3,4,0,2,3,,N,,,,,,,,,,,
2009120460,1353.0,3,0,0,0,0,0,0,0,0,5,0,,67,10,2009,5,40.0108,-75.1504,1348.0,6,0,0,0,0,0,0,0,0,,0,0,0,13,1,1,0,,0,40 00:38.754,,0,75 09:01.502,8,0,0,0,67301,0,0,0,,0,0,0,3,67301,0,,1,9,,,,,0,,0,0,0,0,0,,1340,1,3,0,0,2,1,0,3,4,0,3,7,,N,,,,,,,,,,,
2009105546,1840.0,1,0,0,0,0,0,0,0,0,4,0,,67,9,2009,5,40.1191,-75.0178,1828.0,6,0,0,0,0,0,0,1,0,,0,0,0,18,1,1,0,,0,40 07:08.878,,7,75 01:04.165,8,0,0,0,67301,0,0,0,N,0,0,0,3,67301,0,,2,1,,N,N,,0,,0,0,1,0,0,,1825,1,2,0,0,0,1,0,3,4,0,2,3,,N,,,,,,,,,,,
2009101013,1240.0,2,0,0,0,0,0,0,0,0,5,0,,67,9,2009,7,39.9603,-75.2397,1230.0,6,0,0,0,0,0,0,0,0,,0,0,0,11,1,1,1,,0,39 57:37.001,,0,75 14:23.029,3,0,0,0,67301,0,0,0,N,0,0,0,3,67301,0,,1,1,,N,N,,0,,1,0,0,9,3,,1100,1,2,0,0,0,0,0,3,4,0,2,3,,N,,,,,,,,,,,
2009101034,1835.0,1,0,0,0,0,0,0,0,0,7,0,,67,9,2009,3,39.9128,-75.1604,1827.0,6,0,0,0,0,0,1,0,0,,0,0,0,99,1,1,1,,0,39 54:45.975,,0,75 09:37.454,8,0,0,0,67301,0,0,0,N,0,0,0,1,67301,0,,5,1,,N,N,,0,,0,0,0,9,2,,9999,1,1,0,0,0,1,0,3,4,0,1,3,,N,,,,,,,,,,,
2009100128,1740.0,1,0,0,0,0,0,0,0,0,5,0,,67,9,2009,6,39.9574,-75.1603,1738.0,6,0,0,0,0,0,1,0,0,,0,0,0,17,1,2,1,,0,39 57:26.564,,0,75 09:37.041,4,0,0,0,67301,0,0,0,,0,0,0,4,67301,2,,1,1,,,,,0,,0,0,0,3,2,,1700,2,2,0,0,0,0,0,3,4,1,2,3,,N,,,,,,,,,,,
2009100700,1645.0,2,0,0,0,0,0,0,0,0,4,0,,67,9,2009,2,39.9413,-75.166,1637.0,6,0,0,0,0,0,0,0,0,,0,0,0,16,1,4,0,,0,39 56:28.471,,7,75 09:57.483,4,0,0,0,67301,0,0,0,,0,0,0,5,67301,1,,1,1,,,,,0,,0,0,0,0,0,,1615,4,2,0,0,0,3,1,3,4,0,2,3,,N,,,,,,,,,,,
2009025644,1850.0,2,0,0,0,0,0,0,0,0,1,0,,67,1,2009,4,40.0436,-75.022,1848.0,6,0,0,0,0,0,1,0,0,,0,0,0,18,3,1,0,,0,40 02:36.997,,0,75 01:19.314,8,0,0,0,67301,0,0,0,,0,0,0,6,67301,0,,1,1,,N,N,,0,,0,0,0,0,0,,1845,1,2,0,0,0,1,0,3,4,0,2,3,,N,,,,,,,,,,,
2009030675,1349.0,3,0,0,0,0,0,0,0,0,5,0,,67,3,2009,2,39.9484,-75.1421,1343.0,6,0,0,0,0,0,0,0,0,2.0,0,0,0,13,1,0,0,,2,39 56:52.140,2.0,0,75 08:31.792,0,0,0,0,67301,0,0,0,N,0,0,0,6,68K01,0,,1,6,,N,N,,0,,0,0,0,0,0,N,1339,0,3,0,0,3,0,0,3,4,0,3,98,,N,,,,,,,,,,,
2009074745,1533.0,2,0,0,0,0,0,0,0,0,4,0,,67,7,2009,5,39.9905,-75.2492,1531.0,6,0,0,0,0,0,0,0,0,2.0,0,0,0,15,1,2,1,,2,39 59:26.471,2.0,0,75 14:56.371,4,0,0,0,67301,0,0,0,N,0,0,0,5,46104,2,,1,1,,N,N,,0,,0,0,0,3,2,Y,1531,2,2,0,0,0,0,0,3,4,0,2,3,,N,,,,,,,,,,,
2009105969,1734.0,1,0,0,0,0,0,0,0,0,1,0,,67,10,2009,6,40.0414,-75.124,1734.0,6,0,0,0,0,0,1,0,0,,0,0,0,17,1,0,1,,0,40 02:29.094,,0,75 07:26.565,0,0,0,0,67301,0,0,0,N,0,0,0,3,67301,0,,1,1,,N,N,,0,,0,0,1,0,0,,1732,0,2,0,0,0,0,0,3,4,0,2,3,,N,,,,,,,,,,,
2009105970,1940.0,2,0,0,0,0,0,0,0,0,4,0,,67,10,2009,6,40.0368,-75.1211,1938.0,6,0,0,0,0,0,0,0,0,,0,0,0,19,3,1,0,,0,40 02:12.310,,0,75 07:15.959,8,0,0,0,67301,0,0,0,N,0,0,0,5,67301,0,,1,1,,N,N,,0,,0,0,1,3,2,,1910,1,3,0,0,0,1,0,3,4,0,3,3,,N,,,,,,,,,,,
2009105716,1709.0,2,0,0,0,0,0,0,0,0,1,0,,67,9,2009,6,40.0234,-75.12,1708.0,6,0,1,0,0,0,0,0,0,,0,0,0,16,1,1,2,,0,40 01:24.232,,0,75 07:11.927,4,0,0,0,67301,0,0,0,,0,0,0,3,67301,1,,1,1,,,,,0,,0,0,0,3,3,,1655,1,3,0,0,1,0,0,3,4,1,3,3,,N,,,,,,,,,,,
2009017023,711.0,1,0,0,0,0,0,0,0,0,0,0,,67,1,2009,3,40.0205,-75.0427,700.0,6,0,0,0,0,0,0,0,0,2.0,0,0,0,6,1,1,0,,1,40 01:15.988,1.0,0,75 02:28.304,4,0,0,0,67301,0,0,0,N,0,0,0,1,68K01,1,,1,9,,N,N,,0,,0,0,0,0,0,N,653,1,1,0,0,0,0,0,3,4,0,1,3,,N,,,,,,,,,,,
2009049487,1421.0,1,0,0,0,0,0,0,0,0,5,0,,67,2,2009,6,40.0134,-75.1355,1419.0,6,0,0,0,0,0,1,0,0,9.0,0,0,0,99,1,2,1,,1,40 00:48.373,1.0,0,75 08:07.904,8,0,0,0,67301,0,0,0,,0,0,0,4,67301,0,,1,1,,N,N,,0,,0,0,1,3,2,Y,9999,2,2,0,0,0,2,0,3,4,0,2,3,,N,,,,,,,,,,,
2009046893,2118.0,2,0,0,0,0,0,0,0,0,1,0,,67,4,2009,1,,,2118.0,6,0,0,0,0,1,1,0,0,1.0,0,0,0,21,3,0,0,,2,,4.0,3,,0,0,0,0,67301,0,0,0,N,0,0,0,6,67501,0,,1,1,,N,N,,0,,0,0,2,3,8,N,2114,0,4,0,0,0,0,0,3,3,0,4,3,,N,,,,,,,,,,,
2009106514,120.0,2,0,0,0,0,0,0,0,0,5,0,,67,10,2009,7,39.9196,-75.1911,111.0,6,0,0,0,0,0,0,0,0,,0,0,0,0,3,0,0,,0,39 55:16.810,,2,75 11:28.395,0,0,0,0,67301,0,0,0,N,0,0,0,2,67301,0,,1,9,,N,N,,0,,0,0,0,0,0,,46,0,2,0,0,0,0,0,3,4,0,2,7,,N,,,,,,,,,,,
2009026118,1555.0,1,0,0,0,0,0,0,0,0,4,0,,67,1,2009,5,39.9679,-75.1619,1553.0,6,0,0,0,0,0,1,0,0,,0,0,0,15,1,1,1,,0,39 58:04.538,,0,75 09:42.735,8,0,0,0,67301,0,0,0,N,0,0,0,2,67301,0,,1,1,,N,N,,0,,0,0,1,3,2,,1500,1,2,0,0,0,1,0,3,4,0,2,3,,N,,,,,,,,,,,
2009026120,2135.0,0,0,0,0,0,0,0,0,0,8,0,,67,1,2009,6,40.0308,-75.1482,2125.0,6,0,0,0,0,0,0,0,0,,0,1,0,21,3,1,1,,0,40 01:51.049,,0,75 08:53.581,8,0,0,0,67301,1,0,0,N,1,0,0,2,67301,0,,1,1,,N,N,,0,,0,0,0,9,3,,2120,1,2,0,0,0,1,0,3,4,0,1,3,,N,,,,,,,,,,,
2009048823,631.0,1,0,0,0,0,0,0,0,0,7,0,,67,4,2009,7,39.9767,-75.1649,630.0,6,0,0,0,0,0,0,0,0,,0,0,0,6,1,0,2,,0,39 58:36.055,,0,75 09:53.625,0,0,0,0,67301,0,0,0,N,0,0,0,1,67301,0,,5,1,,N,N,,0,,0,0,0,0,0,,615,0,1,0,0,1,0,0,3,4,0,1,3,,N,,,,,,,,,,,
2009048855,1105.0,2,0,0,0,0,0,0,0,0,4,0,,67,4,2009,5,40.0269,-75.2272,1057.0,6,0,0,0,0,0,0,0,0,2.0,0,0,0,10,1,1,1,,2,40 01:36.847,7.0,0,75 13:37.905,8,0,0,0,67301,0,0,0,,0,0,0,3,67301,0,,1,1,,N,N,,0,,0,0,0,3,2,N,1050,1,2,0,0,0,1,0,3,4,0,2,3,,N,,,,,,,,,,,
2009124885,925.0,1,0,0,0,0,0,0,0,0,8,0,,67,11,2009,2,40.0138,-75.1076,915.0,6,0,0,0,0,0,0,0,0,,0,0,0,9,1,1,0,,0,40 00:49.586,,0,75 06:27.284,3,0,0,0,67301,1,0,0,N,1,0,0,2,67301,0,,1,1,,N,N,,0,,1,0,0,0,0,,910,1,2,0,0,0,0,0,3,4,0,1,3,,N,,,,,,,,,,,
2009043740,145.0,1,0,0,0,0,0,0,0,0,7,0,,67,4,2009,1,40.0241,-75.0756,139.0,6,0,0,0,0,0,0,0,0,9.0,1,0,0,1,6,1,2,,1,40 01:26.758,1.0,0,75 04:32.113,1,0,0,0,67301,0,0,0,,0,0,0,2,67301,0,2.0,5,98,,,,,0,0.0,1,0,0,0,0,Y,135,1,1,0,0,0,0,0,3,4,0,1,99,,N,,,,,,,,,,,
2009038966,537.0,0,0,0,0,0,0,0,0,0,8,0,,67,2,2009,5,40.0098,-75.0918,530.0,6,0,0,0,0,0,0,0,0,,0,0,0,3,3,1,0,,0,40 00:35.146,,0,75 05:30.415,8,0,0,0,67301,1,0,0,,1,0,0,2,67301,0,,1,1,,,,,1,,0,0,0,0,0,,320,1,2,0,0,1,1,0,3,4,0,1,3,,N,,,,,,,,,,,
2009120254,1505.0,1,0,0,0,0,0,0,0,0,6,1,,67,10,2009,2,40.1108,-74.9731,1452.0,6,0,0,0,0,0,0,0,0,,0,1,0,13,1,0,0,,0,40 06:39.020,,0,74 58:22.990,0,0,0,0,67301,1,0,0,N,0,0,0,2,67301,0,,2,1,,N,N,,0,,0,0,0,0,0,,1305,0,2,0,0,0,0,0,3,4,0,2,3,,N,,,,,,,,,,,
2009048864,231.0,1,0,0,0,0,0,0,0,0,7,0,,67,4,2009,6,40.0424,-75.0568,228.0,6,0,0,0,0,0,0,0,0,1.0,0,0,0,2,3,0,0,,1,40 02:32.640,2.0,0,75 03:24.550,0,0,0,0,67301,0,0,0,N,0,0,0,1,67301,0,,5,1,,N,N,,0,,0,0,0,0,0,N,227,0,1,0,0,0,0,0,3,4,0,1,3,,N,,,,,,,,,,,
2009048870,1720.0,1,0,0,0,0,0,0,0,0,4,0,,67,4,2009,5,39.995,-75.2276,1710.0,6,0,0,0,0,0,0,0,0,,0,0,0,17,1,1,1,,0,39 59:42.111,,0,75 13:39.536,8,0,0,0,67301,0,0,0,N,0,0,0,4,67301,0,,1,1,,N,N,,0,,0,0,1,9,3,,1705,1,2,0,0,1,1,0,3,4,0,2,3,,N,,,,,,,,,,,
2009048955,1736.0,2,0,0,0,0,0,0,0,0,4,0,,67,4,2009,5,40.0563,-75.0531,1734.0,6,0,0,0,0,1,1,0,0,,0,0,0,17,1,0,0,,0,40 03:22.748,,0,75 03:11.268,0,0,0,0,67301,0,0,0,N,0,0,0,2,67301,0,,1,1,,N,N,,0,,0,0,0,0,0,,1722,0,2,0,0,1,0,0,3,4,0,2,3,,N,,,,,,,,,,,
2009038878,1928.0,2,0,0,0,0,0,0,0,0,4,0,,67,2,2009,6,40.0915,-74.9656,1924.0,6,0,0,0,0,0,1,0,0,,0,0,0,19,3,0,1,,0,40 05:29.579,,0,74 57:56.182,0,0,0,0,67301,0,0,0,N,0,0,0,4,67301,0,,1,1,,N,N,,0,,0,0,0,9,2,,1923,0,2,0,0,0,0,0,3,4,0,2,3,,N,,,,,,,,,,,
2009048698,906.0,2,0,0,0,0,0,0,0,0,5,0,,67,4,2009,6,40.0248,-75.0546,902.0,6,0,0,0,0,0,1,0,0,,0,0,0,8,1,1,0,,0,40 01:29.247,,0,75 03:16.644,8,0,0,0,67301,0,0,0,N,0,0,0,2,67301,0,,1,1,,N,N,,0,,0,0,0,0,0,,839,1,2,0,0,0,1,0,3,4,0,2,3,,N,,,,,,,,,,,
2009040350,1038.0,0,0,0,0,0,0,0,0,0,8,0,,67,2,2009,4,39.9627,-75.1446,1033.0,6,0,0,0,0,0,0,0,0,,0,0,0,10,1,1,1,,0,39 57:45.763,,0,75 08:40.642,8,0,0,0,67301,1,0,0,N,1,0,0,2,67301,0,,1,1,,N,N,,0,,0,0,1,9,3,,1033,1,2,0,0,0,1,0,3,4,0,1,3,,N,,,,,,,,,,,
2009050881,1500.0,2,0,0,0,0,0,0,0,0,1,0,,67,3,2009,1,40.0945,-75.015,1450.0,6,0,0,0,0,0,0,0,0,1.0,0,0,0,14,1,1,1,,1,40 05:40.395,1.0,0,75 00:54.109,4,0,0,0,67301,0,0,0,,0,0,0,4,67301,1,,1,1,,,,,0,,0,0,0,3,2,N,1450,1,3,0,0,0,0,0,3,4,1,3,3,,N,,,,,,,,,,,
2009050212,644.0,0,0,0,0,0,0,0,0,0,5,1,,67,4,2009,5,40.0398,-75.0064,631.0,6,0,0,0,0,0,0,0,0,1.0,0,1,0,6,1,2,0,,1,40 02:24.963,1.0,0,75 00:20.609,4,0,0,0,67301,0,0,0,N,0,0,0,3,68K01,2,,1,1,,N,N,,0,,0,0,1,0,0,N,630,2,2,0,0,0,0,0,3,4,0,2,3,,N,,,,,,,,,,,
2009105798,211.0,0,0,0,0,0,0,0,0,0,8,0,,67,9,2009,6,39.9306,-75.1597,209.0,6,0,0,0,0,0,0,0,0,,0,0,0,2,3,1,1,,0,39 55:50.174,,0,75 09:34.840,3,0,0,0,67301,1,0,0,N,1,0,0,2,67301,0,,1,1,,N,N,,0,,1,0,1,3,3,,209,1,3,0,0,0,0,0,3,4,0,2,3,,N,,,,,,,,,,,
2009105887,922.0,4,0,0,0,0,0,0,0,0,4,0,,67,9,2009,2,39.9246,-75.2332,920.0,6,0,0,0,0,0,1,0,0,,0,0,0,9,1,1,1,,0,39 55:28.506,,0,75 13:59.344,4,0,0,0,67301,0,0,0,N,0,0,0,4,67301,1,,1,1,,N,N,,1,,0,0,0,3,2,,918,1,5,0,0,0,0,0,3,4,0,5,3,,N,,,,,,,,,,,
2009105926,1308.0,1,0,0,0,0,0,0,0,0,5,0,,67,9,2009,7,40.0132,-75.1504,1305.0,6,0,0,0,0,0,1,0,0,,0,0,0,13,1,1,0,,0,40 00:47.373,,7,75 09:01.402,3,0,0,1,67301,0,0,0,,0,0,0,2,67301,0,,1,1,,,,,0,,1,0,0,0,0,,1300,1,2,0,0,0,0,0,3,4,0,2,3,,N,,,,,,,,,,,
2009124703,1936.0,2,0,0,0,0,0,0,0,0,4,0,,67,11,2009,3,39.9668,-75.2418,1934.0,6,0,0,0,0,0,1,0,0,,0,0,0,19,3,1,1,,0,39 58:00.577,,0,75 14:30.400,4,0,0,0,67301,0,0,0,,0,0,0,5,67301,1,,1,1,,,,,0,,0,0,0,3,3,,1900,1,2,0,0,0,0,0,3,4,0,2,3,,N,,,,,,,,,,,
2009100174,1415.0,1,0,0,0,0,0,1,0,0,4,1,,67,9,2009,2,39.9851,-75.1598,1415.0,6,0,0,0,0,1,0,0,0,,0,0,0,14,1,2,1,,0,39 59:06.525,,0,75 09:35.319,4,0,0,0,67301,0,0,0,N,0,0,0,4,67301,1,,1,1,,N,N,,0,,0,0,0,2,2,,1415,2,2,0,0,0,1,2,3,4,0,2,3,,N,,,,,,,,,,,
2009105726,110.0,2,0,0,0,0,0,0,0,0,5,0,,67,10,2009,7,39.9489,-75.161,100.0,6,0,0,0,0,0,0,0,0,2.0,0,0,0,0,3,1,0,,2,39 56:56.183,4.0,0,75 09:39.580,4,0,0,0,67301,0,0,0,N,0,0,0,2,67301,1,,1,9,,N,N,,0,,0,0,0,0,0,Y,55,1,2,0,0,0,0,0,3,4,0,2,3,,N,,,,,,,,,,,
2009105730,1510.0,2,0,0,0,0,0,0,0,0,4,0,,67,9,2009,6,39.9945,-75.098,1505.0,6,0,0,0,0,0,0,0,1,,0,0,0,14,1,1,1,,0,39 59:40.203,,0,75 05:52.871,4,0,0,0,67301,0,0,0,N,0,0,0,2,67301,1,,1,1,,N,N,,0,,0,0,0,3,3,,1430,1,2,0,0,0,0,0,3,4,0,2,3,,N,,,,,,,,,,,
2009100750,1948.0,1,0,0,0,0,0,0,0,0,8,0,,67,9,2009,1,40.0356,-75.0675,1945.0,6,0,0,0,0,0,0,0,0,2.0,0,0,0,19,3,1,0,,2,40 02:08.099,1.0,0,75 04:02.920,3,0,0,0,67301,1,0,0,N,1,0,0,4,67301,0,,1,1,,N,N,,0,,1,0,0,0,0,Y,1943,1,2,0,0,1,0,0,3,4,0,1,3,,N,,,,,,,,,,,
2009100754,1044.0,1,0,0,0,0,0,0,0,0,4,0,,67,9,2009,4,40.0349,-75.2349,1038.0,6,0,0,0,0,0,0,0,0,,0,0,0,10,1,0,2,,0,40 02:05.704,,0,75 14:05.819,0,0,0,0,67301,0,0,0,,0,0,0,5,67301,0,,1,1,,,,,0,,0,0,1,3,3,,1030,0,2,0,0,0,0,0,3,4,0,2,3,,N,,,,,,,,,,,
2009100528,1927.0,1,0,0,0,0,0,0,0,0,8,0,,67,8,2009,6,40.0419,-75.1733,1925.0,6,0,0,0,0,0,0,1,0,,0,0,0,19,3,1,0,,0,40 02:30.922,,0,75 10:23.711,4,0,0,0,67301,1,0,0,N,1,0,0,2,67301,1,,1,9,,N,N,,0,,0,0,0,0,0,,1918,1,2,0,0,0,0,0,3,4,0,1,7,,N,,,,,,,,,,,
2009100548,48.0,1,0,0,0,0,0,0,0,0,7,0,,67,9,2009,1,39.9774,-75.1897,48.0,6,0,0,0,0,0,0,0,0,1.0,0,0,0,0,3,1,0,,1,39 58:38.488,2.0,3,75 11:23.036,8,0,0,0,67301,0,0,0,N,0,0,0,1,67301,0,,2,1,,N,N,,0,,0,0,0,3,2,N,40,1,1,0,0,1,1,0,3,4,0,1,3,,N,,,,,,,,,,,
2009100586,1435.0,2,0,0,0,0,0,0,0,0,4,0,,67,9,2009,2,39.9498,-75.2071,1428.0,6,0,0,0,0,0,2,0,0,,0,0,0,14,1,2,1,,0,39 56:59.241,,0,75 12:25.710,4,0,0,0,67301,0,0,0,N,0,0,0,2,67301,2,,1,1,,N,N,,0,,0,0,0,3,2,,1428,2,2,0,0,0,0,0,3,4,0,2,3,,N,,,,,,,,,,,
2009023027,753.0,2,0,0,0,0,0,0,0,0,5,0,,67,2,2009,3,39.8856,-75.2112,739.0,6,0,0,0,0,0,1,0,0,1.0,0,0,0,7,1,0,0,,2,39 53:15.485,1.0,3,75 12:14.290,9,0,0,0,67301,0,0,0,N,0,0,0,3,68K01,0,,1,1,,N,N,,0,,0,0,1,0,0,N,736,0,3,0,0,0,0,1,3,4,0,3,3,,N,,,,,,,,,,,
2009025164,2059.0,0,0,0,0,0,0,0,0,0,8,0,,67,1,2009,6,40.0637,-75.0835,2054.0,6,0,0,0,0,0,0,0,1,,0,0,0,19,3,1,1,,0,40 03:49.320,,0,75 05:00.600,4,0,0,0,67301,1,0,0,N,1,0,0,2,67301,1,,1,1,,N,N,,1,,0,0,0,3,2,,1902,1,2,0,0,0,0,0,3,4,0,1,3,,N,,,,,,,,,,,