CRN,ARRIVAL_TM,AUTOMOBILE_COUNT,BELTED_DEATH_COUNT,BELTED_SUSP_SERIOUS_INJ_COUNT,BICYCLE_COUNT,BICYCLE_DEATH_COUNT,BICYCLE_SUSP_SERIOUS_INJ_COUNT,BUS_COUNT,CHLDPAS_DEATH_COUNT,CHLDPAS_SUSP_SERIOUS_INJ_COUNT,COLLISION_TYPE,COMM_VEH_COUNT,CONS_ZONE_SPD_LIM,COUNTY,CRASH_MONTH,CRASH_YEAR,DAY_OF_WEEK,DEC_LAT,DEC_LONG,DISPATCH_TM,DISTRICT,DRIVER_COUNT_16YR,DRIVER_COUNT_17YR,DRIVER_COUNT_18YR,DRIVER_COUNT_19YR,DRIVER_COUNT_20YR,DRIVER_COUNT_50_64YR,DRIVER_COUNT_65_74YR,DRIVER_COUNT_75PLUS,EST_HRS_CLOSED,FATAL_COUNT,HEAVY_TRUCK_COUNT,HORSE_BUGGY_COUNT,HOUR_OF_DAY,ILLUMINATION,INJURY_COUNT,INTERSECT_TYPE,INTERSECTION_RELATED,LANE_CLOSED,LATITUDE,LN_CLOSE_DIR,LOCATION_TYPE,LONGITUDE,MAX_SEVERITY_LEVEL,MCYCLE_DEATH_COUNT,MCYCLE_SUSP_SERIOUS_INJ_COUNT,MOTORCYCLE_COUNT,MUNICIPALITY,NONMOTR_COUNT,NONMOTR_DEATH_COUNT,NONMOTR_SUSP_SERIOUS_INJ_COUNT,NTFY_HIWY_MAINT,PED_COUNT,PED_DEATH_COUNT,PED_SUSP_SERIOUS_INJ_COUNT,PERSON_COUNT,POLICE_AGCY,POSSIBLE_INJ_COUNT,RDWY_SURF_TYPE_CD,RELATION_TO_ROAD,ROAD_CONDITION,ROADWAY_CLEARED,SCH_BUS_IND,SCH_ZONE_IND,SECONDARY_CRASH,SMALL_TRUCK_COUNT,SPEC_JURIS_CD,SUSP_MINOR_INJ_COUNT,SUSP_SERIOUS_INJ_COUNT,SUV_COUNT,TCD_FUNC_CD,TCD_TYPE,TFC_DETOUR_IND,TIME_OF_DAY,TOT_INJ_COUNT,TOTAL_UNITS,UNB_DEATH_COUNT,UNB_SUSP_SERIOUS_INJ_COUNT,UNBELTED_OCC_COUNT,UNK_INJ_DEG_COUNT,UNK_INJ_PER_COUNT,URBAN_AREA,URBAN_RURAL,VAN_COUNT,VEHICLE_COUNT,WEATHER1,WEATHER2,WORK_ZONE_IND,WORK_ZONE_LOC,WORK_ZONE_TYPE,WORKERS_PRES,WZ_CLOSE_DETOUR,WZ_FLAGGER,WZ_LAW_OFFCR_IND,WZ_LN_CLOSURE,WZ_MOVING,WZ_OTHER,WZ_SHLDER_MDN,WZ_WORKERS_INJ_KILLED
2009039749,1601.0,1,0,0,1,0,0,0,0,0,4,0,,67,2,2009,4,39.9353,-75.1651,1601.0,6,0,0,0,0,0,0,1,0,,0,0,0,15,1,1,1,,0,39 56:07.202,,0,75 09:54.385,8,0,0,0,67301,1,0,0,N,0,0,0,2,67301,0,,1,1,,N,N,,0,,0,0,0,3,3,,1544,1,2,0,0,0,1,0,3,4,0,1,3,,N,,,,,,,,,,,
2009039103,131.0,1,0,0,0,0,0,0,0,0,5,0,,67,1,2009,2,40.0309,-75.0358,130.0,6,0,0,0,0,0,0,0,0,1.0,0,0,0,1,3,0,0,,1,40 01:51.388,4.0,0,75 02:08.768,0,0,0,0,67301,0,0,0,N,0,0,0,1,67301,0,,6,1,,N,N,,0,,0,0,0,0,0,N,130,0,3,0,0,0,0,0,3,4,2,3,3,,N,,,,,,,,,,,
2009037360,1103.0,1,0,0,0,0,0,0,0,0,6,0,,67,3,2009,7,40.0013,-75.2153,1036.0,6,0,0,0,0,0,0,0,0,,0,0,0,10,1,1,2,,0,40 00:04.629,,0,75 12:55.137,4,0,0,0,67301,0,0,0,,0,0,0,2,67301,1,,1,1,,,,,0,,0,0,1,3,2,,1036,1,2,0,0,0,0,0,3,4,0,2,3,,N,,,,,,,,,,,
2009039276,307.0,2,0,0,0,0,0,0,0,0,6,0,,67,2,2009,1,39.9229,-75.1679,247.0,6,0,0,0,0,0,0,0,0,,0,0,0,2,3,2,1,,0,39 55:22.375,,0,75 10:04.364,8,0,0,0,67301,0,0,0,N,0,0,0,2,67301,0,,1,1,,N,N,,0,,0,0,0,9,2,,243,2,2,0,0,0,2,0,3,4,0,2,3,,N,,,,,,,,,,,
2009026892,1202.0,1,0,0,0,0,0,0,0,0,7,0,,67,1,2009,2,40.0729,-75.0759,1202.0,6,0,0,0,0,0,0,0,0,,0,0,0,12,1,0,0,,0,40 04:22.499,,0,75 04:33.341,0,0,0,0,67301,0,0,0,,0,0,0,1,67301,0,,5,1,,N,N,,0,,0,0,0,0,0,,1201,0,1,0,0,0,0,0,3,4,0,1,3,,N,,,,,,,,,,,
2009034468,1352.0,0,0,0,0,0,0,0,0,0,7,0,,67,3,2009,3,39.9818,-75.1013,1340.0,6,0,0,0,0,0,0,0,0,,0,0,0,13,1,0,0,,0,39 58:54.642,,0,75 06:04.261,0,0,0,0,67301,0,0,0,N,0,0,0,1,68K01,0,,1,1,,N,N,,0,,0,0,0,0,0,,1338,0,1,0,0,0,0,0,3,4,1,1,3,,N,,,,,,,,,,,
2009126948,1153.0,2,0,0,0,0,0,0,0,0,1,0,,67,11,2009,4,39.9998,-75.2195,1152.0,6,0,0,0,0,0,1,1,0,1.0,0,0,0,11,1,1,2,,1,39 59:59.510,1.0,0,75 13:10.116,4,0,0,0,67301,0,0,0,N,0,0,0,2,68K01,1,,1,9,,N,N,,0,,0,0,0,3,2,N,1150,1,2,0,0,0,0,0,3,4,0,2,7,,N,,,,,,,,,,,
2009124442,2315.0,2,0,0,0,0,0,0,0,0,2,0,,67,11,2009,5,40.0072,-75.1923,2309.0,6,0,0,0,0,0,0,0,0,,0,0,0,23,3,2,0,,0,40 00:21.224,,0,75 11:28.117,4,0,0,0,67301,0,0,0,,0,0,0,2,67301,1,,1,1,,,,,0,,0,0,0,0,0,,2305,2,2,0,0,0,1,0,3,4,0,2,3,,N,,,,,,,,,,,
2009131708,1823.0,1,0,0,0,0,0,0,0,0,1,0,,67,12,2009,2,40.0092,-75.2048,1817.0,6,0,0,0,0,0,1,0,0,,0,0,0,18,3,0,0,,0,40 00:33.400,,0,75 12:17.701,0,0,0,0,67301,0,0,0,N,0,0,0,2,68K01,0,,1,1,,N,N,,0,,0,0,1,0,0,,1814,0,2,0,0,0,0,0,3,4,0,2,3,,N,,,,,,,,,,,
2009094947,213.0,1,0,0,0,0,0,0,0,0,7,0,,67,9,2009,4,39.9602,-75.1804,212.0,6,0,0,0,0,0,0,0,0,1.0,0,0,0,2,3,4,0,,2,39 57:39.600,4.0,0,75 10:55.200,2,0,0,0,67301,0,0,0,N,0,0,0,5,68K01,3,,2,1,,N,N,,0,,0,1,0,0,0,N,202,4,1,0,1,5,0,0,3,4,0,1,3,,N,,,,,,,,,,,
2009124303,1335.0,0,0,0,0,0,0,0,0,0,8,1,,67,11,2009,3,39.9527,-75.1717,1325.0,6,0,0,0,0,0,0,0,0,,0,1,0,13,1,1,1,,0,39 57:09.817,,0,75 10:18.152,4,0,0,0,67301,1,0,0,,1,0,0,2,67301,1,,1,1,,N,N,,0,,0,0,0,0,0,,1305,1,2,0,0,0,0,0,3,4,0,1,3,,N,,,,,,,,,,,
2009083759,206.0,4,0,0,0,0,0,0,0,0,1,0,,67,6,2009,6,40.0056,-75.1569,141.0,6,0,0,0,0,0,0,0,0,,0,0,0,1,3,3,0,,0,40 00:20.336,,0,75 09:24.976,2,0,0,0,67301,0,0,0,,0,0,0,3,67301,0,,1,9,,,N,,0,,2,1,2,0,0,,140,3,6,0,1,1,0,0,3,4,0,6,98,,N,,,,,,,,,,,
2009083785,1238.0,1,0,0,0,0,0,0,0,0,4,0,,67,7,2009,1,40.0118,-75.11,1234.0,6,0,0,0,0,0,0,0,0,,0,0,0,12,1,1,1,,0,40 00:42.501,,0,75 06:35.945,3,0,0,0,67301,0,0,0,,0,0,0,3,67301,0,,1,1,,N,N,,0,,1,0,0,3,3,,1215,1,2,0,0,0,0,0,3,4,1,2,3,,N,,,,,,,,,,,
2009083833,257.0,2,0,0,0,0,0,0,0,0,1,0,,67,7,2009,3,40.0468,-75.167,257.0,6,0,0,0,0,0,0,0,0,,0,0,0,2,3,1,0,,0,40 02:48.449,,0,75 10:01.078,8,0,0,0,67301,0,0,0,N,0,0,0,1,67301,0,,6,1,,N,N,,0,,0,0,0,0,0,,255,1,2,0,0,0,1,0,3,4,0,2,3,,N,,,,,,,,,,,
2009121635,1815.0,2,0,0,0,0,0,0,0,0,1,0,,67,11,2009,3,39.9851,-75.0942,1807.0,6,0,0,0,0,0,0,0,0,2.0,0,0,0,18,3,3,0,,2,39 59:06.730,1.0,0,75 05:38.596,4,0,0,0,67301,0,0,0,N,0,0,0,3,68K01,2,,1,1,,N,N,,0,,0,0,0,0,0,N,1807,3,2,0,0,0,1,0,3,4,0,2,3,,N,,,,,,,,,,,
2009094666,1441.0,2,0,0,0,0,0,0,0,0,1,0,,67,9,2009,4,39.9573,-75.1583,1428.0,6,0,0,0,0,0,1,0,0,,0,0,0,14,1,0,0,,0,39 57:26.302,,0,75 09:29.833,0,0,0,0,67301,0,0,0,N,0,0,0,8,68K01,0,,1,1,,N,N,,0,,0,0,1,0,0,,1424,0,4,0,0,0,0,0,3,4,1,4,3,,N,,,,,,,,,,,
2009100625,940.0,1,0,0,0,0,0,0,0,0,1,0,,67,9,2009,4,39.9054,-75.1948,932.0,6,0,0,0,0,0,1,0,0,,0,0,0,9,1,2,0,,0,39 54:19.684,,3,75 11:40.780,8,0,0,0,67301,0,0,0,,0,0,0,2,67301,0,,1,1,,,,,1,,0,0,0,0,0,,930,2,2,0,0,0,2,0,3,4,0,2,3,,N,,,,,,,,,,,
2009044267,2354.0,1,0,0,0,0,0,0,0,0,8,0,,67,3,2009,6,40.0322,-75.106,2350.0,6,0,0,0,0,0,0,0,0,1.0,0,0,0,23,6,1,0,,1,40 01:55.001,4.0,0,75 06:20.599,8,0,0,0,67301,1,0,0,,1,0,0,2,67301,0,,1,98,,,,,0,,0,0,0,0,0,Y,2350,1,2,0,0,0,1,0,3,4,0,1,99,,N,,,,,,,,,,,
2009044294,1015.0,1,0,0,0,0,0,0,0,0,8,0,,67,3,2009,6,40.0272,-75.1512,1000.0,6,0,0,0,0,0,1,0,0,,0,0,0,10,1,1,1,,0,40 01:37.801,,0,75 09:04.478,8,0,0,0,67301,1,0,0,N,1,0,0,2,67301,0,,1,1,,N,N,,0,,0,0,0,9,2,,1000,1,2,0,0,0,1,0,3,4,0,1,3,,N,,,,,,,,,,,
2009051726,1459.0,4,0,0,0,0,0,0,0,0,1,0,,67,5,2009,1,39.974,-75.1185,1448.0,6,0,0,0,0,0,1,0,0,2.0,0,0,0,14,1,1,0,,1,39 58:29.392,1.0,0,75 07:02.397,4,0,0,0,67301,0,0,0,N,0,0,0,13,68K01,1,,1,1,,N,N,,0,,0,0,0,0,0,N,1447,1,4,0,0,0,0,0,3,4,0,4,3,,N,,,,,,,,,,,
2009049400,1730.0,2,0,0,0,0,0,0,0,0,4,0,,67,3,2009,3,39.9877,-75.225,1726.0,6,0,0,0,0,1,0,0,0,,0,0,0,17,1,3,1,,0,39 59:15.615,,0,75 13:29.927,8,0,0,0,67301,0,0,0,N,0,0,0,4,67301,0,,1,1,,N,N,,0,,0,0,0,3,2,,1705,3,2,0,0,0,3,1,3,4,0,2,3,,N,,,,,,,,,,,
2009048755,1749.0,1,0,0,0,0,0,0,0,0,8,0,,67,3,2009,2,40.0373,-75.0435,1749.0,6,0,0,0,0,0,0,0,0,,0,0,0,17,1,1,0,,0,40 02:14.397,,0,75 02:36.522,8,0,0,0,67301,1,0,0,N,1,0,0,2,67301,0,,1,1,,N,N,,0,,0,0,0,0,0,,1740,1,2,0,0,0,1,0,3,4,0,1,3,,N,,,,,,,,,,,
2009048771,2050.0,2,0,0,0,0,0,0,0,0,1,0,,67,3,2009,1,40.0515,-75.0091,2045.0,6,0,0,0,0,0,0,0,0,,0,0,0,20,3,1,1,,0,40 03:05.232,,0,75 00:32.643,4,0,0,0,67301,0,0,0,,0,0,0,2,67301,1,,1,1,,,,,0,,0,0,0,3,2,,2044,1,2,0,0,0,0,0,3,4,0,2,3,,N,,,,,,,,,,,
2009125053,9.0,2,0,0,0,0,0,0,0,0,4,0,,67,11,2009,5,39.9293,-75.182,8.0,6,0,1,0,0,0,0,0,0,,0,0,0,0,3,1,1,,0,39 55:45.472,,0,75 10:55.264,8,0,0,0,67301,0,0,0,N,0,0,0,2,67301,0,,1,9,,N,N,,0,,0,0,0,3,3,,5,1,2,0,0,0,1,0,3,4,0,2,5,,N,,,,,,,,,,,
2009050922,1815.0,2,0,0,0,0,0,1,0,0,6,1,,67,4,2009,3,39.9234,-75.1526,1812.0,6,0,0,0,0,0,0,1,0,,0,0,0,18,1,5,1,,0,39 55:24.272,,0,75 09:09.287,3,0,0,0,67301,0,0,0,N,0,0,0,9,67301,2,,1,9,,N,N,,0,,3,0,0,3,3,,1805,5,3,0,0,4,0,0,3,4,0,3,7,,N,,,,,,,,,,,
2009038465,150.0,0,0,0,0,0,0,0,0,0,0,0,,67,4,2009,7,39.9945,-75.0839,143.0,6,0,0,0,0,0,0,0,0,,0,0,0,1,2,0,0,,0,39 59:40.510,,0,75 05:01.766,0,0,0,0,67301,0,0,0,N,0,0,0,4,68K01,0,,1,1,,N,N,,0,,0,0,0,0,0,,111,0,1,0,0,0,0,0,3,4,1,1,3,,N,,,,,,,,,,,
2009048887,1415.0,2,0,0,0,0,0,0,0,0,4,0,,67,4,2009,7,40.0332,-75.0378,1410.0,6,0,0,0,0,0,0,0,0,,0,0,0,14,1,1,1,,0,40 01:59.691,,0,75 02:15.936,8,0,0,0,67301,0,0,0,N,0,0,0,2,67301,0,,1,9,,N,N,,0,,0,0,0,3,2,,1405,1,2,0,0,0,1,0,3,4,0,2,7,,N,,,,,,,,,,,
2009038693,9999.0,1,0,0,0,0,0,0,0,0,4,0,,67,2,2009,7,40.0156,-75.0896,621.0,6,0,0,0,0,0,0,0,0,,0,0,0,99,1,0,2,,0,40 00:56.329,,0,75 05:22.459,0,0,0,0,67301,0,0,0,N,0,0,0,1,67301,0,,1,1,,N,N,,0,,0,0,1,9,3,,9999,0,2,0,0,0,0,0,3,4,0,2,3,,N,,,,,,,,,,,
2009048929,916.0,1,0,0,0,0,0,0,0,0,8,0,,67,2,2009,7,39.9802,-75.1575,915.0,6,0,0,0,0,0,0,0,0,1.0,0,0,0,9,1,1,1,,1,39 58:48.767,1.0,0,75 09:26.885,4,0,0,0,67301,1,0,0,N,1,0,0,2,67301,1,,3,1,,N,N,,0,,0,0,0,3,2,N,914,1,2,0,0,0,0,0,3,4,0,1,3,,N,,,,,,,,,,,
2009049049,2008.0,2,0,0,0,0,0,0,0,0,1,0,,67,3,2009,6,40.0291,-75.2304,2004.0,6,0,0,0,0,0,0,0,0,,0,0,0,19,8,1,0,,0,40 01:44.799,,0,75 13:49.371,4,0,0,0,67301,0,0,0,N,0,0,0,3,67301,1,,5,1,,N,N,,0,,0,0,0,0,0,,1955,1,2,0,0,0,0,0,3,4,0,2,3,,N,,,,,,,,,,,
2009038872,2215.0,1,0,0,0,0,0,0,0,0,7,0,,67,2,2009,3,40.0987,-75.0099,2155.0,6,0,0,0,0,0,0,0,0,1.0,0,0,0,21,3,1,0,,2,40 05:55.339,1.0,0,75 00:35.544,4,0,0,0,67301,0,0,0,,0,0,0,2,67301,1,,5,9,,,,,0,,0,0,0,0,0,Y,2146,1,1,0,0,0,0,0,3,4,0,1,7,,N,,,,,,,,,,,
2009048669,1204.0,1,0,0,0,0,0,0,0,0,4,0,,67,2,2009,3,39.9717,-75.2448,1200.0,6,0,0,0,0,0,1,0,0,,0,0,0,12,1,1,0,,0,39 58:18.187,,0,75 14:41.401,8,0,0,0,67301,0,0,0,N,0,0,0,2,67301,0,,1,1,,N,N,,0,,0,0,0,0,0,,1200,1,2,0,0,0,1,0,3,4,1,2,3,,N,,,,,,,,,,,
2009008635,656.0,0,0,0,0,0,0,0,0,0,1,0,,67,1,2009,3,39.9748,-75.1944,629.0,6,0,0,0,0,0,0,0,0,,0,0,0,6,3,0,0,,0,39 58:32.880,,0,75 11:42.360,0,0,0,0,67301,0,0,0,N,0,0,0,2,68K01,0,,1,1,,N,N,,0,,0,0,1,0,0,,627,0,2,0,0,0,0,0,3,4,1,2,3,,N,,,,,,,,,,,
2009049273,1320.0,1,0,0,0,0,0,1,0,0,5,1,,67,3,2009,5,39.954,-75.23,1318.0,6,0,0,0,0,0,1,0,0,,0,0,0,13,1,2,1,,0,39 57:14.396,,0,75 13:48.057,4,0,0,0,67301,2,0,0,N,0,0,0,26,67301,1,,1,9,,Y,N,,0,,0,0,0,3,2,,1300,2,2,0,0,0,1,0,3,4,0,2,7,,N,,,,,,,,,,,
2009026073,1331.0,2,0,0,0,0,0,0,0,0,4,0,,67,1,2009,4,40.0351,-75.0691,1245.0,6,0,0,0,0,0,0,0,0,,0,0,0,12,1,1,0,,0,40 02:06.237,,7,75 04:08.890,4,0,0,0,67301,0,0,0,N,0,0,0,4,67301,1,,1,1,,N,N,,0,,0,0,0,3,2,,1221,1,2,0,0,0,0,0,3,4,0,2,3,,N,,,,,,,,,,,
2009050446,1837.0,1,0,0,0,0,0,0,0,0,1,0,,67,4,2009,2,39.9797,-75.106,1835.0,6,0,0,0,0,1,0,0,0,1.0,0,0,0,18,1,1,0,,2,39 58:47.473,1.0,0,75 06:21.857,4,0,0,0,67301,0,0,0,N,0,0,0,3,68K01,1,,1,1,,N,N,,0,,0,0,0,0,0,N,1832,1,2,0,0,0,0,0,3,4,1,2,3,,N,,,,,,,,,,,
2009102831,208.0,0,0,0,0,0,0,0,0,0,8,0,,67,5,2009,5,40.0209,-75.14,204.0,6,0,0,0,0,0,0,0,0,3.0,1,0,0,2,3,0,0,,1,40 01:15.875,1.0,0,75 08:22.774,1,0,0,0,67301,1,1,0,N,1,1,0,2,67301,0,2.0,1,9,,N,N,,0,0.0,0,0,0,0,0,N,200,0,2,0,0,0,0,0,3,4,1,1,7,,N,,,,,,,,,,,
2009105775,1725.0,1,0,0,0,0,0,0,0,0,8,0,,67,10,2009,7,40.025,-75.0839,1720.0,6,0,0,0,0,0,0,0,0,,0,0,0,16,1,1,0,,0,40 01:30.144,,0,75 05:02.162,8,0,0,0,67301,1,0,0,N,1,0,0,2,67301,0,,1,1,,N,N,,0,,0,0,0,0,0,,1657,1,2,0,0,0,1,0,3,4,0,1,3,,N,,,,,,,,,,,
2009105893,1428.0,1,0,0,0,0,0,0,0,0,1,0,,67,9,2009,2,40.0523,-75.008,1425.0,6,0,0,0,0,0,0,0,0,1.0,0,0,0,14,1,2,1,,1,40 03:08.606,4.0,0,75 00:28.400,8,0,0,0,67301,0,0,0,N,0,0,0,3,67301,0,,1,1,,N,N,,0,,0,0,1,3,2,N,1420,2,3,0,0,1,2,0,3,4,1,3,3,,N,,,,,,,,,,,
2009105896,825.0,1,0,0,0,0,0,0,0,0,6,0,,67,10,2009,1,39.9614,-75.1498,825.0,6,0,0,0,0,0,0,0,0,,0,0,0,8,1,2,1,,0,39 57:40.930,,0,75 08:59.347,3,0,0,0,67301,0,0,0,N,0,0,0,2,67301,1,,1,1,,N,N,,0,,1,0,0,3,2,,823,2,2,0,0,0,0,0,3,4,1,2,3,,N,,,,,,,,,,,
2009101047,1415.0,1,0,0,0,0,0,0,0,0,8,0,,67,9,2009,3,40.039,-75.15,1408.0,6,0,0,0,0,0,0,0,0,,0,0,0,14,1,1,1,,0,40 02:20.299,,0,75 09:00.122,8,0,0,0,67301,1,0,0,N,1,0,0,3,67301,0,,1,1,,N,N,,0,,0,0,0,3,2,,1400,1,2,0,0,0,1,2,3,4,0,1,3,,N,,,,,,,,,,,
2009100784,1712.0,4,0,0,0,0,0,0,0,0,5,0,,67,9,2009,6,39.9916,-75.1847,1707.0,6,0,0,1,0,0,0,0,0,,0,0,0,16,1,0,1,,0,39 59:29.693,,0,75 11:04.901,0,0,0,0,67301,0,0,0,N,0,0,0,4,67301,0,,1,9,,N,N,,0,,0,0,0,3,2,,1655,0,4,0,0,0,0,0,3,4,0,4,7,,N,,,,,,,,,,,
2009100800,1702.0,0,0,0,1,0,0,0,0,0,4,0,,67,9,2009,6,39.9817,-75.1038,1700.0,6,0,0,0,0,0,1,0,0,,0,0,0,15,1,1,2,,0,39 58:54.090,,0,75 06:13.944,4,0,0,0,67301,1,0,0,N,0,0,0,2,67301,1,,1,1,,N,N,,0,,0,0,1,3,2,,1530,1,2,0,0,0,0,0,3,4,0,1,3,,N,,,,,,,,,,,
2009100810,1801.0,1,0,0,0,0,0,0,0,0,2,0,,67,9,2009,6,40.0316,-75.1292,1800.0,6,0,0,0,0,0,0,0,0,,0,0,0,17,1,1,0,,0,40 01:53.742,,0,75 07:45.040,4,0,0,0,67301,1,0,0,N,1,0,0,3,67301,1,,1,9,,,N,,0,,0,0,0,0,0,,1757,1,2,0,0,0,0,0,3,4,0,1,7,,N,,,,,,,,,,,
2009030603,1230.0,0,0,0,0,0,0,0,0,0,8,0,,67,2,2009,2,39.9651,-75.1608,1221.0,6,0,0,0,0,0,0,0,0,,0,0,0,12,1,1,1,,0,39 57:54.691,,0,75 09:39.103,8,0,0,0,67301,1,0,0,N,1,0,0,2,67301,0,,1,1,,N,N,,1,,0,0,0,3,2,,1200,1,2,0,0,0,1,0,3,4,0,1,3,,N,,,,,,,,,,,
2009030814,1755.0,4,0,0,0,0,0,0,0,0,1,0,,67,2,2009,3,40.0099,-75.1561,1742.0,6,0,0,0,0,0,0,0,1,,0,0,0,17,3,1,0,,0,40 00:35.565,,0,75 09:22.008,4,0,0,0,67301,0,0,0,N,0,0,0,5,67301,1,,1,1,,N,N,,0,,0,0,0,3,2,,1740,1,4,0,0,3,0,0,3,4,0,4,3,,N,,,,,,,,,,,
2009025790,9999.0,2,0,0,0,0,0,0,0,0,6,0,,67,1,2009,5,40.0997,-75.0443,715.0,6,0,0,0,0,0,0,0,0,,0,0,0,99,1,1,0,,0,40 05:58.944,,0,75 02:39.425,4,0,0,0,67301,0,0,0,,0,0,0,2,67301,1,,1,1,,,,,0,,0,0,0,0,0,,9999,1,2,0,0,0,0,0,3,4,0,2,3,,N,,,,,,,,,,,
2009025802,40.0,2,0,0,0,0,0,0,0,0,1,0,,67,1,2009,5,39.9839,-75.1047,40.0,6,0,0,0,0,0,0,0,0,,0,0,0,23,3,0,2,,0,39 59:01.932,,0,75 06:16.761,0,0,0,0,67301,0,0,0,N,0,0,0,1,67301,0,,2,1,,N,N,,0,,0,0,1,0,0,,2350,0,3,0,0,0,0,0,3,4,0,3,3,,N,,,,,,,,,,,
2009025819,1730.0,2,0,0,0,0,0,0,0,0,2,0,,67,1,2009,1,40.0701,-75.1667,1724.0,6,0,0,0,0,0,1,0,0,,0,0,0,17,4,1,1,,0,40 04:12.522,,0,75 10:00.271,8,0,0,0,67301,0,0,0,N,0,0,0,3,67301,0,,1,1,,N,N,,0,,0,0,0,9,2,,1724,1,2,0,0,0,1,1,3,4,0,2,3,,N,,,,,,,,,,,
2009033079,145.0,2,0,0,0,0,0,0,0,0,8,0,,67,1,2009,5,39.9572,-75.1577,141.0,6,0,0,0,0,0,1,0,0,3.0,1,0,0,1,3,0,0,,1,39 57:26.031,3.0,0,75 09:27.807,1,0,0,0,67301,1,1,0,N,1,1,0,4,68K01,0,1.0,1,1,,N,N,,0,0.0,0,0,0,0,0,N,137,0,3,0,0,0,0,0,3,4,0,2,3,,N,,,,,,,,,,,
2009030784,1306.0,1,0,0,0,0,0,0,0,0,8,0,,67,2,2009,1,39.9544,-75.1714,1305.0,6,0,0,0,0,0,0,0,1,,0,0,0,13,1,1,1,,0,39 57:15.840,,0,75 10:17.040,8,0,0,0,67301,1,0,0,N,1,0,0,3,67301,0,,1,1,,N,N,,0,,0,0,0,3,2,,1300,1,2,0,0,0,1,0,3,4,0,1,3,,N,,,,,,,,,,,
2009030789,1239.0,2,0,0,0,0,0,0,0,0,1,0,,67,1,2009,7,40.0364,-75.1741,1239.0,6,0,0,0,0,0,1,0,0,,0,0,0,12,1,2,0,,0,40 02:10.971,,0,75 10:26.846,4,0,0,0,67301,0,0,0,N,0,0,0,8,67301,2,,1,1,,N,N,,0,,0,0,1,3,7,,1239,2,3,0,0,0,0,0,3,4,0,3,3,,N,,,,,,,,,,,
2009038065,916.0,1,0,0,0,0,0,0,0,0,4,0,,67,2,2009,4,40.0099,-75.156,910.0,6,0,0,0,0,0,0,0,1,,0,0,0,9,1,2,1,,0,40 00:35.489,,0,75 09:21.409,4,0,0,0,67301,0,0,0,N,0,0,0,2,67301,2,,1,1,,N,N,,1,,0,0,0,0,0,,906,2,2,0,0,0,0,0,3,4,0,2,3,,N,,,,,,,,,,,
2009032906,1043.0,0,0,0,0,0,0,0,0,0,7,0,,67,1,2009,6,39.9364,-75.2164,1032.0,6,0,0,0,0,0,0,0,0,,0,0,0,10,1,1,2,,0,39 56:11.011,,0,75 12:59.205,8,0,0,0,67301,0,0,0,N,0,0,0,1,67301,0,,5,1,,N,N,,0,,0,0,0,3,3,,1022,1,2,0,0,0,1,0,3,4,1,1,3,,N,,,,,,,,,,,
2009032915,2012.0,0,0,0,0,0,0,0,0,0,4,0,,67,2,2009,1,40.0043,-75.1281,1957.0,6,0,0,0,0,0,0,0,0,,0,0,0,19,3,1,1,,0,40 00:15.609,,0,75 07:41.037,4,0,0,0,67301,0,0,0,N,0,0,0,2,67301,1,,1,1,,N,N,,0,,0,0,2,3,2,,1947,1,2,0,0,1,0,0,3,4,0,2,3,,N,,,,,,,,,,,
2009032920,9999.0,2,0,0,0,0,0,0,0,0,1,0,,67,1,2009,3,39.9406,-75.1711,817.0,6,0,0,0,0,0,0,0,0,,0,0,0,8,1,1,1,,0,39 56:26.296,,0,75 10:16.039,8,0,0,0,67301,0,0,0,N,0,0,0,2,67301,0,,1,2,,N,Y,,0,,0,0,0,0,0,,807,1,2,0,0,0,1,0,3,4,0,2,98,,N,,,,,,,,,,,
2009032931,1152.0,1,0,0,0,0,0,0,0,0,4,0,,67,2,2009,3,39.9917,-75.1378,1149.0,6,0,0,0,1,0,0,0,0,,0,0,0,11,1,0,2,,0,39 59:30.601,,0,75 08:16.280,0,0,0,0,67301,0,0,0,N,0,0,0,4,67301,0,,1,9,,N,N,,0,,0,0,1,0,0,,1145,0,2,0,0,0,0,0,3,4,0,2,3,,N,,,,,,,,,,,
2009032937,905.0,1,0,0,0,0,0,0,0,0,5,0,,67,2,2009,2,40.0211,-75.1245,901.0,6,0,0,0,0,0,0,0,0,,0,1,0,8,1,1,0,,0,40 01:15.913,,0,75 07:28.113,4,0,0,0,67301,0,0,0,N,0,0,0,2,67301,1,,6,1,,N,N,,0,,0,0,0,0,0,,858,1,2,0,0,1,0,0,3,4,0,2,3,,N,,,,,,,,,,,
2009030773,1825.0,2,0,0,0,0,0,0,0,0,1,0,,67,2,2009,2,40.0505,-75.0508,1822.0,6,0,0,0,0,0,0,0,0,1.0,0,0,0,18,3,1,0,,1,40 03:01.800,1.0,0,75 03:02.520,4,0,0,0,67301,0,0,0,N,0,0,0,2,67301,1,,1,1,,N,N,,0,,0,0,0,0,0,N,1820,1,2,0,0,0,0,0,3,4,0,2,3,,N,,,,,,,,,,,
2009025608,1620.0,1,0,0,0,0,0,0,0,0,4,0,,67,1,2009,6,40.1244,-75.0151,1616.0,6,0,0,0,0,0,0,0,0,1.0,0,0,0,16,1,1,0,,1,40 07:27.978,2.0,7,75 00:54.250,8,0,0,0,67301,0,0,0,N,0,0,0,2,67301,0,,1,1,,N,N,,0,,0,0,0,0,0,N,1614,1,2,0,0,0,1,0,3,4,1,2,3,,N,,,,,,,,,,,