CRN,ARRIVAL_TM,AUTOMOBILE_COUNT,BELTED_DEATH_COUNT,BELTED_SUSP_SERIOUS_INJ_COUNT,BICYCLE_COUNT,BICYCLE_DEATH_COUNT,BICYCLE_SUSP_SERIOUS_INJ_COUNT,BUS_COUNT,CHLDPAS_DEATH_COUNT,CHLDPAS_SUSP_SERIOUS_INJ_COUNT,COLLISION_TYPE,COMM_VEH_COUNT,CONS_ZONE_SPD_LIM,COUNTY,CRASH_MONTH,CRASH_YEAR,DAY_OF_WEEK,DEC_LAT,DEC_LONG,DISPATCH_TM,DISTRICT,DRIVER_COUNT_16YR,DRIVER_COUNT_17YR,DRIVER_COUNT_18YR,DRIVER_COUNT_19YR,DRIVER_COUNT_20YR,DRIVER_COUNT_50_64YR,DRIVER_COUNT_65_74YR,DRIVER_COUNT_75PLUS,EST_HRS_CLOSED,FATAL_COUNT,HEAVY_TRUCK_COUNT,HORSE_BUGGY_COUNT,HOUR_OF_DAY,ILLUMINATION,INJURY_COUNT,INTERSECT_TYPE,INTERSECTION_RELATED,LANE_CLOSED,LATITUDE,LN_CLOSE_DIR,LOCATION_TYPE,LONGITUDE,MAX_SEVERITY_LEVEL,MCYCLE_DEATH_COUNT,MCYCLE_SUSP_SERIOUS_INJ_COUNT,MOTORCYCLE_COUNT,MUNICIPALITY,NONMOTR_COUNT,NONMOTR_DEATH_COUNT,NONMOTR_SUSP_SERIOUS_INJ_COUNT,NTFY_HIWY_MAINT,PED_COUNT,PED_DEATH_COUNT,PED_SUSP_SERIOUS_INJ_COUNT,PERSON_COUNT,POLICE_AGCY,POSSIBLE_INJ_COUNT,RDWY_SURF_TYPE_CD,RELATION_TO_ROAD,ROAD_CONDITION,ROADWAY_CLEARED,SCH_BUS_IND,SCH_ZONE_IND,SECONDARY_CRASH,SMALL_TRUCK_COUNT,SPEC_JURIS_CD,SUSP_MINOR_INJ_COUNT,SUSP_SERIOUS_INJ_COUNT,SUV_COUNT,TCD_FUNC_CD,TCD_TYPE,TFC_DETOUR_IND,TIME_OF_DAY,TOT_INJ_COUNT,TOTAL_UNITS,UNB_DEATH_COUNT,UNB_SUSP_SERIOUS_INJ_COUNT,UNBELTED_OCC_COUNT,UNK_INJ_DEG_COUNT,UNK_INJ_PER_COUNT,URBAN_AREA,URBAN_RURAL,VAN_COUNT,VEHICLE_COUNT,WEATHER1,WEATHER2,WORK_ZONE_IND,WORK_ZONE_LOC,WORK_ZONE_TYPE,WORKERS_PRES,WZ_CLOSE_DETOUR,WZ_FLAGGER,WZ_LAW_OFFCR_IND,WZ_LN_CLOSURE,WZ_MOVING,WZ_OTHER,WZ_SHLDER_MDN,WZ_WORKERS_INJ_KILLED
2009025885,1918.0,1,0,0,0,0,0,0,0,0,7,0,,67,1,2009,6,40.0108,-75.165,1915.0,6,0,0,0,0,0,0,0,0,,0,0,0,19,3,1,0,,0,40 00:38.789,,0,75 09:54.026,8,0,0,0,67301,0,0,0,,0,0,0,1,67301,0,,2,1,,,,,0,,0,0,0,0,0,,1912,1,1,0,0,0,1,0,3,4,0,1,3,,N,,,,,,,,,,,
2009025896,1809.0,1,0,0,0,0,0,0,0,0,8,0,,67,1,2009,4,39.9348,-75.1724,9999.0,6,0,0,0,0,0,1,0,0,,0,0,0,18,3,1,0,,0,39 56:05.125,,0,75 10:20.744,4,0,0,0,67301,1,0,0,,1,0,0,2,67301,1,,1,1,,,,,0,,0,0,0,0,0,,1805,1,2,0,0,0,0,0,3,4,0,1,3,,N,,,,,,,,,,,
2009035250,1645.0,0,0,0,0,0,0,0,0,0,1,1,,67,3,2009,3,40.0003,-75.1949,1643.0,6,0,0,0,0,0,0,0,0,,0,1,0,16,1,0,0,,0,40 00:03.724,,0,75 11:40.895,0,0,0,0,67301,0,0,0,N,0,0,0,2,68K01,0,,1,1,,N,N,,0,,0,0,1,0,0,,1643,0,2,0,0,0,0,0,3,4,0,2,3,,N,,,,,,,,,,,
2009030169,1114.0,2,0,0,0,0,0,0,0,0,4,0,,67,1,2009,3,40.122,-75.0161,1112.0,6,0,0,0,0,0,1,0,1,,0,0,0,11,1,1,0,,0,40 07:19.242,,7,75 00:58.010,8,0,0,0,67301,0,0,0,N,0,0,0,3,67301,0,,1,1,,N,N,,0,,0,0,0,0,0,,1110,1,2,0,0,0,1,2,3,4,0,2,3,,N,,,,,,,,,,,
2009030456,1240.0,1,0,0,0,0,0,0,0,0,7,0,,67,1,2009,4,40.0406,-75.0882,1231.0,6,0,0,0,0,0,1,0,0,3.0,0,0,0,12,1,0,0,,2,40 02:26.270,1.0,0,75 05:17.451,0,0,0,0,67301,0,0,0,N,0,0,0,1,67301,0,,5,6,,N,N,,0,,0,0,0,0,0,Y,1221,0,1,0,0,0,0,0,3,4,0,1,10,,N,,,,,,,,,,,
2009096451,1725.0,3,0,0,0,0,0,0,0,0,1,0,,67,8,2009,3,39.969,-75.2639,1715.0,6,0,0,0,0,0,0,0,0,,0,0,0,15,1,1,0,,0,39 58:08.554,,0,75 15:50.119,8,0,0,0,67301,0,0,0,N,0,0,0,3,67301,0,,1,1,,N,N,,0,,0,0,0,0,0,,1509,1,3,0,0,0,1,0,3,4,0,3,3,,N,,,,,,,,,,,
2009111673,114.0,2,0,0,0,0,0,0,0,0,4,0,,67,10,2009,5,39.9942,-75.1078,112.0,6,0,0,0,0,0,0,0,1,,0,0,0,1,3,1,1,,0,39 59:39.085,,0,75 06:28.154,8,0,0,0,67301,0,0,0,,0,0,0,4,67301,0,,1,1,,,,,0,,0,0,0,3,2,,107,1,2,0,0,0,1,0,3,4,0,2,3,,N,,,,,,,,,,,
2009117802,1907.0,2,0,0,0,0,0,0,0,0,1,0,,67,11,2009,5,40.0073,-75.1999,1839.0,6,0,0,0,0,0,0,0,0,,0,0,0,18,3,1,0,,0,40 00:25.204,,0,75 11:56.208,4,0,0,0,67301,0,0,0,N,0,0,0,2,68K01,1,,1,9,,N,N,,0,,0,0,0,0,0,,1835,1,2,0,0,0,0,1,3,4,0,2,7,,N,,,,,,,,,,,
2009101510,1145.0,3,0,0,0,0,0,0,0,0,1,0,,67,10,2009,6,39.9731,-75.1939,1143.0,6,0,0,0,0,0,2,0,0,1.0,0,0,0,11,1,2,0,,2,39 58:26.387,3.0,0,75 11:38.995,4,0,0,0,67301,0,0,0,N,0,0,0,3,68K01,2,,1,1,,N,N,,0,,0,0,0,0,0,Y,1140,2,3,0,0,0,0,0,3,4,0,3,3,,N,,,,,,,,,,,
2009125220,1420.0,4,0,0,0,0,0,0,0,0,4,0,,67,11,2009,6,39.9645,-75.2108,1400.0,6,0,0,0,0,0,0,1,0,,0,0,0,13,1,0,1,,0,39 57:52.304,,0,75 12:38.901,0,0,0,0,67301,6,0,0,N,0,0,0,8,67301,0,,1,1,,N,N,,0,,0,0,0,3,2,,1321,0,4,0,0,0,0,0,3,4,0,4,3,,N,,,,,,,,,,,
2009125237,1000.0,2,0,0,0,0,0,0,0,0,2,0,,67,11,2009,6,40.0148,-75.1568,938.0,6,0,0,0,0,0,0,0,0,2.0,0,0,0,9,1,2,0,,1,40 00:53.305,1.0,7,75 09:24.491,8,0,0,0,67301,0,0,0,N,0,0,0,2,67301,0,,1,1,,N,N,,0,,0,0,0,0,0,N,910,2,2,0,0,0,2,0,3,4,0,2,3,,N,,,,,,,,,,,
2009125254,1906.0,0,0,0,0,0,0,0,0,0,4,0,,67,11,2009,3,39.9175,-75.1761,1905.0,6,0,0,0,0,0,1,0,0,,0,0,0,19,3,2,1,,0,39 55:03.039,,0,75 10:34.125,8,0,0,0,67301,0,0,0,N,0,0,0,3,67301,0,,1,1,,N,N,,0,,0,0,2,3,2,,1900,2,2,0,0,0,2,0,3,4,0,2,3,,N,,,,,,,,,,,
2009125271,2142.0,1,0,0,1,0,0,0,0,0,5,0,,67,11,2009,2,39.9384,-75.1564,2138.0,6,0,0,0,0,0,0,0,0,,0,0,0,21,3,1,0,,0,39 56:18.333,,0,75 09:22.903,4,0,0,0,67301,1,0,0,N,0,0,0,3,67301,1,,1,1,,N,N,,0,,0,0,0,0,0,,2125,1,2,0,0,0,0,1,3,4,0,1,3,,N,,,,,,,,,,,
2009106540,205.0,1,0,0,0,0,0,0,0,0,1,0,,67,10,2009,7,39.8978,-75.2115,158.0,6,0,0,0,0,1,0,0,1,,0,0,0,1,3,0,0,,0,39 53:52.030,,3,75 12:41.381,0,0,0,0,67301,0,0,0,N,0,0,0,3,67301,0,,1,9,,N,N,,0,,0,0,1,0,0,,145,0,2,0,0,2,0,0,3,4,0,2,7,,N,,,,,,,,,,,
2009120400,2124.0,1,0,0,0,0,0,0,0,0,4,0,,67,10,2009,7,40.0264,-75.1079,2116.0,6,0,0,0,0,0,0,0,0,2.0,0,0,0,21,3,1,1,,1,40 01:35.112,2.0,0,75 06:28.606,4,0,0,0,67301,0,0,0,,0,0,0,2,67301,1,,1,9,,,,,1,,0,0,0,0,0,Y,2116,1,3,0,0,0,0,0,3,4,1,3,7,,N,,,,,,,,,,,
2009036723,1550.0,1,0,0,0,0,0,0,0,0,1,0,,67,3,2009,1,39.9942,-75.1564,1545.0,6,0,0,0,0,0,0,0,0,,0,0,0,15,1,3,0,,0,39 59:39.050,,0,75 09:23.165,4,0,0,0,67301,0,0,0,,0,0,0,4,67301,3,,1,1,,N,N,,0,,0,0,0,0,0,,1530,3,2,0,0,3,0,0,3,4,1,2,3,,N,,,,,,,,,,,
2009041841,658.0,1,0,0,0,0,0,0,0,0,1,0,,67,3,2009,4,39.9596,-75.1756,647.0,6,0,0,0,0,0,1,0,0,1.0,0,0,0,6,1,2,0,,2,39 57:35.481,4.0,0,75 10:39.583,4,0,0,0,67301,0,0,0,N,0,0,0,3,68K01,2,,1,1,,N,N,,0,,0,0,1,0,0,N,644,2,2,0,0,1,0,0,3,4,0,2,3,,N,,,,,,,,,,,
2009037495,1800.0,2,0,0,0,0,0,0,0,0,1,0,,67,2,2009,2,40.0,-75.1531,1745.0,6,0,0,0,1,0,1,0,0,,0,0,0,17,1,4,1,,0,39 59:59.964,,0,75 09:11.322,8,0,0,0,67301,0,0,0,,0,0,0,7,67301,0,,1,1,,N,N,,1,,0,0,0,3,2,,1730,4,3,0,0,0,4,1,3,4,0,3,3,,N,,,,,,,,,,,
2009037497,1620.0,3,0,0,0,0,0,0,0,0,4,0,,67,2,2009,4,40.0076,-75.1273,1613.0,6,0,0,0,0,0,2,0,0,,0,0,0,16,1,4,1,,0,40 00:27.502,,0,75 07:38.377,8,0,0,0,67301,0,0,0,N,0,0,0,5,67301,0,,1,1,,N,,,0,,0,0,0,3,2,,1601,4,3,0,0,0,4,1,3,4,0,3,3,,N,,,,,,,,,,,
2009039367,222.0,3,0,0,0,0,0,0,0,0,5,0,,67,2,2009,1,40.0303,-75.2278,218.0,6,0,0,0,0,0,0,0,0,,0,0,0,2,6,0,0,,0,40 01:49.011,,0,75 13:39.914,0,0,0,0,67301,0,0,0,N,0,0,0,1,67301,0,,1,98,,N,N,,0,,0,0,1,2,2,,200,0,4,0,0,0,0,0,3,4,0,4,99,,N,,,,,,,,,,,
2009041933,1512.0,1,0,0,0,0,0,0,0,0,1,0,,67,4,2009,4,39.9769,-75.1976,1511.0,6,0,0,0,0,0,2,0,0,,0,0,0,15,1,2,0,,0,39 58:37.839,,0,75 11:57.110,4,0,0,0,67301,0,0,0,N,0,0,0,4,68K01,2,,1,9,,N,N,,2,,0,0,0,0,0,,1503,2,3,0,0,0,0,0,3,4,0,3,7,,N,,,,,,,,,,,
2009047414,1459.0,1,0,0,0,0,0,0,0,0,5,1,,67,4,2009,7,39.9554,-75.148,1457.0,6,0,0,0,0,0,1,0,0,,0,1,0,14,1,2,0,,0,39 57:18.979,,0,75 08:51.577,8,0,0,0,67301,0,0,0,N,0,0,0,3,67501,0,,1,1,,N,N,,0,,0,0,0,3,8,,1459,2,2,0,0,1,2,0,3,4,0,2,7,,N,,,,,,,,,,,
2009037451,1515.0,2,0,0,0,0,0,0,0,0,6,0,,67,2,2009,6,40.0076,-75.1275,1510.0,6,0,0,1,0,0,0,0,0,,0,0,0,15,1,2,0,,0,40 00:27.436,,0,75 07:39.008,4,0,0,0,67301,0,0,0,N,0,0,0,2,67301,2,,1,1,,N,N,,0,,0,0,0,0,0,,1505,2,2,0,0,0,0,0,3,4,0,2,3,,N,,,,,,,,,,,
2009036985,1225.0,2,0,0,0,0,0,0,0,0,4,0,,67,3,2009,1,39.9497,-75.1604,1220.0,6,0,0,0,0,0,2,0,0,,0,0,0,12,1,0,2,,0,39 56:58.740,,0,75 09:37.407,0,0,0,0,67301,0,0,0,N,0,0,0,3,67301,0,,1,1,,N,N,,0,,0,0,0,3,2,,1200,0,2,0,0,0,0,0,3,4,0,2,3,,N,,,,,,,,,,,
2009098517,526.0,1,0,0,0,0,0,0,0,0,7,0,,67,9,2009,7,39.974,-75.1186,520.0,6,0,0,0,0,0,0,0,0,,0,0,0,5,3,0,0,,0,39 58:32.490,,2,75 06:56.389,0,0,0,0,67301,0,0,0,Y,0,0,0,1,68K01,0,,2,1,,N,N,,0,,0,0,0,0,0,,517,0,1,0,0,0,0,0,3,4,0,1,3,,N,,,,,,,,,,,
2009131692,2301.0,1,0,0,0,0,0,0,0,0,5,0,,67,12,2009,4,39.8991,-75.1771,2247.0,6,0,0,0,0,0,1,0,0,,0,0,0,22,3,0,0,,0,39 53:56.781,,0,75 10:01.021,9,0,0,0,67301,0,0,0,N,0,0,0,2,68K01,0,,1,1,,N,N,,0,,0,0,0,0,0,,2246,0,2,0,0,0,0,1,3,4,1,2,3,,N,,,,,,,,,,,
2009097176,1523.0,0,0,0,0,0,0,0,0,0,1,0,,67,9,2009,7,40.0392,-75.11,1520.0,6,0,0,0,0,0,0,0,0,,0,0,0,15,1,1,1,,0,40 02:20.942,,0,75 06:36.006,4,0,0,0,67301,1,0,0,,1,0,0,2,67301,1,,1,1,,,,,0,,0,0,1,3,2,,1518,1,2,0,0,0,0,0,3,4,0,1,3,,N,,,,,,,,,,,
2009054909,923.0,0,0,0,0,0,0,0,0,0,8,0,,67,4,2009,4,39.9576,-75.1698,922.0,6,0,0,0,0,0,1,0,0,,0,0,0,9,1,1,0,,0,39 57:27.185,,0,75 10:11.274,3,0,0,0,67301,1,0,0,N,1,0,0,2,67301,0,,1,9,,N,Y,,0,,1,0,1,0,0,,914,1,2,0,0,0,0,0,3,4,0,1,7,,N,,,,,,,,,,,
2009124344,905.0,1,0,0,0,0,0,0,0,0,1,0,,67,11,2009,3,40.0545,-75.0098,902.0,6,0,0,0,0,0,1,0,0,2.0,0,0,0,8,1,1,0,,1,40 03:16.178,4.0,0,75 00:35.181,8,0,0,0,67301,0,0,0,N,0,0,0,3,67301,0,,1,1,,N,Y,,0,,0,0,1,0,0,N,825,1,2,0,0,0,1,0,3,4,0,2,3,,N,,,,,,,,,,,
2009086465,2128.0,1,0,0,0,0,0,0,0,0,4,0,,67,8,2009,7,40.0136,-75.0832,2124.0,6,0,0,0,0,1,0,0,0,2.0,0,0,0,21,3,4,1,,2,40 00:48.862,7.0,0,75 04:59.620,8,0,0,0,67301,0,0,0,,0,0,0,4,67301,0,,1,9,,N,N,,0,,0,0,1,3,3,Y,2123,4,2,0,0,0,4,0,3,4,0,2,3,,N,,,,,,,,,,,
2009083715,1348.0,1,0,0,0,0,0,0,0,0,4,0,,67,7,2009,7,39.9774,-75.2271,1346.0,6,0,0,0,0,0,1,1,0,,0,0,0,13,1,1,3,,0,39 58:38.507,,0,75 13:37.478,4,0,0,0,67301,0,0,0,N,0,0,0,2,67301,1,,1,1,,N,N,,0,,0,0,0,3,2,,1344,1,2,0,0,0,0,0,3,4,1,2,3,,N,,,,,,,,,,,
2009083777,1434.0,2,0,0,0,0,0,0,0,0,4,0,,67,7,2009,1,39.9904,-75.1245,1418.0,6,0,0,0,0,0,0,0,0,,0,0,0,14,1,1,2,,0,39 59:25.559,,0,75 07:28.264,4,0,0,0,67301,0,0,0,N,0,0,0,4,67301,1,,1,1,,N,N,,0,,0,0,0,0,0,,1418,1,2,0,0,0,0,1,3,4,0,2,3,,N,,,,,,,,,,,
2009065437,808.0,2,0,0,0,0,0,0,0,0,4,0,,67,5,2009,7,39.9973,-75.1803,805.0,6,0,0,0,0,0,0,0,0,1.0,0,0,0,8,1,0,1,,1,39 59:50.150,2.0,0,75 10:48.932,0,0,0,0,67301,0,0,0,,0,0,0,2,67301,0,,1,1,,,N,,0,,0,0,0,3,2,Y,800,0,2,0,0,0,0,0,3,4,0,2,5,,N,,,,,,,,,,,
2009065475,1638.0,0,0,0,1,0,0,0,0,0,4,0,,67,5,2009,4,39.9123,-75.1605,1638.0,6,0,0,0,0,0,0,0,0,,0,0,0,12,1,1,0,,0,39 54:44.445,,0,75 09:37.717,4,0,0,0,67301,1,0,0,N,0,0,0,2,67301,1,,1,1,,N,N,,0,,0,0,0,0,0,,1200,1,2,0,0,0,0,0,3,4,1,1,3,,N,,,,,,,,,,,
2009120530,106.0,1,0,0,0,0,0,0,0,0,7,0,,67,10,2009,4,39.9466,-75.174,101.0,6,0,0,0,0,0,0,0,0,,0,0,0,0,3,1,0,,0,39 56:47.932,,0,75 10:26.493,3,0,0,0,67301,0,0,0,N,0,0,0,1,67301,0,,5,9,,N,N,,0,,1,0,0,0,0,,55,1,1,0,0,0,0,0,3,4,0,1,7,,N,,,,,,,,,,,
2009120621,2145.0,2,0,0,0,0,0,0,0,0,4,0,,67,10,2009,7,39.9658,-75.2339,2144.0,6,0,0,0,0,0,0,0,0,,0,0,0,21,3,1,1,,0,39 57:57.056,,0,75 14:02.155,8,0,0,0,67301,0,0,0,N,0,0,0,1,67301,0,,1,9,,N,N,,0,,0,0,0,3,2,,2144,1,2,0,0,0,1,0,3,4,0,2,7,,N,,,,,,,,,,,
2009120622,1906.0,0,0,0,1,0,1,0,0,0,4,0,,67,10,2009,6,39.954,-75.1767,1901.0,6,0,0,0,0,0,0,0,1,3.0,0,0,0,18,1,1,1,,2,39 57:14.303,1.0,0,75 10:36.249,2,0,0,0,67301,1,0,1,N,0,0,0,2,67301,0,,1,1,,N,N,,1,,0,1,0,3,2,Y,1859,1,2,0,0,1,0,1,3,4,0,1,3,,N,,,,,,,,,,,
2009115677,2116.0,1,0,0,0,0,0,0,0,0,1,1,55.0,67,11,2009,3,39.9756,-75.1154,2115.0,6,0,0,0,0,0,2,0,0,5.0,0,1,0,21,2,1,0,,2,39 58:34.650,1.0,0,75 06:52.240,8,0,0,0,67301,0,0,0,N,0,0,0,3,68K01,0,,1,1,,N,N,,0,,0,0,1,3,8,N,2114,1,3,0,0,0,1,0,3,4,0,3,3,,Y,2.0,1.0,Y,N,N,Y,Y,Y,N,N,
2009116011,1716.0,0,0,0,0,0,0,0,0,0,7,0,,67,11,2009,6,40.0061,-75.0748,1708.0,6,0,0,0,0,0,0,0,0,,0,0,0,16,3,0,0,,0,40 00:21.655,,0,75 04:29.500,0,0,0,0,67301,0,0,0,N,0,0,0,1,68K01,0,,1,1,,N,N,,0,,0,0,1,0,0,,1646,0,1,0,0,0,0,0,3,4,0,1,3,,N,,,,,,,,,,,
2009111203,1540.0,1,0,0,0,0,0,0,0,0,4,0,,67,10,2009,6,39.9119,-75.1728,1534.0,6,0,0,0,0,0,0,0,0,,0,0,0,15,1,0,1,,0,39 54:42.724,,0,75 10:21.917,0,0,0,0,67301,0,0,0,,0,0,0,2,67301,0,,1,1,,,,,0,,0,0,1,3,2,,1525,0,2,0,0,0,0,0,3,4,0,2,3,,N,,,,,,,,,,,
2009111234,820.0,1,0,0,0,0,0,0,0,0,5,0,,67,10,2009,4,39.9299,-75.1724,815.0,6,0,0,0,0,0,0,0,0,,0,0,0,8,1,1,0,,0,39 55:47.628,,0,75 10:20.511,4,0,0,0,67301,0,0,0,N,0,0,0,2,67301,1,,1,1,,N,N,,0,,0,0,0,0,0,,807,1,2,0,0,0,0,0,3,4,1,2,3,,N,,,,,,,,,,,
2009111769,30.0,1,0,0,0,0,0,0,0,0,4,0,,67,10,2009,1,40.0446,-75.0547,20.0,6,0,0,0,0,0,0,0,0,1.0,0,0,0,0,3,1,1,,2,40 02:40.636,3.0,0,75 03:16.819,8,0,0,0,67301,0,0,0,,0,0,0,2,67301,0,,1,1,,,,,1,,0,0,0,3,2,Y,18,1,2,0,0,0,1,0,3,4,0,2,3,,N,,,,,,,,,,,
2009106810,23.0,1,0,0,0,0,0,0,0,0,5,0,,67,10,2009,6,39.9885,-75.0886,9.0,6,0,0,0,0,0,0,0,0,2.0,0,0,0,0,3,0,0,,1,39 59:18.462,2.0,0,75 05:19.241,9,0,0,0,67301,0,0,0,N,0,0,0,3,68K01,0,,1,1,,N,N,,0,,0,0,1,0,0,N,4,0,2,0,0,0,0,1,3,4,0,2,3,,N,,,,,,,,,,,
2009125094,422.0,1,0,0,0,0,0,0,0,0,7,0,,67,11,2009,7,39.9777,-75.2264,417.0,6,0,0,0,0,0,0,0,0,,0,0,0,4,6,1,2,,0,39 58:39.900,,0,75 13:35.268,2,0,0,0,67301,0,0,0,N,0,0,0,1,67301,0,,1,1,,N,N,,0,,0,1,0,3,3,,417,1,1,0,0,0,0,0,3,4,0,1,3,,N,,,,,,,,,,,
2009125245,1642.0,2,0,0,0,0,0,0,0,0,4,0,,67,11,2009,5,39.9772,-75.2058,1640.0,6,0,0,0,0,0,0,0,0,2.0,0,0,0,16,3,2,5,,2,39 58:37.806,6.0,0,75 12:20.860,8,0,0,0,67301,0,0,0,N,0,0,0,3,67301,0,,1,9,,N,Y,,0,,0,0,1,3,3,Y,1636,2,3,0,0,0,2,0,3,4,0,3,7,,N,,,,,,,,,,,
2009125276,840.0,2,0,0,0,0,0,0,0,0,4,0,,67,11,2009,2,40.0273,-75.1513,836.0,6,0,0,0,0,0,1,0,0,,0,0,0,8,1,1,0,,0,40 01:38.222,,7,75 09:04.792,3,0,0,0,67301,0,0,0,N,0,0,0,3,67301,0,,1,1,,N,N,,0,,1,0,0,0,0,,830,1,2,0,0,0,0,0,3,4,0,2,3,,N,,,,,,,,,,,
2009120404,2305.0,2,0,0,0,0,0,0,0,0,7,0,,67,10,2009,5,40.0775,-75.0438,2304.0,6,0,0,0,0,0,0,0,0,,0,0,0,23,3,1,2,,0,40 04:39.117,,0,75 02:37.534,8,0,0,0,67301,0,0,0,N,0,0,0,1,67301,0,,4,1,,N,N,,0,,0,0,0,3,2,,2304,1,2,0,0,1,1,0,3,4,0,2,3,,N,,,,,,,,,,,
2009036687,1703.0,2,0,0,0,0,0,0,0,0,6,0,,67,3,2009,4,39.9288,-75.1467,1656.0,6,0,0,0,0,0,0,0,0,,0,0,0,16,1,2,0,,0,39 55:43.658,,0,75 08:48.040,8,0,0,0,67301,0,0,0,N,0,0,0,5,67301,0,,1,1,,N,N,,0,,0,0,0,0,0,,1656,2,2,0,0,0,2,2,3,4,0,2,3,,N,,,,,,,,,,,
2009044353,1259.0,1,0,0,0,0,0,0,0,0,4,0,,67,3,2009,7,39.9958,-75.0955,1259.0,6,0,1,0,0,0,0,0,0,,0,0,0,12,1,1,2,,0,39 59:44.756,,0,75 05:43.920,4,0,0,0,67301,0,0,0,N,0,0,0,2,67301,1,,1,1,,N,N,,0,,0,0,1,0,0,,1245,1,2,0,0,0,0,0,3,4,0,2,3,,N,,,,,,,,,,,
2009044523,2020.0,2,0,0,0,0,0,0,0,0,4,0,,67,3,2009,5,39.9336,-75.1457,2015.0,6,0,0,0,0,0,0,1,0,,0,0,0,20,1,1,1,,0,39 56:00.958,,0,75 08:44.392,4,0,0,0,67301,0,0,0,,0,0,0,2,67301,1,,1,9,,,,,0,,0,0,0,0,0,,2015,1,2,0,0,2,0,0,3,4,0,2,3,,N,,,,,,,,,,,
2009037477,825.0,0,0,0,0,0,0,0,0,0,1,0,,67,2,2009,3,39.9248,-75.2381,825.0,6,0,0,0,0,0,1,0,0,,0,0,0,8,1,2,0,,0,39 55:29.416,,0,75 14:17.311,8,0,0,0,67301,0,0,0,N,0,0,0,4,67301,0,,1,1,,N,N,,0,,0,0,2,3,3,,820,2,2,0,0,0,2,0,3,4,0,2,3,,N,,,,,,,,,,,
2009037516,116.0,1,0,0,0,0,0,0,0,0,4,0,,67,2,2009,1,40.0396,-75.0331,111.0,6,0,0,0,0,0,0,0,0,,0,0,0,1,3,1,0,,0,40 02:22.477,,0,75 01:58.973,4,0,0,0,67301,0,0,0,,0,0,0,3,67301,1,,1,1,,N,N,,0,,0,0,1,9,4,,110,1,2,0,0,0,0,0,3,4,0,2,3,,N,,,,,,,,,,,
2009039555,1855.0,2,0,0,0,0,0,0,0,0,4,0,,67,2,2009,4,40.0456,-75.1285,1850.0,6,0,0,0,0,0,0,0,0,,0,0,0,18,3,3,1,,0,40 02:44.255,,0,75 07:42.460,4,0,0,0,67301,0,0,0,N,0,0,0,3,67301,3,,1,1,,N,N,,0,,0,0,0,3,2,,1845,3,2,0,0,0,0,0,3,4,0,2,3,,N,,,,,,,,,,,
2009047429,130.0,1,0,0,0,0,0,1,0,0,5,1,,67,3,2009,5,40.0408,-75.157,9999.0,6,0,0,0,0,0,0,0,0,,0,0,0,15,1,1,1,,0,40 02:26.804,,0,75 09:25.235,4,0,0,0,67301,0,0,0,N,0,0,0,3,67301,1,,3,1,,N,N,,0,,0,0,0,9,2,,1510,1,2,0,0,0,0,1,3,4,0,2,3,,N,,,,,,,,,,,
2009037338,1615.0,0,0,0,0,0,0,0,0,0,7,0,,67,2,2009,1,39.9574,-75.1978,1613.0,6,0,0,0,0,0,0,0,0,,0,0,0,16,1,1,1,,0,39 57:26.528,,0,75 11:52.006,2,0,0,0,67301,0,0,0,N,0,0,0,1,67301,0,,5,1,,N,N,,1,,0,1,0,0,0,,1609,1,1,0,0,0,0,0,3,4,0,1,3,,N,,,,,,,,,,,
2009039253,2049.0,1,0,0,0,0,0,0,0,0,8,0,,67,1,2009,2,40.0278,-75.0601,2048.0,6,0,0,0,0,0,0,0,0,1.0,0,0,0,20,3,1,1,,2,40 01:40.042,1.0,0,75 03:36.278,2,0,0,0,67301,1,0,1,N,1,0,1,2,67301,0,,1,1,,N,N,,0,,0,1,0,3,2,Y,2045,1,2,0,0,0,0,0,3,4,0,1,3,,N,,,,,,,,,,,
2009039256,1845.0,0,0,0,0,0,0,0,0,0,4,0,,67,2,2009,4,39.9699,-75.2412,1841.0,6,0,0,0,0,0,0,0,1,,0,0,0,18,3,1,2,,0,39 58:11.481,,0,75 14:28.150,4,0,0,0,67301,0,0,0,N,0,0,0,3,67301,1,,1,1,,N,N,,0,,0,0,0,0,0,,1841,1,2,0,0,0,0,1,3,4,1,2,3,,N,,,,,,,,,,,
2009039260,1630.0,2,0,0,0,0,0,0,0,0,4,0,,67,2,2009,4,39.9985,-75.2321,1630.0,6,0,0,0,0,0,0,0,1,9.0,0,0,0,16,1,1,1,,1,39 59:53.816,3.0,7,75 13:57.386,8,0,0,0,67301,0,0,0,,0,0,0,2,67301,0,,1,1,,,,,0,,0,0,0,0,0,N,1615,1,2,0,0,0,1,0,3,4,0,2,3,,N,,,,,,,,,,,
2009039263,1400.0,5,0,0,0,0,0,1,0,0,2,1,,67,2,2009,7,40.0002,-75.212,1338.0,6,0,0,0,0,0,1,0,0,,0,0,0,13,1,4,0,,0,40 00:00.817,,0,75 12:43.185,8,0,0,0,67301,0,0,0,N,0,0,0,5,67301,0,,1,1,,N,N,,0,,0,0,0,9,9,,1338,4,6,0,0,0,4,0,3,4,0,6,3,,N,,,,,,,,,,,