CRN,ARRIVAL_TM,AUTOMOBILE_COUNT,BELTED_DEATH_COUNT,BELTED_SUSP_SERIOUS_INJ_COUNT,BICYCLE_COUNT,BICYCLE_DEATH_COUNT,BICYCLE_SUSP_SERIOUS_INJ_COUNT,BUS_COUNT,CHLDPAS_DEATH_COUNT,CHLDPAS_SUSP_SERIOUS_INJ_COUNT,COLLISION_TYPE,COMM_VEH_COUNT,CONS_ZONE_SPD_LIM,COUNTY,CRASH_MONTH,CRASH_YEAR,DAY_OF_WEEK,DEC_LAT,DEC_LONG,DISPATCH_TM,DISTRICT,DRIVER_COUNT_16YR,DRIVER_COUNT_17YR,DRIVER_COUNT_18YR,DRIVER_COUNT_19YR,DRIVER_COUNT_20YR,DRIVER_COUNT_50_64YR,DRIVER_COUNT_65_74YR,DRIVER_COUNT_75PLUS,EST_HRS_CLOSED,FATAL_COUNT,HEAVY_TRUCK_COUNT,HORSE_BUGGY_COUNT,HOUR_OF_DAY,ILLUMINATION,INJURY_COUNT,INTERSECT_TYPE,INTERSECTION_RELATED,LANE_CLOSED,LATITUDE,LN_CLOSE_DIR,LOCATION_TYPE,LONGITUDE,MAX_SEVERITY_LEVEL,MCYCLE_DEATH_COUNT,MCYCLE_SUSP_SERIOUS_INJ_COUNT,MOTORCYCLE_COUNT,MUNICIPALITY,NONMOTR_COUNT,NONMOTR_DEATH_COUNT,NONMOTR_SUSP_SERIOUS_INJ_COUNT,NTFY_HIWY_MAINT,PED_COUNT,PED_DEATH_COUNT,PED_SUSP_SERIOUS_INJ_COUNT,PERSON_COUNT,POLICE_AGCY,POSSIBLE_INJ_COUNT,RDWY_SURF_TYPE_CD,RELATION_TO_ROAD,ROAD_CONDITION,ROADWAY_CLEARED,SCH_BUS_IND,SCH_ZONE_IND,SECONDARY_CRASH,SMALL_TRUCK_COUNT,SPEC_JURIS_CD,SUSP_MINOR_INJ_COUNT,SUSP_SERIOUS_INJ_COUNT,SUV_COUNT,TCD_FUNC_CD,TCD_TYPE,TFC_DETOUR_IND,TIME_OF_DAY,TOT_INJ_COUNT,TOTAL_UNITS,UNB_DEATH_COUNT,UNB_SUSP_SERIOUS_INJ_COUNT,UNBELTED_OCC_COUNT,UNK_INJ_DEG_COUNT,UNK_INJ_PER_COUNT,URBAN_AREA,URBAN_RURAL,VAN_COUNT,VEHICLE_COUNT,WEATHER1,WEATHER2,WORK_ZONE_IND,WORK_ZONE_LOC,WORK_ZONE_TYPE,WORKERS_PRES,WZ_CLOSE_DETOUR,WZ_FLAGGER,WZ_LAW_OFFCR_IND,WZ_LN_CLOSURE,WZ_MOVING,WZ_OTHER,WZ_SHLDER_MDN,WZ_WORKERS_INJ_KILLED
2009036955,1143.0,1,0,0,0,0,0,0,0,0,1,0,,67,3,2009,4,39.9317,-75.168,1133.0,6,0,0,0,0,1,0,0,0,,0,0,0,11,1,1,1,,0,39 55:54.074,,0,75 10:05.339,8,0,0,0,67301,0,0,0,,0,0,0,2,67301,0,,1,2,,,,,0,,0,0,0,3,2,,1133,1,2,0,0,0,1,0,3,4,1,2,3,,N,,,,,,,,,,,
2009036957,2323.0,2,0,0,0,0,0,0,0,0,5,0,,67,3,2009,5,40.0049,-75.1943,2317.0,6,0,0,0,0,0,0,0,0,1.0,0,0,0,23,3,1,0,,2,40 00:10.120,1.0,2,75 11:39.756,3,0,0,0,67301,0,0,0,N,0,0,0,2,67301,0,,1,1,,N,N,,0,,1,0,0,0,0,Y,2315,1,2,0,0,0,0,0,3,4,0,2,3,,N,,,,,,,,,,,
2009126987,1435.0,2,0,1,0,0,0,0,0,0,6,0,,67,9,2009,1,39.9675,-75.181,1424.0,6,0,0,0,0,0,1,0,0,,0,0,0,14,1,2,0,,0,39 58:03.068,,0,75 10:52.375,2,0,0,0,67301,0,0,0,N,0,0,0,2,67301,0,,1,1,,N,N,,0,,0,2,0,0,0,,1415,2,2,0,0,0,0,0,3,4,0,2,3,,N,,,,,,,,,,,
2009126990,2340.0,2,0,0,0,0,0,0,0,0,4,0,,67,10,2009,7,40.0367,-75.1584,2252.0,6,0,0,0,0,0,0,0,0,,0,0,0,99,3,2,1,,0,40 02:12.109,,0,75 09:30.211,8,0,0,0,67301,0,0,0,,0,0,0,3,67301,0,,1,1,,N,N,,0,,0,0,0,3,2,,9999,2,2,0,0,0,2,0,3,4,0,2,3,,N,,,,,,,,,,,
2009124469,817.0,0,0,0,0,0,0,0,0,0,8,0,,67,11,2009,3,40.0331,-75.0316,815.0,6,0,0,0,0,0,0,0,0,,0,0,0,8,1,2,1,,0,40 01:59.160,,0,75 01:53.738,4,0,0,0,67301,2,0,0,N,2,0,0,3,67301,1,,1,1,,N,N,,0,,0,0,1,3,3,,809,2,3,0,0,0,1,0,3,4,0,1,98,,N,,,,,,,,,,,
2009097184,15.0,3,0,0,0,0,0,0,0,0,1,0,,67,9,2009,5,39.9249,-75.174,14.0,6,0,0,0,0,0,0,0,0,,0,0,0,0,3,4,5,,0,39 55:29.447,,0,75 10:22.035,3,0,0,0,67301,0,0,0,N,0,0,0,6,67301,3,,1,1,,N,N,,0,,1,0,0,3,2,,13,4,3,0,0,0,0,0,3,4,0,3,3,,N,,,,,,,,,,,
2009124377,1630.0,1,0,0,0,0,0,0,0,0,1,0,,67,11,2009,3,39.9651,-75.1608,1627.0,6,0,0,0,0,0,1,0,0,,0,0,0,16,1,1,2,,0,39 57:54.690,,0,75 09:39.103,4,0,0,0,67301,0,0,0,N,0,0,0,3,67301,1,,1,1,,N,N,,0,,0,0,1,3,2,,1625,1,2,0,0,3,0,0,3,4,0,2,3,,N,,,,,,,,,,,
2009086463,1054.0,2,0,0,0,0,0,0,0,0,6,0,,67,7,2009,2,39.9898,-75.1255,1052.0,6,0,0,0,0,1,0,0,0,2.0,0,0,0,10,1,1,1,,1,39 59:23.298,3.0,0,75 07:31.934,4,0,0,0,67301,0,0,0,,0,0,0,3,67301,1,,1,1,,,,,0,,0,0,0,1,2,N,1044,1,2,0,0,0,0,0,3,4,0,2,3,,N,,,,,,,,,,,
2009065355,817.0,1,0,0,0,0,0,0,0,0,5,0,,67,5,2009,7,40.0219,-75.1255,759.0,6,0,0,0,0,0,0,0,0,,0,0,0,7,1,1,0,,0,40 01:18.685,,0,75 07:31.882,4,0,0,0,67301,0,0,0,N,0,0,0,1,67301,1,,2,1,,N,N,,2,,0,0,0,0,0,,755,1,3,0,0,1,0,0,3,4,0,3,3,,N,,,,,,,,,,,
2009065442,1108.0,1,0,0,0,0,0,0,0,0,4,0,,67,5,2009,6,39.9408,-75.1661,1107.0,6,0,0,0,0,0,0,0,1,,0,0,0,11,1,2,1,,0,39 56:26.771,,0,75 09:57.851,4,0,0,0,67301,0,0,0,N,0,0,0,2,67301,1,,1,1,,N,N,,0,,0,0,1,3,2,,1105,2,2,0,0,0,1,0,3,4,0,2,3,,N,,,,,,,,,,,
2009065445,835.0,1,0,0,0,0,0,0,0,0,8,0,,67,5,2009,5,39.9501,-75.1706,823.0,6,0,0,0,0,0,0,0,0,,0,0,0,8,6,1,1,,0,39 57:00.482,,0,75 10:14.160,4,0,0,0,67301,1,0,0,N,1,0,0,2,67301,1,,4,9,,N,N,,0,,0,0,0,3,2,,820,1,2,0,0,0,0,0,3,4,0,1,7,,N,,,,,,,,,,,
2009120519,812.0,2,0,0,0,0,0,0,0,0,1,0,,67,10,2009,5,40.053,-74.9827,805.0,6,0,0,0,0,1,0,0,0,,0,0,0,8,1,1,1,,0,40 03:10.763,,0,74 58:57.761,4,0,0,0,67301,0,0,0,N,0,0,0,2,67301,1,,1,1,,N,N,,0,,0,0,0,3,1,,800,1,2,0,0,0,0,0,3,4,0,2,3,,N,,,,,,,,,,,
2009120533,639.0,1,0,0,0,0,0,0,0,0,8,0,,67,10,2009,4,40.0132,-75.0704,633.0,6,0,0,0,0,0,0,0,0,,0,0,0,6,5,1,1,,0,40 00:47.439,,0,75 04:13.514,8,0,0,0,67301,1,0,0,N,1,0,0,2,67301,0,,1,9,,N,N,,0,,0,0,0,2,2,,628,1,2,0,0,1,1,0,3,4,0,1,7,,N,,,,,,,,,,,
2009120567,5.0,1,0,0,0,0,0,0,0,0,8,0,,67,10,2009,1,39.9507,-75.1689,1.0,6,0,0,0,0,0,0,0,0,,0,0,0,0,3,1,1,,0,39 57:02.545,,0,75 10:08.180,8,0,0,0,67301,1,0,0,,1,0,0,2,67301,0,,1,9,,,,,0,,0,0,0,3,2,,1,1,2,0,0,0,1,0,3,4,0,1,3,,N,,,,,,,,,,,
2009120596,1922.0,1,0,0,0,0,0,0,0,0,4,0,,67,10,2009,1,39.9057,-75.1757,1915.0,6,0,0,0,0,0,1,0,0,1.0,0,0,0,19,3,3,0,,1,39 54:20.372,3.0,7,75 10:32.541,4,0,0,0,67301,0,0,0,N,0,0,0,3,67301,3,,1,1,,N,N,,0,,0,0,1,0,0,Y,1915,3,2,0,0,0,0,0,3,4,0,2,3,,N,,,,,,,,,,,
2009120598,1850.0,2,0,0,0,0,0,0,0,0,7,0,,67,10,2009,7,39.9704,-75.1899,1844.0,6,0,0,0,0,0,0,0,0,1.0,0,0,0,18,3,0,0,,1,39 58:13.012,5.0,0,75 11:23.192,0,0,0,0,67301,0,0,0,N,0,0,0,3,67301,0,,2,9,,N,N,,0,,0,0,0,0,0,N,1844,0,2,0,0,0,0,0,3,4,0,2,7,,N,,,,,,,,,,,
2009111417,755.0,1,0,0,0,0,0,0,0,0,4,0,,67,9,2009,5,39.9532,-75.2151,750.0,6,0,0,0,0,0,1,0,0,,0,0,0,7,1,3,2,,0,39 57:11.689,,0,75 12:54.489,3,0,0,0,67301,0,0,0,N,0,0,0,3,67301,0,,1,9,,N,N,,0,,3,0,1,0,0,,708,3,2,0,0,0,0,0,3,4,0,2,7,,N,,,,,,,,,,,
2009111431,1025.0,0,0,0,0,0,0,0,0,0,1,0,,67,10,2009,5,40.0253,-75.133,1020.0,6,0,0,0,0,0,0,1,0,1.0,0,0,0,10,1,1,0,,1,40 01:31.087,1.0,0,75 07:58.638,8,0,0,0,67301,0,0,0,N,0,0,0,2,67301,0,,1,1,,N,N,,1,,0,0,1,0,0,N,1020,1,2,0,0,0,1,1,3,4,0,2,3,,N,,,,,,,,,,,
2009120728,230.0,2,0,0,0,0,0,0,0,0,5,0,,67,10,2009,1,40.0158,-75.1411,228.0,6,0,0,0,0,0,0,0,0,,0,0,0,2,3,1,1,,0,40 00:56.894,,0,75 08:28.039,8,0,0,0,67301,0,0,0,N,0,0,0,5,67301,0,,1,9,,N,N,,0,,0,0,0,3,2,,225,1,2,0,0,0,1,1,3,4,0,2,7,,N,,,,,,,,,,,
2009120750,1338.0,0,0,0,0,0,0,0,0,0,5,0,,67,11,2009,1,39.9117,-75.1724,1331.0,6,0,0,0,0,0,0,0,0,9.0,0,0,0,13,1,2,1,,1,39 54:42.148,4.0,0,75 10:20.534,4,0,0,2,67301,0,0,0,N,0,0,0,4,67301,2,,1,1,,N,N,,0,,0,0,0,3,2,N,1331,2,2,0,0,0,0,0,3,4,0,2,3,,N,,,,,,,,,,,
2009066436,1653.0,0,0,0,0,0,0,0,0,0,8,0,,67,6,2009,6,39.9695,-75.2254,1652.0,6,0,0,0,0,0,0,0,0,,0,0,0,16,1,1,0,,0,39 58:10.055,,0,75 13:31.301,3,0,0,0,67301,1,0,0,N,1,0,0,2,67301,0,,1,9,,N,N,,0,,1,0,0,3,2,,1649,1,2,0,0,0,0,0,3,4,1,1,7,,N,,,,,,,,,,,
2009063754,1859.0,1,0,0,0,0,0,0,0,0,8,0,,67,5,2009,4,39.9863,-75.1119,1854.0,6,0,0,0,0,0,0,0,0,,0,0,0,18,1,1,2,,0,39 59:10.687,,0,75 06:42.883,4,0,0,0,67301,1,0,0,N,1,0,0,2,67301,1,,1,1,,N,N,,0,,0,0,0,0,0,,1849,1,2,0,0,0,0,1,3,4,0,1,3,,N,,,,,,,,,,,
2009063837,1758.0,0,0,0,0,0,0,0,0,0,1,0,,67,4,2009,6,39.9893,-75.1555,1756.0,6,0,0,0,0,0,0,0,0,,0,0,0,17,1,1,0,,0,39 59:21.390,,0,75 09:19.758,4,0,0,0,67301,0,0,0,N,0,0,0,3,67301,1,,1,1,,N,N,,1,,0,0,2,0,0,,1750,1,3,0,0,0,0,0,3,4,0,3,3,,N,,,,,,,,,,,
2009066319,924.0,2,0,0,0,0,0,0,0,0,1,0,,67,6,2009,4,39.9947,-75.084,912.0,6,0,0,0,0,0,1,0,0,1.0,0,0,0,9,1,0,0,,1,39 59:40.560,2.0,0,75 05:02.760,0,0,0,0,67301,0,0,0,N,0,0,0,2,68K01,0,,1,1,,N,N,,0,,0,0,0,0,0,N,907,0,2,0,0,0,0,0,3,4,0,2,3,,N,,,,,,,,,,,
2009058825,726.0,1,0,0,0,0,0,0,0,0,5,0,,67,4,2009,1,40.0215,-75.1398,725.0,6,0,0,0,0,0,0,0,0,1.0,0,0,0,7,1,2,2,,1,40 01:17.490,2.0,0,75 08:23.320,4,0,0,0,67301,0,0,0,,0,0,0,3,67301,2,,1,1,,N,N,,0,,0,0,1,3,2,Y,720,2,2,0,0,0,0,0,3,4,0,2,3,,N,,,,,,,,,,,
2009032901,2147.0,1,0,0,0,0,0,0,0,0,1,0,,67,1,2009,1,39.9025,-75.2398,2140.0,6,0,0,0,0,0,0,1,0,,0,0,0,21,3,1,0,,0,39 54:08.910,,0,75 14:23.268,8,0,0,0,67301,0,0,0,N,0,0,0,2,67301,0,,1,2,,N,N,,0,,0,0,1,0,0,,2138,1,2,0,0,1,1,0,3,4,0,2,10,,N,,,,,,,,,,,
2009032904,436.0,2,0,0,0,0,0,0,0,0,4,0,,67,2,2009,1,40.0361,-75.1277,436.0,6,0,0,0,0,0,0,0,0,,0,0,0,4,3,1,0,,0,40 02:09.877,,0,75 07:39.893,8,0,0,0,67301,0,0,0,N,0,0,0,1,67301,0,,2,1,,N,,,0,,0,0,0,0,0,,435,1,2,0,0,0,1,0,3,4,0,2,3,,N,,,,,,,,,,,
2009030423,1850.0,2,0,0,0,0,0,0,0,0,1,0,,67,2,2009,3,39.9604,-75.2411,1850.0,6,0,0,0,0,0,1,0,0,,0,0,0,15,1,1,1,,0,39 57:37.584,,0,75 14:27.759,8,0,0,0,67301,0,0,0,N,0,0,0,2,67301,0,,1,2,,N,N,,0,,0,0,0,3,2,,1523,1,2,0,0,1,1,0,3,4,0,2,10,,N,,,,,,,,,,,
2009125289,101.0,4,0,0,0,0,0,0,0,0,2,0,,67,11,2009,2,40.045,-75.1235,59.0,6,0,0,0,0,0,0,0,0,,0,0,0,0,3,1,1,,0,40 02:41.988,,0,75 07:24.833,4,0,0,0,67301,0,0,0,N,0,0,0,3,67301,1,,1,1,,N,N,,0,,0,0,0,3,2,,31,1,4,0,0,0,0,0,3,4,0,4,3,,N,,,,,,,,,,,
2009111663,1035.0,2,0,0,0,0,0,0,0,0,4,0,,67,10,2009,6,40.0762,-75.0547,1029.0,6,0,0,0,0,1,0,1,0,,0,0,0,10,1,0,0,,0,40 04:34.173,,0,75 03:17.073,0,0,0,0,67301,0,0,0,N,0,0,0,2,67301,0,,1,9,,N,N,,0,,0,0,0,0,0,,1029,0,2,0,0,2,0,0,3,4,0,2,7,,N,,,,,,,,,,,
2009111666,1835.0,1,0,0,0,0,0,0,0,0,1,0,,67,10,2009,6,40.1199,-75.0092,1821.0,6,0,0,0,0,0,0,0,0,,0,0,0,18,1,1,0,,0,40 07:11.719,,0,75 00:33.220,8,0,0,0,67301,0,0,0,,0,0,0,2,67301,0,,1,1,,,,,0,,0,0,1,3,2,,1821,1,2,0,0,0,1,0,3,4,0,2,3,,N,,,,,,,,,,,
2009125045,1110.0,2,0,0,0,0,0,0,0,0,2,0,,67,11,2009,3,40.0212,-75.2075,1101.0,6,0,0,0,0,0,0,0,1,,0,0,0,11,1,1,2,,0,40 01:16.370,,0,75 12:27.107,3,0,0,0,67301,0,0,0,N,0,0,0,2,67301,0,,1,1,,N,N,,0,,1,0,0,0,0,,1100,1,2,0,0,0,0,0,3,4,0,2,3,,N,,,,,,,,,,,
2009125597,2345.0,1,0,0,0,0,0,0,0,0,7,0,,67,12,2009,4,39.9571,-75.1566,2342.0,6,0,0,0,0,0,0,0,0,1.0,0,0,0,23,3,1,0,,1,39 57:25.560,3.0,0,75 09:23.760,4,0,0,0,67301,0,0,0,N,0,0,0,1,68K02,1,,3,9,,N,N,,0,,0,0,0,0,0,N,2340,1,1,0,0,0,0,0,3,4,0,1,7,,N,,,,,,,,,,,
2009125108,51.0,2,0,0,0,0,0,0,0,0,1,0,,67,11,2009,7,40.0465,-75.1544,41.0,6,0,0,0,0,0,0,0,0,,0,0,0,0,3,3,0,,0,40 02:47.238,,0,75 09:15.832,2,0,0,0,67301,0,0,0,N,0,0,0,3,67301,1,,2,1,,N,N,,0,,0,2,1,0,0,,40,3,4,0,2,3,0,0,3,4,1,4,3,,N,,,,,,,,,,,
2009125171,1338.0,1,0,0,0,0,0,0,0,0,5,0,,67,11,2009,6,40.0248,-75.1255,1327.0,6,0,0,0,1,0,1,0,0,,0,0,0,13,1,1,2,,0,40 01:29.402,,0,75 07:31.771,4,0,0,0,67301,0,0,0,,0,0,0,2,67301,1,,1,1,,,,,0,,0,0,0,0,0,,1320,1,2,0,0,0,0,0,3,4,1,2,3,,N,,,,,,,,,,,
2009125286,1205.0,2,0,0,0,0,0,0,0,0,5,0,,67,11,2009,4,40.0377,-75.1273,1204.0,6,0,0,0,0,0,0,0,0,,0,0,0,11,1,0,0,,0,40 02:15.849,,0,75 07:38.254,0,0,0,0,67301,1,0,0,N,1,0,0,2,67301,0,,1,9,,N,N,,0,,0,0,0,0,0,,1145,0,3,0,0,1,0,0,3,4,0,2,7,,N,,,,,,,,,,,
2009120393,806.0,1,0,0,0,0,0,0,0,0,7,0,,67,10,2009,1,40.0737,-75.0023,806.0,6,0,0,0,0,0,0,0,0,,0,0,0,8,1,1,0,,0,40 04:25.301,,0,75 00:08.341,8,0,0,0,67301,0,0,0,N,0,0,0,1,67301,0,,2,9,,N,N,,0,,0,0,0,0,0,,806,1,1,0,0,0,1,0,3,4,0,1,7,,N,,,,,,,,,,,
2009111823,1256.0,2,0,0,0,0,0,0,0,0,2,0,,67,10,2009,6,40.0455,-75.0883,1256.0,6,0,0,0,0,0,1,0,1,,0,0,0,12,1,3,1,,0,40 02:43.859,,0,75 05:17.937,4,0,0,0,67301,0,0,0,,0,0,0,3,67301,3,,1,1,,,,,0,,0,0,0,3,2,,1253,3,2,0,0,0,0,0,3,4,0,2,3,,N,,,,,,,,,,,
2009111827,1730.0,2,0,0,0,0,0,0,0,0,4,0,,67,10,2009,6,40.0115,-75.0698,1720.0,6,0,0,0,0,0,0,0,0,1.0,0,0,0,99,1,2,1,,1,40 00:41.506,6.0,0,75 04:11.278,4,0,0,0,67301,0,0,0,,0,0,0,2,67301,2,,1,1,,,,,0,,0,0,0,3,2,Y,9999,2,2,0,0,0,0,0,3,4,0,2,3,,N,,,,,,,,,,,
2009039225,1805.0,2,0,0,0,0,0,0,0,0,1,0,,67,1,2009,6,39.9444,-75.2097,1804.0,6,0,0,0,0,0,0,0,0,,0,0,0,16,3,1,1,,0,39 56:39.994,,0,75 12:35.078,4,0,0,0,67301,0,0,0,N,0,0,0,2,67301,1,,1,1,,N,N,,0,,0,0,0,3,2,,1637,1,2,0,0,0,0,0,3,4,0,2,3,,N,,,,,,,,,,,
2009044384,1315.0,2,0,0,0,0,0,0,0,0,1,0,,67,3,2009,1,40.0806,-74.9931,1305.0,6,0,0,0,0,0,1,0,0,,0,0,0,12,1,0,0,,0,40 04:50.196,,0,74 59:35.041,0,0,0,0,67301,0,0,0,N,0,0,0,2,67301,0,,1,1,,N,N,,0,,0,0,0,0,0,,1247,0,2,0,0,0,0,0,3,4,0,2,3,,N,,,,,,,,,,,
2009049752,1811.0,1,0,0,0,0,0,0,0,0,8,0,,67,4,2009,1,39.9565,-75.2346,1806.0,6,0,0,0,0,0,1,0,0,,0,0,0,18,1,1,0,,0,39 57:23.529,,0,75 14:04.527,3,0,0,0,67301,1,0,0,N,1,0,0,2,67301,0,,1,1,,N,Y,,0,,1,0,0,0,0,,1800,1,2,0,0,1,0,0,3,4,0,1,3,,N,,,,,,,,,,,
2009049777,645.0,2,0,0,0,0,0,0,0,0,4,0,,67,4,2009,7,40.0402,-75.0277,643.0,6,0,0,0,0,0,0,0,0,1.0,0,0,0,6,5,0,0,,1,40 02:24.848,4.0,0,75 01:39.567,0,0,0,0,67301,0,0,0,N,0,0,0,1,67301,0,,2,1,,N,N,,0,,0,0,0,0,0,N,640,0,2,0,0,0,0,0,3,4,0,2,3,,N,,,,,,,,,,,
2009039431,2338.0,1,0,0,0,0,0,0,0,0,7,0,,67,2,2009,5,39.9237,-75.1934,2336.0,6,0,0,0,0,0,0,0,0,,0,0,0,23,3,1,0,,0,39 55:25.209,,0,75 11:36.202,4,0,0,0,67301,0,0,0,,0,0,0,2,67301,1,,2,1,,,,,0,,0,0,0,0,0,,2327,1,1,0,0,0,0,0,3,4,0,1,3,,N,,,,,,,,,,,
2009039089,1445.0,1,0,0,0,0,0,0,0,0,5,0,,67,2,2009,1,40.0865,-75.0459,1440.0,6,0,0,0,0,0,1,0,0,,0,0,0,14,1,0,0,,0,40 05:11.356,,0,75 02:45.258,0,0,0,0,67301,0,0,0,N,0,0,0,2,67301,0,,1,1,,N,N,,0,,0,0,1,0,0,,1435,0,2,0,0,0,0,0,3,4,0,2,3,,N,,,,,,,,,,,
2009037370,1700.0,1,0,0,0,0,0,0,0,0,5,0,,67,3,2009,4,40.032,-75.1589,1657.0,6,0,0,0,0,0,0,0,0,,0,0,0,16,4,1,0,,0,40 01:55.243,,0,75 09:32.108,4,0,0,0,67301,0,0,0,N,0,0,0,2,67301,1,,1,98,,N,N,,0,,0,0,0,0,0,,1640,1,2,0,0,0,0,0,3,4,1,2,99,,N,,,,,,,,,,,
2009039294,1835.0,1,0,0,0,0,0,0,0,0,8,0,,67,2,2009,2,39.9574,-75.2438,1830.0,6,0,0,0,0,0,0,0,0,,0,0,0,18,3,1,1,,0,39 57:26.802,,0,75 14:37.600,4,0,0,0,67301,1,0,0,N,1,0,0,2,67301,1,,1,1,,N,N,,0,,0,0,0,3,3,,1810,1,2,0,0,0,0,1,3,4,0,1,3,,N,,,,,,,,,,,
2009047078,1703.0,2,0,0,0,0,0,0,0,0,1,0,,67,2,2009,6,39.9537,-75.1386,1700.0,6,0,0,0,0,0,0,0,0,,0,0,0,16,4,3,0,,0,39 57:13.254,,0,75 08:19.000,4,0,0,0,67301,0,0,0,N,0,0,0,6,67501,2,,1,9,,N,N,,0,,0,0,1,3,8,,1659,3,3,0,0,0,1,0,3,4,0,3,7,,N,,,,,,,,,,,
2009047093,1552.0,2,0,0,0,0,0,0,0,0,7,0,,67,4,2009,4,40.0071,-75.1963,1548.0,6,0,0,0,0,0,0,0,0,2.0,0,0,0,15,1,1,0,,2,40 00:25.699,6.0,0,75 11:46.645,8,0,0,0,67301,0,0,0,N,0,0,0,3,67301,0,,4,9,,N,N,,0,,0,0,0,0,0,N,1548,1,2,0,0,0,1,0,3,4,0,2,7,,N,,,,,,,,,,,
2009044425,255.0,2,0,0,0,0,0,0,0,0,4,0,,67,3,2009,1,39.9531,-75.1399,253.0,6,0,0,0,0,1,0,0,0,,0,0,0,2,3,3,0,,0,39 57:11.056,,7,75 08:23.617,4,0,0,0,67301,0,0,0,N,0,0,0,5,67301,2,,1,1,,N,N,,0,,0,0,0,0,0,,244,3,2,0,0,0,1,0,3,4,0,2,3,,N,,,,,,,,,,,
2009044469,1300.0,3,0,0,0,0,0,0,0,0,4,0,,67,3,2009,1,39.9613,-75.2055,9999.0,6,0,0,0,0,0,1,0,0,,0,0,0,13,1,2,1,,0,39 57:40.813,,0,75 12:19.627,4,0,0,0,67301,0,0,0,,0,0,0,3,67301,2,,1,1,,,,,0,,0,0,0,3,3,,1300,2,3,0,0,0,0,0,3,4,0,3,3,,N,,,,,,,,,,,
2009124462,809.0,1,0,0,0,0,0,0,0,0,8,0,,67,11,2009,2,39.9312,-75.1462,805.0,6,0,0,0,0,0,0,0,0,,0,0,0,7,1,1,0,,0,39 55:52.284,,0,75 08:46.266,4,0,0,0,67301,1,0,0,N,1,0,0,2,67301,1,,1,1,,N,N,,0,,0,0,0,0,0,,740,1,2,0,0,0,0,0,3,4,0,1,3,,N,,,,,,,,,,,
2009124483,1609.0,2,0,0,0,0,0,0,0,0,8,0,,67,11,2009,5,39.9714,-75.241,1609.0,6,0,0,0,0,1,1,0,0,,0,0,0,16,1,1,1,,0,39 58:16.953,,0,75 14:27.625,4,0,0,0,67301,0,0,0,N,0,0,0,9,67301,1,,1,9,,N,N,,0,,0,0,0,3,3,,1608,1,3,0,0,0,0,0,3,4,1,3,7,,N,,,,,,,,,,,
2009098516,124.0,1,0,0,0,0,0,0,0,0,1,0,55.0,67,9,2009,7,39.9792,-75.1079,123.0,6,0,0,0,0,0,0,0,0,1.0,0,0,0,1,3,1,0,,2,39 58:45.528,1.0,0,75 06:28.856,3,0,0,1,67301,0,0,0,N,0,0,0,2,68K01,0,,1,1,,N,N,,0,,1,0,0,0,0,N,123,1,2,0,0,0,0,0,3,4,0,2,3,,Y,3.0,2.0,Y,N,N,Y,Y,Y,N,Y,
2009098524,1643.0,1,0,0,0,0,0,0,0,0,1,0,,67,9,2009,1,39.945,-75.1427,1641.0,6,0,0,0,0,0,1,0,0,,0,0,0,16,1,1,0,,0,39 56:42.000,,0,75 08:33.720,4,0,0,0,67301,0,0,0,N,0,0,0,4,68K01,1,,1,1,,N,N,,1,,0,0,0,0,0,,1635,1,2,0,0,0,0,0,3,4,0,2,3,,N,,,,,,,,,,,
2009101258,2.0,2,0,0,0,0,0,0,0,0,1,0,,67,9,2009,7,39.9546,-75.1408,2353.0,6,0,0,0,0,0,0,0,0,1.0,0,0,0,23,3,2,0,,1,39 57:16.947,1.0,0,75 08:26.857,4,0,0,0,67301,0,0,0,N,0,0,0,6,68K03,2,,1,9,,N,N,,1,,0,0,1,0,0,N,2342,2,4,0,0,0,0,0,3,4,0,4,7,,N,,,,,,,,,,,
2009102237,753.0,2,0,0,0,0,0,0,0,0,1,0,,67,10,2009,2,40.0338,-75.0201,742.0,6,0,0,0,0,0,1,0,0,1.0,0,0,0,7,1,1,0,,1,40 02:02.040,2.0,0,75 01:12.000,4,0,0,0,67301,0,0,0,N,0,0,0,3,68K01,1,,1,1,,N,N,,0,,0,0,0,0,0,N,738,1,2,0,0,0,0,0,3,4,0,2,3,,N,,,,,,,,,,,
2009083711,1337.0,2,0,0,0,0,0,0,0,0,4,0,,67,7,2009,6,40.0506,-75.1775,1332.0,6,0,0,0,0,0,0,0,0,,0,0,0,13,1,2,1,,0,40 03:02.196,,0,75 10:38.823,3,0,0,0,67301,0,0,0,N,0,0,0,3,67301,1,,1,1,,N,N,,0,,1,0,0,3,2,,1315,2,2,0,0,0,0,1,3,4,0,2,3,,N,,,,,,,,,,,
2009083760,1510.0,1,0,0,0,0,0,0,0,0,2,0,,67,7,2009,3,40.1063,-74.995,1456.0,6,0,0,0,0,0,1,0,0,1.0,0,0,0,14,1,0,7,,2,40 06:22.716,4.0,2,74 59:40.944,0,0,0,0,67301,0,0,0,N,0,0,0,2,67301,0,,1,9,,N,N,,1,,0,0,0,0,0,N,1452,0,2,0,0,0,0,0,3,4,0,2,7,,N,,,,,,,,,,,
2009065449,1917.0,0,0,0,0,0,0,0,0,0,1,0,,67,5,2009,1,40.0623,-75.0711,1913.0,6,0,0,0,0,0,1,0,0,,0,0,0,19,1,1,0,,0,40 03:44.280,,0,75 04:15.960,4,0,0,0,67301,0,0,0,,0,0,0,1,61301,1,,1,1,,,,,1,,0,0,1,0,0,,1913,1,2,0,0,0,0,0,3,4,0,2,3,,N,,,,,,,,,,,