CRN,ARRIVAL_TM,AUTOMOBILE_COUNT,BELTED_DEATH_COUNT,BELTED_SUSP_SERIOUS_INJ_COUNT,BICYCLE_COUNT,BICYCLE_DEATH_COUNT,BICYCLE_SUSP_SERIOUS_INJ_COUNT,BUS_COUNT,CHLDPAS_DEATH_COUNT,CHLDPAS_SUSP_SERIOUS_INJ_COUNT,COLLISION_TYPE,COMM_VEH_COUNT,CONS_ZONE_SPD_LIM,COUNTY,CRASH_MONTH,CRASH_YEAR,DAY_OF_WEEK,DEC_LAT,DEC_LONG,DISPATCH_TM,DISTRICT,DRIVER_COUNT_16YR,DRIVER_COUNT_17YR,DRIVER_COUNT_18YR,DRIVER_COUNT_19YR,DRIVER_COUNT_20YR,DRIVER_COUNT_50_64YR,DRIVER_COUNT_65_74YR,DRIVER_COUNT_75PLUS,EST_HRS_CLOSED,FATAL_COUNT,HEAVY_TRUCK_COUNT,HORSE_BUGGY_COUNT,HOUR_OF_DAY,ILLUMINATION,INJURY_COUNT,INTERSECT_TYPE,INTERSECTION_RELATED,LANE_CLOSED,LATITUDE,LN_CLOSE_DIR,LOCATION_TYPE,LONGITUDE,MAX_SEVERITY_LEVEL,MCYCLE_DEATH_COUNT,MCYCLE_SUSP_SERIOUS_INJ_COUNT,MOTORCYCLE_COUNT,MUNICIPALITY,NONMOTR_COUNT,NONMOTR_DEATH_COUNT,NONMOTR_SUSP_SERIOUS_INJ_COUNT,NTFY_HIWY_MAINT,PED_COUNT,PED_DEATH_COUNT,PED_SUSP_SERIOUS_INJ_COUNT,PERSON_COUNT,POLICE_AGCY,POSSIBLE_INJ_COUNT,RDWY_SURF_TYPE_CD,RELATION_TO_ROAD,ROAD_CONDITION,ROADWAY_CLEARED,SCH_BUS_IND,SCH_ZONE_IND,SECONDARY_CRASH,SMALL_TRUCK_COUNT,SPEC_JURIS_CD,SUSP_MINOR_INJ_COUNT,SUSP_SERIOUS_INJ_COUNT,SUV_COUNT,TCD_FUNC_CD,TCD_TYPE,TFC_DETOUR_IND,TIME_OF_DAY,TOT_INJ_COUNT,TOTAL_UNITS,UNB_DEATH_COUNT,UNB_SUSP_SERIOUS_INJ_COUNT,UNBELTED_OCC_COUNT,UNK_INJ_DEG_COUNT,UNK_INJ_PER_COUNT,URBAN_AREA,URBAN_RURAL,VAN_COUNT,VEHICLE_COUNT,WEATHER1,WEATHER2,WORK_ZONE_IND,WORK_ZONE_LOC,WORK_ZONE_TYPE,WORKERS_PRES,WZ_CLOSE_DETOUR,WZ_FLAGGER,WZ_LAW_OFFCR_IND,WZ_LN_CLOSURE,WZ_MOVING,WZ_OTHER,WZ_SHLDER_MDN,WZ_WORKERS_INJ_KILLED
2009085220,1657.0,0,0,0,0,0,0,0,0,0,1,0,,67,8,2009,1,39.9769,-75.1976,1653.0,6,0,0,0,0,0,0,0,0,,0,0,0,16,1,0,0,,0,39 58:37.904,,0,75 11:57.454,0,0,0,0,67301,0,0,0,N,0,0,0,3,68K01,0,,1,1,,N,N,,0,,0,0,2,0,0,,1650,0,2,0,0,0,0,0,3,4,0,2,3,,N,,,,,,,,,,,
2009120589,2010.0,1,0,0,0,0,0,0,0,0,8,0,,67,10,2009,6,40.0287,-75.2286,2000.0,6,0,0,0,0,0,0,0,0,,0,0,0,19,3,1,0,,0,40 01:43.438,,0,75 13:42.855,8,0,0,0,67301,1,0,0,N,1,0,0,2,67301,0,,4,1,,N,N,,0,,0,0,0,0,0,,1926,1,2,0,0,0,1,0,3,4,0,1,3,,N,,,,,,,,,,,
2009111423,40.0,1,0,0,0,0,0,0,0,0,5,0,,67,10,2009,3,40.0087,-75.1898,35.0,6,0,0,0,0,0,0,0,0,,0,0,0,0,3,0,0,,0,40 00:31.713,,2,75 11:22.722,9,0,0,0,67301,0,0,0,N,0,0,0,2,67301,0,,1,1,,N,N,,0,,0,0,0,0,0,,25,0,2,0,0,0,0,1,3,4,0,2,3,,N,,,,,,,,,,,
2009113536,1355.0,2,0,0,0,0,0,0,0,0,2,0,50.0,67,10,2009,3,39.8988,-75.1715,1349.0,6,0,0,0,0,0,0,1,0,1.0,0,0,0,13,1,2,0,,2,39 53:56.420,2.0,0,75 10:07.534,4,0,0,0,67301,0,0,0,N,0,0,0,3,68K01,1,,1,1,,N,N,,0,,0,0,0,0,0,N,1346,2,2,0,0,0,1,0,3,4,0,2,3,,Y,4.0,1.0,N,N,N,N,N,N,Y,N,
2009089142,1800.0,1,0,0,0,0,0,0,0,0,7,0,,67,5,2009,1,39.9738,-75.1779,1750.0,6,0,0,0,0,0,0,0,0,9.0,0,0,0,14,1,1,2,,1,39 58:25.674,4.0,0,75 10:40.365,8,0,0,0,67301,0,0,0,,0,0,0,1,67301,0,,2,9,,N,N,,0,,0,0,0,3,2,N,1425,1,1,0,0,1,1,0,3,4,0,1,98,,N,,,,,,,,,,,
2009078025,1540.0,1,0,0,0,0,0,0,0,0,4,0,,67,7,2009,7,39.9623,-75.14,1538.0,6,0,0,0,0,0,0,0,0,2.0,0,0,0,15,1,1,0,,1,39 57:46.800,2.0,0,75 08:22.560,8,0,0,0,67301,0,0,0,N,0,0,0,4,68K01,0,,1,1,,N,N,,0,,0,0,0,0,0,N,1534,1,2,0,0,0,1,1,3,4,0,2,3,,N,,,,,,,,,,,
2009121082,0.0,2,0,0,0,0,0,0,0,0,2,0,,67,10,2009,7,39.9707,-75.1541,0.0,6,0,0,0,1,0,0,0,0,1.0,0,0,0,0,3,0,1,,1,39 58:14.534,4.0,0,75 09:14.823,0,0,0,0,67301,0,0,0,N,0,0,0,4,67301,0,,1,1,,N,N,,0,,0,0,0,3,2,Y,0,0,2,0,0,0,0,0,3,4,0,2,3,,N,,,,,,,,,,,
2009120730,1650.0,1,0,0,1,0,0,0,0,0,5,0,,67,10,2009,4,40.0282,-75.2067,1645.0,6,0,0,0,0,0,0,0,0,,0,0,0,16,1,1,0,,0,40 01:41.461,,0,75 12:24.172,3,0,0,0,67301,1,0,0,N,0,0,0,2,67301,0,,2,1,,N,N,,0,,1,0,0,0,0,,1644,1,2,0,0,0,0,0,3,4,0,1,3,,N,,,,,,,,,,,
2009104869,438.0,1,0,0,0,0,0,0,0,0,7,0,,67,9,2009,1,40.0252,-75.1455,427.0,6,0,0,0,0,0,0,0,0,3.0,1,0,0,4,3,0,0,,2,40 01:30.824,5.0,0,75 08:43.814,1,0,0,0,67301,0,0,0,N,0,0,0,1,67301,0,2.0,4,9,,N,Y,,0,0.0,0,0,0,0,0,Y,427,0,1,1,0,1,0,0,3,4,0,1,7,,N,,,,,,,,,,,
2009100530,1331.0,3,0,0,0,0,0,0,0,0,2,0,,67,9,2009,6,40.0184,-75.0835,1330.0,6,0,0,0,0,0,1,0,0,2.0,0,0,0,13,1,1,1,,2,40 01:06.150,7.0,0,75 05:00.653,2,0,0,0,67301,0,0,0,N,0,0,0,3,67301,0,,1,9,,N,N,,1,,0,1,0,3,3,Y,1330,1,4,0,0,0,0,0,3,4,0,4,7,,N,,,,,,,,,,,
2009100565,2256.0,3,0,0,0,0,0,0,0,0,4,0,,67,9,2009,4,39.9855,-75.2482,2254.0,6,0,0,0,0,0,0,0,0,,0,0,0,22,3,3,1,,0,39 59:07.645,,0,75 14:53.388,4,0,0,0,67301,0,0,0,N,0,0,0,5,67301,3,,1,1,,N,N,,0,,0,0,0,3,2,,2250,3,3,0,0,0,0,0,3,4,0,3,3,,N,,,,,,,,,,,
2009025780,1020.0,1,0,0,0,0,0,0,0,0,7,0,,67,1,2009,1,40.0435,-75.1914,1014.0,6,0,0,0,0,0,0,0,0,,0,0,0,10,1,0,0,,0,40 02:36.603,,0,75 11:29.058,0,0,0,0,67301,0,0,0,N,0,0,0,1,67301,0,,5,2,,N,N,,0,,0,0,0,0,0,,1010,0,1,0,0,0,0,0,3,4,0,1,3,,N,,,,,,,,,,,
2009025796,810.0,2,0,0,0,0,0,0,0,0,4,0,,67,1,2009,4,40.0414,-75.0809,758.0,6,0,0,0,0,0,0,0,0,2.0,0,0,0,7,1,3,1,,1,40 02:28.967,4.0,0,75 04:51.550,8,0,0,0,67301,0,0,0,N,0,0,0,6,67301,0,,1,1,,N,Y,,0,,0,0,0,3,2,N,757,3,2,0,0,0,3,2,3,4,0,2,3,,N,,,,,,,,,,,
2009025844,755.0,1,0,0,0,0,0,0,0,0,4,0,,67,1,2009,5,40.0421,-75.1821,752.0,6,0,0,0,0,0,1,0,0,,0,0,0,7,1,0,2,,0,40 02:31.389,,0,75 10:55.461,0,0,0,0,67301,0,0,0,N,0,0,0,3,67301,0,,1,1,,N,N,,0,,0,0,3,3,3,,715,0,4,0,0,0,0,0,3,4,0,4,3,,N,,,,,,,,,,,
2009033221,1103.0,1,0,0,0,0,0,0,0,0,8,0,,67,2,2009,4,40.0291,-75.1468,1101.0,6,0,0,0,0,0,0,1,0,,0,0,0,11,1,1,1,,0,40 01:44.597,,0,75 08:48.518,4,0,0,0,67301,1,0,0,N,1,0,0,2,67301,1,,1,1,,N,N,,0,,0,0,0,3,2,,1100,1,2,0,0,0,0,0,3,4,0,1,3,,N,,,,,,,,,,,
2009025588,420.0,2,0,0,0,0,0,0,0,0,6,0,,67,1,2009,1,39.9459,-75.2403,441.0,6,0,0,0,0,0,0,0,0,,0,0,0,4,3,2,5,,0,39 56:45.089,,0,75 14:25.019,4,0,0,0,67301,0,0,0,N,0,0,0,3,67301,2,,1,9,,N,N,,0,,0,0,0,3,2,,410,2,2,0,0,0,0,1,3,4,0,2,7,,N,,,,,,,,,,,
2009030770,1808.0,3,0,0,0,0,0,0,0,0,4,0,,67,1,2009,5,39.9585,-75.1659,1908.0,6,0,0,0,0,1,0,0,0,,0,0,0,18,3,2,1,,0,39 57:30.637,,0,75 09:56.096,8,0,0,0,67301,1,0,0,,0,0,0,6,67301,0,,1,1,,,,,0,,0,0,1,3,2,,1808,2,4,0,0,0,2,1,3,4,0,4,3,,N,,,,,,,,,,,
2009025613,715.0,3,0,0,0,0,0,1,0,0,1,1,,67,1,2009,2,40.1233,-75.0155,705.0,6,0,0,0,0,0,3,0,0,3.0,0,0,0,6,5,1,0,,1,40 07:23.832,7.0,0,75 00:55.726,3,0,0,0,67301,0,0,0,N,0,0,0,6,67301,0,,1,2,,N,N,,1,,1,0,0,0,0,N,645,1,6,0,0,0,0,0,3,4,0,6,3,5.0,N,,,,,,,,,,,
2009025894,1450.0,2,0,0,0,0,0,0,0,0,1,0,,67,1,2009,6,39.9393,-75.1949,1435.0,6,0,0,0,0,0,0,0,0,,0,0,0,14,1,1,0,,0,39 56:21.436,,0,75 11:41.642,4,0,0,0,67301,0,0,0,N,0,0,0,2,67301,1,,1,1,,N,N,,0,,0,0,0,0,0,,1430,1,2,0,0,0,0,1,3,4,0,2,3,,N,,,,,,,,,,,
2009030051,1015.0,0,0,0,0,0,0,0,0,0,1,0,,67,2,2009,5,39.9619,-75.2003,9999.0,6,0,0,0,0,0,0,1,0,,0,0,0,10,1,1,0,,0,39 57:42.982,,0,75 12:01.000,4,0,0,0,67301,0,0,0,,0,0,0,3,67301,1,,1,2,,N,N,,1,,0,0,1,3,2,,1014,1,2,0,0,0,0,0,3,4,0,2,3,,N,,,,,,,,,,,
2009030070,1242.0,1,0,0,1,0,0,0,0,0,4,0,,67,1,2009,7,39.9767,-75.2337,1240.0,6,0,0,0,0,0,0,0,0,,0,0,0,12,1,1,1,,0,39 58:35.983,,0,75 14:01.359,8,0,0,0,67301,1,0,0,N,0,0,0,2,67301,0,,1,1,,N,N,,0,,0,0,0,3,2,,1239,1,2,0,0,0,1,0,3,4,0,1,3,,N,,,,,,,,,,,
2009033005,137.0,0,0,0,0,0,0,0,0,0,5,0,,67,2,2009,7,39.9535,-75.1377,136.0,6,0,0,0,0,0,1,0,0,1.0,0,0,0,1,3,0,0,,1,39 57:12.717,4.0,3,75 08:15.874,0,0,0,0,67301,0,0,0,N,0,0,0,2,67501,0,,1,1,,N,N,,0,,0,0,1,0,0,N,136,0,2,0,0,0,0,0,3,4,0,2,3,,N,,,,,,,,,,,
2009114451,722.0,1,0,0,0,0,0,0,0,0,7,0,,67,10,2009,7,39.9829,-75.2079,721.0,6,0,0,0,0,0,0,0,0,1.0,0,0,0,7,2,0,0,,2,39 59:02.760,4.0,0,75 12:29.520,0,0,0,0,67301,0,0,0,N,0,0,0,1,68K01,0,,1,9,,N,N,,0,,0,0,0,0,0,N,715,0,1,0,0,0,0,0,3,4,0,1,7,,N,,,,,,,,,,,
2009125186,1238.0,2,0,0,0,0,0,0,0,0,4,0,,67,11,2009,5,40.0404,-75.1242,1238.0,6,0,0,0,0,0,0,0,1,,0,0,0,12,1,1,1,,0,40 02:25.414,,0,75 07:27.069,4,0,0,0,67301,0,0,0,N,0,0,0,2,67301,1,,1,1,,N,N,,0,,0,0,0,3,2,,1238,1,2,0,0,0,0,0,3,4,0,2,3,,N,,,,,,,,,,,
2009120268,945.0,2,0,0,0,0,0,0,0,0,5,0,,67,10,2009,3,39.9736,-75.2089,941.0,6,0,0,0,0,0,2,0,0,,0,0,0,9,1,1,2,,0,39 58:25.156,,0,75 12:32.179,4,0,0,0,67301,0,0,0,,0,0,0,2,67301,1,,1,1,,N,N,,0,,0,0,0,3,2,,937,1,2,0,0,0,0,0,3,4,0,2,3,,N,,,,,,,,,,,
2009120391,1859.0,2,0,0,0,0,0,0,0,0,1,0,,67,10,2009,6,40.0817,-74.9664,1853.0,6,0,0,0,0,1,0,0,0,,0,0,0,18,3,1,0,,0,40 04:54.038,,0,74 57:59.129,4,0,0,0,67301,0,0,0,N,0,0,0,3,67301,1,,1,9,,N,N,,0,,0,0,0,0,0,,1835,1,2,0,0,0,0,0,3,4,0,2,7,,N,,,,,,,,,,,
2009111859,1123.0,0,0,0,0,0,0,0,0,0,8,0,,67,9,2009,4,40.1099,-75.0251,1123.0,6,0,0,0,0,0,1,0,0,,0,0,0,11,1,1,2,,0,40 06:35.672,,0,75 01:30.401,8,0,0,0,67301,1,0,0,N,1,0,0,2,67301,0,,1,1,,N,N,,0,,0,0,1,3,2,,1123,1,2,0,0,0,1,0,3,4,0,1,3,,N,,,,,,,,,,,
2009111863,2006.0,0,0,0,0,0,0,0,0,0,8,0,,67,10,2009,6,40.0488,-75.0589,2004.0,6,0,0,0,0,0,0,1,0,,0,0,0,20,3,1,0,,0,40 02:55.768,,0,75 03:31.900,4,0,0,0,67301,1,0,0,N,1,0,0,2,67301,1,,1,1,,N,N,,0,,0,0,1,0,0,,2000,1,2,0,0,0,0,0,3,4,0,1,3,,N,,,,,,,,,,,
2009036469,1757.0,2,0,0,0,0,0,0,0,0,1,0,,67,3,2009,2,39.9612,-75.1399,1739.0,6,0,0,0,0,0,0,0,0,1.0,0,0,0,17,1,2,0,,2,39 57:40.101,1.0,0,75 08:23.915,8,0,0,0,67301,0,0,0,N,0,0,0,2,68K01,0,,1,1,,N,N,,0,,0,0,0,0,0,Y,1736,2,2,0,0,0,2,0,3,4,0,2,3,,N,,,,,,,,,,,
2009044352,1500.0,1,0,0,0,0,0,0,0,0,4,0,,67,3,2009,5,39.9921,-75.0993,1455.0,6,0,0,0,0,0,1,0,0,,0,0,0,14,1,1,1,,0,39 59:31.720,,0,75 05:57.418,3,0,0,0,67301,0,0,0,,0,0,0,2,67301,0,,1,9,,,,,1,,1,0,0,3,2,,1450,1,2,0,0,0,0,1,3,4,0,2,7,,N,,,,,,,,,,,
2009039382,1505.0,1,0,1,0,0,0,0,0,0,7,0,,67,2,2009,1,40.0232,-75.0907,1500.0,6,0,0,0,0,0,0,0,0,,0,0,0,15,1,4,0,,0,40 01:23.444,,0,75 05:26.512,2,0,0,0,67301,0,0,0,N,0,0,0,4,67301,2,,5,9,,N,N,,0,,0,1,0,0,0,,1500,4,1,0,0,3,1,0,3,4,0,1,7,,N,,,,,,,,,,,
2009044567,1700.0,1,0,0,0,0,0,0,0,0,8,0,,67,3,2009,7,39.9386,-75.1732,1656.0,6,0,0,0,0,0,0,0,0,,0,0,0,16,1,1,0,,0,39 56:19.093,,0,75 10:23.512,8,0,0,0,67301,1,0,0,N,1,0,0,2,67301,0,,1,1,,N,N,,0,,0,0,0,3,2,,1653,1,2,0,0,0,1,0,3,4,0,1,3,,N,,,,,,,,,,,
2009049781,2322.0,2,0,0,0,0,0,0,0,0,2,0,,67,4,2009,6,39.9538,-75.1751,2319.0,6,0,0,0,0,0,0,0,0,,0,0,0,23,3,1,1,,0,39 57:13.575,,0,75 10:30.523,4,0,0,0,67301,0,0,0,N,0,0,0,3,67301,1,,1,1,,N,N,,0,,0,0,0,3,2,,2315,1,2,0,0,3,0,0,3,4,0,2,3,,N,,,,,,,,,,,
2009037420,1049.0,3,0,0,0,0,0,0,0,0,2,0,,67,2,2009,6,40.0277,-75.1471,1047.0,6,0,0,1,0,0,0,0,0,,0,0,0,10,1,3,0,,0,40 01:39.669,,0,75 08:49.598,2,0,0,0,67301,0,0,0,N,0,0,0,3,67301,2,,1,1,,N,N,,0,,0,1,0,0,0,,1045,3,3,0,1,1,0,0,3,4,0,3,3,,N,,,,,,,,,,,
2009039725,840.0,2,0,0,0,0,0,0,0,0,4,0,,67,1,2009,2,40.045,-75.008,831.0,6,0,0,0,0,0,0,0,0,,0,0,0,8,1,1,0,,0,40 02:42.200,,0,75 00:28.460,4,0,0,0,67301,0,0,0,,0,0,0,5,67301,1,,1,1,,N,N,,0,,0,0,0,0,0,,810,1,2,0,0,0,0,0,3,4,0,2,3,,N,,,,,,,,,,,
2009039573,9999.0,1,0,0,0,0,0,1,0,0,4,1,,67,2,2009,2,40.0279,-75.0779,1552.0,6,0,0,0,0,0,0,0,0,,0,0,0,15,1,2,1,,0,40 01:40.393,,0,75 04:40.306,4,0,0,0,67301,0,0,0,,0,0,0,4,67301,1,,1,1,,Y,,,0,,0,0,0,3,3,,1540,2,2,0,0,0,1,0,3,4,0,2,3,,N,,,,,,,,,,,
2009039090,1206.0,1,0,0,0,0,0,0,0,0,4,0,,67,2,2009,7,40.1052,-75.0328,1200.0,6,0,1,0,0,0,0,0,0,,0,0,0,11,1,1,1,,0,40 06:18.581,,0,75 01:58.245,4,0,0,0,67301,0,0,0,N,0,0,0,5,67301,1,,1,1,,N,N,,1,,0,0,0,3,2,,1155,1,3,0,0,0,0,0,3,4,1,3,3,,N,,,,,,,,,,,
2009039297,1650.0,0,0,0,0,0,0,0,0,0,8,0,,67,2,2009,3,39.9344,-75.226,1645.0,6,0,0,0,0,0,0,0,0,,0,0,0,16,1,1,0,,0,39 56:03.951,,0,75 13:33.661,8,0,0,0,67301,1,0,0,,1,0,0,2,67301,0,,1,1,,N,N,,1,,0,0,0,0,0,,1618,1,2,0,0,0,1,0,3,4,0,1,3,,N,,,,,,,,,,,
2009026872,1811.0,1,0,0,0,0,0,0,0,0,4,0,,67,1,2009,5,40.0093,-75.069,1806.0,6,0,0,0,0,0,1,0,1,,0,0,0,18,3,2,1,,0,40 00:33.068,,2,75 04:08.444,8,0,0,0,67301,0,0,0,,0,0,0,2,67301,0,,1,1,,,,,0,,0,0,1,3,2,,1803,2,2,0,0,0,2,0,3,4,0,2,3,,N,,,,,,,,,,,
2009044423,1605.0,2,0,0,0,0,0,0,0,0,4,0,,67,3,2009,1,39.9874,-75.1398,1603.0,6,0,0,0,0,0,0,0,0,,0,0,0,16,1,1,1,,0,39 59:14.521,,0,75 08:23.287,4,0,0,0,67301,0,0,0,N,0,0,0,5,67301,1,,1,1,,,,,0,,0,0,0,0,0,,1603,1,2,0,0,0,0,1,3,4,0,2,3,,N,,,,,,,,,,,
2009044429,1545.0,1,0,0,0,0,0,0,0,0,4,0,,67,4,2009,7,39.9338,-75.1623,1545.0,6,0,0,0,0,0,1,0,0,,0,0,0,15,1,1,0,,0,39 56:01.521,,0,75 09:44.103,4,0,0,0,67301,0,0,0,,0,0,0,5,67301,1,,1,1,,,,,0,,0,0,1,0,0,,1545,1,2,0,0,0,0,0,3,4,0,2,3,,N,,,,,,,,,,,
2009044471,1416.0,2,0,0,0,0,0,0,0,0,4,0,,67,3,2009,4,39.957,-75.1572,1416.0,6,0,0,0,0,0,1,0,0,,0,0,0,14,1,1,1,,0,39 57:25.140,,0,75 09:25.661,8,0,0,0,67301,0,0,0,,0,0,0,5,67301,0,,1,1,,N,N,,0,,0,0,0,3,2,,1411,1,2,0,0,0,1,0,3,4,0,2,3,,N,,,,,,,,,,,
2009124465,1451.0,2,0,0,0,0,0,0,0,0,2,0,,67,11,2009,2,40.0169,-75.1495,1450.0,6,0,0,0,1,0,0,0,0,,0,0,0,14,1,0,1,,0,40 01:00.708,,0,75 08:58.113,0,0,0,0,67301,0,0,0,,0,0,0,2,67301,0,,1,9,,N,N,,0,,0,0,0,3,2,,1433,0,2,0,0,0,0,0,3,4,0,2,7,,N,,,,,,,,,,,
2009098514,259.0,2,0,0,0,0,0,0,0,0,4,0,,67,8,2009,1,39.9947,-75.084,244.0,6,0,0,0,0,0,0,0,0,1.0,0,0,0,2,2,0,0,,1,39 59:40.699,2.0,0,75 05:02.649,9,0,0,0,67301,0,0,0,Y,0,0,0,3,68K01,0,,1,9,,N,N,,0,,0,0,0,0,0,N,236,0,2,0,0,1,0,1,3,4,0,2,3,,N,,,,,,,,,,,
2009124306,2300.0,2,0,0,0,0,0,0,0,0,4,0,,67,11,2009,3,40.078,-75.0237,2259.0,6,0,0,0,0,0,0,0,0,,0,0,0,22,3,1,2,,0,40 04:41.204,,7,75 01:25.042,8,0,0,0,67301,0,0,0,N,0,0,0,2,67301,0,,1,1,,N,N,,0,,0,0,0,3,2,,2249,1,2,0,0,0,1,0,3,4,0,2,3,,N,,,,,,,,,,,
2009124422,2006.0,1,0,0,0,0,0,0,0,0,7,0,,67,11,2009,4,40.0481,-75.0317,1955.0,6,0,0,0,0,0,0,0,0,,0,0,0,19,1,1,0,,0,40 02:53.042,,0,75 01:54.011,4,0,0,0,67301,0,0,0,N,0,0,0,1,67301,1,,4,9,,N,N,,0,,0,0,0,0,0,,1955,1,1,0,0,0,0,0,3,4,0,1,7,,N,,,,,,,,,,,
2009124435,2225.0,2,0,0,0,0,0,0,0,0,1,0,,67,11,2009,6,40.0809,-75.0288,2219.0,6,0,0,0,0,0,0,0,0,1.0,0,0,0,22,3,1,5,,1,40 04:51.806,2.0,0,75 01:43.881,4,0,0,0,67301,0,0,0,N,0,0,0,3,67301,1,,1,9,,N,N,,0,,0,0,0,3,2,N,2219,1,2,0,0,0,0,1,3,4,0,2,7,,N,,,,,,,,,,,
2009083757,1643.0,0,0,0,0,0,0,0,0,0,6,0,,67,7,2009,3,40.104,-75.0463,1641.0,6,0,0,0,0,1,0,0,0,,0,0,0,16,1,1,0,,0,40 06:14.356,,7,75 02:46.734,3,0,0,1,67301,0,0,0,N,0,0,0,2,67301,0,,1,1,,N,N,,1,,1,0,1,0,0,,1635,1,3,0,0,0,0,1,3,4,0,3,3,,N,,,,,,,,,,,
2009083822,1355.0,2,0,0,0,0,0,0,0,0,4,0,,67,6,2009,3,39.904,-75.2401,1349.0,6,0,0,0,0,0,1,0,0,,0,0,0,13,1,2,1,,0,39 54:14.563,,0,75 14:24.409,3,0,0,0,67301,0,0,0,N,0,0,0,4,67301,0,,1,1,,N,N,,0,,2,0,0,3,2,,1349,2,2,0,0,0,0,0,3,4,0,2,3,,N,,,,,,,,,,,
2009065464,1256.0,1,0,0,0,0,0,0,0,0,8,0,,67,5,2009,3,39.9448,-75.1469,1251.0,6,0,0,0,0,0,1,0,0,,0,0,0,12,1,1,1,,0,39 56:41.121,,0,75 08:48.753,3,0,0,0,67301,1,0,0,N,1,0,0,2,67301,0,,1,1,,N,N,,0,,1,0,0,3,2,,1235,1,2,0,0,0,0,0,3,4,0,1,3,,N,,,,,,,,,,,
2009120572,1553.0,1,0,0,0,0,0,0,0,0,7,0,,67,10,2009,5,39.9826,-75.2307,1550.0,6,0,0,0,0,0,0,0,0,,0,0,0,15,1,1,1,,0,39 58:57.266,,0,75 13:50.685,4,0,0,0,67301,0,0,0,,0,0,0,1,67301,1,,4,9,,,,,0,,0,0,0,3,2,,1550,1,1,0,0,0,0,0,3,4,0,1,7,,N,,,,,,,,,,,
2009100547,1832.0,2,0,0,0,0,0,0,0,0,4,0,,67,9,2009,7,39.9788,-75.1814,1830.0,6,0,0,0,1,0,0,0,0,2.0,0,0,0,18,1,3,2,,2,39 58:43.744,7.0,0,75 10:53.201,8,0,0,0,67301,0,0,0,N,0,0,0,5,67301,0,,1,1,,N,N,,0,,0,0,0,3,3,Y,1825,3,2,0,0,0,3,0,3,4,0,2,3,,N,,,,,,,,,,,
2009100564,1734.0,0,0,0,0,0,0,0,0,0,4,0,,67,9,2009,2,40.0192,-75.0963,1734.0,6,0,0,0,0,0,0,0,0,1.0,0,0,0,17,1,1,0,,1,40 01:09.087,1.0,7,75 05:46.659,4,0,0,1,67301,0,0,0,,0,0,0,2,67301,1,,1,1,,,,,0,,0,0,0,0,0,Y,1730,1,2,0,0,0,0,0,3,4,1,2,3,,N,,,,,,,,,,,
2009025645,1849.0,2,0,0,0,0,0,0,0,0,1,0,,67,1,2009,4,40.079,-74.9654,1848.0,6,0,0,0,0,0,1,0,0,1.0,0,0,0,18,3,1,0,,2,40 04:44.400,3.0,0,74 57:55.440,8,0,0,0,67301,0,0,0,,0,0,0,2,67301,0,,1,1,,N,N,,0,,0,0,0,0,0,N,1847,1,2,0,0,0,1,0,3,4,0,2,3,,N,,,,,,,,,,,
2009025787,45.0,2,0,0,0,0,0,0,0,0,6,0,,67,1,2009,2,40.0749,-75.0459,35.0,6,0,0,0,0,0,0,0,0,,0,0,0,0,3,1,2,,0,40 04:29.893,,0,75 02:45.874,4,0,0,0,67301,0,0,0,,0,0,0,2,67301,1,,1,2,,N,N,,0,,0,0,0,3,2,,30,1,2,0,0,0,0,0,3,4,0,2,9,,N,,,,,,,,,,,
2009025201,948.0,2,0,0,0,0,0,0,0,0,6,0,,67,1,2009,3,40.0769,-75.0341,948.0,6,0,0,0,0,0,0,0,0,,0,0,0,9,1,0,0,,0,40 04:36.804,,0,75 02:02.889,0,0,0,0,67301,0,0,0,,0,0,0,1,67301,0,,1,2,,,,,0,,0,0,0,0,0,,940,0,2,0,0,0,0,0,3,4,0,2,3,,N,,,,,,,,,,,
2009025203,820.0,0,0,0,0,0,0,0,0,0,7,0,,67,1,2009,1,40.1068,-75.0371,820.0,6,0,0,0,0,0,0,0,0,,0,0,0,8,1,1,0,,0,40 06:24.537,,0,75 02:13.480,4,0,0,0,67301,0,0,0,N,0,0,0,1,67301,1,,2,2,,N,N,,0,,0,0,1,0,0,,820,1,1,0,0,0,0,0,3,4,0,1,3,,N,,,,,,,,,,,
2009025625,1219.0,1,0,0,0,0,0,0,0,0,5,0,,67,1,2009,3,39.9923,-75.1422,1208.0,6,0,0,0,0,0,1,0,0,,0,1,0,12,1,2,1,,0,39 59:32.253,,0,75 08:31.897,4,0,0,0,67301,0,0,0,N,0,0,0,3,67301,2,,1,1,,N,N,,0,,0,0,0,3,2,,1200,2,2,0,0,0,0,0,3,4,0,2,3,,N,,,,,,,,,,,
2009038051,1659.0,1,0,0,0,0,0,0,0,0,4,0,,67,2,2009,7,39.987,-75.1744,1658.0,6,0,0,0,1,0,0,0,0,,1,0,0,16,1,1,1,,0,39 59:13.322,,0,75 10:27.753,1,1,0,1,67301,0,0,0,N,0,0,0,2,67301,1,2.0,1,1,,N,N,,0,0.0,0,0,0,3,2,,1658,1,2,0,0,0,0,0,3,4,0,2,3,,N,,,,,,,,,,,