CRN,ARRIVAL_TM,AUTOMOBILE_COUNT,BELTED_DEATH_COUNT,BELTED_SUSP_SERIOUS_INJ_COUNT,BICYCLE_COUNT,BICYCLE_DEATH_COUNT,BICYCLE_SUSP_SERIOUS_INJ_COUNT,BUS_COUNT,CHLDPAS_DEATH_COUNT,CHLDPAS_SUSP_SERIOUS_INJ_COUNT,COLLISION_TYPE,COMM_VEH_COUNT,CONS_ZONE_SPD_LIM,COUNTY,CRASH_MONTH,CRASH_YEAR,DAY_OF_WEEK,DEC_LAT,DEC_LONG,DISPATCH_TM,DISTRICT,DRIVER_COUNT_16YR,DRIVER_COUNT_17YR,DRIVER_COUNT_18YR,DRIVER_COUNT_19YR,DRIVER_COUNT_20YR,DRIVER_COUNT_50_64YR,DRIVER_COUNT_65_74YR,DRIVER_COUNT_75PLUS,EST_HRS_CLOSED,FATAL_COUNT,HEAVY_TRUCK_COUNT,HORSE_BUGGY_COUNT,HOUR_OF_DAY,ILLUMINATION,INJURY_COUNT,INTERSECT_TYPE,INTERSECTION_RELATED,LANE_CLOSED,LATITUDE,LN_CLOSE_DIR,LOCATION_TYPE,LONGITUDE,MAX_SEVERITY_LEVEL,MCYCLE_DEATH_COUNT,MCYCLE_SUSP_SERIOUS_INJ_COUNT,MOTORCYCLE_COUNT,MUNICIPALITY,NONMOTR_COUNT,NONMOTR_DEATH_COUNT,NONMOTR_SUSP_SERIOUS_INJ_COUNT,NTFY_HIWY_MAINT,PED_COUNT,PED_DEATH_COUNT,PED_SUSP_SERIOUS_INJ_COUNT,PERSON_COUNT,POLICE_AGCY,POSSIBLE_INJ_COUNT,RDWY_SURF_TYPE_CD,RELATION_TO_ROAD,ROAD_CONDITION,ROADWAY_CLEARED,SCH_BUS_IND,SCH_ZONE_IND,SECONDARY_CRASH,SMALL_TRUCK_COUNT,SPEC_JURIS_CD,SUSP_MINOR_INJ_COUNT,SUSP_SERIOUS_INJ_COUNT,SUV_COUNT,TCD_FUNC_CD,TCD_TYPE,TFC_DETOUR_IND,TIME_OF_DAY,TOT_INJ_COUNT,TOTAL_UNITS,UNB_DEATH_COUNT,UNB_SUSP_SERIOUS_INJ_COUNT,UNBELTED_OCC_COUNT,UNK_INJ_DEG_COUNT,UNK_INJ_PER_COUNT,URBAN_AREA,URBAN_RURAL,VAN_COUNT,VEHICLE_COUNT,WEATHER1,WEATHER2,WORK_ZONE_IND,WORK_ZONE_LOC,WORK_ZONE_TYPE,WORKERS_PRES,WZ_CLOSE_DETOUR,WZ_FLAGGER,WZ_LAW_OFFCR_IND,WZ_LN_CLOSURE,WZ_MOVING,WZ_OTHER,WZ_SHLDER_MDN,WZ_WORKERS_INJ_KILLED
2009030060,1836.0,0,0,0,0,0,0,0,0,0,7,0,,67,2,2009,1,39.9624,-75.1362,1834.0,6,0,0,0,0,0,0,0,0,9.0,0,0,0,18,3,8,0,,2,39 57:43.838,1.0,0,75 08:10.795,4,0,0,0,67301,0,0,0,,0,0,0,11,67301,8,,5,1,,,,,0,,0,0,0,3,2,Y,1830,8,1,0,0,1,0,1,3,4,1,1,3,,N,,,,,,,,,,,
2009035339,2228.0,2,0,0,0,0,0,0,0,0,1,0,,67,3,2009,4,39.958,-75.1629,2228.0,6,0,0,0,0,1,0,0,0,1.0,0,0,0,22,3,1,0,,1,39 57:28.821,4.0,0,75 09:46.388,8,0,0,0,67301,0,0,0,N,0,0,0,2,68K01,0,,1,1,,N,N,,0,,0,0,0,0,0,N,2226,1,2,0,0,0,1,0,3,4,0,2,3,,N,,,,,,,,,,,
2009030446,9999.0,1,0,0,0,0,0,0,0,0,8,0,,67,1,2009,6,39.992,-75.1482,1733.0,6,0,0,0,0,0,0,0,0,,0,0,0,99,4,1,0,,0,39 59:31.164,,0,75 08:53.484,4,0,0,0,67301,1,0,0,,1,0,0,2,67301,1,,2,1,,N,,,0,,0,0,0,0,0,,9999,1,2,0,0,0,0,0,3,4,0,1,3,,N,,,,,,,,,,,
2009025383,1827.0,1,0,0,0,0,0,0,0,0,8,0,,67,1,2009,1,39.904,-75.2401,1825.0,6,0,0,0,0,0,0,0,0,,0,0,0,18,3,1,1,,0,39 54:14.620,,0,75 14:25.050,4,0,0,0,67301,1,0,0,N,1,0,0,2,67301,1,,1,9,,N,N,,0,,0,0,0,3,2,,1800,1,2,0,0,0,0,0,3,4,0,1,10,,N,,,,,,,,,,,
2009099306,1744.0,3,0,0,0,0,0,0,0,0,1,0,,67,9,2009,1,39.938,-75.1981,1740.0,6,0,0,0,0,0,1,0,0,,0,0,0,17,1,3,0,,0,39 56:23.671,,0,75 11:45.799,4,0,0,0,67301,0,0,0,N,0,0,0,10,68K01,1,,1,1,,N,N,,1,,0,0,0,0,0,,1738,3,4,0,0,0,2,0,3,4,0,4,3,,N,,,,,,,,,,,
2009096453,1415.0,1,0,0,1,0,0,0,0,0,4,0,,67,8,2009,3,39.9608,-75.2247,1413.0,6,0,0,0,0,0,0,1,0,,0,0,0,14,1,1,2,,0,39 57:38.752,,0,75 13:28.926,4,0,0,0,67301,1,0,0,N,0,0,0,2,67301,1,,1,1,,,,,0,,0,0,0,9,3,,1410,1,2,0,0,0,0,0,3,4,0,1,3,,N,,,,,,,,,,,
2009125239,1145.0,2,0,0,0,0,0,0,0,0,6,0,,67,10,2009,7,39.9879,-75.1235,1145.0,6,0,0,0,0,0,1,1,0,,0,0,0,11,1,3,1,,0,39 59:16.393,,0,75 07:24.428,4,0,0,0,67301,0,0,0,N,0,0,0,4,67301,3,,1,9,,N,N,,0,,0,0,0,3,2,,1140,3,2,0,0,0,0,0,3,4,0,2,7,,N,,,,,,,,,,,
2009125268,38.0,1,0,0,1,0,0,0,0,0,5,0,,67,11,2009,6,39.9516,-75.1702,35.0,6,0,0,0,0,0,0,0,0,,0,0,0,23,3,1,0,,0,39 57:05.896,,0,75 10:12.528,4,0,0,0,67301,1,0,0,N,0,0,0,3,67301,1,,1,1,,N,N,,0,,0,0,0,0,0,,2315,1,2,0,0,1,0,0,3,4,0,1,3,,N,,,,,,,,,,,
2009120399,230.0,1,0,0,0,0,0,0,0,0,1,0,,67,11,2009,7,40.1134,-75.0208,230.0,6,0,0,0,0,0,0,0,0,,0,0,0,2,3,0,0,,0,40 06:48.114,,0,75 01:14.714,0,0,0,0,67301,0,0,0,,0,0,0,1,67301,0,,6,1,,,,,1,,0,0,0,0,0,,225,0,2,0,0,0,0,0,3,4,0,2,3,,N,,,,,,,,,,,
2009047370,1816.0,1,0,0,0,0,0,0,0,0,7,0,,67,4,2009,4,40.0047,-75.0767,1802.0,6,0,0,0,1,0,0,0,0,1.0,0,0,0,17,1,1,0,,2,40 00:16.908,2.0,8,75 04:35.957,4,0,0,0,67301,0,0,0,N,0,0,0,1,68K01,1,,2,9,,N,N,,0,,0,0,0,0,0,N,1758,1,1,0,0,1,0,0,3,4,0,1,7,,N,,,,,,,,,,,
2009044792,59.0,1,0,0,0,0,0,0,0,0,7,0,,67,4,2009,7,39.9918,-75.0858,55.0,6,0,0,0,0,0,0,0,0,,0,0,0,0,3,0,0,,0,39 59:30.621,,0,75 05:08.822,0,0,0,0,67301,0,0,0,N,0,0,0,3,68K01,0,,5,1,,N,N,,0,,0,0,0,0,0,,54,0,1,0,0,0,0,0,3,4,0,1,3,,N,,,,,,,,,,,
2009036754,703.0,2,0,0,0,0,0,0,0,0,4,0,,67,2,2009,3,40.0379,-75.1302,658.0,6,0,0,0,0,0,0,0,0,,0,0,0,99,1,1,1,,0,40 02:16.612,,0,75 07:48.705,4,0,0,0,67301,0,0,0,N,0,0,0,2,67301,1,,1,1,,N,N,,0,,0,0,0,3,2,,9999,1,2,0,0,0,0,1,3,4,0,2,3,,N,,,,,,,,,,,
2009044401,209.0,1,0,0,0,0,0,0,0,0,7,0,,67,2,2009,7,39.9172,-75.2463,207.0,6,0,0,1,0,0,0,0,0,,0,0,0,2,3,1,1,,0,39 55:01.859,,0,75 14:46.691,4,0,0,0,67301,0,0,0,N,0,0,0,1,67301,1,,4,1,,N,N,,0,,0,0,0,0,0,,207,1,1,0,0,1,0,0,3,4,0,1,3,,N,,,,,,,,,,,
2009037520,125.0,0,0,0,0,0,0,0,0,0,2,0,,67,3,2009,1,39.9731,-75.2625,120.0,6,0,0,0,0,0,0,0,0,,0,0,0,1,6,1,0,,0,39 58:23.210,,0,75 15:44.841,2,0,0,0,67301,0,0,0,,0,0,0,2,67301,0,,1,9,,,,,0,,0,1,1,0,0,,120,1,2,0,0,0,0,1,3,4,0,2,7,,N,,,,,,,,,,,
2009049786,1945.0,0,0,0,0,0,0,0,0,0,8,0,,67,4,2009,5,39.9285,-75.1822,1945.0,6,0,0,0,0,0,0,0,0,,0,0,0,19,6,1,1,,0,39 55:42.600,,0,75 10:55.919,4,0,0,0,67301,1,0,0,,1,0,0,2,67301,1,,1,1,,,,,1,,0,0,0,9,2,,1945,1,2,0,0,0,0,0,3,4,0,1,3,,N,,,,,,,,,,,
2009039426,349.0,2,0,0,0,0,0,0,0,0,4,0,,67,2,2009,5,40.0331,-75.107,348.0,6,0,0,0,0,0,0,0,0,2.0,0,0,0,3,3,1,1,,2,40 01:58.442,6.0,0,75 06:24.271,8,0,0,0,67301,0,0,0,,0,0,0,5,67301,0,,1,1,,N,N,,0,,0,0,0,3,2,Y,340,1,2,0,0,1,1,0,3,4,0,2,3,,N,,,,,,,,,,,
2009037416,1520.0,0,0,0,0,0,0,0,0,0,4,0,,67,3,2009,5,40.0808,-75.0284,1509.0,6,0,0,0,0,0,2,0,0,2.0,0,0,0,15,1,2,5,,1,40 04:50.820,1.0,0,75 01:42.117,4,0,0,0,67301,0,0,0,N,0,0,0,2,67301,2,,1,1,,N,N,,0,,0,0,2,3,2,N,1505,2,2,0,0,0,0,0,3,4,0,2,3,,N,,,,,,,,,,,
2009039557,957.0,1,0,0,0,0,0,0,0,0,4,0,,67,1,2009,1,40.025,-75.2136,951.0,6,0,0,0,0,0,0,0,0,,0,0,0,9,1,0,2,,0,40 01:29.838,,0,75 12:48.866,0,0,0,0,67301,0,0,0,N,0,0,0,2,67301,0,,1,1,,N,N,,0,,0,0,0,3,3,,935,0,2,0,0,0,0,0,3,4,1,2,3,,N,,,,,,,,,,,
2009037297,241.0,1,0,0,0,0,0,0,0,0,7,0,,67,3,2009,2,39.958,-75.1488,239.0,6,0,0,0,0,0,0,0,0,,0,0,0,2,3,1,1,,0,39 57:28.949,,0,75 08:55.729,8,0,0,0,67301,0,0,0,N,0,0,0,2,67301,0,,3,1,,N,N,,0,,0,0,0,3,2,,235,1,1,0,0,0,1,0,3,4,0,1,3,,N,,,,,,,,,,,
2009039080,1720.0,4,0,0,0,0,0,0,0,0,1,0,,67,2,2009,4,39.9518,-75.1839,1717.0,6,0,0,0,0,0,1,0,0,3.0,0,1,0,17,1,1,0,,2,39 57:06.445,4.0,0,75 11:01.939,8,0,0,0,67301,0,0,0,N,0,0,0,7,67301,0,,1,9,,N,N,,0,,0,0,1,3,2,Y,1715,1,7,0,0,0,1,0,3,4,1,7,3,,N,,,,,,,,,,,
2009039085,2238.0,2,0,0,0,0,0,0,0,0,5,0,,67,2,2009,5,39.9566,-75.1527,2230.0,6,0,0,0,0,0,0,0,0,,0,0,0,22,6,0,3,,0,39 57:23.639,,0,75 09:09.817,0,0,0,0,67301,0,0,0,,0,0,0,1,67301,0,,1,1,,N,N,,0,,0,0,0,0,0,,2200,0,2,0,0,0,0,0,3,4,0,2,3,,N,,,,,,,,,,,
2009037365,2300.0,3,0,1,0,0,0,0,0,0,1,0,,67,2,2009,6,39.9954,-75.1529,2252.0,6,0,0,0,0,0,0,0,0,9.0,0,0,0,22,3,2,1,,2,39 59:43.404,7.0,0,75 09:10.605,2,0,0,0,67301,0,0,0,N,0,0,0,2,67301,0,,1,1,,N,N,,1,,0,1,0,3,3,Y,2250,2,4,0,0,1,1,0,3,4,0,4,3,,N,,,,,,,,,,,
2009037425,2156.0,2,0,0,0,0,0,0,0,0,1,0,,67,3,2009,1,40.0568,-75.0134,2146.0,6,0,0,0,0,0,0,0,0,1.0,0,0,0,99,3,3,0,,2,40 03:24.377,5.0,0,75 00:48.390,3,0,0,0,67301,2,0,0,,0,0,0,5,67301,0,,1,6,,N,N,,0,,1,0,0,0,0,Y,9999,3,2,0,0,3,2,0,3,4,0,2,10,,N,,,,,,,,,,,
2009032205,654.0,1,0,0,0,0,0,0,0,0,5,1,,67,3,2009,2,40.0291,-75.0225,641.0,6,0,0,0,0,0,0,0,0,,0,1,0,6,1,0,0,,0,40 01:36.204,,0,75 01:33.472,0,0,0,0,67301,0,0,0,N,0,0,0,2,68K01,0,,1,6,,N,N,,0,,0,0,0,0,0,,638,0,2,0,0,0,0,0,3,4,0,2,10,,N,,,,,,,,,,,
2009036884,1830.0,1,0,0,0,0,0,0,0,0,1,0,,67,3,2009,2,40.01,-75.0962,1807.0,6,0,0,0,0,0,0,0,0,,0,0,0,18,1,1,0,,0,40 00:36.091,,0,75 05:46.178,8,0,0,0,67301,0,0,0,N,0,0,0,1,67301,0,,6,1,,N,N,,1,,0,0,0,3,2,,1800,1,2,0,0,0,1,0,3,4,0,2,3,,N,,,,,,,,,,,
2009026868,1100.0,2,0,0,0,0,0,0,0,0,5,0,,67,1,2009,7,40.0428,-75.0558,1051.0,6,0,0,0,1,0,1,0,0,,0,0,0,10,1,1,8,,0,40 02:33.720,,7,75 03:20.880,4,0,0,0,67301,0,0,0,,0,0,0,3,67301,1,,1,1,,N,N,,0,,0,0,0,0,0,,1050,1,2,0,0,0,0,0,3,4,0,2,3,,N,,,,,,,,,,,
2009124464,1342.0,2,0,0,0,0,0,0,0,0,5,0,,67,11,2009,3,40.1144,-74.9881,1334.0,6,0,0,0,0,0,0,1,0,2.0,0,0,0,13,1,2,1,,2,40 06:51.788,2.0,0,74 59:16.991,8,0,0,0,67301,0,0,0,N,0,0,0,3,67301,0,,1,1,,N,N,,0,,0,0,1,3,2,N,1330,2,3,0,0,0,2,0,3,4,0,3,3,,N,,,,,,,,,,,
2009124480,540.0,2,0,0,0,0,0,0,0,0,2,0,,67,11,2009,5,,,538.0,6,0,0,0,0,0,1,0,0,,0,0,0,5,3,2,0,,0,,,0,,8,0,0,0,67301,0,0,0,,0,0,0,3,67301,0,,1,9,,,,,0,,0,0,0,0,0,,535,2,2,0,0,0,2,1,3,3,0,2,7,,N,,,,,,,,,,,
2009097060,9999.0,2,0,0,0,0,0,0,0,0,2,0,,67,9,2009,1,40.0199,-75.1607,330.0,6,0,0,0,0,0,0,0,0,,0,0,0,99,3,2,0,,0,40 01:11.664,,0,75 09:38.442,4,0,0,0,67301,0,0,0,N,0,0,0,4,67301,1,,1,1,,N,N,,0,,0,0,0,0,0,,9999,2,2,0,0,4,1,0,3,4,0,2,3,,N,,,,,,,,,,,
2009124266,2155.0,2,0,0,0,0,0,0,0,0,1,0,,67,11,2009,3,39.9452,-75.1418,2155.0,6,0,0,0,0,2,0,0,0,,0,0,0,21,3,1,2,,0,39 56:42.354,,7,75 08:30.577,4,0,0,0,67301,0,0,0,N,0,0,0,2,67301,1,,1,1,,N,N,,0,,0,0,0,3,2,,2155,1,2,0,0,0,0,0,3,4,0,2,3,,N,,,,,,,,,,,
2009054982,933.0,1,0,0,0,0,0,0,0,0,7,0,,67,5,2009,2,39.9583,-75.1802,928.0,6,0,0,0,1,0,0,0,0,1.0,0,0,0,9,1,0,6,,1,39 57:34.701,4.0,2,75 10:51.774,0,0,0,0,67301,0,0,0,N,0,0,0,1,68K01,0,,4,1,,N,N,,0,,0,0,0,0,0,N,925,0,1,0,0,0,0,0,3,4,0,1,3,,N,,,,,,,,,,,
2009134044,252.0,1,0,0,0,0,0,0,0,0,7,0,,67,12,2009,7,39.8969,-75.1895,245.0,6,0,0,1,0,0,0,0,0,1.0,0,0,0,2,3,0,0,,1,39 53:57.120,1.0,0,75 10:34.680,0,0,0,0,67301,0,0,0,N,0,0,0,3,68K01,0,,5,1,,N,N,,0,,0,0,0,0,0,N,244,0,1,0,0,0,0,0,3,4,0,1,3,,N,,,,,,,,,,,
2009083761,2224.0,1,0,0,1,0,0,0,0,0,4,0,,67,7,2009,1,40.0037,-75.1689,2223.0,6,0,0,0,0,0,1,0,0,,0,0,0,22,3,1,1,,0,40 00:13.178,,0,75 10:08.095,4,0,0,0,67301,1,0,0,N,0,0,0,2,67301,1,,1,1,,N,N,,0,,0,0,0,3,2,,2221,1,2,0,0,0,0,0,3,4,0,1,3,,N,,,,,,,,,,,
2009083781,9999.0,1,0,0,0,0,0,0,0,0,4,0,,67,7,2009,6,39.9294,-75.1502,116.0,6,0,0,0,0,0,0,0,0,,0,0,0,1,3,3,1,,0,39 55:45.667,,0,75 09:00.863,2,0,1,1,67301,0,0,0,,0,0,0,4,67301,0,,1,1,,N,N,,0,,0,1,1,3,2,,115,3,3,0,0,2,2,0,3,4,0,3,3,,N,,,,,,,,,,,
2009120636,500.0,0,0,0,0,0,0,0,0,0,7,0,,67,10,2009,7,39.948,-75.1679,452.0,6,0,0,0,0,0,0,0,0,,0,0,0,4,3,0,0,,0,39 56:52.911,,0,75 10:04.310,0,0,0,0,67301,0,0,0,,0,0,0,1,67301,0,,5,9,,,,,1,,0,0,0,0,0,,450,0,1,0,0,0,0,0,3,4,0,1,7,,N,,,,,,,,,,,
2009100766,9999.0,0,0,0,1,0,0,0,0,0,4,0,,67,9,2009,2,39.966,-75.1672,9999.0,6,0,0,0,0,0,0,1,0,,0,0,0,99,1,1,1,,0,39 57:57.459,,0,75 10:02.071,4,0,0,0,67301,1,0,0,N,0,0,0,2,67301,1,,1,1,,N,N,,1,,0,0,0,3,3,,9999,1,2,0,0,0,0,0,3,4,0,1,3,,N,,,,,,,,,,,
2009030257,329.0,1,0,0,0,0,0,0,0,0,7,0,,67,1,2009,7,39.9568,-75.1499,329.0,6,0,0,0,0,0,0,0,0,,0,0,0,3,3,0,0,,0,39 57:24.917,,3,75 09:00.835,0,0,0,0,67301,0,0,0,,0,0,0,1,67501,0,,2,1,,N,N,,0,,0,0,0,3,8,,323,0,1,0,0,0,0,0,3,4,0,1,3,,N,,,,,,,,,,,
2009025204,9999.0,1,0,0,0,0,0,0,0,0,7,0,,67,1,2009,3,40.1169,-75.0197,2358.0,6,0,0,1,0,0,0,0,0,,0,0,0,23,3,4,0,,0,40 07:00.828,,0,75 01:10.899,3,0,0,0,67301,0,0,0,N,0,0,0,5,67301,2,,5,1,,N,N,,0,,2,0,0,0,0,,2358,4,1,0,0,2,0,0,3,4,0,1,3,,N,,,,,,,,,,,
2009030757,1745.0,2,0,0,0,0,0,0,0,0,6,0,,67,2,2009,1,39.9369,-75.1804,1743.0,6,0,0,0,0,0,0,0,0,,0,0,0,17,3,5,1,,0,39 56:12.940,,0,75 10:49.285,4,0,0,0,67301,0,0,0,,0,0,0,6,67301,5,,1,1,,,,,0,,0,0,0,9,3,,1740,5,2,0,0,0,0,0,3,4,0,2,3,,N,,,,,,,,,,,
2009030774,1515.0,0,0,0,0,0,0,0,0,0,1,0,,67,2,2009,4,40.0275,-75.0331,1515.0,6,0,0,0,0,0,1,0,0,1.0,0,0,0,15,1,1,2,,1,40 01:39.009,4.0,0,75 01:59.143,4,0,0,0,67301,0,0,0,N,0,0,0,2,67301,1,,1,1,,N,N,,0,,0,0,2,0,0,N,1515,1,2,0,0,0,0,0,3,4,0,2,3,,N,,,,,,,,,,,
2009030787,9999.0,2,0,0,0,0,0,0,0,0,4,0,,67,2,2009,5,40.0131,-75.1569,9999.0,6,0,0,0,0,0,1,0,0,,0,0,0,16,1,1,1,,0,40 00:47.289,,0,75 09:24.926,4,0,0,0,67301,0,0,0,N,0,0,0,5,67301,1,,1,1,,N,N,,0,,0,0,0,3,3,,1600,1,2,0,0,0,0,0,3,4,0,2,3,,N,,,,,,,,,,,
2009025616,1659.0,1,0,0,0,0,0,0,0,0,5,0,,67,1,2009,4,39.9518,-75.1841,1654.0,6,0,0,0,0,0,1,1,0,,0,0,0,16,1,1,2,,0,39 57:06.141,,0,75 10:59.548,8,0,0,0,67301,0,0,0,N,0,0,0,4,67301,0,,1,1,,N,N,,0,,0,0,0,3,2,,1652,1,2,0,0,0,1,0,3,4,1,2,3,,N,,,,,,,,,,,
2009020753,2312.0,1,0,0,0,0,0,0,0,0,1,0,,67,2,2009,4,40.0395,-75.007,2248.0,6,0,0,0,0,0,0,0,0,1.0,0,0,0,22,3,0,0,,1,40 02:23.310,1.0,0,75 00:23.179,9,0,0,0,67301,0,0,0,N,0,0,0,3,68K01,0,,1,9,,N,N,,0,,0,0,0,0,0,N,2242,0,2,0,0,0,0,1,3,4,0,2,7,,N,,,,,,,,,,,
2009038057,835.0,1,0,0,0,0,0,0,0,0,8,0,,67,3,2009,3,39.9721,-75.1248,826.0,6,0,0,0,0,0,0,0,0,,0,0,0,8,1,1,2,,0,39 58:20.009,,0,75 07:27.822,4,0,0,0,67301,1,0,0,N,1,0,0,2,67301,1,,1,2,,N,N,,0,,0,0,0,3,2,,825,1,2,0,0,0,0,0,3,4,0,1,3,,N,,,,,,,,,,,
2009035340,2044.0,2,0,0,0,0,0,0,0,0,1,0,,67,3,2009,6,39.9593,-75.174,2041.0,6,0,0,0,0,0,0,0,0,,0,0,0,20,3,0,0,,0,39 57:33.647,,0,75 10:28.621,0,0,0,0,67301,0,0,0,N,0,0,0,3,68K03,0,,1,9,,N,N,,0,,0,0,0,0,0,,2038,0,2,0,0,0,0,0,3,4,0,2,7,,N,,,,,,,,,,,
2009030477,3.0,2,0,0,0,0,0,0,0,0,1,0,,67,1,2009,6,39.9522,-75.2408,2.0,6,0,0,0,0,0,0,0,0,,0,0,0,0,3,3,1,,0,39 57:07.894,,0,75 14:26.897,3,0,0,0,67301,0,0,0,N,0,0,0,5,67301,2,,1,1,,N,N,,1,,1,0,0,3,2,,2,3,4,0,0,0,0,2,3,4,1,4,3,,N,,,,,,,,,,,
2009096781,1629.0,0,0,0,0,0,0,0,0,0,0,0,,67,9,2009,6,39.965,-75.1853,1606.0,6,0,0,0,0,0,0,0,0,,0,0,0,16,1,1,0,,0,39 58:00.166,,0,75 11:14.897,4,0,0,1,67301,0,0,0,N,0,0,0,1,68K01,1,,1,1,,N,N,,0,,0,0,0,0,0,,1601,1,1,0,0,0,0,0,3,4,0,1,3,,N,,,,,,,,,,,
2009125423,1022.0,2,0,0,0,0,0,0,0,0,6,0,,67,11,2009,6,40.0319,-75.1222,1011.0,6,0,0,0,0,0,0,0,0,,0,0,0,10,1,1,1,,0,40 01:54.724,,0,75 07:19.750,4,0,0,0,67301,0,0,0,N,0,0,0,2,67301,1,,1,1,,N,N,,0,,0,0,0,3,2,,1005,1,2,0,0,0,0,0,3,4,0,2,3,,N,,,,,,,,,,,
2009125432,805.0,3,0,0,0,0,0,0,0,0,4,0,,67,11,2009,1,40.0433,-75.1083,755.0,6,0,0,0,0,0,0,0,0,4.0,0,0,0,5,3,0,0,,2,40 02:35.908,6.0,0,75 06:29.790,0,0,0,0,67301,0,0,0,N,0,0,0,1,67301,0,,1,1,,N,N,,0,,0,0,0,0,0,Y,545,0,3,0,0,0,0,0,3,4,0,3,3,,N,,,,,,,,,,,
2009125445,207.0,2,0,0,0,0,0,0,0,0,2,0,,67,11,2009,7,40.0251,-75.1599,200.0,6,0,0,0,0,0,0,0,0,,0,0,0,1,3,3,0,,0,40 01:30.200,,0,75 09:35.631,4,0,0,0,67301,0,0,0,N,0,0,0,3,67301,3,,6,9,,N,N,,0,,0,0,0,0,0,,154,3,2,0,0,0,0,0,3,4,0,2,7,,N,,,,,,,,,,,
2009109616,708.0,1,0,0,0,0,0,0,0,0,1,0,,67,10,2009,5,39.9831,-75.2081,702.0,6,0,0,1,0,0,0,0,0,1.0,0,0,0,7,1,0,0,,2,39 59:03.135,3.0,0,75 12:30.004,0,0,0,0,67301,0,0,0,N,0,0,0,2,68K01,0,,1,1,,N,N,,1,,0,0,0,0,0,N,701,0,2,0,0,0,0,0,3,4,0,2,3,,N,,,,,,,,,,,
2009109279,1408.0,1,0,0,0,0,0,0,0,0,5,1,,67,10,2009,5,39.9843,-75.0963,1404.0,6,0,0,0,0,0,0,0,0,1.0,0,1,0,14,1,1,0,,2,39 59:03.183,2.0,0,75 05:47.059,8,0,0,0,67301,0,0,0,N,0,0,0,2,68K01,0,,1,1,,N,N,,0,,0,0,0,0,0,N,1402,1,2,0,0,0,1,0,3,4,0,2,3,,N,,,,,,,,,,,
2009106834,726.0,3,0,0,0,0,0,0,0,0,1,0,,67,10,2009,5,40.0524,-74.9879,719.0,6,0,0,0,0,0,0,0,0,1.0,0,0,0,7,1,0,0,,1,40 03:08.304,2.0,0,74 59:16.805,0,0,0,0,67301,0,0,0,N,0,0,0,5,68K01,0,,1,1,,N,N,,0,,0,0,1,0,0,N,717,0,4,0,0,0,0,0,3,4,0,4,3,,N,,,,,,,,,,,
2009125107,1406.0,0,0,0,1,0,0,0,0,0,5,0,,67,10,2009,4,39.9864,-75.1596,1404.0,6,0,0,0,0,0,0,0,0,,0,0,0,14,1,1,0,,0,39 59:11.110,,0,75 09:34.408,4,0,0,0,67301,1,0,0,,0,0,0,2,67301,1,,1,9,,,,,0,,0,0,0,0,0,,1402,1,2,0,0,0,0,0,3,4,1,1,7,,N,,,,,,,,,,,
2009125221,2255.0,1,0,0,0,0,0,0,0,0,8,0,,67,11,2009,6,39.9744,-75.2017,2253.0,6,0,0,0,0,0,0,0,0,,0,0,0,22,3,1,2,,0,39 58:27.673,,0,75 12:06.241,4,0,0,0,67301,1,0,0,N,1,0,0,2,67301,1,,1,1,,N,N,,0,,0,0,0,0,0,,2250,1,2,0,0,0,0,0,3,4,0,1,3,,N,,,,,,,,,,,
2009125225,944.0,2,0,0,0,0,0,0,0,0,2,0,,67,11,2009,2,40.0643,-75.1942,942.0,6,0,0,0,0,0,1,0,0,2.0,0,0,0,9,1,2,2,,2,40 03:51.444,7.0,0,75 11:38.918,3,0,0,0,67301,0,0,0,N,0,0,0,3,67301,0,,1,1,,N,Y,,0,,1,0,0,0,0,Y,941,2,2,0,0,0,1,1,3,4,0,2,3,,N,,,,,,,,,,,
2009111867,2330.0,3,0,0,0,0,0,0,0,0,6,0,,67,9,2009,6,40.0638,-75.1475,2325.0,6,0,0,1,0,0,0,0,0,,0,0,0,22,3,2,1,,0,40 03:49.744,,0,75 08:50.931,8,0,0,0,67301,0,0,0,N,0,0,0,3,67301,0,,1,1,,N,N,,0,,0,0,0,3,3,,2205,2,3,0,0,1,2,0,3,4,0,3,3,,N,,,,,,,,,,,
2009041930,53.0,2,0,0,0,0,0,0,0,0,5,0,,67,3,2009,2,39.9685,-75.1282,43.0,6,0,0,0,1,0,0,0,0,1.0,0,0,0,0,3,0,0,,1,39 58:08.858,1.0,0,75 07:37.632,0,0,0,0,67301,0,0,0,N,0,0,0,4,68K01,0,,1,9,,N,N,,0,,0,0,0,0,0,N,40,0,2,0,0,1,0,0,3,4,0,2,98,,N,,,,,,,,,,,
2009039728,610.0,1,0,0,0,0,0,0,0,0,6,0,,67,1,2009,1,39.986,-75.215,555.0,6,0,0,0,0,0,1,0,0,1.0,0,0,0,5,3,2,0,,1,39 59:09.547,3.0,0,75 12:53.898,3,0,0,0,67301,0,0,0,N,0,0,0,2,67301,1,,1,1,,N,N,,0,,1,0,1,3,2,Y,540,2,2,0,0,0,0,0,3,4,0,2,3,,N,,,,,,,,,,,
2009039241,2223.0,1,0,0,0,0,0,0,0,0,7,0,,67,1,2009,5,40.0526,-75.2367,2219.0,6,0,0,0,0,0,0,0,0,3.0,0,0,0,22,3,0,0,,1,40 03:09.494,3.0,0,75 14:12.249,0,0,0,0,67301,0,0,0,N,0,0,0,2,67301,0,,5,1,,N,N,,0,,0,0,0,0,0,N,2210,0,2,0,0,1,0,0,3,4,1,2,3,,N,,,,,,,,,,,