CRN,ARRIVAL_TM,AUTOMOBILE_COUNT,BELTED_DEATH_COUNT,BELTED_SUSP_SERIOUS_INJ_COUNT,BICYCLE_COUNT,BICYCLE_DEATH_COUNT,BICYCLE_SUSP_SERIOUS_INJ_COUNT,BUS_COUNT,CHLDPAS_DEATH_COUNT,CHLDPAS_SUSP_SERIOUS_INJ_COUNT,COLLISION_TYPE,COMM_VEH_COUNT,CONS_ZONE_SPD_LIM,COUNTY,CRASH_MONTH,CRASH_YEAR,DAY_OF_WEEK,DEC_LAT,DEC_LONG,DISPATCH_TM,DISTRICT,DRIVER_COUNT_16YR,DRIVER_COUNT_17YR,DRIVER_COUNT_18YR,DRIVER_COUNT_19YR,DRIVER_COUNT_20YR,DRIVER_COUNT_50_64YR,DRIVER_COUNT_65_74YR,DRIVER_COUNT_75PLUS,EST_HRS_CLOSED,FATAL_COUNT,HEAVY_TRUCK_COUNT,HORSE_BUGGY_COUNT,HOUR_OF_DAY,ILLUMINATION,INJURY_COUNT,INTERSECT_TYPE,INTERSECTION_RELATED,LANE_CLOSED,LATITUDE,LN_CLOSE_DIR,LOCATION_TYPE,LONGITUDE,MAX_SEVERITY_LEVEL,MCYCLE_DEATH_COUNT,MCYCLE_SUSP_SERIOUS_INJ_COUNT,MOTORCYCLE_COUNT,MUNICIPALITY,NONMOTR_COUNT,NONMOTR_DEATH_COUNT,NONMOTR_SUSP_SERIOUS_INJ_COUNT,NTFY_HIWY_MAINT,PED_COUNT,PED_DEATH_COUNT,PED_SUSP_SERIOUS_INJ_COUNT,PERSON_COUNT,POLICE_AGCY,POSSIBLE_INJ_COUNT,RDWY_SURF_TYPE_CD,RELATION_TO_ROAD,ROAD_CONDITION,ROADWAY_CLEARED,SCH_BUS_IND,SCH_ZONE_IND,SECONDARY_CRASH,SMALL_TRUCK_COUNT,SPEC_JURIS_CD,SUSP_MINOR_INJ_COUNT,SUSP_SERIOUS_INJ_COUNT,SUV_COUNT,TCD_FUNC_CD,TCD_TYPE,TFC_DETOUR_IND,TIME_OF_DAY,TOT_INJ_COUNT,TOTAL_UNITS,UNB_DEATH_COUNT,UNB_SUSP_SERIOUS_INJ_COUNT,UNBELTED_OCC_COUNT,UNK_INJ_DEG_COUNT,UNK_INJ_PER_COUNT,URBAN_AREA,URBAN_RURAL,VAN_COUNT,VEHICLE_COUNT,WEATHER1,WEATHER2,WORK_ZONE_IND,WORK_ZONE_LOC,WORK_ZONE_TYPE,WORKERS_PRES,WZ_CLOSE_DETOUR,WZ_FLAGGER,WZ_LAW_OFFCR_IND,WZ_LN_CLOSURE,WZ_MOVING,WZ_OTHER,WZ_SHLDER_MDN,WZ_WORKERS_INJ_KILLED
2009049675,316.0,4,0,0,0,0,0,0,0,0,5,0,,67,3,2009,6,39.9501,-75.1799,312.0,6,0,0,0,0,0,0,0,0,,0,0,0,3,3,1,0,,0,39 57:00.367,,0,75 10:47.481,4,0,0,1,67301,0,0,0,N,0,0,0,1,67301,1,,1,1,,N,N,,1,,0,0,0,3,3,,312,1,6,0,0,0,0,0,3,4,0,6,3,,N,,,,,,,,,,,
2009036885,1735.0,0,0,0,0,0,0,0,0,0,8,0,,67,3,2009,7,40.0635,-75.1616,1734.0,6,0,0,0,0,0,0,0,0,,0,0,0,17,1,1,2,,0,40 03:48.600,,0,75 09:41.760,4,0,0,0,67301,1,0,0,N,1,0,0,2,67301,1,,1,1,,N,N,,0,,0,0,0,0,0,,1728,1,2,0,0,0,0,0,3,4,1,1,3,,N,,,,,,,,,,,
2009026947,955.0,3,0,0,0,0,0,0,0,0,4,0,,67,1,2009,4,40.0421,-75.1821,945.0,6,0,0,0,0,0,1,0,0,3.0,0,0,0,9,1,1,2,,1,40 02:31.388,6.0,0,75 10:55.460,4,0,0,0,67301,0,0,0,N,0,0,0,3,67301,1,,1,1,,N,N,,0,,0,0,0,3,3,Y,940,1,3,0,0,0,0,0,3,4,0,3,3,,N,,,,,,,,,,,
2009034109,2009.0,1,0,0,0,0,0,0,0,0,1,0,,67,2,2009,7,39.989,-75.2067,2009.0,6,0,0,0,0,0,0,0,0,,0,0,0,20,3,0,0,,0,39 59:23.539,,0,75 12:21.096,0,0,0,0,67301,0,0,0,N,0,0,0,1,68K01,0,,1,1,,N,N,,0,,0,0,0,0,0,,2009,0,2,0,0,0,0,0,3,4,0,2,3,,N,,,,,,,,,,,
2009101135,2305.0,1,0,0,0,0,0,0,0,0,5,1,,67,9,2009,3,39.9462,-75.1422,2258.0,6,0,0,0,0,0,0,0,0,,0,1,0,22,3,0,0,,0,39 56:46.922,,0,75 08:31.778,0,0,0,0,67301,0,0,0,N,0,0,0,4,68K01,0,,1,1,,N,N,,0,,0,0,0,0,0,,2255,0,2,0,0,1,0,0,3,4,0,2,3,,N,,,,,,,,,,,
2009097095,1925.0,1,0,0,1,0,0,0,0,0,5,0,,67,9,2009,7,40.0015,-75.1158,1919.0,6,0,0,0,0,0,0,0,0,,0,0,0,18,1,1,0,,0,40 00:05.491,,0,75 06:56.718,4,0,0,0,67301,1,0,0,N,0,0,0,2,67301,1,,1,1,,N,N,,0,,0,0,0,3,3,,1800,1,2,0,0,0,0,0,3,4,0,1,3,,N,,,,,,,,,,,
2009054903,1225.0,2,0,0,0,0,0,0,0,0,1,0,,67,4,2009,4,40.0139,-75.1777,115.0,6,0,0,0,1,0,0,0,0,,0,0,0,99,1,1,0,,0,40 00:49.951,,0,75 10:39.686,4,0,0,0,67301,0,0,0,N,0,0,0,7,67301,1,,1,9,,N,N,,1,,0,0,0,0,0,,9999,1,3,0,0,2,0,0,3,4,0,3,7,,N,,,,,,,,,,,
2009124432,1237.0,2,0,0,0,0,0,0,0,0,4,0,,67,11,2009,5,40.0466,-75.0816,1235.0,6,0,0,0,0,0,0,0,0,,0,0,0,12,1,0,1,,0,40 02:47.673,,0,75 04:53.853,0,0,0,0,67301,0,0,0,N,0,0,0,2,67301,0,,1,9,,N,N,,0,,0,0,0,3,3,,1230,0,2,0,0,0,0,0,3,4,0,2,7,,N,,,,,,,,,,,
2009121642,1019.0,1,0,0,0,0,0,0,0,0,1,0,,67,11,2009,2,39.9989,-75.0809,1010.0,6,0,0,0,0,0,1,0,0,,0,0,0,10,1,2,0,,0,39 59:55.832,,0,75 04:51.344,4,0,0,0,67301,0,0,0,N,0,0,0,3,68K01,1,,1,1,,N,N,,0,,0,0,0,0,0,,1001,2,3,0,0,0,1,0,3,4,2,3,3,,N,,,,,,,,,,,
2009065406,220.0,2,0,0,0,0,0,0,0,0,1,0,,67,5,2009,2,40.0219,-75.1393,215.0,6,0,0,0,1,0,0,0,0,1.0,0,0,0,2,3,2,1,,1,40 01:18.381,1.0,0,75 08:22.667,4,0,0,0,67301,0,0,0,N,0,0,0,3,67301,2,,1,9,,N,N,,0,,0,0,0,3,2,N,211,2,2,0,0,0,0,0,3,4,0,2,7,,N,,,,,,,,,,,
2009065429,1440.0,1,0,0,0,0,0,0,0,0,2,0,,67,5,2009,6,39.9874,-75.2324,1430.0,6,0,0,0,0,0,0,0,0,,0,0,0,14,1,1,1,,0,39 59:14.726,,0,75 13:56.711,4,0,0,0,67301,0,0,0,N,0,0,0,2,67301,1,,1,1,,N,N,,0,,0,0,1,3,2,,1424,1,2,0,0,0,0,0,3,4,0,2,3,,N,,,,,,,,,,,
2009065458,1108.0,2,0,0,0,0,0,0,0,0,1,0,,67,5,2009,5,40.0808,-74.9959,1106.0,6,0,0,1,0,0,0,0,0,,0,0,0,10,1,0,2,,0,40 04:50.943,,0,74 59:45.166,0,0,0,0,67301,0,0,0,N,0,0,0,1,67301,0,,1,1,,N,N,,0,,0,0,1,0,0,,1058,0,3,0,0,0,0,0,3,4,0,3,3,,N,,,,,,,,,,,
2009085217,1243.0,2,0,0,0,0,0,0,0,0,1,0,,67,8,2009,1,39.9162,-75.1477,1242.0,6,0,0,0,0,0,0,0,0,1.0,0,0,0,12,1,0,0,,1,39 54:56.633,2.0,0,75 08:52.184,0,0,0,0,67301,0,0,0,N,0,0,0,3,68K01,0,,1,1,,N,N,,0,,0,0,0,0,0,N,1240,0,2,0,0,0,0,0,3,4,0,2,3,,N,,,,,,,,,,,
2009120597,1353.0,2,0,0,0,0,0,0,0,0,4,0,,67,10,2009,6,40.0276,-75.1101,1349.0,6,0,0,0,0,1,1,0,0,1.0,0,0,0,13,1,2,5,,1,40 01:39.299,3.0,0,75 06:35.952,8,0,0,0,67301,0,0,0,N,0,0,0,4,67301,0,,1,1,,N,N,,0,,0,0,0,3,2,N,1348,2,2,0,0,0,2,0,3,4,0,2,3,,N,,,,,,,,,,,
2009111182,2145.0,2,0,0,0,0,0,0,0,0,5,0,,67,10,2009,6,40.0268,-75.0932,2140.0,6,0,0,0,0,0,0,0,0,,0,0,0,21,3,2,0,,0,40 01:36.147,,0,75 05:35.920,4,0,0,0,67301,0,0,0,N,0,0,0,3,67301,2,,1,9,,N,N,,0,,0,0,0,0,0,,2139,2,2,0,0,0,0,1,3,4,0,2,7,,N,,,,,,,,,,,
2009120758,1635.0,1,0,0,0,0,0,0,0,0,1,0,,67,10,2009,4,40.1161,-74.9849,1620.0,6,0,0,0,1,0,1,0,0,1.0,0,0,0,16,1,1,0,,1,40 06:57.861,1.0,0,74 59:05.750,3,0,0,0,67301,0,0,0,,0,0,0,3,67301,0,,1,1,,,,,1,,1,0,1,0,0,N,1615,1,3,0,0,0,0,0,3,4,0,3,3,,N,,,,,,,,,,,
2009049838,1624.0,0,0,0,0,0,0,0,0,0,8,0,,67,3,2009,2,39.9847,-75.1778,1611.0,6,0,0,0,0,0,0,0,0,3.0,0,0,0,16,1,1,0,,2,39 59:04.960,5.0,0,75 10:40.130,8,0,0,0,67301,1,0,0,,1,0,0,5,67301,0,,1,1,,,,,0,,0,0,0,0,0,Y,1611,1,2,0,0,0,1,0,3,4,1,1,3,,N,,,,,,,,,,,
2009071407,1145.0,1,0,0,0,0,0,0,0,0,8,0,,67,6,2009,6,40.0507,-75.0666,1141.0,6,0,0,0,0,0,0,0,0,,0,0,0,99,1,1,0,,0,40 03:02.537,,0,75 03:59.790,8,0,0,0,67301,1,0,0,N,1,0,0,2,67301,0,,1,1,,N,N,,0,,0,0,0,0,0,,9999,1,2,0,0,0,1,0,3,4,0,1,3,,N,,,,,,,,,,,
2009030415,1810.0,2,0,0,0,0,0,0,0,0,4,0,,67,2,2009,2,40.0673,-75.1467,1741.0,6,0,0,0,0,0,1,0,0,,0,0,0,17,3,0,3,,0,40 04:02.157,,0,75 08:48.213,0,0,0,0,67301,0,0,0,,0,0,0,6,67301,0,,1,1,,,,,0,,0,0,0,3,2,,1730,0,2,0,0,0,0,0,3,4,0,2,3,,N,,,,,,,,,,,
2009117803,736.0,1,0,0,0,0,0,0,0,0,7,0,25.0,67,11,2009,6,40.0233,-75.0323,727.0,6,0,0,0,0,0,0,0,0,,0,0,0,7,1,1,0,,0,40 01:23.676,,2,75 01:54.921,8,0,0,0,67301,0,0,0,N,0,0,0,1,68K01,0,,4,9,,N,N,,0,,0,0,0,0,0,,723,1,1,0,0,0,1,0,3,4,0,1,7,,Y,8.0,1.0,N,N,N,N,N,N,Y,Y,
2009125156,325.0,1,0,0,0,0,0,0,0,0,4,0,,67,11,2009,1,40.036,-75.1745,317.0,6,0,0,0,0,0,0,0,0,,0,0,0,3,3,0,0,,0,40 02:09.758,,0,75 10:28.074,9,0,0,0,67301,0,0,0,N,0,0,0,2,67301,0,,1,1,,N,N,,0,,0,0,0,0,0,,300,0,2,0,0,0,0,1,3,4,1,2,3,,N,,,,,,,,,,,
2009125159,2130.0,0,0,0,1,0,0,0,0,0,4,0,,67,11,2009,3,40.0295,-75.1862,2130.0,6,0,0,0,0,0,1,0,0,,0,0,0,21,3,1,1,,0,40 01:46.046,,0,75 11:10.157,4,0,0,0,67301,1,0,0,N,0,0,0,2,67301,1,,1,9,,N,N,,1,,0,0,0,3,2,,2130,1,2,0,0,0,0,0,3,4,0,1,3,,N,,,,,,,,,,,
2009125174,930.0,1,0,0,0,0,0,0,0,0,5,1,,67,11,2009,2,40.0185,-75.2112,925.0,6,0,0,0,0,0,0,0,0,,0,1,0,7,1,0,0,,0,40 01:07.015,,0,75 12:40.270,9,0,0,0,67301,0,0,0,,0,0,0,1,67301,0,,6,1,,,,,0,,0,0,1,0,0,,725,0,3,0,0,0,0,1,3,4,0,3,3,,N,,,,,,,,,,,
2009133150,1607.0,1,0,0,0,0,0,0,0,0,1,0,,67,12,2009,3,39.9619,-75.1396,1600.0,6,0,0,0,0,0,1,0,0,,0,0,0,15,1,1,0,,0,39 57:43.200,,0,75 08:22.560,8,0,0,0,67301,0,0,0,N,0,0,0,2,68K01,0,,1,1,,N,N,,1,,0,0,0,0,0,,1556,1,2,0,0,0,1,0,3,4,0,2,3,,N,,,,,,,,,,,
2009047368,2137.0,3,0,0,0,0,0,0,0,0,1,0,,67,4,2009,1,39.9756,-75.1162,2129.0,6,0,0,0,0,0,0,0,0,1.0,0,0,0,21,3,2,0,,2,39 58:36.401,2.0,0,75 06:50.211,4,0,0,0,67301,0,0,0,N,0,0,0,5,68K01,1,,1,1,,N,N,,0,,0,0,0,0,0,N,2127,2,3,0,0,0,1,0,3,4,0,3,3,,N,,,,,,,,,,,
2009037503,1800.0,2,0,0,0,0,0,0,0,0,4,0,,67,3,2009,2,40.0584,-75.1492,1758.0,6,0,0,0,0,0,1,0,0,,0,0,0,17,1,2,5,,0,40 03:30.268,,0,75 08:57.263,4,0,0,0,67301,0,0,0,N,0,0,0,2,67301,2,,1,7,,N,N,,0,,0,0,0,3,2,,1755,2,2,0,0,0,0,0,3,4,0,2,10,,N,,,,,,,,,,,
2009031901,1614.0,2,0,0,0,0,0,0,0,0,1,0,,67,1,2009,7,39.9407,-75.1953,1602.0,6,0,0,0,0,0,0,0,0,2.0,0,0,0,15,1,3,0,,1,39 56:33.360,4.0,3,75 11:35.880,4,0,0,0,67301,0,0,0,N,0,0,0,9,68K01,3,,1,1,,N,N,,0,,0,0,0,0,0,N,1558,3,3,0,0,0,0,0,3,4,1,3,3,,N,,,,,,,,,,,
2009039676,2108.0,0,0,0,0,0,0,0,0,0,4,0,99.0,67,1,2009,6,39.9555,-75.1646,2105.0,6,0,0,0,0,0,0,0,0,,0,0,0,20,3,0,2,,0,39 57:19.933,,0,75 09:52.710,0,0,0,0,67301,0,0,0,N,0,0,0,2,67301,0,,1,1,,N,N,,0,,0,0,2,3,2,,2050,0,2,0,0,0,0,0,3,4,0,2,3,,Y,8.0,8.0,U,U,U,U,U,U,U,U,
2009036967,1309.0,2,0,0,0,0,0,1,0,0,2,1,,67,2,2009,3,40.0475,-75.1428,1259.0,6,0,0,0,0,0,0,1,0,,0,0,0,12,1,2,1,,0,40 02:50.961,,0,75 08:34.014,4,0,0,0,67301,0,0,0,N,0,0,0,5,67301,2,,1,1,,N,N,,0,,0,0,0,3,2,,1249,2,3,0,0,0,0,3,3,4,0,3,3,,N,,,,,,,,,,,
2009124460,1225.0,2,0,0,0,0,0,0,0,0,4,0,,67,11,2009,1,39.9614,-75.1433,1219.0,6,0,0,0,0,0,0,0,0,,0,0,0,11,1,0,1,,0,39 57:41.068,,0,75 08:35.811,0,0,0,0,67301,0,0,0,N,0,0,0,2,67301,0,,1,1,,N,N,,0,,0,0,0,2,3,,1150,0,2,0,0,0,0,0,3,4,0,2,3,,N,,,,,,,,,,,
2009124475,328.0,4,0,0,0,0,0,0,0,0,5,0,,67,11,2009,7,39.949,-75.1614,326.0,6,0,0,0,0,0,0,0,0,,0,0,0,3,3,0,0,,0,39 56:56.381,,0,75 09:41.179,0,0,0,0,67301,0,0,0,N,0,0,0,6,67301,0,,6,1,,N,N,,0,,0,0,0,0,0,,315,0,4,0,0,0,0,0,3,4,0,4,3,,N,,,,,,,,,,,
2009054902,800.0,1,0,0,0,0,0,0,0,0,1,0,,67,4,2009,3,40.024,-75.1957,728.0,6,0,0,0,0,0,0,0,0,,0,0,0,7,1,1,0,,0,40 01:26.371,,0,75 11:44.644,8,0,0,0,67301,0,0,0,N,0,0,0,4,67301,0,,1,9,,N,N,,0,,0,0,1,3,2,,728,1,2,0,0,0,1,2,3,4,0,2,7,,N,,,,,,,,,,,
2009124286,1730.0,2,0,0,0,0,0,0,0,0,4,0,,67,11,2009,6,39.9176,-75.1777,1726.0,6,0,0,0,0,0,0,0,0,,0,0,0,17,3,0,1,,0,39 55:03.241,,0,75 10:39.874,0,0,0,0,67301,0,0,0,N,0,0,0,2,67301,0,,1,1,,N,N,,0,,0,0,0,3,2,,1724,0,2,0,0,0,0,0,3,4,0,2,3,,N,,,,,,,,,,,
2009083839,1433.0,1,0,0,0,0,0,0,0,0,4,0,,67,7,2009,3,40.0313,-75.0291,1430.0,6,0,0,0,0,1,0,0,0,,0,0,0,14,1,2,2,,0,40 01:52.597,,0,75 01:44.864,3,0,0,0,67301,0,0,0,N,0,0,0,2,67301,1,,1,1,,N,N,,1,,1,0,0,3,3,,1425,2,2,0,0,0,0,0,3,4,0,2,3,,N,,,,,,,,,,,
2009097260,1920.0,2,0,0,0,0,0,0,0,0,1,0,,67,9,2009,5,40.0082,-75.1427,1920.0,6,0,0,0,0,0,0,0,0,,0,0,0,19,3,3,1,,0,40 00:29.406,,0,75 08:33.738,8,0,0,0,67301,0,0,0,,0,0,0,5,67301,0,,1,1,,,,,0,,0,0,0,3,2,,1915,3,2,0,0,0,3,1,3,4,0,2,3,,N,,,,,,,,,,,
2009065463,1545.0,1,0,0,0,0,0,0,0,0,8,0,,67,5,2009,2,39.9492,-75.1572,1530.0,6,0,0,0,0,0,0,0,0,,0,0,0,12,1,1,0,,0,39 56:57.158,,0,75 09:26.030,4,0,0,0,67301,1,0,0,N,1,0,0,2,67301,1,,1,1,,N,N,,0,,0,0,0,0,0,,1230,1,2,0,0,0,0,0,3,4,0,1,3,,N,,,,,,,,,,,
2009120657,817.0,2,0,0,0,0,0,0,0,0,1,0,,67,11,2009,1,40.0371,-75.1303,812.0,6,0,0,0,0,0,0,0,0,,0,0,0,6,5,0,0,,0,40 02:13.632,,0,75 07:49.209,0,0,0,0,67301,0,0,0,N,0,0,0,1,67301,0,,6,9,,N,N,,1,,0,0,0,0,0,,659,0,3,0,0,0,0,0,3,4,0,3,7,,N,,,,,,,,,,,
2009078026,710.0,1,0,0,0,0,0,0,0,0,4,0,,67,7,2009,1,39.9858,-75.2156,702.0,6,0,0,0,0,0,0,0,0,,0,0,0,7,1,0,1,,0,39 59:08.826,,0,75 12:56.555,0,0,0,0,67301,0,0,0,N,0,0,0,2,68K01,0,,1,1,,N,N,,0,,0,0,0,3,2,,700,0,2,0,0,1,0,0,3,4,1,2,3,,N,,,,,,,,,,,
2009133670,1501.0,1,0,0,0,0,0,0,0,0,7,0,,67,12,2009,7,40.0462,-75.0008,1454.0,6,0,0,0,0,0,0,0,0,,0,0,0,14,1,0,0,,0,40 02:46.156,,2,75 00:02.739,0,0,0,0,67301,0,0,0,N,0,0,0,3,68K02,0,,2,9,,N,N,,0,,0,0,0,0,0,,1453,0,1,0,0,0,0,0,3,4,0,1,7,,N,,,,,,,,,,,
2009120716,950.0,1,0,0,0,0,0,0,0,0,5,0,,67,10,2009,7,39.9524,-75.1625,943.0,6,0,0,0,0,0,0,0,0,,0,1,0,9,1,1,2,,0,39 57:08.768,,0,75 09:45.156,4,0,0,0,67301,0,0,0,N,0,0,0,2,67301,1,,1,9,,N,N,,0,,0,0,0,3,2,,915,1,2,0,0,0,0,0,3,4,0,2,7,,N,,,,,,,,,,,
2009063731,1953.0,1,0,0,0,0,0,0,0,0,4,0,,67,5,2009,5,39.9409,-75.2126,1950.0,6,0,0,0,0,0,0,0,0,,0,0,0,19,1,1,1,,0,39 56:27.142,,0,75 12:45.341,4,0,0,0,67301,0,0,0,N,0,0,0,4,67301,1,,1,9,,N,N,,1,,0,0,0,3,2,,1935,1,2,0,0,0,0,0,3,4,0,2,3,,N,,,,,,,,,,,
2009063734,1540.0,1,0,0,0,0,0,0,0,0,8,0,,67,5,2009,2,40.033,-75.091,1530.0,6,0,0,0,0,0,0,0,0,1.0,0,0,0,15,1,1,1,,2,40 01:58.782,3.0,0,75 05:27.765,4,0,0,0,67301,1,0,0,N,1,0,0,2,67301,1,,1,1,,N,N,,0,,0,0,0,3,3,N,1529,1,2,0,0,0,0,0,3,4,0,1,3,,N,,,,,,,,,,,
2009063922,1125.0,1,0,0,0,0,0,0,0,0,4,0,,67,5,2009,7,40.0496,-75.1555,1122.0,6,0,0,0,0,1,0,0,0,,0,0,0,11,1,2,1,,0,40 02:58.452,,0,75 09:19.846,4,0,0,0,67301,0,0,0,N,0,0,0,6,67301,1,,1,9,,N,N,,0,,0,0,1,3,3,,1115,2,2,0,0,3,1,1,3,4,0,2,7,,N,,,,,,,,,,,
2009056343,533.0,1,0,0,0,0,0,0,0,0,7,0,,67,5,2009,1,39.9559,-75.1918,530.0,6,0,0,0,0,0,0,0,0,,0,0,0,5,5,1,0,,0,39 57:21.112,,0,75 11:30.465,8,0,0,0,67301,0,0,0,N,0,0,0,1,67301,0,,4,9,,N,N,,0,,0,0,0,0,0,,528,1,1,0,0,0,1,0,3,4,0,1,7,,N,,,,,,,,,,,
2009063970,810.0,1,0,0,0,0,0,0,0,0,4,0,,67,5,2009,5,40.0403,-75.0551,804.0,6,0,0,0,0,0,1,0,0,,0,0,0,7,1,3,2,,0,40 02:25.101,,0,75 03:18.208,4,0,0,0,67301,0,0,0,N,0,0,0,6,67301,3,,1,1,,N,N,,1,,0,0,0,0,0,,750,3,2,0,0,1,0,0,3,4,0,2,3,,N,,,,,,,,,,,
2009056357,2347.0,0,0,0,0,0,0,0,0,0,4,0,,67,5,2009,7,40.0104,-75.0794,2347.0,6,0,0,0,0,0,0,0,0,2.0,0,0,0,23,3,1,0,,2,40 00:36.987,2.0,0,75 04:46.480,8,0,0,1,67301,0,0,0,N,0,0,0,2,67301,0,,1,1,,N,N,,1,,0,0,0,0,0,N,2347,1,2,0,0,0,1,0,3,4,0,2,3,,N,,,,,,,,,,,
2009056366,1607.0,1,0,0,0,0,0,0,0,0,8,0,,67,5,2009,7,39.9963,-75.1437,1605.0,6,0,0,0,0,0,0,0,0,,0,0,0,15,1,1,0,,0,39 59:46.500,,0,75 08:37.410,8,0,0,0,67301,1,0,0,,1,0,0,2,67301,0,,1,9,,,,,0,,0,0,0,0,0,,1530,1,2,0,0,0,1,0,3,4,0,1,3,,N,,,,,,,,,,,
2009056418,1216.0,1,0,0,0,0,0,0,0,0,4,0,,67,5,2009,2,39.9858,-75.1115,1216.0,6,0,0,0,0,0,0,0,0,,0,0,0,12,1,1,1,,0,39 59:08.735,,0,75 06:41.576,8,0,0,0,67301,0,0,0,,0,0,0,2,67301,0,,1,9,,,,,0,,0,0,1,3,2,,1212,1,2,0,0,0,1,0,3,4,0,2,7,,N,,,,,,,,,,,
2009056524,1655.0,1,0,0,0,0,0,0,0,0,1,0,,67,5,2009,2,40.011,-75.1282,1643.0,6,0,0,0,0,0,0,0,0,,0,0,0,16,1,1,0,,0,40 00:39.547,,0,75 07:41.617,8,0,0,0,67301,0,0,0,N,0,0,0,2,67301,0,,1,1,,N,Y,,0,,0,0,1,0,0,,1600,1,2,0,0,0,1,0,3,4,0,2,3,,N,,,,,,,,,,,
2009093484,1415.0,3,0,0,0,0,0,0,0,0,4,0,,67,8,2009,2,40.0652,-75.2398,415.0,6,0,0,0,0,0,0,1,0,,0,0,0,99,1,0,2,,0,40 03:56.525,,0,75 14:23.351,0,0,0,0,67301,0,0,0,,0,0,0,3,67301,0,,1,1,,,,,0,,0,0,0,0,0,,9999,0,3,0,0,0,0,0,3,4,0,3,3,,N,,,,,,,,,,,
2009059118,1512.0,1,0,0,0,0,0,0,0,0,7,0,,67,5,2009,5,39.8873,-75.2425,1501.0,6,0,0,0,0,0,1,0,0,,0,0,0,14,1,0,0,,0,39 53:14.280,,0,75 14:33.000,0,0,0,0,67301,0,0,0,N,0,0,0,1,68K01,0,,2,1,,N,N,,0,,0,0,0,0,0,,1459,0,1,0,0,0,0,0,3,4,0,1,3,,N,,,,,,,,,,,
2009053983,2009.0,0,0,0,0,0,0,0,0,0,7,0,,67,3,2009,1,39.8952,-75.2347,2005.0,6,0,0,0,1,0,0,0,0,,0,0,0,20,3,4,0,,0,39 53:42.746,,0,75 14:05.036,2,0,0,0,67301,0,0,0,,0,0,0,4,67301,0,,3,1,,N,N,,0,,1,3,1,0,0,,2005,4,1,0,0,0,0,0,3,4,0,1,3,,N,,,,,,,,,,,
2009085853,358.0,0,0,0,0,0,0,0,0,0,7,0,,67,8,2009,7,39.9002,-75.1578,355.0,6,0,0,0,0,0,0,0,0,,0,0,0,3,3,1,0,,0,39 54:04.680,,0,75 09:09.000,3,0,0,1,67301,0,0,0,N,0,0,0,1,68K01,0,,2,1,,N,N,,0,,1,0,0,0,0,,345,1,1,0,0,0,0,0,3,4,0,1,3,,N,,,,,,,,,,,
2009065791,1352.0,2,0,0,0,0,0,0,0,0,1,0,,67,5,2009,7,39.9754,-75.19,1350.0,6,0,0,0,0,0,2,0,0,,0,0,0,13,1,2,2,,0,39 58:31.433,,6,75 11:23.825,8,0,0,0,67301,0,0,0,N,0,0,0,3,67301,0,,7,1,,N,N,,0,,0,0,0,3,3,,1340,2,2,0,0,0,2,0,3,4,0,2,3,,N,,,,,,,,,,,
2009083265,2257.0,1,0,0,0,0,0,0,0,0,1,0,,67,8,2009,7,40.037,-75.0141,2240.0,6,0,0,0,0,0,0,0,0,2.0,0,0,0,22,3,0,0,,1,40 02:13.560,2.0,0,75 00:50.400,0,0,0,0,67301,0,0,0,N,0,0,0,2,68K01,0,,1,1,,N,N,,0,,0,0,0,0,0,N,2235,0,2,0,0,0,0,0,3,4,0,2,3,,N,,,,,,,,,,,
2009086068,1935.0,0,0,0,0,0,0,0,0,0,8,0,,67,6,2009,2,39.935,-75.1842,1929.0,6,0,0,0,0,0,0,0,0,3.0,0,0,0,19,1,2,2,,2,39 56:06.122,2.0,0,75 11:03.029,3,0,0,2,67301,1,0,0,N,1,0,0,3,67301,1,,1,1,,N,N,,0,,1,0,0,3,3,Y,1920,2,3,0,0,0,0,0,3,4,0,2,3,,N,,,,,,,,,,,
2009078300,1333.0,1,0,0,0,0,0,0,0,0,1,0,,67,7,2009,4,39.9777,-75.2014,1333.0,6,0,0,0,0,0,0,1,0,1.0,0,0,0,13,1,3,0,,1,39 58:41.880,3.0,0,75 12:09.000,3,0,0,0,67301,0,0,0,N,0,0,0,3,68K01,1,,1,1,,N,N,,0,,2,0,0,0,0,N,1311,3,2,0,0,0,0,0,3,4,1,2,3,,N,,,,,,,,,,,
2009065589,0.0,0,0,0,0,0,0,0,0,0,8,0,,67,4,2009,1,40.0214,-75.1562,0.0,6,0,0,0,0,0,0,0,0,,0,0,0,13,1,1,0,,0,40 01:16.888,,0,75 09:22.309,8,0,0,0,67301,1,0,0,,1,0,0,3,00000,0,,1,98,,,,,0,,0,0,0,0,0,,1300,1,2,0,0,0,1,0,3,4,0,1,99,,N,,,,,,,,,,,
2009079029,1401.0,2,0,0,0,0,0,0,0,0,2,0,,67,2,2009,5,40.0443,-75.0541,1357.0,6,0,0,0,0,0,1,0,0,1.0,0,0,0,13,1,2,1,,1,40 02:39.450,3.0,0,75 03:14.767,8,0,0,0,67301,0,0,0,N,0,0,0,3,67301,0,,1,1,,N,N,,0,,0,0,0,3,2,N,1357,2,2,0,0,0,2,0,3,4,0,2,3,,N,,,,,,,,,,,