CRN,ARRIVAL_TM,AUTOMOBILE_COUNT,BELTED_DEATH_COUNT,BELTED_SUSP_SERIOUS_INJ_COUNT,BICYCLE_COUNT,BICYCLE_DEATH_COUNT,BICYCLE_SUSP_SERIOUS_INJ_COUNT,BUS_COUNT,CHLDPAS_DEATH_COUNT,CHLDPAS_SUSP_SERIOUS_INJ_COUNT,COLLISION_TYPE,COMM_VEH_COUNT,CONS_ZONE_SPD_LIM,COUNTY,CRASH_MONTH,CRASH_YEAR,DAY_OF_WEEK,DEC_LAT,DEC_LONG,DISPATCH_TM,DISTRICT,DRIVER_COUNT_16YR,DRIVER_COUNT_17YR,DRIVER_COUNT_18YR,DRIVER_COUNT_19YR,DRIVER_COUNT_20YR,DRIVER_COUNT_50_64YR,DRIVER_COUNT_65_74YR,DRIVER_COUNT_75PLUS,EST_HRS_CLOSED,FATAL_COUNT,HEAVY_TRUCK_COUNT,HORSE_BUGGY_COUNT,HOUR_OF_DAY,ILLUMINATION,INJURY_COUNT,INTERSECT_TYPE,INTERSECTION_RELATED,LANE_CLOSED,LATITUDE,LN_CLOSE_DIR,LOCATION_TYPE,LONGITUDE,MAX_SEVERITY_LEVEL,MCYCLE_DEATH_COUNT,MCYCLE_SUSP_SERIOUS_INJ_COUNT,MOTORCYCLE_COUNT,MUNICIPALITY,NONMOTR_COUNT,NONMOTR_DEATH_COUNT,NONMOTR_SUSP_SERIOUS_INJ_COUNT,NTFY_HIWY_MAINT,PED_COUNT,PED_DEATH_COUNT,PED_SUSP_SERIOUS_INJ_COUNT,PERSON_COUNT,POLICE_AGCY,POSSIBLE_INJ_COUNT,RDWY_SURF_TYPE_CD,RELATION_TO_ROAD,ROAD_CONDITION,ROADWAY_CLEARED,SCH_BUS_IND,SCH_ZONE_IND,SECONDARY_CRASH,SMALL_TRUCK_COUNT,SPEC_JURIS_CD,SUSP_MINOR_INJ_COUNT,SUSP_SERIOUS_INJ_COUNT,SUV_COUNT,TCD_FUNC_CD,TCD_TYPE,TFC_DETOUR_IND,TIME_OF_DAY,TOT_INJ_COUNT,TOTAL_UNITS,UNB_DEATH_COUNT,UNB_SUSP_SERIOUS_INJ_COUNT,UNBELTED_OCC_COUNT,UNK_INJ_DEG_COUNT,UNK_INJ_PER_COUNT,URBAN_AREA,URBAN_RURAL,VAN_COUNT,VEHICLE_COUNT,WEATHER1,WEATHER2,WORK_ZONE_IND,WORK_ZONE_LOC,WORK_ZONE_TYPE,WORKERS_PRES,WZ_CLOSE_DETOUR,WZ_FLAGGER,WZ_LAW_OFFCR_IND,WZ_LN_CLOSURE,WZ_MOVING,WZ_OTHER,WZ_SHLDER_MDN,WZ_WORKERS_INJ_KILLED
2009079144,1943.0,1,0,0,0,0,0,0,0,0,8,0,,67,7,2009,1,39.968,-75.2101,1939.0,6,0,0,0,0,0,0,0,0,,0,0,0,19,1,1,3,,0,39 58:04.547,,0,75 12:36.141,4,0,0,0,67301,1,0,0,N,1,0,0,2,67301,1,,1,1,,N,N,,0,,0,0,0,3,3,,1936,1,2,0,0,0,0,0,3,4,0,1,3,,N,,,,,,,,,,,
2009079208,122.0,2,0,0,0,0,0,0,0,0,2,0,,67,6,2009,1,39.997,-75.1786,122.0,6,0,0,0,0,0,1,0,0,3.0,0,0,0,1,3,1,1,,2,39 59:49.350,7.0,0,75 10:42.861,3,0,0,0,67301,0,0,0,N,0,0,0,2,67301,0,,1,1,,N,N,,0,,1,0,0,3,2,Y,122,1,2,0,0,0,0,0,3,4,0,2,3,,N,,,,,,,,,,,
2009025907,9999.0,1,0,0,0,0,0,0,0,0,5,0,,67,1,2009,5,39.9103,-75.2425,1636.0,6,0,0,0,0,0,0,0,0,,0,0,0,13,1,1,2,,0,39 54:37.080,,0,75 14:33.000,4,0,0,0,67301,0,0,0,N,0,0,0,2,67301,1,,1,1,,N,N,,0,,0,0,1,0,0,,1336,1,2,0,0,0,0,0,3,4,0,2,3,,N,,,,,,,,,,,
2009030056,1343.0,2,0,0,0,0,0,0,0,0,2,0,,67,2,2009,2,40.0286,-75.0577,1340.0,6,0,0,0,0,0,1,0,0,,0,0,0,13,1,2,0,,0,40 01:42.810,,0,75 03:27.600,4,0,0,0,67301,0,0,0,,0,0,0,5,67301,1,,1,1,,,,,2,,0,0,0,3,2,,1338,2,4,0,0,0,1,1,3,4,0,4,3,,N,,,,,,,,,,,
2009030058,2357.0,1,0,0,0,0,0,0,0,0,7,0,,67,2,2009,3,40.0751,-75.0015,2353.0,6,0,0,0,0,1,0,0,0,,0,0,0,23,3,0,2,,0,40 04:30.370,,0,75 00:05.500,0,0,0,0,67301,0,0,0,N,0,0,0,1,67301,0,,5,7,,N,N,,0,,0,0,0,2,2,,2344,0,1,0,0,0,0,0,3,4,0,1,10,,N,,,,,,,,,,,
2009032870,50.0,1,0,0,0,0,0,0,0,0,4,0,,67,1,2009,3,40.0308,-75.0357,49.0,6,0,0,0,0,0,0,0,0,,0,0,0,0,3,2,2,,0,40 01:50.880,,0,75 02:08.520,8,0,0,0,67301,0,0,0,N,0,0,0,2,67301,0,,1,1,,N,N,,0,,0,0,1,0,0,,48,2,3,0,0,0,2,0,3,4,0,2,3,,N,,,,,,,,,,,
2009025269,110.0,1,0,0,0,0,0,0,0,0,7,0,,67,1,2009,5,40.0372,-75.0253,104.0,6,0,0,0,0,0,1,0,0,,0,0,0,99,3,0,0,,0,40 02:14.035,,0,75 01:30.990,9,0,0,0,67301,0,0,0,,0,0,0,1,67301,0,,5,2,,,,,0,,0,0,0,0,0,,9999,0,1,0,0,0,0,1,3,4,0,1,10,,N,,,,,,,,,,,
2009030418,1835.0,3,0,0,0,0,0,0,0,0,6,0,,67,1,2009,3,40.1125,-75.0223,1830.0,6,0,0,0,0,0,2,0,0,,0,0,0,18,3,1,1,,0,40 06:45.082,,0,75 01:20.258,4,0,0,0,67301,0,0,0,,0,0,0,3,67301,1,,1,1,,,,,0,,0,0,0,3,3,,1828,1,3,0,0,0,0,0,3,4,0,3,3,,N,,,,,,,,,,,
2009030484,9999.0,2,0,0,0,0,0,0,0,0,6,0,,67,2,2009,6,40.0213,-75.1603,9999.0,6,0,0,0,0,0,0,1,0,3.0,0,0,0,99,3,1,0,,2,40 01:16.852,5.0,0,75 09:37.045,3,0,0,0,67301,0,0,0,N,0,0,0,1,67301,0,,1,1,,N,N,,0,,1,0,0,0,0,Y,9999,1,2,0,0,0,0,0,3,4,0,2,3,,N,,,,,,,,,,,
2009125288,1940.0,2,0,0,0,0,0,0,0,0,2,0,,67,11,2009,6,40.0475,-75.1428,1936.0,6,0,0,0,0,0,1,0,0,1.0,0,0,0,99,3,2,1,,1,40 02:51.086,2.0,0,75 08:34.404,8,0,0,0,67301,0,0,0,N,0,0,0,4,67301,0,,1,9,,N,N,,0,,0,0,0,3,2,N,9999,2,2,0,0,0,2,2,3,4,0,2,7,,N,,,,,,,,,,,
2009122732,105.0,1,0,0,0,0,0,0,0,0,7,0,,67,11,2009,6,39.9889,-75.0882,58.0,6,0,0,0,0,0,0,0,0,,0,0,0,0,2,0,0,,0,39 59:19.741,,0,75 05:17.819,0,0,0,0,67301,0,0,0,Y,0,0,0,1,68K01,0,,2,1,,N,N,,0,,0,0,0,0,0,,50,0,1,0,0,0,0,0,3,4,0,1,3,,N,,,,,,,,,,,
2009133158,6.0,1,0,0,0,0,0,0,0,0,1,0,,67,12,2009,2,39.9806,-75.1037,2358.0,6,0,0,0,0,0,0,0,0,2.0,0,0,0,23,3,3,0,,1,39 58:50.520,2.0,0,75 06:13.320,8,0,0,0,67301,0,0,0,N,0,0,0,4,68K01,0,,1,1,,N,N,,0,,0,0,0,0,0,N,2355,3,2,0,0,0,3,1,3,4,0,2,3,,N,,,,,,,,,,,
2009120371,1937.0,1,0,0,0,0,0,0,0,0,7,0,,67,10,2009,2,40.0683,-75.0168,1937.0,6,0,0,0,0,0,0,0,0,,0,0,0,19,3,0,0,,0,40 04:05.880,,0,75 01:00.506,0,0,0,0,67301,0,0,0,N,0,0,0,1,67301,0,,5,1,,N,N,,0,,0,0,0,0,0,,1930,0,1,0,0,0,0,0,3,4,0,1,3,,N,,,,,,,,,,,
2009047369,753.0,4,0,0,0,0,0,0,0,0,1,0,,67,4,2009,4,39.9781,-75.1108,745.0,6,0,0,0,0,0,1,0,0,1.0,0,0,0,7,1,0,0,,1,39 58:41.750,1.0,0,75 06:38.589,0,0,0,0,67301,0,0,0,N,0,0,0,4,68K01,0,,1,9,,N,N,,0,,0,0,0,0,0,N,741,0,4,0,0,0,0,0,3,4,0,4,7,,N,,,,,,,,,,,
2009044847,2002.0,2,0,0,0,0,0,0,0,0,4,0,,67,3,2009,6,39.9516,-75.2491,2002.0,6,0,0,0,0,0,0,0,0,,0,0,0,20,3,3,2,,0,39 57:05.910,,0,75 14:56.617,3,0,0,0,67301,0,0,0,N,0,0,0,4,67301,0,,1,1,,N,N,,0,,3,0,0,3,3,,2000,3,2,0,0,0,0,0,3,4,0,2,3,,N,,,,,,,,,,,
2009037475,2052.0,2,0,0,0,0,0,0,0,0,4,0,,67,2,2009,3,39.9239,-75.2221,2050.0,6,0,0,0,0,1,1,0,0,,0,0,0,20,3,0,1,,0,39 55:26.182,,0,75 13:20.098,0,0,0,0,67301,0,0,0,,0,0,0,2,67301,0,,1,1,,,,,0,,0,0,0,3,2,,2040,0,2,0,0,0,0,0,3,4,0,2,3,,N,,,,,,,,,,,
2009037545,1245.0,1,0,0,0,0,0,0,0,0,7,0,,67,3,2009,1,40.1082,-74.9659,1232.0,6,0,0,0,1,0,0,0,0,9.0,0,0,0,99,1,1,2,,2,40 06:29.365,1.0,0,74 57:57.243,8,0,0,0,67301,0,0,0,,0,0,0,1,67301,0,,5,9,,,,,0,,0,0,0,0,0,N,9999,1,1,0,0,0,1,0,3,4,0,1,3,,N,,,,,,,,,,,
2009044564,1725.0,2,0,0,0,0,0,0,0,0,6,0,,67,3,2009,3,40.063,-75.0549,1723.0,6,0,0,0,0,0,0,0,0,,0,0,0,17,1,1,1,,0,40 03:46.849,,0,75 03:18.044,3,0,0,0,67301,1,0,0,N,1,0,0,3,67301,0,,1,1,,N,N,,0,,1,0,0,3,3,,1723,1,3,0,0,0,0,0,3,4,0,2,3,,N,,,,,,,,,,,
2009037439,1435.0,1,0,0,0,0,0,0,0,0,8,0,,67,2,2009,7,39.933,-75.1882,1430.0,6,0,0,0,0,0,1,0,0,,0,0,0,14,1,1,0,,0,39 55:58.864,,0,75 11:17.412,3,0,0,0,67301,1,0,0,N,1,0,0,2,67301,0,,1,1,,N,N,,0,,1,0,0,0,0,,1430,1,2,0,0,0,0,0,3,4,0,1,3,,N,,,,,,,,,,,
2009039293,1540.0,1,0,0,0,0,0,0,0,0,8,0,,67,2,2009,2,39.954,-75.2261,1530.0,6,0,0,0,0,0,0,0,0,,0,0,0,15,1,1,1,,0,39 57:14.570,,0,75 13:33.992,8,0,0,0,67301,1,0,0,,1,0,0,2,67301,0,,1,1,,N,Y,,0,,0,0,0,0,0,,1525,1,2,0,0,0,1,0,3,4,0,1,3,,N,,,,,,,,,,,
2009026864,1228.0,1,0,0,0,0,0,0,0,0,8,0,,67,1,2009,3,39.9511,-75.1585,1226.0,6,0,0,0,0,0,0,0,0,,0,0,0,12,1,1,1,,0,39 57:03.790,,0,75 09:30.445,3,0,0,0,67301,1,0,0,,1,0,0,2,67301,0,,1,9,,,,,0,,1,0,0,0,0,,1221,1,2,0,0,1,0,1,3,4,0,1,7,,N,,,,,,,,,,,
2009044437,1240.0,1,0,0,0,0,0,0,0,0,8,0,,67,3,2009,4,39.9911,-75.1329,1245.0,6,0,0,0,0,0,0,0,0,,0,0,0,12,1,1,1,,0,39 59:27.918,,0,75 07:58.291,3,0,0,0,67301,1,0,0,N,1,0,0,2,67301,0,,1,9,,N,N,,0,,1,0,0,2,2,,1240,1,2,0,0,0,0,1,3,4,0,1,7,,N,,,,,,,,,,,
2009126998,1708.0,0,0,0,0,0,0,0,0,0,8,0,,67,11,2009,2,39.9613,-75.2226,1701.0,6,0,0,0,0,0,0,0,0,,0,0,0,16,3,1,1,,0,39 57:40.780,,0,75 13:21.320,8,0,0,0,67301,1,0,0,N,1,0,0,2,67301,0,,1,9,,N,N,,0,,0,0,1,3,3,,1657,1,2,0,0,0,1,0,3,4,0,1,7,,N,,,,,,,,,,,
2009096966,1248.0,1,0,0,0,0,0,0,0,0,5,1,,67,7,2009,7,,,1247.0,6,0,0,0,0,0,1,0,0,,0,1,0,12,1,1,0,,0,,,2,,4,0,0,0,67301,0,0,0,N,0,0,0,2,67501,1,,2,1,,N,N,,0,,0,0,0,0,0,,1244,1,2,0,0,0,0,0,3,3,0,2,3,,N,,,,,,,,,,,
2009124271,1428.0,1,0,0,0,0,0,0,0,0,1,0,,67,11,2009,1,39.9806,-75.1488,1423.0,6,0,0,0,0,0,1,0,0,,0,0,0,14,1,3,1,,0,39 58:50.293,,0,75 08:55.546,8,0,0,0,67301,0,0,0,N,0,0,0,4,67301,0,,1,1,,N,N,,0,,0,0,1,3,3,,1420,3,2,0,0,0,3,0,3,4,0,2,3,,N,,,,,,,,,,,
2009124341,2048.0,1,0,0,0,0,0,0,0,0,7,0,,67,10,2009,7,39.9714,-75.1594,2048.0,6,0,0,0,0,0,0,0,0,,0,0,0,20,3,1,1,,0,39 58:17.270,,0,75 09:34.235,3,0,0,0,67301,0,0,0,N,0,0,0,1,67301,0,,3,9,,N,N,,0,,1,0,0,3,2,,2030,1,1,0,0,0,0,0,3,4,0,1,7,,N,,,,,,,,,,,
2009124415,1309.0,2,0,0,0,0,0,0,0,0,4,0,,67,11,2009,6,39.9412,-75.2095,1258.0,6,0,0,0,0,0,0,0,0,,0,0,0,12,1,1,1,,0,39 56:28.421,,0,75 12:33.863,4,0,0,0,67301,0,0,0,N,0,0,0,2,67301,1,,1,1,,N,N,,0,,0,0,0,1,2,,1250,1,2,0,0,0,0,0,3,4,0,2,3,,N,,,,,,,,,,,
2009083775,1300.0,1,0,0,1,0,0,0,0,0,4,0,,67,7,2009,1,39.9291,-75.1804,1300.0,6,0,0,0,0,0,0,0,0,,0,0,0,9,1,1,2,,0,39 55:44.749,,0,75 10:49.576,4,0,0,0,67301,1,0,0,N,0,0,0,2,67301,1,,1,1,,N,N,,0,,0,0,0,3,3,,900,1,2,0,0,0,0,0,3,4,0,1,3,,N,,,,,,,,,,,
2009062866,312.0,1,0,0,0,0,0,0,0,0,7,0,,67,6,2009,2,39.9765,-75.1958,311.0,6,0,0,0,0,0,0,0,0,,0,0,0,3,3,0,0,,0,39 58:36.840,,0,75 11:50.640,0,0,0,0,67301,0,0,0,N,0,0,0,2,68K01,0,,2,9,,N,N,,0,,0,0,0,0,0,,308,0,1,0,0,0,0,0,3,4,0,1,7,,N,,,,,,,,,,,
2009065416,1200.0,1,0,0,0,0,0,0,0,0,5,0,,67,5,2009,6,40.0187,-75.1395,1200.0,6,0,0,0,0,0,1,0,0,,0,0,0,12,1,1,0,,0,40 01:07.478,,0,75 08:22.113,8,0,0,0,67301,0,0,0,,0,0,0,2,67301,0,,1,1,,N,N,,0,,0,0,0,0,0,,1200,1,2,0,0,0,1,0,3,4,1,2,3,,N,,,,,,,,,,,
2009120537,1313.0,1,0,0,0,0,0,0,0,0,1,0,,67,10,2009,4,39.9823,-75.1002,1259.0,6,0,0,0,0,0,0,0,0,1.0,0,0,0,12,1,2,7,,2,39 58:56.482,1.0,2,75 06:00.195,4,0,0,0,67301,0,0,0,N,0,0,0,3,67301,2,,7,1,,N,N,,0,,0,0,0,2,3,Y,1248,2,2,0,0,0,0,1,3,4,0,2,3,,N,,,,,,,,,,,
2009120602,1015.0,2,0,0,0,0,0,0,0,0,4,0,,67,10,2009,1,39.9867,-75.2404,1010.0,6,0,0,0,0,0,1,0,0,,0,0,0,10,1,1,1,,0,39 59:12.152,,0,75 14:25.555,4,0,0,0,67301,0,0,0,N,0,0,0,4,67301,1,,1,9,,N,N,,0,,0,0,0,3,3,,1005,1,2,0,0,0,0,0,3,4,0,2,7,,N,,,,,,,,,,,
2009120633,1747.0,1,0,0,0,0,0,0,0,0,8,0,,67,10,2009,1,40.0065,-75.1543,1745.0,6,0,0,0,0,0,0,0,0,,0,0,0,17,4,1,2,,0,40 00:23.274,,0,75 09:15.638,4,0,0,0,67301,1,0,0,,1,0,0,2,67301,1,,1,1,,,,,0,,0,0,0,3,3,,1745,1,2,0,0,1,0,0,3,4,0,1,3,,N,,,,,,,,,,,
2009080447,9999.0,1,0,0,0,0,0,0,0,0,4,0,,67,7,2009,3,40.0318,-75.1091,1823.0,6,0,0,0,0,0,1,0,0,,0,0,0,99,1,2,5,,0,40 01:54.382,,0,75 06:32.605,8,0,0,0,67301,0,0,0,N,0,0,0,6,67301,0,,1,1,,N,N,,1,,0,0,0,3,2,,9999,2,2,0,0,0,2,0,3,4,0,2,3,,N,,,,,,,,,,,
2009111579,1207.0,0,0,0,0,0,0,0,0,0,8,1,,67,10,2009,5,40.0414,-75.0283,1203.0,6,0,0,0,0,0,0,0,0,,0,1,0,11,1,1,1,,0,40 02:28.908,,0,75 01:41.719,3,0,0,0,67301,1,0,0,N,1,0,0,2,67301,0,,1,1,,N,N,,0,,1,0,0,3,2,,1156,1,2,0,0,0,0,0,3,4,0,1,3,,N,,,,,,,,,,,
2009049858,1842.0,1,0,0,1,0,0,0,0,0,4,0,,67,3,2009,5,39.9505,-75.1489,1840.0,6,0,0,0,0,0,0,0,0,,0,0,0,5,3,1,0,,0,39 57:01.911,,0,75 08:56.204,3,0,0,0,67301,1,0,0,N,0,0,0,2,67301,0,,1,1,,N,N,,0,,1,0,0,0,0,,550,1,2,0,0,0,0,1,3,4,0,1,99,,N,,,,,,,,,,,
2009063728,735.0,0,0,0,0,0,0,0,0,0,8,0,,67,5,2009,4,40.0515,-75.0091,725.0,6,0,0,0,0,0,1,0,0,,0,0,0,6,1,1,1,,0,40 03:05.231,,0,75 00:32.643,4,0,0,0,67301,1,0,0,N,1,0,0,2,67301,1,,1,1,,N,N,,1,,0,0,0,3,2,,655,1,2,0,0,0,0,0,3,4,0,1,3,,N,,,,,,,,,,,
2009063818,2334.0,1,0,0,0,0,0,0,0,1,4,0,,67,4,2009,1,39.9478,-75.2274,2332.0,6,0,0,0,0,0,0,0,0,,0,0,0,23,3,5,5,,0,39 56:52.000,,0,75 13:38.688,2,0,0,0,67301,0,0,0,N,0,0,0,7,67301,0,,1,1,,N,N,,1,,0,1,0,3,2,,2332,5,2,0,0,0,4,1,3,4,0,2,3,,N,,,,,,,,,,,
2009063816,1850.0,1,0,0,0,0,0,0,0,0,7,0,,67,4,2009,7,39.9388,-75.1736,1849.0,6,0,0,0,0,0,0,0,0,9.0,0,0,0,18,1,1,0,,1,39 56:19.536,2.0,0,75 10:24.884,3,0,0,0,67301,0,0,0,N,0,0,0,1,67301,0,,5,1,,N,N,,0,,1,0,0,3,3,N,1849,1,1,0,0,0,0,0,3,4,0,1,3,,N,,,,,,,,,,,
2009066338,1337.0,1,0,0,0,0,0,0,0,0,1,0,,67,6,2009,1,39.9789,-75.1098,1324.0,6,0,0,0,0,0,0,0,0,1.0,0,0,0,13,1,1,0,,2,39 58:45.537,2.0,0,75 06:31.174,4,0,0,0,67301,0,0,0,N,0,0,0,3,68K01,1,,1,1,,N,N,,1,,0,0,0,0,0,N,1320,1,2,0,0,0,0,0,3,4,0,2,3,,N,,,,,,,,,,,
2009063914,1709.0,2,0,0,0,0,0,0,0,0,4,0,,67,5,2009,6,40.0333,-75.1046,1709.0,6,1,0,0,0,0,0,0,0,,0,0,0,16,1,1,1,,0,40 02:00.034,,0,75 06:16.401,8,0,0,0,67301,0,0,0,N,0,0,0,5,67301,0,,1,1,,N,N,,0,,0,0,0,3,3,,1630,1,2,0,0,0,1,0,3,4,0,2,3,,N,,,,,,,,,,,
2009056558,832.0,1,0,0,0,0,0,0,0,0,8,0,,67,5,2009,3,40.0231,-75.0517,828.0,6,0,0,0,0,0,0,0,0,,0,0,0,8,1,1,0,,0,40 01:23.288,,99,75 03:05.972,4,0,0,0,67301,1,0,0,N,1,0,0,2,67301,1,,1,9,,N,N,,0,,0,0,0,0,0,,825,1,2,0,0,0,0,0,3,4,0,1,7,,N,,,,,,,,,,,
2009093489,2320.0,0,0,0,0,0,0,0,0,0,4,0,,67,7,2009,3,40.0741,-75.1909,2315.0,6,0,0,0,0,0,1,0,0,,0,0,0,23,3,2,2,,0,40 04:26.624,,0,75 11:27.147,4,0,0,0,67301,0,0,0,N,0,0,0,2,67301,2,,1,1,,N,N,,0,,0,0,2,3,2,,2315,2,2,0,0,0,0,0,3,4,0,2,3,,N,,,,,,,,,,,
2009093426,1831.0,1,0,0,0,0,0,0,0,0,4,0,,67,8,2009,2,40.0659,-75.1765,1831.0,6,0,0,0,1,0,0,0,0,,0,0,0,18,1,1,1,,0,40 03:57.202,,0,75 10:35.464,8,0,0,0,67301,0,0,0,N,0,0,0,2,67301,0,,1,1,,N,N,,0,,0,0,0,9,3,,1800,1,2,0,0,0,1,1,3,4,1,2,3,,N,,,,,,,,,,,
2009085524,1333.0,1,0,0,0,0,0,0,0,0,1,0,,67,8,2009,3,39.8766,-75.2573,1315.0,6,0,0,0,0,0,0,0,0,2.0,0,0,0,13,1,1,0,,1,39 52:35.581,2.0,0,75 15:26.354,3,0,0,0,67301,0,0,0,N,0,0,0,5,68K01,0,,1,1,,N,N,,0,,1,0,0,0,0,N,1308,1,2,0,0,1,0,0,3,4,1,2,3,,N,,,,,,,,,,,
2009097425,1735.0,1,0,0,0,0,0,0,0,0,8,0,,67,8,2009,2,39.9507,-75.2411,1734.0,6,0,0,0,0,0,0,0,0,,0,0,0,17,1,1,1,,0,39 57:02.548,,0,75 14:27.995,4,0,0,0,67301,1,0,0,N,1,0,0,3,67301,1,,1,1,,N,N,,0,,0,0,0,3,3,,1730,1,2,0,0,0,0,0,3,4,0,1,3,,N,,,,,,,,,,,
2009107865,2128.0,0,0,0,0,0,0,0,0,0,0,0,55.0,67,9,2009,3,40.0102,-75.0638,2114.0,6,0,0,0,0,0,1,0,0,,0,0,0,21,3,1,0,,0,40 00:36.360,,0,75 03:50.040,4,0,0,1,67301,0,0,0,N,0,0,0,1,68K01,1,,1,1,,N,N,,0,,0,0,0,3,8,,2114,1,1,0,0,0,0,0,3,4,0,1,3,,Y,8.0,1.0,N,N,N,N,Y,Y,N,N,
2009101009,1152.0,3,0,0,0,0,0,0,0,0,1,0,,67,9,2009,2,40.0558,-75.1589,1140.0,6,0,0,0,0,1,1,0,0,,0,0,0,11,1,1,1,,0,40 03:20.764,,0,75 09:31.951,4,0,0,0,67301,0,0,0,N,0,0,0,3,67301,1,,1,1,,N,N,,0,,0,0,0,0,0,,1132,1,3,0,0,0,0,0,3,4,0,3,3,,N,,,,,,,,,,,
2009100172,1547.0,2,0,0,0,0,0,0,0,0,1,0,,67,9,2009,4,40.0128,-75.2045,1547.0,6,0,0,0,0,0,0,0,0,,0,0,0,15,1,0,0,,0,40 00:44.851,,0,75 12:16.135,0,0,0,0,67301,0,0,0,N,0,0,0,2,67301,0,,1,9,,N,N,,0,,0,0,0,0,0,,1535,0,2,0,0,0,0,0,3,4,0,2,7,,N,,,,,,,,,,,
2009110045,746.0,0,0,0,0,0,0,0,0,0,7,0,,67,10,2009,7,39.9831,-75.2081,744.0,6,0,0,0,0,0,0,0,0,,0,0,0,7,1,0,0,,0,39 59:02.760,,0,75 12:29.880,0,0,0,0,67301,0,0,0,N,0,0,0,1,68K01,0,,2,9,,N,N,,0,,0,0,1,0,0,,741,0,1,0,0,0,0,0,3,4,0,1,7,,N,,,,,,,,,,,
2009105629,2110.0,1,0,0,0,0,0,0,0,0,8,0,,67,9,2009,6,39.9957,-75.1807,2110.0,6,0,0,0,0,0,1,0,0,,0,0,0,21,3,1,0,,0,39 59:44.519,,0,75 10:50.406,4,0,0,0,67301,1,0,0,,1,0,0,2,67301,1,,1,1,,N,N,,0,,0,0,0,0,0,,2108,1,2,0,0,0,0,0,3,4,0,1,3,,N,,,,,,,,,,,
2009105674,1405.0,0,0,0,1,0,0,0,0,0,5,0,,67,9,2009,2,39.932,-75.1513,1400.0,6,0,0,0,0,0,0,0,0,,0,0,0,13,1,1,1,,0,39 55:55.230,,0,75 09:04.718,3,0,0,0,67301,1,0,0,,0,0,0,2,67301,0,,1,1,,,,,1,,1,0,0,3,3,,1355,1,2,0,0,0,0,0,3,4,0,1,3,,N,,,,,,,,,,,
2009105727,1813.0,2,0,0,0,0,0,0,0,0,3,0,,67,9,2009,7,39.9331,-75.1527,1811.0,6,0,0,0,0,0,0,0,0,3.0,0,0,0,18,1,2,0,,2,39 55:59.222,1.0,0,75 09:09.693,4,0,0,0,67301,0,0,0,N,0,0,0,3,67301,2,,1,1,,N,N,,0,,0,0,0,0,0,Y,1811,2,2,0,0,0,0,0,3,4,0,2,3,,N,,,,,,,,,,,
2009107378,859.0,0,0,0,0,0,0,0,0,0,8,0,,67,9,2009,4,40.0363,-75.0643,855.0,6,0,0,0,0,0,0,0,0,2.0,0,0,0,8,1,1,1,,2,40 02:10.729,1.0,0,75 03:51.497,4,0,0,0,67301,1,0,0,N,1,0,0,2,67301,1,,1,1,,N,N,,0,,0,0,1,3,2,Y,855,1,2,0,0,0,0,0,3,4,0,1,3,,N,,,,,,,,,,,
2009100563,1750.0,0,0,0,0,0,0,0,0,0,8,0,,67,9,2009,7,40.0109,-75.0887,1750.0,6,0,0,0,0,0,1,0,0,1.0,0,0,0,99,1,2,1,,1,40 00:39.342,2.0,0,75 05:19.369,4,0,0,0,67301,2,0,0,,2,0,0,3,67301,2,,1,1,,N,,,0,,0,0,1,0,0,Y,9999,2,3,0,0,0,0,0,3,4,0,1,3,,N,,,,,,,,,,,
2009030813,1320.0,2,0,0,0,0,0,0,0,0,2,0,,67,2,2009,2,40.0371,-75.1396,1317.0,6,0,0,0,0,0,0,0,0,,0,0,0,99,1,1,1,,0,40 02:13.610,,0,75 08:22.736,4,0,0,0,67301,0,0,0,N,0,0,0,3,67301,1,,1,1,,N,N,,0,,0,0,0,3,2,,9999,1,2,0,0,0,0,0,3,4,0,2,3,,N,,,,,,,,,,,
2009025808,1635.0,0,0,0,0,0,0,0,0,0,6,0,,67,1,2009,1,40.0554,-75.0926,1628.0,6,0,0,0,0,0,0,0,0,2.0,0,0,0,16,1,4,1,,2,40 03:19.504,3.0,0,75 05:33.327,4,0,0,0,67301,0,0,0,N,0,0,0,5,67301,1,,1,1,,N,N,,0,,0,0,1,3,2,Y,1625,4,2,0,0,0,3,0,3,4,1,2,3,,N,,,,,,,,,,,
2009025826,1754.0,1,0,0,0,0,0,0,0,0,4,0,,67,1,2009,2,40.0027,-75.2233,1746.0,6,0,0,0,0,0,0,0,1,,0,0,0,17,3,0,0,,0,40 00:13.326,,7,75 13:15.877,0,0,0,0,67301,0,0,0,N,0,0,0,3,67301,0,,1,1,,N,N,,0,,0,0,1,0,0,,1732,0,2,0,0,0,0,0,3,4,0,2,3,,N,,,,,,,,,,,
2009025622,242.0,1,0,0,0,0,0,0,0,0,4,0,,67,1,2009,4,40.0517,-75.2253,238.0,6,0,0,0,0,0,0,0,0,,0,0,0,2,6,1,0,,0,40 03:05.947,,7,75 13:31.024,8,0,0,0,67301,0,0,0,N,0,0,0,4,67301,0,,1,9,,N,N,,0,,0,0,1,0,0,,230,1,2,0,0,0,1,0,3,4,0,2,7,,N,,,,,,,,,,,
2009025634,1503.0,1,0,0,0,0,0,0,0,0,7,0,,67,1,2009,1,39.9698,-75.1874,1452.0,6,0,0,0,0,0,0,0,0,1.0,0,0,0,14,1,0,0,,1,39 58:11.406,1.0,0,75 11:15.535,0,0,0,0,67301,0,0,0,,0,0,0,1,67301,0,,4,1,,N,N,,0,,0,0,0,0,0,N,1450,0,1,0,0,0,0,0,3,4,0,1,3,,N,,,,,,,,,,,