CRN,ARRIVAL_TM,AUTOMOBILE_COUNT,BELTED_DEATH_COUNT,BELTED_SUSP_SERIOUS_INJ_COUNT,BICYCLE_COUNT,BICYCLE_DEATH_COUNT,BICYCLE_SUSP_SERIOUS_INJ_COUNT,BUS_COUNT,CHLDPAS_DEATH_COUNT,CHLDPAS_SUSP_SERIOUS_INJ_COUNT,COLLISION_TYPE,COMM_VEH_COUNT,CONS_ZONE_SPD_LIM,COUNTY,CRASH_MONTH,CRASH_YEAR,DAY_OF_WEEK,DEC_LAT,DEC_LONG,DISPATCH_TM,DISTRICT,DRIVER_COUNT_16YR,DRIVER_COUNT_17YR,DRIVER_COUNT_18YR,DRIVER_COUNT_19YR,DRIVER_COUNT_20YR,DRIVER_COUNT_50_64YR,DRIVER_COUNT_65_74YR,DRIVER_COUNT_75PLUS,EST_HRS_CLOSED,FATAL_COUNT,HEAVY_TRUCK_COUNT,HORSE_BUGGY_COUNT,HOUR_OF_DAY,ILLUMINATION,INJURY_COUNT,INTERSECT_TYPE,INTERSECTION_RELATED,LANE_CLOSED,LATITUDE,LN_CLOSE_DIR,LOCATION_TYPE,LONGITUDE,MAX_SEVERITY_LEVEL,MCYCLE_DEATH_COUNT,MCYCLE_SUSP_SERIOUS_INJ_COUNT,MOTORCYCLE_COUNT,MUNICIPALITY,NONMOTR_COUNT,NONMOTR_DEATH_COUNT,NONMOTR_SUSP_SERIOUS_INJ_COUNT,NTFY_HIWY_MAINT,PED_COUNT,PED_DEATH_COUNT,PED_SUSP_SERIOUS_INJ_COUNT,PERSON_COUNT,POLICE_AGCY,POSSIBLE_INJ_COUNT,RDWY_SURF_TYPE_CD,RELATION_TO_ROAD,ROAD_CONDITION,ROADWAY_CLEARED,SCH_BUS_IND,SCH_ZONE_IND,SECONDARY_CRASH,SMALL_TRUCK_COUNT,SPEC_JURIS_CD,SUSP_MINOR_INJ_COUNT,SUSP_SERIOUS_INJ_COUNT,SUV_COUNT,TCD_FUNC_CD,TCD_TYPE,TFC_DETOUR_IND,TIME_OF_DAY,TOT_INJ_COUNT,TOTAL_UNITS,UNB_DEATH_COUNT,UNB_SUSP_SERIOUS_INJ_COUNT,UNBELTED_OCC_COUNT,UNK_INJ_DEG_COUNT,UNK_INJ_PER_COUNT,URBAN_AREA,URBAN_RURAL,VAN_COUNT,VEHICLE_COUNT,WEATHER1,WEATHER2,WORK_ZONE_IND,WORK_ZONE_LOC,WORK_ZONE_TYPE,WORKERS_PRES,WZ_CLOSE_DETOUR,WZ_FLAGGER,WZ_LAW_OFFCR_IND,WZ_LN_CLOSURE,WZ_MOVING,WZ_OTHER,WZ_SHLDER_MDN,WZ_WORKERS_INJ_KILLED
2009025889,1610.0,0,0,0,0,0,0,0,0,0,2,0,,67,1,2009,6,40.0036,-75.1812,1605.0,6,0,0,0,0,0,0,0,0,9.0,0,0,0,15,1,0,1,,1,40 00:13.520,4.0,0,75 10:52.190,0,0,0,0,67301,0,0,0,N,0,0,0,2,67301,0,,1,1,,N,N,,0,,0,0,1,3,2,N,1544,0,2,0,0,0,0,0,3,4,1,2,3,,N,,,,,,,,,,,
2009030057,2210.0,1,0,0,0,0,0,0,0,0,4,0,,67,1,2009,6,40.055,-75.0044,2209.0,6,0,0,0,0,1,0,0,0,,0,0,0,99,3,1,0,,0,40 03:18.072,,7,75 00:15.852,4,0,0,0,67301,0,0,0,N,0,0,0,4,67301,1,,1,1,,N,N,,0,,0,0,1,0,0,,9999,1,2,0,0,0,0,0,3,4,0,2,3,,N,,,,,,,,,,,
2009032938,1623.0,1,0,0,0,0,0,0,0,0,4,0,,67,1,2009,6,39.9406,-75.2216,1621.0,6,0,0,0,0,0,0,0,0,1.0,0,0,0,16,1,1,1,,1,39 56:26.314,3.0,0,75 13:17.605,3,0,0,0,67301,0,0,0,N,0,0,0,2,67301,0,,1,1,,N,N,,0,,1,0,1,0,0,N,1621,1,2,0,0,0,0,0,3,4,0,2,3,,N,,,,,,,,,,,
2009025258,2355.0,1,0,0,0,0,0,0,0,0,5,0,,67,1,2009,6,40.0664,-75.1804,2352.0,6,0,0,0,0,0,0,0,0,,0,0,0,23,3,0,0,,0,40 03:59.076,,0,75 10:49.371,0,0,0,0,67301,0,0,0,N,0,0,0,1,67301,0,,2,1,,N,N,,0,,0,0,1,0,0,,2349,0,2,0,0,0,0,0,3,4,0,2,3,,N,,,,,,,,,,,
2009025430,24.0,2,0,0,0,0,0,0,0,0,4,0,,67,1,2009,1,39.9645,-75.2183,21.0,6,0,0,0,1,0,0,0,0,,0,0,0,0,3,1,1,,0,39 57:52.084,,0,75 13:05.876,4,0,0,0,67301,0,0,0,N,0,0,0,3,67301,1,,1,1,,N,N,,0,,0,0,0,3,3,,20,1,2,0,0,0,0,0,3,4,0,2,3,,N,,,,,,,,,,,
2009096785,1328.0,1,0,0,0,0,0,0,0,0,1,0,,67,9,2009,7,39.9773,-75.2003,1324.0,6,0,0,0,0,0,0,0,0,1.0,0,0,0,13,1,1,0,,1,39 58:40.051,4.0,0,75 12:05.482,3,0,0,0,67301,0,0,0,N,0,0,0,4,68K01,0,,1,1,,N,N,,0,,1,0,1,0,0,N,1321,1,3,0,0,1,0,0,3,4,1,3,3,,N,,,,,,,,,,,
2009133453,1925.0,1,0,0,0,0,0,0,0,0,7,0,,67,11,2009,1,40.0107,-75.0626,1920.0,6,0,0,0,0,0,0,0,0,1.0,0,0,0,19,3,2,0,,1,40 00:38.345,2.0,0,75 03:45.725,3,0,0,0,67301,0,0,0,N,0,0,0,2,68K01,0,,2,1,,N,N,,0,,1,0,0,0,0,Y,1913,2,2,0,0,0,1,0,3,4,0,1,3,,N,,,,,,,,,,,
2009125439,2011.0,1,0,0,0,0,0,0,0,0,1,0,,67,11,2009,6,40.0067,-75.1193,2000.0,6,0,0,0,0,0,0,0,0,,0,0,0,99,3,1,1,,0,40 00:24.053,,0,75 07:09.476,4,0,0,0,67301,0,0,0,,0,0,0,2,67301,1,,1,9,,N,N,,0,,0,0,1,3,2,,9999,1,2,0,0,0,0,0,3,4,0,2,7,,N,,,,,,,,,,,
2009111665,1455.0,2,0,0,0,0,0,0,0,0,4,0,,67,9,2009,4,39.9943,-75.2353,1451.0,6,0,0,0,1,0,0,0,0,,0,0,0,14,1,1,0,,0,39 59:39.402,,7,75 14:06.946,4,0,0,0,67301,0,0,0,,0,0,0,4,67301,1,,1,1,,N,N,,0,,0,0,0,3,3,,1411,1,2,0,0,0,0,0,3,4,0,2,3,,N,,,,,,,,,,,
2009111714,1150.0,2,0,0,0,0,0,0,0,0,4,0,,67,10,2009,5,40.0937,-74.9703,1141.0,6,0,0,0,0,0,1,0,0,,0,0,0,99,1,0,1,,0,40 05:37.478,,0,74 58:13.187,0,0,0,0,67301,0,0,0,,0,0,0,3,67301,0,,1,1,,,,,0,,0,0,0,0,0,,9999,0,2,0,0,0,0,0,3,4,0,2,3,,N,,,,,,,,,,,
2009117804,836.0,1,0,0,0,0,0,0,0,0,7,0,,67,11,2009,6,39.9596,-75.1807,836.0,6,0,0,0,0,0,0,0,0,,0,0,0,8,1,0,0,,0,39 57:35.637,,2,75 10:49.977,0,0,0,0,67301,0,0,0,N,0,0,0,1,68K01,0,,2,9,,N,N,,0,,0,0,0,0,0,,833,0,1,0,0,0,0,0,3,4,0,1,7,,N,,,,,,,,,,,
2009096630,119.0,2,0,0,0,0,0,0,0,0,7,0,,67,9,2009,7,39.9749,-75.1175,107.0,6,0,0,0,0,0,0,0,0,3.0,0,0,0,1,3,4,0,,2,39 58:31.691,2.0,0,75 06:59.207,2,0,0,0,67301,0,0,0,N,0,0,0,4,68K03,2,,3,9,,N,N,,0,,0,2,1,0,0,N,106,4,3,0,1,1,0,0,3,4,0,3,7,,N,,,,,,,,,,,
2009125210,935.0,1,0,0,0,0,0,0,0,0,4,0,,67,11,2009,1,40.0419,-75.075,929.0,6,0,0,0,0,0,0,0,1,,0,0,0,9,1,0,5,,0,40 02:30.909,,0,75 04:29.910,9,0,0,0,67301,0,0,0,N,0,0,0,3,67301,0,,1,1,,N,N,,0,,0,0,0,3,2,,929,0,2,0,0,0,0,1,3,4,1,2,3,,N,,,,,,,,,,,
2009125243,1612.0,2,0,0,0,0,0,0,0,0,4,0,,67,11,2009,2,39.9661,-75.1344,1610.0,6,0,0,0,0,0,1,0,0,,0,0,0,16,1,3,2,,0,39 57:57.854,,0,75 08:03.859,4,0,0,0,67301,0,0,0,N,0,0,0,3,67301,3,,1,1,,N,N,,0,,0,0,0,0,0,,1610,3,2,0,0,0,0,0,3,4,0,2,3,,N,,,,,,,,,,,
2009133146,518.0,1,0,0,0,0,0,0,0,0,5,1,,67,10,2009,6,39.9836,-75.0979,511.0,6,0,0,0,0,0,0,0,0,1.0,0,1,0,5,3,0,0,,1,39 59:00.687,2.0,0,75 05:52.550,9,0,0,0,67301,0,0,0,N,0,0,0,3,68K03,0,,1,1,,N,N,,0,,0,0,0,0,0,N,510,0,2,0,0,0,0,1,3,4,0,2,3,,N,,,,,,,,,,,
2009125256,1736.0,2,0,0,0,0,0,0,0,0,1,0,,67,11,2009,7,39.9241,-75.2455,1730.0,6,0,0,0,0,0,0,0,0,,0,0,0,16,1,1,0,,0,39 55:26.861,,0,75 14:43.724,4,0,0,0,67301,0,0,0,,0,0,0,4,67301,1,,1,1,,,,,0,,0,0,1,3,2,,1644,1,3,0,0,0,0,0,3,4,0,3,3,,N,,,,,,,,,,,
2009125265,320.0,2,0,0,0,0,0,0,0,0,1,0,,67,11,2009,6,40.0444,-75.2177,318.0,6,0,0,0,0,0,1,0,0,,0,0,0,3,3,1,2,,0,40 02:40.593,,0,75 13:03.759,3,0,0,0,67301,0,0,0,N,0,0,0,3,67301,0,,1,9,,N,N,,0,,1,0,0,0,0,,318,1,2,0,0,1,0,1,3,4,0,2,7,,N,,,,,,,,,,,
2009111874,1337.0,1,0,0,0,0,0,0,0,0,8,0,,67,10,2009,6,39.9231,-75.1699,1337.0,6,0,0,0,0,0,1,0,0,,0,0,0,13,1,1,1,,0,39 55:23.512,,0,75 10:11.995,8,0,0,0,67301,1,0,0,N,1,0,0,2,67301,0,,1,1,,N,N,,0,,0,0,0,3,2,,1337,1,2,0,0,0,1,0,3,4,0,1,3,,N,,,,,,,,,,,
2009036751,1344.0,1,0,0,0,0,0,0,0,0,4,1,,67,3,2009,3,40.0143,-75.1781,1331.0,6,0,0,0,0,0,1,0,0,3.0,0,1,0,13,1,2,1,,2,40 00:51.570,3.0,0,75 10:41.163,8,0,0,0,67301,0,0,0,,0,0,0,2,67301,0,,1,1,,,,,0,,0,0,0,3,2,Y,1321,2,2,0,0,0,2,0,3,4,0,2,3,,N,,,,,,,,,,,
2009034369,1702.0,2,0,0,0,0,0,0,0,0,7,0,,67,3,2009,6,40.0483,-74.9986,1654.0,6,0,0,0,0,1,0,0,0,1.0,0,0,0,16,1,1,0,,2,40 02:54.108,1.0,0,74 59:54.418,4,0,0,0,67301,0,0,0,N,0,0,0,2,68K01,1,,2,1,,N,N,,0,,0,0,0,0,0,N,1648,1,2,0,0,0,0,0,3,4,0,2,3,,N,,,,,,,,,,,
2009044388,855.0,0,0,0,0,0,0,0,0,0,1,0,,67,3,2009,3,39.953,-75.1499,845.0,6,0,0,0,0,0,0,0,0,,0,0,0,8,1,1,0,,0,39 57:10.930,,0,75 08:59.498,4,0,0,0,67301,0,0,0,,0,0,0,3,67301,1,,1,2,,N,N,,0,,0,0,2,0,0,,845,1,2,0,0,0,0,0,3,4,0,2,3,,N,,,,,,,,,,,
2009044394,1145.0,1,0,0,0,0,0,0,0,0,4,0,,67,3,2009,5,40.0125,-75.1505,1138.0,6,0,0,0,0,0,2,0,0,,0,0,0,11,1,1,0,,0,40 00:44.897,,7,75 09:01.942,8,0,0,0,67301,0,0,0,N,0,0,0,3,67301,0,,1,9,,N,N,,0,,0,0,1,0,0,,1130,1,2,0,0,0,1,0,3,4,0,2,7,,N,,,,,,,,,,,
2009044409,9999.0,3,0,0,0,0,0,0,0,0,4,0,,67,2,2009,7,39.9638,-75.1725,9999.0,6,0,0,0,0,0,0,0,0,,0,0,0,99,3,0,0,,0,39 57:49.635,,0,75 10:21.260,0,0,0,0,67301,0,0,0,N,0,0,0,2,67301,0,,6,1,,N,N,,0,,0,0,0,0,0,,9999,0,3,0,0,0,0,0,3,4,0,3,3,,N,,,,,,,,,,,
2009037481,2223.0,1,0,0,0,0,0,0,0,0,4,0,,67,3,2009,4,40.0506,-75.1579,2215.0,6,0,0,0,0,0,1,1,0,,0,0,0,18,3,0,1,,0,40 03:02.145,,0,75 09:28.321,0,0,0,0,67301,0,0,0,N,0,0,0,2,67301,0,,1,9,,N,N,,1,,0,0,0,1,3,,1825,0,2,0,0,0,0,0,3,4,0,2,3,,N,,,,,,,,,,,
2009037525,1815.0,0,0,0,0,0,0,0,0,0,7,0,,67,3,2009,2,40.0514,-75.1633,1812.0,6,0,0,0,0,0,0,0,0,,0,0,0,18,3,1,0,,0,40 03:04.929,,0,75 09:47.914,4,0,0,0,67301,0,0,0,N,0,0,0,1,67301,1,,2,2,,N,N,,0,,0,0,1,0,0,,1809,1,1,0,0,0,0,0,3,4,0,1,10,,N,,,,,,,,,,,
2009039388,50.0,1,0,0,0,0,0,0,0,0,5,1,,67,2,2009,6,39.953,-75.1685,46.0,6,0,0,0,0,0,1,0,0,2.0,0,1,0,0,3,0,1,,1,39 57:10.754,3.0,0,75 10:06.506,0,0,0,0,67301,0,0,0,,0,0,0,6,67301,0,,1,1,,,,,0,,0,0,0,3,2,N,36,0,2,0,0,0,0,0,3,4,0,2,3,,N,,,,,,,,,,,
2009049783,9999.0,1,0,0,0,0,0,0,0,0,8,0,,67,3,2009,1,39.9589,-75.1688,9999.0,6,0,0,0,0,0,0,0,0,,0,0,0,17,4,1,0,,0,39 57:31.997,,0,75 10:07.661,4,0,0,0,67301,1,0,0,,1,0,0,2,67301,1,,9,1,,,,,0,,0,0,0,0,0,,1745,1,2,0,0,0,0,0,3,4,0,1,99,,N,,,,,,,,,,,
2009037422,319.0,3,0,0,0,0,0,0,0,0,4,0,,67,3,2009,1,39.9508,-75.1638,312.0,6,0,0,0,0,0,0,0,0,3.0,0,0,0,3,3,6,10,,1,39 57:03.048,3.0,0,75 09:49.789,3,0,0,0,67301,1,0,0,N,1,0,0,7,67301,0,,1,1,,N,N,,0,,1,0,0,3,2,Y,308,6,4,0,0,0,5,0,3,4,0,3,3,,N,,,,,,,,,,,
2009015520,834.0,1,0,0,0,0,0,0,0,0,1,0,,67,1,2009,5,39.9594,-75.1738,823.0,6,0,0,0,0,0,1,0,0,,0,0,0,8,1,1,0,,0,39 57:34.664,,0,75 10:33.086,4,0,0,0,67301,0,0,0,N,0,0,0,2,68K01,1,,1,1,,N,N,,0,,0,0,1,0,0,,819,1,2,0,0,0,0,0,3,4,0,2,3,,N,,,,,,,,,,,
2009025852,1938.0,1,0,0,0,0,0,0,0,0,2,0,,67,1,2009,7,40.0324,-75.0809,1933.0,6,0,0,0,0,0,0,0,0,1.0,0,0,0,19,3,1,1,,1,40 01:56.603,1.0,0,75 04:50.717,4,0,0,0,67301,0,0,0,N,0,0,0,3,67301,1,,1,1,,N,N,,0,,0,0,1,3,2,N,1932,1,2,0,0,0,0,0,3,4,0,2,3,,N,,,,,,,,,,,
2009030802,30.0,2,0,0,0,0,0,0,0,0,5,1,,67,2,2009,4,40.0268,-75.1474,20.0,6,0,0,0,0,0,1,0,0,,0,1,0,0,3,1,0,,0,40 01:36.427,,0,75 08:50.705,8,0,0,0,67301,1,0,0,N,1,0,0,2,67301,0,,6,6,,N,N,,0,,0,0,0,0,0,,15,1,4,0,0,0,1,0,3,4,0,3,10,,N,,,,,,,,,,,
2009028391,825.0,3,0,0,0,0,0,0,0,0,1,0,,67,2,2009,6,39.9792,-75.1079,821.0,6,0,0,0,0,0,0,0,0,1.0,0,0,0,8,1,0,0,,2,39 58:45.678,1.0,0,75 06:28.299,0,0,0,0,67301,0,0,0,N,0,0,0,6,68K01,0,,1,1,,N,N,,1,,0,0,0,3,8,N,818,0,4,0,0,0,0,0,3,4,0,4,3,,N,,,,,,,,,,,
2009028468,1522.0,1,0,0,0,0,0,0,0,0,8,0,,67,1,2009,7,39.9529,-75.1597,1518.0,6,0,0,0,0,0,0,0,0,,0,0,0,13,1,1,1,,0,39 57:10.616,,0,75 09:34.855,4,0,0,0,67301,1,0,0,N,1,0,0,2,67301,1,,1,1,,N,N,,0,,0,0,0,9,2,,1315,1,2,0,0,0,0,0,3,4,0,1,3,,N,,,,,,,,,,,
2009035249,717.0,0,0,0,0,0,0,0,0,0,7,0,,67,3,2009,2,39.9306,-75.1988,708.0,6,0,0,0,0,0,0,0,0,1.0,0,0,0,7,1,0,0,,1,39 55:46.890,3.0,0,75 11:52.418,0,0,0,0,67301,0,0,0,N,0,0,0,1,68K01,0,,2,1,,N,N,,0,,0,0,0,0,0,N,706,0,1,0,0,0,0,0,3,4,1,1,3,,N,,,,,,,,,,,
2009032838,1640.0,0,0,0,0,0,0,0,0,0,1,0,,67,2,2009,3,39.9993,-75.1357,1635.0,6,0,0,0,0,0,0,0,0,,0,0,0,16,1,1,2,,0,39 59:57.621,,0,75 08:08.415,4,0,0,0,67301,0,0,0,,0,0,0,2,67301,1,,1,9,,N,N,,2,,0,0,0,0,0,,1630,1,2,0,0,0,0,0,3,4,0,2,10,,N,,,,,,,,,,,
2009022647,1515.0,1,0,0,0,0,0,0,0,0,1,0,,67,2,2009,6,39.8874,-75.2424,1509.0,6,0,0,0,0,0,0,0,0,,0,0,0,15,1,0,0,,0,39 53:14.528,,0,75 14:32.956,0,0,0,0,67301,0,0,0,N,0,0,0,4,68K01,0,,1,1,,N,N,,0,,0,0,1,0,0,,1506,0,2,0,0,0,0,0,3,4,0,2,3,,N,,,,,,,,,,,
2009025270,1841.0,2,0,0,0,0,0,0,0,0,4,0,,67,1,2009,1,40.0421,-75.1821,1831.0,6,0,0,0,0,0,1,0,0,,0,0,0,18,3,1,2,,0,40 02:31.388,,0,75 10:55.460,8,0,0,0,67301,0,0,0,N,0,0,0,2,67301,0,,1,1,,N,N,,0,,0,0,0,3,3,,1832,1,2,0,0,0,1,0,3,4,0,2,3,,N,,,,,,,,,,,
2009030449,1828.0,1,0,0,0,0,0,0,0,0,8,0,,67,2,2009,3,39.9054,-75.1736,1625.0,6,0,0,0,0,0,0,0,0,,0,0,0,16,3,1,1,,0,39 54:19.440,,0,75 10:24.960,8,0,0,0,67301,1,0,0,N,1,0,0,2,67301,0,,1,9,,N,N,,0,,0,0,0,3,2,,1625,1,2,0,0,0,1,0,3,4,0,1,10,,N,,,,,,,,,,,
2009099309,1021.0,1,0,0,0,0,0,0,0,0,7,0,,67,9,2009,2,40.014,-75.0565,1020.0,6,0,0,0,0,0,0,0,0,1.0,0,0,0,10,1,1,0,,1,40 00:50.400,2.0,0,75 03:23.760,4,0,0,0,67301,0,0,0,N,0,0,0,1,68K01,1,,4,1,,N,N,,0,,0,0,0,0,0,N,1019,1,1,0,0,0,0,0,3,4,0,1,3,,N,,,,,,,,,,,
2009111789,1605.0,1,0,0,0,0,0,0,0,0,1,0,,67,10,2009,4,39.9686,-75.1351,1600.0,6,0,0,0,0,0,0,0,0,,0,0,0,15,1,1,0,,0,39 58:07.090,,0,75 08:06.188,4,0,0,1,67301,0,0,0,N,0,0,0,2,67301,1,,1,1,,N,N,,0,,0,0,0,0,0,,1530,1,2,0,0,0,0,0,3,4,0,2,3,,N,,,,,,,,,,,
2009111820,1527.0,1,0,0,0,0,0,0,0,0,8,0,,67,9,2009,2,40.0409,-75.1873,1520.0,6,0,0,0,0,0,0,1,0,,0,0,0,15,1,1,1,,0,40 02:27.297,,0,75 11:14.369,8,0,0,0,67301,1,0,0,N,1,0,0,2,67301,0,,1,98,,N,N,,0,,0,0,0,3,2,,1515,1,2,0,0,0,1,0,3,4,0,1,99,,N,,,,,,,,,,,
2009122731,17.0,2,0,0,0,0,0,0,0,0,1,0,,67,11,2009,6,39.9595,-75.1746,13.0,6,0,0,0,0,0,0,0,0,1.0,0,0,0,0,3,0,0,,2,39 57:34.399,4.0,0,75 10:30.973,0,0,0,0,67301,0,0,0,N,0,0,0,2,68K01,0,,1,1,,N,N,,0,,0,0,0,0,0,N,11,0,2,0,0,1,0,0,3,4,0,2,3,,N,,,,,,,,,,,
2009120280,30.0,0,0,0,0,0,0,0,0,0,8,0,,67,11,2009,2,39.9253,-75.1577,25.0,6,0,0,0,0,0,0,0,0,,0,0,0,0,3,1,1,,0,39 55:31.162,,0,75 09:27.611,4,0,0,0,67301,1,0,0,N,1,0,0,2,67301,1,,1,1,,N,N,,1,,0,0,0,3,3,,25,1,2,0,0,1,0,0,3,4,0,1,3,,N,,,,,,,,,,,
2009111842,1801.0,1,0,0,0,0,0,0,0,0,8,0,,67,10,2009,3,39.9496,-75.176,1800.0,6,0,0,0,0,0,0,0,0,,0,0,0,17,1,1,2,,0,39 56:58.689,,0,75 10:33.495,4,0,0,0,67301,1,0,0,N,1,0,0,2,67301,1,,1,1,,N,N,,0,,0,0,0,3,2,,1725,1,2,0,0,0,0,1,3,4,0,1,3,,N,,,,,,,,,,,
2009111851,1340.0,1,0,0,0,0,0,0,0,0,8,0,,67,9,2009,6,39.9597,-75.2351,1335.0,6,0,0,0,0,0,0,0,0,,0,0,0,13,1,1,0,,0,39 57:34.948,,0,75 14:06.342,3,0,0,0,67301,1,0,0,N,1,0,0,2,67301,0,,1,1,,N,N,,0,,1,0,0,0,0,,1330,1,2,0,0,0,0,0,3,4,0,1,3,,N,,,,,,,,,,,
2009044856,1246.0,1,0,0,0,0,0,0,0,0,1,0,,67,3,2009,3,40.0098,-75.1867,1234.0,6,0,0,0,0,0,0,0,0,2.0,0,0,0,12,1,1,3,,1,40 00:25.200,1.0,2,75 11:33.000,3,0,0,0,67301,0,0,0,,0,0,0,4,67301,0,,7,1,,,,,0,,1,0,1,3,4,N,1230,1,2,0,0,0,0,0,3,4,0,2,3,,N,,,,,,,,,,,
2009034249,2337.0,2,0,0,0,0,0,0,0,0,1,0,,67,3,2009,3,40.0091,-75.2046,2335.0,6,0,0,0,0,1,0,0,0,,0,0,0,23,3,0,0,,0,40 00:33.120,,0,75 12:16.560,0,0,0,0,67301,0,0,0,N,0,0,0,2,68K01,0,,2,1,,N,N,,0,,0,0,0,0,0,,2330,0,2,0,0,0,0,0,3,4,0,2,3,,N,,,,,,,,,,,
2009047465,257.0,1,0,0,0,0,0,0,0,0,7,0,,67,2,2009,4,40.0256,-75.1217,255.0,6,0,0,0,0,0,0,0,0,1.0,0,0,0,2,3,0,0,,1,40 01:32.249,1.0,0,75 07:17.247,0,0,0,0,67301,0,0,0,Y,0,0,0,1,67301,0,,3,1,,N,N,,0,,0,0,0,0,0,N,253,0,1,0,0,0,0,0,3,4,0,1,3,,N,,,,,,,,,,,
2009044520,335.0,1,0,0,0,0,0,0,0,0,7,0,,67,3,2009,7,39.9978,-75.1587,334.0,6,0,0,0,0,0,0,0,0,,0,0,0,3,3,2,0,,0,39 59:52.000,,0,75 09:31.273,4,0,0,0,67301,0,0,0,,0,0,0,2,67301,1,,4,1,,,,,0,,0,0,0,3,3,,332,2,1,0,0,2,1,0,3,4,0,1,3,,N,,,,,,,,,,,
2009039412,1525.0,0,0,0,0,0,0,0,0,0,8,0,,67,2,2009,4,39.9237,-75.2281,1522.0,6,0,0,0,0,0,1,0,0,,0,0,0,15,1,1,2,,0,39 55:25.482,,0,75 13:41.267,4,0,0,0,67301,1,0,0,N,1,0,0,2,67301,1,,1,1,,N,Y,,0,,0,0,0,0,0,,1520,1,2,0,0,0,0,0,3,4,1,1,3,,N,,,,,,,,,,,
2009039419,345.0,1,0,0,1,0,0,0,0,0,4,0,,67,2,2009,7,39.9695,-75.126,342.0,6,0,0,0,0,0,0,0,0,,0,0,0,3,3,1,2,,0,39 58:11.792,,99,75 07:30.071,4,0,0,0,67301,1,0,0,,0,0,0,2,67301,1,,1,1,,N,N,,0,,0,0,0,0,0,,340,1,2,0,0,0,0,0,3,4,0,1,3,,N,,,,,,,,,,,
2009027116,1923.0,1,0,0,0,0,0,0,0,0,7,0,,67,2,2009,1,39.9948,-75.0839,1916.0,6,0,0,0,0,0,0,0,0,2.0,0,0,0,19,3,1,0,,1,39 59:41.013,2.0,0,75 05:02.416,3,0,0,0,67301,0,0,0,N,0,0,0,1,68K01,0,,3,1,,N,N,,0,,1,0,0,0,0,N,1913,1,1,0,0,1,0,0,3,4,0,1,3,,N,,,,,,,,,,,
2009029758,12.0,2,0,0,0,0,0,0,0,0,4,0,,67,2,2009,1,40.0209,-75.1401,12.0,6,0,0,1,0,0,0,0,0,3.0,0,0,0,0,3,4,1,,1,40 01:15.609,1.0,0,75 08:23.308,3,0,0,0,67301,0,0,0,N,0,0,0,5,67301,0,,1,1,,N,N,,0,,1,0,0,3,2,Y,12,4,2,0,0,0,3,1,3,4,0,2,3,,N,,,,,,,,,,,
2009039102,1440.0,2,0,0,0,0,0,0,0,0,1,0,,67,2,2009,6,40.0268,-75.0974,1435.0,6,0,0,0,0,0,0,1,0,,0,0,0,14,1,1,0,,0,40 01:36.680,,0,75 05:50.860,8,0,0,0,67301,0,0,0,N,0,0,0,2,67301,0,,1,1,,N,N,,0,,0,0,0,0,0,,1417,1,2,0,0,0,1,0,3,4,0,2,3,,N,,,,,,,,,,,
2009037361,1910.0,1,0,0,0,0,0,0,0,0,1,0,,67,2,2009,7,39.997,-75.2353,1854.0,6,0,0,0,0,0,0,0,0,,0,0,0,17,1,1,1,,0,39 59:47.997,,0,75 14:09.763,8,0,0,0,67301,0,0,0,N,0,0,0,2,67301,0,,1,1,,N,N,,0,,0,0,1,3,2,,1705,1,2,0,0,1,1,0,3,4,0,2,3,,N,,,,,,,,,,,
2009049678,1940.0,2,0,0,0,0,0,0,0,0,1,0,,67,4,2009,2,39.9222,-75.16,1930.0,6,0,0,0,0,0,0,0,0,,0,0,0,19,4,1,0,,0,39 55:19.740,,0,75 09:35.859,4,0,0,0,67301,0,0,0,,0,0,0,2,67301,1,,1,9,,,,,0,,0,0,0,0,0,,1900,1,2,0,0,1,0,0,3,4,0,2,7,,N,,,,,,,,,,,
2009026911,900.0,1,0,0,0,0,0,0,0,0,1,0,,67,1,2009,2,40.0876,-75.2144,855.0,6,0,0,0,0,0,1,0,0,,0,0,0,8,1,0,1,,0,40 05:15.299,,0,75 12:51.753,0,0,0,0,67301,0,0,0,N,0,0,0,2,67301,0,,1,1,,N,N,,0,,0,0,1,3,2,,850,0,2,0,0,0,0,0,3,4,0,2,3,,N,,,,,,,,,,,
2009036965,2010.0,1,0,0,0,0,0,0,0,0,8,0,,67,2,2009,6,39.9396,-75.2203,2010.0,6,0,0,0,0,0,0,0,0,,0,0,0,99,3,1,1,,0,39 56:22.383,,0,75 13:13.087,4,0,0,0,67301,1,0,0,,1,0,0,2,67301,1,,1,1,,,,,0,,0,0,0,9,2,,9999,1,2,0,0,0,0,0,3,4,0,1,3,,N,,,,,,,,,,,
2009044464,2010.0,2,0,0,0,0,0,0,0,0,6,0,,67,3,2009,1,39.9041,-75.2262,2005.0,6,0,0,0,0,1,0,0,0,,0,0,0,19,3,1,2,,0,39 54:14.630,,0,75 13:34.143,4,0,0,0,67301,0,0,0,N,0,0,0,4,67301,1,,1,1,,N,N,,0,,0,0,0,3,3,,1950,1,2,0,0,0,0,0,3,4,0,2,3,,N,,,,,,,,,,,