CRN,ARRIVAL_TM,AUTOMOBILE_COUNT,BELTED_DEATH_COUNT,BELTED_SUSP_SERIOUS_INJ_COUNT,BICYCLE_COUNT,BICYCLE_DEATH_COUNT,BICYCLE_SUSP_SERIOUS_INJ_COUNT,BUS_COUNT,CHLDPAS_DEATH_COUNT,CHLDPAS_SUSP_SERIOUS_INJ_COUNT,COLLISION_TYPE,COMM_VEH_COUNT,CONS_ZONE_SPD_LIM,COUNTY,CRASH_MONTH,CRASH_YEAR,DAY_OF_WEEK,DEC_LAT,DEC_LONG,DISPATCH_TM,DISTRICT,DRIVER_COUNT_16YR,DRIVER_COUNT_17YR,DRIVER_COUNT_18YR,DRIVER_COUNT_19YR,DRIVER_COUNT_20YR,DRIVER_COUNT_50_64YR,DRIVER_COUNT_65_74YR,DRIVER_COUNT_75PLUS,EST_HRS_CLOSED,FATAL_COUNT,HEAVY_TRUCK_COUNT,HORSE_BUGGY_COUNT,HOUR_OF_DAY,ILLUMINATION,INJURY_COUNT,INTERSECT_TYPE,INTERSECTION_RELATED,LANE_CLOSED,LATITUDE,LN_CLOSE_DIR,LOCATION_TYPE,LONGITUDE,MAX_SEVERITY_LEVEL,MCYCLE_DEATH_COUNT,MCYCLE_SUSP_SERIOUS_INJ_COUNT,MOTORCYCLE_COUNT,MUNICIPALITY,NONMOTR_COUNT,NONMOTR_DEATH_COUNT,NONMOTR_SUSP_SERIOUS_INJ_COUNT,NTFY_HIWY_MAINT,PED_COUNT,PED_DEATH_COUNT,PED_SUSP_SERIOUS_INJ_COUNT,PERSON_COUNT,POLICE_AGCY,POSSIBLE_INJ_COUNT,RDWY_SURF_TYPE_CD,RELATION_TO_ROAD,ROAD_CONDITION,ROADWAY_CLEARED,SCH_BUS_IND,SCH_ZONE_IND,SECONDARY_CRASH,SMALL_TRUCK_COUNT,SPEC_JURIS_CD,SUSP_MINOR_INJ_COUNT,SUSP_SERIOUS_INJ_COUNT,SUV_COUNT,TCD_FUNC_CD,TCD_TYPE,TFC_DETOUR_IND,TIME_OF_DAY,TOT_INJ_COUNT,TOTAL_UNITS,UNB_DEATH_COUNT,UNB_SUSP_SERIOUS_INJ_COUNT,UNBELTED_OCC_COUNT,UNK_INJ_DEG_COUNT,UNK_INJ_PER_COUNT,URBAN_AREA,URBAN_RURAL,VAN_COUNT,VEHICLE_COUNT,WEATHER1,WEATHER2,WORK_ZONE_IND,WORK_ZONE_LOC,WORK_ZONE_TYPE,WORKERS_PRES,WZ_CLOSE_DETOUR,WZ_FLAGGER,WZ_LAW_OFFCR_IND,WZ_LN_CLOSURE,WZ_MOVING,WZ_OTHER,WZ_SHLDER_MDN,WZ_WORKERS_INJ_KILLED
2009044488,1900.0,1,0,0,0,0,0,0,0,0,8,0,,67,3,2009,5,40.0139,-75.126,1850.0,6,0,0,0,0,0,1,0,0,,0,0,0,18,4,1,1,,0,40 00:49.975,,0,75 07:33.617,4,0,0,0,67301,1,0,0,,1,0,0,2,67301,1,,1,9,,,,,0,,0,0,0,3,2,,1830,1,2,0,0,0,0,0,3,4,0,1,7,,N,,,,,,,,,,,
2009097605,1425.0,1,0,0,0,0,0,0,0,0,4,0,,67,8,2009,2,40.0313,-75.0662,1423.0,6,0,0,0,0,0,0,1,0,,0,0,0,14,1,2,2,,0,40 01:52.664,,0,75 03:58.343,8,0,0,0,67301,0,0,0,,0,0,0,2,67301,0,,1,1,,N,N,,0,,0,0,1,3,3,,1423,2,2,0,0,0,2,0,3,4,0,2,3,,N,,,,,,,,,,,
2009124506,9999.0,1,0,0,0,0,0,0,0,0,8,0,,67,11,2009,5,39.9568,-75.1556,1440.0,6,0,0,0,0,0,0,0,1,1.0,0,0,0,14,1,1,1,,1,39 57:24.393,3.0,0,75 09:19.952,4,0,0,0,67301,1,0,0,N,1,0,0,2,67301,1,,1,9,,N,N,,0,,0,0,0,3,2,N,1440,1,2,0,0,0,0,0,3,4,0,1,7,,N,,,,,,,,,,,
2009097036,1748.0,2,0,0,0,0,0,0,0,0,1,0,,67,9,2009,4,,,1747.0,6,0,0,0,0,0,0,0,0,,0,0,0,17,1,1,0,,0,,,0,,8,0,0,0,67301,0,0,0,N,0,0,0,2,67501,0,,1,1,,N,N,,0,,0,0,0,0,0,,1747,1,2,0,0,0,1,0,3,3,0,2,3,,N,,,,,,,,,,,
2009097112,1235.0,1,0,0,1,0,0,0,0,0,4,0,,67,9,2009,6,39.9324,-75.1544,1230.0,6,0,0,0,0,0,0,0,0,,0,0,0,1,3,1,1,,0,39 55:56.744,,0,75 09:16.016,8,0,0,0,67301,1,0,0,,0,0,0,2,67301,0,,1,1,,,,,0,,0,0,0,3,3,,130,1,2,0,0,0,1,0,3,4,0,1,3,,N,,,,,,,,,,,
2009054978,951.0,1,0,0,0,0,0,0,0,0,1,0,,67,5,2009,2,40.0459,-75.0015,944.0,6,0,0,0,0,0,0,0,0,,0,0,0,9,1,0,0,,0,40 02:45.506,,0,75 00:05.238,0,0,0,0,67301,0,0,0,N,0,0,0,2,68K01,0,,1,1,,N,N,,1,,0,0,0,0,0,,942,0,2,0,0,1,0,0,3,4,0,2,3,,N,,,,,,,,,,,
2009083788,9999.0,1,0,0,0,0,0,0,0,0,8,0,,67,7,2009,2,39.9225,-75.1805,2106.0,6,0,0,0,0,0,1,0,0,,0,0,0,21,6,1,0,,0,39 55:20.935,,0,75 10:49.890,4,0,0,0,67301,1,0,0,N,1,0,0,2,67301,1,,1,1,,N,N,,0,,0,0,0,0,0,,2100,1,2,0,0,0,0,0,3,4,0,1,3,,N,,,,,,,,,,,
2009083820,1523.0,3,0,0,0,0,0,0,0,0,1,0,,67,7,2009,3,39.9287,-75.2299,1523.0,6,0,0,0,0,0,0,0,0,,0,0,0,15,1,2,0,,0,39 55:43.290,,0,75 13:47.460,8,0,0,0,67301,4,0,0,N,0,0,0,5,67301,0,,6,2,,N,N,,0,,0,0,0,0,0,,1515,2,3,0,0,0,2,3,3,4,0,3,3,,N,,,,,,,,,,,
2009065386,955.0,1,0,0,0,0,0,0,0,0,8,0,,67,5,2009,6,40.0146,-75.1567,951.0,6,0,0,0,0,0,0,0,1,,0,0,0,9,1,1,1,,0,40 00:52.463,,0,75 09:23.952,8,0,0,0,67301,1,0,0,N,1,0,0,2,67301,0,,1,1,,N,N,,0,,0,0,0,3,2,,940,1,2,0,0,0,1,0,3,4,0,1,3,,N,,,,,,,,,,,
2009065387,1340.0,0,0,0,0,0,0,0,0,0,1,0,,67,5,2009,7,39.9939,-75.1546,1340.0,6,0,0,0,0,0,2,0,0,,0,0,0,13,1,2,0,,0,39 59:38.216,,0,75 09:16.571,4,0,0,0,67301,0,0,0,N,0,0,0,4,67301,2,,1,1,,N,N,,0,,0,0,2,0,0,,1339,2,2,0,0,1,0,0,3,4,0,2,3,,N,,,,,,,,,,,
2009065391,9999.0,2,0,0,0,0,0,0,0,0,4,0,,67,5,2009,2,39.9241,-75.2455,9999.0,6,0,0,0,0,0,0,0,0,,0,0,0,18,4,0,5,,0,39 55:26.682,,0,75 14:43.799,0,0,0,0,67301,0,0,0,,0,0,0,4,67301,0,,1,1,,,,,0,,0,0,0,3,2,,1850,0,2,0,0,0,0,0,3,4,0,2,3,,N,,,,,,,,,,,
2009065461,808.0,0,0,0,0,0,0,1,0,0,8,1,,67,4,2009,4,40.0545,-75.1487,806.0,6,0,0,0,0,0,0,0,0,,0,0,0,8,1,1,1,,0,40 03:16.326,,0,75 08:55.489,4,0,0,0,67301,1,0,0,N,1,0,0,2,67301,1,,1,1,,N,Y,,0,,0,0,0,0,0,,800,1,2,0,0,0,0,0,3,4,0,1,3,,N,,,,,,,,,,,
2009030752,909.0,1,0,0,0,0,0,0,0,0,4,0,,67,1,2009,3,39.9354,-75.1771,902.0,6,0,0,0,0,0,0,0,0,,0,0,0,8,1,4,10,,0,39 56:07.368,,0,75 10:37.621,8,0,0,0,67301,0,0,0,N,0,0,0,6,67301,0,,1,2,,N,N,,1,,0,0,0,3,3,,849,4,2,0,0,0,4,0,3,4,0,2,10,,N,,,,,,,,,,,
2009025880,1514.0,1,0,0,0,0,0,0,0,0,7,0,,67,1,2009,6,40.0297,-75.1052,1510.0,6,0,0,0,0,0,0,0,0,,0,0,0,15,1,2,0,,0,40 01:47.242,,0,75 06:18.141,4,0,0,0,67301,0,0,0,N,0,0,0,2,67301,2,,5,1,,N,N,,0,,0,0,0,0,0,,1506,2,1,0,0,2,0,0,3,4,0,1,3,,N,,,,,,,,,,,
2009025914,1759.0,0,0,0,0,0,0,0,0,0,8,0,,67,1,2009,3,40.0159,-75.1538,1739.0,6,0,0,0,0,0,0,0,0,,0,0,0,99,5,1,1,,0,40 00:57.144,,0,75 09:13.828,3,0,0,0,67301,1,0,0,N,1,0,0,2,67301,0,,1,9,,N,N,,0,,1,0,0,3,2,,9999,1,2,0,0,0,0,1,3,4,1,1,7,,N,,,,,,,,,,,
2009040538,1600.0,1,0,0,0,0,0,1,0,0,1,1,,67,2,2009,6,40.0404,-75.0655,1600.0,6,0,0,0,0,0,0,0,0,,0,0,0,15,1,1,5,,0,40 02:25.526,,0,75 03:55.923,8,0,0,0,67301,0,0,0,N,0,0,0,4,67301,0,,1,1,,N,N,,0,,0,0,0,3,2,,1550,1,2,0,0,0,1,0,3,4,0,2,3,,N,,,,,,,,,,,
2009038068,1547.0,2,0,0,0,0,0,0,0,0,1,0,,67,2,2009,5,40.0187,-75.1152,1546.0,6,0,0,0,0,0,0,0,0,,0,0,0,15,1,1,1,,0,40 01:07.680,,0,75 06:55.177,4,0,0,0,67301,0,0,0,,0,0,0,1,67301,1,,1,1,,,,,0,,0,0,1,3,2,,1545,1,3,0,0,0,0,0,3,4,0,3,3,,N,,,,,,,,,,,
2009022649,1847.0,2,0,0,0,0,0,0,0,0,1,0,,67,2,2009,6,39.899,-75.1748,1842.0,6,0,0,0,0,0,1,0,0,,0,0,0,18,3,0,0,,0,39 53:58.475,,0,75 09:47.234,0,0,0,0,67301,0,0,0,N,0,0,0,2,68K01,0,,1,1,,N,N,,0,,0,0,0,0,0,,1840,0,2,0,0,0,0,0,3,4,0,2,3,,N,,,,,,,,,,,
2009025263,1901.0,0,0,0,0,0,0,0,0,0,8,0,,67,1,2009,7,40.0579,-75.1955,1858.0,6,0,0,0,0,0,1,0,0,,0,0,0,18,2,1,2,,0,40 03:28.378,,0,75 11:43.781,3,0,0,0,67301,1,0,0,N,1,0,0,2,67301,0,,4,1,,N,N,,0,,1,0,1,0,0,,1856,1,2,0,0,0,0,0,3,4,0,1,3,,N,,,,,,,,,,,
2009030435,2040.0,3,0,0,0,0,0,0,0,0,8,0,,67,1,2009,1,39.991,-75.2224,2035.0,6,0,0,0,0,1,0,0,0,3.0,0,0,0,20,3,1,0,,2,39 59:27.542,4.0,0,75 13:20.596,8,0,0,0,67301,2,0,0,N,2,0,0,4,67301,0,,1,2,,N,N,,0,,0,0,0,0,0,Y,2035,1,5,0,0,0,1,0,3,4,0,3,10,,N,,,,,,,,,,,
2009117807,1813.0,2,0,0,0,0,0,0,0,0,1,0,,67,11,2009,6,40.0211,-75.041,1813.0,6,0,0,0,0,1,1,0,0,,0,0,0,18,3,0,0,,0,40 01:18.480,,0,75 02:20.760,0,0,0,0,67301,0,0,0,N,0,0,0,2,68K01,0,,1,1,,N,N,,0,,0,0,0,0,0,,1812,0,2,0,0,1,0,0,3,4,0,2,3,,N,,,,,,,,,,,
2009125190,234.0,2,0,0,0,0,0,0,0,0,4,0,,67,11,2009,1,40.0318,-75.0853,230.0,6,0,0,0,0,0,0,0,0,1.0,0,0,0,0,3,3,5,,1,40 01:54.428,2.0,0,75 05:07.226,8,0,0,0,67301,0,0,0,N,0,0,0,3,67301,0,,1,1,,N,N,,0,,0,0,0,3,2,N,30,3,2,0,0,0,3,0,3,4,0,2,3,,N,,,,,,,,,,,
2009122744,1312.0,0,0,0,0,0,0,0,0,0,7,0,,67,11,2009,2,40.0388,-75.0092,1306.0,6,0,0,0,0,1,0,0,0,1.0,0,0,0,13,1,0,0,,2,40 02:19.756,2.0,0,75 00:32.890,0,0,0,0,67301,0,0,0,N,0,0,0,2,68K01,0,,3,9,,N,N,,0,,0,0,1,0,0,N,1305,0,1,0,0,0,0,0,3,4,0,1,7,,N,,,,,,,,,,,
2009120288,1322.0,1,0,0,0,0,0,0,0,0,6,0,,67,10,2009,5,40.0457,-75.0164,1319.0,6,0,0,0,0,0,0,0,1,9.0,0,0,0,13,1,2,2,,2,40 02:44.449,7.0,0,75 00:58.925,3,0,0,0,67301,0,0,0,N,0,0,0,2,67301,1,,1,9,,N,Y,,0,,1,0,1,3,2,Y,1317,2,2,0,0,0,0,0,3,4,0,2,7,,N,,,,,,,,,,,
2009111856,1330.0,1,0,0,0,0,0,0,0,0,4,0,,67,10,2009,1,40.1301,-75.0181,1324.0,6,0,0,0,0,0,0,0,0,,0,0,0,13,1,2,0,,0,40 07:48.154,,0,75 01:05.967,4,0,0,1,67301,0,0,0,N,0,0,0,5,67301,2,,1,1,,N,N,,0,,0,0,0,0,0,,1323,2,2,0,0,0,0,0,3,4,0,2,3,,N,,,,,,,,,,,
2009111872,1820.0,1,0,0,0,0,0,0,0,0,4,0,,67,10,2009,1,40.0607,-75.161,1813.0,6,0,0,1,0,0,0,0,0,,0,0,0,18,1,2,1,,0,40 03:38.347,,0,75 09:39.527,8,0,0,0,67301,3,0,0,N,1,0,0,4,67301,0,,1,1,,N,N,,0,,0,0,0,3,3,,1800,2,3,0,0,0,2,0,3,4,1,2,3,,N,,,,,,,,,,,
2009111888,120.0,1,0,0,0,0,0,0,0,0,7,0,,67,10,2009,1,39.9365,-75.1856,100.0,6,0,0,0,0,0,0,0,0,,0,0,0,1,3,1,1,,0,39 56:11.277,,1,75 11:08.239,3,0,0,0,67301,0,0,0,N,0,0,0,1,67301,0,,3,1,,N,N,,0,,1,0,0,3,3,,100,1,2,0,0,0,0,0,3,4,0,1,3,,N,,,,,,,,,,,
2009034367,25.0,1,0,0,0,0,0,0,0,0,7,0,,67,3,2009,3,39.9753,-75.1947,11.0,6,0,0,0,0,0,0,0,0,2.0,0,0,0,23,2,0,6,,2,39 58:33.960,4.0,2,75 11:44.160,0,0,0,0,67301,0,0,0,Y,0,0,0,1,68K01,0,,3,2,,N,N,,0,,0,0,0,0,0,Y,2353,0,1,0,0,0,0,0,3,4,0,1,3,,N,,,,,,,,,,,
2009037523,28.0,2,0,0,0,0,0,0,0,0,1,0,,67,2,2009,1,40.0201,-75.143,26.0,6,0,0,0,0,0,0,0,0,9.0,0,0,0,0,3,7,0,,1,40 01:12.257,2.0,0,75 08:34.702,8,0,0,0,67301,0,0,0,N,0,0,0,7,67301,0,,1,1,,N,N,,0,,0,0,0,0,0,N,25,7,2,0,0,1,7,0,3,4,0,2,3,,N,,,,,,,,,,,
2009031903,1331.0,0,0,0,0,0,0,0,0,0,5,0,,67,2,2009,2,39.9368,-75.1442,1328.0,6,0,0,0,0,0,0,0,0,1.0,0,0,0,13,1,1,0,,2,39 56:12.661,1.0,0,75 08:39.073,2,0,0,0,67301,0,0,0,N,0,0,0,2,68K01,0,,1,1,,N,N,,1,,0,1,1,0,0,N,1320,1,2,0,1,1,0,0,3,4,0,2,3,,N,,,,,,,,,,,
2009039556,930.0,1,0,0,0,0,0,0,0,0,7,0,,67,2,2009,6,39.987,-75.1371,921.0,6,0,0,0,0,0,0,0,0,,0,0,0,99,1,1,1,,0,39 59:13.272,,0,75 08:13.617,3,0,0,0,67301,0,0,0,,0,0,0,1,67301,0,,5,1,,N,N,,0,,1,0,0,0,0,,9999,1,1,0,0,0,0,0,3,4,0,1,3,,N,,,,,,,,,,,
2009049771,359.0,2,0,0,0,0,0,0,0,0,6,0,,67,4,2009,1,40.0382,-75.0434,350.0,6,0,0,0,0,0,0,0,0,3.0,0,0,0,3,3,1,0,,1,40 02:17.532,3.0,0,75 02:36.467,8,0,0,0,67301,0,0,0,,0,0,0,1,67301,0,,2,1,,N,N,,0,,0,0,1,0,0,N,348,1,3,0,0,0,1,0,3,4,0,3,3,,N,,,,,,,,,,,
2009049780,1859.0,0,0,0,0,0,0,0,0,0,7,0,,67,3,2009,7,40.117,-75.037,1851.0,6,0,0,0,0,0,0,0,0,,0,0,0,18,3,1,0,,0,40 07:01.142,,0,75 02:13.099,2,0,0,0,67301,0,0,0,,0,0,0,1,67301,0,,2,1,,N,,,0,,0,1,1,0,0,,1848,1,2,0,0,0,0,0,3,4,0,2,3,,N,,,,,,,,,,,
2009039407,1820.0,1,0,0,0,0,0,0,0,0,8,0,,67,2,2009,6,40.0122,-75.1505,1812.0,6,0,0,0,0,0,0,0,0,,0,0,0,18,3,1,1,,0,40 00:44.010,,0,75 09:01.746,8,0,0,0,67301,1,0,0,N,1,0,0,2,67301,0,,1,1,,N,N,,0,,0,0,0,3,2,,1809,1,2,0,0,0,1,0,3,4,0,1,3,,N,,,,,,,,,,,
2009039430,245.0,3,0,0,0,0,0,0,0,0,4,0,,67,2,2009,7,39.9181,-75.171,237.0,6,0,0,0,1,0,0,0,0,1.0,0,0,0,2,3,0,2,,1,39 55:05.285,1.0,0,75 10:15.517,0,0,0,0,67301,0,0,0,N,0,0,0,2,67301,0,,1,1,,N,N,,0,,0,0,0,3,2,Y,230,0,3,0,0,0,0,0,3,4,0,3,3,,N,,,,,,,,,,,
2009037400,759.0,1,0,0,0,0,0,0,0,0,4,0,,67,2,2009,5,40.019,-75.0524,758.0,6,0,0,1,0,1,0,0,0,,0,0,0,7,1,1,2,,0,40 01:08.324,,0,75 03:08.584,4,0,0,0,67301,0,0,0,,0,0,0,2,67301,1,,1,1,,,,,1,,0,0,0,0,0,,754,1,2,0,0,0,0,0,3,4,0,2,3,,N,,,,,,,,,,,
2009029776,9999.0,3,0,0,0,0,0,0,0,0,1,0,,67,2,2009,1,40.0071,-75.2137,1805.0,6,0,0,0,0,0,1,0,0,,0,0,0,17,1,1,1,,0,40 00:25.593,,0,75 12:49.352,4,0,0,0,67301,0,0,0,N,0,0,0,3,67301,1,,1,9,,N,N,,0,,0,0,0,3,2,,1751,1,3,0,0,0,0,0,3,4,0,3,3,,N,,,,,,,,,,,
2009039272,1601.0,0,0,0,0,0,0,0,0,0,8,0,,67,2,2009,2,40.0054,-75.1094,1555.0,6,0,0,0,0,0,0,0,0,,0,0,0,15,1,1,1,,0,40 00:19.421,,0,75 06:33.690,3,0,0,0,67301,1,0,0,N,1,0,0,4,67301,0,,1,1,,N,N,,0,,1,0,1,3,2,,1545,1,2,0,0,0,0,0,3,4,0,1,3,,N,,,,,,,,,,,
2009039399,855.0,2,0,0,0,0,0,0,0,0,4,0,,67,2,2009,2,40.0446,-75.0547,847.0,6,0,0,0,0,0,0,1,0,1.0,0,0,0,8,1,1,1,,1,40 02:40.891,2.0,0,75 03:16.537,3,0,0,0,67301,0,0,0,N,0,0,0,3,67301,0,,1,1,,N,N,,0,,1,0,0,3,2,N,845,1,2,0,0,0,0,0,3,4,0,2,3,,N,,,,,,,,,,,
2009049581,1905.0,1,0,0,0,0,0,0,0,0,5,0,,67,3,2009,3,40.0409,-75.1202,1854.0,6,0,0,0,0,0,0,0,0,,0,0,0,18,2,1,2,,0,40 02:27.261,,0,75 07:12.791,4,0,0,0,67301,0,0,0,N,0,0,0,2,67301,1,,1,6,,,,,0,,0,0,1,2,2,,1850,1,2,0,0,0,0,0,3,4,0,2,3,,N,,,,,,,,,,,
2009044444,1310.0,1,0,0,0,0,0,0,0,0,8,0,,67,3,2009,6,39.9059,-75.1515,1300.0,6,0,0,0,0,0,0,0,0,,0,0,0,13,1,1,0,,0,39 54:21.229,,0,75 09:05.374,4,0,0,0,67301,1,0,0,,1,0,0,2,67301,1,,1,1,,,,,0,,0,0,0,0,0,,1300,1,2,0,0,0,0,0,3,4,0,1,3,,N,,,,,,,,,,,
2009097565,714.0,1,0,0,0,0,0,0,0,0,1,0,,67,9,2009,2,40.0071,-75.0733,702.0,6,0,0,0,0,0,0,0,0,,0,0,0,6,1,1,0,,0,40 00:25.200,,0,75 04:24.600,8,0,0,0,67301,0,0,0,N,0,0,0,2,68K01,0,,1,1,,N,N,,1,,0,0,0,0,0,,658,1,2,0,0,0,1,0,3,4,0,2,3,,N,,,,,,,,,,,
2009070731,1647.0,2,0,0,0,0,0,0,0,0,1,0,,67,7,2009,5,40.0079,-75.2022,1633.0,6,0,1,0,0,0,0,0,0,,0,0,0,16,1,1,0,,0,40 00:28.080,,0,75 12:06.480,4,0,0,0,67301,0,0,0,N,0,0,0,3,68K01,1,,1,1,,N,N,,0,,0,0,0,0,0,,1631,1,2,0,0,0,0,0,3,4,0,2,3,,N,,,,,,,,,,,
2009124444,1333.0,2,0,0,0,0,0,0,0,0,1,0,,67,11,2009,6,40.0694,-75.0349,1333.0,6,0,0,0,0,0,0,1,0,,0,0,0,11,1,1,0,,0,40 04:09.966,,0,75 02:05.467,4,0,0,0,67301,0,0,0,N,0,0,0,1,67301,1,,1,1,,N,N,,0,,0,0,0,0,0,,1130,1,2,0,0,0,0,0,3,4,0,2,3,,N,,,,,,,,,,,
2009124482,1321.0,2,0,0,0,0,0,0,0,0,1,0,,67,11,2009,3,39.9822,-75.2146,1317.0,6,0,0,0,0,0,1,0,0,,0,0,0,13,1,1,5,,0,39 58:55.822,,0,75 12:52.601,3,0,0,0,67301,0,0,0,N,0,0,0,2,67301,0,,1,1,,N,N,,0,,1,0,0,3,2,,1310,1,2,0,0,2,0,0,3,4,0,2,3,,N,,,,,,,,,,,
2009132301,1159.0,2,0,0,0,0,0,0,0,0,1,0,,67,12,2009,5,39.9899,-75.0871,1159.0,6,0,0,0,0,0,0,0,0,2.0,0,0,0,11,1,0,0,,2,39 59:23.848,1.0,0,75 05:13.147,0,0,0,0,67301,0,0,0,N,0,0,0,1,68K01,0,,1,1,,N,N,,0,,0,0,0,0,0,N,1157,0,2,0,0,0,0,0,3,4,0,2,3,,N,,,,,,,,,,,
2009088946,1720.0,1,0,0,0,0,0,0,0,0,8,0,,67,5,2009,3,40.081,-74.9895,1720.0,6,0,0,0,0,0,0,0,0,,0,0,0,17,1,1,0,,0,40 04:51.580,,0,74 59:22.254,3,0,0,0,67301,1,0,0,,1,0,0,2,67301,0,,1,9,,N,N,,0,,1,0,0,0,0,,1719,1,2,0,0,0,0,1,3,4,0,1,7,,N,,,,,,,,,,,
2009097111,30.0,2,0,0,0,0,0,0,0,0,4,0,,67,9,2009,5,40.0205,-75.1542,26.0,6,0,0,0,0,0,0,0,0,1.0,0,0,0,0,3,2,6,,1,40 01:13.786,2.0,2,75 09:15.325,8,0,0,0,67301,0,0,0,,0,0,0,3,67301,0,,1,1,,N,N,,0,,0,0,0,3,3,N,23,2,2,0,0,0,2,0,3,4,0,2,3,,N,,,,,,,,,,,
2009097137,1640.0,3,0,0,0,0,0,0,0,0,1,0,,67,9,2009,3,40.0055,-75.2172,1635.0,6,0,0,0,0,0,1,0,0,,0,0,0,16,1,2,0,,0,40 00:19.811,,7,75 13:02.011,4,0,0,0,67301,0,0,0,N,0,0,0,5,67301,2,,1,1,,N,N,,0,,0,0,0,3,2,,1634,2,3,0,0,1,0,0,3,4,0,3,3,,N,,,,,,,,,,,
2009097179,1105.0,2,0,0,0,0,0,0,0,0,3,0,,67,9,2009,1,40.0244,-75.1342,1100.0,6,0,0,0,0,1,0,0,0,,0,0,0,10,1,1,2,,0,40 01:27.886,,0,75 08:03.245,4,0,0,0,67301,0,0,0,N,0,0,0,3,67301,1,,1,1,,N,N,,1,,0,0,0,3,3,,1040,1,3,0,0,2,0,0,3,4,0,3,3,,N,,,,,,,,,,,
2009121896,1823.0,1,0,0,0,0,0,0,0,0,1,0,,67,11,2009,7,39.9908,-75.2043,1823.0,6,0,0,0,0,0,1,1,0,,0,0,0,18,2,0,0,,0,39 59:29.400,,0,75 12:10.800,0,0,0,0,67301,0,0,0,N,0,0,0,3,68K01,0,,1,1,,N,N,,0,,0,0,1,0,0,,1807,0,2,0,0,0,0,0,3,4,0,2,3,,N,,,,,,,,,,,
2009134045,1040.0,2,0,0,0,0,0,0,0,0,5,0,,67,12,2009,2,39.9648,-75.138,1030.0,6,0,0,1,0,0,1,0,0,,0,0,0,10,1,0,0,,0,39 57:52.707,,0,75 08:17.217,0,0,0,0,67301,0,0,0,N,0,0,0,3,68K02,0,,1,1,,N,N,,0,,0,0,1,0,0,,1025,0,3,0,0,0,0,0,3,4,0,3,3,,N,,,,,,,,,,,
2009083765,912.0,1,0,0,0,0,0,0,0,0,4,0,,67,7,2009,4,40.0394,-75.0774,909.0,6,0,0,0,0,0,0,0,0,,0,0,0,9,1,3,1,,0,40 02:22.048,,0,75 04:38.765,4,0,0,0,67301,0,0,0,N,0,0,0,3,67301,3,,1,1,,N,N,,0,,0,0,0,3,2,,905,3,2,0,0,0,0,0,3,4,1,2,3,,N,,,,,,,,,,,
2009083769,1855.0,1,0,0,0,0,0,0,0,0,1,0,,67,7,2009,4,40.0316,-75.1286,1852.0,6,0,0,0,0,0,0,0,0,,0,0,0,18,4,0,0,,0,40 01:53.601,,0,75 07:43.114,0,0,0,0,67301,1,0,0,N,0,0,0,2,67301,0,,6,9,,N,N,,0,,0,0,0,0,0,,1845,0,2,0,0,0,0,0,3,4,1,2,7,,N,,,,,,,,,,,
2009083841,1526.0,0,0,0,0,0,0,0,0,0,8,0,,67,7,2009,3,40.0043,-75.1738,1522.0,6,0,0,0,0,0,0,0,0,,0,0,0,15,1,1,2,,0,40 00:15.459,,0,75 10:25.775,3,0,0,0,67301,1,0,0,,1,0,0,2,67301,0,,1,1,,,,,1,,1,0,0,3,2,,1502,1,2,0,0,0,0,0,3,4,0,1,3,,N,,,,,,,,,,,
2009025181,522.0,2,0,0,0,0,0,0,0,0,5,0,,67,1,2009,5,39.9459,-75.2403,522.0,6,0,0,0,0,1,0,0,0,,0,0,0,0,3,2,1,,0,39 56:45.089,,0,75 14:25.019,3,0,0,0,67301,0,0,0,N,0,0,0,3,67301,0,,1,1,,N,N,,0,,2,0,0,3,2,,38,2,2,0,0,0,0,1,3,4,0,2,3,,N,,,,,,,,,,,
2009025886,1854.0,1,0,0,0,0,0,0,0,0,4,0,,67,1,2009,5,40.0467,-75.1241,1851.0,6,0,0,0,0,0,1,0,0,,0,0,0,18,3,1,0,,0,40 02:48.015,,0,75 07:26.842,4,0,0,0,67301,1,0,0,N,1,0,0,2,67301,1,,1,1,,N,N,,0,,0,0,0,0,0,,1845,1,2,0,0,0,0,0,3,4,0,1,3,,N,,,,,,,,,,,
2009035338,1952.0,1,0,0,0,0,0,0,0,0,7,0,,67,3,2009,2,39.8893,-75.2187,1949.0,6,0,0,0,0,0,0,0,0,1.0,0,0,0,19,3,1,0,,2,39 53:20.399,2.0,0,75 13:05.561,3,0,0,0,67301,0,0,0,N,0,0,0,1,68K01,0,,4,9,,N,N,,0,,1,0,0,0,0,N,1945,1,1,0,0,1,0,0,3,4,0,1,7,,N,,,,,,,,,,,
2009032907,1340.0,1,0,0,0,0,0,0,0,0,1,0,,67,2,2009,4,39.9964,-75.1135,1340.0,6,0,0,0,0,0,1,0,0,,0,0,0,13,1,1,1,,0,39 59:47.158,,0,75 06:48.513,4,0,0,0,67301,0,0,0,N,0,0,0,3,67301,1,,1,2,,N,N,,0,,0,0,0,0,0,,1325,1,2,0,0,0,0,0,3,4,1,2,3,,N,,,,,,,,,,,
2009033000,845.0,1,0,0,0,0,0,0,0,0,8,0,,67,2,2009,5,39.998,-75.1254,845.0,6,0,0,0,0,0,0,0,0,,0,0,0,8,1,1,1,,0,39 59:52.790,,0,75 07:31.478,8,0,0,0,67301,1,0,0,N,1,0,0,2,67301,0,,1,1,,N,Y,,0,,0,0,0,2,2,,815,1,2,0,0,0,1,0,3,4,0,1,3,,N,,,,,,,,,,,