CRN,ARRIVAL_TM,AUTOMOBILE_COUNT,BELTED_DEATH_COUNT,BELTED_SUSP_SERIOUS_INJ_COUNT,BICYCLE_COUNT,BICYCLE_DEATH_COUNT,BICYCLE_SUSP_SERIOUS_INJ_COUNT,BUS_COUNT,CHLDPAS_DEATH_COUNT,CHLDPAS_SUSP_SERIOUS_INJ_COUNT,COLLISION_TYPE,COMM_VEH_COUNT,CONS_ZONE_SPD_LIM,COUNTY,CRASH_MONTH,CRASH_YEAR,DAY_OF_WEEK,DEC_LAT,DEC_LONG,DISPATCH_TM,DISTRICT,DRIVER_COUNT_16YR,DRIVER_COUNT_17YR,DRIVER_COUNT_18YR,DRIVER_COUNT_19YR,DRIVER_COUNT_20YR,DRIVER_COUNT_50_64YR,DRIVER_COUNT_65_74YR,DRIVER_COUNT_75PLUS,EST_HRS_CLOSED,FATAL_COUNT,HEAVY_TRUCK_COUNT,HORSE_BUGGY_COUNT,HOUR_OF_DAY,ILLUMINATION,INJURY_COUNT,INTERSECT_TYPE,INTERSECTION_RELATED,LANE_CLOSED,LATITUDE,LN_CLOSE_DIR,LOCATION_TYPE,LONGITUDE,MAX_SEVERITY_LEVEL,MCYCLE_DEATH_COUNT,MCYCLE_SUSP_SERIOUS_INJ_COUNT,MOTORCYCLE_COUNT,MUNICIPALITY,NONMOTR_COUNT,NONMOTR_DEATH_COUNT,NONMOTR_SUSP_SERIOUS_INJ_COUNT,NTFY_HIWY_MAINT,PED_COUNT,PED_DEATH_COUNT,PED_SUSP_SERIOUS_INJ_COUNT,PERSON_COUNT,POLICE_AGCY,POSSIBLE_INJ_COUNT,RDWY_SURF_TYPE_CD,RELATION_TO_ROAD,ROAD_CONDITION,ROADWAY_CLEARED,SCH_BUS_IND,SCH_ZONE_IND,SECONDARY_CRASH,SMALL_TRUCK_COUNT,SPEC_JURIS_CD,SUSP_MINOR_INJ_COUNT,SUSP_SERIOUS_INJ_COUNT,SUV_COUNT,TCD_FUNC_CD,TCD_TYPE,TFC_DETOUR_IND,TIME_OF_DAY,TOT_INJ_COUNT,TOTAL_UNITS,UNB_DEATH_COUNT,UNB_SUSP_SERIOUS_INJ_COUNT,UNBELTED_OCC_COUNT,UNK_INJ_DEG_COUNT,UNK_INJ_PER_COUNT,URBAN_AREA,URBAN_RURAL,VAN_COUNT,VEHICLE_COUNT,WEATHER1,WEATHER2,WORK_ZONE_IND,WORK_ZONE_LOC,WORK_ZONE_TYPE,WORKERS_PRES,WZ_CLOSE_DETOUR,WZ_FLAGGER,WZ_LAW_OFFCR_IND,WZ_LN_CLOSURE,WZ_MOVING,WZ_OTHER,WZ_SHLDER_MDN,WZ_WORKERS_INJ_KILLED
2009125326,701.0,1,0,0,0,0,0,0,0,0,4,0,,67,11,2009,6,40.072,-75.1833,656.0,6,0,0,0,0,0,1,0,0,1.0,0,0,0,6,1,2,1,,2,40 04:19.077,5.0,0,75 10:59.764,3,0,0,0,67301,0,0,0,N,0,0,0,6,67301,0,,1,1,,N,N,,0,,2,0,0,3,3,Y,655,2,2,0,0,0,0,0,3,4,1,2,3,,N,,,,,,,,,,,
2009109169,1055.0,1,0,0,0,0,0,0,0,0,7,0,,67,10,2009,6,39.9241,-75.1924,1049.0,6,0,0,0,0,0,0,0,0,,0,0,0,10,1,0,0,,0,39 55:32.067,,0,75 11:37.340,0,0,0,0,67301,0,0,0,N,0,0,0,1,68K01,0,,3,1,,N,N,,0,,0,0,0,0,0,,1046,0,1,0,0,0,0,0,3,4,0,1,3,,N,,,,,,,,,,,
2009125444,1840.0,2,0,0,0,0,0,0,0,0,4,0,,67,11,2009,7,40.0386,-75.0442,1835.0,6,0,0,0,0,1,0,0,0,1.0,0,0,0,18,3,3,1,,1,40 02:19.007,4.0,0,75 02:39.044,4,0,0,0,67301,0,0,0,N,0,0,0,4,67301,3,,1,1,,N,N,,0,,0,0,0,3,2,N,1830,3,2,0,0,0,0,0,3,4,0,2,3,,N,,,,,,,,,,,
2009125471,1345.0,2,0,0,0,0,0,0,0,0,2,0,,67,11,2009,2,40.0544,-75.1479,1340.0,6,0,0,0,0,0,1,0,0,1.0,0,0,0,13,1,1,1,,1,40 03:15.962,5.0,0,75 08:52.411,8,0,0,0,67301,0,0,0,N,0,0,0,2,67301,0,,1,1,,N,N,,0,,0,0,0,3,2,Y,1340,1,2,0,0,2,1,1,3,4,0,2,3,,N,,,,,,,,,,,
2009111757,2200.0,1,0,0,0,0,0,1,0,0,1,1,,67,10,2009,4,40.0295,-75.1467,2150.0,6,0,0,0,0,0,0,1,0,,0,0,0,20,3,1,1,,0,40 01:46.123,,0,75 08:48.184,4,0,0,0,67301,0,0,0,N,0,0,0,2,67301,1,,1,1,,N,N,,0,,0,0,0,0,0,,2000,1,2,0,0,0,0,0,3,4,0,2,3,,N,,,,,,,,,,,
2009111762,1815.0,1,0,0,0,0,0,0,0,0,4,0,,67,10,2009,5,40.0031,-75.1283,1808.0,6,0,0,0,0,1,0,0,0,,0,0,0,18,1,1,1,,0,40 00:11.163,,0,75 07:41.800,4,0,0,0,67301,1,0,0,N,1,0,0,2,67301,1,,1,1,,N,N,,0,,0,0,0,3,2,,1800,1,2,0,0,0,0,0,3,4,0,1,3,,N,,,,,,,,,,,
2009101507,1718.0,0,0,0,0,0,0,0,0,0,1,0,,67,10,2009,5,39.8989,-75.1693,1716.0,6,0,0,0,0,0,1,0,0,1.0,0,0,0,17,1,1,0,,1,39 53:57.120,2.0,0,75 10:00.480,4,0,0,0,67301,0,0,0,N,0,0,0,3,68K01,1,,1,1,,N,N,,1,,0,0,1,0,0,N,1712,1,3,0,0,0,0,0,3,4,1,3,3,,N,,,,,,,,,,,
2009101509,331.0,2,0,0,0,0,0,0,0,0,1,0,,67,10,2009,6,39.932,-75.1998,330.0,6,0,0,0,1,0,0,0,1,,0,0,0,3,3,1,0,,0,39 55:57.148,,0,75 12:00.098,4,0,0,0,67301,0,0,0,N,0,0,0,5,68K01,1,,1,1,,N,N,,0,,0,0,0,0,0,,323,1,2,0,0,0,0,0,3,4,0,2,3,,N,,,,,,,,,,,
2009125208,1001.0,2,0,0,0,0,0,0,0,0,4,0,,67,11,2009,6,40.0638,-75.0835,958.0,6,0,0,0,0,0,2,0,0,,0,0,0,9,1,0,1,,0,40 03:49.505,,0,75 05:00.516,0,0,0,0,67301,0,0,0,N,0,0,0,2,67301,0,,1,1,,N,N,,0,,0,0,0,3,2,,955,0,2,0,0,0,0,0,3,4,0,2,3,,N,,,,,,,,,,,
2009125277,712.0,3,0,0,0,0,0,0,0,0,4,0,,67,11,2009,1,40.0445,-75.1194,711.0,6,0,0,0,0,0,2,0,0,9.0,0,0,0,7,1,3,1,,1,40 02:40.087,3.0,0,75 07:09.991,4,0,0,0,67301,0,0,0,N,0,0,0,4,67301,3,,1,1,,N,N,,0,,0,0,0,3,2,N,703,3,3,0,0,1,0,0,3,4,0,3,3,,N,,,,,,,,,,,
2009111880,1630.0,2,0,0,0,0,0,0,0,0,6,0,,67,10,2009,2,39.923,-75.1885,1625.0,6,0,0,0,0,0,0,0,0,,0,0,0,16,1,1,1,,0,39 55:22.764,,0,75 11:18.725,4,0,0,0,67301,0,0,0,,0,0,0,2,67301,1,,1,1,,,,,0,,0,0,0,3,2,,1620,1,2,0,0,0,0,0,3,4,0,2,3,,N,,,,,,,,,,,
2009044795,641.0,3,0,0,0,0,0,0,0,0,1,0,,67,4,2009,3,40.0328,-75.0209,631.0,6,0,0,0,0,0,1,0,0,,0,0,0,6,1,0,0,,0,40 01:56.081,,0,75 01:16.443,0,0,0,0,67301,0,0,0,N,0,0,0,7,68K01,0,,1,1,,N,N,,0,,0,0,0,0,0,,629,0,3,0,0,0,0,0,3,4,0,3,3,,N,,,,,,,,,,,
2009036753,1233.0,2,0,0,0,0,0,0,0,0,1,0,,67,2,2009,7,39.958,-75.2335,1228.0,6,0,0,0,0,0,0,0,0,,0,0,0,0,3,1,1,,0,39 57:28.629,,0,75 14:00.596,4,0,0,0,67301,0,0,0,N,0,0,0,3,67301,1,,1,1,,N,N,,0,,0,0,0,3,2,,0,1,2,0,0,0,0,0,3,4,0,2,3,,N,,,,,,,,,,,
2009047468,1000.0,1,0,0,0,0,0,0,0,0,1,0,99.0,67,4,2009,4,39.9854,-75.0674,956.0,6,0,0,0,0,0,1,0,0,1.0,0,0,0,9,1,0,0,,2,39 59:07.318,3.0,0,75 04:02.517,0,0,0,0,67301,0,0,0,N,0,0,0,2,67501,0,,1,1,,N,N,,1,,0,0,0,3,8,N,956,0,2,0,0,0,0,0,3,4,0,2,3,,Y,8.0,8.0,U,U,U,U,U,U,U,U,
2009044351,1650.0,2,0,0,0,0,0,0,0,0,1,0,,67,3,2009,6,40.0586,-75.2341,1638.0,6,0,0,0,0,0,1,0,0,,0,0,0,15,1,0,0,,0,40 03:31.887,,0,75 14:03.465,0,0,0,0,67301,0,0,0,,0,0,0,3,67301,0,,1,9,,,,,1,,0,0,0,0,0,,1550,0,3,0,0,0,0,0,3,4,0,3,3,,N,,,,,,,,,,,
2009044372,1146.0,1,0,0,0,0,0,0,0,0,4,0,,67,3,2009,3,39.9385,-75.1716,1144.0,6,0,0,0,1,0,0,0,0,,0,0,0,11,1,2,2,,0,39 56:18.452,,0,75 10:17.734,4,0,0,0,67301,0,0,0,N,0,0,0,2,67301,2,,1,1,,N,N,,0,,0,0,1,3,2,,1143,2,2,0,0,0,0,0,3,4,0,2,3,,N,,,,,,,,,,,
2009039393,1550.0,2,0,0,0,0,0,0,0,0,4,0,,67,2,2009,4,40.0272,-75.0989,1550.0,6,0,0,0,0,0,0,0,0,,0,0,0,15,1,3,1,,0,40 01:38.505,,0,75 05:56.834,4,0,0,0,67301,0,0,0,N,0,0,0,4,67301,3,,1,1,,N,N,,0,,0,0,0,2,2,,1550,3,2,0,0,0,0,0,3,4,0,2,3,,N,,,,,,,,,,,
2009039416,1325.0,1,0,0,1,0,0,0,0,0,4,0,,67,2,2009,3,39.9587,-75.1672,1322.0,6,0,0,0,0,0,0,0,0,,0,0,0,13,1,1,2,,0,39 57:31.260,,0,75 10:01.857,3,0,0,0,67301,1,0,0,,0,0,0,3,67301,0,,1,1,,,,,0,,1,0,0,0,0,,1320,1,2,0,0,0,0,0,3,4,0,1,3,,N,,,,,,,,,,,
2009039082,825.0,3,0,0,0,0,0,0,0,0,1,0,,67,2,2009,1,39.969,-75.2303,816.0,6,0,0,0,0,0,0,0,0,,0,0,0,8,1,0,1,,0,39 58:08.464,,0,75 13:49.195,9,0,0,0,67301,0,0,0,,0,0,0,1,67301,0,,1,1,,N,N,,0,,0,0,0,3,3,,800,0,3,0,0,0,0,1,3,4,0,3,3,,N,,,,,,,,,,,
2009039095,1555.0,1,0,0,0,0,0,0,0,0,1,0,,67,2,2009,6,39.9535,-75.1398,1547.0,6,0,0,0,0,0,0,1,0,,0,0,0,15,1,1,2,,0,39 57:11.999,,0,75 08:23.310,8,0,0,0,67301,0,0,0,N,0,0,0,3,67301,0,,1,9,,N,N,,1,,0,0,0,3,2,,1540,1,2,0,0,0,1,0,3,4,0,2,7,,N,,,,,,,,,,,
2009039106,1555.0,2,0,0,0,0,0,0,0,0,4,0,,67,2,2009,6,40.0853,-75.0745,1547.0,6,0,0,0,0,0,1,0,1,2.0,0,0,0,15,1,1,2,,2,40 05:06.925,2.0,0,75 04:28.221,3,0,0,0,67301,0,0,0,N,0,0,0,2,67301,0,,1,1,,N,N,,0,,1,0,0,3,3,N,1530,1,2,0,0,0,0,0,3,4,0,2,3,,N,,,,,,,,,,,
2009036963,1850.0,1,0,0,0,0,0,0,0,0,8,0,,67,2,2009,2,39.9497,-75.1675,1846.0,6,0,0,0,0,0,0,0,0,,0,0,0,18,3,1,1,,0,39 56:59.066,,0,75 10:02.792,4,0,0,0,67301,1,0,0,N,1,0,0,2,67301,1,,1,1,,N,N,,0,,0,0,0,3,2,,1835,1,2,0,0,0,0,0,3,4,0,1,3,,N,,,,,,,,,,,
2009044465,1115.0,2,0,0,0,0,0,0,0,0,4,0,,67,3,2009,2,39.9325,-75.2303,1113.0,6,0,0,0,0,0,2,0,0,,0,0,0,11,1,4,1,,0,39 55:57.086,,0,75 13:49.023,4,0,0,0,67301,0,0,0,,0,0,0,5,67301,4,,1,1,,N,N,,0,,0,0,0,0,0,,1113,4,2,0,0,0,0,0,3,4,0,2,3,,N,,,,,,,,,,,
2009044467,1032.0,3,0,0,0,0,0,0,0,0,4,0,,67,3,2009,1,39.9239,-75.2221,1027.0,6,0,0,0,0,0,1,1,0,,0,0,0,10,1,0,1,,0,39 55:26.040,,0,75 13:19.560,9,0,0,0,67301,0,0,0,N,0,0,0,3,67301,0,,1,1,,N,N,,0,,0,0,0,3,2,,1020,0,3,0,0,0,0,1,3,4,0,3,3,,N,,,,,,,,,,,
2009097609,1525.0,1,0,0,0,0,0,1,0,0,4,1,,67,8,2009,5,40.0886,-74.9643,1505.0,6,0,0,0,0,0,1,0,0,,0,0,0,15,1,7,0,,0,40 05:18.887,,7,74 57:51.387,4,0,0,0,67301,0,0,0,,0,0,0,9,67301,7,,1,1,,,,,0,,0,0,0,3,2,,1520,7,2,0,0,0,0,0,3,4,0,2,3,,N,,,,,,,,,,,
2009124473,1940.0,0,0,0,0,0,0,0,0,0,4,0,,67,11,2009,3,39.9549,-75.1511,1944.0,6,0,1,0,0,0,0,0,0,3.0,0,0,0,19,3,1,1,,1,39 57:17.491,3.0,0,75 09:04.108,4,0,0,0,67301,0,0,0,N,0,0,0,5,67301,1,,1,1,,N,N,,0,,0,0,2,3,2,N,1940,1,2,0,0,0,0,0,3,4,0,2,3,,N,,,,,,,,,,,
2009131682,1219.0,1,0,0,0,0,0,0,0,0,1,0,,67,12,2009,3,39.956,-75.1416,1213.0,6,0,0,0,0,0,0,0,0,,0,0,0,12,1,1,7,,0,39 57:21.595,,2,75 08:29.734,4,0,0,0,67301,0,0,0,N,0,0,0,2,68K01,1,,7,1,,N,N,,1,,0,0,0,0,0,,1208,1,2,0,0,0,0,0,3,4,0,2,3,,N,,,,,,,,,,,
2009097115,9999.0,0,0,0,1,0,0,0,0,0,0,0,,67,8,2009,5,39.9504,-75.1601,9999.0,6,0,0,0,0,0,0,0,0,,0,0,0,99,1,1,1,,0,39 57:01.383,,0,75 09:36.443,4,0,0,1,67301,0,0,0,,0,0,0,1,67301,1,,1,1,,,,,0,,0,0,0,3,2,,9999,1,2,0,0,0,0,0,3,4,0,1,3,,N,,,,,,,,,,,
2009097158,2355.0,2,0,0,0,0,0,0,0,0,5,0,,67,8,2009,1,40.0546,-75.0051,2350.0,6,1,0,0,0,0,0,0,0,,0,0,0,23,3,1,0,,0,40 03:16.398,,0,75 00:18.181,8,0,0,0,67301,0,0,0,N,0,0,0,1,67301,0,,1,1,,N,N,,0,,0,0,1,3,2,,2340,1,3,0,0,0,1,0,3,4,0,3,3,,N,,,,,,,,,,,
2009124285,1146.0,1,0,0,0,0,0,0,0,0,4,0,,67,11,2009,6,39.988,-75.1567,1138.0,6,0,0,0,1,1,0,0,0,,0,0,0,11,1,1,1,,0,39 59:16.704,,0,75 09:24.146,8,0,0,0,67301,0,0,0,,0,0,0,2,67301,0,,1,1,,N,N,,0,,0,0,1,3,3,,1130,1,2,0,0,0,1,0,3,4,0,2,3,,N,,,,,,,,,,,
2009124428,2205.0,1,0,0,0,0,0,0,0,0,4,0,,67,11,2009,6,40.0164,-75.1911,2200.0,6,0,0,0,0,0,0,0,0,,0,0,0,18,3,0,0,,0,40 00:58.983,,0,75 11:28.032,0,0,0,0,67301,0,0,0,N,0,0,0,1,67301,0,,6,9,,N,N,,0,,0,0,0,0,0,,1850,0,2,0,0,0,0,0,3,4,0,2,7,,N,,,,,,,,,,,
2009083773,940.0,1,0,0,0,0,0,0,0,0,1,0,,67,7,2009,7,40.0135,-75.1473,939.0,6,0,0,0,0,0,0,0,1,2.0,0,0,0,9,1,0,0,,1,40 00:48.682,2.0,0,75 08:50.100,0,0,0,0,67301,0,0,0,N,0,0,0,2,67301,0,,1,1,,N,N,,0,,0,0,1,0,0,N,939,0,2,0,0,0,0,0,3,4,0,2,3,,N,,,,,,,,,,,
2009118703,1819.0,1,0,0,0,0,0,0,0,0,1,0,,67,11,2009,4,40.0507,-74.991,1815.0,6,0,0,0,0,0,0,0,0,,0,0,0,18,3,0,0,,0,40 03:02.450,,0,74 59:27.961,0,0,0,0,67301,0,0,0,N,0,0,0,6,68K01,0,,1,1,,N,N,,0,,0,0,1,0,0,,1808,0,2,0,0,0,0,0,3,4,0,2,3,,N,,,,,,,,,,,
2009116246,541.0,1,0,0,0,0,0,0,0,0,0,0,25.0,67,10,2009,7,40.0231,-75.036,537.0,6,0,0,0,0,0,0,0,0,,0,0,0,5,3,1,7,,0,40 01:22.800,,2,75 02:09.600,4,0,0,0,67301,0,0,0,N,0,0,0,1,68K01,1,,4,9,,N,N,,0,,0,0,0,0,0,,536,1,1,0,0,0,0,0,3,4,0,1,7,,Y,2.0,1.0,N,N,N,N,Y,N,N,N,
2009111416,340.0,2,0,1,0,0,0,0,0,0,4,0,,67,6,2009,1,40.0331,-75.107,336.0,6,0,0,0,0,1,0,0,0,2.0,0,0,0,3,3,2,1,,1,40 01:58.442,1.0,0,75 06:24.270,2,0,0,0,67301,0,0,0,,0,0,0,3,67301,0,,1,1,,,,,0,,1,1,0,3,2,Y,330,2,2,0,0,0,0,0,3,4,0,2,3,,N,,,,,,,,,,,
2009116005,608.0,1,0,0,0,0,0,0,0,0,7,0,,67,10,2009,7,39.9516,-75.1827,556.0,6,0,0,0,0,0,0,0,0,,0,0,0,5,3,0,0,,0,39 57:09.360,,0,75 10:55.560,0,0,0,0,67301,0,0,0,N,0,0,0,1,68K01,0,,2,9,,N,N,,0,,0,0,0,0,0,,552,0,1,0,0,0,0,0,3,4,0,1,7,,N,,,,,,,,,,,
2009118963,2010.0,3,0,0,0,0,0,0,0,0,1,0,,67,10,2009,4,39.9985,-75.1294,2005.0,6,0,0,0,0,0,0,0,0,,0,0,0,20,3,3,0,,0,39 59:54.699,,0,75 07:45.915,8,0,0,0,67301,0,0,0,,0,0,0,4,67301,0,,1,1,,,,,1,,0,0,0,0,0,,2000,3,4,0,0,0,3,0,3,4,0,4,3,,N,,,,,,,,,,,
2009118997,1145.0,1,0,0,0,0,0,0,0,0,1,0,,67,10,2009,3,40.0554,-75.1263,1140.0,6,0,0,0,0,0,1,0,0,,0,0,0,11,1,1,2,,0,40 03:19.813,,0,75 07:34.490,3,0,0,0,67301,0,0,0,N,0,0,0,2,67301,0,,1,9,,N,N,,1,,1,0,0,3,2,,1140,1,2,0,0,0,0,0,3,4,0,2,7,,N,,,,,,,,,,,
2009025916,9999.0,1,0,0,0,0,0,0,0,0,8,0,,67,1,2009,6,39.9881,-75.1059,9999.0,6,0,0,0,0,0,0,0,0,,0,0,0,18,3,1,1,,0,39 59:16.800,,0,75 06:21.240,4,0,0,0,67301,1,0,0,N,1,0,0,2,67301,1,,1,1,,N,N,,0,,0,0,0,3,2,,1846,1,2,0,0,0,0,0,3,4,0,1,3,,N,,,,,,,,,,,
2009027342,1555.0,0,0,0,0,0,0,0,0,0,1,1,,67,2,2009,5,40.0444,-75.0027,1535.0,6,0,0,0,0,0,1,0,0,,0,1,0,15,1,1,0,,0,40 02:48.767,,2,75 00:04.926,8,0,0,0,67301,0,0,0,N,0,0,0,3,68K01,0,,1,1,,N,N,,0,,0,0,1,0,0,,1532,1,2,0,0,1,1,0,3,4,0,2,3,,N,,,,,,,,,,,
2009030165,2335.0,1,0,0,0,0,0,0,0,0,5,0,,67,1,2009,6,39.986,-75.2142,2330.0,6,0,0,0,0,0,1,0,0,,0,0,0,23,3,1,3,,0,39 59:09.693,,0,75 12:51.191,8,0,0,0,67301,0,0,0,,0,0,0,3,67301,0,,1,1,,,,,0,,0,0,0,0,0,,2328,1,2,0,0,0,1,0,3,4,0,2,3,,N,,,,,,,,,,,
2009030170,31.0,1,0,0,0,0,0,0,0,0,5,0,,67,1,2009,5,40.0802,-75.0519,27.0,6,0,0,0,0,0,0,0,0,1.0,0,0,0,0,2,2,0,,1,40 04:48.726,2.0,0,75 03:07.018,4,0,0,0,67301,0,0,0,N,0,0,0,5,67301,2,,1,2,,N,N,,1,,0,0,0,0,0,Y,25,2,2,0,0,0,0,0,3,4,0,2,98,,N,,,,,,,,,,,
2009032916,1631.0,0,0,0,0,0,0,0,0,0,4,0,,67,2,2009,4,39.9402,-75.1678,1517.0,6,0,0,0,0,0,0,0,0,,0,0,0,99,1,1,0,,0,39 56:24.808,,0,75 10:04.078,4,0,0,1,67301,0,0,0,N,0,0,0,2,67301,1,,1,1,,N,N,,0,,0,0,1,3,2,,9999,1,2,0,0,0,0,1,3,4,0,2,3,,N,,,,,,,,,,,
2009030469,343.0,0,0,0,0,0,0,0,0,0,7,0,,67,1,2009,4,40.0359,-75.1498,341.0,6,0,0,0,0,0,1,0,0,,0,0,0,99,3,0,0,,0,40 02:09.207,,0,75 08:59.128,0,0,0,0,67301,0,0,0,N,0,0,0,1,67301,0,,5,7,,N,N,,0,,0,0,1,3,2,,9999,0,1,0,0,0,0,0,3,4,0,1,9,,N,,,,,,,,,,,
2009035782,352.0,1,0,0,0,0,0,0,0,0,7,0,,67,3,2009,5,39.9837,-75.0972,343.0,6,0,0,0,0,0,0,0,0,1.0,0,0,0,3,3,0,0,,1,39 59:01.482,1.0,0,75 05:49.291,0,0,0,0,67301,0,0,0,N,0,0,0,1,68K01,0,,3,1,,N,N,,0,,0,0,0,0,0,N,340,0,1,0,0,0,0,0,3,4,0,1,3,,N,,,,,,,,,,,
2009025424,1003.0,1,0,0,0,0,0,0,0,0,7,0,,67,1,2009,5,40.0963,-75.0053,959.0,6,0,0,0,0,0,0,0,0,,0,0,0,9,1,1,10,,0,40 05:46.795,,0,75 00:18.943,4,0,0,0,67301,0,0,0,,0,0,0,1,67301,1,,5,9,,,,,0,,0,0,0,0,0,,958,1,1,0,0,0,0,0,3,4,0,1,3,,N,,,,,,,,,,,
2009028063,1810.0,1,0,0,0,0,0,1,0,0,5,1,,67,1,2009,4,40.1015,-75.0057,1808.0,6,0,0,0,0,0,1,1,0,9.0,0,0,0,18,3,3,0,,1,40 06:05.619,1.0,7,75 00:20.598,8,0,0,0,67301,0,0,0,N,0,0,0,10,67301,0,,1,1,,N,N,,0,,0,0,0,3,2,N,1807,3,2,0,0,0,3,0,3,4,0,2,3,,N,,,,,,,,,,,
2009096770,1721.0,1,0,0,0,0,0,0,0,0,9,0,,67,8,2009,2,39.8977,-75.1865,718.0,6,0,0,0,0,0,0,1,0,1.0,0,0,0,17,1,0,0,,2,39 53:54.240,2.0,0,75 10:57.720,0,0,0,0,67301,0,0,0,N,0,0,0,1,68K01,0,,2,1,,N,N,,0,,0,0,0,0,0,N,1710,0,1,0,0,0,0,0,3,4,0,1,3,,N,,,,,,,,,,,
2009133454,1326.0,1,0,0,0,0,0,0,0,0,1,1,,67,12,2009,3,39.9398,-75.1962,1324.0,6,0,0,0,0,0,0,0,0,,0,1,0,13,1,0,0,,0,39 56:30.186,,0,75 11:39.324,0,0,0,0,67301,0,0,0,N,0,0,0,2,68K01,0,,1,1,,N,N,,0,,0,0,0,0,0,,1319,0,2,0,0,0,0,0,3,4,0,2,3,,N,,,,,,,,,,,
2009125454,1514.0,2,0,0,0,0,0,0,0,0,4,0,,67,11,2009,5,40.0211,-75.1399,1446.0,6,0,0,0,0,0,0,0,0,2.0,0,0,0,14,1,4,1,,1,40 01:15.937,3.0,0,75 08:23.758,4,0,0,0,67301,0,0,0,,0,0,0,4,67301,4,,1,9,,,,,0,,0,0,0,3,2,N,1440,4,2,0,0,0,0,0,3,4,0,2,7,,N,,,,,,,,,,,
2009111776,1645.0,1,0,0,0,0,0,0,0,0,8,0,,67,10,2009,6,39.9992,-75.0752,1640.0,6,0,0,0,0,0,0,0,0,,0,0,0,16,1,1,2,,0,39 59:57.210,,0,75 04:30.773,4,0,0,0,67301,1,0,0,N,1,0,0,2,67301,1,,1,1,,N,N,,0,,0,0,0,0,0,,1630,1,2,0,0,0,0,0,3,4,0,1,3,,N,,,,,,,,,,,
2009111796,310.0,1,0,0,0,0,0,0,0,0,1,0,,67,10,2009,7,39.9503,-75.1473,303.0,6,0,0,0,0,0,1,0,0,,0,0,0,2,3,2,1,,0,39 57:01.358,,0,75 08:49.932,4,0,0,0,67301,0,0,0,,0,0,0,4,67301,2,,1,1,,,,,0,,0,0,1,3,2,,250,2,2,0,0,0,0,0,3,4,0,2,3,,N,,,,,,,,,,,
2009122733,730.0,1,0,0,0,0,0,0,0,0,7,0,,67,11,2009,6,39.9745,-75.1943,722.0,6,0,0,0,0,0,0,0,0,,0,0,0,7,1,1,0,,0,39 58:31.689,,0,75 11:41.297,3,0,0,0,67301,0,0,0,N,0,0,0,1,68K01,0,,2,1,,N,N,,0,,1,0,0,0,0,,720,1,1,0,0,0,0,0,3,4,0,1,3,,N,,,,,,,,,,,
2009125269,811.0,1,0,0,0,0,0,0,0,0,8,0,,67,11,2009,4,40.0531,-75.1499,810.0,6,0,0,0,0,0,0,0,0,,0,0,0,8,1,1,1,,0,40 03:11.181,,0,75 08:59.701,8,0,0,0,67301,1,0,0,N,1,0,0,2,67301,0,,1,9,,N,Y,,0,,0,0,0,3,2,,806,1,2,0,0,0,1,0,3,4,0,1,7,,N,,,,,,,,,,,
2009120259,1713.0,1,0,0,0,0,0,0,0,0,4,0,,67,10,2009,4,40.0641,-75.2396,1710.0,6,0,0,0,0,0,0,0,1,,0,0,0,17,1,1,1,,0,40 03:53.227,,0,75 14:23.084,8,0,0,0,67301,0,0,0,,0,0,0,3,67301,0,,1,98,,,,,0,,0,0,1,3,2,,1700,1,2,0,0,3,1,0,3,4,0,2,98,,N,,,,,,,,,,,
2009130606,1550.0,2,0,0,0,0,0,0,0,0,1,0,,67,12,2009,2,39.9687,-75.1286,1550.0,6,0,0,0,0,0,0,0,0,1.0,0,0,0,15,1,1,0,,1,39 58:06.960,2.0,0,75 07:44.040,4,0,0,0,67301,0,0,0,N,0,0,0,5,68K01,1,,1,1,,N,N,,0,,0,0,1,0,0,N,1545,1,3,0,0,0,0,0,3,4,0,3,3,,N,,,,,,,,,,,
2009036635,309.0,0,0,0,0,0,0,0,0,0,7,0,,67,2,2009,5,39.9213,-75.1461,308.0,6,0,0,0,0,0,0,0,0,,1,0,0,3,3,0,0,,0,39 55:16.578,,0,75 08:46.063,1,1,0,1,67301,0,0,0,,0,0,0,1,67301,0,2.0,4,1,,N,N,,0,0.0,0,0,0,0,0,,300,0,1,0,0,0,0,0,3,4,0,1,3,,N,,,,,,,,,,,
2009047521,1639.0,2,0,0,0,0,0,0,0,0,1,0,,67,4,2009,2,39.9836,-75.0978,1631.0,6,0,1,0,0,1,0,0,0,1.0,0,0,0,16,1,0,0,,2,39 59:00.712,2.0,0,75 05:52.496,0,0,0,0,67301,0,0,0,N,0,0,0,5,68K01,0,,1,1,,N,N,,0,,0,0,0,0,0,N,1627,0,3,0,0,0,0,0,3,4,1,3,3,,N,,,,,,,,,,,
2009039231,1500.0,0,0,0,0,0,0,0,0,0,6,0,,67,1,2009,4,40.039,-75.2408,1450.0,6,0,0,0,0,0,0,0,0,,0,0,0,14,1,1,0,,0,40 02:20.356,,0,75 14:26.905,4,0,0,0,67301,0,0,0,N,0,0,0,1,67301,1,,6,2,,N,N,,2,,0,0,0,0,0,,1445,1,2,0,0,0,0,0,3,4,0,2,3,,N,,,,,,,,,,,
2009044396,605.0,1,0,0,0,0,0,0,0,0,5,0,,67,3,2009,7,39.9997,-75.1748,600.0,6,0,1,0,0,0,0,0,0,,0,0,0,5,3,0,0,,0,39 59:59.008,,0,75 10:29.364,0,0,0,0,67301,0,0,0,N,0,0,0,1,67301,0,,4,1,,N,N,,0,,0,0,1,0,0,,550,0,2,0,0,0,0,0,3,4,0,2,3,,N,,,,,,,,,,,