CRN,ARRIVAL_TM,AUTOMOBILE_COUNT,BELTED_DEATH_COUNT,BELTED_SUSP_SERIOUS_INJ_COUNT,BICYCLE_COUNT,BICYCLE_DEATH_COUNT,BICYCLE_SUSP_SERIOUS_INJ_COUNT,BUS_COUNT,CHLDPAS_DEATH_COUNT,CHLDPAS_SUSP_SERIOUS_INJ_COUNT,COLLISION_TYPE,COMM_VEH_COUNT,CONS_ZONE_SPD_LIM,COUNTY,CRASH_MONTH,CRASH_YEAR,DAY_OF_WEEK,DEC_LAT,DEC_LONG,DISPATCH_TM,DISTRICT,DRIVER_COUNT_16YR,DRIVER_COUNT_17YR,DRIVER_COUNT_18YR,DRIVER_COUNT_19YR,DRIVER_COUNT_20YR,DRIVER_COUNT_50_64YR,DRIVER_COUNT_65_74YR,DRIVER_COUNT_75PLUS,EST_HRS_CLOSED,FATAL_COUNT,HEAVY_TRUCK_COUNT,HORSE_BUGGY_COUNT,HOUR_OF_DAY,ILLUMINATION,INJURY_COUNT,INTERSECT_TYPE,INTERSECTION_RELATED,LANE_CLOSED,LATITUDE,LN_CLOSE_DIR,LOCATION_TYPE,LONGITUDE,MAX_SEVERITY_LEVEL,MCYCLE_DEATH_COUNT,MCYCLE_SUSP_SERIOUS_INJ_COUNT,MOTORCYCLE_COUNT,MUNICIPALITY,NONMOTR_COUNT,NONMOTR_DEATH_COUNT,NONMOTR_SUSP_SERIOUS_INJ_COUNT,NTFY_HIWY_MAINT,PED_COUNT,PED_DEATH_COUNT,PED_SUSP_SERIOUS_INJ_COUNT,PERSON_COUNT,POLICE_AGCY,POSSIBLE_INJ_COUNT,RDWY_SURF_TYPE_CD,RELATION_TO_ROAD,ROAD_CONDITION,ROADWAY_CLEARED,SCH_BUS_IND,SCH_ZONE_IND,SECONDARY_CRASH,SMALL_TRUCK_COUNT,SPEC_JURIS_CD,SUSP_MINOR_INJ_COUNT,SUSP_SERIOUS_INJ_COUNT,SUV_COUNT,TCD_FUNC_CD,TCD_TYPE,TFC_DETOUR_IND,TIME_OF_DAY,TOT_INJ_COUNT,TOTAL_UNITS,UNB_DEATH_COUNT,UNB_SUSP_SERIOUS_INJ_COUNT,UNBELTED_OCC_COUNT,UNK_INJ_DEG_COUNT,UNK_INJ_PER_COUNT,URBAN_AREA,URBAN_RURAL,VAN_COUNT,VEHICLE_COUNT,WEATHER1,WEATHER2,WORK_ZONE_IND,WORK_ZONE_LOC,WORK_ZONE_TYPE,WORKERS_PRES,WZ_CLOSE_DETOUR,WZ_FLAGGER,WZ_LAW_OFFCR_IND,WZ_LN_CLOSURE,WZ_MOVING,WZ_OTHER,WZ_SHLDER_MDN,WZ_WORKERS_INJ_KILLED
2009037489,1011.0,2,0,0,0,0,0,0,0,0,4,0,,67,3,2009,7,39.9636,-75.2404,1011.0,6,0,0,0,0,0,1,0,0,,0,0,0,10,1,1,1,,0,39 57:48.780,,0,75 14:25.609,4,0,0,0,67301,0,0,0,N,0,0,0,2,67301,1,,1,1,,N,N,,0,,0,0,0,3,3,,1004,1,2,0,0,0,0,0,3,4,0,2,3,,N,,,,,,,,,,,
2009037405,145.0,2,0,0,0,0,0,0,0,0,4,0,,67,2,2009,7,39.9792,-75.1375,135.0,6,0,0,0,0,0,0,0,0,,0,0,0,1,3,1,1,,0,39 58:44.958,,0,75 08:14.888,4,0,0,0,67301,0,0,0,N,0,0,0,3,67301,1,,1,1,,N,N,,0,,0,0,0,3,2,,115,1,2,0,0,0,0,0,3,4,0,2,3,,N,,,,,,,,,,,
2009037408,1525.0,1,0,0,0,0,0,0,0,0,8,0,,67,2,2009,6,39.985,-75.1647,1520.0,6,0,0,0,0,0,1,0,0,,0,0,0,15,1,1,0,,0,39 59:05.870,,0,75 09:52.855,2,0,0,0,67301,1,0,1,N,1,0,1,2,67301,0,,1,1,,N,N,,0,,0,1,0,0,0,,1520,1,2,0,0,0,0,0,3,4,0,1,3,,N,,,,,,,,,,,
2009037094,2340.0,3,0,0,0,0,0,0,0,0,6,0,,67,3,2009,6,39.9962,-75.1757,2335.0,6,0,0,0,0,0,0,0,0,,0,0,0,23,3,3,1,,0,39 59:46.341,,0,75 10:32.343,4,0,0,0,67301,0,0,0,,0,0,0,3,67301,3,,1,1,,N,N,,0,,0,0,1,3,3,,2330,3,4,0,0,0,0,0,3,4,0,4,3,,N,,,,,,,,,,,
2009039105,1515.0,2,0,0,0,0,0,0,0,0,1,0,,67,2,2009,4,40.0553,-75.0733,1510.0,6,0,0,0,1,0,1,0,0,,0,0,0,99,1,0,2,,0,40 03:19.147,,0,75 04:24.059,0,0,0,0,67301,0,0,0,N,0,0,0,3,67301,0,,1,9,,N,N,,0,,0,0,0,9,3,,9999,0,3,0,0,0,0,0,3,4,1,3,7,,N,,,,,,,,,,,
2009037363,1704.0,1,0,0,0,0,0,0,0,0,1,0,,67,2,2009,5,39.9924,-75.0926,1702.0,6,0,0,0,0,0,0,0,0,,0,1,0,17,1,2,2,,0,39 59:32.724,,0,75 05:33.292,8,0,0,0,67301,0,0,0,,0,0,0,3,67301,0,,1,1,,,,,0,,0,0,0,0,0,,1700,2,2,0,0,1,2,0,3,4,0,2,3,,N,,,,,,,,,,,
2009037456,1915.0,1,0,0,0,0,0,0,0,0,1,0,,67,2,2009,6,40.019,-75.1171,1911.0,6,0,0,0,0,0,0,0,0,,0,0,0,18,3,1,1,,0,40 01:08.482,,0,75 07:01.739,4,0,0,0,67301,0,0,0,N,0,0,0,2,67301,1,,1,9,,N,N,,0,,0,0,0,0,0,,1845,1,2,0,0,0,0,1,3,4,1,2,7,,N,,,,,,,,,,,
2009037457,1330.0,1,0,0,0,0,0,0,0,0,4,0,,67,2,2009,7,39.9536,-75.1732,1325.0,6,0,0,0,0,0,0,0,1,,0,0,0,13,1,1,1,,0,39 57:12.840,,0,75 10:23.682,8,0,0,0,67301,0,0,0,,0,0,0,3,67301,0,,5,1,,N,N,,0,,0,0,1,3,2,,1315,1,3,0,0,0,1,0,3,4,1,3,3,,N,,,,,,,,,,,
2009039244,1140.0,1,0,0,0,0,0,0,0,0,4,0,,67,2,2009,7,40.0672,-75.1553,1140.0,6,0,0,0,0,0,1,0,0,,0,0,0,11,1,1,1,,0,40 04:01.758,,0,75 09:18.921,4,0,0,0,67301,0,0,0,N,0,0,0,3,67301,1,,1,1,,N,N,,0,,0,0,1,3,3,,1110,1,2,0,0,0,0,0,3,4,0,2,3,,N,,,,,,,,,,,
2009039268,734.0,1,0,0,0,0,0,0,0,0,2,0,,67,2,2009,6,39.956,-75.2176,732.0,6,0,0,0,0,0,0,0,0,1.0,0,0,0,6,1,2,1,,2,39 57:21.550,4.0,0,75 13:03.370,4,0,0,0,67301,0,0,0,N,0,0,0,2,67301,2,,1,2,,N,N,,0,,0,0,1,3,2,N,646,2,2,0,0,0,0,0,3,4,0,2,10,,N,,,,,,,,,,,
2009039283,800.0,0,0,0,0,0,0,1,0,0,4,1,,67,2,2009,5,40.026,-75.0842,750.0,6,0,0,0,0,1,1,0,0,1.0,0,0,0,7,1,1,1,,1,40 01:33.556,1.0,0,75 05:03.191,4,0,0,0,67301,0,0,0,,0,0,0,3,67301,1,,1,1,,Y,,,0,,0,0,1,3,3,N,747,1,2,0,0,0,0,1,3,4,0,2,3,,N,,,,,,,,,,,
2009039284,850.0,1,0,0,0,0,0,0,0,0,8,0,,67,2,2009,2,40.0534,-75.0751,845.0,6,0,0,0,0,0,0,0,0,,0,0,0,99,1,1,1,,0,40 03:12.186,,0,75 04:30.284,8,0,0,0,67301,1,0,0,,1,0,0,2,67301,0,,1,1,,,,,0,,0,0,0,3,2,,9999,1,2,0,0,0,1,1,3,4,0,1,3,,N,,,,,,,,,,,
2009034957,825.0,2,0,0,0,0,0,0,0,0,1,0,,67,2,2009,6,39.9797,-75.1062,821.0,6,0,0,0,0,0,0,0,0,1.0,0,0,0,8,1,0,0,,2,39 58:47.389,1.0,0,75 06:22.149,0,0,0,0,67301,0,0,0,N,0,0,0,2,68K01,0,,1,1,,N,N,,0,,0,0,0,3,8,N,818,0,2,0,0,0,0,0,3,4,0,2,3,,N,,,,,,,,,,,
2009049641,1340.0,1,0,0,1,0,0,0,0,0,2,0,,67,3,2009,5,40.0392,-75.1917,1337.0,6,0,0,0,0,0,0,0,0,9.0,0,0,0,13,1,0,0,,1,40 02:21.060,4.0,0,75 11:30.221,0,0,0,0,67301,1,0,0,N,0,0,0,3,67301,0,,1,9,,N,N,,1,,0,0,0,3,2,N,1336,0,3,0,0,1,0,0,3,4,0,2,7,,N,,,,,,,,,,,
2009049646,1346.0,2,0,0,0,0,0,0,0,0,1,0,,67,3,2009,2,40.0414,-75.0282,1345.0,6,0,0,0,0,0,0,0,0,,0,0,0,13,1,1,0,,0,40 02:29.034,,0,75 01:41.371,4,0,0,0,67301,0,0,0,N,0,0,0,4,67301,1,,1,1,,N,N,,1,,0,0,0,0,0,,1342,1,3,0,0,0,0,0,3,4,0,3,3,,N,,,,,,,,,,,
2009049654,1208.0,1,0,0,0,0,0,0,0,0,4,0,,67,4,2009,4,39.9213,-75.146,1205.0,6,0,0,0,0,0,1,0,0,,0,0,0,12,1,2,1,,0,39 55:16.749,,0,75 08:45.759,4,0,0,0,67301,0,0,0,N,0,0,0,2,67301,2,,1,9,,N,N,,0,,0,0,1,3,3,,1200,2,2,0,0,0,0,0,3,4,0,2,7,,N,,,,,,,,,,,
2009036977,1317.0,1,0,0,0,0,0,0,0,0,8,0,,67,3,2009,3,40.0092,-75.1511,9999.0,6,0,0,0,0,0,1,0,0,,0,0,0,13,1,1,1,,0,40 00:33.325,,0,75 09:04.460,4,0,0,0,67301,1,0,0,,1,0,0,4,67301,1,,2,1,,N,N,,0,,0,0,0,3,2,,1315,1,2,0,0,0,0,0,3,4,0,1,3,,N,,,,,,,,,,,
2009126992,410.0,1,0,0,0,0,0,0,0,0,7,0,,67,10,2009,1,39.9183,-75.2469,400.0,6,0,0,0,0,0,1,0,0,,0,0,0,3,3,1,0,,0,39 55:05.765,,0,75 14:48.852,8,0,0,0,67301,0,0,0,,0,0,0,1,67301,0,,5,9,,N,N,,0,,0,0,0,0,0,,355,1,1,0,0,0,1,0,3,4,0,1,7,,N,,,,,,,,,,,
2009096964,8.0,0,0,0,0,0,0,0,0,0,7,0,,67,8,2009,5,,,8.0,6,0,0,0,0,0,0,0,0,3.0,0,0,0,0,3,0,0,,1,,3.0,2,,0,0,0,0,67301,0,0,0,N,0,0,0,1,67501,0,,4,1,,N,N,,0,,0,0,1,0,0,N,8,0,1,0,0,0,0,0,3,3,0,1,3,,N,,,,,,,,,,,
2009094271,2139.0,1,0,0,0,0,0,0,0,0,1,0,,67,8,2009,7,40.0288,-75.1076,2128.0,6,0,0,0,0,0,0,0,0,1.0,0,0,0,21,3,4,0,,1,40 01:43.797,2.0,0,75 06:27.313,4,0,0,0,67301,0,0,0,,0,0,0,5,67301,4,,1,9,,N,N,,0,,0,0,1,0,0,N,2125,4,2,0,0,0,0,0,3,4,0,2,7,,N,,,,,,,,,,,
2009124400,1535.0,2,0,0,0,0,0,0,0,0,4,0,,67,11,2009,7,39.9542,-75.1395,1529.0,6,0,0,0,0,0,1,1,0,,0,0,0,14,1,2,1,,0,39 57:14.500,,2,75 08:22.454,4,0,0,0,67301,0,0,0,N,0,0,0,5,67301,1,,1,1,,N,N,,0,,0,0,0,0,0,,1410,2,2,0,0,0,1,0,3,4,0,2,3,,N,,,,,,,,,,,
2009025445,938.0,1,0,0,0,0,0,0,0,0,4,0,,67,1,2009,6,39.9388,-75.1747,936.0,6,0,0,0,0,0,2,0,0,,0,0,0,9,1,1,1,,0,39 56:19.856,,0,75 10:29.074,8,0,0,0,67301,0,0,0,N,0,0,0,2,67301,0,,1,1,,N,N,,0,,0,0,0,3,2,,930,1,2,0,0,0,1,0,3,4,1,2,3,,N,,,,,,,,,,,
2009025822,2119.0,2,0,0,0,0,0,0,0,0,2,0,,67,1,2009,3,40.0146,-75.132,2118.0,6,0,0,0,0,0,0,0,0,9.0,0,0,0,21,3,2,0,,1,40 00:52.673,4.0,0,75 07:55.262,4,0,0,0,67301,0,0,0,,0,0,0,4,67301,1,,1,2,,,,,0,,0,0,0,0,0,N,2116,2,2,0,0,0,1,0,3,4,0,2,3,,N,,,,,,,,,,,
2009027571,26.0,0,0,0,0,0,0,0,0,0,7,0,,67,2,2009,4,39.8992,-75.175,23.0,6,0,0,0,0,0,0,0,0,1.0,0,0,0,0,3,0,0,,1,39 53:55.824,2.0,0,75 10:16.730,0,0,0,0,67301,0,0,0,N,0,0,0,1,68K01,0,,2,7,,N,N,,0,,0,0,1,0,0,N,16,0,1,0,0,0,0,0,3,4,0,1,10,,N,,,,,,,,,,,
2009030756,55.0,1,0,0,0,0,0,0,0,0,4,0,,67,2,2009,1,39.9446,-75.1735,50.0,6,0,0,0,0,0,0,0,0,9.0,0,0,0,0,3,1,1,,1,39 56:40.686,3.0,0,75 10:24.538,4,0,0,0,67301,0,0,0,,0,0,0,3,67301,1,,1,9,,N,N,,0,,0,0,0,3,2,N,45,1,2,0,0,1,0,0,3,4,1,2,98,,N,,,,,,,,,,,
2009030801,1725.0,0,0,0,0,0,0,0,0,0,5,0,,67,1,2009,7,40.0263,-75.1253,1720.0,6,0,0,0,0,0,0,0,0,,0,0,0,16,1,2,1,,0,40 01:34.665,,0,75 07:30.964,8,0,0,0,67301,0,0,0,N,0,0,0,5,67301,0,,1,1,,N,N,,0,,0,0,0,0,0,,1655,2,2,0,0,0,2,0,3,4,2,2,3,,N,,,,,,,,,,,
2009025606,1531.0,1,0,0,0,0,0,0,0,0,1,0,,67,1,2009,5,40.0988,-75.02,1526.0,6,0,0,0,0,0,1,0,0,,0,0,0,15,1,2,0,,0,40 05:55.503,,0,75 01:12.108,4,0,0,0,67301,0,0,0,,0,0,0,3,67301,2,,1,1,,N,N,,2,,0,0,0,0,0,,1526,2,3,0,0,3,0,0,3,4,0,3,3,,N,,,,,,,,,,,
2009028395,2144.0,1,0,0,0,0,0,0,0,0,1,0,,67,2,2009,3,40.0077,-75.0722,2129.0,6,0,0,0,1,0,1,0,0,1.0,0,0,0,21,3,0,0,,2,40 00:27.360,2.0,0,75 04:20.280,0,0,0,0,67301,0,0,0,N,0,0,0,2,68K01,0,,1,1,,N,N,,0,,0,0,0,0,0,N,2104,0,2,0,0,1,0,0,3,4,1,2,3,,N,,,,,,,,,,,
2009025921,1630.0,2,0,0,0,0,0,0,0,0,1,0,,67,1,2009,5,40.0094,-75.1521,1613.0,6,0,0,0,1,0,0,0,0,,0,0,0,16,1,1,2,,0,40 00:33.664,,0,75 09:07.112,4,0,0,0,67301,0,0,0,N,0,0,0,4,67301,1,,1,1,,N,N,,0,,0,0,0,0,0,,1613,1,2,0,0,0,0,0,3,4,0,2,3,,N,,,,,,,,,,,
2009027333,403.0,2,1,0,0,0,0,0,0,0,2,0,,67,2,2009,7,39.9283,-75.1964,357.0,6,0,0,0,0,0,1,0,0,3.0,1,0,0,3,2,2,0,,2,39 55:42.410,3.0,0,75 11:47.515,1,0,0,0,67301,0,0,0,N,0,0,0,3,68K01,1,2.0,1,1,,N,N,,0,0.0,0,1,0,0,0,Y,351,2,2,0,0,0,0,0,3,4,0,2,3,,N,,,,,,,,,,,
2009035251,1740.0,0,0,0,0,0,0,0,0,0,1,1,,67,3,2009,4,39.9579,-75.1621,1730.0,6,0,0,0,0,0,0,0,0,1.0,0,1,0,17,1,1,0,,1,39 57:28.464,4.0,0,75 09:43.605,4,0,0,0,67301,0,0,0,N,0,0,0,2,68K01,1,,1,1,,N,N,,0,,0,0,1,0,0,N,1727,1,2,0,0,0,0,0,3,4,0,2,3,,N,,,,,,,,,,,
2009032868,1658.0,2,0,0,0,0,0,0,0,0,4,0,,67,1,2009,6,40.0202,-75.1505,1648.0,6,0,0,0,0,0,0,0,0,,0,0,0,16,1,1,2,,0,40 01:12.586,,0,75 09:01.958,8,0,0,0,67301,0,0,0,,0,0,0,2,67301,0,,1,2,,,,,0,,0,0,0,3,2,,1648,1,2,0,0,0,1,0,3,4,0,2,3,,N,,,,,,,,,,,
2009025276,1655.0,0,0,0,0,0,0,0,0,0,8,0,,67,1,2009,7,39.9892,-75.1616,1641.0,6,0,0,0,0,0,0,0,0,,0,0,0,16,1,1,0,,0,39 59:20.972,,0,75 09:41.709,4,0,0,0,67301,1,0,0,N,1,0,0,2,67301,1,,1,1,,N,N,,0,,0,0,1,0,0,,1638,1,2,0,0,0,0,0,3,4,0,1,3,,N,,,,,,,,,,,
2009025436,1513.0,1,0,0,0,0,0,0,0,0,4,0,,67,1,2009,2,39.9336,-75.2395,1509.0,6,0,0,0,0,0,0,1,0,,0,0,0,15,1,4,0,,0,39 56:00.771,,0,75 14:22.250,8,0,0,0,67301,0,0,0,,0,0,0,4,67301,0,,1,2,,,,,0,,0,0,1,0,0,,1500,4,2,0,0,0,4,0,3,4,0,2,3,,N,,,,,,,,,,,
2009125435,941.0,1,0,0,0,0,0,0,0,0,8,0,,67,11,2009,6,39.9439,-75.1672,940.0,6,0,0,0,0,0,0,0,0,,0,0,0,9,1,1,1,,0,39 56:37.906,,0,75 10:01.891,3,0,0,0,67301,1,0,0,,1,0,0,2,67301,0,,1,1,,N,N,,0,,1,0,0,2,2,,937,1,2,0,0,0,0,0,3,4,0,1,98,,N,,,,,,,,,,,
2009125465,1801.0,1,0,0,0,0,0,0,0,0,8,0,,67,11,2009,3,40.0085,-75.1047,1755.0,6,0,0,0,0,0,1,0,0,,0,0,0,17,3,1,0,,0,40 00:30.448,,0,75 06:17.053,4,0,0,0,67301,1,0,0,N,1,0,0,2,67301,1,,1,1,,N,N,,0,,0,0,0,0,0,,1732,1,2,0,0,0,0,0,3,4,0,1,3,,N,,,,,,,,,,,
2009112089,2152.0,2,0,0,0,0,0,0,0,0,1,0,,67,10,2009,4,40.0578,-75.0414,2146.0,6,0,0,0,0,0,0,0,0,,0,0,0,18,3,1,1,,0,40 03:27.901,,0,75 02:30.078,4,0,0,0,67301,0,0,0,N,0,0,0,2,67301,1,,1,1,,N,N,,0,,0,0,0,3,2,,1850,1,2,0,0,0,0,0,3,4,0,2,3,,N,,,,,,,,,,,
2009101365,1034.0,1,0,0,0,0,0,0,0,0,1,0,,67,10,2009,1,,,1032.0,6,0,0,0,0,0,0,0,0,,0,0,0,10,1,1,0,,0,,,3,,8,0,0,0,67301,0,0,0,N,0,0,0,4,67501,0,,1,1,,N,N,,0,,0,0,2,3,8,,1025,1,3,0,0,0,1,0,3,3,0,3,3,,N,,,,,,,,,,,
2009111770,1615.0,3,0,0,0,0,0,0,0,0,6,0,,67,10,2009,3,40.0948,-75.0153,1608.0,6,0,0,0,0,0,0,0,0,,0,0,0,16,1,0,1,,0,40 05:41.218,,0,75 00:55.140,9,0,0,0,67301,0,0,0,N,0,0,0,8,67301,0,,1,1,,N,N,,1,,0,0,0,3,2,,1608,0,4,0,0,0,0,2,3,4,0,4,3,,N,,,,,,,,,,,
2009111792,2215.0,3,0,0,0,0,0,0,0,0,8,0,,67,9,2009,2,39.9218,-75.1703,2210.0,6,0,0,0,0,0,0,0,0,,0,0,0,99,3,2,0,,0,39 55:18.727,,0,75 10:13.047,4,0,0,0,67301,1,0,0,,1,0,0,2,67301,1,,1,1,,N,N,,0,,0,0,1,3,2,,9999,2,5,0,0,0,1,0,3,4,0,4,3,,N,,,,,,,,,,,
2009125161,520.0,0,0,0,0,0,0,0,0,0,7,0,,67,11,2009,7,39.9956,-75.1675,517.0,6,0,0,0,0,0,0,0,0,,0,0,0,5,3,0,1,,0,39 59:44.213,,0,75 10:03.144,0,0,0,0,67301,0,0,0,,0,0,0,1,67301,0,,5,1,,N,,,0,,0,0,0,3,2,,510,0,1,0,0,0,0,0,3,4,1,1,3,,N,,,,,,,,,,,
2009102017,1036.0,1,0,0,0,0,0,0,0,0,0,0,,67,10,2009,4,39.9803,-75.269,1033.0,6,0,0,0,0,0,0,0,0,,0,0,0,10,1,0,0,,0,39 58:49.232,,0,75 16:08.349,0,0,0,0,67301,0,0,0,N,0,0,0,1,46104,0,,1,1,,N,N,,0,,0,0,0,0,0,,1033,0,1,0,0,0,0,0,3,4,0,1,3,,N,,,,,,,,,,,
2009111889,2352.0,2,0,0,0,0,0,0,0,0,4,0,,67,10,2009,5,40.0431,-75.0738,2350.0,6,0,0,1,0,0,0,0,0,9.0,0,0,0,21,3,3,1,,1,40 02:35.410,2.0,0,75 04:25.905,4,0,0,0,67301,0,0,0,,0,0,0,3,67301,3,,1,1,,,,,0,,0,0,0,3,2,N,2117,3,2,0,0,0,0,0,3,4,0,2,3,,N,,,,,,,,,,,
2009026818,230.0,2,0,0,0,0,0,0,0,0,5,0,,67,1,2009,2,39.987,-75.1377,215.0,6,0,0,0,0,0,0,0,0,,0,0,0,2,6,0,0,,0,39 59:13.372,,0,75 08:15.565,0,0,0,0,67301,1,0,0,N,0,0,0,2,67301,0,,2,1,,N,N,,0,,0,0,0,0,0,,210,0,2,0,0,1,0,0,3,4,0,2,3,,N,,,,,,,,,,,
2009044859,2350.0,2,0,0,0,0,0,0,0,0,4,0,,67,3,2009,3,40.0201,-75.1488,2324.0,6,0,0,0,0,0,0,0,0,,0,0,0,23,3,1,1,,0,40 01:12.184,,0,75 08:55.616,4,0,0,0,67301,0,0,0,,0,0,0,2,67301,1,,1,1,,N,N,,0,,0,0,0,3,2,,2324,1,2,0,0,0,0,0,3,4,0,2,3,,N,,,,,,,,,,,
2009044860,845.0,0,0,0,0,0,0,0,0,0,8,0,,67,3,2009,2,39.9172,-75.2463,836.0,6,0,0,0,0,0,0,0,0,,0,0,0,8,1,1,1,,0,39 55:01.859,,0,75 14:46.691,3,0,0,0,67301,1,0,0,N,1,0,0,2,67301,0,,1,1,,N,N,,0,,1,0,1,3,2,,815,1,2,0,0,0,0,0,3,4,0,1,3,,N,,,,,,,,,,,
2009039678,219.0,2,0,0,0,0,0,0,0,0,4,0,,67,2,2009,1,39.9609,-75.145,218.0,6,0,0,0,0,0,0,0,0,1.0,0,0,0,0,3,2,1,,2,39 57:39.402,3.0,0,75 08:41.744,4,0,0,0,67301,0,0,0,,0,0,0,4,67301,2,,1,1,,N,N,,0,,0,0,0,3,2,Y,2,2,2,0,0,0,0,0,3,4,0,2,3,,N,,,,,,,,,,,
2009029755,755.0,2,0,0,0,0,0,0,0,0,2,1,,67,2,2009,3,40.0484,-75.0612,748.0,6,0,0,0,0,0,3,0,0,,0,1,0,7,1,1,0,,0,40 02:54.240,,0,75 03:40.320,4,0,0,0,67301,0,0,0,N,0,0,0,4,67301,1,,1,9,,N,N,,0,,0,0,0,0,0,,745,1,3,0,0,0,0,0,3,4,0,3,10,,N,,,,,,,,,,,
2009029771,2324.0,2,0,0,0,0,0,0,0,0,4,0,,67,1,2009,5,40.1254,-75.0224,2320.0,6,0,0,0,0,0,0,0,0,,0,0,0,23,3,1,0,,0,40 07:31.576,,0,75 01:20.798,4,0,0,0,67301,0,0,0,,0,0,0,2,67301,1,,1,2,,N,N,,0,,0,0,0,0,0,,2310,1,2,0,0,0,0,0,3,4,0,2,3,,N,,,,,,,,,,,
2009039747,19.0,0,0,0,0,0,0,0,0,0,7,0,,67,2,2009,6,39.9512,-75.1536,15.0,6,0,0,0,0,0,0,0,0,,0,0,0,0,3,0,1,,0,39 57:04.181,,0,75 09:12.842,0,0,0,0,67301,0,0,0,N,0,0,0,2,67301,0,,3,1,,N,N,,0,,0,0,0,3,2,,9,0,1,0,0,0,0,0,3,4,1,1,3,,N,,,,,,,,,,,
2009039087,2025.0,2,0,0,0,0,0,0,0,0,4,0,,67,1,2009,4,40.0971,-75.0182,2020.0,6,0,0,0,1,0,0,0,0,4.0,0,0,0,20,2,2,1,,2,40 05:49.711,5.0,0,75 01:05.375,4,0,0,0,67301,0,0,0,,0,0,0,4,67301,2,,1,1,,,,,0,,0,0,2,3,2,Y,2015,2,4,0,0,0,0,0,3,4,0,4,3,,N,,,,,,,,,,,
2009039097,1535.0,0,0,0,0,0,0,0,0,0,1,0,,67,1,2009,7,40.0568,-75.236,1530.0,6,0,0,0,0,0,0,0,0,,0,0,0,15,1,1,1,,0,40 03:22.882,,0,75 14:09.500,8,0,0,0,67301,0,0,0,,0,0,0,2,67301,0,,1,1,,N,N,,0,,0,0,2,3,2,,1525,1,2,0,0,0,1,0,3,4,0,2,3,,N,,,,,,,,,,,
2009037372,1025.0,1,0,0,0,0,0,0,0,0,4,0,,67,3,2009,4,39.9973,-75.0894,1020.0,6,0,0,0,0,0,0,1,0,,0,0,0,99,1,0,1,,0,39 59:50.464,,0,75 05:22.304,0,0,0,0,67301,0,0,0,,0,0,0,3,67301,0,,1,1,,N,N,,2,,0,0,0,9,2,,9999,0,3,0,0,0,0,0,3,4,0,3,3,,N,,,,,,,,,,,
2009039258,1636.0,2,0,0,0,0,0,0,0,0,2,0,,67,2,2009,2,39.9879,-75.23,1632.0,6,0,0,0,0,0,0,0,1,,0,0,0,16,1,1,0,,0,39 59:16.450,,0,75 13:48.090,4,0,0,0,67301,0,0,0,,0,0,0,2,67301,1,,1,1,,N,N,,0,,0,0,0,0,0,,1624,1,2,0,0,0,0,1,3,4,0,2,3,,N,,,,,,,,,,,
2009049676,2034.0,0,0,0,0,0,0,0,0,0,8,0,,67,4,2009,7,40.0407,-75.0762,2032.0,6,0,0,0,0,0,0,0,0,,0,0,0,99,3,1,1,,0,40 02:26.384,,0,75 04:34.269,3,0,0,0,67301,1,0,0,,1,0,0,2,67301,0,,1,1,,,,,0,,1,0,0,3,2,,9999,1,2,0,0,0,0,0,3,4,1,1,3,,N,,,,,,,,,,,
2009034130,1935.0,3,0,0,0,0,0,0,0,0,4,0,,67,1,2009,7,39.9897,-75.2508,1932.0,6,0,0,1,0,0,2,0,0,1.0,0,0,0,19,3,1,1,,2,39 59:23.097,1.0,0,75 15:02.818,4,0,0,0,67301,0,0,0,N,0,0,0,7,67301,1,,1,9,,N,N,,1,,0,0,0,3,2,Y,1931,1,4,0,0,0,0,0,3,4,0,4,10,,N,,,,,,,,,,,
2009124455,615.0,1,0,0,0,0,0,0,0,0,5,0,,67,11,2009,2,39.9142,-75.1515,614.0,6,0,0,0,0,0,0,0,0,2.0,0,0,0,6,1,1,2,,2,39 54:51.422,4.0,7,75 09:04.522,4,0,0,0,67301,0,0,0,N,0,0,0,2,67301,1,,1,1,,N,N,,0,,0,0,0,0,0,N,610,1,2,0,0,0,0,0,3,4,1,2,3,,N,,,,,,,,,,,
2009097159,1842.0,2,0,0,0,0,0,0,0,0,4,0,,67,9,2009,4,40.0686,-74.9854,1834.0,6,0,0,0,0,0,0,0,0,,0,0,0,18,1,1,0,,0,40 04:07.082,,0,74 59:07.576,8,0,0,0,67301,0,0,0,N,0,0,0,1,67301,0,,1,1,,N,N,,0,,0,0,0,0,0,,1830,1,2,0,0,0,1,0,3,4,0,2,3,,N,,,,,,,,,,,
2009094846,832.0,0,0,0,0,0,0,0,0,0,1,2,,67,9,2009,3,40.0174,-75.0498,828.0,6,0,0,0,0,0,0,0,0,2.0,0,2,0,8,1,1,0,,1,40 01:02.246,2.0,0,75 02:59.585,4,0,0,0,67301,0,0,0,N,0,0,0,4,68K03,1,,1,1,,N,N,,1,,0,0,1,0,0,Y,826,1,4,0,0,0,0,0,3,4,0,4,3,,N,,,,,,,,,,,
2009124345,1935.0,2,0,0,0,0,0,0,0,0,4,0,,67,10,2009,2,40.0879,-74.9656,1430.0,6,0,0,0,0,0,1,0,0,,0,0,0,14,1,2,2,,0,40 05:16.466,,7,74 57:56.273,4,0,0,0,67301,0,0,0,N,0,0,0,3,67301,2,,1,1,,N,N,,0,,0,0,0,3,3,,1410,2,2,0,0,0,0,0,3,4,0,2,3,,N,,,,,,,,,,,