CRN,ARRIVAL_TM,AUTOMOBILE_COUNT,BELTED_DEATH_COUNT,BELTED_SUSP_SERIOUS_INJ_COUNT,BICYCLE_COUNT,BICYCLE_DEATH_COUNT,BICYCLE_SUSP_SERIOUS_INJ_COUNT,BUS_COUNT,CHLDPAS_DEATH_COUNT,CHLDPAS_SUSP_SERIOUS_INJ_COUNT,COLLISION_TYPE,COMM_VEH_COUNT,CONS_ZONE_SPD_LIM,COUNTY,CRASH_MONTH,CRASH_YEAR,DAY_OF_WEEK,DEC_LAT,DEC_LONG,DISPATCH_TM,DISTRICT,DRIVER_COUNT_16YR,DRIVER_COUNT_17YR,DRIVER_COUNT_18YR,DRIVER_COUNT_19YR,DRIVER_COUNT_20YR,DRIVER_COUNT_50_64YR,DRIVER_COUNT_65_74YR,DRIVER_COUNT_75PLUS,EST_HRS_CLOSED,FATAL_COUNT,HEAVY_TRUCK_COUNT,HORSE_BUGGY_COUNT,HOUR_OF_DAY,ILLUMINATION,INJURY_COUNT,INTERSECT_TYPE,INTERSECTION_RELATED,LANE_CLOSED,LATITUDE,LN_CLOSE_DIR,LOCATION_TYPE,LONGITUDE,MAX_SEVERITY_LEVEL,MCYCLE_DEATH_COUNT,MCYCLE_SUSP_SERIOUS_INJ_COUNT,MOTORCYCLE_COUNT,MUNICIPALITY,NONMOTR_COUNT,NONMOTR_DEATH_COUNT,NONMOTR_SUSP_SERIOUS_INJ_COUNT,NTFY_HIWY_MAINT,PED_COUNT,PED_DEATH_COUNT,PED_SUSP_SERIOUS_INJ_COUNT,PERSON_COUNT,POLICE_AGCY,POSSIBLE_INJ_COUNT,RDWY_SURF_TYPE_CD,RELATION_TO_ROAD,ROAD_CONDITION,ROADWAY_CLEARED,SCH_BUS_IND,SCH_ZONE_IND,SECONDARY_CRASH,SMALL_TRUCK_COUNT,SPEC_JURIS_CD,SUSP_MINOR_INJ_COUNT,SUSP_SERIOUS_INJ_COUNT,SUV_COUNT,TCD_FUNC_CD,TCD_TYPE,TFC_DETOUR_IND,TIME_OF_DAY,TOT_INJ_COUNT,TOTAL_UNITS,UNB_DEATH_COUNT,UNB_SUSP_SERIOUS_INJ_COUNT,UNBELTED_OCC_COUNT,UNK_INJ_DEG_COUNT,UNK_INJ_PER_COUNT,URBAN_AREA,URBAN_RURAL,VAN_COUNT,VEHICLE_COUNT,WEATHER1,WEATHER2,WORK_ZONE_IND,WORK_ZONE_LOC,WORK_ZONE_TYPE,WORKERS_PRES,WZ_CLOSE_DETOUR,WZ_FLAGGER,WZ_LAW_OFFCR_IND,WZ_LN_CLOSURE,WZ_MOVING,WZ_OTHER,WZ_SHLDER_MDN,WZ_WORKERS_INJ_KILLED
2009060247,1045.0,2,0,0,0,0,0,0,0,0,4,0,,67,5,2009,4,39.9827,-75.1112,1030.0,6,0,0,0,0,0,0,0,0,,0,0,0,10,1,1,1,,0,39 58:57.885,,0,75 06:40.168,4,0,0,0,67301,0,0,0,N,0,0,0,3,67301,1,,1,1,,N,N,,0,,0,0,1,3,3,,1009,1,3,0,0,0,0,0,3,4,0,3,3,,N,,,,,,,,,,,
2009083737,1625.0,1,0,0,0,0,0,0,0,0,7,0,,67,6,2009,7,40.0152,-75.1472,1614.0,6,0,0,0,0,0,0,0,0,,0,0,0,16,1,1,1,,0,40 00:54.748,,0,75 08:49.919,3,0,0,0,67301,0,0,0,N,0,0,0,1,67301,0,,5,1,,N,N,,0,,1,0,0,3,2,,1605,1,1,0,0,0,0,0,3,4,0,1,3,,N,,,,,,,,,,,
2009083835,2009.0,1,0,5,0,0,0,0,0,0,4,0,,67,6,2009,6,39.9913,-75.1349,2004.0,6,0,0,0,0,0,1,0,0,3.0,0,0,0,20,1,5,1,,2,39 59:29.220,7.0,0,75 08:05.582,2,0,0,0,67301,0,0,0,N,0,0,0,6,67301,0,,1,1,,N,N,,0,,0,5,0,3,2,Y,2004,5,2,0,0,1,0,0,3,4,1,2,3,,N,,,,,,,,,,,
2009083846,203.0,1,0,0,0,0,0,0,0,0,7,0,,67,7,2009,7,40.014,-75.126,201.0,6,0,0,0,0,0,0,0,0,,0,0,0,2,3,1,0,,0,40 00:50.442,,0,75 07:33.458,8,0,0,0,67301,0,0,0,N,0,0,0,1,67301,0,,2,1,,N,N,,0,,0,0,0,0,0,,200,1,1,0,0,0,1,0,3,4,0,1,3,,N,,,,,,,,,,,
2009100539,1811.0,1,0,0,0,0,0,0,0,0,4,0,,67,9,2009,4,40.0125,-75.1401,1810.0,6,0,1,0,0,0,0,0,0,,0,0,0,18,1,1,1,,0,40 00:45.093,,0,75 08:24.381,2,0,1,1,67301,0,0,0,N,0,0,0,3,67301,0,,1,1,,N,,,0,,0,1,0,0,0,,1809,1,2,0,0,0,0,0,3,4,0,2,3,,N,,,,,,,,,,,
2009100588,1830.0,0,0,0,0,0,0,0,0,0,1,0,,67,9,2009,3,40.0205,-75.1555,1830.0,6,0,0,0,0,0,1,0,0,,0,0,0,17,1,1,0,,0,40 01:13.833,,0,75 09:19.699,8,0,0,0,67301,0,0,0,N,0,0,0,2,67301,0,,1,1,,N,N,,0,,0,0,2,0,0,,1750,1,2,0,0,0,1,0,3,4,0,2,3,,N,,,,,,,,,,,
2009023028,1816.0,3,0,0,0,0,0,0,0,0,1,0,,67,2,2009,3,39.9575,-75.1591,1810.0,6,0,0,0,0,0,0,0,0,1.0,0,0,0,18,3,0,0,,1,39 57:26.980,4.0,0,75 09:32.446,0,0,0,0,67301,0,0,0,N,0,0,0,4,68K01,0,,1,1,,N,N,,0,,0,0,0,0,0,N,1806,0,3,0,0,0,0,0,3,4,0,3,3,,N,,,,,,,,,,,
2009028469,9.0,2,0,0,0,0,0,0,0,0,4,0,,67,1,2009,5,39.9507,-75.1748,2.0,6,0,0,0,0,0,0,0,0,,0,0,0,0,3,0,0,,0,39 57:02.332,,0,75 10:29.004,0,0,0,0,67301,0,0,0,N,0,0,0,2,67301,0,,1,9,,N,N,,0,,0,0,0,0,0,,1,0,2,0,0,0,0,0,3,4,0,2,3,,N,,,,,,,,,,,
2009025840,947.0,1,0,0,0,0,0,0,0,0,8,0,,67,1,2009,4,39.9503,-75.1917,944.0,6,0,0,0,0,0,0,0,0,,0,0,0,7,1,1,1,,0,39 57:01.208,,0,75 11:30.109,4,0,0,0,67301,1,0,0,N,1,0,0,2,67301,1,,1,9,,N,N,,0,,0,0,0,3,2,,720,1,2,0,0,0,0,0,3,4,0,1,7,,N,,,,,,,,,,,
2009025864,1548.0,1,0,0,0,0,0,0,0,0,5,0,,67,1,2009,2,40.0215,-75.0518,1545.0,6,0,0,0,0,0,0,0,0,,0,0,0,14,1,1,1,,0,40 01:17.400,,0,75 03:06.480,8,0,0,0,67301,0,0,0,N,0,0,0,2,67301,0,,1,1,,N,N,,0,,0,0,1,3,2,,1448,1,2,0,0,0,1,0,3,4,0,2,3,,N,,,,,,,,,,,
2009025865,753.0,1,0,0,0,0,0,0,0,0,8,0,,67,1,2009,6,40.0303,-75.0353,751.0,6,0,0,0,0,0,1,0,0,,0,0,0,7,1,1,0,,0,40 01:48.902,,0,75 02:07.175,8,0,0,0,67301,1,0,0,,1,0,0,2,67301,0,,1,1,,N,Y,,0,,0,0,0,0,0,,750,1,2,0,0,0,1,0,3,4,0,1,3,,N,,,,,,,,,,,
2009025879,1645.0,1,0,0,0,0,0,0,0,0,4,0,,67,1,2009,6,40.0059,-75.1135,1641.0,6,0,0,0,1,0,0,0,0,,0,0,0,16,1,1,1,,0,40 00:21.351,,0,75 06:48.589,8,0,0,0,67301,0,0,0,N,0,0,0,3,67301,0,,1,1,,N,N,,0,,0,0,1,3,2,,1625,1,2,0,0,0,1,0,3,4,0,2,3,,N,,,,,,,,,,,
2009025149,1951.0,1,0,0,0,0,0,0,0,0,8,0,,67,1,2009,3,39.9724,-75.1426,1946.0,6,0,0,0,0,0,0,0,0,,0,0,0,19,2,1,2,,0,39 58:20.618,,0,75 08:33.277,4,0,0,0,67301,1,0,0,,1,0,0,2,67301,1,,1,1,,,,,0,,0,0,0,3,3,,1930,1,2,0,0,0,0,0,3,4,0,1,3,,N,,,,,,,,,,,
2009030731,2130.0,0,0,0,0,0,0,0,0,0,8,0,,67,1,2009,7,39.9821,-75.1722,2127.0,6,0,0,0,0,0,0,0,0,,0,0,0,21,3,1,1,,0,39 58:55.599,,0,75 10:19.898,4,0,0,0,67301,1,0,0,N,1,0,0,2,67301,1,,1,1,,N,N,,0,,0,0,0,9,3,,2130,1,2,0,0,0,0,0,3,4,1,1,3,,N,,,,,,,,,,,
2009030778,846.0,2,0,0,0,0,0,0,0,0,4,0,,67,1,2009,4,39.9598,-75.1637,840.0,6,0,0,0,0,0,1,0,0,1.0,0,0,0,8,1,0,2,,1,39 57:35.366,2.0,0,75 09:49.409,0,0,0,0,67301,0,0,0,N,0,0,0,2,67301,0,,1,6,,N,N,,0,,0,0,0,3,3,N,829,0,2,0,0,0,0,0,3,4,0,2,10,,N,,,,,,,,,,,
2009030796,201.0,1,0,0,0,0,0,1,0,0,4,1,,67,1,2009,7,39.9181,-75.21,159.0,6,0,0,0,0,1,0,0,0,,0,0,0,1,3,1,0,,0,39 55:05.838,,7,75 12:32.275,8,0,0,0,67301,0,0,0,N,0,0,0,2,67301,0,,1,1,,N,N,,0,,0,0,0,3,2,,157,1,2,0,0,0,1,0,3,4,0,2,3,,N,,,,,,,,,,,
2009028278,421.0,1,0,0,0,0,0,0,0,0,7,0,,67,3,2009,2,39.9338,-75.2,418.0,6,0,0,0,0,0,0,0,0,1.0,0,0,0,4,3,0,0,,1,39 56:06.730,4.0,0,75 11:59.224,0,0,0,0,67301,0,0,0,N,0,0,0,1,68K01,0,,2,2,,N,N,,0,,0,0,0,0,0,N,417,0,1,0,0,0,0,0,3,4,0,1,10,,N,,,,,,,,,,,
2009025603,1025.0,1,0,0,0,0,0,0,0,0,4,1,,67,1,2009,5,39.9107,-75.1657,1020.0,6,0,0,0,0,0,1,1,0,3.0,0,1,0,10,1,1,1,,2,39 54:38.552,6.0,0,75 09:56.365,8,0,0,0,67301,0,0,0,,0,0,0,2,67301,0,,1,1,,N,N,,0,,0,0,0,3,2,Y,1015,1,2,0,0,0,1,0,3,4,0,2,3,,N,,,,,,,,,,,
2009032935,1430.0,1,0,0,0,0,0,0,0,0,4,0,,67,2,2009,4,40.0183,-75.1485,1430.0,6,0,0,0,0,0,2,0,0,,0,0,0,13,1,0,1,,0,40 01:06.097,,0,75 08:54.382,0,0,0,0,67301,0,0,0,N,0,0,0,2,67301,0,,1,2,,N,N,,0,,0,0,0,0,0,,1310,0,2,0,0,0,0,0,3,4,1,2,10,,N,,,,,,,,,,,
2009025278,1650.0,1,0,0,0,0,0,0,0,0,8,0,,67,1,2009,3,39.9712,-75.1656,1647.0,6,0,0,0,0,0,0,1,0,,0,0,0,16,1,1,2,,0,39 58:16.346,,0,75 09:56.141,4,0,0,0,67301,1,0,0,N,1,0,0,2,67301,1,,1,1,,N,N,,0,,0,0,0,9,9,,1647,1,2,0,0,0,0,0,3,4,0,1,3,,N,,,,,,,,,,,
2009030431,835.0,0,0,0,0,0,0,0,0,0,4,0,,67,2,2009,4,40.0347,-75.0388,833.0,6,0,0,0,0,0,0,0,0,,0,0,0,7,1,1,0,,0,40 02:04.878,,0,75 02:19.791,4,0,0,0,67301,0,0,0,N,0,0,0,2,67301,1,,6,2,,N,N,,1,,0,0,2,0,0,,740,1,3,0,0,0,0,1,3,4,0,3,10,,N,,,,,,,,,,,
2009099307,2246.0,1,0,0,0,0,0,0,0,0,7,0,,67,9,2009,1,39.8978,-75.1851,2238.0,6,0,0,0,0,0,0,0,0,1.0,0,0,0,22,3,0,0,,1,39 53:55.680,1.0,0,75 10:23.160,0,0,0,0,67301,0,0,0,N,0,0,0,1,68K01,0,,1,1,,N,N,,0,,0,0,0,0,0,N,2223,0,1,0,0,0,0,0,3,4,0,1,3,,N,,,,,,,,,,,
2009130307,1734.0,2,0,0,0,0,0,0,0,0,1,0,,67,12,2009,1,39.9856,-75.2585,1730.0,6,0,0,0,0,0,1,0,0,2.0,0,0,0,17,3,0,0,,1,39 59:08.115,2.0,0,75 15:30.681,9,0,0,0,67301,0,0,0,N,0,0,0,4,46104,0,,1,9,,N,N,,0,,0,0,0,3,2,Y,1730,0,2,0,0,0,0,1,3,4,0,2,7,,N,,,,,,,,,,,
2009125447,1230.0,1,0,0,0,0,0,0,0,0,4,0,,67,11,2009,4,39.8823,-75.2264,1200.0,6,0,0,0,0,0,1,0,0,,0,0,0,11,1,0,0,,0,39 52:56.326,,7,75 13:35.068,0,0,0,0,67301,0,0,0,N,0,0,0,2,67301,0,,1,9,,N,N,,0,,0,0,1,0,0,,1145,0,2,0,0,0,0,0,3,4,0,2,3,,N,,,,,,,,,,,
2009109277,122.0,2,0,0,0,0,0,0,0,0,1,0,,67,10,2009,5,39.9577,-75.1616,122.0,6,0,0,0,0,0,0,0,0,,0,0,0,1,3,0,0,,0,39 57:27.720,,0,75 09:41.760,0,0,0,0,67301,0,0,0,N,0,0,0,2,68K01,0,,1,1,,N,N,,0,,0,0,0,0,0,,122,0,2,0,0,0,0,0,3,4,0,2,3,,N,,,,,,,,,,,
2009117800,1206.0,0,0,0,0,0,0,0,0,0,1,0,,67,11,2009,4,39.9223,-75.1479,1155.0,6,0,0,0,0,0,0,0,0,2.0,0,0,0,11,1,4,0,,2,39 55:19.920,2.0,0,75 08:52.440,3,0,0,0,67301,0,0,0,N,0,0,0,6,68K01,3,,1,1,,N,N,,1,,1,0,1,0,0,N,1148,4,2,0,0,0,0,0,3,4,0,2,3,,N,,,,,,,,,,,
2009106824,1917.0,1,0,0,0,0,0,0,0,0,1,0,,67,10,2009,2,39.9006,-75.1546,1910.0,6,0,0,2,0,0,0,0,0,1.0,0,0,0,19,3,1,0,,1,39 54:09.373,1.0,0,75 09:02.969,4,0,0,0,67301,0,0,0,N,0,0,0,3,68K01,1,,1,1,,N,N,,0,,0,0,1,0,0,N,1907,1,2,0,0,0,0,0,3,4,0,2,3,,N,,,,,,,,,,,
2009125199,9999.0,2,0,0,0,0,0,0,0,0,4,0,,67,11,2009,4,40.0583,-75.2371,1811.0,6,0,0,0,0,0,1,0,0,,0,0,0,18,3,1,0,,0,40 03:28.525,,7,75 14:12.450,4,0,0,0,67301,0,0,0,N,0,0,0,2,67301,1,,1,1,,N,N,,0,,0,0,0,0,0,,1800,1,2,0,0,1,0,0,3,4,0,2,3,,N,,,,,,,,,,,
2009125207,843.0,1,0,0,0,0,0,0,0,0,8,0,,67,9,2009,7,39.9555,-75.2421,842.0,6,0,0,0,0,0,0,0,0,,0,0,0,8,1,1,1,,0,39 57:19.771,,0,75 14:31.703,4,0,0,0,67301,1,0,0,N,1,0,0,2,67301,1,,1,1,,N,N,,0,,0,0,0,0,0,,840,1,2,0,0,0,0,0,3,4,0,1,3,,N,,,,,,,,,,,
2009120372,1603.0,1,0,0,0,0,0,0,0,0,4,0,,67,10,2009,5,40.0397,-75.0328,1600.0,6,0,0,0,0,0,0,1,0,,0,0,0,15,1,2,0,,0,40 02:22.838,,7,75 01:57.984,4,0,0,0,67301,0,0,0,,0,0,0,3,67301,2,,1,1,,N,N,,1,,0,0,0,0,0,,1550,2,2,0,0,0,0,0,3,4,0,2,3,,N,,,,,,,,,,,
2009111836,747.0,2,0,0,0,0,0,0,0,0,4,0,,67,10,2009,3,40.049,-75.0509,740.0,6,0,0,0,0,1,1,0,0,1.0,0,0,0,7,1,2,2,,1,40 02:56.477,1.0,0,75 03:03.066,8,0,0,0,67301,0,0,0,N,0,0,0,4,67301,0,,1,1,,N,N,,1,,0,0,0,0,0,N,739,2,3,0,0,0,2,0,3,4,0,3,3,,N,,,,,,,,,,,
2009111884,1903.0,2,0,0,0,0,0,0,0,0,4,0,,67,10,2009,3,40.0369,-75.1451,1850.0,6,0,0,0,1,0,0,0,0,,0,0,0,99,4,0,2,,0,40 02:12.961,,0,75 08:42.306,0,0,0,0,67301,0,0,0,N,0,0,0,2,67301,0,,1,1,,N,N,,0,,0,0,0,3,2,,9999,0,2,0,0,0,0,0,3,4,0,2,3,,N,,,,,,,,,,,
2009047324,1412.0,0,0,0,0,0,0,0,0,0,4,0,,67,4,2009,6,39.993,-75.2441,1412.0,6,0,0,0,0,0,0,0,0,,0,0,0,14,1,2,0,,0,39 59:35.729,,0,75 14:36.644,4,0,0,0,67301,0,0,0,N,0,0,0,10,46104,2,,1,1,,N,N,,1,,0,0,0,0,0,,1412,2,2,0,0,1,0,0,3,4,1,2,3,,N,,,,,,,,,,,
2009044855,1935.0,3,0,0,0,0,0,0,0,0,6,0,,67,3,2009,2,39.937,-75.2326,1925.0,6,0,0,0,0,0,0,0,0,,0,0,0,19,3,1,0,,0,39 56:13.103,,0,75 13:57.224,8,0,0,0,67301,0,0,0,N,0,0,0,2,67301,0,,6,1,,N,N,,0,,0,0,0,3,3,,1925,1,3,0,0,0,1,1,3,4,0,3,3,,N,,,,,,,,,,,
2009034368,1451.0,2,0,0,0,0,0,0,0,0,0,0,,67,3,2009,6,40.0094,-75.0664,1432.0,6,0,0,0,0,0,0,0,0,,0,0,0,14,1,0,0,,0,40 00:32.905,,0,75 04:04.393,0,0,0,0,67301,0,0,0,N,0,0,0,5,68K01,0,,1,1,,N,N,,1,,0,0,0,0,0,,1428,0,3,0,0,0,0,0,3,4,0,3,3,,N,,,,,,,,,,,
2009044406,326.0,1,0,0,0,0,0,0,0,0,8,0,,67,3,2009,1,39.923,-75.2387,324.0,6,0,0,0,0,0,0,0,0,,0,0,0,3,3,1,0,,0,39 55:22.687,,0,75 14:19.189,8,0,0,0,67301,1,0,0,N,1,0,0,3,67301,0,,1,9,,N,N,,0,,0,0,0,0,0,,315,1,2,0,0,0,1,0,3,4,0,1,7,,N,,,,,,,,,,,
2009037484,1405.0,2,0,0,0,0,0,0,0,0,4,0,,67,2,2009,4,39.9697,-75.1416,1403.0,6,0,0,0,1,0,1,0,0,,0,0,0,14,1,1,1,,0,39 58:11.244,,0,75 08:29.318,4,0,0,0,67301,0,0,0,N,0,0,0,2,67301,1,,1,1,,N,N,,0,,0,0,0,1,2,,1400,1,2,0,0,0,0,0,3,4,0,2,3,,N,,,,,,,,,,,
2009044530,50.0,1,0,0,0,0,0,0,0,0,2,0,,67,3,2009,7,40.0256,-75.0316,46.0,6,0,0,0,0,0,0,0,0,9.0,0,0,0,0,3,1,0,,1,40 01:32.255,4.0,0,75 01:53.784,4,0,0,0,67301,0,0,0,,0,0,0,3,67301,1,,1,1,,N,N,,0,,0,0,1,0,0,N,45,1,2,0,0,0,0,0,3,4,0,2,3,,N,,,,,,,,,,,
2009039406,1108.0,1,0,0,0,0,0,0,0,0,8,0,,67,1,2009,7,39.9623,-75.148,1105.0,6,0,0,0,0,0,0,0,0,,0,0,0,3,3,1,1,,0,39 57:44.186,,0,75 08:52.825,2,0,0,0,67301,1,0,1,,1,0,1,4,67301,0,,1,1,,,,,0,,0,1,0,3,3,,315,1,2,0,0,0,0,0,3,4,0,1,3,,N,,,,,,,,,,,
2009039411,1245.0,2,0,0,0,0,0,0,0,0,4,0,,67,2,2009,2,40.0076,-75.1275,1230.0,6,0,0,0,0,0,0,0,0,,0,0,0,12,1,1,0,,0,40 00:27.436,,7,75 07:39.008,8,0,0,0,67301,0,0,0,N,0,0,0,3,67301,0,,1,1,,N,Y,,0,,0,0,0,0,0,,1200,1,2,0,0,0,1,0,3,4,0,2,3,,N,,,,,,,,,,,
2009039417,345.0,2,0,0,0,0,0,0,0,0,4,0,,67,2,2009,1,40.039,-75.15,338.0,6,0,0,0,0,1,0,0,0,,0,0,0,3,3,1,1,,0,40 02:20.300,,0,75 09:00.122,8,0,0,0,67301,0,0,0,N,0,0,0,2,67301,0,,1,1,,N,N,,0,,0,0,0,9,2,,337,1,2,0,0,0,1,1,3,4,0,2,3,,N,,,,,,,,,,,
2009039681,855.0,4,0,0,0,0,0,0,0,0,1,0,,67,2,2009,5,40.0042,-75.1729,852.0,6,0,0,1,0,0,0,0,0,,0,0,0,8,1,5,0,,0,40 00:15.062,,0,75 10:22.696,3,0,0,0,67301,0,0,0,,0,0,0,5,67301,3,,1,1,,N,N,,0,,2,0,0,0,0,,852,5,4,0,0,0,0,0,3,4,0,4,3,,N,,,,,,,,,,,
2009039081,910.0,0,0,0,0,0,0,0,0,0,5,0,,67,2,2009,6,40.0011,-75.2154,855.0,6,0,0,0,0,0,0,0,0,,0,1,0,8,1,1,1,,0,40 00:03.963,,0,75 12:55.355,8,0,0,0,67301,0,0,0,N,0,0,0,3,67301,0,,1,2,,N,N,,0,,0,0,1,9,2,,850,1,2,0,0,0,1,0,3,4,0,2,10,,N,,,,,,,,,,,
2009037396,841.0,2,0,0,0,0,0,0,0,0,4,0,,67,3,2009,5,39.9832,-75.1153,833.0,6,0,0,0,0,0,1,0,0,1.0,0,0,0,8,1,2,1,,2,39 58:59.466,7.0,0,75 06:54.921,4,0,0,0,67301,0,0,0,N,0,0,0,4,67301,2,,1,1,,N,N,,0,,0,0,0,3,3,N,820,2,2,0,0,1,0,0,3,4,0,2,3,,N,,,,,,,,,,,
2009039245,1545.0,2,0,0,0,0,0,0,0,0,4,0,,67,2,2009,7,39.9713,-75.2273,1538.0,6,0,0,0,0,0,0,0,0,,0,0,0,15,1,2,1,,0,39 58:16.582,,0,75 13:38.114,4,0,0,0,67301,0,0,0,N,0,0,0,3,67301,1,,1,1,,N,N,,0,,0,0,0,3,2,,1528,2,2,0,0,0,1,0,3,4,0,2,3,,N,,,,,,,,,,,
2009049632,1653.0,0,0,0,0,0,0,0,0,0,8,0,,67,4,2009,6,39.934,-75.2311,1646.0,6,0,0,0,0,0,1,0,0,,0,0,0,16,1,1,2,,0,39 56:02.432,,0,75 13:51.859,3,0,0,0,67301,1,0,0,N,1,0,0,3,67301,0,,1,1,,N,N,,0,,1,0,1,3,3,,1644,1,2,0,0,0,0,0,3,4,0,1,3,,N,,,,,,,,,,,
2009036886,1459.0,0,0,0,0,0,0,1,0,0,1,1,,67,2,2009,4,40.0241,-75.1306,1450.0,6,0,0,0,0,0,0,0,0,1.0,0,0,0,14,1,1,5,,1,40 01:27.005,1.0,0,75 07:48.996,3,0,0,0,67301,0,0,0,N,0,0,0,2,67301,0,,1,9,,Y,N,,0,,1,0,1,3,2,N,1450,1,2,0,0,0,0,0,3,4,0,2,7,,N,,,,,,,,,,,
2009095405,2105.0,0,0,0,0,0,0,0,0,0,4,0,,67,9,2009,5,39.9788,-75.2301,2102.0,6,0,0,0,0,0,0,0,0,,1,0,0,21,3,0,2,,0,39 58:43.568,,0,75 13:48.350,1,1,0,1,67301,0,0,0,,0,0,0,2,67301,0,2.0,1,1,,N,N,,0,0.0,0,0,0,0,0,,2100,0,2,0,0,0,0,0,3,4,1,2,3,,N,,,,,,,,,,,
2009100798,1630.0,2,0,0,0,0,0,0,0,0,4,0,,67,9,2009,1,39.9858,-75.1115,1615.0,6,0,0,0,0,0,0,1,0,,0,0,0,16,1,1,1,,0,39 59:08.884,,0,75 06:41.745,3,0,0,0,67301,0,0,0,N,0,0,0,3,67301,0,,1,1,,N,N,,0,,1,0,0,3,2,,1610,1,2,0,0,0,0,0,3,4,0,2,3,,N,,,,,,,,,,,
2009100587,1638.0,2,0,0,0,0,0,0,0,0,4,0,,67,9,2009,2,39.9542,-75.213,1635.0,6,0,0,0,0,0,0,0,0,,0,0,0,16,1,1,2,,0,39 57:15.235,,0,75 12:46.933,4,0,0,0,67301,0,0,0,N,0,0,0,2,67301,1,,1,1,,N,N,,0,,0,0,1,3,3,,1630,1,3,0,0,0,0,0,3,4,0,3,3,,N,,,,,,,,,,,
2009025786,1535.0,1,0,0,0,0,0,0,0,0,8,0,,67,1,2009,2,40.0549,-75.0539,1525.0,6,0,0,0,0,0,1,0,0,,0,0,0,15,1,1,1,,0,40 03:17.807,,0,75 03:14.482,8,0,0,0,67301,1,0,0,,1,0,0,2,67301,0,,1,1,,,,,0,,0,0,0,3,2,,1515,1,2,0,0,0,1,0,3,4,0,1,3,,N,,,,,,,,,,,
2009025810,1045.0,1,0,0,0,0,0,0,0,0,2,1,,67,1,2009,3,40.0414,-75.067,1040.0,6,0,0,0,0,0,0,0,0,1.0,0,1,0,10,1,1,0,,1,40 02:28.903,2.0,0,75 04:01.304,4,0,0,0,67301,0,0,0,,0,0,0,2,67301,1,,1,2,,N,N,,0,,0,0,0,0,0,Y,1030,1,2,0,0,0,0,0,3,4,0,2,98,,N,,,,,,,,,,,
2009028474,655.0,1,0,0,0,0,0,0,0,0,7,0,,67,1,2009,7,40.1185,-75.007,650.0,6,0,0,0,0,0,0,0,0,1.0,0,0,0,6,2,1,0,,1,40 07:06.690,4.0,0,75 00:25.257,4,0,0,0,67301,0,0,0,N,0,0,0,1,67301,1,,5,7,,N,N,,0,,0,0,0,0,0,N,645,1,1,0,0,0,0,0,3,4,0,1,10,,N,,,,,,,,,,,
2009030173,406.0,2,0,0,0,0,0,0,0,0,1,0,,67,1,2009,7,40.125,-75.0147,402.0,6,0,0,0,0,0,0,0,0,1.0,0,0,0,4,3,2,5,,2,40 07:30.043,1.0,0,75 00:53.360,4,0,0,0,67301,0,0,0,,0,0,0,2,67301,2,,1,1,,,,,0,,0,0,0,3,2,Y,401,2,2,0,0,0,0,0,3,4,0,2,3,,N,,,,,,,,,,,
2009025599,1113.0,0,0,0,0,0,0,0,0,0,8,0,,67,1,2009,7,40.049,-75.1749,1112.0,6,0,0,0,0,0,0,0,0,,0,0,0,11,1,1,1,,0,40 02:56.400,,0,75 10:29.640,4,0,0,0,67301,1,0,0,N,1,0,0,2,67301,1,,1,1,,N,N,,0,,0,0,1,3,2,,1105,1,2,0,0,1,0,0,3,4,0,1,3,,N,,,,,,,,,,,
2009030753,1221.0,2,0,0,0,0,0,0,0,0,1,0,,67,1,2009,3,39.9413,-75.1847,1215.0,6,0,0,0,0,0,1,0,0,,0,0,0,12,1,1,1,,0,39 56:28.759,,0,75 11:04.826,8,0,0,0,67301,0,0,0,N,0,0,0,2,67301,0,,1,2,,N,N,,0,,0,0,0,3,3,,1209,1,2,0,0,0,1,0,3,4,0,2,10,,N,,,,,,,,,,,
2009018114,915.0,0,0,0,0,0,0,0,0,0,1,0,,67,2,2009,4,39.9724,-75.1937,908.0,6,0,0,0,0,0,1,0,0,,0,0,0,9,1,0,0,,0,39 58:24.521,,0,75 11:38.422,0,0,0,0,67301,0,0,0,N,0,0,0,2,68K01,0,,1,9,,N,N,,0,,0,0,2,0,0,,905,0,2,0,0,0,0,0,3,4,0,2,3,,N,,,,,,,,,,,
2009025264,525.0,1,0,0,0,0,0,0,0,0,7,0,,67,1,2009,2,39.9848,-75.2153,523.0,6,0,0,0,0,0,0,0,0,,0,0,0,5,3,0,0,,0,39 59:05.280,,0,75 12:55.080,9,0,0,0,67301,0,0,0,,0,0,0,1,67301,0,,2,1,,,,,0,,0,0,0,0,0,,521,0,1,0,0,1,0,1,3,4,0,1,3,,N,,,,,,,,,,,
2009035779,1429.0,1,0,0,0,0,0,0,0,0,1,1,,67,3,2009,2,39.983,-75.2079,1424.0,6,0,0,0,0,0,1,0,0,1.0,0,1,0,14,1,1,0,,2,39 59:03.040,4.0,0,75 12:29.453,3,0,0,0,67301,0,0,0,N,0,0,0,3,68K02,0,,1,1,,N,N,,0,,1,0,0,0,0,N,1420,1,3,0,0,1,0,0,3,4,1,3,3,,N,,,,,,,,,,,