CRN,ARRIVAL_TM,AUTOMOBILE_COUNT,BELTED_DEATH_COUNT,BELTED_SUSP_SERIOUS_INJ_COUNT,BICYCLE_COUNT,BICYCLE_DEATH_COUNT,BICYCLE_SUSP_SERIOUS_INJ_COUNT,BUS_COUNT,CHLDPAS_DEATH_COUNT,CHLDPAS_SUSP_SERIOUS_INJ_COUNT,COLLISION_TYPE,COMM_VEH_COUNT,CONS_ZONE_SPD_LIM,COUNTY,CRASH_MONTH,CRASH_YEAR,DAY_OF_WEEK,DEC_LAT,DEC_LONG,DISPATCH_TM,DISTRICT,DRIVER_COUNT_16YR,DRIVER_COUNT_17YR,DRIVER_COUNT_18YR,DRIVER_COUNT_19YR,DRIVER_COUNT_20YR,DRIVER_COUNT_50_64YR,DRIVER_COUNT_65_74YR,DRIVER_COUNT_75PLUS,EST_HRS_CLOSED,FATAL_COUNT,HEAVY_TRUCK_COUNT,HORSE_BUGGY_COUNT,HOUR_OF_DAY,ILLUMINATION,INJURY_COUNT,INTERSECT_TYPE,INTERSECTION_RELATED,LANE_CLOSED,LATITUDE,LN_CLOSE_DIR,LOCATION_TYPE,LONGITUDE,MAX_SEVERITY_LEVEL,MCYCLE_DEATH_COUNT,MCYCLE_SUSP_SERIOUS_INJ_COUNT,MOTORCYCLE_COUNT,MUNICIPALITY,NONMOTR_COUNT,NONMOTR_DEATH_COUNT,NONMOTR_SUSP_SERIOUS_INJ_COUNT,NTFY_HIWY_MAINT,PED_COUNT,PED_DEATH_COUNT,PED_SUSP_SERIOUS_INJ_COUNT,PERSON_COUNT,POLICE_AGCY,POSSIBLE_INJ_COUNT,RDWY_SURF_TYPE_CD,RELATION_TO_ROAD,ROAD_CONDITION,ROADWAY_CLEARED,SCH_BUS_IND,SCH_ZONE_IND,SECONDARY_CRASH,SMALL_TRUCK_COUNT,SPEC_JURIS_CD,SUSP_MINOR_INJ_COUNT,SUSP_SERIOUS_INJ_COUNT,SUV_COUNT,TCD_FUNC_CD,TCD_TYPE,TFC_DETOUR_IND,TIME_OF_DAY,TOT_INJ_COUNT,TOTAL_UNITS,UNB_DEATH_COUNT,UNB_SUSP_SERIOUS_INJ_COUNT,UNBELTED_OCC_COUNT,UNK_INJ_DEG_COUNT,UNK_INJ_PER_COUNT,URBAN_AREA,URBAN_RURAL,VAN_COUNT,VEHICLE_COUNT,WEATHER1,WEATHER2,WORK_ZONE_IND,WORK_ZONE_LOC,WORK_ZONE_TYPE,WORKERS_PRES,WZ_CLOSE_DETOUR,WZ_FLAGGER,WZ_LAW_OFFCR_IND,WZ_LN_CLOSURE,WZ_MOVING,WZ_OTHER,WZ_SHLDER_MDN,WZ_WORKERS_INJ_KILLED
2009025374,955.0,1,0,0,0,0,0,0,0,0,4,0,,67,1,2009,2,40.047,-74.9927,955.0,6,0,0,0,0,0,1,1,0,,0,0,0,9,1,2,1,,0,40 02:48.951,,0,74 59:34.050,4,0,0,0,67301,0,0,0,N,0,0,0,3,67301,2,,1,1,,N,N,,0,,0,0,1,3,2,,945,2,2,0,0,0,0,0,3,4,0,2,3,,N,,,,,,,,,,,
2009028044,630.0,1,0,0,0,0,0,0,0,0,7,0,,67,1,2009,5,39.9592,-75.2192,625.0,6,0,0,0,0,0,1,0,0,,0,0,0,6,3,2,1,,0,39 57:33.231,,0,75 13:09.044,4,0,0,0,67301,0,0,0,N,0,0,0,4,67301,2,,5,1,,N,N,,0,,0,0,0,3,3,,605,2,1,0,0,0,0,0,3,4,0,1,3,,N,,,,,,,,,,,
2009096780,1510.0,2,0,0,0,0,0,0,0,0,1,0,,67,9,2009,6,39.9344,-75.1999,1509.0,6,0,0,0,0,0,0,1,0,1.0,0,0,0,15,1,1,0,,2,39 56:08.880,4.0,0,75 11:58.920,4,0,0,0,67301,0,0,0,N,0,0,0,4,68K01,1,,1,1,,N,N,,1,,0,0,0,0,0,N,1506,1,4,0,0,0,0,1,3,4,1,4,3,,N,,,,,,,,,,,
2009111756,1235.0,1,0,0,0,0,0,0,0,0,1,0,,67,10,2009,1,39.9909,-75.1016,1230.0,6,0,0,0,0,0,0,0,0,,0,0,0,99,3,3,1,,0,39 59:27.715,,0,75 06:05.897,4,0,0,0,67301,0,0,0,N,0,0,0,4,67301,3,,1,1,,N,N,,1,,0,0,0,3,2,,9999,3,2,0,0,0,0,0,3,4,0,2,3,,N,,,,,,,,,,,
2009112105,1646.0,1,0,0,0,0,0,0,0,0,8,0,,67,10,2009,5,40.0662,-75.1591,1645.0,6,0,0,0,0,0,0,0,0,,0,0,0,16,1,1,0,,0,40 03:58.205,,0,75 09:32.582,4,0,0,0,67301,1,0,0,,1,0,0,3,67301,1,,1,1,,N,N,,0,,0,0,0,0,0,,1630,1,2,0,0,0,0,0,3,4,0,1,3,,N,,,,,,,,,,,
2009106818,1728.0,2,0,0,0,0,0,0,0,0,1,0,,67,10,2009,1,39.9753,-75.1161,1717.0,6,0,0,0,0,0,0,1,0,1.0,0,0,0,17,1,4,0,,2,39 58:33.486,1.0,0,75 06:54.476,4,0,0,0,67301,0,0,0,N,0,0,0,10,68K01,4,,1,1,,N,N,,0,,0,0,1,0,0,N,1716,4,3,0,0,0,0,0,3,4,0,3,3,,N,,,,,,,,,,,
2009125168,1850.0,1,0,0,1,0,0,0,0,0,1,0,,67,11,2009,4,40.0324,-75.0394,1848.0,6,0,0,0,0,0,0,0,0,,0,0,0,16,1,1,1,,0,40 01:56.816,,0,75 02:21.821,4,0,0,0,67301,1,0,0,N,0,0,0,2,67301,1,,1,1,,N,N,,0,,0,0,0,3,3,,1637,1,2,0,0,0,0,0,3,4,0,1,3,,N,,,,,,,,,,,
2009125206,10.0,2,0,0,0,0,0,0,0,0,1,0,,67,11,2009,7,40.0139,-75.1213,0.0,6,0,0,0,0,0,0,0,0,,0,0,0,0,3,1,0,,0,40 00:50.104,,0,75 07:16.795,8,0,0,0,67301,0,0,0,N,0,0,0,2,67301,0,,1,9,,N,N,,0,,0,0,0,0,0,,5,1,2,0,0,0,1,0,3,4,0,2,7,,N,,,,,,,,,,,
2009125249,1740.0,0,0,0,0,0,0,0,0,0,8,0,,67,11,2009,2,40.057,-75.1562,1737.0,6,0,0,0,0,0,0,0,0,,0,0,0,17,3,1,1,,0,40 03:25.236,,0,75 09:22.197,8,0,0,0,67301,1,0,0,N,1,0,0,2,67301,0,,1,9,,N,N,,1,,0,0,0,3,3,,1730,1,2,0,0,0,1,0,3,4,0,1,7,,N,,,,,,,,,,,
2009111833,555.0,2,0,0,0,0,0,0,0,0,4,0,,67,9,2009,6,40.0808,-75.0284,552.0,6,0,0,0,0,0,0,0,0,1.0,0,0,0,5,1,2,1,,1,40 04:50.820,4.0,0,75 01:42.117,8,0,0,0,67301,0,0,0,N,0,0,0,2,67301,0,,1,1,,N,N,,0,,0,0,0,3,2,N,550,2,2,0,0,0,2,0,3,4,0,2,3,,N,,,,,,,,,,,
2009111858,1946.0,2,0,0,0,0,0,0,0,0,2,0,,67,10,2009,7,40.0655,-75.0525,1941.0,6,0,0,0,0,0,2,0,0,,0,0,0,19,3,1,1,,0,40 03:55.900,,0,75 03:09.041,8,0,0,0,67301,0,0,0,N,0,0,0,3,67301,0,,1,9,,N,N,,0,,0,0,1,3,2,,1941,1,3,0,0,0,1,0,3,4,0,3,7,,N,,,,,,,,,,,
2009111865,2008.0,2,0,0,0,0,0,0,0,0,4,0,,67,10,2009,7,39.9577,-75.1624,2005.0,6,0,0,1,0,0,1,0,0,,0,0,0,20,3,0,1,,0,39 57:27.542,,0,75 09:44.544,0,0,0,0,67301,0,0,0,,0,0,0,6,67301,0,,1,1,,,,,0,,0,0,0,3,2,,2000,0,2,0,0,0,0,0,3,4,0,2,3,,N,,,,,,,,,,,
2009044387,1552.0,1,0,0,1,0,0,0,0,0,4,0,,67,3,2009,5,39.9601,-75.1734,1550.0,6,0,0,0,0,0,0,0,0,,0,0,0,15,1,1,1,,0,39 57:37.423,,0,75 10:26.528,4,0,0,0,67301,1,0,0,N,0,0,0,2,67301,1,,1,1,,N,N,,0,,0,0,0,3,2,,1545,1,2,0,0,0,0,0,3,4,0,1,3,,N,,,,,,,,,,,
2009039368,55.0,1,0,0,0,0,0,0,0,0,7,0,,67,2,2009,7,40.0259,-75.2032,43.0,6,0,0,0,0,1,0,0,0,,0,0,0,0,3,1,2,,0,40 01:32.812,,0,75 12:11.307,4,0,0,0,67301,0,0,0,N,0,0,0,3,67301,1,,2,1,,N,N,,0,,0,0,0,3,2,,25,1,1,0,0,0,0,0,3,4,0,1,3,,N,,,,,,,,,,,
2009039433,100.0,2,0,0,0,0,0,0,0,0,4,0,,67,2,2009,6,39.961,-75.1441,100.0,6,0,0,0,0,0,0,0,0,,0,0,0,1,6,1,1,,0,39 57:39.694,,0,75 08:40.786,4,0,0,0,67301,0,0,0,N,0,0,0,3,67301,1,,1,1,,N,N,,0,,0,0,0,3,2,,100,1,2,0,0,0,0,0,3,4,0,2,3,,N,,,,,,,,,,,
2009029767,1659.0,0,0,0,0,0,0,1,0,0,8,1,,67,2,2009,7,39.9915,-75.1226,1655.0,6,0,0,0,0,0,0,0,0,1.0,0,0,0,14,1,1,1,,2,39 59:29.295,7.0,0,75 07:21.395,8,0,0,0,67301,1,0,0,N,1,0,0,2,67301,0,,1,1,,N,N,,0,,0,0,0,3,2,Y,1452,1,2,0,0,0,1,0,3,4,0,1,3,,N,,,,,,,,,,,
2009039092,2038.0,1,0,0,0,0,0,0,0,0,8,0,,67,2,2009,3,39.9567,-75.2235,2037.0,6,0,0,0,0,0,1,0,0,1.0,0,0,0,20,3,1,1,,1,39 57:24.185,4.0,0,75 13:24.666,8,0,0,0,67301,1,0,0,,1,0,0,2,67301,0,,1,9,,N,N,,0,,0,0,0,3,2,N,2035,1,2,0,0,0,1,0,3,4,0,1,3,,N,,,,,,,,,,,
2009037337,1435.0,1,0,0,0,0,0,0,0,0,4,0,,67,2,2009,3,40.0511,-75.1225,1430.0,6,0,0,0,0,0,0,0,0,,0,0,0,13,1,0,2,,0,40 03:04.129,,0,75 07:21.028,9,0,0,0,67301,0,0,0,N,0,0,0,2,67301,0,,1,1,,N,N,,0,,0,0,0,3,2,,1330,0,2,0,0,0,0,1,3,4,1,2,3,,N,,,,,,,,,,,
2009037459,1734.0,1,0,0,0,0,0,0,0,0,8,0,,67,2,2009,5,40.0254,-75.1644,1731.0,6,0,0,0,1,0,0,0,0,,0,0,0,17,4,1,0,,0,40 01:31.366,,0,75 09:51.778,3,0,0,0,67301,1,0,0,N,1,0,0,3,67301,0,,1,1,,N,N,,0,,1,0,0,0,0,,1725,1,2,0,0,0,0,0,3,4,0,1,3,,N,,,,,,,,,,,
2009039262,1720.0,3,0,0,0,0,0,0,0,0,1,0,,67,2,2009,6,40.0012,-75.2264,1720.0,6,0,0,0,0,0,1,0,0,9.0,0,0,0,17,1,0,1,,1,40 00:04.493,1.0,0,75 13:34.686,0,0,0,0,67301,0,0,0,N,0,0,0,3,67301,0,,1,1,,N,N,,0,,0,0,0,0,0,N,1715,0,3,0,0,0,0,0,3,4,0,3,3,,N,,,,,,,,,,,
2009039266,1525.0,2,0,0,0,0,0,0,0,0,1,0,,67,2,2009,6,39.9794,-75.2254,1523.0,6,0,0,1,0,0,0,0,0,2.0,0,0,0,15,1,1,0,,1,39 58:45.740,2.0,0,75 13:31.287,8,0,0,0,67301,0,0,0,N,0,0,0,4,67301,0,,1,1,,N,N,,0,,0,0,0,0,0,Y,1520,1,2,0,0,1,1,0,3,4,0,2,3,,N,,,,,,,,,,,
2009124452,2223.0,1,0,0,0,0,0,0,0,0,8,0,,67,11,2009,6,40.063,-75.0219,2221.0,6,0,0,0,0,0,0,0,0,,0,0,0,22,3,1,0,,0,40 03:46.845,,0,75 01:18.991,4,0,0,0,67301,1,0,0,N,1,0,0,2,67301,1,,2,9,,N,N,,0,,0,0,0,0,0,,2219,1,2,0,0,0,0,0,3,4,0,1,7,,N,,,,,,,,,,,
2009097170,1925.0,1,0,0,0,0,0,0,0,0,1,0,,67,8,2009,6,40.0926,-75.066,1921.0,6,0,0,0,0,1,0,0,0,,0,0,0,19,3,0,1,,0,40 05:33.241,,0,75 03:57.765,0,0,0,0,67301,0,0,0,N,0,0,0,4,67301,0,,1,9,,N,N,,1,,0,0,0,3,2,,1911,0,2,0,0,0,0,0,3,4,0,2,7,,N,,,,,,,,,,,
2009127022,757.0,1,0,0,0,0,0,0,0,0,0,0,,67,12,2009,3,,,757.0,6,0,0,0,0,0,0,0,0,,0,0,0,7,1,0,0,,0,,,0,,0,0,0,0,67301,0,0,0,N,0,0,0,1,67501,0,,2,1,,N,N,,0,,0,0,0,0,0,,757,0,1,0,0,0,0,0,3,3,0,1,3,,N,,,,,,,,,,,
2009124397,1745.0,1,0,0,0,0,0,0,0,0,4,0,,67,3,2009,3,39.9256,-75.1793,1730.0,6,0,0,0,0,0,0,0,0,,0,0,0,17,1,1,1,,0,39 55:32.114,,0,75 10:44.687,4,0,0,0,67301,0,0,0,N,0,0,0,6,67301,1,,1,1,,N,N,,0,,0,0,0,3,2,,1725,1,2,0,0,0,0,0,3,4,1,2,3,,N,,,,,,,,,,,
2009124409,1933.0,4,0,0,0,0,0,0,0,0,1,0,,67,11,2009,7,40.1317,-75.0122,1931.0,6,0,0,0,0,0,1,0,0,1.0,0,0,0,19,3,5,1,,1,40 07:54.116,2.0,0,75 00:44.359,4,0,0,0,67301,0,0,0,N,0,0,0,8,67301,5,,1,1,,N,N,,0,,0,0,0,3,2,N,1930,5,4,0,0,0,0,1,3,4,0,4,3,,N,,,,,,,,,,,
2009124437,1554.0,3,0,0,0,0,0,0,0,0,1,0,,67,11,2009,2,40.1108,-75.0001,1551.0,6,0,0,0,0,0,1,0,0,,0,0,0,15,1,3,0,,0,40 06:39.012,,0,75 00:00.254,3,0,0,0,67301,0,0,0,N,0,0,0,6,67301,1,,1,1,,N,N,,0,,2,0,1,0,0,,1551,3,4,0,0,1,0,0,3,4,0,4,3,,N,,,,,,,,,,,
2009083725,1635.0,2,0,0,0,0,0,0,0,0,4,0,,67,7,2009,2,39.9799,-75.1429,1630.0,6,0,0,0,0,0,0,0,0,,0,0,0,16,1,1,1,,0,39 58:47.528,,0,75 08:34.317,3,0,0,0,67301,0,0,0,N,0,0,0,2,67301,0,,1,1,,,,,0,,1,0,0,3,2,,1625,1,2,0,0,0,0,0,3,4,0,2,3,,N,,,,,,,,,,,
2009083818,915.0,0,0,0,0,0,0,0,0,0,7,0,,67,7,2009,3,39.935,-75.2352,900.0,6,0,0,0,0,0,0,0,0,,0,0,0,99,1,1,2,,0,39 56:06.029,,0,75 14:06.873,4,0,0,0,67301,0,0,0,N,0,0,0,1,67301,1,,2,9,,N,N,,0,,0,0,1,0,0,,9999,1,1,0,0,0,0,0,3,4,0,1,7,,N,,,,,,,,,,,
2009065407,1821.0,2,0,0,0,0,0,0,0,0,4,0,,67,5,2009,1,40.1001,-75.0084,1816.0,6,0,0,0,0,0,1,0,0,1.0,0,0,0,18,1,4,1,,2,40 06:00.998,2.0,0,75 00:30.701,4,0,0,0,67301,0,0,0,N,0,0,0,4,67301,1,,1,1,,N,N,,0,,0,0,0,3,2,N,1815,4,2,0,0,0,3,0,3,4,0,2,3,,N,,,,,,,,,,,
2009065462,125.0,2,0,0,0,0,0,0,0,0,5,0,,67,5,2009,4,39.9397,-75.1512,123.0,6,0,0,1,0,0,0,0,0,2.0,0,0,0,1,3,0,0,,1,39 56:22.995,1.0,0,75 09:04.345,0,0,0,0,67301,0,0,0,N,0,0,0,1,67301,0,,1,1,,,N,,0,,0,0,1,0,0,N,123,0,3,0,0,0,0,0,3,4,0,3,3,,N,,,,,,,,,,,
2009105873,8.0,2,0,0,0,0,0,0,0,0,1,0,,67,9,2009,4,40.0199,-75.1498,2.0,6,0,0,0,0,0,1,0,0,9.0,0,0,0,0,3,1,0,,1,40 01:11.420,1.0,0,75 08:59.488,8,0,0,0,67301,0,0,0,,0,0,0,2,67301,0,,1,1,,,,,0,,0,0,0,0,0,N,2,1,2,0,0,0,1,0,3,4,0,2,3,,N,,,,,,,,,,,
2009120457,40.0,2,0,0,0,0,0,0,0,0,4,0,,67,10,2009,7,39.9776,-75.1606,36.0,6,0,0,0,0,2,0,0,0,,0,0,0,0,3,1,1,,0,39 58:39.345,,0,75 09:38.332,4,0,0,0,67301,0,0,0,N,0,0,0,5,67301,1,,1,9,,N,N,,0,,0,0,0,2,3,,20,1,2,0,0,0,0,0,3,4,0,2,7,,N,,,,,,,,,,,
2009097426,1940.0,0,0,0,0,0,0,0,0,0,8,0,,67,8,2009,5,39.904,-75.1623,1940.0,6,0,0,0,0,0,0,0,0,,0,0,0,19,1,1,2,,0,39 54:14.223,,7,75 09:44.157,8,0,0,0,67301,1,0,0,N,1,0,0,2,67301,0,,1,1,,N,N,,1,,0,0,0,3,2,,1940,1,2,0,0,0,1,1,3,4,0,1,3,,N,,,,,,,,,,,
2009105644,830.0,1,0,0,0,0,0,0,0,0,4,0,,67,9,2009,2,40.0752,-75.1755,821.0,6,0,0,0,0,0,1,0,1,1.0,0,0,0,8,1,0,1,,1,40 04:30.637,6.0,0,75 10:31.875,0,0,0,0,67301,0,0,0,N,0,0,0,2,67301,0,,1,1,,N,N,,1,,0,0,0,3,3,Y,821,0,2,0,0,0,0,0,3,4,0,2,3,,N,,,,,,,,,,,
2009132551,1817.0,2,0,0,0,0,0,0,0,0,1,0,,67,12,2009,4,40.0242,-75.0315,1817.0,6,0,0,0,0,1,1,0,0,,0,0,0,18,3,1,0,,0,40 01:26.996,,0,75 01:53.416,8,0,0,0,67301,0,0,0,N,0,0,0,3,68K01,0,,1,1,,N,N,,0,,0,0,0,0,0,,1812,1,2,0,0,0,1,0,3,4,0,2,3,,N,,,,,,,,,,,
2009100823,2120.0,1,0,0,0,0,0,0,0,0,8,0,,67,9,2009,6,40.0392,-75.0668,2116.0,6,0,0,0,1,0,0,0,0,,0,0,0,20,3,1,1,,0,40 02:21.254,,0,75 04:00.550,8,0,0,0,67301,1,0,0,N,1,0,0,2,67301,0,,1,9,,N,N,,0,,0,0,0,3,2,,2040,1,2,0,0,0,1,0,3,4,0,1,7,,N,,,,,,,,,,,
2009108303,1424.0,2,0,0,0,0,0,0,0,0,1,0,,67,10,2009,2,40.0016,-75.0788,1423.0,6,0,0,0,0,0,0,0,0,1.0,0,0,0,14,1,0,0,,1,40 00:05.602,2.0,0,75 04:44.071,0,0,0,0,67301,0,0,0,N,0,0,0,5,68K01,0,,1,1,,N,N,,0,,0,0,1,0,0,N,1421,0,4,0,0,1,0,0,3,4,1,4,3,,N,,,,,,,,,,,
2009100562,1425.0,2,0,0,0,0,0,0,0,0,4,0,,67,9,2009,7,40.0518,-75.1538,1422.0,6,0,0,0,1,0,0,0,0,,0,0,0,14,1,2,2,,0,40 03:06.386,,0,75 09:13.744,4,0,0,0,67301,0,0,0,N,0,0,0,3,67301,2,,1,1,,N,N,,0,,0,0,0,0,0,,1418,2,2,0,0,0,0,1,3,4,0,2,3,,N,,,,,,,,,,,
2009025437,2356.0,2,0,0,0,0,0,0,0,0,4,0,,67,1,2009,7,40.0248,-75.1096,2351.0,6,0,0,0,0,0,0,0,0,,0,0,0,23,3,1,1,,0,40 01:29.516,,0,75 06:34.655,4,0,0,0,67301,0,0,0,,0,0,0,2,67301,1,,1,1,,,,,0,,0,0,0,0,0,,2303,1,2,0,0,0,0,0,3,4,0,2,3,,N,,,,,,,,,,,
2009025798,938.0,2,0,0,0,0,0,0,0,0,2,0,,67,1,2009,7,39.9939,-75.0802,933.0,6,0,0,0,0,0,0,0,0,,0,0,0,9,1,1,2,,0,39 59:42.079,,0,75 04:40.636,8,0,0,0,67301,0,0,0,N,0,0,0,5,67301,0,,1,1,,N,N,,0,,0,0,0,0,0,,930,1,3,0,0,0,1,1,3,4,0,3,3,,N,,,,,,,,,,,
2009037903,902.0,1,0,0,0,0,0,0,0,0,8,0,,67,2,2009,5,40.0083,-75.0712,902.0,6,0,0,0,0,0,0,0,0,,0,0,0,8,1,1,0,,0,40 00:29.759,,0,75 04:16.211,3,0,0,0,67301,1,0,0,N,1,0,0,5,67301,0,,1,1,,N,N,,0,,1,0,0,0,0,,855,1,2,0,0,0,0,0,3,4,0,1,3,,N,,,,,,,,,,,
2009025184,1710.0,1,0,0,0,0,0,0,0,0,4,0,,67,1,2009,4,39.9296,-75.1583,1706.0,6,0,0,0,0,0,0,1,0,,0,0,0,17,3,0,2,,0,39 55:46.552,,7,75 09:29.865,0,0,0,0,67301,0,0,0,N,0,0,0,2,67301,0,,1,1,,N,N,,0,,0,0,0,0,0,,1704,0,2,0,0,2,0,0,3,4,1,2,3,,N,,,,,,,,,,,
2009027870,1641.0,1,0,0,0,0,0,0,0,0,5,0,,67,2,2009,4,40.0078,-75.0719,1640.0,6,0,0,0,0,0,0,0,0,1.0,0,0,0,16,1,1,0,,1,40 00:27.149,2.0,0,75 04:20.949,8,0,0,0,67301,0,0,0,N,0,0,0,2,68K01,0,,1,1,,N,N,,0,,0,0,1,0,0,N,1638,1,2,0,0,0,1,1,3,4,0,2,3,,N,,,,,,,,,,,
2009028442,850.0,1,0,0,0,0,0,0,0,0,4,0,,67,1,2009,5,40.0846,-74.9689,843.0,6,0,0,0,0,0,0,0,0,1.0,0,0,0,8,1,1,0,,2,40 05:04.428,4.0,0,74 58:07.939,2,0,0,0,67301,0,0,0,Y,0,0,0,2,67301,0,,1,7,,N,N,,0,,0,1,1,0,0,N,842,1,2,0,0,0,0,0,3,4,0,2,10,,N,,,,,,,,,,,
2009032929,2000.0,2,0,0,0,0,0,0,0,0,1,0,,67,2,2009,5,39.9701,-75.1438,2000.0,6,0,0,0,0,0,1,0,0,,0,0,0,15,1,1,0,,0,39 58:12.360,,0,75 08:37.680,3,0,0,0,67301,0,0,0,,0,0,0,2,67301,0,,1,2,,,,,0,,1,0,0,0,0,,1500,1,2,0,0,0,0,1,3,4,0,2,3,,N,,,,,,,,,,,
2009032940,1220.0,1,0,0,0,0,0,0,0,0,1,0,,67,2,2009,2,39.921,-75.2289,1213.0,6,0,0,0,0,0,0,0,0,,0,0,0,11,1,1,1,,0,39 55:15.688,,0,75 13:44.130,8,0,0,0,67301,0,0,0,,0,0,0,2,67301,0,,1,1,,N,N,,1,,0,0,0,3,2,,1152,1,2,0,0,0,1,0,3,4,0,2,3,,N,,,,,,,,,,,
2009025428,2013.0,2,0,0,0,0,0,0,0,0,4,0,,67,1,2009,7,40.0694,-75.1654,2010.0,6,0,0,0,0,0,0,0,0,2.0,0,0,0,20,3,3,1,,2,40 04:09.667,5.0,0,75 09:55.263,4,0,0,0,67301,0,0,0,N,0,0,0,5,67301,3,,1,1,,N,N,,0,,0,0,0,3,3,Y,2005,3,2,0,0,0,0,0,3,4,0,2,3,,N,,,,,,,,,,,
2009099301,1725.0,1,0,0,0,0,0,0,0,0,7,0,,67,9,2009,7,39.9809,-75.1038,1718.0,6,0,0,0,0,0,0,0,0,1.0,0,0,0,17,1,0,0,,2,39 58:53.082,2.0,0,75 06:09.404,0,0,0,0,67301,0,0,0,N,0,0,0,2,68K01,0,,3,1,,N,N,,0,,0,0,0,0,0,N,1711,0,1,0,0,0,0,0,3,4,0,1,3,,N,,,,,,,,,,,
2009109620,2352.0,0,0,0,0,0,0,0,0,0,7,0,,67,10,2009,5,39.9598,-75.1784,2350.0,6,0,0,0,0,0,0,0,0,1.0,0,0,0,23,3,1,0,,1,39 57:35.376,3.0,0,75 10:42.314,4,0,0,1,67301,0,0,0,N,0,0,0,1,68K01,1,,2,1,,N,N,,0,,0,0,0,0,0,N,2347,1,1,0,0,0,0,0,3,4,0,1,3,,N,,,,,,,,,,,
2009112093,1040.0,0,0,0,0,0,0,0,0,0,6,0,,67,9,2009,3,39.9693,-75.2303,1032.0,6,0,0,0,0,0,2,0,0,,0,0,0,10,1,1,0,,0,39 58:09.382,,0,75 13:49.206,4,0,0,0,67301,0,0,0,N,0,0,0,2,67301,1,,1,1,,N,N,,0,,0,0,1,0,0,,1030,1,2,0,0,0,0,0,3,4,1,2,3,,N,,,,,,,,,,,
2009125167,838.0,1,0,0,0,0,0,0,0,0,4,0,,67,10,2009,1,40.0588,-75.0506,835.0,6,0,0,0,0,0,1,0,0,,0,0,0,8,1,2,1,,0,40 03:31.504,,0,75 03:02.099,4,0,0,0,67301,0,0,0,N,0,0,0,2,67301,2,,1,1,,N,N,,0,,0,0,1,3,3,,820,2,2,0,0,0,0,0,3,4,0,2,3,,N,,,,,,,,,,,
2009125274,1550.0,2,0,0,0,0,0,0,0,0,4,0,,67,11,2009,5,39.9231,-75.1699,1547.0,6,0,0,0,0,0,0,0,0,,0,0,0,15,1,2,1,,0,39 55:23.512,,0,75 10:11.995,4,0,0,0,67301,0,0,0,,0,0,0,8,67301,2,,1,1,,N,N,,0,,0,0,0,3,2,,1545,2,2,0,0,0,0,1,3,4,0,2,3,,N,,,,,,,,,,,
2009125284,23.0,1,0,0,0,0,0,0,0,0,1,0,,67,11,2009,6,40.0352,-75.1455,22.0,6,0,0,0,0,0,0,0,0,2.0,0,0,0,21,3,2,1,,1,40 02:06.884,2.0,0,75 08:44.049,4,0,0,0,67301,0,0,0,N,0,0,0,2,67301,2,,1,1,,N,N,,0,,0,0,1,3,2,Y,2128,2,2,0,0,0,0,0,3,4,0,2,3,,N,,,,,,,,,,,
2009111782,2341.0,2,0,0,0,0,0,0,0,0,1,0,,67,9,2009,7,40.1122,-74.9908,2328.0,6,0,0,0,0,0,0,0,0,,0,0,0,23,3,0,1,,0,40 06:44.590,,0,74 59:27.519,0,0,0,0,67301,0,0,0,N,0,0,0,2,67301,0,,1,9,,N,N,,0,,0,0,0,3,2,,2325,0,2,0,0,0,0,0,3,4,0,2,7,,N,,,,,,,,,,,
2009120401,1040.0,1,0,0,0,0,0,0,0,0,4,0,,67,11,2009,5,40.0068,-75.0828,1022.0,6,0,0,0,0,0,1,0,0,2.0,0,0,0,10,1,1,1,,1,40 00:24.490,4.0,0,75 04:57.907,4,0,0,0,67301,0,0,0,N,0,0,0,2,67301,1,,1,1,,N,N,,0,,0,0,0,3,3,N,1020,1,2,0,0,1,0,0,3,4,1,2,3,,N,,,,,,,,,,,
2009047477,1243.0,3,0,0,0,0,0,0,0,0,0,0,,67,4,2009,7,39.9061,-75.134,1243.0,6,0,0,0,0,0,1,0,0,1.0,0,0,0,12,1,1,0,,2,39 54:21.881,4.0,0,75 08:02.543,4,0,0,0,67301,0,0,0,N,0,0,0,11,67501,1,,1,1,,N,N,,2,,0,0,2,0,0,N,1243,1,7,0,0,0,0,0,3,4,0,7,3,,N,,,,,,,,,,,
2009037547,840.0,1,0,0,0,0,0,0,0,0,2,0,,67,2,2009,6,39.9449,-75.224,830.0,6,0,0,0,0,0,0,0,0,,0,0,0,8,1,1,1,,0,39 56:41.532,,0,75 13:26.572,8,0,0,0,67301,0,0,0,,0,0,0,3,67301,0,,1,1,,,,,0,,0,0,1,3,2,,825,1,2,0,0,0,1,0,3,4,0,2,3,,N,,,,,,,,,,,
2009039380,2245.0,1,0,0,0,0,0,0,0,0,5,0,,67,2,2009,7,39.9362,-75.1721,2240.0,6,0,0,0,0,0,1,1,0,,0,0,0,22,2,1,0,,0,39 56:10.404,,0,75 10:19.459,8,0,0,0,67301,0,0,0,,0,0,0,2,67301,0,,1,1,,N,N,,0,,0,0,1,3,3,,2235,1,2,0,0,0,1,0,3,4,0,2,3,,N,,,,,,,,,,,
2009037376,2305.0,4,0,0,0,0,0,0,0,0,1,0,,67,2,2009,7,40.0198,-75.149,2300.0,6,0,0,0,1,0,1,0,0,3.0,0,0,0,23,3,1,0,,1,40 01:11.268,2.0,0,75 08:56.030,4,0,0,0,67301,0,0,0,,0,0,0,8,67301,1,,1,1,,,,,0,,0,0,0,0,0,N,2300,1,4,0,0,0,0,0,3,4,0,4,3,,N,,,,,,,,,,,