CRN,ARRIVAL_TM,AUTOMOBILE_COUNT,BELTED_DEATH_COUNT,BELTED_SUSP_SERIOUS_INJ_COUNT,BICYCLE_COUNT,BICYCLE_DEATH_COUNT,BICYCLE_SUSP_SERIOUS_INJ_COUNT,BUS_COUNT,CHLDPAS_DEATH_COUNT,CHLDPAS_SUSP_SERIOUS_INJ_COUNT,COLLISION_TYPE,COMM_VEH_COUNT,CONS_ZONE_SPD_LIM,COUNTY,CRASH_MONTH,CRASH_YEAR,DAY_OF_WEEK,DEC_LAT,DEC_LONG,DISPATCH_TM,DISTRICT,DRIVER_COUNT_16YR,DRIVER_COUNT_17YR,DRIVER_COUNT_18YR,DRIVER_COUNT_19YR,DRIVER_COUNT_20YR,DRIVER_COUNT_50_64YR,DRIVER_COUNT_65_74YR,DRIVER_COUNT_75PLUS,EST_HRS_CLOSED,FATAL_COUNT,HEAVY_TRUCK_COUNT,HORSE_BUGGY_COUNT,HOUR_OF_DAY,ILLUMINATION,INJURY_COUNT,INTERSECT_TYPE,INTERSECTION_RELATED,LANE_CLOSED,LATITUDE,LN_CLOSE_DIR,LOCATION_TYPE,LONGITUDE,MAX_SEVERITY_LEVEL,MCYCLE_DEATH_COUNT,MCYCLE_SUSP_SERIOUS_INJ_COUNT,MOTORCYCLE_COUNT,MUNICIPALITY,NONMOTR_COUNT,NONMOTR_DEATH_COUNT,NONMOTR_SUSP_SERIOUS_INJ_COUNT,NTFY_HIWY_MAINT,PED_COUNT,PED_DEATH_COUNT,PED_SUSP_SERIOUS_INJ_COUNT,PERSON_COUNT,POLICE_AGCY,POSSIBLE_INJ_COUNT,RDWY_SURF_TYPE_CD,RELATION_TO_ROAD,ROAD_CONDITION,ROADWAY_CLEARED,SCH_BUS_IND,SCH_ZONE_IND,SECONDARY_CRASH,SMALL_TRUCK_COUNT,SPEC_JURIS_CD,SUSP_MINOR_INJ_COUNT,SUSP_SERIOUS_INJ_COUNT,SUV_COUNT,TCD_FUNC_CD,TCD_TYPE,TFC_DETOUR_IND,TIME_OF_DAY,TOT_INJ_COUNT,TOTAL_UNITS,UNB_DEATH_COUNT,UNB_SUSP_SERIOUS_INJ_COUNT,UNBELTED_OCC_COUNT,UNK_INJ_DEG_COUNT,UNK_INJ_PER_COUNT,URBAN_AREA,URBAN_RURAL,VAN_COUNT,VEHICLE_COUNT,WEATHER1,WEATHER2,WORK_ZONE_IND,WORK_ZONE_LOC,WORK_ZONE_TYPE,WORKERS_PRES,WZ_CLOSE_DETOUR,WZ_FLAGGER,WZ_LAW_OFFCR_IND,WZ_LN_CLOSURE,WZ_MOVING,WZ_OTHER,WZ_SHLDER_MDN,WZ_WORKERS_INJ_KILLED
2009039261,1906.0,2,0,0,0,0,0,0,0,0,1,0,,67,2,2009,4,39.9711,-75.2288,1904.0,6,0,0,0,0,0,1,0,0,,0,0,0,19,3,1,1,,0,39 58:16.003,,0,75 13:43.507,4,0,0,0,67301,0,0,0,N,0,0,0,2,67301,1,,1,1,,N,N,,0,,0,0,0,3,2,,1902,1,2,0,0,0,0,0,3,4,0,2,3,,N,,,,,,,,,,,
2009049651,36.0,1,0,0,0,0,0,0,0,0,7,0,,67,3,2009,6,40.0124,-75.2045,33.0,6,0,0,0,1,0,0,0,0,1.0,0,0,0,0,3,1,0,,2,40 00:43.348,4.0,0,75 12:17.107,4,0,0,0,67301,0,0,0,,0,0,0,2,67301,1,,7,1,,,,,0,,0,0,0,0,0,Y,31,1,1,0,0,0,0,0,3,4,0,1,3,,N,,,,,,,,,,,
2009036883,2130.0,0,0,0,0,0,0,0,0,0,8,0,,67,3,2009,1,39.9835,-75.1156,2126.0,6,0,0,0,0,0,0,0,0,,0,0,0,20,3,1,1,,0,39 59:00.775,,0,75 06:56.157,4,0,0,0,67301,1,0,0,,1,0,0,2,67301,1,,1,1,,,,,0,,0,0,1,3,2,,2030,1,2,0,0,0,0,1,3,4,0,1,3,,N,,,,,,,,,,,
2009047175,905.0,1,0,0,0,0,0,0,0,0,7,0,,67,3,2009,4,39.9216,-75.1906,855.0,6,0,0,0,0,0,0,0,0,1.0,0,0,0,8,2,1,0,,1,39 55:17.640,2.0,3,75 11:26.081,4,0,0,0,67301,0,0,0,,0,0,0,1,67301,1,,2,9,,,,,0,,0,0,0,2,8,N,850,1,1,0,0,0,0,0,3,4,0,1,7,,N,,,,,,,,,,,
2009073201,837.0,3,0,0,0,0,0,0,0,0,2,0,,67,6,2009,4,40.0258,-75.1328,835.0,6,0,0,0,0,0,1,0,0,1.0,0,0,0,8,1,4,1,,2,40 01:32.829,7.0,0,75 07:58.227,8,0,0,0,67301,0,0,0,N,0,0,0,5,67301,0,,1,1,,N,N,,0,,0,0,0,3,2,N,830,4,3,0,0,0,4,0,3,4,0,3,3,,N,,,,,,,,,,,
2009124474,733.0,2,0,0,0,0,0,0,0,0,7,0,,67,11,2009,5,39.9612,-75.1466,733.0,6,0,0,0,0,0,0,0,0,1.0,0,0,0,7,1,0,1,,1,39 57:40.430,3.0,0,75 08:47.717,0,0,0,0,67301,0,0,0,N,0,0,0,5,67301,0,,5,98,,N,N,,0,,0,0,0,3,2,N,733,0,2,0,0,3,0,0,3,4,0,2,98,,N,,,,,,,,,,,
2009097187,1340.0,2,0,0,0,0,0,0,0,0,4,0,,67,9,2009,7,40.0407,-75.1584,1330.0,6,0,0,0,0,0,0,0,0,,0,0,0,13,1,1,2,,0,40 02:26.566,,0,75 09:30.254,8,0,0,0,67301,0,0,0,N,0,0,0,2,67301,0,,1,1,,N,N,,0,,0,0,0,3,3,,1320,1,2,0,0,0,1,0,3,4,0,2,3,,N,,,,,,,,,,,
2009054915,1452.0,1,0,0,0,0,0,0,0,0,4,0,,67,4,2009,6,39.9407,-75.2341,1447.0,6,0,0,0,0,0,0,0,0,,0,0,0,14,1,1,2,,0,39 56:26.520,,0,75 14:02.864,8,0,0,1,67301,0,0,0,N,0,0,0,3,67301,0,,1,1,,N,N,,0,,0,0,0,0,0,,1445,1,2,0,0,0,1,0,3,4,0,2,3,,N,,,,,,,,,,,
2009124381,1430.0,3,0,0,0,0,0,0,0,0,4,0,,67,11,2009,6,39.9545,-75.2149,1428.0,6,0,0,0,0,0,1,0,0,,0,0,0,14,1,2,1,,0,39 57:16.045,,0,75 12:53.647,3,0,0,0,67301,0,0,0,N,0,0,0,4,67301,0,,1,1,,N,N,,0,,2,0,0,3,3,,1405,2,3,0,0,0,0,0,3,4,0,3,3,,N,,,,,,,,,,,
2009121892,754.0,1,0,0,0,0,0,0,0,0,5,1,,67,10,2009,3,39.9779,-75.2018,754.0,6,0,0,0,0,0,0,0,0,,0,1,0,7,1,1,0,,0,39 58:42.960,,0,75 12:10.440,8,0,0,0,67301,0,0,0,N,0,0,0,2,68K01,0,,1,1,,N,N,,0,,0,0,0,0,0,,746,1,2,0,0,0,1,0,3,4,0,2,3,,N,,,,,,,,,,,
2009124430,9999.0,2,0,0,0,0,0,0,0,0,4,0,,67,11,2009,6,40.0313,-75.105,9999.0,6,0,0,0,0,0,1,0,0,,0,0,0,6,3,1,0,,0,40 01:51.726,,7,75 06:16.720,4,0,0,0,67301,0,0,0,,0,0,0,3,67301,1,,1,1,,N,N,,0,,0,0,0,0,0,,630,1,2,0,0,3,0,0,3,4,0,2,3,,N,,,,,,,,,,,
2009124168,2014.0,1,0,0,0,0,0,0,0,0,1,0,,67,11,2009,2,39.9446,-75.1913,2008.0,6,0,0,1,0,0,0,0,0,,0,0,0,20,3,0,6,,0,39 56:43.369,,2,75 11:25.410,0,0,0,0,67301,0,0,0,N,0,0,0,4,68K01,0,,7,1,,N,N,,1,,0,0,0,3,4,,2000,0,2,0,0,0,0,0,3,4,0,2,3,,N,,,,,,,,,,,
2009065385,1423.0,1,0,0,0,0,0,0,0,0,4,0,,67,5,2009,1,40.0086,-75.0688,1420.0,6,0,0,0,0,0,0,1,0,,0,0,0,14,1,3,1,,0,40 00:31.249,,0,75 04:07.877,3,0,0,0,67301,0,0,0,N,0,0,0,4,67301,0,,1,1,,N,N,,0,,2,0,1,3,2,,1417,3,2,0,0,0,1,0,3,4,0,2,3,,N,,,,,,,,,,,
2009065422,939.0,2,0,0,0,0,0,0,0,0,4,0,,67,5,2009,6,40.0667,-75.178,939.0,6,0,0,0,1,0,0,0,1,1.0,0,0,0,9,1,0,1,,1,40 04:00.293,1.0,0,75 10:40.850,0,0,0,0,67301,0,0,0,N,0,0,0,3,67301,0,,1,1,,N,,,1,,0,0,0,3,3,Y,920,0,3,0,0,0,0,0,3,4,0,3,3,,N,,,,,,,,,,,
2009125095,1045.0,1,0,0,0,0,0,0,0,0,2,0,,67,11,2009,2,40.0739,-75.0776,1039.0,6,0,0,0,0,0,0,1,0,1.0,0,0,0,10,1,2,1,,1,40 04:26.082,4.0,0,75 04:39.292,8,0,0,0,67301,0,0,0,N,0,0,0,3,67301,0,,1,1,,N,N,,1,,0,0,0,0,0,N,1030,2,2,0,0,0,2,0,3,4,0,2,3,,N,,,,,,,,,,,
2009125227,1733.0,1,0,0,0,0,0,0,0,0,5,0,,67,11,2009,7,39.9133,-75.2368,1730.0,6,0,0,0,0,0,0,0,0,,0,0,0,16,3,1,0,,0,39 54:48.022,,0,75 14:12.646,8,0,0,0,67301,1,0,0,N,0,0,0,2,67301,0,,6,1,,N,N,,1,,0,0,0,0,0,,1615,1,2,0,0,0,1,0,3,4,0,2,3,,N,,,,,,,,,,,
2009133147,50.0,1,0,0,0,0,0,0,0,0,1,0,,67,10,2009,7,39.979,-75.1086,50.0,6,0,0,0,0,0,0,0,0,1.0,0,0,0,0,3,1,0,,1,39 58:44.851,1.0,0,75 06:31.275,4,0,0,0,67301,0,0,0,N,0,0,0,2,68K03,1,,1,9,,N,N,,1,,0,0,0,0,0,N,49,1,2,0,0,0,0,0,3,4,0,2,7,,N,,,,,,,,,,,
2009125270,1900.0,1,0,0,0,0,0,0,0,0,8,0,,67,11,2009,7,40.0413,-75.158,1900.0,6,0,0,0,0,0,0,0,0,,0,0,0,18,3,1,2,,0,40 02:28.579,,0,75 09:28.736,4,0,0,0,67301,1,0,0,N,1,0,0,2,67301,1,,1,1,,N,N,,0,,0,0,0,3,3,,1845,1,2,0,0,0,0,1,3,4,0,1,3,,N,,,,,,,,,,,
2009125285,1025.0,1,0,0,0,0,0,0,0,0,8,0,,67,11,2009,2,40.0408,-75.1276,1020.0,6,0,0,0,0,0,0,0,0,,0,0,0,7,1,1,1,,0,40 02:26.872,,0,75 07:39.500,4,0,0,0,67301,1,0,0,,1,0,0,2,67301,1,,1,1,,N,Y,,0,,0,0,0,3,3,,700,1,2,0,0,0,0,0,3,4,0,1,3,,N,,,,,,,,,,,
2009114301,232.0,1,0,0,0,0,0,0,0,0,7,0,,67,10,2009,3,40.0085,-75.2107,229.0,6,0,0,0,0,1,0,0,0,2.0,0,0,0,2,3,0,1,,2,40 00:30.523,2.0,0,75 12:40.023,9,0,0,0,67301,0,0,0,N,0,0,0,1,46104,0,,1,1,,N,N,,0,,0,0,0,3,2,N,229,0,1,0,0,0,0,1,3,4,0,1,3,,N,,,,,,,,,,,
2009032131,2351.0,2,0,0,0,0,0,0,0,0,5,0,,67,2,2009,6,39.9381,-75.1979,2349.0,6,0,0,0,0,0,0,0,0,,0,0,0,23,3,0,0,,0,39 56:24.065,,0,75 11:45.406,0,0,0,0,67301,0,0,0,N,0,0,0,2,68K01,0,,1,1,,N,N,,0,,0,0,0,4,8,,2338,0,2,0,0,0,0,0,3,4,0,2,3,,N,,,,,,,,,,,
2009044370,1608.0,2,0,0,0,0,0,0,0,0,4,0,,67,3,2009,5,39.93,-75.1803,1602.0,6,0,0,0,0,0,0,0,0,,0,0,0,15,1,1,1,,0,39 55:47.820,,0,75 10:48.932,4,0,0,0,67301,0,0,0,N,0,0,0,2,67301,1,,1,9,,N,Y,,0,,0,0,0,9,3,,1502,1,2,0,0,0,0,0,3,4,0,2,3,,N,,,,,,,,,,,
2009044382,9999.0,0,0,0,0,0,0,0,0,0,1,0,,67,3,2009,2,39.999,-75.1332,9999.0,6,0,1,0,0,0,0,0,0,,0,0,0,15,1,1,1,,0,39 59:56.705,,0,75 07:59.559,8,0,0,0,67301,0,0,0,N,0,0,0,4,67301,0,,1,2,,N,N,,2,,0,0,0,3,2,,1540,1,2,0,0,0,1,1,3,4,0,2,10,,N,,,,,,,,,,,
2009037500,1350.0,1,0,0,0,0,0,0,0,0,7,0,,67,2,2009,4,39.9196,-75.2307,1345.0,6,0,0,0,0,0,1,0,0,,0,0,0,13,1,1,0,,0,39 55:10.452,,0,75 13:50.502,8,0,0,0,67301,0,0,0,,0,0,0,1,67301,0,,2,1,,,,,0,,0,0,0,0,0,,1345,1,1,0,0,0,1,0,3,4,0,1,3,,N,,,,,,,,,,,
2009039390,100.0,1,0,0,0,0,0,0,0,0,2,0,,67,2,2009,2,40.0298,-75.1404,2330.0,6,0,0,1,0,1,0,0,0,,0,0,0,23,3,2,1,,0,40 01:47.384,,0,75 08:25.573,3,0,0,0,67301,0,0,0,N,0,0,0,3,67301,1,,1,1,,N,N,,0,,1,0,0,3,3,,2330,2,2,0,0,0,0,0,3,4,1,2,3,,N,,,,,,,,,,,
2009044570,1822.0,1,0,0,0,0,0,0,0,0,4,0,,67,3,2009,5,40.0428,-75.1135,1814.0,6,0,0,0,0,0,0,0,0,,0,0,0,17,1,1,1,,0,40 02:33.857,,0,75 06:48.818,4,0,0,0,67301,0,0,0,N,0,0,0,2,67301,1,,1,1,,N,N,,0,,0,0,1,3,2,,1740,1,2,0,0,0,0,0,3,4,0,2,3,,N,,,,,,,,,,,
2009039554,1138.0,1,0,0,0,0,0,0,0,0,7,0,,67,2,2009,3,40.0125,-75.0733,1138.0,6,0,0,0,0,0,0,0,0,,0,0,0,11,1,1,0,,0,40 00:45.095,,0,75 04:24.013,4,0,0,0,67301,0,0,0,,0,0,0,1,67301,1,,5,1,,N,N,,0,,0,0,0,0,0,,1135,1,1,0,0,0,0,0,3,4,0,1,3,,N,,,,,,,,,,,
2009039663,1003.0,3,0,0,0,0,0,0,0,0,1,0,,67,1,2009,6,39.9843,-75.2458,1000.0,6,0,0,0,0,0,3,0,0,,0,0,0,10,1,2,1,,0,39 59:03.406,,0,75 14:44.749,8,0,0,0,67301,0,0,0,N,0,0,0,4,67301,0,,1,1,,N,N,,0,,0,0,0,0,0,,1000,2,3,0,0,0,2,1,3,4,0,3,3,,N,,,,,,,,,,,
2009037346,1610.0,0,0,0,0,0,0,0,0,0,2,0,,67,2,2009,6,39.9182,-75.2089,1602.0,6,0,0,0,0,0,1,0,0,3.0,0,0,0,15,1,1,1,,1,39 55:05.641,4.0,0,75 12:31.417,4,0,0,0,67301,0,0,0,,0,0,0,3,67301,1,,1,1,,,,,1,,0,0,1,3,2,Y,1510,1,2,0,0,0,0,0,3,4,0,2,3,,N,,,,,,,,,,,
2009039240,2350.0,1,0,0,0,0,0,0,0,0,7,0,,67,2,2009,7,40.0363,-75.2366,2348.0,6,0,0,0,0,0,0,0,0,,0,0,0,23,3,0,2,,0,40 02:10.579,,0,75 14:11.882,0,0,0,0,67301,0,0,0,N,0,0,0,1,67301,0,,4,9,,N,N,,0,,0,0,0,9,3,,2330,0,1,0,0,0,0,0,3,4,0,1,7,,N,,,,,,,,,,,
2009039279,1553.0,0,0,0,1,0,0,1,0,0,5,1,,67,2,2009,2,39.9507,-75.1504,1550.0,6,0,0,0,0,0,0,0,0,,0,0,0,10,1,1,1,,0,39 57:02.546,,0,75 09:01.348,3,0,0,0,67301,1,0,0,N,0,0,0,2,67301,0,,1,1,,N,N,,0,,1,0,0,9,2,,1045,1,2,0,0,0,0,1,3,4,0,1,3,,N,,,,,,,,,,,
2009039298,1840.0,1,0,0,0,0,0,0,0,0,8,0,,67,2,2009,6,39.9458,-75.1831,1838.0,6,0,0,0,0,0,0,0,0,,0,0,0,18,3,1,1,,0,39 56:44.984,,0,75 10:59.210,8,0,0,0,67301,1,0,0,,1,0,0,2,67301,0,,1,1,,,,,0,,0,0,0,9,3,,1835,1,2,0,0,0,1,0,3,4,0,1,3,,N,,,,,,,,,,,
2009036818,1752.0,3,0,0,0,0,0,0,0,0,5,0,,67,2,2009,1,40.0115,-75.0768,1749.0,6,0,0,0,0,0,0,0,0,,0,0,0,17,3,1,0,,0,40 00:41.056,,0,75 04:36.831,4,0,0,0,67301,0,0,0,N,0,0,0,1,67301,1,,1,1,,N,N,,0,,0,0,0,0,0,,1749,1,3,0,0,1,0,0,3,4,0,3,3,,N,,,,,,,,,,,
2009049586,2257.0,2,0,0,0,0,0,0,0,0,1,0,,67,4,2009,5,40.0333,-75.1312,2255.0,6,0,0,0,0,0,0,0,0,1.0,0,0,0,22,3,6,0,,2,40 01:59.986,1.0,0,75 07:52.206,4,0,0,0,67301,0,0,0,N,0,0,0,7,67301,6,,1,1,,N,N,,0,,0,0,0,0,0,Y,2255,6,2,0,0,0,0,0,3,4,0,2,3,,N,,,,,,,,,,,
2009044468,508.0,0,0,0,0,0,0,0,0,0,7,0,,67,3,2009,1,39.9662,-75.204,508.0,6,0,0,0,0,0,0,0,0,,0,0,0,5,3,1,1,,0,39 57:58.222,,6,75 12:14.245,4,0,0,0,67301,0,0,0,N,0,0,0,1,67301,1,,5,1,,N,N,,0,,0,0,1,3,3,,508,1,1,0,0,0,0,0,3,4,0,1,3,,N,,,,,,,,,,,
2009070626,2042.0,1,0,0,0,0,0,0,0,0,7,0,,67,7,2009,6,39.8862,-75.2125,2030.0,6,0,0,0,0,0,0,0,0,2.0,0,0,0,20,3,1,0,,2,39 53:09.960,2.0,0,75 12:42.840,3,0,0,0,67301,0,0,0,N,0,0,0,2,68K01,0,,2,1,,N,N,,0,,1,0,0,0,0,N,2028,1,1,0,0,0,0,0,3,4,0,1,3,,N,,,,,,,,,,,
2009097128,1950.0,1,0,0,0,0,0,0,0,0,8,0,,67,9,2009,4,40.0019,-75.1306,1945.0,6,0,0,0,0,0,0,0,0,,0,0,0,19,4,1,1,,0,40 00:06.699,,0,75 07:50.138,4,0,0,0,67301,1,0,0,N,1,0,0,2,67301,1,,1,1,,N,N,,0,,0,0,0,2,3,,1940,1,2,0,0,0,0,0,3,4,0,1,3,,N,,,,,,,,,,,
2009097154,1630.0,2,0,0,0,0,0,0,0,0,4,0,,67,9,2009,6,39.9079,-75.154,1630.0,6,0,0,0,0,0,0,0,0,,0,0,0,15,1,2,0,,0,39 54:28.285,,0,75 09:14.436,4,0,0,0,67301,0,0,0,,0,0,0,2,67301,2,,1,1,,,,,0,,0,0,0,0,0,,1530,2,2,0,0,0,0,0,3,4,0,2,3,,N,,,,,,,,,,,
2009097193,1320.0,2,0,0,0,0,0,0,0,0,4,0,,67,9,2009,4,39.9334,-75.1811,1317.0,6,0,0,0,0,0,0,0,0,1.0,0,0,0,13,1,3,1,,2,39 56:00.200,1.0,0,75 10:52.082,4,0,0,0,67301,0,0,0,,0,0,0,3,67301,3,,1,1,,,,,0,,0,0,0,3,2,N,1315,3,3,0,0,0,0,0,3,4,1,3,3,,N,,,,,,,,,,,
2009097194,1143.0,0,0,0,0,0,0,0,0,0,4,0,,67,9,2009,6,39.9384,-75.171,1140.0,6,0,0,0,0,0,0,0,0,,0,0,0,11,1,2,2,,0,39 56:18.171,,0,75 10:15.563,8,0,0,0,67301,0,0,0,N,0,0,0,3,67301,0,,1,1,,N,N,,0,,0,0,1,0,0,,1138,2,2,0,0,2,2,0,3,4,1,2,3,,N,,,,,,,,,,,
2009054912,1940.0,1,0,0,0,0,0,0,0,0,7,0,,67,4,2009,4,40.0678,-75.0405,1933.0,6,0,0,0,0,0,0,0,0,2.0,0,0,0,19,3,1,0,,1,40 04:04.029,2.0,0,75 02:25.907,4,0,0,0,67301,0,0,0,,0,0,0,2,67301,1,,4,6,,N,N,,0,,0,0,0,0,0,N,1933,1,1,0,0,0,0,0,3,4,0,1,9,,N,,,,,,,,,,,
2009124300,924.0,2,0,0,0,0,0,0,0,0,1,0,,67,11,2009,5,39.9507,-75.2058,923.0,6,0,0,0,0,0,0,0,0,,0,0,0,9,1,1,0,,0,39 57:02.607,,0,75 12:20.868,8,0,0,0,67301,0,0,0,N,0,0,0,2,67301,0,,1,1,,N,N,,0,,0,0,0,0,0,,920,1,2,0,0,0,1,1,3,4,0,2,3,,N,,,,,,,,,,,
2009124410,329.0,1,0,0,0,0,0,0,0,0,7,0,,67,11,2009,7,40.076,-75.0423,323.0,6,0,0,0,0,0,0,0,0,,0,0,0,3,3,1,0,,0,40 04:33.618,,0,75 02:32.172,4,0,0,0,67301,0,0,0,N,0,0,0,1,67301,1,,1,9,,N,N,,0,,0,0,0,0,0,,325,1,1,0,0,0,0,0,3,4,0,1,7,,N,,,,,,,,,,,
2009124433,1621.0,0,0,0,1,0,0,0,0,0,4,0,,67,11,2009,7,39.9265,-75.1692,1610.0,6,0,0,0,0,0,0,0,0,,0,0,0,16,1,1,0,,0,39 55:34.874,,0,75 10:09.062,4,0,0,0,67301,1,0,0,N,0,0,0,2,67301,1,,1,1,,N,N,,0,,0,0,1,0,0,,1600,1,2,0,0,0,0,0,3,4,0,1,3,,N,,,,,,,,,,,
2009083731,1415.0,2,0,0,0,0,0,0,0,0,1,0,,67,7,2009,7,40.0267,-75.0972,1400.0,6,0,0,0,0,0,1,0,0,,0,0,0,13,1,1,0,,0,40 01:36.250,,0,75 05:49.968,4,0,0,0,67301,0,0,0,N,0,0,0,2,67301,1,,1,1,,N,N,,0,,0,0,0,0,0,,1359,1,2,0,0,0,0,0,3,4,0,2,3,,N,,,,,,,,,,,
2009083734,1541.0,2,0,0,0,0,0,0,0,0,5,0,,67,7,2009,6,40.0152,-75.0927,1535.0,6,0,0,0,0,0,0,1,0,,0,0,0,15,1,1,0,,0,40 00:54.669,,0,75 05:33.738,8,0,0,0,67301,0,0,0,N,0,0,0,1,67301,0,,1,1,,N,N,,0,,0,0,1,0,0,,1522,1,3,0,0,0,1,0,3,4,0,3,3,,N,,,,,,,,,,,
2009083767,740.0,2,0,0,0,0,0,0,0,0,5,0,,67,7,2009,3,39.9402,-75.2164,816.0,6,0,0,0,0,0,0,0,0,,0,0,0,7,1,5,1,,0,39 56:24.543,,0,75 12:58.939,4,0,0,0,67301,0,0,0,N,0,0,0,9,67301,4,,1,9,,N,Y,,0,,0,0,0,3,2,,740,5,3,0,0,0,1,0,3,4,1,3,7,,N,,,,,,,,,,,
2009083786,1305.0,0,0,0,0,0,0,0,0,0,8,0,,67,7,2009,5,39.9842,-75.1025,1300.0,6,0,0,0,0,0,0,0,0,,0,0,0,12,1,1,1,,0,39 59:02.943,,0,75 06:09.192,4,0,0,0,67301,1,0,0,N,1,0,0,2,67301,1,,1,1,,N,N,,1,,0,0,0,0,0,,1255,1,2,0,0,0,0,0,3,4,0,1,3,,N,,,,,,,,,,,
2009124172,1534.0,4,0,0,0,0,0,0,0,0,1,0,,67,12,2009,3,39.9733,-75.1199,1521.0,6,0,0,0,0,0,1,0,0,1.0,0,0,0,15,1,2,0,,2,39 58:26.980,1.0,0,75 07:07.056,8,0,0,0,67301,0,0,0,N,0,0,0,5,68K01,0,,1,1,,N,N,,0,,0,0,0,0,0,N,1519,2,4,0,0,0,2,0,3,4,0,4,3,,N,,,,,,,,,,,
2009120628,1030.0,1,0,0,0,0,0,0,0,0,4,0,,67,11,2009,7,40.0984,-75.0471,1028.0,6,0,0,0,0,0,1,0,0,,0,0,0,10,1,1,1,,0,40 05:54.088,,0,75 02:49.438,4,0,0,0,67301,0,0,0,N,0,0,0,3,67301,1,,1,1,,N,N,,1,,0,0,0,3,2,,1026,1,2,0,0,0,0,2,3,4,0,2,3,,N,,,,,,,,,,,
2009111418,1940.0,1,0,0,0,0,0,0,0,0,6,0,,67,9,2009,3,39.9622,-75.2427,940.0,6,0,0,0,0,0,0,0,0,,0,0,0,19,3,1,1,,0,39 57:43.678,,0,75 14:34.038,8,0,0,1,67301,0,0,0,,0,0,0,3,67301,0,,1,1,,,,,0,,0,0,0,3,2,,1940,1,2,0,0,0,1,0,3,4,0,2,3,,N,,,,,,,,,,,
2009073145,1540.0,0,0,0,0,0,0,0,0,0,7,0,,67,6,2009,2,39.9775,-75.201,1535.0,6,0,0,0,0,0,0,0,0,,0,0,0,15,1,0,0,,0,39 58:41.160,,0,75 12:07.920,0,0,0,0,67301,0,0,0,N,0,0,0,1,68K01,0,,2,1,,N,N,,0,,0,0,1,0,0,,1532,0,1,0,0,0,0,0,3,4,0,1,3,,N,,,,,,,,,,,
2009073153,1624.0,2,0,0,0,0,0,0,0,0,1,0,,67,7,2009,6,39.9265,-75.1469,1610.0,6,0,0,0,0,0,0,1,0,,0,0,0,16,1,0,0,,0,39 55:35.040,,0,75 08:48.840,0,0,0,0,67301,0,0,0,N,0,0,0,3,68K01,0,,1,1,,N,N,,0,,0,0,0,0,0,,1608,0,2,0,0,0,0,0,3,4,0,2,3,,N,,,,,,,,,,,
2009113537,20.0,0,0,0,0,0,0,0,0,0,7,1,,67,10,2009,6,39.9318,-75.1997,2349.0,6,0,0,0,0,0,1,0,0,3.0,0,1,0,23,3,1,0,,2,39 55:56.612,4.0,0,75 12:00.011,8,0,0,0,67301,0,0,0,Y,0,0,0,1,68K01,0,,2,9,,N,N,,0,,0,0,0,0,0,Y,2347,1,1,0,0,0,1,0,3,4,0,1,7,,N,,,,,,,,,,,
2009118962,1130.0,1,0,0,0,0,0,0,0,0,1,0,,67,10,2009,7,39.9983,-75.1274,1125.0,6,0,0,0,0,0,0,0,0,,0,0,0,11,1,1,1,,0,39 59:53.719,,0,75 07:38.507,8,0,0,0,67301,0,0,0,N,0,0,0,4,67301,0,,1,9,,N,N,,0,,0,0,0,3,3,,1103,1,2,0,0,0,1,0,3,4,1,2,7,,N,,,,,,,,,,,
2009111211,1600.0,1,0,0,0,0,0,0,0,0,7,0,,67,10,2009,3,40.0776,-75.1676,1552.0,6,0,0,0,0,0,0,0,0,4.0,0,0,0,14,1,1,0,,2,40 04:39.293,5.0,99,75 10:03.473,3,0,0,0,67301,0,0,0,N,0,0,0,1,67301,0,,5,1,,N,N,,0,,1,0,0,0,0,Y,1402,1,1,0,0,0,0,0,3,4,0,1,3,,N,,,,,,,,,,,
2009120723,259.0,1,0,0,0,0,0,0,0,0,1,0,,67,10,2009,6,39.9851,-75.2474,254.0,6,0,0,0,0,0,1,0,0,,0,0,0,2,3,2,1,,0,39 59:06.236,,0,75 14:50.528,4,0,0,0,67301,0,0,0,N,0,0,0,3,67301,2,,1,1,,N,N,,0,,0,0,1,3,2,,254,2,2,0,0,0,0,0,3,4,0,2,3,,N,,,,,,,,,,,
2009100585,2204.0,5,0,0,0,0,0,0,0,0,5,0,,67,9,2009,1,39.9513,-75.1991,2153.0,6,0,0,0,0,0,0,0,0,,0,0,0,21,3,1,0,,0,39 57:04.798,,0,75 11:56.832,8,0,0,0,67301,0,0,0,N,0,0,0,1,67301,0,,2,1,,N,N,,0,,0,0,1,0,0,,2134,1,6,0,0,0,1,0,3,4,0,6,3,,N,,,,,,,,,,,
2009025656,54.0,1,0,0,0,0,0,0,0,0,4,0,,67,1,2009,2,40.0449,-75.0803,51.0,6,0,0,0,0,0,0,0,0,2.0,0,0,0,0,3,0,1,,2,40 02:41.686,5.0,0,75 04:49.238,0,0,0,0,67301,0,0,0,N,0,0,0,3,67301,0,,1,1,,N,N,,0,,0,0,0,3,2,Y,50,0,2,0,0,0,0,0,3,4,1,2,3,,N,,,,,,,,,,,