CRN,ARRIVAL_TM,AUTOMOBILE_COUNT,BELTED_DEATH_COUNT,BELTED_SUSP_SERIOUS_INJ_COUNT,BICYCLE_COUNT,BICYCLE_DEATH_COUNT,BICYCLE_SUSP_SERIOUS_INJ_COUNT,BUS_COUNT,CHLDPAS_DEATH_COUNT,CHLDPAS_SUSP_SERIOUS_INJ_COUNT,COLLISION_TYPE,COMM_VEH_COUNT,CONS_ZONE_SPD_LIM,COUNTY,CRASH_MONTH,CRASH_YEAR,DAY_OF_WEEK,DEC_LAT,DEC_LONG,DISPATCH_TM,DISTRICT,DRIVER_COUNT_16YR,DRIVER_COUNT_17YR,DRIVER_COUNT_18YR,DRIVER_COUNT_19YR,DRIVER_COUNT_20YR,DRIVER_COUNT_50_64YR,DRIVER_COUNT_65_74YR,DRIVER_COUNT_75PLUS,EST_HRS_CLOSED,FATAL_COUNT,HEAVY_TRUCK_COUNT,HORSE_BUGGY_COUNT,HOUR_OF_DAY,ILLUMINATION,INJURY_COUNT,INTERSECT_TYPE,INTERSECTION_RELATED,LANE_CLOSED,LATITUDE,LN_CLOSE_DIR,LOCATION_TYPE,LONGITUDE,MAX_SEVERITY_LEVEL,MCYCLE_DEATH_COUNT,MCYCLE_SUSP_SERIOUS_INJ_COUNT,MOTORCYCLE_COUNT,MUNICIPALITY,NONMOTR_COUNT,NONMOTR_DEATH_COUNT,NONMOTR_SUSP_SERIOUS_INJ_COUNT,NTFY_HIWY_MAINT,PED_COUNT,PED_DEATH_COUNT,PED_SUSP_SERIOUS_INJ_COUNT,PERSON_COUNT,POLICE_AGCY,POSSIBLE_INJ_COUNT,RDWY_SURF_TYPE_CD,RELATION_TO_ROAD,ROAD_CONDITION,ROADWAY_CLEARED,SCH_BUS_IND,SCH_ZONE_IND,SECONDARY_CRASH,SMALL_TRUCK_COUNT,SPEC_JURIS_CD,SUSP_MINOR_INJ_COUNT,SUSP_SERIOUS_INJ_COUNT,SUV_COUNT,TCD_FUNC_CD,TCD_TYPE,TFC_DETOUR_IND,TIME_OF_DAY,TOT_INJ_COUNT,TOTAL_UNITS,UNB_DEATH_COUNT,UNB_SUSP_SERIOUS_INJ_COUNT,UNBELTED_OCC_COUNT,UNK_INJ_DEG_COUNT,UNK_INJ_PER_COUNT,URBAN_AREA,URBAN_RURAL,VAN_COUNT,VEHICLE_COUNT,WEATHER1,WEATHER2,WORK_ZONE_IND,WORK_ZONE_LOC,WORK_ZONE_TYPE,WORKERS_PRES,WZ_CLOSE_DETOUR,WZ_FLAGGER,WZ_LAW_OFFCR_IND,WZ_LN_CLOSURE,WZ_MOVING,WZ_OTHER,WZ_SHLDER_MDN,WZ_WORKERS_INJ_KILLED
2009030820,2037.0,1,0,0,0,0,0,0,0,0,4,0,,67,2,2009,5,40.0466,-75.1235,35.0,6,0,0,0,0,0,0,1,0,,0,0,0,20,3,1,0,,0,40 02:47.619,,0,75 07:24.693,3,0,0,1,67301,0,0,0,,0,0,0,2,67301,0,,1,1,,N,N,,0,,1,0,0,0,0,,2033,1,2,0,0,0,0,0,3,4,0,2,3,,N,,,,,,,,,,,
2009030827,2345.0,2,0,0,0,0,0,0,0,0,6,0,,67,1,2009,6,39.9175,-75.1761,2340.0,6,0,1,0,0,0,0,0,0,,0,0,0,23,3,1,1,,0,39 55:03.039,,0,75 10:34.125,4,0,0,0,67301,0,0,0,N,0,0,0,3,67301,1,,1,1,,N,N,,0,,0,0,0,3,2,,2340,1,2,0,0,0,0,0,3,4,0,2,3,,N,,,,,,,,,,,
2009023340,304.0,1,0,0,0,0,0,0,0,0,7,0,,67,2,2009,4,39.9558,-75.1414,252.0,6,0,0,0,0,0,0,0,0,1.0,0,0,0,2,3,0,0,,1,39 57:23.895,1.0,2,75 08:33.807,0,0,0,0,67301,0,0,0,N,0,0,0,1,68K01,0,,3,1,,N,N,,0,,0,0,0,0,0,N,249,0,1,0,0,0,0,0,3,4,0,1,3,,N,,,,,,,,,,,
2009025088,1306.0,1,0,0,0,0,0,0,0,0,7,0,,67,2,2009,2,40.0348,-75.019,1255.0,6,0,0,0,0,0,0,0,0,,0,0,0,12,1,0,0,,0,40 02:05.480,,0,75 01:07.951,0,0,0,0,67301,0,0,0,N,0,0,0,1,68K02,0,,2,1,,N,N,,0,,0,0,0,0,0,,1251,0,1,0,0,0,0,0,3,4,0,1,3,,N,,,,,,,,,,,
2009025180,5.0,0,0,0,0,0,0,0,0,0,7,1,,67,1,2009,2,40.0056,-75.1035,2358.0,6,0,0,0,0,0,0,0,0,,0,1,0,23,3,1,0,,0,40 00:20.096,,0,75 06:12.784,4,0,0,0,67301,0,0,0,N,0,0,0,1,67301,1,,5,2,,N,N,,0,,0,0,0,0,0,,2350,1,1,0,0,0,0,0,3,4,0,1,3,,N,,,,,,,,,,,
2009027876,624.0,1,0,0,0,0,0,0,0,0,7,0,,67,3,2009,1,39.9025,-75.1509,624.0,6,0,0,0,0,1,0,0,0,1.0,0,0,0,6,2,1,0,,1,39 54:19.606,2.0,0,75 08:59.547,4,0,0,0,67301,0,0,0,N,0,0,0,1,68K01,1,,2,2,,N,N,,0,,0,0,0,0,0,Y,607,1,1,0,0,0,0,0,3,4,0,1,10,,N,,,,,,,,,,,
2009025629,1915.0,2,0,0,0,0,0,0,0,0,5,0,,67,1,2009,3,40.0033,-75.152,1913.0,6,0,0,0,0,0,1,0,0,,0,0,0,19,3,1,0,,0,40 00:11.715,,0,75 09:07.170,8,0,0,0,67301,1,0,0,N,1,0,0,3,67301,0,,1,1,,N,N,,0,,0,0,0,0,0,,1909,1,3,0,0,0,1,0,3,4,0,2,3,,N,,,,,,,,,,,
2009038061,1240.0,3,0,0,0,0,0,0,0,0,2,0,,67,2,2009,4,40.0086,-75.0837,1235.0,6,0,0,0,0,0,0,0,0,,0,0,0,12,1,5,0,,0,40 00:30.357,,0,75 05:02.205,8,0,0,0,67301,0,0,0,,0,0,0,9,67301,0,,1,1,,,,,1,,0,0,0,0,0,,1235,5,4,0,0,0,5,2,3,4,0,4,3,,N,,,,,,,,,,,
2009032927,1939.0,1,0,0,0,0,0,0,0,0,1,0,,67,1,2009,5,39.9396,-75.2203,1939.0,6,0,0,0,0,0,0,0,0,,0,0,0,19,3,1,1,,0,39 56:22.383,,0,75 13:13.088,4,0,0,0,67301,0,0,0,N,0,0,0,2,67301,1,,1,1,,N,N,,1,,0,0,0,3,2,,1939,1,2,0,0,0,0,0,3,4,0,2,3,,N,,,,,,,,,,,
2009030437,1934.0,2,0,0,0,0,0,0,0,0,1,0,,67,1,2009,6,40.0388,-75.1716,1931.0,6,0,0,0,0,0,0,0,0,,0,0,0,19,3,1,1,,0,40 02:19.838,,0,75 10:17.839,4,0,0,0,67301,0,0,0,N,0,0,0,2,67301,1,,1,9,,N,N,,0,,0,0,0,3,2,,1931,1,2,0,0,0,0,0,3,4,0,2,3,,N,,,,,,,,,,,
2009030459,1500.0,2,0,0,0,0,0,0,0,0,4,0,,67,1,2009,5,40.0496,-75.0514,1448.0,6,0,0,0,0,0,1,0,1,1.0,0,0,0,14,1,2,8,,1,40 02:58.560,2.0,6,75 03:05.040,4,0,0,0,67301,0,0,0,,0,0,0,4,67301,2,,1,1,,,,,1,,0,0,0,0,0,N,1440,2,3,0,0,1,0,0,3,4,0,3,3,,N,,,,,,,,,,,
2009030474,508.0,0,0,0,0,0,0,0,0,0,1,0,,67,1,2009,1,39.9463,-75.2441,507.0,6,0,0,0,0,0,0,0,0,,0,0,0,5,3,1,0,,0,39 56:46.787,,0,75 14:38.822,8,0,0,0,67301,0,0,0,N,0,0,0,1,67301,0,,6,1,,N,N,,2,,0,0,1,0,0,,507,1,3,0,0,0,1,0,3,4,0,3,3,,N,,,,,,,,,,,
2009109157,2101.0,3,0,0,0,0,0,0,0,0,1,0,,67,10,2009,5,40.0099,-75.0639,2059.0,6,0,0,0,0,0,1,1,0,,0,0,0,20,3,1,0,,0,40 00:35.958,,0,75 03:49.497,4,0,0,0,67301,0,0,0,N,0,0,0,3,68K01,1,,1,1,,N,N,,0,,0,0,0,0,0,,2058,1,4,0,0,0,0,0,3,4,0,3,3,,N,,,,,,,,,,,
2009111667,1758.0,1,0,0,1,0,0,0,0,0,4,0,,67,10,2009,4,40.0262,-75.0356,1754.0,6,0,0,0,0,0,0,0,0,,0,0,0,17,1,1,2,,0,40 01:34.467,,0,75 02:08.012,8,0,0,0,67301,1,0,0,,0,0,0,2,67301,0,,1,1,,,,,0,,0,0,0,0,0,,1753,1,2,0,0,0,1,0,3,4,0,1,3,,N,,,,,,,,,,,
2009112097,1755.0,1,0,0,0,0,0,0,0,0,8,0,,67,9,2009,6,39.9554,-75.2223,1745.0,6,0,0,0,0,0,0,0,0,,0,0,0,17,1,1,0,,0,39 57:19.400,,0,75 13:20.258,4,0,0,0,67301,1,0,0,N,1,0,0,2,67301,1,,1,1,,N,N,,0,,0,0,0,0,0,,1745,1,2,0,0,0,0,0,3,4,0,1,3,,N,,,,,,,,,,,
2009112100,1256.0,1,0,0,0,0,0,0,0,0,8,0,,67,10,2009,5,40.0092,-75.164,1254.0,6,0,0,0,0,0,0,0,0,,0,0,0,12,1,1,0,,0,40 00:33.299,,0,75 09:50.353,2,0,0,0,67301,3,0,1,,0,0,0,4,67301,0,,2,1,,,,,1,,0,1,0,0,0,,1248,1,5,0,0,0,0,0,3,4,2,4,3,,N,,,,,,,,,,,
2009125111,701.0,1,0,0,0,0,0,0,0,0,6,2,,67,11,2009,1,40.0059,-75.1135,659.0,6,0,0,0,0,0,0,0,0,,0,2,0,6,5,1,1,,0,40 00:21.351,,0,75 06:48.588,8,0,0,0,67301,0,0,0,N,0,0,0,3,67301,0,,1,1,,N,N,,0,,0,0,0,3,2,,630,1,3,0,0,0,1,0,3,4,0,3,3,,N,,,,,,,,,,,
2009125182,1822.0,0,0,0,0,0,0,0,0,0,8,0,,67,11,2009,3,40.0199,-75.1812,1818.0,6,0,0,0,0,0,0,1,0,,0,0,0,99,2,1,2,,0,40 01:11.632,,7,75 10:52.208,4,0,0,0,67301,1,0,0,N,1,0,0,2,67301,1,,4,1,,N,N,,0,,0,0,1,0,0,,9999,1,2,0,0,1,0,0,3,4,0,1,3,,N,,,,,,,,,,,
2009096631,1512.0,3,0,0,0,0,0,0,0,0,1,0,,67,9,2009,4,40.0269,-75.0263,1453.0,6,0,0,0,0,0,1,0,0,,0,0,0,14,1,1,0,,0,40 01:36.802,,0,75 01:34.166,4,0,0,0,67301,0,0,0,N,0,0,0,3,68K01,1,,1,9,,N,N,,0,,0,0,0,0,0,,1450,1,3,0,0,1,0,0,3,4,0,3,7,,N,,,,,,,,,,,
2009122724,1630.0,3,0,0,0,0,0,0,0,0,1,0,,67,11,2009,4,39.949,-75.185,1622.0,6,0,0,0,1,0,1,0,0,1.0,0,0,0,16,3,3,0,,1,39 56:58.806,4.0,0,75 11:02.354,4,0,0,0,67301,0,0,0,N,0,0,0,5,68K01,1,,1,9,,N,N,,1,,0,0,0,0,0,N,1620,3,4,0,0,0,2,0,3,4,0,4,3,,N,,,,,,,,,,,
2009111781,2046.0,0,0,0,0,0,0,0,0,0,2,0,,67,10,2009,3,39.913,-75.1819,2045.0,6,0,0,0,0,0,1,0,0,,0,0,0,20,3,1,5,,0,39 54:47.620,,0,75 10:54.927,3,0,0,0,67301,0,0,0,N,0,0,0,2,67301,0,,1,1,,N,N,,1,,1,0,1,3,2,,2040,1,2,0,0,0,0,0,3,4,0,2,3,,N,,,,,,,,,,,
2009111831,807.0,2,0,0,0,0,0,0,0,0,4,0,,67,10,2009,7,39.9533,-75.1838,757.0,6,0,0,1,0,0,0,0,0,,0,0,0,7,1,1,1,,0,39 57:12.003,,0,75 11:01.526,3,0,0,0,67301,0,0,0,N,0,0,0,3,67301,0,,5,9,,N,N,,0,,1,0,0,3,2,,755,1,2,0,0,0,0,0,3,4,0,2,3,,N,,,,,,,,,,,
2009111873,1400.0,1,0,0,0,0,0,0,0,0,5,0,,67,10,2009,4,40.0089,-75.153,1348.0,6,0,0,0,0,0,1,0,0,,0,0,0,99,1,1,0,,0,40 00:31.883,,0,75 09:10.886,4,0,0,0,67301,0,0,0,N,0,0,0,2,67301,1,,1,1,,N,N,,0,,0,0,1,0,0,,9999,1,2,0,0,0,0,0,3,4,0,2,3,,N,,,,,,,,,,,
2009044381,9999.0,3,0,0,0,0,0,0,0,0,4,0,,67,3,2009,5,40.0108,-75.1266,1408.0,6,0,0,0,0,1,0,0,0,2.0,0,0,0,14,1,1,1,,2,40 00:38.808,6.0,0,75 07:35.921,4,0,0,0,67301,0,0,0,N,0,0,0,3,67301,1,,1,1,,N,Y,,0,,0,0,0,3,2,Y,1450,1,3,0,0,0,0,0,3,4,0,3,3,,N,,,,,,,,,,,
2009037498,1600.0,2,0,0,0,0,0,0,0,0,1,0,,67,3,2009,3,39.9211,-75.1938,1555.0,6,0,0,0,0,0,0,0,0,,0,0,0,15,1,3,2,,0,39 55:16.113,,0,75 11:37.751,4,0,0,0,67301,0,0,0,N,0,0,0,4,67301,3,,1,1,,N,N,,0,,0,0,1,3,2,,1529,3,3,0,0,0,0,0,3,4,0,3,3,,N,,,,,,,,,,,
2009049767,1454.0,1,0,0,1,0,0,0,0,0,5,0,,67,3,2009,4,39.9496,-75.1572,1450.0,6,0,0,0,0,0,1,0,0,,0,0,0,14,1,1,0,,0,39 56:58.382,,0,75 09:25.748,4,0,0,0,67301,1,0,0,,0,0,0,3,67301,1,,1,1,,N,N,,0,,0,0,0,3,2,,1448,1,2,0,0,0,0,0,3,4,0,1,3,,N,,,,,,,,,,,
2009037158,2310.0,2,0,0,0,0,0,0,0,0,2,0,,67,2,2009,7,39.9171,-75.2347,2304.0,6,0,0,0,0,0,0,0,0,,0,0,0,22,3,1,1,,0,39 55:01.380,,0,75 14:04.822,8,0,0,0,67301,0,0,0,,0,0,0,2,67301,0,,1,1,,N,N,,0,,0,0,0,3,2,,2240,1,2,0,0,0,1,0,3,4,0,2,3,,N,,,,,,,,,,,
2009037340,1557.0,1,0,0,0,0,0,0,0,0,2,0,,67,2,2009,5,40.0275,-75.0626,1535.0,6,0,0,0,0,0,0,0,0,,0,0,0,15,1,1,3,,0,40 01:38.992,,0,75 03:45.487,4,0,0,0,67301,0,0,0,,0,0,0,2,67301,1,,1,1,,,,,1,,0,0,0,3,3,,1530,1,2,0,0,0,0,0,3,4,0,2,3,,N,,,,,,,,,,,
2009049677,1120.0,1,0,0,0,0,0,0,0,0,7,0,,67,3,2009,6,39.991,-75.1686,1117.0,6,0,0,0,0,0,0,0,0,,0,0,0,11,1,0,1,,0,39 59:27.769,,0,75 10:06.848,0,0,0,0,67301,0,0,0,N,0,0,0,1,67301,0,,5,1,,N,N,,0,,0,0,0,3,2,,1112,0,1,0,0,0,0,0,3,4,0,1,3,,N,,,,,,,,,,,
2009036817,1120.0,2,0,0,0,0,0,0,0,0,6,0,,67,2,2009,3,39.9525,-75.1703,1115.0,6,0,0,0,0,0,0,0,0,,0,0,0,11,1,1,0,,0,39 57:09.064,,0,75 10:13.094,4,0,0,0,67301,0,0,0,N,0,0,0,2,67301,1,,1,1,,N,N,,0,,0,0,0,0,0,,1110,1,2,0,0,1,0,1,3,4,0,2,3,,N,,,,,,,,,,,
2009036951,2100.0,1,0,0,0,0,0,0,0,0,7,0,,67,3,2009,1,40.0129,-75.1691,2100.0,6,0,0,0,0,0,0,0,0,,0,0,0,20,3,0,0,,0,40 00:46.291,,0,75 10:08.846,0,0,0,0,67301,0,0,0,,0,0,0,1,67301,0,,5,9,,,,,0,,0,0,0,0,0,,2045,0,1,0,0,0,0,0,3,4,0,1,10,,N,,,,,,,,,,,
2009036960,955.0,1,0,0,1,0,0,0,0,0,4,0,,67,2,2009,4,39.946,-75.1683,947.0,6,0,0,0,0,0,0,0,0,,0,0,0,6,3,1,1,,0,39 56:45.448,,0,75 10:06.005,8,0,0,0,67301,1,0,0,N,0,0,0,2,67301,0,,1,1,,N,N,,0,,0,0,0,3,2,,658,1,2,0,0,1,1,0,3,4,0,1,3,,N,,,,,,,,,,,
2009049584,15.0,2,0,0,0,0,0,0,0,0,1,0,,67,4,2009,6,40.0092,-75.1511,9.0,6,0,0,0,0,0,0,1,0,,0,0,0,23,3,1,1,,0,40 00:33.277,,0,75 09:04.080,4,0,0,0,67301,0,0,0,N,0,0,0,2,67301,1,,1,1,,N,N,,0,,0,0,0,3,2,,2353,1,2,0,0,0,0,0,3,4,0,2,3,,N,,,,,,,,,,,
2009044443,1415.0,0,0,0,0,0,0,0,0,0,4,0,,67,3,2009,5,40.0145,-75.1311,1410.0,6,0,0,0,0,0,1,0,0,,0,0,0,13,1,1,1,,0,40 00:52.185,,0,75 07:52.121,3,0,0,0,67301,0,0,0,N,0,0,0,2,67301,0,,1,1,,N,N,,0,,1,0,2,2,2,,1348,1,2,0,0,0,0,0,3,4,0,2,3,,N,,,,,,,,,,,
2009126995,2345.0,1,0,0,1,0,1,0,0,0,4,0,,67,8,2009,1,39.9348,-75.1426,2342.0,6,0,0,0,0,0,0,0,0,3.0,0,0,0,23,3,1,1,,1,39 56:05.393,1.0,0,75 08:33.250,2,0,0,0,67301,1,0,1,N,0,0,0,2,67301,0,,1,1,,N,N,,0,,0,1,0,3,1,N,2339,1,2,0,0,0,0,0,3,4,0,1,3,,N,,,,,,,,,,,
2009097116,1103.0,1,0,0,0,0,0,0,0,0,6,0,,67,8,2009,1,39.9503,-75.1473,9999.0,6,0,0,0,0,0,0,0,0,,0,0,0,11,1,1,1,,0,39 57:01.146,,0,75 08:50.141,4,0,0,0,67301,1,0,0,N,1,0,0,2,67301,1,,1,1,,N,N,,0,,0,0,0,3,2,,1102,1,2,0,0,0,0,0,3,4,0,1,3,,N,,,,,,,,,,,
2009097117,120.0,1,0,0,0,0,0,0,0,0,7,0,,67,8,2009,6,39.9508,-75.1638,110.0,6,0,0,0,0,0,0,0,0,,0,0,0,0,3,0,1,,0,39 57:03.048,,0,75 09:49.788,0,0,0,0,67301,0,0,0,N,0,0,0,2,67301,0,,3,1,,N,N,,0,,0,0,0,3,2,,40,0,1,0,0,0,0,0,3,4,0,1,3,,N,,,,,,,,,,,
2009097127,1539.0,2,0,0,0,0,0,0,0,0,2,0,,67,9,2009,5,40.0046,-75.128,1513.0,6,0,0,0,1,0,0,0,0,,0,0,0,15,1,3,0,,0,40 00:16.655,,0,75 07:40.769,4,0,0,0,67301,0,0,0,N,0,0,0,3,67301,3,,1,1,,N,N,,0,,0,0,1,0,0,,1513,3,3,0,0,0,0,0,3,4,0,3,3,,N,,,,,,,,,,,
2009097181,2045.0,1,0,0,0,0,0,0,0,0,5,0,,67,9,2009,7,40.0574,-75.1906,2042.0,6,0,0,0,0,0,0,1,0,,0,0,0,20,3,0,0,,0,40 03:26.568,,0,75 11:26.037,0,0,0,0,67301,0,0,0,N,0,0,0,1,67301,0,,5,1,,N,N,,0,,0,0,0,3,3,,2010,0,2,0,0,1,0,0,3,4,1,2,3,,N,,,,,,,,,,,
2009124278,2042.0,2,0,0,0,0,0,0,0,0,2,0,,67,11,2009,2,40.0915,-74.9656,2039.0,6,0,0,0,0,0,0,0,0,1.0,0,0,0,20,3,0,1,,1,40 05:29.578,6.0,0,74 57:56.181,0,0,0,0,67301,0,0,0,,0,0,0,2,67301,0,,1,1,,N,N,,0,,0,0,0,3,2,N,2033,0,2,0,0,0,0,0,3,4,0,2,3,,N,,,,,,,,,,,
2009124394,1324.0,2,0,0,0,0,0,0,0,0,1,0,,67,11,2009,5,40.1046,-75.0023,1320.0,6,0,0,0,1,0,0,0,0,1.0,0,0,0,13,1,1,0,,1,40 06:16.508,2.0,7,75 00:08.227,4,0,0,0,67301,0,0,0,,0,0,0,6,67301,1,,1,9,,,,,0,,0,0,0,3,2,N,1319,1,2,0,0,0,0,0,3,4,0,2,7,,N,,,,,,,,,,,
2009044790,936.0,0,0,0,0,0,0,0,0,0,1,0,,67,3,2009,4,39.9595,-75.1761,910.0,6,0,0,0,0,0,1,0,0,,0,0,0,9,1,0,0,,0,39 57:34.597,,0,75 10:36.142,0,0,0,0,67301,0,0,0,N,0,0,0,3,68K01,0,,1,1,,N,N,,0,,0,0,2,0,0,,908,0,2,0,0,0,0,0,3,4,0,2,3,,N,,,,,,,,,,,
2009032133,1838.0,1,0,0,0,0,0,0,0,0,1,0,,67,3,2009,3,39.9366,-75.1445,1800.0,6,0,0,0,0,0,1,0,0,,0,0,0,17,1,0,0,,0,39 56:11.533,,0,75 08:40.379,0,0,0,0,67301,0,0,0,N,0,0,0,2,68K01,0,,1,1,,N,N,,0,,0,0,1,0,0,,1755,0,2,0,0,0,0,0,3,4,0,2,3,,N,,,,,,,,,,,
2009044854,1709.0,1,0,0,0,0,0,0,0,0,7,0,,67,3,2009,7,40.0046,-75.1329,1700.0,6,0,0,0,0,1,0,0,0,2.0,1,0,0,17,1,0,0,,2,40 00:16.401,6.0,0,75 07:58.400,1,0,0,0,67301,0,0,0,N,0,0,0,1,67301,0,2.0,4,1,,N,N,,0,0.0,0,0,0,0,0,Y,1700,0,2,0,0,0,0,0,3,4,0,2,3,,N,,,,,,,,,,,
2009041845,1834.0,0,0,0,0,0,0,0,0,0,1,1,,67,4,2009,3,40.037,-75.0142,1831.0,6,0,0,0,0,0,0,0,0,,0,1,0,18,1,1,0,,0,40 02:13.910,,0,75 00:49.053,8,0,0,0,67301,0,0,0,N,0,0,0,6,68K01,0,,1,1,,N,N,,0,,0,0,1,0,0,,1829,1,2,0,0,0,1,4,3,4,0,2,3,,N,,,,,,,,,,,
2009039223,1129.0,2,0,0,0,0,0,0,0,0,5,0,,67,2,2009,3,40.0204,-75.0536,1121.0,6,0,0,0,0,0,0,1,0,1.0,0,0,0,11,1,1,0,,1,40 01:13.470,3.0,0,75 03:13.070,4,0,0,0,67301,0,0,0,N,0,0,0,2,67301,1,,1,1,,N,N,,0,,0,0,0,0,0,N,1115,1,2,0,0,0,0,0,3,4,0,2,3,,N,,,,,,,,,,,
2009044369,9999.0,1,0,0,0,0,0,0,0,0,8,0,,67,3,2009,4,39.9355,-75.1786,9999.0,6,0,0,0,0,0,0,0,0,,0,0,0,12,1,1,0,,0,39 56:07.882,,0,75 10:42.794,3,0,0,0,67301,1,0,0,N,1,0,0,2,67301,0,,1,1,,N,N,,0,,1,0,0,0,0,,1230,1,2,0,0,0,0,1,3,4,0,1,3,,N,,,,,,,,,,,
2009039422,811.0,0,0,0,0,0,0,0,0,0,8,0,,67,2,2009,3,39.9718,-75.1329,809.0,6,0,0,0,0,0,1,0,0,,0,0,0,8,1,1,0,,0,39 58:18.462,,0,75 07:58.370,8,0,0,0,67301,1,0,0,N,1,0,0,2,67301,0,,1,1,,N,N,,0,,0,0,1,0,0,,809,1,2,0,0,0,1,0,3,4,0,1,3,,N,,,,,,,,,,,
2009037401,803.0,3,0,0,0,0,0,0,0,0,4,0,,67,2,2009,5,39.9751,-75.195,800.0,6,0,0,0,0,0,1,0,0,1.0,0,0,0,7,1,1,1,,1,39 58:30.782,7.0,0,75 11:41.713,3,0,0,0,67301,0,0,0,N,0,0,0,6,67301,0,,1,1,,N,N,,0,,1,0,1,3,2,N,755,1,4,0,0,0,0,0,3,4,0,4,3,,N,,,,,,,,,,,
2009039732,135.0,1,0,0,0,0,0,0,0,0,5,0,,67,1,2009,1,39.9739,-75.2064,135.0,6,0,0,0,0,0,0,0,0,,0,0,0,1,3,0,1,,0,39 58:26.145,,0,75 12:23.120,0,0,0,0,67301,0,0,0,N,0,0,0,3,67301,0,,1,1,,N,N,,0,,0,0,1,3,2,,126,0,2,0,0,0,0,0,3,4,0,2,3,,N,,,,,,,,,,,
2009039111,1016.0,1,0,0,0,0,0,0,0,0,1,0,,67,2,2009,1,40.0806,-75.0285,1001.0,6,0,0,0,1,0,1,0,0,,0,0,0,10,1,1,0,,0,40 04:50.037,,7,75 01:42.887,4,0,0,0,67301,0,0,0,N,0,0,0,2,67301,1,,1,9,,N,N,,0,,0,0,0,0,0,,1000,1,2,0,0,0,0,0,3,4,1,2,7,,N,,,,,,,,,,,
2009039116,1518.0,0,0,0,0,0,0,0,0,0,8,0,,67,2,2009,5,40.0442,-75.1024,1518.0,6,0,0,0,0,0,0,0,0,,0,0,0,15,1,1,0,,0,40 02:39.032,,0,75 06:08.573,8,0,0,0,67301,1,0,0,N,1,0,0,2,67301,0,,1,1,,N,N,,1,,0,0,0,0,0,,1517,1,2,0,0,0,1,0,3,4,0,1,3,,N,,,,,,,,,,,
2009037441,1150.0,1,0,0,0,0,0,0,0,0,4,0,,67,2,2009,5,39.9394,-75.1982,825.0,6,0,0,0,0,0,0,0,0,,0,0,0,8,1,1,0,,0,39 56:19.068,,7,75 11:54.375,8,0,0,0,67301,0,0,0,,0,0,0,2,67301,0,,1,9,,,,,0,,0,0,1,3,2,,820,1,2,0,0,0,1,0,3,4,0,2,7,,N,,,,,,,,,,,
2009037455,321.0,2,0,0,0,0,0,0,0,0,2,0,,67,3,2009,7,40.0324,-75.1877,316.0,6,0,0,0,0,0,0,0,0,3.0,0,0,0,3,3,5,2,,2,40 01:56.755,5.0,0,75 11:15.640,3,0,0,0,67301,0,0,0,N,0,0,0,5,67301,0,,1,1,,N,N,,0,,5,0,0,0,0,Y,313,5,2,0,0,0,0,0,3,4,0,2,3,,N,,,,,,,,,,,
2009039269,1515.0,1,0,0,0,0,0,0,0,0,5,0,,67,1,2009,7,39.9435,-75.2467,1500.0,6,0,0,0,1,0,0,0,0,,0,0,0,15,1,1,1,,0,39 56:36.552,,0,75 14:48.306,4,0,0,0,67301,0,0,0,N,0,0,0,3,67301,1,,1,1,,N,N,,0,,0,0,0,0,0,,1500,1,2,0,0,0,0,1,3,4,0,2,3,,N,,,,,,,,,,,
2009036820,1905.0,1,0,0,0,0,0,0,0,0,7,0,,67,3,2009,7,39.9903,-75.1867,1858.0,6,0,0,0,0,0,0,0,1,,0,0,0,99,3,2,2,,0,39 59:25.080,,0,75 11:12.120,4,0,0,0,67301,0,0,0,,0,0,0,3,67301,2,,5,1,,N,N,,0,,0,0,0,2,2,,9999,2,1,0,0,0,0,0,3,4,0,1,3,,N,,,,,,,,,,,
2009036975,1416.0,2,0,0,0,0,0,0,0,0,2,0,,67,2,2009,7,40.0039,-75.2144,1400.0,6,0,0,0,0,0,0,1,0,,0,0,0,14,1,1,0,,0,40 00:14.191,,7,75 12:51.962,8,0,0,0,67301,0,0,0,N,0,0,0,5,67301,0,,1,1,,N,N,,0,,0,0,0,0,0,,1400,1,2,0,0,0,1,0,3,4,0,2,3,,N,,,,,,,,,,,
2009049572,21.0,1,0,0,0,0,0,0,0,0,1,0,,67,4,2009,1,39.9614,-75.1465,19.0,6,0,0,0,0,0,0,0,0,2.0,0,0,0,0,3,1,0,,1,39 57:41.144,1.0,0,75 08:47.493,4,0,0,1,67301,0,0,0,N,0,0,0,2,67301,1,,1,1,,N,N,,0,,0,0,0,0,0,Y,17,1,2,0,0,0,0,0,3,4,0,2,3,,N,,,,,,,,,,,
2009097562,1845.0,2,0,0,0,0,0,0,0,0,1,0,,67,9,2009,1,39.8994,-75.1656,1820.0,6,0,0,0,0,0,1,0,0,1.0,0,0,0,18,4,1,0,,2,39 53:58.801,2.0,0,75 09:48.205,8,0,0,0,67301,0,0,0,N,0,0,0,8,68K01,0,,1,1,,N,N,,0,,0,0,1,0,0,N,1811,1,3,0,0,0,1,0,3,4,0,3,3,,N,,,,,,,,,,,
2009097035,1158.0,1,0,0,0,0,0,0,0,0,1,0,,67,8,2009,5,,,1156.0,6,0,0,0,0,0,0,0,0,,0,0,0,11,1,1,0,,0,,,3,,4,0,0,0,67301,0,0,0,N,0,0,0,6,67501,1,,1,1,,N,N,,0,,0,0,1,0,0,,1156,1,2,0,0,0,0,0,3,3,0,2,3,,N,,,,,,,,,,,