CRN,ARRIVAL_TM,AUTOMOBILE_COUNT,BELTED_DEATH_COUNT,BELTED_SUSP_SERIOUS_INJ_COUNT,BICYCLE_COUNT,BICYCLE_DEATH_COUNT,BICYCLE_SUSP_SERIOUS_INJ_COUNT,BUS_COUNT,CHLDPAS_DEATH_COUNT,CHLDPAS_SUSP_SERIOUS_INJ_COUNT,COLLISION_TYPE,COMM_VEH_COUNT,CONS_ZONE_SPD_LIM,COUNTY,CRASH_MONTH,CRASH_YEAR,DAY_OF_WEEK,DEC_LAT,DEC_LONG,DISPATCH_TM,DISTRICT,DRIVER_COUNT_16YR,DRIVER_COUNT_17YR,DRIVER_COUNT_18YR,DRIVER_COUNT_19YR,DRIVER_COUNT_20YR,DRIVER_COUNT_50_64YR,DRIVER_COUNT_65_74YR,DRIVER_COUNT_75PLUS,EST_HRS_CLOSED,FATAL_COUNT,HEAVY_TRUCK_COUNT,HORSE_BUGGY_COUNT,HOUR_OF_DAY,ILLUMINATION,INJURY_COUNT,INTERSECT_TYPE,INTERSECTION_RELATED,LANE_CLOSED,LATITUDE,LN_CLOSE_DIR,LOCATION_TYPE,LONGITUDE,MAX_SEVERITY_LEVEL,MCYCLE_DEATH_COUNT,MCYCLE_SUSP_SERIOUS_INJ_COUNT,MOTORCYCLE_COUNT,MUNICIPALITY,NONMOTR_COUNT,NONMOTR_DEATH_COUNT,NONMOTR_SUSP_SERIOUS_INJ_COUNT,NTFY_HIWY_MAINT,PED_COUNT,PED_DEATH_COUNT,PED_SUSP_SERIOUS_INJ_COUNT,PERSON_COUNT,POLICE_AGCY,POSSIBLE_INJ_COUNT,RDWY_SURF_TYPE_CD,RELATION_TO_ROAD,ROAD_CONDITION,ROADWAY_CLEARED,SCH_BUS_IND,SCH_ZONE_IND,SECONDARY_CRASH,SMALL_TRUCK_COUNT,SPEC_JURIS_CD,SUSP_MINOR_INJ_COUNT,SUSP_SERIOUS_INJ_COUNT,SUV_COUNT,TCD_FUNC_CD,TCD_TYPE,TFC_DETOUR_IND,TIME_OF_DAY,TOT_INJ_COUNT,TOTAL_UNITS,UNB_DEATH_COUNT,UNB_SUSP_SERIOUS_INJ_COUNT,UNBELTED_OCC_COUNT,UNK_INJ_DEG_COUNT,UNK_INJ_PER_COUNT,URBAN_AREA,URBAN_RURAL,VAN_COUNT,VEHICLE_COUNT,WEATHER1,WEATHER2,WORK_ZONE_IND,WORK_ZONE_LOC,WORK_ZONE_TYPE,WORKERS_PRES,WZ_CLOSE_DETOUR,WZ_FLAGGER,WZ_LAW_OFFCR_IND,WZ_LN_CLOSURE,WZ_MOVING,WZ_OTHER,WZ_SHLDER_MDN,WZ_WORKERS_INJ_KILLED
2009097102,801.0,0,0,0,0,0,0,0,0,0,7,0,,67,8,2009,6,39.9379,-75.2208,747.0,6,0,0,0,0,0,0,0,0,,0,0,0,7,1,1,3,,0,39 56:16.296,,0,75 13:14.721,4,0,0,0,67301,0,0,0,,0,0,0,1,67301,1,,5,9,,,,,0,,0,0,1,3,2,,730,1,1,0,0,0,0,0,3,4,0,1,7,,N,,,,,,,,,,,
2009097149,1918.0,1,0,0,0,0,0,1,0,0,5,1,,67,9,2009,7,39.942,-75.1491,1917.0,6,0,0,0,0,0,0,0,0,,0,0,0,19,1,1,0,,0,39 56:31.207,,0,75 08:56.655,8,0,0,0,67301,0,0,0,N,0,0,0,2,67301,0,,1,1,,N,N,,0,,0,0,0,0,0,,1915,1,2,0,0,1,1,0,3,4,0,2,3,,N,,,,,,,,,,,
2009124279,1213.0,1,0,0,0,0,0,0,0,0,4,0,,67,11,2009,7,39.9686,-75.2021,1210.0,6,0,0,0,0,0,1,0,0,,0,0,0,12,1,3,3,,0,39 58:06.913,,0,75 12:07.693,4,0,0,0,67301,0,0,0,N,0,0,0,4,67301,3,,1,9,,N,N,,0,,0,0,1,3,3,,1205,3,2,0,0,0,0,0,3,4,0,2,3,,N,,,,,,,,,,,
2009124401,1820.0,3,0,0,0,0,0,0,0,0,5,0,,67,11,2009,5,39.9615,-75.237,1818.0,6,0,0,0,0,0,0,0,0,1.0,0,0,0,18,3,0,0,,2,39 57:41.160,3.0,0,75 14:13.445,0,0,0,0,67301,0,0,0,N,0,0,0,1,67301,0,,6,9,,N,N,,0,,0,0,0,0,0,Y,1815,0,3,0,0,1,0,0,3,4,0,3,7,,N,,,,,,,,,,,
2009099615,2105.0,2,0,0,0,0,0,0,0,0,5,0,,67,9,2009,3,39.9953,-75.1979,2100.0,6,0,0,0,0,0,0,0,0,1.0,0,0,0,20,3,1,0,,1,39 59:46.531,3.0,0,75 11:49.584,4,0,0,0,67301,0,0,0,N,0,0,0,4,68K01,1,,1,1,,N,N,,0,,0,0,0,0,0,N,2056,1,2,0,0,1,0,0,3,4,0,2,3,,N,,,,,,,,,,,
2009083722,1830.0,0,0,0,0,0,0,0,0,0,2,0,,67,7,2009,1,39.9974,-75.1435,1829.0,6,0,0,0,0,0,0,0,0,,0,0,0,18,1,1,0,,0,39 59:50.600,,0,75 08:36.535,4,0,0,0,67301,1,0,0,N,1,0,0,2,67301,1,,1,1,,N,N,,0,,0,0,1,0,0,,1824,1,2,0,0,1,0,0,3,4,0,1,3,,N,,,,,,,,,,,
2009083791,146.0,2,0,0,0,0,0,0,0,0,2,0,,67,7,2009,7,40.0014,-75.1515,142.0,6,0,0,0,0,0,0,0,0,1.0,0,0,0,1,3,1,1,,1,40 00:05.104,3.0,0,75 09:05.443,3,0,0,0,67301,0,0,0,N,0,0,0,2,67301,0,,1,1,,N,N,,0,,1,0,0,3,3,N,142,1,2,0,0,0,0,0,3,4,0,2,3,,N,,,,,,,,,,,
2009065378,1755.0,1,0,0,0,0,0,0,0,0,1,0,,67,5,2009,7,40.0096,-75.1045,1745.0,6,0,0,0,0,0,0,0,0,,0,0,0,16,1,1,0,,0,40 00:34.556,,0,75 06:16.171,4,0,0,0,67301,0,0,0,N,0,0,0,1,67301,1,,6,1,,N,N,,0,,0,0,0,0,0,,1645,1,2,0,0,0,0,0,3,4,0,2,3,,N,,,,,,,,,,,
2009120515,1427.0,1,0,0,0,0,0,0,0,0,4,0,,67,6,2009,5,39.923,-75.1885,1425.0,6,0,0,0,0,0,1,0,0,,0,0,0,14,1,2,1,,0,39 55:22.764,,1,75 11:18.725,4,0,0,0,67301,0,0,0,,0,0,0,3,67301,1,,1,1,,,,,0,,0,0,1,3,2,,1425,2,2,0,0,0,1,0,3,4,0,2,3,,N,,,,,,,,,,,
2009120569,1640.0,0,0,0,0,0,0,0,0,0,7,0,,67,10,2009,3,40.0104,-75.1887,1635.0,6,0,0,0,0,0,0,0,0,,0,0,0,14,1,1,0,,0,40 00:37.610,,0,75 11:19.172,2,0,1,1,67301,0,0,0,,0,0,0,1,67301,0,,4,1,,N,N,,0,,0,1,0,0,0,,1435,1,1,0,0,0,0,0,3,4,0,1,3,,N,,,,,,,,,,,
2009120641,1110.0,0,0,0,0,0,0,0,0,0,1,0,,67,11,2009,1,40.0303,-75.085,1100.0,6,0,0,0,0,0,0,0,0,,0,0,0,10,1,2,1,,0,40 01:49.116,,0,75 05:06.064,4,0,0,0,67301,0,0,0,N,0,0,0,4,67301,2,,1,1,,N,N,,1,,0,0,1,3,2,,1059,2,2,0,0,0,0,0,3,4,0,2,3,,N,,,,,,,,,,,
2009111236,1935.0,2,0,0,0,0,0,0,0,0,6,0,,67,10,2009,6,40.0318,-75.1182,1930.0,6,0,0,1,0,0,0,0,0,,0,0,0,18,3,2,2,,0,40 01:54.338,,0,75 07:05.501,4,0,0,0,67301,0,0,0,N,0,0,0,3,67301,2,,1,9,,N,N,,0,,0,0,0,3,3,,1830,2,2,0,0,0,0,1,3,4,0,2,7,,N,,,,,,,,,,,
2009123585,1146.0,1,0,0,0,0,0,0,0,0,7,0,25.0,67,9,2009,1,40.0248,-75.0292,1140.0,6,0,0,0,0,0,0,0,0,,0,0,0,11,1,0,0,,0,40 01:31.366,,2,75 01:42.202,0,0,0,0,67301,0,0,0,N,0,0,0,1,68K01,0,,2,9,,N,N,,0,,0,0,0,0,0,,1132,0,1,0,0,0,0,0,3,4,0,1,3,,Y,4.0,1.0,N,N,N,N,N,N,N,Y,
2009111085,1653.0,1,0,0,0,0,0,0,0,0,6,0,,67,10,2009,6,39.9739,-75.258,1650.0,6,0,0,0,0,0,1,0,0,,0,0,0,16,1,1,0,,0,39 58:26.141,,0,75 15:28.719,4,0,0,0,67301,1,0,0,,1,0,0,2,67301,1,,1,1,,,,,0,,0,0,0,0,0,,1640,1,2,0,0,0,0,0,3,4,0,1,3,,N,,,,,,,,,,,
2009029778,1123.0,0,0,0,0,0,0,0,0,0,1,0,,67,1,2009,4,40.0258,-75.1977,1120.0,6,0,0,0,0,0,1,0,0,,0,0,0,11,1,1,0,,0,40 01:32.680,,0,75 11:51.500,4,0,0,0,67301,0,0,0,Y,0,0,0,2,67301,1,,1,6,,N,N,,1,,0,0,1,0,0,,1119,1,2,0,0,2,0,0,3,4,0,2,10,,N,,,,,,,,,,,
2009049870,310.0,1,0,0,0,0,0,0,0,0,1,0,,67,4,2009,1,39.9715,-75.2173,310.0,6,0,0,0,0,0,0,0,0,,0,0,0,0,3,2,0,,0,39 58:17.260,,0,75 13:02.340,8,0,0,0,67301,0,0,0,N,0,0,0,5,67301,0,,1,1,,N,N,,0,,0,0,1,0,0,,0,2,2,0,0,0,2,2,3,4,0,2,3,,N,,,,,,,,,,,
2009063813,1705.0,2,0,0,0,0,0,0,0,0,4,0,,67,5,2009,6,40.0406,-75.1698,1705.0,6,0,0,0,0,0,0,0,0,,0,0,0,16,1,2,1,,0,40 02:26.242,,0,75 10:11.315,4,0,0,0,67301,0,0,0,N,0,0,0,3,67301,1,,1,1,,N,N,,0,,0,0,0,3,2,,1655,2,2,0,0,0,1,0,3,4,0,2,3,,N,,,,,,,,,,,
2009058800,839.0,2,0,0,0,0,0,0,0,0,1,0,,67,5,2009,2,39.9459,-75.1564,825.0,6,0,0,0,0,0,1,1,0,,0,0,0,8,1,2,2,,0,39 56:45.344,,0,75 09:22.870,4,0,0,0,67301,0,0,0,,0,0,0,3,67301,2,,1,1,,,,,0,,0,0,0,3,2,,814,2,2,0,0,0,0,0,3,4,0,2,3,,N,,,,,,,,,,,
2009063894,1725.0,1,0,0,0,0,0,0,0,0,8,0,,67,5,2009,2,40.0255,-75.0822,1722.0,6,0,0,0,0,0,0,0,0,,0,0,0,17,1,1,0,,0,40 01:31.904,,0,75 04:55.934,8,0,0,0,67301,1,0,0,N,1,0,0,3,67301,0,,1,1,,N,N,,0,,0,0,0,0,0,,1722,1,2,0,0,0,1,0,3,4,0,1,3,,N,,,,,,,,,,,
2009066508,1222.0,0,0,0,1,0,0,0,0,0,4,0,,67,5,2009,6,39.9506,-75.1939,1220.0,6,0,0,0,0,0,1,0,0,,0,0,0,12,1,1,0,,0,39 57:02.247,,0,75 11:38.184,3,0,0,0,67301,1,0,0,N,0,0,0,2,67504,0,,1,1,,N,N,,0,,1,0,1,0,0,,1220,1,2,0,0,0,0,0,3,4,0,1,3,,N,,,,,,,,,,,
2009066556,1137.0,2,0,0,0,0,0,0,0,0,4,0,,67,6,2009,3,40.0332,-75.0378,1135.0,6,0,0,0,0,0,1,0,0,,0,0,0,11,1,1,1,,0,40 01:59.691,,0,75 02:15.936,4,0,0,0,67301,0,0,0,N,0,0,0,2,67301,1,,1,98,,N,N,,0,,0,0,0,3,2,,1135,1,2,0,0,0,0,0,3,4,0,2,99,,N,,,,,,,,,,,
2009056403,2255.0,1,0,0,0,0,0,0,0,0,8,0,,67,4,2009,3,39.9556,-75.2023,2245.0,6,0,0,0,0,0,0,0,0,,0,0,0,22,3,1,1,,0,39 57:20.282,,0,75 12:08.149,8,0,0,0,67301,1,0,0,N,1,0,0,2,67301,0,,1,9,,N,N,,0,,0,0,0,0,0,,2230,1,2,0,0,0,1,0,3,4,0,1,7,,N,,,,,,,,,,,
2009056482,1600.0,3,0,0,0,0,0,0,0,0,6,0,,67,5,2009,6,40.0254,-75.1624,1555.0,6,0,0,0,0,0,0,0,0,,0,0,0,15,1,4,2,,0,40 01:31.436,,0,75 09:44.787,4,0,0,0,67301,0,0,0,,0,0,0,4,67301,4,,1,9,,,,,0,,0,0,0,3,3,,1540,4,3,0,0,0,0,0,3,4,0,3,7,,N,,,,,,,,,,,
2009056502,2024.0,1,0,0,0,0,0,0,0,0,8,0,,67,5,2009,3,40.0105,-75.1607,2023.0,6,0,0,0,0,0,0,0,0,3.0,1,0,0,20,3,1,0,,2,40 00:37.690,6.0,0,75 09:38.395,1,0,0,0,67301,1,1,0,,1,1,0,2,67301,1,2.0,1,9,,N,N,,0,0.0,0,0,0,0,0,Y,2020,1,2,0,0,0,0,0,3,4,0,1,7,,N,,,,,,,,,,,
2009032981,34.0,0,0,0,0,0,0,0,0,0,7,0,,67,3,2009,1,,,34.0,6,0,0,0,0,0,0,0,0,,0,0,0,0,3,0,0,,0,,,2,,0,0,0,0,67301,0,0,0,N,0,0,0,2,67301,0,,3,1,,N,N,,0,,0,0,1,9,8,,34,0,1,0,0,0,0,0,3,3,0,1,3,,N,,,,,,,,,,,
2009125327,9999.0,2,0,0,0,0,0,0,0,0,1,0,,67,11,2009,2,39.9295,-75.2431,2018.0,6,0,0,0,0,0,0,0,0,2.0,0,0,0,99,2,1,2,,1,39 55:46.069,2.0,0,75 14:35.336,8,0,0,0,67301,0,0,0,,0,0,0,2,67301,0,,1,1,,,,,0,,0,0,0,0,0,N,9999,1,2,0,0,0,1,0,3,4,0,2,3,,N,,,,,,,,,,,
2009109617,739.0,1,0,0,0,0,0,0,0,0,1,0,,67,10,2009,5,39.9743,-75.1187,739.0,6,0,0,0,0,0,0,0,0,,0,0,0,7,1,0,0,,0,39 58:29.038,,0,75 07:04.289,0,0,0,0,67301,0,0,0,N,0,0,0,2,68K01,0,,1,1,,N,N,,0,,0,0,1,0,0,,735,0,2,0,0,0,0,0,3,4,0,2,3,,N,,,,,,,,,,,
2009125102,2150.0,1,0,0,0,0,0,0,0,0,6,0,,67,11,2009,6,40.0576,-75.1808,1808.0,6,0,0,0,0,0,0,0,0,,0,0,0,17,4,1,0,,0,40 03:27.491,,0,75 10:50.832,3,0,0,0,67301,0,0,0,N,0,0,0,3,67301,0,,4,1,,N,N,,0,,1,0,0,3,3,,1722,1,2,0,0,2,0,1,3,4,0,2,3,,N,,,,,,,,,,,
2009125223,1218.0,1,0,0,0,0,0,0,0,0,7,0,,67,11,2009,7,40.0034,-75.182,1216.0,6,0,0,0,0,0,0,0,0,,0,0,0,12,1,1,0,,0,40 00:12.608,,0,75 10:54.656,3,0,0,0,67301,0,0,0,N,0,0,0,2,67301,0,,4,9,,N,N,,0,,1,0,0,0,0,,1216,1,1,0,0,0,0,0,3,4,0,1,7,,N,,,,,,,,,,,
2009125272,1555.0,1,0,0,0,0,0,0,0,0,4,0,,67,11,2009,2,40.0276,-75.0962,1551.0,6,0,0,0,0,0,0,0,0,,0,0,0,15,1,1,1,,0,40 01:39.432,,0,75 05:46.337,3,0,0,1,67301,0,0,0,N,0,0,0,2,67301,0,,1,1,,N,N,,0,,1,0,0,3,3,,1549,1,2,0,0,0,0,1,3,4,0,2,3,,N,,,,,,,,,,,
2009130605,1308.0,1,0,0,0,0,0,0,0,0,5,1,,67,12,2009,2,39.9408,-75.1435,1305.0,6,0,0,0,0,0,1,0,0,1.0,0,1,0,13,1,0,0,,1,39 56:26.901,2.0,0,75 08:36.638,9,0,0,0,67301,0,0,0,N,0,0,0,2,68K01,0,,1,1,,N,N,,0,,0,0,0,0,0,N,1303,0,2,0,0,0,0,1,3,4,0,2,3,,N,,,,,,,,,,,
2009120389,1727.0,0,0,0,0,0,0,0,0,0,8,0,,67,11,2009,7,40.0253,-75.0428,1723.0,6,0,0,0,0,0,0,0,0,2.0,0,0,0,17,1,1,0,,2,40 01:31.101,4.0,0,75 02:34.015,4,0,0,0,67301,1,0,0,N,1,0,0,2,67301,1,,1,1,,N,N,,0,,0,0,1,0,0,N,1700,1,2,0,0,0,0,0,3,4,0,1,3,,N,,,,,,,,,,,
2009111866,10.0,2,0,0,0,0,0,0,0,0,1,0,,67,10,2009,2,39.9481,-75.1542,2358.0,6,0,0,0,0,0,0,0,0,,0,0,0,23,3,0,1,,0,39 56:53.161,,0,75 09:15.143,0,0,0,0,67301,0,0,0,N,0,0,0,2,67301,0,,1,1,,N,N,,0,,0,0,0,3,2,,2345,0,2,0,0,0,0,0,3,4,0,2,3,,N,,,,,,,,,,,
2009111877,1620.0,0,0,0,0,0,0,0,0,0,8,0,,67,10,2009,3,39.9921,-75.14,1615.0,6,0,0,0,0,0,0,0,0,,0,0,0,16,1,1,0,,0,39 59:31.615,,0,75 08:24.142,4,0,0,1,67301,1,0,0,,1,0,0,2,67301,1,,1,1,,,,,0,,0,0,0,0,0,,1610,1,2,0,0,0,0,0,3,4,0,1,3,,N,,,,,,,,,,,
2009111886,1305.0,2,0,0,0,0,0,0,0,0,1,0,,67,10,2009,7,40.0254,-75.1329,1303.0,6,0,0,1,0,0,0,0,0,,0,0,0,12,1,2,0,,0,40 01:31.618,,0,75 07:58.464,4,0,0,0,67301,0,0,0,N,0,0,0,3,67301,2,,1,1,,N,N,,0,,0,0,0,0,0,,1255,2,2,0,0,0,0,0,3,4,0,2,3,,N,,,,,,,,,,,
2009036752,446.0,2,0,0,0,0,0,0,0,0,7,0,,67,3,2009,1,39.9629,-75.2243,444.0,6,0,0,0,0,0,0,0,0,,0,0,0,4,3,0,0,,0,39 57:46.440,,0,75 13:27.480,9,0,0,0,67301,0,0,0,N,0,0,0,1,67301,0,,5,1,,N,N,,0,,0,0,0,0,0,,443,0,2,0,0,0,0,1,3,4,0,2,3,,N,,,,,,,,,,,
2009047478,1811.0,1,0,0,0,0,0,0,0,0,1,0,,67,4,2009,7,39.9059,-75.1332,1811.0,6,0,0,0,0,0,0,1,0,,0,0,0,18,1,1,0,,0,39 54:21.147,,3,75 07:59.521,8,0,0,0,67301,0,0,0,N,0,0,0,3,67501,0,,1,1,,N,N,,0,,0,0,1,0,0,,1811,1,2,0,0,0,1,0,3,4,0,2,3,,N,,,,,,,,,,,
2009039239,1643.0,1,0,0,0,0,0,0,0,0,8,0,,67,3,2009,3,40.0512,-75.0661,1641.0,6,0,0,0,0,0,1,0,0,,0,0,0,16,1,1,1,,0,40 03:04.296,,0,75 03:58.097,4,0,0,0,67301,1,0,0,N,1,0,0,2,67301,1,,1,1,,N,N,,0,,0,0,0,3,2,,1640,1,2,0,0,0,0,0,3,4,0,1,3,,N,,,,,,,,,,,
2009037442,1225.0,1,0,0,0,0,0,0,0,0,5,0,,67,2,2009,1,39.9427,-75.1691,1220.0,6,0,0,0,0,0,0,0,0,,0,0,0,12,1,1,0,,0,39 56:33.640,,0,75 10:08.648,3,0,0,0,67301,0,0,0,N,0,0,0,1,67301,0,,4,9,,N,N,,1,,1,0,2,0,0,,1210,1,4,0,0,0,0,0,3,4,0,4,7,,N,,,,,,,,,,,
2009039267,1915.0,2,0,0,0,0,0,0,0,0,4,0,,67,2,2009,6,39.9057,-75.1939,1910.0,6,0,0,0,0,0,0,1,0,2.0,0,0,0,19,3,3,1,,1,39 54:20.520,3.0,0,75 11:37.680,3,0,0,0,67301,0,0,0,N,0,0,0,6,67301,2,,1,1,,N,N,,0,,1,0,1,3,2,Y,1900,3,3,0,0,0,0,2,3,4,0,3,3,,N,,,,,,,,,,,
2009026867,1020.0,1,0,0,0,0,0,0,0,0,4,0,,67,1,2009,7,40.1335,-75.0103,1016.0,6,0,0,0,0,0,1,0,0,,0,0,0,10,1,0,0,,0,40 08:00.449,,0,75 00:37.310,0,0,0,0,67301,0,0,0,N,0,0,0,4,67301,0,,1,1,,N,N,,0,,0,0,0,0,0,,1013,0,2,0,0,0,0,0,3,4,1,2,3,,N,,,,,,,,,,,
2009049590,9999.0,1,0,0,0,0,0,0,0,0,8,0,,67,4,2009,6,39.9945,-75.1342,1101.0,6,0,0,0,0,0,0,0,0,,0,0,0,21,3,1,1,,0,39 59:40.160,,0,75 08:03.091,4,0,0,0,67301,1,0,0,,1,0,0,2,67301,1,,1,1,,,,,0,,0,0,0,0,0,,2140,1,2,0,0,0,0,0,3,4,0,1,3,,N,,,,,,,,,,,
2009044456,2115.0,1,0,0,0,0,0,0,0,0,1,0,,67,3,2009,1,39.9397,-75.2229,2108.0,6,0,0,0,0,0,1,0,0,,0,0,0,20,3,1,1,,0,39 56:22.855,,0,75 13:22.544,8,0,0,0,67301,0,0,0,N,0,0,0,3,67301,0,,1,1,,N,N,,0,,0,0,0,0,0,,2030,1,2,0,0,3,1,0,3,4,1,2,3,,N,,,,,,,,,,,
2009044485,912.0,1,0,0,0,0,0,0,0,0,5,0,,67,3,2009,2,40.0358,-75.1498,908.0,6,0,0,0,0,0,0,0,0,,0,0,0,9,1,1,2,,0,40 02:09.049,,0,75 08:59.276,4,0,0,0,67301,0,0,0,N,0,0,0,2,67301,1,,1,1,,N,N,,0,,0,0,1,2,2,,900,1,2,0,0,0,0,1,3,4,0,2,3,,N,,,,,,,,,,,
2009070623,2349.0,1,0,0,0,0,0,0,0,0,7,0,,67,6,2009,7,39.9842,-75.2082,2336.0,6,0,0,0,0,0,0,0,0,1.0,0,0,0,23,3,0,0,,1,39 59:07.440,4.0,0,75 12:29.520,0,0,0,0,67301,0,0,0,N,0,0,0,1,68K01,0,,2,1,,N,N,,0,,0,0,0,0,0,N,2334,0,1,0,0,0,0,0,3,4,0,1,3,,N,,,,,,,,,,,
2009131683,1507.0,1,0,0,0,0,0,0,0,0,7,0,,67,12,2009,3,39.8886,-75.2027,1455.0,6,0,0,0,0,0,0,0,0,,0,0,0,14,1,0,0,,0,39 53:50.353,,3,75 11:15.734,0,0,0,0,67301,0,0,0,N,0,0,0,1,68K01,0,,3,1,,N,N,,0,,0,0,0,0,0,,1444,0,1,0,0,0,0,0,3,4,0,1,3,,N,,,,,,,,,,,
2009097066,1149.0,1,0,0,0,0,0,0,0,0,1,1,,67,8,2009,3,39.902,-75.202,1148.0,6,0,0,0,0,0,0,0,0,1.0,0,1,0,11,1,1,0,,2,39 54:07.306,3.0,0,75 12:07.218,4,0,0,0,67301,0,0,0,N,0,0,0,2,67301,1,,1,1,,N,N,,0,,0,0,0,0,0,N,1148,1,2,0,0,1,0,0,3,4,0,2,3,,N,,,,,,,,,,,
2009097067,2055.0,2,0,0,0,0,0,0,0,0,1,0,,67,9,2009,4,,,2048.0,6,0,0,0,0,0,0,0,0,9.0,0,0,0,20,1,2,0,,1,,1.0,7,,4,0,0,0,67301,0,0,0,,0,0,0,2,67301,2,,1,1,,N,,,0,,0,0,0,0,0,N,2048,2,2,0,0,0,0,0,3,3,0,2,3,,N,,,,,,,,,,,
2009097098,1024.0,1,0,0,0,0,0,0,0,0,8,0,,67,8,2009,2,40.0833,-74.9714,1017.0,6,0,0,0,0,0,0,1,0,,0,0,0,10,1,1,0,,0,40 04:59.876,,0,74 58:17.090,4,0,0,0,67301,1,0,0,N,1,0,0,2,67301,1,,1,1,,N,N,,0,,0,0,0,0,0,,1015,1,2,0,0,0,0,0,3,4,0,1,3,,N,,,,,,,,,,,
2009097104,1931.0,0,0,0,0,0,0,0,0,0,6,0,,67,9,2009,4,39.9094,-75.1611,1930.0,6,0,0,0,0,0,0,1,0,,0,0,0,19,1,2,1,,0,39 54:33.696,,0,75 09:40.053,3,0,0,1,67301,0,0,0,N,0,0,0,3,67301,0,,1,1,,N,,,0,,2,0,1,3,2,,1915,2,2,0,0,0,0,1,3,4,0,2,3,,N,,,,,,,,,,,
2009097162,1118.0,1,0,0,0,0,0,0,0,0,4,0,,67,9,2009,3,39.9343,-75.2306,1117.0,6,0,0,0,1,0,0,0,0,2.0,0,0,0,11,1,0,2,,1,39 56:03.598,3.0,0,75 13:50.188,0,0,0,0,67301,0,0,0,,0,0,0,7,67301,0,,1,1,,,,,0,,0,0,0,3,3,Y,1115,0,2,0,0,1,0,0,3,4,0,2,3,,N,,,,,,,,,,,
2009097168,1913.0,0,0,0,0,0,0,0,0,0,8,0,,67,9,2009,3,39.9835,-75.1156,1907.0,6,0,0,0,0,0,0,0,0,,0,0,0,19,2,1,1,,0,39 59:00.814,,0,75 06:56.371,4,0,0,0,67301,1,0,0,N,1,0,0,2,67301,1,,1,1,,N,N,,1,,0,0,0,3,2,,1905,1,2,0,0,0,0,1,3,4,0,1,3,,N,,,,,,,,,,,
2009124339,2230.0,1,0,0,0,0,0,0,0,0,1,0,,67,11,2009,3,39.9512,-75.2449,2223.0,6,0,0,0,0,0,0,0,0,,0,0,0,22,3,0,0,,0,39 57:04.320,,0,75 14:41.600,9,0,0,0,67301,0,0,0,N,0,0,0,1,67301,0,,1,1,,N,N,,0,,0,0,2,3,3,,2222,0,3,0,0,0,0,1,3,4,0,3,3,,N,,,,,,,,,,,
2009124393,1750.0,2,0,0,0,0,0,0,0,0,1,0,,67,11,2009,6,40.0728,-75.2427,1746.0,6,0,0,0,0,0,0,0,0,,0,0,0,17,3,1,0,,0,40 04:22.548,,7,75 14:33.927,8,0,0,0,67301,0,0,0,N,0,0,0,3,67301,0,,1,9,,N,N,,0,,0,0,0,3,2,,1745,1,2,0,0,0,1,0,3,4,0,2,3,,N,,,,,,,,,,,
2009134046,27.0,1,0,0,0,0,0,0,0,0,7,0,,67,12,2009,3,39.9602,-75.1816,2324.0,6,0,0,0,0,0,0,0,0,,0,0,0,23,3,0,0,,0,39 57:40.485,,0,75 10:56.699,9,0,0,0,67301,0,0,0,N,0,0,0,1,68K01,0,,3,1,,N,N,,0,,0,0,0,0,0,,2323,0,1,0,0,0,0,1,3,4,0,1,3,,N,,,,,,,,,,,
2009097265,626.0,0,0,0,0,0,0,0,0,0,8,0,,67,9,2009,5,39.9352,-75.1587,624.0,6,0,0,0,0,0,0,0,0,,0,0,0,6,5,1,1,,0,39 56:06.828,,0,75 09:31.219,4,0,0,0,67301,1,0,0,N,1,0,0,2,67301,1,,1,1,,N,N,,0,,0,0,0,3,3,,610,1,2,0,0,0,0,0,3,4,0,1,3,,N,,,,,,,,,,,
2009065453,1000.0,1,0,0,0,0,0,0,0,0,8,0,,67,5,2009,3,39.9924,-75.1114,938.0,6,0,0,0,0,0,0,0,0,,0,0,0,12,1,1,0,,0,39 59:32.689,,0,75 06:41.033,8,0,0,0,67301,1,0,0,N,1,0,0,2,67301,0,,1,1,,N,N,,0,,0,0,0,0,0,,1230,1,2,0,0,0,1,1,3,4,0,1,99,,N,,,,,,,,,,,
2009082705,1141.0,0,0,0,0,0,0,0,0,0,7,0,,67,7,2009,3,39.9477,-75.1413,1133.0,6,0,0,0,0,0,0,0,0,1.0,0,0,0,11,1,0,3,,2,39 56:51.647,1.0,0,75 08:28.549,0,0,0,0,67301,0,0,0,N,0,0,0,1,67301,0,,3,9,,N,N,,1,,0,0,0,0,0,N,1125,0,1,0,0,0,0,0,3,4,0,1,7,,N,,,,,,,,,,,
2009120568,910.0,2,0,0,0,0,0,0,0,0,4,0,,67,11,2009,2,39.968,-75.1652,905.0,6,0,0,0,0,0,0,0,0,,0,0,0,8,1,1,2,,0,39 58:04.738,,0,75 09:54.597,4,0,0,0,67301,0,0,0,,0,0,0,3,67301,1,,1,1,,N,N,,0,,0,0,0,3,3,,858,1,2,0,0,1,0,0,3,4,0,2,3,,N,,,,,,,,,,,
2009115676,1716.0,2,0,0,0,0,0,0,0,0,1,0,,67,11,2009,3,39.9753,-75.1947,1715.0,6,0,0,0,0,0,0,0,0,1.0,0,0,0,17,1,1,6,,1,39 58:34.136,3.0,2,75 11:44.141,4,0,0,0,67301,0,0,0,N,0,0,0,7,68K01,1,,1,1,,N,N,,0,,0,0,1,3,4,N,1713,1,3,0,0,2,0,0,3,4,0,3,3,,N,,,,,,,,,,,