CRN,ARRIVAL_TM,AUTOMOBILE_COUNT,BELTED_DEATH_COUNT,BELTED_SUSP_SERIOUS_INJ_COUNT,BICYCLE_COUNT,BICYCLE_DEATH_COUNT,BICYCLE_SUSP_SERIOUS_INJ_COUNT,BUS_COUNT,CHLDPAS_DEATH_COUNT,CHLDPAS_SUSP_SERIOUS_INJ_COUNT,COLLISION_TYPE,COMM_VEH_COUNT,CONS_ZONE_SPD_LIM,COUNTY,CRASH_MONTH,CRASH_YEAR,DAY_OF_WEEK,DEC_LAT,DEC_LONG,DISPATCH_TM,DISTRICT,DRIVER_COUNT_16YR,DRIVER_COUNT_17YR,DRIVER_COUNT_18YR,DRIVER_COUNT_19YR,DRIVER_COUNT_20YR,DRIVER_COUNT_50_64YR,DRIVER_COUNT_65_74YR,DRIVER_COUNT_75PLUS,EST_HRS_CLOSED,FATAL_COUNT,HEAVY_TRUCK_COUNT,HORSE_BUGGY_COUNT,HOUR_OF_DAY,ILLUMINATION,INJURY_COUNT,INTERSECT_TYPE,INTERSECTION_RELATED,LANE_CLOSED,LATITUDE,LN_CLOSE_DIR,LOCATION_TYPE,LONGITUDE,MAX_SEVERITY_LEVEL,MCYCLE_DEATH_COUNT,MCYCLE_SUSP_SERIOUS_INJ_COUNT,MOTORCYCLE_COUNT,MUNICIPALITY,NONMOTR_COUNT,NONMOTR_DEATH_COUNT,NONMOTR_SUSP_SERIOUS_INJ_COUNT,NTFY_HIWY_MAINT,PED_COUNT,PED_DEATH_COUNT,PED_SUSP_SERIOUS_INJ_COUNT,PERSON_COUNT,POLICE_AGCY,POSSIBLE_INJ_COUNT,RDWY_SURF_TYPE_CD,RELATION_TO_ROAD,ROAD_CONDITION,ROADWAY_CLEARED,SCH_BUS_IND,SCH_ZONE_IND,SECONDARY_CRASH,SMALL_TRUCK_COUNT,SPEC_JURIS_CD,SUSP_MINOR_INJ_COUNT,SUSP_SERIOUS_INJ_COUNT,SUV_COUNT,TCD_FUNC_CD,TCD_TYPE,TFC_DETOUR_IND,TIME_OF_DAY,TOT_INJ_COUNT,TOTAL_UNITS,UNB_DEATH_COUNT,UNB_SUSP_SERIOUS_INJ_COUNT,UNBELTED_OCC_COUNT,UNK_INJ_DEG_COUNT,UNK_INJ_PER_COUNT,URBAN_AREA,URBAN_RURAL,VAN_COUNT,VEHICLE_COUNT,WEATHER1,WEATHER2,WORK_ZONE_IND,WORK_ZONE_LOC,WORK_ZONE_TYPE,WORKERS_PRES,WZ_CLOSE_DETOUR,WZ_FLAGGER,WZ_LAW_OFFCR_IND,WZ_LN_CLOSURE,WZ_MOVING,WZ_OTHER,WZ_SHLDER_MDN,WZ_WORKERS_INJ_KILLED
2009111415,810.0,1,0,0,0,0,0,0,0,0,1,0,,67,10,2009,4,40.0495,-75.0011,757.0,6,0,0,0,0,0,0,0,0,,0,0,0,7,1,1,6,,0,40 02:58.344,,2,75 00:04.251,8,0,0,0,67301,0,0,0,N,0,0,0,3,67301,0,,1,1,,N,,,1,,0,0,0,3,4,,757,1,2,0,0,0,1,0,3,4,0,2,3,,N,,,,,,,,,,,
2009073150,1738.0,1,0,0,0,0,0,0,0,0,1,0,,67,6,2009,2,39.9584,-75.1673,1726.0,6,0,0,0,0,0,0,0,0,,0,0,0,17,1,0,0,,0,39 57:30.401,,0,75 10:02.390,0,0,0,0,67301,0,0,0,N,0,0,0,3,68K01,0,,1,1,,N,N,,0,,0,0,2,0,0,,1725,0,3,0,0,0,0,0,3,4,0,3,3,,N,,,,,,,,,,,
2009120921,433.0,3,0,0,0,0,0,0,0,0,4,0,,67,10,2009,6,39.9742,-75.2415,429.0,6,0,0,0,0,1,2,0,0,,0,0,0,4,6,2,1,,0,39 58:27.156,,0,75 14:29.468,2,0,0,0,67301,0,0,0,N,0,0,0,3,67301,1,,1,1,,N,N,,0,,0,1,0,0,0,,428,2,3,0,0,0,0,0,3,4,0,3,3,,N,,,,,,,,,,,
2009011420,1058.0,2,0,0,0,0,0,0,0,0,1,0,,67,1,2009,2,40.0204,-75.0429,1055.0,6,0,0,0,0,0,0,0,0,,0,0,0,10,1,1,0,,0,40 01:13.951,,0,75 02:33.855,4,0,0,0,67301,0,0,0,N,0,0,0,3,68K01,1,,1,1,,N,N,,0,,0,0,0,0,0,,1046,1,2,0,0,0,0,1,3,4,0,2,3,,N,,,,,,,,,,,
2009071428,405.0,2,0,0,0,0,0,0,0,0,5,0,,67,6,2009,7,40.0318,-75.0853,400.0,6,0,0,0,0,0,0,0,0,2.0,0,0,0,99,3,1,5,,1,40 01:54.428,2.0,0,75 05:07.226,4,0,0,0,67301,0,0,0,,0,0,0,2,67301,1,,1,1,,,,,0,,0,0,0,0,0,N,9999,1,2,0,0,1,0,0,3,4,0,2,3,,N,,,,,,,,,,,
2009058740,940.0,0,0,0,0,0,0,0,0,0,1,0,,67,5,2009,6,40.0616,-75.0235,935.0,6,0,0,0,0,0,0,0,0,,0,0,0,9,1,1,0,,0,40 03:41.731,,0,75 01:24.531,4,0,0,0,67301,0,0,0,,0,0,0,1,67301,1,,5,9,,,,,1,,0,0,0,0,0,,935,1,2,0,0,0,0,0,3,4,1,2,7,,N,,,,,,,,,,,
2009066534,2011.0,1,0,0,0,0,0,0,0,0,4,1,,67,6,2009,4,39.9677,-75.2137,2011.0,6,0,0,0,0,0,0,0,0,,1,1,0,20,1,0,1,,0,39 58:03.716,,0,75 12:49.244,1,1,0,1,67301,0,0,0,N,0,0,0,3,67301,0,2.0,1,1,,N,N,,0,0.0,0,0,0,3,3,,2009,0,3,0,0,0,0,0,3,4,0,3,3,,N,,,,,,,,,,,
2009030061,1211.0,1,0,0,0,0,0,0,0,0,7,0,,67,2,2009,6,39.9476,-75.1415,1210.0,6,0,0,0,0,0,0,0,0,1.0,0,0,0,12,1,1,0,,2,39 56:40.820,2.0,0,75 08:31.604,4,0,0,0,67301,0,0,0,Y,0,0,0,1,67301,1,,3,2,,N,N,,0,,0,0,0,0,0,N,1209,1,1,0,0,0,0,0,3,4,0,1,98,,N,,,,,,,,,,,
2009032837,2221.0,0,0,0,0,0,0,0,0,0,4,0,,67,1,2009,6,40.0263,-75.0278,2220.0,6,0,0,0,0,0,0,0,0,,0,0,0,22,3,0,1,,0,40 01:34.830,,2,75 01:40.040,0,0,0,0,67301,0,0,0,N,0,0,0,2,67301,0,,1,1,,N,N,,2,,0,0,0,3,2,,2215,0,2,0,0,1,0,0,3,4,0,2,3,,N,,,,,,,,,,,
2009035702,1814.0,1,0,0,0,0,0,0,0,0,1,0,,67,3,2009,5,40.0051,-75.2184,1811.0,6,0,0,0,0,0,0,0,0,,0,0,0,18,1,2,0,,0,40 00:18.180,,0,75 13:06.265,4,0,0,0,67301,0,0,0,N,0,0,0,3,46104,2,,1,1,,N,N,,0,,0,0,1,3,2,,1811,2,2,0,0,0,0,0,3,4,0,2,3,,N,,,,,,,,,,,
2009025435,950.0,0,0,0,0,0,0,0,0,0,1,0,,67,1,2009,6,39.9369,-75.2183,947.0,6,0,0,0,0,0,1,0,0,,0,0,0,9,1,1,0,,0,39 56:12.843,,0,75 13:05.804,4,0,0,0,67301,0,0,0,,0,0,0,3,67301,1,,1,1,,,,,1,,0,0,0,0,0,,940,1,2,0,0,0,0,0,3,4,1,2,3,,N,,,,,,,,,,,
2009096782,2305.0,1,0,0,0,0,0,0,0,0,1,0,55.0,67,9,2009,6,39.9615,-75.1402,2304.0,6,0,0,0,0,0,0,0,0,,0,0,0,22,3,1,0,,0,39 57:40.923,,0,75 08:24.884,4,0,0,0,67301,0,0,0,N,0,0,0,4,68K01,1,,1,1,,N,N,,0,,0,0,1,3,8,,2258,1,2,0,0,0,0,0,3,4,0,2,3,,Y,3.0,2.0,N,N,N,Y,Y,N,N,Y,
2009125434,1248.0,2,0,0,0,0,0,0,0,0,4,0,,67,11,2009,6,39.9641,-75.1692,1240.0,6,0,0,0,0,0,1,0,0,3.0,0,0,0,12,1,2,1,,2,39 57:50.860,4.0,0,75 10:09.242,4,0,0,0,67301,0,0,0,N,0,0,0,3,67301,2,,1,1,,N,,,0,,0,0,0,3,7,Y,1230,2,2,0,0,0,0,0,3,4,0,2,3,,N,,,,,,,,,,,
2009125448,243.0,2,0,0,0,0,0,0,0,0,4,0,,67,11,2009,1,39.9541,-75.1395,238.0,6,0,0,0,0,0,0,0,0,2.0,0,0,0,2,3,1,2,,2,39 57:15.516,2.0,0,75 08:23.025,8,0,0,0,67301,0,0,0,,0,0,0,3,67301,0,,1,1,,,,,0,,0,0,0,0,0,N,230,1,2,0,0,0,1,2,3,4,0,2,3,,N,,,,,,,,,,,
2009111768,1705.0,2,0,0,0,0,0,0,0,0,7,0,,67,10,2009,7,40.1143,-74.9879,1700.0,6,0,0,0,0,0,1,0,0,1.0,0,0,0,17,1,2,1,,1,40 06:51.356,6.0,0,74 59:16.486,4,0,0,0,67301,0,0,0,,0,0,0,6,67301,1,,5,1,,,,,0,,0,0,1,3,2,N,1700,2,3,0,0,0,1,0,3,4,0,3,3,,N,,,,,,,,,,,
2009111775,822.0,1,0,0,0,0,0,0,0,0,1,0,,67,10,2009,3,40.0303,-75.062,819.0,6,0,0,0,0,1,0,0,0,,0,0,0,7,1,0,0,,0,40 01:49.161,,0,75 03:43.115,9,0,0,0,67301,1,0,0,N,0,0,0,2,67301,0,,6,1,,N,N,,1,,0,0,0,0,0,,750,0,2,0,0,0,0,1,3,4,0,2,3,,N,,,,,,,,,,,
2009125200,900.0,2,0,0,0,0,0,0,0,0,4,0,,67,10,2009,5,39.9926,-75.1682,857.0,6,0,0,1,0,0,0,0,0,,0,0,0,8,1,3,1,,0,39 59:33.432,,0,75 10:05.681,4,0,0,0,67301,0,0,0,N,0,0,0,3,67301,3,,1,1,,N,N,,0,,0,0,0,3,2,,845,3,2,0,0,0,0,0,3,4,0,2,3,,N,,,,,,,,,,,
2009125209,1601.0,2,0,0,0,0,0,0,0,0,4,0,,67,11,2009,5,40.0468,-75.0703,1556.0,6,0,0,0,0,0,1,0,0,,0,0,0,15,1,2,1,,0,40 02:48.424,,0,75 04:13.037,4,0,0,0,67301,0,0,0,N,0,0,0,5,67301,1,,1,1,,N,N,,0,,0,0,0,3,2,,1525,2,2,0,0,0,1,0,3,4,0,2,3,,N,,,,,,,,,,,
2009125215,17.0,1,0,0,0,0,0,0,0,0,5,0,,67,11,2009,4,40.1019,-75.0397,8.0,6,0,0,0,0,0,0,0,0,,0,0,0,0,3,0,1,,0,40 06:06.760,,0,75 02:22.992,0,0,0,0,67301,0,0,0,N,0,0,0,2,67301,0,,1,1,,N,N,,0,,0,0,0,3,2,,8,0,2,0,0,0,0,0,3,4,1,2,3,,N,,,,,,,,,,,
2009111845,1145.0,1,0,0,0,0,0,0,0,0,8,0,99.0,67,10,2009,2,40.0011,-75.2154,1139.0,6,0,0,0,0,0,0,0,0,9.0,0,0,0,11,1,1,1,,2,40 00:03.902,5.0,0,75 12:55.382,4,0,0,0,67301,1,0,0,,1,0,0,2,67301,1,,1,1,,,,,0,,0,0,0,3,2,Y,1105,1,2,0,0,0,0,1,3,4,0,1,3,,Y,8.0,8.0,U,U,U,U,U,U,U,U,
2009047371,1231.0,2,0,0,0,0,0,0,0,0,4,0,,67,4,2009,5,39.9577,-75.1489,1231.0,6,0,0,0,0,0,0,0,0,1.0,0,0,0,12,1,3,6,,1,39 57:27.562,3.0,2,75 08:56.043,4,0,0,0,67301,0,0,0,N,0,0,0,3,68K01,3,,1,1,,N,N,,0,,0,0,0,0,0,N,1219,3,2,0,0,1,0,0,3,4,0,2,3,,N,,,,,,,,,,,
2009037546,813.0,1,0,0,0,0,0,0,0,0,1,0,,67,2,2009,2,39.8945,-75.2468,801.0,6,0,0,0,0,0,0,0,0,,0,0,0,7,1,1,2,,0,39 53:40.294,,0,75 14:47.643,4,0,0,0,67301,0,0,0,,0,0,0,2,67301,1,,1,1,,N,,,0,,0,0,1,3,2,,750,1,2,0,0,0,0,0,3,4,0,2,3,,N,,,,,,,,,,,
2009026964,1745.0,0,0,0,0,0,0,0,0,0,1,0,,67,1,2009,7,40.0645,-75.0647,1734.0,6,0,0,0,0,0,0,0,0,,0,0,0,17,4,1,0,,0,40 03:52.020,,0,75 03:52.772,4,0,0,0,67301,0,0,0,N,0,0,0,1,67301,1,,2,98,,N,N,,0,,0,0,1,0,0,,1730,1,2,0,0,0,0,0,3,4,1,2,99,,N,,,,,,,,,,,
2009049782,1255.0,2,0,0,0,0,0,0,0,0,4,0,,67,4,2009,3,39.9688,-75.1362,1250.0,6,0,0,0,0,0,0,0,0,,0,0,0,12,1,0,1,,0,39 58:08.115,,0,75 08:10.344,0,0,0,0,67301,0,0,0,,0,0,0,2,67301,0,,1,1,,N,N,,0,,0,0,0,3,2,,1245,0,2,0,0,0,0,0,3,4,0,2,3,,N,,,,,,,,,,,
2009039432,623.0,2,0,0,0,0,0,0,0,0,4,0,,67,3,2009,1,39.9206,-75.1973,617.0,6,0,0,0,0,0,0,0,0,1.0,0,0,0,6,5,0,0,,2,39 55:14.367,3.0,0,75 11:49.383,9,0,0,0,67301,0,0,0,,0,0,0,2,67301,0,,1,2,,N,N,,0,,0,0,0,0,0,N,607,0,2,0,0,0,0,1,3,4,0,2,10,,N,,,,,,,,,,,
2009039559,2305.0,2,0,0,0,0,0,0,0,0,1,0,,67,2,2009,7,39.9735,-75.2098,2300.0,6,0,0,0,1,0,1,0,0,,0,0,0,23,3,1,2,,0,39 58:24.435,,0,75 12:35.240,8,0,0,1,67301,0,0,0,N,0,0,0,4,67301,0,,1,1,,,,,0,,0,0,0,3,2,,2300,1,3,0,0,0,1,0,3,4,0,3,3,,N,,,,,,,,,,,
2009039113,1042.0,1,0,0,0,0,0,0,0,0,1,0,,67,2,2009,6,39.9909,-75.1964,1039.0,6,0,0,0,0,0,0,1,0,,0,0,0,10,1,0,0,,0,39 59:27.191,,0,75 11:46.932,0,0,0,0,67301,0,0,0,,0,0,0,1,67301,0,,6,1,,,,,0,,0,0,1,0,0,,1035,0,2,0,0,0,0,0,3,4,0,2,3,,N,,,,,,,,,,,
2009039296,1533.0,0,0,0,0,0,0,0,0,0,4,0,,67,2,2009,2,40.0471,-75.0048,1533.0,6,0,0,0,0,0,0,0,0,,0,0,0,99,1,3,1,,0,40 02:49.733,,0,75 00:17.126,4,0,0,0,67301,0,0,0,N,0,0,0,3,67301,3,,1,1,,N,N,,2,,0,0,0,3,2,,9999,3,2,0,0,0,0,0,3,4,0,2,3,,N,,,,,,,,,,,
2009036896,2029.0,1,0,0,0,0,0,0,0,0,4,0,,67,2,2009,6,39.9535,-75.2385,2029.0,6,0,0,0,1,0,1,0,0,,0,0,0,18,3,1,1,,0,39 57:12.592,,0,75 14:18.596,4,0,0,0,67301,0,0,0,N,0,0,0,5,67301,1,,1,1,,N,N,,0,,0,0,1,3,2,,1858,1,2,0,0,0,0,0,3,4,0,2,3,,N,,,,,,,,,,,
2009036966,222.0,2,0,0,0,0,0,0,0,0,4,0,,67,2,2009,1,39.9497,-75.1675,220.0,6,0,0,0,0,0,1,0,0,2.0,0,0,0,2,3,0,1,,2,39 56:59.066,7.0,0,75 10:02.792,9,0,0,0,67301,0,0,0,N,0,0,0,6,67301,0,,1,1,,N,N,,0,,0,0,1,3,2,Y,205,0,3,0,0,0,0,1,3,4,0,3,3,,N,,,,,,,,,,,
2009044475,852.0,1,0,0,0,0,0,0,0,0,3,0,,67,3,2009,3,40.0486,-75.1449,840.0,6,0,0,0,0,0,0,0,0,,0,0,0,99,1,1,1,,0,40 02:55.097,,0,75 08:41.622,4,0,0,0,67301,0,0,0,N,0,0,0,4,67301,1,,1,1,,N,N,,0,,0,0,2,0,0,,9999,1,3,0,0,0,0,3,3,4,0,3,98,,N,,,,,,,,,,,
2009073204,807.0,0,0,0,0,0,0,0,0,0,8,0,,67,6,2009,5,39.9381,-75.1548,806.0,6,0,0,0,0,0,0,0,0,,0,0,0,8,8,1,1,,0,39 56:17.332,,0,75 09:17.305,4,0,0,0,67301,1,0,0,N,1,0,0,3,67301,1,,1,9,,N,N,,1,,0,0,0,9,3,,805,1,2,0,0,0,0,0,3,4,0,1,7,,N,,,,,,,,,,,
2009124456,1232.0,1,0,0,1,0,0,0,0,0,4,0,,67,11,2009,5,39.9272,-75.1588,1230.0,6,0,0,0,0,0,1,0,0,,0,0,0,99,1,1,1,,0,39 55:38.092,,0,75 09:31.766,4,0,0,0,67301,1,0,0,N,0,0,0,2,67301,1,,1,1,,N,N,,0,,0,0,0,3,3,,9999,1,2,0,0,0,0,0,3,4,0,1,3,,N,,,,,,,,,,,
2009124471,2100.0,3,0,0,0,0,0,0,0,0,1,0,,67,11,2009,5,40.1169,-74.9845,2058.0,6,0,0,0,0,0,1,0,0,1.0,0,0,0,20,3,4,0,,2,40 07:03.148,2.0,0,74 59:00.534,8,0,0,0,67301,0,0,0,,0,0,0,7,67301,0,,1,1,,,,,0,,0,0,0,0,0,N,2058,4,3,0,0,0,4,0,3,4,0,3,3,,N,,,,,,,,,,,
2009096965,702.0,1,0,0,0,0,0,0,0,0,5,0,,67,8,2009,7,,,655.0,6,0,0,0,0,0,0,0,0,1.0,0,0,0,7,1,1,0,,1,,3.0,3,,8,0,0,0,67301,0,0,0,N,0,0,0,5,67501,0,,1,1,,N,N,,0,,0,0,0,3,8,N,702,1,2,0,0,0,1,0,3,3,1,2,3,,N,,,,,,,,,,,
2009096968,49.0,0,0,0,0,0,0,0,0,0,1,0,,67,8,2009,6,39.9035,-75.1648,4.0,6,0,0,0,0,0,0,0,0,,0,0,0,0,3,1,0,,0,39 54:12.711,,0,75 09:53.247,4,0,0,0,67301,0,0,0,N,0,0,0,3,67301,1,,1,1,,N,N,,0,,0,0,2,0,0,,9,1,2,0,0,0,0,0,3,4,0,2,3,,N,,,,,,,,,,,
2009097130,1428.0,1,0,0,0,0,0,0,0,0,8,0,,67,9,2009,6,39.9984,-75.1409,1420.0,6,0,0,0,0,0,0,0,0,,0,0,0,18,1,1,1,,0,39 59:54.322,,0,75 08:27.074,3,0,0,0,67301,1,0,0,N,1,0,0,2,67301,0,,1,1,,N,N,,0,,1,0,0,9,2,,1800,1,2,0,0,0,0,0,3,4,0,1,3,,N,,,,,,,,,,,
2009097180,2215.0,1,0,0,1,0,0,0,0,0,4,0,,67,9,2009,2,39.9725,-75.2062,2207.0,6,0,0,0,0,0,0,0,0,,0,0,0,22,3,1,1,,0,39 58:20.956,,0,75 12:22.269,4,0,0,0,67301,1,0,0,N,0,0,0,3,67301,1,,1,1,,N,N,,0,,0,0,0,3,3,,2205,1,2,0,0,0,0,0,3,4,0,1,3,,N,,,,,,,,,,,
2009060271,1736.0,2,0,0,0,0,0,0,0,0,5,0,,67,4,2009,3,40.0406,-75.1515,1736.0,6,0,0,0,1,0,0,0,0,,0,0,0,17,1,0,1,,0,40 02:26.275,,0,75 09:05.486,0,0,0,0,67301,0,0,0,N,0,0,0,2,67301,0,,1,1,,N,N,,0,,0,0,0,3,2,,1715,0,2,0,0,0,0,0,3,4,0,2,3,,N,,,,,,,,,,,
2009065460,1621.0,1,0,0,0,0,0,0,0,0,8,0,,67,5,2009,7,40.0356,-75.1383,1617.0,6,0,0,0,0,0,0,0,0,,0,0,0,16,1,1,3,,0,40 02:08.293,,0,75 08:17.987,3,0,0,0,67301,1,0,0,N,1,0,0,2,67301,0,,1,1,,N,N,,0,,1,0,0,9,2,,1617,1,2,0,0,0,0,1,3,4,0,1,3,,N,,,,,,,,,,,
2009082702,2008.0,4,0,0,0,0,0,0,0,0,4,0,,67,7,2009,5,40.0116,-75.0898,2003.0,6,0,0,1,0,0,0,0,0,,0,0,0,20,1,1,1,,0,40 00:41.662,,0,75 05:23.218,4,0,0,0,67301,0,0,0,,0,0,0,4,67301,1,,1,1,,,,,0,,0,0,0,3,3,,2000,1,4,0,0,4,0,0,3,4,0,4,3,,N,,,,,,,,,,,
2009120575,754.0,1,0,0,1,0,0,0,0,0,4,0,,67,11,2009,5,40.0083,-75.1944,254.0,6,0,0,0,0,0,0,0,0,,0,0,0,7,1,1,2,,0,40 00:26.118,,0,75 11:31.929,4,0,0,0,67301,1,0,0,N,0,0,0,2,67301,1,,1,1,,N,N,,0,,0,0,0,3,7,,751,1,2,0,0,0,0,0,3,4,0,1,3,,N,,,,,,,,,,,
2009111223,805.0,2,0,0,0,0,0,0,0,0,4,0,,67,10,2009,6,40.0015,-75.1647,800.0,6,0,0,0,0,0,0,0,0,,0,0,0,99,1,1,1,,0,40 00:05.263,,0,75 09:52.772,4,0,0,0,67301,0,0,0,,0,0,0,3,67301,1,,1,9,,,,,0,,0,0,0,3,3,,9999,1,2,0,0,0,0,0,3,4,0,2,7,,N,,,,,,,,,,,
2009120766,1026.0,2,0,0,0,0,0,0,0,0,4,0,,67,10,2009,6,39.9407,-75.1759,1014.0,6,0,0,0,0,0,0,0,0,,0,0,0,99,1,2,1,,0,39 56:26.599,,0,75 10:33.387,3,0,0,0,67301,0,0,0,,0,0,0,2,67301,0,,1,9,,,,,0,,1,0,0,0,0,,9999,2,2,0,0,0,1,0,3,4,0,2,7,,N,,,,,,,,,,,
2009061111,1958.0,2,0,0,0,0,0,0,0,0,1,0,,67,6,2009,5,39.9304,-75.1985,1956.0,6,0,0,0,0,1,0,0,0,1.0,0,0,0,19,1,0,0,,2,39 55:51.960,4.0,0,75 11:56.760,0,0,0,0,67301,0,0,0,N,0,0,0,2,68K01,0,,1,1,,N,N,,0,,0,0,0,0,0,N,1952,0,2,0,0,0,0,0,3,4,0,2,3,,N,,,,,,,,,,,
2009063786,1648.0,0,0,0,0,0,0,1,0,0,4,1,,67,5,2009,7,39.9599,-75.1754,1647.0,6,0,0,0,0,0,0,0,0,,0,0,0,16,1,1,2,,0,39 57:35.612,,0,75 10:31.307,8,0,0,0,67301,0,0,0,N,0,0,0,2,67301,0,,1,1,,N,N,,0,,0,0,1,3,3,,1646,1,2,0,0,0,1,0,3,4,0,2,3,,N,,,,,,,,,,,
2009063869,1617.0,1,0,0,0,0,0,1,0,0,4,1,,67,5,2009,2,40.0256,-75.1223,1611.0,6,0,0,0,0,0,1,0,0,,0,0,0,16,1,2,1,,0,40 01:32.331,,0,75 07:20.187,4,0,0,0,67301,0,0,0,N,0,0,0,4,67301,2,,1,1,,N,N,,0,,0,0,0,3,2,,1610,2,2,0,0,0,0,0,3,4,0,2,3,,N,,,,,,,,,,,
2009056336,1358.0,2,0,0,0,0,0,0,0,0,2,0,,67,4,2009,4,40.076,-75.1768,1354.0,6,0,0,0,0,0,0,0,0,2.0,0,0,0,13,1,2,1,,1,40 04:33.431,4.0,0,75 10:36.657,8,0,0,0,67301,0,0,0,N,0,0,0,2,67301,0,,1,1,,N,N,,0,,0,0,0,3,2,N,1350,2,2,0,0,0,2,0,3,4,0,2,3,,N,,,,,,,,,,,
2009063962,1237.0,1,0,0,0,0,0,0,0,0,5,0,,67,5,2009,6,39.9562,-75.1947,1234.0,6,0,0,0,0,0,0,0,0,,0,1,0,12,1,0,0,,0,39 57:22.376,,0,75 11:40.758,9,0,0,0,67301,1,0,0,N,0,0,0,3,67301,0,,1,1,,N,N,,0,,0,0,0,3,2,,1234,0,2,0,0,0,0,3,3,4,0,2,3,,N,,,,,,,,,,,
2009056423,956.0,2,0,0,0,0,0,0,0,0,6,0,,67,4,2009,3,39.9571,-75.2143,956.0,6,0,0,0,0,0,1,0,0,2.0,0,0,0,9,1,2,2,,1,39 57:25.688,3.0,0,75 12:51.554,4,0,0,0,67301,0,0,0,N,0,0,0,2,67301,2,,1,9,,N,N,,0,,0,0,0,3,2,Y,954,2,2,0,0,0,0,0,3,4,0,2,7,,N,,,,,,,,,,,
2009122741,2031.0,3,0,0,0,0,0,0,0,0,1,0,,67,11,2009,1,39.9598,-75.1772,2019.0,6,0,0,0,0,0,0,0,0,,0,0,0,20,3,1,0,,0,39 57:35.911,,0,75 10:42.928,4,0,0,0,67301,0,0,0,N,0,0,0,10,68K01,1,,1,1,,N,N,,0,,0,0,0,0,0,,2005,1,3,0,0,0,0,0,3,4,0,3,3,,N,,,,,,,,,,,
2009120290,1256.0,2,0,0,0,0,0,0,0,0,4,0,,67,10,2009,2,39.9634,-75.1694,1252.0,6,0,0,0,0,0,1,0,0,,0,0,0,12,1,3,1,,0,39 57:48.216,,0,75 10:09.869,4,0,0,0,67301,0,0,0,N,0,0,0,3,67301,3,,1,1,,N,N,,0,,0,0,0,3,2,,1248,3,2,0,0,0,0,0,3,4,0,2,3,,N,,,,,,,,,,,
2009130604,1152.0,1,0,0,0,0,0,0,0,0,7,0,,67,12,2009,1,39.8991,-75.1776,1148.0,6,0,0,0,0,0,0,0,0,1.0,0,0,0,11,1,1,0,,1,39 53:56.760,1.0,0,75 10:02.280,4,0,0,0,67301,0,0,0,N,0,0,0,1,68K01,1,,3,1,,N,N,,0,,0,0,0,0,0,N,1145,1,1,0,0,1,0,0,3,4,0,1,3,,N,,,,,,,,,,,
2009120394,102.0,0,0,0,0,0,0,0,0,0,7,0,,67,10,2009,1,39.9566,-75.1524,9999.0,6,0,0,0,0,0,0,0,0,,0,0,0,1,3,0,5,,0,39 57:24.276,,2,75 09:08.534,0,0,0,0,67301,0,0,0,,0,0,0,3,67301,0,,2,9,,,,,0,,0,0,1,3,2,,102,0,1,0,0,0,0,0,3,4,0,1,7,,N,,,,,,,,,,,
2009037470,9999.0,0,0,0,0,0,0,0,0,0,4,0,,67,2,2009,6,39.9346,-75.2273,1412.0,6,0,0,0,0,0,0,0,0,,0,0,0,14,1,1,1,,0,39 56:04.615,,0,75 13:38.330,4,0,0,0,67301,0,0,0,,0,0,0,2,67301,1,,1,1,,,,,1,,0,0,1,3,2,,1400,1,2,0,0,0,0,0,3,4,0,2,3,,N,,,,,,,,,,,
2009037485,9999.0,1,0,0,0,0,0,0,0,0,1,0,,67,2,2009,7,39.9736,-75.2098,1430.0,6,0,0,0,0,0,0,1,0,,0,0,0,14,1,1,2,,0,39 58:24.814,,0,75 12:35.304,4,0,0,0,67301,0,0,0,,0,0,0,3,67301,1,,1,1,,,,,0,,0,0,0,3,2,,1415,1,2,0,0,0,0,0,3,4,0,2,3,,N,,,,,,,,,,,
2009039427,2242.0,2,0,0,0,0,0,0,0,0,1,0,,67,2,2009,1,39.9935,-75.1323,2242.0,6,0,0,0,0,0,0,0,0,,0,0,0,22,3,2,0,,0,39 59:36.697,,0,75 07:56.380,8,0,0,0,67301,0,0,0,,0,0,0,3,67301,0,,1,2,,,,,0,,0,0,0,0,0,,2242,2,2,0,0,2,2,1,3,4,0,2,99,,N,,,,,,,,,,,
2009037426,2051.0,1,0,0,0,0,0,0,0,0,7,0,,67,3,2009,1,40.1018,-74.9686,2043.0,6,0,0,0,0,0,0,0,0,,0,0,0,20,3,1,0,,0,40 06:06.580,,0,74 58:06.999,4,0,0,0,67301,0,0,0,N,0,0,0,1,67301,1,,9,1,,N,N,,0,,0,0,0,0,0,,2043,1,1,0,0,0,0,0,3,4,0,1,3,,N,,,,,,,,,,,
2009037438,930.0,1,0,0,0,0,0,0,0,0,7,0,,67,3,2009,3,40.0713,-75.1795,930.0,6,0,0,0,0,0,0,0,0,,0,0,0,9,1,0,1,,0,40 04:16.514,,0,75 10:46.076,0,0,0,0,67301,0,0,0,N,0,0,0,1,67301,0,,5,2,,N,N,,0,,0,0,0,0,0,,915,0,1,0,0,0,0,0,3,4,0,1,10,,N,,,,,,,,,,,
2009037461,637.0,0,0,0,0,0,0,0,0,0,8,0,,67,3,2009,7,40.0574,-75.0145,636.0,6,0,0,0,0,0,0,0,0,,0,0,0,6,5,2,2,,0,40 03:26.737,,0,75 00:52.031,4,0,0,0,67301,2,0,0,N,2,0,0,3,67301,2,,1,1,,N,N,,0,,0,0,1,3,2,,635,2,3,0,0,0,0,0,3,4,0,1,3,,N,,,,,,,,,,,