CRN,ARRIVAL_TM,AUTOMOBILE_COUNT,BELTED_DEATH_COUNT,BELTED_SUSP_SERIOUS_INJ_COUNT,BICYCLE_COUNT,BICYCLE_DEATH_COUNT,BICYCLE_SUSP_SERIOUS_INJ_COUNT,BUS_COUNT,CHLDPAS_DEATH_COUNT,CHLDPAS_SUSP_SERIOUS_INJ_COUNT,COLLISION_TYPE,COMM_VEH_COUNT,CONS_ZONE_SPD_LIM,COUNTY,CRASH_MONTH,CRASH_YEAR,DAY_OF_WEEK,DEC_LAT,DEC_LONG,DISPATCH_TM,DISTRICT,DRIVER_COUNT_16YR,DRIVER_COUNT_17YR,DRIVER_COUNT_18YR,DRIVER_COUNT_19YR,DRIVER_COUNT_20YR,DRIVER_COUNT_50_64YR,DRIVER_COUNT_65_74YR,DRIVER_COUNT_75PLUS,EST_HRS_CLOSED,FATAL_COUNT,HEAVY_TRUCK_COUNT,HORSE_BUGGY_COUNT,HOUR_OF_DAY,ILLUMINATION,INJURY_COUNT,INTERSECT_TYPE,INTERSECTION_RELATED,LANE_CLOSED,LATITUDE,LN_CLOSE_DIR,LOCATION_TYPE,LONGITUDE,MAX_SEVERITY_LEVEL,MCYCLE_DEATH_COUNT,MCYCLE_SUSP_SERIOUS_INJ_COUNT,MOTORCYCLE_COUNT,MUNICIPALITY,NONMOTR_COUNT,NONMOTR_DEATH_COUNT,NONMOTR_SUSP_SERIOUS_INJ_COUNT,NTFY_HIWY_MAINT,PED_COUNT,PED_DEATH_COUNT,PED_SUSP_SERIOUS_INJ_COUNT,PERSON_COUNT,POLICE_AGCY,POSSIBLE_INJ_COUNT,RDWY_SURF_TYPE_CD,RELATION_TO_ROAD,ROAD_CONDITION,ROADWAY_CLEARED,SCH_BUS_IND,SCH_ZONE_IND,SECONDARY_CRASH,SMALL_TRUCK_COUNT,SPEC_JURIS_CD,SUSP_MINOR_INJ_COUNT,SUSP_SERIOUS_INJ_COUNT,SUV_COUNT,TCD_FUNC_CD,TCD_TYPE,TFC_DETOUR_IND,TIME_OF_DAY,TOT_INJ_COUNT,TOTAL_UNITS,UNB_DEATH_COUNT,UNB_SUSP_SERIOUS_INJ_COUNT,UNBELTED_OCC_COUNT,UNK_INJ_DEG_COUNT,UNK_INJ_PER_COUNT,URBAN_AREA,URBAN_RURAL,VAN_COUNT,VEHICLE_COUNT,WEATHER1,WEATHER2,WORK_ZONE_IND,WORK_ZONE_LOC,WORK_ZONE_TYPE,WORKERS_PRES,WZ_CLOSE_DETOUR,WZ_FLAGGER,WZ_LAW_OFFCR_IND,WZ_LN_CLOSURE,WZ_MOVING,WZ_OTHER,WZ_SHLDER_MDN,WZ_WORKERS_INJ_KILLED
2009026890,745.0,1,0,0,1,0,0,0,0,0,5,0,,67,1,2009,2,39.9535,-75.1852,743.0,6,0,0,0,0,0,0,0,0,,0,0,0,7,1,1,0,,0,39 57:12.648,,0,75 11:06.688,4,0,0,0,67301,1,0,0,N,0,0,0,2,67301,1,,1,9,,N,N,,0,,0,0,0,0,0,,743,1,2,0,0,0,0,1,3,4,0,1,3,,N,,,,,,,,,,,
2009044459,1920.0,1,0,0,0,0,0,0,0,0,7,0,,67,3,2009,4,39.9182,-75.2089,1912.0,6,0,0,1,0,0,0,0,0,,0,0,0,19,3,0,1,,0,39 55:05.901,,0,75 12:31.948,0,0,0,0,67301,0,0,0,,0,0,0,1,67301,0,,2,1,,,,,0,,0,0,0,3,2,,1912,0,1,0,0,1,0,0,3,4,0,1,3,,N,,,,,,,,,,,
2009044470,935.0,1,0,0,0,0,0,0,0,0,8,0,,67,3,2009,5,39.9623,-75.1613,927.0,6,0,0,0,0,0,0,0,0,,0,0,0,9,1,1,1,,0,39 57:44.409,,0,75 09:40.847,3,0,0,0,67301,1,0,0,N,1,0,0,2,67301,0,,1,1,,N,N,,0,,1,0,0,3,2,,925,1,2,0,0,0,0,0,3,4,0,1,3,,N,,,,,,,,,,,
2009097569,1133.0,1,0,0,0,0,0,0,0,0,1,0,45.0,67,9,2009,3,39.8989,-75.1719,1127.0,6,0,0,0,0,0,0,0,0,,0,0,0,11,1,1,0,,0,39 53:56.400,,0,75 10:09.120,4,0,0,0,67301,0,0,0,N,0,0,0,3,68K01,1,,1,1,,N,N,,0,,0,0,0,3,8,,1127,1,2,0,0,0,0,0,3,4,1,2,3,,Y,4.0,1.0,Y,N,N,Y,Y,N,N,N,
2009094283,1100.0,1,0,0,0,0,0,0,0,0,4,0,,67,8,2009,5,39.9672,-75.2448,1055.0,6,0,0,0,0,0,0,0,1,,0,0,0,10,1,2,1,,0,39 58:01.905,,0,75 14:41.117,8,0,0,0,67301,0,0,0,,0,0,0,3,67301,0,,1,1,,N,N,,1,,0,0,0,3,3,,1050,2,2,0,0,0,2,0,3,4,0,2,3,,N,,,,,,,,,,,
2009124270,853.0,0,0,0,0,0,0,0,0,0,1,0,,67,11,2009,4,40.0951,-75.0505,850.0,6,0,0,0,0,0,0,0,0,,0,0,0,8,1,1,0,,0,40 05:42.061,,0,75 03:01.849,4,0,0,0,67301,0,0,0,N,0,0,0,2,67301,1,,1,9,,N,N,,0,,0,0,2,0,0,,825,1,2,0,0,0,0,1,3,4,0,2,7,,N,,,,,,,,,,,
2009083733,1838.0,0,0,0,0,0,0,0,0,0,8,0,,67,7,2009,3,40.0163,-75.0618,1838.0,6,0,0,0,0,0,0,0,0,,0,0,0,18,1,1,1,,0,40 00:58.803,,0,75 03:42.545,8,0,0,0,67301,1,0,0,N,1,0,0,2,67301,0,,1,1,,N,N,,0,,0,0,1,3,2,,1836,1,2,0,0,0,1,0,3,4,0,1,3,,N,,,,,,,,,,,
2009083845,1656.0,1,0,0,0,0,0,0,0,0,8,0,,67,7,2009,6,39.9863,-75.2393,1427.0,6,0,0,0,0,0,1,0,0,,0,0,0,15,1,1,0,,0,39 59:10.705,,7,75 14:21.408,3,0,0,0,67301,1,0,0,N,1,0,0,2,67301,0,,1,1,,N,N,,0,,1,0,0,0,0,,1535,1,2,0,0,0,0,0,3,4,0,1,3,,N,,,,,,,,,,,
2009083850,2025.0,2,0,0,0,0,0,0,0,0,4,0,,67,7,2009,6,40.0021,-75.0802,2013.0,6,0,0,0,0,0,0,0,0,,0,0,0,20,3,1,0,,0,40 00:07.547,,7,75 04:48.865,4,0,0,0,67301,0,0,0,N,0,0,0,4,67301,1,,1,9,,N,N,,0,,0,0,0,3,2,,2013,1,2,0,0,0,0,0,3,4,0,2,7,,N,,,,,,,,,,,
2009065451,1555.0,1,0,0,1,0,0,0,0,0,4,0,,67,5,2009,3,39.947,-75.1766,1545.0,6,0,0,0,0,0,0,0,0,,0,0,0,99,1,1,1,,0,39 56:49.146,,0,75 10:35.615,4,0,0,0,67301,1,0,0,,0,0,0,2,67301,1,,9,1,,N,N,,0,,0,0,0,3,2,,9999,1,2,0,0,0,0,0,3,4,0,1,3,,N,,,,,,,,,,,
2009065473,1700.0,1,0,0,0,0,0,0,0,0,8,0,,67,4,2009,5,40.0321,-75.1335,9999.0,6,0,0,0,0,0,0,0,0,,0,0,0,14,1,1,1,,0,40 01:55.624,,0,75 08:00.542,4,0,0,0,67301,1,0,0,N,1,0,0,2,67301,1,,1,1,,N,N,,0,,0,0,0,0,0,,1400,1,2,0,0,0,0,1,3,4,0,1,3,,N,,,,,,,,,,,
2009085219,1547.0,1,0,0,0,0,0,0,0,0,7,0,,67,8,2009,1,39.9946,-75.0838,1545.0,6,0,0,0,0,0,0,0,0,,0,0,0,15,1,0,0,,0,39 59:40.920,,0,75 05:01.680,0,0,0,0,67301,0,0,0,N,0,0,0,1,68K01,0,,2,1,,N,N,,0,,0,0,0,0,0,,1543,0,1,0,0,0,0,0,3,4,0,1,3,,N,,,,,,,,,,,
2009120520,943.0,1,0,0,0,0,0,0,0,0,8,0,,67,9,2009,3,39.9259,-75.1623,940.0,6,0,0,0,0,0,0,0,0,,0,0,0,9,1,1,1,,0,39 55:33.358,,0,75 09:44.420,3,0,0,0,67301,1,0,0,,1,0,0,2,67301,0,,1,1,,,,,0,,1,0,0,9,3,,925,1,2,0,0,0,0,1,3,4,0,1,3,,N,,,,,,,,,,,
2009115681,1749.0,1,0,0,0,0,0,1,0,0,5,1,,67,11,2009,4,40.0033,-75.1951,1737.0,6,0,0,0,0,0,1,0,0,2.0,0,0,0,17,3,2,0,,2,40 00:11.160,3.0,0,75 11:42.360,4,0,0,0,67301,0,0,0,N,0,0,0,3,68K01,2,,1,1,,Y,N,,0,,0,0,0,0,0,N,1730,2,2,0,0,0,0,0,3,4,0,2,3,,N,,,,,,,,,,,
2009111424,38.0,0,0,0,1,0,1,0,0,0,4,0,,67,8,2009,6,39.954,-75.1682,35.0,6,0,0,0,0,0,0,0,0,9.0,0,0,0,0,3,1,1,,1,39 57:14.403,4.0,0,75 10:05.487,2,0,0,0,67301,1,0,1,,0,0,0,2,67301,0,,1,1,,,,,0,,0,1,1,3,2,N,20,1,2,0,0,0,0,0,3,4,0,1,3,,N,,,,,,,,,,,
2009118970,2015.0,0,0,0,0,0,0,0,0,0,4,1,,67,10,2009,7,39.9744,-75.1474,2010.0,6,0,0,0,0,1,0,0,0,,0,1,0,20,3,1,5,,0,39 58:27.908,,0,75 08:50.629,8,0,0,1,67301,0,0,0,N,0,0,0,2,67301,0,,1,1,,N,N,,0,,0,0,0,3,3,,2010,1,2,0,0,0,1,0,3,4,0,2,3,,N,,,,,,,,,,,
2009133669,2124.0,1,0,0,0,0,0,0,0,0,6,0,,67,12,2009,7,39.9248,-75.1473,2113.0,6,0,0,0,0,0,0,0,0,3.0,0,0,0,21,3,1,0,,1,39 55:28.920,2.0,0,75 08:50.280,8,0,0,0,67301,0,0,0,N,0,0,0,2,68K01,0,,1,7,,N,N,,0,,0,0,1,0,0,N,2112,1,2,0,0,0,1,0,3,4,0,2,10,,N,,,,,,,,,,,
2009120752,1307.0,0,0,0,0,0,0,0,0,0,8,0,,67,10,2009,4,40.0455,-75.1649,1301.0,6,0,0,0,0,0,0,0,0,,0,0,0,13,1,1,1,,0,40 02:43.800,,0,75 09:53.514,8,0,0,0,67301,1,0,0,N,1,0,0,2,67301,0,,1,1,,N,N,,0,,0,0,1,3,2,,1300,1,2,0,0,0,1,0,3,4,0,1,3,,N,,,,,,,,,,,
2009066433,1222.0,1,0,0,0,0,0,0,0,0,8,0,,67,5,2009,1,40.0472,-75.1768,1219.0,6,0,0,0,0,0,1,0,0,,0,0,0,12,1,1,1,,0,40 02:50.040,,0,75 10:36.380,3,0,0,0,67301,1,0,0,N,1,0,0,3,67301,0,,1,1,,N,N,,0,,1,0,0,0,0,,1215,1,2,0,0,0,0,0,3,4,0,1,3,,N,,,,,,,,,,,
2009063770,243.0,1,0,0,0,0,0,0,0,0,6,0,,67,5,2009,1,40.0254,-75.2086,243.0,6,0,0,0,0,0,0,0,0,,0,0,0,2,3,0,2,,0,40 01:31.588,,0,75 12:31.028,0,0,0,0,67301,0,0,0,N,0,0,0,1,67301,0,,1,1,,N,N,,1,,0,0,1,0,0,,215,0,3,0,0,0,0,0,3,4,0,3,3,,N,,,,,,,,,,,
2009066554,1705.0,1,0,0,0,0,0,0,0,0,8,0,,67,5,2009,5,39.9618,-75.2327,1700.0,6,0,0,0,0,0,1,0,0,,0,0,0,15,1,1,0,,0,39 57:42.455,,0,75 13:57.723,4,0,0,0,67301,1,0,0,N,1,0,0,2,67301,1,,1,1,,N,N,,0,,0,0,0,0,0,,1540,1,2,0,0,0,0,0,3,4,0,1,3,,N,,,,,,,,,,,
2009056346,115.0,1,0,0,0,0,0,0,0,0,1,0,,67,4,2009,3,40.0038,-75.1523,23.0,6,0,0,0,0,0,0,0,0,3.0,1,0,0,0,3,1,0,,2,40 00:13.516,1.0,0,75 09:08.376,1,1,0,1,67301,0,0,0,,0,0,0,2,67301,0,2.0,6,1,,,,,0,0.0,0,0,0,0,0,Y,0,1,2,0,0,0,1,0,3,4,0,2,3,,N,,,,,,,,,,,
2009063958,1605.0,1,0,0,0,0,0,0,0,0,8,0,,67,4,2009,7,39.929,-75.1785,1605.0,6,0,0,0,0,0,0,0,0,3.0,0,0,0,16,1,1,0,,2,39 55:44.378,2.0,0,75 10:42.668,2,0,0,0,67301,1,0,1,,1,0,1,4,67301,0,,1,1,,N,N,,0,,0,1,0,0,0,Y,1600,1,2,0,0,0,0,0,3,4,0,1,3,,N,,,,,,,,,,,
2009056452,845.0,2,0,0,0,0,0,0,0,0,6,0,,67,4,2009,4,39.957,-75.2194,836.0,6,0,0,0,0,0,2,0,0,,0,0,0,8,1,2,2,,0,39 57:25.138,,0,75 13:09.994,4,0,0,0,67301,0,0,0,N,0,0,0,4,67301,2,,1,9,,N,N,,0,,0,0,0,3,3,,811,2,2,0,0,0,0,0,3,4,0,2,3,,N,,,,,,,,,,,
2009088376,1000.0,1,0,0,0,0,0,0,0,0,7,0,,67,8,2009,7,40.0531,-74.9865,953.0,6,0,0,0,0,1,0,0,0,1.0,0,0,0,9,1,1,0,,2,40 03:11.579,1.0,0,74 59:10.968,4,0,0,0,67301,0,0,0,Y,0,0,0,1,68K01,1,,2,1,,N,N,,0,,0,0,0,0,0,N,951,1,1,0,0,0,0,0,3,4,0,1,3,,N,,,,,,,,,,,
2009088386,2328.0,1,0,0,0,0,0,0,0,0,7,0,,67,8,2009,6,39.9818,-75.2072,2327.0,6,0,0,0,0,0,0,0,0,,0,0,0,23,3,0,0,,0,39 58:58.440,,0,75 12:28.440,0,0,0,0,67301,0,0,0,N,0,0,0,1,68K01,0,,2,9,,N,N,,0,,0,0,0,0,0,,2325,0,1,0,0,0,0,0,3,4,0,1,7,,N,,,,,,,,,,,
2009085928,1315.0,1,0,0,0,0,0,0,0,0,8,0,,67,7,2009,7,39.9514,-75.1991,1310.0,6,0,0,0,0,0,0,0,0,,0,0,0,13,1,1,1,,0,39 57:04.866,,0,75 11:56.817,3,0,0,0,67301,1,0,0,N,1,0,0,2,67301,0,,1,1,,N,N,,0,,1,0,0,0,0,,1310,1,2,0,0,0,0,0,3,4,0,1,3,,N,,,,,,,,,,,
2009083337,9999.0,1,0,0,0,0,0,0,0,0,8,0,,67,7,2009,6,40.0895,-75.0335,1623.0,6,0,0,0,0,0,0,0,0,,0,0,0,99,1,1,2,,0,40 05:22.265,,0,75 02:00.676,4,0,0,0,67301,1,0,0,N,1,0,0,2,67301,1,,1,1,,N,N,,0,,0,0,0,0,0,,9999,1,2,0,0,0,0,0,3,4,0,1,3,,N,,,,,,,,,,,
2009083422,1535.0,1,0,0,1,0,0,0,0,0,1,0,,67,7,2009,5,39.9544,-75.1628,1533.0,6,0,0,0,0,0,1,0,0,,0,0,0,15,1,1,0,,0,39 57:15.755,,0,75 09:46.219,4,0,0,0,67301,1,0,0,N,0,0,0,2,67301,1,,1,1,,N,N,,0,,0,0,0,0,0,,1520,1,2,0,0,0,0,0,3,4,0,1,3,,N,,,,,,,,,,,
2009083497,837.0,1,0,0,0,0,0,0,0,0,4,0,,67,5,2009,2,40.0523,-75.008,836.0,6,0,0,0,0,0,0,0,0,,0,0,0,8,1,0,1,,0,40 03:08.339,,0,75 00:28.750,0,0,0,0,67301,0,0,0,N,0,0,0,4,67301,0,,1,9,,,N,,1,,0,0,0,3,2,,835,0,2,0,0,0,0,0,3,4,0,2,7,,N,,,,,,,,,,,
2009065841,2038.0,1,0,0,0,0,0,0,0,0,1,0,,67,4,2009,4,40.0412,-75.1156,2034.0,6,0,0,0,1,0,0,0,0,,0,0,0,19,4,3,2,,0,40 02:28.377,,0,75 06:56.005,8,0,0,0,67301,0,0,0,N,0,0,0,5,67301,0,,1,1,,N,N,,0,,0,0,1,3,2,,1941,3,2,0,0,0,3,0,3,4,0,2,3,,N,,,,,,,,,,,
2009086094,1720.0,3,0,0,0,0,0,0,0,0,1,0,,67,8,2009,7,39.9551,-75.1853,1713.0,6,0,0,0,0,0,0,0,0,,0,0,0,17,1,3,2,,0,39 57:18.598,,0,75 11:08.021,4,0,0,0,67301,0,0,0,N,0,0,0,6,67301,1,,1,1,,N,N,,0,,0,0,0,3,2,,1713,3,3,0,0,0,2,0,3,4,0,3,3,,N,,,,,,,,,,,
2009086473,350.0,1,0,0,0,0,0,0,0,0,4,0,,67,7,2009,6,40.0108,-75.0905,348.0,6,0,0,0,0,0,0,0,0,,0,0,0,3,3,1,2,,0,40 00:38.822,,0,75 05:25.850,4,0,0,0,67301,0,0,0,,0,0,0,1,67301,1,,1,1,,,,,0,,0,0,0,3,3,,344,1,2,0,0,1,0,0,3,4,1,2,3,,N,,,,,,,,,,,
2009108013,1351.0,1,0,0,0,0,0,0,0,0,7,0,,67,10,2009,4,,,1351.0,6,0,0,0,0,0,0,0,0,,0,0,0,13,1,0,7,,0,,,0,,0,0,0,0,67301,0,0,0,N,0,0,0,1,67501,0,,5,9,,N,N,,0,,0,0,0,0,0,,1351,0,1,0,0,0,0,0,3,3,0,1,7,,N,,,,,,,,,,,
2009100186,1224.0,1,0,0,0,0,0,0,0,0,4,0,,67,9,2009,4,39.9738,-75.2064,1224.0,6,0,0,0,0,0,0,0,0,1.0,0,0,0,12,1,3,1,,2,39 58:25.816,6.0,0,75 12:23.037,8,0,0,0,67301,0,0,0,N,0,0,0,3,67301,0,,1,1,,N,N,,1,,0,0,0,3,2,Y,1224,3,2,0,0,0,3,0,3,4,0,2,3,,N,,,,,,,,,,,
2009110041,1018.0,0,0,0,0,0,0,0,0,0,0,1,,67,10,2009,5,39.8939,-75.1955,1007.0,6,0,0,0,0,0,0,0,0,4.0,0,1,0,10,1,0,0,,1,39 53:54.547,1.0,0,75 10:52.005,0,0,0,0,67301,0,0,0,Y,0,0,0,1,68K01,0,,2,1,,N,N,,0,,0,0,0,0,0,N,1003,0,1,0,0,0,0,0,3,4,0,1,3,,N,,,,,,,,,,,
2009105642,2105.0,2,0,0,0,0,0,0,0,0,1,0,,67,9,2009,5,39.994,-75.1181,2105.0,6,0,0,0,0,0,0,0,0,,0,0,0,19,3,4,5,,0,39 59:38.223,,0,75 07:04.994,4,0,0,0,67301,0,0,0,,0,0,0,6,67301,4,,1,1,,N,N,,0,,0,0,0,9,2,,1926,4,2,0,0,0,0,0,3,4,0,2,3,,N,,,,,,,,,,,
2009100775,830.0,3,0,0,0,0,0,0,0,0,1,0,,67,9,2009,2,40.0125,-75.1612,829.0,6,0,0,0,0,0,1,0,0,,0,0,0,8,1,3,0,,0,40 00:45.057,,0,75 09:40.473,4,0,0,0,67301,0,0,0,N,0,0,0,4,67301,3,,1,1,,N,N,,0,,0,0,0,0,0,,827,3,3,0,0,0,0,0,3,4,0,3,3,,N,,,,,,,,,,,
2009100813,142.0,2,0,0,0,0,0,0,0,0,4,0,,67,9,2009,6,40.0361,-75.1277,140.0,6,0,0,0,0,0,0,0,0,2.0,0,0,0,1,3,4,1,,2,40 02:09.861,6.0,0,75 07:39.767,4,0,0,0,67301,0,0,0,N,0,0,0,4,67301,4,,1,9,,N,N,,1,,0,0,0,3,2,N,103,4,3,0,0,0,0,0,3,4,0,3,7,,N,,,,,,,,,,,
2009122079,1041.0,2,0,0,0,0,0,0,0,0,1,0,,67,12,2009,6,40.0641,-75.1407,1041.0,6,0,0,0,1,0,1,0,0,,0,0,0,10,1,0,1,,0,40 03:50.621,,0,75 08:26.604,0,0,0,0,67301,0,0,0,N,0,0,0,3,46102,0,,1,1,,N,N,,0,,0,0,0,0,0,,1041,0,2,0,0,1,0,0,3,4,0,2,3,,N,,,,,,,,,,,
2009104891,130.0,1,0,0,0,0,0,0,0,0,4,0,,67,9,2009,7,39.9996,-75.1534,9999.0,6,0,0,1,0,0,0,0,0,,0,0,0,1,3,3,0,,0,39 59:58.534,,7,75 09:12.099,3,0,0,1,67301,0,0,0,N,0,0,0,6,67301,0,,1,1,,N,N,,0,,3,0,0,0,0,,128,3,2,0,0,1,0,0,3,4,0,2,3,,N,,,,,,,,,,,
2009107397,1957.0,0,0,0,0,0,0,0,0,0,6,0,,67,9,2009,3,39.9247,-75.1626,1952.0,6,0,0,0,0,0,0,1,0,,0,0,0,19,3,2,1,,0,39 55:28.999,,0,75 09:45.464,4,0,0,0,67301,0,0,0,N,0,0,0,3,67301,2,,1,1,,N,N,,2,,0,0,1,3,3,,1950,2,3,0,0,0,0,0,3,4,0,3,3,,N,,,,,,,,,,,
2009100545,712.0,0,0,0,1,0,0,0,0,0,5,0,,67,9,2009,5,39.9552,-75.1983,712.0,6,0,0,0,0,0,1,0,0,,0,0,0,7,1,1,1,,0,39 57:18.540,,0,75 11:53.890,8,0,0,0,67301,1,0,0,N,0,0,0,2,67301,0,,1,1,,N,N,,0,,0,0,1,3,2,,700,1,2,0,0,0,1,0,3,4,0,1,3,,N,,,,,,,,,,,
2009100558,1320.0,1,0,0,0,0,0,0,0,0,5,0,,67,9,2009,6,39.95,-75.2229,1025.0,6,0,0,0,0,0,0,0,0,,0,0,0,10,1,2,1,,0,39 56:59.960,,0,75 13:22.558,4,0,0,0,67301,0,0,0,N,0,0,0,3,67301,1,,1,1,,N,N,,0,,0,0,0,3,3,,1027,2,2,0,0,2,1,0,3,4,1,2,3,,N,,,,,,,,,,,
2009025646,1450.0,1,0,0,0,0,0,0,0,0,4,0,,67,1,2009,5,40.114,-74.9876,1442.0,6,0,0,0,0,0,0,0,0,1.0,0,0,0,14,1,0,1,,2,40 06:50.546,1.0,0,74 59:15.382,0,0,0,0,67301,0,0,0,N,0,0,0,3,67301,0,,1,1,,N,N,,0,,0,0,0,3,2,N,1441,0,2,0,0,0,0,0,3,4,1,2,3,,N,,,,,,,,,,,
2009030804,930.0,3,0,0,0,0,0,0,0,0,4,0,,67,1,2009,7,40.0309,-75.1193,925.0,6,0,0,0,0,0,1,0,0,1.0,0,0,0,9,1,1,0,,1,40 01:51.315,4.0,0,75 07:09.472,4,0,0,0,67301,0,0,0,N,0,0,0,1,67301,1,,1,1,,N,N,,0,,0,0,0,0,0,Y,923,1,4,0,0,0,0,0,3,4,1,4,3,,N,,,,,,,,,,,
2009033392,648.0,4,0,0,0,0,0,0,0,0,5,0,,67,3,2009,1,39.9793,-75.1075,645.0,6,0,0,0,0,0,0,0,0,1.0,0,0,0,6,5,2,0,,2,39 58:46.113,1.0,0,75 06:26.731,4,0,0,0,67301,0,0,0,N,0,0,0,6,68K01,2,,1,6,,N,N,,0,,0,0,0,0,0,N,644,2,4,0,0,0,0,0,3,4,0,4,3,,N,,,,,,,,,,,
2009025853,1115.0,2,0,0,0,0,0,0,0,0,1,0,,67,1,2009,6,40.0097,-75.1872,1052.0,6,0,0,0,0,0,0,0,0,2.0,0,0,0,10,1,1,7,,2,40 00:38.272,2.0,2,75 11:04.414,8,0,0,0,67301,0,0,0,N,0,0,0,2,67301,0,,1,1,,N,N,,0,,0,0,0,0,0,N,1050,1,2,0,0,1,1,1,3,4,0,2,3,,N,,,,,,,,,,,
2009030785,915.0,0,0,0,0,0,0,0,0,0,7,0,,67,2,2009,4,39.9518,-75.1718,914.0,6,0,0,0,0,0,0,0,0,,0,0,0,9,1,0,1,,0,39 57:06.628,,0,75 10:18.367,0,0,0,0,67301,0,0,0,N,0,0,0,1,67301,0,,5,7,,N,N,,0,,0,0,1,3,2,,912,0,1,0,0,0,0,0,3,4,0,1,10,,N,,,,,,,,,,,
2009030788,1315.0,2,0,0,0,0,0,0,0,0,4,0,,67,2,2009,6,40.0709,-75.2114,1306.0,6,0,0,0,0,0,1,0,1,,0,0,0,12,1,0,1,,0,40 04:15.297,,0,75 12:41.122,0,0,0,0,67301,0,0,0,N,0,0,0,2,67301,0,,1,9,,N,N,,0,,0,0,0,3,3,,1235,0,2,0,0,0,0,0,3,4,0,2,3,,N,,,,,,,,,,,
2009025630,1820.0,3,0,0,0,0,0,0,0,0,1,0,,67,1,2009,2,40.0221,-75.0942,1814.0,6,0,0,0,0,0,0,0,0,,0,0,0,17,3,3,0,,0,40 01:19.430,,0,75 05:39.274,4,0,0,0,67301,0,0,0,N,0,0,0,5,67301,3,,1,1,,N,N,,0,,0,0,0,3,2,,1759,3,3,0,0,2,0,0,3,4,0,3,3,,N,,,,,,,,,,,
2009028394,1235.0,2,0,0,0,0,0,0,0,0,1,0,,67,2,2009,3,39.9597,-75.1761,1233.0,6,0,0,0,1,0,0,0,0,1.0,0,0,0,12,1,2,0,,1,39 57:35.680,4.0,0,75 10:41.136,3,0,0,0,67301,0,0,0,N,0,0,0,2,68K01,1,,1,1,,N,N,,0,,1,0,0,0,0,N,1225,2,2,0,0,1,0,0,3,4,0,2,3,,N,,,,,,,,,,,
2009038047,1535.0,3,0,0,0,0,0,0,0,0,1,0,,67,2,2009,5,39.992,-75.1402,1525.0,6,0,0,0,0,0,0,0,0,,0,0,0,15,1,3,1,,0,39 59:31.321,,0,75 08:24.666,3,0,0,0,67301,0,0,0,N,0,0,0,5,67301,0,,1,1,,N,N,,0,,3,0,0,3,2,,1500,3,3,0,0,0,0,0,3,4,0,3,99,,N,,,,,,,,,,,
2009038058,502.0,1,0,0,0,0,0,0,0,0,4,0,,67,3,2009,1,39.9576,-75.1587,500.0,6,0,0,0,1,0,1,0,0,,0,0,0,4,3,3,1,,0,39 57:27.358,,0,75 09:31.181,4,0,0,0,67301,0,0,0,N,0,0,0,4,67301,3,,1,1,,N,N,,0,,0,0,1,3,2,,459,3,2,0,0,0,0,0,3,4,0,2,3,,N,,,,,,,,,,,
2009030458,455.0,1,0,0,0,0,0,0,0,0,1,0,,67,1,2009,7,39.9544,-75.1481,454.0,6,0,0,0,0,0,1,0,0,1.0,0,0,0,4,3,2,1,,1,39 57:15.840,3.0,0,75 08:53.160,4,0,0,0,67301,0,0,0,,0,0,0,4,67301,2,,1,1,,N,,,0,,0,0,1,3,2,N,454,2,2,0,0,0,0,0,3,4,0,2,3,,N,,,,,,,,,,,
2009099300,1317.0,1,0,0,0,0,0,0,0,0,1,1,,67,9,2009,6,40.0222,-75.0377,1309.0,6,0,0,0,0,0,1,0,0,2.0,0,1,0,13,1,3,0,,2,40 01:21.627,1.0,0,75 02:11.131,8,0,0,0,67301,0,0,0,N,0,0,0,4,68K01,0,,1,1,,N,N,,0,,0,0,0,0,0,N,1307,3,3,0,0,0,3,0,3,4,1,3,3,,N,,,,,,,,,,,
2009125592,1812.0,1,0,0,0,0,0,0,0,0,1,0,,67,11,2009,6,39.9966,-75.1969,1810.0,6,0,0,0,0,0,0,0,0,1.0,0,0,0,18,3,1,0,,1,39 59:50.795,3.0,0,75 11:46.839,8,0,0,0,67301,0,0,0,N,0,0,0,3,68K01,0,,1,9,,N,N,,1,,0,0,0,0,0,N,1809,1,2,0,0,0,1,0,3,4,0,2,3,,N,,,,,,,,,,,
2009122726,1745.0,1,0,0,0,0,0,0,0,0,7,0,,67,11,2009,4,39.9912,-75.2036,1744.0,6,0,0,0,0,0,0,0,0,,0,0,0,17,3,0,0,,0,39 59:30.502,,0,75 12:08.295,0,0,0,0,67301,0,0,0,N,0,0,0,1,68K01,0,,3,9,,N,N,,0,,0,0,0,0,0,,1742,0,1,0,0,0,0,0,3,4,0,1,7,,N,,,,,,,,,,,
2009111779,1724.0,1,0,0,0,0,0,0,0,0,8,0,,67,10,2009,3,40.0378,-75.1814,1721.0,6,0,0,0,0,1,0,0,0,,0,0,0,17,1,1,0,,0,40 02:15.970,,0,75 10:53.200,8,0,0,0,67301,1,0,0,N,1,0,0,2,67301,0,,1,1,,N,N,,0,,0,0,0,0,0,,1718,1,2,0,0,0,1,0,3,4,0,1,3,,N,,,,,,,,,,,