CRN,ARRIVAL_TM,AUTOMOBILE_COUNT,BELTED_DEATH_COUNT,BELTED_SUSP_SERIOUS_INJ_COUNT,BICYCLE_COUNT,BICYCLE_DEATH_COUNT,BICYCLE_SUSP_SERIOUS_INJ_COUNT,BUS_COUNT,CHLDPAS_DEATH_COUNT,CHLDPAS_SUSP_SERIOUS_INJ_COUNT,COLLISION_TYPE,COMM_VEH_COUNT,CONS_ZONE_SPD_LIM,COUNTY,CRASH_MONTH,CRASH_YEAR,DAY_OF_WEEK,DEC_LAT,DEC_LONG,DISPATCH_TM,DISTRICT,DRIVER_COUNT_16YR,DRIVER_COUNT_17YR,DRIVER_COUNT_18YR,DRIVER_COUNT_19YR,DRIVER_COUNT_20YR,DRIVER_COUNT_50_64YR,DRIVER_COUNT_65_74YR,DRIVER_COUNT_75PLUS,EST_HRS_CLOSED,FATAL_COUNT,HEAVY_TRUCK_COUNT,HORSE_BUGGY_COUNT,HOUR_OF_DAY,ILLUMINATION,INJURY_COUNT,INTERSECT_TYPE,INTERSECTION_RELATED,LANE_CLOSED,LATITUDE,LN_CLOSE_DIR,LOCATION_TYPE,LONGITUDE,MAX_SEVERITY_LEVEL,MCYCLE_DEATH_COUNT,MCYCLE_SUSP_SERIOUS_INJ_COUNT,MOTORCYCLE_COUNT,MUNICIPALITY,NONMOTR_COUNT,NONMOTR_DEATH_COUNT,NONMOTR_SUSP_SERIOUS_INJ_COUNT,NTFY_HIWY_MAINT,PED_COUNT,PED_DEATH_COUNT,PED_SUSP_SERIOUS_INJ_COUNT,PERSON_COUNT,POLICE_AGCY,POSSIBLE_INJ_COUNT,RDWY_SURF_TYPE_CD,RELATION_TO_ROAD,ROAD_CONDITION,ROADWAY_CLEARED,SCH_BUS_IND,SCH_ZONE_IND,SECONDARY_CRASH,SMALL_TRUCK_COUNT,SPEC_JURIS_CD,SUSP_MINOR_INJ_COUNT,SUSP_SERIOUS_INJ_COUNT,SUV_COUNT,TCD_FUNC_CD,TCD_TYPE,TFC_DETOUR_IND,TIME_OF_DAY,TOT_INJ_COUNT,TOTAL_UNITS,UNB_DEATH_COUNT,UNB_SUSP_SERIOUS_INJ_COUNT,UNBELTED_OCC_COUNT,UNK_INJ_DEG_COUNT,UNK_INJ_PER_COUNT,URBAN_AREA,URBAN_RURAL,VAN_COUNT,VEHICLE_COUNT,WEATHER1,WEATHER2,WORK_ZONE_IND,WORK_ZONE_LOC,WORK_ZONE_TYPE,WORKERS_PRES,WZ_CLOSE_DETOUR,WZ_FLAGGER,WZ_LAW_OFFCR_IND,WZ_LN_CLOSURE,WZ_MOVING,WZ_OTHER,WZ_SHLDER_MDN,WZ_WORKERS_INJ_KILLED
2009120398,440.0,0,0,0,0,0,0,0,0,0,7,0,,67,11,2009,1,40.0514,-75.2363,440.0,6,0,0,0,0,0,0,0,0,,0,0,0,4,3,0,0,,0,40 03:03.690,,0,75 14:10.574,9,0,0,0,67301,0,0,0,,0,0,0,1,67301,0,,5,9,,N,N,,0,,0,0,0,0,0,,440,0,1,0,0,0,0,1,3,4,1,1,7,,N,,,,,,,,,,,
2009036686,1017.0,2,0,0,0,0,0,0,0,0,1,0,,67,2,2009,2,40.0073,-75.1921,1014.0,6,0,0,0,0,0,0,0,0,1.0,0,0,0,10,1,1,0,,1,40 00:26.785,2.0,0,75 11:30.983,4,0,0,0,67301,0,0,0,N,0,0,0,2,67301,1,,1,1,,N,N,,0,,0,0,0,0,0,N,1012,1,2,0,0,0,0,0,3,4,0,2,3,,N,,,,,,,,,,,
2009044397,1537.0,1,0,0,0,0,0,0,0,0,8,0,,67,3,2009,1,40.016,-75.1537,1533.0,6,0,0,0,0,0,0,0,0,,0,0,0,15,1,1,0,,0,40 00:57.602,,0,75 09:13.389,4,0,0,0,67301,1,0,0,N,1,0,0,2,67301,1,,1,1,,N,N,,0,,0,0,0,0,0,,1520,1,2,0,0,0,0,0,3,4,0,1,99,,N,,,,,,,,,,,
2009044408,1440.0,2,0,0,0,0,0,0,0,0,1,0,,67,3,2009,5,40.0135,-75.1231,1440.0,6,0,0,0,0,1,1,0,0,,0,0,0,12,1,1,0,,0,40 00:48.614,,0,75 07:23.062,4,0,0,0,67301,0,0,0,N,0,0,0,3,67301,1,,1,9,,N,N,,0,,0,0,0,0,0,,1255,1,2,0,0,0,0,0,3,4,0,2,3,,N,,,,,,,,,,,
2009037483,1618.0,1,0,0,0,0,0,0,0,0,4,0,,67,2,2009,4,39.9773,-75.1349,1616.0,6,0,0,0,0,0,0,2,0,1.0,0,0,0,15,1,8,2,,1,39 58:38.244,1.0,0,75 08:05.614,8,0,0,0,67301,0,0,0,N,0,0,0,8,67301,0,,1,9,,N,N,,0,,0,0,0,3,3,N,1555,8,2,0,0,0,8,0,3,4,1,2,7,,N,,,,,,,,,,,
2009039389,2157.0,1,0,0,0,0,0,0,0,0,8,0,,67,1,2009,7,39.9925,-75.1439,2152.0,6,0,0,0,0,0,0,0,0,,0,0,0,21,3,1,1,,0,39 59:33.389,,0,75 08:37.827,3,0,0,0,67301,1,0,0,,1,0,0,2,67301,0,,1,1,,N,N,,0,,1,0,0,0,0,,2140,1,2,0,0,0,0,0,3,4,0,1,3,,N,,,,,,,,,,,
2009049751,2350.0,3,0,0,0,0,0,0,0,0,4,0,,67,4,2009,7,40.0086,-75.0688,2341.0,6,0,0,0,0,0,0,0,0,1.0,0,0,0,23,3,2,1,,2,40 00:31.034,3.0,0,75 04:07.810,4,0,0,0,67301,0,0,0,N,0,0,0,8,67301,2,,1,1,,N,N,,0,,0,0,0,3,2,N,2341,2,3,0,0,0,0,0,3,4,0,3,3,,N,,,,,,,,,,,
2009039420,918.0,1,0,0,0,0,0,0,0,0,8,0,,67,2,2009,4,39.9697,-75.1417,917.0,6,0,0,0,0,0,0,0,0,,0,0,0,9,1,1,0,,0,39 58:11.056,,0,75 08:30.033,4,0,0,0,67301,1,0,0,N,1,0,0,2,67301,1,,1,1,,N,,,0,,0,0,0,3,2,,916,1,2,0,0,0,0,0,3,4,0,1,3,,N,,,,,,,,,,,
2009037412,1605.0,1,0,0,1,0,0,0,0,0,4,0,,67,2,2009,7,39.9411,-75.1456,1600.0,6,0,0,0,0,0,0,0,0,,0,0,0,15,1,1,0,,0,39 56:28.096,,0,75 08:44.181,8,0,0,0,67301,1,0,0,N,0,0,0,2,67301,0,,1,1,,N,N,,0,,0,0,0,0,0,,1545,1,2,0,0,0,1,0,3,4,0,1,3,,N,,,,,,,,,,,
2009039674,835.0,1,0,0,0,0,0,0,0,0,2,0,,67,1,2009,4,40.0517,-75.0935,833.0,6,0,0,0,0,0,1,0,0,,0,0,0,8,1,1,0,,0,40 03:06.200,,0,75 05:36.709,8,0,0,0,67301,0,0,0,N,0,0,0,3,67301,0,,1,1,,N,N,,2,,0,0,0,0,0,,833,1,4,0,0,0,1,0,3,4,1,4,3,,N,,,,,,,,,,,
2009039680,525.0,1,0,0,0,0,0,0,0,0,4,0,,67,2,2009,1,39.9333,-75.2389,518.0,6,0,0,0,0,0,1,0,0,,0,0,0,4,5,0,0,,0,39 55:59.781,,0,75 14:20.139,9,0,0,0,67301,0,0,0,N,0,0,0,2,67301,0,,1,1,,N,N,,0,,0,0,1,0,0,,424,0,2,0,0,0,0,1,3,4,0,2,3,,N,,,,,,,,,,,
2009039566,9999.0,1,0,0,0,0,0,0,0,0,5,0,,67,2,2009,6,40.0571,-75.0014,1919.0,6,0,0,0,0,0,2,0,0,,0,0,0,99,8,1,0,,0,40 03:25.340,,0,75 00:05.281,2,0,0,0,67301,0,0,0,N,0,0,0,3,67301,0,,1,98,,N,N,,1,,0,1,0,0,0,,9999,1,2,0,0,0,0,0,3,4,0,2,99,,N,,,,,,,,,,,
2009037463,1750.0,2,0,0,0,0,0,0,0,0,4,0,,67,2,2009,4,39.9111,-75.2303,1746.0,6,0,0,0,0,0,0,0,0,,0,0,0,17,3,0,1,,0,39 54:40.129,,0,75 13:49.231,0,0,0,0,67301,0,0,0,N,0,0,0,2,67301,0,,1,9,,N,N,,0,,0,0,0,3,2,,1735,0,2,0,0,0,0,0,3,4,0,2,7,,N,,,,,,,,,,,
2009039248,2159.0,1,0,0,0,0,0,0,0,0,7,0,,67,2,2009,1,39.9827,-75.2271,2155.0,6,0,0,0,0,0,0,0,0,,0,0,0,21,3,0,3,,0,39 58:57.691,,0,75 13:37.585,0,0,0,0,67301,0,0,0,,0,0,0,1,67301,0,,3,1,,N,N,,0,,0,0,0,9,2,,2147,0,1,0,0,0,0,0,3,4,0,1,3,,N,,,,,,,,,,,
2009039264,2020.0,2,0,0,0,0,0,0,0,0,4,0,,67,2,2009,1,39.9819,-75.239,2010.0,6,0,0,0,0,0,0,0,0,,0,0,0,20,3,0,1,,0,39 58:54.974,,0,75 14:20.357,0,0,0,0,67301,0,0,0,N,0,0,0,3,67301,0,,1,1,,,N,,0,,0,0,0,3,2,,2010,0,2,0,0,0,0,0,3,4,0,2,3,,N,,,,,,,,,,,
2009039289,1230.0,1,0,0,0,0,0,0,0,0,4,0,,67,2,2009,3,39.9491,-75.1557,1130.0,6,0,0,0,0,0,1,0,0,,0,0,0,11,1,1,2,,0,39 56:56.623,,0,75 09:20.444,4,0,0,0,67301,0,0,0,,0,0,0,2,67301,1,,1,9,,,,,0,,0,0,1,9,3,,1100,1,2,0,0,0,0,0,3,4,0,2,3,,N,,,,,,,,,,,
2009036819,143.0,0,0,0,0,0,0,0,0,0,7,0,,67,2,2009,6,40.0184,-75.0465,138.0,6,0,0,0,0,0,0,0,0,1.0,0,0,0,1,3,0,0,,1,40 01:06.681,4.0,0,75 02:47.011,9,0,0,0,67301,0,0,0,N,0,0,0,1,67301,0,,2,1,,N,N,,0,,0,0,1,0,0,N,136,0,1,0,0,0,0,1,3,4,0,1,3,,N,,,,,,,,,,,
2009125231,840.0,1,0,0,0,0,0,0,0,0,4,0,,67,11,2009,2,39.9435,-75.2353,745.0,6,0,0,0,0,0,1,0,0,,0,0,0,7,1,1,1,,0,39 56:36.621,,0,75 14:06.917,8,0,0,0,67301,0,0,0,N,0,0,0,3,67301,0,,1,1,,N,N,,0,,0,0,1,1,3,,740,1,2,0,0,0,1,0,3,4,0,2,3,,N,,,,,,,,,,,
2009133156,1700.0,0,0,0,0,0,0,0,0,0,7,0,,67,12,2009,1,40.0337,-75.0203,1656.0,6,0,0,0,0,0,1,0,0,,0,0,0,16,3,0,0,,0,40 02:01.680,,0,75 01:12.720,0,0,0,0,67301,0,0,0,N,0,0,0,1,68K01,0,,2,9,,N,N,,0,,0,0,1,0,0,,1654,0,1,0,0,0,0,0,3,4,0,1,7,,N,,,,,,,,,,,
2009125263,1805.0,2,0,0,0,0,0,0,0,0,4,0,,67,11,2009,1,40.022,-75.0835,1757.0,6,0,0,0,0,0,0,1,0,,0,0,0,17,3,1,1,,0,40 01:19.081,,0,75 05:00.736,8,0,0,0,67301,0,0,0,N,0,0,0,3,67301,0,,1,1,,N,N,,0,,0,0,0,3,3,,1750,1,2,0,0,0,1,0,3,4,0,2,3,,N,,,,,,,,,,,
2009125273,740.0,1,0,0,0,0,0,0,0,0,4,0,,67,11,2009,6,40.0424,-75.0827,736.0,6,0,0,0,0,0,2,0,0,,0,0,0,6,1,1,1,,0,40 02:32.725,,0,75 04:57.598,4,0,0,0,67301,0,0,0,N,0,0,0,2,67301,1,,1,9,,N,N,,0,,0,0,1,2,2,,643,1,2,0,0,0,0,1,3,4,0,2,7,,N,,,,,,,,,,,
2009120355,1935.0,1,0,0,0,0,0,0,0,0,8,0,,67,10,2009,7,39.9552,-75.1985,1933.0,6,0,0,0,0,0,0,0,0,,0,0,0,19,3,1,0,,0,39 57:18.619,,0,75 11:54.523,8,0,0,0,67301,1,0,0,N,1,0,0,3,67301,0,,1,9,,N,N,,0,,0,0,0,3,2,,1910,1,2,0,0,0,1,0,3,4,0,1,7,,N,,,,,,,,,,,
2009111853,1656.0,2,0,0,0,0,0,0,0,0,1,0,,67,9,2009,3,39.953,-75.2346,1640.0,6,0,0,0,0,0,0,0,0,,0,0,0,16,1,1,1,,0,39 57:10.789,,0,75 14:04.394,8,0,0,0,67301,0,0,0,N,0,0,0,2,67301,0,,1,1,,N,N,,0,,0,0,0,3,3,,1640,1,2,0,0,0,1,0,3,4,0,2,3,,N,,,,,,,,,,,
2009047364,2217.0,1,0,0,0,0,0,0,0,0,5,0,,67,4,2009,1,39.9815,-75.2071,2207.0,6,0,0,0,0,0,1,0,0,,0,0,0,22,3,3,0,,0,39 58:56.709,,0,75 12:28.150,3,0,0,0,67301,0,0,0,N,0,0,0,4,68K01,2,,1,1,,N,N,,0,,1,0,0,0,0,,2201,3,2,0,0,0,0,0,3,4,1,2,3,,N,,,,,,,,,,,
2009032016,1200.0,1,0,0,0,0,0,0,0,0,7,0,,67,2,2009,4,39.892,-75.198,1158.0,6,0,0,0,0,0,0,0,0,1.0,0,0,0,11,1,1,0,,1,39 53:54.718,1.0,0,75 10:51.056,4,0,0,0,67301,0,0,0,N,0,0,0,1,68K02,1,,7,1,,N,N,,0,,0,0,0,0,0,N,1148,1,1,0,0,0,0,0,3,4,0,1,3,,N,,,,,,,,,,,
2009036724,805.0,2,0,0,0,0,0,0,0,0,1,0,,67,2,2009,5,40.0692,-75.0073,805.0,6,0,0,0,0,0,1,0,0,,0,0,0,99,1,2,1,,0,40 04:09.120,,0,75 00:26.280,4,0,0,0,67301,0,0,0,N,0,0,0,3,67301,2,,1,1,,N,N,,0,,0,0,1,3,2,,9999,2,3,0,0,0,0,0,3,4,0,3,3,,N,,,,,,,,,,,
2009044360,1437.0,1,0,0,0,0,0,0,0,0,4,0,,67,3,2009,3,40.0457,-75.0315,1430.0,6,0,0,0,0,0,1,0,0,,0,0,0,14,1,1,1,,0,40 02:44.450,,0,75 01:53.520,8,0,0,0,67301,0,0,0,N,0,0,0,2,67301,0,,1,1,,N,N,,0,,0,0,0,3,2,,1430,1,2,0,0,0,1,0,3,4,1,2,3,,N,,,,,,,,,,,
2009044407,1657.0,2,0,0,0,0,0,0,0,0,4,0,,67,3,2009,7,39.992,-75.1402,1654.0,6,0,0,0,0,0,0,0,0,,0,0,0,16,3,0,1,,0,39 59:31.321,,0,75 08:24.666,0,0,0,0,67301,0,0,0,N,0,0,0,2,67301,0,,1,1,,N,N,,0,,0,0,0,3,2,,1650,0,2,0,0,0,0,0,3,4,0,2,3,,N,,,,,,,,,,,
2009037501,2020.0,2,0,0,0,0,0,0,0,0,1,0,,67,2,2009,7,39.9628,-75.2346,2015.0,6,0,0,0,0,0,0,0,0,,0,0,0,19,3,1,0,,0,39 57:46.065,,0,75 14:04.683,8,0,0,0,67301,1,0,0,N,0,0,0,2,67301,0,,6,1,,N,N,,0,,0,0,1,3,3,,1935,1,3,0,0,0,1,0,3,4,0,3,3,,N,,,,,,,,,,,
2009039400,2029.0,1,0,0,0,0,0,0,0,0,1,0,,67,2,2009,4,40.0285,-75.0901,2027.0,6,0,0,0,0,1,0,0,0,1.0,0,0,0,20,3,1,2,,1,40 01:42.536,1.0,0,75 05:24.325,4,0,0,0,67301,0,0,0,N,0,0,0,3,67301,1,,1,9,,N,N,,1,,0,0,1,0,0,N,2025,1,3,0,0,0,0,0,3,4,0,3,3,,N,,,,,,,,,,,
2009037397,220.0,1,0,0,0,0,0,0,0,0,7,0,,67,3,2009,1,40.043,-75.0373,215.0,6,0,0,1,0,0,0,0,0,2.0,0,0,0,2,3,1,0,,2,40 02:34.818,2.0,0,75 02:14.445,4,0,0,0,67301,0,0,0,N,0,0,0,1,67301,1,,5,9,,N,N,,0,,0,0,0,0,0,Y,210,1,1,0,0,0,0,0,3,4,0,1,10,,N,,,,,,,,,,,
2009029724,613.0,0,0,0,0,0,0,0,0,0,0,0,,67,2,2009,2,39.9569,-75.15,612.0,6,0,0,0,0,0,0,1,0,,0,0,0,6,5,0,0,,0,39 57:25.048,,0,75 09:01.346,0,0,0,0,67301,0,0,0,N,0,0,0,1,67501,0,,1,1,,N,N,,0,,0,0,1,3,8,,612,0,1,0,0,0,0,0,3,4,0,1,3,,N,,,,,,,,,,,
2009029766,2017.0,2,0,0,0,0,0,0,0,0,4,0,,67,2,2009,5,40.013,-75.1064,2015.0,6,0,0,0,0,0,0,0,0,,0,0,0,20,3,1,1,,0,40 00:46.731,,0,75 06:23.090,4,0,0,0,67301,2,0,0,N,0,0,0,5,67301,1,,1,1,,N,N,,1,,0,0,0,9,3,,2000,1,3,0,0,0,0,0,3,4,0,3,3,,N,,,,,,,,,,,
2009037114,215.0,0,0,0,0,0,0,0,0,0,2,0,,67,2,2009,7,39.9794,-75.2253,208.0,6,0,0,0,0,0,0,0,0,,0,0,0,2,3,1,1,,0,39 58:45.887,,0,75 13:31.197,8,0,0,0,67301,0,0,0,N,0,0,0,2,67301,0,,1,1,,N,N,,0,,0,0,1,3,2,,207,1,2,0,0,0,1,0,3,4,1,2,3,,N,,,,,,,,,,,
2009047407,1347.0,0,0,0,0,0,0,0,0,0,7,0,,67,4,2009,2,,,1344.0,6,0,0,0,0,0,0,0,0,1.0,0,0,0,13,1,0,0,,2,,4.0,2,,0,0,0,0,67301,0,0,0,N,0,0,0,1,67501,0,,4,9,,N,N,,0,,0,0,1,0,0,N,1340,0,1,0,0,0,0,0,3,3,0,1,7,,N,,,,,,,,,,,
2009039079,1910.0,1,0,0,1,0,0,0,0,0,8,0,,67,2,2009,2,40.0039,-75.1813,1900.0,6,0,0,0,0,0,0,0,0,,0,0,0,15,1,1,0,,0,40 00:13.939,,0,75 10:52.687,3,0,0,0,67301,1,0,0,,0,0,0,2,67301,0,,1,1,,,,,0,,1,0,0,0,0,,1535,1,2,0,0,0,0,0,3,4,0,1,3,,N,,,,,,,,,,,
2009037339,1240.0,1,0,0,0,0,0,0,0,0,8,0,,67,2,2009,2,39.9554,-75.1882,1200.0,6,0,0,0,0,0,0,0,0,,0,0,0,12,1,1,1,,0,39 57:19.788,,0,75 11:17.551,4,0,0,0,67301,1,0,0,,1,0,0,2,67301,1,,1,1,,N,N,,0,,0,0,0,3,2,,1200,1,2,0,0,0,0,0,3,4,0,1,3,,N,,,,,,,,,,,
2009037454,602.0,2,0,0,0,0,0,0,0,0,5,0,,67,3,2009,2,40.0297,-75.0881,555.0,6,0,0,0,0,0,0,0,0,,0,0,0,5,1,1,0,,0,40 01:34.674,,0,75 05:40.330,4,0,0,0,67301,0,0,0,N,0,0,0,2,67301,1,,1,7,,N,N,,0,,0,0,0,0,0,,553,1,2,0,0,0,0,0,3,4,0,2,10,,N,,,,,,,,,,,
2009037464,2342.0,2,0,0,0,0,0,0,0,0,6,0,,67,3,2009,4,40.036,-75.1239,2337.0,6,0,0,0,0,0,0,0,0,,0,0,0,23,3,0,0,,0,40 02:09.549,,0,75 07:25.888,0,0,0,0,67301,0,0,0,N,0,0,0,2,67301,0,,1,1,,N,N,,0,,0,0,0,0,0,,2337,0,2,0,0,2,0,0,3,4,0,2,3,,N,,,,,,,,,,,
2009032210,1852.0,2,0,0,0,0,0,0,0,0,1,0,,67,3,2009,5,40.0103,-75.0634,1852.0,6,0,0,0,0,0,0,1,1,,0,0,0,18,3,0,0,,0,40 00:37.032,,0,75 03:48.543,0,0,0,0,67301,0,0,0,N,0,0,0,3,68K03,0,,1,1,,N,N,,1,,0,0,0,0,0,,1842,0,3,0,0,1,0,0,3,4,0,3,3,,N,,,,,,,,,,,
2009026873,550.0,3,0,0,0,0,0,0,0,0,1,0,,67,1,2009,1,40.0272,-75.1071,544.0,6,0,0,0,0,0,0,0,0,,0,0,0,5,5,1,0,,0,40 01:38.010,,0,75 06:25.730,4,0,0,0,67301,0,0,0,N,0,0,0,3,67301,1,,1,9,,N,N,,0,,0,0,0,0,0,,544,1,3,0,0,1,0,0,3,4,0,3,10,,N,,,,,,,,,,,
2009026910,1009.0,1,0,0,0,0,0,0,0,0,8,0,,67,1,2009,2,39.9544,-75.1545,1005.0,6,0,0,0,0,0,0,0,0,2.0,0,0,0,10,1,1,0,,2,39 57:15.904,1.0,0,75 09:16.027,3,0,0,0,67301,1,0,0,N,1,0,0,1,67301,0,,1,1,,N,N,,1,,1,0,0,0,0,Y,1005,1,3,0,0,0,0,0,3,4,0,2,3,,N,,,,,,,,,,,
2009049587,9999.0,2,0,0,0,0,0,0,0,0,4,0,,67,4,2009,4,40.0532,-75.1221,1649.0,6,0,0,0,0,0,1,0,0,,0,0,0,99,1,0,1,,0,40 03:11.434,,0,75 07:19.656,0,0,0,0,67301,0,0,0,N,0,0,0,2,67301,0,,1,9,,N,N,,0,,0,0,0,3,2,,9999,0,2,0,0,0,0,0,3,4,0,2,7,,N,,,,,,,,,,,
2009124463,955.0,1,0,0,0,0,0,0,0,0,4,0,,67,11,2009,5,39.9766,-75.1417,955.0,6,0,0,0,0,0,0,1,0,,0,0,0,9,1,1,1,,0,39 58:35.875,,0,75 08:30.026,8,0,0,0,67301,0,0,0,N,0,0,0,4,67301,0,,1,1,,N,N,,0,,0,0,0,0,0,,945,1,2,0,0,0,1,0,3,4,1,2,3,,N,,,,,,,,,,,
2009097129,1828.0,0,0,0,0,0,0,0,0,0,4,0,,67,9,2009,6,39.9984,-75.1409,1826.0,6,0,0,0,0,0,0,0,0,1.0,0,0,0,18,1,1,1,,1,39 59:54.322,3.0,0,75 08:27.074,4,0,0,1,67301,0,0,0,N,0,0,0,2,67301,1,,1,1,,N,N,,0,,0,0,0,3,2,N,1825,1,2,0,0,0,0,1,3,4,0,2,3,,N,,,,,,,,,,,
2009102243,1606.0,1,0,0,0,0,0,0,0,0,1,0,,67,10,2009,3,39.947,-75.142,1605.0,6,0,0,0,1,0,2,0,0,,0,0,0,15,1,1,0,,0,39 56:49.920,,0,75 08:31.200,4,0,0,0,67301,0,0,0,N,0,0,0,5,68K01,1,,1,1,,N,N,,2,,0,0,0,0,0,,1553,1,3,0,0,1,0,0,3,4,0,3,3,,N,,,,,,,,,,,
2009094288,823.0,1,0,0,0,0,0,0,0,0,5,0,,67,8,2009,7,39.9898,-75.1039,820.0,6,0,0,0,0,0,0,1,0,,0,0,0,8,1,3,1,,0,39 59:23.218,,0,75 06:14.002,4,0,0,0,67301,0,0,0,N,0,0,0,3,67301,3,,1,9,,N,N,,0,,0,0,0,3,2,,822,3,2,0,0,1,0,0,3,4,1,2,7,,N,,,,,,,,,,,
2009060224,925.0,2,0,0,0,0,0,0,0,0,1,0,,67,4,2009,7,39.9971,-75.2353,916.0,6,0,0,0,0,0,1,0,0,,0,0,0,20,3,1,1,,0,39 59:49.448,,0,75 14:07.076,4,0,0,0,67301,0,0,0,,0,0,0,3,67301,1,,1,1,,,,,0,,0,0,1,3,2,,2000,1,3,0,0,0,0,0,3,4,0,3,3,,N,,,,,,,,,,,
2009060269,1127.0,1,0,0,0,0,0,0,0,0,1,1,,67,4,2009,7,40.0219,-75.139,1110.0,6,0,0,0,0,0,1,1,0,1.0,0,1,0,11,1,1,0,,1,40 01:18.883,4.0,0,75 08:20.522,4,0,0,0,67301,0,0,0,N,0,0,0,2,67301,1,,1,1,,N,N,,0,,0,0,0,0,0,N,1110,1,2,0,0,0,0,0,3,4,0,2,3,,N,,,,,,,,,,,
2009124407,1014.0,2,0,0,0,0,0,0,0,0,1,0,,67,11,2009,7,40.1204,-75.0099,1009.0,6,0,0,0,0,0,1,0,0,,0,0,0,10,1,0,0,,0,40 07:13.380,,0,75 00:35.620,0,0,0,0,67301,0,0,0,N,0,0,0,2,67301,0,,1,9,,N,N,,0,,0,0,0,3,2,,1008,0,2,0,0,0,0,0,3,4,0,2,7,,N,,,,,,,,,,,
2009083740,1733.0,2,0,0,0,0,0,0,0,0,4,0,,67,7,2009,2,39.9371,-75.2122,1729.0,6,0,0,1,1,0,0,0,0,,0,0,0,17,1,3,3,,0,39 56:13.583,,0,75 12:43.921,4,0,0,0,67301,0,0,0,N,0,0,0,3,67301,3,,1,1,,N,N,,0,,0,0,0,0,0,,1710,3,2,0,0,0,0,0,3,4,0,2,3,,N,,,,,,,,,,,
2009083764,1615.0,1,0,0,0,0,0,0,0,0,8,0,,67,7,2009,7,39.95,-75.1787,1607.0,6,0,0,0,0,0,0,0,0,,0,0,0,1,6,1,1,,0,39 56:59.920,,0,75 10:43.442,4,0,0,0,67301,1,0,0,N,1,0,0,2,67301,1,,4,1,,N,N,,0,,0,0,0,3,2,,100,1,2,0,0,0,0,1,3,4,0,1,3,,N,,,,,,,,,,,
2009065370,1635.0,1,0,0,0,0,0,0,0,0,2,0,,67,4,2009,5,40.0212,-75.0741,1625.0,6,0,0,0,1,0,0,0,0,,0,0,0,16,1,1,0,,0,40 01:16.141,,0,75 04:26.612,8,0,0,0,67301,2,0,0,,0,0,0,3,67301,0,,1,1,,,,,0,,0,0,0,0,0,,1625,1,2,0,0,0,1,0,3,4,0,2,3,,N,,,,,,,,,,,
2009121638,1925.0,1,0,0,0,0,0,0,0,0,1,0,,67,11,2009,6,40.0223,-75.0374,1920.0,6,0,0,0,0,0,2,0,0,,0,0,0,19,3,0,0,,0,40 01:21.720,,0,75 02:10.320,0,0,0,0,67301,0,0,0,N,0,0,0,2,68K01,0,,1,1,,N,N,,0,,0,0,0,0,0,,1915,0,2,0,0,0,0,0,3,4,1,2,3,,N,,,,,,,,,,,
2009120624,105.0,2,0,0,0,0,0,0,0,0,5,0,,67,10,2009,2,39.9236,-75.1596,100.0,6,0,0,0,0,0,0,0,0,3.0,0,0,0,1,3,1,0,,2,39 55:24.896,2.0,0,75 09:34.622,8,0,0,0,67301,0,0,0,N,0,0,0,1,67301,0,,1,1,,N,N,,1,,0,0,1,0,0,Y,100,1,4,0,0,0,1,0,3,4,0,4,3,,N,,,,,,,,,,,
2009115890,2029.0,1,0,0,0,0,0,0,0,0,9,0,,67,10,2009,3,39.8799,-75.2491,2021.0,6,0,0,0,0,0,0,0,0,,0,0,0,20,3,0,0,,0,39 52:41.822,,2,75 15:04.951,0,0,0,0,67301,0,0,0,N,0,0,0,1,68K01,0,,1,9,,N,N,,0,,0,0,0,0,0,,2008,0,1,0,0,0,0,0,3,4,0,1,7,,N,,,,,,,,,,,
2009066417,910.0,0,0,0,0,0,0,0,0,0,1,1,,67,5,2009,5,40.0122,-75.0587,900.0,6,0,0,0,0,0,0,0,0,,0,1,0,8,1,0,0,,0,40 00:44.563,,0,75 03:30.393,0,0,0,0,67301,0,0,0,,0,0,0,2,67301,0,,1,9,,,,,1,,0,0,0,0,0,,855,0,2,0,0,0,0,0,3,4,0,2,7,,N,,,,,,,,,,,
2009064052,312.0,1,0,0,0,0,0,0,0,0,7,0,,67,6,2009,7,40.0476,-75.0003,312.0,6,0,0,0,0,0,0,0,0,,0,0,0,2,3,1,0,,0,40 02:51.360,,0,75 00:01.080,4,0,0,0,67301,0,0,0,N,0,0,0,1,68K01,1,,4,9,,N,N,,0,,0,0,0,0,0,,242,1,1,0,0,0,0,0,3,4,0,1,3,,N,,,,,,,,,,,
2009053979,1505.0,1,0,0,0,0,0,0,0,0,8,0,,67,4,2009,3,40.0368,-75.0407,1500.0,6,0,0,0,0,0,0,0,0,,0,0,0,15,1,1,1,,0,40 02:12.310,,0,75 02:26.659,8,0,0,0,67301,1,0,0,,1,0,0,2,67301,0,,1,1,,,,,0,,0,0,0,3,2,,1500,1,2,0,0,0,1,0,3,4,0,1,3,,N,,,,,,,,,,,
2009087725,2334.0,1,0,0,0,0,0,0,0,0,7,0,,67,8,2009,6,39.9734,-75.1205,2329.0,6,0,0,0,0,1,0,0,0,1.0,0,0,0,23,3,1,0,,1,39 58:24.960,2.0,0,75 07:11.640,4,0,0,0,67301,0,0,0,N,0,0,0,3,68K01,1,,3,9,,N,N,,0,,0,0,0,0,0,N,2327,1,1,0,0,2,0,0,3,4,0,1,3,,N,,,,,,,,,,,