CRN,ARRIVAL_TM,AUTOMOBILE_COUNT,BELTED_DEATH_COUNT,BELTED_SUSP_SERIOUS_INJ_COUNT,BICYCLE_COUNT,BICYCLE_DEATH_COUNT,BICYCLE_SUSP_SERIOUS_INJ_COUNT,BUS_COUNT,CHLDPAS_DEATH_COUNT,CHLDPAS_SUSP_SERIOUS_INJ_COUNT,COLLISION_TYPE,COMM_VEH_COUNT,CONS_ZONE_SPD_LIM,COUNTY,CRASH_MONTH,CRASH_YEAR,DAY_OF_WEEK,DEC_LAT,DEC_LONG,DISPATCH_TM,DISTRICT,DRIVER_COUNT_16YR,DRIVER_COUNT_17YR,DRIVER_COUNT_18YR,DRIVER_COUNT_19YR,DRIVER_COUNT_20YR,DRIVER_COUNT_50_64YR,DRIVER_COUNT_65_74YR,DRIVER_COUNT_75PLUS,EST_HRS_CLOSED,FATAL_COUNT,HEAVY_TRUCK_COUNT,HORSE_BUGGY_COUNT,HOUR_OF_DAY,ILLUMINATION,INJURY_COUNT,INTERSECT_TYPE,INTERSECTION_RELATED,LANE_CLOSED,LATITUDE,LN_CLOSE_DIR,LOCATION_TYPE,LONGITUDE,MAX_SEVERITY_LEVEL,MCYCLE_DEATH_COUNT,MCYCLE_SUSP_SERIOUS_INJ_COUNT,MOTORCYCLE_COUNT,MUNICIPALITY,NONMOTR_COUNT,NONMOTR_DEATH_COUNT,NONMOTR_SUSP_SERIOUS_INJ_COUNT,NTFY_HIWY_MAINT,PED_COUNT,PED_DEATH_COUNT,PED_SUSP_SERIOUS_INJ_COUNT,PERSON_COUNT,POLICE_AGCY,POSSIBLE_INJ_COUNT,RDWY_SURF_TYPE_CD,RELATION_TO_ROAD,ROAD_CONDITION,ROADWAY_CLEARED,SCH_BUS_IND,SCH_ZONE_IND,SECONDARY_CRASH,SMALL_TRUCK_COUNT,SPEC_JURIS_CD,SUSP_MINOR_INJ_COUNT,SUSP_SERIOUS_INJ_COUNT,SUV_COUNT,TCD_FUNC_CD,TCD_TYPE,TFC_DETOUR_IND,TIME_OF_DAY,TOT_INJ_COUNT,TOTAL_UNITS,UNB_DEATH_COUNT,UNB_SUSP_SERIOUS_INJ_COUNT,UNBELTED_OCC_COUNT,UNK_INJ_DEG_COUNT,UNK_INJ_PER_COUNT,URBAN_AREA,URBAN_RURAL,VAN_COUNT,VEHICLE_COUNT,WEATHER1,WEATHER2,WORK_ZONE_IND,WORK_ZONE_LOC,WORK_ZONE_TYPE,WORKERS_PRES,WZ_CLOSE_DETOUR,WZ_FLAGGER,WZ_LAW_OFFCR_IND,WZ_LN_CLOSURE,WZ_MOVING,WZ_OTHER,WZ_SHLDER_MDN,WZ_WORKERS_INJ_KILLED
2009022648,1754.0,1,0,0,0,0,0,0,0,0,7,0,,67,2,2009,6,40.0142,-75.0558,1750.0,6,0,1,0,0,0,0,0,0,1.0,0,0,0,17,2,1,0,,1,40 00:51.328,1.0,0,75 03:19.918,4,0,0,0,67301,0,0,0,N,0,0,0,1,68K01,1,,2,1,,N,N,,0,,0,0,0,0,0,N,1749,1,1,0,0,0,0,0,3,4,0,1,3,,N,,,,,,,,,,,
2009025420,142.0,2,0,0,0,0,0,0,0,0,1,0,,67,1,2009,7,39.9779,-75.2061,140.0,6,0,0,0,0,0,0,0,0,2.0,0,0,0,1,3,0,2,,2,39 58:40.436,6.0,0,75 12:21.801,0,0,0,0,67301,0,0,0,N,0,0,0,2,67301,0,,1,1,,N,N,,0,,0,0,0,3,3,Y,140,0,2,0,0,0,0,0,3,4,0,2,3,,N,,,,,,,,,,,
2009025426,210.0,2,0,0,0,0,0,0,0,0,1,0,,67,1,2009,1,40.0265,-75.1387,200.0,6,0,0,0,0,0,0,0,0,,0,0,0,19,3,2,1,,0,40 01:35.533,,0,75 08:19.298,4,0,0,0,67301,0,0,0,N,0,0,0,3,67301,2,,1,7,,N,N,,0,,0,0,0,9,2,,1915,2,2,0,0,0,0,1,3,4,0,2,10,,N,,,,,,,,,,,
2009125456,959.0,4,0,0,0,0,0,0,0,0,4,0,,67,11,2009,4,40.0014,-75.1515,959.0,6,0,0,0,0,0,0,0,0,,0,0,0,9,1,0,2,,0,40 00:05.153,,0,75 09:05.817,9,0,0,0,67301,0,0,0,N,0,0,0,3,67301,0,,1,1,,N,N,,0,,0,0,1,3,3,,945,0,5,0,0,0,0,3,3,4,0,5,3,,N,,,,,,,,,,,
2009125458,1640.0,2,0,0,0,0,0,0,0,0,1,0,,67,11,2009,2,40.0072,-75.1234,1630.0,6,0,0,0,0,0,0,0,0,,0,0,0,16,1,1,1,,0,40 00:25.981,,1,75 07:24.378,8,0,0,0,67301,0,0,0,,0,0,0,3,67301,0,,1,1,,,,,0,,0,0,0,2,2,,1630,1,2,0,0,0,1,0,3,4,0,2,3,,N,,,,,,,,,,,
2009114448,2136.0,2,0,0,0,0,0,0,0,0,1,0,,67,10,2009,4,39.9564,-75.1422,2133.0,6,0,0,0,0,0,1,0,0,1.0,0,0,0,21,3,0,7,,2,39 57:25.336,4.0,2,75 08:38.700,0,0,0,0,67301,0,0,0,N,0,0,0,2,68K01,0,,1,1,,N,N,,0,,0,0,0,0,0,Y,2129,0,2,0,0,0,0,0,3,4,0,2,3,,N,,,,,,,,,,,
2009112102,2105.0,0,0,0,0,0,0,0,0,0,0,0,,67,10,2009,7,40.021,-75.1401,2102.0,6,0,0,0,0,0,0,0,0,1.0,0,0,0,20,3,1,0,,1,40 01:15.542,3.0,0,75 08:24.576,3,0,0,1,67301,0,0,0,N,0,0,0,1,67301,0,,1,1,,N,N,,0,,1,0,0,3,2,N,2056,1,1,0,0,0,0,0,3,4,0,1,3,,N,,,,,,,,,,,
2009111793,1513.0,1,0,0,0,0,0,0,0,0,8,0,,67,9,2009,5,39.9942,-75.1808,1511.0,6,0,0,0,0,0,1,0,0,,0,0,0,15,1,1,1,,0,39 59:39.109,,0,75 10:51.034,8,0,0,0,67301,1,0,0,N,1,0,0,2,67301,0,,1,1,,N,N,,0,,0,0,0,0,0,,1511,1,2,0,0,0,1,0,3,4,0,1,3,,N,,,,,,,,,,,
2009111795,1430.0,2,0,0,0,0,0,0,0,0,1,0,,67,10,2009,7,40.0268,-75.0974,1430.0,6,0,0,0,0,0,0,0,0,,0,0,0,12,1,1,1,,0,40 01:36.505,,0,75 05:50.523,4,0,0,0,67301,0,0,0,N,0,0,0,2,67301,1,,1,9,,N,N,,0,,0,0,0,3,2,,1210,1,2,0,0,0,0,0,3,4,0,2,7,,N,,,,,,,,,,,
2009125048,1153.0,1,0,0,0,0,0,0,0,0,1,0,,67,11,2009,6,40.0479,-75.1427,1149.0,6,0,0,0,1,0,0,1,0,,0,0,0,11,1,1,0,,0,40 02:52.533,,0,75 08:33.671,4,0,0,0,67301,0,0,0,N,0,0,0,2,67301,1,,1,9,,N,N,,1,,0,0,0,0,0,,1145,1,2,0,0,0,0,0,3,4,0,2,7,,N,,,,,,,,,,,
2009125183,1026.0,1,0,0,0,0,0,0,0,0,4,0,,67,11,2009,7,40.0009,-75.1664,1023.0,6,0,0,0,0,0,0,0,0,,0,0,0,1,3,2,1,,0,40 00:03.344,,0,75 09:59.158,2,0,0,0,67301,0,0,0,N,0,0,0,3,67301,1,,1,1,,N,N,,0,,0,1,0,3,3,,130,2,2,0,0,0,0,1,3,4,1,2,3,,N,,,,,,,,,,,
2009125203,937.0,3,0,0,0,0,0,0,0,0,1,0,,67,11,2009,6,40.0159,-75.1497,935.0,6,0,0,0,0,0,1,0,0,,0,0,0,9,1,1,1,,0,40 00:57.347,,0,75 08:58.844,4,0,0,0,67301,0,0,0,,0,0,0,3,67301,1,,1,1,,N,N,,0,,0,0,0,0,0,,925,1,3,0,0,3,0,0,3,4,0,3,3,,N,,,,,,,,,,,
2009125259,1532.0,2,0,0,0,0,0,0,0,0,4,0,,67,11,2009,2,39.9872,-75.1088,1530.0,6,0,0,0,0,0,1,0,0,,0,0,0,15,1,1,1,,0,39 59:13.933,,0,75 06:31.625,4,0,0,0,67301,0,0,0,N,0,0,0,3,67301,1,,1,1,,N,Y,,0,,0,0,0,9,2,,1525,1,2,0,0,0,0,0,3,4,0,2,3,,N,,,,,,,,,,,
2009130603,357.0,1,0,0,0,0,0,0,0,0,7,0,,67,12,2009,1,40.0323,-75.0212,346.0,6,0,0,0,0,0,0,0,0,2.0,0,0,0,3,3,0,0,,2,40 01:56.917,2.0,0,75 01:16.042,0,0,0,0,67301,0,0,0,N,0,0,0,1,68K03,0,,2,9,,N,N,,0,,0,0,0,0,0,N,325,0,1,0,0,0,0,0,3,4,0,1,3,,N,,,,,,,,,,,
2009111876,1350.0,1,0,0,1,0,0,0,0,0,4,0,,67,10,2009,2,39.9673,-75.1754,1344.0,6,0,0,0,0,0,0,0,0,,0,0,0,12,1,1,1,,0,39 58:02.431,,0,75 10:31.324,4,0,0,0,67301,1,0,0,,0,0,0,2,67301,1,,1,1,,,,,0,,0,0,0,3,2,,1255,1,2,0,0,0,0,0,3,4,0,1,3,,N,,,,,,,,,,,
2009044354,913.0,1,0,0,0,0,0,0,0,0,8,0,,67,3,2009,6,40.0344,-75.1728,911.0,6,0,0,0,0,0,1,0,0,,0,0,0,9,1,1,0,,0,40 02:03.802,,0,75 10:21.948,4,0,0,0,67301,1,0,0,,1,0,0,2,67301,1,,1,1,,N,N,,0,,0,0,0,0,0,,900,1,2,0,0,0,0,0,3,4,0,1,3,,N,,,,,,,,,,,
2009044398,51.0,1,0,0,0,0,0,0,0,0,1,0,,67,3,2009,1,39.9996,-75.1905,47.0,6,0,0,0,0,0,0,0,0,,0,0,0,0,3,0,2,,0,39 59:58.740,,0,75 11:25.758,0,0,0,0,67301,0,0,0,N,0,0,0,6,67301,0,,1,9,,N,N,,1,,0,0,0,3,2,,35,0,2,0,0,1,0,0,3,4,0,2,7,,N,,,,,,,,,,,
2009037465,1830.0,2,0,0,0,0,0,0,0,0,4,0,,67,2,2009,4,40.0475,-75.1428,1816.0,6,0,0,0,0,0,1,0,0,1.0,0,0,0,99,3,1,1,,2,40 02:50.961,1.0,0,75 08:34.014,4,0,0,0,67301,0,0,0,N,0,0,0,3,67301,1,,1,9,,N,N,,0,,0,0,0,3,2,Y,9999,1,2,0,0,0,0,0,3,4,0,2,7,,N,,,,,,,,,,,
2009037522,2115.0,2,0,0,0,0,0,0,0,0,1,0,,67,3,2009,7,39.9211,-75.1938,2110.0,6,0,0,0,0,1,0,0,0,,0,0,0,21,3,0,2,,0,39 55:16.113,,0,75 11:37.751,0,0,0,0,67301,0,0,0,,0,0,0,3,67301,0,,1,1,,,,,0,,0,0,0,3,2,,2100,0,2,0,0,0,0,0,3,4,0,2,3,,N,,,,,,,,,,,
2009037542,138.0,0,0,0,0,0,0,0,0,0,4,0,,67,2,2009,6,39.9541,-75.2025,137.0,6,0,0,0,0,0,1,0,0,,0,0,0,1,3,1,1,,0,39 57:14.818,,0,75 12:08.994,8,0,0,0,67301,0,0,0,N,0,0,0,3,67504,0,,1,1,,N,N,,0,,0,0,2,2,2,,137,1,2,0,0,0,1,0,3,4,0,2,3,,N,,,,,,,,,,,
2009049768,1625.0,3,0,0,0,0,0,0,0,0,1,0,,67,4,2009,2,40.027,-75.0975,1619.0,6,0,0,0,0,0,1,0,0,1.0,0,0,0,16,1,1,0,,1,40 01:37.272,2.0,0,75 05:50.852,8,0,0,0,67301,0,0,0,N,0,0,0,6,67301,0,,1,1,,N,N,,0,,0,0,1,3,2,N,1619,1,4,0,0,0,1,0,3,4,0,4,3,,N,,,,,,,,,,,
2009039413,1747.0,4,0,0,0,0,0,1,0,0,4,1,,67,2,2009,7,39.9105,-75.2469,1737.0,6,0,0,0,0,0,0,0,0,3.0,0,0,0,17,1,0,0,,2,39 54:37.814,6.0,0,75 14:48.948,9,0,0,0,67301,0,0,0,,0,0,0,1,67301,0,,6,1,,,,,0,,0,0,0,0,0,Y,1710,0,5,0,0,0,0,1,3,4,0,5,3,,N,,,,,,,,,,,
2009039414,1340.0,2,0,0,0,0,0,0,0,0,4,0,,67,2,2009,2,40.0076,-75.1273,1330.0,6,0,0,0,0,0,0,0,0,,0,0,0,13,1,1,1,,0,40 00:27.502,,0,75 07:38.377,4,0,0,0,67301,0,0,0,,0,0,0,2,67301,1,,1,1,,,,,0,,0,0,0,3,2,,1315,1,2,0,0,0,0,0,3,4,0,2,3,,N,,,,,,,,,,,
2009039544,9999.0,0,0,0,0,0,0,0,0,0,8,0,,67,2,2009,2,39.9956,-75.1675,9999.0,6,0,0,0,0,0,1,0,0,,0,0,0,14,1,1,1,,0,39 59:44.213,,0,75 10:03.145,2,0,0,0,67301,1,0,1,N,1,0,1,3,67301,0,,1,1,,N,N,,0,,0,1,1,3,2,,1435,1,2,0,0,0,0,0,3,4,0,1,3,,N,,,,,,,,,,,
2009039287,942.0,1,0,0,0,0,0,0,0,0,4,0,,67,3,2009,3,40.0364,-75.0696,942.0,6,0,0,0,0,0,0,0,0,,0,0,0,9,1,1,0,,0,40 02:11.092,,0,75 04:10.629,8,0,0,0,67301,0,0,0,N,0,0,0,3,67301,0,,1,1,,N,N,,0,,0,0,1,0,0,,934,1,2,0,0,2,1,0,3,4,0,2,3,,N,,,,,,,,,,,
2009039290,255.0,1,0,0,0,0,0,0,0,0,7,0,,67,2,2009,7,39.9487,-75.1465,252.0,6,0,0,0,0,0,0,0,0,1.0,0,0,0,2,3,0,0,,1,39 56:55.285,3.0,0,75 08:47.326,0,0,0,0,67301,0,0,0,N,0,0,0,1,67301,0,,5,1,,N,N,,0,,0,0,0,0,0,N,245,0,1,0,0,0,0,0,3,4,0,1,3,,N,,,,,,,,,,,
2009036897,2126.0,1,0,0,0,0,0,0,0,0,1,0,,67,3,2009,7,39.9422,-75.1541,2123.0,6,0,0,0,0,0,0,0,0,,0,0,0,21,3,1,0,,0,39 56:31.880,,0,75 09:14.893,4,0,0,1,67301,0,0,0,,0,0,0,4,67301,1,,1,1,,N,N,,0,,0,0,0,0,0,,2122,1,2,0,0,0,0,0,3,4,0,2,3,,N,,,,,,,,,,,
2009026851,120.0,1,0,0,0,0,0,0,0,0,4,0,,67,1,2009,2,39.9824,-75.1074,115.0,6,0,0,0,0,0,0,0,0,,0,0,0,1,3,0,0,,0,39 58:56.726,,0,75 06:26.704,0,0,0,0,67301,0,0,0,N,0,0,0,1,67301,0,,9,1,,N,N,,0,,0,0,2,0,0,,115,0,3,0,0,0,0,0,3,4,0,3,3,,N,,,,,,,,,,,
2009047094,2007.0,1,0,0,0,0,0,0,0,0,7,0,,67,3,2009,7,40.0198,-75.149,2000.0,6,0,0,0,0,0,0,0,0,1.0,0,0,0,20,2,6,0,,1,40 01:11.266,2.0,0,75 08:56.011,4,0,0,0,67301,0,0,0,,0,0,0,6,67301,6,,2,1,,,,,0,,0,0,0,0,0,N,2000,6,1,0,0,0,0,0,3,4,0,1,3,,N,,,,,,,,,,,
2009044430,103.0,1,0,0,0,0,0,0,0,0,2,0,,67,3,2009,2,40.0107,-75.1627,102.0,6,0,0,0,0,0,1,0,0,,0,0,0,0,3,2,2,,0,40 00:38.621,,0,75 09:45.580,4,0,0,0,67301,0,0,0,,0,0,0,4,67301,2,,1,9,,,,,1,,0,0,0,3,3,,55,2,2,0,0,2,0,0,3,4,0,2,7,,N,,,,,,,,,,,
2009044454,1209.0,0,0,0,0,0,0,0,0,0,8,0,,67,3,2009,5,39.907,-75.2489,1208.0,6,0,0,0,0,0,0,0,0,,0,0,0,12,1,1,2,,0,39 54:25.041,,0,75 14:55.881,3,0,0,0,67301,1,0,0,N,1,0,0,2,67301,0,,1,9,,N,Y,,0,,1,0,1,2,3,,1207,1,2,0,0,0,0,0,3,4,0,1,7,,N,,,,,,,,,,,
2009124476,1855.0,1,0,0,0,0,0,0,0,0,8,0,,67,11,2009,4,39.9489,-75.1606,1849.0,6,0,0,0,0,0,1,0,0,,0,0,0,18,1,1,1,,0,39 56:55.987,,0,75 09:37.993,8,0,0,0,67301,1,0,0,N,1,0,0,2,67301,0,,5,1,,N,N,,0,,0,0,0,0,0,,1850,1,2,0,0,1,1,0,3,4,0,1,3,,N,,,,,,,,,,,
2009101157,1535.0,0,0,0,0,0,0,0,0,0,2,0,,67,8,2009,6,40.0316,-75.0633,1502.0,6,0,0,0,0,0,1,0,0,,0,0,0,99,1,1,5,,0,40 01:53.711,,0,75 03:48.013,3,0,0,1,67301,0,0,0,N,0,0,0,3,67301,0,,1,1,,N,N,,0,,1,0,0,3,2,,9999,1,2,0,0,0,0,0,3,4,1,2,3,,N,,,,,,,,,,,
2009097110,1755.0,1,0,0,0,0,0,0,0,0,1,0,,67,8,2009,6,39.9742,-75.2552,1752.0,6,0,0,0,0,1,0,0,0,2.0,0,0,0,17,1,3,1,,2,39 58:27.296,4.0,0,75 15:18.665,8,0,0,0,67301,0,0,0,N,0,0,0,4,67301,0,,1,9,,N,N,,0,,0,0,0,3,2,N,1736,3,2,0,0,0,3,0,3,4,1,2,7,,N,,,,,,,,,,,
2009124436,1135.0,1,0,0,0,0,0,0,0,0,1,0,,67,11,2009,6,40.0296,-75.089,1129.0,6,0,0,0,0,0,1,0,0,2.0,0,0,0,11,1,2,0,,1,40 01:46.752,2.0,0,75 05:20.228,4,0,0,0,67301,0,0,0,N,0,0,0,3,67301,2,,1,9,,N,N,,0,,0,0,1,0,0,N,1120,2,2,0,0,0,0,0,3,4,0,2,3,,N,,,,,,,,,,,
2009086470,719.0,1,0,0,0,0,0,1,0,0,4,1,,67,6,2009,4,39.9954,-75.1055,715.0,6,0,0,0,0,0,1,0,0,,0,0,0,7,5,1,1,,0,39 59:43.508,,0,75 06:19.956,4,0,0,0,67301,0,0,0,N,0,0,0,8,67301,1,,1,98,,Y,Y,,0,,0,0,0,3,2,,715,1,2,0,0,0,0,7,3,4,0,2,99,,N,,,,,,,,,,,
2009111199,1135.0,1,0,0,0,0,0,0,0,0,8,0,,67,1,2009,6,40.0099,-75.156,1130.0,6,0,0,0,0,0,0,0,0,,0,0,0,19,3,1,1,,0,40 00:35.488,,0,75 09:21.409,3,0,0,0,67301,1,0,0,,1,0,0,2,67301,0,,1,1,,N,N,,0,,1,0,0,3,2,,1930,1,2,0,0,0,0,0,3,4,0,1,3,,N,,,,,,,,,,,
2009115669,449.0,0,0,0,0,0,0,0,0,0,1,0,,67,11,2009,1,39.9805,-75.2059,442.0,6,0,0,0,0,0,0,0,0,2.0,0,0,0,4,3,0,0,,2,39 58:52.680,3.0,0,75 12:24.840,0,0,0,0,67301,0,0,0,N,0,0,0,2,68K01,0,,1,9,,N,Y,,0,,0,0,1,0,0,N,436,0,2,0,0,0,0,0,3,4,1,2,7,,N,,,,,,,,,,,
2009120983,2253.0,1,0,0,0,0,0,0,0,0,8,0,,67,11,2009,7,39.9975,-75.2346,2251.0,6,0,0,0,0,0,0,0,1,3.0,0,0,0,22,3,1,0,,2,39 59:53.793,2.0,0,75 13:58.174,3,0,0,0,67301,1,0,0,N,1,0,0,2,46104,0,,1,1,,N,N,,0,,1,0,0,0,0,N,2251,1,2,0,0,0,0,0,3,4,0,1,3,,N,,,,,,,,,,,
2009071424,2028.0,1,0,0,0,0,0,0,0,0,4,0,,67,6,2009,7,40.0275,-75.0646,2026.0,6,0,0,0,0,0,0,0,0,,0,0,0,20,3,2,2,,0,40 01:39.061,,0,75 03:52.628,4,0,0,0,67301,0,0,0,,0,0,0,4,67301,1,,1,9,,N,N,,0,,0,0,1,3,3,,2026,2,2,0,0,0,1,0,3,4,0,2,7,,N,,,,,,,,,,,
2009066428,653.0,1,0,0,0,0,0,0,0,0,1,0,,67,5,2009,1,39.9633,-75.2131,630.0,6,0,0,0,0,0,0,0,0,,0,0,0,6,1,0,0,,0,39 57:47.725,,0,75 12:47.052,0,0,0,0,67301,0,0,0,,0,0,0,1,67301,0,,1,1,,N,N,,0,,0,0,2,0,0,,630,0,3,0,0,0,0,0,3,4,0,3,3,,N,,,,,,,,,,,
2009056414,1438.0,1,0,0,0,0,0,0,0,0,1,0,,67,4,2009,3,39.9721,-75.2514,1438.0,6,0,0,0,0,0,0,1,0,,0,0,0,14,1,0,1,,0,39 58:19.630,,0,75 15:05.101,9,0,0,0,67301,0,0,0,N,0,0,0,3,67301,0,,1,9,,N,N,,1,,0,0,0,3,2,,1428,0,2,0,0,0,0,2,3,4,0,2,7,,N,,,,,,,,,,,
2009056518,2044.0,1,0,0,0,0,0,0,0,0,8,0,,67,5,2009,4,39.9161,-75.2361,2031.0,6,0,0,0,0,0,0,0,0,9.0,0,0,0,20,3,1,1,,1,39 54:57.913,4.0,0,75 14:09.812,4,0,0,0,67301,1,0,0,,1,0,0,3,67301,1,,1,9,,,,,0,,0,0,0,3,2,N,2031,1,2,0,0,0,0,0,3,4,0,1,7,,N,,,,,,,,,,,
2009111824,1650.0,1,0,0,0,0,0,0,0,0,1,0,,67,10,2009,2,40.0454,-75.0453,1648.0,6,0,0,0,0,0,1,0,0,,0,0,0,16,1,1,0,,0,40 02:43.584,,0,75 02:43.084,4,0,0,0,67301,0,0,0,,0,0,0,1,67301,1,,6,1,,N,N,,0,,0,0,1,0,0,,1645,1,2,0,0,0,0,0,3,4,0,2,3,,N,,,,,,,,,,,
2009111828,1747.0,1,0,0,0,0,0,0,0,0,7,0,,67,9,2009,1,40.0334,-75.0906,1741.0,6,0,0,0,1,0,0,0,0,,0,0,0,17,1,1,1,,0,40 02:00.340,,0,75 05:26.221,8,0,0,0,67301,0,0,0,N,0,0,0,2,67301,0,,2,9,,N,N,,0,,0,0,0,3,2,,1734,1,1,0,0,0,1,0,3,4,0,1,7,,N,,,,,,,,,,,
2009034245,1748.0,2,0,0,0,0,0,0,0,0,1,0,,67,3,2009,1,39.9598,-75.1775,1734.0,6,0,0,0,0,0,1,0,0,1.0,0,0,0,17,1,0,0,,2,39 57:36.301,4.0,0,75 10:46.311,0,0,0,0,67301,0,0,0,N,0,0,0,9,68K01,0,,1,1,,N,N,,0,,0,0,1,0,0,N,1731,0,3,0,0,0,0,0,3,4,0,3,3,,N,,,,,,,,,,,
2009044395,510.0,2,0,0,0,0,0,0,0,0,4,0,,67,3,2009,1,39.997,-75.1786,505.0,6,0,0,0,1,0,0,0,0,,0,0,0,4,3,1,1,,0,39 59:49.350,,0,75 10:42.862,8,0,0,0,67301,0,0,0,,0,0,0,2,67301,0,,1,1,,N,N,,0,,0,0,0,3,1,,440,1,2,0,0,0,1,1,3,4,0,2,3,,N,,,,,,,,,,,
2009037526,1655.0,3,0,0,0,0,0,0,0,0,5,0,,67,2,2009,6,40.0391,-75.1233,1645.0,6,0,0,0,0,0,0,1,0,,0,0,0,16,1,1,0,,0,40 02:20.871,,0,75 07:24.056,4,0,0,0,67301,0,0,0,N,0,0,0,1,67301,1,,6,9,,N,N,,0,,0,0,2,0,0,,1630,1,5,0,0,0,0,0,3,4,0,5,7,,N,,,,,,,,,,,
2009037417,227.0,2,0,0,0,0,0,0,0,0,5,0,,67,3,2009,3,40.0355,-75.0336,222.0,6,0,0,0,0,0,0,0,0,,0,0,0,2,3,0,0,,0,40 02:07.699,,0,75 02:00.963,0,0,0,0,67301,0,0,0,,0,0,0,1,67301,0,,6,1,,,,,0,,0,0,0,0,0,,218,0,3,0,0,0,0,0,3,4,1,3,3,,N,,,,,,,,,,,
2009029727,240.0,1,0,0,0,0,0,0,0,0,5,0,,67,1,2009,7,39.9973,-75.0735,234.0,6,0,0,0,0,0,0,0,0,,0,0,0,2,3,0,0,,0,39 59:50.221,,0,75 04:24.711,0,0,0,0,67301,0,0,0,,0,0,0,1,67301,0,,6,1,,,,,1,,0,0,0,0,0,,230,0,2,0,0,0,0,0,3,4,0,2,3,,N,,,,,,,,,,,
2009039734,1622.0,1,0,0,0,0,0,0,0,0,4,0,,67,1,2009,2,39.9802,-75.1693,1618.0,6,0,0,0,0,0,1,0,0,,0,0,0,16,4,5,1,,0,39 58:48.570,,0,75 10:09.487,4,0,0,0,67301,0,0,0,N,0,0,0,6,67301,5,,1,1,,N,N,,0,,0,0,1,0,0,,1615,5,2,0,0,0,0,0,3,4,0,2,3,,N,,,,,,,,,,,
2009039247,1816.0,1,0,0,0,0,0,0,0,0,8,0,,67,2,2009,7,39.94,-75.2233,1811.0,6,0,0,0,0,0,1,0,0,,0,0,0,18,3,1,0,,0,39 56:23.827,,0,75 13:23.890,8,0,0,0,67301,1,0,0,N,1,0,0,3,67301,0,,1,1,,N,N,,0,,0,0,0,0,0,,1810,1,2,0,0,0,1,0,3,4,0,1,3,,N,,,,,,,,,,,
2009039254,38.0,4,0,0,0,0,0,0,0,0,2,0,,67,1,2009,6,39.9721,-75.2516,38.0,6,0,0,0,0,0,1,0,0,3.0,0,0,0,99,3,0,0,,1,39 58:19.717,3.0,0,75 15:05.728,0,0,0,0,67301,0,0,0,N,0,0,0,1,67301,0,,6,1,,N,N,,0,,0,0,0,0,0,Y,9999,0,4,0,0,0,0,0,3,4,0,4,3,,N,,,,,,,,,,,
2009039285,2005.0,0,0,0,0,0,0,0,0,0,8,0,,67,2,2009,4,39.9992,-75.0752,1959.0,6,0,0,0,0,0,0,0,0,,0,0,0,19,3,1,1,,0,39 59:57.210,,0,75 04:30.773,3,0,0,0,67301,1,0,0,N,1,0,0,2,67301,0,,1,9,,N,N,,0,,1,0,1,9,2,,1959,1,2,0,0,0,0,0,3,4,0,1,7,,N,,,,,,,,,,,
2009049638,1132.0,2,0,0,0,0,0,0,0,0,4,0,,67,4,2009,3,40.088,-75.035,1128.0,6,0,0,0,0,0,0,0,0,1.0,0,0,0,11,1,1,0,,1,40 05:16.671,1.0,0,75 02:05.842,8,0,0,0,67301,0,0,0,N,0,0,0,3,67301,0,,1,1,,N,N,,0,,0,0,0,0,0,N,1105,1,2,0,0,0,1,0,3,4,0,2,3,,N,,,,,,,,,,,
2009036959,944.0,0,0,0,0,0,0,1,0,0,5,1,,67,2,2009,4,39.9624,-75.1614,941.0,6,0,0,0,0,0,0,0,0,,0,0,0,9,1,1,0,,0,39 57:44.799,,0,75 09:40.971,4,0,0,0,67301,0,0,0,,0,0,0,3,67301,1,,1,1,,,,,1,,0,0,0,3,2,,941,1,2,0,0,0,0,0,3,4,0,2,3,,N,,,,,,,,,,,
2009047092,753.0,1,0,0,0,0,0,1,0,0,6,1,,67,3,2009,4,39.9184,-75.1828,753.0,6,0,0,0,0,0,1,0,0,,0,0,0,7,1,0,2,,0,39 55:06.128,,0,75 10:58.043,0,0,0,0,67301,0,0,0,N,0,0,0,6,67301,0,,1,1,,Y,N,,0,,0,0,0,3,2,,740,0,2,0,0,0,0,0,3,4,0,2,3,,N,,,,,,,,,,,
2009097138,1350.0,1,0,0,0,0,0,0,0,0,8,0,,67,8,2009,6,39.9221,-75.1588,1343.0,6,0,0,0,0,0,0,0,0,,0,0,0,13,1,1,0,,0,39 55:19.711,,0,75 09:31.701,4,0,0,0,67301,1,0,0,N,1,0,0,2,67301,1,,1,8,,N,N,,0,,0,0,0,0,0,,1343,1,2,0,0,0,0,0,3,4,0,1,7,,N,,,,,,,,,,,
2009097163,826.0,1,0,0,0,0,0,0,0,0,8,0,,67,9,2009,4,39.9215,-75.2295,826.0,6,0,0,0,0,0,0,0,0,,0,0,0,8,1,1,2,,0,39 55:17.353,,0,75 13:46.110,4,0,0,0,67301,1,0,0,N,1,0,0,2,67301,1,,1,1,,N,N,,0,,0,0,0,0,0,,815,1,2,0,0,0,0,0,3,4,0,1,3,,N,,,,,,,,,,,
2009097165,114.0,2,0,0,0,0,0,0,0,0,4,0,,67,8,2009,7,39.9959,-75.1855,105.0,6,0,0,0,0,0,0,0,0,,0,0,0,23,3,3,2,,0,39 59:45.204,,0,75 11:07.659,8,0,0,0,67301,0,0,0,,0,0,0,6,67301,0,,1,1,,,,,0,,0,0,0,3,3,,2330,3,2,0,0,0,3,0,3,4,0,2,3,,N,,,,,,,,,,,