CRN,ARRIVAL_TM,AUTOMOBILE_COUNT,BELTED_DEATH_COUNT,BELTED_SUSP_SERIOUS_INJ_COUNT,BICYCLE_COUNT,BICYCLE_DEATH_COUNT,BICYCLE_SUSP_SERIOUS_INJ_COUNT,BUS_COUNT,CHLDPAS_DEATH_COUNT,CHLDPAS_SUSP_SERIOUS_INJ_COUNT,COLLISION_TYPE,COMM_VEH_COUNT,CONS_ZONE_SPD_LIM,COUNTY,CRASH_MONTH,CRASH_YEAR,DAY_OF_WEEK,DEC_LAT,DEC_LONG,DISPATCH_TM,DISTRICT,DRIVER_COUNT_16YR,DRIVER_COUNT_17YR,DRIVER_COUNT_18YR,DRIVER_COUNT_19YR,DRIVER_COUNT_20YR,DRIVER_COUNT_50_64YR,DRIVER_COUNT_65_74YR,DRIVER_COUNT_75PLUS,EST_HRS_CLOSED,FATAL_COUNT,HEAVY_TRUCK_COUNT,HORSE_BUGGY_COUNT,HOUR_OF_DAY,ILLUMINATION,INJURY_COUNT,INTERSECT_TYPE,INTERSECTION_RELATED,LANE_CLOSED,LATITUDE,LN_CLOSE_DIR,LOCATION_TYPE,LONGITUDE,MAX_SEVERITY_LEVEL,MCYCLE_DEATH_COUNT,MCYCLE_SUSP_SERIOUS_INJ_COUNT,MOTORCYCLE_COUNT,MUNICIPALITY,NONMOTR_COUNT,NONMOTR_DEATH_COUNT,NONMOTR_SUSP_SERIOUS_INJ_COUNT,NTFY_HIWY_MAINT,PED_COUNT,PED_DEATH_COUNT,PED_SUSP_SERIOUS_INJ_COUNT,PERSON_COUNT,POLICE_AGCY,POSSIBLE_INJ_COUNT,RDWY_SURF_TYPE_CD,RELATION_TO_ROAD,ROAD_CONDITION,ROADWAY_CLEARED,SCH_BUS_IND,SCH_ZONE_IND,SECONDARY_CRASH,SMALL_TRUCK_COUNT,SPEC_JURIS_CD,SUSP_MINOR_INJ_COUNT,SUSP_SERIOUS_INJ_COUNT,SUV_COUNT,TCD_FUNC_CD,TCD_TYPE,TFC_DETOUR_IND,TIME_OF_DAY,TOT_INJ_COUNT,TOTAL_UNITS,UNB_DEATH_COUNT,UNB_SUSP_SERIOUS_INJ_COUNT,UNBELTED_OCC_COUNT,UNK_INJ_DEG_COUNT,UNK_INJ_PER_COUNT,URBAN_AREA,URBAN_RURAL,VAN_COUNT,VEHICLE_COUNT,WEATHER1,WEATHER2,WORK_ZONE_IND,WORK_ZONE_LOC,WORK_ZONE_TYPE,WORKERS_PRES,WZ_CLOSE_DETOUR,WZ_FLAGGER,WZ_LAW_OFFCR_IND,WZ_LN_CLOSURE,WZ_MOVING,WZ_OTHER,WZ_SHLDER_MDN,WZ_WORKERS_INJ_KILLED
2009124283,1736.0,0,0,0,1,0,0,0,0,0,5,0,,67,11,2009,6,39.9673,-75.1604,1735.0,6,0,0,0,0,0,0,0,0,,0,0,0,99,3,1,0,,0,39 58:02.428,,0,75 09:37.435,8,0,0,0,67301,1,0,0,N,0,0,0,3,67301,0,,1,9,,N,N,,1,,0,0,0,0,0,,9999,1,2,0,0,0,1,1,3,4,0,1,7,,N,,,,,,,,,,,
2009124379,1643.0,1,0,0,0,0,0,0,0,0,8,0,,67,1,2009,3,39.9553,-75.2218,1642.0,6,0,0,0,0,0,1,0,0,,0,0,0,16,1,1,1,,0,39 57:19.123,,0,75 13:18.519,4,0,0,0,67301,1,0,0,N,1,0,0,3,67301,1,,1,1,,N,N,,0,,0,0,0,3,3,,1640,1,2,0,0,0,0,0,3,4,0,1,3,,N,,,,,,,,,,,
2009121814,9999.0,3,0,0,0,0,0,0,0,0,1,0,,67,10,2009,6,39.9211,-75.1951,9999.0,6,0,0,0,0,0,2,0,0,,0,0,0,99,3,4,0,,0,39 55:14.623,,0,75 11:49.970,8,0,0,0,67301,0,0,0,N,0,0,0,6,67301,0,,1,9,,N,N,,0,,0,0,0,0,0,,9999,4,3,0,0,0,4,0,3,4,0,3,7,,N,,,,,,,,,,,
2009060256,2010.0,1,0,0,0,0,0,0,0,0,6,0,,67,5,2009,5,40.0059,-75.1135,2007.0,6,0,0,0,0,0,1,0,0,,0,0,0,19,3,2,1,,0,40 00:21.351,,0,75 06:48.588,4,0,0,0,67301,0,0,0,N,0,0,0,3,67301,2,,1,9,,N,N,,1,,0,0,0,2,2,,1950,2,2,0,0,0,0,0,3,4,0,2,7,,N,,,,,,,,,,,
2009065450,1615.0,0,0,0,0,0,0,0,0,0,8,0,,67,5,2009,5,40.0544,-75.0769,1610.0,6,0,0,0,0,0,0,0,0,,0,0,0,15,1,1,1,,0,40 03:15.850,,0,75 04:36.829,8,0,0,0,67301,1,0,0,N,1,0,0,2,67301,0,,1,1,,N,N,,1,,0,0,0,3,3,,1505,1,2,0,0,0,1,1,3,4,0,1,3,,N,,,,,,,,,,,
2009065466,1608.0,0,0,0,0,0,0,0,0,0,4,0,,67,5,2009,3,39.9649,-75.1594,1603.0,6,0,0,0,1,0,1,0,0,,0,0,0,15,1,2,1,,0,39 57:53.861,,0,75 09:34.097,4,0,0,0,67301,0,0,0,,0,0,0,3,67301,2,,1,1,,,,,0,,0,0,1,3,3,,1555,2,2,0,0,1,0,0,3,4,1,2,3,,N,,,,,,,,,,,
2009065486,2235.0,1,0,0,0,0,0,0,0,0,6,0,,67,5,2009,2,40.0428,-75.1135,2230.0,6,0,0,0,0,0,0,0,0,,0,0,0,20,3,1,1,,0,40 02:34.018,,0,75 06:48.729,8,0,0,1,67301,0,0,0,N,0,0,0,3,67301,0,,1,1,,N,N,,0,,0,0,0,3,2,,2030,1,2,0,0,0,1,0,3,4,0,2,3,,N,,,,,,,,,,,
2009120584,1347.0,3,0,0,0,0,0,0,0,0,4,0,,67,10,2009,1,39.9507,-75.1504,1343.0,6,0,0,0,0,0,1,0,0,2.0,0,0,0,13,1,1,1,,1,39 57:02.479,4.0,0,75 09:01.362,4,0,0,0,67301,0,0,0,,0,0,0,3,67301,1,,1,1,,N,N,,0,,0,0,0,3,2,Y,1340,1,3,0,0,0,0,0,3,4,0,3,3,,N,,,,,,,,,,,
2009115771,1114.0,2,0,0,0,0,0,0,0,0,4,0,,67,11,2009,3,40.0619,-75.1367,1112.0,6,0,0,0,0,0,0,1,1,,0,0,0,11,1,1,1,,0,40 03:42.622,,0,75 08:12.011,8,0,0,0,67301,0,0,0,N,0,0,0,2,46102,0,,1,1,,N,N,,0,,0,0,0,3,2,,1110,1,2,0,0,0,1,0,3,4,0,2,3,,N,,,,,,,,,,,
2009111429,742.0,1,0,0,0,0,0,0,0,0,5,0,,67,9,2009,4,40.0171,-75.1514,741.0,6,0,0,0,0,0,1,0,0,,0,0,0,7,1,1,0,,0,40 01:01.458,,0,75 09:05.011,8,0,0,0,67301,0,0,0,,0,0,0,2,67301,0,,1,1,,,,,0,,0,0,0,0,0,,740,1,2,0,0,0,1,1,3,4,1,2,3,,N,,,,,,,,,,,
2009120737,2023.0,0,0,0,0,0,0,0,0,0,8,0,,67,10,2009,1,40.0266,-75.1593,2019.0,6,0,0,0,0,0,0,0,0,,0,0,0,20,3,1,2,,0,40 01:35.680,,99,75 09:33.469,3,0,0,0,67301,1,0,0,,1,0,0,4,67301,0,,1,1,,N,N,,0,,1,0,0,0,0,,2019,1,2,0,0,0,0,1,3,4,0,1,3,,N,,,,,,,,,,,
2009120746,1224.0,1,0,0,1,0,0,0,0,0,5,0,,67,10,2009,6,39.942,-75.1526,1222.0,6,0,0,0,0,0,0,0,0,,0,0,0,12,1,1,0,,0,39 56:31.329,,0,75 09:09.446,4,0,0,0,67301,1,0,0,,0,0,0,2,67301,1,,1,1,,,,,0,,0,0,0,0,0,,1220,1,2,0,0,0,0,0,3,4,0,1,3,,N,,,,,,,,,,,
2009063720,25.0,2,0,0,0,0,0,0,0,0,4,0,,67,5,2009,2,40.0382,-75.1446,18.0,6,0,0,0,0,0,1,0,0,,0,0,0,0,3,1,2,,0,40 02:17.638,,0,75 08:40.639,8,0,0,0,67301,0,0,0,N,0,0,0,3,67301,0,,1,9,,N,N,,0,,0,0,0,3,3,,0,1,2,0,0,0,1,0,3,4,0,2,7,,N,,,,,,,,,,,
2009063883,1810.0,2,0,0,0,0,0,0,0,0,4,0,,67,5,2009,6,40.0167,-75.0836,1807.0,6,0,0,0,0,0,0,0,0,,0,0,0,18,1,1,1,,0,40 01:00.293,,0,75 05:01.121,4,0,0,0,67301,0,0,0,,0,0,0,3,67301,1,,1,1,,,,,0,,0,0,0,0,0,,1800,1,2,0,0,0,0,0,3,4,0,2,3,,N,,,,,,,,,,,
2009056342,1400.0,2,0,0,0,0,0,0,0,0,4,0,,67,4,2009,1,39.9513,-75.2081,1358.0,6,0,0,0,0,0,0,0,0,,0,0,0,13,1,1,2,,0,39 57:04.600,,0,75 12:28.997,8,0,0,0,67301,0,0,0,N,0,0,0,2,67301,0,,1,1,,N,N,,0,,0,0,0,3,3,,1350,1,2,0,0,0,1,0,3,4,0,2,3,,N,,,,,,,,,,,
2009058887,2145.0,1,0,0,0,0,0,0,0,0,4,0,,67,5,2009,6,40.0566,-75.0466,2140.0,6,0,0,1,0,0,0,1,0,2.0,0,0,0,21,3,1,1,,2,40 03:23.636,1.0,0,75 02:47.581,8,0,0,0,67301,0,0,0,N,0,0,0,2,67301,0,,1,1,,N,N,,0,,0,0,1,3,2,Y,2140,1,2,0,0,0,1,0,3,4,0,2,3,,N,,,,,,,,,,,
2009087722,1442.0,0,0,0,0,0,0,0,0,0,1,0,,67,8,2009,5,40.0226,-75.0364,1430.0,6,0,0,0,0,0,0,0,0,,0,0,0,14,1,1,0,,0,40 01:22.440,,0,75 02:08.520,4,0,0,0,67301,0,0,0,N,0,0,0,5,68K01,1,,1,1,,N,N,,1,,0,0,1,0,0,,1418,1,2,0,0,0,0,0,3,4,0,2,3,,N,,,,,,,,,,,
2009093417,109.0,3,0,0,0,0,0,0,0,0,1,0,,67,8,2009,7,39.9563,-75.2199,107.0,6,0,0,0,0,0,0,0,0,,0,0,0,1,3,0,0,,0,39 57:22.575,,0,75 13:11.656,9,0,0,0,67301,0,0,0,N,0,0,0,4,67301,0,,1,1,,N,N,,0,,0,0,1,0,0,,101,0,4,0,0,0,0,1,3,4,0,4,3,,N,,,,,,,,,,,
2009088379,1845.0,3,0,0,0,0,0,0,0,0,1,0,,67,8,2009,5,40.008,-75.2026,1828.0,6,0,0,0,0,0,0,0,0,,0,0,0,18,1,1,0,,0,40 00:28.484,,0,75 12:08.132,4,0,0,0,67301,0,0,0,N,0,0,0,4,68K01,1,,1,1,,N,N,,0,,0,0,0,0,0,,1820,1,3,0,0,0,0,0,3,4,0,3,3,,N,,,,,,,,,,,
2009085389,51.0,1,0,0,0,0,0,0,0,0,1,0,,67,8,2009,4,39.9568,-75.1805,42.0,6,0,0,0,0,0,0,0,0,1.0,0,0,0,0,3,2,0,,2,39 57:30.240,3.0,0,75 10:49.440,3,0,0,1,67301,0,0,0,N,0,0,0,2,68K01,0,,1,1,,N,N,,0,,1,0,0,0,0,N,42,2,2,0,0,0,1,0,3,4,0,2,3,,N,,,,,,,,,,,
2009086066,1654.0,2,0,0,0,0,0,0,0,0,4,0,,67,7,2009,4,39.9918,-75.1955,1643.0,6,0,0,0,0,0,1,0,0,3.0,0,0,0,16,1,2,0,,1,39 59:30.175,5.0,0,75 11:44.169,3,0,0,0,67301,0,0,0,N,0,0,0,5,67301,1,,1,9,,N,N,,0,,1,0,2,0,0,N,1643,2,4,0,0,0,0,1,3,4,0,4,7,,N,,,,,,,,,,,
2009079293,1720.0,1,0,0,0,0,0,0,0,0,4,0,,67,7,2009,5,40.0108,-75.1266,1656.0,6,0,0,0,0,0,0,0,0,,0,0,0,16,1,3,1,,0,40 00:38.808,,0,75 07:35.921,4,0,0,0,67301,0,0,0,N,0,0,0,6,67301,3,,1,1,,N,N,,0,,0,0,0,3,9,,1656,3,3,0,0,0,0,3,3,4,2,3,3,,N,,,,,,,,,,,
2009079130,2247.0,2,0,0,0,0,0,0,0,0,4,0,,67,7,2009,5,39.9579,-75.1623,2245.0,6,0,0,0,0,0,0,0,0,,0,0,0,99,1,1,1,,0,39 57:29.061,,0,75 09:44.627,8,0,0,0,67301,0,0,0,N,0,0,0,3,37301,0,,1,1,,N,N,,0,,0,0,0,2,2,,9999,1,2,0,0,3,1,0,3,4,0,2,3,,N,,,,,,,,,,,
2009079166,331.0,1,0,0,0,0,0,0,0,0,7,0,,67,7,2009,1,40.0802,-75.0685,325.0,6,0,0,0,0,0,0,0,0,,0,0,0,3,3,2,1,,0,40 04:48.582,,0,75 04:06.528,4,0,0,0,67301,0,0,0,N,0,0,0,3,67301,2,,4,1,,N,N,,0,,0,0,0,3,2,,324,2,2,0,0,0,0,0,3,4,0,1,3,,N,,,,,,,,,,,
2009079197,30.0,3,0,0,0,0,0,0,0,0,1,0,,67,7,2009,4,39.9661,-75.1403,15.0,6,0,0,0,0,0,0,0,0,2.0,0,0,0,0,3,1,0,,2,39 57:57.980,2.0,0,75 08:24.980,4,0,0,0,67301,0,0,0,N,0,0,0,2,67301,1,,1,9,,N,N,,1,,0,0,2,0,0,Y,5,1,6,0,0,0,0,1,3,4,0,6,7,,N,,,,,,,,,,,
2009079218,125.0,2,0,0,0,0,0,0,0,0,4,0,,67,7,2009,1,40.0312,-75.1506,119.0,6,0,0,1,0,0,0,0,0,,0,0,0,0,3,1,2,,0,40 01:52.143,,0,75 09:02.109,4,0,0,0,67301,0,0,0,N,0,0,0,2,67301,1,,1,9,,N,N,,0,,0,0,0,3,3,,1,1,2,0,0,0,0,0,3,4,0,2,7,,N,,,,,,,,,,,
2009025375,1945.0,2,0,0,0,0,0,0,0,0,4,0,,67,1,2009,7,40.0915,-74.9656,1935.0,6,0,0,0,0,0,0,0,0,1.0,0,0,0,17,3,0,1,,1,40 05:29.579,1.0,0,74 57:56.182,0,0,0,0,67301,0,0,0,,0,0,0,2,67301,0,,1,1,,,,,0,,0,0,0,3,2,N,1715,0,2,0,0,0,0,0,3,4,0,2,3,,N,,,,,,,,,,,
2009025425,1038.0,1,0,0,0,0,0,0,0,0,7,0,,67,1,2009,1,40.093,-75.0045,1035.0,6,0,0,0,0,0,0,0,0,,0,0,0,10,1,0,0,,0,40 05:34.879,,0,75 00:16.066,0,0,0,0,67301,0,0,0,N,0,0,0,1,67301,0,,4,9,,N,N,,0,,0,0,0,0,0,,1034,0,1,0,0,0,0,0,3,4,0,1,10,,N,,,,,,,,,,,
2009106628,1448.0,1,0,0,0,0,0,0,0,0,1,0,,67,10,2009,7,40.0571,-75.129,1445.0,6,0,0,0,0,1,1,0,0,,0,0,0,14,1,1,1,,0,40 03:25.655,,0,75 07:44.297,8,0,0,0,67301,0,0,0,N,0,0,0,2,46102,0,,1,9,,N,N,,0,,0,0,1,3,2,,1445,1,2,0,0,0,1,0,3,4,0,2,7,,N,,,,,,,,,,,
2009125047,807.0,1,0,0,0,0,0,0,0,0,8,0,,67,11,2009,5,40.0285,-75.1303,805.0,6,0,0,0,1,0,0,0,0,,0,0,0,7,1,1,1,,0,40 01:42.693,,0,75 07:49.141,4,0,0,0,67301,1,0,0,N,1,0,0,5,67301,1,,1,9,,N,Y,,0,,0,0,0,3,3,,750,1,2,0,0,0,0,0,3,4,0,1,7,,N,,,,,,,,,,,
2009125103,2123.0,2,0,0,0,0,0,0,0,0,4,0,,67,11,2009,2,40.0473,-75.1677,2118.0,6,0,0,0,0,0,0,1,0,,0,0,0,21,3,1,1,,0,40 02:50.173,,0,75 10:03.883,8,0,0,0,67301,0,0,0,N,0,0,0,5,67301,0,,1,1,,N,N,,0,,0,0,0,3,2,,2116,1,2,0,0,0,1,4,3,4,0,2,3,,N,,,,,,,,,,,
2009120292,1403.0,1,0,0,0,0,0,0,0,0,4,0,,67,11,2009,1,40.0395,-75.1652,1357.0,6,0,0,0,0,0,2,0,0,,0,0,0,13,1,2,2,,0,40 02:22.070,,0,75 09:54.680,8,0,0,0,67301,0,0,0,N,0,0,0,4,67301,0,,1,9,,N,N,,0,,0,0,1,3,3,,1356,2,2,0,0,0,2,0,3,4,0,2,3,,N,,,,,,,,,,,
2009111832,423.0,1,0,0,0,0,0,0,0,0,8,0,,67,9,2009,1,39.9612,-75.2471,419.0,6,0,0,0,0,0,0,0,0,,0,0,0,3,2,1,2,,0,39 57:40.258,,0,75 14:49.388,2,0,0,0,67301,1,0,1,N,1,0,1,2,67301,0,,1,9,,N,N,,0,,0,1,0,3,2,,351,1,2,0,0,0,0,0,3,4,0,1,7,,N,,,,,,,,,,,
2009111835,1938.0,2,0,0,0,0,0,0,0,0,1,0,,67,10,2009,5,40.1077,-74.9963,1934.0,6,0,0,0,0,0,1,0,0,,0,0,0,19,3,0,0,,0,40 06:27.751,,0,74 59:46.842,0,0,0,0,67301,0,0,0,N,0,0,0,2,67301,0,,1,1,,N,N,,0,,0,0,0,0,0,,1934,0,2,0,0,0,0,0,3,4,0,2,3,,N,,,,,,,,,,,
2009111837,1505.0,1,0,0,0,0,0,0,0,0,8,0,,67,10,2009,3,40.0111,-75.1415,1502.0,6,0,0,0,0,0,0,0,0,,0,0,0,14,1,1,0,,0,40 00:40.092,,0,75 08:29.314,8,0,0,0,67301,1,0,0,N,1,0,0,2,67301,0,,1,1,,N,N,,0,,0,0,0,0,0,,1424,1,2,0,0,0,1,0,3,4,0,1,3,,N,,,,,,,,,,,
2009111840,314.0,1,0,0,0,0,0,0,0,0,7,0,,67,9,2009,1,39.9994,-75.1906,310.0,6,0,0,0,0,0,0,0,0,,0,0,0,3,3,2,0,,0,39 59:57.903,,0,75 11:26.153,4,0,0,0,67301,0,0,0,,0,0,0,2,67301,2,,5,9,,,,,0,,0,0,0,0,0,,306,2,1,0,0,0,0,0,3,4,0,1,7,,N,,,,,,,,,,,
2009111883,2015.0,1,0,0,0,0,0,1,0,0,1,1,,67,10,2009,6,39.9182,-75.2089,2009.0,6,0,0,0,0,0,0,0,0,,0,0,0,17,1,1,2,,0,39 55:05.640,,0,75 12:31.416,4,0,0,0,67301,0,0,0,N,0,0,0,3,67301,1,,1,1,,N,N,,0,,0,0,0,3,2,,1745,1,2,0,0,0,0,1,3,4,0,2,3,,N,,,,,,,,,,,
2009026824,1858.0,1,0,0,0,0,0,0,0,0,8,0,,67,1,2009,6,39.9332,-75.151,1856.0,6,0,0,0,0,0,1,0,0,,0,0,0,18,3,1,1,,0,39 55:59.624,,0,75 09:03.740,4,0,0,0,67301,1,0,0,N,1,0,0,2,67301,1,,1,1,,N,N,,0,,0,0,0,3,3,,1850,1,2,0,0,0,0,0,3,4,0,1,3,,N,,,,,,,,,,,
2009039238,1627.0,1,0,0,0,0,0,0,0,0,8,0,,67,1,2009,6,39.9842,-75.0991,1620.0,6,0,0,0,0,0,1,0,0,,0,0,0,16,1,1,1,,0,39 59:03.239,,0,75 05:56.509,3,0,0,0,67301,1,0,0,,1,0,0,2,67301,0,,1,1,,N,N,,0,,1,0,0,3,2,,1600,1,2,0,0,0,0,0,3,4,0,1,3,,N,,,,,,,,,,,
2009044391,1719.0,2,0,0,0,0,0,0,0,0,4,0,,67,3,2009,7,40.0185,-75.1733,1717.0,6,0,0,0,0,0,1,0,0,1.0,0,0,0,17,1,2,0,,1,40 01:06.987,1.0,0,75 10:24.449,2,0,0,0,67301,0,0,0,,0,0,0,2,67301,0,,1,1,,N,N,,0,,0,2,0,0,0,N,1705,2,2,0,0,0,0,0,3,4,0,2,3,,N,,,,,,,,,,,
2009037531,153.0,1,0,0,0,0,0,0,0,0,2,0,,67,3,2009,1,39.9885,-75.1063,153.0,6,0,0,0,0,0,0,0,0,1.0,0,0,0,1,3,2,1,,1,39 59:18.500,1.0,0,75 06:22.881,4,0,0,0,67301,0,0,0,,0,0,0,3,67301,2,,1,9,,,,,0,,0,0,1,3,2,N,145,2,2,0,0,0,0,0,3,4,0,2,9,,N,,,,,,,,,,,
2009037544,1950.0,1,0,0,0,0,0,0,0,0,8,0,,67,2,2009,4,40.0497,-75.1605,1946.0,6,0,0,0,0,0,0,0,0,,0,0,0,19,3,1,1,,0,40 02:58.768,,0,75 09:37.864,4,0,0,0,67301,1,0,0,,1,0,0,2,67301,1,,1,1,,,,,0,,0,0,0,3,2,,1942,1,2,0,0,0,0,0,3,4,0,1,3,,N,,,,,,,,,,,
2009037421,1814.0,0,0,0,0,0,0,0,0,0,6,0,,67,2,2009,6,39.9955,-75.1541,1804.0,6,0,0,0,0,0,0,0,1,,0,0,0,17,6,1,1,,0,39 59:43.909,,0,75 09:15.276,4,0,0,0,67301,0,0,0,N,0,0,0,2,67301,1,,1,1,,N,N,,1,,0,0,0,0,0,,1745,1,2,0,0,0,0,0,3,4,1,2,3,,N,,,,,,,,,,,
2009039545,1742.0,1,0,0,1,0,0,0,0,0,8,0,,67,2,2009,7,39.9338,-75.1482,1740.0,6,0,0,0,0,0,1,0,0,,0,0,0,17,4,1,1,,0,39 56:01.622,,0,75 08:53.609,8,0,0,0,67301,1,0,0,,0,0,0,2,67301,0,,1,1,,N,N,,0,,0,0,0,9,2,,1737,1,2,0,0,0,1,0,3,4,0,1,3,,N,,,,,,,,,,,
2009029749,1610.0,1,0,0,0,0,0,0,0,0,7,0,,67,1,2009,5,,,1604.0,6,0,0,0,0,0,0,0,0,,0,0,0,16,1,0,0,,0,,,7,,0,0,0,0,67301,0,0,0,N,0,0,0,1,67301,0,,2,2,,N,N,,0,,0,0,0,0,0,,1604,0,1,0,0,0,0,0,3,3,0,1,3,,N,,,,,,,,,,,
2009039755,648.0,2,0,0,0,0,0,0,0,0,4,0,,67,2,2009,2,39.963,-75.1584,644.0,6,0,0,0,0,0,0,0,0,1.0,0,0,0,6,1,2,10,,1,39 57:46.921,1.0,0,75 09:30.342,4,0,0,0,67301,0,0,0,N,0,0,0,2,67301,2,,1,1,,N,N,,0,,0,0,0,3,3,Y,635,2,2,0,0,0,0,0,3,4,0,2,3,,N,,,,,,,,,,,
2009039117,752.0,2,0,0,0,0,0,0,0,0,1,0,,67,2,2009,4,40.0277,-75.11,748.0,6,0,0,0,0,1,1,0,0,1.0,0,0,0,7,1,1,1,,1,40 01:40.946,2.0,0,75 06:36.205,3,0,0,0,67301,0,0,0,,0,0,0,3,67301,0,,1,1,,,,,1,,1,0,0,3,2,Y,746,1,3,0,0,0,0,0,3,4,0,3,3,,N,,,,,,,,,,,
2009037431,2250.0,1,0,0,0,0,0,0,0,0,4,0,,67,3,2009,6,40.0268,-75.164,2244.0,6,0,0,0,0,0,2,0,0,,0,0,0,22,3,0,0,,0,40 01:36.624,,7,75 09:50.551,0,0,0,0,67301,0,0,0,N,0,0,0,2,67301,0,,1,1,,N,N,,1,,0,0,0,0,0,,2240,0,2,0,0,0,0,0,3,4,0,2,3,,N,,,,,,,,,,,
2009047097,935.0,1,0,0,0,0,0,0,0,0,7,0,,67,3,2009,7,40.021,-75.2003,921.0,6,0,0,0,0,0,0,0,0,3.0,0,0,0,9,1,2,0,,2,40 01:15.770,5.0,0,75 12:01.252,4,0,0,0,67301,0,0,0,N,0,0,0,3,67301,2,,3,9,,N,N,,0,,0,0,0,0,0,Y,921,2,1,0,0,0,0,0,3,4,0,1,7,,N,,,,,,,,,,,
2009047174,2224.0,1,0,0,0,0,0,1,0,0,1,1,,67,3,2009,2,39.9379,-75.1667,2223.0,6,0,0,0,0,0,1,0,0,,0,0,0,99,3,1,1,,0,39 56:16.112,,0,75 10:00.162,4,0,0,0,67301,0,0,0,N,0,0,0,2,67301,1,,1,1,,N,N,,0,,0,0,0,3,2,,9999,1,2,0,0,0,0,0,3,4,0,2,3,,N,,,,,,,,,,,
2009047176,1326.0,1,0,0,0,0,0,0,0,0,7,0,,67,3,2009,1,39.9625,-75.2161,1323.0,6,0,0,0,0,0,0,0,0,2.0,0,0,0,13,1,0,0,,2,39 57:44.676,6.0,0,75 12:56.529,0,0,0,0,67301,0,0,0,N,0,0,0,1,67301,0,,2,1,,N,N,,0,,0,0,0,3,2,Y,1305,0,1,0,0,0,0,0,3,4,0,1,3,,N,,,,,,,,,,,
2009099476,1615.0,2,0,0,0,0,0,0,0,0,5,0,,67,9,2009,4,39.8987,-75.1798,1612.0,6,0,0,0,0,0,0,0,0,,0,0,0,16,1,0,0,,0,39 53:55.871,,0,75 10:08.486,0,0,0,0,67301,0,0,0,N,0,0,0,4,68K01,0,,1,1,,N,N,,0,,0,0,0,0,0,,1607,0,2,0,0,0,0,0,3,4,0,2,3,,N,,,,,,,,,,,
2009131685,336.0,1,0,0,0,0,0,0,0,0,7,0,,67,12,2009,4,40.0112,-75.0613,334.0,6,0,0,0,0,0,0,0,0,1.0,0,0,0,3,3,0,0,,1,40 00:40.418,1.0,0,75 03:40.374,0,0,0,0,67301,0,0,0,Y,0,0,0,1,68K01,0,,3,9,,N,N,,0,,0,0,0,0,0,N,325,0,1,0,0,0,0,0,3,4,0,1,7,,N,,,,,,,,,,,
2009131688,736.0,0,0,0,0,0,0,0,0,0,7,0,,67,12,2009,4,39.9607,-75.1406,726.0,6,0,0,0,0,0,0,0,0,1.0,0,0,0,7,1,0,0,,2,39 57:37.850,2.0,0,75 08:26.226,0,0,0,0,67301,0,0,0,N,0,0,0,2,68K01,0,,3,9,,N,N,,0,,0,0,0,0,0,Y,723,0,1,0,0,0,0,0,3,4,1,1,7,,N,,,,,,,,,,,
2009097056,1346.0,1,0,0,0,0,0,0,0,0,8,0,,67,9,2009,3,39.9546,-75.173,1343.0,6,0,0,0,0,0,0,0,0,,0,0,0,13,1,1,1,,0,39 57:16.502,,0,75 10:22.764,8,0,0,0,67301,1,0,0,,1,0,0,2,67301,0,,1,1,,,,,0,,0,0,0,3,2,,1337,1,2,0,0,0,1,0,3,4,0,1,3,,N,,,,,,,,,,,
2009097064,1703.0,1,0,0,0,0,0,0,0,0,8,0,,67,9,2009,6,40.0133,-75.1087,1701.0,6,0,0,0,0,0,0,0,0,,0,0,0,17,1,1,1,,0,40 00:47.779,,0,75 06:31.294,4,0,0,0,67301,1,0,0,N,1,0,0,2,67301,1,,1,1,,N,N,,0,,0,0,0,3,3,,1700,1,2,0,0,0,0,0,3,4,0,1,3,,N,,,,,,,,,,,
2009097119,215.0,2,0,0,0,0,0,0,0,0,4,0,,67,8,2009,6,39.964,-75.1745,208.0,6,0,0,0,0,0,0,0,0,,0,0,0,2,3,1,1,,0,39 57:50.493,,0,75 10:28.318,4,0,0,0,67301,0,0,0,N,0,0,0,2,67301,1,,1,1,,N,N,,0,,0,0,0,3,2,,205,1,2,0,0,1,0,0,3,4,0,2,3,,N,,,,,,,,,,,
2009097155,1039.0,1,0,0,0,0,0,0,0,0,1,0,,67,9,2009,3,39.9652,-75.2165,1039.0,6,0,0,0,0,0,0,1,0,,0,0,0,10,1,1,1,,0,39 57:54.752,,0,75 12:59.543,4,0,0,0,67301,0,0,0,N,0,0,0,5,67301,1,,1,1,,N,N,,1,,0,0,0,3,3,,1033,1,2,0,0,0,0,0,3,4,0,2,3,,N,,,,,,,,,,,
2009083752,315.0,1,0,0,0,0,0,0,0,0,5,0,,67,7,2009,5,39.9235,-75.1806,315.0,6,0,0,0,0,0,0,0,0,,0,0,0,3,3,0,0,,0,39 55:24.747,,0,75 10:48.486,0,0,0,0,67301,0,0,0,N,0,0,0,1,67301,0,,1,1,,N,N,,0,,0,0,0,0,0,,300,0,2,0,0,0,0,0,3,4,1,2,3,,N,,,,,,,,,,,
2009083780,1600.0,0,0,0,1,0,0,0,0,0,5,0,,67,7,2009,2,39.93,-75.1456,1600.0,6,0,0,0,0,0,0,0,0,,0,0,0,16,1,1,2,,0,39 55:48.114,,7,75 08:44.334,4,0,0,0,67301,1,0,0,N,0,0,0,2,67301,1,,1,1,,N,N,,1,,0,0,0,3,3,,1600,1,2,0,0,0,0,0,3,4,0,1,3,,N,,,,,,,,,,,