CRN,ARRIVAL_TM,AUTOMOBILE_COUNT,BELTED_DEATH_COUNT,BELTED_SUSP_SERIOUS_INJ_COUNT,BICYCLE_COUNT,BICYCLE_DEATH_COUNT,BICYCLE_SUSP_SERIOUS_INJ_COUNT,BUS_COUNT,CHLDPAS_DEATH_COUNT,CHLDPAS_SUSP_SERIOUS_INJ_COUNT,COLLISION_TYPE,COMM_VEH_COUNT,CONS_ZONE_SPD_LIM,COUNTY,CRASH_MONTH,CRASH_YEAR,DAY_OF_WEEK,DEC_LAT,DEC_LONG,DISPATCH_TM,DISTRICT,DRIVER_COUNT_16YR,DRIVER_COUNT_17YR,DRIVER_COUNT_18YR,DRIVER_COUNT_19YR,DRIVER_COUNT_20YR,DRIVER_COUNT_50_64YR,DRIVER_COUNT_65_74YR,DRIVER_COUNT_75PLUS,EST_HRS_CLOSED,FATAL_COUNT,HEAVY_TRUCK_COUNT,HORSE_BUGGY_COUNT,HOUR_OF_DAY,ILLUMINATION,INJURY_COUNT,INTERSECT_TYPE,INTERSECTION_RELATED,LANE_CLOSED,LATITUDE,LN_CLOSE_DIR,LOCATION_TYPE,LONGITUDE,MAX_SEVERITY_LEVEL,MCYCLE_DEATH_COUNT,MCYCLE_SUSP_SERIOUS_INJ_COUNT,MOTORCYCLE_COUNT,MUNICIPALITY,NONMOTR_COUNT,NONMOTR_DEATH_COUNT,NONMOTR_SUSP_SERIOUS_INJ_COUNT,NTFY_HIWY_MAINT,PED_COUNT,PED_DEATH_COUNT,PED_SUSP_SERIOUS_INJ_COUNT,PERSON_COUNT,POLICE_AGCY,POSSIBLE_INJ_COUNT,RDWY_SURF_TYPE_CD,RELATION_TO_ROAD,ROAD_CONDITION,ROADWAY_CLEARED,SCH_BUS_IND,SCH_ZONE_IND,SECONDARY_CRASH,SMALL_TRUCK_COUNT,SPEC_JURIS_CD,SUSP_MINOR_INJ_COUNT,SUSP_SERIOUS_INJ_COUNT,SUV_COUNT,TCD_FUNC_CD,TCD_TYPE,TFC_DETOUR_IND,TIME_OF_DAY,TOT_INJ_COUNT,TOTAL_UNITS,UNB_DEATH_COUNT,UNB_SUSP_SERIOUS_INJ_COUNT,UNBELTED_OCC_COUNT,UNK_INJ_DEG_COUNT,UNK_INJ_PER_COUNT,URBAN_AREA,URBAN_RURAL,VAN_COUNT,VEHICLE_COUNT,WEATHER1,WEATHER2,WORK_ZONE_IND,WORK_ZONE_LOC,WORK_ZONE_TYPE,WORKERS_PRES,WZ_CLOSE_DETOUR,WZ_FLAGGER,WZ_LAW_OFFCR_IND,WZ_LN_CLOSURE,WZ_MOVING,WZ_OTHER,WZ_SHLDER_MDN,WZ_WORKERS_INJ_KILLED
2009065381,1331.0,1,0,0,0,0,0,0,0,0,8,0,,67,5,2009,6,40.0205,-75.1264,1331.0,6,0,0,0,0,0,0,0,0,,0,0,0,13,1,1,0,,0,40 01:13.860,,0,75 07:35.117,8,0,0,0,67301,1,0,0,,1,0,0,2,67301,0,,1,1,,N,N,,0,,0,0,0,0,0,,1331,1,2,0,0,0,1,0,3,4,0,1,3,,N,,,,,,,,,,,
2009065402,832.0,1,0,0,0,0,0,0,0,0,7,0,,67,5,2009,7,39.9641,-75.1407,830.0,6,0,0,0,0,0,1,0,0,1.0,0,0,0,8,1,2,1,,1,39 57:50.853,2.0,0,75 08:26.469,3,0,0,0,67301,0,0,0,,0,0,0,3,67301,1,,4,9,,,,,0,,1,0,0,0,0,N,828,2,1,0,0,2,0,0,3,4,0,1,98,,N,,,,,,,,,,,
2009120576,1625.0,1,0,0,0,0,0,0,0,0,1,0,,67,10,2009,2,40.0423,-75.0178,1618.0,6,0,0,0,0,0,1,0,0,,0,0,0,16,1,3,1,,0,40 02:32.172,,0,75 01:04.216,4,0,0,0,67301,0,0,0,N,0,0,0,4,67301,3,,1,1,,N,N,,1,,0,0,0,3,3,,1615,3,2,0,0,0,0,0,3,4,0,2,3,,N,,,,,,,,,,,
2009120635,1135.0,1,0,0,1,0,0,0,0,0,5,0,,67,10,2009,6,39.9546,-75.1814,1130.0,6,0,0,0,0,0,0,0,0,,0,0,0,10,1,1,0,,0,39 57:16.459,,0,75 10:53.156,4,0,0,0,67301,1,0,0,N,0,0,0,2,67301,1,,1,1,,N,N,,0,,0,0,0,3,2,,1045,1,2,0,0,0,0,0,3,4,0,1,3,,N,,,,,,,,,,,
2009118973,2250.0,1,0,0,0,0,0,0,0,0,4,0,,67,11,2009,2,40.041,-75.1831,1245.0,6,0,0,0,0,0,0,0,0,9.0,0,0,0,22,3,0,2,,1,40 02:27.735,4.0,0,75 10:59.179,0,0,0,0,67301,0,0,0,N,0,0,0,3,67301,0,,1,1,,N,N,,0,,0,0,1,3,2,N,2230,0,2,0,0,0,0,0,3,4,0,2,3,,N,,,,,,,,,,,
2009120724,2130.0,1,0,0,0,0,0,0,0,0,8,0,,67,10,2009,6,39.9702,-75.2375,2130.0,6,0,0,0,0,0,0,0,0,,0,0,0,21,3,1,1,,0,39 58:12.615,,0,75 14:14.927,8,0,0,0,67301,1,0,0,N,1,0,0,2,67301,0,,1,9,,N,N,,0,,0,0,0,3,2,,2130,1,2,0,0,0,1,0,3,4,0,1,7,,N,,,,,,,,,,,
2009063738,135.0,2,0,0,0,0,0,0,0,0,4,0,,67,5,2009,1,40.0707,-75.2008,131.0,6,0,0,1,0,0,0,0,0,,0,0,0,1,3,0,1,,0,40 04:13.892,,0,75 12:02.251,0,0,0,0,67301,0,0,0,N,0,0,0,3,67301,0,,1,1,,N,N,,0,,0,0,0,9,2,,130,0,2,0,0,0,0,0,3,4,0,2,3,,N,,,,,,,,,,,
2009056490,2233.0,2,0,0,0,0,0,0,0,0,2,0,,67,5,2009,6,39.9316,-75.2259,9999.0,6,0,0,0,0,0,0,0,0,,0,0,0,99,3,1,0,,0,39 55:53.717,,7,75 13:33.156,8,0,0,0,67301,0,0,0,,0,0,0,2,67301,0,,1,1,,N,N,,0,,0,0,0,0,0,,9999,1,2,0,0,1,1,0,3,4,0,2,3,,N,,,,,,,,,,,
2009056510,535.0,2,0,0,0,0,0,0,0,0,1,0,,67,5,2009,7,39.9357,-75.1672,531.0,6,0,0,0,0,0,1,0,0,,0,0,0,5,1,0,2,,0,39 56:08.429,,0,75 10:02.225,0,0,0,0,67301,0,0,0,N,0,0,0,2,67301,0,,1,1,,N,N,,0,,0,0,0,3,2,,528,0,2,0,0,0,0,0,3,4,0,2,3,,N,,,,,,,,,,,
2009109162,807.0,0,0,0,0,0,0,0,0,0,7,0,,67,10,2009,1,39.96,-75.18,806.0,6,0,1,0,0,0,0,0,0,1.0,0,0,0,8,5,0,0,,1,39 57:36.000,3.0,0,75 10:48.000,0,0,0,0,67301,0,0,0,N,0,0,0,1,68K01,0,,4,9,,N,N,,0,,0,0,1,0,0,N,801,0,1,0,0,0,0,0,3,4,0,1,7,,N,,,,,,,,,,,
2009125442,2221.0,2,0,0,0,0,0,0,0,0,4,0,,67,11,2009,5,40.0291,-75.0656,2220.0,6,0,0,1,0,0,1,0,0,,0,0,0,22,3,1,1,,0,40 01:44.695,,0,75 03:56.210,3,0,0,0,67301,0,0,0,,0,0,0,3,67301,0,,1,8,,N,N,,1,,1,0,0,3,3,,2220,1,4,0,0,0,0,0,3,4,1,4,7,,N,,,,,,,,,,,
2009111720,1330.0,1,0,0,0,0,0,0,0,0,4,0,,67,9,2009,1,40.038,-75.0887,1324.0,6,0,0,0,0,0,0,0,0,,0,0,0,13,1,0,3,,0,40 02:16.795,,0,75 05:19.253,0,0,0,0,67301,0,0,0,,0,0,0,6,67301,0,,1,9,,N,N,,1,,0,0,0,3,2,,1323,0,2,0,0,0,0,0,3,4,0,2,7,,N,,,,,,,,,,,
2009112098,842.0,1,0,0,0,0,0,0,0,0,1,0,,67,10,2009,4,40.0321,-75.0727,838.0,6,0,0,0,0,0,0,0,0,,0,0,0,8,1,1,0,,0,40 01:55.600,,0,75 04:21.585,8,0,0,0,67301,1,0,0,N,0,0,0,2,67301,0,,6,1,,N,N,,1,,0,0,1,0,0,,837,1,4,0,0,0,1,0,3,4,1,4,3,,N,,,,,,,,,,,
2009125235,1727.0,3,0,0,0,0,0,0,0,0,1,0,,67,11,2009,5,39.909,-75.2329,1725.0,6,0,0,0,0,0,0,0,0,,0,0,0,16,4,0,1,,0,39 54:32.227,,0,75 13:58.526,0,0,0,0,67301,0,0,0,N,0,0,0,7,67301,0,,1,9,,N,N,,0,,0,0,0,3,2,,1620,0,3,0,0,0,0,0,3,4,0,3,7,,N,,,,,,,,,,,
2009133152,2357.0,1,0,0,0,0,0,0,0,0,5,0,,67,12,2009,6,39.9248,-75.147,2352.0,6,0,0,0,0,0,0,0,0,1.0,0,0,0,23,2,3,0,,2,39 55:29.640,1.0,0,75 08:49.200,4,0,0,0,67301,0,0,0,N,0,0,0,4,68K01,3,,1,1,,N,N,,0,,0,0,1,0,0,N,2348,3,2,0,0,0,0,0,3,4,0,2,3,,N,,,,,,,,,,,
2009125282,2337.0,1,0,0,0,0,0,0,0,0,7,0,,67,11,2009,5,39.9866,-75.1687,2336.0,6,1,0,0,0,0,0,0,0,,0,0,0,23,3,2,0,,0,39 59:11.713,,0,75 10:07.418,3,0,0,0,67301,0,0,0,N,0,0,0,2,67301,1,,5,1,,N,N,,0,,1,0,0,0,0,,2325,2,1,0,0,2,0,0,3,4,0,1,3,,N,,,,,,,,,,,
2009120264,1835.0,1,0,0,0,0,0,0,0,0,8,0,,67,10,2009,7,39.9869,-75.2397,1833.0,6,0,0,0,0,0,0,0,0,,0,0,0,18,1,1,0,,0,39 59:12.751,,0,75 14:22.928,3,0,0,0,67301,1,0,0,N,1,0,0,2,67301,0,,1,1,,,,,0,,1,0,0,0,0,,1825,1,2,0,0,1,0,0,3,4,0,1,3,,N,,,,,,,,,,,
2009111868,1600.0,1,0,0,0,0,0,1,0,0,5,1,,67,10,2009,6,40.0317,-75.1789,1600.0,6,0,0,0,0,0,0,0,0,,0,0,0,16,1,1,1,,0,40 01:54.260,,0,75 10:43.950,8,0,0,0,67301,0,0,0,N,0,0,0,2,67301,0,,1,1,,N,N,,0,,0,0,0,3,2,,1600,1,2,0,0,1,1,0,3,4,0,2,3,,N,,,,,,,,,,,
2009044798,1301.0,1,0,0,0,0,0,0,0,0,7,0,,67,4,2009,2,39.8863,-75.2428,1257.0,6,0,0,0,0,0,0,1,0,,0,0,0,12,1,1,0,,0,39 53:07.942,,0,75 14:35.740,4,0,0,0,67301,0,0,0,N,0,0,0,1,68K01,1,,5,9,,N,N,,0,,0,0,0,0,0,,1254,1,1,0,0,0,0,0,3,4,0,1,7,,N,,,,,,,,,,,
2009044853,410.0,1,0,0,0,0,0,0,0,0,1,0,,67,3,2009,7,40.0394,-75.0774,107.0,6,0,0,0,0,0,0,0,0,,0,0,0,4,3,1,2,,0,40 02:21.931,,0,75 04:38.559,4,0,0,0,67301,0,0,0,,0,0,0,2,67301,1,,1,1,,,,,1,,0,0,0,3,2,,400,1,2,0,0,0,0,0,3,4,0,2,3,,N,,,,,,,,,,,
2009044375,1524.0,1,0,0,0,0,0,0,0,0,8,0,,67,3,2009,4,39.9326,-75.1847,1521.0,6,0,0,1,0,0,0,0,0,,0,0,0,15,1,1,0,,0,39 55:57.284,,0,75 11:05.092,4,0,0,0,67301,1,0,0,,1,0,0,2,67301,1,,1,1,,N,N,,0,,0,0,0,3,2,,1515,1,2,0,0,1,0,0,3,4,0,1,3,,N,,,,,,,,,,,
2009044403,1505.0,2,0,0,0,0,0,0,0,0,1,0,,67,3,2009,5,40.046,-75.1321,1505.0,6,0,0,0,0,0,0,0,0,,0,0,0,18,1,2,1,,0,40 02:45.642,,0,75 07:55.623,4,0,0,0,67301,0,0,0,N,0,0,0,4,67301,2,,1,1,,N,N,,0,,0,0,0,3,3,,1800,2,2,0,0,0,0,1,3,4,0,2,3,,N,,,,,,,,,,,
2009037403,2217.0,1,0,0,0,0,0,0,0,0,1,0,,67,2,2009,3,39.9976,-75.17,2210.0,6,0,0,1,0,0,0,0,0,,0,0,0,22,3,1,0,,0,39 59:51.212,,0,75 10:11.874,8,0,0,0,67301,1,0,0,,0,0,0,2,67301,0,,6,1,,,,,0,,0,0,1,3,2,,2210,1,2,0,0,0,1,0,3,4,0,2,3,,N,,,,,,,,,,,
2009039677,1424.0,2,0,0,0,0,0,0,0,0,5,0,,67,1,2009,2,,,1422.0,6,0,0,1,0,0,0,0,0,,0,0,0,14,1,1,0,,0,,,0,,4,0,0,0,67301,1,0,0,N,0,0,0,3,67301,1,,1,1,,N,N,,1,,0,0,0,0,0,,1400,1,3,0,0,0,0,0,3,3,0,3,3,,N,,,,,,,,,,,
2009036626,325.0,1,0,0,0,0,0,0,0,0,7,0,,67,3,2009,7,39.9858,-75.2156,311.0,6,0,0,0,0,0,1,0,0,,0,0,0,2,3,1,10,,0,39 59:09.031,,0,75 12:56.230,4,0,0,0,67301,0,0,0,,0,0,0,1,67301,1,,2,1,,N,N,,0,,0,0,0,0,0,,230,1,1,0,0,0,0,0,3,4,0,1,3,,N,,,,,,,,,,,
2009037301,2155.0,0,0,0,0,0,0,0,0,0,8,0,,67,3,2009,7,40.0332,-75.0378,2151.0,6,0,0,0,0,0,0,0,0,,0,0,0,21,3,1,1,,0,40 01:59.691,,0,75 02:15.936,8,0,0,0,67301,1,0,0,,1,0,0,2,67301,0,,1,1,,N,N,,0,,0,0,1,3,2,,2145,1,2,0,0,0,1,0,3,4,0,1,3,,N,,,,,,,,,,,
2009036816,1825.0,1,0,0,0,0,0,0,0,0,4,0,,67,2,2009,4,40.063,-75.0549,1820.0,6,0,0,0,0,0,1,0,0,,0,0,0,18,3,2,1,,0,40 03:46.849,,0,75 03:18.044,4,0,0,0,67301,0,0,0,N,0,0,0,2,67301,2,,1,1,,N,N,,0,,0,0,1,0,0,,1819,2,2,0,0,0,0,0,3,4,0,2,3,,N,,,,,,,,,,,
2009036878,1934.0,1,0,0,0,0,0,0,0,0,8,0,,67,3,2009,6,,,1924.0,6,0,0,0,0,0,0,0,0,,0,0,0,7,3,1,0,,0,,,0,,8,0,0,0,67301,1,0,0,N,1,0,0,2,67301,0,,1,1,,N,N,,0,,0,0,0,0,0,,725,1,2,0,0,0,1,0,3,3,0,1,3,,N,,,,,,,,,,,
2009096963,844.0,1,0,0,0,0,0,0,0,0,1,0,,67,7,2009,3,,,842.0,6,0,0,0,0,0,0,0,0,,0,0,0,8,1,1,0,,0,,,3,,4,0,0,0,67301,0,0,0,N,0,0,0,2,67501,1,,1,1,,N,N,,0,,0,0,1,3,8,,841,1,2,0,0,0,0,0,3,3,0,2,3,,N,,,,,,,,,,,
2009097105,1227.0,0,0,0,0,0,0,0,0,0,8,0,,67,9,2009,7,39.9515,-75.1567,1223.0,6,0,0,0,0,0,0,0,0,1.0,0,0,0,12,1,1,1,,1,39 57:05.567,3.0,0,75 09:24.143,8,0,0,0,67301,1,0,0,N,1,0,0,4,67301,0,,1,1,,N,N,,0,,0,0,1,3,2,N,1220,1,2,0,0,0,1,0,3,4,0,1,3,,N,,,,,,,,,,,
2009094259,1403.0,1,0,0,1,0,0,0,0,0,4,0,,67,9,2009,3,40.0458,-75.1432,1403.0,6,0,0,0,0,0,0,0,1,,0,0,0,13,1,1,1,,0,40 02:44.669,,0,75 08:35.803,4,0,0,0,67301,1,0,0,N,0,0,0,2,67301,1,,1,1,,N,N,,0,,0,0,0,3,3,,1345,1,2,0,0,0,0,0,3,4,0,1,3,,N,,,,,,,,,,,
2009054914,2005.0,2,0,0,0,0,0,0,0,0,4,0,,67,4,2009,4,39.9571,-75.1511,1755.0,6,0,0,0,0,0,0,1,0,,0,0,0,17,1,1,5,,0,39 57:25.560,,2,75 09:03.960,4,0,0,0,67301,0,0,0,N,0,0,0,3,67301,1,,1,98,,N,N,,0,,0,0,0,3,2,,1750,1,2,0,0,0,0,0,3,4,0,2,99,,N,,,,,,,,,,,
2009124440,9999.0,0,0,0,0,0,0,0,0,0,8,0,,67,11,2009,2,40.015,-75.1698,9999.0,6,0,0,0,0,0,0,0,0,1.0,0,0,0,99,3,1,0,,1,40 00:53.999,1.0,0,75 10:11.163,4,0,0,0,67301,1,0,0,N,1,0,0,2,67301,1,,1,9,,N,N,,0,,0,0,1,0,0,Y,9999,1,2,0,0,0,0,0,3,4,0,1,7,,N,,,,,,,,,,,
2009096879,1845.0,1,0,0,0,0,0,0,0,0,7,0,,67,9,2009,5,40.0696,-74.9935,1841.0,6,1,0,0,0,0,0,0,0,,0,0,0,18,4,1,0,,0,40 04:10.632,,0,74 59:36.729,8,0,0,0,67301,0,0,0,N,0,0,0,1,67301,0,,4,1,,N,N,,0,,0,0,0,0,0,,1840,1,1,0,0,0,1,0,3,4,0,1,3,,N,,,,,,,,,,,
2009083728,700.0,0,0,0,0,0,0,0,0,0,0,0,,67,7,2009,6,39.9695,-75.1395,650.0,6,0,0,0,0,0,0,0,0,,0,0,0,6,1,1,1,,0,39 58:10.098,,0,75 08:22.527,4,0,0,1,67301,0,0,0,,0,0,0,1,67301,1,,1,1,,N,N,,0,,0,0,0,3,2,,650,1,1,0,0,0,0,0,3,4,0,1,3,,N,,,,,,,,,,,
2009083847,1358.0,1,0,0,0,0,0,0,0,0,2,0,,67,7,2009,7,39.997,-75.1382,1354.0,6,0,0,1,0,0,0,0,0,,0,0,0,13,1,1,0,,0,39 59:49.113,,0,75 08:17.383,4,0,0,0,67301,1,0,0,N,1,0,0,2,67301,1,,1,9,,N,N,,1,,0,0,0,0,0,,1345,1,3,0,0,1,0,0,3,4,0,2,3,,N,,,,,,,,,,,
2009065401,1917.0,1,0,0,1,0,0,0,0,0,8,0,,67,5,2009,7,39.9769,-75.1195,1915.0,6,0,0,0,0,0,0,0,0,,0,0,0,19,1,1,0,,0,39 58:34.996,,0,75 07:10.886,4,0,0,0,67301,1,0,0,N,0,0,0,2,67301,1,,1,1,,N,N,,0,,0,0,0,0,0,,1913,1,2,0,0,0,0,0,3,4,0,1,3,,N,,,,,,,,,,,
2009065487,1030.0,1,0,0,0,0,0,0,0,0,4,0,,67,5,2009,3,39.9231,-75.1885,1017.0,6,0,0,0,0,0,1,0,0,,0,0,0,10,1,1,0,,0,39 55:23.268,,0,75 11:18.664,8,0,0,0,67301,0,0,0,N,0,0,0,2,67301,0,,1,9,,N,N,,1,,0,0,0,3,2,,1015,1,2,0,0,0,1,0,3,4,0,2,7,,N,,,,,,,,,,,
2009120562,1537.0,1,0,0,0,0,0,0,0,0,8,0,,67,10,2009,5,39.9875,-75.1019,1530.0,6,0,0,0,0,0,0,1,0,,0,0,0,14,1,1,1,,0,39 59:15.154,,0,75 06:07.016,3,0,0,0,67301,1,0,0,N,1,0,0,2,67301,0,,1,1,,N,N,,0,,1,0,0,3,3,,1432,1,2,0,0,0,0,0,3,4,0,1,3,,N,,,,,,,,,,,
2009118239,1429.0,0,0,0,0,0,0,0,0,0,7,0,,67,11,2009,4,39.9954,-75.239,1424.0,6,0,0,0,0,0,0,0,0,,0,0,0,14,1,0,0,,0,39 59:45.496,,0,75 14:15.828,0,0,0,0,67301,0,0,0,N,0,0,0,1,46104,0,,4,1,,N,N,,0,,0,0,0,0,0,,1422,0,1,0,0,0,0,0,3,4,1,1,3,,N,,,,,,,,,,,
2009073197,1945.0,1,0,0,0,0,0,0,0,0,8,0,,67,5,2009,3,39.9526,-75.1653,1940.0,6,0,0,0,0,0,0,0,0,,0,0,0,19,3,1,2,,0,39 57:09.365,,0,75 09:55.348,8,0,0,0,67301,1,0,0,,1,0,0,2,67301,0,,1,9,,,,,0,,0,0,0,3,2,,1935,1,2,0,0,0,1,1,3,4,0,1,7,,N,,,,,,,,,,,
2009118999,1617.0,2,0,0,0,0,0,0,0,0,4,0,,67,10,2009,7,40.0532,-75.1221,1612.0,6,0,0,0,0,0,0,0,0,,0,0,0,15,1,2,5,,0,40 03:11.434,,0,75 07:19.656,4,0,0,0,67301,0,0,0,N,0,0,0,6,67301,2,,1,9,,N,N,,0,,0,0,0,3,2,,1550,2,2,0,0,0,0,0,3,4,0,2,7,,N,,,,,,,,,,,
2009048242,1630.0,0,0,0,0,0,0,0,0,0,7,0,,67,5,2009,2,40.0411,-75.005,1618.0,6,0,0,0,0,0,0,0,0,1.0,0,0,0,16,1,0,0,,2,40 02:29.531,2.0,0,75 00:16.322,0,0,0,0,67301,0,0,0,N,0,0,0,1,68K01,0,,3,9,,N,N,,1,,0,0,0,0,0,N,1615,0,1,0,0,0,0,0,3,4,0,1,7,,N,,,,,,,,,,,
2009058610,2103.0,1,0,0,0,0,0,0,0,0,7,0,,67,6,2009,5,39.9305,-75.1986,2049.0,6,0,0,0,0,0,0,0,0,1.0,0,0,0,20,3,0,0,,1,39 55:52.320,4.0,0,75 11:57.120,0,0,0,0,67301,0,0,0,N,0,0,0,3,68K01,0,,2,9,,N,N,,0,,0,0,1,0,0,N,2046,0,2,0,0,0,0,0,3,4,0,2,7,,N,,,,,,,,,,,
2009071430,1640.0,1,0,0,0,0,0,0,0,0,8,0,,67,6,2009,1,,,1633.0,6,0,0,0,0,0,0,0,0,,0,0,0,16,1,1,0,,0,,,0,,8,0,0,0,67301,1,0,0,N,1,0,0,3,67301,0,,1,1,,N,N,,0,,0,0,0,0,0,,1631,1,2,0,0,0,1,0,3,3,0,1,3,,N,,,,,,,,,,,
2009058802,1104.0,0,0,0,0,0,0,0,0,0,7,0,,67,5,2009,3,40.0696,-75.0391,1100.0,6,0,0,0,0,0,0,0,0,1.0,0,0,0,10,1,0,0,,1,40 04:10.299,1.0,0,75 02:21.078,0,0,0,0,67301,0,0,0,N,0,0,0,1,67301,0,,5,9,,N,N,,0,,0,0,1,0,0,N,1059,0,1,0,0,0,0,0,3,4,0,1,3,,N,,,,,,,,,,,
2009056348,1220.0,2,0,0,0,0,0,0,0,0,5,0,,67,4,2009,2,39.9595,-75.2332,1215.0,6,0,0,0,0,0,0,0,0,,0,0,0,12,1,1,1,,0,39 57:34.088,,0,75 13:59.355,4,0,0,0,67301,0,0,0,N,0,0,0,2,67301,1,,1,1,,N,N,,0,,0,0,0,3,2,,1210,1,2,0,0,0,0,0,3,4,0,2,3,,N,,,,,,,,,,,
2009056450,1520.0,0,0,0,0,0,0,0,0,0,8,0,,67,4,2009,6,40.0352,-75.0374,1515.0,6,0,0,0,0,0,1,0,0,,0,0,0,15,1,1,0,,0,40 02:06.567,,0,75 02:14.578,4,0,0,0,67301,1,0,0,N,1,0,0,2,67301,1,,1,1,,N,Y,,1,,0,0,0,0,0,,1510,1,2,0,0,0,0,0,3,4,0,1,3,,N,,,,,,,,,,,
2009056522,227.0,2,0,0,0,0,0,0,0,0,4,0,,67,5,2009,6,40.0331,-75.116,225.0,6,0,0,0,0,0,0,0,0,,0,0,0,2,3,1,0,,0,40 01:59.299,,0,75 06:57.588,4,0,0,0,67301,0,0,0,N,0,0,0,2,67301,1,,1,9,,N,N,,0,,0,0,0,3,2,,220,1,2,0,0,0,0,1,3,4,0,2,3,,N,,,,,,,,,,,
2009083352,1110.0,1,0,0,0,0,0,0,0,0,4,0,,67,6,2009,1,40.0848,-75.0475,1105.0,6,0,0,0,0,0,1,0,0,9.0,0,0,0,11,1,1,0,,2,40 05:05.254,1.0,7,75 02:50.881,3,0,0,1,67301,0,0,0,,0,0,0,2,67301,0,,1,1,,N,,,0,,1,0,0,0,0,Y,1105,1,2,0,0,0,0,0,3,4,0,2,3,,N,,,,,,,,,,,
2009086484,621.0,1,0,0,0,0,0,0,0,0,7,1,,67,8,2009,7,40.0137,-75.1118,616.0,6,0,0,0,0,0,0,0,0,3.0,1,0,0,6,5,0,2,,2,40 00:49.364,7.0,0,75 06:42.546,1,0,0,0,67301,0,0,0,,0,0,0,1,67301,0,2.0,5,1,,N,N,,1,0.0,0,0,0,0,0,Y,604,0,2,1,0,1,0,0,3,4,0,2,3,,N,,,,,,,,,,,
2009078830,1607.0,1,0,0,1,0,1,0,0,0,4,0,,67,6,2009,7,39.9755,-75.1668,1605.0,6,0,0,0,0,0,1,0,0,,0,0,0,16,1,1,1,,0,39 58:31.854,,0,75 10:00.418,2,0,0,0,67301,1,0,1,,0,0,0,2,67301,0,,1,1,,,,,0,,0,1,0,3,2,,1602,1,2,0,0,0,0,0,3,4,0,1,3,,N,,,,,,,,,,,
2009038050,847.0,1,0,0,0,0,0,0,0,0,8,0,,67,3,2009,3,39.9151,-75.1582,841.0,6,0,0,0,0,0,0,0,0,,0,0,0,8,1,1,1,,0,39 54:54.352,,0,75 09:29.533,4,0,0,0,67301,1,0,0,N,1,0,0,2,67301,1,,1,2,,N,N,,0,,0,0,0,3,2,,838,1,2,0,0,0,0,0,3,4,0,1,10,,N,,,,,,,,,,,
2009025267,1604.0,0,0,0,0,0,0,0,0,0,4,0,,67,1,2009,4,40.0667,-75.1962,1554.0,6,0,0,0,0,0,1,0,0,,0,0,0,15,1,2,0,,0,40 04:00.155,,0,75 11:46.428,2,0,0,0,67301,0,0,0,N,0,0,0,2,67301,0,,1,9,,N,N,,0,,0,1,2,0,0,,1515,2,2,0,0,0,1,0,3,4,0,2,7,,N,,,,,,,,,,,
2009025423,850.0,1,0,0,0,0,0,0,0,0,4,0,,67,1,2009,3,39.9687,-75.2113,846.0,6,0,0,0,0,0,0,0,0,,0,0,0,8,1,2,5,,0,39 58:07.320,,0,75 12:40.680,3,0,0,0,67301,0,0,0,N,0,0,0,2,67301,1,,1,1,,N,N,,0,,1,0,1,3,2,,844,2,2,0,0,0,0,0,3,4,0,2,3,,N,,,,,,,,,,,
2009099357,210.0,1,0,0,0,0,0,0,0,0,8,0,,67,9,2009,7,39.9573,-75.1523,209.0,6,0,0,0,0,0,0,0,0,,0,0,0,2,3,1,1,,0,39 57:26.406,,0,75 09:08.016,3,0,0,0,67301,1,0,0,,1,0,0,2,67301,0,,1,1,,N,N,,0,,1,0,0,3,2,,209,1,2,0,0,0,0,0,3,4,0,1,3,,N,,,,,,,,,,,
2009109158,1202.0,1,0,0,0,0,0,0,0,0,4,1,,67,10,2009,6,39.9385,-75.1421,1158.0,6,0,0,0,0,0,2,0,0,1.0,0,1,0,11,1,1,2,,1,39 56:18.239,2.0,2,75 08:32.409,4,0,0,0,67301,0,0,0,N,0,0,0,2,68K01,1,,1,1,,N,N,,0,,0,0,0,3,2,N,1151,1,2,0,0,0,0,0,3,4,0,2,3,,N,,,,,,,,,,,
2009125440,1711.0,1,0,0,0,0,0,0,0,0,6,0,,67,11,2009,6,40.0411,-75.1295,1710.0,6,0,0,0,0,0,0,0,0,,0,0,0,15,1,2,1,,0,40 02:27.780,,0,75 07:46.232,4,0,0,0,67301,0,0,0,N,0,0,0,3,67301,2,,1,98,,N,N,,0,,0,0,1,3,2,,1500,2,2,0,0,0,0,0,3,4,0,2,3,,N,,,,,,,,,,,
2009114452,2236.0,2,0,0,0,0,0,0,0,0,1,0,,67,10,2009,7,39.9668,-75.1348,2223.0,6,0,0,1,0,0,0,0,0,1.0,0,0,0,22,3,0,0,,2,39 58:00.415,2.0,0,75 08:05.668,9,0,0,0,67301,0,0,0,N,0,0,0,2,68K01,0,,1,1,,N,N,,0,,0,0,0,0,0,N,2216,0,2,0,0,0,0,1,3,4,0,2,3,,N,,,,,,,,,,,
2009111672,340.0,1,0,0,0,0,0,0,0,0,8,0,,67,10,2009,7,39.9787,-75.1578,336.0,6,0,0,0,0,1,0,0,0,,0,0,0,3,3,1,1,,0,39 58:43.287,,0,75 09:28.532,2,0,0,0,67301,1,0,1,,1,0,1,2,67301,0,,1,9,,N,N,,0,,0,1,0,3,2,,330,1,2,0,0,0,0,0,3,4,0,1,3,,N,,,,,,,,,,,