CRN,ARRIVAL_TM,AUTOMOBILE_COUNT,BELTED_DEATH_COUNT,BELTED_SUSP_SERIOUS_INJ_COUNT,BICYCLE_COUNT,BICYCLE_DEATH_COUNT,BICYCLE_SUSP_SERIOUS_INJ_COUNT,BUS_COUNT,CHLDPAS_DEATH_COUNT,CHLDPAS_SUSP_SERIOUS_INJ_COUNT,COLLISION_TYPE,COMM_VEH_COUNT,CONS_ZONE_SPD_LIM,COUNTY,CRASH_MONTH,CRASH_YEAR,DAY_OF_WEEK,DEC_LAT,DEC_LONG,DISPATCH_TM,DISTRICT,DRIVER_COUNT_16YR,DRIVER_COUNT_17YR,DRIVER_COUNT_18YR,DRIVER_COUNT_19YR,DRIVER_COUNT_20YR,DRIVER_COUNT_50_64YR,DRIVER_COUNT_65_74YR,DRIVER_COUNT_75PLUS,EST_HRS_CLOSED,FATAL_COUNT,HEAVY_TRUCK_COUNT,HORSE_BUGGY_COUNT,HOUR_OF_DAY,ILLUMINATION,INJURY_COUNT,INTERSECT_TYPE,INTERSECTION_RELATED,LANE_CLOSED,LATITUDE,LN_CLOSE_DIR,LOCATION_TYPE,LONGITUDE,MAX_SEVERITY_LEVEL,MCYCLE_DEATH_COUNT,MCYCLE_SUSP_SERIOUS_INJ_COUNT,MOTORCYCLE_COUNT,MUNICIPALITY,NONMOTR_COUNT,NONMOTR_DEATH_COUNT,NONMOTR_SUSP_SERIOUS_INJ_COUNT,NTFY_HIWY_MAINT,PED_COUNT,PED_DEATH_COUNT,PED_SUSP_SERIOUS_INJ_COUNT,PERSON_COUNT,POLICE_AGCY,POSSIBLE_INJ_COUNT,RDWY_SURF_TYPE_CD,RELATION_TO_ROAD,ROAD_CONDITION,ROADWAY_CLEARED,SCH_BUS_IND,SCH_ZONE_IND,SECONDARY_CRASH,SMALL_TRUCK_COUNT,SPEC_JURIS_CD,SUSP_MINOR_INJ_COUNT,SUSP_SERIOUS_INJ_COUNT,SUV_COUNT,TCD_FUNC_CD,TCD_TYPE,TFC_DETOUR_IND,TIME_OF_DAY,TOT_INJ_COUNT,TOTAL_UNITS,UNB_DEATH_COUNT,UNB_SUSP_SERIOUS_INJ_COUNT,UNBELTED_OCC_COUNT,UNK_INJ_DEG_COUNT,UNK_INJ_PER_COUNT,URBAN_AREA,URBAN_RURAL,VAN_COUNT,VEHICLE_COUNT,WEATHER1,WEATHER2,WORK_ZONE_IND,WORK_ZONE_LOC,WORK_ZONE_TYPE,WORKERS_PRES,WZ_CLOSE_DETOUR,WZ_FLAGGER,WZ_LAW_OFFCR_IND,WZ_LN_CLOSURE,WZ_MOVING,WZ_OTHER,WZ_SHLDER_MDN,WZ_WORKERS_INJ_KILLED
2009125096,1144.0,2,0,0,0,0,0,0,0,0,4,0,,67,11,2009,4,40.1067,-75.0296,1140.0,6,0,0,0,0,0,0,0,0,,0,0,0,11,1,1,0,,0,40 06:24.135,,7,75 01:46.664,4,0,0,0,67301,0,0,0,,0,0,0,2,67301,1,,6,9,,,,,1,,0,0,0,0,0,,1139,1,3,0,0,0,0,0,3,4,0,3,7,,N,,,,,,,,,,,
2009125172,1922.0,0,0,0,0,0,0,0,0,0,1,0,,67,11,2009,4,40.0221,-75.1161,1921.0,6,0,0,0,0,0,0,0,0,,0,0,0,19,3,5,1,,0,40 01:19.656,,0,75 06:57.998,8,0,0,0,67301,0,0,0,,0,0,0,6,67301,0,,1,1,,,,,0,,0,0,0,3,3,,1907,5,2,0,0,0,5,1,3,4,1,2,3,,N,,,,,,,,,,,
2009125187,1730.0,2,0,0,0,0,0,0,0,0,4,0,,67,11,2009,2,40.0402,-75.1228,1730.0,6,0,0,0,0,0,1,0,0,,0,0,0,17,3,3,1,,0,40 02:24.799,,0,75 07:22.061,8,0,0,0,67301,0,0,0,N,0,0,0,6,67301,0,,1,9,,N,N,,0,,0,0,0,3,3,,1700,3,2,0,0,0,3,1,3,4,0,2,7,,N,,,,,,,,,,,
2009125234,1025.0,1,0,0,0,0,0,0,0,0,8,0,,67,11,2009,2,39.9119,-75.2298,1020.0,6,0,0,0,0,0,0,0,0,,0,0,0,10,1,1,0,,0,39 54:42.706,,7,75 13:47.244,3,0,0,0,67301,1,0,0,N,1,0,0,1,67301,0,,1,1,,N,N,,0,,1,0,1,0,0,,1015,1,3,0,0,0,0,0,3,4,0,2,3,,N,,,,,,,,,,,
2009125266,1544.0,1,0,0,0,0,0,0,0,0,4,0,,67,11,2009,1,39.9617,-75.1365,1541.0,6,0,0,0,0,0,0,0,0,,0,0,0,15,1,0,1,,0,39 57:42.038,,0,75 08:11.446,0,0,0,0,67301,0,0,0,N,0,0,0,2,67301,0,,1,1,,N,N,,0,,0,0,1,3,2,,1530,0,2,0,0,0,0,0,3,4,0,2,3,,N,,,,,,,,,,,
2009125283,1942.0,1,0,0,0,0,0,0,0,0,4,0,,67,11,2009,7,40.0319,-75.1315,1939.0,6,0,0,0,0,0,0,0,0,,0,0,0,19,1,1,1,,0,40 01:54.735,,0,75 07:53.327,4,0,0,0,67301,0,0,0,,0,0,0,2,67301,1,,1,1,,,,,0,,0,0,0,3,2,,1921,1,2,0,0,0,0,0,3,4,1,2,3,,N,,,,,,,,,,,
2009111825,1927.0,0,0,0,1,0,0,0,0,0,4,0,,67,10,2009,7,39.9656,-75.2441,1924.0,6,0,0,0,0,0,0,0,0,,0,0,0,19,3,1,1,,0,39 57:56.026,,0,75 14:38.713,3,0,0,1,67301,1,0,0,N,0,0,0,2,07301,0,,1,1,,N,N,,0,,1,0,0,3,3,,1924,1,2,0,0,0,0,1,3,4,0,1,3,,N,,,,,,,,,,,
2009111871,1815.0,2,0,0,0,0,0,0,0,0,4,0,,67,10,2009,1,40.0287,-75.1439,1812.0,6,0,0,0,0,0,0,0,0,,0,0,0,15,1,1,1,,0,40 01:43.449,,0,75 08:38.083,4,0,0,0,67301,0,0,0,N,0,0,0,2,67301,1,,1,1,,N,N,,0,,0,0,0,3,3,,1539,1,2,0,0,0,0,0,3,4,0,2,3,,N,,,,,,,,,,,
2009111881,218.0,1,0,0,0,0,0,0,0,0,1,0,,67,10,2009,5,39.9112,-75.2306,218.0,6,0,0,0,0,0,0,0,0,1.0,0,0,0,2,3,0,1,,1,39 54:40.341,3.0,0,75 13:50.008,0,0,0,0,67301,0,0,0,N,0,0,0,2,67301,0,,1,1,,N,N,,0,,0,0,1,3,2,N,216,0,2,0,0,0,0,0,3,4,0,2,3,,N,,,,,,,,,,,
2009111891,1435.0,1,0,0,0,0,0,0,0,0,1,0,,67,10,2009,4,40.0245,-75.1478,1429.0,6,0,0,0,0,0,2,0,0,,0,0,0,14,1,1,1,,0,40 01:28.097,,0,75 08:52.131,4,0,0,0,67301,0,0,0,N,0,0,0,2,67301,1,,1,1,,N,N,,1,,0,0,0,3,2,,1428,1,2,0,0,0,0,0,3,4,0,2,3,,N,,,,,,,,,,,
2009037472,1750.0,2,0,0,0,0,0,0,0,0,4,0,,67,2,2009,5,39.9291,-75.2205,1744.0,6,0,0,0,0,0,0,0,0,,0,0,0,16,3,0,1,,0,39 55:44.713,,0,75 13:13.928,0,0,0,0,67301,0,0,0,N,0,0,0,2,67301,0,,1,1,,N,N,,0,,0,0,0,3,2,,1655,0,2,0,0,0,0,0,3,4,0,2,3,,N,,,,,,,,,,,
2009037492,1933.0,1,0,0,0,0,0,0,0,0,1,0,,67,2,2009,4,40.0399,-75.1204,1930.0,6,0,0,0,0,0,1,0,0,,0,0,0,18,3,2,1,,0,40 02:23.726,,0,75 07:13.540,4,0,0,0,67301,0,0,0,N,0,0,0,3,67301,2,,1,9,,N,N,,0,,0,0,1,3,2,,1845,2,2,0,0,0,0,0,3,4,0,2,3,,N,,,,,,,,,,,
2009031905,1143.0,2,0,0,0,0,0,0,0,0,0,0,,67,2,2009,6,39.932,-75.2,1143.0,6,0,0,0,0,0,0,0,0,,0,0,0,11,1,1,0,,0,39 55:53.480,,0,75 11:58.840,8,0,0,0,67301,0,0,0,Y,0,0,0,3,68K01,0,,2,1,,N,N,,0,,0,0,0,0,0,,1140,1,2,0,0,0,1,0,3,4,0,2,3,,N,,,,,,,,,,,
2009039421,1440.0,1,0,0,0,0,0,0,0,0,1,0,,67,2,2009,5,39.9965,-75.1745,1430.0,6,0,0,0,0,0,0,0,0,,0,0,0,14,1,1,0,,0,39 59:47.453,,0,75 10:28.192,4,0,0,0,67301,0,0,0,N,0,0,0,2,67301,1,,1,1,,N,N,,0,,0,0,1,0,0,,1425,1,2,0,0,0,0,1,3,4,0,2,3,,N,,,,,,,,,,,
2009042109,1850.0,2,0,0,0,0,0,0,0,0,4,0,,67,4,2009,4,40.0765,-75.1949,1847.0,6,0,0,0,0,0,0,0,0,,0,0,0,18,1,1,1,,0,40 04:35.197,,0,75 11:42.089,8,0,0,0,67301,0,0,0,N,0,0,0,2,46108,0,,1,1,,N,N,,0,,0,0,0,3,2,,1846,1,2,0,0,0,1,0,3,4,0,2,3,,N,,,,,,,,,,,
2009037419,1600.0,3,0,0,0,0,0,0,0,0,1,0,,67,2,2009,1,40.0187,-75.2016,1556.0,6,0,0,0,0,0,0,0,0,1.0,0,0,0,15,1,1,0,,2,40 01:07.363,1.0,0,75 12:05.746,4,0,0,0,67301,0,0,0,N,0,0,0,3,67301,1,,1,9,,N,N,,0,,0,0,0,0,0,Y,1555,1,3,0,0,0,0,0,3,4,0,3,7,,N,,,,,,,,,,,
2009039667,1425.0,0,0,0,0,0,0,0,0,0,8,0,,67,2,2009,3,39.957,-75.1572,1419.0,6,0,0,0,0,0,0,0,0,,0,0,0,14,1,1,1,,0,39 57:25.140,,0,75 09:25.661,4,0,0,0,67301,1,0,0,,1,0,0,2,67301,1,,1,1,,,,,1,,0,0,0,3,2,,1415,1,2,0,0,0,0,0,3,4,0,1,3,,N,,,,,,,,,,,
2009049636,1515.0,1,0,0,0,0,0,0,0,0,7,0,,67,4,2009,1,40.1068,-75.0294,1510.0,6,0,0,0,0,0,0,0,1,3.0,0,0,0,14,1,2,0,,2,40 06:24.492,5.0,0,75 01:45.922,3,0,0,0,67301,0,0,0,N,0,0,0,2,67301,0,,2,9,,N,N,,0,,1,0,0,0,0,Y,1455,2,1,0,0,0,1,0,3,4,0,1,7,,N,,,,,,,,,,,
2009034028,245.0,2,0,0,0,0,0,0,0,0,5,0,,67,3,2009,6,40.0212,-75.0409,235.0,6,0,0,1,0,0,0,0,0,,0,0,0,2,3,0,0,,0,40 01:18.601,,0,75 02:20.451,0,0,0,0,67301,0,0,0,N,0,0,0,3,68K01,0,,1,1,,N,N,,0,,0,0,0,0,0,,234,0,2,0,0,0,0,0,3,4,0,2,3,,N,,,,,,,,,,,
2009036968,2225.0,2,0,0,0,0,0,0,0,0,1,0,,67,3,2009,1,40.0096,-75.1873,2210.0,6,0,0,0,0,1,0,0,0,1.0,0,0,0,22,3,3,3,,1,40 00:25.200,1.0,2,75 11:33.000,4,0,0,0,67301,0,0,0,,0,0,0,4,67301,2,,1,1,,,,,0,,0,0,0,0,0,N,2210,3,2,0,0,0,1,0,3,4,0,2,3,,N,,,,,,,,,,,
2009044472,1629.0,2,0,0,0,0,0,0,0,0,4,0,,67,3,2009,3,39.944,-75.16,1624.0,6,0,0,0,0,0,0,0,0,3.0,0,0,0,16,1,1,1,,2,39 56:38.450,1.0,0,75 09:36.017,4,0,0,0,67301,0,0,0,,0,0,0,3,67301,1,,1,1,,N,,,0,,0,0,0,3,2,Y,1620,1,2,0,0,0,0,0,3,4,0,2,3,,N,,,,,,,,,,,
2009070621,1219.0,0,0,0,0,0,0,0,0,0,7,1,,67,6,2009,7,39.9111,-75.1516,1211.0,6,0,0,0,0,0,1,0,0,4.0,0,1,0,12,1,0,6,,1,39 54:43.200,1.0,2,75 08:56.400,0,0,0,0,67301,0,0,0,Y,0,0,0,1,68K01,0,,2,9,,N,N,,0,,0,0,0,0,0,N,1209,0,1,0,0,0,0,0,3,4,0,1,98,,N,,,,,,,,,,,
2009073351,2152.0,2,0,0,0,0,0,0,0,0,1,0,,67,7,2009,5,39.993,-75.085,2147.0,6,0,0,0,0,0,0,1,0,,0,0,0,21,2,0,0,,0,39 59:35.112,,0,75 05:05.750,0,0,0,0,67301,0,0,0,N,0,0,0,2,68K01,0,,1,1,,N,N,,0,,0,0,0,0,0,,2137,0,2,0,0,0,0,0,3,4,0,2,3,,N,,,,,,,,,,,
2009088942,1910.0,0,0,0,0,0,0,0,0,0,7,0,,67,4,2009,2,39.9061,-75.193,1858.0,6,0,0,0,0,0,0,0,0,9.0,0,0,0,18,4,0,0,,1,39 54:21.685,3.0,1,75 11:35.168,0,0,0,0,67301,0,0,0,N,0,0,0,1,67301,0,,2,1,,N,N,,0,,0,0,1,0,0,N,1855,0,1,0,0,0,0,0,3,4,0,1,3,,N,,,,,,,,,,,
2009088943,1226.0,1,0,0,0,0,0,0,0,0,6,0,,67,4,2009,5,40.0074,-75.1369,1225.0,6,0,0,0,0,0,0,0,0,,0,0,0,12,1,1,0,,0,40 00:26.705,,0,75 08:12.756,4,0,0,0,67301,1,0,0,,1,0,0,2,67301,1,,1,1,,N,N,,0,,0,0,0,0,0,,1225,1,2,0,0,0,0,1,3,4,0,1,3,,N,,,,,,,,,,,
2009097029,310.0,1,0,0,0,0,0,0,0,0,5,0,,67,9,2009,6,39.9738,-75.207,308.0,6,0,0,0,0,0,0,0,0,,0,0,0,2,3,1,0,,0,39 58:25.596,,0,75 12:24.976,8,0,0,1,67301,0,0,0,N,0,0,0,1,67301,0,,1,1,,N,N,,0,,0,0,0,0,0,,256,1,2,0,0,0,1,0,3,4,0,2,3,,N,,,,,,,,,,,
2009097135,1220.0,2,0,0,0,0,0,0,0,0,4,0,,67,9,2009,3,40.0323,-75.1061,1218.0,6,0,0,0,0,0,0,0,0,,0,0,0,12,1,1,2,,0,40 01:55.317,,0,75 06:20.935,4,0,0,0,67301,0,0,0,N,0,0,0,5,67301,1,,1,1,,N,N,,0,,0,0,0,0,0,,1215,1,2,0,0,0,0,0,3,4,0,2,3,,N,,,,,,,,,,,
2009054985,1636.0,1,0,0,0,0,0,0,0,0,1,0,,67,5,2009,6,39.9582,-75.1651,1537.0,6,0,0,0,0,0,0,0,0,,0,0,0,15,1,1,0,,0,39 57:29.444,,0,75 09:54.370,4,0,0,0,67301,0,0,0,N,0,0,0,3,68K01,1,,1,1,,N,N,,1,,0,0,0,0,0,,1536,1,2,0,0,0,0,0,3,4,0,2,3,,N,,,,,,,,,,,
2009124342,709.0,1,0,0,0,0,0,0,0,0,6,0,,67,11,2009,7,39.9627,-75.2467,706.0,6,0,0,0,0,0,0,0,0,1.0,0,0,0,7,1,0,1,,1,39 57:45.942,2.0,0,75 14:48.128,0,0,0,0,67301,0,0,0,N,0,0,0,2,67301,0,,1,9,,N,N,,0,,0,0,1,3,2,N,700,0,2,0,0,0,0,0,3,4,0,2,3,,N,,,,,,,,,,,
2009124398,2125.0,0,0,0,1,0,0,0,0,0,8,0,,67,11,2009,3,39.9631,-75.19,2123.0,6,0,0,0,0,0,0,0,0,2.0,0,0,0,21,3,1,1,,2,39 57:47.143,1.0,0,75 11:23.844,3,0,0,0,67301,1,0,0,N,0,0,0,2,67301,0,,1,1,,N,N,,0,,1,0,1,3,2,Y,2120,1,2,0,0,0,0,0,3,4,0,1,3,,N,,,,,,,,,,,
2009099610,958.0,0,0,0,0,0,0,0,0,0,0,0,,67,9,2009,5,39.9227,-75.1918,956.0,6,0,0,0,0,0,0,0,0,1.0,0,0,0,9,1,1,0,,1,39 55:24.600,4.0,0,75 11:32.280,4,0,0,1,67301,0,0,0,N,0,0,0,1,68K01,1,,4,1,,N,N,,0,,0,0,0,0,0,N,956,1,1,0,0,0,0,0,3,4,0,1,3,,N,,,,,,,,,,,
2009083720,1606.0,1,0,0,0,0,0,0,0,0,8,0,,67,6,2009,6,39.904,-75.2401,1600.0,6,0,0,0,0,0,1,0,0,,0,0,0,15,1,1,1,,0,39 54:14.619,,0,75 14:25.049,3,0,0,0,67301,1,0,0,,1,0,0,2,67301,0,,1,1,,,,,0,,1,0,0,0,0,,1557,1,2,0,0,0,0,0,3,4,0,1,3,,N,,,,,,,,,,,
2009097264,1314.0,0,0,0,0,0,0,0,0,0,4,0,,67,8,2009,5,40.0316,-75.0633,1314.0,6,0,0,0,0,0,1,0,0,1.0,0,0,0,17,1,3,5,,2,40 01:53.383,7.0,0,75 03:47.425,4,0,0,0,67301,0,0,0,N,0,0,0,4,67301,1,,1,1,,N,N,,0,,0,0,1,3,2,Y,1716,3,2,0,0,0,2,0,3,4,1,2,3,,N,,,,,,,,,,,
2009065479,1540.0,1,0,0,0,0,0,0,0,0,8,0,,67,5,2009,6,40.0466,-75.1238,1530.0,6,0,0,0,0,0,0,0,0,,0,0,0,15,1,1,0,,0,40 02:47.742,,0,75 07:25.608,3,0,0,0,67301,1,0,0,N,1,0,0,2,67301,0,,1,9,,N,N,,0,,1,0,0,0,0,,1520,1,2,0,0,0,0,0,3,4,0,1,7,,N,,,,,,,,,,,
2009120518,1140.0,0,0,0,0,0,0,0,0,0,1,0,,67,10,2009,3,39.9742,-75.2552,1137.0,6,0,0,0,0,0,0,0,0,,0,0,0,11,1,1,1,,0,39 58:27.296,,0,75 15:18.665,4,0,0,0,67301,0,0,0,N,0,0,0,2,67301,1,,1,1,,N,N,,0,,0,0,1,3,2,,1124,1,2,0,0,0,0,0,3,4,1,2,3,,N,,,,,,,,,,,
2009032933,252.0,1,0,0,0,0,0,0,0,0,7,0,,67,2,2009,7,39.9966,-75.1589,250.0,6,0,1,0,0,0,0,0,0,,0,0,0,0,3,2,1,,0,39 59:47.792,,0,75 09:32.111,8,0,0,0,67301,0,0,0,N,0,0,0,2,67301,0,,5,1,,N,N,,0,,0,0,0,3,3,,30,2,1,0,0,0,2,0,3,4,0,1,3,,N,,,,,,,,,,,
2009030463,1505.0,1,0,0,0,0,0,1,0,0,1,1,,67,2,2009,4,40.054,-75.0498,1452.0,6,0,0,0,0,0,1,0,0,,0,0,0,14,1,1,0,,0,40 03:14.487,,7,75 02:59.226,4,0,0,0,67301,0,0,0,N,0,0,0,3,67301,1,,1,1,,N,N,,0,,0,0,0,3,2,,1445,1,2,0,0,0,0,0,3,4,0,2,3,,N,,,,,,,,,,,
2009096452,1405.0,1,0,0,0,0,0,0,0,0,4,0,,67,8,2009,2,39.9772,-75.2268,1402.0,6,0,0,0,0,0,0,0,0,,0,0,0,14,1,1,1,,0,39 58:37.959,,0,75 13:36.308,3,0,0,1,67301,0,0,0,N,0,0,0,2,67301,0,,1,1,,N,N,,0,,1,0,0,3,2,,1402,1,2,0,0,1,0,0,3,4,0,2,3,,N,,,,,,,,,,,
2009096454,2230.0,3,0,0,0,0,0,0,0,0,1,0,,67,8,2009,3,40.1019,-75.0061,2208.0,6,0,0,0,0,0,0,0,1,2.0,0,0,0,22,3,1,2,,1,40 06:07.023,2.0,0,75 00:22.025,4,0,0,0,67301,0,0,0,N,0,0,0,4,67301,1,,1,1,,N,N,,0,,0,0,1,3,2,N,2208,1,4,0,0,0,0,0,3,4,0,4,3,,N,,,,,,,,,,,
2009125104,720.0,1,0,0,0,0,0,0,0,0,4,0,,67,11,2009,3,40.0612,-75.1564,706.0,6,0,0,0,0,0,0,0,0,,0,0,0,6,1,0,1,,0,40 03:40.471,,0,75 09:23.122,0,0,0,0,67301,0,0,0,N,0,0,0,1,67301,0,,2,1,,N,N,,0,,0,0,1,3,3,,624,0,2,0,0,0,0,0,3,4,0,2,3,,N,,,,,,,,,,,
2009034243,1016.0,0,0,0,0,0,0,0,0,0,7,0,,67,3,2009,2,40.0092,-75.2047,1016.0,6,0,0,0,0,0,0,0,0,,0,0,0,10,1,0,0,,0,40 00:32.038,,0,75 12:14.502,0,0,0,0,67301,0,0,0,N,0,0,0,1,68K01,0,,2,7,,N,N,,1,,0,0,0,0,0,,1015,0,1,0,0,0,0,0,3,4,0,1,10,,N,,,,,,,,,,,
2009039235,2055.0,2,0,0,0,0,0,0,0,0,2,0,,67,2,2009,2,40.0984,-75.0303,2042.0,6,0,0,0,0,0,0,0,0,,0,0,0,20,3,1,2,,0,40 05:53.193,,0,75 01:49.243,8,0,0,0,67301,0,0,0,,0,0,0,2,67301,0,,1,1,,N,,,0,,0,0,0,3,2,,2030,1,2,0,0,0,1,0,3,4,0,2,3,,N,,,,,,,,,,,
2009037473,1352.0,2,0,0,0,0,0,0,0,0,2,0,,67,2,2009,6,39.9131,-75.2404,1351.0,6,0,1,0,0,0,0,0,1,1.0,0,0,0,13,1,3,1,,1,39 54:46.990,1.0,0,75 14:25.321,4,0,0,0,67301,0,0,0,,0,0,0,4,67301,3,,1,1,,,,,0,,0,0,0,3,2,Y,1330,3,2,0,0,2,0,0,3,4,0,2,3,,N,,,,,,,,,,,
2009037486,127.0,2,0,0,0,0,0,0,0,0,5,0,,67,2,2009,7,39.9713,-75.1213,125.0,6,0,0,0,0,0,0,0,0,,0,0,0,1,3,2,2,,0,39 58:14.520,,0,75 07:21.360,4,0,0,0,67301,0,0,0,N,0,0,0,2,67301,2,,1,1,,N,N,,0,,0,0,0,3,2,,120,2,2,0,0,0,0,0,3,4,0,2,3,,N,,,,,,,,,,,
2009039378,1620.0,1,0,0,0,0,0,0,0,0,8,0,,67,2,2009,6,39.9504,-75.1604,1614.0,6,0,0,0,0,0,0,0,0,3.0,0,0,0,16,1,1,0,,1,39 57:01.504,3.0,0,75 09:37.408,8,0,0,0,67301,1,0,0,N,1,0,0,2,67301,0,,1,1,,N,N,,0,,0,0,0,0,0,Y,1604,1,2,0,0,0,1,0,3,4,0,1,3,,N,,,,,,,,,,,
2009049748,1255.0,2,0,0,0,0,0,0,0,0,1,0,,67,4,2009,3,39.9513,-75.1991,1247.0,6,0,0,0,1,0,0,0,0,,0,0,0,12,1,1,1,,0,39 57:04.584,,0,75 11:56.878,4,0,0,0,67301,0,0,0,N,0,0,0,2,67301,1,,1,9,,N,N,,0,,0,0,0,3,2,,1240,1,2,0,0,0,0,0,3,4,0,2,7,,N,,,,,,,,,,,
2009037359,2000.0,0,0,0,0,0,0,0,0,0,1,0,,67,2,2009,7,40.0415,-75.1584,1957.0,6,0,0,0,0,0,0,0,0,,0,0,0,19,3,1,1,,0,40 02:29.396,,0,75 09:30.119,4,0,0,0,67301,0,0,0,N,0,0,0,2,67301,1,,1,1,,N,N,,0,,0,0,0,3,2,,1930,1,2,0,0,0,0,1,3,4,2,2,3,,N,,,,,,,,,,,
2009039962,1307.0,2,0,0,0,0,0,0,0,0,1,0,,67,3,2009,7,39.9654,-75.1861,1254.0,6,0,0,0,0,0,0,0,0,,0,0,0,12,1,0,0,,0,39 57:56.491,,0,75 11:10.244,0,0,0,0,67301,0,0,0,N,0,0,0,2,68K01,0,,1,1,,N,N,,0,,0,0,0,0,0,,1249,0,2,0,0,0,0,0,3,4,0,2,3,,N,,,,,,,,,,,
2009037458,1240.0,2,0,0,0,0,0,0,0,0,2,0,,67,2,2009,5,40.0302,-75.1703,1230.0,6,0,0,0,0,0,0,0,0,,0,0,0,12,1,1,1,,0,40 01:48.784,,0,75 10:13.040,3,0,0,0,67301,0,0,0,,0,0,0,2,67301,0,,1,1,,N,N,,0,,1,0,0,3,3,,1225,1,2,0,0,0,0,0,3,4,0,2,3,,N,,,,,,,,,,,
2009039243,800.0,1,0,0,0,0,0,0,0,0,8,0,,67,2,2009,5,40.0306,-75.1465,752.0,6,0,0,0,0,0,0,0,0,,0,0,0,7,1,1,1,,0,40 01:50.209,,0,75 08:47.694,4,0,0,0,67301,1,0,0,N,1,0,0,2,67301,1,,1,1,,N,N,,0,,0,0,0,3,2,,750,1,2,0,0,0,0,0,3,4,0,1,3,,N,,,,,,,,,,,
2009036894,1424.0,1,0,0,0,0,0,0,0,0,7,0,,67,2,2009,7,39.949,-75.2214,1419.0,6,0,0,0,0,0,0,0,1,,0,0,0,14,1,1,0,,0,39 56:56.317,,0,75 13:16.971,8,0,0,0,67301,0,0,0,N,0,0,0,1,67301,0,,4,1,,N,N,,0,,0,0,0,0,0,,1405,1,1,0,0,0,1,0,3,4,0,1,3,,N,,,,,,,,,,,
2009026862,1008.0,1,0,0,1,0,0,0,0,0,1,0,,67,1,2009,2,39.9348,-75.1426,1001.0,6,0,0,0,0,0,1,0,0,2.0,0,0,0,10,1,1,1,,1,39 56:05.495,1.0,0,75 08:33.195,4,0,0,0,67301,1,0,0,,0,0,0,2,67301,1,,1,1,,,,,0,,0,0,0,3,2,N,1006,1,2,0,0,0,0,0,3,4,0,1,3,,N,,,,,,,,,,,
2009044428,1053.0,2,0,0,0,0,0,0,0,0,1,0,,67,3,2009,5,39.9299,-75.1444,1050.0,6,0,0,0,0,0,1,0,0,,0,0,0,10,1,1,1,,0,39 55:47.706,,0,75 08:39.988,4,0,0,0,67301,0,0,0,N,0,0,0,2,67301,1,,1,9,,N,N,,0,,0,0,0,0,0,,1049,1,2,0,0,0,0,1,3,4,0,2,7,,N,,,,,,,,,,,
2009044460,1824.0,1,0,0,0,0,0,0,0,0,4,0,,67,3,2009,3,39.9173,-75.2292,1754.0,6,0,0,0,0,0,0,0,0,,0,0,0,17,1,1,1,,0,39 55:02.424,,0,75 13:45.191,8,0,0,0,67301,0,0,0,,0,0,0,5,67301,0,,1,2,,,,,0,,0,0,1,9,3,,1734,1,2,0,0,0,1,4,3,4,0,2,3,,N,,,,,,,,,,,
2009073203,1216.0,1,0,0,0,0,0,0,0,0,8,0,,67,5,2009,5,40.0191,-75.074,1216.0,6,0,0,0,0,0,0,0,0,3.0,0,0,0,12,1,1,0,,2,40 01:08.731,2.0,0,75 04:26.497,3,0,0,0,67301,1,0,0,,1,0,0,4,67301,0,,1,1,,,,,0,,1,0,0,0,0,Y,1215,1,2,0,0,3,0,0,3,4,0,1,3,,N,,,,,,,,,,,
2009124448,915.0,2,0,0,0,0,0,0,0,0,4,0,,67,11,2009,3,39.9634,-75.1694,907.0,6,0,0,0,0,0,0,0,0,,0,0,0,8,1,1,1,,0,39 57:48.568,,0,75 10:09.794,8,0,0,0,67301,0,0,0,N,0,0,0,2,67301,0,,1,1,,N,N,,0,,0,0,0,3,2,,851,1,2,0,0,0,1,0,3,4,0,2,3,,N,,,,,,,,,,,
2009099475,552.0,0,0,0,0,0,0,0,0,0,4,1,,67,9,2009,6,39.9475,-75.1422,542.0,6,0,0,0,0,0,0,0,0,2.0,0,1,0,5,2,1,0,,1,39 56:51.000,2.0,0,75 08:31.920,8,0,0,0,67301,0,0,0,N,0,0,0,2,68K01,0,,1,8,,N,N,,0,,0,0,1,0,0,N,541,1,2,0,0,0,1,0,3,4,0,2,7,,N,,,,,,,,,,,
2009097113,1715.0,2,0,0,0,0,0,0,0,0,4,0,,67,9,2009,6,39.983,-75.1014,1711.0,6,0,0,0,0,0,0,0,0,,0,0,0,17,1,0,1,,0,39 58:58.770,,0,75 06:05.073,0,0,0,0,67301,0,0,0,,0,0,0,2,67301,0,,1,1,,,,,0,,0,0,0,3,2,,1705,0,2,0,0,0,0,0,3,4,0,2,3,,N,,,,,,,,,,,
2009097188,1240.0,1,0,0,0,0,0,1,0,0,5,1,,67,9,2009,6,40.0251,-75.0815,1240.0,6,0,0,0,0,0,1,0,0,,0,0,0,12,1,1,0,,0,40 01:30.396,,0,75 04:53.410,8,0,0,0,67301,1,0,0,N,0,0,0,2,67301,0,,1,1,,Y,N,,0,,0,0,0,0,0,,1240,1,2,0,0,0,1,1,3,4,0,2,3,,N,,,,,,,,,,,