CRN,ARRIVAL_TM,AUTOMOBILE_COUNT,BELTED_DEATH_COUNT,BELTED_SUSP_SERIOUS_INJ_COUNT,BICYCLE_COUNT,BICYCLE_DEATH_COUNT,BICYCLE_SUSP_SERIOUS_INJ_COUNT,BUS_COUNT,CHLDPAS_DEATH_COUNT,CHLDPAS_SUSP_SERIOUS_INJ_COUNT,COLLISION_TYPE,COMM_VEH_COUNT,CONS_ZONE_SPD_LIM,COUNTY,CRASH_MONTH,CRASH_YEAR,DAY_OF_WEEK,DEC_LAT,DEC_LONG,DISPATCH_TM,DISTRICT,DRIVER_COUNT_16YR,DRIVER_COUNT_17YR,DRIVER_COUNT_18YR,DRIVER_COUNT_19YR,DRIVER_COUNT_20YR,DRIVER_COUNT_50_64YR,DRIVER_COUNT_65_74YR,DRIVER_COUNT_75PLUS,EST_HRS_CLOSED,FATAL_COUNT,HEAVY_TRUCK_COUNT,HORSE_BUGGY_COUNT,HOUR_OF_DAY,ILLUMINATION,INJURY_COUNT,INTERSECT_TYPE,INTERSECTION_RELATED,LANE_CLOSED,LATITUDE,LN_CLOSE_DIR,LOCATION_TYPE,LONGITUDE,MAX_SEVERITY_LEVEL,MCYCLE_DEATH_COUNT,MCYCLE_SUSP_SERIOUS_INJ_COUNT,MOTORCYCLE_COUNT,MUNICIPALITY,NONMOTR_COUNT,NONMOTR_DEATH_COUNT,NONMOTR_SUSP_SERIOUS_INJ_COUNT,NTFY_HIWY_MAINT,PED_COUNT,PED_DEATH_COUNT,PED_SUSP_SERIOUS_INJ_COUNT,PERSON_COUNT,POLICE_AGCY,POSSIBLE_INJ_COUNT,RDWY_SURF_TYPE_CD,RELATION_TO_ROAD,ROAD_CONDITION,ROADWAY_CLEARED,SCH_BUS_IND,SCH_ZONE_IND,SECONDARY_CRASH,SMALL_TRUCK_COUNT,SPEC_JURIS_CD,SUSP_MINOR_INJ_COUNT,SUSP_SERIOUS_INJ_COUNT,SUV_COUNT,TCD_FUNC_CD,TCD_TYPE,TFC_DETOUR_IND,TIME_OF_DAY,TOT_INJ_COUNT,TOTAL_UNITS,UNB_DEATH_COUNT,UNB_SUSP_SERIOUS_INJ_COUNT,UNBELTED_OCC_COUNT,UNK_INJ_DEG_COUNT,UNK_INJ_PER_COUNT,URBAN_AREA,URBAN_RURAL,VAN_COUNT,VEHICLE_COUNT,WEATHER1,WEATHER2,WORK_ZONE_IND,WORK_ZONE_LOC,WORK_ZONE_TYPE,WORKERS_PRES,WZ_CLOSE_DETOUR,WZ_FLAGGER,WZ_LAW_OFFCR_IND,WZ_LN_CLOSURE,WZ_MOVING,WZ_OTHER,WZ_SHLDER_MDN,WZ_WORKERS_INJ_KILLED
2009124378,1700.0,1,0,0,0,0,0,0,0,0,1,0,,67,11,2009,3,39.9546,-75.226,1657.0,6,0,0,0,0,0,1,0,0,,0,0,0,16,1,1,1,,0,39 57:16.485,,0,75 13:33.593,4,0,0,1,67301,0,0,0,N,0,0,0,2,67301,1,,1,1,,N,N,,0,,0,0,0,3,2,,1620,1,2,0,0,0,0,1,3,4,0,2,3,,N,,,,,,,,,,,
2009121827,1600.0,1,0,0,0,0,0,0,0,0,7,0,,67,10,2009,6,40.0097,-75.1424,1600.0,6,0,0,0,0,0,0,0,0,,0,0,0,16,1,0,1,,0,40 00:35.053,,0,75 08:32.809,0,0,0,0,67301,0,0,0,N,0,0,0,1,67301,0,,5,9,,N,N,,0,,0,0,0,3,2,,1600,0,1,0,0,1,0,0,3,4,0,1,7,,N,,,,,,,,,,,
2009062865,402.0,2,0,0,0,0,0,0,0,0,5,0,,67,6,2009,6,39.9567,-75.1436,353.0,6,0,0,0,0,0,0,0,0,1.0,0,0,0,3,3,1,0,,1,39 57:26.640,3.0,0,75 08:49.560,2,0,0,0,67301,0,0,0,N,0,0,0,2,68K01,0,,1,1,,N,N,,0,,0,1,0,0,0,N,345,1,2,0,1,1,0,0,3,4,0,2,3,,N,,,,,,,,,,,
2009065396,1945.0,1,0,0,0,0,0,0,0,0,4,0,,67,5,2009,4,40.0307,-75.2121,9999.0,6,0,0,0,0,0,1,0,0,,0,0,0,19,1,1,2,,0,40 01:50.338,,0,75 12:43.298,4,0,0,0,67301,0,0,0,,0,0,0,3,67301,1,,1,1,,N,N,,0,,0,0,1,3,3,,1940,1,2,0,0,0,0,0,3,4,0,2,3,,N,,,,,,,,,,,
2009065398,1416.0,3,0,0,0,0,0,0,0,0,1,0,,67,4,2009,1,40.0266,-75.1508,1413.0,6,0,0,0,0,1,0,1,0,3.0,0,0,0,13,1,2,5,,1,40 01:35.616,4.0,0,75 09:02.840,8,0,0,0,67301,0,0,0,N,0,0,0,4,67301,0,,1,1,,N,N,,0,,0,0,0,3,2,N,1344,2,3,0,0,0,2,1,3,4,0,3,3,,N,,,,,,,,,,,
2009120601,1143.0,1,0,0,0,0,0,0,0,0,8,0,,67,10,2009,4,39.9612,-75.2349,1143.0,6,0,0,0,0,0,0,0,0,,0,0,0,11,1,1,1,,0,39 57:40.211,,0,75 14:05.686,8,0,0,0,67301,1,0,0,N,1,0,0,2,67301,0,,1,1,,N,N,,0,,0,0,0,3,7,,1140,1,2,0,0,0,1,0,3,4,0,1,3,,N,,,,,,,,,,,
2009113942,1505.0,0,0,0,0,0,0,0,0,0,1,0,,67,11,2009,5,40.0554,-75.1263,1504.0,6,0,0,0,0,0,2,1,0,1.0,0,0,0,15,1,2,2,,1,40 03:19.907,4.0,0,75 07:34.654,8,0,0,0,67301,0,0,0,N,0,0,0,5,46102,0,,1,9,,N,N,,0,,0,0,2,3,2,N,1504,2,3,0,0,0,2,0,3,4,1,3,7,,N,,,,,,,,,,,
2009116003,1542.0,2,0,0,0,0,0,0,0,0,5,0,,67,10,2009,3,39.944,-75.1429,1523.0,6,0,0,0,0,0,1,0,0,,0,0,0,15,1,2,0,,0,39 56:38.538,,0,75 08:34.510,4,0,0,0,67301,0,0,0,N,0,0,0,3,68K01,2,,1,9,,N,N,,0,,0,0,0,0,0,,1521,2,3,0,0,0,0,0,3,4,0,2,7,,N,,,,,,,,,,,
2009118971,1320.0,1,0,0,0,0,0,0,0,0,4,0,,67,10,2009,7,39.9736,-75.1186,1315.0,6,0,0,0,0,0,1,0,0,,0,0,0,13,1,2,2,,0,39 58:22.572,,0,75 07:10.506,4,0,0,0,67301,0,0,0,N,0,0,0,2,67301,2,,1,1,,N,N,,0,,0,0,1,0,0,,1315,2,2,0,0,0,0,0,3,4,0,2,3,,N,,,,,,,,,,,
2009111195,2106.0,1,0,0,0,0,0,0,0,0,4,0,,67,10,2009,7,40.0582,-75.0427,2105.0,6,0,0,0,0,0,0,0,0,1.0,0,0,0,20,3,2,1,,1,40 03:30.253,2.0,0,75 02:34.859,4,0,0,0,67301,0,0,0,N,0,0,0,3,67301,2,,1,1,,N,N,,0,,0,0,1,3,3,N,2042,2,3,0,0,1,0,0,3,4,1,3,3,,N,,,,,,,,,,,
2009111219,1615.0,1,0,0,0,0,0,0,0,0,8,0,,67,10,2009,2,40.0767,-75.1703,1557.0,6,0,0,0,0,0,0,0,1,,0,0,0,15,1,1,1,,0,40 04:36.267,,0,75 10:13.036,3,0,0,0,67301,1,0,0,N,1,0,0,2,67301,0,,1,1,,N,N,,0,,1,0,0,3,3,,1500,1,2,0,0,0,0,0,3,4,0,1,3,,N,,,,,,,,,,,
2009111228,400.0,1,0,1,0,0,0,0,0,0,7,0,,67,8,2009,7,40.014,-75.126,346.0,6,0,0,0,0,0,0,0,0,,0,0,0,3,3,1,0,,0,40 00:50.400,,7,75 07:33.467,2,0,0,0,67301,0,0,0,N,0,0,0,2,67301,0,,5,1,,N,N,,0,,0,1,1,0,0,,346,1,2,0,0,0,0,1,3,4,0,2,3,,N,,,,,,,,,,,
2009120920,2057.0,1,0,0,0,0,0,0,0,0,1,0,,67,10,2009,1,,,2055.0,6,0,0,0,0,0,0,0,0,,0,0,0,20,3,1,0,,0,,,0,,8,0,0,0,67301,0,0,0,,0,0,0,3,67301,0,,1,1,,,,,0,,0,0,1,0,0,,2035,1,2,0,0,0,1,0,3,3,0,2,3,,N,,,,,,,,,,,
2009121094,1500.0,1,0,0,0,0,0,1,0,0,5,1,,67,7,2009,4,39.9553,-75.2123,1500.0,6,0,0,0,0,0,1,0,0,,0,0,0,14,1,12,0,,0,39 57:19.174,,0,75 12:44.175,4,0,0,0,67301,0,0,0,,0,0,0,14,67301,12,,1,1,,Y,N,,0,,0,0,0,0,0,,1441,12,2,0,0,0,0,0,3,4,0,2,3,,N,,,,,,,,,,,
2009120717,1109.0,1,0,0,0,0,0,0,0,0,7,0,,67,11,2009,2,39.9541,-75.1561,1109.0,6,0,0,0,0,0,0,0,0,,0,0,0,11,1,1,0,,0,39 57:14.889,,0,75 09:22.119,8,0,0,0,67301,1,0,0,N,1,0,0,2,67301,0,,5,1,,N,N,,0,,0,0,0,0,0,,1108,1,2,0,0,1,1,1,3,4,0,1,3,,N,,,,,,,,,,,
2009120761,2047.0,1,0,0,0,0,0,0,0,0,4,0,,67,10,2009,5,40.0446,-75.0547,2047.0,6,0,0,0,0,0,0,0,0,2.0,0,0,0,20,3,3,1,,2,40 02:40.890,2.0,0,75 03:16.537,2,0,0,0,67301,0,0,0,N,0,0,0,3,67301,0,,1,9,,N,N,,0,,0,3,1,3,2,Y,2047,3,2,0,1,1,0,0,3,4,0,2,7,,N,,,,,,,,,,,
2009063737,1410.0,1,0,0,0,0,0,0,0,0,7,0,,67,5,2009,2,40.0221,-75.169,1410.0,6,0,0,0,0,0,0,0,0,,0,0,0,14,1,1,0,,0,40 01:19.472,,0,75 10:08.329,4,0,0,0,67301,0,0,0,,0,0,0,1,67301,1,,5,1,,,,,0,,0,0,0,0,0,,1400,1,1,0,0,0,0,0,3,4,0,1,3,,N,,,,,,,,,,,
2009066509,505.0,2,0,0,0,0,0,1,0,0,2,1,,67,6,2009,6,39.9541,-75.1966,500.0,6,0,0,0,0,0,1,0,0,,0,0,0,5,1,2,2,,0,39 57:14.904,,0,75 11:47.788,3,0,0,0,67301,0,0,0,N,0,0,0,3,67301,0,,1,1,,N,N,,0,,2,0,0,3,3,,500,2,3,0,0,0,0,0,3,4,0,3,3,,N,,,,,,,,,,,
2009058823,330.0,2,0,0,0,0,0,0,0,0,4,0,,67,4,2009,7,40.0392,-75.1521,326.0,6,0,0,0,0,0,0,0,0,,0,0,0,3,3,3,2,,0,40 02:21.068,,0,75 09:07.432,3,0,0,0,67301,0,0,0,,0,0,0,4,67301,1,,1,1,,,,,0,,2,0,0,3,3,,320,3,2,0,0,0,0,0,3,4,0,2,3,,N,,,,,,,,,,,
2009100802,1625.0,2,0,0,0,0,0,0,0,0,5,0,,67,9,2009,7,40.0345,-75.0482,1619.0,6,1,0,0,0,0,0,0,0,1.0,0,0,0,16,1,2,1,,2,40 02:04.164,4.0,0,75 02:53.357,4,0,0,0,67301,0,0,0,N,0,0,0,5,67301,2,,1,1,,N,N,,0,,0,0,0,3,3,Y,1601,2,2,0,0,0,0,0,3,4,0,2,3,,N,,,,,,,,,,,
2009100507,907.0,1,0,0,0,0,0,0,0,0,4,0,,67,9,2009,5,40.0462,-75.0792,901.0,6,0,0,0,0,0,0,0,0,,0,0,0,99,1,1,1,,0,40 02:46.150,,0,75 04:44.993,8,0,0,0,67301,0,0,0,N,0,0,0,2,67301,0,,1,1,,N,N,,1,,0,0,0,3,2,,9999,1,2,0,0,0,1,0,3,4,0,2,3,,N,,,,,,,,,,,
2009100517,1410.0,1,0,0,0,0,0,0,0,0,6,0,,67,9,2009,6,39.9722,-75.1248,1410.0,6,0,0,0,0,0,0,0,0,1.0,0,0,0,13,1,0,6,,1,39 58:21.113,3.0,2,75 07:24.425,0,0,0,0,67301,0,0,0,,0,0,0,2,67301,0,,1,1,,,,,1,,0,0,0,0,0,N,1317,0,2,0,0,0,0,0,3,4,0,2,3,,N,,,,,,,,,,,
2009025651,1643.0,3,0,0,0,0,0,0,0,0,4,0,,67,1,2009,5,40.0471,-75.0911,1641.0,6,0,0,0,0,0,1,0,0,,0,0,0,16,1,2,1,,0,40 02:49.411,,0,75 05:27.941,8,0,0,0,67301,0,0,0,N,0,0,0,4,67301,0,,1,1,,N,N,,0,,0,0,0,3,2,,1641,2,3,0,0,0,2,0,3,4,0,3,3,,N,,,,,,,,,,,
2009025854,1243.0,2,0,0,0,0,0,0,0,0,2,0,,67,1,2009,3,40.0541,-75.049,1240.0,6,0,0,0,0,1,0,0,0,1.0,0,0,0,12,1,3,5,,1,40 03:14.760,1.0,0,75 02:56.400,8,0,0,0,67301,0,0,0,N,0,0,0,3,67301,0,,1,1,,N,N,,0,,0,0,0,3,2,N,1238,3,2,0,0,3,3,0,3,4,0,2,3,,N,,,,,,,,,,,
2009025870,900.0,2,0,0,0,0,0,0,0,0,4,0,,67,1,2009,7,40.0462,-75.0792,858.0,6,1,0,0,0,0,1,0,0,,0,0,0,8,1,2,1,,0,40 02:46.150,,0,75 04:44.993,4,0,0,0,67301,0,0,0,N,0,0,0,2,67301,2,,1,1,,N,N,,0,,0,0,0,3,2,,855,2,2,0,0,0,0,0,3,4,0,2,3,,N,,,,,,,,,,,
2009025174,1738.0,1,0,0,0,0,0,0,0,0,8,0,,67,1,2009,3,39.9857,-75.1722,1735.0,6,0,0,0,0,0,0,0,0,,0,0,0,99,3,1,0,,0,39 59:08.613,,0,75 10:19.956,3,0,0,0,67301,1,0,0,,1,0,0,2,67301,0,,1,1,,,,,0,,1,0,0,0,0,,9999,1,2,0,0,0,0,0,3,4,0,1,3,,N,,,,,,,,,,,
2009025179,2135.0,2,0,0,0,0,0,0,0,0,6,0,,67,1,2009,6,39.9821,-75.2227,2125.0,6,0,0,0,0,0,1,0,0,2.0,0,0,0,21,2,3,0,,1,39 58:55.511,3.0,0,75 13:21.702,3,0,0,0,67301,0,0,0,,0,0,0,5,67301,1,,1,1,,,,,0,,2,0,1,0,0,N,2120,3,3,0,0,0,0,0,3,4,0,3,3,,N,,,,,,,,,,,
2009027869,706.0,1,0,0,0,0,0,0,0,0,1,0,,67,2,2009,4,40.0231,-75.036,646.0,6,0,0,0,0,0,1,0,0,1.0,0,0,0,6,1,0,0,,1,40 01:22.757,2.0,0,75 02:09.397,0,0,0,0,67301,0,0,0,N,0,0,0,2,68K01,0,,2,1,,N,N,,1,,0,0,0,0,0,N,645,0,2,0,0,1,0,0,3,4,0,2,3,,N,,,,,,,,,,,
2009033225,935.0,3,0,0,0,0,0,0,0,0,4,0,,67,2,2009,3,40.009,-75.1365,931.0,6,0,0,0,0,0,1,0,0,,0,0,0,9,1,3,1,,0,40 00:32.335,,0,75 08:11.486,3,0,0,0,67301,0,0,0,N,0,0,0,4,67301,0,,1,9,,N,N,,0,,3,0,0,9,3,,925,3,3,0,0,0,0,0,3,4,0,3,7,,N,,,,,,,,,,,
2009025610,1600.0,1,0,0,0,0,0,0,0,0,7,0,,67,1,2009,3,40.0908,-75.0557,1558.0,6,0,0,0,0,0,1,0,0,3.0,0,0,0,15,1,1,2,,1,40 05:26.613,5.0,0,75 03:20.266,8,0,0,0,67301,0,0,0,,0,0,0,1,67301,0,,5,1,,N,N,,0,,0,0,0,0,0,Y,1554,1,1,0,0,0,1,0,3,4,0,1,3,,N,,,,,,,,,,,
2009032913,50.0,1,0,0,0,0,0,0,0,0,2,0,,67,1,2009,6,39.9435,-75.1648,45.0,6,0,0,0,0,0,0,0,0,1.0,0,0,0,0,3,1,0,,2,39 56:36.736,3.0,0,75 09:53.168,8,0,0,0,67301,0,0,0,N,0,0,0,1,67301,0,,6,1,,N,N,,1,,0,0,0,0,0,Y,45,1,2,0,0,0,1,0,3,4,0,2,3,,N,,,,,,,,,,,
2009030440,1606.0,1,0,0,0,0,0,0,0,0,4,0,,67,1,2009,4,39.9942,-75.1114,9999.0,6,0,0,0,0,0,0,0,0,,0,0,0,16,1,1,1,,0,39 59:39.071,,0,75 06:41.033,3,0,0,0,67301,0,0,0,N,0,0,0,2,67301,0,,1,2,,N,N,,0,,1,0,0,2,1,,1603,1,2,0,0,0,0,1,3,4,0,2,98,,N,,,,,,,,,,,
2009096779,1417.0,1,0,0,0,0,0,0,0,0,1,0,,67,9,2009,6,40.0078,-75.202,1413.0,6,0,0,0,0,0,1,0,1,1.0,0,0,0,14,1,2,0,,1,40 00:27.639,3.0,0,75 12:05.721,4,0,0,0,67301,0,0,0,N,0,0,0,2,68K01,2,,1,1,,N,N,,1,,0,0,0,0,0,N,1404,2,2,0,0,0,0,0,3,4,0,2,3,,N,,,,,,,,,,,
2009112022,1254.0,2,0,0,0,0,0,0,0,0,6,0,,67,10,2009,1,40.0039,-75.2207,1254.0,6,0,0,0,0,0,1,0,0,,0,0,0,12,1,0,1,,0,40 00:14.091,,0,75 13:14.544,0,0,0,0,67301,0,0,0,N,0,0,0,3,46104,0,,1,1,,N,N,,0,,0,0,0,3,2,,1250,0,2,0,0,0,0,0,3,4,0,2,3,,N,,,,,,,,,,,
2009112106,645.0,2,0,0,0,0,0,0,0,0,1,0,,67,10,2009,5,39.9213,-75.1938,630.0,6,0,0,0,0,0,0,0,0,,0,0,0,6,5,1,2,,0,39 55:16.534,,0,75 11:37.851,4,0,0,0,67301,0,0,0,N,0,0,0,2,67301,1,,1,1,,N,N,,0,,0,0,0,0,0,,630,1,2,0,0,1,0,0,3,4,0,2,3,,N,,,,,,,,,,,
2009106813,1619.0,2,0,0,0,0,0,0,0,0,1,0,,67,10,2009,7,39.9586,-75.1677,1617.0,6,0,0,0,0,0,0,0,0,2.0,0,0,0,16,1,2,0,,1,39 57:31.004,4.0,0,75 10:03.682,8,0,0,0,67301,0,0,0,N,0,0,0,5,68K01,0,,1,1,,N,N,,0,,0,0,1,0,0,N,1615,2,3,0,0,0,2,0,3,4,0,3,3,,N,,,,,,,,,,,
2009125224,36.0,2,0,0,0,0,0,0,0,0,4,0,,67,11,2009,7,40.0675,-75.1793,31.0,6,0,0,0,0,0,0,0,1,,0,0,0,23,3,1,1,,0,40 04:02.966,,0,75 10:45.507,8,0,0,0,67301,0,0,0,N,0,0,0,5,67301,0,,1,1,,N,N,,0,,0,0,0,3,2,,2352,1,2,0,0,0,1,0,3,4,0,2,3,,N,,,,,,,,,,,
2009125262,833.0,2,0,0,0,0,0,0,0,0,6,0,,67,11,2009,5,40.0419,-75.0366,824.0,6,0,0,0,0,0,0,1,0,,0,0,0,8,1,1,1,,0,40 02:30.991,,0,75 02:11.691,8,0,0,0,67301,0,0,0,,0,0,0,4,67501,0,,1,9,,,,,0,,0,0,0,3,3,,820,1,2,0,0,0,1,0,3,4,0,2,7,,N,,,,,,,,,,,
2009120370,2048.0,1,0,0,0,0,0,0,0,0,4,0,,67,10,2009,6,40.0459,-74.9946,2037.0,6,0,1,0,0,0,0,0,0,,0,0,0,20,3,0,1,,0,40 02:44.934,,0,74 59:40.960,0,0,0,0,67301,0,0,0,N,0,0,0,2,67301,0,,1,1,,N,N,,0,,0,0,1,3,2,,2025,0,2,0,0,0,0,0,3,4,0,2,3,,N,,,,,,,,,,,
2009120402,1747.0,1,0,0,0,0,0,0,0,0,2,0,,67,10,2009,5,40.0253,-75.1826,1738.0,6,0,0,0,0,0,0,0,0,,0,0,0,17,3,1,0,,0,40 01:31.048,,0,75 10:57.273,4,0,0,0,67301,0,0,0,N,0,0,0,1,67301,1,,1,1,,N,N,,2,,0,0,0,0,0,,1738,1,3,0,0,0,0,0,3,4,0,3,3,,N,,,,,,,,,,,
2009111826,1321.0,2,0,0,0,0,0,0,0,0,1,0,,67,10,2009,6,40.0345,-75.0821,1315.0,6,0,0,0,0,0,0,0,0,1.0,0,0,0,13,1,0,1,,1,40 02:04.181,2.0,0,75 04:55.978,0,0,0,0,67301,0,0,0,,0,0,0,2,67301,0,,1,9,,N,N,,0,,0,0,0,3,2,N,1315,0,2,0,0,0,0,0,3,4,0,2,7,,N,,,,,,,,,,,
2009044834,853.0,1,0,0,0,0,0,0,0,0,6,0,,67,3,2009,3,40.0314,-75.1275,850.0,6,0,0,0,0,0,0,0,0,,0,0,0,8,1,3,1,,0,40 01:52.924,,0,75 07:38.996,8,0,0,0,67301,0,0,0,N,0,0,0,4,67301,0,,1,1,,N,N,,0,,0,0,0,3,3,,835,3,2,0,0,0,3,0,3,4,1,2,3,,N,,,,,,,,,,,
2009047480,1531.0,2,0,0,0,0,0,0,0,0,1,0,,67,4,2009,2,39.9537,-75.1387,1530.0,6,0,0,0,0,0,0,0,0,,0,0,0,15,1,2,0,,0,39 57:13.302,,0,75 08:19.277,3,0,0,0,67301,0,0,0,N,0,0,0,5,67501,1,,1,1,,N,N,,0,,1,0,0,2,8,,1530,2,3,0,0,1,0,0,3,4,1,3,3,,N,,,,,,,,,,,
2009049737,1135.0,0,0,0,0,0,0,0,0,0,4,0,,67,4,2009,3,40.0493,-75.0679,1130.0,6,0,0,0,0,0,1,0,0,,0,0,0,11,1,1,1,,0,40 02:57.798,,0,75 04:04.353,8,0,0,0,67301,0,0,0,N,0,0,0,2,67301,0,,1,1,,N,N,,0,,0,0,1,3,2,,1130,1,2,0,0,0,1,0,3,4,1,2,3,,N,,,,,,,,,,,
2009037446,2020.0,2,0,0,0,0,0,0,0,0,6,0,,67,3,2009,5,40.029,-75.1478,2018.0,6,0,0,0,0,0,0,0,0,,0,0,0,17,1,0,2,,0,40 01:44.245,,0,75 08:52.213,0,0,0,0,67301,0,0,0,N,0,0,0,5,67301,0,,1,1,,N,N,,0,,0,0,0,0,0,,1720,0,2,0,0,0,0,0,3,4,0,2,3,,N,,,,,,,,,,,
2009036984,2104.0,0,0,0,0,0,0,1,0,0,8,1,,67,3,2009,7,39.9506,-75.1617,2102.0,6,0,0,0,0,0,0,0,0,,0,0,0,20,3,1,1,,0,39 57:02.085,,0,75 09:42.069,3,0,0,0,67301,1,0,0,,1,0,0,2,67301,0,,1,1,,,,,0,,1,0,0,3,2,,2044,1,2,0,0,0,0,0,3,4,0,1,3,,N,,,,,,,,,,,
2009049585,1150.0,0,0,0,1,0,0,0,0,0,2,0,,67,4,2009,6,40.0028,-75.1378,1145.0,6,0,0,0,0,0,0,0,0,,0,0,0,11,1,1,5,,0,40 00:09.954,,0,75 08:16.245,4,0,0,0,67301,1,0,0,N,0,0,0,2,67301,1,,1,1,,N,N,,1,,0,0,0,3,2,,1134,1,2,0,0,0,0,0,3,4,0,1,3,,N,,,,,,,,,,,
2009131689,1149.0,0,0,0,0,0,0,0,0,0,7,0,,67,12,2009,4,39.9391,-75.1435,1144.0,6,0,0,0,0,0,0,0,0,1.0,0,0,0,11,1,1,0,,2,39 56:20.727,2.0,2,75 08:36.713,3,0,0,0,67301,0,0,0,N,0,0,0,1,68K01,0,,3,9,,N,N,,0,,1,0,1,3,2,Y,1142,1,1,0,0,0,0,0,3,4,0,1,3,,N,,,,,,,,,,,
2009131705,2218.0,1,0,0,0,0,0,0,0,0,7,0,,67,12,2009,1,39.9809,-75.2062,2215.0,6,0,0,1,0,0,0,0,0,,0,0,0,22,2,0,0,,0,39 58:54.720,,0,75 12:26.207,0,0,0,0,67301,0,0,0,N,0,0,0,1,68K01,0,,3,9,,N,N,,0,,0,0,0,0,0,,2213,0,1,0,0,1,0,0,3,4,0,1,7,,N,,,,,,,,,,,
2009124343,1530.0,2,0,0,0,0,0,0,0,0,1,0,,67,11,2009,6,39.959,-75.2251,1501.0,6,0,0,0,0,0,0,0,1,2.0,0,0,0,15,1,2,2,,1,39 57:32.361,1.0,0,75 13:30.266,8,0,0,0,67301,2,0,0,N,0,0,0,3,67301,0,,1,9,,N,N,,0,,0,0,0,0,0,Y,1500,2,3,0,0,0,2,0,3,4,1,3,7,,N,,,,,,,,,,,
2009065366,948.0,2,0,0,0,0,0,0,0,0,4,0,,67,4,2009,5,40.0517,-75.1503,947.0,6,0,0,0,0,0,1,0,0,3.0,0,0,0,9,1,2,1,,2,40 03:05.569,7.0,0,75 09:00.387,8,0,0,0,67301,0,0,0,N,0,0,0,3,67301,0,,1,1,,N,N,,1,,0,0,0,3,2,Y,947,2,3,0,0,0,2,1,3,4,0,3,3,,N,,,,,,,,,,,
2009065400,1448.0,1,0,0,0,0,0,0,0,0,7,0,,67,5,2009,1,,,1445.0,6,0,0,0,0,0,0,0,0,,0,0,0,14,1,2,0,,0,,,0,,3,0,0,0,67301,0,0,0,N,0,0,0,2,67301,0,,5,1,,N,N,,0,,2,0,0,0,0,,1440,2,1,0,0,2,0,0,3,3,0,1,3,,N,,,,,,,,,,,
2009065457,520.0,2,0,0,0,0,0,0,0,0,4,0,,67,5,2009,2,40.0403,-75.0154,517.0,6,0,0,0,0,0,1,0,0,,0,0,0,5,5,1,1,,0,40 02:25.213,,0,75 00:55.422,8,0,0,0,67301,0,0,0,,0,0,0,3,67301,0,,1,1,,,,,0,,0,0,0,3,2,,514,1,2,0,0,0,1,0,3,4,0,2,3,,N,,,,,,,,,,,
2009111548,1223.0,1,0,0,0,0,0,0,0,0,5,0,,67,10,2009,6,39.9515,-75.1415,1218.0,6,0,0,0,0,0,0,0,0,2.0,0,0,0,12,1,1,0,,2,39 57:05.040,2.0,0,75 08:29.400,8,0,0,0,67301,0,0,0,N,0,0,0,3,68K01,0,,1,1,,N,N,,0,,0,0,0,0,0,Y,1216,1,2,0,0,0,1,0,3,4,1,2,3,,N,,,,,,,,,,,
2009121085,1208.0,2,0,0,0,0,0,0,0,0,6,0,,67,10,2009,4,39.9484,-75.1762,1200.0,6,0,0,0,0,0,0,1,0,,0,0,0,11,1,3,1,,0,39 56:54.283,,0,75 10:34.471,3,0,0,0,67301,0,0,0,,0,0,0,4,67301,1,,1,9,,,,,0,,1,0,0,3,2,,1155,3,2,0,0,1,1,0,3,4,0,2,7,,N,,,,,,,,,,,
2009123760,1115.0,1,0,0,0,0,0,0,0,0,5,0,,67,11,2009,5,39.9571,-75.1444,1105.0,6,0,0,0,0,0,1,0,0,1.0,0,0,0,10,1,0,0,,1,39 57:27.000,3.0,0,75 08:48.120,0,0,0,0,67301,0,0,0,N,0,0,0,3,68K01,0,,1,1,,N,N,,1,,0,0,0,0,0,N,1059,0,2,0,0,0,0,0,3,4,0,2,3,,N,,,,,,,,,,,
2009049874,1651.0,1,0,0,0,0,0,0,0,0,8,0,,67,4,2009,6,39.9939,-75.1295,1641.0,6,0,0,0,0,0,0,0,0,,0,0,0,21,3,1,0,,0,39 59:37.917,,0,75 07:46.106,4,0,0,0,67301,1,0,0,,1,0,0,2,67301,1,,1,1,,,,,0,,0,0,0,0,0,,2140,1,2,0,0,1,0,0,3,4,0,1,3,,N,,,,,,,,,,,
2009063838,9999.0,1,0,0,0,0,0,0,0,0,8,0,,67,4,2009,6,39.9893,-75.1555,614.0,6,0,0,0,0,0,0,0,1,,0,0,0,99,4,1,1,,0,39 59:21.706,,0,75 09:20.126,3,0,0,0,67301,1,0,0,,1,0,0,2,67301,0,,1,1,,,,,0,,1,0,0,3,2,,9999,1,2,0,0,0,0,0,3,4,0,1,3,,N,,,,,,,,,,,
2009063798,1514.0,1,0,0,0,0,0,0,0,0,1,0,,67,5,2009,4,40.0326,-75.087,1510.0,6,0,0,0,0,0,0,0,0,1.0,0,0,0,15,1,1,2,,1,40 01:57.378,1.0,0,75 05:13.214,8,0,0,1,67301,0,0,0,N,0,0,0,2,67301,0,,1,1,,N,Y,,0,,0,0,0,0,0,N,1509,1,2,0,0,0,1,0,3,4,0,2,3,,N,,,,,,,,,,,
2009063885,1812.0,1,0,0,0,0,0,0,0,0,8,0,,67,5,2009,2,39.9891,-75.1415,1810.0,6,0,0,1,0,0,0,0,0,1.0,0,0,0,18,1,1,1,,2,39 59:20.749,3.0,0,75 08:29.540,4,0,0,0,67301,1,0,0,N,1,0,0,2,67301,1,,1,1,,N,N,,0,,0,0,0,3,3,Y,1803,1,2,0,0,0,0,0,3,4,0,1,3,,N,,,,,,,,,,,