CRN,ARRIVAL_TM,AUTOMOBILE_COUNT,BELTED_DEATH_COUNT,BELTED_SUSP_SERIOUS_INJ_COUNT,BICYCLE_COUNT,BICYCLE_DEATH_COUNT,BICYCLE_SUSP_SERIOUS_INJ_COUNT,BUS_COUNT,CHLDPAS_DEATH_COUNT,CHLDPAS_SUSP_SERIOUS_INJ_COUNT,COLLISION_TYPE,COMM_VEH_COUNT,CONS_ZONE_SPD_LIM,COUNTY,CRASH_MONTH,CRASH_YEAR,DAY_OF_WEEK,DEC_LAT,DEC_LONG,DISPATCH_TM,DISTRICT,DRIVER_COUNT_16YR,DRIVER_COUNT_17YR,DRIVER_COUNT_18YR,DRIVER_COUNT_19YR,DRIVER_COUNT_20YR,DRIVER_COUNT_50_64YR,DRIVER_COUNT_65_74YR,DRIVER_COUNT_75PLUS,EST_HRS_CLOSED,FATAL_COUNT,HEAVY_TRUCK_COUNT,HORSE_BUGGY_COUNT,HOUR_OF_DAY,ILLUMINATION,INJURY_COUNT,INTERSECT_TYPE,INTERSECTION_RELATED,LANE_CLOSED,LATITUDE,LN_CLOSE_DIR,LOCATION_TYPE,LONGITUDE,MAX_SEVERITY_LEVEL,MCYCLE_DEATH_COUNT,MCYCLE_SUSP_SERIOUS_INJ_COUNT,MOTORCYCLE_COUNT,MUNICIPALITY,NONMOTR_COUNT,NONMOTR_DEATH_COUNT,NONMOTR_SUSP_SERIOUS_INJ_COUNT,NTFY_HIWY_MAINT,PED_COUNT,PED_DEATH_COUNT,PED_SUSP_SERIOUS_INJ_COUNT,PERSON_COUNT,POLICE_AGCY,POSSIBLE_INJ_COUNT,RDWY_SURF_TYPE_CD,RELATION_TO_ROAD,ROAD_CONDITION,ROADWAY_CLEARED,SCH_BUS_IND,SCH_ZONE_IND,SECONDARY_CRASH,SMALL_TRUCK_COUNT,SPEC_JURIS_CD,SUSP_MINOR_INJ_COUNT,SUSP_SERIOUS_INJ_COUNT,SUV_COUNT,TCD_FUNC_CD,TCD_TYPE,TFC_DETOUR_IND,TIME_OF_DAY,TOT_INJ_COUNT,TOTAL_UNITS,UNB_DEATH_COUNT,UNB_SUSP_SERIOUS_INJ_COUNT,UNBELTED_OCC_COUNT,UNK_INJ_DEG_COUNT,UNK_INJ_PER_COUNT,URBAN_AREA,URBAN_RURAL,VAN_COUNT,VEHICLE_COUNT,WEATHER1,WEATHER2,WORK_ZONE_IND,WORK_ZONE_LOC,WORK_ZONE_TYPE,WORKERS_PRES,WZ_CLOSE_DETOUR,WZ_FLAGGER,WZ_LAW_OFFCR_IND,WZ_LN_CLOSURE,WZ_MOVING,WZ_OTHER,WZ_SHLDER_MDN,WZ_WORKERS_INJ_KILLED
2009063912,2350.0,1,0,0,0,0,0,0,0,0,2,0,,67,5,2009,3,39.9519,-75.1723,2350.0,6,0,0,0,0,0,0,0,0,,0,0,0,23,3,0,0,,0,39 57:06.879,,0,75 10:20.381,0,0,0,0,67301,0,0,0,N,0,0,0,1,67301,0,,6,1,,N,N,,1,,0,0,1,0,0,,2349,0,3,0,0,0,0,0,3,4,0,3,3,,N,,,,,,,,,,,
2009056494,1800.0,2,0,0,0,0,0,0,0,0,4,0,,67,4,2009,3,40.073,-75.1717,1755.0,6,0,0,0,0,0,0,1,0,,0,0,0,17,1,0,1,,0,40 04:22.861,,0,75 10:18.245,0,0,0,0,67301,0,0,0,N,0,0,0,3,67301,0,,1,1,,N,N,,0,,0,0,0,3,3,,1754,0,2,0,0,0,0,0,3,4,0,2,3,,N,,,,,,,,,,,
2009120289,1139.0,0,0,0,0,0,0,0,0,0,8,0,,67,10,2009,7,39.9774,-75.1828,1138.0,6,0,0,0,0,0,0,0,0,,0,0,0,11,1,1,0,,0,39 58:38.692,,0,75 10:58.251,4,0,0,0,67301,1,0,0,N,1,0,0,2,67301,1,,1,9,,N,N,,1,,0,0,0,0,0,,1137,1,2,0,0,0,0,0,3,4,0,1,7,,N,,,,,,,,,,,
2009036468,1804.0,2,0,0,0,0,0,0,0,0,1,0,,67,3,2009,7,39.958,-75.1631,1750.0,6,0,0,0,0,0,0,0,0,,0,0,0,17,1,0,0,,0,39 57:28.947,,0,75 09:47.381,0,0,0,0,67301,0,0,0,N,0,0,0,5,68K01,0,,1,1,,N,N,,0,,0,0,1,0,0,,1746,0,3,0,0,0,0,0,3,4,0,3,3,,N,,,,,,,,,,,
2009036660,1426.0,1,0,0,0,0,0,0,0,0,7,0,,67,3,2009,1,39.9932,-75.1194,1425.0,6,0,0,0,0,0,0,0,0,1.0,0,0,0,14,1,2,0,,1,39 59:35.484,2.0,0,75 07:09.890,2,0,0,0,67301,0,0,0,N,0,0,0,3,67301,0,,5,1,,N,N,,0,,1,1,0,0,0,N,1425,2,1,0,0,0,0,0,3,4,0,1,3,,N,,,,,,,,,,,
2009044412,1631.0,2,0,0,0,0,0,0,0,0,6,0,,67,3,2009,3,40.0561,-75.1529,1609.0,6,0,0,0,0,0,0,1,0,,0,0,0,16,1,1,1,,0,40 03:22.017,,0,75 09:10.483,8,0,0,0,67301,0,0,0,,0,0,0,2,67301,0,,1,1,,N,N,,0,,0,0,0,3,2,,1609,1,2,0,0,0,1,0,3,4,0,2,3,,N,,,,,,,,,,,
2009037478,1445.0,1,0,0,0,0,0,0,0,0,5,0,,67,2,2009,3,39.9131,-75.2433,1430.0,6,0,0,0,0,0,0,0,0,,0,0,0,14,1,0,5,,0,39 54:47.100,,0,75 14:35.859,0,0,0,0,67301,0,0,0,,0,0,0,3,67301,0,,1,9,,,,,0,,0,0,1,3,2,,1415,0,2,0,0,0,0,0,3,4,0,2,10,,N,,,,,,,,,,,
2009037502,1830.0,1,0,0,0,0,0,0,0,0,8,0,,67,2,2009,4,39.9663,-75.2167,1830.0,6,0,0,0,0,0,0,0,0,,0,0,0,99,1,1,1,,0,39 57:58.791,,0,75 13:00.094,8,0,0,0,67301,1,0,0,N,1,0,0,2,67301,0,,1,1,,N,N,,0,,0,0,0,3,2,,9999,1,2,0,0,0,1,0,3,4,0,1,3,,N,,,,,,,,,,,
2009039377,1030.0,3,0,0,0,0,0,0,0,0,4,0,,67,2,2009,5,40.0436,-75.1734,1027.0,6,0,0,0,0,0,0,0,0,,0,0,0,10,1,1,1,,0,40 02:37.039,,0,75 10:24.124,4,0,0,0,67301,0,0,0,,0,0,0,2,67301,1,,1,1,,N,N,,0,,0,0,0,9,3,,1000,1,3,0,0,2,0,0,3,4,0,3,3,,N,,,,,,,,,,,
2009049784,5.0,0,0,0,0,0,0,0,0,0,4,0,,67,3,2009,7,39.9701,-75.1597,0.0,6,0,0,0,1,0,0,0,0,2.0,0,0,0,0,3,2,0,,1,39 58:12.425,1.0,0,75 09:34.773,3,0,0,0,67301,0,0,0,,0,0,0,4,67301,1,,1,9,,,,,0,,1,0,2,0,0,Y,0,2,2,0,0,0,0,0,3,4,0,2,7,,N,,,,,,,,,,,
2009037374,800.0,0,0,0,1,0,0,0,0,0,4,0,,67,3,2009,5,40.0702,-75.0149,752.0,6,0,0,0,0,0,1,0,0,,0,0,0,7,1,1,0,,0,40 04:12.831,,0,75 00:53.636,8,0,0,0,67301,1,0,0,N,0,0,0,3,67301,0,,1,1,,N,N,,0,,0,0,1,0,0,,750,1,2,0,0,0,1,0,3,4,0,1,3,,N,,,,,,,,,,,
2009049645,1110.0,0,0,0,0,0,0,0,0,0,1,0,,67,4,2009,5,40.0536,-75.0085,1106.0,6,0,0,0,0,0,2,0,0,,0,0,0,11,1,1,1,,0,40 03:12.920,,0,75 00:30.638,8,0,0,0,67301,0,0,0,N,0,0,0,4,67301,0,,1,1,,N,N,,0,,0,0,2,3,2,,1103,1,3,0,0,0,1,0,3,4,1,3,3,,N,,,,,,,,,,,
2009049649,1023.0,0,0,0,0,0,0,0,0,0,0,0,,67,3,2009,5,,,1021.0,6,0,0,0,0,0,0,0,0,1.0,0,0,0,10,1,1,0,,2,,1.0,0,,4,0,0,0,67301,0,0,0,N,0,0,0,1,67301,1,,1,9,,N,N,,0,,0,0,1,0,0,Y,1021,1,1,0,0,0,0,0,3,3,0,1,99,,N,,,,,,,,,,,
2009034469,1946.0,1,0,0,0,0,0,0,0,0,7,0,,67,3,2009,3,39.9717,-75.1228,1938.0,6,0,0,0,0,0,0,1,0,,0,0,0,19,3,2,0,,0,39 58:22.080,,0,75 07:16.680,4,0,0,0,67301,0,0,0,N,0,0,0,4,68K01,2,,2,1,,N,N,,0,,0,0,0,0,0,,1935,2,1,0,0,0,0,0,3,4,0,1,3,,N,,,,,,,,,,,
2009044427,1340.0,0,0,0,0,0,0,0,0,0,6,1,,67,3,2009,5,39.9688,-75.2454,1336.0,6,0,0,0,0,0,1,0,0,,0,1,0,13,1,1,1,,0,39 58:07.803,,0,75 14:43.549,4,0,0,0,67301,0,0,0,N,0,0,0,2,67301,1,,1,9,,N,N,,0,,0,0,1,0,0,,1336,1,2,0,0,0,0,0,3,4,0,2,3,,N,,,,,,,,,,,
2009044478,1310.0,2,0,0,0,0,0,0,0,0,6,0,,67,3,2009,4,40.0546,-75.125,1308.0,6,0,0,0,0,0,0,0,0,,0,0,0,13,1,1,1,,0,40 03:16.724,,0,75 07:29.999,4,0,0,0,67301,0,0,0,N,0,0,0,2,67301,1,,1,1,,N,N,,0,,0,0,0,3,2,,1307,1,2,0,0,0,0,0,3,4,0,2,3,,N,,,,,,,,,,,
2009044482,1436.0,2,0,0,0,0,0,0,0,0,4,0,,67,3,2009,3,40.0322,-75.144,1436.0,6,0,0,0,0,1,0,0,0,,0,0,0,14,1,2,2,,0,40 01:55.776,,0,75 08:38.342,4,0,0,0,67301,0,0,0,N,0,0,0,5,67301,2,,1,1,,N,N,,0,,0,0,0,3,3,,1420,2,2,0,0,0,0,0,3,4,0,2,3,,N,,,,,,,,,,,
2009124459,1844.0,1,0,0,0,0,0,0,0,0,2,0,,67,11,2009,4,40.0554,-75.0899,1843.0,6,0,0,0,0,0,1,0,0,,0,0,0,18,4,1,0,,0,40 03:19.483,,7,75 05:23.637,4,0,0,0,67301,0,0,0,N,0,0,0,2,67301,1,,1,1,,N,N,,0,,0,0,1,0,0,,1832,1,2,0,0,0,0,0,3,4,0,2,3,,N,,,,,,,,,,,
2009131704,1431.0,1,0,0,0,0,0,0,0,0,7,0,,67,12,2009,1,39.9799,-75.1066,1427.0,6,0,0,0,0,0,0,0,0,1.0,0,0,0,14,1,1,0,,2,39 58:49.529,2.0,0,75 06:17.444,4,0,0,0,67301,0,0,0,N,0,0,0,1,68K01,1,,4,9,,N,N,,0,,0,0,0,0,0,N,1421,1,1,0,0,0,0,0,3,4,0,1,7,,N,,,,,,,,,,,
2009097114,654.0,2,0,0,0,0,0,0,0,0,1,0,,67,8,2009,1,40.1144,-74.9881,649.0,6,0,0,0,0,0,1,0,0,,0,0,0,6,1,0,1,,0,40 06:51.788,,0,74 59:16.991,0,0,0,0,67301,0,0,0,,0,0,0,3,67301,0,,1,1,,,,,0,,0,0,0,3,2,,649,0,2,0,0,0,0,0,3,4,0,2,3,,N,,,,,,,,,,,
2009097177,2035.0,0,0,0,0,0,0,0,0,0,8,0,,67,9,2009,5,40.0017,-75.1663,2031.0,6,0,0,0,0,0,0,0,0,,0,0,0,20,3,1,0,,0,40 00:06.285,,0,75 09:58.521,8,0,0,1,67301,1,0,0,N,1,0,0,2,67301,0,,1,1,,N,N,,0,,0,0,0,0,0,,2025,1,2,0,0,0,1,0,3,4,0,1,3,,N,,,,,,,,,,,
2009054901,1910.0,1,0,0,0,0,0,0,0,0,0,0,,67,2,2009,2,40.0225,-75.0742,1709.0,6,0,0,0,0,0,0,0,0,,0,0,0,17,3,1,1,,0,40 01:20.859,,0,75 04:27.015,4,0,0,0,67301,0,0,0,N,0,0,0,2,67301,1,,1,1,,N,N,,0,,0,0,0,0,0,,1704,1,1,0,0,0,0,0,3,4,0,1,3,,N,,,,,,,,,,,
2009054908,1128.0,1,0,0,0,0,0,0,0,0,1,1,,67,4,2009,5,40.0565,-75.0464,1121.0,6,0,0,0,0,1,1,0,0,2.0,0,1,0,11,1,3,1,,1,40 03:23.346,1.0,0,75 02:47.047,4,0,0,0,67301,0,0,0,N,0,0,0,5,67301,2,,1,1,,N,N,,0,,0,0,0,3,2,N,1110,3,2,0,0,0,1,0,3,4,0,2,3,,N,,,,,,,,,,,
2009060267,1701.0,0,0,0,0,0,0,0,0,0,2,0,,67,4,2009,6,39.9383,-75.1987,1656.0,6,0,0,0,1,0,0,0,0,,0,0,0,16,1,1,1,,0,39 56:17.010,,0,75 11:55.632,8,0,0,0,67301,0,0,0,,0,0,0,3,67301,0,,1,1,,N,N,,0,,0,0,3,3,2,,1640,1,3,0,0,0,1,0,3,4,0,3,3,,N,,,,,,,,,,,
2009083763,1132.0,1,0,0,0,0,0,0,0,0,1,0,,67,7,2009,5,39.9958,-75.1692,1130.0,6,0,0,0,0,0,1,0,0,,0,0,0,11,1,1,1,,0,39 59:44.993,,0,75 10:09.172,4,0,0,0,67301,0,0,0,N,0,0,0,2,67301,1,,1,1,,N,N,,0,,0,0,0,3,9,,1125,1,2,0,0,2,0,0,3,4,1,2,3,,N,,,,,,,,,,,
2009083837,1725.0,1,0,0,0,0,0,0,0,0,2,0,,67,7,2009,7,40.0265,-75.0975,1711.0,6,0,0,0,0,0,1,0,0,,0,0,0,17,1,1,5,,0,40 01:36.580,,0,75 05:52.985,4,0,0,0,67301,0,0,0,N,0,0,0,2,67301,1,,1,1,,N,N,,0,,0,0,1,3,2,,1711,1,2,0,0,0,0,0,3,4,0,2,3,,N,,,,,,,,,,,
2009065419,2235.0,1,0,0,0,0,0,0,0,0,4,0,,67,5,2009,7,39.9937,-75.1399,2230.0,6,0,0,0,0,0,0,1,0,,0,0,0,22,3,2,1,,0,39 59:37.298,,0,75 08:23.510,4,0,0,0,67301,0,0,0,,0,0,0,3,67301,2,,1,1,,N,N,,0,,0,0,0,3,2,,2225,2,2,0,0,0,0,1,3,4,1,2,3,,N,,,,,,,,,,,
2009120599,1016.0,2,0,0,0,0,0,0,0,0,4,0,,67,10,2009,3,39.983,-75.2484,1014.0,6,0,0,0,0,0,0,1,0,,0,0,0,9,1,1,1,,0,39 58:58.728,,0,75 14:54.135,4,0,0,0,67301,0,0,0,,0,0,0,2,67301,1,,1,9,,,,,0,,0,0,0,3,3,,950,1,2,0,0,0,0,0,3,4,0,2,7,,N,,,,,,,,,,,
2009120645,23.0,1,0,0,0,0,0,0,0,0,7,0,,67,11,2009,4,40.0744,-74.9847,23.0,6,0,0,0,0,0,0,0,0,,0,0,0,0,3,0,2,,0,40 04:27.663,,0,74 59:04.919,0,0,0,0,67301,0,0,0,N,0,0,0,1,67301,0,,4,1,,N,N,,0,,0,0,0,3,3,,22,0,1,0,0,0,0,0,3,4,0,1,3,,N,,,,,,,,,,,
2009080446,2205.0,2,0,0,0,0,0,0,0,0,5,0,,67,7,2009,7,39.9532,-75.1401,2200.0,6,0,0,0,0,0,0,0,0,,0,0,0,22,3,0,0,,0,39 57:11.398,,0,75 08:24.407,0,0,0,0,67301,0,0,0,,0,0,0,1,67301,0,,1,1,,,,,0,,0,0,1,0,0,,2205,0,3,0,0,0,0,0,3,4,0,3,3,,N,,,,,,,,,,,
2009116042,1840.0,2,0,0,0,0,0,0,0,0,4,0,,67,10,2009,7,40.0445,-75.1931,1830.0,6,0,0,0,0,0,1,0,0,,0,0,0,18,1,0,2,,0,40 02:40.301,,0,75 11:35.235,0,0,0,0,67301,0,0,0,N,0,0,0,2,67301,0,,1,1,,N,N,,0,,0,0,0,3,2,,1810,0,2,0,0,0,0,0,3,4,0,2,3,,N,,,,,,,,,,,
2009118961,2015.0,1,0,0,0,0,0,0,0,0,1,0,,67,10,2009,3,39.99,-75.118,2014.0,6,0,0,0,0,0,1,0,0,,0,0,0,19,3,1,0,,0,39 59:24.122,,0,75 07:04.706,4,0,0,0,67301,0,0,0,,0,0,0,2,67301,1,,1,9,,N,N,,0,,0,0,0,0,0,,1945,1,2,0,0,0,0,0,3,4,1,2,7,,N,,,,,,,,,,,
2009121056,1445.0,2,0,0,0,0,0,0,0,0,1,0,,67,11,2009,1,39.959,-75.1712,1437.0,6,0,0,0,0,0,1,0,0,1.0,0,0,0,14,1,0,0,,1,39 57:32.590,4.0,0,75 10:16.405,0,0,0,0,67301,0,0,0,N,0,0,0,2,68K01,0,,1,1,,N,N,,0,,0,0,0,0,0,N,1435,0,2,0,0,0,0,0,3,4,0,2,3,,N,,,,,,,,,,,
2009121098,2353.0,2,0,0,0,0,0,0,0,0,6,0,,67,10,2009,7,39.9421,-75.2117,2350.0,6,0,0,0,0,0,0,0,0,3.0,0,0,0,23,3,3,1,,2,39 56:31.392,7.0,0,75 12:42.187,4,0,0,0,67301,0,0,0,N,0,0,0,4,67301,3,,1,9,,N,N,,0,,0,0,0,3,2,Y,2349,3,2,0,0,0,0,0,3,4,0,2,7,,N,,,,,,,,,,,
2009120718,23.0,2,0,1,0,0,0,0,0,0,1,0,,67,11,2009,4,40.0086,-75.0835,19.0,6,0,0,0,0,0,0,0,0,,0,0,0,0,3,1,1,,0,40 00:30.590,,0,75 05:01.650,2,0,0,0,67301,0,0,0,N,0,0,0,3,67301,0,,1,1,,N,N,,0,,0,1,0,3,2,,0,1,2,0,0,1,0,0,3,4,0,2,3,,N,,,,,,,,,,,
2009120740,1740.0,2,0,0,0,0,0,0,0,0,4,0,,67,10,2009,1,40.0317,-75.0841,1731.0,6,0,0,1,0,0,0,0,0,1.0,0,0,0,17,1,1,5,,1,40 01:54.059,1.0,0,75 05:01.805,4,0,0,0,67301,0,0,0,N,0,0,0,2,67301,1,,1,1,,N,,,0,,0,0,0,3,2,N,1729,1,2,0,0,0,0,0,3,4,0,2,3,,N,,,,,,,,,,,
2009015986,529.0,0,0,0,0,0,0,0,0,0,7,0,,67,2,2009,4,39.9684,-75.1294,519.0,6,0,0,0,0,0,0,0,0,,0,0,0,5,3,0,0,,0,39 58:06.053,,0,75 07:46.815,0,0,0,0,67301,0,0,0,N,0,0,0,2,68K01,0,,2,6,,N,N,,0,,0,0,1,0,0,,517,0,1,0,0,0,0,0,3,4,0,1,10,,N,,,,,,,,,,,
2009049862,2251.0,2,0,0,0,0,0,0,0,0,1,0,,67,3,2009,1,40.0102,-75.0892,2250.0,6,0,0,0,0,0,1,0,0,,0,0,0,22,3,1,1,,0,40 00:36.720,,0,75 05:21.120,4,0,0,0,67301,0,0,0,,0,0,0,6,67301,1,,1,1,,,,,1,,0,0,0,3,2,,2245,1,3,0,0,0,0,2,3,4,0,3,3,,N,,,,,,,,,,,
2009063867,930.0,1,0,0,0,0,0,0,0,0,7,0,,67,5,2009,5,39.9959,-75.1914,920.0,6,0,0,0,0,0,0,0,0,,0,0,0,9,1,1,10,,0,39 59:45.078,,0,75 11:29.189,4,0,0,0,67301,0,0,0,N,0,0,0,1,67301,1,,2,1,,N,N,,0,,0,0,0,0,0,,915,1,1,0,0,0,0,0,3,4,0,1,3,,N,,,,,,,,,,,
2009058707,1538.0,2,0,0,0,0,0,0,0,0,4,0,,67,4,2009,3,40.0223,-75.1663,534.0,6,0,0,0,0,0,0,0,0,1.0,0,0,0,15,1,1,2,,1,40 01:20.139,2.0,0,75 09:58.615,3,0,0,0,67301,0,0,0,,0,0,0,2,67301,0,,1,1,,N,N,,0,,1,0,0,0,0,Y,1524,1,2,0,0,0,0,0,3,4,0,2,3,,N,,,,,,,,,,,
2009063882,1430.0,1,0,0,0,0,0,0,0,0,4,1,,67,5,2009,6,39.9737,-75.1418,1414.0,6,0,0,0,0,0,0,0,0,,0,1,0,14,1,2,2,,0,39 58:25.287,,0,75 08:30.357,4,0,0,0,67301,0,0,0,,0,0,0,3,67301,2,,1,1,,N,N,,0,,0,0,0,0,0,,1400,2,2,0,0,2,0,0,3,4,0,2,3,,N,,,,,,,,,,,
2009056495,1525.0,2,0,0,0,0,0,0,0,0,4,0,,67,5,2009,2,40.0488,-75.1661,1515.0,6,0,0,0,0,0,1,0,0,,0,0,0,3,6,1,1,,0,40 02:55.770,,0,75 09:57.837,4,0,0,0,67301,0,0,0,N,0,0,0,2,67301,1,,1,9,,N,N,,0,,0,0,0,9,3,,313,1,2,0,0,0,0,0,3,4,0,2,7,,N,,,,,,,,,,,
2009054039,2348.0,2,0,0,0,0,0,0,0,0,4,0,,67,4,2009,3,40.1044,-75.0022,2348.0,6,0,0,0,0,0,1,0,0,,0,0,0,23,3,1,5,,0,40 06:15.856,,6,75 00:07.966,8,0,0,0,67301,0,0,0,,0,0,0,3,67301,0,,1,9,,N,N,,0,,0,0,0,3,2,,2346,1,2,0,0,0,1,0,3,4,0,2,7,,N,,,,,,,,,,,
2009056552,2138.0,1,0,0,0,0,0,0,0,0,8,0,,67,5,2009,3,39.9324,-75.1831,2135.0,6,0,0,0,0,0,0,0,0,,0,0,0,21,3,1,1,,0,39 55:56.560,,0,75 10:59.073,4,0,0,0,67301,1,0,0,,1,0,0,2,67301,1,,1,9,,N,N,,0,,0,0,0,3,3,,2133,1,2,0,0,0,0,0,3,4,0,1,7,,N,,,,,,,,,,,
2009056568,1715.0,3,0,0,0,0,0,0,0,0,3,0,,67,4,2009,2,40.0445,-75.1931,1706.0,6,0,0,0,0,0,1,1,0,1.0,0,0,0,16,1,1,1,,1,40 02:40.301,3.0,0,75 11:35.235,4,0,0,0,67301,0,0,0,N,0,0,0,5,67301,1,,1,1,,N,N,,0,,0,0,0,3,2,N,1628,1,3,0,0,0,0,0,3,4,0,3,3,,N,,,,,,,,,,,
2009037496,642.0,2,0,0,0,0,0,0,0,0,1,0,,67,2,2009,3,40.0256,-75.1223,639.0,6,0,0,0,0,0,1,0,0,,0,0,0,6,1,1,1,,0,40 01:28.178,,0,75 07:45.698,8,0,0,0,67301,0,0,0,,0,0,0,2,67301,0,,1,1,,,,,0,,0,0,0,3,2,,637,1,2,0,0,0,1,0,3,4,0,2,3,,N,,,,,,,,,,,
2009037541,1556.0,1,0,0,0,0,0,0,0,0,8,0,,67,2,2009,1,39.9541,-75.2025,1554.0,6,0,0,0,0,0,0,0,0,,0,0,0,15,1,1,1,,0,39 57:14.818,,0,75 12:08.994,4,0,0,0,67301,1,0,0,N,1,0,0,3,67301,1,,1,1,,N,N,,0,,0,0,0,3,2,,1554,1,2,0,0,0,0,0,3,4,0,1,3,,N,,,,,,,,,,,
2009044531,1433.0,1,0,0,0,0,0,0,0,0,6,0,,67,2,2009,6,39.9932,-75.1492,1401.0,6,0,0,0,0,0,0,0,0,,0,0,0,14,1,2,1,,0,39 59:35.692,,0,75 08:57.226,4,0,0,0,67301,0,0,0,N,0,0,0,3,67301,2,,1,1,,N,N,,0,,0,0,0,3,2,,1400,2,2,0,0,0,0,0,3,4,1,2,3,,N,,,,,,,,,,,
2009044532,1315.0,1,0,0,0,0,0,0,0,0,5,0,,67,3,2009,4,39.9491,-75.162,1310.0,6,0,0,0,0,0,0,0,0,,0,0,0,10,1,1,1,,0,39 56:56.645,,0,75 09:43.309,3,0,0,0,67301,0,0,0,,0,0,0,2,67301,0,,1,1,,,,,1,,1,0,0,3,2,,1030,1,2,0,0,2,0,0,3,4,0,2,3,,N,,,,,,,,,,,
2009039401,1245.0,1,0,0,0,0,0,0,0,0,1,0,,67,2,2009,2,40.0573,-75.0458,1242.0,6,0,0,0,0,0,0,0,0,1.0,0,0,0,12,1,1,0,,1,40 03:10.359,1.0,0,75 03:00.768,4,0,0,0,67301,0,0,0,N,0,0,0,2,67301,1,,1,1,,N,N,,0,,0,0,1,0,0,N,1240,1,2,0,0,0,0,0,3,4,0,2,3,,N,,,,,,,,,,,
2009037409,1117.0,3,0,0,0,0,0,0,0,0,1,0,,67,2,2009,7,39.9537,-75.2405,1115.0,6,0,1,0,0,0,0,0,0,,0,0,0,11,1,0,1,,0,39 57:13.478,,0,75 14:25.709,0,0,0,0,67301,0,0,0,N,0,0,0,2,67301,0,,1,1,,N,N,,1,,0,0,1,3,2,,1110,0,5,0,0,0,0,0,3,4,0,5,3,,N,,,,,,,,,,,
2009029762,845.0,2,0,0,0,0,0,0,0,0,4,0,,67,2,2009,6,39.9259,-75.1681,845.0,6,0,0,0,0,0,1,0,0,,0,0,0,8,1,1,3,,0,39 55:33.279,,0,75 10:05.293,4,0,0,0,67301,1,0,0,,0,0,0,2,67301,1,,1,2,,,,,0,,0,0,0,0,0,,845,1,2,0,0,0,0,0,3,4,0,2,3,,N,,,,,,,,,,,
2009037342,2346.0,1,0,0,0,0,0,0,0,0,4,0,,67,3,2009,7,40.0599,-75.0184,2336.0,6,0,0,0,0,0,0,0,0,,0,0,0,23,3,2,1,,0,40 03:35.734,,0,75 01:06.209,4,0,0,0,67301,0,0,0,,0,0,0,4,67301,2,,1,9,,,,,0,,0,0,0,0,0,,2336,2,2,0,0,1,0,0,3,4,1,2,3,,N,,,,,,,,,,,
2009037429,226.0,2,0,0,0,0,0,0,0,0,5,0,,67,2,2009,7,39.9273,-75.2315,2224.0,6,0,0,0,0,0,0,0,0,,0,0,0,2,3,0,0,,0,39 55:38.137,,0,75 13:53.373,0,0,0,0,67301,1,0,0,,0,0,0,2,67301,0,,1,1,,,,,0,,0,0,0,0,0,,224,0,2,0,0,1,0,0,3,4,0,2,3,,N,,,,,,,,,,,
2009037453,1720.0,2,0,0,0,0,0,0,0,0,5,0,,67,2,2009,5,40.0235,-75.1335,1756.0,6,0,0,0,0,0,2,0,0,1.0,0,0,0,17,1,1,1,,1,40 01:26.988,4.0,0,75 07:59.257,4,0,0,0,67301,0,0,0,N,0,0,0,3,67301,1,,1,1,,N,N,,0,,0,0,0,3,2,N,1712,1,2,0,0,0,0,0,3,4,0,2,3,,N,,,,,,,,,,,
2009039257,1656.0,1,0,0,0,0,0,0,0,0,7,0,,67,2,2009,5,39.9673,-75.266,1654.0,6,0,1,0,0,0,0,0,0,,0,0,0,16,1,1,0,,0,39 58:02.370,,0,75 15:57.643,8,0,0,0,67301,0,0,0,,0,0,0,1,67301,0,,5,1,,N,N,,0,,0,0,0,0,0,,1642,1,1,0,0,0,1,0,3,4,0,1,3,,N,,,,,,,,,,,
2009026887,350.0,2,0,0,0,0,0,0,0,0,1,0,,67,1,2009,5,40.0369,-75.0798,335.0,6,0,0,0,0,0,0,0,0,,0,0,0,3,3,4,1,,0,40 02:13.179,,0,75 04:47.311,4,0,0,0,67301,0,0,0,,0,0,0,5,67301,4,,1,1,,,,,0,,0,0,0,9,2,,311,4,2,0,0,0,0,0,3,4,0,2,3,,N,,,,,,,,,,,
2009036954,1332.0,1,0,0,0,0,0,0,0,0,8,0,,67,3,2009,7,39.9416,-75.1794,1329.0,6,0,0,0,0,0,0,0,0,,0,0,0,13,1,1,0,,0,39 56:29.756,,0,75 10:45.721,4,0,0,0,67301,1,0,0,N,1,0,0,2,67301,1,,1,1,,N,N,,0,,0,0,0,0,0,,1329,1,2,0,0,1,0,0,3,4,0,1,3,,N,,,,,,,,,,,
2009044417,1445.0,1,0,0,0,0,0,0,0,0,5,0,,67,3,2009,5,39.9831,-75.1199,1445.0,6,0,0,0,0,0,1,0,0,,0,0,0,14,1,0,0,,0,39 58:59.160,,0,75 07:11.658,9,0,0,0,67301,0,0,0,N,0,0,0,1,67301,0,,3,1,,N,N,,0,,0,0,1,0,0,,1438,0,2,0,0,0,0,1,3,4,0,2,3,,N,,,,,,,,,,,
2009044450,2326.0,1,0,0,0,0,0,0,0,0,8,0,,67,3,2009,6,39.9345,-75.2217,2325.0,6,0,0,0,0,0,0,0,0,,0,0,0,23,3,1,1,,0,39 56:04.178,,0,75 13:18.249,3,0,0,0,67301,1,0,0,,1,0,0,2,67301,0,,1,1,,,,,0,,1,0,0,3,2,,2324,1,2,0,0,0,0,0,3,4,0,1,3,,N,,,,,,,,,,,