CRN,ARRIVAL_TM,AUTOMOBILE_COUNT,BELTED_DEATH_COUNT,BELTED_SUSP_SERIOUS_INJ_COUNT,BICYCLE_COUNT,BICYCLE_DEATH_COUNT,BICYCLE_SUSP_SERIOUS_INJ_COUNT,BUS_COUNT,CHLDPAS_DEATH_COUNT,CHLDPAS_SUSP_SERIOUS_INJ_COUNT,COLLISION_TYPE,COMM_VEH_COUNT,CONS_ZONE_SPD_LIM,COUNTY,CRASH_MONTH,CRASH_YEAR,DAY_OF_WEEK,DEC_LAT,DEC_LONG,DISPATCH_TM,DISTRICT,DRIVER_COUNT_16YR,DRIVER_COUNT_17YR,DRIVER_COUNT_18YR,DRIVER_COUNT_19YR,DRIVER_COUNT_20YR,DRIVER_COUNT_50_64YR,DRIVER_COUNT_65_74YR,DRIVER_COUNT_75PLUS,EST_HRS_CLOSED,FATAL_COUNT,HEAVY_TRUCK_COUNT,HORSE_BUGGY_COUNT,HOUR_OF_DAY,ILLUMINATION,INJURY_COUNT,INTERSECT_TYPE,INTERSECTION_RELATED,LANE_CLOSED,LATITUDE,LN_CLOSE_DIR,LOCATION_TYPE,LONGITUDE,MAX_SEVERITY_LEVEL,MCYCLE_DEATH_COUNT,MCYCLE_SUSP_SERIOUS_INJ_COUNT,MOTORCYCLE_COUNT,MUNICIPALITY,NONMOTR_COUNT,NONMOTR_DEATH_COUNT,NONMOTR_SUSP_SERIOUS_INJ_COUNT,NTFY_HIWY_MAINT,PED_COUNT,PED_DEATH_COUNT,PED_SUSP_SERIOUS_INJ_COUNT,PERSON_COUNT,POLICE_AGCY,POSSIBLE_INJ_COUNT,RDWY_SURF_TYPE_CD,RELATION_TO_ROAD,ROAD_CONDITION,ROADWAY_CLEARED,SCH_BUS_IND,SCH_ZONE_IND,SECONDARY_CRASH,SMALL_TRUCK_COUNT,SPEC_JURIS_CD,SUSP_MINOR_INJ_COUNT,SUSP_SERIOUS_INJ_COUNT,SUV_COUNT,TCD_FUNC_CD,TCD_TYPE,TFC_DETOUR_IND,TIME_OF_DAY,TOT_INJ_COUNT,TOTAL_UNITS,UNB_DEATH_COUNT,UNB_SUSP_SERIOUS_INJ_COUNT,UNBELTED_OCC_COUNT,UNK_INJ_DEG_COUNT,UNK_INJ_PER_COUNT,URBAN_AREA,URBAN_RURAL,VAN_COUNT,VEHICLE_COUNT,WEATHER1,WEATHER2,WORK_ZONE_IND,WORK_ZONE_LOC,WORK_ZONE_TYPE,WORKERS_PRES,WZ_CLOSE_DETOUR,WZ_FLAGGER,WZ_LAW_OFFCR_IND,WZ_LN_CLOSURE,WZ_MOVING,WZ_OTHER,WZ_SHLDER_MDN,WZ_WORKERS_INJ_KILLED
2009131676,58.0,1,0,0,0,0,0,0,0,0,5,0,,67,11,2009,1,40.0235,-75.0331,50.0,6,0,0,0,0,0,1,0,0,1.0,0,0,0,0,3,0,0,,1,40 01:24.763,1.0,0,75 01:59.374,0,0,0,0,67301,0,0,0,N,0,0,0,1,68K01,0,,2,1,,N,N,,0,,0,0,1,0,0,N,48,0,2,0,0,0,0,0,3,4,0,2,3,,N,,,,,,,,,,,
2009097139,1435.0,2,0,0,0,0,0,0,0,0,4,0,,67,9,2009,1,40.001,-75.1001,1430.0,6,0,0,0,0,0,1,0,0,1.0,0,0,0,14,1,2,1,,2,40 00:03.453,1.0,0,75 06:00.194,4,0,0,0,67301,0,0,0,N,0,0,0,4,67301,1,,1,1,,N,N,,0,,0,0,0,3,2,N,1428,2,2,0,0,0,1,0,3,4,0,2,3,,N,,,,,,,,,,,
2009097141,835.0,2,0,0,0,0,0,0,0,0,4,0,,67,8,2009,6,39.9705,-75.2462,831.0,6,0,0,0,0,0,0,0,0,,0,0,0,8,1,2,1,,0,39 58:13.789,,0,75 14:46.492,4,0,0,0,67301,0,0,0,N,0,0,0,6,67301,2,,1,9,,N,N,,0,,0,0,0,3,3,,826,2,2,0,0,0,0,4,3,4,0,2,3,,N,,,,,,,,,,,
2009081069,1200.0,2,0,0,0,0,0,0,0,0,1,0,,67,7,2009,3,39.9592,-75.1807,1155.0,6,0,0,0,0,0,1,0,0,,0,0,0,11,1,1,0,,0,39 57:37.080,,0,75 10:54.120,4,0,0,0,67301,0,0,0,N,0,0,0,2,68K01,1,,1,1,,N,N,,0,,0,0,0,0,0,,1153,1,2,0,0,0,0,0,3,4,0,2,3,,N,,,,,,,,,,,
2009121897,1513.0,0,0,0,0,0,0,0,0,0,1,0,,67,11,2009,2,40.0123,-75.0596,1512.0,6,0,0,0,0,0,0,0,0,,0,0,0,15,1,1,0,,0,40 00:44.199,,0,75 03:35.069,8,0,0,0,67301,0,0,0,N,0,0,0,2,68K01,0,,1,9,,N,N,,0,,0,0,1,0,0,,1503,1,2,0,0,0,1,0,3,4,1,2,7,,N,,,,,,,,,,,
2009124427,1625.0,1,0,0,0,0,0,0,0,0,5,0,,67,11,2009,2,39.9526,-75.1565,1624.0,6,0,0,0,0,0,0,0,0,,0,0,0,16,1,1,1,,0,39 57:09.230,,0,75 09:23.425,4,0,0,0,67301,1,0,0,N,1,0,0,2,67301,1,,1,1,,N,N,,0,,0,0,0,3,3,,1603,1,2,0,0,1,0,0,3,4,0,1,3,,N,,,,,,,,,,,
2009083732,230.0,1,0,0,0,0,0,0,0,0,8,0,,67,7,2009,5,39.9585,-75.2135,230.0,6,0,0,0,0,0,0,0,0,,0,0,0,2,6,2,0,,0,39 57:30.698,,0,75 12:48.659,8,0,0,0,67301,2,0,0,N,2,0,0,3,67301,0,,9,1,,N,N,,0,,0,0,0,0,0,,230,2,3,0,0,0,2,1,3,4,0,1,99,,N,,,,,,,,,,,
2009097267,1819.0,2,0,0,0,0,0,0,0,0,3,0,,67,9,2009,6,39.9321,-75.1713,1818.0,6,0,0,0,0,0,0,0,0,,0,0,0,99,1,2,1,,0,39 55:55.642,,0,75 10:16.759,4,0,0,0,67301,0,0,0,,0,0,0,3,67301,2,,1,1,,,,,0,,0,0,0,3,3,,9999,2,2,0,0,0,0,0,3,4,0,2,3,,N,,,,,,,,,,,
2009065448,738.0,1,0,0,0,0,0,0,0,0,1,0,,67,5,2009,5,40.0596,-75.0692,737.0,6,0,0,0,0,0,0,0,0,1.0,0,0,0,7,1,1,1,,1,40 03:34.628,2.0,0,75 04:09.170,4,0,0,0,67301,0,0,0,N,0,0,0,6,67301,1,,1,1,,N,N,,0,,0,0,1,9,2,N,735,1,3,0,0,0,0,0,3,4,1,3,3,,N,,,,,,,,,,,
2009120595,1825.0,1,0,0,0,0,0,0,0,0,1,0,,67,10,2009,2,39.9697,-75.1416,1820.0,6,0,0,0,0,0,0,0,0,,0,0,0,18,1,3,2,,0,39 58:10.977,,0,75 08:29.403,4,0,0,0,67301,0,0,0,N,0,0,0,4,67301,2,,1,1,,N,N,,1,,0,0,0,3,2,,1815,3,2,0,0,0,1,1,3,4,0,2,3,,N,,,,,,,,,,,
2009111422,906.0,2,0,0,0,0,0,0,0,0,1,0,,67,10,2009,6,40.1121,-74.9907,903.0,6,0,0,0,0,0,0,0,0,,0,0,0,9,1,0,1,,0,40 06:43.694,,0,74 59:26.387,0,0,0,0,67301,0,0,0,,0,0,0,2,67301,0,,1,1,,,,,0,,0,0,0,3,2,,903,0,2,0,0,0,0,0,3,4,0,2,3,,N,,,,,,,,,,,
2009119000,1759.0,1,0,0,0,0,0,0,0,0,8,0,,67,10,2009,6,40.0369,-75.1447,1751.0,6,0,0,0,0,0,0,0,0,,0,0,0,14,1,1,0,,0,40 02:12.931,,7,75 08:40.767,4,0,0,0,67301,2,0,0,N,2,0,0,3,67301,1,,1,9,,N,N,,0,,0,0,0,3,3,,1405,1,3,0,0,0,0,1,3,4,0,1,7,,N,,,,,,,,,,,
2009111084,1255.0,1,0,0,0,0,0,0,0,0,1,0,,67,10,2009,6,39.9688,-75.2454,1245.0,6,0,0,0,1,0,0,0,0,,0,0,0,12,1,1,1,,0,39 58:07.803,,0,75 14:43.549,8,0,0,0,67301,0,0,0,,0,0,0,3,67301,0,,1,1,,,,,0,,0,0,0,3,2,,1225,1,2,0,0,0,1,0,3,4,1,2,3,,N,,,,,,,,,,,
2009052260,915.0,2,0,0,0,0,0,0,0,0,4,0,,67,5,2009,6,40.0764,-75.195,912.0,6,0,0,0,0,0,0,1,0,1.0,0,0,0,9,1,1,1,,1,40 04:35.197,1.0,0,75 11:42.090,8,0,0,0,67301,0,0,0,N,0,0,0,3,46108,0,,1,1,,N,N,,0,,0,0,0,3,2,N,912,1,3,0,0,0,1,0,3,4,1,3,3,,N,,,,,,,,,,,
2009071392,850.0,1,0,0,0,0,0,0,0,0,6,0,,67,6,2009,3,40.0272,-75.1435,845.0,6,0,0,0,0,0,1,0,0,,0,0,0,7,1,0,1,,0,40 01:37.772,,0,75 08:36.473,0,0,0,0,67301,0,0,0,N,0,0,0,2,67301,0,,1,1,,N,N,,0,,0,0,1,0,0,,730,0,2,0,0,0,0,0,3,4,0,2,3,,N,,,,,,,,,,,
2009071393,1905.0,0,0,0,0,0,0,0,0,0,2,0,,67,6,2009,5,39.987,-75.1613,1856.0,6,0,0,0,0,0,0,0,0,,0,0,0,18,1,1,0,,0,39 59:13.035,,0,75 09:40.615,4,0,0,0,67301,0,0,0,,0,0,0,2,67301,1,,1,1,,,,,0,,0,0,1,0,0,,1850,1,2,0,0,0,0,0,3,4,0,2,3,,N,,,,,,,,,,,
2009071404,1551.0,1,0,0,0,0,0,0,0,0,8,0,,67,5,2009,7,40.0,-75.1118,1549.0,6,0,0,0,0,0,0,0,0,9.0,0,0,0,15,1,1,0,,2,40 00:00.104,4.0,0,75 06:42.537,8,0,0,0,67301,1,0,0,N,1,0,0,2,67301,0,,1,1,,N,N,,0,,0,0,0,0,0,Y,1548,1,2,0,0,0,1,0,3,4,0,1,3,,N,,,,,,,,,,,
2009071409,1720.0,2,0,0,0,0,0,0,0,0,4,0,,67,6,2009,3,39.9486,-75.2171,1717.0,6,0,0,0,0,0,0,0,0,,0,0,0,15,1,1,1,,0,39 56:55.004,,0,75 13:01.629,4,0,0,0,67301,0,0,0,N,0,0,0,2,67301,1,,1,1,,N,N,,0,,0,0,0,3,2,,1558,1,2,0,0,1,0,0,3,4,0,2,3,,N,,,,,,,,,,,
2009071412,1850.0,1,0,0,0,0,0,0,0,0,8,0,,67,5,2009,1,39.9953,-75.1385,1848.0,6,0,0,1,0,0,0,0,0,,0,0,0,99,1,1,0,,0,39 59:43.173,,0,75 08:18.614,3,0,0,0,67301,1,0,0,,1,0,0,3,67301,0,,1,1,,N,N,,0,,1,0,0,0,0,,9999,1,2,0,0,0,0,0,3,4,0,1,3,,N,,,,,,,,,,,
2009066435,320.0,1,0,0,0,0,0,0,0,0,0,0,,67,5,2009,1,39.9215,-75.1905,300.0,6,0,0,0,0,0,0,0,0,,0,0,0,2,3,0,0,,0,39 55:17.492,,1,75 11:25.757,0,0,0,0,67301,0,0,0,N,0,0,0,1,67301,0,,1,9,,N,N,,0,,0,0,0,0,0,,258,0,1,0,0,0,0,0,3,4,0,1,7,,N,,,,,,,,,,,
2009063785,1755.0,1,0,0,1,0,0,0,0,0,4,0,,67,5,2009,7,39.9273,-75.1448,1750.0,6,0,0,0,0,0,0,0,0,,0,0,0,17,1,1,1,,0,39 55:38.560,,0,75 08:41.182,4,0,0,0,67301,1,0,0,,0,0,0,2,67301,1,,1,1,,N,N,,0,,0,0,0,3,2,,1729,1,2,0,0,0,0,1,3,4,0,1,3,,N,,,,,,,,,,,
2009063825,211.0,1,0,0,0,0,0,0,0,0,5,0,,67,5,2009,7,40.0164,-75.0617,210.0,6,0,0,0,0,0,0,0,0,,0,0,0,2,3,1,0,,0,40 00:59.078,,0,75 03:42.014,4,0,0,0,67301,0,0,0,,0,0,0,2,67301,1,,1,1,,,,,1,,0,0,0,0,0,,210,1,2,0,0,0,0,0,3,4,0,2,3,,N,,,,,,,,,,,
2009066334,109.0,1,0,0,0,0,0,0,0,0,7,1,,67,6,2009,5,39.932,-75.1998,101.0,6,0,0,1,0,0,0,0,0,3.0,0,1,0,0,3,0,0,,1,39 55:57.148,4.0,0,75 12:00.098,0,0,0,0,67301,0,0,0,Y,0,0,0,3,68K01,0,,3,9,,N,N,,0,,0,0,0,0,0,N,57,0,2,0,0,0,0,0,3,4,0,2,7,,N,,,,,,,,,,,
2009063917,1832.0,1,0,0,0,0,0,0,0,0,8,0,,67,5,2009,3,39.9488,-75.1694,1827.0,6,0,0,0,0,0,0,0,0,,0,0,0,17,1,1,1,,0,39 56:55.712,,0,75 10:09.688,4,0,0,0,67301,1,0,0,N,1,0,0,2,67301,1,,1,1,,N,N,,0,,0,0,0,3,2,,1730,1,2,0,0,0,0,0,3,4,0,1,3,,N,,,,,,,,,,,
2009063920,1517.0,0,0,0,0,0,0,0,0,0,4,0,,67,5,2009,5,39.8954,-75.2335,1515.0,6,0,0,0,0,0,2,0,0,,0,0,0,15,1,2,2,,0,39 53:43.550,,0,75 14:00.600,8,0,0,0,67301,0,0,0,,0,0,0,3,67301,0,,1,1,,,,,1,,0,0,0,2,2,,1515,2,2,0,0,2,2,0,3,4,1,2,3,,N,,,,,,,,,,,
2009056523,1305.0,0,0,0,0,0,0,0,0,0,4,0,,67,5,2009,4,40.0074,-75.1368,1300.0,6,0,0,0,0,1,1,0,0,,0,0,0,12,1,6,1,,0,40 00:26.682,,0,75 08:12.579,8,0,0,0,67301,0,0,0,N,0,0,0,8,67301,0,,1,9,,,,,0,,0,0,2,3,2,,1255,6,3,0,0,0,6,1,3,4,1,3,7,,N,,,,,,,,,,,
2009087750,1635.0,4,0,0,0,0,0,0,0,0,2,0,,67,7,2009,6,40.0536,-75.1863,1630.0,6,0,0,0,0,0,1,0,0,,0,0,0,15,1,1,0,,0,40 03:12.881,,0,75 11:10.653,4,0,0,0,67301,0,0,0,N,0,0,0,1,67301,1,,6,1,,N,N,,0,,0,0,0,0,0,,1530,1,4,0,0,0,0,0,3,4,0,4,3,,N,,,,,,,,,,,
2009090441,705.0,1,0,0,0,0,0,0,0,0,1,0,,67,9,2009,3,39.9708,-75.1242,700.0,6,0,0,0,0,0,1,0,0,1.0,0,0,0,6,1,0,0,,1,39 58:18.041,1.0,0,75 07:23.368,0,0,0,0,67301,0,0,0,N,0,0,0,2,68K01,0,,1,1,,N,N,,0,,0,0,1,0,0,N,655,0,2,0,0,0,0,0,3,4,0,2,3,,N,,,,,,,,,,,
2009025170,1620.0,1,0,0,0,0,0,0,0,0,8,0,,67,1,2009,1,40.0409,-75.1039,1614.0,6,0,0,0,0,0,0,0,0,,0,0,0,2,6,1,1,,0,40 02:27.070,,0,75 06:14.101,3,0,0,0,67301,1,0,0,N,1,0,0,2,67301,0,,9,98,,N,N,,0,,1,0,0,9,9,,200,1,2,0,0,0,0,1,3,4,0,1,99,,N,,,,,,,,,,,
2009025595,1320.0,1,0,0,0,0,0,0,0,0,3,0,,67,1,2009,5,40.0224,-75.0781,1307.0,6,0,0,0,0,0,1,0,0,,0,0,0,21,3,1,1,,0,40 01:20.640,,0,75 04:41.160,8,0,0,0,67301,0,0,0,N,0,0,0,3,67301,0,,1,1,,N,N,,0,,0,0,1,3,2,,2140,1,2,0,0,0,1,2,3,4,0,2,3,,N,,,,,,,,,,,
2009020749,228.0,0,0,0,0,0,0,0,0,0,0,0,,67,1,2009,4,39.942,-75.1433,222.0,6,0,0,1,0,0,0,0,0,1.0,0,0,0,2,3,2,0,,1,39 56:31.760,2.0,0,75 08:35.837,4,0,0,0,67301,1,0,0,Y,0,0,0,2,68K01,2,,2,7,,N,N,,0,,0,0,1,0,0,N,219,2,2,0,0,0,0,0,3,4,1,2,10,,N,,,,,,,,,,,
2009032909,1201.0,1,0,0,0,0,0,0,0,0,7,0,,67,1,2009,4,40.0433,-75.2025,1149.0,6,0,0,0,1,0,0,0,0,,0,0,0,6,1,0,0,,0,40 02:35.520,,0,75 12:08.640,0,0,0,0,67301,0,0,0,N,0,0,0,1,67301,0,,5,2,,N,N,,0,,0,0,0,3,2,,630,0,1,0,0,0,0,0,3,4,0,1,10,,N,,,,,,,,,,,
2009030483,1630.0,2,0,0,0,0,0,0,0,0,1,0,,67,2,2009,4,39.9379,-75.1667,1630.0,6,0,0,0,0,0,1,0,0,1.0,0,0,0,16,1,4,1,,1,39 56:16.216,3.0,0,75 10:00.537,8,0,0,0,67301,0,0,0,N,0,0,0,5,67301,0,,1,2,,N,N,,0,,0,0,0,3,2,N,1629,4,2,0,0,1,4,0,3,4,0,2,98,,N,,,,,,,,,,,
2009117799,45.0,1,0,0,0,0,0,0,0,0,7,0,,67,10,2009,2,39.9591,-75.1808,41.0,6,0,0,1,0,0,0,0,0,3.0,0,0,0,0,3,0,6,,2,39 57:36.720,4.0,2,75 10:49.080,9,0,0,0,67301,0,0,0,N,0,0,0,1,68K01,0,,2,1,,N,N,,0,,0,0,0,0,0,Y,37,0,1,0,0,0,0,1,3,4,0,1,3,,N,,,,,,,,,,,
2009125100,645.0,1,0,0,0,0,0,0,0,0,8,0,,67,11,2009,5,40.0361,-75.0879,643.0,6,0,0,0,0,0,0,0,0,,0,0,0,6,1,1,1,,0,40 02:09.822,,0,75 05:16.321,4,0,0,0,67301,1,0,0,N,1,0,0,2,67301,1,,1,1,,N,N,,0,,0,0,0,3,2,,630,1,2,0,0,0,0,0,3,4,0,1,3,,N,,,,,,,,,,,
2009120293,1935.0,4,0,0,0,0,0,0,0,0,2,0,,67,11,2009,4,40.0437,-75.1549,1927.0,6,0,1,0,0,0,0,0,0,,0,0,0,19,3,0,0,,0,40 02:37.288,,0,75 09:17.542,0,0,0,0,67301,0,0,0,,0,0,0,1,67301,0,,1,1,,,N,,0,,0,0,1,0,0,,1927,0,5,0,0,0,0,0,3,4,0,5,3,,N,,,,,,,,,,,
2009032018,822.0,1,0,0,0,0,0,0,0,0,7,0,,67,3,2009,2,39.9367,-75.1445,822.0,6,0,0,0,0,0,0,0,0,1.0,0,0,0,8,1,0,0,,1,39 56:12.098,2.0,3,75 08:40.190,9,0,0,0,67301,0,0,0,N,0,0,0,1,68K02,0,,3,6,,N,N,,0,,0,0,0,0,0,N,818,0,1,0,0,0,0,1,3,4,0,1,10,,N,,,,,,,,,,,
2009044359,9999.0,2,0,0,0,0,0,0,0,0,4,0,,67,3,2009,5,40.0153,-75.061,1454.0,6,0,0,0,0,0,0,0,0,,0,0,0,99,1,1,1,,0,40 00:55.213,,0,75 03:39.455,8,0,0,0,67301,0,0,0,N,0,0,0,2,67301,0,,1,1,,N,N,,0,,0,0,0,0,0,,9999,1,2,0,0,0,1,1,3,4,0,2,3,,N,,,,,,,,,,,
2009044361,9999.0,1,0,0,0,0,0,0,0,0,8,0,,67,3,2009,7,40.015,-75.0616,745.0,6,0,0,0,0,1,0,0,0,,0,0,0,99,1,1,0,,0,40 00:53.928,,0,75 03:41.918,8,0,0,0,67301,1,0,0,,1,0,0,2,67301,0,,1,1,,N,,,0,,0,0,0,0,0,,9999,1,2,0,0,0,1,0,3,4,0,1,3,,N,,,,,,,,,,,
2009044362,1525.0,2,0,0,0,0,0,0,0,0,4,0,,67,3,2009,4,40.0475,-75.1428,1525.0,6,0,0,0,0,0,0,0,0,,0,0,0,15,1,1,1,,0,40 02:50.961,,0,75 08:34.014,4,0,0,0,67301,0,0,0,N,0,0,0,4,67301,1,,1,1,,N,N,,0,,0,0,0,3,2,,1520,1,2,0,0,0,0,2,3,4,0,2,7,,N,,,,,,,,,,,
2009044374,853.0,1,0,0,0,0,0,0,0,0,6,1,,67,3,2009,5,39.9411,-75.1977,843.0,6,0,0,0,1,0,1,0,0,,0,1,0,8,1,1,0,,0,39 56:23.551,,7,75 11:53.243,8,0,0,0,67301,0,0,0,N,0,0,0,2,67301,0,,4,1,,N,N,,0,,0,0,0,3,2,,843,1,2,0,0,0,1,0,3,4,0,2,3,,N,,,,,,,,,,,
2009044385,1426.0,2,0,0,0,0,0,0,0,0,2,0,,67,3,2009,1,40.0935,-74.9802,1425.0,6,0,1,0,0,0,1,0,0,1.0,0,0,0,14,1,2,1,,1,40 05:36.613,2.0,0,74 58:48.598,4,0,0,0,67301,0,0,0,N,0,0,0,4,67301,2,,1,1,,N,N,,0,,0,0,0,3,2,Y,1421,2,2,0,0,1,0,0,3,4,0,2,3,,N,,,,,,,,,,,
2009044400,1940.0,1,0,0,0,0,0,0,0,0,7,0,,67,3,2009,4,39.9169,-75.216,1936.0,6,0,0,0,0,0,0,0,0,,0,0,0,99,3,2,2,,0,39 55:00.971,,0,75 12:57.138,2,0,0,0,67301,0,0,0,,0,0,0,2,67301,1,,5,1,,N,N,,0,,0,1,0,3,2,,9999,2,1,0,0,1,0,0,3,4,0,1,3,,N,,,,,,,,,,,
2009037480,920.0,2,0,0,0,0,0,0,0,0,4,0,,67,2,2009,6,39.9587,-75.1621,911.0,6,0,0,0,0,0,0,0,0,,0,0,0,9,1,1,1,,0,39 57:31.393,,0,75 09:44.125,8,0,0,0,67301,0,0,0,N,0,0,0,2,67301,0,,1,1,,N,N,,0,,0,0,0,0,0,,911,1,2,0,0,1,1,0,3,4,0,2,3,,N,,,,,,,,,,,
2009047410,859.0,1,0,0,0,0,0,0,0,0,5,0,,67,3,2009,4,40.1143,-74.9878,854.0,6,0,0,0,0,0,0,0,0,,0,0,0,8,1,1,0,,0,40 06:51.543,,0,74 59:16.214,4,0,0,0,67301,0,0,0,,0,0,0,2,67301,1,,1,1,,,,,1,,0,0,0,3,2,,854,1,2,0,0,1,0,0,3,4,0,2,3,,N,,,,,,,,,,,
2009047417,805.0,1,0,0,0,0,0,1,0,0,4,1,,67,3,2009,6,40.0346,-75.0711,759.0,6,0,0,0,0,0,1,0,0,,0,0,0,7,1,3,1,,0,40 02:04.568,,0,75 04:16.161,4,0,0,0,67301,0,0,0,,0,0,0,5,67301,3,,1,9,,,,,0,,0,0,0,3,2,,755,3,2,0,0,0,0,0,3,4,0,2,99,,N,,,,,,,,,,,
2009049644,612.0,2,0,0,0,0,0,0,0,0,4,0,,67,3,2009,7,40.0322,-75.0843,610.0,6,0,0,0,0,0,0,0,0,1.0,0,0,0,6,3,1,1,,1,40 01:55.786,4.0,0,75 05:03.553,8,0,0,0,67301,0,0,0,N,0,0,0,4,67301,0,,1,9,,N,N,,0,,0,0,0,3,2,Y,600,1,2,0,0,0,1,1,3,4,0,2,7,,N,,,,,,,,,,,
2009036898,2337.0,2,0,0,0,0,0,0,0,0,4,0,,67,2,2009,6,40.0506,-75.0102,2337.0,6,0,0,0,0,0,0,0,0,,0,0,0,23,3,1,2,,0,40 03:02.109,,0,75 00:36.645,4,0,0,0,67301,0,0,0,,0,0,0,3,67301,1,,1,9,,,,,0,,0,0,0,3,2,,2335,1,2,0,0,0,0,0,3,4,0,2,7,,N,,,,,,,,,,,
2009036899,107.0,2,0,0,0,0,0,0,0,0,4,0,,67,2,2009,3,40.0692,-75.0073,103.0,6,0,0,0,1,0,0,0,0,,0,0,0,1,3,0,1,,0,40 04:09.505,,0,75 00:26.084,0,0,0,0,67301,0,0,0,N,0,0,0,4,67301,0,,1,1,,N,N,,0,,0,0,0,3,2,,100,0,2,0,0,0,0,0,3,4,0,2,3,,N,,,,,,,,,,,
2009049576,1805.0,1,0,0,0,0,0,0,0,0,7,0,99.0,67,3,2009,6,39.9215,-75.1913,1801.0,6,0,0,0,0,0,0,0,0,,0,0,0,18,1,1,0,,0,39 55:17.260,,0,75 11:28.630,8,0,0,0,67301,0,0,0,N,0,0,0,1,67301,0,,2,1,,N,N,,0,,0,0,0,3,2,,1801,1,1,0,0,0,1,0,3,4,0,1,3,,Y,8.0,8.0,U,U,U,U,U,U,U,U,
2009044439,1425.0,3,0,0,0,0,0,0,0,0,4,0,,67,3,2009,3,40.018,-75.1336,1420.0,6,0,0,0,0,0,0,0,0,,0,0,0,14,1,1,1,,0,40 01:04.753,,0,75 08:00.837,4,0,0,0,67301,0,0,0,,0,0,0,3,67301,1,,1,1,,,,,0,,0,0,0,3,3,,1420,1,3,0,0,3,0,0,3,4,0,3,3,,N,,,,,,,,,,,
2009044473,2325.0,2,0,0,0,0,0,0,0,0,5,0,,67,3,2009,7,39.9519,-75.1433,2320.0,6,0,0,0,0,0,0,0,0,,0,0,0,22,3,0,1,,0,39 57:06.953,,0,75 08:35.866,0,0,0,0,67301,0,0,0,N,0,0,0,2,67301,0,,1,1,,N,N,,0,,0,0,0,3,2,,2227,0,2,0,0,0,0,0,3,4,0,2,3,,N,,,,,,,,,,,
2009044480,1650.0,1,0,0,0,0,0,0,0,0,8,0,,67,3,2009,1,40.0276,-75.1277,1647.0,6,0,0,0,0,0,0,0,0,,0,0,0,16,1,1,0,,0,40 01:39.511,,0,75 07:39.860,4,0,0,0,67301,1,0,0,N,1,0,0,2,67301,1,,1,1,,N,N,,0,,0,0,0,0,0,,1640,1,2,0,0,0,0,1,3,4,0,1,3,,N,,,,,,,,,,,
2009097608,1812.0,2,0,0,0,0,0,0,0,0,3,0,,67,8,2009,3,39.924,-75.2455,1800.0,6,0,0,0,0,0,1,0,0,,0,0,0,14,1,1,0,,0,39 55:26.362,,0,75 14:43.930,4,0,0,0,67301,0,0,0,N,0,0,0,2,67301,1,,1,1,,N,N,,0,,0,0,0,3,2,,1418,1,2,0,0,0,0,0,3,4,0,2,3,,N,,,,,,,,,,,
2009124477,1049.0,1,0,0,0,0,0,0,0,0,8,0,,67,11,2009,5,39.9532,-75.1533,1044.0,6,0,0,0,0,1,0,0,0,,0,0,0,10,1,1,0,,0,39 57:11.436,,0,75 09:11.862,4,0,0,0,67301,1,0,0,N,1,0,0,2,67301,1,,1,1,,N,N,,0,,0,0,0,3,2,,1006,1,2,0,0,0,0,0,3,4,0,1,3,,N,,,,,,,,,,,
2009097063,9999.0,2,0,0,0,0,0,0,0,0,4,0,,67,9,2009,7,40.0075,-75.1007,9999.0,6,0,0,0,0,0,0,0,0,,0,0,0,99,1,2,1,,0,40 00:27.058,,0,75 06:02.384,4,0,0,0,67301,0,0,0,N,0,0,0,3,67301,1,,1,1,,N,N,,0,,0,0,0,3,2,,9999,2,2,0,0,0,1,0,3,4,0,2,3,,N,,,,,,,,,,,
2009054870,520.0,1,0,0,0,0,0,0,0,0,7,0,,67,4,2009,3,39.9961,-75.196,516.0,6,0,0,0,0,0,1,0,0,,0,0,0,5,3,1,0,,0,39 59:45.878,,0,75 11:45.533,3,0,0,0,67301,0,0,0,,0,0,0,1,67301,0,,1,9,,N,N,,0,,1,0,0,0,0,,510,1,1,0,0,1,0,0,3,4,0,1,7,,N,,,,,,,,,,,
2009083747,2120.0,1,0,0,0,0,0,0,0,0,8,0,,67,7,2009,5,40.039,-75.0563,2115.0,6,0,0,0,0,0,0,0,0,,0,0,0,19,4,1,1,,0,40 02:20.475,,0,75 03:22.611,8,0,0,0,67301,1,0,0,N,1,0,0,3,67301,0,,1,1,,N,N,,0,,0,0,0,3,2,,1930,1,2,0,0,0,1,2,3,4,0,1,3,,N,,,,,,,,,,,
2009083753,1706.0,1,0,0,0,0,0,0,0,0,8,0,,67,7,2009,2,39.9181,-75.171,1704.0,6,0,0,0,0,0,0,0,0,,0,0,0,17,1,1,1,,0,39 55:05.384,,0,75 10:15.977,8,0,0,0,67301,1,0,0,,1,0,0,2,67301,0,,1,1,,,,,0,,0,0,0,3,2,,1700,1,2,0,0,0,1,0,3,4,0,1,3,,N,,,,,,,,,,,
2009065377,1615.0,1,0,0,0,0,0,0,0,0,1,0,,67,5,2009,1,40.0587,-75.0443,1602.0,6,0,0,0,0,0,0,0,0,,0,0,0,16,1,1,0,,0,40 03:30.754,,0,75 02:39.698,8,0,0,0,67301,0,0,0,N,0,0,0,3,67301,0,,1,1,,N,N,,1,,0,0,0,0,0,,1602,1,2,0,0,0,1,0,3,4,0,2,3,,N,,,,,,,,,,,