CRN,ARRIVAL_TM,AUTOMOBILE_COUNT,BELTED_DEATH_COUNT,BELTED_SUSP_SERIOUS_INJ_COUNT,BICYCLE_COUNT,BICYCLE_DEATH_COUNT,BICYCLE_SUSP_SERIOUS_INJ_COUNT,BUS_COUNT,CHLDPAS_DEATH_COUNT,CHLDPAS_SUSP_SERIOUS_INJ_COUNT,COLLISION_TYPE,COMM_VEH_COUNT,CONS_ZONE_SPD_LIM,COUNTY,CRASH_MONTH,CRASH_YEAR,DAY_OF_WEEK,DEC_LAT,DEC_LONG,DISPATCH_TM,DISTRICT,DRIVER_COUNT_16YR,DRIVER_COUNT_17YR,DRIVER_COUNT_18YR,DRIVER_COUNT_19YR,DRIVER_COUNT_20YR,DRIVER_COUNT_50_64YR,DRIVER_COUNT_65_74YR,DRIVER_COUNT_75PLUS,EST_HRS_CLOSED,FATAL_COUNT,HEAVY_TRUCK_COUNT,HORSE_BUGGY_COUNT,HOUR_OF_DAY,ILLUMINATION,INJURY_COUNT,INTERSECT_TYPE,INTERSECTION_RELATED,LANE_CLOSED,LATITUDE,LN_CLOSE_DIR,LOCATION_TYPE,LONGITUDE,MAX_SEVERITY_LEVEL,MCYCLE_DEATH_COUNT,MCYCLE_SUSP_SERIOUS_INJ_COUNT,MOTORCYCLE_COUNT,MUNICIPALITY,NONMOTR_COUNT,NONMOTR_DEATH_COUNT,NONMOTR_SUSP_SERIOUS_INJ_COUNT,NTFY_HIWY_MAINT,PED_COUNT,PED_DEATH_COUNT,PED_SUSP_SERIOUS_INJ_COUNT,PERSON_COUNT,POLICE_AGCY,POSSIBLE_INJ_COUNT,RDWY_SURF_TYPE_CD,RELATION_TO_ROAD,ROAD_CONDITION,ROADWAY_CLEARED,SCH_BUS_IND,SCH_ZONE_IND,SECONDARY_CRASH,SMALL_TRUCK_COUNT,SPEC_JURIS_CD,SUSP_MINOR_INJ_COUNT,SUSP_SERIOUS_INJ_COUNT,SUV_COUNT,TCD_FUNC_CD,TCD_TYPE,TFC_DETOUR_IND,TIME_OF_DAY,TOT_INJ_COUNT,TOTAL_UNITS,UNB_DEATH_COUNT,UNB_SUSP_SERIOUS_INJ_COUNT,UNBELTED_OCC_COUNT,UNK_INJ_DEG_COUNT,UNK_INJ_PER_COUNT,URBAN_AREA,URBAN_RURAL,VAN_COUNT,VEHICLE_COUNT,WEATHER1,WEATHER2,WORK_ZONE_IND,WORK_ZONE_LOC,WORK_ZONE_TYPE,WORKERS_PRES,WZ_CLOSE_DETOUR,WZ_FLAGGER,WZ_LAW_OFFCR_IND,WZ_LN_CLOSURE,WZ_MOVING,WZ_OTHER,WZ_SHLDER_MDN,WZ_WORKERS_INJ_KILLED
2009065403,1742.0,1,0,0,0,0,0,0,0,0,4,0,,67,5,2009,1,39.9714,-75.1214,1740.0,6,0,0,0,0,0,1,0,0,,0,0,0,17,1,0,1,,0,39 58:14.934,,0,75 07:19.732,0,0,0,0,67301,0,0,0,,0,0,0,2,67301,0,,1,1,,,,,1,,0,0,0,3,2,,1720,0,2,0,0,0,0,0,3,4,0,2,3,,N,,,,,,,,,,,
2009065440,1905.0,0,0,0,0,0,0,0,0,0,8,0,,67,5,2009,1,39.9348,-75.192,1900.0,6,0,0,0,0,0,0,0,0,,0,0,0,99,4,1,1,,0,39 56:05.218,,0,75 11:31.232,8,0,0,0,67301,1,0,0,N,1,0,0,2,67301,0,,1,9,,N,N,,0,,0,0,1,3,3,,9999,1,2,0,0,0,1,1,3,4,0,1,7,,N,,,,,,,,,,,
2009128472,1740.0,3,0,0,0,0,0,0,0,0,1,0,,67,11,2009,2,,,1740.0,6,0,0,0,0,0,1,0,0,1.0,0,0,0,17,3,0,0,,1,,3.0,3,,0,0,0,0,67301,0,0,0,N,0,0,0,8,67501,0,,1,9,,N,N,,0,,0,0,0,3,8,N,1740,0,3,0,0,4,0,0,3,3,0,3,7,,N,,,,,,,,,,,
2009120606,1347.0,2,0,0,0,0,0,0,0,0,1,0,,67,10,2009,4,40.022,-75.0766,1346.0,6,0,0,0,1,0,1,0,0,,0,0,0,13,1,4,1,,0,40 01:19.344,,0,75 04:35.907,8,0,0,0,67301,0,0,0,N,0,0,0,5,67301,0,,1,1,,N,N,,0,,0,0,0,3,3,,1342,4,2,0,0,0,4,0,3,4,0,2,3,,N,,,,,,,,,,,
2009120607,1917.0,1,0,0,0,0,0,0,0,0,5,0,,67,11,2009,1,40.0205,-75.0873,1915.0,6,0,0,0,0,0,0,0,0,,0,0,0,19,3,1,0,,0,40 01:13.826,,0,75 05:14.243,8,0,0,0,67301,1,0,0,N,1,0,0,2,67301,0,,6,1,,N,N,,0,,0,0,0,0,0,,1912,1,2,0,0,0,1,1,3,4,0,1,3,,N,,,,,,,,,,,
2009120642,1020.0,1,0,0,0,0,0,0,0,0,8,0,,67,9,2009,5,39.9514,-75.1686,1015.0,6,0,0,0,0,0,0,0,0,,0,0,0,10,1,1,2,,0,39 57:05.195,,0,75 10:06.920,4,0,0,0,67301,1,0,0,N,1,0,0,2,67301,1,,1,1,,N,N,,0,,0,0,0,3,2,,1015,1,2,0,0,0,0,0,3,4,0,1,3,,N,,,,,,,,,,,
2009118959,1920.0,2,0,0,0,0,0,0,0,0,4,0,,67,10,2009,6,40.0003,-75.1869,1910.0,6,0,0,0,0,0,0,0,0,1.0,0,0,0,19,3,0,2,,1,40 00:00.803,2.0,0,75 11:12.959,0,0,0,0,67301,0,0,0,N,0,0,0,2,67301,0,,3,9,,N,N,,0,,0,0,0,0,0,N,1905,0,2,0,0,0,0,0,3,4,0,2,7,,N,,,,,,,,,,,
2009108871,1355.0,2,0,0,0,0,0,0,0,0,4,0,,67,8,2009,4,40.0126,-75.1609,1345.0,6,0,0,0,0,1,0,0,0,2.0,0,0,0,99,1,2,1,,1,40 00:45.376,1.0,0,75 09:39.277,8,0,0,0,67301,0,0,0,,0,0,0,2,67301,0,,1,1,,,,,0,,0,0,0,3,2,Y,9999,2,2,0,0,0,2,0,3,4,0,2,3,,N,,,,,,,,,,,
2009120762,155.0,1,0,0,0,0,0,0,0,0,7,0,,67,10,2009,1,39.9703,-75.1898,150.0,6,0,0,0,0,0,0,0,0,,0,0,0,1,3,0,0,,0,39 58:12.820,,0,75 11:22.953,0,0,0,0,67301,0,0,0,N,0,0,0,1,67301,0,,5,9,,N,N,,0,,0,0,0,0,0,,145,0,1,0,0,1,0,0,3,4,0,1,7,,N,,,,,,,,,,,
2009029875,1458.0,1,0,0,0,0,0,0,0,0,7,0,,67,2,2009,3,40.0568,-75.1752,1457.0,6,0,0,0,0,0,0,0,0,,0,0,0,14,1,2,0,,0,40 03:24.421,,1,75 10:30.701,8,0,0,0,67301,0,0,0,,0,0,0,2,67301,0,,3,9,,,,,0,,0,0,0,0,0,,1457,2,1,0,0,0,2,0,3,4,0,1,10,,N,,,,,,,,,,,
2009063807,1639.0,2,0,0,0,0,0,0,0,0,4,0,,67,5,2009,5,39.9446,-75.2287,1634.0,6,0,0,0,0,0,0,0,0,,0,0,0,15,1,0,2,,0,39 56:40.401,,0,75 13:43.240,0,0,0,0,67301,0,0,0,,0,0,0,2,67301,0,,1,1,,,,,0,,0,0,1,3,3,,1509,0,3,0,0,0,0,0,3,4,0,3,3,,N,,,,,,,,,,,
2009125430,9999.0,2,0,0,0,0,0,0,0,0,7,0,,67,11,2009,1,39.9444,-75.2288,9999.0,6,0,0,0,0,1,1,0,0,1.0,0,0,0,99,3,2,0,,1,39 56:39.944,5.0,0,75 13:43.748,8,0,0,0,67301,0,0,0,N,0,0,0,3,67301,0,,5,1,,N,N,,1,,0,0,0,3,3,N,9999,2,3,0,0,0,2,0,3,4,0,3,3,,N,,,,,,,,,,,
2009125470,1235.0,1,0,0,0,0,0,0,0,0,4,0,,67,11,2009,6,40.0258,-75.1328,1230.0,6,0,0,0,0,0,0,0,0,,0,0,0,99,1,0,1,,0,40 01:32.829,,0,75 07:58.227,0,0,0,0,67301,0,0,0,,0,0,0,2,67301,0,,1,9,,N,N,,1,,0,0,0,3,2,,9999,0,2,0,0,0,0,0,3,4,0,2,7,,N,,,,,,,,,,,
2009125472,922.0,1,0,0,0,0,0,0,0,0,8,0,,67,11,2009,5,39.9642,-75.1644,822.0,6,0,0,0,0,0,1,0,0,9.0,0,0,0,8,1,1,1,,2,39 57:51.112,2.0,0,75 09:51.739,8,0,0,0,67301,1,0,0,,1,0,0,2,67301,0,,1,1,,,,,0,,0,0,0,3,2,N,810,1,2,0,0,0,1,0,3,4,0,1,3,,N,,,,,,,,,,,
2009111777,1803.0,1,0,0,0,0,0,0,0,0,8,0,,67,9,2009,4,40.038,-75.068,1800.0,6,0,0,0,0,0,0,0,0,,0,0,0,15,1,1,0,,0,40 02:16.827,,0,75 04:04.715,4,0,0,0,67301,1,0,0,N,1,0,0,2,67301,1,,1,98,,N,N,,0,,0,0,0,0,0,,1500,1,2,0,0,0,0,0,3,4,0,1,99,,N,,,,,,,,,,,
2009111784,1523.0,1,0,0,0,0,0,0,0,0,8,0,,67,10,2009,6,39.9933,-75.1632,1523.0,6,0,0,0,0,0,0,0,0,,0,0,0,15,1,1,1,,0,39 59:35.998,,0,75 09:47.543,3,0,0,0,67301,1,0,0,N,1,0,0,2,67301,0,,5,1,,N,N,,0,,1,0,0,3,2,,1523,1,2,0,0,0,0,0,3,4,0,1,3,,N,,,,,,,,,,,
2009111785,1527.0,1,0,0,0,0,0,0,0,0,8,0,,67,9,2009,4,39.9565,-75.1726,1522.0,6,0,0,0,0,0,1,0,0,,0,0,0,14,1,1,2,,0,39 57:23.497,,0,75 10:21.241,8,0,0,0,67301,1,0,0,,1,0,0,2,67301,0,,1,1,,,,,0,,0,0,0,3,2,,1405,1,2,0,0,1,1,0,3,4,0,1,3,,N,,,,,,,,,,,
2009125170,1635.0,1,0,0,0,0,0,0,0,0,8,0,,67,11,2009,3,39.9911,-75.1143,1605.0,6,0,0,0,0,0,1,0,0,,0,0,0,16,1,1,1,,0,39 59:28.000,,0,75 06:51.407,4,0,0,0,67301,1,0,0,N,1,0,0,2,67301,1,,1,1,,N,N,,0,,0,0,0,0,0,,1600,1,2,0,0,0,0,1,3,4,0,1,3,,N,,,,,,,,,,,
2009096629,2003.0,1,0,0,0,0,0,0,0,0,5,0,,67,9,2009,6,39.9684,-75.1296,1959.0,6,0,0,0,0,0,0,0,0,1.0,0,0,0,19,3,2,3,,1,39 57:54.032,2.0,2,75 08:16.083,4,0,0,0,67301,0,0,0,N,0,0,0,5,68K01,2,,1,9,,N,N,,0,,0,0,1,0,0,N,1952,2,3,0,0,2,0,1,3,4,0,3,7,,N,,,,,,,,,,,
2009125240,1137.0,1,0,0,0,0,0,0,0,0,4,0,,67,11,2009,2,39.9699,-75.1431,1137.0,6,0,0,0,0,0,1,0,0,,0,0,0,11,1,0,1,,0,39 58:11.935,,0,75 08:34.897,0,0,0,0,67301,0,0,0,N,0,0,0,2,67301,0,,1,1,,N,N,,1,,0,0,0,3,2,,1125,0,2,0,0,0,0,0,3,4,0,2,3,,N,,,,,,,,,,,
2009125250,2050.0,0,0,0,0,0,0,0,0,0,7,0,,67,11,2009,5,40.0366,-75.1982,2043.0,6,0,0,0,0,0,0,0,0,,0,0,0,20,3,0,10,,0,40 02:11.673,,0,75 11:53.559,0,0,0,0,67301,0,0,0,N,0,0,0,1,67301,0,,2,9,,N,N,,0,,0,0,1,0,0,,2040,0,1,0,0,0,0,0,3,4,0,1,7,,N,,,,,,,,,,,
2009111860,1542.0,2,0,0,0,0,0,0,0,0,4,0,,67,10,2009,5,40.0509,-75.0462,1541.0,6,0,0,0,0,0,1,0,0,,0,0,0,15,1,1,1,,0,40 03:03.366,,0,75 02:46.147,8,0,0,0,67301,0,0,0,N,0,0,0,6,67301,0,,1,9,,N,N,,0,,0,0,0,3,3,,1540,1,2,0,0,0,1,0,3,4,0,2,7,,N,,,,,,,,,,,
2009034366,735.0,3,0,0,0,0,0,0,0,0,1,0,,67,2,2009,3,39.9597,-75.1762,725.0,6,0,0,0,0,0,1,0,0,1.0,0,0,0,7,1,0,0,,2,39 57:35.714,4.0,3,75 10:41.399,0,0,0,0,67301,0,0,0,N,0,0,0,3,68K01,0,,1,1,,N,N,,0,,0,0,0,0,0,N,720,0,3,0,0,0,0,0,3,4,0,3,3,,N,,,,,,,,,,,
2009039234,753.0,1,0,0,0,0,0,1,0,0,4,1,,67,3,2009,3,40.1154,-75.0179,749.0,6,0,0,0,0,0,1,0,0,,0,0,0,7,1,1,0,,0,40 06:55.447,,0,75 01:04.260,4,0,0,0,67301,0,0,0,,0,0,0,4,67301,1,,1,2,,Y,N,,0,,0,0,0,0,0,,745,1,2,0,0,0,0,0,3,4,0,2,98,,N,,,,,,,,,,,
2009044365,2059.0,0,0,0,0,0,0,0,0,0,4,0,,67,3,2009,4,40.0475,-75.151,2054.0,6,0,0,0,0,0,0,0,0,,0,0,0,20,3,1,0,,0,40 02:50.964,,0,75 09:03.754,4,0,0,0,67301,0,0,0,N,0,0,0,2,67301,1,,1,1,,N,N,,0,,0,0,1,3,2,,2024,1,2,0,0,1,0,0,3,4,1,2,3,,N,,,,,,,,,,,
2009044368,1217.0,1,0,0,0,0,0,0,0,0,4,0,,67,3,2009,4,39.9305,-75.1683,1215.0,6,0,0,0,0,0,0,0,0,3.0,0,0,0,11,1,4,1,,1,39 55:49.533,2.0,0,75 10:06.324,4,0,0,0,67301,3,0,0,N,3,0,0,5,67301,1,,1,1,,N,N,,0,,0,0,1,3,2,N,1145,4,5,0,0,0,3,0,3,4,0,2,3,,N,,,,,,,,,,,
2009044413,1145.0,2,0,0,0,0,0,0,0,0,1,0,,67,3,2009,7,40.0666,-75.1964,1143.0,6,0,0,0,0,0,1,0,0,,0,0,0,11,1,1,1,,0,40 03:59.367,,0,75 11:46.819,4,0,0,0,67301,0,0,0,N,0,0,0,2,67301,1,,1,1,,N,N,,0,,0,0,0,3,2,,1135,1,2,0,0,0,0,0,3,4,0,2,3,,N,,,,,,,,,,,
2009037517,238.0,1,0,0,0,0,0,0,0,0,8,0,,67,3,2009,1,40.0465,-75.0453,230.0,6,0,0,0,0,0,0,0,0,,0,0,0,2,3,1,0,,0,40 02:47.245,,0,75 02:43.123,8,0,0,0,67301,1,0,0,,1,0,0,2,67301,0,,1,1,,N,N,,0,,0,0,0,0,0,,230,1,2,0,0,0,1,0,3,4,0,1,3,,N,,,,,,,,,,,
2009049769,1759.0,1,0,0,0,0,0,0,0,0,1,0,,67,3,2009,3,40.0689,-75.0402,1755.0,6,0,0,0,0,0,0,1,0,1.0,0,0,0,17,1,5,1,,1,40 04:07.628,2.0,0,75 02:24.845,4,0,0,0,67301,0,0,0,,0,0,0,5,67301,5,,1,1,,N,N,,0,,0,0,1,3,2,N,1750,5,2,0,0,0,0,0,3,4,0,2,3,,N,,,,,,,,,,,
2009037418,748.0,1,0,0,0,0,0,0,0,0,4,0,,67,3,2009,3,39.9587,-75.1454,745.0,6,0,0,0,0,0,0,0,0,,0,0,0,7,1,0,1,,0,39 57:31.482,,0,75 08:43.587,0,0,0,0,67301,0,0,0,N,0,0,0,2,67301,0,,1,1,,N,N,,0,,0,0,1,3,3,,740,0,2,0,0,0,0,0,3,4,0,2,3,,N,,,,,,,,,,,
2009037300,740.0,1,0,0,0,0,0,0,0,0,1,0,,67,2,2009,7,40.0198,-75.149,730.0,6,0,0,0,0,0,0,0,0,1.0,0,0,0,7,1,1,0,,1,40 01:11.268,2.0,0,75 08:56.030,4,0,0,0,67301,0,0,0,N,0,0,0,2,67301,1,,1,1,,,,,0,,0,0,0,0,0,N,730,1,2,0,0,1,0,0,3,4,0,2,3,,N,,,,,,,,,,,
2009039096,9999.0,1,0,0,0,0,0,0,0,0,7,0,,67,2,2009,5,40.028,-75.1,134.0,6,0,0,1,0,0,0,0,0,2.0,0,0,0,1,3,2,0,,2,40 01:41.338,1.0,0,75 06:01.072,8,0,0,0,67301,0,0,0,N,0,0,0,2,67301,0,,5,9,,N,N,,0,,0,0,0,0,0,N,133,2,1,0,0,0,2,0,3,4,0,1,7,,N,,,,,,,,,,,
2009039107,559.0,0,0,0,0,0,0,0,0,0,2,0,,67,2,2009,6,40.0543,-75.0859,556.0,6,0,0,0,0,0,1,0,0,1.0,0,0,0,5,3,1,1,,1,40 03:15.655,7.0,0,75 05:09.259,4,0,0,0,67301,0,0,0,N,0,0,0,3,67301,1,,1,1,,N,N,,0,,0,0,1,3,2,N,555,1,2,0,0,0,0,0,3,4,1,2,3,,N,,,,,,,,,,,
2009036880,200.0,2,0,0,0,0,0,0,0,0,1,0,,67,2,2009,7,40.025,-75.2206,159.0,6,0,0,0,0,0,0,0,0,,0,0,0,2,6,0,10,,0,40 01:29.906,,0,75 13:13.997,0,0,0,0,67301,0,0,0,N,0,0,0,1,67301,0,,1,9,,N,N,,0,,0,0,1,9,9,,200,0,3,0,0,0,0,0,3,4,0,3,7,,N,,,,,,,,,,,
2009036887,1225.0,2,0,0,0,0,0,0,0,0,4,0,,67,3,2009,4,40.0446,-75.0547,1217.0,6,0,0,0,0,0,1,0,0,1.0,0,0,0,12,1,0,1,,2,40 02:40.560,2.0,0,75 03:16.920,0,0,0,0,67301,0,0,0,N,0,0,0,2,67301,0,,1,1,,N,N,,0,,0,0,0,3,2,N,1217,0,2,0,0,0,0,0,3,4,0,2,5,,N,,,,,,,,,,,
2009049575,10.0,0,0,0,0,0,0,0,0,0,4,0,,67,4,2009,5,39.9936,-75.1394,2.0,6,0,0,0,0,0,0,0,0,,0,0,0,99,3,1,10,,0,39 59:37.075,,0,75 08:21.717,3,0,0,0,67301,0,0,0,,0,0,0,2,67301,0,,1,1,,N,N,,0,,1,0,1,3,3,,9999,1,2,0,0,0,0,0,3,4,1,2,3,,N,,,,,,,,,,,
2009124446,1445.0,0,0,0,0,0,0,0,0,0,7,0,,67,11,2009,4,40.0533,-75.0085,1434.0,6,0,0,0,0,0,0,0,1,,0,0,0,14,1,0,0,,0,40 03:11.972,,0,75 00:30.425,0,0,0,0,67301,0,0,0,,0,0,0,1,67301,0,,4,1,,,,,0,,0,0,1,0,0,,1434,0,1,0,0,0,0,0,3,4,0,1,3,,N,,,,,,,,,,,
2009124468,1950.0,1,0,0,1,0,0,0,0,0,4,0,,67,11,2009,5,39.9244,-75.1696,1945.0,6,0,0,0,0,0,0,0,0,,0,0,0,17,3,1,1,,0,39 55:27.786,,0,75 10:11.056,4,0,0,0,67301,1,0,0,N,0,0,0,2,67301,1,,1,1,,N,N,,0,,0,0,0,3,2,,1745,1,2,0,0,0,0,0,3,4,0,1,3,,N,,,,,,,,,,,
2009088945,1744.0,1,0,0,0,0,0,0,0,0,1,0,,67,5,2009,5,40.0202,-75.1629,1644.0,6,0,0,0,0,0,0,0,0,,0,0,0,16,1,1,0,,0,40 01:12.559,,0,75 09:46.306,8,0,0,0,67301,0,0,0,,0,0,0,3,67301,0,,1,1,,,,,0,,0,0,1,0,0,,1640,1,2,0,0,0,1,0,3,4,0,2,3,,N,,,,,,,,,,,
2009097065,1758.0,0,0,0,0,0,0,0,0,0,1,0,,67,8,2009,7,40.0266,-75.0939,1748.0,6,0,0,0,0,0,0,0,0,1.0,0,0,0,17,1,1,0,,1,40 01:34.947,1.0,0,75 05:39.477,8,0,0,1,67301,0,0,0,N,0,0,0,2,67301,0,,1,9,,N,N,,0,,0,0,0,0,0,N,1740,1,2,0,0,0,1,0,3,4,1,2,7,,N,,,,,,,,,,,
2009097175,1505.0,2,0,0,0,0,0,0,0,0,4,0,,67,9,2009,3,39.9579,-75.2081,1505.0,6,0,0,0,0,0,2,0,0,,0,0,0,15,1,2,2,,0,39 57:28.613,,0,75 12:29.280,8,0,0,0,67301,0,0,0,N,0,0,0,2,67301,0,,1,1,,N,N,,0,,0,0,0,3,1,,1500,2,2,0,0,0,2,0,3,4,0,2,3,,N,,,,,,,,,,,
2009097189,1745.0,0,0,0,1,0,0,0,0,0,4,0,,67,9,2009,2,40.0333,-75.1302,1743.0,6,0,0,0,0,0,0,0,0,,0,0,0,17,1,1,2,,0,40 01:59.728,,0,75 07:48.712,4,0,0,0,67301,1,0,0,N,0,0,0,2,67301,1,,1,1,,N,N,,1,,0,0,0,3,3,,1741,1,2,0,0,0,0,1,3,4,0,1,3,,N,,,,,,,,,,,
2009102234,1754.0,0,0,0,0,0,0,0,0,0,0,0,,67,10,2009,7,39.9739,-75.1194,1752.0,6,0,0,0,0,0,0,0,0,2.0,0,0,0,17,1,0,0,,2,39 58:27.480,1.0,0,75 07:06.960,0,0,0,0,67301,0,0,0,N,0,0,0,4,68K01,0,,1,1,,N,N,,0,,0,0,2,0,0,N,1748,0,2,0,0,0,0,0,3,4,0,2,3,,N,,,,,,,,,,,
2009054917,1020.0,1,0,0,0,0,0,0,0,0,4,0,,67,4,2009,2,40.0074,-75.1368,1017.0,6,0,0,0,0,0,1,0,0,,0,0,0,9,1,1,1,,0,40 00:26.682,,0,75 08:12.579,4,0,0,0,67301,0,0,0,,0,0,0,2,67301,1,,1,9,,,,,0,,0,0,1,0,0,,940,1,2,0,0,2,0,0,3,4,0,2,7,,N,,,,,,,,,,,
2009054980,2212.0,0,0,0,0,0,0,0,0,0,7,0,,67,5,2009,4,39.9825,-75.2079,2211.0,6,0,0,0,0,0,1,0,0,1.0,0,0,0,21,3,0,0,,1,39 59:00.890,3.0,0,75 12:29.692,0,0,0,0,67301,0,0,0,N,0,0,0,1,68K01,0,,4,9,,N,N,,0,,0,0,1,0,0,N,2157,0,1,0,0,0,0,0,3,4,0,1,7,,N,,,,,,,,,,,
2009124403,905.0,0,0,0,0,0,0,0,0,0,7,0,,67,11,2009,6,39.9666,-75.2167,857.0,6,0,0,0,0,0,0,0,0,,0,0,0,8,1,1,0,,0,39 57:59.758,,0,75 13:00.230,2,0,0,0,67301,0,0,0,N,0,0,0,1,67301,0,,4,9,,N,N,,0,,0,1,1,9,2,,857,1,1,0,0,0,0,0,3,4,0,1,7,,N,,,,,,,,,,,
2009083742,213.0,5,0,0,0,0,0,0,0,0,1,0,,67,7,2009,6,39.9457,-75.228,213.0,6,0,0,0,0,0,0,0,0,,0,0,0,2,3,0,2,,0,39 56:44.527,,0,75 13:40.666,0,0,0,0,67301,0,0,0,N,0,0,0,1,67301,0,,1,1,,N,N,,1,,0,0,0,0,0,,212,0,6,0,0,0,0,0,3,4,0,6,3,,N,,,,,,,,,,,
2009065444,1615.0,2,0,0,0,0,0,0,0,0,4,0,,67,5,2009,3,39.9923,-75.12,1610.0,6,0,0,0,0,1,0,0,0,,0,0,0,13,1,2,1,,0,39 59:32.200,,0,75 07:11.866,4,0,0,0,67301,0,0,0,,0,0,0,3,67301,2,,1,98,,,,,0,,0,0,0,3,3,,1330,2,2,0,0,0,0,0,3,4,0,2,99,,N,,,,,,,,,,,
2009082706,1424.0,2,0,0,0,0,0,0,0,0,2,0,,67,7,2009,2,40.0522,-75.0931,1424.0,6,0,0,0,0,0,0,0,1,,0,0,0,14,1,1,1,,0,40 03:07.828,,0,75 05:35.123,4,0,0,0,67301,0,0,0,N,0,0,0,3,67301,1,,1,1,,N,N,,0,,0,0,0,2,3,,1404,1,2,0,0,0,0,0,3,4,0,2,3,,N,,,,,,,,,,,
2009128425,1915.0,3,0,0,0,0,0,0,0,0,1,0,,67,10,2009,6,39.9197,-75.2028,1915.0,6,0,0,0,0,0,2,0,0,9.0,0,0,0,19,3,1,0,,1,39 55:10.887,4.0,3,75 12:10.194,8,0,0,0,67301,0,0,0,N,0,0,0,4,67301,0,,1,9,,N,N,,0,,0,0,0,0,0,N,1915,1,3,0,0,0,1,0,3,4,0,3,7,,N,,,,,,,,,,,
2009120631,1320.0,2,0,0,0,0,0,0,0,0,1,0,,67,10,2009,3,40.1002,-75.0217,1316.0,6,0,0,0,0,0,0,0,1,,0,0,0,13,1,1,1,,0,40 06:00.676,,0,75 01:18.249,4,0,0,0,67301,0,0,0,,0,0,0,3,67301,1,,1,9,,,,,0,,0,0,0,3,2,,1310,1,2,0,0,0,0,0,3,4,0,2,7,,N,,,,,,,,,,,
2009120651,1812.0,1,0,0,0,0,0,0,0,0,2,0,,67,7,2009,4,39.9203,-75.2136,1811.0,6,0,0,0,0,0,2,0,0,,0,0,0,18,1,1,0,,0,39 55:13.101,,0,75 12:48.888,8,0,0,0,67301,0,0,0,N,0,0,0,2,67301,0,,1,9,,N,N,,0,,0,0,1,0,0,,1810,1,2,0,0,0,1,0,3,4,0,2,7,,N,,,,,,,,,,,
2009080448,725.0,5,0,0,0,0,0,0,0,0,1,0,,67,7,2009,3,40.0184,-75.1681,718.0,6,0,0,0,0,1,1,1,0,2.0,0,0,0,7,1,2,0,,2,40 01:06.355,2.0,0,75 10:05.038,4,0,0,0,67301,0,0,0,,0,0,0,5,67301,2,,1,1,,,,,0,,0,0,0,0,0,N,718,2,5,0,0,1,0,0,3,4,0,5,3,,N,,,,,,,,,,,
2009073149,832.0,1,0,0,0,0,0,0,0,0,7,0,,67,6,2009,2,39.9682,-75.1292,822.0,6,0,0,0,0,0,0,0,0,2.0,0,0,0,8,1,1,0,,2,39 58:06.960,1.0,0,75 07:41.880,3,0,0,0,67301,0,0,0,Y,0,0,0,1,68K01,0,,2,1,,N,N,,0,,1,0,0,0,0,N,820,1,1,0,0,1,0,0,3,4,0,1,3,,N,,,,,,,,,,,
2009032908,1120.0,0,0,0,0,0,0,0,0,0,1,0,,67,2,2009,5,39.997,-75.1125,1116.0,6,0,0,0,0,0,0,0,0,,0,0,0,11,1,1,0,,0,39 59:49.354,,0,75 06:44.913,8,0,0,0,67301,0,0,0,,0,0,0,3,67301,0,,1,1,,,,,0,,0,0,1,0,0,,1116,1,2,0,0,0,1,0,3,4,1,2,3,,N,,,,,,,,,,,
2009025275,1925.0,2,0,0,0,0,0,0,0,0,6,0,,67,1,2009,6,40.0548,-75.1513,1924.0,6,0,0,0,0,0,0,0,0,,0,0,0,17,3,1,1,,0,40 03:17.100,,0,75 09:04.633,8,0,0,0,67301,0,0,0,N,0,0,0,2,67301,0,,1,1,,N,N,,0,,0,0,0,9,3,,1700,1,2,0,0,0,1,0,3,4,0,2,3,,N,,,,,,,,,,,
2009025376,1614.0,1,0,0,0,0,0,0,0,0,4,0,,67,1,2009,6,40.0995,-74.9864,1611.0,6,0,0,0,0,0,2,0,0,,0,0,0,14,1,1,1,,0,40 05:58.224,,0,74 59:10.989,4,0,0,0,67301,0,0,0,N,0,0,0,2,67301,1,,1,1,,N,N,,0,,0,0,1,3,2,,1450,1,2,0,0,0,0,0,3,4,0,2,3,,N,,,,,,,,,,,
2009099303,343.0,1,0,0,0,0,0,0,0,0,7,0,,67,9,2009,1,39.9553,-75.1412,332.0,6,0,0,0,0,0,0,0,0,,0,0,0,3,3,0,0,,0,39 57:23.040,,2,75 08:31.560,0,0,0,0,67301,0,0,0,N,0,0,0,2,68K03,0,,2,9,,N,N,,0,,0,0,0,0,0,,329,0,1,0,0,0,0,0,3,4,0,1,7,,N,,,,,,,,,,,
2009104230,1707.0,1,0,0,0,0,0,0,0,0,4,0,,67,10,2009,5,39.9095,-75.1554,1707.0,6,0,0,0,0,0,1,0,0,1.0,0,0,0,17,1,1,3,,1,39 54:34.070,3.0,2,75 09:19.554,3,0,0,0,67301,0,0,0,N,0,0,0,2,67501,0,,1,9,,N,N,,1,,1,0,0,3,8,N,1707,1,2,0,0,0,0,0,3,4,0,2,7,,N,,,,,,,,,,,