CRN,ARRIVAL_TM,AUTOMOBILE_COUNT,BELTED_DEATH_COUNT,BELTED_SUSP_SERIOUS_INJ_COUNT,BICYCLE_COUNT,BICYCLE_DEATH_COUNT,BICYCLE_SUSP_SERIOUS_INJ_COUNT,BUS_COUNT,CHLDPAS_DEATH_COUNT,CHLDPAS_SUSP_SERIOUS_INJ_COUNT,COLLISION_TYPE,COMM_VEH_COUNT,CONS_ZONE_SPD_LIM,COUNTY,CRASH_MONTH,CRASH_YEAR,DAY_OF_WEEK,DEC_LAT,DEC_LONG,DISPATCH_TM,DISTRICT,DRIVER_COUNT_16YR,DRIVER_COUNT_17YR,DRIVER_COUNT_18YR,DRIVER_COUNT_19YR,DRIVER_COUNT_20YR,DRIVER_COUNT_50_64YR,DRIVER_COUNT_65_74YR,DRIVER_COUNT_75PLUS,EST_HRS_CLOSED,FATAL_COUNT,HEAVY_TRUCK_COUNT,HORSE_BUGGY_COUNT,HOUR_OF_DAY,ILLUMINATION,INJURY_COUNT,INTERSECT_TYPE,INTERSECTION_RELATED,LANE_CLOSED,LATITUDE,LN_CLOSE_DIR,LOCATION_TYPE,LONGITUDE,MAX_SEVERITY_LEVEL,MCYCLE_DEATH_COUNT,MCYCLE_SUSP_SERIOUS_INJ_COUNT,MOTORCYCLE_COUNT,MUNICIPALITY,NONMOTR_COUNT,NONMOTR_DEATH_COUNT,NONMOTR_SUSP_SERIOUS_INJ_COUNT,NTFY_HIWY_MAINT,PED_COUNT,PED_DEATH_COUNT,PED_SUSP_SERIOUS_INJ_COUNT,PERSON_COUNT,POLICE_AGCY,POSSIBLE_INJ_COUNT,RDWY_SURF_TYPE_CD,RELATION_TO_ROAD,ROAD_CONDITION,ROADWAY_CLEARED,SCH_BUS_IND,SCH_ZONE_IND,SECONDARY_CRASH,SMALL_TRUCK_COUNT,SPEC_JURIS_CD,SUSP_MINOR_INJ_COUNT,SUSP_SERIOUS_INJ_COUNT,SUV_COUNT,TCD_FUNC_CD,TCD_TYPE,TFC_DETOUR_IND,TIME_OF_DAY,TOT_INJ_COUNT,TOTAL_UNITS,UNB_DEATH_COUNT,UNB_SUSP_SERIOUS_INJ_COUNT,UNBELTED_OCC_COUNT,UNK_INJ_DEG_COUNT,UNK_INJ_PER_COUNT,URBAN_AREA,URBAN_RURAL,VAN_COUNT,VEHICLE_COUNT,WEATHER1,WEATHER2,WORK_ZONE_IND,WORK_ZONE_LOC,WORK_ZONE_TYPE,WORKERS_PRES,WZ_CLOSE_DETOUR,WZ_FLAGGER,WZ_LAW_OFFCR_IND,WZ_LN_CLOSURE,WZ_MOVING,WZ_OTHER,WZ_SHLDER_MDN,WZ_WORKERS_INJ_KILLED
2009096450,2010.0,1,0,0,0,0,0,0,0,0,1,0,,67,8,2009,7,40.0025,-75.209,2001.0,6,0,0,0,0,0,0,0,0,,0,0,0,20,1,1,0,,0,40 00:08.974,,0,75 12:32.382,3,0,0,0,67301,0,0,0,,0,0,0,2,67301,0,,1,1,,N,N,,0,,1,0,0,0,0,,2000,1,2,0,0,0,0,1,3,4,0,2,3,,N,,,,,,,,,,,
2009125601,1011.0,1,0,0,0,0,0,0,0,0,7,0,,67,12,2009,7,39.967,-75.1333,1008.0,6,0,0,0,0,0,0,0,0,,0,0,0,10,1,1,0,,0,39 58:01.920,,0,75 07:58.800,4,0,0,0,67301,0,0,0,N,0,0,0,1,68K01,1,,2,9,,N,N,,0,,0,0,0,0,0,,1001,1,1,0,0,0,0,0,3,4,0,1,7,,N,,,,,,,,,,,
2009125264,650.0,0,0,0,0,0,0,0,0,0,7,0,,67,11,2009,6,39.9732,-75.2122,645.0,6,0,0,0,0,0,0,0,0,,0,0,0,6,1,1,1,,0,39 58:23.685,,0,75 12:43.721,4,0,0,0,67301,0,0,0,N,0,0,0,2,67301,1,,5,1,,N,N,,1,,0,0,0,3,2,,641,1,1,0,0,0,0,0,3,4,0,1,3,,N,,,,,,,,,,,
2009032021,913.0,1,0,0,0,0,0,0,0,0,1,0,,67,3,2009,3,39.9278,-75.1464,902.0,6,0,0,0,0,0,2,0,0,1.0,0,0,0,8,1,1,0,,1,39 55:45.068,1.0,0,75 08:45.919,4,0,0,0,67301,0,0,0,N,0,0,0,3,68K01,1,,1,1,,N,N,,0,,0,0,1,0,0,N,856,1,2,0,0,0,0,0,3,4,0,2,3,,N,,,,,,,,,,,
2009041842,1709.0,3,0,0,0,0,0,0,0,0,1,0,,67,4,2009,6,39.9933,-75.0848,1656.0,6,0,0,0,0,0,1,0,0,1.0,0,0,0,16,1,0,0,,2,39 59:36.087,1.0,0,75 05:05.036,0,0,0,0,67301,0,0,0,N,0,0,0,4,68K01,0,,1,1,,N,N,,0,,0,0,0,0,0,N,1651,0,3,0,0,0,0,0,3,4,0,3,3,,N,,,,,,,,,,,
2009047464,1607.0,1,0,0,0,0,0,0,0,0,7,0,,67,3,2009,4,40.0387,-75.0887,1607.0,6,0,0,0,0,0,0,0,0,4.0,0,0,0,16,1,1,0,,2,40 02:19.266,1.0,0,75 05:19.199,4,0,0,0,67301,0,0,0,,0,0,0,1,67301,1,,2,1,,,,,0,,0,0,0,0,0,Y,1605,1,1,0,0,1,0,0,3,4,0,1,3,,N,,,,,,,,,,,
2009047522,1902.0,0,0,0,0,0,0,0,0,0,7,0,,67,4,2009,4,40.0206,-75.0424,1858.0,6,0,0,0,0,0,0,0,0,,0,0,0,18,4,0,0,,0,40 01:14.640,,0,75 02:32.126,0,0,0,0,67301,0,0,0,Y,0,0,0,3,68K01,0,,3,9,,N,N,,0,,0,0,1,0,0,,1856,0,1,0,0,0,0,0,3,4,0,1,7,,N,,,,,,,,,,,
2009044371,1126.0,0,0,0,1,0,0,0,0,0,4,0,,67,3,2009,6,39.9395,-75.1698,1120.0,6,0,0,0,0,0,0,0,0,,0,0,0,11,1,1,1,,0,39 56:22.034,,0,75 10:11.114,8,0,0,0,67301,1,0,0,,0,0,0,2,67301,0,,1,1,,,,,0,,0,0,0,3,3,,1119,1,2,0,0,0,1,1,3,4,0,1,3,,N,,,,,,,,,,,
2009037493,1258.0,1,0,0,0,0,0,0,0,0,1,0,,67,3,2009,4,40.0543,-75.091,1255.0,6,0,0,0,1,0,0,0,0,1.0,0,0,0,12,1,1,0,,2,40 03:15.522,5.0,0,75 05:27.567,3,0,0,0,67301,0,0,0,N,0,0,0,2,67301,0,,1,9,,N,N,,0,,1,0,0,0,0,Y,1254,1,2,0,0,1,0,0,3,4,1,2,98,,N,,,,,,,,,,,
2009039429,337.0,1,0,0,0,0,0,0,0,0,6,0,,67,2,2009,7,39.9224,-75.1868,335.0,6,0,0,0,0,0,0,0,0,,0,0,0,3,3,0,2,,0,39 55:20.235,,0,75 11:15.008,0,0,0,0,67301,0,0,0,N,0,0,0,2,67301,0,,1,1,,N,N,,0,,0,0,0,3,2,,330,0,2,0,0,0,0,0,3,4,0,2,3,,N,,,,,,,,,,,
2009039558,13.0,1,0,0,0,0,0,0,0,0,7,0,,67,2,2009,5,39.9752,-75.1949,1200.0,6,0,0,0,0,0,1,0,0,,0,0,0,23,3,0,0,,0,39 58:30.820,,0,75 11:41.360,0,0,0,0,67301,0,0,0,N,0,0,0,1,67301,0,,5,9,,N,N,,0,,0,0,0,0,0,,2335,0,1,0,0,0,0,0,3,4,0,1,3,,N,,,,,,,,,,,
2009039665,2055.0,1,0,0,0,0,0,0,0,0,8,0,,67,2,2009,7,39.9508,-75.1638,2053.0,6,0,0,0,0,0,0,0,0,,0,0,0,20,3,1,1,,0,39 57:03.048,,0,75 09:49.789,3,0,0,0,67301,0,0,0,,0,0,0,3,67301,0,,1,1,,,,,0,,1,0,0,3,2,,2047,1,2,0,0,1,0,0,3,4,0,1,3,,N,,,,,,,,,,,
2009039683,1843.0,2,0,0,0,0,0,0,0,0,4,0,,67,2,2009,1,39.9224,-75.2232,1837.0,6,0,0,0,0,0,0,0,0,,0,0,0,16,4,1,1,,0,39 55:20.711,,0,75 13:23.874,8,0,0,0,67301,0,0,0,N,0,0,0,3,67301,0,,1,1,,N,N,,0,,0,0,0,9,2,,1655,1,2,0,0,0,1,0,3,4,0,2,3,,N,,,,,,,,,,,
2009037290,820.0,0,0,0,0,0,0,0,0,0,7,0,,67,2,2009,7,40.0402,-75.0047,805.0,6,0,0,0,0,0,0,0,0,,0,0,0,3,3,0,2,,0,40 02:24.213,,0,75 00:17.510,0,0,0,0,67301,0,0,0,,0,0,0,2,67301,0,,5,1,,N,N,,1,,0,0,0,0,0,,330,0,1,0,0,0,0,0,3,4,0,1,99,,N,,,,,,,,,,,
2009039114,1151.0,1,0,0,0,0,0,0,0,0,0,0,,67,2,2009,6,39.9909,-75.1964,1749.0,6,0,0,0,0,1,0,0,0,2.0,0,0,0,11,1,1,0,,2,39 59:26.768,4.0,0,75 11:47.475,3,0,0,0,67301,0,0,0,N,0,0,0,1,67301,0,,2,1,,N,N,,0,,1,0,0,0,0,N,1139,1,1,0,0,0,0,0,3,4,0,1,3,,N,,,,,,,,,,,
2009037341,2355.0,1,0,0,0,0,0,0,0,0,4,0,,67,2,2009,4,40.0195,-75.05,2345.0,6,0,0,0,0,0,0,0,0,,0,0,0,18,3,1,1,,0,40 01:10.233,,0,75 03:00.055,8,0,0,0,67301,0,0,0,,0,0,0,2,67301,0,,1,1,,,,,1,,0,0,0,9,3,,1840,1,2,0,0,0,1,0,3,4,0,2,99,,N,,,,,,,,,,,
2009037371,1441.0,1,0,0,0,0,0,0,0,0,7,0,,67,2,2009,3,40.0009,-75.0969,1440.0,6,0,0,0,0,0,0,0,0,1.0,0,0,0,14,1,1,0,,1,40 00:03.113,3.0,0,75 05:48.699,4,0,0,0,67301,0,0,0,,0,0,0,1,67301,1,,2,1,,N,,,0,,0,0,0,0,0,N,1439,1,1,0,0,1,0,0,3,4,0,1,3,,N,,,,,,,,,,,
2009037450,340.0,4,0,0,0,0,0,0,0,0,2,0,,67,3,2009,2,39.9311,-75.1732,330.0,6,0,0,0,0,0,0,0,0,,0,0,0,3,3,0,1,,0,39 55:51.967,,0,75 10:23.350,0,0,0,0,67301,0,0,0,,0,0,0,1,67301,0,,1,7,,,,,0,,0,0,0,0,0,,320,0,4,0,0,0,0,0,3,4,0,4,10,,N,,,,,,,,,,,
2009036815,658.0,0,0,0,0,0,0,1,0,0,6,1,,67,2,2009,6,39.9396,-75.1975,654.0,6,0,0,0,0,0,0,0,0,,0,0,0,6,2,1,0,,0,39 56:22.395,,0,75 11:51.070,4,0,0,0,67301,0,0,0,,0,0,0,6,67301,1,,1,1,,,,,1,,0,0,0,3,2,,654,1,2,0,0,0,0,0,3,4,0,2,3,,N,,,,,,,,,,,
2009047096,227.0,1,0,0,0,0,0,0,0,0,7,0,,67,3,2009,6,39.925,-75.193,225.0,6,0,0,0,0,0,0,0,0,2.0,0,0,0,2,3,1,10,,2,39 55:30.165,3.0,0,75 11:34.698,3,0,0,0,67301,0,0,0,Y,0,0,0,1,67301,0,,2,1,,N,N,,0,,1,0,0,0,0,N,220,1,1,0,0,0,0,0,3,4,0,1,3,,N,,,,,,,,,,,
2009097161,1603.0,1,0,0,0,0,0,0,0,0,4,0,,67,9,2009,4,39.9182,-75.2303,1601.0,6,0,0,0,0,0,0,0,0,1.0,0,0,0,15,1,1,0,,1,39 55:05.590,1.0,0,75 13:48.966,8,0,0,0,67301,0,0,0,N,0,0,0,3,67301,0,,1,1,,N,N,,1,,0,0,0,0,0,Y,1530,1,2,0,0,0,1,0,3,4,0,2,3,,N,,,,,,,,,,,
2009094952,2010.0,3,0,0,0,0,0,0,0,0,5,0,,67,9,2009,1,39.9596,-75.1756,1959.0,6,0,0,0,0,0,1,0,0,2.0,0,0,0,19,3,2,0,,1,39 57:34.920,4.0,0,75 10:35.400,4,0,0,0,67301,0,0,0,N,0,0,0,5,68K01,1,,1,1,,N,N,,0,,0,0,0,0,0,N,1957,2,3,0,0,0,1,0,3,4,0,3,3,,N,,,,,,,,,,,
2009124388,336.0,2,0,0,0,0,0,0,0,0,4,0,,67,11,2009,1,39.9745,-75.1587,335.0,6,0,0,0,0,0,0,0,0,,0,0,0,3,3,0,1,,0,39 58:28.020,,0,75 09:31.391,0,0,0,0,67301,0,0,0,,0,0,0,6,67301,0,,1,1,,,,,0,,0,0,0,3,2,,335,0,2,0,0,0,0,0,3,4,0,2,3,,N,,,,,,,,,,,
2009096992,1838.0,2,0,0,0,0,0,0,0,0,4,0,,67,9,2009,5,39.8996,-75.1747,1838.0,6,0,0,0,0,0,0,0,0,2.0,0,0,0,18,1,4,1,,2,39 53:59.535,1.0,2,75 10:28.835,8,0,0,0,67301,0,0,0,N,0,0,0,4,67301,0,,1,1,,N,N,,0,,0,0,0,3,2,Y,1838,4,2,0,0,0,4,0,3,4,0,2,3,,N,,,,,,,,,,,
2009083762,1130.0,1,0,0,0,0,0,0,0,0,7,0,,67,7,2009,4,40.0049,-75.1662,1130.0,6,0,0,0,0,0,0,0,0,,0,0,0,11,1,1,0,,0,40 00:17.704,,0,75 09:58.181,4,0,0,0,67301,0,0,0,N,0,0,0,1,67301,1,,4,1,,N,N,,0,,0,0,0,0,0,,1129,1,1,0,0,1,0,0,3,4,0,1,3,,N,,,,,,,,,,,
2009083776,932.0,1,0,0,0,0,0,0,0,0,4,0,,67,7,2009,3,39.9498,-75.2071,930.0,6,0,0,0,0,0,0,0,0,,0,0,0,9,1,3,1,,0,39 56:59.250,,0,75 12:25.488,4,0,0,0,67301,0,0,0,N,0,0,0,3,67301,3,,1,9,,N,N,,1,,0,0,0,3,2,,925,3,2,0,0,0,0,0,3,4,0,2,7,,N,,,,,,,,,,,
2009065371,1643.0,0,0,0,0,0,0,0,0,0,1,0,,67,5,2009,3,40.0458,-75.1127,9999.0,6,0,0,0,0,0,0,0,0,,0,0,0,16,1,2,0,,0,40 02:40.3,,0,75 06:46.8,8,0,0,0,67301,0,0,0,N,0,0,0,7,67301,0,,1,9,,N,N,,1,,0,0,1,0,0,,1632,2,3,0,0,0,2,4,3,4,1,3,7,,N,,,,,,,,,,,
2009097266,1302.0,2,0,0,0,0,0,0,0,0,1,0,,67,8,2009,2,39.8946,-75.2296,1257.0,6,0,1,0,0,0,1,0,0,,0,0,0,99,1,1,2,,0,39 53:40.927,,0,75 13:46.057,4,0,0,0,67301,0,0,0,,0,0,0,2,67301,1,,1,1,,,,,0,,0,0,0,3,2,,9999,1,2,0,0,0,0,0,3,4,0,2,3,,N,,,,,,,,,,,
2009065413,1652.0,1,0,0,0,0,0,0,0,0,8,0,,67,5,2009,3,40.0661,-75.0093,1651.0,6,0,0,0,0,0,1,0,0,,0,0,0,16,1,1,0,,0,40 03:57.907,,0,75 00:33.426,3,0,0,0,67301,1,0,0,N,1,0,0,2,67301,0,,1,1,,N,N,,0,,1,0,0,0,0,,1649,1,2,0,0,0,0,0,3,4,0,1,3,,N,,,,,,,,,,,
2009065435,1407.0,2,0,0,0,0,0,0,0,0,1,0,,67,5,2009,5,40.0125,-75.0733,1402.0,6,0,0,0,0,0,0,0,0,,0,0,0,14,1,1,0,,0,40 00:45.076,,0,75 04:24.100,8,0,0,0,67301,3,0,0,N,0,0,0,4,67301,0,,1,1,,N,N,,0,,0,0,0,0,0,,1400,1,3,0,0,0,1,0,3,4,1,3,3,,N,,,,,,,,,,,
2009065443,1854.0,1,0,0,0,0,0,0,0,0,5,0,,67,5,2009,4,39.9358,-75.1563,1852.0,6,0,0,0,0,0,0,0,0,,0,0,0,18,1,1,1,,0,39 56:08.829,,0,75 09:22.557,3,0,0,0,67301,2,0,0,N,1,0,0,2,67301,0,,4,1,,N,N,,0,,1,0,0,3,2,,1850,1,2,0,0,0,0,0,3,4,0,1,3,,N,,,,,,,,,,,
2009065459,1709.0,2,0,0,0,0,0,0,0,0,1,0,,67,5,2009,3,39.9463,-75.2437,1709.0,6,0,0,0,0,0,0,0,0,,0,0,0,17,1,1,0,,0,39 56:46.615,,0,75 14:37.431,4,0,0,0,67301,0,0,0,N,0,0,0,2,67301,1,,1,1,,N,N,,0,,0,0,1,3,2,,1705,1,4,0,0,0,0,0,3,4,0,3,3,,N,,,,,,,,,,,
2009118954,2125.0,2,0,0,0,0,0,0,0,0,4,0,,67,10,2009,6,40.0092,-75.1967,2120.0,6,0,0,0,0,0,1,0,0,1.0,0,0,0,21,3,0,1,,1,40 00:30.056,6.0,0,75 11:40.124,0,0,0,0,67301,0,0,0,N,0,0,0,5,67301,0,,1,9,,N,N,,0,,0,0,0,3,2,Y,2120,0,2,0,0,0,0,0,3,4,0,2,7,,N,,,,,,,,,,,
2009111224,1245.0,2,0,0,0,0,0,0,0,0,4,0,,67,10,2009,7,39.9206,-75.2467,1235.0,6,0,0,0,0,0,0,0,0,,0,0,0,99,1,2,0,,0,39 55:14.308,,0,75 14:47.994,8,0,0,0,67301,0,0,0,,0,0,0,2,67301,0,,1,9,,N,N,,0,,0,0,0,0,0,,9999,2,2,0,0,0,2,0,3,4,0,2,7,,N,,,,,,,,,,,
2009111237,1015.0,1,0,0,0,0,0,0,0,0,8,0,,67,10,2009,7,40.0284,-75.1417,10.0,6,0,0,0,0,0,0,0,0,,0,0,0,9,1,1,0,,0,40 01:42.393,,0,75 08:30.098,4,0,0,0,67301,1,0,0,N,1,0,0,2,67301,1,,1,9,,N,N,,0,,0,0,0,0,0,,930,1,2,0,0,0,0,1,3,4,0,1,7,,N,,,,,,,,,,,
2009045366,1617.0,2,0,0,0,0,0,0,0,0,1,0,,67,4,2009,6,39.9097,-75.149,1610.0,6,0,0,0,0,0,0,1,0,,0,0,0,16,1,0,0,,0,39 54:40.029,,0,75 08:55.673,0,0,0,0,67301,0,0,0,N,0,0,0,3,68K01,0,,1,1,,N,N,,0,,0,0,0,0,0,,1606,0,2,0,0,1,0,0,3,4,0,2,3,,N,,,,,,,,,,,
2009071417,1846.0,1,0,0,0,0,0,0,0,0,5,0,,67,5,2009,6,40.0374,-75.191,1843.0,6,0,0,0,0,0,0,1,0,9.0,0,0,0,18,1,1,0,,1,40 02:14.772,2.0,0,75 11:27.636,8,0,0,0,67301,0,0,0,N,0,0,0,2,67301,0,,1,9,,N,N,,0,,0,0,1,0,0,Y,1841,1,2,0,0,0,1,0,3,4,0,2,7,,N,,,,,,,,,,,
2009061117,1034.0,0,0,0,0,0,0,0,0,0,7,1,,67,6,2009,3,39.9583,-75.1804,1002.0,6,0,0,0,0,0,0,0,0,2.0,0,1,0,9,1,0,6,,1,39 57:34.560,3.0,8,75 10:51.600,0,0,0,0,67301,0,0,0,N,0,0,0,1,68K01,0,,7,9,,N,N,,0,,0,0,0,0,0,N,956,0,1,0,0,0,0,0,3,4,0,1,3,,N,,,,,,,,,,,
2009110039,1359.0,0,0,0,0,0,0,0,0,0,7,0,,67,10,2009,6,39.987,-75.0878,1354.0,6,0,0,0,0,0,0,0,0,,0,0,0,13,1,0,6,,0,39 59:13.200,,2,75 05:16.080,0,0,0,0,67301,0,0,0,Y,0,0,0,1,68K01,0,,2,1,,N,N,,0,,0,0,1,3,4,,1346,0,1,0,0,0,0,0,3,4,0,1,3,,N,,,,,,,,,,,
2009100703,1913.0,1,0,0,0,0,0,0,0,0,8,0,,67,9,2009,3,39.9305,-75.1683,1913.0,6,0,0,0,0,0,0,0,0,,0,0,0,4,6,1,1,,0,39 55:49.503,,0,75 10:05.905,4,0,0,0,67301,1,0,0,N,1,0,0,2,67301,1,,1,1,,N,N,,0,,0,0,0,3,2,,430,1,2,0,0,0,0,0,3,4,0,1,99,,N,,,,,,,,,,,
2009100718,810.0,1,0,0,0,0,0,0,0,0,8,0,,67,9,2009,6,40.0043,-75.1281,801.0,6,0,0,0,0,0,0,0,0,,0,0,0,7,1,2,1,,0,40 00:15.609,,0,75 07:41.037,3,0,0,0,67301,2,0,0,N,2,0,0,3,67301,1,,1,9,,N,N,,0,,1,0,0,3,2,,751,2,3,0,0,0,0,0,3,4,0,1,7,,N,,,,,,,,,,,
2009100755,1150.0,1,0,0,0,0,0,0,0,0,1,0,,67,9,2009,5,40.0402,-75.214,1145.0,6,0,1,0,0,0,1,0,0,9.0,0,0,0,11,1,1,2,,1,40 02:25.153,1.0,0,75 12:51.058,4,0,0,0,67301,0,0,0,N,0,0,0,2,67301,1,,1,1,,N,N,,0,,0,0,1,0,0,N,1145,1,2,0,0,0,0,1,3,4,0,2,3,,N,,,,,,,,,,,
2009100769,1431.0,2,0,0,0,0,0,0,0,0,4,0,,67,9,2009,6,40.0723,-75.0482,1424.0,6,0,1,0,0,0,0,0,0,,0,0,0,14,1,1,0,,0,40 04:20.129,,0,75 02:53.399,4,0,0,0,67301,0,0,0,,0,0,0,3,67301,1,,1,9,,,,,0,,0,0,0,0,0,,1407,1,2,0,0,0,0,0,3,4,0,2,7,,N,,,,,,,,,,,
2009027577,737.0,1,0,0,0,0,0,0,0,0,7,0,,67,3,2009,1,39.9764,-75.1146,737.0,6,0,0,0,0,0,0,0,0,,0,0,0,6,1,0,0,,0,39 58:41.313,,0,75 06:40.779,0,0,0,0,67301,0,0,0,N,0,0,0,1,68K01,0,,4,6,,N,N,,0,,0,0,0,0,0,,638,0,1,0,0,0,0,0,3,4,0,1,98,,N,,,,,,,,,,,
2009035491,200.0,1,0,0,0,0,0,0,0,0,7,0,,67,3,2009,1,40.0006,-75.0796,155.0,6,0,0,0,0,0,0,0,0,,0,0,0,1,3,0,10,,0,40 00:01.800,,0,75 04:46.920,0,0,0,0,67301,0,0,0,N,0,0,0,4,68K01,0,,3,1,,N,N,,0,,0,0,0,0,0,,145,0,1,0,0,2,0,0,3,4,0,1,3,,N,,,,,,,,,,,
2009030800,324.0,1,0,0,0,0,0,0,0,0,7,0,,67,1,2009,6,40.0367,-75.1584,320.0,6,0,0,0,0,0,0,0,0,,0,0,0,3,3,1,1,,0,40 02:12.109,,0,75 09:30.211,8,0,0,0,67301,0,0,0,N,0,0,0,2,67301,0,,5,1,,N,N,,0,,0,0,0,3,2,,300,1,1,0,0,1,1,0,3,4,0,1,3,,N,,,,,,,,,,,
2009023225,756.0,2,0,0,0,0,0,0,0,0,1,0,,67,2,2009,5,39.9579,-75.1624,738.0,6,0,0,0,0,0,1,0,0,,0,0,0,7,1,0,0,,0,39 57:28.440,,0,75 09:44.640,0,0,0,0,67301,0,0,0,N,0,0,0,5,68K01,0,,1,1,,N,N,,2,,0,0,0,0,0,,728,0,5,0,0,0,0,0,3,4,1,5,3,,N,,,,,,,,,,,
2009025893,352.0,2,0,0,0,0,0,0,0,0,5,0,,67,1,2009,7,39.9875,-75.1625,345.0,6,0,0,0,0,0,0,0,0,,0,0,0,3,3,0,0,,0,39 59:15.025,,0,75 09:45.057,0,0,0,0,67301,0,0,0,N,0,0,0,1,67301,0,,6,1,,N,N,,0,,0,0,1,0,0,,340,0,3,0,0,1,0,0,3,4,0,3,3,,N,,,,,,,,,,,
2009027341,910.0,1,0,0,0,0,0,0,0,0,1,0,,67,2,2009,5,39.9772,-75.1997,910.0,6,0,0,0,0,0,1,0,0,,0,0,0,9,1,0,0,,0,39 58:39.231,,0,75 12:03.689,0,0,0,0,67301,0,0,0,N,0,0,0,2,68K03,0,,1,1,,N,N,,1,,0,0,0,0,0,,908,0,2,0,0,0,0,0,3,4,0,2,3,,N,,,,,,,,,,,
2009035243,659.0,1,0,0,0,0,0,0,0,0,5,2,,67,3,2009,2,39.9276,-75.1956,649.0,6,0,0,0,0,0,2,0,0,1.0,0,2,0,6,1,0,0,,2,39 55:40.837,4.0,0,75 11:45.395,0,0,0,0,67301,0,0,0,N,0,0,0,3,68K01,0,,1,1,,N,N,,0,,0,0,0,0,0,N,647,0,3,0,0,0,0,0,3,4,0,3,3,,N,,,,,,,,,,,
2009030466,2127.0,1,0,0,0,0,0,0,0,0,7,0,,67,1,2009,4,40.0743,-75.0347,2120.0,6,0,0,0,0,0,0,0,0,9.0,0,0,0,21,3,0,0,,1,40 04:27.355,1.0,0,75 02:04.831,0,0,0,0,67301,0,0,0,,0,0,0,2,67301,0,,2,2,,,,,0,,0,0,0,3,2,N,2115,0,1,0,0,0,0,0,3,4,0,1,99,,N,,,,,,,,,,,
2009038270,1827.0,3,0,0,0,0,0,0,0,0,1,0,,67,4,2009,6,39.9598,-75.1774,1827.0,6,0,0,0,0,0,0,0,0,,0,0,0,18,1,2,0,,0,39 57:36.248,,0,75 10:45.840,8,0,0,0,67301,0,0,0,N,0,0,0,3,68K01,0,,1,1,,N,N,,0,,0,0,0,0,0,,1822,2,3,0,0,0,2,0,3,4,0,3,3,,N,,,,,,,,,,,
2009025357,725.0,0,0,0,0,0,0,0,0,0,7,0,,67,1,2009,5,39.9477,-75.1986,716.0,6,0,0,0,0,0,0,0,0,,0,0,0,6,1,0,2,,0,39 56:51.749,,0,75 11:55.038,0,0,0,0,67301,0,0,0,N,0,0,0,1,67301,0,,5,1,,N,N,,0,,0,0,1,3,2,,650,0,2,0,0,0,0,0,3,4,0,1,3,,N,,,,,,,,,,,
2009025377,1329.0,0,0,0,0,0,0,0,0,0,4,0,,67,1,2009,5,39.9533,-75.1838,1324.0,6,0,0,0,0,0,1,0,0,,0,0,0,11,1,0,1,,0,39 57:12.004,,0,75 11:01.526,0,0,0,0,67301,0,0,0,N,0,0,0,4,67301,0,,1,1,,N,N,,0,,0,0,2,3,2,,1110,0,2,0,0,0,0,0,3,4,0,2,3,,N,,,,,,,,,,,
2009096788,1936.0,0,0,0,0,0,0,0,0,0,7,0,,67,9,2009,7,40.0049,-75.0761,1925.0,6,0,0,0,0,0,0,0,0,,0,0,0,19,3,1,0,,0,40 00:17.292,,0,75 04:34.361,4,0,0,0,67301,0,0,0,N,0,0,0,1,68K01,1,,2,1,,N,N,,0,,0,0,1,0,0,,1923,1,1,0,0,0,0,0,3,4,0,1,3,,N,,,,,,,,,,,
2009111755,1115.0,1,0,0,0,0,0,0,0,0,7,0,,67,10,2009,5,40.0332,-75.1967,1100.0,6,0,0,0,0,0,0,0,0,,0,0,0,12,1,1,0,,0,40 01:59.585,,0,75 11:49.631,3,0,0,0,67301,0,0,0,,0,0,0,1,67301,0,,2,1,,,,,0,,1,0,0,0,0,,1200,1,1,0,0,1,0,0,3,4,0,1,3,,N,,,,,,,,,,,
2009125596,1834.0,1,0,0,0,0,0,0,0,0,1,0,,67,12,2009,4,39.9652,-75.1856,1824.0,6,0,0,0,0,0,1,0,0,,0,0,0,18,3,1,0,,0,39 58:00.840,,0,75 11:16.080,4,0,0,0,67301,0,0,0,N,0,0,0,5,68K01,1,,1,9,,N,N,,0,,0,0,2,0,0,,1823,1,3,0,0,0,0,0,3,4,0,3,7,,N,,,,,,,,,,,
2009125236,1050.0,1,0,0,0,0,0,0,0,0,9,0,,67,11,2009,2,39.9275,-75.2435,1045.0,6,0,0,0,0,0,0,0,0,,0,0,0,10,1,1,3,,0,39 55:38.879,,0,75 14:36.471,4,0,0,0,67301,0,0,0,N,0,0,0,1,67301,1,,1,1,,N,N,,0,,0,0,0,0,0,,1036,1,1,0,0,0,0,0,3,4,0,1,3,,N,,,,,,,,,,,
2009111834,1305.0,1,0,0,0,0,0,0,0,0,1,1,,67,9,2009,4,40.0742,-75.0347,1253.0,6,0,0,0,0,0,0,0,0,1.0,0,1,0,12,1,1,1,,1,40 04:27.147,1.0,0,75 02:05.032,8,0,0,0,67301,0,0,0,N,0,0,0,4,67301,0,,1,1,,N,N,,0,,0,0,0,3,2,N,1245,1,2,0,0,0,1,0,3,4,0,2,3,,N,,,,,,,,,,,
2009111838,1959.0,2,0,0,0,0,0,0,0,0,4,0,,67,10,2009,1,,,1956.0,6,0,0,0,0,1,0,0,0,,0,0,0,19,3,1,0,,0,,,0,,3,0,0,0,67301,0,0,0,,0,0,0,2,67301,0,,1,1,,,,,0,,1,0,0,0,0,,1930,1,3,0,0,0,0,0,3,3,0,3,3,,N,,,,,,,,,,,