CRN,ARRIVAL_TM,AUTOMOBILE_COUNT,BELTED_DEATH_COUNT,BELTED_SUSP_SERIOUS_INJ_COUNT,BICYCLE_COUNT,BICYCLE_DEATH_COUNT,BICYCLE_SUSP_SERIOUS_INJ_COUNT,BUS_COUNT,CHLDPAS_DEATH_COUNT,CHLDPAS_SUSP_SERIOUS_INJ_COUNT,COLLISION_TYPE,COMM_VEH_COUNT,CONS_ZONE_SPD_LIM,COUNTY,CRASH_MONTH,CRASH_YEAR,DAY_OF_WEEK,DEC_LAT,DEC_LONG,DISPATCH_TM,DISTRICT,DRIVER_COUNT_16YR,DRIVER_COUNT_17YR,DRIVER_COUNT_18YR,DRIVER_COUNT_19YR,DRIVER_COUNT_20YR,DRIVER_COUNT_50_64YR,DRIVER_COUNT_65_74YR,DRIVER_COUNT_75PLUS,EST_HRS_CLOSED,FATAL_COUNT,HEAVY_TRUCK_COUNT,HORSE_BUGGY_COUNT,HOUR_OF_DAY,ILLUMINATION,INJURY_COUNT,INTERSECT_TYPE,INTERSECTION_RELATED,LANE_CLOSED,LATITUDE,LN_CLOSE_DIR,LOCATION_TYPE,LONGITUDE,MAX_SEVERITY_LEVEL,MCYCLE_DEATH_COUNT,MCYCLE_SUSP_SERIOUS_INJ_COUNT,MOTORCYCLE_COUNT,MUNICIPALITY,NONMOTR_COUNT,NONMOTR_DEATH_COUNT,NONMOTR_SUSP_SERIOUS_INJ_COUNT,NTFY_HIWY_MAINT,PED_COUNT,PED_DEATH_COUNT,PED_SUSP_SERIOUS_INJ_COUNT,PERSON_COUNT,POLICE_AGCY,POSSIBLE_INJ_COUNT,RDWY_SURF_TYPE_CD,RELATION_TO_ROAD,ROAD_CONDITION,ROADWAY_CLEARED,SCH_BUS_IND,SCH_ZONE_IND,SECONDARY_CRASH,SMALL_TRUCK_COUNT,SPEC_JURIS_CD,SUSP_MINOR_INJ_COUNT,SUSP_SERIOUS_INJ_COUNT,SUV_COUNT,TCD_FUNC_CD,TCD_TYPE,TFC_DETOUR_IND,TIME_OF_DAY,TOT_INJ_COUNT,TOTAL_UNITS,UNB_DEATH_COUNT,UNB_SUSP_SERIOUS_INJ_COUNT,UNBELTED_OCC_COUNT,UNK_INJ_DEG_COUNT,UNK_INJ_PER_COUNT,URBAN_AREA,URBAN_RURAL,VAN_COUNT,VEHICLE_COUNT,WEATHER1,WEATHER2,WORK_ZONE_IND,WORK_ZONE_LOC,WORK_ZONE_TYPE,WORKERS_PRES,WZ_CLOSE_DETOUR,WZ_FLAGGER,WZ_LAW_OFFCR_IND,WZ_LN_CLOSURE,WZ_MOVING,WZ_OTHER,WZ_SHLDER_MDN,WZ_WORKERS_INJ_KILLED
2009111855,1740.0,2,0,0,0,0,0,0,0,0,5,0,,67,10,2009,5,,,1735.0,6,0,0,0,0,0,0,0,0,,0,0,0,17,1,2,0,,0,,,0,,4,0,0,0,67301,0,0,0,,0,0,0,2,67301,2,,1,1,,,,,0,,0,0,0,3,3,,1730,2,2,0,0,0,0,0,3,3,0,2,3,,N,,,,,,,,,,,
2009037476,1335.0,0,0,0,0,0,0,0,0,0,1,1,,67,2,2009,5,39.9198,-75.2322,1327.0,6,0,0,0,0,0,2,0,0,,0,1,0,13,1,1,0,,0,39 55:11.305,,0,75 13:55.934,8,0,0,0,67301,0,0,0,N,0,0,0,4,67301,0,,1,1,,N,N,,1,,0,0,1,3,2,,1325,1,3,0,0,0,1,0,3,4,0,3,3,,N,,,,,,,,,,,
2009049763,9999.0,1,0,0,0,0,0,0,0,0,1,0,,67,2,2009,3,39.9869,-75.161,1953.0,6,0,0,0,0,0,0,0,0,,0,0,0,19,3,1,1,,0,39 59:12.926,,0,75 09:39.761,2,0,0,0,67301,0,0,0,N,0,0,0,6,67301,0,,1,9,,N,N,,0,,0,1,1,9,2,,1952,1,2,0,0,0,0,0,3,4,0,2,10,,N,,,,,,,,,,,
2009049787,1546.0,1,0,0,0,0,0,0,0,0,8,0,,67,4,2009,5,40.0197,-75.1146,1540.0,6,0,0,0,0,1,0,0,0,,0,0,0,99,1,1,2,,0,40 01:11.210,,0,75 06:52.635,4,0,0,0,67301,1,0,0,N,1,0,0,3,67301,1,,1,1,,N,N,,0,,0,0,0,0,0,,9999,1,2,0,0,0,0,0,3,4,0,1,3,,N,,,,,,,,,,,
2009037398,908.0,1,0,0,0,0,0,0,0,0,4,0,,67,3,2009,6,40.0659,-75.1765,905.0,6,0,0,0,0,0,1,0,0,,0,0,0,8,1,0,1,,0,40 03:57.203,,0,75 10:35.464,0,0,0,0,67301,0,0,0,N,0,0,0,4,67301,0,,1,1,,N,N,,0,,0,0,1,3,3,,842,0,2,0,0,0,0,0,3,4,0,2,3,,N,,,,,,,,,,,
2009037323,241.0,1,0,0,0,0,0,0,0,0,8,0,,67,3,2009,1,40.0545,-75.0859,240.0,6,0,0,0,0,0,0,0,0,,0,0,0,2,3,1,0,,0,40 03:16.236,,0,75 05:09.134,4,0,0,0,67301,1,0,0,N,1,0,0,2,67301,1,,1,9,,N,N,,0,,0,0,0,0,0,,230,1,2,0,0,0,0,1,3,4,0,1,9,,N,,,,,,,,,,,
2009037444,1559.0,1,0,0,0,0,0,0,0,0,8,0,,67,3,2009,4,40.0336,-75.0285,1550.0,6,0,0,0,0,0,1,0,0,,0,0,0,15,1,1,1,,0,40 02:00.800,,0,75 01:42.689,8,0,0,0,67301,1,0,0,N,1,0,0,2,67301,0,,1,9,,N,N,,0,,0,0,0,0,0,,1545,1,2,0,0,0,1,0,3,4,0,1,7,,N,,,,,,,,,,,
2009039281,850.0,1,0,0,0,0,0,0,0,0,7,0,,67,3,2009,1,39.9214,-75.1906,845.0,6,0,0,0,0,0,0,0,0,1.0,0,0,0,8,1,0,0,,2,39 55:17.220,2.0,1,75 11:26.160,0,0,0,0,67301,0,0,0,N,0,0,0,1,67301,0,,3,9,,N,N,,0,,0,0,0,0,0,N,835,0,1,0,0,0,0,0,3,4,0,1,10,,N,,,,,,,,,,,
2009049630,830.0,2,0,0,0,0,0,0,0,0,4,0,,67,4,2009,5,39.9211,-75.2242,824.0,6,0,0,0,0,0,0,0,0,,0,0,0,8,1,2,1,,0,39 55:15.960,,0,75 13:27.120,3,0,0,0,67301,0,0,0,N,0,0,0,2,67301,1,,1,1,,N,N,,0,,1,0,0,3,1,,813,2,2,0,0,0,0,0,3,4,0,2,3,,N,,,,,,,,,,,
2009049634,839.0,1,0,0,0,0,0,1,0,0,1,1,,67,3,2009,2,39.9736,-75.2098,835.0,6,0,0,0,0,0,0,0,0,,0,0,0,8,1,0,2,,0,39 58:24.814,,0,75 12:35.304,0,0,0,0,67301,0,0,0,N,0,0,0,2,67301,0,,1,1,,Y,,,0,,0,0,0,3,2,,825,0,2,0,0,0,0,0,3,4,0,2,3,,N,,,,,,,,,,,
2009044448,2248.0,1,0,0,0,0,0,0,0,0,5,0,,67,3,2009,5,39.931,-75.2295,2238.0,6,0,0,0,0,0,0,0,0,,0,0,0,21,3,1,0,,0,39 55:51.618,,0,75 13:46.225,4,0,0,0,67301,0,0,0,N,0,0,0,3,67301,1,,1,1,,N,N,,0,,0,0,1,0,0,,2113,1,2,0,0,0,0,0,3,4,0,2,3,,N,,,,,,,,,,,
2009124454,1155.0,1,0,0,0,0,0,0,0,0,7,0,,67,11,2009,5,40.0422,-75.1111,1151.0,6,0,0,0,0,0,0,0,0,,0,0,0,11,1,1,0,,0,40 02:32.067,,0,75 06:40.024,3,0,0,0,67301,0,0,0,,0,0,0,1,67301,0,,5,9,,,,,0,,1,0,0,0,0,,1149,1,1,0,0,0,0,0,3,4,0,1,7,,N,,,,,,,,,,,
2009131707,1603.0,1,0,0,0,0,0,0,0,0,7,0,,67,12,2009,2,39.956,-75.1416,1547.0,6,0,0,0,0,0,0,0,0,,0,0,0,15,1,1,7,,0,39 57:21.595,,2,75 08:29.734,8,0,0,0,67301,0,0,0,N,0,0,0,1,68K01,0,,3,1,,N,N,,0,,0,0,0,0,0,,1538,1,1,0,0,0,1,0,3,4,0,1,3,,N,,,,,,,,,,,
2009097109,36.0,0,0,0,0,0,0,0,0,0,0,0,,67,9,2009,7,40.0214,-75.14,27.0,6,0,0,0,0,0,0,0,0,,0,0,0,0,3,1,0,,0,40 01:17.092,,0,75 08:24.098,4,0,0,1,67301,0,0,0,N,0,0,0,1,67301,1,,1,1,,N,N,,0,,0,0,0,3,2,,5,1,1,0,0,0,0,0,3,4,0,1,3,,N,,,,,,,,,,,
2009097186,1803.0,1,0,0,0,0,0,0,0,0,8,0,,67,8,2009,6,39.9211,-75.1738,1758.0,6,0,0,0,0,0,0,0,0,,0,0,0,17,1,1,1,,0,39 55:15.927,,0,75 10:25.586,3,0,0,0,67301,1,0,0,,1,0,0,2,67301,0,,1,9,,,,,0,,1,0,0,3,2,,1758,1,2,0,0,0,0,0,3,4,0,1,7,,N,,,,,,,,,,,
2009097196,2005.0,1,0,0,0,0,0,0,0,0,4,0,,67,9,2009,4,40.0564,-75.0751,2001.0,6,0,0,0,0,0,0,1,0,,0,0,0,20,3,2,1,,0,40 03:22.903,,0,75 04:30.486,4,0,0,0,67301,0,0,0,,0,0,0,3,67301,2,,1,1,,,,,0,,0,0,1,1,2,,2000,2,2,0,0,0,0,0,3,4,0,2,3,,N,,,,,,,,,,,
2009102328,1502.0,0,0,0,0,0,0,0,0,0,7,0,,67,10,2009,1,39.9541,-75.1395,1502.0,6,0,0,0,0,0,0,0,0,,0,0,0,15,1,1,0,,0,39 57:14.869,,3,75 08:22.327,3,0,0,1,67301,0,0,0,N,0,0,0,1,67501,0,,1,1,,N,N,,0,,1,0,0,3,8,,1502,1,1,0,0,0,0,0,3,4,0,1,3,,N,,,,,,,,,,,
2009124282,1943.0,0,0,0,1,0,0,0,0,0,5,0,,67,11,2009,6,39.9814,-75.1276,1939.0,6,0,0,0,0,0,0,0,0,,0,0,0,99,3,1,1,,0,39 58:53.180,,0,75 07:39.465,8,0,0,0,67301,1,0,0,N,0,0,0,2,67301,0,,1,1,,N,N,,0,,0,0,1,3,2,,9999,1,2,0,0,0,1,0,3,4,0,1,3,,N,,,,,,,,,,,
2009121843,1421.0,1,0,0,0,0,0,0,0,0,1,0,,67,10,2009,6,39.9501,-75.1706,1411.0,6,0,0,0,0,0,1,0,0,,0,0,0,99,1,1,1,,0,39 57:00.482,,0,75 10:14.160,4,0,0,0,67301,0,0,0,N,0,0,0,3,67301,1,,1,1,,N,N,,0,,0,0,1,3,2,,9999,1,3,0,0,0,0,0,3,4,1,3,3,,N,,,,,,,,,,,
2009060270,1700.0,1,0,0,0,0,0,0,0,0,8,0,,67,5,2009,2,39.9904,-75.116,1650.0,6,0,0,0,0,0,0,0,0,,0,0,0,15,1,1,0,,0,39 59:25.546,,0,75 06:57.454,3,0,0,0,67301,1,0,0,N,1,0,0,2,67301,0,,1,1,,,,,0,,1,0,0,0,0,,1515,1,2,0,0,0,0,0,3,4,0,1,3,,N,,,,,,,,,,,
2009134060,1429.0,2,0,0,0,0,0,0,0,0,4,0,,67,12,2009,1,40.0536,-74.9864,1424.0,6,0,0,0,0,0,0,0,0,,0,0,0,14,1,0,0,,0,40 03:12.715,,0,74 59:11.346,0,0,0,0,67301,0,0,0,Y,0,0,0,3,68K02,0,,3,1,,N,N,,0,,0,0,0,0,0,,1423,0,2,0,0,0,0,0,3,4,0,2,3,,N,,,,,,,,,,,
2009109612,1456.0,1,0,0,0,0,0,0,0,0,7,0,,67,10,2009,7,39.923,-75.191,1455.0,6,0,0,0,0,0,0,0,0,1.0,0,0,0,14,1,0,0,,1,39 55:30.581,4.0,0,75 11:35.978,0,0,0,0,67301,0,0,0,N,0,0,0,1,68K01,0,,2,9,,N,N,,0,,0,0,0,0,0,N,1441,0,1,0,0,0,0,0,3,4,0,1,7,,N,,,,,,,,,,,
2009111664,855.0,1,0,0,0,0,0,0,0,0,7,0,,67,10,2009,6,39.9888,-75.1202,850.0,6,0,0,0,0,0,0,0,0,,0,0,0,8,1,0,1,,0,39 59:19.554,,0,75 07:12.678,0,0,0,0,67301,0,0,0,N,0,0,0,1,67301,0,,5,9,,N,Y,,0,,0,0,0,3,2,,835,0,1,0,0,1,0,0,3,4,0,1,7,,N,,,,,,,,,,,
2009111764,150.0,1,0,0,0,0,0,0,0,0,2,1,,67,10,2009,5,39.9075,-75.1512,140.0,6,0,0,0,0,0,0,0,0,1.0,0,1,0,99,3,1,2,,1,39 54:26.956,2.0,0,75 09:04.460,4,0,0,0,67301,0,0,0,,0,0,0,2,67301,1,,1,1,,,,,0,,0,0,0,3,2,N,9999,1,2,0,0,0,0,0,3,4,0,2,3,,N,,,,,,,,,,,
2009111788,2037.0,2,0,0,0,0,0,0,0,0,7,0,,67,10,2009,4,39.9557,-75.2156,2026.0,6,0,0,0,0,0,0,0,0,,0,0,0,20,3,1,1,,0,39 57:20.650,,0,75 12:56.102,4,0,0,0,67301,0,0,0,N,0,0,0,1,67301,1,,5,1,,N,N,,0,,0,0,0,3,2,,2026,1,2,0,0,0,0,0,3,4,0,2,3,,N,,,,,,,,,,,
2009111797,229.0,0,0,0,0,0,0,0,0,0,7,0,,67,10,2009,4,39.948,-75.1414,227.0,6,0,0,0,0,0,0,0,0,,0,0,0,2,3,1,0,,0,39 56:42.548,,0,75 08:31.305,4,0,0,0,67301,0,0,0,,0,0,0,2,67301,1,,2,1,,N,,,0,,0,0,1,3,2,,225,1,1,0,0,0,0,0,3,4,0,1,3,,N,,,,,,,,,,,
2009125180,2135.0,1,0,0,0,0,0,0,0,0,7,0,,67,11,2009,2,40.0429,-75.0563,2135.0,6,0,0,0,0,0,0,0,0,3.0,0,0,0,21,3,1,0,,2,40 02:34.321,2.0,0,75 03:22.606,2,0,0,0,67301,0,0,0,Y,0,0,0,1,67301,0,,3,1,,N,N,,0,,0,1,0,0,0,Y,2135,1,1,0,1,1,0,0,3,4,0,1,3,,N,,,,,,,,,,,
2009111878,2330.0,1,0,0,0,0,0,0,0,0,4,0,,67,10,2009,6,40.0108,-75.1266,2328.0,6,0,0,0,0,0,0,0,0,,0,0,0,23,3,3,1,,0,40 00:38.808,,0,75 07:35.921,4,0,0,0,67301,0,0,0,N,0,0,0,3,67301,3,,1,1,,N,N,,0,,0,0,1,9,2,,2328,3,2,0,0,0,0,0,3,4,0,2,3,,N,,,,,,,,,,,
2009044363,1818.0,2,0,0,0,0,0,0,0,0,4,0,,67,3,2009,6,40.045,-75.1235,1814.0,6,0,0,0,0,1,0,0,0,,0,0,0,18,1,2,1,,0,40 02:41.967,,0,75 07:24.668,4,0,0,0,67301,0,0,0,N,0,0,0,4,67301,2,,1,1,,N,N,,0,,0,0,0,3,2,,1810,2,2,0,0,0,0,0,3,4,0,2,3,,N,,,,,,,,,,,
2009044376,2045.0,0,0,0,0,0,0,0,0,0,1,0,,67,3,2009,1,39.9357,-75.1993,2033.0,6,0,0,0,0,0,0,0,0,,0,0,0,20,3,4,0,,0,39 56:08.529,,2,75 11:57.339,4,0,0,0,67301,0,0,0,N,0,0,0,4,67301,4,,1,9,,N,N,,0,,0,0,2,3,3,,2007,4,2,0,0,4,0,0,3,4,0,2,7,,N,,,,,,,,,,,
2009037494,735.0,1,0,0,0,0,0,0,0,0,8,0,,67,2,2009,2,39.9804,-75.089,730.0,6,0,0,0,0,0,0,1,0,2.0,0,0,0,7,1,1,2,,1,39 58:49.576,3.0,0,75 05:20.303,4,0,0,0,67301,1,0,0,N,1,0,0,2,67301,1,,1,1,,N,N,,0,,0,0,0,3,3,N,720,1,2,0,0,0,0,0,3,4,0,1,3,,N,,,,,,,,,,,
2009027125,1620.0,2,0,0,0,0,0,0,0,0,1,0,,67,1,2009,2,39.9818,-75.1339,1600.0,6,0,0,0,0,0,0,0,0,,0,0,0,16,1,1,2,,0,39 58:54.357,,0,75 08:02.187,8,0,0,0,67301,0,0,0,,0,0,0,3,67301,0,,1,1,,,,,0,,0,0,0,3,3,,1600,1,2,0,0,0,1,0,3,4,0,2,3,,N,,,,,,,,,,,
2009036627,546.0,1,0,0,0,0,0,0,0,0,7,0,,67,2,2009,5,40.1314,-75.0134,544.0,6,0,0,0,0,0,1,0,0,3.0,1,0,0,5,3,1,0,,2,40 07:52.206,5.0,0,75 00:49.142,1,0,0,0,67301,0,0,0,N,0,0,0,2,67301,0,2.0,4,1,,N,N,,0,0.0,0,0,0,0,0,Y,540,1,2,1,0,1,1,0,3,4,1,2,3,,N,,,,,,,,,,,
2009039091,301.0,0,0,0,0,0,0,0,0,0,5,1,,67,2,2009,2,40.0856,-75.0239,300.0,6,0,0,1,0,0,1,0,0,3.0,0,1,0,2,3,0,0,,1,40 04:52.101,5.0,0,75 01:41.631,0,0,0,0,67301,0,0,0,N,0,0,0,2,67301,0,,1,1,,N,N,,0,,0,0,1,0,0,N,258,0,2,0,0,0,0,0,3,4,0,2,3,,N,,,,,,,,,,,
2009039100,1158.0,1,0,0,0,0,0,0,0,0,8,0,,67,2,2009,6,40.0424,-75.0827,1156.0,6,0,0,0,0,0,0,0,0,,0,0,0,11,1,1,1,,0,40 02:32.501,,0,75 04:57.931,4,0,0,0,67301,1,0,0,N,1,0,0,2,67301,1,,1,1,,N,N,,0,,0,0,0,3,2,,1150,1,2,0,0,0,0,1,3,4,0,1,3,,N,,,,,,,,,,,
2009037366,1359.0,0,0,0,0,0,0,0,0,0,8,0,,67,2,2009,3,39.9559,-75.2339,1356.0,6,0,0,0,0,0,0,0,0,,0,0,0,13,1,1,0,,0,39 57:21.376,,0,75 14:02.144,8,0,0,0,67301,1,0,0,N,1,0,0,2,67301,0,,1,1,,N,N,,0,,0,0,1,0,0,,1357,1,2,0,0,0,1,0,3,4,0,1,3,,N,,,,,,,,,,,
2009037427,2047.0,3,0,0,0,0,0,0,0,0,4,0,,67,2,2009,7,39.9229,-75.2263,2045.0,6,0,0,0,0,0,0,0,0,,0,0,0,20,3,2,1,,0,39 55:22.497,,0,75 13:34.820,4,0,0,0,67301,1,0,0,N,0,0,0,4,67301,1,,1,1,,N,N,,0,,0,0,0,3,2,,2030,2,3,0,0,0,1,0,3,4,0,3,3,,N,,,,,,,,,,,
2009049640,1910.0,2,0,0,0,0,0,0,0,0,4,0,,67,4,2009,3,40.1317,-75.0122,1850.0,6,0,0,0,0,0,0,0,0,,0,0,0,18,1,1,1,,0,40 07:53.956,,0,75 00:43.926,8,0,0,0,67301,0,0,0,N,0,0,0,6,67301,0,,1,1,,N,N,,0,,0,0,0,0,0,,1830,1,2,0,0,0,1,5,3,4,0,2,3,,N,,,,,,,,,,,
2009047079,1022.0,2,0,0,0,0,0,0,0,0,1,1,,67,4,2009,5,39.9052,-75.1294,1022.0,6,0,0,0,0,0,0,0,1,,0,1,0,10,1,1,0,,0,39 54:18.775,,0,75 07:45.665,3,0,0,0,67301,0,0,0,N,0,0,0,3,67501,0,,1,1,,N,N,,0,,1,0,0,0,0,,1022,1,3,0,0,0,0,1,3,3,0,3,3,,N,,,,,,,,,,,
2009047091,1507.0,1,0,0,0,0,0,1,0,0,5,1,,67,3,2009,7,40.0251,-75.2227,9999.0,6,0,0,0,0,0,1,0,0,,0,0,0,15,1,0,0,,0,40 01:30.316,,0,75 13:21.680,0,0,0,0,67301,0,0,0,,0,0,0,2,67301,0,,6,1,,,,,0,,0,0,0,0,0,,1505,0,2,0,0,1,0,0,3,4,0,2,3,,N,,,,,,,,,,,
2009049583,1530.0,0,0,0,0,0,0,0,0,0,4,0,,67,4,2009,5,39.9915,-75.1361,1520.0,6,0,0,0,0,0,0,0,0,,0,0,0,15,1,1,1,,0,39 59:29.442,,0,75 08:10.102,8,0,0,1,67301,0,0,0,N,0,0,0,2,67301,0,,1,1,,N,N,,0,,0,0,1,9,9,,1510,1,2,0,0,0,1,0,3,4,0,2,3,,N,,,,,,,,,,,
2009044463,2215.0,2,0,0,0,0,0,0,0,0,4,0,,67,3,2009,4,39.9181,-75.2092,2155.0,6,0,0,0,0,0,0,0,0,,0,0,0,21,3,0,0,,0,39 55:05.520,,7,75 12:32.760,0,0,0,0,67301,0,0,0,,0,0,0,2,67301,0,,1,1,,,,,0,,0,0,0,0,0,,2149,0,2,0,0,0,0,0,3,4,0,2,3,,N,,,,,,,,,,,
2009124441,2208.0,2,0,0,0,0,0,0,0,0,1,0,,67,11,2009,4,39.9645,-75.2045,2202.0,6,0,0,0,0,0,1,1,0,,0,0,0,22,3,1,2,,0,39 57:52.259,,0,75 12:16.304,8,0,0,0,67301,0,0,0,N,0,0,0,2,67301,0,,1,1,,N,N,,0,,0,0,0,0,0,,2200,1,2,0,0,1,1,0,3,4,0,2,3,,N,,,,,,,,,,,
2009124472,705.0,2,0,0,0,0,0,0,0,0,6,0,,67,11,2009,7,40.0373,-75.2207,705.0,6,0,0,0,0,0,0,0,0,,0,0,0,7,1,1,2,,0,40 02:14.049,,0,75 13:13.760,8,0,0,0,67301,0,0,0,N,0,0,0,2,67301,0,,1,1,,N,Y,,0,,0,0,0,0,0,,700,1,2,0,0,1,1,0,3,4,0,2,3,,N,,,,,,,,,,,
2009131691,1642.0,1,0,0,0,0,0,0,0,0,1,0,,67,12,2009,4,39.9579,-75.1628,1633.0,6,0,0,0,0,0,0,0,0,,0,0,0,16,1,2,0,,0,39 57:28.471,,0,75 09:46.219,3,0,0,0,67301,0,0,0,N,0,0,0,3,68K01,1,,1,1,,N,N,,0,,1,0,1,0,0,,1629,2,2,0,0,0,0,0,3,4,0,2,3,,N,,,,,,,,,,,
2009131695,1522.0,2,0,0,0,0,0,0,0,0,1,0,,67,12,2009,5,39.9585,-75.1678,1518.0,6,0,0,0,0,0,0,1,0,,0,0,0,15,1,1,0,,0,39 57:30.615,,0,75 10:04.185,4,0,0,0,67301,0,0,0,N,0,0,0,4,68K01,1,,1,1,,N,N,,0,,0,0,1,0,0,,1514,1,3,0,0,0,0,0,3,4,0,3,3,,N,,,,,,,,,,,
2009097024,10.0,1,0,0,0,0,0,0,0,0,6,0,,67,8,2009,7,39.9244,-75.1702,0.0,6,0,0,0,0,1,0,0,0,,0,0,0,22,3,2,1,,0,39 55:26.745,,0,75 10:02.976,4,0,0,0,67301,0,0,0,,0,0,0,3,67301,2,,1,9,,,,,0,,0,0,0,3,2,,2230,2,2,0,0,0,0,0,3,4,1,2,7,,N,,,,,,,,,,,
2009097131,9999.0,2,0,0,0,0,0,0,0,0,4,0,,67,9,2009,6,40.0042,-75.1268,1247.0,6,0,0,0,0,0,0,0,0,,0,0,0,12,1,1,2,,0,40 00:14.972,,0,75 07:36.328,4,0,0,0,67301,0,0,0,N,0,0,0,3,67301,1,,1,1,,N,N,,0,,0,0,0,3,3,,1245,1,2,0,0,0,0,0,3,4,0,2,3,,N,,,,,,,,,,,
2009097192,9999.0,1,0,0,0,0,0,0,0,0,4,0,,67,8,2009,1,39.9415,-75.1778,9999.0,6,0,0,0,0,0,0,1,0,,0,0,0,14,1,1,1,,0,39 56:29.263,,0,75 10:39.964,4,0,0,0,67301,0,0,0,,0,0,0,2,67301,1,,1,1,,N,N,,0,,0,0,1,9,2,,1408,1,2,0,0,0,0,0,3,4,0,2,3,,N,,,,,,,,,,,
2009054918,351.0,2,0,0,0,0,0,0,0,0,4,0,,67,5,2009,6,39.9609,-75.145,357.0,6,0,0,0,0,0,0,0,0,,0,0,0,3,3,0,1,,0,39 57:39.402,,0,75 08:41.743,0,0,0,0,67301,0,0,0,,0,0,0,2,67301,0,,1,9,,,,,0,,0,0,0,3,2,,351,0,2,0,0,0,0,0,3,4,0,2,7,,N,,,,,,,,,,,
2009124338,1434.0,1,0,0,0,0,0,0,0,0,8,0,,67,11,2009,7,39.9511,-75.1981,1432.0,6,0,0,0,0,0,0,0,0,,0,0,0,14,1,1,0,,0,39 57:04.014,,0,75 11:53.264,4,0,0,0,67301,1,0,0,N,1,0,0,2,67301,1,,1,1,,N,N,,0,,0,0,0,0,0,,1430,1,2,0,0,0,0,0,3,4,0,1,3,,N,,,,,,,,,,,
2009124431,300.0,1,0,0,0,0,0,0,0,0,8,0,,67,11,2009,7,40.0356,-75.091,300.0,6,0,0,0,0,0,0,0,0,,0,0,0,2,3,1,2,,0,40 02:08.203,,0,75 05:27.715,8,0,0,0,67301,1,0,0,N,1,0,0,2,67301,0,,1,9,,N,N,,0,,0,0,0,3,3,,230,1,2,0,0,0,1,0,3,4,0,1,7,,N,,,,,,,,,,,
2009065353,1641.0,1,0,0,0,0,0,0,0,0,8,0,,67,5,2009,2,39.9964,-75.1133,1638.0,6,0,0,1,0,0,0,0,0,,0,0,0,16,1,1,0,,0,39 59:46.841,,0,75 06:48.025,4,0,0,0,67301,1,0,0,N,1,0,0,2,67301,1,,1,1,,N,N,,0,,0,0,0,0,0,,1630,1,2,0,0,0,0,0,3,4,0,1,3,,N,,,,,,,,,,,
2009065373,1349.0,0,0,0,0,0,0,0,0,0,2,0,,67,5,2009,5,40.0512,-75.0661,1345.0,6,0,0,1,0,0,0,0,0,2.0,0,0,0,13,1,0,1,,2,40 03:04.165,3.0,0,75 03:57.869,0,0,0,0,67301,0,0,0,N,0,0,0,4,67301,0,,1,1,,N,N,,1,,0,0,0,3,2,Y,1344,0,2,0,0,0,0,0,3,4,1,2,3,,N,,,,,,,,,,,
2009073147,1242.0,1,0,0,0,0,0,0,0,0,1,1,,67,6,2009,5,39.9449,-75.191,1241.0,6,0,0,0,0,0,0,0,0,1.0,0,1,0,12,1,2,0,,1,39 56:44.634,4.0,0,75 11:23.532,4,0,0,0,67301,0,0,0,N,0,0,0,3,68K01,2,,1,1,,N,N,,0,,0,0,0,0,0,N,1232,2,2,0,0,1,0,0,3,4,0,2,3,,N,,,,,,,,,,,
2009133666,1233.0,0,0,0,0,0,0,0,0,0,4,0,,67,12,2009,7,39.9175,-75.1478,1201.0,6,0,0,0,0,0,0,0,0,1.0,0,0,0,11,1,1,0,,1,39 55:01.560,2.0,0,75 08:51.720,3,0,0,0,67301,0,0,0,N,0,0,0,6,68K01,0,,1,7,,N,N,,0,,1,0,2,0,0,N,1158,1,2,0,0,0,0,0,3,4,0,2,10,,N,,,,,,,,,,,
2009111080,1553.0,0,0,0,0,0,0,0,0,0,8,0,,67,10,2009,2,39.9627,-75.2044,1548.0,6,0,0,0,0,0,0,0,0,,0,0,0,15,1,1,0,,0,39 57:45.684,,0,75 12:15.755,8,0,0,0,67301,1,0,0,N,1,0,0,2,67301,0,,4,1,,N,N,,0,,0,0,0,0,0,,1536,1,2,0,0,0,1,0,3,4,1,1,3,,N,,,,,,,,,,,
2009120735,2312.0,1,0,0,0,0,0,0,0,0,1,0,,67,10,2009,6,39.9548,-75.1833,2306.0,6,0,0,0,0,0,0,0,0,,0,0,0,23,3,1,1,,0,39 57:17.536,,0,75 11:01.771,4,0,0,0,67301,0,0,0,N,0,0,0,3,67301,1,,1,9,,N,N,,0,,0,0,1,3,2,,2303,1,2,0,0,0,0,0,3,4,0,2,7,,N,,,,,,,,,,,
2009045368,1249.0,1,0,0,0,0,0,0,0,0,7,0,,67,4,2009,7,39.9875,-75.09,1230.0,6,0,0,0,0,0,1,0,0,2.0,0,0,0,12,1,1,0,,1,39 59:15.019,2.0,0,75 05:24.139,4,0,0,0,67301,0,0,0,N,0,0,0,2,68K01,1,,1,1,,N,N,,0,,0,0,1,0,0,Y,1226,1,2,0,0,0,0,0,3,4,0,2,3,,N,,,,,,,,,,,
2009049863,1235.0,2,0,0,0,0,0,0,0,0,4,0,,67,4,2009,7,40.0834,-75.0263,1230.0,6,0,0,0,0,1,1,0,0,1.0,0,0,0,12,1,0,0,,1,40 05:00.609,2.0,7,75 01:34.374,0,0,0,0,67301,0,0,0,N,0,0,0,2,67301,0,,1,1,,N,N,,0,,0,0,0,3,2,N,1220,0,2,0,0,0,0,0,3,4,0,2,3,,N,,,,,,,,,,,