CRN,ARRIVAL_TM,AUTOMOBILE_COUNT,BELTED_DEATH_COUNT,BELTED_SUSP_SERIOUS_INJ_COUNT,BICYCLE_COUNT,BICYCLE_DEATH_COUNT,BICYCLE_SUSP_SERIOUS_INJ_COUNT,BUS_COUNT,CHLDPAS_DEATH_COUNT,CHLDPAS_SUSP_SERIOUS_INJ_COUNT,COLLISION_TYPE,COMM_VEH_COUNT,CONS_ZONE_SPD_LIM,COUNTY,CRASH_MONTH,CRASH_YEAR,DAY_OF_WEEK,DEC_LAT,DEC_LONG,DISPATCH_TM,DISTRICT,DRIVER_COUNT_16YR,DRIVER_COUNT_17YR,DRIVER_COUNT_18YR,DRIVER_COUNT_19YR,DRIVER_COUNT_20YR,DRIVER_COUNT_50_64YR,DRIVER_COUNT_65_74YR,DRIVER_COUNT_75PLUS,EST_HRS_CLOSED,FATAL_COUNT,HEAVY_TRUCK_COUNT,HORSE_BUGGY_COUNT,HOUR_OF_DAY,ILLUMINATION,INJURY_COUNT,INTERSECT_TYPE,INTERSECTION_RELATED,LANE_CLOSED,LATITUDE,LN_CLOSE_DIR,LOCATION_TYPE,LONGITUDE,MAX_SEVERITY_LEVEL,MCYCLE_DEATH_COUNT,MCYCLE_SUSP_SERIOUS_INJ_COUNT,MOTORCYCLE_COUNT,MUNICIPALITY,NONMOTR_COUNT,NONMOTR_DEATH_COUNT,NONMOTR_SUSP_SERIOUS_INJ_COUNT,NTFY_HIWY_MAINT,PED_COUNT,PED_DEATH_COUNT,PED_SUSP_SERIOUS_INJ_COUNT,PERSON_COUNT,POLICE_AGCY,POSSIBLE_INJ_COUNT,RDWY_SURF_TYPE_CD,RELATION_TO_ROAD,ROAD_CONDITION,ROADWAY_CLEARED,SCH_BUS_IND,SCH_ZONE_IND,SECONDARY_CRASH,SMALL_TRUCK_COUNT,SPEC_JURIS_CD,SUSP_MINOR_INJ_COUNT,SUSP_SERIOUS_INJ_COUNT,SUV_COUNT,TCD_FUNC_CD,TCD_TYPE,TFC_DETOUR_IND,TIME_OF_DAY,TOT_INJ_COUNT,TOTAL_UNITS,UNB_DEATH_COUNT,UNB_SUSP_SERIOUS_INJ_COUNT,UNBELTED_OCC_COUNT,UNK_INJ_DEG_COUNT,UNK_INJ_PER_COUNT,URBAN_AREA,URBAN_RURAL,VAN_COUNT,VEHICLE_COUNT,WEATHER1,WEATHER2,WORK_ZONE_IND,WORK_ZONE_LOC,WORK_ZONE_TYPE,WORKERS_PRES,WZ_CLOSE_DETOUR,WZ_FLAGGER,WZ_LAW_OFFCR_IND,WZ_LN_CLOSURE,WZ_MOVING,WZ_OTHER,WZ_SHLDER_MDN,WZ_WORKERS_INJ_KILLED
2009049868,150.0,2,0,0,0,0,0,0,0,0,5,0,,67,3,2009,7,39.9615,-75.1517,150.0,6,0,0,0,0,0,0,0,0,,0,0,0,1,3,0,2,,0,39 57:41.247,,0,75 09:06.282,0,0,0,0,67301,0,0,0,N,0,0,0,5,67301,0,,1,9,,N,N,,0,,0,0,0,3,2,,150,0,2,0,0,5,0,0,3,4,0,2,7,,N,,,,,,,,,,,
2009071413,1845.0,1,0,0,0,0,0,0,0,0,8,0,,67,6,2009,2,40.0055,-75.0968,1843.0,6,0,0,0,0,0,0,0,0,,0,0,0,99,1,1,0,,0,40 00:19.810,,0,75 05:48.400,4,0,0,0,67301,1,0,0,N,1,0,0,2,67301,1,,1,1,,N,N,,0,,0,0,0,0,0,,9999,1,2,0,0,0,0,0,3,4,0,1,3,,N,,,,,,,,,,,
2009063771,1402.0,1,0,0,0,0,0,0,0,0,1,0,,67,5,2009,2,40.0099,-75.0894,1401.0,6,0,0,0,0,0,0,0,0,,0,0,0,14,1,6,0,,0,40 00:35.578,,0,75 05:21.740,4,0,0,0,67301,0,0,0,N,0,0,0,7,67301,3,,1,1,,N,N,,0,,0,0,1,0,0,,1400,6,2,0,0,0,3,0,3,4,0,2,3,,N,,,,,,,,,,,
2009066328,1946.0,1,0,0,0,0,0,0,0,0,1,0,,67,6,2009,1,39.9598,-75.1771,1938.0,6,0,0,0,0,0,0,0,0,1.0,0,0,0,19,1,0,0,,1,39 57:36.000,4.0,0,75 10:42.240,0,0,0,0,67301,0,0,0,N,0,0,0,6,68K01,0,,1,1,,N,N,,0,,0,0,1,0,0,N,1937,0,2,0,0,0,0,0,3,4,0,2,3,,N,,,,,,,,,,,
2009025589,937.0,1,0,0,0,0,0,0,0,0,1,0,,67,1,2009,5,39.9672,-75.1966,935.0,6,0,0,0,0,0,0,0,0,,0,0,0,9,1,0,0,,0,39 58:02.071,,0,75 11:47.839,9,0,0,0,67301,0,0,0,N,0,0,0,2,67301,0,,6,1,,N,N,,1,,0,0,0,0,0,,930,0,2,0,0,0,0,2,3,4,0,2,3,,N,,,,,,,,,,,
2009030798,752.0,1,0,0,0,0,0,0,0,0,4,0,,67,1,2009,5,39.9546,-75.173,750.0,6,0,0,0,0,0,0,0,0,,0,0,0,7,1,2,1,,0,39 57:16.502,,0,75 10:22.764,8,0,0,0,67301,0,0,0,N,0,0,0,3,67301,0,,1,1,,N,N,,0,,0,0,1,3,2,,740,2,2,0,0,0,2,0,3,4,0,2,3,,N,,,,,,,,,,,
2009038063,210.0,3,0,0,0,0,0,0,0,0,1,0,,67,3,2009,1,39.9921,-75.1462,209.0,6,0,0,0,0,0,0,0,0,,0,0,0,2,3,2,0,,0,39 59:31.718,,0,75 08:46.464,3,0,0,0,67301,2,0,0,N,0,0,0,3,67301,0,,6,9,,N,N,,0,,2,0,1,3,2,,208,2,4,0,0,0,0,0,3,4,0,4,10,,N,,,,,,,,,,,
2009032936,2300.0,2,0,0,0,0,0,0,0,0,5,0,,67,2,2009,5,40.0157,-75.1401,2245.0,6,0,0,0,0,0,0,0,0,,0,0,0,22,3,3,1,,0,40 00:56.408,,0,75 08:24.331,8,0,0,0,67301,0,0,0,N,0,0,0,5,67301,0,,1,1,,N,N,,0,,0,0,2,3,3,,2230,3,4,0,0,0,3,0,3,4,0,4,3,,N,,,,,,,,,,,
2009125420,0.0,3,0,0,0,0,0,0,0,0,4,0,,67,11,2009,4,39.9118,-75.1507,2357.0,6,0,0,0,0,0,0,0,0,1.0,0,0,0,23,3,1,2,,1,39 54:41.443,3.0,2,75 09:02.161,4,0,0,0,67301,0,0,0,,0,0,0,3,67301,1,,7,9,,,,,0,,0,0,0,9,2,N,2351,1,3,0,0,0,0,0,3,4,0,3,7,,N,,,,,,,,,,,
2009125460,1300.0,1,0,0,0,0,0,0,0,0,4,0,,67,9,2009,3,40.0072,-75.1234,1300.0,6,0,0,0,0,0,0,0,1,,0,0,0,13,1,1,1,,0,40 00:25.981,,0,75 07:24.378,4,0,0,1,67301,0,0,0,,0,0,0,2,67301,1,,1,1,,,,,0,,0,0,0,3,2,,1300,1,2,0,0,0,0,0,3,4,0,2,3,,N,,,,,,,,,,,
2009111772,1622.0,0,0,0,0,0,0,1,0,0,4,1,,67,9,2009,2,39.9807,-75.2213,1614.0,6,0,0,0,0,0,1,0,0,3.0,0,0,0,16,1,1,0,,2,39 58:50.447,6.0,0,75 13:16.559,2,0,0,0,67301,1,0,1,,1,0,1,3,67301,0,,1,9,,,,,0,,0,1,1,0,0,Y,1610,1,3,0,0,0,0,0,3,4,0,2,7,,N,,,,,,,,,,,
2009111787,1730.0,0,0,0,0,0,0,0,0,0,8,0,,67,10,2009,5,40.0733,-75.0846,1720.0,6,0,0,0,0,0,0,0,0,,0,0,0,17,3,1,0,,0,40 04:23.765,,7,75 05:04.683,4,0,0,0,67301,1,0,0,N,1,0,0,2,67301,1,,7,9,,N,N,,1,,0,0,0,0,0,,1710,1,2,0,0,0,0,0,3,4,0,1,7,,N,,,,,,,,,,,
2009125098,350.0,2,0,0,0,0,0,0,0,0,5,0,,67,11,2009,1,40.0167,-75.1496,349.0,6,0,0,0,0,0,1,0,0,,0,0,0,99,3,1,0,,0,40 01:00.416,,0,75 08:58.563,4,0,0,0,67301,0,0,0,N,0,0,0,2,67301,1,,1,1,,N,N,,0,,0,0,0,3,2,,9999,1,2,0,0,1,0,0,3,4,0,2,3,,N,,,,,,,,,,,
2009125106,2213.0,1,0,0,0,0,0,0,0,0,7,0,,67,11,2009,4,39.9716,-75.1595,2211.0,6,0,0,0,0,0,0,0,0,,0,0,0,22,3,0,0,,0,39 58:17.759,,0,75 09:34.128,0,0,0,0,67301,0,0,0,N,0,0,0,2,67301,0,,4,9,,N,N,,0,,0,0,0,0,0,,2205,0,1,0,0,0,0,0,3,4,0,1,7,,N,,,,,,,,,,,
2009125178,2002.0,0,0,0,1,0,0,0,0,0,8,0,,67,11,2009,5,40.0261,-75.0946,1956.0,6,0,0,0,0,0,0,0,0,,0,0,0,19,3,1,3,,0,40 01:33.940,,0,75 05:41.207,8,0,0,0,67301,1,0,0,N,0,0,0,2,67301,0,,1,9,,N,N,,1,,0,0,0,3,3,,1956,1,2,0,0,0,1,1,3,4,0,1,7,,N,,,,,,,,,,,
2009122738,1621.0,1,0,0,0,0,0,0,0,0,7,0,,67,11,2009,1,39.983,-75.2079,1620.0,6,0,0,0,0,0,0,0,0,,0,0,0,16,1,1,0,,0,39 59:03.041,,0,75 12:29.453,4,0,0,0,67301,0,0,0,N,0,0,0,1,68K01,1,,2,1,,N,N,,0,,0,0,0,0,0,,1615,1,1,0,0,0,0,0,3,4,0,1,3,,N,,,,,,,,,,,
2009122739,1727.0,4,0,0,0,0,0,0,0,0,1,0,,67,11,2009,1,39.9362,-75.1444,1716.0,6,0,0,0,0,0,1,0,0,,0,0,0,17,1,1,0,,0,39 56:10.890,,0,75 08:39.668,4,0,0,0,67301,0,0,0,N,0,0,0,6,68K01,1,,1,1,,N,N,,0,,0,0,1,0,0,,1712,1,5,0,0,0,0,0,3,4,0,5,3,,N,,,,,,,,,,,
2009120260,2156.0,1,0,0,0,0,0,0,0,0,4,0,,67,10,2009,6,40.0651,-75.1858,2151.0,6,0,0,0,0,0,1,0,0,,0,0,0,21,3,5,1,,0,40 03:54.470,,0,75 11:08.773,8,0,0,0,67301,0,0,0,N,0,0,0,6,67301,0,,1,9,,N,N,,0,,0,0,1,3,3,,2151,5,2,0,0,0,5,0,3,4,0,2,7,,N,,,,,,,,,,,
2009111846,720.0,0,0,0,0,0,0,0,0,0,8,0,99.0,67,10,2009,6,40.0406,-75.2247,713.0,6,0,0,0,0,0,0,0,0,,0,0,0,7,1,1,0,,0,40 02:25.583,,0,75 13:28.345,4,0,0,0,67301,1,0,0,N,1,0,0,2,67301,1,,1,1,,N,N,,0,,0,0,1,3,1,,710,1,2,0,0,0,0,0,3,4,0,1,3,,Y,8.0,8.0,U,U,U,U,U,U,U,U,
2009048401,1828.0,1,0,0,0,0,0,0,0,0,1,0,,67,5,2009,1,39.9922,-75.2457,1826.0,6,0,0,0,0,0,0,0,0,,0,0,0,18,1,1,1,,0,39 59:32.972,,0,75 14:42.519,8,0,0,0,67301,0,0,0,N,0,0,0,3,46104,0,,1,9,,N,N,,0,,0,0,0,3,2,,1826,1,2,0,0,0,1,0,3,4,1,2,7,,N,,,,,,,,,,,
2009039229,1922.0,2,0,0,0,0,0,0,0,0,6,0,,67,2,2009,1,39.957,-75.2133,1919.0,6,0,0,0,0,1,0,0,0,2.0,0,0,0,19,3,1,2,,2,39 57:25.245,2.0,0,75 12:47.991,8,0,0,0,67301,0,0,0,N,0,0,0,3,67301,0,,1,1,,N,N,,0,,0,0,0,3,2,Y,1918,1,3,0,0,0,1,0,3,4,1,3,3,,N,,,,,,,,,,,
2009044355,1115.0,1,0,0,0,0,0,0,0,0,4,0,,67,3,2009,7,40.0743,-75.1661,1107.0,6,0,0,1,0,0,1,0,0,,0,0,0,10,1,1,1,,0,40 04:27.566,,0,75 09:57.844,4,0,0,0,67301,0,0,0,,0,0,0,3,67301,1,,1,1,,,,,0,,0,0,1,9,3,,1040,1,2,0,0,0,0,0,3,4,0,2,3,,N,,,,,,,,,,,
2009049743,1545.0,2,0,0,0,0,0,0,0,0,2,0,,67,4,2009,6,39.9101,-75.1633,1542.0,6,0,0,0,1,0,0,1,0,,0,0,0,15,1,2,1,,0,39 54:36.252,,0,75 09:48.020,3,0,0,0,67301,0,0,0,N,0,0,0,2,67301,0,,1,1,,N,N,,0,,2,0,0,3,2,,1500,2,2,0,0,0,0,0,3,4,0,2,3,,N,,,,,,,,,,,
2009029726,9999.0,1,0,0,0,0,0,0,0,0,8,0,,67,2,2009,1,40.0299,-75.0878,2030.0,6,0,0,0,0,0,0,0,0,,0,0,0,20,3,1,1,,0,40 01:47.231,,0,75 05:16.817,4,0,0,0,67301,1,0,0,,1,0,0,2,67301,1,,1,1,,,,,0,,0,0,0,3,2,,2030,1,2,0,0,0,0,0,3,4,0,1,3,,N,,,,,,,,,,,
2009037347,1152.0,1,0,0,1,0,0,0,0,0,8,0,,67,3,2009,4,39.9379,-75.1667,1152.0,6,0,0,0,0,0,0,0,0,,0,0,0,11,1,1,1,,0,39 56:16.112,,0,75 10:00.162,8,0,0,0,67301,1,0,0,N,0,0,0,3,67301,0,,1,9,,N,N,,0,,0,0,0,3,2,,1150,1,2,0,0,0,1,0,3,4,0,1,7,5.0,N,,,,,,,,,,,
2009036882,1323.0,2,0,0,0,0,0,0,0,0,4,0,,67,2,2009,4,40.0604,-74.9904,1259.0,6,0,0,0,0,0,0,0,0,,0,0,0,12,1,1,1,,0,40 03:37.435,,0,74 59:25.566,4,0,0,0,67301,0,0,0,N,0,0,0,3,67301,1,,1,1,,N,N,,0,,0,0,0,3,2,,1259,1,2,0,0,0,0,0,3,4,0,2,3,,N,,,,,,,,,,,
2009026865,2146.0,2,0,0,0,0,0,0,0,0,4,0,,67,1,2009,1,39.9693,-75.1432,2140.0,6,0,0,0,1,0,0,0,0,,0,0,0,99,3,1,2,,0,39 58:09.631,,0,75 08:35.678,4,0,0,0,67301,0,0,0,N,0,0,0,7,67301,1,,1,1,,N,N,,0,,0,0,0,3,3,,9999,1,2,0,0,0,0,0,3,4,0,2,3,,N,,,,,,,,,,,
2009036952,735.0,0,0,0,0,0,0,0,0,0,7,0,,67,2,2009,3,40.0227,-75.1482,735.0,6,0,0,0,0,0,1,0,0,1.0,0,0,0,7,3,1,3,,1,40 01:21.652,1.0,0,75 08:53.543,3,0,0,1,67301,0,0,0,N,0,0,0,1,67301,0,,3,1,,N,N,,0,,1,0,0,3,2,N,730,1,1,0,0,0,0,0,3,4,0,1,3,,N,,,,,,,,,,,
2009047053,1520.0,1,0,0,0,0,0,0,0,0,4,0,,67,3,2009,1,39.9704,-75.1614,1517.0,6,0,0,0,0,0,1,0,0,,0,0,0,15,1,1,1,,0,39 58:13.537,,0,75 09:41.061,4,0,0,0,67301,0,0,0,Y,0,0,0,2,67301,1,,1,1,,N,N,,1,,0,0,0,3,2,,1512,1,2,0,0,0,0,0,3,4,0,2,3,,N,,,,,,,,,,,
2009044426,1606.0,1,0,0,0,0,0,0,0,0,5,0,,67,3,2009,5,39.9516,-75.1637,1601.0,6,0,0,0,0,0,0,0,0,,0,0,0,13,1,1,2,,0,39 57:05.795,,0,75 09:49.162,4,0,0,0,67301,0,0,0,N,0,0,0,2,67301,1,,1,9,,N,N,,1,,0,0,0,3,2,,1337,1,2,0,0,0,0,0,3,4,0,2,7,,N,,,,,,,,,,,
2009044474,205.0,1,0,0,0,0,0,0,0,0,1,0,,67,3,2009,1,39.9504,-75.1601,205.0,6,0,0,0,0,0,0,0,0,,0,0,0,2,3,0,1,,0,39 57:01.383,,0,75 09:36.443,0,0,0,0,67301,0,0,0,,0,0,0,1,67301,0,,1,1,,,,,1,,0,0,0,3,2,,205,0,2,0,0,0,0,0,3,4,0,2,3,,N,,,,,,,,,,,
2009044483,1311.0,2,0,0,0,0,0,0,0,0,1,0,,67,3,2009,6,40.0458,-75.1538,1308.0,6,0,0,0,0,1,1,0,0,,0,0,0,13,1,1,2,,0,40 02:44.829,,0,75 09:13.535,8,0,0,0,67301,0,0,0,N,0,0,0,2,67301,0,,1,1,,N,N,,0,,0,0,0,3,3,,1308,1,2,0,0,0,1,0,3,4,0,2,3,,N,,,,,,,,,,,
2009097571,1552.0,0,0,0,0,0,0,0,0,0,1,0,,67,9,2009,3,40.0208,-75.0429,1552.0,6,0,0,0,0,0,1,0,0,,0,0,0,15,1,0,0,,0,40 01:14.520,,0,75 02:34.800,0,0,0,0,67301,0,0,0,N,0,0,0,2,68K01,0,,1,1,,N,N,,0,,0,0,0,0,0,,1550,0,2,0,0,0,0,0,3,4,2,2,3,,N,,,,,,,,,,,
2009132302,1708.0,2,0,0,0,0,0,0,0,0,1,0,,67,12,2009,7,39.9778,-75.2015,1659.0,6,0,0,1,0,0,0,0,0,1.0,0,0,0,16,3,1,0,,1,39 58:42.372,3.0,0,75 12:09.608,4,0,0,0,67301,0,0,0,N,0,0,0,3,68K03,1,,1,1,,N,N,,0,,0,0,0,0,0,N,1656,1,2,0,0,0,0,0,3,4,0,2,3,,N,,,,,,,,,,,
2009078519,1801.0,1,0,0,0,0,0,0,0,0,1,0,,67,6,2009,1,39.9812,-75.1418,1800.0,6,0,0,0,0,0,0,0,0,,1,0,0,17,1,0,0,,0,39 58:52.456,,0,75 08:30.476,1,1,0,1,67301,0,0,0,,0,0,0,1,67301,0,2.0,6,1,,N,N,,0,0.0,0,0,0,0,0,,1758,0,2,0,0,0,0,0,3,4,0,2,3,,N,,,,,,,,,,,
2009124301,2344.0,0,0,0,0,0,0,0,0,0,5,0,,67,11,2009,6,39.9558,-75.2038,2342.0,6,0,0,0,0,0,0,0,0,3.0,0,0,0,23,3,1,0,,1,39 57:20.975,3.0,0,75 12:13.715,4,0,0,0,67301,1,0,0,N,1,0,0,2,67301,1,,1,9,,N,N,,0,,0,0,0,0,0,N,2342,1,3,0,0,1,0,0,3,4,2,2,7,,N,,,,,,,,,,,
2009086467,1634.0,1,0,0,0,0,0,0,0,0,1,0,50.0,67,8,2009,5,40.0181,-75.1702,1634.0,6,0,0,0,0,1,0,0,0,2.0,0,0,0,16,1,1,0,,2,40 01:05.075,3.0,0,75 10:12.542,4,0,0,0,67301,0,0,0,N,0,0,0,2,67301,1,,1,1,,N,N,,1,,0,0,0,3,8,N,1628,1,2,0,0,0,0,0,3,4,0,2,3,,Y,5.0,1.0,N,U,U,N,Y,U,U,Y,
2009124169,1027.0,1,0,0,0,0,0,0,0,0,5,1,,67,12,2009,3,39.9639,-75.1843,1007.0,6,0,0,0,0,0,1,0,0,,0,1,0,10,1,1,0,,0,39 57:53.288,,0,75 11:06.505,4,0,0,0,67301,0,0,0,N,0,0,0,2,68K01,1,,1,1,,N,N,,0,,0,0,0,0,0,,1005,1,2,0,0,0,0,0,3,4,0,2,3,,N,,,,,,,,,,,
2009121637,248.0,1,0,0,0,0,0,0,0,0,7,0,,67,11,2009,6,39.9803,-75.2056,237.0,6,0,0,0,0,0,1,0,0,,0,0,0,2,2,0,0,,0,39 58:51.960,,0,75 12:24.120,0,0,0,0,67301,0,0,0,N,0,0,0,1,68K01,0,,3,9,,N,N,,0,,0,0,0,0,0,,233,0,1,0,0,0,0,0,3,4,0,1,7,,N,,,,,,,,,,,
2009065434,1823.0,1,0,0,1,0,0,0,0,0,4,0,,67,5,2009,2,40.0196,-75.0733,1832.0,6,0,0,0,0,1,0,0,0,,0,0,0,16,1,1,1,,0,40 01:10.526,,0,75 04:23.994,8,0,0,0,67301,1,0,0,,0,0,0,3,67301,0,,1,1,,,,,0,,0,0,0,3,2,,1632,1,2,0,0,0,1,0,3,4,0,1,3,,N,,,,,,,,,,,
2009065478,1620.0,2,0,0,0,0,0,0,0,0,5,0,,67,5,2009,3,40.0266,-75.1509,1607.0,6,0,0,0,0,0,0,0,0,,0,0,0,16,4,1,0,,0,40 01:35.842,,0,75 09:03.063,8,0,0,0,67301,0,0,0,N,0,0,0,2,67301,0,,1,1,,N,N,,0,,0,0,0,3,2,,1607,1,2,0,0,0,1,1,3,4,0,2,98,,N,,,,,,,,,,,
2009120522,130.0,1,0,0,0,0,0,0,0,0,4,0,,67,10,2009,5,39.9139,-75.1501,115.0,6,0,0,0,0,0,0,0,0,,0,0,0,99,3,0,0,,0,39 54:49.928,,7,75 09:00.226,9,0,0,0,67301,0,0,0,N,0,0,0,2,67301,0,,1,1,,N,N,,1,,0,0,0,0,0,,9999,0,2,0,0,0,0,1,3,4,0,2,3,,N,,,,,,,,,,,
2009120578,2132.0,2,0,0,0,0,0,0,0,0,4,0,,67,11,2009,3,40.0917,-74.9824,2127.0,6,0,0,0,0,0,0,0,0,,0,0,0,21,3,0,2,,0,40 05:30.066,,0,74 58:56.782,0,0,0,0,67301,0,0,0,N,0,0,0,2,67301,0,,1,1,,N,N,,0,,0,0,0,3,2,,2127,0,2,0,0,0,0,0,3,4,0,2,3,,N,,,,,,,,,,,
2009120613,1150.0,1,0,0,0,0,0,0,0,0,5,0,,67,11,2009,3,40.0367,-75.1756,1140.0,6,0,0,0,0,0,0,1,0,,0,0,0,11,1,2,0,,0,40 02:12.134,,0,75 10:32.051,8,0,0,0,67301,1,0,0,N,0,0,0,3,67301,0,,6,1,,N,N,,1,,0,0,0,0,0,,1130,2,2,0,0,0,2,1,3,4,0,2,3,,N,,,,,,,,,,,
2009111421,1210.0,1,0,0,0,0,0,0,0,0,1,1,,67,10,2009,6,40.0211,-75.1399,1207.0,6,0,0,0,0,0,0,0,0,2.0,0,1,0,12,1,3,1,,2,40 01:15.937,3.0,0,75 08:23.758,4,0,0,0,67301,0,0,0,,0,0,0,4,67301,3,,1,1,,,,,0,,0,0,0,3,2,N,1204,3,2,0,0,0,0,0,3,4,0,2,3,,N,,,,,,,,,,,
2009111226,1410.0,0,0,0,1,0,0,0,0,0,4,0,,67,9,2009,3,39.9633,-75.1611,1405.0,6,0,0,0,0,0,0,0,0,,0,0,0,14,1,1,2,,0,39 57:48.031,,0,75 09:40.062,4,0,0,0,67301,1,0,0,N,0,0,0,2,67301,1,,1,1,,N,N,,1,,0,0,0,9,2,,1400,1,2,0,0,0,0,0,3,4,0,1,3,,N,,,,,,,,,,,
2009120763,2059.0,2,0,0,0,0,0,0,0,0,4,0,,67,11,2009,3,40.0263,-75.0973,2057.0,6,0,0,0,0,0,1,0,0,2.0,0,0,0,20,3,0,1,,1,40 01:34.938,1.0,0,75 05:51.163,0,0,0,0,67301,0,0,0,N,0,0,0,3,67301,0,,1,1,,N,N,,0,,0,0,0,3,2,N,2056,0,2,0,0,0,0,0,3,4,0,2,3,,N,,,,,,,,,,,
2009030447,9999.0,0,0,0,0,0,0,0,0,0,8,0,,67,1,2009,7,39.991,-75.1799,349.0,6,0,0,0,0,0,0,0,0,,0,0,0,99,1,1,1,,0,39 59:27.480,,0,75 10:47.635,8,0,0,0,67301,1,0,0,N,1,0,0,2,67301,0,,1,1,,N,N,,0,,0,0,0,9,2,,9999,1,2,0,0,0,1,0,3,4,0,1,3,,N,,,,,,,,,,,
2009125422,2125.0,1,0,0,0,0,0,0,0,0,4,0,,67,11,2009,6,39.9915,-75.0918,2125.0,6,0,0,0,0,0,0,0,0,,0,0,0,21,3,1,0,,0,39 59:29.470,,7,75 05:30.420,8,0,0,0,67301,0,0,0,,0,0,0,3,67301,0,,1,9,,,,,1,,0,0,0,0,0,,2125,1,2,0,0,0,1,0,3,4,0,2,7,,N,,,,,,,,,,,
2009125426,1350.0,0,0,0,0,0,0,0,0,0,4,1,,67,11,2009,1,40.0009,-75.1103,1346.0,6,0,0,0,0,0,1,0,0,1.0,0,1,0,13,1,5,1,,2,40 00:03.094,7.0,0,75 06:37.166,4,0,0,0,67301,1,0,0,,0,0,0,6,67301,5,,1,1,,N,N,,0,,0,0,0,3,2,Y,1345,5,3,0,0,0,0,0,3,4,2,3,3,,N,,,,,,,,,,,
2009111671,1635.0,2,0,0,0,0,0,0,0,0,4,0,,67,10,2009,5,40.0101,-75.1214,1630.0,6,0,0,0,0,0,0,0,0,,0,0,0,16,1,2,1,,0,40 00:36.435,,0,75 07:17.178,4,0,0,0,67301,0,0,0,N,0,0,0,3,67301,2,,1,9,,N,N,,0,,0,0,0,3,2,,1625,2,2,0,0,0,0,0,3,4,0,2,7,,N,,,,,,,,,,,
2009106814,1746.0,2,0,0,0,0,0,0,0,0,1,0,50.0,67,10,2009,7,39.8988,-75.1715,1740.0,6,0,0,0,0,0,1,0,0,1.0,0,0,0,17,1,2,0,,1,39 53:56.420,2.0,0,75 10:07.534,4,0,0,0,67301,0,0,0,N,0,0,0,4,68K01,2,,1,1,,N,N,,0,,0,0,1,0,0,N,1739,2,3,0,0,1,0,0,3,4,0,3,3,,Y,3.0,1.0,N,N,N,N,N,N,Y,N,
2009106827,1326.0,1,0,0,0,0,0,0,0,0,1,1,,67,10,2009,3,39.9456,-75.19,1318.0,6,0,0,0,0,0,0,0,0,,0,1,0,13,1,2,0,,0,39 56:47.112,,0,75 11:19.799,8,0,0,0,67301,0,0,0,N,0,0,0,3,68K01,0,,1,1,,N,N,,0,,0,0,0,0,0,,1312,2,2,0,0,0,2,0,3,4,0,2,3,,N,,,,,,,,,,,
2009125197,1741.0,1,0,0,0,0,0,0,0,0,4,0,,67,11,2009,5,40.001,-75.148,1737.0,6,0,0,0,0,0,0,0,0,,0,0,0,17,3,0,1,,0,40 00:03.604,,0,75 08:53.867,0,0,0,0,67301,0,0,0,,0,0,0,3,67301,0,,1,9,,,,,1,,0,0,0,3,2,,1732,0,2,0,0,0,0,0,3,4,0,2,7,,N,,,,,,,,,,,
2009122743,1127.0,1,0,0,0,0,0,0,0,0,1,0,,67,11,2009,2,39.9785,-75.2028,1126.0,6,0,0,0,0,1,0,0,0,,0,0,0,11,1,0,0,,0,39 58:45.279,,0,75 12:14.059,0,0,0,0,67301,0,0,0,N,0,0,0,2,68K01,0,,1,9,,N,N,,0,,0,0,1,0,0,,1124,0,2,0,0,0,0,0,3,4,0,2,7,,N,,,,,,,,,,,
2009133148,955.0,1,0,0,0,0,0,0,0,0,7,0,,67,11,2009,6,39.9626,-75.1392,944.0,6,0,0,0,0,0,0,0,0,1.0,0,0,0,9,1,1,0,,1,39 57:45.917,1.0,0,75 08:20.759,4,0,0,0,67301,0,0,0,N,0,0,0,2,68K01,1,,3,1,,N,N,,0,,0,0,0,0,0,N,943,1,2,0,0,0,0,0,3,4,0,1,3,,N,,,,,,,,,,,
2009111783,9999.0,2,0,0,0,0,0,0,0,0,1,0,,67,9,2009,2,39.9623,-75.209,1710.0,6,0,0,0,0,0,0,0,0,,0,0,0,17,1,1,0,,0,39 57:44.338,,0,75 12:31.643,4,0,0,0,67301,0,0,0,N,0,0,0,4,67301,1,,6,9,,N,N,,0,,0,0,0,3,2,,1700,1,3,0,0,0,0,1,3,4,1,3,7,,N,,,,,,,,,,,
2009111869,952.0,2,0,0,0,0,0,0,0,0,1,0,,67,10,2009,3,39.9944,-75.1578,949.0,6,0,0,0,0,0,1,0,0,,0,0,0,9,1,1,0,,0,39 59:39.670,,0,75 09:28.074,8,0,0,0,67301,0,0,0,N,0,0,0,3,67301,0,,1,1,,N,N,,0,,0,0,0,0,0,,940,1,2,0,0,0,1,0,3,4,0,2,3,,N,,,,,,,,,,,
2009037404,1519.0,1,0,0,0,0,0,0,0,0,8,0,,67,2,2009,6,40.0126,-75.0732,1509.0,6,0,0,0,0,0,0,0,0,,0,0,0,15,1,1,1,,0,40 00:45.132,,0,75 04:23.854,4,0,0,0,67301,1,0,0,N,1,0,0,2,67301,1,,1,1,,N,Y,,0,,0,0,0,9,1,,1511,1,2,0,0,0,0,1,3,4,0,1,3,,N,,,,,,,,,,,