CRN,ARRIVAL_TM,AUTOMOBILE_COUNT,BELTED_DEATH_COUNT,BELTED_SUSP_SERIOUS_INJ_COUNT,BICYCLE_COUNT,BICYCLE_DEATH_COUNT,BICYCLE_SUSP_SERIOUS_INJ_COUNT,BUS_COUNT,CHLDPAS_DEATH_COUNT,CHLDPAS_SUSP_SERIOUS_INJ_COUNT,COLLISION_TYPE,COMM_VEH_COUNT,CONS_ZONE_SPD_LIM,COUNTY,CRASH_MONTH,CRASH_YEAR,DAY_OF_WEEK,DEC_LAT,DEC_LONG,DISPATCH_TM,DISTRICT,DRIVER_COUNT_16YR,DRIVER_COUNT_17YR,DRIVER_COUNT_18YR,DRIVER_COUNT_19YR,DRIVER_COUNT_20YR,DRIVER_COUNT_50_64YR,DRIVER_COUNT_65_74YR,DRIVER_COUNT_75PLUS,EST_HRS_CLOSED,FATAL_COUNT,HEAVY_TRUCK_COUNT,HORSE_BUGGY_COUNT,HOUR_OF_DAY,ILLUMINATION,INJURY_COUNT,INTERSECT_TYPE,INTERSECTION_RELATED,LANE_CLOSED,LATITUDE,LN_CLOSE_DIR,LOCATION_TYPE,LONGITUDE,MAX_SEVERITY_LEVEL,MCYCLE_DEATH_COUNT,MCYCLE_SUSP_SERIOUS_INJ_COUNT,MOTORCYCLE_COUNT,MUNICIPALITY,NONMOTR_COUNT,NONMOTR_DEATH_COUNT,NONMOTR_SUSP_SERIOUS_INJ_COUNT,NTFY_HIWY_MAINT,PED_COUNT,PED_DEATH_COUNT,PED_SUSP_SERIOUS_INJ_COUNT,PERSON_COUNT,POLICE_AGCY,POSSIBLE_INJ_COUNT,RDWY_SURF_TYPE_CD,RELATION_TO_ROAD,ROAD_CONDITION,ROADWAY_CLEARED,SCH_BUS_IND,SCH_ZONE_IND,SECONDARY_CRASH,SMALL_TRUCK_COUNT,SPEC_JURIS_CD,SUSP_MINOR_INJ_COUNT,SUSP_SERIOUS_INJ_COUNT,SUV_COUNT,TCD_FUNC_CD,TCD_TYPE,TFC_DETOUR_IND,TIME_OF_DAY,TOT_INJ_COUNT,TOTAL_UNITS,UNB_DEATH_COUNT,UNB_SUSP_SERIOUS_INJ_COUNT,UNBELTED_OCC_COUNT,UNK_INJ_DEG_COUNT,UNK_INJ_PER_COUNT,URBAN_AREA,URBAN_RURAL,VAN_COUNT,VEHICLE_COUNT,WEATHER1,WEATHER2,WORK_ZONE_IND,WORK_ZONE_LOC,WORK_ZONE_TYPE,WORKERS_PRES,WZ_CLOSE_DETOUR,WZ_FLAGGER,WZ_LAW_OFFCR_IND,WZ_LN_CLOSURE,WZ_MOVING,WZ_OTHER,WZ_SHLDER_MDN,WZ_WORKERS_INJ_KILLED
2009039746,1825.0,1,0,0,1,0,1,0,0,0,4,0,,67,3,2009,2,39.9674,-75.2175,1823.0,6,0,0,0,0,0,0,0,0,2.0,0,0,0,18,1,1,0,,2,39 58:02.636,6.0,0,75 13:03.104,2,0,0,0,67301,1,0,1,N,0,0,0,2,67301,0,,1,1,,N,N,,0,,0,1,0,0,0,Y,1822,1,2,0,0,0,0,0,3,4,0,1,3,,N,,,,,,,,,,,
2009037357,1033.0,3,0,0,0,0,0,0,0,0,1,0,,67,3,2009,3,39.9396,-75.1626,1031.0,6,0,0,0,0,0,1,0,0,,0,0,0,10,1,1,1,,0,39 56:22.462,,0,75 09:45.277,4,0,0,0,67301,0,0,0,,0,0,0,4,67301,1,,1,2,,,,,0,,0,0,0,3,3,,1031,1,3,0,0,0,0,0,3,4,0,3,10,,N,,,,,,,,,,,
2009049679,2234.0,2,0,0,0,0,0,0,0,0,1,0,,67,4,2009,7,40.0325,-75.0808,2228.0,6,0,0,0,0,1,0,0,0,1.0,0,0,0,99,3,0,2,,1,40 01:56.965,2.0,0,75 04:51.305,9,0,0,0,67301,0,0,0,N,0,0,0,5,67301,0,,1,1,,N,N,,0,,0,0,0,0,0,N,9999,0,2,0,0,0,0,1,3,4,0,2,3,,N,,,,,,,,,,,
2009044418,935.0,2,0,0,0,0,0,0,0,0,4,0,,67,3,2009,4,39.9816,-75.1445,927.0,6,0,0,0,0,0,1,0,0,,0,0,0,9,1,1,1,,0,39 58:53.796,,0,75 08:40.041,4,0,0,0,67301,0,0,0,N,0,0,0,2,67301,1,,1,9,,N,N,,0,,0,0,0,3,2,,926,1,2,0,0,0,0,0,3,4,0,2,3,,N,,,,,,,,,,,
2009044441,1125.0,0,0,0,0,0,0,0,0,0,8,0,,67,3,2009,4,40.0085,-75.0915,1124.0,6,0,0,0,0,0,0,0,0,,0,0,0,99,1,1,0,,0,40 00:30.776,,0,75 05:29.493,2,0,0,0,67301,1,0,1,N,1,0,1,2,67301,0,,1,1,,N,N,,0,,0,1,1,0,0,,9999,1,2,0,0,0,0,0,3,4,0,1,3,,N,,,,,,,,,,,
2009098521,2307.0,1,0,0,0,0,0,0,0,0,7,0,,67,9,2009,7,40.0107,-75.0626,2256.0,6,0,0,0,0,0,0,0,0,1.0,0,0,0,22,3,3,0,,1,40 00:38.520,2.0,0,75 03:45.720,8,0,0,0,67301,0,0,0,N,0,0,0,3,68K01,0,,2,9,,N,N,,0,,0,0,0,0,0,N,2252,3,1,0,0,0,3,0,3,4,0,1,7,,N,,,,,,,,,,,
2009096967,1632.0,1,0,0,0,0,0,0,0,0,1,0,,67,8,2009,4,40.052,-75.0084,1630.0,6,0,0,0,0,0,0,0,1,,0,0,0,16,1,1,0,,0,40 03:07.278,,0,75 00:30.088,8,0,0,0,67301,0,0,0,N,0,0,0,4,67301,0,,1,1,,N,N,,0,,0,0,1,0,0,,1630,1,3,0,0,0,1,0,3,4,1,3,3,,N,,,,,,,,,,,
2009097156,2145.0,2,0,0,0,0,0,0,0,0,4,0,,67,8,2009,3,40.0875,-74.9711,2142.0,6,0,0,0,0,1,1,0,0,1.0,0,0,0,21,3,1,1,,1,40 05:14.806,3.0,8,74 58:16.409,4,0,0,0,67301,0,0,0,N,0,0,0,4,67301,1,,1,1,,N,N,,0,,0,0,0,3,2,N,2140,1,2,0,0,0,0,0,3,4,0,2,3,,N,,,,,,,,,,,
2009102231,1636.0,3,0,0,0,0,0,0,0,0,1,0,,67,10,2009,6,39.958,-75.1628,1625.0,6,0,0,0,0,0,3,0,0,2.0,0,0,0,16,1,1,0,,1,39 57:28.800,4.0,0,75 09:46.080,8,0,0,0,67301,0,0,0,N,0,0,0,4,68K01,0,,1,1,,N,N,,0,,0,0,0,0,0,N,1620,1,3,0,0,0,1,0,3,4,0,3,3,,N,,,,,,,,,,,
2009094282,1626.0,0,0,0,0,0,0,0,0,0,8,0,,67,8,2009,4,39.9726,-75.2178,1626.0,6,0,0,0,0,0,0,0,0,,0,0,0,16,1,1,1,,0,39 58:21.476,,0,75 13:03.992,4,0,0,0,67301,1,0,0,,1,0,0,2,67301,1,,1,1,,,,,0,,0,0,0,0,0,,1625,1,2,0,0,0,0,0,3,4,1,1,3,,N,,,,,,,,,,,
2009054987,1341.0,0,0,0,0,0,0,0,0,0,1,0,,67,5,2009,7,39.9941,-75.1989,1341.0,6,0,0,0,0,0,0,0,0,,0,0,0,13,1,1,0,,0,39 59:42.000,,0,75 11:52.440,4,0,0,0,67301,0,0,0,N,0,0,0,2,68K01,1,,1,1,,N,N,,1,,0,0,1,0,0,,1338,1,2,0,0,0,0,0,3,4,0,2,3,,N,,,,,,,,,,,
2009124413,952.0,0,0,0,0,0,0,0,0,0,1,0,,67,11,2009,6,39.9484,-75.1762,947.0,6,0,0,0,0,0,0,0,0,,0,0,0,9,8,1,2,,0,39 56:54.283,,0,75 10:34.471,8,0,0,0,67301,0,0,0,N,0,0,0,2,67301,0,,1,9,,N,N,,2,,0,0,0,3,2,,945,1,2,0,0,0,1,1,3,4,0,2,7,,N,,,,,,,,,,,
2009083729,1349.0,0,0,0,0,0,0,0,0,0,4,0,,67,7,2009,7,39.9704,-75.1482,1344.0,6,0,0,0,0,0,1,0,0,,0,0,0,13,1,1,1,,0,39 58:13.815,,7,75 08:53.198,4,0,0,0,67301,0,0,0,N,0,0,0,3,67301,1,,1,1,,N,N,,0,,0,0,0,3,2,,1344,1,2,0,0,0,0,0,3,4,1,2,3,,N,,,,,,,,,,,
2009083782,1339.0,1,0,0,0,0,0,0,0,0,1,0,,67,7,2009,3,39.9254,-75.1694,1223.0,6,0,0,0,0,0,1,0,0,,0,0,0,12,1,1,0,,0,39 55:31.214,,0,75 10:09.846,8,0,0,0,67301,1,0,0,N,1,0,0,2,67301,0,,6,1,,N,N,,0,,0,0,0,0,0,,1223,1,2,0,0,0,1,0,3,4,0,1,3,,N,,,,,,,,,,,
2009065384,1009.0,2,0,0,0,0,0,0,0,0,4,0,,67,5,2009,5,40.0935,-74.9802,1004.0,6,0,0,0,0,0,0,0,0,,0,0,0,9,1,2,1,,0,40 05:36.612,,0,74 58:48.598,4,0,0,0,67301,0,0,0,,0,0,0,2,67301,2,,1,1,,,,,0,,0,0,0,3,2,,949,2,2,0,0,0,0,0,3,4,0,2,3,,N,,,,,,,,,,,
2009065424,1159.0,0,0,0,0,0,0,0,0,0,1,0,,67,5,2009,5,,,1156.0,6,0,0,0,0,0,0,0,0,,0,0,0,11,1,5,0,,0,,,0,,3,0,0,0,67301,0,0,0,N,0,0,0,5,67301,4,,7,9,,N,N,,0,,1,0,1,0,0,,1155,5,2,0,0,0,0,0,3,3,1,2,3,,N,,,,,,,,,,,
2009065436,908.0,2,0,0,0,0,0,0,0,0,4,0,,67,5,2009,6,40.0216,-75.1651,905.0,6,0,0,0,1,0,1,0,0,1.0,0,0,0,9,1,0,1,,1,40 01:17.857,5.0,0,75 09:54.435,9,0,0,0,67301,0,0,0,N,0,0,0,3,67301,0,,1,9,,N,,,0,,0,0,0,3,3,Y,902,0,2,0,0,1,0,1,3,4,0,2,3,,N,,,,,,,,,,,
2009120592,33.0,1,0,0,0,0,0,0,0,0,8,0,,67,10,2009,6,39.9499,-75.1691,33.0,6,0,0,0,0,0,1,0,0,,0,0,0,23,3,1,1,,0,39 56:59.775,,0,75 10:08.489,4,0,0,0,67301,1,0,0,N,1,0,0,2,67301,1,,1,1,,N,N,,0,,0,0,0,3,2,,2326,1,2,0,0,0,0,0,3,4,0,1,3,,N,,,,,,,,,,,
2009120610,830.0,0,0,0,0,0,0,0,0,0,8,0,,67,10,2009,4,40.0195,-75.0557,829.0,6,0,0,0,0,0,0,0,0,,0,0,0,8,1,1,1,,0,40 01:10.215,,7,75 03:20.471,4,0,0,0,67301,1,0,0,,1,0,0,2,67301,1,,1,1,,,,,1,,0,0,0,3,2,,828,1,2,0,0,0,0,0,3,4,0,1,3,,N,,,,,,,,,,,
2009111222,1005.0,2,0,0,0,0,0,0,0,0,4,0,,67,10,2009,1,40.0202,-75.1487,1000.0,6,0,0,0,0,0,0,0,1,,0,0,0,9,1,2,1,,0,40 01:12.454,,0,75 08:55.941,4,0,0,0,67301,0,0,0,N,0,0,0,3,67301,2,,1,1,,N,N,,0,,0,0,0,0,0,,950,2,2,0,0,0,0,0,3,4,0,2,3,,N,,,,,,,,,,,
2009111229,1006.0,2,0,0,0,0,0,0,0,0,4,0,,67,10,2009,6,39.9622,-75.1466,1000.0,6,0,0,0,0,0,0,0,0,,0,0,0,9,1,1,1,,0,39 57:43.840,,0,75 08:47.720,8,0,0,0,67301,0,0,0,N,0,0,0,2,67301,0,,1,1,,N,N,,0,,0,0,0,3,3,,955,1,2,0,0,0,1,0,3,4,0,2,3,,N,,,,,,,,,,,
2009115671,1721.0,0,0,0,0,0,0,0,0,0,0,0,,67,11,2009,1,39.987,-75.0878,1719.0,6,0,0,0,0,0,0,0,0,1.0,0,0,0,17,3,2,6,,1,39 59:13.200,1.0,2,75 05:16.080,3,0,0,1,67301,0,0,0,N,0,0,0,2,68K01,1,,1,1,,N,N,,0,,1,0,0,0,0,N,1717,2,1,0,0,0,0,0,3,4,0,1,3,,N,,,,,,,,,,,
2009111036,1616.0,1,0,0,0,0,0,0,0,0,1,0,,67,10,2009,3,40.0296,-75.0221,1613.0,6,0,0,0,0,0,0,0,0,,0,0,0,16,1,1,0,,0,40 01:47.280,,0,75 01:19.200,3,0,0,0,67301,0,0,0,N,0,0,0,3,68K01,0,,1,1,,N,N,,0,,1,0,1,0,0,,1608,1,2,0,0,1,0,0,3,4,0,2,3,,N,,,,,,,,,,,
2009071410,850.0,0,0,0,0,0,0,0,0,0,4,0,,67,6,2009,2,40.0366,-75.0645,837.0,6,0,0,0,0,0,0,0,0,1.0,0,0,0,8,1,1,1,,1,40 02:11.789,2.0,0,75 03:52.061,4,0,0,0,67301,0,0,0,,0,0,0,2,67301,1,,1,1,,,,,2,,0,0,0,3,2,N,820,1,2,0,0,0,0,0,3,4,0,2,3,,N,,,,,,,,,,,
2009063715,1317.0,3,0,0,0,0,0,0,0,0,2,0,,67,5,2009,3,40.0649,-75.0284,1311.0,6,0,1,0,0,0,0,0,0,,0,0,0,12,1,3,2,,0,40 03:53.676,,0,75 01:42.099,4,0,0,0,67301,0,0,0,,0,0,0,4,67301,3,,1,1,,,,,0,,0,0,0,3,3,,1246,3,3,0,0,0,0,0,3,4,0,3,3,,N,,,,,,,,,,,
2009063767,1846.0,2,0,0,0,0,0,0,0,0,4,0,,67,5,2009,2,40.0078,-75.1035,1841.0,6,0,0,0,0,1,0,0,0,,0,0,0,18,1,0,1,,0,40 00:28.101,,0,75 06:12.751,0,0,0,0,67301,0,0,0,N,0,0,0,2,67301,0,,1,1,,N,N,,0,,0,0,1,0,0,,1830,0,3,0,0,0,0,0,3,4,0,3,3,,N,,,,,,,,,,,
2009063836,1736.0,1,0,0,0,0,0,0,0,0,8,0,,67,5,2009,2,40.027,-75.1643,1736.0,6,0,0,0,0,0,0,0,0,,0,0,0,17,1,1,0,,0,40 01:37.113,,0,75 09:51.451,8,0,0,0,67301,1,0,0,,1,0,0,2,67301,0,,1,1,,N,N,,0,,0,0,0,0,0,,1730,1,2,0,0,0,1,0,3,4,0,1,3,,N,,,,,,,,,,,
2009063868,645.0,1,0,0,0,0,0,0,0,0,7,0,,67,5,2009,4,40.0871,-74.9714,623.0,6,0,0,0,0,1,0,0,0,,0,0,0,5,5,0,0,,0,40 05:13.484,,0,74 58:16.995,0,0,0,0,67301,0,0,0,N,0,0,0,1,67301,0,,3,1,,N,N,,0,,0,0,0,0,0,,530,0,1,0,0,0,0,0,3,4,0,1,3,,N,,,,,,,,,,,
2009056470,640.0,2,0,0,0,0,0,0,0,0,1,0,,67,5,2009,1,40.0475,-75.1428,630.0,6,0,0,0,0,0,1,0,0,,0,0,0,6,1,1,1,,0,40 02:51.086,,0,75 08:34.404,4,0,0,0,67301,0,0,0,N,0,0,0,3,67301,1,,1,1,,N,N,,0,,0,0,0,3,2,,630,1,2,0,0,0,0,0,3,4,0,2,3,,N,,,,,,,,,,,
2009056471,1917.0,1,0,0,0,0,0,0,0,0,8,0,,67,5,2009,3,40.0395,-75.1416,1914.0,6,0,0,0,0,0,0,0,0,,0,0,0,18,1,1,1,,0,40 02:22.070,,0,75 08:29.633,8,0,0,0,67301,1,0,0,N,1,0,0,3,67301,0,,1,9,,N,N,,0,,0,0,0,3,3,,1845,1,2,0,0,0,1,0,3,4,0,1,7,,N,,,,,,,,,,,
2009056483,745.0,2,0,0,0,0,0,0,0,0,4,0,,67,5,2009,7,40.0092,-75.1683,744.0,6,0,0,0,0,0,1,0,0,,0,0,0,99,1,1,0,,0,40 00:33.103,,99,75 10:05.759,3,0,0,0,67301,0,0,0,,0,0,0,2,67301,0,,1,9,,N,N,,0,,1,0,0,0,0,,9999,1,2,0,0,0,0,0,3,4,0,2,7,,N,,,,,,,,,,,
2009106830,1337.0,0,0,0,0,0,0,0,0,0,1,0,,67,10,2009,4,39.8863,-75.2141,1334.0,6,0,0,0,0,0,1,0,0,1.0,0,0,0,13,1,0,0,,1,39 53:11.029,1.0,0,75 12:21.900,0,0,0,0,67301,0,0,0,N,0,0,0,2,68K01,0,,1,1,,N,N,,0,,0,0,2,0,0,N,1330,0,2,0,0,0,0,0,3,4,0,2,3,,N,,,,,,,,,,,
2009125101,1505.0,1,0,0,0,0,0,0,0,0,4,0,,67,11,2009,5,39.9701,-75.1304,1455.0,6,0,0,0,0,0,0,0,0,,0,0,0,14,1,0,1,,0,39 58:12.689,,0,75 07:48.886,0,0,0,0,67301,0,0,0,N,0,0,0,2,67301,0,,1,1,,N,N,,0,,0,0,1,3,2,,1450,0,2,0,0,0,0,0,3,4,0,2,3,,N,,,,,,,,,,,
2009125153,1639.0,1,0,0,0,0,0,0,0,0,8,0,,67,11,2009,7,39.929,-75.2408,1614.0,6,0,0,0,0,0,1,0,0,,0,0,0,16,1,1,0,,0,39 55:44.439,,0,75 14:27.031,4,0,0,0,67301,1,0,0,,1,0,0,2,62301,1,,1,1,,,,,0,,0,0,0,0,0,,1607,1,2,0,0,0,0,0,3,4,0,1,3,,N,,,,,,,,,,,
2009120281,1325.0,2,0,0,0,0,0,0,0,0,4,0,,67,11,2009,7,39.9186,-75.1844,1320.0,6,0,0,0,0,0,0,0,0,,0,0,0,13,1,1,2,,0,39 55:06.855,,0,75 11:03.803,4,0,0,0,67301,0,0,0,,0,0,0,2,67301,1,,1,1,,,,,0,,0,0,0,3,3,,1315,1,2,0,0,0,0,1,3,4,0,2,3,,N,,,,,,,,,,,
2009120390,830.0,3,0,0,0,0,0,0,0,0,1,0,,67,10,2009,6,40.0129,-75.1182,826.0,6,0,0,0,0,0,0,0,0,,0,0,0,8,1,1,0,,0,40 00:46.272,,0,75 07:05.375,8,0,0,0,67301,0,0,0,,0,0,0,5,67301,0,,1,9,,,,,0,,0,0,0,0,0,,822,1,3,0,0,4,1,0,3,4,0,3,7,,N,,,,,,,,,,,
2009120396,1959.0,2,0,0,0,0,0,0,0,0,4,0,,67,10,2009,7,39.9825,-75.175,1957.0,6,0,0,0,0,0,0,0,1,2.0,0,0,0,17,3,1,5,,2,39 58:56.847,2.0,0,75 10:29.911,8,0,0,0,67301,0,0,0,,0,0,0,7,67301,0,,1,1,,N,N,,0,,0,0,0,3,2,Y,1755,1,2,0,0,0,1,2,3,4,0,2,3,,N,,,,,,,,,,,
2009111839,2321.0,1,0,0,0,0,0,0,0,0,7,0,,67,9,2009,7,39.9674,-75.1809,2316.0,6,0,0,0,0,0,0,0,0,,0,0,0,23,3,1,2,,0,39 58:02.420,,0,75 10:51.275,4,0,0,0,67301,0,0,0,N,0,0,0,1,67301,1,,5,9,,N,N,,0,,0,0,0,3,2,,2311,1,1,0,0,0,0,0,3,4,0,1,7,,N,,,,,,,,,,,
2009034371,935.0,1,0,0,0,0,0,0,0,0,5,0,,67,3,2009,4,40.0232,-75.0353,933.0,6,0,0,0,0,0,0,0,0,2.0,0,1,0,9,1,0,0,,1,40 01:23.450,2.0,0,75 02:06.904,0,0,0,0,67301,0,0,0,Y,0,0,0,2,68K01,0,,2,1,,N,N,,0,,0,0,0,0,0,N,931,0,2,0,0,0,0,0,3,4,0,2,3,,N,,,,,,,,,,,
2009037474,1800.0,1,0,0,0,0,0,0,0,0,4,0,,67,2,2009,3,39.9134,-75.2216,1754.0,6,0,0,0,0,0,1,0,0,,0,0,0,17,8,2,0,,0,39 54:53.080,,7,75 13:16.482,8,0,0,0,67301,0,0,0,N,0,0,0,2,67301,0,,1,1,,N,N,,0,,0,0,1,3,2,,1710,2,2,0,0,0,2,0,3,4,0,2,3,,N,,,,,,,,,,,
2009044529,749.0,1,0,0,0,0,0,0,0,0,8,0,,67,3,2009,6,40.022,-75.0619,742.0,6,0,0,0,0,0,0,0,0,,0,0,0,7,3,1,0,,0,40 01:19.275,,0,75 03:42.789,4,0,0,0,67301,1,0,0,N,1,0,0,2,67301,1,,1,1,,N,N,,0,,0,0,0,0,0,,730,1,2,0,0,0,0,0,3,4,0,1,3,,N,,,,,,,,,,,
2009039727,914.0,1,0,0,0,0,0,0,0,0,8,0,,67,2,2009,6,40.0382,-75.0615,906.0,6,0,0,0,0,0,1,0,0,,0,0,0,9,1,1,0,,0,40 02:17.615,,0,75 03:41.489,4,0,0,0,67301,1,0,0,,1,0,0,2,67301,1,,1,1,,N,N,,0,,0,0,0,0,0,,905,1,2,0,0,0,0,0,3,4,0,1,3,,N,,,,,,,,,,,
2009029728,38.0,0,0,0,0,0,0,0,0,0,7,0,,67,2,2009,3,40.0202,-75.0412,36.0,6,0,0,0,0,0,0,0,0,2.0,0,0,0,23,3,1,3,,1,40 01:13.080,1.0,0,75 02:27.960,8,0,0,0,67301,0,0,0,,0,0,0,1,67301,0,,4,7,,,,,0,,0,0,0,0,0,N,2336,1,1,0,0,0,1,0,3,4,1,1,10,,N,,,,,,,,,,,
2009039094,1547.0,1,0,0,0,0,0,0,0,0,4,0,,67,2,2009,1,39.9561,-75.1492,1250.0,6,0,0,0,0,0,0,1,0,,0,1,0,12,1,1,0,,0,39 57:21.480,,0,75 08:57.112,8,0,0,0,67301,0,0,0,N,0,0,0,3,67301,0,,1,1,,N,N,,0,,0,0,0,3,8,,1245,1,2,0,0,0,1,0,3,4,0,2,3,,N,,,,,,,,,,,
2009037358,1622.0,2,0,0,0,0,0,0,0,0,4,0,,67,2,2009,1,40.0327,-75.1744,1619.0,6,0,0,0,0,0,1,0,0,,0,0,0,16,1,0,1,,0,40 01:57.777,,0,75 10:27.832,0,0,0,0,67301,0,0,0,N,0,0,0,2,67301,0,,1,1,,N,N,,0,,0,0,0,3,2,,1615,0,2,0,0,0,0,0,3,4,0,2,3,,N,,,,,,,,,,,
2009037436,935.0,1,0,0,0,0,0,0,0,0,8,0,,67,3,2009,2,40.0274,-75.1217,929.0,6,0,0,0,0,1,0,0,0,,0,0,0,9,1,1,0,,0,40 01:38.498,,0,75 07:18.049,8,0,0,0,67301,1,0,0,N,1,0,0,2,67301,0,,1,7,,N,N,,0,,0,0,0,0,0,,905,1,2,0,0,0,1,0,3,4,0,1,10,,N,,,,,,,,,,,
2009037437,1647.0,1,0,0,0,0,0,0,0,0,4,0,,67,2,2009,6,40.057,-75.161,1646.0,6,0,0,0,0,0,0,0,0,3.0,0,0,0,16,1,1,0,,2,40 03:25.088,5.0,0,75 09:39.497,8,0,0,0,67301,0,0,0,N,0,0,0,4,67301,0,,1,1,,N,Y,,0,,0,0,0,0,0,Y,1646,1,2,0,0,0,1,0,3,4,1,2,3,,N,,,,,,,,,,,
2009039963,1035.0,0,0,0,0,0,0,0,0,0,4,0,,67,4,2009,5,40.0492,-75.0029,1029.0,6,0,0,0,0,0,0,0,0,,0,0,0,10,1,3,0,,0,40 02:57.045,,0,75 00:10.557,4,0,0,0,67301,0,0,0,N,0,0,0,4,68K01,3,,7,1,,N,N,,1,,0,0,0,0,0,,1025,3,2,0,0,0,0,0,3,4,1,2,3,,N,,,,,,,,,,,
2009036892,1637.0,0,0,0,0,0,0,0,0,0,8,0,,67,2,2009,5,39.9949,-75.1425,1623.0,6,0,0,0,0,0,0,0,0,,0,0,0,16,1,1,0,,0,39 59:41.665,,0,75 08:32.888,8,0,0,0,67301,1,0,0,N,1,0,0,2,67301,0,,6,1,,N,,,0,,0,0,1,3,3,,1620,1,2,0,0,0,1,0,3,4,0,1,3,,N,,,,,,,,,,,
2009026901,230.0,2,0,0,0,0,0,0,0,0,1,0,,67,1,2009,1,40.0199,-75.1503,226.0,6,0,0,0,0,0,0,0,0,1.0,0,0,0,2,3,2,0,,2,40 01:11.651,1.0,0,75 09:01.212,8,0,0,0,67301,0,0,0,N,0,0,0,2,67301,0,,1,1,,N,N,,0,,0,0,0,0,0,N,208,2,2,0,0,0,2,0,3,4,0,2,3,,N,,,,,,,,,,,
2009026909,55.0,2,0,0,0,0,0,0,0,0,6,0,,67,1,2009,2,40.035,-75.0307,41.0,6,0,0,0,0,0,0,0,0,,0,0,0,0,3,0,0,,0,40 02:05.935,,0,75 01:50.480,0,0,0,0,67301,0,0,0,N,0,0,0,1,67301,0,,6,1,,N,N,,1,,0,0,0,0,0,,40,0,3,0,0,0,0,0,3,4,0,3,3,,N,,,,,,,,,,,
2009026912,2315.0,1,0,0,0,0,0,0,0,0,8,0,,67,1,2009,3,39.9172,-75.2463,2301.0,6,0,0,0,0,0,0,0,0,,0,0,0,99,3,1,5,,0,39 55:01.859,,0,75 14:46.691,3,0,0,0,67301,1,0,0,N,1,0,0,2,67301,0,,1,9,,N,N,,0,,1,0,0,3,2,,9999,1,2,0,0,0,0,0,3,4,0,1,7,,N,,,,,,,,,,,
2009036973,400.0,2,0,0,0,0,0,0,0,0,4,0,,67,2,2009,1,39.9577,-75.1624,350.0,6,0,0,0,1,0,1,0,0,2.0,0,0,0,99,3,3,1,,1,39 57:27.737,1.0,0,75 09:44.915,4,0,0,0,67301,0,0,0,N,0,0,0,4,67301,1,,1,1,,N,N,,0,,0,0,0,3,2,N,9999,3,2,0,0,0,2,0,3,4,0,2,3,,N,,,,,,,,,,,
2009036983,2005.0,0,0,0,0,0,0,0,0,0,8,0,,67,3,2009,2,39.966,-75.2056,2000.0,6,0,0,0,0,0,0,0,0,,0,0,0,19,1,1,2,,0,39 57:57.574,,0,75 12:20.069,4,0,0,0,67301,1,0,0,N,1,0,0,2,67301,1,,1,1,,N,N,,1,,0,0,0,3,3,,1945,1,2,0,0,0,0,0,3,4,0,1,3,,N,,,,,,,,,,,
2009044486,1700.0,0,0,0,0,0,0,0,0,0,4,0,,67,3,2009,2,39.9799,-75.1073,1530.0,6,0,0,0,0,0,2,0,0,,0,0,0,15,1,0,1,,0,39 58:47.288,,0,75 06:26.829,0,0,0,0,67301,0,0,0,N,0,0,0,2,67301,0,,1,1,,N,N,,1,,0,0,1,3,3,,1530,0,2,0,0,0,0,0,3,4,0,2,3,,N,,,,,,,,,,,
2009124449,825.0,2,0,0,0,0,0,0,0,0,4,0,,67,11,2009,7,40.0692,-75.0073,820.0,6,0,0,0,0,0,0,0,0,,0,0,0,8,1,1,1,,0,40 04:08.982,,0,75 00:26.173,8,0,0,0,67301,0,0,0,N,0,0,0,2,67301,0,,1,9,,N,N,,0,,0,0,0,3,2,,819,1,2,0,0,0,1,1,3,4,0,2,7,,N,,,,,,,,,,,
2009095102,1817.0,0,0,0,0,0,0,0,0,0,0,0,,67,9,2009,7,39.9923,-75.2455,1815.0,6,0,0,0,0,0,0,0,0,,0,0,0,18,1,1,0,,0,39 59:33.397,,0,75 14:41.612,4,0,0,1,67301,0,0,0,N,0,0,0,1,46104,1,,1,1,,N,N,,0,,0,0,0,0,0,,1813,1,1,0,0,0,0,0,3,4,0,1,3,,N,,,,,,,,,,,
2009088944,55.0,0,0,0,0,0,0,0,0,0,0,0,,67,4,2009,1,39.9215,-75.1905,49.0,6,0,0,0,0,0,0,0,0,1.0,0,0,0,0,3,1,0,,2,39 55:17.335,4.0,0,75 11:25.787,3,0,0,2,67301,0,0,0,,0,0,0,2,67301,0,,1,1,,,,,0,,1,0,0,0,0,N,48,1,2,0,0,0,0,0,3,4,0,2,3,,N,,,,,,,,,,,
2009101154,1744.0,2,0,0,0,0,0,0,0,0,2,0,,67,9,2009,5,40.1065,-75.0301,1741.0,6,0,0,0,0,1,0,0,0,,0,0,0,17,1,1,2,,0,40 06:23.326,,0,75 01:48.353,8,0,0,0,67301,0,0,0,N,0,0,0,2,67301,0,,1,1,,N,N,,0,,0,0,0,3,3,,1740,1,2,0,0,0,1,0,3,4,0,2,3,,N,,,,,,,,,,,
2009097140,1839.0,2,0,0,0,0,0,0,0,0,1,0,,67,8,2009,6,39.9819,-75.239,1835.0,6,0,0,0,0,0,1,0,0,,0,0,0,18,4,2,1,,0,39 58:54.974,,0,75 14:20.357,4,0,0,0,67301,0,0,0,N,0,0,0,5,67301,2,,1,9,,N,N,,0,,0,0,0,3,2,,1830,2,2,0,0,0,0,0,3,4,0,2,3,,N,,,,,,,,,,,