CRN,ARRIVAL_TM,AUTOMOBILE_COUNT,BELTED_DEATH_COUNT,BELTED_SUSP_SERIOUS_INJ_COUNT,BICYCLE_COUNT,BICYCLE_DEATH_COUNT,BICYCLE_SUSP_SERIOUS_INJ_COUNT,BUS_COUNT,CHLDPAS_DEATH_COUNT,CHLDPAS_SUSP_SERIOUS_INJ_COUNT,COLLISION_TYPE,COMM_VEH_COUNT,CONS_ZONE_SPD_LIM,COUNTY,CRASH_MONTH,CRASH_YEAR,DAY_OF_WEEK,DEC_LAT,DEC_LONG,DISPATCH_TM,DISTRICT,DRIVER_COUNT_16YR,DRIVER_COUNT_17YR,DRIVER_COUNT_18YR,DRIVER_COUNT_19YR,DRIVER_COUNT_20YR,DRIVER_COUNT_50_64YR,DRIVER_COUNT_65_74YR,DRIVER_COUNT_75PLUS,EST_HRS_CLOSED,FATAL_COUNT,HEAVY_TRUCK_COUNT,HORSE_BUGGY_COUNT,HOUR_OF_DAY,ILLUMINATION,INJURY_COUNT,INTERSECT_TYPE,INTERSECTION_RELATED,LANE_CLOSED,LATITUDE,LN_CLOSE_DIR,LOCATION_TYPE,LONGITUDE,MAX_SEVERITY_LEVEL,MCYCLE_DEATH_COUNT,MCYCLE_SUSP_SERIOUS_INJ_COUNT,MOTORCYCLE_COUNT,MUNICIPALITY,NONMOTR_COUNT,NONMOTR_DEATH_COUNT,NONMOTR_SUSP_SERIOUS_INJ_COUNT,NTFY_HIWY_MAINT,PED_COUNT,PED_DEATH_COUNT,PED_SUSP_SERIOUS_INJ_COUNT,PERSON_COUNT,POLICE_AGCY,POSSIBLE_INJ_COUNT,RDWY_SURF_TYPE_CD,RELATION_TO_ROAD,ROAD_CONDITION,ROADWAY_CLEARED,SCH_BUS_IND,SCH_ZONE_IND,SECONDARY_CRASH,SMALL_TRUCK_COUNT,SPEC_JURIS_CD,SUSP_MINOR_INJ_COUNT,SUSP_SERIOUS_INJ_COUNT,SUV_COUNT,TCD_FUNC_CD,TCD_TYPE,TFC_DETOUR_IND,TIME_OF_DAY,TOT_INJ_COUNT,TOTAL_UNITS,UNB_DEATH_COUNT,UNB_SUSP_SERIOUS_INJ_COUNT,UNBELTED_OCC_COUNT,UNK_INJ_DEG_COUNT,UNK_INJ_PER_COUNT,URBAN_AREA,URBAN_RURAL,VAN_COUNT,VEHICLE_COUNT,WEATHER1,WEATHER2,WORK_ZONE_IND,WORK_ZONE_LOC,WORK_ZONE_TYPE,WORKERS_PRES,WZ_CLOSE_DETOUR,WZ_FLAGGER,WZ_LAW_OFFCR_IND,WZ_LN_CLOSURE,WZ_MOVING,WZ_OTHER,WZ_SHLDER_MDN,WZ_WORKERS_INJ_KILLED
2009094251,815.0,1,0,0,0,0,0,0,0,0,5,0,,67,8,2009,4,40.0186,-75.2017,810.0,6,0,0,0,0,0,0,1,0,,0,0,0,8,1,1,0,,0,40 01:06.904,,0,75 12:06.293,3,0,0,0,67301,0,0,0,Y,0,0,0,2,67301,0,,1,1,,N,N,,0,,1,0,0,0,0,,805,1,2,0,0,0,0,0,3,4,1,2,3,,N,,,,,,,,,,,
2009096835,1403.0,2,0,0,0,0,0,0,0,0,4,0,,67,8,2009,3,39.9571,-75.2358,1357.0,6,0,0,0,0,0,2,0,0,,0,0,0,13,1,2,1,,0,39 57:25.401,,0,75 14:08.753,4,0,0,0,67301,0,0,0,N,0,0,0,3,67301,2,,1,1,,N,N,,0,,0,0,0,3,3,,1353,2,2,0,0,0,0,0,3,4,0,2,3,,N,,,,,,,,,,,
2009086316,114.0,1,0,0,0,0,0,0,0,0,7,0,,67,8,2009,3,40.0251,-75.1671,110.0,6,0,0,0,0,0,0,0,0,,0,0,0,1,3,1,0,,0,40 01:30.331,,0,75 10:01.647,3,0,0,0,67301,0,0,0,N,0,0,0,1,67301,0,,5,1,,N,N,,0,,1,0,0,0,0,,110,1,1,0,0,1,0,0,3,4,0,1,3,,N,,,,,,,,,,,
2009134050,2340.0,1,0,0,0,0,0,0,0,0,7,0,,67,12,2009,6,39.8861,-75.2118,2327.0,6,0,0,0,0,0,0,0,0,,0,0,0,23,3,0,7,,0,39 53:09.434,,2,75 12:36.161,0,0,0,0,67301,0,0,0,N,0,0,0,2,68K02,0,,2,1,,N,N,,0,,0,0,0,0,0,,2315,0,1,0,0,0,0,0,3,4,0,1,3,,N,,,,,,,,,,,
2009083779,1603.0,1,0,0,0,0,0,0,0,0,8,0,,67,7,2009,4,39.9391,-75.1664,1602.0,6,0,0,0,0,0,1,0,0,,0,0,0,16,1,1,1,,0,39 56:20.518,,0,75 09:59.207,8,0,0,0,67301,1,0,0,N,1,0,0,2,67301,0,,2,1,,N,N,,0,,0,0,0,3,2,,1600,1,2,0,0,0,1,0,3,4,0,1,3,,N,,,,,,,,,,,
2009083783,1130.0,0,0,0,0,0,0,0,0,0,4,0,,67,7,2009,3,39.9387,-75.2243,1030.0,6,0,0,0,0,0,0,0,0,,0,0,0,99,1,1,1,,0,39 56:19.388,,0,75 13:27.483,4,0,0,0,67301,0,0,0,N,0,0,0,3,67301,1,,1,9,,N,N,,0,,0,0,2,3,2,,9999,1,2,0,0,0,0,0,3,4,0,2,7,,N,,,,,,,,,,,
2009083789,1605.0,1,0,0,0,0,0,0,0,0,4,0,,67,7,2009,3,39.9223,-75.1836,1600.0,6,0,0,0,0,0,0,0,1,,0,0,0,16,1,1,0,,0,39 55:20.114,,0,75 11:00.942,4,0,0,0,67301,1,0,0,N,1,0,0,2,67301,1,,1,1,,N,N,,0,,0,0,0,0,0,,1600,1,2,0,0,0,0,0,3,4,0,1,3,,N,,,,,,,,,,,
2009083843,9999.0,2,0,0,0,0,0,0,0,0,2,0,,67,7,2009,7,40.0396,-75.0844,1023.0,6,0,0,0,0,0,0,0,0,2.0,0,0,0,10,1,2,1,,1,40 02:22.401,1.0,0,75 05:03.893,8,0,0,0,67301,0,0,0,N,0,0,0,4,67301,0,,1,1,,N,N,,0,,0,0,0,3,2,Y,1023,2,2,0,0,0,2,0,3,4,0,2,3,,N,,,,,,,,,,,
2009065368,1332.0,0,0,0,0,0,0,0,0,0,6,0,,67,5,2009,5,40.0457,-75.0315,1325.0,6,0,0,0,0,0,0,0,0,,0,0,0,13,1,3,1,,0,40 02:44.514,,0,75 01:53.568,8,0,0,0,67301,0,0,0,N,0,0,0,3,67301,0,,1,1,,N,N,,0,,0,0,2,3,2,,1320,3,2,0,0,0,3,0,3,4,0,2,3,,N,,,,,,,,,,,
2009065388,116.0,1,0,0,0,0,0,0,0,0,7,0,,67,5,2009,1,40.012,-75.2048,113.0,6,0,0,0,0,0,0,0,0,,0,0,0,1,3,0,0,,0,40 00:43.274,,2,75 12:17.326,0,0,0,0,67301,0,0,0,N,0,0,0,2,67301,0,,2,9,,N,N,,0,,0,0,0,0,0,,109,0,1,0,0,0,0,0,3,4,0,1,7,,N,,,,,,,,,,,
2009120603,755.0,1,0,0,0,0,0,0,0,0,8,0,,67,10,2009,2,39.9836,-75.247,750.0,6,0,0,0,0,0,0,0,0,,0,0,0,6,1,1,1,,0,39 59:00.722,,0,75 14:49.616,4,0,0,0,67301,1,0,0,N,1,0,0,2,67301,1,,1,1,,N,N,,0,,0,0,0,9,2,,645,1,2,0,0,0,0,0,3,4,0,1,3,,N,,,,,,,,,,,
2009120623,646.0,1,0,0,1,0,1,0,0,0,4,0,,67,10,2009,5,40.0136,-75.0685,632.0,6,0,0,0,0,0,1,0,0,,0,0,0,6,1,1,0,,0,40 00:48.893,,7,75 04:06.729,2,0,0,0,67301,1,0,1,N,0,0,0,2,67301,0,,1,1,,N,N,,0,,0,1,0,3,2,,618,1,2,0,0,0,0,0,3,4,0,1,3,,N,,,,,,,,,,,
2009115719,1440.0,2,0,0,0,0,0,0,0,0,4,0,,67,10,2009,5,40.015,-75.0681,1437.0,6,0,0,0,0,0,0,0,0,2.0,0,0,0,14,1,0,5,,1,40 00:53.858,2.0,0,75 04:05.607,9,0,0,0,67301,0,0,0,,0,0,0,2,67301,0,,1,1,,,,,0,,0,0,0,3,2,N,1430,0,2,0,0,0,0,2,3,4,0,2,3,,N,,,,,,,,,,,
2009111427,2330.0,1,0,0,0,0,0,0,0,0,8,0,,67,10,2009,6,40.0562,-75.1597,2322.0,6,0,0,0,0,0,0,0,1,,0,0,0,22,3,1,0,,0,40 03:22.478,,0,75 09:34.942,2,0,0,0,67301,1,0,1,N,1,0,1,2,67301,0,,1,9,,N,N,,0,,0,1,0,0,0,,2255,1,2,0,0,0,0,0,3,4,0,1,7,,N,,,,,,,,,,,
2009025913,1735.0,0,0,0,0,0,0,0,0,0,8,0,,67,1,2009,3,39.9863,-75.1106,1723.0,6,0,0,0,0,0,1,0,0,,0,0,0,99,3,1,0,,0,39 59:10.616,,0,75 06:38.198,8,0,0,0,67301,1,0,0,N,1,0,0,2,67301,0,,1,9,,N,N,,1,,0,0,0,3,2,,9999,1,2,0,0,0,1,0,3,4,0,1,7,,N,,,,,,,,,,,
2009028443,1321.0,1,0,0,0,0,0,0,0,0,1,0,,67,1,2009,5,39.9131,-75.2433,1319.0,6,0,0,0,0,0,1,0,0,,0,0,0,12,1,4,5,,0,39 54:47.160,,0,75 14:35.880,8,0,0,0,67301,0,0,0,N,0,0,0,5,67301,0,,1,1,,N,N,,0,,0,0,0,3,2,,1219,4,2,0,0,0,4,1,3,4,0,2,3,,N,,,,,,,,,,,
2009029981,1157.0,0,0,0,0,0,0,0,0,0,7,1,,67,1,2009,4,,,1136.0,6,0,0,0,0,0,0,0,0,,0,1,0,11,1,1,0,,0,,,3,,4,0,0,0,67301,0,0,0,N,0,0,0,1,67501,1,,4,1,,N,N,,0,,0,0,0,3,8,,1136,1,1,0,0,0,0,0,3,3,0,1,3,,N,,,,,,,,,,,
2009038062,1539.0,3,0,0,0,0,0,0,0,0,1,0,,67,2,2009,1,40.0071,-75.1219,1535.0,6,0,0,0,0,0,0,0,0,,0,0,0,15,1,2,0,,0,40 00:25.473,,0,75 07:18.882,4,0,0,0,67301,0,0,0,,0,0,0,4,67301,2,,1,1,,,,,0,,0,0,0,0,0,,1530,2,3,0,0,2,0,0,3,4,0,3,3,,N,,,,,,,,,,,
2009032873,1133.0,1,0,0,0,0,0,0,0,0,8,0,,67,2,2009,6,40.0217,-75.1609,1130.0,6,0,0,0,0,0,0,0,0,,0,0,0,11,1,1,0,,0,40 01:18.074,,0,75 09:39.266,4,0,0,0,67301,1,0,0,,1,0,0,2,67301,1,,1,2,,N,N,,0,,0,0,0,3,2,,1125,1,2,0,0,0,0,1,3,4,0,1,3,,N,,,,,,,,,,,
2009032903,1251.0,3,0,0,0,0,0,0,0,0,7,0,,67,1,2009,4,40.0403,-75.0585,1246.0,6,0,0,0,0,0,0,0,0,,0,0,0,12,1,1,1,,0,40 02:25.164,,0,75 03:30.735,4,0,0,0,67301,0,0,0,N,0,0,0,3,67301,1,,2,6,,N,N,,0,,0,0,0,3,2,,1245,1,3,0,0,0,0,0,3,4,0,3,9,,N,,,,,,,,,,,
2009032993,821.0,2,0,0,0,0,0,0,0,0,4,0,,67,2,2009,2,40.0407,-75.1584,811.0,6,0,0,0,0,0,0,0,0,,0,0,0,7,1,1,2,,0,40 02:26.566,,0,75 09:30.254,8,0,0,0,67301,0,0,0,N,0,0,0,2,67301,0,,1,1,,N,N,,0,,0,0,0,3,3,,743,1,2,0,0,0,1,0,3,4,0,2,3,,N,,,,,,,,,,,
2009030432,1544.0,3,0,0,0,0,0,0,0,0,4,0,,67,2,2009,5,40.036,-75.04,1542.0,6,0,0,0,1,0,0,1,0,,0,0,0,15,1,1,2,,0,40 02:09.704,,0,75 02:24.068,4,0,0,0,67301,0,0,0,,0,0,0,4,67301,1,,1,1,,N,N,,0,,0,0,0,0,0,,1540,1,3,0,0,0,0,0,3,4,0,3,3,,N,,,,,,,,,,,
2009038271,1257.0,0,0,0,0,0,0,0,0,0,1,0,,67,4,2009,7,39.9593,-75.1743,1253.0,6,0,0,0,0,0,1,0,0,1.0,0,0,0,12,1,1,0,,1,39 57:33.492,3.0,0,75 10:27.404,8,0,0,0,67301,0,0,0,N,0,0,0,3,68K01,0,,1,1,,N,N,,0,,0,0,1,0,0,Y,1251,1,2,0,0,0,1,0,3,4,1,2,3,,N,,,,,,,,,,,
2009125325,1708.0,0,0,0,0,0,0,0,0,0,0,0,,67,11,2009,1,40.0272,-75.1145,1657.0,6,0,0,0,0,0,0,0,0,9.0,0,0,0,99,3,1,1,,1,40 01:37.940,2.0,0,75 06:52.496,8,0,0,1,67301,0,0,0,,0,0,0,1,67301,0,,1,1,,,,,0,,0,0,0,3,2,N,9999,1,1,0,0,0,1,0,3,4,0,1,3,,N,,,,,,,,,,,
2009125459,250.0,1,0,0,0,0,0,0,0,0,7,0,,67,11,2009,7,40.0294,-75.1889,240.0,6,0,0,0,0,0,0,0,0,1.0,0,0,0,2,3,0,0,,1,40 01:45.700,2.0,0,75 11:19.980,0,0,0,0,67301,0,0,0,N,0,0,0,1,67301,0,,2,1,,N,N,,0,,0,0,0,0,0,N,230,0,1,0,0,0,0,0,3,4,0,1,3,,N,,,,,,,,,,,
2009101895,1706.0,2,0,0,0,0,0,0,0,0,4,0,,67,10,2009,2,40.0619,-75.1367,1702.0,6,0,0,0,0,0,0,0,0,2.0,0,0,0,17,1,0,1,,1,40 03:42.622,2.0,1,75 08:12.011,9,0,0,0,67301,0,0,0,N,0,0,0,2,46102,0,,1,1,,N,N,,0,,0,0,0,3,2,N,1702,0,2,0,0,0,0,1,3,4,0,2,3,,N,,,,,,,,,,,
2009111848,1354.0,2,0,0,0,0,0,0,0,0,2,0,,67,9,2009,2,39.9926,-75.1682,1352.0,6,0,0,0,0,0,1,0,0,,0,0,0,13,1,2,1,,0,39 59:33.432,,0,75 10:05.681,2,0,0,0,67301,0,0,0,N,0,0,0,3,67301,0,,1,1,,N,N,,0,,1,1,0,3,2,,1352,2,2,0,0,0,0,0,3,4,0,2,3,,N,,,,,,,,,,,
2009036740,1630.0,1,0,0,0,0,0,0,0,0,5,0,,67,3,2009,2,40.0145,-75.1783,1625.0,6,0,0,0,0,0,0,0,0,1.0,0,0,0,16,1,1,0,,1,40 00:52.260,2.0,3,75 10:41.972,4,0,0,0,67301,0,0,0,N,0,0,0,2,67301,1,,1,1,,N,N,,0,,0,0,1,0,0,N,1615,1,2,0,0,0,0,0,3,4,0,2,3,,N,,,,,,,,,,,
2009044850,1430.0,1,0,0,0,0,0,0,0,0,4,0,,67,3,2009,4,40.0003,-75.0838,1426.0,6,0,0,0,0,0,0,0,0,2.0,0,0,0,14,1,3,2,,2,40 00:01.080,2.0,2,75 05:01.320,4,0,0,0,67301,0,0,0,,0,0,0,3,67301,3,,1,1,,,,,0,,0,0,1,3,2,Y,1420,3,2,0,0,0,0,0,3,4,0,2,3,,N,,,,,,,,,,,
2009034244,316.0,1,0,0,0,0,0,0,0,0,7,0,,67,3,2009,1,39.9575,-75.18,314.0,6,0,0,0,0,0,0,0,0,1.0,0,0,0,3,3,0,0,,1,39 57:27.000,4.0,2,75 10:48.000,0,0,0,0,67301,0,0,0,Y,0,0,0,1,68K01,0,,7,1,,N,N,,0,,0,0,0,0,0,N,306,0,1,0,0,0,0,0,3,4,0,1,3,,N,,,,,,,,,,,
2009039230,842.0,1,0,0,0,0,0,0,0,0,8,0,,67,2,2009,2,40.0235,-75.2186,838.0,6,0,0,0,0,0,0,0,0,,0,0,0,8,1,1,1,,0,40 01:24.628,,0,75 13:07.013,4,0,0,0,67301,1,0,0,N,1,0,0,2,67301,1,,1,1,,N,N,,0,,0,0,0,3,3,,830,1,2,0,0,0,0,0,3,4,0,1,3,,N,,,,,,,,,,,
2009037529,30.0,2,0,0,0,0,0,0,0,0,4,0,,67,3,2009,5,40.0387,-75.1235,0.0,6,0,0,0,1,0,0,0,1,,0,0,0,0,3,3,1,,0,40 02:19.456,,0,75 07:24.668,8,0,0,0,67301,0,0,0,N,0,0,0,3,67301,0,,1,1,,N,N,,0,,0,0,0,3,3,,0,3,3,0,0,0,3,0,3,4,1,3,3,,N,,,,,,,,,,,
2009037530,2215.0,2,0,0,0,0,0,0,0,0,4,0,,67,2,2009,6,39.9695,-75.2126,2154.0,6,0,0,0,0,0,0,0,0,,0,0,0,21,3,2,5,,0,39 58:10.214,,0,75 12:45.381,4,0,0,0,67301,0,0,0,N,0,0,0,2,67301,2,,1,1,,N,N,,0,,0,0,0,0,0,,2154,2,2,0,0,0,0,0,3,4,0,2,3,,N,,,,,,,,,,,
2009037535,1935.0,2,0,0,0,0,0,0,0,0,4,0,,67,3,2009,1,40.0677,-75.1625,1935.0,6,0,0,0,0,1,0,0,0,,0,0,0,19,3,0,1,,0,40 04:03.788,,0,75 09:45.053,0,0,0,0,67301,0,0,0,N,0,0,0,2,67301,0,,1,9,,N,N,,0,,0,0,0,3,3,,1935,0,2,0,0,0,0,0,3,4,0,2,10,,N,,,,,,,,,,,
2009037103,1600.0,0,0,0,0,0,0,0,0,0,6,0,,67,2,2009,6,39.9858,-75.2156,1600.0,6,0,0,0,0,0,0,0,0,,0,0,0,16,1,1,1,,0,39 59:08.827,,0,75 12:56.555,4,0,0,0,67301,0,0,0,,0,0,0,3,67301,1,,1,1,,,,,1,,0,0,1,3,2,,1600,1,2,0,0,0,0,0,3,4,0,2,3,,N,,,,,,,,,,,
2009039115,1627.0,2,0,0,0,0,0,0,0,0,1,0,,67,2,2009,3,40.0156,-75.1765,1624.0,6,0,0,0,0,0,0,0,0,1.0,0,0,0,16,1,1,0,,1,40 00:56.041,4.0,0,75 10:35.396,4,0,0,0,67301,0,0,0,N,0,0,0,6,67301,1,,1,1,,N,N,,0,,0,0,0,0,0,N,1621,1,3,0,0,0,0,0,3,4,1,3,3,,N,,,,,,,,,,,
2009037430,2357.0,2,0,0,0,0,0,0,0,0,1,0,,67,3,2009,2,39.9972,-75.1802,2354.0,6,0,0,0,0,0,0,0,0,2.0,0,0,0,22,3,1,1,,1,39 59:50.116,3.0,0,75 10:48.664,4,0,0,0,67301,0,0,0,,0,0,0,3,67301,1,,1,1,,,,,0,,0,0,1,3,2,Y,2245,1,3,0,0,0,0,1,3,4,0,3,3,,N,,,,,,,,,,,
2009037449,825.0,2,0,0,0,0,0,0,0,0,4,0,,67,3,2009,1,39.9411,-75.2053,814.0,6,0,0,0,0,0,0,0,0,,0,0,0,8,1,0,0,,0,39 56:27.895,,0,75 12:18.919,0,0,0,0,67301,0,0,0,,0,0,0,2,67301,0,,1,2,,,,,0,,0,0,0,0,0,,805,0,2,0,0,2,0,0,3,4,0,2,98,,N,,,,,,,,,,,
2009039252,932.0,1,0,0,0,0,0,0,0,0,7,0,,67,2,2009,3,40.0237,-75.0926,927.0,6,0,0,0,0,0,0,0,0,,0,0,0,9,1,1,1,,0,40 01:25.285,,0,75 05:33.380,3,0,0,0,67301,0,0,0,N,0,0,0,1,67301,0,,5,1,,N,N,,0,,1,0,0,0,0,,925,1,1,0,0,1,0,0,3,4,0,1,3,,N,,,,,,,,,,,
2009049631,955.0,0,0,0,0,0,0,0,0,0,8,0,,67,4,2009,6,39.9652,-75.2027,950.0,6,0,0,0,0,0,0,0,0,,0,0,0,0,3,1,1,,0,39 57:54.590,,0,75 12:09.575,3,0,0,0,67301,1,0,0,N,1,0,0,2,67301,0,,9,1,,N,N,,0,,1,0,0,0,0,,1,1,2,0,0,0,0,1,3,4,0,1,3,,N,,,,,,,,,,,
2009036958,1632.0,3,0,0,0,0,0,0,0,0,1,0,,67,3,2009,6,40.0078,-75.1131,1630.0,6,0,0,0,0,0,1,0,0,,0,0,0,16,1,3,0,,0,40 00:28.170,,0,75 06:47.026,8,0,0,0,67301,0,0,0,N,0,0,0,4,67301,0,,1,1,,N,N,,0,,0,0,0,0,0,,1620,3,3,0,0,0,3,0,3,4,0,3,3,,N,,,,,,,,,,,
2009044432,1634.0,1,0,0,0,0,0,0,0,0,1,0,,67,3,2009,3,40.0096,-75.1873,1630.0,6,0,0,0,0,0,0,0,0,2.0,0,0,0,16,1,4,3,,2,40 00:25.200,3.0,2,75 11:33.000,4,0,0,0,67301,0,0,0,N,0,0,0,6,67301,3,,7,1,,N,N,,1,,0,0,0,3,4,N,1624,4,2,0,0,0,1,0,3,4,0,2,3,,N,,,,,,,,,,,
2009044481,1342.0,2,0,0,0,0,0,0,0,0,1,0,,67,3,2009,5,40.0401,-75.1297,1335.0,6,0,0,0,0,0,1,0,0,,0,0,0,13,1,1,0,,0,40 02:24.278,,0,75 07:46.927,8,0,0,0,67301,0,0,0,N,0,0,0,3,67301,0,,1,9,,N,N,,0,,0,0,0,0,0,,1328,1,2,0,0,0,1,0,3,4,0,2,7,,N,,,,,,,,,,,
2009097612,2335.0,1,0,0,0,0,0,0,0,0,7,0,,67,8,2009,6,39.969,-75.2034,2332.0,6,0,0,0,0,0,1,0,0,,0,0,0,23,3,1,0,,0,39 58:08.313,,3,75 12:12.153,8,0,0,0,67301,0,0,0,N,0,0,0,1,67301,0,,2,9,,N,N,,0,,0,0,0,0,0,,2330,1,1,0,0,0,1,0,3,4,0,1,7,,N,,,,,,,,,,,
2009133895,4.0,1,0,0,0,0,0,0,0,0,7,0,,67,12,2009,3,40.0051,-75.0764,2340.0,6,0,0,0,0,0,0,0,0,2.0,0,0,0,23,3,0,0,,1,40 00:12.737,2.0,2,75 04:40.033,0,0,0,0,67301,0,0,0,N,0,0,0,2,68K02,0,,7,1,,N,N,,0,,0,0,0,0,0,N,2338,0,1,0,0,2,0,0,3,4,0,1,3,,N,,,,,,,,,,,
2009097164,2350.0,3,0,0,0,0,0,0,0,0,5,0,,67,8,2009,6,39.9231,-75.1885,2347.0,6,0,0,0,0,0,1,0,0,,0,0,0,22,3,1,0,,0,39 55:23.001,,0,75 11:18.574,8,0,0,0,67301,0,0,0,N,0,0,0,1,67301,0,,6,98,,N,N,,0,,0,0,0,0,0,,2230,1,3,0,0,0,1,0,3,4,0,3,99,,N,,,,,,,,,,,
2009097174,210.0,1,0,0,0,0,0,0,0,0,8,0,,67,8,2009,6,40.021,-75.0915,200.0,6,0,0,0,0,0,0,0,0,,0,0,0,21,3,1,1,,0,40 01:15.697,,0,75 05:29.338,4,0,0,0,67301,1,0,0,N,1,0,0,2,67301,1,,1,1,,N,N,,0,,0,0,0,3,3,,2130,1,2,0,0,0,0,0,3,4,0,1,3,,N,,,,,,,,,,,
2009102232,2004.0,1,0,0,0,0,0,0,0,0,7,0,,67,10,2009,6,39.9787,-75.1102,2002.0,6,0,0,0,0,0,0,0,0,3.0,0,0,0,19,3,1,0,,2,39 58:45.120,2.0,0,75 06:32.400,4,0,0,0,67301,0,0,0,N,0,0,0,1,68K01,1,,2,1,,N,N,,0,,0,0,0,0,0,N,1959,1,1,0,0,0,0,0,3,4,0,1,3,,N,,,,,,,,,,,
2009124412,215.0,2,0,0,0,0,0,0,0,0,5,0,,67,11,2009,3,39.9579,-75.1623,212.0,6,0,0,0,0,0,1,0,0,,0,0,0,1,3,1,1,,0,39 57:29.007,,0,75 09:44.230,8,0,0,0,67301,0,0,0,N,0,0,0,3,67301,0,,1,1,,N,N,,0,,0,0,0,3,2,,155,1,2,0,0,0,1,2,3,4,0,2,3,,N,,,,,,,,,,,
2009096837,433.0,1,0,0,0,0,0,0,0,0,7,0,,67,8,2009,7,40.1099,-75.0028,428.0,6,0,0,0,0,0,0,0,0,,0,0,0,4,3,2,0,,0,40 06:35.520,,0,75 00:10.000,4,0,0,0,67301,0,0,0,N,0,0,0,2,67301,2,,5,9,,N,N,,0,,0,0,0,0,0,,423,2,2,0,0,0,0,0,3,4,0,2,7,,N,,,,,,,,,,,
2009096857,908.0,2,0,0,0,0,0,0,0,0,1,0,,67,9,2009,7,,,908.0,6,0,0,0,0,0,0,0,0,,0,0,0,9,1,0,0,,0,,,0,,0,0,0,0,67301,0,0,0,N,0,0,0,3,67501,0,,1,1,,N,N,,0,,0,0,0,3,8,,906,0,2,0,0,0,0,0,3,3,0,2,3,,N,,,,,,,,,,,
2009083718,2250.0,1,0,0,0,0,0,0,0,0,5,0,,67,7,2009,7,39.9336,-75.2315,2250.0,6,0,0,0,0,0,0,0,0,,0,0,0,22,3,2,0,,0,39 56:01.024,,0,75 13:53.439,4,0,0,0,67301,0,0,0,N,0,0,0,3,67301,2,,1,9,,N,N,,0,,0,0,0,0,0,,2245,2,2,0,0,0,0,0,3,4,0,2,7,,N,,,,,,,,,,,
2009083790,1503.0,1,0,0,0,0,0,0,0,0,4,0,,67,7,2009,5,40.0146,-75.1317,1457.0,6,0,0,0,0,0,0,0,0,,0,0,0,99,1,1,2,,0,40 00:52.466,,0,75 07:54.231,4,0,0,0,67301,0,0,0,N,0,0,0,3,67301,1,,1,1,,N,N,,1,,0,0,0,0,0,,9999,1,2,0,0,0,0,2,3,4,0,2,3,,N,,,,,,,,,,,
2009121641,702.0,1,0,0,0,0,0,0,0,0,1,0,,67,11,2009,2,39.8941,-75.1952,700.0,6,0,0,0,0,0,0,0,0,,0,0,0,6,1,1,0,,0,39 53:54.716,,0,75 10:51.062,4,0,0,0,67301,0,0,0,N,0,0,0,2,68K01,1,,1,1,,N,N,,0,,0,0,1,0,0,,658,1,2,0,0,0,0,0,3,4,0,2,3,,N,,,,,,,,,,,
2009065411,1624.0,0,0,0,0,0,0,0,0,0,8,0,,67,5,2009,4,39.9163,-75.1676,1620.0,6,0,0,0,0,0,0,0,0,,0,0,0,16,1,1,1,,0,39 54:58.676,,0,75 10:03.473,4,0,0,0,67301,1,0,0,,1,0,0,2,67301,1,,7,1,,,,,0,,0,0,1,3,2,,1615,1,2,0,0,0,0,1,3,4,0,1,3,,N,,,,,,,,,,,
2009065469,2105.0,0,0,0,0,0,0,0,0,0,8,0,,67,4,2009,7,39.9952,-75.1347,2104.0,6,0,0,0,0,0,0,0,0,,0,0,0,20,6,1,0,,0,39 59:42.766,,0,75 08:04.815,2,0,0,0,67301,1,0,1,N,1,0,1,2,67301,0,,1,98,,N,N,,0,,0,1,0,0,0,,2040,1,2,0,0,0,0,1,3,4,0,1,99,,N,,,,,,,,,,,
2009085159,1635.0,2,0,0,0,0,0,0,0,0,1,0,,67,7,2009,3,39.9551,-75.1853,1630.0,6,0,0,0,0,0,0,0,0,,0,0,0,15,1,1,2,,0,39 57:18.325,,0,75 11:08.055,2,0,0,0,67301,0,0,0,N,0,0,0,2,67301,0,,1,1,,N,N,,0,,0,1,0,3,2,,1530,1,2,0,0,0,0,0,3,4,0,2,3,,N,,,,,,,,,,,
2009025897,225.0,1,0,0,0,0,0,0,0,0,4,0,,67,1,2009,2,39.9437,-75.1656,220.0,6,0,0,0,1,0,0,0,0,,0,0,0,2,3,2,2,,0,39 56:36.960,,0,75 09:55.800,8,0,0,0,67301,0,0,0,N,0,0,0,6,67301,0,,1,2,,N,N,,0,,0,0,1,3,2,,220,2,2,0,0,3,2,0,3,4,0,2,10,,N,,,,,,,,,,,
2009025910,112.0,2,0,0,0,0,0,0,0,0,6,0,,67,1,2009,1,39.937,-75.2325,105.0,6,0,0,0,0,0,0,0,0,,0,0,0,23,3,0,1,,0,39 56:13.236,,0,75 13:57.039,0,0,0,0,67301,0,0,0,N,0,0,0,2,67301,0,,1,2,,N,N,,0,,0,0,0,3,3,,2337,0,2,0,0,2,0,0,3,4,0,2,10,,N,,,,,,,,,,,
2009038067,2040.0,0,0,0,0,0,0,0,0,0,8,0,,67,2,2009,5,39.9551,-75.1853,2014.0,6,0,0,0,0,0,0,0,0,,0,0,0,18,8,1,1,,0,39 57:18.598,,0,75 11:08.021,8,0,0,0,67301,1,0,0,N,1,0,0,2,67301,0,,1,98,,N,N,,0,,0,0,0,9,2,,1800,1,2,0,0,0,1,1,3,4,0,1,99,,N,,,,,,,,,,,