CRN,ARRIVAL_TM,AUTOMOBILE_COUNT,BELTED_DEATH_COUNT,BELTED_SUSP_SERIOUS_INJ_COUNT,BICYCLE_COUNT,BICYCLE_DEATH_COUNT,BICYCLE_SUSP_SERIOUS_INJ_COUNT,BUS_COUNT,CHLDPAS_DEATH_COUNT,CHLDPAS_SUSP_SERIOUS_INJ_COUNT,COLLISION_TYPE,COMM_VEH_COUNT,CONS_ZONE_SPD_LIM,COUNTY,CRASH_MONTH,CRASH_YEAR,DAY_OF_WEEK,DEC_LAT,DEC_LONG,DISPATCH_TM,DISTRICT,DRIVER_COUNT_16YR,DRIVER_COUNT_17YR,DRIVER_COUNT_18YR,DRIVER_COUNT_19YR,DRIVER_COUNT_20YR,DRIVER_COUNT_50_64YR,DRIVER_COUNT_65_74YR,DRIVER_COUNT_75PLUS,EST_HRS_CLOSED,FATAL_COUNT,HEAVY_TRUCK_COUNT,HORSE_BUGGY_COUNT,HOUR_OF_DAY,ILLUMINATION,INJURY_COUNT,INTERSECT_TYPE,INTERSECTION_RELATED,LANE_CLOSED,LATITUDE,LN_CLOSE_DIR,LOCATION_TYPE,LONGITUDE,MAX_SEVERITY_LEVEL,MCYCLE_DEATH_COUNT,MCYCLE_SUSP_SERIOUS_INJ_COUNT,MOTORCYCLE_COUNT,MUNICIPALITY,NONMOTR_COUNT,NONMOTR_DEATH_COUNT,NONMOTR_SUSP_SERIOUS_INJ_COUNT,NTFY_HIWY_MAINT,PED_COUNT,PED_DEATH_COUNT,PED_SUSP_SERIOUS_INJ_COUNT,PERSON_COUNT,POLICE_AGCY,POSSIBLE_INJ_COUNT,RDWY_SURF_TYPE_CD,RELATION_TO_ROAD,ROAD_CONDITION,ROADWAY_CLEARED,SCH_BUS_IND,SCH_ZONE_IND,SECONDARY_CRASH,SMALL_TRUCK_COUNT,SPEC_JURIS_CD,SUSP_MINOR_INJ_COUNT,SUSP_SERIOUS_INJ_COUNT,SUV_COUNT,TCD_FUNC_CD,TCD_TYPE,TFC_DETOUR_IND,TIME_OF_DAY,TOT_INJ_COUNT,TOTAL_UNITS,UNB_DEATH_COUNT,UNB_SUSP_SERIOUS_INJ_COUNT,UNBELTED_OCC_COUNT,UNK_INJ_DEG_COUNT,UNK_INJ_PER_COUNT,URBAN_AREA,URBAN_RURAL,VAN_COUNT,VEHICLE_COUNT,WEATHER1,WEATHER2,WORK_ZONE_IND,WORK_ZONE_LOC,WORK_ZONE_TYPE,WORKERS_PRES,WZ_CLOSE_DETOUR,WZ_FLAGGER,WZ_LAW_OFFCR_IND,WZ_LN_CLOSURE,WZ_MOVING,WZ_OTHER,WZ_SHLDER_MDN,WZ_WORKERS_INJ_KILLED
2009030073,600.0,2,0,0,0,0,0,0,0,0,1,0,,67,2,2009,5,39.9577,-75.2316,555.0,6,0,0,0,0,0,2,0,0,,0,0,0,5,3,1,0,,0,39 57:27.720,,0,75 13:53.760,4,0,0,0,67301,0,0,0,N,0,0,0,3,67301,1,,1,2,,N,N,,0,,0,0,0,3,2,,550,1,2,0,0,1,0,0,3,4,0,2,10,,N,,,,,,,,,,,
2009032922,1259.0,1,0,0,0,0,0,0,0,0,1,0,,67,1,2009,3,39.9386,-75.1985,1252.0,6,0,0,0,0,0,0,0,0,,0,0,0,9,1,2,1,,0,39 56:18.878,,0,75 11:54.439,8,0,0,0,67301,0,0,0,N,0,0,0,3,67301,0,,1,2,,N,N,,0,,0,0,0,9,2,,900,2,2,0,0,0,2,1,3,4,1,2,98,,N,,,,,,,,,,,
2009032992,1945.0,1,0,0,0,0,0,0,0,0,8,0,,67,1,2009,6,39.9967,-75.1066,1943.0,6,0,0,0,0,0,0,0,0,,0,0,0,19,3,1,1,,0,39 59:48.058,,0,75 06:23.849,4,0,0,0,67301,1,0,0,N,1,0,0,2,67301,1,,1,1,,N,N,,0,,0,0,0,3,3,,1935,1,2,0,0,0,0,1,3,4,0,1,3,,N,,,,,,,,,,,
2009122736,1747.0,2,0,0,0,0,0,0,0,0,1,0,,67,11,2009,7,39.9774,-75.2005,1740.0,6,0,0,0,0,0,0,0,0,,0,0,0,17,3,0,0,,0,39 58:40.357,,0,75 12:06.126,0,0,0,0,67301,0,0,0,N,0,0,0,2,68K01,0,,1,1,,N,N,,0,,0,0,0,0,0,,1729,0,2,0,0,0,0,0,3,4,0,2,3,,N,,,,,,,,,,,
2009125281,9999.0,0,0,0,0,0,0,1,0,0,1,1,,67,10,2009,3,39.9959,-75.1875,9999.0,6,0,0,0,0,0,1,0,0,,0,0,0,9,1,1,2,,0,39 59:45.390,,0,75 11:15.366,8,0,0,0,67301,0,0,0,N,0,0,0,5,67301,0,,1,9,,N,N,,0,,0,0,1,0,0,,900,1,2,0,0,0,1,2,3,4,0,2,7,,N,,,,,,,,,,,
2009111870,724.0,2,0,0,0,0,0,0,0,0,4,0,,67,10,2009,5,40.0222,-75.1596,722.0,6,0,0,0,0,0,0,0,0,,0,0,0,7,1,1,0,,0,40 01:19.921,,0,75 09:34.507,4,0,0,0,67301,0,0,0,,0,0,0,2,67301,1,,1,1,,N,N,,0,,0,0,0,0,0,,721,1,2,0,0,0,0,0,3,4,0,2,3,,N,,,,,,,,,,,
2009026823,1931.0,1,0,0,1,0,0,0,0,0,4,0,,67,1,2009,3,40.0437,-75.0713,1928.0,6,0,0,0,0,0,1,0,0,,0,0,0,19,3,1,0,,0,40 02:37.241,,0,75 04:16.686,4,0,0,0,67301,1,0,0,N,0,0,0,2,67301,1,,1,1,,N,N,,0,,0,0,0,0,0,,1925,1,2,0,0,0,0,0,3,4,0,1,3,,N,,,,,,,,,,,
2009039222,1049.0,0,0,0,0,0,0,0,0,0,4,1,,67,2,2009,3,40.0286,-75.0339,1045.0,6,0,0,0,0,0,1,1,0,,0,1,0,10,1,1,2,,0,40 01:42.885,,0,75 02:02.202,8,0,0,0,67301,0,0,0,N,0,0,0,2,67301,0,,1,1,,N,N,,0,,0,0,1,3,2,,1030,1,2,0,0,0,1,0,3,4,0,2,3,,N,,,,,,,,,,,
2009044390,130.0,1,0,0,0,0,0,0,0,0,0,0,,67,3,2009,6,40.0331,-75.1812,128.0,6,0,0,0,0,0,0,0,0,9.0,0,0,0,1,3,1,1,,1,40 01:59.135,3.0,0,75 10:52.430,8,0,0,0,67301,0,0,0,,0,0,0,1,67301,0,,1,1,,,,,0,,0,0,0,2,2,N,120,1,1,0,0,0,1,0,3,4,0,1,3,,N,,,,,,,,,,,
2009037468,2026.0,1,0,0,0,0,0,0,0,0,7,0,,67,2,2009,7,40.0002,-75.1422,2025.0,6,0,0,0,0,0,0,0,0,1.0,0,0,0,20,3,1,1,,2,40 00:00.893,4.0,0,75 08:31.851,4,0,0,0,67301,0,0,0,N,0,0,0,1,67301,1,,5,1,,N,N,,0,,0,0,0,2,2,N,2020,1,1,0,0,0,0,0,3,4,0,1,3,,N,,,,,,,,,,,
2009039384,2058.0,0,0,0,0,0,0,0,0,0,8,0,,67,2,2009,3,39.974,-75.1551,2056.0,6,0,0,0,0,0,0,0,0,,0,0,0,20,3,1,1,,0,39 58:26.407,,0,75 09:18.244,3,0,0,0,67301,1,0,0,,1,0,0,2,67301,0,,1,1,,N,N,,1,,1,0,0,3,3,,2054,1,2,0,0,0,0,0,3,4,0,1,3,,N,,,,,,,,,,,
2009039392,100.0,2,0,0,0,0,0,0,0,0,4,0,,67,1,2009,7,40.0475,-75.0919,1256.0,6,0,0,0,0,0,0,0,0,4.0,0,0,0,99,3,2,1,,1,40 02:50.956,1.0,0,75 05:30.725,4,0,0,0,67301,0,0,0,,0,0,0,4,67301,2,,1,1,,N,N,,0,,0,0,0,3,2,Y,9999,2,2,0,0,0,0,2,3,4,0,2,3,,N,,,,,,,,,,,
2009039553,945.0,0,0,0,0,0,0,0,0,0,4,2,,67,2,2009,4,40.0176,-75.0593,939.0,6,0,0,0,0,0,0,0,0,,0,2,0,9,1,2,1,,0,40 01:03.526,,0,75 03:33.422,4,0,0,0,67301,0,0,0,N,0,0,0,3,67301,2,,1,1,,N,N,,0,,0,0,0,3,2,,900,2,2,0,0,0,0,0,3,4,0,2,3,,N,,,,,,,,,,,
2009039259,721.0,0,0,0,0,0,0,0,0,0,8,0,,67,2,2009,5,39.9699,-75.2392,721.0,6,0,0,0,0,0,0,0,0,,0,0,0,7,3,1,1,,0,39 58:11.602,,0,75 14:21.150,4,0,0,0,67301,1,0,0,,1,0,0,2,67301,1,,1,1,,,,,0,,0,0,1,3,2,,721,1,2,0,0,0,0,0,3,4,0,1,3,,N,,,,,,,,,,,
2009039280,950.0,2,0,0,0,0,0,0,0,0,4,0,,67,1,2009,2,39.9807,-75.1616,945.0,6,0,0,0,0,1,0,0,0,,0,0,0,9,1,0,1,,0,39 58:50.682,,0,75 09:41.749,0,0,0,0,67301,0,0,0,,0,0,0,2,67301,0,,1,1,,N,N,,0,,0,0,0,3,3,,940,0,2,0,0,0,0,0,3,4,0,2,3,,N,,,,,,,,,,,
2009039282,1247.0,1,0,0,0,0,0,0,0,0,2,0,,67,2,2009,7,40.0567,-75.0469,1245.0,6,0,0,0,0,0,0,0,0,1.0,0,0,0,12,1,1,1,,2,40 03:24.251,6.0,0,75 02:48.711,4,0,0,0,67301,0,0,0,N,0,0,0,3,67301,1,,1,1,,N,N,,1,,0,0,0,3,2,N,1244,1,2,0,0,0,0,0,3,4,0,2,3,,N,,,,,,,,,,,
2009039295,349.0,2,0,0,0,0,0,0,0,0,4,0,,67,1,2009,1,39.9442,-75.1422,346.0,6,0,0,0,0,1,0,0,0,,0,0,0,3,3,1,2,,0,39 56:39.097,,0,75 08:31.893,3,0,0,0,67301,0,0,0,N,0,0,0,2,67301,0,,1,1,,N,N,,0,,1,0,0,3,2,,343,1,2,0,0,1,0,0,3,4,0,2,3,,N,,,,,,,,,,,
2009034958,12.0,1,0,0,0,0,0,0,0,0,7,0,,67,3,2009,6,39.9814,-75.2069,6.0,6,0,0,0,0,0,0,0,0,1.0,0,0,0,0,3,1,0,,1,39 58:56.844,4.0,0,75 12:27.652,8,0,0,0,67301,0,0,0,N,0,0,0,2,68K01,0,,2,1,,N,N,,0,,0,0,0,0,0,N,4,1,1,0,0,0,1,0,3,4,0,1,3,,N,,,,,,,,,,,
2009036950,1714.0,0,0,0,0,0,0,0,0,0,8,0,,67,2,2009,6,39.959,-75.1719,1708.0,6,0,0,0,0,0,0,0,0,,0,0,0,16,1,1,2,,0,39 57:32.907,,0,75 10:19.581,8,0,0,0,67301,1,0,0,N,1,0,0,2,67301,0,,1,2,,N,N,,0,,0,0,1,3,2,,1645,1,2,0,0,0,1,0,3,4,0,1,98,,N,,,,,,,,,,,
2009036970,2155.0,1,0,0,0,0,0,0,0,0,7,0,,67,2,2009,1,39.9086,-75.2419,2148.0,6,0,0,0,0,0,0,1,0,,0,0,0,21,3,0,0,,0,39 54:30.699,,0,75 14:30.905,0,0,0,0,67301,0,0,0,N,0,0,0,1,67301,0,,3,1,,N,N,,0,,0,0,0,3,2,,2142,0,1,0,0,0,0,0,3,4,0,1,3,,N,,,,,,,,,,,
2009047052,1137.0,0,0,0,0,0,0,0,0,0,7,0,,67,3,2009,2,40.0152,-75.1699,1135.0,6,0,0,0,0,0,0,0,0,1.0,0,0,0,11,1,0,5,,2,40 00:54.823,5.0,0,75 10:11.829,0,0,0,0,67301,0,0,0,,0,0,0,3,67301,0,,5,1,,N,N,,0,,0,0,0,3,3,Y,1133,0,1,0,0,0,0,0,3,4,1,1,3,,N,,,,,,,,,,,
2009044457,1725.0,1,0,0,0,0,0,0,0,0,4,0,,67,3,2009,4,39.9473,-75.2337,1719.0,6,0,0,0,0,0,0,0,0,,0,0,0,16,1,1,1,,0,39 56:50.377,,0,75 14:01.334,3,0,0,0,67301,0,0,0,,0,0,0,2,67301,0,,1,1,,,,,1,,1,0,0,3,2,,1609,1,2,0,0,0,0,1,3,4,0,2,3,,N,,,,,,,,,,,
2009047171,1750.0,1,0,0,0,0,0,1,0,0,2,1,,67,3,2009,7,40.0652,-75.1753,1748.0,6,0,0,0,0,0,0,0,0,2.0,0,0,0,17,1,4,1,,2,40 03:54.737,5.0,0,75 10:31.167,8,0,0,0,67301,0,0,0,N,0,0,0,4,67301,0,,1,1,,N,N,,0,,0,0,1,3,2,Y,1748,4,3,0,0,0,4,0,3,4,0,3,3,,N,,,,,,,,,,,
2009098519,1337.0,1,0,0,0,0,0,0,0,0,1,0,,67,9,2009,7,39.9584,-75.1663,1329.0,6,0,0,0,0,0,1,0,0,,0,0,0,13,1,1,0,,0,39 57:30.240,,0,75 09:58.680,4,0,0,0,67301,0,0,0,N,0,0,0,2,68K01,1,,1,1,,N,N,,0,,0,0,1,0,0,,1322,1,2,0,0,0,0,0,3,4,0,2,3,,N,,,,,,,,,,,
2009088947,1849.0,0,0,0,0,0,0,0,0,0,4,0,,67,7,2009,6,40.0209,-75.1486,1849.0,6,0,0,0,0,0,0,0,0,2.0,0,0,0,17,1,1,2,,1,40 01:15.020,3.0,0,75 08:54.994,8,0,0,0,67301,0,0,0,N,0,0,0,2,67301,0,,1,1,,N,N,,0,,0,0,1,3,2,N,1725,1,2,0,0,2,1,0,3,4,1,2,3,,N,,,,,,,,,,,
2009097166,2040.0,1,0,0,0,0,0,0,0,0,8,0,,67,9,2009,7,39.9957,-75.1289,2036.0,6,0,0,0,0,0,0,0,0,,0,0,0,17,1,1,0,,0,39 59:44.696,,0,75 07:44.007,4,0,0,0,67301,1,0,0,N,1,0,0,2,67301,1,,1,1,,N,N,,0,,0,0,0,0,0,,1740,1,2,0,0,0,0,0,3,4,0,1,3,,N,,,,,,,,,,,
2009124375,2058.0,1,0,0,0,0,0,0,0,0,2,0,,67,11,2009,5,40.0964,-74.9758,2055.0,6,0,0,0,0,0,1,0,0,,0,0,0,99,3,1,3,,0,40 05:47.042,,0,74 58:32.747,8,0,0,0,67301,0,0,0,,0,0,0,2,67301,0,,1,9,,N,N,,0,,0,0,1,3,2,,9999,1,2,0,0,0,1,0,3,4,0,2,7,,N,,,,,,,,,,,
2009124376,1630.0,2,0,0,0,0,0,0,0,0,1,0,,67,11,2009,1,39.9575,-75.2298,1614.0,6,0,0,0,0,0,0,0,0,2.0,0,0,0,16,1,1,0,,1,39 57:26.997,4.0,0,75 13:47.406,4,0,0,0,67301,0,0,0,N,0,0,0,5,67301,1,,1,1,,N,N,,0,,0,0,0,0,0,N,1613,1,2,0,0,0,0,2,3,4,0,2,3,,N,,,,,,,,,,,
2009083819,855.0,1,0,0,0,0,0,0,0,0,4,0,,67,7,2009,5,39.9432,-75.2371,845.0,6,0,0,0,0,0,0,0,0,,0,0,0,8,1,2,2,,0,39 56:35.624,,0,75 14:13.721,4,0,0,0,67301,0,0,0,,0,0,0,4,67301,2,,1,1,,N,N,,0,,0,0,1,3,3,,845,2,2,0,0,0,0,0,3,4,0,2,3,,N,,,,,,,,,,,
2009124175,255.0,0,0,0,0,0,0,0,0,0,7,0,,67,12,2009,5,39.9817,-75.2072,254.0,6,0,0,0,0,0,0,0,0,1.0,0,0,0,2,3,0,0,,2,39 58:58.440,4.0,0,75 12:28.440,0,0,0,0,67301,0,0,0,N,0,0,0,1,68K01,0,,3,9,,N,N,,1,,0,0,0,0,0,N,250,0,1,0,0,0,0,0,3,4,0,1,7,,N,,,,,,,,,,,
2009065480,205.0,1,0,0,0,0,0,0,0,0,7,0,,67,5,2009,6,40.0308,-75.1579,200.0,6,0,0,0,0,1,0,0,0,,0,0,0,2,3,0,0,,0,40 01:50.937,,0,75 09:28.612,9,0,0,0,67301,0,0,0,N,0,0,0,1,67301,0,,1,1,,N,N,,0,,0,0,0,0,0,,200,0,1,0,0,0,0,1,3,4,0,1,3,,N,,,,,,,,,,,
2009120620,1743.0,1,0,0,0,0,0,1,0,0,6,1,,67,10,2009,1,39.9836,-75.247,1740.0,6,0,0,0,0,0,0,0,0,,0,0,0,17,1,1,1,,0,39 59:00.900,,0,75 14:49.359,4,0,0,0,67301,0,0,0,,0,0,0,3,07301,1,,1,1,,,,,0,,0,0,0,3,2,,1730,1,2,0,0,0,0,1,3,4,0,2,3,,N,,,,,,,,,,,
2009116004,1856.0,1,0,0,0,0,0,0,0,0,1,0,,67,10,2009,3,39.9666,-75.1873,1849.0,6,0,0,0,0,0,2,0,0,,0,0,0,18,3,5,0,,0,39 58:04.102,,0,75 11:23.091,4,0,0,0,67301,0,0,0,N,0,0,0,6,68K01,5,,1,1,,N,N,,0,,0,0,2,0,0,,1847,5,4,0,0,0,0,0,3,4,1,4,3,,N,,,,,,,,,,,
2009108867,120.0,1,0,0,0,0,0,0,0,0,2,1,,67,9,2009,4,39.9178,-75.2114,116.0,6,0,0,0,0,0,1,0,0,,0,1,0,23,3,1,0,,0,39 55:04.840,,0,75 12:37.507,2,0,0,0,67301,0,0,0,N,0,0,0,1,67301,0,,1,1,,N,N,,0,,0,1,0,0,0,,2348,1,2,0,0,0,0,0,3,4,0,2,3,,N,,,,,,,,,,,
2009120719,1129.0,1,0,0,0,0,0,0,0,0,1,0,,67,10,2009,7,40.0248,-75.1495,1128.0,6,0,0,0,0,0,0,0,0,,0,0,0,11,1,0,5,,0,40 01:29.110,,0,75 08:58.358,0,0,0,0,67301,0,0,0,N,0,0,0,3,67301,0,,1,9,,N,N,,0,,0,0,1,3,2,,1128,0,2,0,0,0,0,0,3,4,0,2,7,,N,,,,,,,,,,,
2009120756,1010.0,0,0,0,0,0,0,0,0,0,8,0,,67,10,2009,7,39.9916,-75.1364,1005.0,6,0,0,0,0,0,0,0,0,,0,0,0,10,1,1,0,,0,39 59:29.581,,0,75 08:11.179,4,0,0,0,67301,1,0,0,N,1,0,0,2,67301,1,,1,9,,N,N,,0,,0,0,0,0,0,,1005,1,2,0,0,0,0,0,3,4,1,1,7,,N,,,,,,,,,,,
2009021240,742.0,1,0,0,0,0,0,0,0,0,7,0,,67,2,2009,7,39.9601,-75.1409,732.0,6,0,0,0,0,0,0,0,0,1.0,0,0,0,7,1,0,0,,1,39 57:28.340,2.0,2,75 08:30.230,0,0,0,0,67301,0,0,0,N,0,0,0,2,68K01,0,,4,1,,N,N,,0,,0,0,0,0,0,N,729,0,1,0,0,0,0,0,3,4,0,1,3,,N,,,,,,,,,,,
2009049839,1830.0,0,0,0,0,0,0,0,0,0,4,0,,67,3,2009,2,39.955,-75.2382,1828.0,6,0,0,0,0,0,0,0,0,1.0,0,0,0,18,4,1,1,,1,39 57:18.043,4.0,0,75 14:17.451,4,0,0,0,67301,1,0,0,N,1,0,0,2,67301,1,,1,1,,N,N,,0,,0,0,1,3,2,N,1826,1,2,0,0,0,0,0,3,4,0,1,3,,N,,,,,,,,,,,
2009049867,1530.0,1,0,0,0,0,0,0,0,0,1,0,,67,4,2009,6,39.9846,-75.2465,1530.0,6,0,0,0,0,0,1,0,0,,0,0,0,15,1,1,0,,0,39 59:04.740,,0,75 14:47.470,4,0,0,0,67301,0,0,0,N,0,0,0,2,67301,1,,1,1,,N,N,,1,,0,0,0,0,0,,1530,1,2,0,0,0,0,0,3,4,0,2,3,,N,,,,,,,,,,,
2009050689,2058.0,2,0,0,0,0,0,0,0,0,1,0,,67,4,2009,4,39.9498,-75.184,2034.0,6,0,0,0,0,0,1,0,0,2.0,0,0,0,20,3,0,0,,1,39 57:02.012,3.0,0,75 10:59.935,0,0,0,0,67301,0,0,0,N,0,0,0,2,68K01,0,,1,9,,N,N,,0,,0,0,0,0,0,N,2032,0,2,0,0,0,0,0,3,4,0,2,3,,N,,,,,,,,,,,
2009111773,615.0,1,0,0,0,0,0,1,0,0,5,1,,67,9,2009,6,39.9772,-75.2268,612.0,6,0,0,0,0,0,0,1,0,,0,0,0,6,1,1,1,,0,39 58:37.959,,0,75 13:36.308,8,0,0,0,67301,0,0,0,,0,0,0,5,67301,0,,1,1,,,,,0,,0,0,0,3,2,,610,1,2,0,0,0,1,0,3,4,0,2,3,,N,,,,,,,,,,,
2009125242,2135.0,1,0,0,0,0,0,0,0,0,1,0,,67,11,2009,7,39.9847,-75.1323,2135.0,6,0,0,0,0,0,0,0,0,,0,0,0,21,3,0,0,,0,39 59:05.314,,0,75 07:55.909,0,0,0,0,67301,0,0,0,N,0,0,0,1,67301,0,,2,1,,N,N,,1,,0,0,0,0,0,,2130,0,2,0,0,0,0,0,3,4,0,2,3,,N,,,,,,,,,,,
2009120392,35.0,2,0,0,0,0,0,0,0,0,2,0,,67,10,2009,7,40.0136,-75.0685,25.0,6,0,0,0,0,0,0,0,0,,0,0,0,23,3,1,1,,0,40 00:48.808,,0,75 04:07.229,4,0,0,0,67301,0,0,0,,0,0,0,3,67301,1,,1,1,,,,,0,,0,0,0,1,2,,2343,1,2,0,0,0,0,0,3,4,0,2,3,,N,,,,,,,,,,,
2009047366,1232.0,1,0,0,0,0,0,0,0,0,7,0,,67,4,2009,7,40.0245,-75.0297,1221.0,6,0,0,0,0,0,1,0,0,,0,0,0,12,1,0,6,,0,40 01:28.465,,2,75 01:47.110,0,0,0,0,67301,0,0,0,N,0,0,0,2,68K01,0,,2,9,,N,N,,0,,0,0,0,0,0,,1220,0,1,0,0,0,0,0,3,4,0,1,7,,N,,,,,,,,,,,
2009039237,742.0,2,0,0,0,0,0,0,0,0,4,0,,67,2,2009,4,40.0428,-75.0631,741.0,6,0,0,0,0,0,1,0,0,,0,0,0,7,1,1,1,,0,40 02:34.252,,0,75 03:47.604,4,0,0,0,67301,0,0,0,N,0,0,0,2,67301,1,,1,1,,N,Y,,0,,0,0,0,2,2,,730,1,2,0,0,0,0,1,3,4,0,2,3,,N,,,,,,,,,,,
2009037482,1524.0,1,0,0,0,0,0,0,0,0,3,0,,67,3,2009,5,40.0367,-75.1584,1522.0,6,0,0,0,0,0,0,0,0,,0,0,0,15,1,0,1,,0,40 02:12.109,,0,75 09:30.211,0,0,0,0,67301,0,0,0,N,0,0,0,4,67301,0,,1,1,,N,N,,0,,0,0,1,3,2,,1515,0,2,0,0,0,0,0,3,4,0,2,3,,N,,,,,,,,,,,
2009037514,1035.0,0,0,0,0,0,0,0,0,0,0,0,,67,3,2009,7,40.0501,-75.0642,1032.0,6,0,0,0,0,0,0,0,0,,0,0,0,10,1,1,0,,0,40 03:00.373,,7,75 03:51.226,8,0,0,1,67301,0,0,0,,0,0,0,1,67301,0,,5,1,,,,,0,,0,0,0,0,0,,1031,1,2,0,0,0,1,0,3,4,0,1,3,,N,,,,,,,,,,,
2009037534,855.0,2,0,0,0,0,0,0,0,0,8,0,,67,2,2009,6,40.0432,-75.1769,854.0,6,0,0,0,0,0,0,0,0,,0,0,0,8,1,1,0,,0,40 02:35.642,,0,75 10:36.696,3,0,0,0,67301,1,0,0,N,1,0,0,2,67301,0,,6,1,,N,N,,0,,1,0,0,0,0,,800,1,3,0,0,0,0,0,3,4,0,2,3,,N,,,,,,,,,,,
2009039386,1719.0,1,0,0,0,0,0,0,0,0,4,0,,67,2,2009,4,40.0301,-75.0352,1716.0,6,0,0,0,0,0,0,0,0,,0,1,0,17,1,0,1,,0,40 01:48.464,,0,75 02:06.580,0,0,0,0,67301,0,0,0,,0,0,0,4,67301,0,,1,1,,,,,0,,0,0,0,3,2,,1714,0,2,0,0,0,0,0,3,4,0,2,3,,N,,,,,,,,,,,
2009044565,1838.0,1,0,0,0,0,0,0,0,0,8,0,,67,2,2009,1,39.9902,-75.1167,1832.0,6,0,0,0,0,0,0,0,0,3.0,0,0,0,18,3,1,1,,2,39 59:24.519,5.0,0,75 07:00.129,3,0,0,0,67301,1,0,0,N,1,0,0,2,67301,0,,1,1,,N,N,,0,,1,0,0,0,0,Y,1831,1,2,0,0,0,0,0,3,4,0,1,3,,N,,,,,,,,,,,
2009039408,712.0,2,0,0,0,0,0,0,0,0,4,0,,67,2,2009,6,40.0922,-74.9662,703.0,6,0,0,0,0,0,1,1,0,,0,0,0,7,1,1,2,,0,40 05:32.056,,0,74 57:58.251,8,0,0,0,67301,0,0,0,N,0,0,0,4,67301,0,,1,1,,N,N,,0,,0,0,0,3,3,,703,1,2,0,0,0,1,0,3,4,0,2,3,,N,,,,,,,,,,,
2009029754,2107.0,2,0,0,0,0,0,0,0,0,2,0,,67,2,2009,6,40.0719,-74.9811,2102.0,6,0,0,0,0,0,0,0,0,1.0,0,0,0,21,3,2,2,,1,40 04:18.787,2.0,0,74 58:51.881,4,0,0,0,67301,0,0,0,N,0,0,0,6,67301,2,,1,1,,N,N,,0,,0,0,1,3,2,N,2100,2,3,0,0,0,0,1,3,4,0,3,3,,N,,,,,,,,,,,
2009039560,1850.0,1,0,0,0,0,0,0,0,0,4,0,,67,2,2009,3,39.9625,-75.2162,1827.0,6,0,0,0,0,0,1,0,0,,0,1,0,18,3,1,1,,0,39 57:44.726,,0,75 12:56.902,4,0,0,0,67301,0,0,0,N,0,0,0,2,67301,1,,1,1,,N,N,,0,,0,0,0,3,2,,1826,1,2,0,0,0,0,0,3,4,0,2,3,,N,,,,,,,,,,,
2009039101,1804.0,2,0,0,0,0,0,0,0,0,5,0,,67,2,2009,3,39.9987,-75.1419,1802.0,6,0,0,0,0,0,0,0,0,,0,0,0,18,3,0,0,,0,39 59:55.467,,0,75 08:30.840,9,0,0,0,67301,1,0,0,N,0,0,0,2,67301,0,,6,1,,N,N,,0,,0,0,0,0,0,,1800,0,2,0,0,0,0,1,3,4,0,2,3,,N,,,,,,,,,,,
2009039251,1605.0,1,0,0,0,0,0,0,0,0,1,0,,67,2,2009,1,40.0014,-75.0861,1600.0,6,0,0,0,0,0,1,0,0,,0,0,0,15,1,1,2,,0,40 00:01.112,,2,75 05:01.174,4,0,0,0,67301,0,0,0,N,0,0,0,4,67301,1,,1,9,,N,N,,0,,0,0,0,2,2,,1530,1,2,0,0,0,0,0,3,4,1,2,7,,N,,,,,,,,,,,
2009039288,1648.0,2,0,0,0,0,0,0,0,0,4,0,,67,2,2009,1,39.9451,-75.15,1638.0,6,0,0,0,0,0,0,0,0,,0,0,0,16,1,1,1,,0,39 56:42.529,,0,75 09:00.115,4,0,0,0,67301,0,0,0,,0,0,0,3,67301,1,,1,1,,,,,0,,0,0,0,3,2,,1638,1,2,0,0,0,0,0,3,4,0,2,3,,N,,,,,,,,,,,
2009044440,840.0,0,0,0,0,0,0,0,0,0,8,0,,67,3,2009,4,40.0225,-75.0779,830.0,6,0,0,0,0,0,0,0,0,,0,0,0,8,1,1,0,,0,40 01:21.107,,0,75 04:40.334,8,0,0,0,67301,1,0,0,,1,0,0,2,67301,0,,1,1,,,,,0,,0,0,0,0,0,,830,1,2,0,0,0,1,0,3,4,1,1,3,,N,,,,,,,,,,,
2009044452,1726.0,2,0,0,0,0,0,0,0,0,4,0,,67,3,2009,6,39.9185,-75.2259,1721.0,6,0,0,1,0,0,0,0,0,,0,0,0,16,1,0,1,,0,39 55:06.715,,0,75 13:33.263,0,0,0,0,67301,0,0,0,N,0,0,0,7,67301,0,,1,1,,N,N,,0,,0,0,0,3,2,,1650,0,2,0,0,0,0,0,3,4,0,2,3,,N,,,,,,,,,,,
2009124396,2306.0,1,0,0,1,0,0,0,0,0,4,0,,67,11,2009,6,40.0286,-75.0953,2305.0,6,0,0,0,0,0,0,1,0,,0,0,0,23,3,1,0,,0,40 01:42.913,,0,75 05:43.022,4,0,0,0,67301,1,0,0,,0,0,0,2,67301,1,,1,9,,,,,0,,0,0,0,0,0,,2300,1,2,0,0,0,0,0,3,4,0,1,7,,N,,,,,,,,,,,
2009097059,2335.0,1,0,0,0,0,0,0,0,0,7,0,,67,8,2009,7,40.0698,-75.0504,2331.0,6,0,0,0,0,0,0,0,0,,0,0,0,23,3,1,0,,0,40 04:11.201,,0,75 03:01.475,4,0,0,0,67301,0,0,0,N,0,0,0,1,67301,1,,5,9,,N,N,,0,,0,0,0,0,0,,2329,1,1,0,0,0,0,0,3,4,0,1,7,,N,,,,,,,,,,,