CRN,ARRIVAL_TM,AUTOMOBILE_COUNT,BELTED_DEATH_COUNT,BELTED_SUSP_SERIOUS_INJ_COUNT,BICYCLE_COUNT,BICYCLE_DEATH_COUNT,BICYCLE_SUSP_SERIOUS_INJ_COUNT,BUS_COUNT,CHLDPAS_DEATH_COUNT,CHLDPAS_SUSP_SERIOUS_INJ_COUNT,COLLISION_TYPE,COMM_VEH_COUNT,CONS_ZONE_SPD_LIM,COUNTY,CRASH_MONTH,CRASH_YEAR,DAY_OF_WEEK,DEC_LAT,DEC_LONG,DISPATCH_TM,DISTRICT,DRIVER_COUNT_16YR,DRIVER_COUNT_17YR,DRIVER_COUNT_18YR,DRIVER_COUNT_19YR,DRIVER_COUNT_20YR,DRIVER_COUNT_50_64YR,DRIVER_COUNT_65_74YR,DRIVER_COUNT_75PLUS,EST_HRS_CLOSED,FATAL_COUNT,HEAVY_TRUCK_COUNT,HORSE_BUGGY_COUNT,HOUR_OF_DAY,ILLUMINATION,INJURY_COUNT,INTERSECT_TYPE,INTERSECTION_RELATED,LANE_CLOSED,LATITUDE,LN_CLOSE_DIR,LOCATION_TYPE,LONGITUDE,MAX_SEVERITY_LEVEL,MCYCLE_DEATH_COUNT,MCYCLE_SUSP_SERIOUS_INJ_COUNT,MOTORCYCLE_COUNT,MUNICIPALITY,NONMOTR_COUNT,NONMOTR_DEATH_COUNT,NONMOTR_SUSP_SERIOUS_INJ_COUNT,NTFY_HIWY_MAINT,PED_COUNT,PED_DEATH_COUNT,PED_SUSP_SERIOUS_INJ_COUNT,PERSON_COUNT,POLICE_AGCY,POSSIBLE_INJ_COUNT,RDWY_SURF_TYPE_CD,RELATION_TO_ROAD,ROAD_CONDITION,ROADWAY_CLEARED,SCH_BUS_IND,SCH_ZONE_IND,SECONDARY_CRASH,SMALL_TRUCK_COUNT,SPEC_JURIS_CD,SUSP_MINOR_INJ_COUNT,SUSP_SERIOUS_INJ_COUNT,SUV_COUNT,TCD_FUNC_CD,TCD_TYPE,TFC_DETOUR_IND,TIME_OF_DAY,TOT_INJ_COUNT,TOTAL_UNITS,UNB_DEATH_COUNT,UNB_SUSP_SERIOUS_INJ_COUNT,UNBELTED_OCC_COUNT,UNK_INJ_DEG_COUNT,UNK_INJ_PER_COUNT,URBAN_AREA,URBAN_RURAL,VAN_COUNT,VEHICLE_COUNT,WEATHER1,WEATHER2,WORK_ZONE_IND,WORK_ZONE_LOC,WORK_ZONE_TYPE,WORKERS_PRES,WZ_CLOSE_DETOUR,WZ_FLAGGER,WZ_LAW_OFFCR_IND,WZ_LN_CLOSURE,WZ_MOVING,WZ_OTHER,WZ_SHLDER_MDN,WZ_WORKERS_INJ_KILLED
2009097185,1840.0,1,0,0,1,0,0,0,0,0,2,0,,67,9,2009,7,39.9314,-75.1952,1835.0,6,0,0,0,0,0,0,0,0,,0,0,0,18,1,1,0,,0,39 55:53.081,,7,75 11:42.590,8,0,0,0,67301,1,0,0,,0,0,0,2,67301,0,,1,1,,,,,0,,0,0,0,3,3,,1834,1,2,0,0,0,1,0,3,4,0,1,3,,N,,,,,,,,,,,
2009102240,725.0,2,0,0,0,0,0,0,0,0,1,0,,67,10,2009,3,39.9582,-75.1642,724.0,6,0,0,0,0,0,2,0,0,,0,0,0,7,1,0,0,,0,39 57:29.403,,0,75 09:50.995,0,0,0,0,67301,0,0,0,N,0,0,0,6,68K01,0,,1,1,,N,N,,1,,0,0,0,0,0,,703,0,3,0,0,0,0,0,3,4,0,3,3,,N,,,,,,,,,,,
2009054868,2327.0,2,0,0,0,0,0,0,0,0,2,0,,67,5,2009,4,40.0316,-75.1052,2324.0,6,0,0,0,0,0,0,0,0,2.0,0,0,0,23,3,1,0,,1,40 01:52.248,4.0,0,75 06:16.876,3,0,0,0,67301,0,0,0,,0,0,0,2,67301,0,,1,9,,N,N,,0,,1,0,0,0,0,Y,2322,1,2,0,0,0,0,0,3,4,0,2,7,,N,,,,,,,,,,,
2009124399,1759.0,2,0,0,0,0,0,0,0,0,4,0,,67,11,2009,2,39.9669,-75.1921,1755.0,6,0,0,0,0,0,1,0,0,1.0,0,0,0,17,3,4,1,,1,39 58:00.800,4.0,0,75 11:31.732,4,0,0,0,67301,0,0,0,N,0,0,0,6,67301,4,,1,1,,N,N,,0,,0,0,1,3,2,Y,1753,4,3,0,0,0,0,1,3,4,0,3,3,,N,,,,,,,,,,,
2009124174,1758.0,0,0,0,0,0,0,0,0,0,1,0,,67,12,2009,4,39.9626,-75.1392,1750.0,6,0,0,0,0,0,1,0,0,,0,0,0,17,3,2,0,,0,39 57:45.917,,0,75 08:20.759,8,0,0,0,67301,0,0,0,N,0,0,0,5,68K01,0,,1,9,,N,N,,0,,0,0,3,0,0,,1747,2,3,0,0,0,2,0,3,4,0,3,7,,N,,,,,,,,,,,
2009121643,1941.0,0,0,0,0,0,0,0,0,0,1,1,,67,11,2009,2,39.9447,-75.1912,1026.0,6,0,0,0,0,0,0,0,0,,0,1,0,10,1,0,0,,0,39 56:44.158,,0,75 11:24.259,9,0,0,0,67301,0,0,0,N,0,0,0,3,68K01,0,,1,1,,N,N,,1,,0,0,1,0,0,,1013,0,3,0,0,0,0,1,3,4,0,3,3,,N,,,,,,,,,,,
2009065382,1935.0,1,0,0,0,0,0,0,0,0,8,0,,67,5,2009,6,40.0015,-75.1253,1930.0,6,0,0,0,0,0,0,0,0,,0,0,0,18,1,1,0,,0,40 00:05.414,,0,75 07:31.170,4,0,0,0,67301,1,0,0,,1,0,0,2,67301,1,,1,1,,N,N,,0,,0,0,0,0,0,,1800,1,2,0,0,0,0,0,3,4,0,1,3,,N,,,,,,,,,,,
2009065481,541.0,2,0,0,0,0,0,0,0,0,4,0,,67,5,2009,1,40.0361,-75.1277,539.0,6,0,0,0,0,0,0,0,0,,0,0,0,5,1,2,1,,0,40 02:09.861,,0,75 07:39.767,4,0,0,0,67301,0,0,0,N,0,0,0,4,67301,1,,1,1,,N,N,,0,,0,0,0,3,2,,534,2,2,0,0,3,1,0,3,4,0,2,3,,N,,,,,,,,,,,
2009120528,2132.0,2,0,0,0,0,0,0,0,0,1,0,,67,10,2009,3,39.9514,-75.2349,2129.0,6,0,0,0,1,0,0,0,0,,0,0,0,21,3,0,1,,0,39 57:05.212,,0,75 14:05.600,0,0,0,0,67301,0,0,0,N,0,0,0,2,67301,0,,1,9,,N,N,,0,,0,0,0,3,2,,2120,0,2,0,0,0,0,0,3,4,0,2,7,,N,,,,,,,,,,,
2009120640,1340.0,2,0,0,0,0,0,0,0,0,4,0,,67,10,2009,3,40.0312,-75.0217,1337.0,6,0,0,0,0,0,1,0,0,,0,0,0,13,1,1,1,,0,40 01:52.459,,0,75 01:18.271,4,0,0,0,67301,0,0,0,,0,0,0,2,67301,1,,1,9,,N,N,,0,,0,0,0,3,2,,1335,1,2,0,0,0,0,0,3,4,0,2,7,,N,,,,,,,,,,,
2009120648,1958.0,1,0,0,0,0,0,0,0,0,8,0,,67,6,2009,3,40.0425,-75.1292,1953.0,6,0,0,0,0,0,0,0,0,,0,0,0,19,1,1,1,,0,40 02:33.169,,0,75 07:44.993,4,0,0,0,67301,1,0,0,N,1,0,0,3,67301,1,,1,1,,N,N,,0,,0,0,0,3,2,,1952,1,2,0,0,0,0,0,3,4,0,1,3,,N,,,,,,,,,,,
2009111225,9999.0,1,0,0,0,0,0,0,0,0,8,0,,67,10,2009,1,39.9906,-75.1046,9999.0,6,0,0,0,0,0,0,0,0,,0,0,0,16,6,1,2,,0,39 59:26.113,,0,75 06:16.631,4,0,0,0,67301,1,0,0,,1,0,0,2,67301,1,,1,1,,,,,0,,0,0,0,0,0,,1630,1,2,0,0,0,0,0,3,4,0,1,3,,N,,,,,,,,,,,
2009133661,1357.0,1,0,0,0,0,0,0,0,0,7,0,25.0,67,12,2009,6,40.0231,-75.034,1354.0,6,0,0,0,1,0,0,0,0,,0,0,0,13,1,0,0,,0,40 01:23.056,,2,75 02:02.774,0,0,0,0,67301,0,0,0,N,0,0,0,2,68K01,0,,5,1,,N,N,,0,,0,0,0,3,8,,1345,0,1,0,0,0,0,0,3,4,0,1,3,,Y,4.0,1.0,N,N,N,N,N,N,N,Y,
2009042596,1602.0,1,0,0,0,0,0,0,0,0,1,0,,67,4,2009,1,40.056,-75.1271,1602.0,6,0,0,0,0,0,0,0,0,,0,0,0,16,1,2,0,,0,40 03:21.633,,0,75 07:37.592,8,0,0,0,67301,0,0,0,N,0,0,0,3,46102,0,,1,1,,N,N,,0,,0,0,1,0,0,,1602,2,2,0,0,0,2,0,3,4,0,2,3,,N,,,,,,,,,,,
2009063694,1640.0,3,0,0,0,0,0,0,0,0,5,0,,67,5,2009,1,39.9906,-75.2337,1634.0,6,0,0,0,0,0,0,0,0,,0,0,0,16,1,0,0,,0,39 59:26.292,,0,75 14:01.421,0,0,0,0,67301,0,0,0,,0,0,0,1,67301,0,,1,1,,,,,0,,0,0,2,0,0,,1634,0,5,0,0,1,0,0,3,4,0,5,3,,N,,,,,,,,,,,
2009063704,1442.0,2,0,0,0,0,0,0,0,0,4,0,,67,5,2009,1,40.0525,-74.9835,1438.0,6,0,0,1,1,0,0,0,0,,0,0,0,14,1,1,0,,0,40 03:08.911,,0,74 59:00.794,8,0,0,0,67301,0,0,0,N,0,0,0,2,67301,0,,1,1,,N,N,,0,,0,0,0,0,0,,1434,1,2,0,0,0,1,0,3,4,0,2,3,,N,,,,,,,,,,,
2009071423,2236.0,2,0,0,0,0,0,0,0,0,4,0,,67,6,2009,5,39.9961,-75.1713,2234.0,6,0,0,0,0,0,0,0,0,,0,0,0,22,3,1,2,,0,39 59:45.963,,0,75 10:16.671,4,0,0,0,67301,0,0,0,N,0,0,0,2,67301,1,,1,1,,N,N,,0,,0,0,0,3,3,,2230,1,2,0,0,1,0,0,3,4,0,2,3,,N,,,,,,,,,,,
2009063764,1352.0,2,0,0,0,0,0,0,0,0,4,0,,67,5,2009,4,39.9566,-75.1524,1344.0,6,0,0,0,0,0,0,0,0,2.0,0,0,0,13,1,1,5,,1,39 57:26.406,2.0,0,75 09:08.016,4,0,0,0,67301,0,0,0,N,0,0,0,2,67301,1,,1,1,,N,N,,0,,0,0,0,3,2,N,1325,1,2,0,0,0,0,1,3,4,0,2,3,,N,,,,,,,,,,,
2009063830,150.0,0,0,0,0,0,0,0,0,0,4,1,,67,5,2009,4,39.936,-75.1573,145.0,6,0,0,0,0,0,0,0,0,,0,1,0,99,3,1,0,,0,39 56:09.762,,0,75 09:26.344,3,0,0,1,67301,0,0,0,N,0,0,0,2,67301,0,,1,1,,N,N,,0,,1,0,0,0,0,,9999,1,2,0,0,0,0,0,3,4,0,2,3,,N,,,,,,,,,,,
2009063861,1505.0,1,0,0,0,0,0,0,0,0,4,0,,67,5,2009,1,40.0364,-75.1305,1506.0,6,0,0,0,0,0,1,0,0,,0,0,0,14,1,2,1,,0,40 02:11.165,,0,75 07:49.937,4,0,0,0,67301,0,0,0,N,0,0,0,4,67301,2,,1,1,,N,N,,0,,0,0,2,3,2,,1458,2,3,0,0,0,0,0,3,4,0,3,3,,N,,,,,,,,,,,
2009063799,2022.0,1,0,0,0,0,0,0,0,0,8,0,,67,4,2009,4,40.0297,-75.2063,2020.0,6,0,0,0,0,0,0,0,0,,0,0,0,20,3,1,0,,0,40 01:47.075,,0,75 12:22.837,2,0,0,0,67301,1,0,1,,1,0,1,2,67301,0,,1,9,,N,,,0,,0,1,0,0,0,,2019,1,2,0,0,0,0,0,3,4,0,1,7,,N,,,,,,,,,,,
2009063988,1427.0,0,0,0,0,0,0,1,0,0,6,1,,67,5,2009,6,39.9797,-75.1659,1425.0,6,0,0,0,0,0,1,0,0,,0,0,0,14,1,6,0,,0,39 58:47.001,,0,75 09:57.328,4,0,0,0,67301,0,0,0,N,0,0,0,8,67301,6,,1,1,,N,N,,0,,0,0,0,2,2,,1420,6,2,0,0,0,0,0,3,4,1,2,3,,N,,,,,,,,,,,
2009063989,929.0,2,0,0,0,0,0,0,0,0,4,0,,67,5,2009,4,40.0207,-75.1417,921.0,6,0,0,0,0,0,1,0,0,,0,0,0,7,1,1,1,,0,40 01:14.433,,0,75 08:30.725,4,0,0,0,67301,0,0,0,N,0,0,0,3,67301,1,,1,1,,N,N,,0,,0,0,0,0,0,,701,1,2,0,0,0,0,0,3,4,0,2,3,,N,,,,,,,,,,,
2009104877,1333.0,0,0,0,0,0,0,0,0,0,4,1,,67,9,2009,6,39.9157,-75.138,1304.0,6,0,0,0,1,0,0,0,0,3.0,1,1,0,13,1,0,0,,1,39 54:53.478,2.0,7,75 08:15.972,1,1,0,1,67301,0,0,0,N,0,0,0,2,67301,0,2.0,1,1,,N,N,,0,9.0,0,0,0,0,0,N,1302,0,2,0,0,0,0,0,3,4,0,2,3,,N,,,,,,,,,,,
2009100543,2054.0,1,0,0,0,0,0,0,0,0,2,0,,67,9,2009,2,40.035,-75.144,2052.0,6,0,0,0,0,0,0,0,0,,0,0,0,20,3,1,0,,0,40 02:06.122,,7,75 08:38.256,3,0,0,1,67301,0,0,0,N,0,0,0,2,67301,0,,1,1,,N,N,,0,,1,0,0,0,0,,2050,1,2,0,0,0,0,0,3,4,0,2,3,,N,,,,,,,,,,,
2009030599,18.0,2,0,0,0,0,0,0,0,0,4,0,,67,2,2009,3,40.0512,-75.1768,9.0,6,0,0,0,0,0,0,0,0,,0,0,0,23,3,1,0,,0,40 03:04.298,,0,75 10:36.555,4,0,0,0,67301,0,0,0,N,0,0,0,3,67301,1,,1,7,,N,N,,0,,0,0,0,3,2,,2355,1,2,0,0,0,0,0,3,4,0,2,10,,N,,,,,,,,,,,
2009030815,225.0,1,0,0,0,0,0,0,0,0,4,0,,67,2,2009,6,40.0152,-75.17,220.0,6,0,0,0,0,0,1,0,0,,0,0,0,2,3,0,1,,0,40 00:54.720,,0,75 10:11.640,0,0,0,0,67301,0,0,0,N,0,0,0,2,67301,0,,1,1,,N,N,,0,,0,0,0,3,2,,215,0,2,0,0,0,0,0,3,4,1,2,3,,N,,,,,,,,,,,
2009025612,732.0,2,0,0,0,0,0,0,0,0,4,0,,67,1,2009,7,40.0992,-75.0476,726.0,6,0,0,0,0,0,1,1,0,,0,0,0,6,1,1,2,,0,40 05:57.120,,0,75 02:51.360,4,0,0,0,67301,0,0,0,N,0,0,0,3,67301,1,,1,7,,N,N,,0,,0,0,0,0,0,,652,1,2,0,0,0,0,0,3,4,0,2,10,,N,,,,,,,,,,,
2009038113,1658.0,1,0,0,0,0,0,0,0,0,8,0,,67,2,2009,2,40.0122,-75.0878,1657.0,6,0,0,0,0,0,0,0,0,3.0,0,0,0,16,1,1,0,,2,40 00:43.887,6.0,0,75 05:16.175,8,0,0,0,67301,1,0,0,N,1,0,0,3,67301,0,,1,1,,N,N,,0,,0,0,0,0,0,Y,1653,1,2,0,0,1,1,1,3,4,0,1,3,,N,,,,,,,,,,,
2009035708,1710.0,1,0,0,0,0,0,0,0,0,4,0,,67,3,2009,3,39.9803,-75.269,1710.0,6,0,0,0,0,0,0,0,0,,0,0,0,17,1,0,0,,0,39 58:49.229,,0,75 16:08.357,0,0,0,0,67301,0,0,0,N,0,0,0,4,46104,0,,1,1,,N,N,,0,,0,0,1,0,0,,1710,0,2,0,0,0,0,0,3,4,0,2,3,,N,,,,,,,,,,,
2009125473,1646.0,1,0,0,0,0,0,0,0,0,8,0,,67,11,2009,2,40.0404,-75.1242,1645.0,6,0,0,0,0,0,1,0,0,,0,0,0,16,1,1,1,,0,40 02:25.414,,0,75 07:27.069,4,0,0,0,67301,1,0,0,N,1,0,0,2,67301,1,,1,9,,N,N,,0,,0,0,0,3,2,,1643,1,2,0,0,0,0,0,3,4,0,1,7,,N,,,,,,,,,,,
2009111721,315.0,3,0,0,0,0,0,0,0,0,5,0,,67,10,2009,2,40.0367,-75.0437,312.0,6,0,0,0,0,0,0,0,0,,0,0,0,3,3,0,0,,0,40 02:12.037,,0,75 02:37.363,0,0,0,0,67301,0,0,0,N,0,0,0,1,67301,0,,6,1,,N,N,,0,,0,0,0,0,0,,312,0,4,0,0,0,0,0,3,4,1,4,3,,N,,,,,,,,,,,
2009117808,348.0,1,0,0,0,0,0,0,0,0,7,0,,67,11,2009,7,39.9819,-75.2073,343.0,6,0,0,0,0,1,0,0,0,1.0,0,0,0,3,3,1,0,,1,39 58:59.048,4.0,0,75 12:28.629,4,0,0,0,67301,0,0,0,N,0,0,0,1,68K01,1,,3,9,,N,N,,0,,0,0,0,0,0,N,339,1,1,0,0,1,0,0,3,4,0,1,7,,N,,,,,,,,,,,
2009125166,1238.0,1,0,0,0,0,0,0,0,0,4,0,,67,11,2009,6,40.0485,-75.0937,1236.0,6,0,0,0,0,0,0,0,0,1.0,0,0,0,12,1,0,1,,1,40 02:54.566,4.0,0,75 05:37.204,9,0,0,0,67301,0,0,0,N,0,0,0,5,67301,0,,1,9,,N,N,,0,,0,0,1,3,2,Y,1235,0,2,0,0,0,0,2,3,4,0,2,7,,N,,,,,,,,,,,
2009133159,1918.0,2,0,0,0,0,0,0,0,0,1,0,,67,12,2009,5,39.9653,-75.1857,1917.0,6,0,0,0,0,0,0,0,0,,0,0,0,19,3,0,6,,0,39 57:59.300,,2,75 11:13.674,0,0,0,0,67301,0,0,0,N,0,0,0,2,68K01,0,,1,1,,N,N,,0,,0,0,0,3,4,,1915,0,2,0,0,0,0,0,3,4,0,2,3,,N,,,,,,,,,,,
2009125260,1653.0,2,0,0,0,0,0,0,0,0,4,0,,67,11,2009,7,39.9818,-75.1177,1653.0,6,0,0,0,0,0,0,0,0,,0,0,0,16,1,1,2,,0,39 58:54.619,,0,75 07:03.829,8,0,0,0,67301,0,0,0,N,0,0,0,4,67301,0,,1,1,,N,N,,0,,0,0,0,3,3,,1650,1,2,0,0,0,1,0,3,4,0,2,3,,N,,,,,,,,,,,
2009120262,544.0,2,0,0,0,0,0,0,0,0,1,0,,67,10,2009,7,40.0022,-75.2111,540.0,6,0,0,0,0,0,0,0,0,,0,0,0,5,3,0,1,,0,40 00:07.772,,0,75 12:40.103,0,0,0,0,67301,0,0,0,N,0,0,0,1,67301,0,,1,9,,N,,,0,,0,0,1,3,2,,530,0,3,0,0,0,0,0,3,4,0,3,7,,N,,,,,,,,,,,
2009111830,1338.0,2,0,0,0,0,0,0,0,0,1,0,,67,9,2009,6,39.9582,-75.2232,1338.0,6,0,0,0,0,1,0,0,0,,0,0,0,13,1,1,1,,0,39 57:29.663,,0,75 13:23.484,4,0,0,0,67301,0,0,0,,0,0,0,2,67301,1,,1,1,,N,N,,0,,0,0,0,3,2,,1336,1,2,0,0,0,0,0,3,4,0,2,3,,N,,,,,,,,,,,
2009044534,1432.0,4,0,0,0,0,0,0,0,0,4,0,,67,3,2009,1,40.0303,-75.0644,1431.0,6,0,0,0,0,0,0,0,0,1.0,0,0,0,14,1,3,1,,2,40 01:48.979,7.0,0,75 03:51.736,4,0,0,0,67301,0,0,0,,0,0,0,3,67301,1,,1,1,,,,,1,,0,0,0,3,2,Y,1430,3,5,0,0,2,2,0,3,4,0,5,3,,N,,,,,,,,,,,
2009044568,2110.0,0,0,0,1,0,0,0,0,0,2,0,,67,3,2009,7,39.9979,-75.1043,2105.0,6,0,0,0,0,0,0,0,0,,0,0,0,20,3,1,1,,0,39 59:52.368,,0,75 06:15.638,4,0,0,0,67301,1,0,0,N,0,0,0,2,67301,1,,1,1,,N,N,,0,,0,0,1,3,2,,2050,1,2,0,0,0,0,0,3,4,0,1,3,,N,,,,,,,,,,,
2009049750,1027.0,2,0,0,0,0,0,0,0,0,4,0,,67,4,2009,2,40.0179,-75.0826,958.0,6,0,0,0,0,0,1,0,0,1.0,0,0,0,9,1,2,1,,1,40 01:04.384,1.0,0,75 04:57.343,4,0,0,0,67301,0,0,0,N,0,0,0,2,67301,1,,1,9,,N,N,,0,,0,0,0,3,2,N,957,2,2,0,0,0,1,0,3,4,0,2,7,,N,,,,,,,,,,,
2009039651,1300.0,0,0,0,0,0,0,1,0,0,8,1,,67,2,2009,5,40.039,-75.1446,1300.0,6,0,0,0,0,0,0,0,0,,0,0,0,12,1,1,1,,0,40 02:20.710,,0,75 08:41.028,4,0,0,0,67301,1,0,0,N,1,0,0,2,67301,1,,1,1,,N,N,,0,,0,0,0,3,2,,1234,1,2,0,0,0,0,1,3,4,0,1,3,,N,,,,,,,,,,,
2009037402,9999.0,1,0,0,0,0,0,0,0,0,8,0,,67,2,2009,2,39.9565,-75.2092,757.0,6,0,0,0,0,0,0,0,0,,0,0,0,7,1,1,0,,0,39 57:23.395,,0,75 12:33.131,4,0,0,0,67301,1,0,0,N,1,0,0,2,67301,1,,6,1,,N,N,,0,,0,0,0,0,0,,730,1,2,0,0,0,0,0,3,4,0,1,3,,N,,,,,,,,,,,
2009039675,134.0,2,0,0,0,0,0,0,0,0,4,0,,67,2,2009,4,40.0313,-75.0849,133.0,6,0,0,0,0,0,0,0,0,,0,0,0,1,3,1,5,,0,40 01:53.078,,0,75 05:05.038,4,0,0,0,67301,0,0,0,N,0,0,0,3,67301,1,,1,1,,N,N,,0,,0,0,0,3,2,,130,1,2,0,0,0,0,0,3,4,0,2,3,,N,,,,,,,,,,,
2009039249,1620.0,1,0,0,0,0,0,0,0,0,1,0,,67,2,2009,2,39.9729,-75.2182,1615.0,6,0,0,0,0,0,1,0,0,1.0,0,0,0,16,1,9,0,,1,39 58:22.280,4.0,0,75 13:05.310,4,0,0,0,67301,0,0,0,N,0,0,0,10,67301,9,,1,7,,N,N,,0,,0,0,0,0,0,Y,1610,9,2,0,0,0,0,0,3,4,0,2,3,,N,,,,,,,,,,,
2009049639,1524.0,1,0,0,0,0,0,0,0,0,8,0,,67,3,2009,1,40.0105,-75.0791,1517.0,6,0,0,0,0,0,0,0,0,3.0,0,0,0,15,1,1,1,,2,40 00:37.460,1.0,0,75 04:45.357,8,0,0,0,67301,1,0,0,,1,0,0,3,67301,0,,1,1,,,,,0,,0,0,1,3,2,Y,1510,1,3,0,0,0,1,0,3,4,0,2,3,,N,,,,,,,,,,,
2009049734,910.0,1,0,0,1,0,0,0,0,0,4,0,,67,4,2009,5,39.9869,-75.1307,910.0,6,0,0,0,0,0,0,0,0,,0,0,0,9,1,1,0,,0,39 59:13.002,,0,75 07:50.368,8,0,0,0,67301,1,0,0,N,0,0,0,3,67301,0,,1,1,,N,N,,0,,0,0,0,0,0,,910,1,2,0,0,0,1,0,3,4,0,1,3,,N,,,,,,,,,,,
2009049736,1159.0,1,0,0,0,0,0,0,0,0,1,0,,67,4,2009,7,40.0507,-75.1733,1153.0,6,0,0,0,0,0,0,0,0,,0,0,0,11,1,1,1,,0,40 03:02.401,,0,75 10:23.780,8,0,0,0,67301,0,0,0,N,0,0,0,4,67301,0,,1,1,,N,N,,0,,0,0,0,9,2,,1152,1,2,0,0,0,1,0,3,4,1,2,3,,N,,,,,,,,,,,
2009036900,45.0,1,0,0,0,0,0,0,0,0,4,0,,67,2,2009,7,40.0536,-75.0085,45.0,6,0,0,0,0,0,0,0,0,,0,0,0,20,3,1,3,,0,40 03:12.894,,0,75 00:31.196,4,0,0,0,67301,0,0,0,N,0,0,0,2,67301,1,,1,1,,N,N,,0,,0,0,0,0,0,,2050,1,2,0,0,0,0,1,3,4,1,2,3,,N,,,,,,,,,,,
2009031519,1908.0,1,0,0,0,0,0,0,0,0,4,0,,67,1,2009,2,39.9633,-75.2385,1906.0,6,0,0,0,0,0,0,1,0,,0,0,0,17,3,1,1,,0,39 57:47.872,,0,75 14:18.509,8,0,0,0,67301,0,0,0,N,0,0,0,2,67301,0,,1,1,,N,N,,0,,0,0,0,2,2,,1705,1,2,0,0,0,1,0,3,4,1,2,3,,N,,,,,,,,,,,
2009034032,1927.0,0,0,0,0,0,0,0,0,0,1,0,,67,3,2009,6,39.9597,-75.1765,1924.0,6,0,0,0,0,1,0,0,0,1.0,0,0,0,19,3,0,0,,1,39 57:35.871,4.0,3,75 10:42.620,0,0,0,0,67301,0,0,0,N,0,0,0,2,68K01,0,,1,1,,N,N,,1,,0,0,1,0,0,Y,1919,0,2,0,0,0,0,0,3,4,0,2,3,,N,,,,,,,,,,,
2009034467,1354.0,1,0,0,0,0,0,0,0,0,7,0,,67,3,2009,5,39.9612,-75.1405,1350.0,6,0,0,0,0,1,0,0,0,1.0,0,0,0,13,1,1,0,,1,39 57:32.040,4.0,2,75 08:29.760,4,0,0,0,67301,0,0,0,N,0,0,0,1,68K01,1,,2,9,,N,N,,0,,0,0,0,0,0,N,1348,1,1,0,0,0,0,0,3,4,0,1,7,,N,,,,,,,,,,,
2009036981,822.0,1,0,0,0,0,0,1,0,0,5,1,,67,3,2009,3,40.0126,-75.0732,821.0,6,0,0,0,0,0,0,0,0,,0,0,0,8,1,2,1,,0,40 00:45.132,,0,75 04:23.854,4,0,0,0,67301,0,0,0,,0,0,0,4,67301,2,,1,1,,,,,0,,0,0,0,3,2,,814,2,2,0,0,0,0,0,3,4,0,2,3,,N,,,,,,,,,,,
2009044415,1442.0,1,0,0,0,0,0,0,0,0,8,0,,67,3,2009,4,40.069,-75.0069,1439.0,6,0,0,0,0,0,0,0,0,,0,0,0,14,1,1,0,,0,40 04:08.248,,7,75 00:24.842,8,0,0,0,67301,1,0,0,,1,0,0,2,67301,0,,5,1,,N,N,,0,,0,0,0,0,0,,1438,1,2,0,0,0,1,1,3,4,0,1,3,,N,,,,,,,,,,,
2009044438,1352.0,1,0,0,0,0,0,0,0,0,4,0,,67,3,2009,7,40.0007,-75.148,1347.0,6,0,0,0,0,0,0,1,0,,0,0,0,12,1,1,1,,0,40 00:02.469,,0,75 08:52.972,8,0,0,0,67301,0,0,0,N,0,0,0,2,67301,0,,1,1,,N,N,,1,,0,0,0,3,1,,1245,1,2,0,0,2,1,0,3,4,0,2,3,,N,,,,,,,,,,,
2009124451,302.0,1,0,0,0,0,0,0,0,0,1,0,,67,11,2009,1,40.0423,-75.0256,256.0,6,0,0,0,0,0,0,0,0,,0,0,0,2,3,1,1,,0,40 02:32.362,,0,75 01:32.162,3,0,0,0,67301,0,0,0,N,0,0,0,2,67301,0,,1,1,,N,N,,0,,1,0,1,3,2,,252,1,2,0,0,0,0,0,3,4,0,2,3,,N,,,,,,,,,,,
2009133896,541.0,2,0,0,0,0,0,0,0,0,7,0,,67,12,2009,4,40.0147,-75.0547,541.0,6,0,0,0,0,0,0,0,0,2.0,0,0,0,5,3,1,0,,1,40 00:52.920,1.0,0,75 03:16.560,3,0,0,0,67301,0,0,0,Y,0,0,0,2,68K02,0,,2,9,,N,N,,0,,1,0,0,0,0,N,536,1,2,0,0,0,0,0,3,4,0,2,7,,N,,,,,,,,,,,
2009078513,2250.0,0,0,0,0,0,0,0,0,0,8,0,,67,6,2009,2,39.9755,-75.1919,2247.0,6,0,0,0,0,0,0,0,0,4.0,1,0,0,22,3,1,0,,2,39 58:31.122,5.0,0,75 11:30.231,1,0,1,1,67301,1,1,0,N,1,1,0,2,67301,0,2.0,1,1,,N,N,,0,0.0,0,1,0,0,0,N,2233,1,2,0,0,0,0,0,3,4,0,1,3,,N,,,,,,,,,,,
2009097101,1509.0,2,0,0,0,0,0,0,0,0,1,0,,67,8,2009,4,40.0808,-75.0284,1443.0,6,0,0,0,0,0,0,1,0,1.0,0,0,0,14,1,1,1,,1,40 04:50.820,3.0,0,75 01:42.117,3,0,0,0,67301,0,0,0,N,0,0,0,3,67301,0,,1,1,,N,N,,0,,1,0,0,3,2,N,1419,1,2,0,0,0,0,0,3,4,0,2,3,,N,,,,,,,,,,,