CRN,ARRIVAL_TM,AUTOMOBILE_COUNT,BELTED_DEATH_COUNT,BELTED_SUSP_SERIOUS_INJ_COUNT,BICYCLE_COUNT,BICYCLE_DEATH_COUNT,BICYCLE_SUSP_SERIOUS_INJ_COUNT,BUS_COUNT,CHLDPAS_DEATH_COUNT,CHLDPAS_SUSP_SERIOUS_INJ_COUNT,COLLISION_TYPE,COMM_VEH_COUNT,CONS_ZONE_SPD_LIM,COUNTY,CRASH_MONTH,CRASH_YEAR,DAY_OF_WEEK,DEC_LAT,DEC_LONG,DISPATCH_TM,DISTRICT,DRIVER_COUNT_16YR,DRIVER_COUNT_17YR,DRIVER_COUNT_18YR,DRIVER_COUNT_19YR,DRIVER_COUNT_20YR,DRIVER_COUNT_50_64YR,DRIVER_COUNT_65_74YR,DRIVER_COUNT_75PLUS,EST_HRS_CLOSED,FATAL_COUNT,HEAVY_TRUCK_COUNT,HORSE_BUGGY_COUNT,HOUR_OF_DAY,ILLUMINATION,INJURY_COUNT,INTERSECT_TYPE,INTERSECTION_RELATED,LANE_CLOSED,LATITUDE,LN_CLOSE_DIR,LOCATION_TYPE,LONGITUDE,MAX_SEVERITY_LEVEL,MCYCLE_DEATH_COUNT,MCYCLE_SUSP_SERIOUS_INJ_COUNT,MOTORCYCLE_COUNT,MUNICIPALITY,NONMOTR_COUNT,NONMOTR_DEATH_COUNT,NONMOTR_SUSP_SERIOUS_INJ_COUNT,NTFY_HIWY_MAINT,PED_COUNT,PED_DEATH_COUNT,PED_SUSP_SERIOUS_INJ_COUNT,PERSON_COUNT,POLICE_AGCY,POSSIBLE_INJ_COUNT,RDWY_SURF_TYPE_CD,RELATION_TO_ROAD,ROAD_CONDITION,ROADWAY_CLEARED,SCH_BUS_IND,SCH_ZONE_IND,SECONDARY_CRASH,SMALL_TRUCK_COUNT,SPEC_JURIS_CD,SUSP_MINOR_INJ_COUNT,SUSP_SERIOUS_INJ_COUNT,SUV_COUNT,TCD_FUNC_CD,TCD_TYPE,TFC_DETOUR_IND,TIME_OF_DAY,TOT_INJ_COUNT,TOTAL_UNITS,UNB_DEATH_COUNT,UNB_SUSP_SERIOUS_INJ_COUNT,UNBELTED_OCC_COUNT,UNK_INJ_DEG_COUNT,UNK_INJ_PER_COUNT,URBAN_AREA,URBAN_RURAL,VAN_COUNT,VEHICLE_COUNT,WEATHER1,WEATHER2,WORK_ZONE_IND,WORK_ZONE_LOC,WORK_ZONE_TYPE,WORKERS_PRES,WZ_CLOSE_DETOUR,WZ_FLAGGER,WZ_LAW_OFFCR_IND,WZ_LN_CLOSURE,WZ_MOVING,WZ_OTHER,WZ_SHLDER_MDN,WZ_WORKERS_INJ_KILLED
2009097132,1250.0,1,0,0,0,0,0,0,0,0,5,0,,67,9,2009,4,,,1250.0,6,0,0,0,0,0,1,0,0,,0,0,0,12,1,1,0,,0,,,0,,4,0,0,1,67301,0,0,0,N,0,0,0,2,67301,1,,1,1,,N,N,,0,,0,0,0,2,2,,1250,1,2,0,0,0,0,0,3,3,0,2,3,,N,,,,,,,,,,,
2009097171,1125.0,2,0,0,0,0,0,0,0,0,1,0,,67,9,2009,6,40.0635,-75.0457,1116.0,6,0,0,0,0,1,0,0,0,,0,0,0,11,1,2,0,,0,40 03:48.664,,0,75 02:44.422,4,0,0,0,67301,0,0,0,N,0,0,0,2,67301,2,,1,1,,N,N,,0,,0,0,0,0,0,,1110,2,2,0,0,0,0,0,3,4,0,2,3,,N,,,,,,,,,,,
2009097173,700.0,1,0,0,0,0,0,0,0,0,4,0,,67,9,2009,5,39.9637,-75.1901,657.0,6,0,0,0,0,0,0,0,0,,0,0,0,6,1,0,1,,0,39 57:49.219,,0,75 11:24.233,0,0,0,0,67301,0,0,0,N,0,0,0,2,67301,0,,1,1,,N,N,,1,,0,0,2,2,3,,651,0,4,0,0,0,0,0,3,4,0,4,3,,N,,,,,,,,,,,
2009124340,532.0,1,0,0,0,0,0,0,0,0,7,0,,67,11,2009,7,39.954,-75.2465,532.0,6,0,0,0,0,0,0,0,0,,0,0,0,5,3,0,1,,0,39 57:14.274,,0,75 14:47.471,9,0,0,0,67301,0,0,0,N,0,0,0,1,67301,0,,2,1,,N,N,,0,,0,0,0,0,0,,510,0,1,0,0,0,0,1,3,4,0,1,3,,N,,,,,,,,,,,
2009099616,1716.0,1,0,0,0,0,0,0,0,0,1,0,,67,9,2009,4,39.957,-75.1559,1711.0,6,0,0,0,0,0,0,0,0,,0,0,0,17,1,3,0,,0,39 57:25.200,,0,75 09:21.240,8,0,0,0,67301,0,0,0,N,0,0,0,10,68K01,0,,1,1,,N,N,,0,,0,0,1,0,0,,1707,3,4,0,0,0,3,0,3,4,2,4,3,,N,,,,,,,,,,,
2009083844,2127.0,1,0,0,0,0,0,0,0,0,1,0,,67,7,2009,1,40.0432,-75.0521,2126.0,6,0,0,0,0,0,0,0,0,,0,0,0,21,1,1,0,,0,40 02:35.535,,0,75 03:07.498,4,0,0,0,67301,0,0,0,,0,0,0,7,67301,1,,1,9,,N,N,,0,,0,0,1,0,0,,2120,1,3,0,0,0,0,1,3,4,1,3,7,,N,,,,,,,,,,,
2009065379,1713.0,1,0,0,0,0,0,0,0,0,1,0,,67,5,2009,6,40.0061,-75.1392,1709.0,6,0,0,0,0,0,0,0,1,,0,0,0,17,1,1,1,,0,40 00:21.783,,0,75 08:21.022,8,0,0,0,67301,0,0,0,N,0,0,0,4,67301,0,,1,1,,N,N,,0,,0,0,0,3,2,,1705,1,2,0,0,0,1,0,3,4,1,2,3,,N,,,,,,,,,,,
2009035567,820.0,2,0,0,0,0,0,0,0,0,4,0,,67,3,2009,5,40.0346,-75.0188,818.0,6,0,0,0,0,0,1,0,0,1.0,0,0,0,8,1,0,0,,1,40 02:04.920,1.0,0,75 01:06.960,0,0,0,0,67301,0,0,0,N,0,0,0,2,68K03,0,,1,9,,N,N,,0,,0,0,0,0,0,N,816,0,2,0,0,0,0,0,3,4,0,2,7,,N,,,,,,,,,,,
2009030676,1857.0,1,0,0,0,0,0,0,0,0,1,0,,67,3,2009,5,39.9797,-75.2046,1856.0,6,0,0,0,0,0,1,0,0,1.0,0,0,0,18,3,0,0,,1,39 58:49.327,3.0,0,75 12:20.303,0,0,0,0,67301,0,0,0,N,0,0,0,8,68K01,0,,1,1,,N,N,,0,,0,0,2,0,0,N,1853,0,3,0,0,0,0,0,3,4,0,3,3,,N,,,,,,,,,,,
2009023227,513.0,1,0,0,0,0,0,0,0,0,7,0,,67,2,2009,2,39.9563,-75.1806,510.0,6,0,0,0,0,1,0,0,0,1.0,0,0,0,5,3,0,0,,1,39 57:28.082,3.0,0,75 10:49.233,0,0,0,0,67301,0,0,0,N,0,0,0,1,68K01,0,,2,1,,N,N,,0,,0,0,0,0,0,N,506,0,1,0,0,0,0,0,3,4,0,1,3,,N,,,,,,,,,,,
2009030479,2117.0,2,0,0,0,0,0,0,0,0,4,0,,67,2,2009,7,39.9298,-75.1442,2114.0,6,0,0,0,0,0,0,0,0,,0,0,0,21,3,2,1,,0,39 55:47.802,,0,75 08:39.967,8,0,0,0,67301,0,0,0,N,0,0,0,3,67301,0,,1,1,,N,N,,0,,0,0,0,3,2,,2114,2,2,0,0,0,2,0,3,4,0,2,3,,N,,,,,,,,,,,
2009111711,2131.0,1,0,0,0,0,0,0,0,0,1,0,,67,10,2009,1,40.0373,-75.1091,2131.0,6,0,0,0,0,1,0,0,0,,0,0,0,21,3,0,2,,0,40 02:13.864,,0,75 06:32.422,0,0,0,0,67301,0,0,0,,0,0,0,3,67301,0,,1,1,,N,N,,0,,0,0,1,3,2,,2121,0,2,0,0,0,0,0,3,4,0,2,3,,N,,,,,,,,,,,
2009112099,1505.0,2,0,0,0,0,0,0,0,0,4,0,,67,10,2009,4,40.0115,-75.0698,1500.0,6,0,0,0,0,0,0,0,0,2.0,0,0,0,14,1,4,1,,2,40 00:42.017,6.0,0,75 04:11.475,4,0,0,0,67301,0,0,0,N,0,0,0,5,67301,4,,1,1,,N,N,,0,,0,0,0,3,2,Y,1455,4,2,0,0,0,0,1,3,4,0,2,3,,N,,,,,,,,,,,
2009106831,1012.0,1,0,0,0,0,0,0,0,0,7,0,,67,10,2009,5,39.9355,-75.1997,1001.0,6,0,0,0,0,0,0,0,0,,0,0,0,9,1,0,0,,0,39 56:12.681,,0,75 11:56.834,0,0,0,0,67301,0,0,0,N,0,0,0,1,68K01,0,,4,9,,N,N,,0,,0,0,0,0,0,,959,0,1,0,0,0,0,0,3,4,0,1,7,,N,,,,,,,,,,,
2009125175,1859.0,2,0,0,0,0,0,0,0,0,4,0,,67,11,2009,4,40.0287,-75.2055,1857.0,6,0,0,0,0,0,0,0,0,1.0,0,0,0,18,2,1,1,,1,40 01:43.183,3.0,0,75 12:19.909,4,0,0,0,67301,0,0,0,N,0,0,0,3,67301,1,,9,1,,N,N,,0,,0,0,0,3,2,N,1850,1,2,0,0,0,0,0,3,4,0,2,3,,N,,,,,,,,,,,
2009096628,1434.0,1,0,0,0,0,0,0,0,0,7,0,,67,9,2009,3,40.0006,-75.0798,1410.0,6,0,0,0,0,0,0,0,1,,0,0,0,14,1,0,7,,0,40 00:06.840,,2,75 04:44.040,0,0,0,0,67301,0,0,0,N,0,0,0,1,68K01,0,,3,1,,N,N,,0,,0,0,0,0,0,,1407,0,1,0,0,0,0,0,3,4,0,1,3,,N,,,,,,,,,,,
2009125258,9999.0,0,0,0,0,0,0,0,0,0,7,0,,67,11,2009,3,39.9939,-75.1283,9999.0,6,0,0,0,0,0,0,0,0,,0,0,0,16,1,2,0,,0,39 59:38.094,,3,75 07:41.712,2,0,0,0,67301,0,0,0,N,0,0,0,2,67301,1,,2,1,,N,N,,0,,0,1,1,0,0,,1625,2,1,0,0,0,0,0,3,4,0,1,3,,N,,,,,,,,,,,
2009111862,1009.0,1,0,0,0,0,0,0,0,0,5,1,,67,10,2009,4,39.9672,-75.2196,7.0,6,0,0,0,0,0,1,0,0,,0,1,0,10,1,1,0,,0,39 58:01.887,,0,75 13:10.392,2,0,0,0,67301,0,0,0,N,0,0,0,2,67301,0,,4,1,,N,Y,,0,,0,1,0,0,0,,1000,1,2,0,1,2,0,0,3,4,0,2,3,,N,,,,,,,,,,,
2009111887,256.0,2,0,0,0,0,0,0,0,0,4,0,,67,10,2009,4,40.0289,-75.1132,249.0,6,0,0,0,0,0,0,0,0,,0,0,0,2,3,0,2,,0,40 01:44.212,,0,75 06:47.365,9,0,0,0,67301,0,0,0,N,0,0,0,3,67301,0,,1,1,,N,N,,0,,0,0,0,3,3,,249,0,2,0,0,0,0,1,3,4,0,2,3,,N,,,,,,,,,,,
2009047367,1257.0,0,0,0,0,0,0,0,0,0,7,0,,67,4,2009,7,40.0477,-74.9996,1242.0,6,0,0,0,0,0,0,0,0,,0,0,0,12,1,0,0,,0,40 02:51.983,,0,74 59:58.130,0,0,0,0,67301,0,0,0,N,0,0,0,2,68K01,0,,3,9,,N,N,,0,,0,0,1,0,0,,1238,0,1,0,0,0,0,0,3,4,0,1,7,,N,,,,,,,,,,,
2009047466,1135.0,2,0,0,0,0,0,0,0,0,5,0,,67,3,2009,1,40.0099,-75.1866,1134.0,6,0,0,0,0,0,0,0,0,1.0,0,0,0,11,1,0,0,,2,40 00:38.674,4.0,0,75 11:03.424,0,0,0,0,67301,0,0,0,N,0,0,0,2,67301,0,,1,1,,N,N,,0,,0,0,0,3,8,N,1132,0,2,0,0,0,0,0,3,4,0,2,3,,N,,,,,,,,,,,
2009039232,843.0,1,0,0,0,0,0,0,0,0,4,0,,67,2,2009,3,40.0187,-75.2111,828.0,6,0,0,0,0,0,0,0,0,,0,0,0,8,1,0,0,,0,40 01:07.461,,0,75 12:40.086,9,0,0,0,67301,0,0,0,N,0,0,0,1,67301,0,,6,9,,N,N,,0,,0,0,0,0,0,,800,0,2,0,0,0,0,1,3,4,0,2,10,,N,,,,,,,,,,,
2009037499,734.0,1,0,0,0,0,0,0,0,0,4,0,,67,3,2009,2,39.9269,-75.1691,730.0,6,0,0,0,0,0,1,0,0,,0,0,0,6,1,1,1,,0,39 55:36.347,,0,75 10:09.183,3,0,0,0,67301,0,0,0,N,0,0,0,2,67301,0,,1,1,,N,N,,0,,1,0,0,3,2,,650,1,3,0,0,0,0,0,3,4,2,3,3,,N,,,,,,,,,,,
2009037521,1154.0,1,0,0,0,0,0,0,0,0,1,0,,67,3,2009,1,39.9587,-75.2272,1146.0,6,0,0,0,0,0,2,0,0,,0,0,0,11,1,4,1,,0,39 57:31.426,,0,75 13:37.725,4,0,0,0,67301,0,0,0,N,0,0,0,5,67301,4,,1,1,,N,N,,1,,0,0,0,2,2,,1140,4,2,0,0,0,0,0,3,4,0,2,3,,N,,,,,,,,,,,
2009037354,1749.0,2,0,0,0,0,0,0,0,0,2,0,,67,2,2009,6,39.9499,-75.2047,1744.0,6,0,0,0,0,0,1,0,0,,0,0,0,17,3,1,1,,0,39 56:59.579,,0,75 12:16.854,4,0,0,0,67301,0,0,0,N,0,0,0,2,67301,1,,1,1,,N,N,,0,,0,0,0,9,2,,1744,1,2,0,0,1,0,0,3,4,0,2,3,,N,,,,,,,,,,,
2009037440,1117.0,3,0,0,0,0,0,0,0,0,4,0,,67,2,2009,1,39.934,-75.1827,1115.0,6,0,0,1,0,0,0,0,0,,0,0,0,11,1,7,1,,0,39 56:02.508,,0,75 10:57.791,4,0,0,0,67301,0,0,0,,0,0,0,7,67301,1,,1,1,,N,,,0,,0,0,0,3,3,,1110,7,3,0,0,3,6,0,3,4,0,3,3,,N,,,,,,,,,,,
2009049648,2228.0,1,0,0,0,0,0,0,0,0,7,0,,67,3,2009,1,40.0068,-75.2001,2215.0,6,0,0,0,0,0,0,0,0,,0,0,0,22,3,0,0,,0,40 00:24.300,,0,75 12:00.390,0,0,0,0,67301,0,0,0,N,0,0,0,2,67301,0,,2,1,,N,N,,0,,0,0,0,0,0,,2210,0,1,0,0,1,0,0,3,4,0,1,3,,N,,,,,,,,,,,
2009049735,39.0,1,0,0,0,0,0,0,0,0,6,0,,67,3,2009,7,39.9807,-75.1984,32.0,6,0,0,0,0,0,0,0,0,,0,0,0,0,3,0,0,,0,39 58:50.202,,0,75 11:53.509,9,0,0,0,67301,0,0,0,N,0,0,0,5,67301,0,,1,9,,N,N,,0,,0,0,0,0,0,,30,0,2,0,0,0,0,1,3,4,0,2,7,,N,,,,,,,,,,,
2009026843,1720.0,1,0,0,0,0,0,0,0,0,4,0,,67,1,2009,5,39.9594,-75.2453,1415.0,6,0,0,0,0,0,0,0,0,1.0,0,0,0,14,1,1,1,,1,39 57:33.900,2.0,0,75 14:43.234,4,0,0,0,67301,0,0,0,,0,0,0,3,67301,1,,1,1,,N,N,,0,,0,0,1,9,2,Y,1400,1,2,0,0,0,0,0,3,4,0,2,3,,N,,,,,,,,,,,
2009026902,1612.0,1,0,0,0,0,0,0,0,0,8,0,,67,1,2009,7,40.0655,-75.1621,1610.0,6,0,0,0,0,0,0,0,0,1.0,0,0,0,16,1,1,0,,2,40 03:55.706,4.0,0,75 09:43.650,4,0,0,0,67301,1,0,0,,1,0,0,2,67301,1,,1,1,,,,,0,,0,0,0,0,0,Y,1600,1,2,0,0,0,0,0,3,4,0,1,3,,N,,,,,,,,,,,
2009034466,24.0,1,0,0,0,0,0,0,0,0,7,0,5.0,67,3,2009,5,39.9585,-75.1675,24.0,6,0,0,0,0,0,0,0,0,1.0,0,0,0,0,3,0,0,,1,39 57:30.399,3.0,0,75 10:02.372,0,0,0,0,67301,0,0,0,N,0,0,0,1,68K01,0,,3,1,,N,N,,0,,0,0,0,3,1,N,17,0,1,0,0,0,0,0,3,4,0,1,3,,Y,2.0,1.0,Y,N,N,N,Y,N,N,N,
2009036964,1750.0,1,0,0,0,0,0,0,0,0,8,0,,67,3,2009,4,40.0776,-74.9896,1742.0,6,0,0,0,0,0,1,0,0,,0,0,0,17,1,1,0,,0,40 04:39.320,,0,74 59:22.477,4,0,0,0,67301,1,0,0,N,1,0,0,2,67301,1,,1,1,,N,N,,0,,0,0,0,0,0,,1740,1,2,0,0,0,0,0,3,4,0,1,3,,N,,,,,,,,,,,
2009044445,1910.0,2,0,0,0,0,0,0,0,0,1,0,,67,3,2009,7,40.0047,-75.124,1907.0,6,0,0,0,0,0,0,0,0,,0,0,0,19,1,2,0,,0,40 00:16.861,,0,75 07:26.304,4,0,0,0,67301,0,0,0,N,0,0,0,3,67301,2,,1,1,,N,N,,0,,0,0,0,0,0,,1904,2,2,0,0,0,0,0,3,4,0,2,3,,N,,,,,,,,,,,
2009044462,1121.0,1,0,0,0,0,0,0,0,0,1,1,,67,3,2009,6,39.9403,-75.2337,1118.0,6,0,0,0,0,0,0,0,0,,0,1,0,11,1,1,1,,0,39 56:25.108,,0,75 14:01.197,8,0,0,0,67301,0,0,0,,0,0,0,6,67301,0,,1,1,,N,,,0,,0,0,0,3,2,,1100,1,2,0,0,0,1,0,3,4,0,2,3,,N,,,,,,,,,,,
2009097100,1838.0,1,0,0,0,0,0,0,0,0,1,0,,67,8,2009,3,40.0768,-75.033,1831.0,6,0,0,0,0,0,2,0,0,1.0,0,0,0,18,1,0,1,,1,40 04:36.380,4.0,0,75 01:58.776,0,0,0,0,67301,0,0,0,N,0,0,0,4,67301,0,,1,1,,N,N,,0,,0,0,2,3,2,N,1830,0,3,0,0,0,0,0,3,4,0,3,3,,N,,,,,,,,,,,
2009097108,1845.0,1,0,0,0,0,0,0,0,0,8,0,,67,9,2009,3,39.9627,-75.2406,1840.0,6,0,0,0,0,0,0,0,0,,0,0,0,17,1,1,0,,0,39 57:45.867,,0,75 14:26.192,8,0,0,0,67301,1,0,0,N,1,0,0,2,67301,0,,6,1,,N,N,,0,,0,0,0,0,0,,1700,1,2,0,0,0,1,0,3,4,0,1,3,,N,,,,,,,,,,,
2009097133,742.0,2,0,0,0,0,0,0,0,0,5,0,,67,9,2009,2,40.0431,-75.0838,737.0,6,0,0,0,0,0,0,0,0,,0,0,0,7,1,0,0,,0,40 02:35.013,,0,75 05:01.695,9,0,0,0,67301,0,0,0,,0,0,0,2,67301,0,,1,1,,,,,1,,0,0,0,0,0,,737,0,3,0,0,0,0,1,3,4,0,3,3,,N,,,,,,,,,,,
2009097151,2022.0,2,0,0,0,0,0,0,0,0,4,0,,67,9,2009,7,39.9133,-75.1502,2015.0,6,0,0,0,0,0,1,0,0,2.0,0,0,0,19,3,1,0,,1,39 54:47.775,1.0,0,75 09:00.777,4,0,0,0,67301,0,0,0,,0,0,0,6,67301,1,,1,1,,,,,0,,0,0,0,0,0,N,1945,1,2,0,0,0,0,0,3,4,0,2,3,,N,,,,,,,,,,,
2009054907,1705.0,1,0,0,0,0,0,0,0,0,8,0,,67,4,2009,6,39.9325,-75.1837,1700.0,6,0,0,0,0,0,0,0,0,,0,0,0,17,1,1,0,,0,39 55:56.920,,0,75 11:01.273,4,0,0,0,67301,1,0,0,N,1,0,0,2,67301,1,,1,1,,N,N,,0,,0,0,0,0,0,,1700,1,2,0,0,0,0,0,3,4,0,1,3,,N,,,,,,,,,,,
2009060268,1740.0,0,0,0,0,0,0,0,0,0,4,0,,67,5,2009,1,39.992,-75.1402,1736.0,6,0,0,0,0,0,0,1,0,,0,0,0,17,1,6,1,,0,39 59:31.320,,0,75 08:24.665,4,0,0,0,67301,0,0,0,N,0,0,0,8,67301,4,,1,9,,N,N,,0,,0,0,0,3,2,,1735,6,2,0,0,0,2,0,3,4,2,2,7,,N,,,,,,,,,,,
2009096830,520.0,1,0,0,0,0,0,0,0,0,0,0,,67,8,2009,2,40.1099,-74.9936,513.0,6,0,0,0,0,0,0,0,0,1.0,0,0,0,5,5,1,0,,1,40 06:35.784,1.0,0,74 59:36.799,4,0,0,0,67301,0,0,0,,0,0,0,2,67301,1,,1,1,,,,,0,,0,0,0,0,0,Y,513,1,1,0,0,0,0,0,3,4,0,1,3,,N,,,,,,,,,,,
2009096833,1544.0,1,0,0,0,0,0,0,0,0,7,0,,67,8,2009,1,39.9226,-75.1427,1540.0,6,0,0,0,0,0,0,0,1,,0,0,0,15,1,1,0,,0,39 55:21.547,,0,75 08:33.639,4,0,0,0,67301,0,0,0,N,0,0,0,1,67301,1,,3,1,,N,N,,0,,0,0,0,0,0,,1539,1,1,0,0,0,0,0,3,4,0,1,3,,N,,,,,,,,,,,
2009062805,418.0,1,0,0,0,0,0,0,0,0,2,0,,67,6,2009,1,39.997,-75.2353,416.0,6,0,0,0,0,0,0,0,0,1.0,0,0,0,4,5,2,1,,1,39 59:52.112,2.0,0,75 14:01.006,4,0,0,0,67301,0,0,0,N,0,0,0,4,46104,2,,1,9,,N,N,,0,,0,0,1,3,2,Y,415,2,2,0,0,1,0,0,3,4,0,2,3,,N,,,,,,,,,,,
2009065380,1902.0,0,0,0,0,0,0,0,0,0,8,0,,67,5,2009,7,40.023,-75.1288,1859.0,6,0,0,0,0,0,0,0,0,,0,0,0,18,1,1,0,,0,40 01:22.720,,0,75 07:43.633,8,0,0,0,67301,1,0,0,N,1,0,0,2,67301,0,,1,1,,N,N,,0,,0,0,0,0,0,,1855,1,2,0,0,0,1,0,3,4,0,1,3,,N,,,,,,,,,,,
2009120650,405.0,2,0,0,0,0,0,0,0,0,5,0,,67,10,2009,1,39.9339,-75.1573,404.0,6,0,0,0,0,0,0,0,0,3.0,0,0,0,3,3,0,0,,2,39 56:01.986,2.0,0,75 09:26.402,9,0,0,0,67301,0,0,0,N,0,0,0,1,67301,0,,1,1,,N,N,,0,,0,0,1,3,3,Y,351,0,3,0,0,0,0,1,3,4,0,3,3,,N,,,,,,,,,,,
2009111547,32.0,1,0,0,0,0,0,0,0,0,1,0,,67,10,2009,5,39.9569,-75.1552,28.0,6,0,0,0,0,0,0,0,0,2.0,0,0,0,0,3,2,0,,1,39 57:24.840,3.0,0,75 09:18.720,4,0,0,0,67301,0,0,0,N,0,0,0,4,68K01,2,,1,1,,N,N,,0,,0,0,1,0,0,N,26,2,2,0,0,0,0,0,3,4,0,2,3,,N,,,,,,,,,,,
2009111187,1412.0,3,0,0,0,0,0,0,0,0,2,0,,67,10,2009,1,39.9383,-75.1987,1410.0,6,0,0,0,0,0,3,0,0,,0,0,0,14,1,1,1,,0,39 56:17.010,,0,75 11:55.632,4,0,0,0,67301,0,0,0,,0,0,0,3,67301,1,,1,9,,,,,0,,0,0,0,3,2,,1407,1,3,0,0,0,0,0,3,4,0,3,7,,N,,,,,,,,,,,
2009111200,1645.0,2,0,0,0,0,0,0,0,0,1,0,,67,10,2009,3,40.0104,-75.1745,1611.0,6,0,0,0,0,0,0,0,0,,0,0,0,16,1,1,0,,0,40 00:37.528,,0,75 10:28.214,8,0,0,0,67301,1,0,0,N,0,0,0,2,67301,0,,4,1,,N,N,,0,,0,0,0,0,0,,1610,1,2,0,0,0,1,0,3,4,0,2,3,,N,,,,,,,,,,,
2009111207,1405.0,1,0,0,0,0,0,0,0,0,7,0,,67,10,2009,7,39.9962,-75.2031,1359.0,6,0,0,0,0,0,0,0,0,,0,0,0,13,1,2,0,,0,39 59:46.419,,0,75 12:10.998,8,0,0,0,67301,0,0,0,N,0,0,0,2,67301,0,,5,9,,N,N,,0,,0,0,0,0,0,,1357,2,1,0,0,0,2,0,3,4,0,1,7,,N,,,,,,,,,,,
2009111208,305.0,3,0,0,0,0,0,0,0,0,5,0,,67,9,2009,7,40.0306,-75.0649,300.0,6,0,0,0,0,0,0,0,0,,0,0,0,2,3,2,1,,0,40 01:50.061,,0,75 03:53.676,4,0,0,0,67301,0,0,0,N,0,0,0,3,67301,2,,1,1,,N,N,,2,,0,0,0,3,3,,240,2,5,0,0,0,0,1,3,4,0,5,3,,N,,,,,,,,,,,
2009028470,1618.0,0,0,0,0,0,0,1,0,0,5,1,,67,1,2009,7,40.0239,-75.1596,1616.0,6,0,0,0,0,0,0,0,0,,0,0,0,99,1,7,0,,0,40 01:26.106,,0,75 09:34.369,4,0,0,0,67301,0,0,0,,0,0,0,9,67301,5,,1,1,,,,,0,,0,0,0,3,2,,9999,7,2,0,0,0,2,0,3,4,0,2,3,,N,,,,,,,,,,,
2009025836,1635.0,2,0,0,0,0,0,0,0,0,7,0,,67,1,2009,6,39.9631,-75.2372,1635.0,6,0,0,0,0,0,0,0,0,,0,0,0,16,1,0,2,,0,39 57:47.257,,0,75 14:13.797,0,0,0,0,67301,0,0,0,N,0,0,0,1,67301,0,,4,1,,N,N,,0,,0,0,0,3,3,,1635,0,2,0,0,0,0,0,3,4,0,2,3,,N,,,,,,,,,,,
2009025176,2233.0,2,0,0,0,0,0,0,0,0,2,0,,67,1,2009,6,40.0092,-75.1967,2217.0,6,0,0,0,0,0,0,0,0,,0,0,0,22,3,2,1,,0,40 00:30.056,,0,75 11:40.125,4,0,0,0,67301,0,0,0,N,0,0,0,3,67301,2,,1,1,,N,N,,0,,0,0,0,3,2,,2204,2,2,0,0,0,0,0,3,4,0,2,3,,N,,,,,,,,,,,
2009025452,1750.0,1,0,0,0,0,0,0,0,0,5,0,,67,1,2009,7,39.9184,-75.1507,1743.0,6,0,0,0,0,0,0,0,0,1.0,0,0,0,17,3,1,0,,2,39 55:06.286,1.0,0,75 09:02.360,3,0,0,0,67301,0,0,0,N,0,0,0,1,67301,0,,1,9,,N,N,,0,,1,0,2,0,0,N,1741,1,3,0,0,0,0,0,3,4,0,3,7,,N,,,,,,,,,,,
2009030794,1525.0,1,0,0,0,0,0,0,0,0,4,0,,67,1,2009,7,39.9228,-75.2384,1525.0,6,0,0,0,0,0,1,0,0,,0,0,0,14,1,0,1,,0,39 55:21.975,,0,75 14:18.329,0,0,0,0,67301,0,0,0,N,0,0,0,2,67301,0,,1,1,,N,N,,0,,0,0,1,3,2,,1445,0,2,0,0,0,0,0,3,4,0,2,3,,N,,,,,,,,,,,
2009032982,1745.0,1,0,0,0,0,0,0,0,0,4,0,,67,1,2009,6,39.9386,-75.1985,1742.0,6,0,0,0,0,0,0,0,0,,0,0,0,17,3,4,1,,0,39 56:18.878,,0,75 11:54.439,4,0,0,0,67301,0,0,0,N,0,0,0,5,67301,4,,1,1,,N,N,,0,,0,0,1,2,2,,1742,4,2,0,0,0,0,1,3,4,0,2,3,,N,,,,,,,,,,,
2009025421,151.0,1,0,0,0,0,0,0,0,0,1,0,,67,1,2009,7,39.986,-75.1006,149.0,6,0,0,0,0,0,0,0,0,,0,0,0,1,3,3,1,,0,39 59:09.621,,0,75 06:02.084,3,0,0,0,67301,0,0,0,N,0,0,0,3,67301,1,,1,1,,N,N,,0,,2,0,1,3,3,,149,3,2,0,0,1,0,0,3,4,0,2,3,,N,,,,,,,,,,,
2009025427,1409.0,1,0,0,0,0,0,0,0,0,4,0,,67,1,2009,7,40.0625,-74.9871,1409.0,6,0,0,0,0,0,0,0,0,2.0,0,0,0,14,1,4,1,,2,40 03:45.000,5.0,0,74 59:13.560,8,0,0,0,67301,0,0,0,N,0,0,0,5,67301,0,,1,1,,N,N,,0,,0,0,1,3,2,Y,1409,4,2,0,0,0,4,0,3,4,0,2,3,,N,,,,,,,,,,,
2009114449,2327.0,1,0,0,0,0,0,0,0,0,7,0,,67,10,2009,6,40.0283,-75.0233,2301.0,6,0,0,0,0,0,0,0,0,,0,0,0,22,3,0,0,,0,40 01:42.418,,0,75 01:23.317,0,0,0,0,67301,0,0,0,N,0,0,0,2,68K01,0,,2,9,,N,N,,0,,0,0,0,0,0,,2255,0,1,0,0,1,0,0,3,4,0,1,3,,N,,,,,,,,,,,
2009111712,1923.0,0,0,0,0,0,0,0,0,0,4,0,,67,9,2009,7,40.0392,-75.11,1919.0,6,0,0,0,0,0,0,0,0,,0,0,0,19,3,0,1,,0,40 02:20.942,,0,75 06:36.006,0,0,0,0,67301,0,0,0,,0,0,0,5,67301,0,,1,9,,,,,0,,0,0,2,3,2,,1915,0,2,0,0,0,0,0,3,4,0,2,7,,N,,,,,,,,,,,