CRN,ARRIVAL_TM,AUTOMOBILE_COUNT,BELTED_DEATH_COUNT,BELTED_SUSP_SERIOUS_INJ_COUNT,BICYCLE_COUNT,BICYCLE_DEATH_COUNT,BICYCLE_SUSP_SERIOUS_INJ_COUNT,BUS_COUNT,CHLDPAS_DEATH_COUNT,CHLDPAS_SUSP_SERIOUS_INJ_COUNT,COLLISION_TYPE,COMM_VEH_COUNT,CONS_ZONE_SPD_LIM,COUNTY,CRASH_MONTH,CRASH_YEAR,DAY_OF_WEEK,DEC_LAT,DEC_LONG,DISPATCH_TM,DISTRICT,DRIVER_COUNT_16YR,DRIVER_COUNT_17YR,DRIVER_COUNT_18YR,DRIVER_COUNT_19YR,DRIVER_COUNT_20YR,DRIVER_COUNT_50_64YR,DRIVER_COUNT_65_74YR,DRIVER_COUNT_75PLUS,EST_HRS_CLOSED,FATAL_COUNT,HEAVY_TRUCK_COUNT,HORSE_BUGGY_COUNT,HOUR_OF_DAY,ILLUMINATION,INJURY_COUNT,INTERSECT_TYPE,INTERSECTION_RELATED,LANE_CLOSED,LATITUDE,LN_CLOSE_DIR,LOCATION_TYPE,LONGITUDE,MAX_SEVERITY_LEVEL,MCYCLE_DEATH_COUNT,MCYCLE_SUSP_SERIOUS_INJ_COUNT,MOTORCYCLE_COUNT,MUNICIPALITY,NONMOTR_COUNT,NONMOTR_DEATH_COUNT,NONMOTR_SUSP_SERIOUS_INJ_COUNT,NTFY_HIWY_MAINT,PED_COUNT,PED_DEATH_COUNT,PED_SUSP_SERIOUS_INJ_COUNT,PERSON_COUNT,POLICE_AGCY,POSSIBLE_INJ_COUNT,RDWY_SURF_TYPE_CD,RELATION_TO_ROAD,ROAD_CONDITION,ROADWAY_CLEARED,SCH_BUS_IND,SCH_ZONE_IND,SECONDARY_CRASH,SMALL_TRUCK_COUNT,SPEC_JURIS_CD,SUSP_MINOR_INJ_COUNT,SUSP_SERIOUS_INJ_COUNT,SUV_COUNT,TCD_FUNC_CD,TCD_TYPE,TFC_DETOUR_IND,TIME_OF_DAY,TOT_INJ_COUNT,TOTAL_UNITS,UNB_DEATH_COUNT,UNB_SUSP_SERIOUS_INJ_COUNT,UNBELTED_OCC_COUNT,UNK_INJ_DEG_COUNT,UNK_INJ_PER_COUNT,URBAN_AREA,URBAN_RURAL,VAN_COUNT,VEHICLE_COUNT,WEATHER1,WEATHER2,WORK_ZONE_IND,WORK_ZONE_LOC,WORK_ZONE_TYPE,WORKERS_PRES,WZ_CLOSE_DETOUR,WZ_FLAGGER,WZ_LAW_OFFCR_IND,WZ_LN_CLOSURE,WZ_MOVING,WZ_OTHER,WZ_SHLDER_MDN,WZ_WORKERS_INJ_KILLED
2009112088,830.0,0,0,0,0,0,0,0,0,0,1,0,,67,10,2009,2,39.9827,-75.1036,820.0,6,0,0,0,0,0,1,0,0,,0,0,0,8,1,1,1,,0,39 58:57.676,,0,75 06:12.974,8,0,0,1,67301,0,0,0,N,0,0,0,2,67301,0,,1,1,,N,N,,1,,0,0,0,3,3,,815,1,2,0,0,0,1,0,3,4,0,2,3,,N,,,,,,,,,,,
2009125176,1929.0,2,0,0,0,0,0,0,0,0,1,0,,67,11,2009,1,40.0356,-75.2174,1925.0,6,0,0,0,0,0,0,0,0,,0,0,0,19,3,2,1,,0,40 02:07.762,,0,75 13:02.189,4,0,0,0,67301,0,0,0,N,0,0,0,3,67301,2,,1,1,,N,N,,0,,0,0,0,3,2,,1920,2,2,0,0,3,0,0,3,4,0,2,3,,N,,,,,,,,,,,
2009133151,48.0,2,0,0,0,0,0,0,0,0,1,0,,67,12,2009,5,40.0479,-74.9993,29.0,6,0,0,0,0,0,0,0,0,,0,0,0,23,3,0,0,,0,40 02:52.696,,0,74 59:57.005,0,0,0,0,67301,0,0,0,N,0,0,0,3,68K01,0,,1,1,,N,N,,0,,0,0,0,0,0,,2353,0,2,0,0,0,0,0,3,4,0,2,3,,N,,,,,,,,,,,
2009120258,1849.0,1,0,0,0,0,0,0,0,0,1,0,,67,10,2009,3,40.0402,-75.214,1847.0,6,0,0,0,0,0,1,0,0,,0,0,0,18,3,1,0,,0,40 02:24.955,,0,75 12:50.764,8,0,0,0,67301,0,0,0,,0,0,0,3,67301,0,,1,9,,N,N,,0,,0,0,1,3,2,,1800,1,2,0,0,3,1,0,3,4,0,2,7,,N,,,,,,,,,,,
2009120265,2016.0,1,0,0,0,0,0,0,0,0,8,0,,67,10,2009,2,40.0703,-75.0564,2011.0,6,0,0,0,0,0,0,0,0,,0,0,0,20,3,1,1,,0,40 04:12.997,,0,75 03:23.140,3,0,0,0,67301,1,0,0,N,1,0,0,2,67301,0,,1,1,,N,N,,0,,1,0,0,3,3,,2000,1,2,0,0,0,0,0,3,4,0,1,3,,N,,,,,,,,,,,
2009130602,328.0,1,0,0,0,0,0,0,0,0,7,0,,67,12,2009,1,39.8861,-75.2118,310.0,6,0,0,0,0,0,0,0,0,2.0,0,0,0,3,3,2,7,,1,39 53:09.434,2.0,2,75 12:36.161,4,0,0,0,67301,0,0,0,N,0,0,0,2,68K03,2,,2,9,,N,N,,0,,0,0,0,0,0,N,305,2,1,0,0,0,0,0,3,4,0,1,3,,N,,,,,,,,,,,
2009128140,338.0,0,0,0,0,0,0,0,0,0,1,0,,67,11,2009,5,40.0207,-75.0423,334.0,6,0,0,0,0,0,0,0,0,1.0,0,0,0,3,3,1,0,,2,40 01:16.680,2.0,0,75 02:26.160,8,0,0,0,67301,0,0,0,N,0,0,0,2,68K01,0,,1,9,,N,N,,2,,0,0,0,0,0,N,332,1,2,0,0,0,1,0,3,4,0,2,3,,N,,,,,,,,,,,
2009120397,1305.0,1,0,0,0,0,0,0,0,0,4,0,,67,10,2009,7,39.9399,-75.2114,1257.0,6,0,0,0,0,0,1,0,0,,0,0,0,12,1,1,1,,0,39 56:23.459,,0,75 12:41.033,8,0,0,0,67301,0,0,0,N,0,0,0,2,67301,0,,1,9,,N,N,,0,,0,0,0,0,0,,1255,1,2,0,0,0,1,0,3,4,0,2,7,,N,,,,,,,,,,,
2009111821,310.0,2,0,0,0,0,0,0,0,0,1,0,,67,10,2009,7,40.0085,-75.0914,310.0,6,0,0,0,0,0,0,0,0,,0,0,0,3,3,0,0,,0,40 00:30.720,,0,75 05:29.134,0,0,0,0,67301,0,0,0,,0,0,0,2,67301,0,,1,1,,,,,0,,0,0,0,0,0,,300,0,2,0,0,2,0,0,3,4,0,2,3,,N,,,,,,,,,,,
2009111841,1035.0,1,0,0,0,0,0,0,0,0,4,0,,67,10,2009,7,39.9579,-75.1641,1030.0,6,0,0,0,0,0,0,0,0,,0,0,0,10,1,0,1,,0,39 57:28.586,,0,75 09:50.892,0,0,0,0,67301,0,0,0,N,0,0,0,2,67301,0,,1,9,,N,N,,0,,0,0,1,3,2,,1025,0,2,0,0,0,0,0,3,4,0,2,98,,N,,,,,,,,,,,
2009111861,1630.0,1,0,0,0,0,0,0,0,0,2,0,,67,10,2009,5,39.9731,-75.2004,1625.0,6,0,0,0,0,0,0,0,0,,0,0,0,16,1,1,0,,0,39 58:23.199,,0,75 12:01.486,8,0,0,1,67301,0,0,0,N,0,0,0,1,67301,0,,4,1,,N,N,,0,,0,0,0,0,0,,1625,1,2,0,0,0,1,0,3,4,0,2,3,,N,,,,,,,,,,,
2009044858,1503.0,1,0,0,0,0,0,0,0,0,4,0,,67,3,2009,4,40.0288,-75.1322,1458.0,6,0,0,0,1,0,0,0,0,1.0,0,0,0,14,1,0,1,,2,40 01:43.550,2.0,0,75 07:55.833,0,0,0,1,67301,0,0,0,N,0,0,0,2,67301,0,,1,1,,N,N,,0,,0,0,0,3,2,Y,1453,0,2,0,0,0,0,0,3,4,0,2,3,,N,,,,,,,,,,,
2009037466,2215.0,3,0,0,0,0,0,0,0,0,1,0,,67,2,2009,2,40.0219,-75.1395,2208.0,6,0,0,0,0,0,2,0,0,2.0,0,0,0,22,3,1,1,,1,40 01:18.103,1.0,0,75 08:23.224,4,0,0,0,67301,0,0,0,,0,0,0,4,67301,1,,1,1,,,,,0,,0,0,0,0,0,N,2208,1,3,0,0,0,0,0,3,4,0,3,3,,N,,,,,,,,,,,
2009037491,2016.0,2,0,0,0,0,0,0,0,0,4,0,,67,3,2009,7,39.9834,-75.2432,2011.0,6,0,0,1,0,0,1,0,0,,0,0,0,19,3,7,2,,0,39 59:00.119,,0,75 14:35.451,8,0,0,0,67301,0,0,0,N,0,0,0,7,67301,0,,1,1,,N,N,,0,,0,0,0,0,0,,1950,7,2,0,0,0,7,0,3,4,0,2,3,,N,,,,,,,,,,,
2009049742,1530.0,3,0,0,0,0,0,0,0,0,4,0,,67,4,2009,5,39.9515,-75.1567,1530.0,6,0,0,0,0,1,0,0,0,,0,0,0,15,1,1,1,,0,39 57:05.568,,0,75 09:24.144,8,0,0,0,67301,0,0,0,N,0,0,0,5,67301,0,,1,1,,N,N,,0,,0,0,0,3,2,,1530,1,3,0,0,0,1,0,3,4,0,3,3,,N,,,,,,,,,,,
2009039423,1022.0,1,0,0,0,0,0,0,0,0,8,0,,67,2,2009,5,40.0116,-75.1821,1019.0,6,0,0,0,0,0,0,0,0,,0,0,0,10,1,1,2,,0,40 00:41.288,,0,75 10:55.657,4,0,0,0,67301,1,0,0,,1,0,0,2,67301,1,,1,1,,,,,0,,0,0,0,3,2,,1016,1,2,0,0,0,0,0,3,4,0,1,3,,N,,,,,,,,,,,
2009039673,1008.0,1,0,0,0,0,0,0,0,0,8,0,,67,2,2009,7,40.0394,-75.1096,1002.0,6,0,0,0,0,0,0,0,0,,0,0,0,10,1,1,0,,0,40 02:21.916,,7,75 06:34.534,4,0,0,0,67301,1,0,0,,1,0,0,2,67301,1,,1,1,,N,N,,0,,0,0,0,3,2,,1000,1,2,0,0,0,0,0,3,4,0,1,3,,N,,,,,,,,,,,
2009029759,2220.0,1,0,0,0,0,0,0,0,0,7,0,,67,1,2009,7,40.0199,-75.1452,2203.0,6,0,0,0,0,0,0,0,0,,0,0,0,21,3,0,0,,0,40 01:11.531,,0,75 08:43.221,9,0,0,0,67301,0,0,0,,0,0,0,3,67301,0,,4,1,,,,,0,,0,0,0,0,0,,2157,0,1,0,0,0,0,1,3,4,0,1,3,,N,,,,,,,,,,,
2009039099,2039.0,2,0,0,0,0,0,0,0,0,1,0,,67,1,2009,4,40.0085,-75.2107,2026.0,6,0,0,0,0,0,0,0,0,,0,0,0,18,3,1,5,,0,40 00:26.935,,0,75 12:46.465,4,0,0,0,67301,0,0,0,N,0,0,0,2,67301,1,,1,1,,N,N,,0,,0,0,0,3,2,,1815,1,2,0,0,0,0,0,3,4,0,2,3,,N,,,,,,,,,,,
2009039246,1003.0,2,0,0,0,0,0,0,0,0,6,0,,67,2,2009,5,39.9726,-75.2178,1003.0,6,0,0,0,0,0,0,0,0,,0,0,0,10,1,2,1,,0,39 58:21.476,,0,75 13:03.993,4,0,0,0,67301,0,0,0,,0,0,0,2,67301,1,,1,1,,,,,0,,0,0,0,3,2,,1003,2,2,0,0,0,1,0,3,4,0,2,3,,N,,,,,,,,,,,
2009039292,1137.0,0,0,0,0,0,0,0,0,0,1,0,,67,2,2009,4,39.9555,-75.2136,1125.0,6,0,0,0,0,0,1,0,0,,0,0,0,11,1,1,1,,0,39 57:19.762,,0,75 12:48.923,8,0,0,0,67301,0,0,0,,0,0,0,3,67301,0,,1,2,,N,N,,0,,0,0,1,3,2,,1125,1,2,0,0,0,1,0,3,4,1,2,10,,N,,,,,,,,,,,
2009036890,835.0,1,0,0,0,0,0,0,0,0,4,0,,67,3,2009,2,40.0204,-75.1544,825.0,6,0,0,0,0,0,0,0,0,1.0,0,0,0,8,1,0,0,,1,40 01:13.509,2.0,0,75 09:15.991,0,0,0,0,67301,0,0,0,N,0,0,0,2,67301,0,,1,6,,N,N,,0,,0,0,1,0,0,N,820,0,2,0,0,0,0,0,3,4,0,2,10,,N,,,,,,,,,,,
2009036956,1815.0,2,0,0,0,0,0,0,0,0,4,0,,67,3,2009,2,40.0358,-75.0641,1803.0,6,0,0,0,0,0,1,0,0,1.0,0,0,0,18,1,0,1,,1,40 02:08.880,1.0,0,75 03:50.760,0,0,0,0,67301,0,0,0,N,0,0,0,5,67301,0,,1,1,,N,N,,0,,0,0,0,3,3,N,1800,0,2,0,0,0,0,0,3,4,0,2,3,,N,,,,,,,,,,,
2009036980,1053.0,1,0,0,0,0,0,0,0,0,4,0,,67,3,2009,7,40.0275,-75.0624,1053.0,6,0,0,0,0,0,0,0,0,1.0,0,0,0,10,1,2,1,,2,40 01:38.784,3.0,0,75 03:44.999,4,0,0,0,67301,0,0,0,,0,0,0,2,67301,2,,1,1,,N,N,,1,,0,0,0,3,2,Y,1051,2,2,0,0,0,0,0,3,4,0,2,3,,N,,,,,,,,,,,
2009044420,1501.0,1,0,0,0,0,0,0,0,0,1,0,,67,3,2009,7,39.9793,-75.1375,1458.0,6,0,0,0,0,0,0,0,0,,0,0,0,14,1,1,0,,0,39 58:45.505,,0,75 08:14.845,4,0,0,1,67301,0,0,0,N,0,0,0,4,67301,1,,1,1,,N,N,,0,,0,0,0,3,2,,1458,1,2,0,0,2,0,0,3,4,0,2,3,,N,,,,,,,,,,,
2009124470,2119.0,2,0,0,0,0,0,0,0,0,4,0,,67,11,2009,5,40.0808,-75.0286,2114.0,6,0,0,0,0,0,0,0,0,,0,0,0,21,3,1,1,,0,40 04:50.725,,0,75 01:42.964,4,0,0,0,67301,0,0,0,N,0,0,0,2,67301,1,,1,9,,N,N,,0,,0,0,0,3,2,,2114,1,2,0,0,0,0,0,3,4,0,2,7,,N,,,,,,,,,,,
2009131678,2206.0,0,0,0,0,0,0,0,0,0,7,0,,67,12,2009,5,40.0016,-75.195,2154.0,6,0,0,0,0,0,0,1,0,1.0,0,0,0,21,3,0,0,,1,40 00:06.101,3.0,0,75 11:41.818,9,0,0,0,67301,0,0,0,N,0,0,0,1,68K01,0,,4,1,,N,N,,0,,0,0,1,0,0,N,2148,0,1,0,0,0,0,1,3,4,0,1,3,,N,,,,,,,,,,,
2009097037,1341.0,1,0,0,0,0,0,0,0,0,7,0,,67,8,2009,7,,,1341.0,6,0,0,0,0,0,0,0,0,,0,0,0,13,1,1,0,,0,,,2,,8,0,0,0,67301,0,0,0,N,0,0,0,5,67501,0,,1,1,,N,N,,0,,0,0,0,0,0,,1341,1,1,0,0,0,1,0,3,3,0,1,3,,N,,,,,,,,,,,
2009097125,1810.0,3,0,0,0,0,0,0,0,0,4,0,,67,9,2009,6,40.0436,-75.1845,1804.0,6,0,0,0,0,0,0,0,0,1.0,0,0,0,17,1,0,2,,1,40 02:37.075,2.0,0,75 11:04.361,0,0,0,0,67301,0,0,0,N,0,0,0,2,67301,0,,1,1,,N,N,,0,,0,0,1,3,2,N,1758,0,4,0,0,2,0,0,3,4,0,4,3,,N,,,,,,,,,,,
2009097148,1420.0,0,0,0,0,0,0,0,0,0,8,0,,67,9,2009,4,39.9549,-75.1837,1323.0,6,0,0,0,0,0,0,0,0,,0,0,0,13,1,1,0,,0,39 57:17.695,,0,75 11:03.032,8,0,0,0,67301,1,0,0,N,1,0,0,2,67301,0,,1,1,,N,N,,1,,0,0,0,0,0,,1300,1,2,0,0,0,1,0,3,4,0,1,3,,N,,,,,,,,,,,
2009124277,2001.0,1,0,0,0,0,0,0,0,0,1,0,,67,11,2009,6,39.9249,-75.1642,1957.0,6,0,0,0,0,0,0,0,0,1.0,0,0,0,19,3,5,1,,2,39 55:29.719,1.0,0,75 09:51.101,4,0,0,0,67301,0,0,0,N,0,0,0,6,67301,5,,1,9,,N,N,,0,,0,0,1,3,3,Y,1950,5,2,0,0,0,0,0,3,4,0,2,7,,N,,,,,,,,,,,
2009054983,850.0,3,0,0,0,0,0,1,0,0,1,1,45.0,67,5,2009,3,39.9412,-75.1949,844.0,6,0,0,0,0,0,1,0,1,1.0,0,0,0,8,1,1,0,,1,39 56:33.389,3.0,3,75 11:36.629,4,0,0,0,67301,0,0,0,N,0,0,0,5,68K01,1,,1,1,,Y,N,,0,,0,0,0,0,0,N,841,1,4,0,0,0,0,0,3,4,0,4,3,,Y,4.0,1.0,Y,N,N,N,Y,N,N,Y,
2009096838,1825.0,1,0,0,0,0,0,0,0,0,4,1,,67,9,2009,4,40.063,-75.0549,1818.0,6,0,0,0,0,0,1,0,0,,0,1,0,18,4,2,1,,0,40 03:46.848,,0,75 03:18.044,8,0,0,0,67301,0,0,0,N,0,0,0,3,67301,0,,1,9,,N,N,,0,,0,0,0,3,3,,1816,2,2,0,0,0,2,0,3,4,0,2,7,,N,,,,,,,,,,,
2009030792,2116.0,0,0,0,0,0,0,0,0,0,7,0,,67,1,2009,1,40.0548,-75.1988,2116.0,6,0,0,0,0,0,0,0,0,,0,0,0,20,3,0,0,,0,40 03:17.230,,0,75 11:55.694,0,0,0,0,67301,0,0,0,N,0,0,0,3,67301,0,,2,2,,N,N,,0,,0,0,1,0,0,,2046,0,1,0,0,0,0,0,3,4,0,1,10,,N,,,,,,,,,,,
2009025600,1217.0,1,0,0,0,0,0,0,0,0,4,0,,67,1,2009,6,40.009,-75.0899,1214.0,6,0,0,0,0,0,0,0,0,1.0,0,0,0,12,1,1,0,,1,40 00:32.415,1.0,0,75 05:23.737,8,0,0,0,67301,0,0,0,N,0,0,0,3,67301,0,,1,1,,N,N,,0,,0,0,1,0,0,N,1210,1,2,0,0,0,1,0,3,4,0,2,3,,N,,,,,,,,,,,
2009025378,1930.0,1,0,0,0,0,0,0,0,0,8,0,,67,1,2009,2,40.0507,-75.1733,1926.0,6,0,0,0,0,0,1,0,0,,0,0,0,19,3,1,1,,0,40 03:02.401,,0,75 10:23.780,4,0,0,0,67301,1,0,0,,1,0,0,2,67301,1,,1,1,,,,,0,,0,0,0,3,2,,1920,1,2,0,0,0,0,0,3,4,0,1,3,,N,,,,,,,,,,,
2009099299,614.0,1,0,0,0,0,0,0,0,0,7,0,,67,9,2009,4,39.9902,-75.2055,612.0,6,0,0,0,0,0,0,0,0,,0,0,0,6,3,0,0,,0,39 59:27.240,,0,75 12:15.840,0,0,0,0,67301,0,0,0,N,0,0,0,2,68K01,0,,3,1,,N,N,,1,,0,0,0,0,0,,609,0,2,0,0,0,0,0,3,4,0,2,3,,N,,,,,,,,,,,
2009109615,32.0,2,0,0,0,0,0,0,0,0,1,0,,67,10,2009,5,39.9569,-75.1528,28.0,6,0,0,0,0,0,0,0,0,2.0,0,0,0,0,3,0,0,,1,39 57:24.970,3.0,0,75 09:10.044,0,0,0,0,67301,0,0,0,N,0,0,0,3,68K01,0,,1,1,,N,N,,0,,0,0,0,0,0,N,26,0,2,0,0,0,0,0,3,4,0,2,3,,N,,,,,,,,,,,
2009125193,450.0,2,0,0,0,0,0,0,0,0,4,0,,67,11,2009,1,40.0218,-75.0629,448.0,6,0,0,0,0,0,0,0,0,,0,0,0,2,3,1,1,,0,40 01:18.422,,0,75 03:46.457,8,0,0,0,67301,0,0,0,N,0,0,0,6,67301,0,,1,1,,N,N,,0,,0,0,0,3,3,,200,1,2,0,0,0,1,0,3,4,0,2,3,,N,,,,,,,,,,,
2009122740,1841.0,2,0,0,0,0,0,0,0,0,1,0,,67,11,2009,1,39.957,-75.1555,1831.0,6,0,0,0,0,0,0,0,0,,0,0,0,18,3,1,0,,0,39 57:25.309,,0,75 09:19.888,4,0,0,0,67301,0,0,0,N,0,0,0,2,68K01,1,,1,1,,N,N,,0,,0,0,0,0,0,,1830,1,2,0,0,0,0,0,3,4,0,2,3,,N,,,,,,,,,,,
2009125222,1030.0,1,0,0,0,0,0,0,0,0,4,0,,67,11,2009,4,40.0135,-75.0691,1030.0,6,0,0,0,0,0,0,0,0,1.0,0,0,0,10,1,0,1,,1,40 00:48.504,2.0,0,75 04:08.695,0,0,0,0,67301,0,0,0,N,0,0,0,2,67301,0,,1,1,,N,N,,0,,0,0,1,0,0,Y,1020,0,2,0,0,0,0,0,3,4,0,2,3,,N,,,,,,,,,,,
2009125252,1550.0,1,0,0,0,0,0,0,0,0,4,0,,67,11,2009,4,40.0143,-75.1781,1545.0,6,0,0,0,0,0,0,1,0,,0,0,0,15,1,0,1,,0,40 00:51.570,,0,75 10:41.163,9,0,0,0,67301,0,0,0,N,0,0,0,3,67301,0,,1,1,,N,N,,0,,0,0,1,3,2,,1500,0,2,0,0,0,0,1,3,4,0,2,3,,N,,,,,,,,,,,
2009120395,9999.0,0,0,0,0,0,0,0,0,0,0,0,,67,10,2009,4,40.0162,-75.2046,1250.0,6,0,0,0,0,1,0,0,0,,0,0,0,12,1,1,7,,0,40 00:58.180,,2,75 12:16.051,4,0,0,0,67301,0,0,0,,0,0,0,1,67301,1,,7,9,,,,,0,,0,0,0,0,0,,1240,1,1,0,0,0,0,0,3,4,1,1,7,,N,,,,,,,,,,,
2009026821,1640.0,1,0,0,0,0,0,0,0,0,6,0,,67,1,2009,2,39.9972,-75.2045,1620.0,6,0,0,0,0,0,0,0,1,,0,0,0,14,1,1,0,,0,39 59:49.946,,0,75 12:16.198,4,0,0,0,67301,0,0,0,N,0,0,0,4,67301,1,,1,1,,N,N,,1,,0,0,0,0,0,,1415,1,2,0,0,0,0,2,3,4,0,2,3,,N,,,,,,,,,,,
2009044793,2112.0,1,0,0,0,0,0,0,0,0,7,0,,67,4,2009,7,39.9328,-75.2002,2103.0,6,0,0,0,0,0,0,0,0,,0,0,0,21,3,1,0,,0,39 55:55.560,,0,75 12:00.360,4,0,0,0,67301,0,0,0,N,0,0,0,2,68K01,1,,7,9,,N,N,,0,,0,0,0,0,0,,2101,1,1,0,0,0,0,0,3,4,0,1,3,,N,,,,,,,,,,,
2009044366,1043.0,0,0,0,0,0,0,0,0,0,1,0,,67,3,2009,4,40.0406,-75.1444,1041.0,6,0,0,0,0,0,1,0,0,,0,0,0,10,1,1,0,,0,40 02:26.208,,0,75 08:39.829,8,0,0,0,67301,0,0,0,N,0,0,0,1,67301,0,,6,1,,N,N,,0,,0,0,2,3,2,,1035,1,3,0,0,0,1,0,3,4,1,3,3,,N,,,,,,,,,,,
2009044389,717.0,3,0,0,0,0,0,0,0,0,4,0,,67,3,2009,6,40.0001,-75.1533,715.0,6,0,0,0,0,0,0,0,0,,0,0,0,7,1,3,0,,0,40 00:00.359,,0,75 09:11.703,4,0,0,0,67301,0,0,0,,0,0,0,3,67301,3,,1,1,,N,N,,0,,0,0,0,0,0,,710,3,3,0,0,0,0,0,3,4,0,3,3,,N,,,,,,,,,,,
2009044402,1326.0,0,0,0,0,0,0,0,0,0,8,0,,67,3,2009,3,39.951,-75.1654,1250.0,6,0,0,0,0,0,1,0,0,,0,0,0,12,1,1,1,,0,39 57:03.770,,0,75 09:55.537,4,0,0,0,67301,1,0,0,,1,0,0,3,67301,1,,1,2,,N,N,,1,,0,0,0,3,2,,1250,1,2,0,0,0,0,0,3,4,0,1,10,,N,,,,,,,,,,,
2009044405,9999.0,1,0,0,0,0,0,0,0,0,7,0,,67,3,2009,1,40.0312,-75.1779,344.0,6,0,0,0,0,0,0,0,0,2.0,0,0,0,3,3,0,0,,2,40 01:52.287,5.0,0,75 10:40.572,0,0,0,0,67301,0,0,0,N,0,0,0,1,67301,0,,2,1,,N,N,,0,,0,0,0,0,0,Y,335,0,1,0,0,0,0,0,3,4,0,1,3,,N,,,,,,,,,,,
2009037504,1623.0,1,0,0,0,0,0,0,0,0,4,0,,67,3,2009,3,40.0339,-75.1609,1615.0,6,0,0,0,0,0,0,0,0,,0,0,0,15,1,2,1,,0,40 02:02.004,,0,75 09:39.157,3,0,0,0,67301,0,0,0,,0,0,0,3,67301,0,,1,9,,N,N,,0,,2,0,1,3,3,,1531,2,2,0,0,0,0,1,3,4,0,2,10,,N,,,,,,,,,,,
2009037515,242.0,1,0,0,0,0,0,0,0,0,6,0,,67,2,2009,7,40.0026,-75.0645,235.0,6,0,0,1,0,0,0,0,0,,0,0,0,99,3,0,0,,0,40 00:09.483,,0,75 03:52.339,0,0,0,0,67301,0,0,0,,0,0,0,1,67301,0,,6,1,,N,N,,0,,0,0,1,0,0,,9999,0,2,0,0,0,0,0,3,4,0,2,3,,N,,,,,,,,,,,
2009039410,1025.0,2,0,0,0,0,0,0,0,0,1,0,,67,2,2009,5,40.0183,-75.0986,1018.0,6,0,0,0,0,0,1,0,0,,0,0,0,10,1,1,0,,0,40 01:05.862,,0,75 05:54.837,4,0,0,0,67301,0,0,0,N,0,0,0,2,67301,1,,1,1,,N,N,,0,,0,0,0,0,0,,1015,1,2,0,0,0,0,0,3,4,0,2,3,,N,,,,,,,,,,,
2009037095,734.0,1,0,0,0,0,0,1,0,0,1,1,,67,2,2009,3,39.9374,-75.163,732.0,6,0,0,0,0,0,0,0,0,,0,0,0,7,1,0,1,,0,39 56:14.629,,0,75 09:46.969,0,0,0,0,67301,0,0,0,,0,0,0,2,67301,0,,1,1,,,,,0,,0,0,0,3,2,,732,0,2,0,0,0,0,0,3,4,0,2,3,,N,,,,,,,,,,,
2009039726,1605.0,0,0,0,0,0,0,0,0,0,4,0,,67,2,2009,7,40.0542,-75.0714,1600.0,6,0,0,0,0,1,0,0,0,,0,0,0,15,1,1,0,,0,40 03:15.160,,0,75 04:17.079,8,0,0,0,67301,0,0,0,,0,0,0,3,67301,0,,1,1,,,,,0,,0,0,2,3,2,,1525,1,2,0,0,0,1,1,3,4,0,2,3,,N,,,,,,,,,,,
2009039754,938.0,2,0,0,0,0,0,0,0,0,4,0,,67,2,2009,5,39.9383,-75.1986,925.0,6,0,0,0,0,0,1,0,0,,0,0,0,9,1,1,1,,0,39 56:18.879,,0,75 11:54.440,4,0,0,0,67301,0,0,0,N,0,0,0,3,67301,1,,1,1,,N,N,,0,,0,0,0,9,2,,915,1,2,0,0,3,0,0,3,4,0,2,3,,N,,,,,,,,,,,
2009037395,2111.0,2,0,0,0,0,0,0,0,0,1,0,,67,3,2009,5,40.0345,-75.1149,2107.0,6,0,0,0,0,0,1,0,0,1.0,0,0,0,99,3,1,1,,1,40 02:04.023,1.0,0,75 06:53.623,4,0,0,0,67301,0,0,0,N,0,0,0,2,67301,1,,1,1,,N,N,,0,,0,0,0,3,2,Y,9999,1,2,0,0,0,0,0,3,4,0,2,3,,N,,,,,,,,,,,
2009032207,741.0,2,0,0,0,0,0,0,0,0,1,0,,67,3,2009,4,40.0037,-75.1953,721.0,6,0,0,0,0,0,1,0,0,,0,0,0,7,1,0,0,,0,40 00:12.240,,0,75 11:42.720,0,0,0,0,67301,0,0,0,N,0,0,0,2,68K01,0,,1,1,,N,N,,0,,0,0,0,0,0,,719,0,2,0,0,0,0,0,3,4,0,2,3,,N,,,,,,,,,,,
2009026885,1700.0,2,0,0,0,0,0,0,0,0,4,0,,67,1,2009,3,40.0142,-75.1286,1657.0,6,0,0,0,0,0,0,0,0,,0,0,0,99,3,2,2,,0,40 00:51.091,,0,75 07:42.974,3,0,0,0,67301,0,0,0,,0,0,0,4,67301,0,,1,9,,N,N,,0,,2,0,0,3,3,,9999,2,2,0,0,0,0,0,3,4,0,2,7,,N,,,,,,,,,,,
2009026888,1530.0,1,0,0,0,0,0,0,0,0,8,0,,67,1,2009,6,40.0408,-75.1276,1440.0,6,0,0,0,0,0,0,0,0,,0,0,0,14,1,1,1,,0,40 02:26.872,,0,75 07:39.500,4,0,0,0,67301,1,0,0,N,1,0,0,3,67301,1,,1,1,,N,N,,0,,0,0,0,3,3,,1420,1,2,0,0,0,0,0,3,4,0,1,3,,N,,,,,,,,,,,