CRN,ARRIVAL_TM,AUTOMOBILE_COUNT,BELTED_DEATH_COUNT,BELTED_SUSP_SERIOUS_INJ_COUNT,BICYCLE_COUNT,BICYCLE_DEATH_COUNT,BICYCLE_SUSP_SERIOUS_INJ_COUNT,BUS_COUNT,CHLDPAS_DEATH_COUNT,CHLDPAS_SUSP_SERIOUS_INJ_COUNT,COLLISION_TYPE,COMM_VEH_COUNT,CONS_ZONE_SPD_LIM,COUNTY,CRASH_MONTH,CRASH_YEAR,DAY_OF_WEEK,DEC_LAT,DEC_LONG,DISPATCH_TM,DISTRICT,DRIVER_COUNT_16YR,DRIVER_COUNT_17YR,DRIVER_COUNT_18YR,DRIVER_COUNT_19YR,DRIVER_COUNT_20YR,DRIVER_COUNT_50_64YR,DRIVER_COUNT_65_74YR,DRIVER_COUNT_75PLUS,EST_HRS_CLOSED,FATAL_COUNT,HEAVY_TRUCK_COUNT,HORSE_BUGGY_COUNT,HOUR_OF_DAY,ILLUMINATION,INJURY_COUNT,INTERSECT_TYPE,INTERSECTION_RELATED,LANE_CLOSED,LATITUDE,LN_CLOSE_DIR,LOCATION_TYPE,LONGITUDE,MAX_SEVERITY_LEVEL,MCYCLE_DEATH_COUNT,MCYCLE_SUSP_SERIOUS_INJ_COUNT,MOTORCYCLE_COUNT,MUNICIPALITY,NONMOTR_COUNT,NONMOTR_DEATH_COUNT,NONMOTR_SUSP_SERIOUS_INJ_COUNT,NTFY_HIWY_MAINT,PED_COUNT,PED_DEATH_COUNT,PED_SUSP_SERIOUS_INJ_COUNT,PERSON_COUNT,POLICE_AGCY,POSSIBLE_INJ_COUNT,RDWY_SURF_TYPE_CD,RELATION_TO_ROAD,ROAD_CONDITION,ROADWAY_CLEARED,SCH_BUS_IND,SCH_ZONE_IND,SECONDARY_CRASH,SMALL_TRUCK_COUNT,SPEC_JURIS_CD,SUSP_MINOR_INJ_COUNT,SUSP_SERIOUS_INJ_COUNT,SUV_COUNT,TCD_FUNC_CD,TCD_TYPE,TFC_DETOUR_IND,TIME_OF_DAY,TOT_INJ_COUNT,TOTAL_UNITS,UNB_DEATH_COUNT,UNB_SUSP_SERIOUS_INJ_COUNT,UNBELTED_OCC_COUNT,UNK_INJ_DEG_COUNT,UNK_INJ_PER_COUNT,URBAN_AREA,URBAN_RURAL,VAN_COUNT,VEHICLE_COUNT,WEATHER1,WEATHER2,WORK_ZONE_IND,WORK_ZONE_LOC,WORK_ZONE_TYPE,WORKERS_PRES,WZ_CLOSE_DETOUR,WZ_FLAGGER,WZ_LAW_OFFCR_IND,WZ_LN_CLOSURE,WZ_MOVING,WZ_OTHER,WZ_SHLDER_MDN,WZ_WORKERS_INJ_KILLED
2009036948,1055.0,1,0,0,0,0,0,0,0,0,8,0,,67,3,2009,6,39.9915,-75.1226,1034.0,6,0,0,0,0,0,0,0,0,,0,0,0,10,1,1,5,,0,39 59:29.295,,0,75 07:21.395,4,0,0,0,67301,1,0,0,N,1,0,0,2,67301,1,,1,1,,N,N,,0,,0,0,0,3,2,,1033,1,2,0,0,0,0,0,3,4,0,1,3,,N,,,,,,,,,,,
2009036974,1020.0,1,0,0,0,0,0,0,0,0,1,0,,67,2,2009,7,39.9687,-75.2339,1012.0,6,0,0,0,0,0,1,1,0,,0,0,0,9,1,2,1,,0,39 58:07.273,,0,75 14:01.917,8,0,0,0,67301,0,0,0,N,0,0,0,3,67301,0,,1,1,,N,N,,1,,0,0,0,3,2,,945,2,2,0,0,0,2,0,3,4,0,2,3,,N,,,,,,,,,,,
2009049574,2135.0,1,0,0,0,0,0,0,0,0,8,0,,67,4,2009,5,40.0045,-75.1395,2130.0,6,0,0,0,0,0,0,0,0,,0,0,0,99,3,1,1,,0,40 00:16.358,,0,75 08:22.210,3,0,0,0,67301,1,0,0,N,1,0,0,2,67301,0,,9,1,,N,N,,0,,1,0,0,3,2,,9999,1,2,0,0,0,0,1,3,4,0,1,3,,N,,,,,,,,,,,
2009044484,237.0,2,0,0,0,0,0,0,0,0,7,0,,67,3,2009,7,40.0621,-75.1839,232.0,6,0,0,0,0,0,0,0,0,,0,0,0,2,3,0,2,,0,40 03:43.434,,0,75 11:02.122,0,0,0,0,67301,0,0,0,,0,0,0,1,67301,0,,5,1,,N,N,,0,,0,0,0,0,0,,232,0,2,0,0,0,0,0,3,4,0,2,3,,N,,,,,,,,,,,
2009070622,141.0,1,0,0,0,0,0,0,0,0,7,0,,67,6,2009,1,39.9835,-75.0975,131.0,6,0,0,0,0,0,0,0,0,1.0,0,0,0,1,3,0,0,,1,39 59:00.966,1.0,0,75 05:50.425,0,0,0,0,67301,0,0,0,N,0,0,0,2,68K01,0,,2,1,,N,N,,0,,0,0,0,0,0,N,129,0,1,0,0,0,0,0,3,4,0,1,3,,N,,,,,,,,,,,
2009073202,750.0,1,0,0,0,0,0,0,0,0,4,0,,67,6,2009,5,40.0336,-75.1879,730.0,6,0,0,0,0,0,0,0,0,1.0,0,0,0,7,1,2,0,,1,40 02:00.948,1.0,0,75 11:16.561,4,0,0,0,67301,0,0,0,N,0,0,0,2,67301,2,,1,9,,N,N,,0,,0,0,1,0,0,N,730,2,2,0,0,0,0,0,3,4,0,2,7,,N,,,,,,,,,,,
2009126991,1817.0,3,0,0,0,0,0,0,0,0,1,0,,67,11,2009,3,40.0303,-75.1318,1817.0,6,0,1,0,0,0,0,0,0,,0,0,0,17,3,4,1,,0,40 01:49.177,,0,75 07:54.609,4,0,0,0,67301,0,0,0,,0,0,0,6,67301,4,,1,1,,,,,0,,0,0,0,3,2,,1744,4,3,0,0,4,0,0,3,4,0,3,3,,N,,,,,,,,,,,
2009097169,837.0,2,0,0,0,0,0,0,0,0,4,0,,67,9,2009,3,40.0703,-75.0537,832.0,6,0,0,0,0,0,0,1,0,,0,0,0,8,1,1,1,,0,40 04:12.939,,0,75 03:13.291,3,0,0,0,67301,0,0,0,N,0,0,0,2,67301,0,,1,1,,N,N,,0,,1,0,0,3,3,,832,1,2,0,0,0,0,0,3,4,0,2,3,,N,,,,,,,,,,,
2009094258,843.0,1,0,0,0,0,0,0,0,0,4,0,,67,8,2009,5,40.0325,-75.1242,840.0,6,0,0,0,0,0,0,0,0,,0,0,0,8,1,1,1,,0,40 01:57.154,,0,75 07:27.076,4,0,0,0,67301,0,0,0,N,0,0,0,2,67301,1,,1,1,,N,N,,0,,0,0,1,3,2,,820,1,2,0,0,0,0,0,3,4,0,2,3,,N,,,,,,,,,,,
2009094263,9999.0,2,0,0,0,0,0,0,0,0,4,0,,67,8,2009,1,40.0086,-75.0688,1622.0,6,0,0,0,0,0,0,0,1,,0,0,0,99,1,1,1,,0,40 00:31.249,,0,75 04:07.877,4,0,0,0,67301,0,0,0,N,0,0,0,2,67301,1,,1,1,,N,N,,0,,0,0,0,3,2,,9999,1,2,0,0,0,0,0,3,4,0,2,3,,N,,,,,,,,,,,
2009124314,335.0,2,0,0,0,0,0,0,0,0,2,0,,67,11,2009,7,40.0564,-75.0128,330.0,6,0,0,1,0,0,0,0,0,,0,0,0,3,3,0,1,,0,40 03:23.098,,0,75 00:46.082,0,0,0,0,67301,0,0,0,N,0,0,0,5,67301,0,,1,9,,N,N,,0,,0,0,0,3,2,,330,0,2,0,0,1,0,0,3,4,0,2,7,,N,,,,,,,,,,,
2009083726,1151.0,0,0,0,0,0,0,0,0,0,7,0,,67,7,2009,7,39.9743,-75.1398,1150.0,6,0,0,0,0,0,0,0,0,1.0,0,0,0,11,1,0,0,,2,39 58:27.307,1.0,0,75 08:23.424,0,0,0,0,67301,0,0,0,,0,0,0,2,67301,0,,5,1,,,,,0,,0,0,1,0,0,N,1141,0,1,0,0,0,0,0,3,4,0,1,3,,N,,,,,,,,,,,
2009083758,1905.0,2,0,0,0,0,0,0,0,0,1,0,,67,7,2009,4,40.1025,-75.0287,1902.0,6,0,0,0,0,0,0,0,0,,0,0,0,18,1,1,0,,0,40 06:09.001,,0,75 01:43.426,8,0,0,0,67301,0,0,0,N,0,0,0,2,67301,0,,1,9,,N,N,,0,,0,0,0,3,2,,1858,1,2,0,0,0,1,0,3,4,0,2,7,,N,,,,,,,,,,,
2009083842,1448.0,4,0,0,0,0,0,0,0,0,4,0,,67,7,2009,2,40.0214,-75.1818,1442.0,6,0,0,0,0,0,0,0,0,,0,0,0,99,3,3,0,,0,40 01:17.200,,0,75 10:54.588,8,0,0,0,67301,0,0,0,N,0,0,0,3,67301,0,,6,1,,N,N,,0,,0,0,0,0,0,,9999,3,4,0,0,0,3,0,3,4,0,4,3,,N,,,,,,,,,,,
2009065477,2330.0,2,0,0,0,0,0,0,0,0,1,0,,67,5,2009,7,39.9986,-75.1169,2329.0,6,0,0,0,0,0,0,0,0,,0,0,0,22,3,1,1,,0,39 59:54.812,,0,75 07:00.771,8,0,0,0,67301,0,0,0,N,0,0,0,5,67301,0,,1,1,,N,,,0,,0,0,0,9,9,,2233,1,2,0,0,1,1,0,3,4,0,2,3,,N,,,,,,,,,,,
2009120523,9999.0,0,0,0,1,0,0,1,0,0,2,1,,67,10,2009,4,39.9869,-75.161,2050.0,6,0,0,0,0,0,1,0,0,,0,0,0,20,3,1,0,,0,39 59:12.889,,0,75 09:39.452,3,0,0,0,67301,1,0,0,,0,0,0,10,67301,0,,1,1,,N,N,,0,,1,0,0,0,0,,2050,1,2,0,0,0,0,0,3,4,0,1,3,,N,,,,,,,,,,,
2009120571,826.0,1,0,0,0,0,0,0,0,0,8,0,,67,10,2009,5,39.9689,-75.2316,822.0,6,0,0,0,0,0,0,0,0,,0,0,0,8,1,1,2,,0,39 58:08.083,,0,75 13:53.705,8,0,0,0,67301,1,0,0,N,1,0,0,2,67301,0,,1,1,,N,N,,0,,0,0,0,0,0,,816,1,2,0,0,0,1,0,3,4,0,1,3,,N,,,,,,,,,,,
2009100727,738.0,2,0,0,0,0,0,0,0,0,4,0,,67,9,2009,7,39.993,-75.1103,734.0,6,0,0,0,0,0,0,0,0,1.0,0,0,0,6,1,1,1,,1,39 59:34.736,3.0,0,75 06:36.857,4,0,0,0,67301,0,0,0,,0,0,0,2,67301,1,,1,9,,N,N,,0,,0,0,0,3,2,N,657,1,4,0,0,0,0,0,3,4,2,4,7,,N,,,,,,,,,,,
2009100733,1343.0,2,0,0,0,0,0,0,0,0,4,0,,67,9,2009,6,40.0329,-75.1067,1341.0,6,0,0,0,0,0,1,0,0,1.0,0,0,0,13,1,4,0,,1,40 01:56.951,6.0,7,75 06:22.308,8,0,0,0,67301,0,0,0,,0,0,0,5,67301,0,,1,9,,,,,1,,0,0,0,0,0,N,1330,4,3,0,0,0,4,0,3,4,0,3,7,,N,,,,,,,,,,,
2009100774,1232.0,2,0,0,0,0,0,0,0,0,4,0,,67,9,2009,6,40.0148,-75.1698,1230.0,6,0,0,0,0,0,0,0,1,1.0,0,0,0,12,1,1,0,,1,40 00:53.381,1.0,7,75 10:11.333,4,0,0,0,67301,0,0,0,,0,0,0,4,67301,1,,1,1,,,,,0,,0,0,1,0,0,Y,1225,1,3,0,0,0,0,0,3,4,0,3,3,,N,,,,,,,,,,,
2009033395,941.0,1,0,0,0,0,0,0,0,0,7,0,,67,3,2009,4,39.9991,-75.1953,929.0,6,0,0,0,0,1,0,0,0,1.0,0,0,0,9,1,0,0,,2,40 00:00.440,4.0,0,75 11:41.780,0,0,0,0,67301,0,0,0,N,0,0,0,1,68K01,0,,2,1,,N,N,,0,,0,0,0,0,0,N,923,0,1,0,0,0,0,0,3,4,0,1,3,,N,,,,,,,,,,,
2009033396,1445.0,1,0,0,0,0,0,0,0,0,5,1,,67,3,2009,4,39.9119,-75.1484,1435.0,6,0,0,0,0,0,1,0,0,,0,1,0,14,1,0,0,,0,39 54:47.991,,2,75 08:53.027,9,0,0,0,67301,0,0,0,N,0,0,0,2,68K01,0,,1,1,,N,N,,0,,0,0,0,0,0,,1430,0,2,0,0,0,0,1,3,4,0,2,3,,N,,,,,,,,,,,
2009025850,805.0,1,0,0,0,0,0,0,0,0,8,0,,67,1,2009,4,39.9844,-75.1544,757.0,6,0,0,0,0,0,0,0,0,,0,0,0,6,1,1,1,,0,39 59:03.796,,0,75 09:15.868,3,0,0,0,67301,1,0,0,N,1,0,0,2,67301,0,,1,9,,N,N,,0,,1,0,0,3,2,,631,1,2,0,0,0,0,0,3,4,0,1,7,,N,,,,,,,,,,,
2009025871,620.0,2,0,0,0,0,0,0,0,0,8,0,,67,1,2009,2,40.0333,-75.1067,615.0,6,0,0,0,0,0,1,0,0,,0,0,0,6,3,1,0,,0,40 02:00.036,,0,75 06:24.119,4,0,0,0,67301,1,0,0,,1,0,0,2,67301,1,,1,2,,N,N,,0,,0,0,0,0,0,,611,1,3,0,0,0,0,0,3,4,0,2,10,,N,,,,,,,,,,,
2009027578,2301.0,0,0,0,0,0,0,0,0,0,7,0,,67,3,2009,1,39.9606,-75.14,2301.0,6,0,0,0,0,0,0,0,0,1.0,0,0,0,22,3,0,0,,1,39 57:34.166,3.0,2,75 08:24.807,0,0,0,0,67301,0,0,0,N,0,0,0,3,68K01,0,,2,6,,N,N,,0,,0,0,0,0,0,N,2259,0,1,0,0,0,0,0,3,4,1,1,10,,N,,,,,,,,,,,
2009030171,750.0,1,0,0,0,0,0,0,0,0,7,0,,67,1,2009,5,40.1277,-75.0087,748.0,6,0,0,0,0,0,0,0,0,3.0,0,0,0,7,1,1,0,,2,40 07:39.774,5.0,0,75 00:31.176,4,0,0,0,67301,0,0,0,,0,0,0,1,67301,1,,5,2,,N,N,,0,,0,0,0,0,0,Y,747,1,1,0,0,0,0,0,3,4,0,1,3,,N,,,,,,,,,,,
2009033223,1830.0,1,0,0,0,0,0,0,0,0,1,0,,67,2,2009,5,39.9967,-75.1154,1805.0,6,0,0,0,0,0,0,0,0,,0,0,0,18,3,3,0,,0,39 59:48.167,,0,75 06:55.545,4,0,0,0,67301,0,0,0,,0,0,0,5,67301,3,,1,1,,,,,1,,0,0,0,0,0,,1800,3,3,0,0,0,0,0,3,4,1,3,3,,N,,,,,,,,,,,
2009030803,1212.0,1,0,0,0,0,0,0,0,0,4,0,,67,2,2009,1,40.0453,-75.1256,1209.0,6,0,0,0,0,0,0,1,0,,0,0,0,11,1,1,1,,0,40 02:42.928,,0,75 07:32.139,8,0,0,0,67301,0,0,0,N,0,0,0,5,67301,0,,1,1,,N,N,,0,,0,0,1,3,2,,1150,1,2,0,0,0,1,1,3,4,0,2,3,,N,,,,,,,,,,,
2009025601,1045.0,1,0,0,0,0,0,0,0,0,8,0,,67,1,2009,3,40.0329,-75.0864,1001.0,6,0,0,0,0,0,0,0,0,,0,0,0,8,1,1,1,,0,40 01:58.486,,0,75 05:11.194,4,0,0,0,67301,1,0,0,N,1,0,0,2,67301,1,,1,2,,N,N,,0,,0,0,0,9,2,,810,1,2,0,0,0,0,1,3,4,0,1,3,,N,,,,,,,,,,,
2009025883,2302.0,2,0,0,0,0,0,0,0,0,2,0,,67,1,2009,4,40.0475,-75.1428,2256.0,6,0,0,0,0,0,0,0,0,1.0,0,0,0,22,3,0,1,,2,40 02:50.961,2.0,0,75 08:34.014,0,0,0,0,67301,0,0,0,N,0,0,0,3,67301,0,,1,1,,N,N,,0,,0,0,1,3,2,Y,2245,0,3,0,0,0,0,0,3,4,0,3,3,,N,,,,,,,,,,,
2009025915,815.0,0,0,0,0,0,0,0,0,0,4,0,,67,1,2009,3,40.0137,-75.0973,805.0,6,0,0,0,0,0,0,0,0,,0,0,0,8,1,2,1,,0,40 00:49.805,,0,75 05:50.374,4,0,0,0,67301,0,0,0,,0,0,0,4,67301,2,,1,9,,,,,0,,0,0,1,3,2,,805,2,2,0,0,0,0,0,3,4,1,2,10,,N,,,,,,,,,,,
2009023231,240.0,2,0,0,0,0,0,0,0,0,1,0,,67,2,2009,3,39.9873,-75.09,238.0,6,0,0,0,1,0,0,0,0,1.0,0,0,0,2,3,1,0,,1,39 59:14.739,1.0,0,75 05:23.353,4,0,0,0,67301,0,0,0,N,0,0,0,2,68K01,1,,1,1,,N,N,,0,,0,0,0,0,0,N,234,1,2,0,0,0,0,0,3,4,0,2,3,,N,,,,,,,,,,,
2009020755,1846.0,1,0,0,0,0,0,0,0,0,1,0,,67,2,2009,5,39.9582,-75.1641,1827.0,6,0,0,0,0,0,0,0,0,,0,0,0,18,3,1,0,,0,39 57:29.377,,0,75 09:50.789,8,0,0,0,67301,0,0,0,N,0,0,0,2,68K01,0,,1,1,,N,N,,0,,0,0,1,0,0,,1822,1,2,0,0,0,1,1,3,4,0,2,3,,N,,,,,,,,,,,
2009038112,930.0,1,0,0,0,0,0,0,0,0,8,0,,67,3,2009,3,39.991,-75.1799,923.0,6,0,0,0,0,0,0,0,0,,0,0,0,9,1,1,1,,0,39 59:27.480,,0,75 10:47.635,4,0,0,0,67301,1,0,0,N,1,0,0,2,67301,1,,1,2,,N,N,,0,,0,0,0,3,2,,915,1,2,0,0,0,0,0,3,4,0,1,10,,N,,,,,,,,,,,
2009032897,957.0,2,0,0,0,0,0,0,0,0,1,0,,67,2,2009,4,39.9059,-75.1339,951.0,6,0,0,0,0,0,1,0,0,1.0,0,0,0,9,1,1,0,,2,39 54:21.298,3.0,0,75 08:02.118,3,0,0,0,67301,0,0,0,N,0,0,0,2,67501,0,,1,6,,N,N,,0,,1,0,0,0,0,N,954,1,2,0,0,0,0,0,3,4,0,2,3,,N,,,,,,,,,,,
2009030422,957.0,1,0,0,0,0,0,0,0,0,1,0,,67,1,2009,5,40.0976,-75.0304,955.0,6,0,0,0,0,0,1,0,0,,0,0,0,9,1,1,0,,0,40 05:50.555,,0,75 01:49.515,4,0,0,0,67301,0,0,0,,0,0,0,3,67301,1,,1,1,,,,,1,,0,0,0,0,0,,952,1,2,0,0,0,0,0,3,4,0,2,3,,N,,,,,,,,,,,
2009096778,1427.0,1,0,0,0,0,0,0,0,0,1,0,,67,9,2009,6,39.9622,-75.183,1415.0,6,0,0,1,0,0,1,0,0,,0,0,0,13,1,0,0,,0,39 57:43.189,,0,75 10:58.518,0,0,0,0,67301,0,0,0,N,0,0,0,4,68K01,0,,1,1,,N,N,,0,,0,0,1,0,0,,1350,0,2,0,0,0,0,0,3,4,0,2,3,,N,,,,,,,,,,,
2009125290,9999.0,1,0,0,0,0,0,0,0,0,8,0,,67,11,2009,4,40.0316,-75.1173,843.0,6,0,0,0,0,0,0,0,0,,0,0,0,99,3,1,1,,0,40 01:53.868,,0,75 07:02.148,3,0,0,0,67301,1,0,0,,1,0,0,2,67301,0,,1,9,,,,,0,,1,0,0,0,0,,9999,1,2,0,0,0,0,0,3,4,0,1,7,,N,,,,,,,,,,,
2009114453,1739.0,2,0,0,0,0,0,0,0,0,1,0,,67,11,2009,2,39.9005,-75.1566,1739.0,6,0,0,0,0,0,1,0,0,1.0,0,0,0,17,3,0,0,,1,39 54:02.513,2.0,0,75 09:18.201,9,0,0,0,67301,0,0,0,N,0,0,0,3,68K01,0,,1,1,,N,N,,1,,0,0,0,0,0,Y,1736,0,3,0,0,0,0,1,3,4,0,3,3,,N,,,,,,,,,,,
2009111716,900.0,2,0,0,0,0,0,0,0,0,4,0,,67,10,2009,6,40.0438,-75.1583,852.0,6,0,0,0,0,0,0,0,0,,0,0,0,7,1,3,2,,0,40 02:37.676,,0,75 09:29.851,4,0,0,0,67301,0,0,0,N,0,0,0,4,67301,1,,1,9,,N,N,,0,,0,0,0,3,3,,750,3,2,0,0,0,2,0,3,4,0,2,7,,N,,,,,,,,,,,
2009111767,1918.0,1,0,0,0,0,0,0,0,0,7,0,,67,10,2009,7,,,1915.0,6,0,0,0,0,0,0,0,0,1.0,0,0,0,19,3,1,0,,1,,1.0,0,,4,0,0,0,67301,0,0,0,N,0,0,0,1,67301,1,,5,1,,N,N,,0,,0,0,0,0,0,N,1915,1,1,0,0,0,0,0,3,3,0,1,3,,N,,,,,,,,,,,
2009109276,1133.0,1,0,0,0,0,0,0,0,0,1,0,,67,10,2009,4,39.9566,-75.1408,1047.0,6,0,0,0,0,0,1,0,0,,0,0,0,10,1,1,0,,0,39 57:24.278,,0,75 08:26.707,3,0,0,0,67301,0,0,0,N,0,0,0,3,68K01,0,,1,1,,N,N,,0,,1,0,1,0,0,,1043,1,2,0,0,0,0,0,3,4,0,2,3,,N,,,,,,,,,,,
2009125211,743.0,0,0,0,0,0,0,0,0,0,4,0,,67,11,2009,2,40.0368,-75.0692,739.0,6,0,0,0,0,0,0,0,0,,0,0,0,7,1,1,1,,0,40 02:12.433,,0,75 04:09.245,8,0,0,0,67301,0,0,0,N,0,0,0,3,67301,0,,1,1,,N,N,,0,,0,0,2,3,3,,705,1,2,0,0,0,1,0,3,4,0,2,3,,N,,,,,,,,,,,
2009125218,2005.0,1,0,0,1,0,0,0,0,0,5,0,,67,11,2009,6,39.9417,-75.2201,2002.0,6,0,0,0,0,0,0,0,0,,0,0,0,14,1,1,0,,0,39 56:30.092,,0,75 13:12.257,3,0,0,0,67301,1,0,0,N,0,0,0,3,67301,0,,1,1,,N,N,,0,,1,0,0,0,0,,1430,1,2,0,0,0,0,0,3,4,0,1,3,,N,,,,,,,,,,,
2009125275,11.0,1,0,0,0,0,0,0,0,0,7,0,,67,11,2009,5,40.0367,-75.1582,9999.0,6,0,0,0,0,0,0,0,0,,0,0,0,23,3,1,0,,0,40 02:12.051,,0,75 09:29.459,4,0,0,0,67301,0,0,0,,0,0,0,1,67301,1,,2,9,,N,N,,0,,0,0,0,0,0,,2330,1,1,0,0,0,0,0,3,4,0,1,7,,N,,,,,,,,,,,
2009120354,1812.0,0,0,0,1,0,0,0,0,0,8,0,,67,10,2009,7,39.9556,-75.2023,1812.0,6,0,0,0,0,0,0,0,0,,0,0,0,18,3,1,1,,0,39 57:20.282,,0,75 12:08.149,4,0,0,0,67301,1,0,0,N,0,0,0,2,67301,1,,1,9,,N,N,,0,,0,0,1,3,2,,1810,1,2,0,0,0,0,0,3,4,0,1,7,,N,,,,,,,,,,,
2009111857,235.0,1,0,0,0,0,0,0,0,0,2,0,,67,10,2009,6,40.0741,-75.0561,231.0,6,0,0,0,0,0,0,0,0,3.0,0,0,0,2,3,1,0,,2,40 04:26.880,5.0,0,75 03:21.930,4,0,0,0,67301,0,0,0,,0,0,0,2,67301,1,,1,9,,,,,1,,0,0,0,0,0,Y,224,1,2,0,0,1,0,0,3,4,0,2,7,,N,,,,,,,,,,,
2009039233,1305.0,1,0,0,0,0,0,0,0,0,4,0,,67,2,2009,4,40.0485,-75.0937,1251.0,6,0,0,0,1,0,0,0,0,,0,0,0,12,1,2,1,,0,40 02:54.566,,0,75 05:37.205,4,0,0,0,67301,0,0,0,N,0,0,0,3,67301,1,,1,1,,N,N,,0,,0,0,1,3,2,,1205,2,2,0,0,0,1,0,3,4,0,2,3,,N,,,,,,,,,,,
2009037519,1345.0,2,0,0,0,0,0,0,0,0,5,0,,67,3,2009,3,39.9885,-75.1607,1345.0,6,0,0,0,0,0,0,0,0,,0,0,0,99,1,1,1,,0,39 59:18.549,,0,75 09:38.364,4,0,0,0,67301,0,0,0,N,0,0,0,2,67301,1,,1,1,,N,N,,0,,0,0,0,9,2,,9999,1,2,0,0,0,0,0,3,4,0,2,3,,N,,,,,,,,,,,
2009037524,138.0,1,0,0,0,0,0,0,0,0,4,0,,67,2,2009,4,39.9803,-75.1343,136.0,6,0,0,0,0,0,0,0,0,2.0,0,0,0,1,3,0,2,,2,39 58:48.968,4.0,0,75 08:03.379,0,0,0,0,67301,0,0,0,N,0,0,0,3,67301,0,,1,7,,N,N,,0,,0,0,1,3,3,Y,126,0,2,0,0,0,0,0,3,4,0,2,10,,N,,,,,,,,,,,
2009041932,1039.0,1,0,0,0,0,0,0,0,0,7,0,,67,3,2009,4,40.0035,-75.0774,1028.0,6,0,0,0,0,0,0,0,0,1.0,0,0,0,10,1,1,7,,2,40 00:22.821,2.0,2,75 04:27.977,2,0,0,0,67301,0,0,0,N,0,0,0,1,68K01,0,,5,1,,N,N,,0,,0,1,0,0,0,Y,1018,1,1,0,1,1,0,0,3,4,0,1,3,,N,,,,,,,,,,,
2009029765,1441.0,2,0,0,0,0,0,0,0,0,4,0,,67,1,2009,4,39.909,-75.2329,1439.0,6,0,0,0,0,0,2,0,0,9.0,0,0,0,14,1,0,1,,1,39 54:32.227,1.0,0,75 13:58.526,0,0,0,0,67301,0,0,0,N,0,0,0,2,67301,0,,1,1,,N,N,,0,,0,0,0,3,2,N,1434,0,2,0,0,0,0,0,3,4,0,2,3,,N,,,,,,,,,,,
2009039756,1600.0,2,0,0,0,0,0,0,0,0,1,0,,67,2,2009,1,40.0071,-75.2137,1545.0,6,0,0,0,0,1,0,0,0,,0,0,0,15,1,1,1,,0,40 00:21.980,,0,75 12:57.383,4,0,0,0,67301,0,0,0,N,0,0,0,2,67301,1,,1,1,,N,N,,0,,0,0,0,3,2,,1540,1,2,0,0,0,0,0,3,4,0,2,3,,N,,,,,,,,,,,
2009037298,710.0,2,0,0,0,0,0,0,0,0,1,0,,67,2,2009,7,40.0235,-75.1335,653.0,6,0,0,0,0,0,2,0,0,1.0,0,0,0,6,1,1,1,,1,40 01:24.796,1.0,0,75 07:59.561,4,0,0,0,67301,0,0,0,,0,0,0,5,67301,1,,1,1,,,,,1,,0,0,0,3,2,N,640,1,3,0,0,0,0,0,3,4,0,3,3,,N,,,,,,,,,,,
2009039093,556.0,1,0,0,0,0,0,0,0,0,4,0,,67,2,2009,1,39.9579,-75.1624,555.0,6,0,0,0,0,0,0,0,0,3.0,0,0,0,5,3,1,1,,2,39 57:29.061,1.0,0,75 09:44.627,8,0,0,0,67301,0,0,0,Y,0,0,0,2,67301,0,,1,1,,N,N,,1,,0,0,0,3,2,Y,550,1,2,0,0,1,1,0,3,4,0,2,3,,N,,,,,,,,,,,
2009039104,1300.0,2,0,0,0,0,0,0,0,0,9,0,,67,2,2009,3,40.0368,-75.0692,1245.0,6,0,0,0,1,0,0,0,1,,0,0,0,12,1,1,2,,0,40 02:12.578,,0,75 04:09.489,4,0,0,0,67301,0,0,0,N,0,0,0,2,67301,1,,1,1,,N,N,,0,,0,0,0,9,3,,1230,1,2,0,0,1,0,0,3,4,0,2,3,,N,,,,,,,,,,,
2009037375,320.0,1,0,0,0,0,0,0,0,0,4,1,,67,3,2009,1,40.0431,-75.0234,315.0,6,0,0,0,0,0,0,0,0,1.0,0,1,0,3,3,1,0,,1,40 02:35.211,2.0,0,75 01:24.279,4,0,0,0,67301,0,0,0,,0,0,0,1,67301,1,,4,1,,N,N,,0,,0,0,1,0,0,N,314,1,3,0,0,0,0,0,3,4,0,3,3,,N,,,,,,,,,,,
2009037377,1720.0,1,0,0,0,0,0,0,0,0,4,0,,67,2,2009,6,39.9239,-75.2456,1718.0,6,0,0,0,0,0,0,0,0,2.0,0,0,0,17,1,3,0,,2,39 55:25.970,7.0,0,75 14:44.091,4,0,0,0,67301,0,0,0,N,0,0,0,4,67301,3,,1,9,,N,N,,0,,0,0,1,0,0,Y,1715,3,2,0,0,0,0,0,3,4,0,2,7,,N,,,,,,,,,,,
2009039286,2108.0,2,0,0,0,0,0,0,0,0,4,0,,67,2,2009,4,40.0086,-75.0688,2105.0,6,0,0,0,0,0,0,0,0,,0,0,0,21,3,3,1,,0,40 00:31.250,,0,75 04:07.878,4,0,0,0,67301,0,0,0,,0,0,0,3,67301,3,,1,9,,,,,0,,0,0,0,3,2,,2105,3,2,0,0,0,0,0,3,4,0,2,7,,N,,,,,,,,,,,
2009024623,1942.0,2,1,0,0,0,0,0,0,0,2,0,,67,1,2009,5,40.0687,-75.0673,1937.0,6,0,0,0,0,0,1,0,0,2.0,1,0,0,19,3,3,2,,2,40 04:07.380,7.0,7,75 04:02.423,1,0,0,0,67301,0,0,0,N,0,0,0,4,67301,2,2.0,1,1,,N,N,,0,0.0,0,0,1,3,2,Y,1934,3,3,0,0,0,1,0,3,4,0,3,3,,N,,,,,,,,,,,