CRN,ARRIVAL_TM,AUTOMOBILE_COUNT,BELTED_DEATH_COUNT,BELTED_SUSP_SERIOUS_INJ_COUNT,BICYCLE_COUNT,BICYCLE_DEATH_COUNT,BICYCLE_SUSP_SERIOUS_INJ_COUNT,BUS_COUNT,CHLDPAS_DEATH_COUNT,CHLDPAS_SUSP_SERIOUS_INJ_COUNT,COLLISION_TYPE,COMM_VEH_COUNT,CONS_ZONE_SPD_LIM,COUNTY,CRASH_MONTH,CRASH_YEAR,DAY_OF_WEEK,DEC_LAT,DEC_LONG,DISPATCH_TM,DISTRICT,DRIVER_COUNT_16YR,DRIVER_COUNT_17YR,DRIVER_COUNT_18YR,DRIVER_COUNT_19YR,DRIVER_COUNT_20YR,DRIVER_COUNT_50_64YR,DRIVER_COUNT_65_74YR,DRIVER_COUNT_75PLUS,EST_HRS_CLOSED,FATAL_COUNT,HEAVY_TRUCK_COUNT,HORSE_BUGGY_COUNT,HOUR_OF_DAY,ILLUMINATION,INJURY_COUNT,INTERSECT_TYPE,INTERSECTION_RELATED,LANE_CLOSED,LATITUDE,LN_CLOSE_DIR,LOCATION_TYPE,LONGITUDE,MAX_SEVERITY_LEVEL,MCYCLE_DEATH_COUNT,MCYCLE_SUSP_SERIOUS_INJ_COUNT,MOTORCYCLE_COUNT,MUNICIPALITY,NONMOTR_COUNT,NONMOTR_DEATH_COUNT,NONMOTR_SUSP_SERIOUS_INJ_COUNT,NTFY_HIWY_MAINT,PED_COUNT,PED_DEATH_COUNT,PED_SUSP_SERIOUS_INJ_COUNT,PERSON_COUNT,POLICE_AGCY,POSSIBLE_INJ_COUNT,RDWY_SURF_TYPE_CD,RELATION_TO_ROAD,ROAD_CONDITION,ROADWAY_CLEARED,SCH_BUS_IND,SCH_ZONE_IND,SECONDARY_CRASH,SMALL_TRUCK_COUNT,SPEC_JURIS_CD,SUSP_MINOR_INJ_COUNT,SUSP_SERIOUS_INJ_COUNT,SUV_COUNT,TCD_FUNC_CD,TCD_TYPE,TFC_DETOUR_IND,TIME_OF_DAY,TOT_INJ_COUNT,TOTAL_UNITS,UNB_DEATH_COUNT,UNB_SUSP_SERIOUS_INJ_COUNT,UNBELTED_OCC_COUNT,UNK_INJ_DEG_COUNT,UNK_INJ_PER_COUNT,URBAN_AREA,URBAN_RURAL,VAN_COUNT,VEHICLE_COUNT,WEATHER1,WEATHER2,WORK_ZONE_IND,WORK_ZONE_LOC,WORK_ZONE_TYPE,WORKERS_PRES,WZ_CLOSE_DETOUR,WZ_FLAGGER,WZ_LAW_OFFCR_IND,WZ_LN_CLOSURE,WZ_MOVING,WZ_OTHER,WZ_SHLDER_MDN,WZ_WORKERS_INJ_KILLED
2009025385,202.0,1,0,0,0,0,0,0,0,0,7,0,,67,1,2009,4,40.011,-75.0886,201.0,6,0,0,0,0,0,0,0,0,1.0,0,0,0,2,3,1,0,,1,40 00:39.711,2.0,0,75 05:18.954,8,0,0,0,67301,0,0,0,,0,0,0,1,67301,0,,5,1,,,,,0,,0,0,0,0,0,Y,200,1,1,0,0,0,1,0,3,4,0,1,3,,N,,,,,,,,,,,
2009125457,2325.0,0,0,0,0,0,0,0,0,0,7,0,,67,11,2009,4,39.9109,-75.1852,2320.0,6,0,0,0,0,0,0,0,0,1.0,0,0,0,23,3,3,3,,2,39 54:45.468,3.0,0,75 10:57.853,4,0,0,0,67301,0,0,0,N,0,0,0,3,67301,3,,3,1,,N,N,,0,,0,0,1,0,0,Y,2315,3,1,0,0,0,0,0,3,4,0,1,3,,N,,,,,,,,,,,
2009111765,1530.0,1,0,0,0,0,0,0,0,0,7,0,,67,10,2009,1,39.9865,-75.145,1515.0,6,0,0,0,0,0,0,0,0,,0,0,0,14,1,2,5,,0,39 59:11.294,,0,75 08:42.176,4,0,0,0,67301,0,0,0,,0,0,0,2,67301,2,,4,1,,,,,0,,0,0,0,3,2,,1445,2,1,0,0,0,0,0,3,4,0,1,3,,N,,,,,,,,,,,
2009111790,803.0,0,0,0,0,0,0,0,0,0,4,1,,67,10,2009,5,39.9736,-75.1186,801.0,6,0,0,0,0,0,1,0,0,,0,1,0,99,1,1,2,,0,39 58:22.572,,0,75 07:10.506,8,0,0,0,67301,0,0,0,,0,0,0,2,67301,0,,1,1,,N,N,,1,,0,0,0,3,3,,9999,1,2,0,0,0,1,0,3,4,0,2,3,,N,,,,,,,,,,,
2009117801,1041.0,0,0,0,0,0,0,0,0,0,7,0,,67,11,2009,5,39.9407,-75.1435,1041.0,6,0,0,0,0,0,0,0,0,1.0,0,0,0,10,1,1,7,,1,39 56:26.520,2.0,2,75 08:36.600,3,0,0,0,67301,0,0,0,N,0,0,0,1,68K01,0,,2,9,,N,N,,0,,1,0,1,0,0,N,1036,1,1,0,0,1,0,0,3,4,0,1,7,,N,,,,,,,,,,,
2009122729,2117.0,0,0,0,0,0,0,0,0,0,7,0,,67,11,2009,4,39.9009,-75.1538,2112.0,6,0,0,0,0,0,0,0,0,1.0,0,0,0,21,2,0,0,,2,39 54:04.934,2.0,0,75 09:09.179,0,0,0,0,67301,0,0,0,N,0,0,0,1,68K01,0,,5,9,,N,N,,0,,0,0,0,0,0,N,2108,0,1,0,0,0,0,0,3,4,1,1,7,,N,,,,,,,,,,,
2009125238,2130.0,0,0,0,0,0,0,0,0,0,7,0,,67,11,2009,5,,,2130.0,6,0,0,0,0,0,1,0,0,,0,0,0,21,3,0,0,,0,,,0,,0,0,0,0,67301,0,0,0,N,0,0,0,4,67301,0,,4,9,,N,N,,0,,0,0,0,0,0,,2120,0,1,0,0,0,0,0,3,3,1,1,7,,N,,,,,,,,,,,
2009111843,1910.0,2,0,0,0,0,0,0,0,0,1,0,,67,10,2009,4,40.026,-75.1982,1910.0,6,0,0,0,0,1,0,0,0,9.0,0,0,0,19,4,2,0,,1,40 01:33.559,1.0,0,75 11:53.688,4,0,0,0,67301,0,0,0,,0,0,0,4,67301,2,,1,1,,N,N,,1,,0,0,0,0,0,N,1910,2,3,0,0,2,0,1,3,4,0,3,3,,N,,,,,,,,,,,
2009044392,822.0,1,0,0,0,0,0,0,0,0,4,0,,67,3,2009,2,40.0211,-75.1399,819.0,6,0,0,0,0,0,1,0,0,2.0,0,0,0,8,1,1,1,,2,40 01:09.928,3.0,0,75 08:47.853,3,0,0,0,67301,0,0,0,N,0,0,0,3,67301,0,,1,1,,N,N,,0,,1,0,1,3,2,Y,816,1,2,0,0,0,0,0,3,4,0,2,3,,N,,,,,,,,,,,
2009039397,815.0,0,0,0,0,0,0,0,0,0,4,0,,67,2,2009,3,40.0235,-75.1965,807.0,6,0,0,0,0,0,0,0,0,2.0,0,0,0,8,1,3,0,,2,40 01:24.631,5.0,0,75 11:47.340,3,0,0,0,67301,0,0,0,N,0,0,0,6,67301,0,,1,1,,N,N,,0,,3,0,3,0,0,Y,803,3,4,0,0,0,0,0,3,4,1,4,3,,N,,,,,,,,,,,
2009049741,1110.0,1,0,0,0,0,0,0,0,0,8,0,,67,4,2009,3,39.9507,-75.1694,1100.0,6,0,0,0,0,0,0,0,0,,0,0,0,11,1,1,0,,0,39 57:02.689,,0,75 10:09.811,8,0,0,0,67301,1,0,0,N,1,0,0,2,67301,0,,1,1,,N,N,,0,,0,0,0,0,0,,1100,1,2,0,0,0,1,0,3,4,0,1,3,,N,,,,,,,,,,,
2009049770,1657.0,0,0,0,0,0,0,0,0,0,0,0,,67,4,2009,7,39.9562,-75.2196,1655.0,6,0,0,0,0,0,0,0,0,,0,0,0,16,1,1,1,,0,39 57:22.418,,0,75 13:10.384,4,0,0,1,67301,0,0,0,N,0,0,0,1,67301,1,,1,1,,N,N,,0,,0,0,0,3,2,,1647,1,2,0,0,0,0,0,3,4,0,1,3,,N,,,,,,,,,,,
2009039405,1440.0,1,0,0,0,0,0,0,0,0,8,0,,67,2,2009,6,39.9471,-75.1464,1435.0,6,0,0,0,0,0,0,0,0,,0,0,0,14,1,1,1,,0,39 56:49.559,,0,75 08:46.899,4,0,0,0,67301,1,0,0,N,1,0,0,2,67301,1,,1,1,,N,N,,0,,0,0,0,9,2,,1430,1,2,0,0,0,0,0,3,4,0,1,3,,N,,,,,,,,,,,
2009029753,1150.0,2,0,0,0,0,0,0,0,0,4,0,,67,2,2009,7,40.0566,-75.031,1145.0,6,0,0,0,0,0,0,1,0,9.0,0,0,0,11,1,1,2,,1,40 03:23.726,4.0,7,75 01:52.348,4,0,0,0,67301,0,0,0,N,0,0,0,3,67301,1,,1,1,,N,N,,1,,0,0,0,3,2,N,1143,1,3,0,0,0,0,0,3,4,0,3,3,,N,,,,,,,,,,,
2009039277,923.0,2,0,0,0,0,0,0,0,0,1,0,,67,2,2009,3,39.922,-75.151,917.0,6,0,0,0,0,0,0,0,0,,0,0,0,9,1,1,1,,0,39 55:19.063,,0,75 09:03.502,4,0,0,0,67301,0,0,0,N,0,0,0,2,67301,1,,1,1,,N,N,,0,,0,0,0,3,2,,916,1,2,0,0,0,0,0,3,4,0,2,3,,N,,,,,,,,,,,
2009049637,1130.0,1,0,0,0,0,0,0,0,0,4,1,,67,4,2009,3,40.0916,-75.0323,1130.0,6,0,0,0,0,0,0,0,0,,0,1,0,11,1,1,0,,0,40 05:29.650,,0,75 01:56.410,8,0,0,0,67301,0,0,0,,0,0,0,2,67301,0,,1,1,,,,,0,,0,0,0,0,0,,1125,1,2,0,0,0,1,0,3,4,0,2,3,,N,,,,,,,,,,,
2009026905,418.0,1,0,0,0,0,0,0,0,0,6,0,,67,1,2009,7,40.0423,-75.1712,416.0,6,0,0,0,0,0,0,0,0,1.0,0,0,0,4,3,1,1,,2,40 02:32.132,5.0,0,75 10:16.291,4,0,0,0,67301,0,0,0,N,0,0,0,3,67301,1,,1,1,,N,N,,1,,0,0,0,3,3,N,408,1,2,0,0,1,0,0,3,4,0,2,3,,N,,,,,,,,,,,
2009036961,1234.0,1,0,0,0,0,0,0,0,0,4,1,,67,2,2009,3,39.9587,-75.1621,1230.0,6,0,0,0,0,0,0,0,0,,0,1,0,12,1,1,1,,0,39 57:31.364,,0,75 09:43.713,8,0,0,0,67301,0,0,0,N,0,0,0,2,67301,0,,1,1,,N,N,,0,,0,0,0,0,0,,1227,1,2,0,0,0,1,0,3,4,0,2,3,,N,,,,,,,,,,,
2009036979,1110.0,1,0,0,0,0,0,0,0,0,4,0,,67,2,2009,4,39.999,-75.1332,1105.0,6,0,0,0,0,0,1,0,0,,0,0,0,10,1,1,1,,0,39 59:56.705,,0,75 07:59.559,4,0,0,0,67301,0,0,0,N,0,0,0,2,67301,1,,1,1,,N,N,,0,,0,0,1,3,2,,1040,1,2,0,0,0,0,0,3,4,0,2,3,,N,,,,,,,,,,,
2009044421,1600.0,2,0,0,0,0,0,0,0,0,4,0,,67,3,2009,5,39.9695,-75.1395,1555.0,6,0,0,0,0,0,0,0,0,,0,0,0,15,1,1,1,,0,39 58:10.071,,0,75 08:22.352,4,0,0,0,67301,0,0,0,,0,0,0,4,67301,1,,1,9,,,,,0,,0,0,0,3,2,,1550,1,2,0,0,0,0,0,3,4,0,2,7,,N,,,,,,,,,,,
2009126993,1231.0,0,0,0,0,0,0,0,0,0,1,1,,67,10,2009,6,39.9847,-75.1565,1230.0,6,0,0,0,0,0,0,0,0,1.0,0,1,0,12,1,1,1,,1,39 59:04.898,2.0,0,75 09:23.804,8,0,0,0,67301,0,0,0,,0,0,0,2,67301,0,,1,1,,,,,0,,0,0,0,3,2,N,1228,1,2,0,0,1,1,0,3,4,1,2,3,,N,,,,,,,,,,,
2009126994,2136.0,2,0,0,0,0,0,0,0,0,2,0,,67,11,2009,7,40.0321,-75.1461,2136.0,6,0,0,0,0,0,1,0,0,,0,0,0,21,3,1,1,,0,40 01:55.630,,0,75 08:46.102,8,0,0,0,67301,0,0,0,N,0,0,0,2,67301,0,,1,1,,N,N,,0,,0,0,0,3,2,,2136,1,2,0,0,0,1,0,3,4,0,2,3,,N,,,,,,,,,,,
2009097026,700.0,1,0,0,0,0,0,0,0,0,1,0,,67,8,2009,3,39.9578,-75.2193,628.0,6,0,0,0,0,0,0,0,0,1.0,0,0,0,6,1,3,2,,1,39 57:27.900,3.0,0,75 13:09.320,4,0,0,0,67301,0,0,0,N,0,0,0,3,62301,3,,1,1,,N,N,,0,,0,0,0,0,0,Y,600,3,2,0,0,2,0,0,3,4,1,2,3,,N,,,,,,,,,,,
2009097096,827.0,1,0,0,0,0,0,0,0,0,4,0,,67,9,2009,3,40.0546,-75.0466,824.0,6,0,0,0,0,0,1,0,0,,0,0,0,8,1,2,1,,0,40 03:16.516,,0,75 02:47.713,8,0,0,0,67301,0,0,0,N,0,0,0,2,67301,0,,1,1,,N,N,,0,,0,0,2,3,3,,816,2,3,0,0,0,2,0,3,4,0,3,3,,N,,,,,,,,,,,
2009097142,1734.0,2,0,0,0,0,0,0,0,0,1,0,,67,8,2009,2,40.0011,-75.2265,1704.0,6,0,0,0,0,0,1,0,0,,0,0,0,17,1,1,0,,0,40 00:06.999,,0,75 13:29.348,4,0,0,0,67301,0,0,0,,0,0,0,4,67301,1,,1,1,,N,N,,0,,0,0,0,0,0,,1700,1,2,0,0,0,0,0,3,4,0,2,3,,N,,,,,,,,,,,
2009097157,1554.0,1,0,0,1,0,0,0,0,0,4,0,,67,8,2009,2,39.9451,-75.1685,1552.0,6,0,0,0,0,0,1,0,0,,0,0,0,15,1,1,1,,0,39 56:42.255,,0,75 10:06.725,8,0,0,0,67301,1,0,0,N,0,0,0,2,67301,0,,1,1,,N,N,,0,,0,0,0,3,2,,1551,1,2,0,0,0,1,0,3,4,0,1,3,,N,,,,,,,,,,,
2009097182,1846.0,1,0,0,1,0,0,0,0,0,4,0,,67,9,2009,3,40.0237,-75.04,1839.0,6,0,0,1,0,0,0,0,0,,0,0,0,18,1,1,1,,0,40 01:25.222,,0,75 02:24.089,4,0,0,0,67301,1,0,0,,0,0,0,2,67301,1,,1,1,,,,,0,,0,0,0,3,3,,1805,1,2,0,0,0,0,0,3,4,0,1,3,,N,,,,,,,,,,,
2009097190,1801.0,1,0,0,0,0,0,0,0,0,8,0,,67,9,2009,2,40.0335,-75.1324,1801.0,6,0,0,0,1,0,0,0,0,,0,0,0,17,1,1,0,,0,40 02:00.722,,0,75 07:56.668,8,0,0,0,67301,1,0,0,N,1,0,0,2,67301,0,,1,1,,N,N,,0,,0,0,0,0,0,,1753,1,2,0,0,0,1,0,3,4,0,1,3,,N,,,,,,,,,,,
2009124395,1540.0,2,0,0,0,0,0,0,0,0,1,0,,67,11,2009,6,39.9631,-75.19,1538.0,6,0,0,0,0,0,0,0,0,,0,0,0,15,1,0,1,,0,39 57:47.143,,0,75 11:23.844,0,0,0,0,67301,0,0,0,N,0,0,0,3,67301,0,,1,1,,N,N,,1,,0,0,0,3,2,,1538,0,3,0,0,0,0,0,3,4,0,3,3,,N,,,,,,,,,,,
2009124438,2003.0,1,0,0,0,0,0,0,0,0,4,0,,67,11,2009,7,40.0946,-75.0152,1958.0,6,0,0,0,0,0,0,0,0,,0,0,0,19,3,2,1,,0,40 05:40.718,,0,75 00:54.707,3,0,0,0,67301,0,0,0,N,0,0,0,3,67301,1,,1,1,,N,N,,0,,1,0,1,3,2,,1958,2,2,0,0,0,0,0,3,4,0,2,3,,N,,,,,,,,,,,
2009083724,1110.0,0,0,0,0,0,0,0,0,0,8,0,,67,7,2009,4,40.0312,-75.0217,1110.0,6,0,0,0,0,0,0,0,0,,0,0,0,11,1,1,1,,0,40 01:52.459,,0,75 01:18.271,8,0,0,0,67301,1,0,0,N,1,0,0,2,67301,0,,1,1,,N,N,,0,,0,0,1,9,2,,1100,1,2,0,0,0,1,1,3,4,0,1,3,,N,,,,,,,,,,,
2009083770,810.0,2,0,0,0,0,0,0,0,0,4,0,,67,7,2009,1,39.9671,-75.1566,805.0,6,0,0,0,0,0,1,0,1,,0,0,0,7,1,1,1,,0,39 58:01.650,,0,75 09:23.594,4,0,0,0,67301,0,0,0,N,0,0,0,2,67301,1,,1,1,,N,N,,0,,0,0,0,2,3,,715,1,2,0,0,0,0,0,3,4,0,2,3,,N,,,,,,,,,,,
2009083821,2355.0,1,0,0,0,0,0,0,0,0,8,0,,67,7,2009,1,39.9419,-75.2139,2355.0,6,0,0,0,0,0,0,1,0,,0,0,0,21,3,1,1,,0,39 56:30.976,,0,75 12:49.989,8,0,0,0,67301,1,0,0,N,1,0,0,2,67301,0,,1,9,,N,N,,0,,0,0,0,9,3,,2124,1,2,0,0,0,1,0,3,4,0,1,7,,N,,,,,,,,,,,
2009065452,2225.0,1,0,0,0,0,0,0,0,0,8,0,,67,5,2009,3,39.9538,-75.1666,2223.0,6,0,0,0,0,0,1,0,0,,0,0,0,22,3,1,1,,0,39 57:13.704,,0,75 09:59.736,4,0,0,0,67301,1,0,0,N,1,0,0,2,67301,1,,1,1,,N,N,,0,,0,0,0,3,2,,2223,1,2,0,0,0,0,0,3,4,0,1,3,,N,,,,,,,,,,,
2009120525,340.0,2,0,0,0,0,0,0,0,0,2,0,,67,10,2009,6,39.9587,-75.2272,335.0,6,0,0,1,0,0,0,0,0,,0,0,0,3,3,2,1,,0,39 57:31.442,,0,75 13:37.864,4,0,0,0,67301,0,0,0,N,0,0,0,2,67301,2,,1,9,,N,N,,0,,0,0,0,3,2,,330,2,2,0,0,0,0,0,3,4,0,2,7,,N,,,,,,,,,,,
2009120579,133.0,1,0,0,0,0,0,0,0,0,8,0,,67,11,2009,1,39.9473,-75.1765,132.0,6,0,0,0,0,0,0,0,0,,0,0,0,1,3,1,0,,0,39 56:50.209,,0,75 10:35.380,4,0,0,0,67301,1,0,0,,1,0,0,2,67301,1,,1,9,,,,,0,,0,0,0,0,0,,131,1,2,0,0,0,0,0,3,4,0,1,7,,N,,,,,,,,,,,
2009120612,1852.0,1,0,0,0,0,0,0,0,0,4,0,,67,10,2009,6,40.0428,-75.1979,1851.0,6,0,0,0,0,0,2,0,0,,0,0,0,18,3,0,1,,0,40 02:33.961,,0,75 11:52.465,0,0,0,0,67301,0,0,0,N,0,0,0,2,67301,0,,2,1,,N,N,,0,,0,0,0,3,3,,1834,0,2,0,0,0,0,0,3,4,1,2,3,,N,,,,,,,,,,,
2009120660,2354.0,1,0,0,0,0,0,0,0,0,1,0,,67,10,2009,1,39.9566,-75.1524,2352.0,6,0,0,0,0,0,0,0,0,1.0,0,0,0,23,3,1,1,,1,39 57:24.276,3.0,2,75 09:08.534,8,0,0,1,67301,0,0,0,,0,0,0,5,67301,0,,1,1,,N,N,,0,,0,0,1,3,2,N,2348,1,3,0,0,0,1,1,3,4,0,3,3,,N,,,,,,,,,,,
2009082881,2234.0,2,0,0,0,0,0,0,0,0,4,0,,67,6,2009,3,40.02,-75.1522,2230.0,6,0,0,0,0,0,0,0,0,,0,0,0,99,3,1,1,,0,40 01:12.005,,2,75 09:07.946,4,0,0,0,67301,0,0,0,N,0,0,0,4,67301,1,,7,1,,N,N,,0,,0,0,0,3,3,,9999,1,2,0,0,0,0,3,3,4,0,2,3,,N,,,,,,,,,,,
2009116002,549.0,1,0,0,0,0,0,0,0,0,1,0,50.0,67,10,2009,2,39.8988,-75.1711,539.0,6,0,0,0,0,0,2,0,0,1.0,0,0,0,5,3,3,0,,1,39 53:56.555,2.0,0,75 10:06.408,4,0,0,0,67301,0,0,0,N,0,0,0,3,68K01,3,,1,1,,N,N,,0,,0,0,1,0,0,N,533,3,2,0,0,0,0,0,3,4,0,2,3,,Y,3.0,1.0,N,N,N,N,Y,N,N,N,
2009121083,1330.0,1,0,0,0,0,0,0,0,0,7,0,,67,10,2009,4,40.0296,-75.103,1315.0,6,0,0,0,0,0,0,0,0,,0,0,0,13,1,0,0,,0,40 01:46.605,,0,75 06:13.112,0,0,0,0,67301,0,0,0,,0,0,0,2,67301,0,,4,9,,,,,0,,0,0,0,0,0,,1315,0,1,0,0,0,0,0,3,4,0,1,7,,N,,,,,,,,,,,
2009121091,1316.0,1,0,0,0,0,0,0,0,0,8,0,,67,10,2009,3,40.0475,-75.1428,1316.0,6,0,0,0,0,0,0,0,0,,0,0,0,13,1,1,1,,0,40 02:50.960,,0,75 08:34.014,8,0,0,0,67301,1,0,0,N,1,0,0,4,67301,0,,1,1,,N,N,,0,,0,0,0,3,2,,1314,1,2,0,0,0,1,0,3,4,0,1,3,,N,,,,,,,,,,,
2009121099,1530.0,0,0,0,1,0,1,0,0,0,4,1,,67,10,2009,3,39.9539,-75.1595,1527.0,6,0,0,0,0,0,0,0,0,1.0,0,1,0,15,1,1,0,,2,39 57:13.960,2.0,0,75 09:34.134,2,0,0,0,67301,1,0,1,N,0,0,0,2,67301,0,,1,9,,N,N,,0,,0,1,0,0,0,Y,1525,1,2,0,0,0,0,0,3,4,0,1,7,,N,,,,,,,,,,,
2009047365,2029.0,2,0,1,0,0,0,0,0,0,5,0,,67,4,2009,2,39.9318,-75.1998,2012.0,6,0,0,0,1,0,0,0,0,2.0,0,0,0,20,3,3,0,,2,39 55:56.640,4.0,0,75 12:00.000,2,0,0,0,67301,0,0,0,N,0,0,0,5,68K01,2,,1,1,,N,N,,0,,0,1,0,0,0,N,2005,3,3,0,0,0,0,0,3,4,0,2,3,,N,,,,,,,,,,,
2009044848,101.0,1,0,0,0,0,0,0,0,0,7,0,,67,3,2009,6,39.9506,-75.1489,100.0,6,0,0,0,0,0,0,0,0,,0,0,0,0,3,0,0,,0,39 57:02.152,,0,75 08:56.026,0,0,0,0,67301,0,0,0,,0,0,0,0,67301,0,,5,1,,N,N,,0,,0,0,0,3,2,,47,0,1,0,0,0,0,0,3,4,0,1,3,,N,,,,,,,,,,,
2009044857,313.0,1,0,0,0,0,0,0,0,0,7,0,,67,3,2009,1,39.956,-75.1416,313.0,6,0,0,0,0,0,0,0,0,1.0,0,0,0,3,3,0,6,,2,39 57:21.600,4.0,2,75 08:29.760,0,0,0,0,67301,0,0,0,N,0,0,0,1,67301,0,,2,1,,N,N,,0,,0,0,0,3,2,N,312,0,1,0,0,0,0,0,3,4,0,1,3,,N,,,,,,,,,,,
2009049779,1330.0,2,0,0,0,0,0,0,0,0,2,0,,67,4,2009,4,40.0199,-75.163,1328.0,6,0,0,0,0,0,0,0,0,,0,0,0,99,1,1,0,,0,40 01:12.573,,0,75 09:46.300,4,0,0,0,67301,0,0,0,N,0,0,0,1,67301,1,,6,1,,N,N,,0,,0,0,0,0,0,,9999,1,3,0,0,0,0,0,3,4,1,3,3,,N,,,,,,,,,,,
2009039402,831.0,2,0,0,0,0,0,0,0,0,4,0,,67,1,2009,2,39.9638,-75.1725,831.0,6,0,0,0,0,0,1,0,0,,0,0,0,8,1,1,0,,0,39 57:49.635,,0,75 10:21.260,3,0,0,0,67301,1,0,0,,1,0,0,2,67301,0,,2,9,,N,N,,0,,1,0,0,0,0,,824,1,4,0,0,0,0,0,3,4,1,3,7,,N,,,,,,,,,,,
2009037423,1935.0,1,0,0,0,0,0,0,0,0,5,0,,67,3,2009,6,39.9421,-75.1604,1930.0,6,0,0,0,0,0,1,0,0,,0,0,0,19,3,0,0,,0,39 56:31.635,,0,75 09:37.548,0,0,0,0,67301,0,0,0,,0,0,0,2,67301,0,,1,1,,N,N,,1,,0,0,0,3,2,,1925,0,2,0,0,2,0,0,3,4,0,2,3,,N,,,,,,,,,,,
2009037336,1712.0,1,0,0,0,0,0,0,0,0,4,0,,67,3,2009,1,40.0267,-75.0563,1702.0,6,0,0,0,0,0,1,0,0,3.0,0,0,0,17,1,1,1,,2,40 01:36.217,7.0,0,75 03:22.737,8,0,0,0,67301,0,0,0,,0,0,0,2,67301,0,,1,1,,,,,0,,0,0,1,0,0,Y,1702,1,2,0,0,1,1,1,3,4,0,2,3,,N,,,,,,,,,,,
2009037364,805.0,2,0,0,0,0,0,0,0,0,1,0,,67,2,2009,5,40.0086,-75.0693,757.0,6,0,0,0,0,1,0,0,0,,0,0,0,7,1,2,0,,0,40 00:30.893,,0,75 04:10.201,4,0,0,0,67301,0,0,0,N,0,0,0,4,67301,2,,1,1,,N,N,,0,,0,0,1,0,0,,755,2,3,0,0,0,0,0,3,4,0,3,3,,N,,,,,,,,,,,
2009037445,2005.0,0,0,0,0,0,0,0,0,0,8,0,,67,3,2009,2,40.0195,-75.0944,2000.0,6,0,0,0,0,0,0,0,0,,0,0,0,19,3,1,1,,0,40 01:10.290,,0,75 05:39.843,4,0,0,0,67301,1,0,0,,1,0,0,2,67301,1,,1,2,,N,N,,1,,0,0,0,3,3,,1950,1,2,0,0,0,0,0,3,4,0,1,10,,N,,,,,,,,,,,
2009037452,2327.0,1,0,0,0,0,0,0,0,0,8,0,,67,2,2009,5,,,2327.0,6,0,0,0,0,0,1,0,0,1.0,0,0,0,23,3,1,0,,1,,1.0,0,,3,0,0,0,67301,1,0,0,N,1,0,0,2,67301,0,,1,1,,N,N,,0,,1,0,0,3,2,N,2325,1,2,0,0,0,0,0,3,3,0,1,3,,N,,,,,,,,,,,
2009049650,906.0,0,0,0,0,0,0,0,0,0,4,0,,67,3,2009,6,39.9211,-75.1738,851.0,6,0,0,0,0,0,0,0,1,2.0,0,0,0,8,1,1,1,,2,39 55:15.927,7.0,0,75 10:25.586,4,0,0,0,67301,0,0,0,,0,0,0,2,67301,1,,1,1,,,,,1,,0,0,0,3,2,Y,850,1,2,0,0,0,0,0,3,4,0,2,3,,N,,,,,,,,,,,
2009026906,1430.0,1,0,0,0,0,0,0,0,0,4,0,,67,1,2009,3,40.0348,-75.0711,1421.0,6,0,0,0,0,0,0,0,0,1.0,0,0,0,14,1,2,10,,1,40 02:05.146,1.0,0,75 04:15.792,2,0,0,0,67301,0,0,0,N,0,0,0,2,67301,0,,1,1,,N,N,,0,,0,1,1,3,2,N,1420,2,2,0,1,1,1,0,3,4,0,2,3,,N,,,,,,,,,,,
2009026908,1859.0,1,0,0,0,0,0,0,0,0,8,0,,67,1,2009,2,39.9493,-75.1642,1853.0,6,0,0,0,0,0,1,0,0,,0,0,0,18,3,1,1,,0,39 56:57.664,,0,75 09:51.545,8,0,0,0,67301,1,0,0,,1,0,0,2,67301,0,,1,1,,,,,0,,0,0,0,3,2,,1853,1,2,0,0,0,1,0,3,4,0,1,3,,N,,,,,,,,,,,
2009036982,320.0,3,0,0,0,0,0,0,0,0,2,0,,67,3,2009,1,39.9604,-75.1972,317.0,6,0,0,0,0,0,0,0,0,,0,0,0,3,3,0,0,,0,39 57:37.856,,0,75 11:50.500,0,0,0,0,67301,0,0,0,N,0,0,0,2,67301,0,,5,9,,N,N,,1,,0,0,0,0,0,,317,0,4,0,0,0,0,0,3,4,0,4,9,,N,,,,,,,,,,,
2009047077,1237.0,0,0,0,0,0,0,0,0,0,0,0,,67,3,2009,5,39.9058,-75.1328,1232.0,6,0,0,0,0,0,0,1,0,1.0,0,0,0,12,1,1,0,,1,39 54:20.877,3.0,3,75 07:57.942,8,0,0,1,67301,0,0,0,N,0,0,0,1,67301,0,,1,9,,N,N,,0,,0,0,0,3,8,N,1231,1,1,0,0,0,1,0,3,4,0,1,7,,N,,,,,,,,,,,
2009049589,23.0,2,0,0,0,0,0,0,0,0,1,0,,67,4,2009,6,40.0585,-75.1493,21.0,6,0,0,0,0,0,1,0,0,,0,0,0,21,3,1,0,,0,40 03:30.520,,0,75 08:57.372,4,0,0,0,67301,0,0,0,N,0,0,0,2,67301,1,,1,1,,N,N,,0,,0,0,0,2,2,,2115,1,2,0,0,0,0,0,3,4,0,2,3,,N,,,,,,,,,,,
2009044416,1607.0,1,0,0,0,0,0,0,0,0,8,0,,67,3,2009,2,39.9701,-75.1304,1605.0,6,0,0,0,0,0,0,0,0,,0,0,0,16,1,1,1,,0,39 58:13.082,,0,75 07:49.209,4,0,0,0,67301,1,0,0,N,1,0,0,2,67301,1,,1,1,,N,N,,0,,0,0,0,3,2,,1600,1,2,0,0,0,0,1,3,4,0,1,3,,N,,,,,,,,,,,