CRN,ARRIVAL_TM,AUTOMOBILE_COUNT,BELTED_DEATH_COUNT,BELTED_SUSP_SERIOUS_INJ_COUNT,BICYCLE_COUNT,BICYCLE_DEATH_COUNT,BICYCLE_SUSP_SERIOUS_INJ_COUNT,BUS_COUNT,CHLDPAS_DEATH_COUNT,CHLDPAS_SUSP_SERIOUS_INJ_COUNT,COLLISION_TYPE,COMM_VEH_COUNT,CONS_ZONE_SPD_LIM,COUNTY,CRASH_MONTH,CRASH_YEAR,DAY_OF_WEEK,DEC_LAT,DEC_LONG,DISPATCH_TM,DISTRICT,DRIVER_COUNT_16YR,DRIVER_COUNT_17YR,DRIVER_COUNT_18YR,DRIVER_COUNT_19YR,DRIVER_COUNT_20YR,DRIVER_COUNT_50_64YR,DRIVER_COUNT_65_74YR,DRIVER_COUNT_75PLUS,EST_HRS_CLOSED,FATAL_COUNT,HEAVY_TRUCK_COUNT,HORSE_BUGGY_COUNT,HOUR_OF_DAY,ILLUMINATION,INJURY_COUNT,INTERSECT_TYPE,INTERSECTION_RELATED,LANE_CLOSED,LATITUDE,LN_CLOSE_DIR,LOCATION_TYPE,LONGITUDE,MAX_SEVERITY_LEVEL,MCYCLE_DEATH_COUNT,MCYCLE_SUSP_SERIOUS_INJ_COUNT,MOTORCYCLE_COUNT,MUNICIPALITY,NONMOTR_COUNT,NONMOTR_DEATH_COUNT,NONMOTR_SUSP_SERIOUS_INJ_COUNT,NTFY_HIWY_MAINT,PED_COUNT,PED_DEATH_COUNT,PED_SUSP_SERIOUS_INJ_COUNT,PERSON_COUNT,POLICE_AGCY,POSSIBLE_INJ_COUNT,RDWY_SURF_TYPE_CD,RELATION_TO_ROAD,ROAD_CONDITION,ROADWAY_CLEARED,SCH_BUS_IND,SCH_ZONE_IND,SECONDARY_CRASH,SMALL_TRUCK_COUNT,SPEC_JURIS_CD,SUSP_MINOR_INJ_COUNT,SUSP_SERIOUS_INJ_COUNT,SUV_COUNT,TCD_FUNC_CD,TCD_TYPE,TFC_DETOUR_IND,TIME_OF_DAY,TOT_INJ_COUNT,TOTAL_UNITS,UNB_DEATH_COUNT,UNB_SUSP_SERIOUS_INJ_COUNT,UNBELTED_OCC_COUNT,UNK_INJ_DEG_COUNT,UNK_INJ_PER_COUNT,URBAN_AREA,URBAN_RURAL,VAN_COUNT,VEHICLE_COUNT,WEATHER1,WEATHER2,WORK_ZONE_IND,WORK_ZONE_LOC,WORK_ZONE_TYPE,WORKERS_PRES,WZ_CLOSE_DETOUR,WZ_FLAGGER,WZ_LAW_OFFCR_IND,WZ_LN_CLOSURE,WZ_MOVING,WZ_OTHER,WZ_SHLDER_MDN,WZ_WORKERS_INJ_KILLED
2009133784,1215.0,0,0,0,0,0,0,0,0,0,7,1,,67,12,2009,4,39.9766,-75.1131,1158.0,6,0,0,0,0,0,0,0,0,6.0,0,1,0,11,1,0,0,,2,39 58:36.790,5.0,0,75 06:46.903,0,0,0,0,67301,0,0,0,N,0,0,0,1,67301,0,,1,1,,N,N,,0,,0,0,0,3,8,Y,1155,0,1,0,0,0,0,0,3,4,0,1,3,,N,,,,,,,,,,,
2009126997,1638.0,1,0,0,0,0,0,0,0,0,4,1,,67,11,2009,4,40.0071,-75.1132,1634.0,6,0,0,0,0,0,0,0,0,,0,1,0,15,1,2,0,,0,40 00:25.408,,0,75 06:47.628,4,0,0,0,67301,0,0,0,N,0,0,0,6,67301,2,,1,9,,N,N,,0,,0,0,0,0,0,,1556,2,2,0,0,0,0,0,3,4,0,2,7,,N,,,,,,,,,,,
2009124450,125.0,1,0,0,0,0,0,0,0,0,5,0,,67,11,2009,1,40.0523,-75.008,123.0,6,0,0,0,1,0,0,0,0,,0,0,0,1,3,0,1,,0,40 03:08.339,,0,75 00:28.750,9,0,0,0,67301,0,0,0,N,0,0,0,3,67301,0,,1,1,,N,N,,0,,0,0,1,3,2,,123,0,2,0,0,2,0,1,3,4,0,2,3,,N,,,,,,,,,,,
2009131698,1547.0,2,0,0,0,0,0,0,0,0,1,0,,67,12,2009,6,40.0278,-75.0247,1531.0,6,0,0,0,0,0,1,0,0,,0,0,0,15,1,0,0,,0,40 01:39.968,,0,75 01:28.430,0,0,0,0,67301,0,0,0,N,0,0,0,3,68K01,0,,1,1,,N,N,,1,,0,0,0,0,0,,1529,0,3,0,0,0,0,0,3,4,0,3,3,,N,,,,,,,,,,,
2009097106,1348.0,1,0,0,0,0,0,0,0,0,4,0,,67,9,2009,6,39.9456,-75.165,1341.0,6,0,0,0,0,0,0,0,0,,0,0,0,13,1,1,1,,0,39 56:44.049,,0,75 09:54.498,3,0,0,1,67301,0,0,0,,0,0,0,2,67301,0,,1,1,,,,,0,,1,0,0,3,2,,1300,1,2,0,0,0,0,0,3,4,0,2,3,,N,,,,,,,,,,,
2009097143,1416.0,1,0,0,0,0,0,0,0,0,8,0,,67,9,2009,3,39.994,-75.1544,1414.0,6,0,0,0,0,0,0,0,0,,0,0,0,14,1,1,0,,0,39 59:38.481,,0,75 09:15.991,4,0,0,0,67301,1,0,0,,1,0,0,2,67301,1,,1,1,,,,,0,,0,0,0,3,2,,1405,1,2,0,0,0,0,0,3,4,0,1,3,,N,,,,,,,,,,,
2009124390,9999.0,2,0,0,0,0,0,0,0,0,8,0,,67,11,2009,3,39.9594,-75.2453,9999.0,6,0,0,0,0,0,0,0,0,,0,0,0,21,3,1,1,,0,39 57:33.918,,0,75 14:43.386,4,0,0,0,67301,0,0,0,N,0,0,0,5,67301,1,,1,9,,N,N,,0,,0,0,0,3,2,,2155,1,2,0,0,3,0,1,3,4,0,2,7,,N,,,,,,,,,,,
2009124404,414.0,1,0,0,0,0,0,0,0,0,7,0,,67,11,2009,5,39.9209,-75.1415,408.0,6,0,0,0,0,0,1,0,0,9.0,1,0,0,4,3,0,0,,2,39 55:15.271,2.0,0,75 08:29.445,1,0,0,0,67301,0,0,0,,0,0,0,1,67301,0,2.0,5,9,,,,,0,0.0,0,0,0,0,0,N,400,0,1,0,0,0,0,0,3,4,0,1,7,,N,,,,,,,,,,,
2009124434,1132.0,0,0,0,0,0,0,0,0,0,1,0,,67,11,2009,7,40.064,-75.2397,1128.0,6,0,0,0,0,0,1,0,0,1.0,0,0,0,11,1,1,1,,1,40 03:36.953,2.0,0,75 14:18.751,8,0,0,1,67301,0,0,0,,0,0,0,2,67301,0,,1,1,,,,,0,,0,0,1,3,2,N,1115,1,2,0,0,0,1,0,3,4,0,2,3,,N,,,,,,,,,,,
2009096878,1040.0,1,0,0,0,0,0,0,0,0,2,0,,67,9,2009,4,39.9677,-75.2097,1027.0,6,0,0,0,0,0,0,0,0,3.0,0,0,0,10,1,2,1,,1,39 58:03.785,4.0,0,75 12:34.912,4,0,0,0,67301,0,0,0,,0,0,0,2,67301,2,,1,1,,,,,0,,0,0,0,3,2,Y,1027,2,2,0,0,0,0,0,3,4,1,2,3,,N,,,,,,,,,,,
2009065354,1720.0,1,0,0,0,0,0,0,0,0,8,0,,67,5,2009,2,39.9923,-75.1199,1713.0,6,0,0,0,0,0,0,0,0,,0,0,0,17,1,1,0,,0,39 59:32.377,,0,75 07:11.694,4,0,0,0,67301,1,0,0,N,1,0,0,5,67301,1,,1,1,,N,N,,0,,0,0,0,0,0,,1710,1,2,0,0,4,0,0,3,4,0,1,3,,N,,,,,,,,,,,
2009065369,2014.0,1,0,0,0,0,0,0,0,0,8,0,,67,5,2009,7,40.0121,-75.088,2009.0,6,0,0,0,0,0,0,0,0,,0,0,0,20,3,1,0,,0,40 00:43.570,,0,75 05:16.845,3,0,0,0,67301,1,0,0,N,1,0,0,2,67301,0,,1,1,,N,N,,0,,1,0,0,0,0,,2005,1,2,0,0,0,0,0,3,4,0,1,3,,N,,,,,,,,,,,
2009065399,2111.0,1,0,0,0,0,0,0,0,0,4,0,,67,5,2009,6,40.0558,-75.1271,2107.0,6,0,0,0,0,0,0,0,0,,0,0,0,20,3,0,1,,0,40 03:21.336,,0,75 07:37.087,0,0,0,0,67301,0,0,0,N,0,0,0,4,67301,0,,1,1,,N,N,,1,,0,0,0,3,2,,2045,0,2,0,0,0,0,0,3,4,0,2,3,,N,,,,,,,,,,,
2009065420,1651.0,2,0,0,0,0,0,0,0,0,1,0,,67,5,2009,7,39.9111,-75.2426,1647.0,6,0,0,0,0,0,0,0,0,,0,0,0,16,1,2,0,,0,39 54:39.853,,0,75 14:33.272,4,0,0,0,67301,0,0,0,N,0,0,0,5,67301,2,,1,1,,N,N,,0,,0,0,0,3,2,,1630,2,2,0,0,0,0,0,3,4,0,2,3,,N,,,,,,,,,,,
2009065421,2020.0,0,0,0,0,0,0,0,0,0,8,0,,67,5,2009,6,39.9213,-75.2316,2015.0,6,0,0,0,0,0,0,0,0,,0,0,0,20,3,1,1,,0,39 55:16.784,,0,75 13:53.649,8,0,0,0,67301,1,0,0,,1,0,0,2,67301,0,,1,1,,,,,0,,0,0,0,3,2,,2015,1,2,0,0,0,1,1,3,4,0,1,3,,N,,,,,,,,,,,
2009128375,1208.0,1,0,0,0,0,0,0,0,0,1,0,,67,11,2009,3,39.9882,-75.0886,1158.0,6,0,0,0,0,0,0,0,0,3.0,0,0,0,11,1,0,0,,1,39 59:17.880,1.0,0,75 05:18.600,0,0,0,0,67301,0,0,0,N,0,0,0,2,68K01,0,,1,1,,N,N,,1,,0,0,0,0,0,N,1157,0,2,0,0,0,0,0,3,4,0,2,3,,N,,,,,,,,,,,
2009086469,1125.0,1,0,0,0,0,0,0,0,0,4,0,,67,8,2009,3,39.8994,-75.1748,1125.0,6,0,0,0,0,0,1,0,0,,0,0,0,11,1,1,1,,0,39 53:57.866,,0,75 10:29.202,8,0,0,0,67301,0,0,0,N,0,0,0,2,67301,0,,1,1,,N,N,,0,,0,0,0,3,2,,1125,1,2,0,0,0,1,0,3,4,1,2,3,,N,,,,,,,,,,,
2009116008,1751.0,2,0,0,0,0,0,0,0,0,1,0,,67,11,2009,1,39.9018,-75.1518,1744.0,6,0,0,0,0,0,2,0,0,,0,0,0,17,1,1,0,,0,39 54:08.947,,0,75 09:04.056,4,0,0,0,67301,0,0,0,N,0,0,0,5,68K01,1,,1,1,,N,N,,0,,0,0,0,0,0,,1740,1,2,0,0,0,0,0,3,4,0,2,3,,N,,,,,,,,,,,
2009121516,428.0,1,0,0,0,0,0,0,0,0,7,0,,67,10,2009,7,39.9805,-75.2059,428.0,6,0,0,0,0,0,0,0,0,,0,0,0,4,3,0,0,,0,39 58:52.680,,0,75 12:24.840,0,0,0,0,67301,0,0,0,N,0,0,0,1,68K01,0,,4,9,,N,N,,0,,0,0,0,0,0,,425,0,1,0,0,0,0,0,3,4,0,1,7,,N,,,,,,,,,,,
2009111178,2250.0,2,0,0,0,0,0,0,0,0,4,0,,67,9,2009,3,39.919,-75.1671,2245.0,6,0,0,0,1,0,1,0,0,,0,0,0,22,3,0,5,,0,39 55:08.284,,0,75 10:01.671,0,0,0,0,67301,0,0,0,,0,0,0,2,67301,0,,1,1,,,,,0,,0,0,0,3,2,,2240,0,2,0,0,0,0,0,3,4,0,2,3,,N,,,,,,,,,,,
2009120760,1813.0,2,0,0,0,0,0,0,0,0,2,0,,67,10,2009,7,39.9829,-75.2023,1812.0,6,0,0,0,0,0,0,0,0,1.0,0,0,0,18,3,2,0,,2,39 58:57.972,7.0,0,75 12:07.915,4,0,0,0,67301,0,0,0,N,0,0,0,3,67301,2,,1,9,,N,N,,0,,0,0,0,0,0,Y,1812,2,2,0,0,0,0,0,3,4,0,2,7,,N,,,,,,,,,,,
2009045363,1814.0,2,0,0,0,0,0,0,0,0,1,0,,67,4,2009,4,40.0081,-75.2019,1801.0,6,0,0,0,0,0,1,0,0,,0,0,0,17,1,2,0,,0,40 00:28.328,,0,75 12:04.945,4,0,0,0,67301,0,0,0,N,0,0,0,3,68K01,2,,1,9,,N,N,,0,,0,0,0,0,0,,1758,2,2,0,0,0,0,0,3,4,0,2,7,,N,,,,,,,,,,,
2009071421,1040.0,2,0,0,0,0,0,0,0,0,1,0,,67,6,2009,5,40.035,-75.1884,1030.0,6,0,0,0,0,0,1,0,0,,0,0,0,10,1,0,2,,0,40 02:05.924,,0,75 11:18.304,0,0,0,0,67301,0,0,0,N,0,0,0,3,67301,0,,1,9,,N,N,,0,,0,0,0,0,0,,1030,0,3,0,0,0,0,0,3,4,0,3,7,,N,,,,,,,,,,,
2009063753,1640.0,1,0,0,0,0,0,0,0,0,4,0,,67,5,2009,4,39.9564,-75.2145,1635.0,6,0,0,0,0,0,0,1,0,,0,0,0,16,1,1,1,,0,39 57:22.935,,0,75 12:52.250,4,0,0,0,67301,0,0,0,N,0,0,0,4,67301,1,,1,1,,N,N,,0,,0,0,0,3,3,,1630,1,2,0,0,0,0,0,3,4,1,2,3,,N,,,,,,,,,,,
2009063755,812.0,1,0,0,0,0,0,1,0,0,6,1,,67,5,2009,5,39.9741,-75.2202,806.0,6,0,0,0,0,0,0,0,0,3.0,0,0,0,8,1,5,0,,2,39 58:26.759,6.0,0,75 13:12.713,4,0,0,0,67301,0,0,0,N,0,0,0,6,67301,5,,1,9,,Y,N,,1,,0,0,0,0,0,Y,803,5,3,0,0,0,0,0,3,4,0,3,7,,N,,,,,,,,,,,
2009063809,1548.0,1,0,0,0,0,0,0,0,0,8,0,,67,4,2009,6,39.9639,-75.2302,1545.0,6,0,0,0,0,0,0,0,0,3.0,0,0,0,15,1,1,0,,1,39 57:49.976,5.0,0,75 13:48.867,8,0,0,0,67301,1,0,0,N,1,0,0,2,67301,0,,1,1,,N,,,0,,0,0,0,0,0,Y,1545,1,2,0,0,0,1,0,3,4,0,1,3,,N,,,,,,,,,,,
2009032925,1634.0,2,0,0,0,0,0,0,0,0,1,0,,67,1,2009,7,40.0198,-75.1435,1627.0,6,0,0,0,0,0,0,0,0,1.0,0,0,0,16,1,5,3,,2,40 01:11.152,4.0,0,75 08:36.668,3,0,0,0,67301,0,0,0,N,0,0,0,7,67301,4,,7,1,,N,N,,0,,1,0,0,3,4,N,1620,5,3,0,0,0,0,0,3,4,1,3,3,,N,,,,,,,,,,,
2009030416,1210.0,2,0,0,0,0,0,0,0,0,4,0,,67,2,2009,2,40.0549,-75.1552,1158.0,6,0,0,0,1,0,0,1,0,,0,0,0,11,1,1,1,,0,40 03:17.748,,0,75 09:18.547,8,0,0,0,67301,0,0,0,N,0,0,0,3,67301,0,,1,1,,N,N,,0,,0,0,0,2,3,,1121,1,2,0,0,0,1,0,3,4,0,2,3,,N,,,,,,,,,,,
2009030455,1225.0,1,0,0,1,0,0,0,0,0,4,0,,67,1,2009,6,39.9702,-75.1451,1221.0,6,0,0,0,0,0,0,0,0,9.0,0,0,0,12,1,1,1,,1,39 58:12.817,4.0,0,75 08:41.997,4,0,0,0,67301,1,0,0,N,0,0,0,2,67301,1,,1,1,,N,N,,0,,0,0,0,3,2,N,1221,1,2,0,0,0,0,0,3,4,0,1,3,,N,,,,,,,,,,,
2009104284,352.0,0,0,0,0,0,0,0,0,0,7,0,,67,10,2009,7,,,348.0,6,0,0,0,0,0,0,0,0,,0,0,0,3,3,0,0,,0,,,2,,9,0,0,0,67301,0,0,0,N,0,0,0,1,67501,0,,5,9,,N,N,,0,,0,0,1,0,0,,348,0,1,0,0,0,0,1,3,3,0,1,7,,N,,,,,,,,,,,
2009109618,954.0,2,0,0,0,0,0,0,0,0,1,0,,67,10,2009,5,39.9447,-75.1912,932.0,6,0,0,0,0,0,0,0,0,,0,0,0,9,1,0,0,,0,39 56:44.158,,0,75 11:24.259,0,0,0,0,67301,0,0,0,N,0,0,0,5,68K01,0,,1,1,,N,N,,1,,0,0,0,0,0,,914,0,3,0,0,0,0,0,3,4,0,3,3,,N,,,,,,,,,,,
2009106826,1228.0,0,0,0,0,0,0,0,0,0,7,0,,67,10,2009,3,40.0242,-75.0309,1223.0,6,0,0,0,0,0,0,0,0,1.0,0,0,0,12,1,0,0,,1,40 01:27.081,1.0,0,75 01:51.490,0,0,0,0,67301,0,0,0,N,0,0,0,1,68K01,0,,2,1,,N,N,,0,,0,0,1,0,0,N,1221,0,1,0,0,0,0,0,3,4,0,1,3,,N,,,,,,,,,,,
2009106829,832.0,1,0,0,0,0,0,0,0,0,1,0,,67,10,2009,4,39.9657,-75.1364,804.0,6,0,1,0,0,0,1,0,0,,0,0,0,8,1,0,0,,0,39 57:56.805,,0,75 08:10.647,0,0,0,0,67301,0,0,0,N,0,0,0,2,68K01,0,,1,1,,N,N,,1,,0,0,0,0,0,,800,0,2,0,0,0,0,0,3,4,0,2,3,,N,,,,,,,,,,,
2009125600,1648.0,1,0,0,0,0,0,0,0,0,7,0,,67,12,2009,6,39.9268,-75.1949,1635.0,6,0,0,0,0,0,0,0,0,1.0,0,0,0,16,1,0,0,,1,39 55:38.490,3.0,0,75 11:43.829,0,0,0,0,67301,0,0,0,N,0,0,0,2,68K01,0,,2,1,,N,N,,1,,0,0,0,0,0,N,1632,0,2,0,0,0,0,0,3,4,0,2,3,,N,,,,,,,,,,,
2009125179,1158.0,3,0,0,0,0,0,0,0,0,5,0,,67,11,2009,1,40.0205,-75.1542,1155.0,6,0,0,0,0,0,0,0,0,,0,0,0,11,1,1,6,,0,40 01:13.786,,2,75 09:15.325,4,0,0,0,67301,0,0,0,N,0,0,0,5,67301,1,,1,1,,N,N,,0,,0,0,0,0,0,,1155,1,3,0,0,0,0,0,3,4,0,3,3,,N,,,,,,,,,,,
2009125253,9999.0,1,0,0,0,0,0,0,0,0,8,0,,67,11,2009,1,40.0186,-75.1501,1423.0,6,0,0,0,0,0,0,0,0,,0,0,0,10,1,1,1,,0,40 01:06.906,,0,75 09:00.226,4,0,0,0,67301,1,0,0,N,1,0,0,2,67301,1,,1,1,,N,N,,0,,0,0,0,3,3,,1030,1,2,0,0,0,0,1,3,4,0,1,3,,N,,,,,,,,,,,
2009130607,1700.0,2,0,0,0,0,0,0,0,0,1,0,,67,12,2009,2,40.0214,-75.0403,1649.0,6,0,0,0,0,0,1,0,0,,0,0,0,16,3,0,0,,0,40 01:19.546,,0,75 02:17.556,0,0,0,0,67301,0,0,0,N,0,0,0,4,68K01,0,,1,1,,N,N,,0,,0,0,0,0,0,,1645,0,2,0,0,0,0,0,3,4,0,2,3,,N,,,,,,,,,,,
2009044842,1102.0,2,0,0,0,0,0,0,0,0,4,0,,67,3,2009,4,40.0107,-75.1653,1102.0,6,0,0,0,0,0,0,1,0,,0,0,0,11,1,1,0,,0,40 00:38.374,,0,75 09:54.933,4,0,0,0,67301,0,0,0,N,0,0,0,2,67301,1,,1,1,,N,N,,0,,0,0,0,0,0,,1102,1,2,0,0,0,0,0,3,4,0,2,3,,N,,,,,,,,,,,
2009047479,1727.0,1,0,0,0,0,0,0,0,0,1,0,,67,4,2009,6,39.9537,-75.1387,1725.0,6,0,0,0,0,0,0,0,0,1.0,0,0,0,17,1,1,0,,2,39 57:13.233,4.0,0,75 08:19.481,8,0,0,0,67301,0,0,0,N,0,0,0,3,67501,0,,1,1,,N,N,,0,,0,0,0,3,8,N,1725,1,2,0,0,0,1,0,3,4,1,2,3,,N,,,,,,,,,,,
2009039409,958.0,2,0,0,0,0,0,0,0,0,1,0,,67,2,2009,6,40.0284,-75.12,958.0,6,0,0,0,0,0,0,0,0,,0,0,0,1,3,1,0,,0,40 01:42.212,,7,75 07:11.899,4,0,0,0,67301,0,0,0,N,0,0,0,2,67301,1,,1,1,,N,N,,0,,0,0,0,2,1,,150,1,2,0,0,0,0,0,3,4,0,2,3,,N,,,,,,,,,,,
2009037448,1347.0,1,0,0,0,0,0,0,0,0,4,0,,67,3,2009,6,39.9383,-75.1986,1342.0,6,0,0,0,0,0,1,0,0,,0,0,0,13,1,2,5,,0,39 56:17.010,,0,75 11:55.632,4,0,0,0,67301,0,0,0,N,0,0,0,3,67301,1,,1,1,,N,N,,1,,0,0,0,3,2,,1342,2,2,0,0,0,1,0,3,4,0,2,3,,N,,,,,,,,,,,
2009037460,131.0,1,0,0,0,0,0,0,0,0,4,0,,67,3,2009,1,40.0114,-75.1557,130.0,6,0,0,0,0,0,0,0,0,,0,0,0,1,3,0,1,,0,40 00:41.173,,0,75 09:20.476,0,0,0,0,67301,0,0,0,,0,0,0,1,67301,0,,1,1,,,,,0,,0,0,0,3,2,,130,0,2,0,0,1,0,0,3,4,1,2,3,,N,,,,,,,,,,,
2009039291,1155.0,1,0,0,0,0,0,0,0,0,7,0,,67,2,2009,4,40.0506,-75.0509,1145.0,6,0,0,0,0,0,0,0,0,1.0,0,0,0,11,1,1,8,,2,40 02:43.800,1.0,6,75 03:11.160,4,0,0,0,67301,0,0,0,N,0,0,0,1,67301,1,,3,1,,N,N,,0,,0,0,0,0,0,Y,1135,1,1,0,0,0,0,0,3,4,0,1,3,,N,,,,,,,,,,,
2009036962,1838.0,1,0,0,0,0,0,0,0,0,5,1,,67,2,2009,2,39.9516,-75.1637,1835.0,6,0,0,0,0,0,0,0,0,,0,1,0,18,4,1,2,,0,39 57:05.855,,0,75 09:49.658,4,0,0,0,67301,0,0,0,N,0,0,0,2,67301,1,,1,1,,N,N,,0,,0,0,0,3,2,,1805,1,2,0,0,1,0,0,3,4,0,2,3,,N,,,,,,,,,,,
2009036972,2251.0,1,0,0,0,0,0,0,0,0,7,0,,67,2,2009,6,39.9666,-75.1789,2231.0,6,0,0,0,0,0,0,0,0,1.0,0,0,0,22,3,0,1,,2,39 57:59.787,4.0,0,75 10:44.185,0,0,0,0,67301,0,0,0,N,0,0,0,1,67301,0,,3,1,,N,N,,0,,0,0,0,3,2,Y,2231,0,1,0,0,1,0,0,3,4,0,1,3,,N,,,,,,,,,,,
2009044446,1923.0,1,0,0,0,0,0,0,0,0,8,0,,67,3,2009,2,39.9968,-75.1392,1920.0,6,0,0,0,0,0,0,0,0,,0,0,0,12,1,1,0,,0,39 59:48.580,,0,75 08:21.069,8,0,0,0,67301,1,0,0,N,1,0,0,2,67301,0,,1,1,,N,N,,0,,0,0,0,0,0,,1200,1,2,0,0,0,1,0,3,4,0,1,3,,N,,,,,,,,,,,
2009047177,1439.0,1,0,0,0,0,0,0,0,0,7,0,,67,3,2009,1,39.9585,-75.1935,1439.0,6,0,0,0,0,0,0,0,0,2.0,0,0,0,14,1,1,1,,2,39 57:30.820,2.0,0,75 11:37.074,4,0,0,0,67301,0,0,0,Y,0,0,0,1,67301,1,,5,1,,N,N,,0,,0,0,0,3,2,Y,1438,1,1,0,0,1,0,0,3,4,0,1,3,,N,,,,,,,,,,,
2009097062,1449.0,1,0,0,1,0,0,0,0,0,5,0,,67,8,2009,7,39.9769,-75.265,1447.0,6,0,0,0,0,0,0,0,0,,0,0,0,14,1,1,0,,0,39 58:37.048,,0,75 15:54.173,3,0,0,0,67301,1,0,0,N,0,0,0,2,67301,0,,2,1,,N,N,,0,,1,0,0,0,0,,1445,1,2,0,0,1,0,0,3,4,0,1,3,,N,,,,,,,,,,,
2009078520,1825.0,0,0,0,0,0,0,0,0,0,0,0,,67,6,2009,1,40.0014,-75.1719,1820.0,6,0,0,0,0,0,0,0,0,3.0,1,0,0,18,1,0,0,,2,40 00:04.986,1.0,0,75 10:18.681,1,0,0,0,67301,0,0,0,N,0,0,0,2,67301,0,1.0,1,1,,N,N,,1,0.0,0,0,0,0,0,Y,1818,0,1,1,0,1,0,0,3,4,0,1,3,,N,,,,,,,,,,,
2009124311,1220.0,0,0,0,0,0,0,0,0,0,7,0,,67,11,2009,1,39.9723,-75.2216,1215.0,6,0,0,0,0,0,0,0,0,,0,0,0,12,1,0,0,,0,39 58:20.403,,0,75 13:17.701,0,0,0,0,67301,0,0,0,,0,0,0,1,67301,0,,5,9,,,,,1,,0,0,0,0,0,,1200,0,1,0,0,0,0,0,3,4,0,1,3,,N,,,,,,,,,,,
2009124313,1635.0,1,0,0,0,0,0,0,0,0,8,0,,67,11,2009,6,40.0414,-75.0283,1630.0,6,0,0,0,0,0,0,0,0,,0,0,0,16,1,1,0,,0,40 02:28.908,,0,75 01:41.719,4,0,0,0,67301,1,0,0,N,1,0,0,2,67301,1,,1,1,,N,N,,0,,0,0,0,0,0,,1600,1,2,0,0,0,0,1,3,4,0,1,3,,N,,,,,,,,,,,
2009083741,1837.0,1,0,0,0,0,0,0,0,0,8,0,,67,7,2009,2,39.9373,-75.2304,1833.0,6,0,0,0,0,0,0,0,0,,0,0,0,18,1,1,0,,0,39 56:14.411,,0,75 13:49.538,8,0,0,0,67301,1,0,0,N,1,0,0,3,67301,0,,4,1,,N,N,,0,,0,0,0,0,0,,1802,1,2,0,0,0,1,0,3,4,0,1,3,,N,,,,,,,,,,,
2009065409,830.0,2,0,0,0,0,0,0,0,0,4,0,,67,5,2009,3,40.0403,-75.0584,824.0,6,0,0,0,0,0,1,0,0,2.0,0,0,0,8,1,2,1,,1,40 02:25.164,2.0,0,75 03:30.735,4,0,0,0,67301,0,0,0,,0,0,0,3,67301,2,,1,1,,,,,0,,0,0,0,3,2,N,823,2,2,0,0,0,0,0,3,4,0,2,3,,N,,,,,,,,,,,
2009065441,2202.0,1,0,0,0,0,0,0,0,0,8,0,,67,5,2009,3,39.9429,-75.1513,2157.0,6,0,0,0,0,0,0,0,0,,0,0,0,21,3,1,2,,0,39 56:34.548,,0,75 09:04.780,4,0,0,0,67301,1,0,0,,1,0,0,2,67301,1,,1,1,,,,,0,,0,0,0,0,0,,2130,1,2,0,0,0,0,0,3,4,0,1,3,,N,,,,,,,,,,,
2009120643,211.0,1,0,0,0,0,0,0,0,0,4,0,,67,10,2009,5,39.904,-75.2401,209.0,6,0,0,0,0,0,0,0,0,1.0,0,0,0,2,3,0,5,,1,39 54:14.563,1.0,0,75 14:24.409,0,0,0,0,67301,0,0,0,N,0,0,0,7,67301,0,,1,1,,N,N,,0,,0,0,0,3,2,N,207,0,2,0,0,3,0,0,3,4,1,2,3,,N,,,,,,,,,,,
2009111428,1849.0,0,0,0,1,0,0,1,0,0,4,1,,67,10,2009,7,40.0571,-75.1798,1837.0,6,0,0,0,0,0,0,0,0,,0,0,0,17,1,1,1,,0,40 03:25.383,,0,75 10:47.333,3,0,0,0,67301,1,0,0,N,0,0,0,2,67301,0,,1,1,,N,N,,0,,1,0,0,3,3,,1720,1,2,0,0,0,0,0,3,4,0,1,3,,N,,,,,,,,,,,
2009118956,9999.0,1,0,0,1,0,0,0,0,0,2,0,,67,6,2009,6,39.9982,-75.1388,2004.0,6,0,0,0,0,0,0,0,0,,0,0,0,20,1,1,0,,0,39 59:53.382,,0,75 08:19.622,3,0,0,0,67301,1,0,0,,0,0,0,2,67301,0,,1,1,,,,,0,,1,0,0,3,2,,2004,1,2,0,0,0,0,1,3,4,0,1,3,,N,,,,,,,,,,,
2009111181,1617.0,1,0,0,0,0,0,0,0,0,4,0,,67,10,2009,4,40.0588,-75.0442,1613.0,6,0,0,0,0,0,1,0,0,1.0,0,0,0,16,1,2,5,,1,40 03:31.188,1.0,0,75 02:39.382,3,0,0,0,67301,0,0,0,N,0,0,0,2,67301,0,,1,1,,N,N,,0,,2,0,1,3,2,N,1612,2,2,0,0,0,0,0,3,4,0,2,3,,N,,,,,,,,,,,
2009111227,9999.0,1,0,0,0,0,0,0,0,0,8,0,,67,10,2009,6,39.9988,-75.1313,9999.0,6,0,0,0,0,0,0,0,0,,0,0,0,20,3,1,1,,0,39 59:55.770,,0,75 07:52.360,4,0,0,0,67301,1,0,0,,1,0,0,2,67301,1,,1,1,,N,N,,0,,0,0,0,3,2,,2030,1,2,0,0,0,0,0,3,4,0,1,3,,N,,,,,,,,,,,