CRN,ARRIVAL_TM,AUTOMOBILE_COUNT,BELTED_DEATH_COUNT,BELTED_SUSP_SERIOUS_INJ_COUNT,BICYCLE_COUNT,BICYCLE_DEATH_COUNT,BICYCLE_SUSP_SERIOUS_INJ_COUNT,BUS_COUNT,CHLDPAS_DEATH_COUNT,CHLDPAS_SUSP_SERIOUS_INJ_COUNT,COLLISION_TYPE,COMM_VEH_COUNT,CONS_ZONE_SPD_LIM,COUNTY,CRASH_MONTH,CRASH_YEAR,DAY_OF_WEEK,DEC_LAT,DEC_LONG,DISPATCH_TM,DISTRICT,DRIVER_COUNT_16YR,DRIVER_COUNT_17YR,DRIVER_COUNT_18YR,DRIVER_COUNT_19YR,DRIVER_COUNT_20YR,DRIVER_COUNT_50_64YR,DRIVER_COUNT_65_74YR,DRIVER_COUNT_75PLUS,EST_HRS_CLOSED,FATAL_COUNT,HEAVY_TRUCK_COUNT,HORSE_BUGGY_COUNT,HOUR_OF_DAY,ILLUMINATION,INJURY_COUNT,INTERSECT_TYPE,INTERSECTION_RELATED,LANE_CLOSED,LATITUDE,LN_CLOSE_DIR,LOCATION_TYPE,LONGITUDE,MAX_SEVERITY_LEVEL,MCYCLE_DEATH_COUNT,MCYCLE_SUSP_SERIOUS_INJ_COUNT,MOTORCYCLE_COUNT,MUNICIPALITY,NONMOTR_COUNT,NONMOTR_DEATH_COUNT,NONMOTR_SUSP_SERIOUS_INJ_COUNT,NTFY_HIWY_MAINT,PED_COUNT,PED_DEATH_COUNT,PED_SUSP_SERIOUS_INJ_COUNT,PERSON_COUNT,POLICE_AGCY,POSSIBLE_INJ_COUNT,RDWY_SURF_TYPE_CD,RELATION_TO_ROAD,ROAD_CONDITION,ROADWAY_CLEARED,SCH_BUS_IND,SCH_ZONE_IND,SECONDARY_CRASH,SMALL_TRUCK_COUNT,SPEC_JURIS_CD,SUSP_MINOR_INJ_COUNT,SUSP_SERIOUS_INJ_COUNT,SUV_COUNT,TCD_FUNC_CD,TCD_TYPE,TFC_DETOUR_IND,TIME_OF_DAY,TOT_INJ_COUNT,TOTAL_UNITS,UNB_DEATH_COUNT,UNB_SUSP_SERIOUS_INJ_COUNT,UNBELTED_OCC_COUNT,UNK_INJ_DEG_COUNT,UNK_INJ_PER_COUNT,URBAN_AREA,URBAN_RURAL,VAN_COUNT,VEHICLE_COUNT,WEATHER1,WEATHER2,WORK_ZONE_IND,WORK_ZONE_LOC,WORK_ZONE_TYPE,WORKERS_PRES,WZ_CLOSE_DETOUR,WZ_FLAGGER,WZ_LAW_OFFCR_IND,WZ_LN_CLOSURE,WZ_MOVING,WZ_OTHER,WZ_SHLDER_MDN,WZ_WORKERS_INJ_KILLED
2009121058,830.0,1,0,0,0,0,0,0,0,0,1,0,,67,11,2009,2,39.9905,-75.205,813.0,6,0,0,0,0,0,0,0,0,,0,0,0,8,1,2,0,,0,39 59:28.308,,0,75 12:14.098,4,0,0,0,67301,0,0,0,N,0,0,0,3,68K01,2,,1,1,,N,N,,0,,0,0,0,0,0,,810,2,2,0,0,0,0,0,3,4,1,2,3,,N,,,,,,,,,,,
2009108873,1505.0,2,0,0,0,0,0,0,0,0,5,0,,67,10,2009,2,40.0057,-75.1011,1504.0,6,0,0,0,0,0,0,0,0,3.0,0,0,0,5,1,1,1,,1,40 00:20.425,3.0,0,75 06:03.822,4,0,0,0,67301,1,0,0,,0,0,0,3,67301,1,,1,1,,N,N,,0,,0,0,0,3,2,Y,504,1,2,0,0,1,0,1,3,4,0,2,3,,N,,,,,,,,,,,
2009049840,1320.0,1,0,0,0,0,0,0,0,0,4,0,,67,4,2009,7,39.9702,-75.1451,1320.0,6,0,0,0,0,1,1,0,0,,0,0,0,13,1,0,1,,0,39 58:12.551,,0,75 08:42.063,0,0,0,0,67301,0,0,0,N,0,0,0,8,67301,0,,1,1,,N,N,,2,,0,0,0,3,2,,1320,0,3,0,0,0,0,0,3,4,0,3,3,,N,,,,,,,,,,,
2009071414,2335.0,3,0,0,0,0,0,0,0,0,6,0,,67,6,2009,7,,,2333.0,6,0,0,0,0,0,0,0,0,,0,0,0,23,3,4,0,,0,,,0,,3,0,0,0,67301,0,0,0,,0,0,0,5,67301,3,,1,9,,,,,0,,1,0,0,0,0,,2330,4,3,0,0,0,0,0,3,3,0,3,3,,N,,,,,,,,,,,
2009063769,615.0,1,0,0,0,0,0,0,0,0,7,0,,67,5,2009,1,40.029,-75.1005,605.0,6,0,0,0,0,0,0,0,0,,0,0,0,6,1,1,0,,0,40 01:44.555,,7,75 06:01.904,8,0,0,0,67301,0,0,0,,0,0,0,2,67301,0,,3,1,,N,N,,0,,0,0,0,3,2,,605,1,1,0,0,0,1,1,3,4,0,1,3,,N,,,,,,,,,,,
2009068821,447.0,1,0,0,0,0,0,0,0,0,7,0,,67,7,2009,5,39.9321,-75.1999,437.0,6,0,0,1,0,0,0,0,0,,0,0,0,4,3,0,0,,0,39 55:58.080,,0,75 12:00.000,0,0,0,0,67301,0,0,0,N,0,0,0,1,68K01,0,,3,9,,N,N,,0,,0,0,0,0,0,,431,0,1,0,0,1,0,0,3,4,0,1,7,,N,,,,,,,,,,,
2009063839,850.0,2,0,0,0,0,0,0,0,0,4,0,,67,5,2009,3,39.958,-75.2273,845.0,6,0,0,0,0,0,0,0,1,,0,0,0,8,1,1,1,,0,39 57:28.627,,0,75 13:38.423,8,0,0,0,67301,0,0,0,N,0,0,0,3,67301,0,,1,1,,N,N,,0,,0,0,0,3,3,,835,1,2,0,0,0,1,0,3,4,0,2,3,,N,,,,,,,,,,,
2009058708,1510.0,2,0,0,0,0,0,0,0,0,1,0,,67,5,2009,2,40.0809,-75.0373,1507.0,6,0,0,0,0,0,1,0,0,,0,0,0,15,1,1,0,,0,40 04:51.321,,0,75 02:14.248,8,0,0,0,67301,0,0,0,N,0,0,0,3,67301,0,,1,1,,N,N,,1,,0,0,0,0,0,,1506,1,3,0,0,0,1,0,3,4,0,3,3,,N,,,,,,,,,,,
2009063791,1037.0,3,0,0,0,0,0,0,0,0,1,0,,67,5,2009,4,39.9556,-75.2022,1030.0,6,0,0,0,0,0,0,0,1,,0,0,0,10,1,1,0,,0,39 57:20.243,,0,75 12:07.832,3,0,0,0,67301,0,0,0,N,0,0,0,1,67301,0,,1,1,,N,N,,0,,1,0,0,3,2,,1028,1,3,0,0,0,0,0,3,4,0,3,3,,N,,,,,,,,,,,
2009063889,2125.0,2,0,0,0,0,0,0,0,0,4,0,,67,5,2009,4,39.9644,-75.1777,2115.0,6,0,0,0,0,0,1,1,0,,0,0,0,21,1,0,1,,0,39 57:52.521,,0,75 10:40.457,9,0,0,0,67301,0,0,0,,0,0,0,2,67301,0,,1,1,,,,,0,,0,0,0,3,2,,2100,0,2,0,0,0,0,2,3,4,0,2,3,,N,,,,,,,,,,,
2009030262,954.0,2,0,0,0,0,0,0,0,0,5,0,,67,2,2009,4,39.9135,-75.1451,954.0,6,0,0,0,0,0,0,0,0,1.0,0,0,0,9,1,0,0,,2,39 54:48.533,3.0,0,75 08:42.279,0,0,0,0,67301,0,0,0,N,0,0,0,2,67501,0,,2,6,,N,N,,0,,0,0,0,0,0,N,954,0,2,0,0,0,0,0,3,4,0,2,3,,N,,,,,,,,,,,
2009030799,743.0,1,0,0,0,0,0,0,0,0,5,0,,67,1,2009,3,39.9535,-75.1733,740.0,6,0,0,0,0,0,0,0,0,,0,0,0,7,1,1,0,,0,39 57:12.762,,0,75 10:24.004,8,0,0,0,67301,0,0,0,,0,0,0,4,67301,0,,1,9,,,,,1,,0,0,0,3,2,,739,1,2,0,0,0,1,0,3,4,0,2,98,,N,,,,,,,,,,,
2009025604,416.0,1,0,0,0,0,0,0,0,0,5,0,,67,1,2009,7,39.9424,-75.1523,414.0,6,0,0,0,0,0,0,0,0,,0,0,0,99,3,0,1,,0,39 56:32.492,,0,75 09:08.125,9,0,0,0,67301,0,0,0,N,0,0,0,1,67301,0,,1,1,,N,N,,0,,0,0,0,0,0,,9999,0,2,0,0,0,0,1,3,4,1,2,3,,N,,,,,,,,,,,
2009025624,2135.0,1,0,0,0,0,0,0,0,0,4,0,,67,1,2009,2,40.0207,-75.1486,2123.0,6,0,0,0,0,0,0,1,0,,0,0,0,21,3,1,2,,0,40 01:14.257,,0,75 08:55.162,8,0,0,0,67301,0,0,0,N,0,0,0,2,67301,0,,1,1,,N,N,,0,,0,0,1,0,0,,2115,1,2,0,0,1,1,0,3,4,0,2,3,,N,,,,,,,,,,,
2009028393,1946.0,2,0,0,0,0,0,0,0,0,5,0,,67,2,2009,2,40.0318,-75.0214,1941.0,6,0,0,0,1,0,0,0,0,1.0,0,0,0,19,3,0,0,,1,40 01:52.020,2.0,0,75 01:18.142,0,0,0,0,67301,0,0,0,N,0,0,0,3,68K01,0,,1,1,,N,N,,0,,0,0,0,0,0,N,1940,0,2,0,0,0,0,0,3,4,0,2,3,,N,,,,,,,,,,,
2009029983,901.0,0,0,0,0,0,0,0,0,0,1,0,,67,1,2009,6,,,859.0,6,0,0,0,0,0,2,0,0,2.0,0,0,0,8,1,2,0,,2,,3.0,0,,4,0,0,0,67301,0,0,0,N,0,0,0,2,67501,2,,1,1,,N,N,,0,,0,0,1,3,8,N,859,2,2,0,0,0,0,0,3,3,1,2,3,,N,,,,,,,,,,,
2009035242,200.0,1,0,0,0,0,0,0,0,0,7,0,,67,3,2009,7,39.9237,-75.192,200.0,6,0,0,0,0,0,0,0,0,1.0,0,0,0,1,3,0,0,,1,39 55:24.470,4.0,0,75 11:30.590,0,0,0,0,67301,0,0,0,N,0,0,0,2,68K01,0,,2,1,,N,N,,0,,0,0,0,0,0,N,155,0,1,0,0,0,0,0,3,4,0,1,3,,N,,,,,,,,,,,
2009030053,1235.0,1,0,0,0,0,0,0,0,0,1,0,,67,2,2009,6,39.964,-75.1916,1230.0,6,0,0,0,0,0,0,0,0,,0,0,0,11,1,1,1,,0,39 57:50.569,,0,75 11:29.777,3,0,0,0,67301,0,0,0,N,0,0,0,2,67301,0,,1,2,,N,N,,0,,1,0,1,3,2,,1100,1,2,0,0,0,0,1,3,4,0,2,98,,N,,,,,,,,,,,
2009025260,1146.0,2,0,0,0,0,0,0,0,0,4,0,,67,1,2009,7,39.9758,-75.241,1146.0,6,0,0,0,0,0,1,0,0,,0,0,0,11,1,1,1,,0,39 58:33.045,,0,75 14:27.779,8,0,0,0,67301,0,0,0,N,0,0,0,2,67301,0,,1,1,,N,N,,0,,0,0,0,3,3,,1145,1,2,0,0,0,1,0,3,4,0,2,3,,N,,,,,,,,,,,
2009025272,426.0,1,0,1,0,0,0,0,0,0,7,0,,67,1,2009,5,39.9778,-75.2134,425.0,6,0,0,0,0,0,0,1,0,,0,0,0,4,3,2,1,,0,39 58:40.080,,0,75 12:48.600,2,0,0,0,67301,0,0,0,,0,0,0,2,67301,0,,5,1,,,,,0,,1,1,0,3,2,,423,2,1,0,0,0,0,0,3,4,0,1,3,,N,,,,,,,,,,,
2009030439,835.0,4,0,0,0,0,0,0,0,0,1,0,,67,2,2009,1,39.9966,-75.1622,830.0,6,0,0,0,0,0,0,0,0,,0,0,0,8,1,1,0,,0,39 59:47.648,,0,75 09:44.074,8,0,0,0,67301,0,0,0,,0,0,0,1,67301,0,,1,1,,,,,0,,0,0,0,0,0,,800,1,4,0,0,0,1,0,3,4,0,4,3,,N,,,,,,,,,,,
2009030485,211.0,1,0,0,0,0,0,0,0,0,7,0,,67,1,2009,6,40.0177,-75.1724,206.0,6,0,0,0,0,1,0,0,0,,0,0,0,2,3,1,0,,0,40 01:03.720,,0,75 10:20.640,4,0,0,0,67301,0,0,0,N,0,0,0,1,67301,1,,2,1,,N,N,,0,,0,0,0,3,4,,200,1,2,0,0,0,0,0,3,4,0,1,3,,N,,,,,,,,,,,
2009133456,1155.0,1,0,0,0,0,0,0,0,0,4,0,,67,12,2009,2,39.9572,-75.1567,1152.0,6,0,0,0,0,0,0,0,0,2.0,0,0,0,11,1,2,0,,2,39 57:25.862,4.0,0,75 09:24.046,8,0,0,0,67301,0,0,0,N,0,0,0,5,68K01,0,,1,1,,N,N,,0,,0,0,1,0,0,N,1150,2,2,0,0,0,2,0,3,4,0,2,3,,N,,,,,,,,,,,
2009109165,1544.0,3,0,0,0,0,0,0,0,0,5,0,55.0,67,10,2009,4,39.8989,-75.1791,1525.0,6,0,0,0,0,0,0,0,0,2.0,0,0,0,15,1,1,0,,2,39 53:56.134,1.0,0,75 10:06.320,8,0,0,0,67301,0,0,0,N,0,0,0,3,68K01,0,,1,1,,N,N,,0,,0,0,0,3,8,N,1523,1,3,0,0,0,1,0,3,4,0,3,3,,Y,4.0,1.0,N,N,N,N,Y,N,N,N,
2009125428,1825.0,1,0,0,1,0,0,0,0,0,5,0,,67,10,2009,6,39.9512,-75.1535,1800.0,6,0,0,0,0,0,0,0,0,,0,0,0,17,3,1,0,,0,39 57:04.149,,0,75 09:12.587,3,0,0,0,67301,1,0,0,,0,0,0,3,67301,0,,6,1,,,,,0,,1,0,0,3,2,,1759,1,2,0,0,0,0,1,3,4,0,1,3,,N,,,,,,,,,,,
2009112096,1126.0,0,0,0,0,0,0,0,0,0,8,0,,67,9,2009,6,39.9495,-75.1659,1120.0,6,0,0,0,0,0,0,0,0,,0,0,0,11,1,1,1,,0,39 56:58.357,,0,75 09:57.108,4,0,0,0,67301,1,0,0,N,1,0,0,2,67301,1,,1,1,,N,N,,1,,0,0,0,3,2,,1120,1,2,0,0,0,0,0,3,4,0,1,3,,N,,,,,,,,,,,
2009111791,2317.0,2,0,0,0,0,0,0,0,0,2,0,,67,10,2009,6,39.9804,-75.1268,2315.0,6,0,0,0,0,0,0,0,0,,0,0,0,23,3,2,1,,0,39 58:49.566,,0,75 07:36.357,8,0,0,0,67301,0,0,0,,0,0,0,2,67301,0,,1,9,,N,N,,0,,0,0,0,3,3,,2315,2,2,0,0,0,2,0,3,4,0,2,7,,N,,,,,,,,,,,
2009117806,1139.0,2,0,0,0,0,0,0,0,0,1,0,,67,11,2009,6,40.0093,-75.2066,1131.0,6,0,0,0,0,0,0,0,0,,0,0,0,11,1,1,0,,0,40 00:33.567,,0,75 12:24.309,4,0,0,0,67301,0,0,0,N,0,0,0,2,68K01,1,,1,9,,N,N,,0,,0,0,0,0,0,,1127,1,2,0,0,1,0,0,3,4,0,2,7,,N,,,,,,,,,,,
2009125194,9999.0,1,0,0,0,0,0,0,0,0,7,0,,67,11,2009,1,40.0196,-75.0944,9999.0,6,0,0,0,0,1,0,0,0,,0,0,0,99,3,4,0,,0,40 01:10.686,,0,75 05:39.883,3,0,0,0,67301,0,0,0,Y,0,0,0,4,67301,3,,5,1,,N,N,,0,,1,0,0,0,0,,9999,4,1,0,0,0,0,0,3,4,0,1,3,,N,,,,,,,,,,,
2009122745,2138.0,2,0,0,0,0,0,0,0,0,5,0,,67,11,2009,2,39.9652,-75.1856,2134.0,6,0,0,0,0,0,0,0,0,2.0,0,0,0,21,3,1,0,,2,39 58:00.806,4.0,0,75 11:15.911,4,0,0,0,67301,0,0,0,N,0,0,0,2,68K01,1,,1,1,,N,N,,0,,0,0,0,0,0,N,2129,1,2,0,0,1,0,0,3,4,0,2,3,,N,,,,,,,,,,,
2009133149,2246.0,1,0,0,0,0,0,0,0,0,7,0,,67,12,2009,2,40.0157,-75.0532,2239.0,6,0,0,0,0,0,0,0,0,1.0,0,0,0,22,2,1,0,,2,40 00:56.160,2.0,0,75 03:11.880,4,0,0,0,67301,0,0,0,Y,0,0,0,1,68K01,1,,2,1,,N,N,,0,,0,0,0,0,0,N,2235,1,1,0,0,0,0,0,3,4,0,1,3,,N,,,,,,,,,,,
2009120266,1459.0,1,0,0,0,0,0,0,0,0,8,0,,67,10,2009,3,40.0686,-75.0672,1452.0,6,0,0,0,0,0,0,0,0,,0,0,0,13,1,1,0,,0,40 04:07.001,,0,75 04:01.743,4,0,0,0,67301,1,0,0,N,1,0,0,2,67301,1,,1,9,,N,N,,0,,0,0,0,0,0,,1330,1,2,0,0,0,0,0,3,4,0,1,7,,N,,,,,,,,,,,
2009044843,1340.0,1,0,0,0,0,0,0,0,0,8,0,,67,3,2009,3,40.039,-75.1446,1337.0,6,0,0,0,0,0,0,0,1,1.0,0,0,0,13,1,1,1,,1,40 02:20.710,3.0,0,75 08:41.028,4,0,0,0,67301,1,0,0,N,1,0,0,2,67301,1,,1,1,,N,N,,0,,0,0,0,3,2,N,1335,1,2,0,0,0,0,0,3,4,0,1,3,,N,,,,,,,,,,,
2009047469,1539.0,1,0,0,0,0,0,0,0,0,5,0,,67,3,2009,5,39.9557,-75.1483,1539.0,6,0,0,0,0,0,0,1,0,,0,0,0,15,1,1,0,,0,39 57:19.916,,2,75 08:53.402,3,0,0,0,67301,0,0,0,N,0,0,0,2,67501,0,,1,1,,N,N,,1,,1,0,0,0,0,,1539,1,2,0,0,0,0,0,3,4,0,2,3,,N,,,,,,,,,,,
2009044378,1815.0,1,0,0,0,0,0,0,0,0,1,0,,67,3,2009,3,40.1113,-75.0006,1805.0,6,0,0,0,0,0,1,1,0,1.0,0,0,0,17,1,1,0,,1,40 06:40.769,4.0,0,75 00:02.361,8,0,0,0,67301,0,0,0,N,0,0,0,4,67301,0,,1,1,,N,N,,0,,0,0,1,0,0,N,1750,1,3,0,0,0,1,0,3,4,1,3,3,,N,,,,,,,,,,,
2009044411,2215.0,1,0,0,0,0,0,0,0,0,1,0,,67,3,2009,1,40.0303,-75.1318,2206.0,6,0,0,0,0,0,1,0,0,,0,0,0,22,3,2,1,,0,40 01:49.177,,0,75 07:54.609,4,0,0,0,67301,0,0,0,N,0,0,0,2,67301,2,,1,1,,N,N,,0,,0,0,1,3,2,,2200,2,2,0,0,1,0,0,3,4,0,2,3,,N,,,,,,,,,,,
2009037479,1609.0,2,0,0,0,0,0,0,0,0,4,0,,67,2,2009,2,40.0014,-75.1515,1558.0,6,0,0,0,0,0,0,0,0,,0,0,0,15,1,2,1,,0,40 00:05.153,,0,75 09:05.818,3,0,0,0,67301,0,0,0,,0,0,0,2,67301,0,,1,1,,,,,0,,2,0,0,0,0,,1519,2,2,0,0,0,0,0,3,4,0,2,3,,N,,,,,,,,,,,
2009039391,1150.0,2,0,0,0,0,0,0,0,0,4,0,,67,2,2009,3,40.0276,-75.0962,1142.0,6,0,0,0,0,0,0,0,0,,0,0,0,11,1,1,1,,0,40 01:39.432,,0,75 05:46.337,4,0,0,0,67301,0,0,0,N,0,0,0,2,67301,1,,1,1,,N,N,,0,,0,0,0,3,3,,1120,1,2,0,0,0,0,0,3,4,0,2,3,,N,,,,,,,,,,,
2009049785,115.0,1,0,0,0,0,0,0,0,0,7,0,,67,3,2009,1,39.9994,-75.1906,110.0,6,0,0,0,0,0,1,0,0,1.0,0,0,0,1,3,1,0,,1,39 59:57.673,2.0,0,75 11:26.197,8,0,0,0,67301,0,0,0,N,0,0,0,1,67301,0,,2,9,,N,N,,0,,0,0,0,3,2,Y,105,1,1,0,0,1,1,0,3,4,0,1,7,,N,,,,,,,,,,,
2009039404,1914.0,1,0,0,0,0,0,0,0,0,8,0,,67,1,2009,5,39.9554,-75.1711,1910.0,6,0,0,0,0,0,0,0,0,,0,0,0,19,3,1,1,,0,39 57:19.443,,0,75 10:16.111,8,0,0,0,67301,1,0,0,N,1,0,0,2,67301,0,,1,1,,N,N,,0,,0,0,0,3,2,,1900,1,2,0,0,0,1,0,3,4,0,1,3,,N,,,,,,,,,,,
2009037414,2252.0,2,0,0,0,0,0,0,0,0,4,0,,67,2,2009,2,39.9437,-75.1654,2241.0,6,0,0,0,0,0,0,0,0,,0,0,0,22,3,1,1,,0,39 56:37.091,,0,75 09:56.008,8,0,0,0,67301,0,0,0,N,0,0,0,2,67301,0,,1,1,,N,N,,0,,0,0,0,3,2,,2238,1,2,0,0,0,1,0,3,4,0,2,3,,N,,,,,,,,,,,
2009039679,1917.0,2,0,0,0,0,0,0,0,0,4,0,,67,1,2009,2,39.972,-75.184,1916.0,6,0,0,0,0,0,0,0,0,,0,0,0,19,3,0,0,,0,39 58:19.313,,0,75 11:02.493,0,0,0,0,67301,0,0,0,N,0,0,0,2,67301,0,,2,1,,N,N,,0,,0,0,0,0,0,,1915,0,2,0,0,0,0,0,3,4,0,2,3,,N,,,,,,,,,,,
2009029725,1722.0,2,0,0,0,0,0,0,0,0,4,0,,67,2,2009,6,40.0564,-75.0533,1720.0,6,0,0,0,0,1,1,0,0,,0,0,0,17,1,2,1,,0,40 03:23.118,,0,75 03:12.018,4,0,0,0,67301,0,0,0,N,0,0,0,2,67301,2,,1,1,,N,,,0,,0,0,0,3,2,,1718,2,2,0,0,2,0,0,3,4,0,2,3,,N,,,,,,,,,,,
2009039083,635.0,0,0,0,0,0,0,0,0,0,1,0,,67,2,2009,5,40.0377,-75.0425,630.0,6,0,0,0,0,0,0,0,0,1.0,0,0,0,6,5,1,1,,1,40 02:15.775,4.0,0,75 02:32.796,4,0,0,0,67301,0,0,0,N,0,0,0,3,67301,1,,1,9,,N,N,,1,,0,0,1,3,2,N,625,1,2,0,0,0,0,0,3,4,0,2,3,,N,,,,,,,,,,,
2009037362,1630.0,2,0,0,0,0,0,0,0,0,4,0,,67,2,2009,5,40.0363,-75.1743,1622.0,6,0,0,1,0,0,0,0,0,,0,0,0,16,1,3,0,,0,40 02:10.683,,0,75 10:27.321,8,0,0,0,67301,0,0,0,N,0,0,0,4,67301,0,,1,1,,N,N,,0,,0,0,1,0,0,,1616,3,3,0,0,0,3,0,3,4,0,3,3,,N,,,,,,,,,,,
2009049647,1336.0,1,0,0,0,0,0,0,0,0,4,0,,67,4,2009,7,40.0419,-75.075,1331.0,6,0,0,0,0,0,0,0,0,,0,0,0,99,1,3,1,,0,40 02:30.910,,0,75 04:29.910,4,0,0,0,67301,0,0,0,N,0,0,0,3,67301,3,,1,9,,N,N,,0,,0,0,1,3,2,,9999,3,2,0,0,1,0,0,3,4,0,2,7,,N,,,,,,,,,,,
2009026871,1814.0,2,0,0,0,0,0,0,0,0,1,0,,67,1,2009,7,40.0218,-75.1395,1807.0,6,0,0,0,0,0,0,0,0,1.0,0,0,0,18,3,1,1,,1,40 01:18.102,1.0,0,75 08:23.227,8,0,0,0,67301,0,0,0,N,0,0,0,2,67301,0,,1,2,,N,N,,0,,0,0,0,0,0,N,1800,1,2,0,0,0,1,0,3,4,0,2,3,,N,,,,,,,,,,,
2009034108,427.0,1,0,0,0,0,0,0,0,0,7,0,,67,2,2009,7,40.0245,-75.0308,413.0,6,0,0,0,0,0,0,0,0,,0,0,0,4,6,0,0,,0,40 01:26.190,,2,75 01:51.360,0,0,0,0,67301,0,0,0,Y,0,0,0,1,68K01,0,,2,1,,N,N,,0,,0,0,0,0,0,,409,0,1,0,0,0,0,0,3,4,0,1,3,,N,,,,,,,,,,,
2009049579,542.0,1,0,0,0,0,0,0,0,0,7,0,,67,3,2009,1,39.9198,-75.1883,540.0,6,0,0,0,0,0,0,0,1,,0,0,0,5,3,0,1,,0,39 55:11.208,,0,75 11:17.768,0,0,0,0,67301,0,0,0,,0,0,0,1,67301,0,,2,1,,N,N,,0,,0,0,0,3,2,,535,0,1,0,0,0,0,0,3,4,0,1,3,,N,,,,,,,,,,,
2009097606,1518.0,1,0,0,0,0,0,0,0,0,8,0,,67,9,2009,3,39.9965,-75.1138,517.0,6,0,0,0,0,0,0,0,0,,0,0,0,15,1,1,0,,0,39 59:47.418,,0,75 06:49.739,4,0,0,0,67301,1,0,0,,1,0,0,2,67301,1,,1,9,,,,,0,,0,0,0,0,0,,1515,1,2,0,0,0,0,0,3,4,0,1,3,,N,,,,,,,,,,,
2009098522,500.0,0,0,0,0,0,0,0,0,0,7,0,,67,9,2009,1,40.012,-75.0602,455.0,6,0,0,0,0,0,0,0,0,2.0,0,0,0,4,3,1,0,,1,40 00:43.200,2.0,0,75 03:37.080,8,0,0,0,67301,0,0,0,N,0,0,0,1,68K01,0,,2,9,,N,N,,0,,0,0,1,0,0,N,453,1,1,0,0,0,1,0,3,4,0,1,7,,N,,,,,,,,,,,
2009131675,2233.0,1,0,0,0,0,0,0,0,0,7,0,,67,11,2009,4,39.9594,-75.1412,2229.0,6,0,0,0,0,0,0,0,0,1.0,0,0,0,22,3,0,0,,1,39 57:26.499,4.0,2,75 08:32.723,0,0,0,0,67301,0,0,0,N,0,0,0,5,68K01,0,,4,1,,N,N,,0,,0,0,0,0,0,N,2224,0,1,0,0,0,0,0,3,4,0,1,3,,N,,,,,,,,,,,
2009102233,603.0,1,0,0,0,0,0,0,0,0,7,0,,67,10,2009,7,40.0352,-75.0177,546.0,6,0,0,0,0,0,0,0,0,,0,0,0,5,3,0,0,,0,40 02:07.243,,0,75 01:02.884,0,0,0,0,67301,0,0,0,N,0,0,0,1,68K01,0,,1,1,,N,N,,0,,0,0,0,0,0,,543,0,1,0,0,0,0,0,3,4,0,1,3,,N,,,,,,,,,,,
2009025615,818.0,0,0,0,0,0,0,0,0,0,1,0,,67,1,2009,3,40.1125,-75.0255,815.0,6,0,0,0,0,0,0,0,0,2.0,0,0,0,8,1,1,0,,2,40 06:45.043,3.0,0,75 01:31.641,3,0,0,0,67301,0,0,0,N,0,0,0,1,67301,0,,2,2,,,N,,1,,1,0,1,0,0,Y,815,1,2,0,0,0,0,0,3,4,0,2,3,,N,,,,,,,,,,,
2009023222,2001.0,3,0,0,0,0,0,0,0,0,1,0,,67,2,2009,6,40.0066,-75.1988,1958.0,6,0,0,0,0,0,1,0,0,2.0,0,0,0,19,3,1,0,,1,40 00:22.724,3.0,0,75 11:53.265,4,0,0,0,67301,0,0,0,N,0,0,0,5,68K01,1,,1,1,,N,N,,0,,0,0,1,0,0,N,1954,1,4,0,0,0,0,1,3,4,0,4,3,,N,,,,,,,,,,,
2009032896,1015.0,2,0,0,0,0,0,0,0,0,7,0,,67,2,2009,4,39.9059,-75.1333,1015.0,6,0,0,0,0,0,0,0,0,,0,0,0,10,1,0,0,,0,39 54:21.217,,1,75 07:59.928,0,0,0,0,67301,0,0,0,N,0,0,0,4,67501,0,,2,6,,N,N,,1,,0,0,0,0,0,,1015,0,3,0,0,0,0,0,3,4,0,3,10,,N,,,,,,,,,,,
2009032905,927.0,1,0,0,0,0,0,0,0,0,4,0,,67,1,2009,2,39.9725,-75.1236,927.0,6,0,0,0,0,0,0,0,0,1.0,0,0,0,9,1,2,0,,1,39 58:20.943,4.0,0,75 07:25.009,4,0,0,0,67301,0,0,0,N,0,0,0,2,67301,2,,7,1,,N,N,,0,,0,0,1,3,4,N,926,2,2,0,0,0,0,0,3,4,0,2,3,,N,,,,,,,,,,,
2009025262,1414.0,2,0,0,0,0,0,0,0,0,4,0,,67,1,2009,4,40.0667,-75.178,1413.0,6,0,0,0,0,0,1,0,0,,0,0,0,14,1,0,1,,0,40 04:00.294,,0,75 10:40.851,0,0,0,0,67301,0,0,0,,0,0,0,2,67301,0,,1,1,,N,N,,0,,0,0,0,0,0,,1411,0,2,0,0,0,0,0,3,4,0,2,3,,N,,,,,,,,,,,
2009030429,1701.0,2,0,0,0,0,0,0,0,0,2,0,,67,1,2009,5,40.1019,-74.9722,1656.0,6,0,0,0,0,0,1,0,0,2.0,0,0,0,16,1,0,0,,1,40 06:07.009,5.0,0,74 58:19.822,9,0,0,0,67301,0,0,0,,0,0,0,8,67301,0,,1,1,,,,,2,,0,0,0,0,0,Y,1650,0,4,0,0,0,0,7,3,4,0,4,3,,N,,,,,,,,,,,
2009030438,1655.0,0,0,0,0,0,0,0,0,0,7,1,,67,2,2009,2,39.9929,-75.1033,1552.0,6,0,0,0,0,0,0,0,0,,0,1,0,15,1,0,2,,0,39 59:34.418,,0,75 06:11.876,0,0,0,0,67301,0,0,0,N,0,0,0,1,67301,0,,5,1,,N,N,,0,,0,0,0,3,3,,1545,0,1,0,0,0,0,0,3,4,0,1,3,,N,,,,,,,,,,,