CRN,ARRIVAL_TM,AUTOMOBILE_COUNT,BELTED_DEATH_COUNT,BELTED_SUSP_SERIOUS_INJ_COUNT,BICYCLE_COUNT,BICYCLE_DEATH_COUNT,BICYCLE_SUSP_SERIOUS_INJ_COUNT,BUS_COUNT,CHLDPAS_DEATH_COUNT,CHLDPAS_SUSP_SERIOUS_INJ_COUNT,COLLISION_TYPE,COMM_VEH_COUNT,CONS_ZONE_SPD_LIM,COUNTY,CRASH_MONTH,CRASH_YEAR,DAY_OF_WEEK,DEC_LAT,DEC_LONG,DISPATCH_TM,DISTRICT,DRIVER_COUNT_16YR,DRIVER_COUNT_17YR,DRIVER_COUNT_18YR,DRIVER_COUNT_19YR,DRIVER_COUNT_20YR,DRIVER_COUNT_50_64YR,DRIVER_COUNT_65_74YR,DRIVER_COUNT_75PLUS,EST_HRS_CLOSED,FATAL_COUNT,HEAVY_TRUCK_COUNT,HORSE_BUGGY_COUNT,HOUR_OF_DAY,ILLUMINATION,INJURY_COUNT,INTERSECT_TYPE,INTERSECTION_RELATED,LANE_CLOSED,LATITUDE,LN_CLOSE_DIR,LOCATION_TYPE,LONGITUDE,MAX_SEVERITY_LEVEL,MCYCLE_DEATH_COUNT,MCYCLE_SUSP_SERIOUS_INJ_COUNT,MOTORCYCLE_COUNT,MUNICIPALITY,NONMOTR_COUNT,NONMOTR_DEATH_COUNT,NONMOTR_SUSP_SERIOUS_INJ_COUNT,NTFY_HIWY_MAINT,PED_COUNT,PED_DEATH_COUNT,PED_SUSP_SERIOUS_INJ_COUNT,PERSON_COUNT,POLICE_AGCY,POSSIBLE_INJ_COUNT,RDWY_SURF_TYPE_CD,RELATION_TO_ROAD,ROAD_CONDITION,ROADWAY_CLEARED,SCH_BUS_IND,SCH_ZONE_IND,SECONDARY_CRASH,SMALL_TRUCK_COUNT,SPEC_JURIS_CD,SUSP_MINOR_INJ_COUNT,SUSP_SERIOUS_INJ_COUNT,SUV_COUNT,TCD_FUNC_CD,TCD_TYPE,TFC_DETOUR_IND,TIME_OF_DAY,TOT_INJ_COUNT,TOTAL_UNITS,UNB_DEATH_COUNT,UNB_SUSP_SERIOUS_INJ_COUNT,UNBELTED_OCC_COUNT,UNK_INJ_DEG_COUNT,UNK_INJ_PER_COUNT,URBAN_AREA,URBAN_RURAL,VAN_COUNT,VEHICLE_COUNT,WEATHER1,WEATHER2,WORK_ZONE_IND,WORK_ZONE_LOC,WORK_ZONE_TYPE,WORKERS_PRES,WZ_CLOSE_DETOUR,WZ_FLAGGER,WZ_LAW_OFFCR_IND,WZ_LN_CLOSURE,WZ_MOVING,WZ_OTHER,WZ_SHLDER_MDN,WZ_WORKERS_INJ_KILLED
2009125324,1910.0,0,0,0,0,0,0,0,0,0,8,0,,67,11,2009,6,40.0182,-75.1471,1900.0,6,0,0,0,0,0,0,0,0,,0,0,0,19,3,1,2,,0,40 01:05.530,,0,75 08:49.603,3,0,0,0,67301,1,0,0,,1,0,0,2,67301,0,,1,9,,N,,,0,,1,0,1,3,3,,1900,1,2,0,0,0,0,0,3,4,0,1,7,,N,,,,,,,,,,,
2009125328,1311.0,1,0,0,0,0,0,0,0,0,7,0,,67,11,2009,7,40.0491,-75.1185,1308.0,6,0,0,0,0,0,0,0,0,,0,0,0,13,1,0,2,,0,40 02:56.774,,0,75 07:06.621,0,0,0,0,67301,0,0,0,N,0,0,0,1,67301,0,,5,9,,N,N,,0,,0,0,0,3,3,,1300,0,1,0,0,0,0,0,3,4,0,1,7,,N,,,,,,,,,,,
2009125461,2015.0,0,0,0,0,0,0,0,0,0,4,0,,67,11,2009,6,39.8954,-75.2335,1005.0,6,0,0,0,0,0,0,0,0,,0,0,0,19,3,1,2,,0,39 53:44.024,,0,75 14:00.732,4,0,0,0,67301,0,0,0,,0,0,0,2,67301,1,,1,1,,,,,1,,0,0,1,3,2,,1924,1,2,0,0,0,0,0,3,4,0,2,3,,N,,,,,,,,,,,
2009125462,222.0,2,0,0,0,0,0,0,0,0,4,0,,67,11,2009,4,39.9141,-75.2345,219.0,6,0,0,0,0,0,0,0,0,9.0,0,0,0,99,3,0,0,,1,39 54:50.803,4.0,0,75 14:04.113,0,0,0,0,67301,0,0,0,,0,0,0,1,67301,0,,6,1,,,,,0,,0,0,0,0,0,N,9999,0,2,0,0,0,0,0,3,4,0,2,3,,N,,,,,,,,,,,
2009111715,2117.0,1,0,0,0,0,0,0,0,0,8,0,,67,9,2009,1,39.9961,-75.181,2115.0,6,0,0,0,0,0,0,0,0,,0,0,0,21,3,1,0,,0,39 59:45.859,,0,75 10:51.736,3,0,0,0,67301,1,0,0,N,1,0,0,2,67301,0,,6,1,,N,N,,0,,1,0,0,0,0,,2100,1,2,0,0,0,0,1,3,4,0,1,3,,N,,,,,,,,,,,
2009106828,2002.0,1,0,0,0,0,0,0,0,0,1,0,,67,10,2009,3,39.9687,-75.1927,2001.0,6,0,0,0,0,0,1,0,0,,0,0,0,20,3,1,0,,0,39 58:07.370,,0,75 11:33.640,8,0,0,1,67301,0,0,0,N,0,0,0,3,68K01,0,,1,1,,N,N,,0,,0,0,0,0,0,,2000,1,2,0,0,0,1,0,3,4,0,2,3,,N,,,,,,,,,,,
2009125598,807.0,2,0,0,0,0,0,0,0,0,1,0,,67,12,2009,5,40.0085,-75.07,804.0,6,0,0,0,0,0,0,0,0,1.0,0,0,0,8,1,0,0,,1,40 00:30.816,1.0,0,75 04:11.025,0,0,0,0,67301,0,0,0,N,0,0,0,3,68K01,0,,1,1,,N,N,,0,,0,0,1,0,0,N,800,0,3,0,0,0,0,0,3,4,0,3,3,,N,,,,,,,,,,,
2009125099,1039.0,0,0,0,0,0,0,0,0,0,8,0,,67,11,2009,5,39.9512,-75.1789,1033.0,6,0,0,0,0,0,0,0,0,,0,0,0,10,1,1,0,,0,39 57:04.156,,0,75 10:43.649,8,0,0,0,67301,1,0,0,N,1,0,0,2,67301,0,,5,1,,N,N,,0,,0,0,1,0,0,,1030,1,2,0,0,0,1,0,3,4,0,1,3,,N,,,,,,,,,,,
2009125160,2300.0,2,0,0,0,0,0,0,0,0,4,0,,67,11,2009,1,40.0245,-75.1307,2245.0,6,0,0,0,0,0,0,0,0,2.0,0,0,0,22,3,2,0,,2,40 01:28.335,2.0,0,75 07:50.552,4,0,0,0,67301,0,0,0,,0,0,0,2,67301,2,,1,1,,,,,0,,0,0,0,3,2,N,2245,2,2,0,0,0,0,0,3,4,0,2,3,,N,,,,,,,,,,,
2009125251,1139.0,3,0,0,0,0,0,0,0,0,5,0,,67,11,2009,4,39.9259,-75.1759,1135.0,6,0,0,0,0,0,0,0,0,2.0,0,0,0,99,3,0,0,,2,39 55:33.142,1.0,0,75 10:33.268,0,0,0,0,67301,0,0,0,N,0,0,0,4,67301,0,,2,9,,N,N,,0,,0,0,0,0,0,Y,9999,0,3,0,0,0,0,0,3,4,0,3,3,,N,,,,,,,,,,,
2009111854,2015.0,1,0,0,0,0,0,0,0,0,8,0,,67,10,2009,5,39.9956,-75.1289,2012.0,6,0,0,0,0,0,0,0,0,,0,0,0,15,1,1,0,,0,39 59:44.145,,0,75 07:43.986,8,0,0,0,67301,1,0,0,,1,0,0,2,67301,0,,1,1,,,,,0,,0,0,0,0,0,,1536,1,2,0,0,0,1,0,3,4,0,1,3,,N,,,,,,,,,,,
2009111882,1729.0,0,0,0,0,0,0,1,0,0,8,1,,67,10,2009,6,39.9239,-75.23,1729.0,6,0,0,0,0,0,0,0,0,,0,0,0,15,1,1,2,,0,39 55:25.978,,0,75 13:48.165,4,0,0,0,67301,1,0,0,N,1,0,0,2,67301,1,,1,1,,Y,N,,0,,0,0,0,0,0,,1530,1,2,0,0,0,0,1,3,4,0,1,3,,N,,,,,,,,,,,
2009044721,2203.0,2,0,0,0,0,0,0,0,0,4,0,,67,4,2009,1,39.9883,-75.254,2158.0,6,0,0,0,0,0,0,1,0,2.0,0,0,0,21,3,1,1,,1,39 59:17.883,4.0,0,75 15:14.304,8,0,0,0,67301,0,0,0,N,0,0,0,2,46104,0,,1,1,,N,N,,0,,0,0,0,3,2,N,2158,1,2,0,0,2,1,0,3,4,0,2,3,,N,,,,,,,,,,,
2009039424,731.0,1,0,0,0,0,0,0,0,0,8,0,,67,2,2009,2,40.039,-75.1446,730.0,6,0,0,0,0,0,0,0,0,,0,0,0,7,1,1,1,,0,40 02:20.710,,0,75 08:41.028,4,0,0,0,67301,1,0,0,N,1,0,0,2,67301,1,,1,1,,N,N,,0,,0,0,0,3,2,,730,1,2,0,0,0,0,0,3,4,0,1,98,,N,,,,,,,,,,,
2009037406,1628.0,2,0,0,0,0,0,0,0,0,4,0,,67,3,2009,7,39.9737,-75.2312,1626.0,6,0,0,0,0,0,0,0,0,,0,0,0,16,1,1,1,,0,39 58:25.388,,0,75 13:52.359,8,0,0,0,67301,0,0,0,,0,0,0,5,67301,0,,1,1,,N,N,,0,,0,0,0,9,3,,1625,1,2,0,0,0,1,0,3,4,0,2,3,,N,,,,,,,,,,,
2009047421,1425.0,1,0,0,0,0,0,1,0,0,4,1,,67,3,2009,3,40.0829,-75.0271,1420.0,6,0,0,0,0,0,0,0,0,1.0,0,0,0,14,1,5,0,,1,40 04:58.410,2.0,7,75 01:37.501,4,0,0,0,67301,0,0,0,,0,0,0,8,67301,5,,1,1,,,,,0,,0,0,0,0,0,N,1420,5,2,0,0,0,0,0,3,4,0,2,3,,N,,,,,,,,,,,
2009039110,2123.0,2,0,0,0,0,0,0,0,0,2,0,,67,2,2009,4,40.0629,-75.0282,2121.0,6,0,0,0,0,0,0,0,0,,0,0,0,21,3,2,0,,0,40 03:46.440,,0,75 01:41.613,2,0,0,0,67301,0,0,0,N,0,0,0,4,67301,0,,1,9,,N,N,,0,,1,1,0,0,0,,2119,2,2,0,0,0,0,0,3,4,0,2,7,,N,,,,,,,,,,,
2009037343,504.0,2,0,0,0,0,0,0,0,0,5,0,,67,2,2009,7,39.9214,-75.2425,502.0,6,0,0,0,0,0,0,0,0,,0,0,0,4,3,0,0,,0,39 55:17.198,,0,75 14:32.935,0,0,0,0,67301,0,0,0,,0,0,0,1,67301,0,,6,1,,,,,0,,0,0,0,0,0,,433,0,3,0,0,0,0,0,3,4,1,3,3,,N,,,,,,,,,,,
2009037428,1329.0,1,0,0,0,0,0,0,0,0,1,0,,67,2,2009,7,39.904,-75.2401,1323.0,6,0,0,0,0,0,0,0,0,,0,0,0,13,1,1,1,,0,39 54:14.620,,0,75 14:25.050,4,0,0,0,67301,0,0,0,N,0,0,0,3,67301,1,,4,1,,N,N,,0,,0,0,1,3,2,,1323,1,2,0,0,0,0,0,3,4,0,2,3,,N,,,,,,,,,,,
2009044414,1403.0,0,0,0,0,0,0,0,0,0,8,0,,67,3,2009,4,39.9542,-75.1698,1359.0,6,0,0,0,0,0,0,0,0,,0,0,0,13,1,1,1,,0,39 57:15.094,,0,75 10:11.174,4,0,0,0,67301,1,0,0,N,1,0,0,2,67301,1,,1,1,,N,N,,0,,0,0,1,3,2,,1355,1,2,0,0,0,0,0,3,4,0,1,3,,N,,,,,,,,,,,
2009044449,1745.0,1,0,0,0,0,0,0,0,0,1,0,,67,3,2009,3,39.9211,-75.2242,1730.0,6,0,0,0,0,0,0,0,0,,0,0,0,17,1,1,1,,0,39 55:15.796,,0,75 13:27.001,4,0,0,0,67301,0,0,0,,0,0,0,5,67301,1,,1,1,,,,,0,,0,0,0,3,2,,1710,1,2,0,0,3,0,0,3,4,1,2,3,,N,,,,,,,,,,,
2009070730,1708.0,3,0,0,0,0,0,0,0,0,1,0,,67,7,2009,1,39.8989,-75.1722,1708.0,6,0,0,0,0,0,0,0,0,1.0,0,0,0,17,1,2,0,,1,39 53:56.178,2.0,0,75 10:09.899,4,0,0,0,67301,0,0,0,N,0,0,0,4,68K01,1,,1,1,,N,N,,0,,0,0,1,0,0,N,1707,2,4,0,0,0,1,0,3,4,0,4,3,,N,,,,,,,,,,,
2009124447,1422.0,1,0,0,0,0,0,0,0,0,1,0,,67,11,2009,5,40.0633,-75.0153,1415.0,6,0,0,0,0,0,0,1,0,,0,0,0,14,1,1,0,,0,40 03:47.772,,0,75 00:54.972,4,0,0,0,67301,0,0,0,,0,0,0,1,67301,1,,6,9,,,,,0,,0,0,0,0,0,,1415,1,2,0,0,0,0,0,3,4,1,2,7,,N,,,,,,,,,,,
2009132304,805.0,1,0,0,0,0,0,0,0,0,1,0,,67,12,2009,2,39.9798,-75.1069,757.0,6,0,0,0,0,0,1,0,0,,0,0,0,7,1,0,0,,0,39 58:49.047,,0,75 06:18.783,0,0,0,0,67301,0,0,0,N,0,0,0,2,68K02,0,,1,1,,N,N,,0,,0,0,1,0,0,,750,0,2,0,0,0,0,0,3,4,0,2,3,,N,,,,,,,,,,,
2009078518,1819.0,2,0,0,0,0,0,0,0,0,2,0,,67,6,2009,6,39.8958,-75.2285,1815.0,6,0,0,0,0,0,0,0,0,3.0,3,0,0,18,1,1,0,,2,39 53:44.166,3.0,0,75 13:43.073,1,0,0,0,67301,0,0,0,N,0,0,0,4,67301,1,2.0,1,1,,N,N,,0,0.0,0,0,0,0,0,Y,1810,1,3,1,0,1,0,0,3,4,1,3,3,,N,,,,,,,,,,,
2009097144,1619.0,0,0,0,0,0,0,0,0,0,8,0,,67,9,2009,1,40.0155,-75.1485,1615.0,6,0,0,0,0,0,1,0,0,,0,0,0,13,1,1,0,,0,40 00:55.695,,0,75 08:54.758,4,0,0,0,67301,1,0,0,,1,0,0,2,67301,1,,1,1,,,,,1,,0,0,0,0,0,,1350,1,2,0,0,0,0,0,3,4,0,1,3,,N,,,,,,,,,,,
2009054911,2142.0,1,0,0,0,0,0,0,0,0,7,0,,67,5,2009,2,39.9217,-75.1905,2138.0,6,0,0,0,0,0,0,0,0,1.0,0,0,0,21,3,0,0,,1,39 55:18.001,1.0,0,75 11:25.682,0,0,0,0,67301,0,0,0,N,0,0,0,1,67301,0,,1,9,,N,N,,0,,0,0,0,0,0,Y,2135,0,1,0,0,0,0,0,3,4,0,1,7,,N,,,,,,,,,,,
2009124304,755.0,1,0,0,0,0,0,0,0,0,4,0,,67,11,2009,5,40.0506,-75.0102,737.0,6,0,0,0,0,0,1,0,0,,0,0,0,7,1,1,2,,0,40 03:02.108,,7,75 00:36.644,8,0,0,0,67301,1,0,0,N,1,0,0,3,67301,0,,1,1,,N,N,,0,,0,0,0,3,2,,730,1,2,0,0,0,1,0,3,4,0,1,3,,N,,,,,,,,,,,
2009124380,838.0,2,0,0,0,0,0,0,0,0,6,0,,67,11,2009,2,39.9545,-75.2149,836.0,6,0,0,0,0,0,0,0,0,,0,0,0,7,1,1,1,,0,39 57:16.045,,0,75 12:53.647,4,0,0,0,67301,0,0,0,N,0,0,0,2,67301,1,,1,1,,N,N,,0,,0,0,0,3,3,,744,1,2,0,0,0,0,0,3,4,0,2,3,,N,,,,,,,,,,,
2009124414,1048.0,3,0,0,0,0,0,0,0,0,1,0,,67,11,2009,4,40.078,-75.0237,1038.0,6,0,0,0,0,0,0,1,2,,0,0,0,10,1,0,2,,0,40 04:40.775,,0,75 01:25.271,0,0,0,0,67301,0,0,0,N,0,0,0,4,67301,0,,1,9,,N,N,,0,,0,0,0,3,2,,1035,0,3,0,0,0,0,0,3,4,0,3,7,,N,,,,,,,,,,,
2009096834,5.0,1,0,0,0,0,0,0,0,0,7,0,,67,8,2009,7,39.9804,-75.2342,1.0,6,0,0,0,0,0,1,0,0,,0,0,0,22,3,1,0,,0,39 58:49.611,,0,75 14:02.951,4,0,0,0,67301,0,0,0,N,0,0,0,1,67301,1,,5,9,,N,N,,0,,0,0,0,0,0,,2259,1,1,0,0,0,0,0,3,4,0,1,7,,N,,,,,,,,,,,
2009126575,2103.0,2,0,0,0,0,0,0,0,0,5,0,,67,12,2009,5,39.9539,-75.1396,2103.0,6,0,0,0,0,0,0,0,0,,0,0,0,21,3,1,0,,0,39 57:13.988,,3,75 08:22.632,8,0,0,0,67301,0,0,0,N,0,0,0,3,67501,0,,1,1,,N,N,,0,,0,0,0,3,8,,2103,1,2,0,0,0,1,0,3,4,0,2,3,,N,,,,,,,,,,,
2009134054,1216.0,1,0,0,0,0,0,0,0,0,4,0,,67,12,2009,7,39.889,-75.2412,1155.0,6,0,0,0,0,0,0,0,0,,0,0,0,11,1,0,0,,0,39 53:20.266,,0,75 14:28.482,0,0,0,0,67301,0,0,0,N,0,0,0,2,68K01,0,,1,9,,N,N,,0,,0,0,1,0,0,,1151,0,2,0,0,0,0,0,3,4,0,2,10,,N,,,,,,,,,,,
2009065393,817.0,0,0,0,0,0,0,0,0,0,8,0,,67,5,2009,4,39.9496,-75.181,816.0,6,0,0,0,0,0,0,0,0,,0,0,0,8,1,1,0,,0,39 56:58.599,,0,75 10:51.667,8,0,0,0,67301,1,0,0,,1,0,0,2,67301,0,,1,1,,,,,0,,0,0,1,0,0,,815,1,2,0,0,0,1,0,3,4,0,1,3,,N,,,,,,,,,,,
2009120521,1546.0,0,0,0,0,0,0,0,0,0,1,0,,67,10,2009,3,39.9181,-75.1608,1543.0,6,0,0,0,0,0,0,0,0,,0,0,0,15,1,1,1,,0,39 55:05.264,,0,75 09:38.912,4,0,0,0,67301,0,0,0,,0,0,0,2,67301,1,,1,9,,,,,0,,0,0,1,0,0,,1540,1,2,0,0,0,0,1,3,4,1,2,7,,N,,,,,,,,,,,
2009116012,1939.0,0,0,0,0,0,0,0,0,0,1,0,,67,11,2009,6,39.8903,-75.2451,1925.0,6,0,0,0,0,0,1,0,0,,0,0,0,19,3,3,1,,0,39 53:25.139,,0,75 14:42.137,8,0,0,0,67301,0,0,0,N,0,0,0,4,68K01,0,,1,1,,N,N,,0,,0,0,1,3,2,,1923,3,2,0,0,0,3,0,3,4,1,2,3,,N,,,,,,,,,,,
2009025920,1843.0,1,0,0,0,0,0,0,0,0,1,0,,67,1,2009,3,40.0195,-75.149,1843.0,6,0,0,0,0,0,1,0,0,,0,0,0,99,3,2,2,,0,40 01:10.490,,0,75 08:56.370,4,0,0,0,67301,0,0,0,N,0,0,0,2,67301,2,,1,1,,N,N,,0,,0,0,1,3,2,,9999,2,2,0,0,0,0,0,3,4,0,2,3,,N,,,,,,,,,,,
2009027335,905.0,1,0,0,0,0,0,0,0,0,7,0,,67,2,2009,6,39.8968,-75.1903,849.0,6,0,0,0,0,0,1,0,0,,0,0,0,8,1,0,0,,0,39 53:51.360,,0,75 11:12.480,0,0,0,0,67301,0,0,0,N,0,0,0,1,68K01,0,,1,1,,N,N,,0,,0,0,0,0,0,,826,0,1,0,0,0,0,0,3,4,0,1,3,,N,,,,,,,,,,,
2009038049,1315.0,1,0,0,0,0,0,0,0,0,8,0,,67,2,2009,4,39.9314,-75.166,1314.0,6,0,0,0,0,0,0,1,0,,0,0,0,13,1,1,2,,0,39 55:53.151,,0,75 09:57.495,4,0,0,0,67301,1,0,0,N,1,0,0,2,67301,1,,1,1,,N,Y,,0,,0,0,0,4,3,,1312,1,2,0,0,0,0,0,3,4,0,1,3,,N,,,,,,,,,,,
2009030064,45.0,3,0,0,0,0,0,0,0,0,4,0,,67,1,2009,5,40.0101,-75.1214,43.0,6,0,0,0,0,0,0,0,0,,0,0,0,0,3,2,1,,0,40 00:36.436,,0,75 07:17.179,8,0,0,0,67301,0,0,0,N,0,0,0,3,67301,0,,1,1,,N,N,,0,,0,0,2,3,2,,43,2,5,0,0,0,2,1,3,4,0,5,3,,N,,,,,,,,,,,
2009030444,1405.0,1,0,0,0,0,0,0,0,0,5,0,,67,1,2009,3,39.9158,-75.1641,1402.0,6,0,0,0,0,0,0,0,0,,0,0,0,13,1,2,0,,0,39 54:57.072,,0,75 09:50.872,4,0,0,0,67301,0,0,0,,0,0,0,4,67301,2,,1,1,,N,N,,0,,0,0,0,0,0,,1350,2,2,0,0,0,0,0,3,4,1,2,3,,N,,,,,,,,,,,
2009030465,435.0,1,0,0,0,0,0,0,0,0,1,0,,67,1,2009,4,40.0211,-75.1399,434.0,6,0,0,0,0,0,0,0,0,1.0,0,0,0,4,6,1,1,,1,40 01:15.937,1.0,0,75 08:23.758,4,0,0,0,67301,0,0,0,N,0,0,0,6,67301,1,,1,1,,N,N,,0,,0,0,1,3,2,N,434,1,2,0,0,0,0,0,3,4,0,2,3,,N,,,,,,,,,,,
2009030473,2000.0,0,0,0,0,0,0,0,0,0,1,0,,67,1,2009,6,39.9347,-75.1842,1957.0,6,0,0,0,0,1,0,0,0,,0,0,0,19,3,1,0,,0,39 56:05.039,,0,75 11:03.264,3,0,0,1,67301,0,0,0,N,0,0,0,2,67301,0,,1,1,,N,N,,0,,1,0,1,3,3,,1945,1,2,0,0,0,0,0,3,4,0,2,3,,N,,,,,,,,,,,
2009109166,1642.0,0,0,0,0,0,0,0,0,0,1,0,,67,10,2009,4,40.0427,-75.0036,1638.0,6,0,0,0,0,0,1,0,0,,0,0,0,16,1,1,0,,0,40 02:33.675,,0,75 00:12.907,4,0,0,0,67301,0,0,0,N,0,0,0,2,68K01,1,,1,1,,N,N,,0,,0,0,1,0,0,,1619,1,2,0,0,0,0,0,3,4,1,2,3,,N,,,,,,,,,,,
2009114447,251.0,0,0,0,0,0,0,0,0,0,7,0,,67,10,2009,1,40.0486,-74.9987,243.0,6,0,0,0,0,1,0,0,0,1.0,0,0,0,2,3,1,0,,2,40 02:54.908,2.0,0,74 59:55.151,4,0,0,0,67301,0,0,0,Y,0,0,0,1,68K01,1,,2,9,,N,N,,0,,0,0,1,0,0,N,239,1,1,0,0,0,0,0,3,4,0,1,7,,N,,,,,,,,,,,
2009111763,1050.0,0,0,0,0,0,0,0,0,0,1,0,,67,10,2009,4,40.012,-75.176,1047.0,6,0,0,0,0,1,0,0,0,,0,0,0,7,1,1,1,,0,40 00:43.053,,0,75 10:33.696,8,0,0,0,67301,0,0,0,N,0,0,0,5,67301,0,,1,1,,N,N,,0,,0,0,1,3,2,,745,1,2,0,0,0,1,0,3,4,1,2,3,,N,,,,,,,,,,,
2009111774,1553.0,1,0,0,0,0,0,0,0,0,8,0,,67,10,2009,7,40.0006,-75.1261,1545.0,6,0,0,0,0,0,0,0,0,,0,0,0,99,1,1,0,,0,40 00:02.144,,0,75 07:33.994,4,0,0,0,67301,1,0,0,N,1,0,0,2,67301,1,,1,1,,N,N,,0,,0,0,0,0,0,,9999,1,2,0,0,0,0,1,3,4,0,1,3,,N,,,,,,,,,,,
2009106811,147.0,1,0,0,0,0,0,0,0,0,7,0,,67,10,2009,7,39.9797,-75.2046,143.0,6,0,0,1,0,0,0,0,0,2.0,0,0,0,1,3,2,0,,1,39 58:49.311,3.0,0,75 12:20.280,3,0,0,0,67301,0,0,0,N,0,0,0,2,68K01,1,,4,9,,N,N,,0,,1,0,0,0,0,N,142,2,1,0,0,0,0,0,3,4,0,1,98,,N,,,,,,,,,,,
2009125090,1739.0,1,0,0,0,0,0,0,0,0,8,0,,67,11,2009,5,39.9867,-75.2506,1739.0,6,0,0,0,0,0,0,0,0,,0,0,0,17,3,1,1,,0,39 59:11.993,,0,75 15:02.259,4,0,0,0,67301,1,0,0,N,1,0,0,2,67301,1,,1,9,,N,N,,0,,0,0,0,3,3,,1737,1,2,0,0,0,0,0,3,4,0,1,7,,N,,,,,,,,,,,
2009125184,1940.0,2,0,0,0,0,0,0,0,0,4,0,,67,11,2009,1,40.0132,-75.1504,1938.0,6,0,0,0,0,0,0,0,0,,0,0,0,19,3,0,0,,0,40 00:47.639,,0,75 09:01.344,0,0,0,0,67301,0,0,0,,0,0,0,1,67301,0,,1,1,,,,,0,,0,0,0,0,0,,1936,0,2,0,0,0,0,0,3,4,0,2,3,,N,,,,,,,,,,,
2009125198,1814.0,1,0,0,0,0,0,0,0,0,4,0,,67,11,2009,2,40.0723,-75.2423,1958.0,6,0,0,0,0,0,0,1,0,,0,0,0,17,2,1,1,,0,40 04:20.781,,0,75 14:32.546,3,0,0,0,67301,0,0,0,,0,0,0,3,67301,0,,1,1,,,,,0,,1,0,1,3,2,,1743,1,2,0,0,0,0,0,3,4,0,2,3,,N,,,,,,,,,,,
2009122728,2008.0,2,0,0,0,0,0,0,0,0,1,0,,67,11,2009,4,39.9423,-75.1937,2005.0,6,0,0,0,0,0,0,0,0,,0,0,0,20,3,0,0,,0,39 56:39.534,,0,75 11:30.051,0,0,0,0,67301,0,0,0,N,0,0,0,6,68K01,0,,1,9,,N,N,,0,,0,0,0,0,0,,2000,0,2,0,0,0,0,0,3,4,0,2,7,,N,,,,,,,,,,,
2009125212,9999.0,1,0,0,0,0,0,0,0,0,0,0,,67,11,2009,3,40.0379,-75.0524,9999.0,6,0,0,0,0,0,0,0,1,,0,0,0,99,1,1,1,,0,40 02:16.296,,0,75 03:08.647,4,0,0,0,67301,0,0,0,,0,0,0,1,67301,1,,1,1,,,,,0,,0,0,0,3,3,,9999,1,1,0,0,0,0,0,3,4,0,1,3,,N,,,,,,,,,,,
2009125279,1708.0,0,0,0,0,0,0,0,0,0,8,0,,67,11,2009,5,39.9945,-75.1441,1708.0,6,0,0,0,0,0,0,0,0,,0,0,0,17,3,1,0,,0,39 59:40.318,,0,75 08:38.590,3,0,0,0,67301,1,0,0,N,1,0,0,2,67301,0,,1,1,,N,N,,0,,1,0,1,0,0,,1705,1,2,0,0,0,0,0,3,4,0,1,3,,N,,,,,,,,,,,
2009120291,1310.0,2,0,0,0,0,0,0,0,0,4,0,,67,10,2009,4,40.0733,-75.188,1310.0,6,0,0,0,0,0,0,0,1,2.0,0,0,0,13,1,1,0,,2,40 04:23.844,6.0,0,75 11:16.620,4,0,0,0,67301,0,0,0,N,0,0,0,2,67301,1,,1,9,,N,N,,0,,0,0,1,0,0,Y,1305,1,3,0,0,0,0,0,3,4,0,3,7,,N,,,,,,,,,,,
2009026836,1131.0,2,0,0,0,0,0,0,0,0,4,0,,67,1,2009,7,39.9741,-75.2424,1127.0,6,0,0,0,0,0,0,1,0,,0,0,0,11,1,1,1,,0,39 58:26.781,,0,75 14:32.708,8,0,0,0,67301,0,0,0,N,0,0,0,2,67301,0,,1,1,,N,N,,0,,0,0,0,3,3,,1126,1,2,0,0,0,1,1,3,4,0,2,3,,N,,,,,,,,,,,
2009039836,136.0,2,0,0,0,0,0,0,0,0,5,0,,67,4,2009,1,39.977,-75.1129,131.0,6,0,0,0,0,0,0,1,0,2.0,0,0,0,1,3,3,0,,1,39 58:37.949,1.0,0,75 06:45.889,8,0,0,0,67301,0,0,0,N,0,0,0,3,68K01,0,,1,1,,N,N,,0,,0,0,0,0,0,N,127,3,2,0,0,0,3,0,3,4,0,2,3,,N,,,,,,,,,,,
2009041843,1955.0,2,0,0,0,0,0,0,0,0,1,0,,67,4,2009,6,40.0466,-75.0016,1945.0,6,0,0,0,0,0,0,0,0,,0,0,0,19,4,1,0,,0,40 02:49.743,,2,75 00:04.194,8,0,0,0,67301,0,0,0,N,0,0,0,2,68K01,0,,1,9,,N,N,,0,,0,0,0,0,0,,1943,1,2,0,0,0,1,0,3,4,0,2,7,,N,,,,,,,,,,,
2009044356,1425.0,2,0,0,0,0,0,0,0,0,4,0,,67,3,2009,1,40.0713,-75.1545,1423.0,6,0,0,1,0,0,0,0,1,1.0,0,0,0,13,1,1,2,,2,40 04:16.696,6.0,0,75 09:16.032,4,0,0,0,67301,0,0,0,,0,0,0,2,67301,1,,1,1,,,,,0,,0,0,0,3,3,Y,1330,1,2,0,0,0,0,0,3,4,0,2,3,,N,,,,,,,,,,,