CRN,ARRIVAL_TM,AUTOMOBILE_COUNT,BELTED_DEATH_COUNT,BELTED_SUSP_SERIOUS_INJ_COUNT,BICYCLE_COUNT,BICYCLE_DEATH_COUNT,BICYCLE_SUSP_SERIOUS_INJ_COUNT,BUS_COUNT,CHLDPAS_DEATH_COUNT,CHLDPAS_SUSP_SERIOUS_INJ_COUNT,COLLISION_TYPE,COMM_VEH_COUNT,CONS_ZONE_SPD_LIM,COUNTY,CRASH_MONTH,CRASH_YEAR,DAY_OF_WEEK,DEC_LAT,DEC_LONG,DISPATCH_TM,DISTRICT,DRIVER_COUNT_16YR,DRIVER_COUNT_17YR,DRIVER_COUNT_18YR,DRIVER_COUNT_19YR,DRIVER_COUNT_20YR,DRIVER_COUNT_50_64YR,DRIVER_COUNT_65_74YR,DRIVER_COUNT_75PLUS,EST_HRS_CLOSED,FATAL_COUNT,HEAVY_TRUCK_COUNT,HORSE_BUGGY_COUNT,HOUR_OF_DAY,ILLUMINATION,INJURY_COUNT,INTERSECT_TYPE,INTERSECTION_RELATED,LANE_CLOSED,LATITUDE,LN_CLOSE_DIR,LOCATION_TYPE,LONGITUDE,MAX_SEVERITY_LEVEL,MCYCLE_DEATH_COUNT,MCYCLE_SUSP_SERIOUS_INJ_COUNT,MOTORCYCLE_COUNT,MUNICIPALITY,NONMOTR_COUNT,NONMOTR_DEATH_COUNT,NONMOTR_SUSP_SERIOUS_INJ_COUNT,NTFY_HIWY_MAINT,PED_COUNT,PED_DEATH_COUNT,PED_SUSP_SERIOUS_INJ_COUNT,PERSON_COUNT,POLICE_AGCY,POSSIBLE_INJ_COUNT,RDWY_SURF_TYPE_CD,RELATION_TO_ROAD,ROAD_CONDITION,ROADWAY_CLEARED,SCH_BUS_IND,SCH_ZONE_IND,SECONDARY_CRASH,SMALL_TRUCK_COUNT,SPEC_JURIS_CD,SUSP_MINOR_INJ_COUNT,SUSP_SERIOUS_INJ_COUNT,SUV_COUNT,TCD_FUNC_CD,TCD_TYPE,TFC_DETOUR_IND,TIME_OF_DAY,TOT_INJ_COUNT,TOTAL_UNITS,UNB_DEATH_COUNT,UNB_SUSP_SERIOUS_INJ_COUNT,UNBELTED_OCC_COUNT,UNK_INJ_DEG_COUNT,UNK_INJ_PER_COUNT,URBAN_AREA,URBAN_RURAL,VAN_COUNT,VEHICLE_COUNT,WEATHER1,WEATHER2,WORK_ZONE_IND,WORK_ZONE_LOC,WORK_ZONE_TYPE,WORKERS_PRES,WZ_CLOSE_DETOUR,WZ_FLAGGER,WZ_LAW_OFFCR_IND,WZ_LN_CLOSURE,WZ_MOVING,WZ_OTHER,WZ_SHLDER_MDN,WZ_WORKERS_INJ_KILLED
2009044377,9999.0,1,0,0,0,0,0,0,0,0,1,1,,67,3,2009,4,40.0348,-75.0711,9999.0,6,0,0,0,0,0,0,0,0,1.0,0,1,0,99,3,0,1,,1,40 01:59.160,1.0,0,75 04:41.160,0,0,0,0,67301,0,0,0,N,0,0,0,2,67301,0,,1,1,,N,N,,0,,0,0,0,3,2,N,9999,0,2,0,0,0,0,0,3,4,0,2,3,,N,,,,,,,,,,,
2009037469,1853.0,1,0,0,0,0,0,0,0,0,7,0,,67,2,2009,5,40.0101,-75.1363,853.0,6,0,0,0,0,0,0,0,0,,0,0,0,18,3,1,0,,0,40 00:36.453,,0,75 08:10.526,4,0,0,0,67301,0,0,0,N,0,0,0,1,67301,1,,2,1,,N,N,,0,,0,0,0,0,0,,1850,1,1,0,0,0,0,0,3,4,0,1,3,,N,,,,,,,,,,,
2009039381,1413.0,1,0,0,0,0,0,0,0,0,8,0,,67,2,2009,2,39.9305,-75.1683,1407.0,6,0,0,0,0,0,0,0,0,,0,0,0,13,1,1,1,,0,39 55:49.533,,0,75 10:06.324,4,0,0,0,67301,1,0,0,N,1,0,0,2,67301,1,,1,1,,N,N,,0,,0,0,0,3,2,,1330,1,2,0,0,0,0,0,3,4,0,1,3,,N,,,,,,,,,,,
2009039403,932.0,1,0,0,0,0,0,0,0,0,4,0,,67,2,2009,7,39.9461,-75.1768,929.0,6,0,0,0,0,0,1,0,0,,0,0,0,9,1,2,1,,0,39 56:45.884,,0,75 10:36.321,4,0,0,0,67301,0,0,0,,0,0,0,2,67301,1,,1,1,,,,,1,,0,0,0,3,2,,920,2,2,0,0,0,1,0,3,4,0,2,3,,N,,,,,,,,,,,
2009039666,1112.0,0,0,0,0,0,0,0,0,0,7,0,,67,2,2009,3,39.9476,-75.1599,1109.0,6,0,0,0,0,0,0,1,0,,0,0,0,11,1,1,0,,0,39 56:51.507,,0,75 09:35.604,4,0,0,0,67301,0,0,0,N,0,0,0,1,67301,1,,5,1,,N,N,,0,,0,0,1,0,0,,1106,1,1,0,0,1,0,0,3,4,0,1,3,,N,,,,,,,,,,,
2009037356,1251.0,0,0,0,0,0,0,0,0,0,8,0,,67,2,2009,5,39.9687,-75.2105,1249.0,6,0,0,0,0,0,1,0,0,,0,0,0,12,1,1,0,,0,39 58:07.414,,0,75 12:37.650,3,0,0,0,67301,1,0,0,N,1,0,0,2,67301,0,,1,1,,N,N,,0,,1,0,1,3,3,,1246,1,2,0,0,0,0,0,3,4,0,1,3,,N,,,,,,,,,,,
2009039270,1223.0,2,0,0,0,0,0,0,0,0,4,0,,67,1,2009,2,39.9534,-75.2161,1219.0,6,0,0,0,0,0,0,0,0,,0,0,0,12,1,4,1,,0,39 57:12.114,,0,75 12:58.132,4,0,0,0,67301,0,0,0,N,0,0,0,4,67301,4,,1,1,,N,Y,,0,,0,0,0,2,2,,1217,4,2,0,0,0,0,0,3,4,0,2,3,,N,,,,,,,,,,,
2009039273,1705.0,1,0,0,0,0,0,1,0,0,5,1,,67,2,2009,2,39.9577,-75.1624,1658.0,6,0,0,0,0,0,1,0,0,2.0,0,0,0,16,1,32,1,,2,39 57:27.542,1.0,0,75 09:44.544,4,0,0,0,67301,0,0,0,N,0,0,0,36,67301,32,,1,1,,N,N,,0,,0,0,0,3,2,N,1636,32,2,0,0,0,0,0,3,4,0,2,3,,N,,,,,,,,,,,
2009039274,1145.0,0,0,0,0,0,0,0,0,0,8,0,,67,2,2009,6,39.949,-75.1492,1144.0,6,0,0,0,0,0,0,0,0,,0,0,0,11,1,1,1,,0,39 56:56.529,,0,75 08:57.072,2,0,0,0,67301,1,0,1,N,1,0,1,2,67301,0,,1,1,,N,N,,0,,0,1,1,3,2,,1145,1,2,0,0,0,0,0,3,4,0,1,3,,N,,,,,,,,,,,
2009036821,2300.0,0,0,0,0,0,0,0,0,0,4,0,,67,3,2009,5,40.0368,-75.0405,2300.0,6,0,0,0,0,1,0,0,0,1.0,0,0,0,22,3,0,1,,1,40 02:12.634,1.0,0,75 02:25.799,0,0,0,0,67301,0,0,0,N,0,0,0,3,67301,0,,1,1,,N,N,,0,,0,0,2,3,2,N,2248,0,2,0,0,0,0,0,3,4,0,2,3,,N,,,,,,,,,,,
2009034034,1505.0,2,0,0,0,0,0,0,0,0,1,0,,67,3,2009,7,39.9971,-75.1965,1443.0,6,0,0,0,0,0,0,0,0,1.0,0,0,0,14,1,0,0,,2,39 59:50.139,3.0,0,75 11:47.227,0,0,0,0,67301,0,0,0,N,0,0,0,6,68K01,0,,1,1,,N,N,,0,,0,0,0,0,0,N,1450,0,2,0,0,0,0,0,3,4,0,2,3,,N,,,,,,,,,,,
2009124466,1748.0,1,0,0,0,0,0,0,0,0,8,0,,67,11,2009,2,40.0242,-75.18,1738.0,6,0,0,0,0,0,0,0,1,,0,0,0,99,3,1,0,,0,40 01:26.949,,7,75 10:47.846,2,0,0,0,67301,2,0,1,N,2,0,1,3,67301,0,,2,9,,N,N,,0,,0,1,0,0,0,,9999,1,3,0,0,1,0,0,3,4,0,1,7,,N,,,,,,,,,,,
2009099477,1544.0,2,0,0,0,0,0,0,0,0,0,0,,67,9,2009,3,39.9302,-75.1982,1539.0,6,0,0,0,0,0,0,0,0,,0,0,0,15,1,0,0,,0,39 55:51.208,,0,75 11:56.053,0,0,0,0,67301,0,0,0,N,0,0,0,3,68K01,0,,1,1,,N,N,,0,,0,0,0,0,0,,1537,0,3,0,0,0,0,0,3,4,1,3,3,,N,,,,,,,,,,,
2009097153,1645.0,1,0,0,0,0,0,0,0,0,8,0,,67,9,2009,4,39.9221,-75.1521,1640.0,6,0,0,0,0,0,0,0,0,,0,0,0,16,1,1,0,,0,39 55:19.585,,0,75 09:07.561,4,0,0,0,67301,1,0,0,N,1,0,0,2,67301,1,,1,1,,N,N,,0,,0,0,0,0,0,,1635,1,2,0,0,0,0,0,3,4,0,1,3,,N,,,,,,,,,,,
2009054906,1505.0,0,0,0,0,0,0,0,0,0,7,0,,67,4,2009,5,39.9326,-75.1813,1500.0,6,0,0,0,0,0,0,0,0,,0,0,0,14,1,1,5,,0,39 55:57.334,,0,75 10:52.708,8,0,0,1,67301,0,0,0,N,0,0,0,1,67301,0,,5,1,,N,N,,0,,0,0,0,3,3,,1455,1,1,0,0,0,1,0,3,4,0,1,3,,N,,,,,,,,,,,
2009124297,1515.0,5,0,0,0,0,0,0,0,0,5,0,,67,10,2009,7,39.9831,-75.2025,1510.0,6,0,0,0,0,0,0,0,0,,0,0,0,15,1,0,0,,0,39 58:58.969,,0,75 12:08.734,0,0,0,0,67301,0,0,0,N,0,0,0,9,67301,0,,1,9,,N,N,,0,,0,0,0,0,0,,1500,0,5,0,0,0,0,0,3,4,0,5,7,,N,,,,,,,,,,,
2009083717,957.0,1,0,0,0,0,0,0,0,0,4,0,,67,7,2009,3,40.0631,-75.022,955.0,6,0,0,0,0,0,1,0,0,,0,0,0,9,1,3,1,,0,40 03:47.229,,0,75 01:19.196,3,0,0,0,67301,0,0,0,N,0,0,0,3,67301,0,,1,9,,N,N,,0,,3,0,0,3,2,,954,3,2,0,0,0,0,0,3,4,1,2,7,,N,,,,,,,,,,,
2009083719,958.0,2,0,0,1,0,0,0,0,0,4,0,,67,7,2009,6,39.9521,-75.1517,956.0,6,0,0,0,0,0,0,1,0,,0,0,0,9,1,1,2,,0,39 57:07.509,,0,75 09:06.260,3,0,0,0,67301,1,0,0,N,0,0,0,3,67301,0,,1,1,,N,N,,0,,1,0,0,3,3,,948,1,3,0,0,0,0,0,3,4,0,2,3,,N,,,,,,,,,,,
2009083721,1520.0,1,0,0,0,0,0,0,0,0,4,0,,67,7,2009,3,40.0613,-75.2362,1515.0,6,0,0,0,1,0,0,0,0,3.0,0,0,0,15,1,4,1,,1,40 03:40.050,4.0,0,75 14:10.506,8,0,0,0,67301,0,0,0,N,0,0,0,5,67301,0,,1,1,,N,N,,0,,0,0,1,3,2,N,1515,4,2,0,0,1,4,0,3,4,0,2,3,,N,,,,,,,,,,,
2009083784,1710.0,1,0,0,0,0,0,0,0,0,1,0,,67,7,2009,6,39.9194,-75.227,1704.0,6,0,0,0,0,0,1,0,0,,0,0,0,99,1,1,1,,0,39 55:10.132,,0,75 13:37.540,4,0,0,0,67301,0,0,0,N,0,0,0,2,67301,1,,1,1,,N,N,,0,,0,0,0,3,2,,9999,1,2,0,0,0,0,0,3,4,0,2,3,,N,,,,,,,,,,,
2009100770,1545.0,1,0,0,0,0,0,0,0,0,8,0,,67,9,2009,7,40.0337,-75.0602,1540.0,6,0,0,0,0,0,0,0,0,,0,0,0,15,1,1,0,,0,40 02:01.161,,0,75 03:36.583,4,0,0,0,67301,1,0,0,N,1,0,0,2,67301,1,,1,1,,N,N,,0,,0,0,0,0,0,,1530,1,2,0,0,0,0,0,3,4,0,1,3,,N,,,,,,,,,,,
2009122085,1408.0,0,0,0,0,0,0,0,0,0,1,0,,67,12,2009,3,,,1408.0,6,0,0,0,0,0,0,0,0,,0,0,0,14,1,0,0,,0,,,0,,0,0,0,0,67301,0,0,0,N,0,0,0,2,67501,0,,1,1,,N,N,,0,,0,0,0,0,0,,1408,0,2,0,0,0,0,0,3,3,2,2,3,,N,,,,,,,,,,,
2009100516,1605.0,2,0,0,0,0,0,0,0,0,1,0,,67,9,2009,4,40.0677,-75.1797,1559.0,6,0,0,0,0,0,0,0,0,1.0,0,0,0,15,1,1,0,,1,40 04:03.703,1.0,0,75 10:46.793,4,0,0,0,67301,0,0,0,N,0,0,0,3,67301,1,,1,1,,N,N,,0,,0,0,0,0,0,Y,1545,1,2,0,0,0,0,2,3,4,0,2,3,,N,,,,,,,,,,,
2009025199,1445.0,1,0,0,0,0,0,0,0,0,1,0,,67,1,2009,7,40.0641,-75.2396,1440.0,6,0,0,0,0,0,1,0,0,,0,0,0,14,1,1,1,,0,40 03:52.977,,0,75 14:23.056,8,0,0,0,67301,0,0,0,N,0,0,0,4,67301,0,,1,1,,N,N,,0,,0,0,1,3,2,,1438,1,2,0,0,0,1,0,3,4,0,2,3,,N,,,,,,,,,,,
2009025904,1620.0,1,0,0,0,0,0,0,0,0,8,0,,67,1,2009,6,40.0171,-75.0847,1613.0,6,0,0,0,0,0,0,0,0,,0,0,0,16,1,1,1,,0,40 01:01.444,,0,75 05:04.984,4,0,0,0,67301,1,0,0,N,1,0,0,2,67301,1,,1,1,,N,N,,0,,0,0,0,3,2,,1602,1,2,0,0,0,0,0,3,4,0,1,3,,N,,,,,,,,,,,
2009030163,1735.0,1,0,0,0,0,0,0,0,0,1,0,,67,2,2009,2,39.9253,-75.1694,1732.0,6,0,0,0,0,0,0,0,0,,0,0,0,17,3,1,0,,0,39 55:30.903,,0,75 10:09.914,8,0,0,0,67301,2,0,0,N,1,0,0,3,67301,0,,6,1,,N,N,,0,,0,0,1,0,0,,1730,1,4,0,0,1,1,0,3,4,1,3,3,,N,,,,,,,,,,,
2009032912,1145.0,1,0,0,0,0,0,0,0,0,8,0,,67,2,2009,1,40.0244,-75.1478,1130.0,6,0,0,0,0,0,1,0,0,,0,0,0,11,1,1,0,,0,40 01:27.480,,0,75 08:52.080,4,0,0,0,67301,1,0,0,,1,0,0,2,67301,1,,1,1,,,,,0,,0,0,0,0,0,,1130,1,2,0,0,1,0,0,3,4,0,1,3,,N,,,,,,,,,,,
2009032939,10.0,2,0,0,0,0,0,0,0,0,4,0,,67,1,2009,3,39.9126,-75.2219,2331.0,6,0,0,0,0,0,0,0,0,,0,0,0,99,3,1,2,,0,39 54:50.284,,0,75 13:17.303,8,0,0,0,67301,0,0,0,N,0,0,0,2,67301,0,,1,7,,N,N,,0,,0,0,0,3,2,,9999,1,2,0,0,0,1,0,3,4,0,2,10,,N,,,,,,,,,,,
2009033002,9999.0,1,0,0,0,0,0,0,0,0,2,0,,67,2,2009,2,39.9758,-75.1463,1913.0,6,0,0,0,0,0,0,0,0,,0,0,0,19,3,1,2,,0,39 58:32.703,,0,75 08:46.823,4,0,0,0,67301,0,0,0,,0,0,0,3,67301,1,,1,1,,,,,1,,0,0,0,3,3,,1913,1,2,0,0,0,0,0,3,4,0,2,3,,N,,,,,,,,,,,
2009125429,930.0,2,0,0,0,0,0,0,0,0,4,0,,67,11,2009,7,39.9801,-75.1447,910.0,6,0,0,0,0,0,0,0,0,,0,0,0,99,1,1,1,,0,39 58:48.338,,0,75 08:40.981,4,0,0,0,67301,0,0,0,N,0,0,0,3,67301,1,,1,9,,,,,0,,0,0,0,3,2,,9999,1,2,0,0,1,0,0,3,4,0,2,7,,N,,,,,,,,,,,
2009096467,628.0,1,0,0,0,0,0,0,0,0,1,0,,67,9,2009,3,,,628.0,6,0,0,0,0,0,0,0,0,1.0,0,0,0,6,3,2,0,,1,,4.0,0,,4,0,0,0,67301,0,0,0,N,0,0,0,2,67501,2,,1,1,,N,N,,0,,0,0,1,0,0,N,628,2,2,0,0,0,0,0,3,3,0,2,3,,N,,,,,,,,,,,
2009111670,1313.0,2,0,0,0,0,0,0,0,0,4,0,,67,9,2009,3,39.9668,-75.2418,1310.0,6,0,0,0,0,0,0,0,1,,0,0,0,99,1,1,1,,0,39 58:00.577,,0,75 14:30.400,4,0,0,0,67301,0,0,0,,0,0,0,2,67301,1,,1,1,,N,N,,0,,0,0,0,3,3,,9999,1,2,0,0,1,0,0,3,4,0,2,3,,N,,,,,,,,,,,
2009117798,2310.0,1,0,0,0,0,0,0,0,0,4,1,,67,9,2009,6,39.9843,-75.0963,2307.0,6,0,0,0,0,0,0,0,0,2.0,0,1,0,23,2,0,0,,2,39 59:03.183,2.0,0,75 05:47.059,0,0,0,0,67301,0,0,0,N,0,0,0,2,68K03,0,,1,1,,N,N,,0,,0,0,0,0,0,N,2303,0,2,0,0,0,0,0,3,4,0,2,3,,N,,,,,,,,,,,
2009106820,1.0,1,0,0,0,0,0,0,0,0,1,0,,67,10,2009,1,39.9569,-75.153,2354.0,6,0,0,0,0,0,0,0,0,1.0,0,0,0,23,3,1,0,,1,39 57:24.793,3.0,0,75 09:10.893,8,0,0,2,67301,0,0,0,N,0,0,0,3,68K01,0,,1,1,,N,N,,0,,0,0,0,0,0,N,2352,1,3,0,0,0,1,0,3,4,0,3,3,,N,,,,,,,,,,,
2009125157,932.0,2,0,0,0,0,0,0,0,0,4,0,,67,11,2009,7,40.0546,-75.1796,915.0,6,0,0,0,0,0,1,0,0,,0,0,0,9,1,2,2,,0,40 03:16.286,,0,75 10:46.349,8,0,0,0,67301,0,0,0,N,0,0,0,3,67301,0,,1,1,,N,N,,0,,0,0,1,0,0,,915,2,3,0,0,0,2,0,3,4,0,3,3,,N,,,,,,,,,,,
2009099086,1658.0,0,0,0,0,0,0,0,0,0,1,0,,67,8,2009,5,39.9922,-75.2458,1655.0,6,0,0,0,0,1,0,0,0,1.0,0,0,0,16,1,3,0,,2,39 59:32.688,2.0,0,75 14:43.123,8,0,0,0,67301,0,0,0,N,0,0,0,4,46104,0,,1,1,,N,N,,1,,0,0,1,0,0,N,1655,3,2,0,0,0,3,0,3,4,0,2,3,,N,,,,,,,,,,,
2009125213,800.0,1,0,0,0,0,0,0,0,0,8,0,,67,11,2009,4,39.9379,-75.1667,754.0,6,0,0,0,0,0,0,0,0,,0,0,0,99,1,1,1,,0,39 56:16.111,,0,75 10:00.162,3,0,0,0,67301,1,0,0,,1,0,0,2,67301,0,,1,9,,,,,0,,1,0,0,3,2,,9999,1,2,0,0,0,0,0,3,4,0,1,7,,N,,,,,,,,,,,
2009104604,1505.0,0,0,0,0,0,0,0,0,0,1,0,,67,10,2009,2,39.9091,-75.1521,1505.0,6,0,1,0,0,0,0,0,0,,0,0,0,15,1,0,0,,0,39 54:32.759,,3,75 09:07.616,0,0,0,0,67301,0,0,0,N,0,0,0,5,67501,0,,1,1,,N,N,,0,,0,0,1,3,8,,1505,0,2,0,0,0,0,0,3,4,1,2,3,,N,,,,,,,,,,,
2009048404,620.0,2,0,0,0,0,0,0,0,0,1,0,,67,5,2009,3,39.9815,-75.2664,615.0,6,0,0,0,0,0,0,0,0,,0,0,0,6,5,1,0,,0,39 58:53.428,,0,75 15:58.924,4,0,0,0,67301,0,0,0,N,0,0,0,2,46104,1,,1,9,,N,N,,0,,0,0,0,0,0,,610,1,2,0,0,0,0,0,3,4,0,2,3,,N,,,,,,,,,,,
2009044367,730.0,1,0,0,0,0,0,0,0,0,8,0,,67,3,2009,6,40.0493,-75.0679,723.0,6,0,0,0,0,0,0,0,0,,0,0,0,7,1,2,1,,0,40 02:57.664,,0,75 04:04.483,8,0,0,0,67301,2,0,0,,2,0,0,3,67301,0,,1,1,,,,,0,,0,0,0,3,2,,710,2,3,0,0,0,2,0,3,4,0,1,3,,N,,,,,,,,,,,
2009044383,2005.0,1,0,0,0,0,0,0,0,0,8,0,,67,3,2009,6,40.0207,-75.117,2003.0,6,0,0,0,0,0,1,0,0,,0,0,0,20,3,1,2,,0,40 01:14.368,,0,75 07:01.174,8,0,0,0,67301,1,0,0,N,1,0,0,2,67301,0,,1,1,,N,N,,0,,0,0,0,0,0,,2000,1,2,0,0,0,1,0,3,4,0,1,3,,N,,,,,,,,,,,
2009039394,120.0,0,0,0,0,0,0,0,0,0,7,0,,67,1,2009,2,40.0021,-75.0699,114.0,6,0,0,0,0,0,0,0,0,1.0,0,0,0,1,3,0,0,,1,40 00:07.452,5.0,0,75 04:11.528,9,0,0,0,67301,0,0,0,N,0,0,0,2,67301,0,,5,9,,N,N,,0,,0,0,0,0,0,N,109,0,1,0,0,0,0,2,3,4,1,1,7,,N,,,,,,,,,,,
2009044566,1650.0,1,0,0,0,0,0,0,0,0,4,0,,67,4,2009,7,40.0169,-75.1516,1645.0,6,0,0,0,0,0,1,0,0,,0,0,0,16,1,2,1,,0,40 01:00.926,,0,75 09:05.632,4,0,0,0,67301,0,0,0,,0,0,0,3,67301,2,,1,1,,,,,1,,0,0,0,0,0,,1645,2,2,0,0,0,0,0,3,4,0,2,3,,N,,,,,,,,,,,
2009039425,1745.0,2,0,0,0,0,0,0,0,0,4,0,,67,2,2009,7,40.0499,-75.0757,1745.0,6,0,0,0,0,0,1,0,0,,0,0,0,17,1,1,3,,0,40 02:59.510,,0,75 04:32.444,8,0,0,0,67301,0,0,0,N,0,0,0,2,67301,0,,1,1,,N,N,,0,,0,0,0,3,2,,1745,1,2,0,0,0,1,0,3,4,0,2,3,,N,,,,,,,,,,,
2009029772,108.0,0,0,0,0,0,0,0,0,0,7,0,,67,2,2009,2,40.0825,-75.0496,108.0,6,0,0,0,0,0,0,0,0,9.0,0,0,0,1,3,1,2,,1,40 04:56.985,1.0,0,75 02:58.725,4,0,0,0,67301,0,0,0,,0,0,0,1,67301,1,,5,1,,,,,0,,0,0,1,0,0,N,108,1,1,0,0,1,0,0,3,4,0,1,3,,N,,,,,,,,,,,
2009047430,1630.0,1,0,0,0,0,0,1,0,0,4,1,,67,3,2009,5,40.0437,-75.1259,1629.0,6,0,0,0,0,0,0,0,0,,0,0,0,16,1,3,1,,0,40 02:37.431,,0,75 07:33.387,8,0,0,0,67301,0,0,0,N,0,0,0,4,67301,0,,1,1,,Y,N,,0,,0,0,0,3,3,,1620,3,2,0,0,0,3,0,3,4,0,2,3,,N,,,,,,,,,,,
2009039109,1600.0,1,0,0,0,0,0,1,0,0,4,1,,67,2,2009,3,40.0388,-75.0609,1559.0,6,0,0,0,1,0,0,1,0,1.0,0,0,0,15,1,5,2,,2,40 02:19.680,2.0,0,75 03:39.240,8,0,0,0,67301,0,0,0,,0,0,0,8,67301,0,,1,1,,N,,,0,,0,0,0,0,0,N,1558,5,2,0,0,0,5,0,3,4,0,2,3,,N,,,,,,,,,,,
2009037355,1704.0,1,0,0,0,0,0,0,0,0,8,0,,67,3,2009,2,40.1096,-75.0243,1659.0,6,0,0,0,0,0,0,0,0,,0,0,0,16,1,1,10,,0,40 06:34.401,,7,75 01:27.616,4,0,0,0,67301,1,0,0,N,1,0,0,2,67301,1,,7,2,,N,N,,0,,0,0,0,0,0,,1655,1,2,0,0,0,0,0,3,4,0,1,10,,N,,,,,,,,,,,
2009037435,1815.0,1,0,0,0,0,0,0,0,0,4,0,,67,2,2009,6,40.0071,-75.098,1810.0,6,0,0,0,0,0,0,0,0,9.0,0,0,0,18,3,3,2,,1,40 00:25.534,4.0,0,75 05:52.857,8,0,0,0,67301,0,0,0,,0,0,0,3,67301,0,,1,9,,,,,1,,0,0,0,3,3,N,1800,3,2,0,0,0,3,0,3,4,0,2,7,,N,,,,,,,,,,,
2009039275,1240.0,1,0,0,0,0,0,0,0,0,4,0,,67,2,2009,2,39.9247,-75.141,1238.0,6,0,0,0,0,0,1,0,0,,0,0,0,99,1,2,0,,0,39 55:28.904,,7,75 08:27.666,4,0,0,0,67301,0,0,0,N,0,0,0,4,67301,2,,1,1,,N,N,,0,,0,0,1,3,3,,9999,2,2,0,0,0,0,0,3,4,0,2,3,,N,,,,,,,,,,,
2009039278,1917.0,1,0,0,0,0,0,0,0,0,1,0,,67,2,2009,2,39.9178,-75.1684,1910.0,6,0,0,0,0,0,0,0,0,,0,0,0,19,3,1,1,,0,39 55:04.249,,0,75 10:06.391,4,0,0,1,67301,0,0,0,N,0,0,0,1,67301,1,,1,1,,N,N,,0,,0,0,0,0,0,,1900,1,2,0,0,0,0,0,3,4,0,2,3,,N,,,,,,,,,,,
2009026852,1815.0,2,0,0,0,0,0,0,0,0,1,0,,67,1,2009,3,40.0356,-75.0246,1811.0,6,0,0,0,0,0,0,0,0,,0,0,0,15,1,1,0,,0,40 02:08.119,,0,75 01:28.514,4,0,0,0,67301,0,0,0,,0,0,0,3,67301,1,,1,1,,N,N,,0,,0,0,1,0,0,,1530,1,3,0,0,0,0,0,3,4,0,3,3,,N,,,,,,,,,,,
2009026899,117.0,1,0,0,0,0,0,0,0,0,4,0,,67,1,2009,3,40.0039,-75.1704,115.0,6,0,0,0,0,0,0,0,0,,0,0,0,1,3,1,0,,0,40 00:13.909,,0,75 10:13.759,4,0,0,0,67301,0,0,0,N,0,0,0,1,67301,1,,6,1,,N,N,,0,,0,0,1,0,0,,110,1,2,0,0,0,0,0,3,4,0,2,3,,N,,,,,,,,,,,
2009034110,2333.0,1,0,0,0,0,0,0,0,0,1,0,,67,2,2009,1,39.9816,-75.1022,2330.0,6,0,0,0,0,0,0,0,0,,0,0,0,23,3,0,0,,0,39 58:55.757,,0,75 06:03.517,9,0,0,0,67301,0,0,0,N,0,0,0,3,68K01,0,,1,1,,N,N,,0,,0,0,0,0,0,,2328,0,2,0,0,0,0,1,3,4,0,2,3,,N,,,,,,,,,,,
2009044442,257.0,0,0,0,0,0,0,0,0,0,8,0,,67,3,2009,3,40.0299,-75.0241,252.0,6,0,0,0,0,0,0,0,0,,0,0,0,2,3,1,0,,0,40 01:47.701,,0,75 01:26.800,8,0,0,0,67301,1,0,0,N,1,0,0,2,67301,0,,1,1,,N,N,,0,,0,0,0,0,0,,252,1,2,0,0,0,1,0,3,4,0,1,3,,N,,,,,,,,,,,
2009070620,1215.0,1,0,0,0,0,0,0,0,0,7,0,,67,6,2009,1,40.0403,-75.0056,1201.0,6,0,0,0,0,0,0,0,0,2.0,0,0,0,12,1,1,0,,1,40 02:25.494,1.0,0,75 00:19.876,4,0,0,0,67301,0,0,0,N,0,0,0,2,68K01,1,,2,1,,N,N,,0,,0,0,0,0,0,N,1201,1,2,0,0,0,0,0,3,4,0,1,3,,N,,,,,,,,,,,
2009054910,2106.0,1,0,0,1,0,0,0,0,0,4,0,,67,4,2009,1,39.9752,-75.1211,2104.0,6,0,0,0,0,0,0,0,0,1.0,0,0,0,21,3,1,1,,1,39 58:32.542,2.0,0,75 07:13.776,3,0,0,0,67301,1,0,0,,0,0,0,4,67301,0,,1,1,,,,,0,,1,0,0,3,2,N,2104,1,2,0,0,0,0,0,3,4,0,1,3,,N,,,,,,,,,,,
2009124382,2010.0,1,0,0,0,0,0,0,0,0,7,0,,67,10,2009,6,39.9873,-75.1998,2000.0,6,0,0,0,0,0,1,0,0,2.0,0,0,0,20,2,1,0,,2,39 59:14.226,5.0,0,75 11:59.350,4,0,0,0,67301,0,0,0,,0,0,0,1,67301,1,,2,9,,,,,0,,0,0,0,0,0,Y,2000,1,1,0,0,0,0,0,3,4,0,1,3,,N,,,,,,,,,,,
2009124391,1530.0,1,0,0,0,0,0,0,0,0,4,1,,67,11,2009,2,40.0939,-74.9893,1330.0,6,0,0,0,0,0,1,0,0,,0,1,0,15,1,1,0,,0,40 05:37.914,,0,74 59:21.519,3,0,0,0,67301,1,0,0,N,0,0,0,2,67301,0,,2,1,,N,N,,0,,1,0,0,0,0,,1530,1,2,0,0,0,0,0,3,4,0,2,3,,N,,,,,,,,,,,
2009083751,336.0,2,0,0,0,0,0,0,0,0,4,0,,67,7,2009,7,39.9689,-75.2321,335.0,6,0,0,0,0,0,0,0,0,,0,0,0,3,3,1,0,,0,39 58:07.882,,0,75 13:55.692,8,0,0,0,67301,0,0,0,N,0,0,0,2,67301,0,,5,1,,N,N,,0,,0,0,0,0,0,,335,1,2,0,0,0,1,1,3,4,0,2,3,,N,,,,,,,,,,,