CRN,ARRIVAL_TM,AUTOMOBILE_COUNT,BELTED_DEATH_COUNT,BELTED_SUSP_SERIOUS_INJ_COUNT,BICYCLE_COUNT,BICYCLE_DEATH_COUNT,BICYCLE_SUSP_SERIOUS_INJ_COUNT,BUS_COUNT,CHLDPAS_DEATH_COUNT,CHLDPAS_SUSP_SERIOUS_INJ_COUNT,COLLISION_TYPE,COMM_VEH_COUNT,CONS_ZONE_SPD_LIM,COUNTY,CRASH_MONTH,CRASH_YEAR,DAY_OF_WEEK,DEC_LAT,DEC_LONG,DISPATCH_TM,DISTRICT,DRIVER_COUNT_16YR,DRIVER_COUNT_17YR,DRIVER_COUNT_18YR,DRIVER_COUNT_19YR,DRIVER_COUNT_20YR,DRIVER_COUNT_50_64YR,DRIVER_COUNT_65_74YR,DRIVER_COUNT_75PLUS,EST_HRS_CLOSED,FATAL_COUNT,HEAVY_TRUCK_COUNT,HORSE_BUGGY_COUNT,HOUR_OF_DAY,ILLUMINATION,INJURY_COUNT,INTERSECT_TYPE,INTERSECTION_RELATED,LANE_CLOSED,LATITUDE,LN_CLOSE_DIR,LOCATION_TYPE,LONGITUDE,MAX_SEVERITY_LEVEL,MCYCLE_DEATH_COUNT,MCYCLE_SUSP_SERIOUS_INJ_COUNT,MOTORCYCLE_COUNT,MUNICIPALITY,NONMOTR_COUNT,NONMOTR_DEATH_COUNT,NONMOTR_SUSP_SERIOUS_INJ_COUNT,NTFY_HIWY_MAINT,PED_COUNT,PED_DEATH_COUNT,PED_SUSP_SERIOUS_INJ_COUNT,PERSON_COUNT,POLICE_AGCY,POSSIBLE_INJ_COUNT,RDWY_SURF_TYPE_CD,RELATION_TO_ROAD,ROAD_CONDITION,ROADWAY_CLEARED,SCH_BUS_IND,SCH_ZONE_IND,SECONDARY_CRASH,SMALL_TRUCK_COUNT,SPEC_JURIS_CD,SUSP_MINOR_INJ_COUNT,SUSP_SERIOUS_INJ_COUNT,SUV_COUNT,TCD_FUNC_CD,TCD_TYPE,TFC_DETOUR_IND,TIME_OF_DAY,TOT_INJ_COUNT,TOTAL_UNITS,UNB_DEATH_COUNT,UNB_SUSP_SERIOUS_INJ_COUNT,UNBELTED_OCC_COUNT,UNK_INJ_DEG_COUNT,UNK_INJ_PER_COUNT,URBAN_AREA,URBAN_RURAL,VAN_COUNT,VEHICLE_COUNT,WEATHER1,WEATHER2,WORK_ZONE_IND,WORK_ZONE_LOC,WORK_ZONE_TYPE,WORKERS_PRES,WZ_CLOSE_DETOUR,WZ_FLAGGER,WZ_LAW_OFFCR_IND,WZ_LN_CLOSURE,WZ_MOVING,WZ_OTHER,WZ_SHLDER_MDN,WZ_WORKERS_INJ_KILLED
2009065471,2315.0,1,0,0,0,0,0,0,0,0,1,0,,67,5,2009,1,39.9712,-75.1344,2300.0,6,0,0,0,0,0,0,0,0,,0,0,0,23,3,1,0,,0,39 58:16.204,,0,75 08:03.864,4,0,0,0,67301,0,0,0,,0,0,0,1,67301,1,,6,1,,N,N,,0,,0,0,1,0,0,,2300,1,2,0,0,1,0,0,3,4,0,2,3,,N,,,,,,,,,,,
2009120734,1420.0,0,0,0,0,0,0,0,0,0,5,0,,67,11,2009,3,40.0245,-75.2191,1415.0,6,0,0,0,0,0,0,0,0,,0,0,0,14,1,1,2,,0,40 01:28.225,,0,75 13:08.713,4,0,0,0,67301,1,0,0,N,0,0,0,2,67301,1,,6,1,,N,N,,1,,0,0,0,0,0,,1415,1,2,0,0,0,0,1,3,4,1,2,3,,N,,,,,,,,,,,
2009120757,1855.0,2,0,0,0,0,0,0,0,0,1,0,,67,10,2009,6,39.9999,-75.1905,1850.0,6,0,0,0,0,0,0,0,0,,0,0,0,18,2,2,0,,0,39 59:59.526,,0,75 11:25.804,8,0,0,0,67301,0,0,0,N,0,0,0,3,67301,0,,1,1,,N,N,,0,,0,0,0,0,0,,1830,2,2,0,0,0,2,0,3,4,0,2,3,,N,,,,,,,,,,,
2009025271,853.0,2,0,0,0,0,0,0,0,0,4,0,,67,1,2009,3,40.0249,-75.0632,851.0,6,0,0,0,0,0,1,0,0,,0,0,0,7,1,2,1,,0,40 01:29.780,,0,75 03:47.699,8,0,0,0,67301,0,0,0,,0,0,0,2,67301,0,,1,1,,,,,0,,0,0,0,3,3,,745,2,2,0,0,0,2,0,3,4,0,2,3,,N,,,,,,,,,,,
2009025273,2340.0,1,0,0,0,0,0,0,0,0,2,0,,67,1,2009,7,39.9606,-75.1877,2338.0,6,0,0,0,1,0,0,0,0,,0,0,0,23,3,2,2,,0,39 57:38.001,,0,75 11:15.593,4,0,0,0,67301,2,0,0,,0,0,0,4,67301,2,,1,9,,N,N,,0,,0,0,1,3,3,,2325,2,2,0,0,0,0,0,3,4,0,2,7,,N,,,,,,,,,,,
2009030476,1815.0,1,0,0,0,0,0,0,0,0,8,0,,67,1,2009,5,39.9344,-75.1692,1807.0,6,0,0,0,0,0,0,0,0,,0,0,0,16,1,1,1,,0,39 56:03.703,,0,75 10:09.296,4,0,0,0,67301,1,0,0,N,1,0,0,2,67301,1,,1,1,,N,N,,0,,0,0,0,9,9,,1600,1,2,0,0,0,0,0,3,4,0,1,3,,N,,,,,,,,,,,
2009025434,1550.0,1,0,0,0,0,0,0,0,0,1,0,,67,1,2009,5,39.9138,-75.2435,1550.0,6,0,0,0,0,0,0,0,0,,0,0,0,15,1,0,0,,0,39 54:49.576,,0,75 14:36.699,0,0,0,0,67301,0,0,0,N,0,0,0,4,67301,0,,1,1,,N,N,,0,,0,0,0,0,0,,1545,0,2,0,0,0,0,0,3,4,1,2,3,,N,,,,,,,,,,,
2009133455,1616.0,1,0,0,0,0,0,0,0,0,7,0,,67,12,2009,7,39.8783,-75.2502,1611.0,6,0,0,0,1,0,0,0,0,1.0,0,0,0,16,1,1,0,,1,39 52:40.800,1.0,0,75 15:03.600,8,0,0,0,67301,0,0,0,N,0,0,0,1,68K01,0,,2,8,,N,N,,0,,0,0,0,0,0,N,1608,1,1,0,0,0,1,0,3,4,0,1,10,,N,,,,,,,,,,,
2009125466,1827.0,0,0,0,0,0,0,0,0,0,8,0,,67,9,2009,4,40.0245,-75.1478,1824.0,6,0,0,0,0,0,0,0,0,,0,0,0,17,1,1,1,,0,40 01:28.097,,0,75 08:52.131,8,0,0,0,67301,1,0,0,N,1,0,0,3,67301,0,,1,1,,N,N,,0,,0,0,1,3,2,,1732,1,2,0,0,0,1,0,3,4,0,1,3,,N,,,,,,,,,,,
2009112101,838.0,2,0,0,0,0,0,1,0,0,6,1,,67,10,2009,2,40.0446,-75.0547,835.0,6,0,0,0,0,1,0,0,1,1.0,0,0,0,8,1,2,1,,2,40 02:40.636,2.0,0,75 03:16.819,4,0,0,0,67301,0,0,0,,0,0,0,12,67301,2,,1,1,,N,N,,0,,0,0,0,3,2,Y,832,2,3,0,0,0,0,0,3,4,0,3,3,,N,,,,,,,,,,,
2009125105,625.0,0,0,0,0,0,0,0,0,0,8,0,,67,11,2009,5,39.929,-75.1568,623.0,6,0,0,0,0,0,0,0,0,,0,0,0,6,1,1,1,,0,39 55:44.302,,0,75 09:24.641,3,0,0,0,67301,1,0,0,N,1,0,0,2,67301,0,,1,1,,N,N,,1,,1,0,0,0,0,,618,1,2,0,0,0,0,0,3,4,0,1,3,,N,,,,,,,,,,,
2009125191,2243.0,1,0,0,0,0,0,0,0,0,4,0,,67,11,2009,3,40.0363,-75.0643,2232.0,6,0,0,0,0,1,1,0,0,1.0,0,0,0,22,3,1,1,,2,40 02:10.729,1.0,0,75 03:51.497,8,0,0,0,67301,0,0,0,N,0,0,0,2,67301,0,,1,1,,N,N,,1,,0,0,0,3,2,N,2231,1,2,0,0,0,1,0,3,4,0,2,3,,N,,,,,,,,,,,
2009111864,745.0,1,0,0,1,0,0,0,0,0,4,0,,67,10,2009,3,40.0215,-75.1768,744.0,6,0,0,0,0,0,0,0,0,,0,0,0,7,1,1,2,,0,40 01:17.338,,0,75 10:36.664,4,0,0,0,67301,1,0,0,,0,0,0,2,67301,1,,1,1,,,,,0,,0,0,0,3,3,,744,1,2,0,0,0,0,0,3,4,0,1,3,5.0,N,,,,,,,,,,,
2009044364,1015.0,1,0,0,0,0,0,0,0,0,1,0,,67,3,2009,7,40.0303,-75.1318,1010.0,6,0,0,0,0,0,0,0,0,,0,0,0,10,1,3,1,,0,40 01:49.177,,0,75 07:54.609,4,0,0,0,67301,0,0,0,N,0,0,0,3,67301,3,,1,1,,N,N,,0,,0,0,0,3,2,,1010,3,2,0,0,0,0,0,3,4,1,2,3,,N,,,,,,,,,,,
2009037467,1837.0,2,0,0,0,0,0,0,0,0,4,0,,67,3,2009,7,40.0356,-75.1239,1836.0,6,0,0,0,0,0,2,0,0,,0,0,0,18,3,0,1,,0,40 02:08.080,,0,75 07:25.890,0,0,0,0,67301,0,0,0,N,0,0,0,2,67301,0,,1,1,,N,N,,0,,0,0,0,3,2,,1830,0,2,0,0,0,0,0,3,4,0,2,3,,N,,,,,,,,,,,
2009037513,1855.0,1,0,0,0,0,0,0,0,0,4,0,,67,2,2009,5,40.0218,-75.0629,1853.0,6,0,0,0,0,1,0,0,0,,0,0,0,18,3,1,1,,0,40 01:18.422,,0,75 03:46.457,8,0,0,0,67301,0,0,0,N,0,0,0,2,67301,0,,1,1,,N,N,,0,,0,0,0,3,3,,1835,1,2,0,0,0,1,1,3,4,1,2,3,,N,,,,,,,,,,,
2009039396,1135.0,2,0,0,0,0,0,0,0,0,6,0,,67,2,2009,4,40.0235,-75.1965,1128.0,6,0,0,0,0,0,0,0,0,2.0,0,0,0,99,1,2,0,,1,40 01:24.652,2.0,0,75 11:47.305,3,0,0,0,67301,0,0,0,,0,0,0,2,67301,1,,1,1,,N,,,0,,1,0,0,0,0,Y,9999,2,2,0,0,0,0,0,3,4,0,2,3,,N,,,,,,,,,,,
2009039552,1347.0,2,0,0,0,0,0,0,0,0,4,0,,67,2,2009,7,40.1218,-75.0124,1344.0,6,0,0,0,0,0,1,1,0,,0,0,0,13,1,1,0,,0,40 07:18.404,,7,75 00:44.571,8,0,0,0,67301,0,0,0,N,0,0,0,4,67301,0,,1,1,,N,N,,0,,0,0,0,0,0,,1343,1,2,0,0,0,1,0,3,4,0,2,3,,N,,,,,,,,,,,
2009039758,338.0,2,0,0,0,0,0,0,0,0,5,0,,67,2,2009,7,40.0565,-75.0834,334.0,6,0,0,0,0,0,0,0,0,9.0,0,0,0,3,3,0,0,,2,40 03:23.367,1.0,0,75 05:00.060,0,0,0,0,67301,0,0,0,N,0,0,0,1,67301,0,,2,1,,N,N,,2,,0,0,0,0,0,N,330,0,4,0,0,0,0,0,3,4,0,4,3,,N,,,,,,,,,,,
2009037447,344.0,1,0,0,0,0,0,0,0,0,7,0,,67,3,2009,6,40.0371,-75.1396,344.0,6,0,0,1,0,0,0,0,0,,0,0,0,3,3,0,1,,0,40 02:13.610,,0,75 08:22.736,0,0,0,0,67301,0,0,0,N,0,0,0,1,67301,0,,5,1,,N,N,,0,,0,0,0,3,2,,342,0,1,0,0,0,0,0,3,4,0,1,3,,N,,,,,,,,,,,
2009049633,1857.0,2,0,0,0,0,0,0,0,0,4,0,,67,4,2009,7,39.931,-75.243,1854.0,6,0,0,0,0,0,0,0,0,,0,0,0,18,1,1,0,,0,39 55:51.548,,0,75 14:34.636,8,0,0,0,67301,0,0,0,N,0,0,0,1,67301,0,,2,1,,N,N,,0,,0,0,0,0,0,,1850,1,2,0,0,0,1,0,3,4,0,2,3,,N,,,,,,,,,,,
2009036893,1800.0,3,0,0,0,0,0,0,0,0,1,0,,67,2,2009,6,40.0822,-74.9668,1755.0,6,0,0,0,0,0,2,0,0,1.0,0,0,0,17,1,2,0,,2,40 04:55.920,3.0,0,74 58:00.480,4,0,0,0,67301,0,0,0,N,0,0,0,3,67301,2,,1,9,,N,N,,0,,0,0,0,0,0,N,1754,2,3,0,0,0,0,0,3,4,0,3,7,,N,,,,,,,,,,,
2009026884,2147.0,2,0,0,0,0,0,0,0,0,2,0,,67,1,2009,2,39.9161,-75.239,2140.0,6,0,0,0,0,0,0,0,0,,0,0,0,21,3,1,1,,0,39 54:58.070,,0,75 14:20.244,4,0,0,0,67301,0,0,0,,0,0,0,3,67301,1,,1,2,,,,,0,,0,0,0,9,2,,2138,1,2,0,0,0,0,1,3,4,0,2,10,,N,,,,,,,,,,,
2009036976,730.0,2,0,0,0,0,0,0,0,0,4,0,,67,1,2009,4,40.0243,-75.1612,730.0,6,0,0,0,1,0,0,0,0,,0,0,0,99,1,1,2,,0,40 01:27.483,,0,75 09:40.489,8,0,0,0,67301,0,0,0,N,0,0,0,2,67301,0,,1,1,,N,N,,0,,0,0,0,3,3,,9999,1,2,0,0,0,1,0,3,4,0,2,3,,N,,,,,,,,,,,
2009044458,835.0,1,0,0,0,0,0,0,0,0,4,0,,67,3,2009,2,39.9371,-75.2122,826.0,6,0,0,0,0,0,0,0,0,,0,0,0,8,1,1,2,,0,39 56:13.583,,0,75 12:43.921,4,0,0,0,67301,0,0,0,N,0,0,0,2,67301,1,,1,7,,N,N,,0,,0,0,1,0,0,,820,1,2,0,0,2,0,0,3,4,0,2,10,,N,,,,,,,,,,,
2009097600,10.0,1,0,0,0,0,0,0,0,0,6,0,,67,8,2009,7,39.9801,-75.2281,10.0,6,0,0,0,0,0,0,0,0,,0,0,0,0,3,0,0,,0,39 58:48.478,,0,75 13:41.163,0,0,0,0,67301,0,0,0,N,0,0,0,2,67301,0,,1,9,,N,N,,1,,0,0,2,0,0,,0,0,4,0,0,0,0,0,3,4,0,4,99,,N,,,,,,,,,,,
2009124305,1559.0,2,0,0,0,0,0,0,0,0,1,0,,67,11,2009,2,40.0329,-75.0188,1548.0,6,0,0,0,0,1,0,1,0,9.0,0,0,0,14,1,1,0,,1,40 01:58.024,2.0,0,75 01:08.701,8,0,0,0,67301,0,0,0,N,0,0,0,3,67301,0,,1,1,,N,N,,0,,0,0,1,0,0,N,1450,1,3,0,0,0,1,0,3,4,0,3,3,,N,,,,,,,,,,,
2009124392,1349.0,2,0,0,0,0,0,0,0,0,1,0,,67,11,2009,3,40.0647,-74.9823,1344.0,6,0,0,0,0,0,1,1,0,,0,0,0,13,1,2,1,,0,40 03:52.885,,0,74 58:56.121,3,0,0,0,67301,0,0,0,N,0,0,0,2,67301,0,,1,1,,N,N,,0,,2,0,0,3,2,,1344,2,2,0,0,0,0,0,3,4,0,2,3,,N,,,,,,,,,,,
2009124420,1503.0,1,0,0,0,0,0,0,0,0,8,0,,67,10,2009,3,40.0804,-74.9771,1453.0,6,0,0,0,0,0,0,0,0,,0,0,0,14,1,1,1,,0,40 04:49.584,,0,74 58:37.727,4,0,0,0,67301,1,0,0,N,1,0,0,2,67301,1,,1,9,,N,Y,,0,,0,0,0,3,2,,1453,1,2,0,0,0,0,0,3,4,0,1,7,,N,,,,,,,,,,,
2009096994,1550.0,2,0,0,0,0,0,0,0,0,4,0,,67,9,2009,3,39.9485,-75.2057,1548.0,6,0,0,0,1,0,0,1,0,,0,0,0,15,1,3,1,,0,39 56:54.708,,0,75 12:20.462,8,0,0,0,67301,0,0,0,N,0,0,0,3,67301,0,,1,1,,N,N,,0,,0,0,0,3,3,,1535,3,2,0,0,0,3,0,3,4,0,2,3,,N,,,,,,,,,,,
2009083748,1550.0,0,0,0,1,0,0,0,0,0,4,0,,67,7,2009,3,40.0285,-75.0579,1545.0,6,0,0,0,0,0,0,0,0,,0,0,0,15,1,1,1,,0,40 01:42.531,,0,75 03:28.266,4,0,0,0,67301,1,0,0,N,0,0,0,2,67301,1,,1,9,,N,N,,0,,0,0,0,3,2,,1545,1,2,0,0,0,0,0,3,4,1,1,7,,N,,,,,,,,,,,
2009083766,1634.0,2,0,0,0,0,0,0,0,0,4,0,,67,7,2009,7,39.9579,-75.1623,1631.0,6,0,0,0,0,0,0,0,0,,0,0,0,99,1,1,1,,0,39 57:29.061,,0,75 09:44.627,3,0,0,0,67301,0,0,0,N,0,0,0,2,67301,0,,1,1,,N,N,,0,,1,0,0,3,2,,9999,1,2,0,0,0,0,0,3,4,0,2,3,,N,,,,,,,,,,,
2009083774,1544.0,1,0,0,0,0,0,0,0,0,7,0,,67,6,2009,5,39.9617,-75.1758,1543.0,6,0,0,0,0,0,0,0,0,2.0,0,0,0,15,1,0,0,,1,39 57:42.276,3.0,0,75 10:33.084,0,0,0,0,67301,0,0,0,N,0,0,0,1,67301,0,,4,9,,N,N,,0,,0,0,0,0,0,N,1537,0,1,0,0,0,0,0,3,4,0,1,7,,N,,,,,,,,,,,
2009083851,538.0,3,0,0,0,0,0,0,0,0,2,0,,67,7,2009,4,40.0313,-75.0849,535.0,6,0,0,0,0,0,1,0,0,1.0,0,0,0,5,1,1,1,,1,40 01:53.298,1.0,0,75 05:04.464,8,0,0,0,67301,0,0,0,N,0,0,0,4,67301,0,,1,1,,N,N,,0,,0,0,0,3,2,Y,525,1,3,0,0,0,1,0,3,4,0,3,3,,N,,,,,,,,,,,
2009065397,1930.0,1,0,0,0,0,0,0,0,0,2,0,,67,5,2009,3,40.0044,-75.1381,1929.0,6,0,0,0,0,0,0,0,0,,0,0,0,19,1,1,3,,0,40 00:15.714,,0,75 08:17.260,8,0,0,0,67301,0,0,0,,0,0,0,2,67301,0,,1,1,,N,N,,0,,0,0,1,3,3,,1925,1,2,0,0,0,1,0,3,4,0,2,3,,N,,,,,,,,,,,
2009065446,1853.0,0,0,0,0,0,0,0,0,0,8,0,,67,5,2009,2,40.0487,-75.0666,1852.0,6,0,0,0,0,0,0,0,0,1.0,0,0,0,99,1,1,1,,1,40 02:55.152,4.0,0,75 03:59.624,4,0,0,0,67301,1,0,0,N,1,0,0,2,67301,1,,1,1,,N,N,,0,,0,0,0,0,0,Y,9999,1,2,0,0,0,0,0,3,4,1,1,3,,N,,,,,,,,,,,
2009065482,1307.0,1,0,0,0,0,0,0,0,0,8,0,,67,5,2009,4,40.0375,-75.1449,1305.0,6,0,0,0,0,0,0,0,0,,0,0,0,10,1,1,0,,0,40 02:15.162,,0,75 08:41.824,4,0,0,0,67301,1,0,0,N,1,0,0,2,67301,1,,9,1,,N,N,,0,,0,0,0,0,0,,1000,1,2,0,0,0,0,1,3,4,0,1,3,,N,,,,,,,,,,,
2009085223,819.0,3,0,0,0,0,0,0,0,0,1,0,,67,8,2009,5,39.9598,-75.1773,800.0,6,0,0,0,0,0,0,0,0,1.0,0,0,0,7,1,0,0,,1,39 57:35.960,4.0,0,75 10:43.316,0,0,0,0,67301,0,0,0,N,0,0,0,3,68K01,0,,1,9,,N,N,,0,,0,0,0,0,0,N,749,0,3,0,0,1,0,0,3,4,0,3,7,,N,,,,,,,,,,,
2009120587,130.0,0,0,0,0,0,0,0,0,0,7,0,,67,10,2009,4,,,130.0,6,0,0,0,0,0,0,0,0,,0,0,0,1,3,0,0,,0,,,0,,0,0,0,0,67301,0,0,0,N,0,0,0,1,67301,0,,3,1,,N,N,,0,,0,0,1,0,0,,130,0,1,0,0,1,0,0,3,3,0,1,3,,N,,,,,,,,,,,
2009120611,1222.0,2,0,0,0,0,0,0,0,0,4,0,,67,11,2009,1,40.0037,-75.0678,1218.0,6,0,0,0,1,0,0,0,1,,0,0,0,12,1,1,1,,0,40 00:13.240,,0,75 04:04.234,8,0,0,0,67301,0,0,0,N,0,0,0,2,67301,0,,1,1,,N,N,,0,,0,0,0,3,3,,1216,1,2,0,0,0,1,0,3,4,0,2,3,,N,,,,,,,,,,,
2009120637,1413.0,2,0,0,0,0,0,0,0,0,4,0,,67,10,2009,7,40.0345,-75.0821,1409.0,6,0,0,0,1,0,1,0,1,,0,0,0,14,1,1,1,,0,40 02:04.103,,0,75 04:55.728,3,0,0,0,67301,0,0,0,N,0,0,0,4,67301,0,,1,1,,N,N,,0,,1,0,1,3,2,,1402,1,3,0,0,0,0,0,3,4,0,3,3,,N,,,,,,,,,,,
2009120655,1030.0,2,0,0,0,0,0,0,0,0,4,0,,67,10,2009,4,40.0226,-75.1573,1025.0,6,0,0,0,0,0,0,0,0,,0,0,0,10,1,0,1,,0,40 01:21.316,,0,75 09:26.420,0,0,0,0,67301,0,0,0,N,0,0,0,3,67301,0,,1,98,,N,N,,0,,0,0,0,3,3,,1020,0,2,0,0,0,0,0,3,4,0,2,99,,N,,,,,,,,,,,
2009086471,1648.0,1,0,0,0,0,0,0,0,0,7,0,,67,7,2009,5,40.033,-75.1704,1645.0,6,0,0,0,0,0,0,1,0,,0,0,0,16,1,1,0,,0,40 01:58.848,,0,75 10:13.426,4,0,0,0,67301,0,0,0,N,0,0,0,1,67301,1,,2,1,,N,N,,0,,0,0,0,0,0,,1645,1,1,0,0,0,0,0,3,4,0,1,3,,N,,,,,,,,,,,
2009111183,857.0,2,0,0,0,0,0,0,0,0,1,0,,67,10,2009,1,40.0205,-75.1542,850.0,6,0,0,0,0,0,1,0,0,1.0,0,0,0,8,1,1,6,,2,40 01:13.786,2.0,2,75 09:15.325,3,0,0,0,67301,0,0,0,N,0,0,0,2,67301,0,,7,1,,N,N,,0,,1,0,0,0,0,N,848,1,2,0,0,0,0,0,3,4,0,2,3,,N,,,,,,,,,,,
2009111189,1615.0,0,0,0,0,0,0,0,0,0,4,0,,67,9,2009,3,40.0995,-74.9864,1605.0,6,0,0,0,0,0,1,0,0,,0,0,0,15,1,1,1,,0,40 05:58.224,,2,74 59:10.989,8,0,0,0,67301,0,0,0,,0,0,0,2,67301,0,,1,1,,,,,0,,0,0,2,3,2,,1557,1,2,0,0,0,1,0,3,4,0,2,3,,N,,,,,,,,,,,
2009111042,2226.0,3,0,0,0,0,0,0,0,0,1,0,,67,10,2009,4,40.002,-75.1945,2226.0,6,0,0,0,0,0,0,0,0,,0,0,0,22,3,0,0,,0,40 00:08.280,,0,75 11:40.200,0,0,0,0,67301,0,0,0,N,0,0,0,6,68K01,0,,1,1,,N,N,,0,,0,0,0,0,0,,2216,0,3,0,0,0,0,0,3,4,0,3,3,,N,,,,,,,,,,,
2009065383,940.0,3,0,0,0,0,0,0,0,0,1,0,,67,5,2009,3,40.0098,-75.1309,937.0,6,0,0,0,0,0,1,0,0,9.0,0,0,0,9,1,2,0,,1,40 00:35.358,2.0,0,75 07:51.271,8,0,0,0,67301,0,0,0,,0,0,0,5,67301,0,,1,1,,,,,0,,0,0,0,0,0,N,912,2,3,0,0,0,2,1,3,4,0,3,3,,N,,,,,,,,,,,
2009065427,925.0,2,0,0,0,0,0,0,0,0,2,0,,67,5,2009,1,40.0586,-75.1528,920.0,6,0,0,0,0,0,0,1,1,,0,0,0,9,1,1,1,,0,40 03:30.949,,0,75 09:09.932,4,0,0,0,67301,0,0,0,N,0,0,0,2,67301,1,,1,1,,N,N,,0,,0,0,0,3,2,,918,1,2,0,0,0,0,0,3,4,0,2,3,,N,,,,,,,,,,,
2009097399,1732.0,4,0,0,0,0,0,0,0,0,1,0,,67,9,2009,6,39.9891,-75.088,1723.0,6,0,0,0,0,0,0,0,0,1.0,0,0,0,17,1,1,0,,1,39 59:20.453,2.0,0,75 05:17.101,8,0,0,0,67301,0,0,0,N,0,0,0,6,68K01,0,,1,1,,N,N,,0,,0,0,0,0,0,Y,1721,1,4,0,0,0,1,1,3,4,0,4,3,,N,,,,,,,,,,,
2009085221,6.0,1,0,0,0,0,0,0,0,0,7,0,,67,8,2009,3,40.0436,-75.003,2356.0,6,0,0,0,0,0,0,0,0,,0,0,0,23,3,0,0,,0,40 02:36.939,,0,75 00:10.910,0,0,0,0,67301,0,0,0,N,0,0,0,1,68K01,0,,5,1,,N,N,,0,,0,0,0,0,0,,2354,0,1,0,0,0,0,0,3,4,0,1,3,,N,,,,,,,,,,,
2009120566,457.0,2,0,0,0,0,0,0,0,0,1,0,,67,10,2009,4,40.0132,-75.0704,455.0,6,0,0,0,0,0,1,0,0,,0,0,0,99,1,1,1,,0,40 00:47.439,,0,75 04:13.514,4,0,0,0,67301,0,0,0,N,0,0,0,2,67301,1,,1,1,,N,N,,0,,0,0,0,3,2,,9999,1,2,0,0,0,0,1,3,4,0,2,3,,N,,,,,,,,,,,
2009120580,1202.0,2,0,0,0,0,0,0,0,0,1,0,,67,10,2009,7,39.917,-75.2153,1157.0,6,0,0,0,0,0,0,0,0,1.0,0,0,0,11,1,2,0,,1,39 55:01.267,3.0,0,75 12:54.774,4,0,0,0,67301,0,0,0,,0,0,0,2,67301,2,,1,9,,N,N,,0,,0,0,0,0,0,N,1157,2,2,0,0,0,0,0,3,4,0,2,7,,N,,,,,,,,,,,
2009111214,1622.0,2,0,0,0,0,0,0,0,0,1,0,,67,10,2009,2,40.0205,-75.1542,1619.0,6,0,0,0,0,0,0,0,0,,0,0,0,15,1,0,6,,0,40 01:13.786,,2,75 09:15.325,0,0,0,0,67301,0,0,0,N,0,0,0,2,67301,0,,1,1,,N,N,,0,,0,0,0,0,0,,1554,0,2,0,0,0,0,0,3,4,0,2,3,,N,,,,,,,,,,,
2009111232,1802.0,1,0,0,0,0,0,0,0,0,7,0,,67,10,2009,6,40.0273,-75.1442,1800.0,6,0,0,0,0,0,0,0,0,1.0,0,0,0,18,1,0,1,,2,40 01:38.128,2.0,0,75 08:39.260,0,0,0,0,67301,0,0,0,N,0,0,0,1,67301,0,,2,1,,N,N,,0,,0,0,1,0,0,Y,1800,0,2,0,0,0,0,0,3,4,0,2,3,,N,,,,,,,,,,,
2009118998,1423.0,2,0,0,0,0,0,0,0,0,1,0,,67,10,2009,6,40.0359,-75.1238,1420.0,6,0,0,0,0,0,0,0,0,,0,0,0,13,1,2,0,,0,40 02:09.351,,0,75 07:25.768,4,0,0,0,67301,0,0,0,N,0,0,0,3,67301,2,,1,1,,N,N,,0,,0,0,0,0,0,,1330,2,2,0,0,0,0,0,3,4,0,2,3,,N,,,,,,,,,,,
2009121050,1716.0,1,0,0,0,0,0,0,0,0,8,0,,67,11,2009,6,39.985,-75.0944,1708.0,6,0,1,0,0,0,0,0,0,,0,0,0,17,4,1,0,,0,39 59:06.403,,0,75 05:39.222,8,0,0,0,67301,1,0,0,N,1,0,0,2,68Z99,0,,2,1,,N,N,,0,,0,0,0,0,0,,1704,1,2,0,0,0,1,0,3,4,0,1,3,,N,,,,,,,,,,,
2009120732,1810.0,2,0,0,0,0,0,0,0,0,2,0,,67,10,2009,3,40.0296,-75.2032,1803.0,6,0,0,0,0,0,1,0,0,,0,0,0,17,4,1,0,,0,40 01:46.561,,0,75 12:11.993,3,0,0,0,67301,0,0,0,N,0,0,0,2,67301,0,,1,9,,N,N,,0,,1,0,0,0,0,,1755,1,2,0,0,0,0,0,3,4,0,2,7,,N,,,,,,,,,,,
2009120736,1045.0,2,0,0,0,0,0,0,0,0,1,0,,67,9,2009,6,39.9252,-75.229,1045.0,6,0,0,0,0,0,0,0,0,4.0,0,0,0,10,1,0,0,,2,39 55:30.590,7.0,0,75 13:44.399,0,0,0,0,67301,0,0,0,N,0,0,0,2,67301,0,,1,1,,N,N,,0,,0,0,0,0,0,Y,1045,0,2,0,0,0,0,0,3,4,0,2,3,,N,,,,,,,,,,,
2009021241,18.0,3,0,0,0,0,0,0,0,0,1,0,,67,2,2009,1,39.9667,-75.1874,16.0,6,0,0,0,0,0,1,0,0,,0,0,0,0,3,0,0,,0,39 58:03.889,,0,75 11:22.581,0,0,0,0,67301,0,0,0,N,0,0,0,8,68K01,0,,1,1,,N,N,,0,,0,0,0,0,0,,14,0,3,0,0,1,0,0,3,4,0,3,3,,N,,,,,,,,,,,
2009063756,1602.0,3,0,0,0,0,0,0,0,0,4,0,,67,5,2009,7,39.9388,-75.1644,1556.0,6,0,0,0,0,0,1,0,0,,0,0,0,15,1,2,0,,0,39 56:19.500,,0,75 09:51.804,3,0,0,0,67301,0,0,0,N,0,0,0,5,67301,1,,1,1,,N,N,,0,,1,0,0,0,0,,1556,2,3,0,0,0,0,1,3,4,0,3,3,,N,,,,,,,,,,,