CRN,ARRIVAL_TM,AUTOMOBILE_COUNT,BELTED_DEATH_COUNT,BELTED_SUSP_SERIOUS_INJ_COUNT,BICYCLE_COUNT,BICYCLE_DEATH_COUNT,BICYCLE_SUSP_SERIOUS_INJ_COUNT,BUS_COUNT,CHLDPAS_DEATH_COUNT,CHLDPAS_SUSP_SERIOUS_INJ_COUNT,COLLISION_TYPE,COMM_VEH_COUNT,CONS_ZONE_SPD_LIM,COUNTY,CRASH_MONTH,CRASH_YEAR,DAY_OF_WEEK,DEC_LAT,DEC_LONG,DISPATCH_TM,DISTRICT,DRIVER_COUNT_16YR,DRIVER_COUNT_17YR,DRIVER_COUNT_18YR,DRIVER_COUNT_19YR,DRIVER_COUNT_20YR,DRIVER_COUNT_50_64YR,DRIVER_COUNT_65_74YR,DRIVER_COUNT_75PLUS,EST_HRS_CLOSED,FATAL_COUNT,HEAVY_TRUCK_COUNT,HORSE_BUGGY_COUNT,HOUR_OF_DAY,ILLUMINATION,INJURY_COUNT,INTERSECT_TYPE,INTERSECTION_RELATED,LANE_CLOSED,LATITUDE,LN_CLOSE_DIR,LOCATION_TYPE,LONGITUDE,MAX_SEVERITY_LEVEL,MCYCLE_DEATH_COUNT,MCYCLE_SUSP_SERIOUS_INJ_COUNT,MOTORCYCLE_COUNT,MUNICIPALITY,NONMOTR_COUNT,NONMOTR_DEATH_COUNT,NONMOTR_SUSP_SERIOUS_INJ_COUNT,NTFY_HIWY_MAINT,PED_COUNT,PED_DEATH_COUNT,PED_SUSP_SERIOUS_INJ_COUNT,PERSON_COUNT,POLICE_AGCY,POSSIBLE_INJ_COUNT,RDWY_SURF_TYPE_CD,RELATION_TO_ROAD,ROAD_CONDITION,ROADWAY_CLEARED,SCH_BUS_IND,SCH_ZONE_IND,SECONDARY_CRASH,SMALL_TRUCK_COUNT,SPEC_JURIS_CD,SUSP_MINOR_INJ_COUNT,SUSP_SERIOUS_INJ_COUNT,SUV_COUNT,TCD_FUNC_CD,TCD_TYPE,TFC_DETOUR_IND,TIME_OF_DAY,TOT_INJ_COUNT,TOTAL_UNITS,UNB_DEATH_COUNT,UNB_SUSP_SERIOUS_INJ_COUNT,UNBELTED_OCC_COUNT,UNK_INJ_DEG_COUNT,UNK_INJ_PER_COUNT,URBAN_AREA,URBAN_RURAL,VAN_COUNT,VEHICLE_COUNT,WEATHER1,WEATHER2,WORK_ZONE_IND,WORK_ZONE_LOC,WORK_ZONE_TYPE,WORKERS_PRES,WZ_CLOSE_DETOUR,WZ_FLAGGER,WZ_LAW_OFFCR_IND,WZ_LN_CLOSURE,WZ_MOVING,WZ_OTHER,WZ_SHLDER_MDN,WZ_WORKERS_INJ_KILLED
2009063760,2355.0,1,0,0,0,0,0,0,0,0,7,0,,67,5,2009,7,39.9121,-75.1383,2350.0,6,0,0,0,0,0,0,0,0,,0,0,0,22,3,1,0,,0,39 54:43.516,,0,75 08:17.849,8,0,0,0,67301,0,0,0,,0,0,0,1,67301,0,,2,1,,N,,,0,,0,0,0,0,0,,2215,1,1,0,0,0,1,0,3,4,0,1,3,,N,,,,,,,,,,,
2009063790,1439.0,2,0,0,0,0,0,0,0,0,4,0,,67,5,2009,5,39.9584,-75.2369,1439.0,6,0,0,0,0,0,1,0,0,2.0,0,0,0,14,1,0,0,,2,39 57:30.154,4.0,0,75 14:12.935,0,0,0,0,67301,0,0,0,N,0,0,0,1,67301,0,,6,1,,N,N,,1,,0,0,0,0,0,N,1428,0,3,0,0,0,0,0,3,4,0,3,3,,N,,,,,,,,,,,
2009066551,1835.0,0,0,0,0,0,0,0,0,0,5,0,,67,5,2009,7,39.959,-75.2296,1833.0,6,0,0,0,0,0,1,0,0,,0,0,0,18,1,1,2,,0,39 57:32.520,,0,75 13:46.612,4,0,0,1,67301,0,0,0,N,0,0,0,2,67301,1,,1,1,,N,N,,0,,0,0,0,3,3,,1832,1,2,0,0,0,0,0,3,4,1,2,3,,N,,,,,,,,,,,
2009056260,1736.0,2,0,0,0,0,0,0,0,0,1,0,,67,5,2009,6,39.9905,-75.2048,1736.0,6,0,0,0,0,0,1,0,0,,0,0,0,17,1,1,0,,0,39 59:28.235,,0,75 12:13.013,4,0,0,0,67301,0,0,0,N,0,0,0,5,68K01,1,,1,1,,N,N,,0,,0,0,2,0,0,,1735,1,4,0,0,0,0,0,3,4,0,4,3,,N,,,,,,,,,,,
2009058897,1100.0,1,0,0,0,0,0,0,0,0,4,0,,67,4,2009,1,40.0184,-75.1484,1100.0,6,0,0,0,0,0,0,1,0,,0,0,0,8,3,1,0,,0,40 01:06.121,,0,75 08:54.301,4,0,0,1,67301,0,0,0,,0,0,0,2,67301,1,,1,1,,,,,0,,0,0,0,0,0,,830,1,2,0,0,0,0,0,3,4,0,2,3,,N,,,,,,,,,,,
2009056459,1950.0,1,0,0,0,0,0,0,0,0,1,0,,67,4,2009,3,39.9761,-75.2244,1841.0,6,0,0,0,0,0,0,1,0,,0,0,0,18,1,2,1,,0,39 58:34.062,,0,75 13:27.977,8,0,0,0,67301,0,0,0,,0,0,0,4,67301,0,,1,1,,,,,1,,0,0,0,0,0,,1803,2,2,0,0,0,2,0,3,4,0,2,3,,N,,,,,,,,,,,
2009093420,1311.0,1,0,0,0,0,0,0,0,0,8,0,,67,8,2009,1,40.0301,-75.0572,1309.0,6,0,0,0,0,0,1,0,0,,0,0,0,13,1,1,2,,0,40 01:48.216,,0,75 03:25.977,4,0,0,0,67301,1,0,0,N,1,0,0,2,67301,1,,1,1,,N,N,,0,,0,0,0,3,3,,1305,1,2,0,0,0,0,0,3,4,0,1,3,,N,,,,,,,,,,,
2009087919,1352.0,1,0,0,0,0,0,0,0,0,7,0,,67,8,2009,7,39.951,-75.141,1349.0,6,0,0,0,0,0,0,0,0,1.0,0,0,0,13,1,1,0,,1,39 57:04.085,1.0,0,75 08:27.715,4,0,0,0,67301,0,0,0,N,0,0,0,2,68K01,1,,2,1,,N,N,,0,,0,0,0,0,0,N,1345,1,1,0,0,1,0,1,3,4,0,1,3,,N,,,,,,,,,,,
2009080645,327.0,4,0,0,0,0,0,0,0,0,5,0,,67,7,2009,6,39.931,-75.153,325.0,6,0,0,0,0,0,0,0,0,2.0,0,0,0,3,3,0,0,,2,39 55:51.480,4.0,0,75 09:10.624,0,0,0,0,67301,0,0,0,N,0,0,0,1,67301,0,,1,98,,N,N,,0,,0,0,0,0,0,Y,325,0,4,0,0,0,0,0,3,4,0,4,3,,N,,,,,,,,,,,
2009086047,2059.0,2,0,0,0,0,0,0,0,0,1,0,,67,8,2009,2,40.025,-75.139,2042.0,6,0,0,0,0,0,0,0,0,,0,0,0,20,3,5,1,,0,40 01:30.104,,0,75 08:20.432,8,0,0,0,67301,0,0,0,N,0,0,0,5,67301,0,,1,1,,N,N,,0,,0,0,0,3,2,,2010,5,2,0,0,3,5,0,3,4,0,2,3,,N,,,,,,,,,,,
2009065545,0.0,2,0,0,0,0,0,0,0,0,1,0,,67,5,2009,6,40.009,-75.072,0.0,6,0,0,0,0,0,1,0,0,,0,0,0,16,1,1,0,,0,40 00:32.345,,0,75 04:19.046,4,0,0,0,67301,0,0,0,N,0,0,0,2,00000,1,,1,1,,N,N,,0,,0,0,0,0,0,,1640,1,2,0,0,0,0,1,3,4,0,2,3,,N,,,,,,,,,,,
2009078943,9999.0,0,0,0,1,0,0,0,0,0,4,0,,67,7,2009,4,40.0243,-75.0836,9999.0,6,0,0,0,0,0,0,0,0,,0,0,0,14,1,1,0,,0,40 01:27.347,,7,75 05:01.099,8,0,0,0,67301,1,0,0,,0,0,0,2,67301,0,,1,1,,N,N,,1,,0,0,0,0,0,,1430,1,2,0,0,0,1,0,3,4,0,1,3,,N,,,,,,,,,,,
2009079127,1305.0,2,0,0,0,0,0,0,0,0,2,0,,67,7,2009,3,39.9185,-75.1491,1300.0,6,0,0,0,0,0,1,0,0,,0,0,0,13,1,1,0,,0,39 55:06.596,,0,75 08:56.634,4,0,0,0,67301,0,0,0,,0,0,0,1,67301,1,,1,1,,,,,0,,0,0,0,0,0,,1300,1,2,0,0,1,0,0,3,4,0,2,3,,N,,,,,,,,,,,
2009079184,352.0,1,0,0,0,0,0,0,0,0,7,0,,67,7,2009,3,40.0298,-75.1043,328.0,6,0,0,0,0,0,0,0,0,,0,0,0,3,3,0,0,,0,40 01:47.421,,6,75 06:15.635,0,0,0,0,67301,0,0,0,,0,0,0,1,67301,0,,2,1,,,,,0,,0,0,0,0,0,,325,0,1,0,0,0,0,0,3,4,0,1,3,,N,,,,,,,,,,,
2009079232,629.0,1,0,0,0,0,0,0,0,0,7,0,,67,6,2009,6,39.8856,-75.2314,616.0,6,0,0,1,0,0,0,0,0,,0,0,0,6,1,0,0,,0,39 53:08.262,,7,75 13:53.125,0,0,0,0,67301,0,0,0,N,0,0,0,1,67301,0,,5,1,,N,N,,0,,0,0,0,0,0,,618,0,1,0,0,0,0,0,3,4,0,1,3,,N,,,,,,,,,,,
2009071445,849.0,0,0,0,0,0,0,0,0,0,2,0,,67,6,2009,7,39.9585,-75.1659,845.0,6,0,0,0,0,0,0,0,0,,0,0,0,8,1,2,2,,0,39 57:30.637,,0,75 09:56.095,8,0,0,0,67301,0,0,0,N,0,0,0,2,67301,0,,1,1,,N,N,,0,,0,0,2,3,2,,843,2,2,0,0,0,2,0,3,4,0,2,3,,N,,,,,,,,,,,
2009071446,1846.0,2,0,0,0,0,0,0,0,0,1,0,,67,6,2009,1,40.0421,-75.1683,1846.0,6,0,0,1,0,0,0,1,0,1.0,0,0,0,18,1,3,0,,1,40 02:31.418,3.0,0,75 10:05.966,4,0,0,0,67301,0,0,0,N,0,0,0,3,67301,2,,1,1,,N,N,,0,,0,0,0,0,0,N,1840,3,2,0,0,3,1,0,3,4,0,2,3,,N,,,,,,,,,,,
2009074321,1630.0,1,0,0,0,0,0,0,0,0,8,0,,67,6,2009,7,40.0569,-75.1881,1625.0,6,0,0,0,0,0,1,0,0,,0,0,0,15,1,1,2,,0,40 03:24.735,,0,75 11:16.996,4,0,0,0,67301,1,0,0,N,1,0,0,2,67301,1,,1,1,,N,N,,0,,0,0,0,3,2,,1500,1,2,0,0,0,0,0,3,4,0,1,3,,N,,,,,,,,,,,
2009074534,1935.0,0,0,0,0,0,0,0,0,0,4,0,,67,6,2009,1,40.0372,-75.1237,1930.0,6,0,0,0,0,0,1,0,0,,0,0,0,18,1,1,1,,0,40 02:13.851,,0,75 07:25.305,8,0,0,0,67301,0,0,0,N,0,0,0,2,67301,0,,1,1,,N,N,,0,,0,0,1,3,2,,1830,1,2,0,0,0,1,0,3,4,1,2,3,,N,,,,,,,,,,,
2009074546,1520.0,1,0,0,0,0,0,0,0,0,4,0,,67,6,2009,3,39.9248,-75.2356,1510.0,6,0,0,0,0,1,0,0,0,,0,0,0,15,1,5,1,,0,39 55:29.143,,0,75 14:08.116,8,0,0,0,67301,0,0,0,,0,0,0,5,67301,0,,1,1,,N,N,,1,,0,0,0,9,2,,1504,5,2,0,0,0,5,0,3,4,0,2,3,,N,,,,,,,,,,,
2009074580,252.0,1,0,0,0,0,0,0,0,0,4,0,,67,6,2009,5,39.941,-75.1743,252.0,6,0,0,0,0,0,0,0,0,,0,0,0,2,3,1,1,,0,39 56:27.704,,0,75 10:27.386,3,0,0,0,67301,0,0,0,N,0,0,0,2,67301,0,,1,9,,N,N,,0,,1,0,2,3,2,,250,1,3,0,0,0,0,0,3,4,0,3,7,,N,,,,,,,,,,,
2009074604,1652.0,2,0,0,0,0,0,0,0,0,4,0,,67,6,2009,2,39.9918,-75.1127,1638.0,6,0,0,0,1,0,1,0,0,,0,0,0,15,1,1,1,,0,39 59:30.291,,0,75 06:46.001,8,0,0,0,67301,0,0,0,N,0,0,0,4,67301,0,,1,1,,N,N,,0,,0,0,0,3,2,,1530,1,2,0,0,0,1,0,3,4,0,2,3,,N,,,,,,,,,,,
2009069277,651.0,1,0,0,0,0,0,0,0,0,4,0,,67,5,2009,7,40.046,-75.0138,650.0,6,0,0,0,0,0,1,0,0,,0,0,0,6,1,1,10,,0,40 02:45.538,,0,75 00:49.539,8,0,0,0,67301,0,0,0,N,0,0,0,2,67301,0,,1,1,,N,N,,1,,0,0,0,0,0,,649,1,2,0,0,0,1,0,3,4,0,2,3,,N,,,,,,,,,,,
2009029122,949.0,0,0,0,0,0,0,0,0,0,7,0,,67,3,2009,2,39.8989,-75.1706,947.0,6,0,0,0,0,0,0,0,0,1.0,0,0,0,9,1,0,0,,1,39 53:56.760,2.0,0,75 10:04.800,0,0,0,0,67301,0,0,0,N,0,0,0,1,68K01,0,,3,7,,N,N,,0,,0,0,1,0,0,N,944,0,1,0,0,0,0,0,3,4,0,1,10,,N,,,,,,,,,,,
2009024241,2332.0,1,0,0,0,0,0,0,0,0,7,0,,67,2,2009,6,39.8773,-75.2548,2320.0,6,0,0,0,0,0,0,0,0,1.0,0,0,0,23,3,1,0,,2,39 52:35.400,2.0,2,75 15:30.600,8,0,0,0,67301,0,0,0,N,0,0,0,2,68K01,0,,4,1,,N,N,,0,,0,0,0,0,0,Y,2314,1,1,0,0,1,1,0,3,4,0,1,3,,N,,,,,,,,,,,
2009065253,1843.0,1,0,0,0,0,0,0,0,0,1,0,,67,5,2009,5,39.9985,-75.1293,1838.0,6,0,0,0,0,0,0,0,0,,0,0,0,18,1,1,1,,0,39 59:54.840,,0,75 07:45.186,4,0,0,1,67301,0,0,0,N,0,0,0,2,67301,1,,1,1,,N,N,,0,,0,0,0,3,2,,1833,1,2,0,0,0,0,0,3,4,0,2,3,,N,,,,,,,,,,,
2009065263,1403.0,2,0,0,0,0,0,0,0,0,1,0,,67,5,2009,1,39.9554,-75.2,1401.0,6,0,0,0,0,0,0,0,0,,0,0,0,13,1,1,1,,0,39 57:19.258,,0,75 11:59.763,4,0,0,0,67301,0,0,0,N,0,0,0,2,67301,1,,1,1,,N,N,,0,,0,0,0,3,2,,1354,1,2,0,0,0,0,0,3,4,0,2,3,,N,,,,,,,,,,,
2009058107,1920.0,1,0,0,0,0,0,0,0,0,4,0,,67,6,2009,4,39.958,-75.1407,1909.0,6,0,0,1,0,0,0,0,0,,0,0,0,19,4,0,0,,0,39 57:29.146,,0,75 08:26.668,0,0,0,0,67301,0,0,0,N,0,0,0,4,68K01,0,,1,9,,N,N,,1,,0,0,1,0,0,,1904,0,3,0,0,0,0,0,3,4,0,3,3,,N,,,,,,,,,,,
2009092942,2000.0,2,0,0,0,0,0,0,0,0,4,0,,67,8,2009,7,39.9604,-75.2411,1940.0,6,0,0,0,0,0,0,0,0,,0,0,0,19,3,1,1,,0,39 57:37.583,,0,75 14:27.758,4,0,0,0,67301,0,0,0,N,0,0,0,3,67301,1,,1,9,,N,N,,0,,0,0,0,2,2,,1935,1,2,0,0,0,0,0,3,4,0,2,7,,N,,,,,,,,,,,
2009030430,1407.0,1,0,0,0,0,0,0,0,0,7,0,,67,2,2009,2,39.9799,-75.2267,1400.0,6,0,0,0,0,0,0,0,0,,0,0,0,13,1,1,1,,0,39 58:47.812,,0,75 13:36.217,8,0,0,0,67301,0,0,0,,0,0,0,1,67301,0,,5,1,,N,N,,0,,0,0,0,3,3,,1358,1,1,0,0,0,1,0,3,4,0,1,3,,N,,,,,,,,,,,
2009096823,2106.0,3,0,0,0,0,0,0,0,0,5,0,,67,8,2009,7,40.0173,-75.063,2055.0,6,0,0,0,0,0,1,0,0,,0,0,0,99,2,1,0,,0,40 01:02.208,,0,75 03:46.875,4,0,0,0,67301,0,0,0,,0,0,0,1,67301,1,,1,9,,,,,0,,0,0,1,0,0,,9999,1,4,0,0,0,0,0,3,4,0,4,7,,N,,,,,,,,,,,
2009125436,1050.0,2,0,0,0,0,0,0,0,0,5,0,,67,11,2009,5,39.9252,-75.2212,1050.0,6,0,0,0,0,0,0,0,0,,0,0,0,10,1,0,2,,0,39 55:30.897,,0,75 13:16.270,0,0,0,0,67301,0,0,0,N,0,0,0,2,67301,0,,1,1,,N,N,,0,,0,0,0,0,0,,1045,0,2,0,0,0,0,0,3,4,0,2,3,,N,,,,,,,,,,,
2009125154,1138.0,1,0,0,0,0,0,1,0,0,1,1,,67,11,2009,6,39.9112,-75.2306,1118.0,6,0,0,0,0,0,0,2,0,,0,0,0,10,1,4,0,,0,39 54:40.208,,0,75 13:50.192,4,0,0,0,67301,0,0,0,N,0,0,0,5,67301,4,,1,1,,Y,N,,0,,0,0,0,3,2,,1053,4,2,0,0,1,0,0,3,4,0,2,3,,N,,,,,,,,,,,
2009122727,1753.0,1,0,0,0,0,0,0,0,0,1,0,,67,11,2009,4,40.0386,-75.0091,1746.0,6,0,0,0,0,0,0,0,0,,0,0,0,17,2,1,0,,0,40 02:19.096,,0,75 00:32.175,8,0,0,0,67301,0,0,0,N,0,0,0,2,68K01,0,,1,9,,N,N,,1,,0,0,0,0,0,,1743,1,2,0,0,0,1,1,3,4,0,2,7,,N,,,,,,,,,,,
2009125244,2308.0,1,0,0,1,0,0,0,0,0,4,0,,67,11,2009,7,39.9626,-75.2166,2303.0,6,0,0,0,0,0,0,0,0,,0,0,0,23,3,1,1,,0,39 57:44.928,,0,75 12:58.376,4,0,0,0,67301,1,0,0,N,0,0,0,2,67301,1,,4,1,,N,N,,0,,0,0,0,9,2,,2301,1,2,0,0,0,0,1,3,4,0,1,3,,N,,,,,,,,,,,
2009125246,1659.0,2,0,0,0,0,0,0,0,0,5,0,,67,11,2009,4,39.9724,-75.2174,1653.0,6,0,0,0,0,0,1,0,0,,0,0,0,16,1,3,5,,0,39 58:20.725,,0,75 13:02.760,8,0,0,0,67301,1,0,0,N,0,0,0,7,67301,0,,1,1,,N,N,,1,,0,0,0,3,2,,1620,3,4,0,0,0,3,0,3,4,0,4,3,,N,,,,,,,,,,,
2009111879,740.0,1,0,0,0,0,0,0,0,0,8,0,,67,9,2009,6,39.9273,-75.1926,735.0,6,0,0,0,0,0,0,0,0,,0,0,0,7,1,1,1,,0,39 55:38.337,,0,75 11:33.284,4,0,0,0,67301,1,0,0,,1,0,0,2,67301,1,,1,1,,Y,,,0,,0,0,0,3,3,,735,1,2,0,0,1,0,0,3,4,0,1,3,,N,,,,,,,,,,,
2009111890,1820.0,2,0,0,0,0,0,0,0,0,4,0,,67,10,2009,5,40.0306,-75.1039,1833.0,6,0,0,0,0,0,1,0,0,,0,0,0,18,3,1,5,,0,40 01:50.090,,0,75 06:14.040,8,0,0,0,67301,0,0,0,,0,0,0,3,67301,0,,1,9,,,,,0,,0,0,0,0,0,,1820,1,2,0,0,0,1,0,3,4,0,2,7,,N,,,,,,,,,,,
2009044832,1644.0,2,0,0,0,0,0,0,0,0,4,0,,67,3,2009,5,39.9745,-75.1587,1643.0,6,0,0,0,0,1,0,0,0,,0,0,0,16,1,2,1,,0,39 58:28.020,,0,75 09:31.391,3,0,0,0,67301,0,0,0,,0,0,0,2,67301,0,,1,1,,,,,0,,2,0,0,3,2,,1643,2,2,0,0,0,0,0,3,4,0,2,3,,N,,,,,,,,,,,
2009049764,1907.0,1,0,0,0,0,0,0,0,0,4,0,,67,4,2009,6,40.0295,-75.0629,1903.0,6,0,0,0,0,0,0,0,0,,0,0,0,19,1,1,5,,0,40 01:46.096,,0,75 03:46.309,8,0,0,0,67301,0,0,0,N,0,0,0,3,67301,0,,1,9,,N,Y,,1,,0,0,0,3,2,,1901,1,2,0,0,0,1,1,3,4,0,2,7,,N,,,,,,,,,,,
2009039108,1750.0,2,0,0,0,0,0,0,0,0,4,0,,67,2,2009,5,40.0054,-75.1086,1721.0,6,0,0,0,0,0,0,0,0,,0,0,0,99,5,1,1,,0,40 00:19.421,,0,75 06:31.068,8,0,0,0,67301,0,0,0,N,0,0,0,2,67301,0,,1,1,,N,,,0,,0,0,0,9,3,,9999,1,2,0,0,0,1,0,3,4,0,2,3,,N,,,,,,,,,,,
2009037367,607.0,1,0,0,0,0,0,0,0,0,7,0,,67,2,2009,3,39.9377,-75.2113,603.0,6,0,0,0,0,0,0,0,0,,0,0,0,5,5,1,0,,0,39 56:15.857,,0,75 12:40.696,8,0,0,0,67301,0,0,0,,0,0,0,1,67301,0,,5,1,,N,N,,0,,0,0,0,0,0,,556,1,1,0,0,0,1,0,3,4,0,1,3,,N,,,,,,,,,,,
2009037369,1655.0,0,0,0,0,0,0,0,0,0,7,0,,67,3,2009,1,40.0774,-75.1756,1647.0,6,0,0,0,0,0,0,0,0,3.0,0,0,0,14,1,1,0,,2,40 04:38.522,6.0,0,75 10:32.019,8,0,0,0,67301,0,0,0,N,0,0,0,4,67301,0,,2,1,,N,N,,0,,0,0,1,0,0,Y,1430,1,2,0,0,0,1,2,3,4,0,1,3,,N,,,,,,,,,,,
2009039250,9999.0,1,0,0,0,0,0,0,0,0,4,0,,67,2,2009,2,40.0294,-75.0546,9999.0,6,0,0,0,0,0,1,0,0,,0,0,0,99,1,2,1,,0,40 01:45.850,,0,75 03:16.505,4,0,0,0,67301,0,0,0,N,0,0,0,6,67301,2,,1,1,,N,N,,0,,0,0,0,3,3,,9999,2,2,0,0,0,0,0,3,4,1,2,3,,N,,,,,,,,,,,
2009026907,2140.0,2,0,0,0,0,0,0,0,0,2,0,,67,1,2009,1,40.0711,-75.0379,2137.0,6,0,0,0,0,0,1,0,0,9.0,0,0,0,21,3,1,1,,1,40 04:15.960,1.0,0,75 02:16.800,8,0,0,0,67301,0,0,0,N,0,0,0,2,67301,0,,1,9,,N,N,,0,,0,0,0,3,2,N,2136,1,2,0,0,0,1,0,3,4,0,2,7,,N,,,,,,,,,,,
2009044451,1218.0,2,0,0,0,0,0,0,0,0,1,0,,67,3,2009,5,39.9069,-75.2348,1200.0,6,0,0,0,0,0,2,0,0,,0,0,0,12,1,1,0,,0,39 54:24.770,,0,75 14:05.294,8,0,0,0,67301,0,0,0,N,0,0,0,3,67301,0,,1,1,,N,N,,0,,0,0,0,0,0,,1200,1,2,0,0,0,1,0,3,4,0,2,3,,N,,,,,,,,,,,
2009044487,1530.0,0,0,0,0,0,0,0,0,0,8,0,,67,3,2009,5,40.0062,-75.1518,1430.0,6,0,0,0,0,0,0,0,0,,0,0,0,14,1,1,1,,0,40 00:22.204,,0,75 09:06.487,4,0,0,0,67301,1,0,0,N,1,0,0,2,67301,1,,1,9,,N,N,,0,,0,0,1,3,2,,1430,1,2,0,0,0,0,1,3,4,0,1,7,,N,,,,,,,,,,,
2009124479,1733.0,0,0,0,0,0,0,0,0,0,8,0,,67,11,2009,4,39.9553,-75.1629,1730.0,6,0,0,0,0,0,0,0,0,,0,0,0,17,3,1,1,,0,39 57:19.193,,0,75 09:46.331,3,0,0,0,67301,1,0,0,N,1,0,0,2,67301,0,,1,1,,N,N,,0,,1,0,1,3,2,,1725,1,2,0,0,0,0,0,3,4,0,1,3,,N,,,,,,,,,,,
2009124481,918.0,2,0,0,0,0,0,0,0,0,4,0,,67,11,2009,2,39.9545,-75.2149,915.0,6,0,0,0,0,0,0,0,0,,0,0,0,9,1,1,1,,0,39 57:16.045,,0,75 12:53.647,4,0,0,0,67301,0,0,0,N,0,0,0,3,67301,1,,1,1,,N,N,,0,,0,0,0,9,3,,906,1,2,0,0,0,0,1,3,4,0,2,3,,N,,,,,,,,,,,
2009131706,1432.0,1,0,0,0,0,0,1,0,0,5,1,,67,12,2009,2,39.9822,-75.2077,1430.0,6,0,0,0,0,0,0,0,0,1.0,0,0,0,14,1,1,0,,1,39 58:59.734,3.0,0,75 12:29.425,4,0,0,0,67301,0,0,0,N,0,0,0,2,68K01,1,,1,1,,N,N,,0,,0,0,0,0,0,N,1426,1,2,0,0,0,0,0,3,4,0,2,3,,N,,,,,,,,,,,
2009097172,1110.0,1,0,0,0,0,0,0,0,0,1,0,,67,9,2009,7,40.1292,-75.0249,1100.0,6,0,0,0,0,0,0,0,0,,0,0,0,10,1,1,1,,0,40 07:44.974,,0,75 01:30.100,8,0,0,0,67301,0,0,0,N,0,0,0,4,67301,0,,1,1,,N,N,,0,,0,0,0,0,0,,1045,1,2,0,0,0,1,0,3,4,1,2,3,,N,,,,,,,,,,,
2009094280,148.0,1,0,0,0,0,0,0,0,0,4,1,,67,8,2009,7,40.0296,-75.0868,145.0,6,0,0,0,0,0,0,0,0,,0,1,0,1,3,2,1,,0,40 01:46.571,,0,75 05:12.580,4,0,0,0,67301,0,0,0,N,0,0,0,3,67301,2,,1,1,,N,N,,0,,0,0,0,3,2,,143,2,2,0,0,0,0,0,3,4,0,2,3,,N,,,,,,,,,,,
2009062861,327.0,1,0,0,0,0,0,0,0,0,7,0,,67,4,2009,4,39.9243,-75.1474,322.0,6,0,0,0,0,0,0,0,0,1.0,0,0,0,3,3,0,0,,2,39 55:27.210,2.0,0,75 08:50.686,9,0,0,0,67301,0,0,0,N,0,0,0,2,68K01,0,,2,1,,N,N,,0,,0,0,0,0,0,N,320,0,1,0,0,0,0,2,3,4,0,1,3,,N,,,,,,,,,,,
2009065390,1716.0,0,0,0,0,0,0,0,0,0,1,0,,67,4,2009,5,40.0083,-75.171,1716.0,6,0,0,0,0,0,0,0,0,,0,0,0,17,1,1,0,,0,40 00:29.897,,0,75 10:15.468,4,0,0,1,67301,0,0,0,N,0,0,0,2,67301,1,,1,1,,N,N,,0,,0,0,1,0,0,,1716,1,2,0,0,0,0,0,3,4,0,2,3,,N,,,,,,,,,,,
2009065431,1850.0,2,0,0,0,0,0,0,0,0,4,0,,67,5,2009,7,40.0077,-75.1515,1845.0,6,0,0,0,0,0,0,0,0,1.0,0,0,0,18,1,2,1,,2,40 00:27.560,4.0,0,75 09:05.322,8,0,0,0,67301,0,0,0,N,0,0,0,3,67301,0,,1,1,,N,N,,0,,0,0,0,3,2,Y,1830,2,2,0,0,0,2,0,3,4,0,2,3,,N,,,,,,,,,,,
2009120600,1233.0,0,0,0,0,0,0,0,0,0,7,0,,67,10,2009,3,,,1220.0,6,0,0,0,0,0,0,0,0,,0,0,0,11,1,0,0,,0,,,0,,9,0,0,0,67301,0,0,0,N,0,0,0,1,67301,0,,5,1,,N,N,,0,,0,0,1,0,0,,1150,0,1,0,0,0,0,1,3,3,0,1,3,,N,,,,,,,,,,,
2009115682,1246.0,1,0,0,0,0,0,0,0,0,7,0,,67,11,2009,5,39.928,-75.1961,1241.0,6,0,0,0,0,0,0,0,0,,0,0,0,12,1,1,0,,0,39 55:41.520,,0,75 11:46.680,4,0,0,0,67301,0,0,0,N,0,0,0,1,68K01,1,,4,1,,N,N,,0,,0,0,0,0,0,,1239,1,1,0,0,0,0,0,3,4,0,1,3,,N,,,,,,,,,,,
2009128372,22.0,1,0,0,0,0,0,0,0,0,5,0,,67,12,2009,5,39.9427,-75.1934,22.0,6,0,0,0,0,0,0,0,0,,0,0,0,0,3,1,0,,0,39 56:39.480,,0,75 11:30.840,4,0,0,0,67301,0,0,0,N,0,0,0,3,68K01,1,,1,9,,N,N,,0,,0,0,1,0,0,,21,1,2,0,0,0,0,0,3,4,0,2,7,,N,,,,,,,,,,,
2009111083,1405.0,1,0,0,0,0,0,0,0,0,4,0,,67,10,2009,5,39.9877,-75.1545,1357.0,6,0,0,0,0,0,1,0,0,,0,0,0,13,1,1,1,,0,39 59:15.679,,0,75 09:16.209,4,0,0,0,67301,0,0,0,N,0,0,0,2,67301,1,,1,1,,N,N,,0,,0,0,1,3,3,,1355,1,2,0,0,0,0,0,3,4,0,2,3,,N,,,,,,,,,,,
2009120739,812.0,3,0,0,0,0,0,0,0,0,1,0,,67,8,2009,3,40.0243,-75.1304,811.0,6,0,0,0,0,0,1,0,0,,0,0,0,8,1,1,0,,0,40 01:27.382,,0,75 07:49.488,4,0,0,0,67301,0,0,0,Y,0,0,0,3,67301,1,,1,1,,,,,0,,0,0,0,0,0,,800,1,3,0,0,1,0,0,3,4,0,3,3,,N,,,,,,,,,,,