CRN,ARRIVAL_TM,AUTOMOBILE_COUNT,BELTED_DEATH_COUNT,BELTED_SUSP_SERIOUS_INJ_COUNT,BICYCLE_COUNT,BICYCLE_DEATH_COUNT,BICYCLE_SUSP_SERIOUS_INJ_COUNT,BUS_COUNT,CHLDPAS_DEATH_COUNT,CHLDPAS_SUSP_SERIOUS_INJ_COUNT,COLLISION_TYPE,COMM_VEH_COUNT,CONS_ZONE_SPD_LIM,COUNTY,CRASH_MONTH,CRASH_YEAR,DAY_OF_WEEK,DEC_LAT,DEC_LONG,DISPATCH_TM,DISTRICT,DRIVER_COUNT_16YR,DRIVER_COUNT_17YR,DRIVER_COUNT_18YR,DRIVER_COUNT_19YR,DRIVER_COUNT_20YR,DRIVER_COUNT_50_64YR,DRIVER_COUNT_65_74YR,DRIVER_COUNT_75PLUS,EST_HRS_CLOSED,FATAL_COUNT,HEAVY_TRUCK_COUNT,HORSE_BUGGY_COUNT,HOUR_OF_DAY,ILLUMINATION,INJURY_COUNT,INTERSECT_TYPE,INTERSECTION_RELATED,LANE_CLOSED,LATITUDE,LN_CLOSE_DIR,LOCATION_TYPE,LONGITUDE,MAX_SEVERITY_LEVEL,MCYCLE_DEATH_COUNT,MCYCLE_SUSP_SERIOUS_INJ_COUNT,MOTORCYCLE_COUNT,MUNICIPALITY,NONMOTR_COUNT,NONMOTR_DEATH_COUNT,NONMOTR_SUSP_SERIOUS_INJ_COUNT,NTFY_HIWY_MAINT,PED_COUNT,PED_DEATH_COUNT,PED_SUSP_SERIOUS_INJ_COUNT,PERSON_COUNT,POLICE_AGCY,POSSIBLE_INJ_COUNT,RDWY_SURF_TYPE_CD,RELATION_TO_ROAD,ROAD_CONDITION,ROADWAY_CLEARED,SCH_BUS_IND,SCH_ZONE_IND,SECONDARY_CRASH,SMALL_TRUCK_COUNT,SPEC_JURIS_CD,SUSP_MINOR_INJ_COUNT,SUSP_SERIOUS_INJ_COUNT,SUV_COUNT,TCD_FUNC_CD,TCD_TYPE,TFC_DETOUR_IND,TIME_OF_DAY,TOT_INJ_COUNT,TOTAL_UNITS,UNB_DEATH_COUNT,UNB_SUSP_SERIOUS_INJ_COUNT,UNBELTED_OCC_COUNT,UNK_INJ_DEG_COUNT,UNK_INJ_PER_COUNT,URBAN_AREA,URBAN_RURAL,VAN_COUNT,VEHICLE_COUNT,WEATHER1,WEATHER2,WORK_ZONE_IND,WORK_ZONE_LOC,WORK_ZONE_TYPE,WORKERS_PRES,WZ_CLOSE_DETOUR,WZ_FLAGGER,WZ_LAW_OFFCR_IND,WZ_LN_CLOSURE,WZ_MOVING,WZ_OTHER,WZ_SHLDER_MDN,WZ_WORKERS_INJ_KILLED
2009120743,1515.0,1,0,0,0,0,0,0,0,0,1,0,,67,10,2009,2,40.0742,-75.0347,1455.0,6,0,0,0,0,1,1,0,0,2.0,0,0,0,14,1,0,1,,1,40 04:27.147,1.0,0,75 02:05.032,9,0,0,0,67301,0,0,0,N,0,0,0,3,67301,0,,1,1,,N,N,,0,,0,0,1,3,2,N,1450,0,3,0,0,0,0,1,3,4,0,3,3,,N,,,,,,,,,,,
2009050692,51.0,2,0,0,0,0,0,0,0,0,4,0,,67,4,2009,7,39.9707,-75.1243,37.0,6,0,0,0,0,0,0,0,0,1.0,0,0,0,0,3,0,0,,1,39 58:17.864,1.0,0,75 07:23.646,0,0,0,0,67301,0,0,0,N,0,0,0,2,68K01,0,,1,1,,N,N,,0,,0,0,0,0,0,N,35,0,2,0,0,0,0,0,3,4,0,2,3,,N,,,,,,,,,,,
2009066432,1518.0,1,0,0,1,0,0,0,0,0,4,0,,67,5,2009,2,40.0436,-75.1714,1518.0,6,0,0,0,0,0,0,0,0,1.0,0,0,0,15,1,1,0,,2,40 02:37.118,4.0,0,75 10:17.140,8,0,0,0,67301,1,0,0,N,0,0,0,2,67301,0,,1,1,,N,N,,0,,0,0,0,0,0,Y,1517,1,2,0,0,0,1,0,3,4,0,1,3,,N,,,,,,,,,,,
2009063874,543.0,1,0,0,0,0,0,0,0,0,1,0,,67,5,2009,2,40.0325,-75.0808,536.0,6,0,0,0,0,0,0,0,0,,0,0,0,5,5,1,1,,0,40 01:56.965,,0,75 04:51.304,4,0,0,0,67301,0,0,0,N,0,0,0,2,67301,1,,1,1,,N,N,,0,,0,0,1,3,2,,532,1,2,0,0,0,0,0,3,4,0,2,3,,N,,,,,,,,,,,
2009056480,920.0,0,0,0,0,0,0,0,0,0,8,0,,67,4,2009,6,39.9794,-75.2253,916.0,6,0,0,0,0,0,0,0,0,,0,0,0,9,1,1,1,,0,39 58:45.965,,0,75 13:31.446,3,0,0,0,67301,1,0,0,,1,0,0,2,67301,0,,1,1,,,,,1,,1,0,0,3,2,,914,1,2,0,0,0,0,0,3,4,0,1,3,,N,,,,,,,,,,,
2009093482,829.0,1,0,0,0,0,0,0,0,0,4,0,,67,8,2009,3,40.026,-75.1995,825.0,6,0,0,0,0,0,0,0,0,,0,0,0,8,1,1,2,,0,40 01:33.778,,0,75 11:58.184,3,0,0,1,67301,0,0,0,N,0,0,0,2,67301,0,,1,1,,N,N,,0,,1,0,0,3,2,,820,1,2,0,0,0,0,0,3,4,0,2,3,,N,,,,,,,,,,,
2009093060,2150.0,0,0,0,0,0,0,0,0,0,8,0,,67,8,2009,2,40.0159,-75.0714,2148.0,6,0,0,0,0,0,0,0,0,,0,0,0,21,3,1,0,,0,40 00:56.532,,0,75 04:16.924,3,0,0,0,67301,1,0,0,N,1,0,0,2,67301,0,,1,1,,N,N,,1,,1,0,0,0,0,,2147,1,2,0,0,0,0,0,3,4,0,1,3,,N,,,,,,,,,,,
2009086042,1220.0,2,0,0,0,0,0,0,0,0,1,0,,67,7,2009,6,39.9702,-75.2615,1218.0,6,0,0,0,0,0,0,0,1,,0,0,0,12,1,1,0,,0,39 58:12.655,,0,75 15:41.446,4,0,0,0,67301,0,0,0,N,0,0,0,2,67301,1,,1,1,,N,N,,0,,0,0,0,0,0,,1210,1,2,0,0,0,0,0,3,4,0,2,3,,N,,,,,,,,,,,
2009086095,2131.0,0,0,0,0,0,0,1,0,0,4,1,,67,7,2009,2,40.0364,-75.1305,2128.0,6,0,0,0,0,0,1,0,0,,0,0,0,21,3,5,1,,0,40 02:11.165,,0,75 07:49.937,4,0,0,0,67301,0,0,0,N,0,0,0,7,67301,5,,1,1,,N,N,,0,,0,0,0,3,2,,2120,5,2,0,0,0,0,0,3,4,1,2,3,,N,,,,,,,,,,,
2009078868,1642.0,1,0,0,0,0,0,0,0,0,1,0,,67,6,2009,6,40.0756,-75.0193,1637.0,6,0,0,0,0,0,1,0,0,,0,0,0,16,1,2,0,,0,40 04:32.004,,7,75 01:09.322,4,0,0,0,67301,0,0,0,N,0,0,0,4,67301,2,,1,1,,N,N,,2,,0,0,0,3,2,,1623,2,3,0,0,0,0,0,3,4,0,3,3,,N,,,,,,,,,,,
2009079288,828.0,3,0,0,0,0,0,0,0,0,4,0,,67,7,2009,4,40.0231,-75.124,826.0,6,0,0,0,0,0,0,0,0,1.0,0,0,0,8,1,2,1,,1,40 01:23.210,1.0,0,75 07:26.428,4,0,0,0,67301,0,0,0,,0,0,0,4,67301,1,,1,1,,,,,0,,0,0,0,3,3,Y,820,2,3,0,0,0,1,1,3,4,0,3,3,,N,,,,,,,,,,,
2009079174,840.0,0,0,0,0,0,0,0,0,0,8,0,,67,7,2009,3,39.9384,-75.1918,837.0,6,0,0,0,0,0,0,0,0,,0,0,0,8,1,1,1,,0,39 56:18.283,,0,75 11:30.458,8,0,0,0,67301,1,0,0,N,1,0,0,2,67301,0,,1,1,,N,,,0,,0,0,0,3,3,,829,1,2,0,0,0,1,0,3,4,1,1,3,,N,,,,,,,,,,,
2009120727,1323.0,0,0,0,0,0,0,0,0,0,8,0,,67,10,2009,7,39.942,-75.1523,1320.0,6,0,0,0,0,0,1,0,0,,0,0,0,13,1,1,1,,0,39 56:31.243,,0,75 09:08.398,8,0,0,0,67301,1,0,0,N,1,0,0,2,67301,0,,1,9,,N,N,,1,,0,0,0,3,2,,1320,1,2,0,0,0,1,1,3,4,0,1,7,,N,,,,,,,,,,,
2009042626,2157.0,0,0,0,0,0,0,0,0,0,7,0,,67,2,2009,1,40.061,-75.1351,2157.0,6,0,0,0,0,0,0,0,0,,0,0,0,21,3,1,2,,0,40 03:39.720,,0,75 08:06.326,4,0,0,0,67301,0,0,0,N,0,0,0,1,46102,1,,5,1,,N,N,,0,,0,0,0,0,0,,2157,1,2,0,0,0,0,0,3,4,1,1,3,,N,,,,,,,,,,,
2009015980,27.0,1,0,0,0,0,0,0,0,0,7,0,,67,1,2009,7,39.9602,-75.1804,12.0,6,0,0,0,0,0,0,0,0,2.0,0,0,0,0,3,1,0,,2,39 57:39.683,4.0,0,75 10:55.204,8,0,0,0,67301,0,0,0,N,0,0,0,1,68K01,0,,3,1,,N,N,,0,,0,0,0,0,0,Y,9,1,1,0,0,0,1,0,3,4,0,1,3,,N,,,,,,,,,,,
2009029879,1800.0,2,0,0,0,0,0,0,0,0,1,0,,67,2,2009,5,39.9858,-75.2156,1752.0,6,0,0,0,0,0,0,0,0,,0,0,0,17,3,2,1,,0,39 59:08.827,,0,75 12:56.555,3,0,0,0,67301,0,0,0,,0,0,0,4,67301,0,,1,1,,,,,0,,2,0,0,3,2,,1748,2,2,0,0,2,0,1,3,4,0,2,3,,N,,,,,,,,,,,
2009058602,715.0,0,0,0,0,0,0,0,0,0,1,0,,67,5,2009,2,40.0205,-75.0427,650.0,6,0,0,0,0,0,0,0,0,,0,0,0,6,1,0,0,,0,40 01:15.988,,0,75 02:28.304,0,0,0,0,67301,0,0,0,Y,0,0,0,2,68K01,0,,1,9,,N,N,,0,,0,0,0,0,0,,644,0,2,0,0,0,0,0,3,4,2,2,7,,N,,,,,,,,,,,
2009071408,1354.0,1,0,0,1,0,0,0,0,0,4,0,,67,6,2009,7,40.0545,-75.0908,1346.0,6,0,0,0,0,0,0,0,0,,0,0,0,13,1,1,1,,0,40 03:16.301,,0,75 05:26.793,4,0,0,0,67301,1,0,0,N,0,0,0,2,67301,1,,1,1,,N,N,,0,,0,0,0,3,3,,1330,1,2,0,0,0,0,0,3,4,0,1,3,,N,,,,,,,,,,,
2009071436,2105.0,1,0,0,0,0,0,0,0,0,8,0,,67,6,2009,6,39.9626,-75.163,2100.0,6,0,0,0,0,0,0,0,0,,0,0,0,19,3,1,1,,0,39 57:45.352,,0,75 09:46.940,3,0,0,0,67301,1,0,0,N,1,0,0,2,67301,0,,1,1,,N,N,,0,,1,0,0,3,2,,1955,1,2,0,0,0,0,0,3,4,0,1,3,,N,,,,,,,,,,,
2009066429,1616.0,2,0,0,0,0,0,0,0,0,4,0,,67,5,2009,6,39.94,-75.231,1615.0,6,0,0,0,0,0,1,0,0,,0,0,0,16,1,0,1,,0,39 56:23.870,,0,75 13:51.772,0,0,0,0,67301,0,0,0,,0,0,0,2,67301,0,,1,1,,N,N,,0,,0,0,0,9,3,,1610,0,2,0,0,0,0,0,3,4,0,2,3,,N,,,,,,,,,,,
2009066335,1342.0,1,0,0,0,0,0,0,0,0,7,0,,67,6,2009,7,39.8993,-75.1663,1322.0,6,0,0,0,0,1,0,0,0,1.0,0,0,0,13,1,0,0,,1,39 53:58.514,2.0,0,75 09:50.526,0,0,0,0,67301,0,0,0,N,0,0,0,1,68K01,0,,2,9,,N,N,,0,,0,0,0,0,0,N,1320,0,1,0,0,0,0,0,3,4,0,1,7,,N,,,,,,,,,,,
2009056341,1106.0,0,0,0,1,0,0,0,0,0,4,0,,67,4,2009,3,39.9533,-75.1838,1104.0,6,0,0,0,0,0,1,0,0,,0,0,0,11,1,1,1,,0,39 57:12.003,,0,75 11:01.526,8,0,0,0,67301,1,0,0,N,0,0,0,2,67301,0,,1,1,,N,N,,0,,0,0,0,3,2,,1104,1,2,0,0,0,1,0,3,4,1,1,3,,N,,,,,,,,,,,
2009058882,1012.0,3,0,0,0,0,0,0,0,0,5,0,,67,4,2009,3,40.0183,-75.1688,952.0,6,0,0,0,0,0,0,0,0,3.0,0,0,0,9,1,1,6,,1,40 01:06.156,2.0,2,75 10:06.755,4,0,0,0,67301,0,0,0,,0,0,0,4,67301,1,,1,1,,,,,0,,0,0,0,9,4,N,952,1,3,0,0,0,0,0,3,4,0,3,3,,N,,,,,,,,,,,
2009058886,1525.0,2,0,0,0,0,0,0,0,0,1,0,,67,5,2009,6,40.0353,-75.0252,1520.0,6,0,0,0,0,0,1,0,0,,0,0,0,15,1,1,1,,0,40 02:07.013,,0,75 01:30.652,4,0,0,0,67301,0,0,0,N,0,0,0,2,67301,1,,1,9,,N,N,,0,,0,0,0,3,2,,1520,1,2,0,0,0,0,0,3,4,0,2,7,,N,,,,,,,,,,,
2009056369,1446.0,2,0,0,0,0,0,0,1,0,4,0,,67,5,2009,2,40.0096,-75.0641,1446.0,6,0,0,0,0,0,0,0,0,2.0,1,0,0,14,1,0,2,,1,40 00:34.642,2.0,0,75 03:50.430,1,0,0,0,67301,0,0,0,N,0,0,0,4,67301,0,2.0,1,9,,N,N,,0,0.0,0,0,0,3,2,Y,1442,0,2,0,0,0,0,0,3,4,0,2,7,,N,,,,,,,,,,,
2009093362,240.0,2,0,0,0,0,0,0,0,0,6,0,,67,8,2009,7,40.0421,-75.0871,230.0,6,0,0,0,0,0,0,0,0,1.0,0,0,0,2,3,0,0,,1,40 02:31.502,2.0,0,75 05:13.390,9,0,0,0,67301,0,0,0,N,0,0,0,1,67301,0,,1,9,,N,N,,0,,0,0,1,0,0,N,215,0,3,0,0,1,0,1,3,4,0,3,7,,N,,,,,,,,,,,
2009086033,2325.0,2,0,0,0,0,0,0,0,0,5,0,,67,8,2009,6,40.0845,-75.0384,2322.0,6,0,0,0,0,0,0,0,0,,0,0,0,23,3,1,1,,0,40 05:04.029,,0,75 02:18.148,4,0,0,0,67301,0,0,0,N,0,0,0,3,67301,1,,1,1,,N,N,,0,,0,0,0,3,2,,2320,1,2,0,0,0,0,0,3,4,0,2,3,,N,,,,,,,,,,,
2009086050,1850.0,1,0,0,0,0,0,0,0,0,4,0,,67,8,2009,7,39.9233,-75.1612,1848.0,6,0,0,0,0,0,0,0,0,,0,0,0,18,1,1,1,,0,39 55:23.835,,0,75 09:40.423,4,0,0,1,67301,0,0,0,,0,0,0,2,67301,1,,1,1,,,,,0,,0,0,0,3,2,,1844,1,2,0,0,0,0,0,3,4,0,2,3,,N,,,,,,,,,,,
2009086086,1853.0,1,0,0,0,0,0,0,0,0,4,0,,67,7,2009,1,40.0373,-75.1251,1852.0,6,0,0,0,0,0,0,0,0,,0,0,0,18,1,1,1,,0,40 02:14.355,,0,75 07:30.255,8,0,0,0,67301,0,0,0,N,0,0,0,2,67301,0,,1,1,,N,N,,0,,0,0,1,3,3,,1810,1,2,0,0,0,1,0,3,4,0,2,3,,N,,,,,,,,,,,
2009086101,432.0,2,0,0,0,0,0,0,0,0,5,0,,67,8,2009,1,39.9316,-75.1768,430.0,6,0,0,0,0,0,0,0,0,,0,0,0,4,3,0,0,,0,39 55:53.590,,0,75 10:36.364,0,0,0,0,67301,0,0,0,,0,0,0,1,67301,0,,1,1,,,,,1,,0,0,0,0,0,,430,0,3,0,0,0,0,0,3,4,0,3,3,,N,,,,,,,,,,,
2009081633,1523.0,2,0,0,0,0,0,0,0,0,5,0,,67,7,2009,1,39.9379,-75.1667,1517.0,6,0,0,0,0,0,0,0,0,,0,0,0,15,1,3,1,,0,39 56:16.111,,0,75 10:00.162,8,0,0,0,67301,0,0,0,N,0,0,0,4,67301,0,,1,1,,N,N,,0,,0,0,0,3,2,,1510,3,2,0,0,0,3,0,3,4,0,2,3,,N,,,,,,,,,,,
2009079113,1746.0,2,0,0,0,0,0,0,0,0,1,0,,67,7,2009,2,40.0594,-74.993,1743.0,6,0,0,0,0,0,1,0,0,,0,0,0,17,1,1,1,,0,40 03:33.942,,0,74 59:34.861,4,0,0,0,67301,0,0,0,N,0,0,0,3,67301,1,,1,9,,N,N,,0,,0,0,0,3,2,,1724,1,2,0,0,0,0,0,3,4,0,2,3,,N,,,,,,,,,,,
2009079032,1240.0,0,0,0,0,0,0,0,0,0,8,1,,67,7,2009,4,39.9582,-75.2357,1238.0,6,0,0,0,0,0,0,0,0,,0,1,0,12,1,1,0,,0,39 57:29.604,,0,75 14:08.483,4,0,0,0,67301,1,0,0,N,1,0,0,1,67301,1,,6,1,,N,N,,0,,0,0,0,0,0,,1230,1,2,0,0,0,0,0,3,4,0,1,3,,N,,,,,,,,,,,
2009079040,2148.0,0,0,0,0,0,0,0,0,0,2,0,,67,6,2009,4,39.9368,-75.2297,2145.0,6,0,0,0,0,0,0,0,0,,0,0,0,21,3,1,1,,0,39 56:12.483,,0,75 13:47.092,4,0,0,0,67301,0,0,0,,0,0,0,3,67301,1,,1,1,,,,,0,,0,0,1,3,2,,2116,1,2,0,0,0,0,0,3,4,0,2,3,,N,,,,,,,,,,,
2009079142,1320.0,2,0,0,0,0,0,0,0,0,5,0,,67,7,2009,4,40.021,-75.0527,1311.0,6,0,0,0,0,0,1,0,0,,0,0,0,13,1,0,0,,0,40 01:15.750,,0,75 03:09.769,0,0,0,0,67301,0,0,0,,0,0,0,2,67301,0,,1,1,,N,N,,0,,0,0,0,0,0,,1300,0,2,0,0,0,0,0,3,4,0,2,3,,N,,,,,,,,,,,
2009079187,2234.0,2,0,0,0,0,0,0,0,0,4,0,,67,6,2009,3,39.954,-75.1682,2230.0,6,0,0,0,0,0,0,0,0,,0,0,0,99,3,1,2,,0,39 57:14.403,,0,75 10:05.487,3,0,0,0,67301,0,0,0,N,0,0,0,2,67301,0,,1,1,,N,N,,0,,1,0,0,3,2,,9999,1,2,0,0,0,0,0,3,4,0,2,3,,N,,,,,,,,,,,
2009074497,218.0,3,0,0,0,0,0,0,0,0,5,0,,67,6,2009,6,39.944,-75.1756,216.0,6,0,0,0,0,0,0,0,0,,0,0,0,2,3,0,0,,0,39 56:38.409,,0,75 10:32.029,0,0,0,0,67301,0,0,0,N,0,0,0,1,67301,0,,6,1,,N,N,,0,,0,0,1,0,0,,215,0,4,0,0,0,0,0,3,4,0,4,3,,N,,,,,,,,,,,
2009074327,1125.0,1,0,0,0,0,0,0,0,0,1,0,,67,6,2009,2,40.0381,-75.2228,1120.0,6,0,0,0,0,0,0,0,0,,0,0,0,11,1,1,1,,0,40 02:16.960,,0,75 13:21.542,8,0,0,0,67301,0,0,0,N,0,0,0,2,67301,0,,1,1,,N,N,,1,,0,0,0,3,2,,1115,1,2,0,0,0,1,0,3,4,0,2,3,,N,,,,,,,,,,,
2009071953,732.0,0,0,0,0,0,0,0,0,0,7,0,,67,5,2009,6,39.9674,-75.1809,720.0,6,0,0,0,0,0,0,0,0,3.0,0,0,0,7,1,1,3,,2,39 58:02.991,1.0,0,75 10:52.020,8,0,0,0,67301,0,0,0,N,0,0,0,1,67301,0,,5,9,,N,N,,0,,0,0,1,3,2,N,715,1,1,0,0,0,1,0,3,4,0,1,3,,N,,,,,,,,,,,
2009069358,2358.0,1,0,0,0,0,0,0,0,0,4,1,,67,6,2009,4,39.9081,-75.1574,2355.0,6,0,0,0,0,0,1,0,0,2.0,0,1,0,23,3,1,0,,1,39 54:29.043,5.0,0,75 09:26.750,8,0,0,0,67301,0,0,0,N,0,0,0,2,67301,0,,1,1,,N,N,,0,,0,0,0,0,0,Y,2352,1,2,0,0,0,1,0,3,4,0,2,3,,N,,,,,,,,,,,
2009066891,453.0,0,0,0,0,0,0,0,0,0,7,0,,67,6,2009,6,39.9897,-75.1699,447.0,6,0,0,0,0,0,0,0,0,,0,0,0,4,3,0,0,,0,39 59:22.849,,0,75 10:11.546,0,0,0,0,67301,0,0,0,,0,0,0,1,67301,0,,2,9,,N,N,,1,,0,0,0,0,0,,445,0,1,0,0,0,0,0,3,4,0,1,7,,N,,,,,,,,,,,
2009066906,100.0,3,0,0,0,0,0,0,0,0,3,0,,67,5,2009,6,40.0422,-75.1779,53.0,6,0,0,0,0,0,0,0,0,2.0,0,0,0,0,3,0,0,,2,40 02:31.948,4.0,0,75 10:40.605,0,0,0,0,67301,0,0,0,N,0,0,0,1,67301,0,,1,1,,N,N,,0,,0,0,0,0,0,N,45,0,3,0,0,0,0,0,3,4,0,3,3,,N,,,,,,,,,,,
2009066916,1445.0,2,0,0,0,0,0,0,0,0,4,0,,67,6,2009,5,39.9857,-75.2475,1430.0,6,0,0,0,0,0,1,0,0,,0,0,0,14,1,1,1,,0,39 59:08.444,,0,75 14:51.165,4,0,0,0,67301,0,0,0,N,0,0,0,2,67301,1,,1,1,,N,N,,0,,0,0,0,3,2,,1430,1,2,0,0,0,0,0,3,4,0,2,3,,N,,,,,,,,,,,
2009082687,2020.0,1,0,0,0,0,0,0,0,0,7,0,99.0,67,6,2009,3,40.0147,-75.1779,2020.0,6,0,0,0,0,0,0,0,0,,0,0,0,20,1,0,0,,0,40 00:52.826,,0,75 10:40.352,0,0,0,0,67301,0,0,0,Y,0,0,0,1,67301,0,,3,1,,N,N,,0,,0,0,0,0,0,,2020,0,1,0,0,0,0,0,3,4,0,1,3,,Y,8.0,8.0,U,U,U,U,U,U,U,U,
2009067600,46.0,1,0,0,0,0,0,0,0,0,8,0,,67,3,2009,7,39.9252,-75.1863,46.0,6,0,0,0,0,0,0,0,0,4.0,0,0,0,0,3,1,2,,1,39 55:30.817,4.0,0,75 11:10.751,8,0,0,0,67301,1,0,0,,1,0,0,2,67301,0,,1,9,,,,,0,,0,0,0,3,3,Y,46,1,2,0,0,0,1,0,3,4,0,1,7,,N,,,,,,,,,,,
2009065278,1142.0,1,0,0,0,0,0,0,0,0,8,0,,67,5,2009,7,39.9973,-75.1038,1140.0,6,0,0,0,0,0,0,0,0,,0,0,0,11,1,1,1,,0,39 59:50.110,,0,75 06:13.571,4,0,0,0,67301,1,0,0,N,1,0,0,2,67301,1,,1,1,,N,N,,0,,0,0,0,0,0,,1110,1,2,0,0,0,0,1,3,4,0,1,3,,N,,,,,,,,,,,
2009053694,829.0,0,0,0,0,0,0,0,0,0,7,0,,67,5,2009,7,39.9856,-75.0936,828.0,6,0,0,0,0,0,1,0,0,1.0,0,0,0,8,1,1,0,,2,39 59:08.097,2.0,0,75 05:37.321,4,0,0,0,67301,0,0,0,Y,0,0,0,4,68K01,1,,2,9,,N,N,,0,,0,0,0,0,0,N,825,1,1,0,0,3,0,0,3,4,1,1,7,,N,,,,,,,,,,,
2009092923,1144.0,1,0,0,0,0,0,0,0,0,2,0,,67,8,2009,3,40.0701,-75.1562,1143.0,6,0,0,0,0,0,0,0,0,3.0,0,0,0,11,1,3,0,,2,40 04:12.355,6.0,0,75 09:22.469,8,0,0,0,67301,1,0,0,N,0,0,0,3,67301,0,,1,1,,N,N,,0,,0,0,0,0,0,Y,1143,3,2,0,0,0,3,0,3,4,1,2,3,,N,,,,,,,,,,,
2009092983,1417.0,1,0,0,0,0,0,0,0,0,4,0,,67,8,2009,1,39.9869,-75.2373,1415.0,6,0,0,0,0,0,1,0,0,1.0,0,0,0,14,1,1,0,,1,39 59:13.012,2.0,0,75 14:14.312,4,0,0,0,67301,0,0,0,N,0,0,0,1,67301,1,,2,1,,N,N,,0,,0,0,1,0,0,Y,1413,1,3,0,0,0,0,0,3,4,1,3,3,,N,,,,,,,,,,,
2009067232,2021.0,2,0,0,0,0,0,0,0,0,4,0,,67,6,2009,5,40.0611,-75.2363,2020.0,6,0,0,0,0,1,1,0,0,1.0,0,0,0,20,3,3,1,,1,40 03:40.050,2.0,0,75 14:10.506,4,0,0,0,67301,0,0,0,,0,0,0,4,67301,3,,1,9,,,,,0,,0,0,0,3,2,N,2020,3,2,0,0,0,0,0,3,4,0,2,7,,N,,,,,,,,,,,
2009066923,2013.0,1,0,0,0,0,0,0,0,0,8,0,,67,5,2009,6,39.9749,-75.1721,2011.0,6,0,0,0,1,0,0,0,0,,0,0,0,20,1,1,0,,0,39 58:29.618,,0,75 10:19.596,3,0,0,0,67301,1,0,0,N,1,0,0,2,67301,0,,1,1,,N,N,,0,,1,0,0,3,2,,2007,1,2,0,0,0,0,0,3,4,0,1,3,,N,,,,,,,,,,,
2009067040,1620.0,0,0,0,0,0,0,0,0,0,1,1,,67,6,2009,2,,,1613.0,6,0,0,0,0,0,0,0,0,,0,1,0,16,1,2,0,,0,,,0,,8,0,0,0,67301,0,0,0,,0,0,0,2,67301,0,,1,1,,N,N,,1,,0,0,0,0,0,,1610,2,2,0,0,0,2,0,3,3,0,2,3,,N,,,,,,,,,,,
2009067091,1632.0,1,0,0,0,0,0,0,0,1,4,0,,67,5,2009,7,40.0274,-75.0768,1629.0,6,0,0,0,0,0,0,0,0,3.0,0,0,0,16,1,9,1,,2,40 01:38.622,7.0,0,75 04:36.350,2,0,0,0,67301,0,0,0,N,0,0,0,12,67301,4,,1,1,,N,N,,0,,1,1,1,3,3,Y,1627,9,2,0,1,9,3,3,3,4,0,2,3,,N,,,,,,,,,,,
2009067124,935.0,2,0,0,0,0,0,0,0,0,2,0,,67,6,2009,5,40.0444,-75.1035,929.0,6,0,0,0,0,0,0,0,0,,0,0,0,9,1,1,0,,0,40 02:40.016,,7,75 06:12.470,8,0,0,0,67301,0,0,0,N,0,0,0,2,67301,0,,1,9,,N,N,,0,,0,0,0,0,0,,925,1,2,0,0,0,1,0,3,4,0,2,7,,N,,,,,,,,,,,
2009067486,9999.0,0,0,0,0,0,0,0,0,0,8,0,,67,5,2009,3,39.9623,-75.235,111.0,6,0,0,0,0,0,0,0,0,,0,0,0,0,3,1,0,,0,39 57:44.326,,0,75 14:06.140,8,0,0,0,67301,1,0,0,N,1,0,0,2,67301,0,,1,1,,N,N,,0,,0,0,0,0,0,,0,1,2,0,0,0,1,0,3,4,0,1,3,,N,,,,,,,,,,,
2009058894,744.0,1,0,0,0,0,0,0,0,0,8,0,,67,4,2009,7,40.0495,-75.1535,736.0,6,0,0,0,0,0,0,0,0,1.0,0,0,0,99,1,1,0,,2,40 02:58.117,6.0,0,75 09:12.693,8,0,0,0,67301,1,0,0,N,1,0,0,2,67301,0,,1,1,,N,N,,0,,0,0,0,3,3,N,9999,1,2,0,0,1,1,0,3,4,0,1,3,,N,,,,,,,,,,,
2009053828,1105.0,2,0,0,0,0,0,0,0,0,1,0,,67,5,2009,7,40.0076,-75.2129,1059.0,6,0,0,0,0,0,1,0,0,,0,0,0,10,1,1,0,,0,40 00:27.096,,0,75 12:47.253,4,0,0,0,67301,0,0,0,N,0,0,0,2,46104,1,,1,1,,N,N,,0,,0,0,0,0,0,,1055,1,2,0,0,0,0,0,3,4,0,2,3,,N,,,,,,,,,,,
2009056527,1715.0,1,0,0,0,0,0,0,0,0,8,0,,67,5,2009,2,40.0456,-75.1285,1712.0,6,0,0,0,0,0,0,0,0,,0,0,0,15,1,1,1,,0,40 02:44.254,,0,75 07:42.459,8,0,0,0,67301,1,0,0,N,1,0,0,2,67301,0,,1,9,,N,N,,0,,0,0,0,3,2,,1515,1,2,0,0,0,1,0,3,4,0,1,7,,N,,,,,,,,,,,
2009056668,2347.0,1,0,0,0,0,0,0,0,0,1,0,,67,5,2009,6,39.976,-75.1147,2329.0,6,0,0,0,0,0,0,0,0,,0,0,0,23,3,0,0,,0,39 58:35.839,,0,75 06:49.956,0,0,0,0,67301,0,0,0,N,0,0,0,3,68K01,0,,1,1,,N,N,,0,,0,0,1,0,0,,2324,0,2,0,0,0,0,0,3,4,0,2,3,,N,,,,,,,,,,,