CRN,ARRIVAL_TM,AUTOMOBILE_COUNT,BELTED_DEATH_COUNT,BELTED_SUSP_SERIOUS_INJ_COUNT,BICYCLE_COUNT,BICYCLE_DEATH_COUNT,BICYCLE_SUSP_SERIOUS_INJ_COUNT,BUS_COUNT,CHLDPAS_DEATH_COUNT,CHLDPAS_SUSP_SERIOUS_INJ_COUNT,COLLISION_TYPE,COMM_VEH_COUNT,CONS_ZONE_SPD_LIM,COUNTY,CRASH_MONTH,CRASH_YEAR,DAY_OF_WEEK,DEC_LAT,DEC_LONG,DISPATCH_TM,DISTRICT,DRIVER_COUNT_16YR,DRIVER_COUNT_17YR,DRIVER_COUNT_18YR,DRIVER_COUNT_19YR,DRIVER_COUNT_20YR,DRIVER_COUNT_50_64YR,DRIVER_COUNT_65_74YR,DRIVER_COUNT_75PLUS,EST_HRS_CLOSED,FATAL_COUNT,HEAVY_TRUCK_COUNT,HORSE_BUGGY_COUNT,HOUR_OF_DAY,ILLUMINATION,INJURY_COUNT,INTERSECT_TYPE,INTERSECTION_RELATED,LANE_CLOSED,LATITUDE,LN_CLOSE_DIR,LOCATION_TYPE,LONGITUDE,MAX_SEVERITY_LEVEL,MCYCLE_DEATH_COUNT,MCYCLE_SUSP_SERIOUS_INJ_COUNT,MOTORCYCLE_COUNT,MUNICIPALITY,NONMOTR_COUNT,NONMOTR_DEATH_COUNT,NONMOTR_SUSP_SERIOUS_INJ_COUNT,NTFY_HIWY_MAINT,PED_COUNT,PED_DEATH_COUNT,PED_SUSP_SERIOUS_INJ_COUNT,PERSON_COUNT,POLICE_AGCY,POSSIBLE_INJ_COUNT,RDWY_SURF_TYPE_CD,RELATION_TO_ROAD,ROAD_CONDITION,ROADWAY_CLEARED,SCH_BUS_IND,SCH_ZONE_IND,SECONDARY_CRASH,SMALL_TRUCK_COUNT,SPEC_JURIS_CD,SUSP_MINOR_INJ_COUNT,SUSP_SERIOUS_INJ_COUNT,SUV_COUNT,TCD_FUNC_CD,TCD_TYPE,TFC_DETOUR_IND,TIME_OF_DAY,TOT_INJ_COUNT,TOTAL_UNITS,UNB_DEATH_COUNT,UNB_SUSP_SERIOUS_INJ_COUNT,UNBELTED_OCC_COUNT,UNK_INJ_DEG_COUNT,UNK_INJ_PER_COUNT,URBAN_AREA,URBAN_RURAL,VAN_COUNT,VEHICLE_COUNT,WEATHER1,WEATHER2,WORK_ZONE_IND,WORK_ZONE_LOC,WORK_ZONE_TYPE,WORKERS_PRES,WZ_CLOSE_DETOUR,WZ_FLAGGER,WZ_LAW_OFFCR_IND,WZ_LN_CLOSURE,WZ_MOVING,WZ_OTHER,WZ_SHLDER_MDN,WZ_WORKERS_INJ_KILLED
2009087719,636.0,1,0,0,0,0,0,0,0,0,7,0,,67,8,2009,1,39.947,-75.1423,636.0,6,0,0,0,0,0,0,0,0,1.0,0,0,0,6,1,1,0,,2,39 56:49.200,2.0,0,75 08:32.280,8,0,0,0,67301,0,0,0,N,0,0,0,1,68K01,0,,3,1,,N,N,,0,,0,0,0,0,0,N,631,1,1,0,0,0,1,0,3,4,0,1,3,,N,,,,,,,,,,,
2009093290,2239.0,0,0,0,0,0,0,0,0,0,6,0,,67,8,2009,4,39.9863,-75.1561,2239.0,6,0,0,0,0,0,0,0,0,9.0,0,0,0,99,3,4,1,,2,39 59:10.631,2.0,0,75 09:22.550,2,0,2,1,67301,0,0,0,N,0,0,0,6,67301,2,,1,1,,N,N,,0,,0,2,1,3,2,Y,9999,4,2,0,0,0,0,1,3,4,0,2,3,,N,,,,,,,,,,,
2009093415,18.0,1,0,0,0,0,0,0,0,0,1,0,,67,8,2009,6,39.9585,-75.2252,10.0,6,0,0,0,0,0,0,0,0,,0,0,0,0,3,1,1,,0,39 57:30.563,,0,75 13:30.647,4,0,0,1,67301,0,0,0,N,0,0,0,2,67301,1,,1,1,,N,N,,0,,0,0,0,3,2,,7,1,2,0,0,1,0,0,3,4,0,2,3,,N,,,,,,,,,,,
2009085522,2238.0,2,0,0,0,0,0,0,0,0,5,0,,67,8,2009,1,39.8794,-75.2489,2230.0,6,0,0,0,0,0,0,0,0,2.0,0,0,0,22,3,2,0,,1,39 52:45.840,2.0,0,75 14:56.040,3,0,0,0,67301,0,0,0,Y,0,0,0,2,68K01,1,,2,9,,N,N,,0,,1,0,0,0,0,N,2226,2,2,0,0,0,0,0,3,4,0,2,7,,N,,,,,,,,,,,
2009085856,1233.0,1,0,0,0,0,0,0,0,0,1,1,,67,8,2009,5,39.9753,-75.1947,1227.0,6,0,0,0,0,0,0,0,0,1.0,0,1,0,12,1,1,6,,1,39 58:34.136,3.0,2,75 11:44.141,8,0,0,0,67301,0,0,0,N,0,0,0,2,68K01,0,,1,1,,N,N,,0,,0,0,0,3,4,N,1225,1,2,0,0,0,1,0,3,4,0,2,3,,N,,,,,,,,,,,
2009086039,1915.0,3,0,0,0,0,0,0,0,0,2,0,,67,7,2009,3,40.0246,-75.1232,1900.0,6,0,0,0,0,0,0,0,0,,0,0,0,99,1,2,5,,0,40 01:28.513,,0,75 07:23.473,8,0,0,0,67301,0,0,0,N,0,0,0,3,67301,0,,1,1,,N,Y,,0,,0,0,0,3,2,,9999,2,3,0,0,0,2,1,3,4,0,3,3,,N,,,,,,,,,,,
2009086057,1412.0,0,0,0,0,0,0,0,0,0,6,0,,67,8,2009,2,39.9868,-75.1808,1404.0,6,0,0,0,0,0,0,0,0,,0,0,0,14,1,1,1,,0,39 59:12.447,,0,75 10:50.908,3,0,0,1,67301,0,0,0,N,0,0,0,2,67301,0,,1,1,,N,N,,1,,1,0,0,3,2,,1400,1,2,0,0,0,0,0,3,4,0,2,3,,N,,,,,,,,,,,
2009086476,1315.0,1,0,0,0,0,0,0,0,0,4,0,,67,8,2009,5,39.9558,-75.159,1310.0,6,0,0,0,0,0,0,1,0,,0,0,0,13,1,1,2,,0,39 57:20.808,,0,75 09:32.558,4,0,0,0,67301,0,0,0,N,0,0,0,4,67301,1,,1,1,,N,N,,0,,0,0,1,3,2,,1305,1,2,0,0,0,0,0,3,4,0,2,3,,N,,,,,,,,,,,
2009081672,1222.0,2,0,0,0,0,0,0,0,0,2,0,,67,7,2009,7,40.0112,-75.136,1220.0,6,0,0,0,0,0,0,0,0,3.0,0,0,0,12,1,1,0,,2,40 00:40.370,5.0,0,75 08:09.704,4,0,0,0,67301,0,0,0,N,0,0,0,2,67301,1,,1,1,,N,N,,0,,0,0,0,0,0,Y,1220,1,2,0,0,0,0,0,3,4,0,2,3,,N,,,,,,,,,,,
2009083854,1523.0,0,0,0,0,0,0,0,0,0,8,0,,67,7,2009,2,39.9562,-75.1941,1520.0,6,0,0,0,0,0,0,0,0,,0,0,0,15,1,1,1,,0,39 57:22.432,,0,75 11:38.798,4,0,0,0,67301,1,0,0,,1,0,0,2,67301,1,,1,1,,N,N,,0,,0,0,1,3,2,,1500,1,2,0,0,0,0,0,3,4,0,1,3,,N,,,,,,,,,,,
2009078883,725.0,1,0,0,0,0,0,0,0,0,1,0,,67,6,2009,1,40.041,-75.1659,720.0,6,0,0,0,0,0,0,0,0,,0,0,0,99,8,0,0,,0,40 02:27.758,,0,75 09:57.333,0,0,0,0,67301,0,0,0,N,0,0,0,0,67301,0,,6,1,,N,N,,0,,0,0,1,0,0,,9999,0,2,0,0,0,0,0,3,4,0,2,3,,N,,,,,,,,,,,
2009079257,1850.0,2,0,0,0,0,0,0,0,0,4,0,,67,7,2009,7,40.0049,-75.1787,1845.0,6,0,1,0,0,0,0,0,0,,0,0,0,18,1,1,5,,0,40 00:17.776,,0,75 10:43.375,4,0,0,0,67301,0,0,0,N,0,0,0,3,67301,1,,1,1,,N,N,,0,,0,0,0,3,2,,1830,1,2,0,0,0,0,0,3,4,0,2,3,,N,,,,,,,,,,,
2009079290,1940.0,0,0,0,0,0,0,0,0,0,8,0,,67,7,2009,6,40.0085,-75.1427,1930.0,6,0,0,0,0,0,1,0,0,,0,0,0,19,1,1,0,,0,40 00:30.592,,0,75 08:33.684,4,0,0,0,67301,1,0,0,N,1,0,0,2,67301,1,,1,1,,N,N,,1,,0,0,0,0,0,,1930,1,2,0,0,0,0,0,3,4,0,1,3,,N,,,,,,,,,,,
2009079298,1334.0,0,0,0,0,0,0,0,0,0,8,0,,67,6,2009,5,39.9602,-75.2269,1330.0,6,0,0,0,0,0,0,0,0,,0,0,0,11,1,1,1,,0,39 57:36.663,,0,75 13:36.686,4,0,0,0,67301,1,0,0,,1,0,0,2,67301,1,,1,1,,,,,0,,0,0,1,3,2,,1100,1,2,0,0,0,0,0,3,4,0,1,3,,N,,,,,,,,,,,
2009079183,2340.0,1,0,0,0,0,0,0,0,0,5,0,,67,7,2009,5,40.0392,-75.11,2332.0,6,0,0,0,0,0,0,0,0,1.0,0,1,0,23,3,0,1,,1,40 02:20.942,1.0,0,75 06:36.006,0,0,0,0,67301,0,0,0,N,0,0,0,4,67301,0,,1,1,,N,N,,0,,0,0,0,3,2,Y,2332,0,3,0,0,0,0,0,3,4,1,3,3,,N,,,,,,,,,,,
2009079219,215.0,2,0,0,0,0,0,0,0,0,4,0,,67,6,2009,1,40.0028,-75.1378,214.0,6,0,0,0,0,0,0,0,0,,0,0,0,99,3,1,1,,0,40 00:09.954,,0,75 08:16.245,4,0,0,0,67301,0,0,0,N,0,0,0,3,67301,1,,1,1,,N,N,,0,,0,0,0,3,2,,9999,1,2,0,0,0,0,0,3,4,0,2,3,,N,,,,,,,,,,,
2009071447,2115.0,1,0,0,0,0,0,0,0,0,8,0,,67,6,2009,2,39.9636,-75.171,2105.0,6,0,0,1,0,0,0,0,0,,0,0,0,20,1,1,1,,0,39 57:48.926,,0,75 10:15.586,4,0,0,0,67301,1,0,0,N,1,0,0,2,67301,1,,1,1,,N,N,,0,,0,0,0,3,2,,2030,1,2,0,0,0,0,0,3,4,0,1,3,,N,,,,,,,,,,,
2009074499,1715.0,2,0,0,0,0,0,0,0,0,4,0,,67,6,2009,2,39.9579,-75.1623,1715.0,6,0,0,0,0,0,1,0,0,1.0,0,0,0,17,1,1,1,,1,39 57:29.007,1.0,0,75 09:44.230,8,0,0,0,67301,0,0,0,N,0,0,0,2,67301,0,,1,1,,N,N,,0,,0,0,0,3,2,N,1715,1,2,0,0,0,1,0,3,4,0,2,3,,N,,,,,,,,,,,
2009074500,211.0,0,0,0,0,0,0,0,0,0,7,0,,67,6,2009,2,39.9386,-75.2216,9999.0,6,0,0,0,0,0,0,0,0,,0,0,0,99,3,0,0,,0,39 56:18.962,,0,75 13:17.939,0,0,0,0,67301,0,0,0,,0,0,0,1,67301,0,,5,9,,,,,0,,0,0,0,0,0,,9999,0,2,0,0,0,0,0,3,4,2,2,7,,N,,,,,,,,,,,
2009074330,1131.0,3,0,0,0,0,0,0,0,0,1,0,,67,6,2009,7,39.9746,-75.1834,1127.0,6,0,0,0,0,0,1,0,0,,0,0,0,11,1,1,0,,0,39 58:28.392,,0,75 11:00.360,8,0,0,0,67301,0,0,0,N,0,0,0,6,67301,0,,1,1,,N,N,,0,,0,0,0,0,0,,1120,1,3,0,0,4,1,0,3,4,0,3,3,,N,,,,,,,,,,,
2009074542,1705.0,1,0,0,0,0,0,0,0,0,7,0,,67,6,2009,7,40.0715,-75.1779,1705.0,6,0,0,0,0,0,0,0,0,,0,0,0,17,1,1,1,,0,40 04:17.432,,0,75 10:40.303,3,0,0,0,67301,0,0,0,N,0,0,0,1,67301,0,,5,1,,N,N,,0,,1,0,0,0,0,,1700,1,1,0,0,1,0,0,3,4,0,1,3,,N,,,,,,,,,,,
2009074556,1720.0,2,0,0,0,0,0,0,0,0,6,0,,67,6,2009,1,39.9326,-75.156,1702.0,6,0,0,0,0,0,0,0,0,,0,0,0,17,1,1,1,,0,39 55:57.504,,0,75 09:21.693,8,0,0,0,67301,0,0,0,,0,0,0,2,67301,0,,1,1,,,,,0,,0,0,0,3,3,,1702,1,2,0,0,0,1,0,3,4,0,2,3,,N,,,,,,,,,,,
2009074588,351.0,2,0,0,0,0,0,0,0,0,5,0,,67,6,2009,1,39.996,-75.1414,348.0,6,0,0,0,1,0,0,0,0,,0,0,0,3,3,0,0,,0,39 59:45.463,,0,75 08:29.058,0,0,0,0,67301,0,0,0,,0,0,0,1,67301,0,,1,1,,,,,0,,0,0,0,0,0,,334,0,2,0,0,0,0,0,3,4,0,2,3,,N,,,,,,,,,,,
2009071759,1726.0,1,0,0,0,0,0,0,0,0,4,0,,67,6,2009,6,40.0287,-75.1177,1716.0,6,0,0,0,0,0,0,0,0,,0,0,0,13,1,2,1,,0,40 01:43.284,,0,75 07:03.795,8,0,0,0,67301,0,0,0,N,0,0,0,2,67301,0,,1,1,,N,N,,0,,0,0,1,3,2,,1321,2,2,0,0,0,2,0,3,4,0,2,3,,N,,,,,,,,,,,
2009071951,952.0,2,0,0,0,0,0,0,0,0,4,0,,67,6,2009,6,39.9885,-75.1368,952.0,6,0,0,0,0,0,0,1,0,,0,0,0,9,1,1,1,,0,39 59:18.578,,0,75 08:12.530,4,0,0,0,67301,0,0,0,N,0,0,0,4,67301,1,,1,1,,N,N,,0,,0,0,0,3,3,,952,1,2,0,0,0,0,2,3,4,0,2,3,,N,,,,,,,,,,,
2009031446,2359.0,1,0,0,0,0,0,0,0,0,7,0,,67,3,2009,6,40.0851,-75.21,2350.0,6,0,0,0,0,0,0,0,0,1.0,0,0,0,23,3,0,0,,1,40 05:06.610,1.0,0,75 12:36.068,0,0,0,0,67301,0,0,0,Y,0,0,0,1,46108,0,,3,1,,N,N,,0,,0,0,0,3,8,Y,2350,0,1,0,0,0,0,0,3,4,0,1,3,,N,,,,,,,,,,,
2009067654,1210.0,2,0,0,0,0,0,0,0,0,6,0,,67,6,2009,7,40.0431,-75.1458,1206.0,6,0,0,0,0,0,0,0,0,,0,0,0,11,1,1,0,,0,40 02:35.190,,0,75 08:44.991,8,0,0,0,67301,0,0,0,N,0,0,0,2,67301,0,,1,1,,N,N,,0,,0,0,0,0,0,,1130,1,2,0,0,0,1,0,3,4,0,2,3,,N,,,,,,,,,,,
2009065269,1713.0,0,0,0,1,0,0,0,0,0,4,0,,67,4,2009,1,39.9558,-75.1915,1708.0,6,0,0,0,0,1,0,0,0,,0,0,0,17,1,1,1,,0,39 57:20.966,,0,75 11:29.280,3,0,0,0,67301,1,0,0,N,0,0,0,2,67301,0,,1,9,,N,N,,0,,1,0,0,3,2,,1705,1,2,0,0,0,0,0,3,4,1,1,3,,N,,,,,,,,,,,
2009053684,1035.0,2,0,0,0,0,0,0,0,0,1,0,,67,4,2009,5,39.9684,-75.1296,1027.0,6,0,0,0,0,0,0,0,1,,0,0,0,10,1,0,0,,0,39 58:05.840,,0,75 07:47.539,0,0,0,0,67301,0,0,0,N,0,0,0,2,68K01,0,,1,1,,N,N,,0,,0,0,0,0,0,,1026,0,2,0,0,0,0,0,3,4,0,2,3,,N,,,,,,,,,,,
2009069746,1318.0,1,0,0,0,0,0,0,0,0,7,0,,67,7,2009,2,39.9693,-75.1922,1302.0,6,0,0,0,0,0,0,0,0,1.0,0,0,0,13,1,0,0,,2,39 58:10.920,3.0,0,75 11:33.000,0,0,0,0,67301,0,0,0,N,0,0,0,1,68K01,0,,2,1,,N,N,,0,,0,0,0,0,0,N,1300,0,1,0,0,0,0,0,3,4,0,1,3,,N,,,,,,,,,,,
2009066973,1111.0,1,0,0,0,0,0,0,0,0,5,0,,67,5,2009,1,39.9299,-75.1615,1110.0,6,0,0,0,0,0,0,0,0,,0,0,0,11,1,1,0,,0,39 55:47.755,,0,75 09:41.385,2,0,1,1,67301,0,0,0,N,0,0,0,1,67301,0,,6,1,,N,N,,0,,0,1,0,0,0,,1105,1,2,0,0,0,0,0,3,4,0,2,3,,N,,,,,,,,,,,
2009067053,1920.0,1,0,0,0,0,0,0,0,0,4,0,,67,6,2009,1,39.9473,-75.2338,1918.0,6,0,0,0,0,0,0,0,0,,0,0,0,18,1,0,0,,0,39 56:50.300,,0,75 14:01.641,0,0,0,0,67301,0,0,0,N,0,0,0,3,67301,0,,1,1,,N,N,,0,,0,0,0,0,0,,1858,0,2,0,0,0,0,0,3,4,0,2,3,,N,,,,,,,,,,,
2009067103,1758.0,0,0,0,1,0,0,0,0,0,4,0,,67,5,2009,4,39.9398,-75.1577,1757.0,6,0,0,0,0,0,0,0,0,,0,0,0,17,1,1,1,,0,39 56:23.107,,0,75 09:27.637,8,0,0,1,67301,1,0,0,N,0,0,0,2,67301,0,,1,1,,N,N,,0,,0,0,0,3,3,,1757,1,2,0,0,0,1,0,3,4,0,1,3,,N,,,,,,,,,,,
2009067258,1723.0,2,0,0,0,0,0,0,0,0,4,0,,67,5,2009,5,40.0647,-74.9823,1721.0,6,0,0,0,1,0,0,0,0,,0,0,0,17,1,2,1,,0,40 03:52.885,,7,74 58:56.121,8,0,0,0,67301,0,0,0,,0,0,0,5,67301,0,,1,1,,N,N,,0,,0,0,0,2,2,,1716,2,2,0,0,0,2,0,3,4,0,2,3,,N,,,,,,,,,,,
2009067437,50.0,1,0,0,0,0,0,0,0,0,7,0,,67,6,2009,2,39.944,-75.1967,45.0,6,0,0,0,0,0,0,0,0,,0,0,0,0,3,1,0,,0,39 56:38.238,,0,75 11:48.228,4,0,0,0,67301,0,0,0,N,0,0,0,1,67301,1,,5,1,,N,N,,0,,0,0,0,3,2,,45,1,1,0,0,0,0,0,3,4,0,1,3,,N,,,,,,,,,,,
2009067411,2125.0,2,0,0,0,0,0,0,0,0,1,0,,67,6,2009,3,40.0305,-75.1204,2118.0,6,0,0,1,0,0,1,0,0,,0,0,0,20,4,4,1,,0,40 01:49.755,,0,75 07:13.607,8,0,0,0,67301,0,0,0,N,0,0,0,5,67301,0,,1,1,,N,N,,0,,0,0,0,3,3,,2013,4,2,0,0,0,4,0,3,4,0,2,3,,N,,,,,,,,,,,
2009070032,2040.0,0,0,0,0,0,0,0,0,0,8,0,,67,6,2009,6,40.0884,-75.044,2035.0,6,0,0,0,0,0,0,0,0,,0,0,0,20,3,2,1,,0,40 05:18.254,,0,75 02:38.702,4,0,0,0,67301,2,0,0,N,2,0,0,4,67301,1,,1,9,,N,N,,1,,0,0,0,3,2,,2030,2,3,0,0,0,1,0,3,4,0,1,7,,N,,,,,,,,,,,
2009064875,1512.0,1,0,0,0,0,0,0,0,0,4,0,,67,5,2009,3,40.0723,-75.0481,1510.0,6,0,0,0,0,0,0,0,1,,0,0,0,14,1,2,1,,0,40 04:20.351,,0,75 02:53.206,4,0,0,0,67301,0,0,0,N,0,0,0,3,67301,2,,1,1,,N,N,,0,,0,0,1,3,3,,1400,2,2,0,0,0,0,0,3,4,0,2,3,,N,,,,,,,,,,,
2009064892,350.0,0,0,0,0,0,0,0,0,0,8,0,,67,5,2009,7,40.0465,-75.1363,348.0,6,0,0,0,0,0,0,0,0,,0,0,0,3,3,1,1,,0,40 02:47.418,,0,75 08:10.792,3,0,0,0,67301,1,0,0,N,1,0,0,2,67301,0,,1,1,,N,N,,0,,1,0,0,3,2,,345,1,2,0,0,0,0,1,3,4,0,1,5,,N,,,,,,,,,,,
2009049887,1020.0,2,0,0,0,0,0,0,0,0,5,0,,67,3,2009,3,39.9535,-75.1853,1013.0,6,0,0,0,0,0,0,0,0,,0,0,0,10,1,0,2,,0,39 57:12.689,,0,75 11:07.020,0,0,0,0,67301,0,0,0,N,0,0,0,2,67301,0,,1,1,,N,,,0,,0,0,0,3,2,,1010,0,2,0,0,0,0,0,3,4,0,2,3,,N,,,,,,,,,,,
2009052393,1616.0,1,0,0,0,0,0,0,0,0,4,0,,67,4,2009,2,40.0456,-75.141,1614.0,6,0,0,0,0,0,1,0,0,,0,0,0,15,1,3,1,,0,40 02:44.325,,0,75 08:27.682,4,0,0,0,67301,0,0,0,N,0,0,0,3,67301,3,,1,9,,N,N,,0,,0,0,1,9,3,,1547,3,2,0,0,0,0,0,3,4,0,2,7,,N,,,,,,,,,,,
2009048245,256.0,0,0,0,0,0,0,0,0,0,7,1,,67,5,2009,5,39.9815,-75.2071,255.0,6,0,0,0,0,1,1,0,0,1.0,0,1,0,2,3,0,0,,1,39 58:56.766,3.0,0,75 12:28.185,0,0,0,0,67301,0,0,0,N,0,0,0,2,68K01,0,,4,9,,N,N,,0,,0,0,1,0,0,N,253,0,2,0,0,0,0,0,3,4,0,2,7,,N,,,,,,,,,,,
2009071422,1950.0,1,0,0,0,0,0,0,0,0,4,0,,67,6,2009,7,40.0569,-75.0338,1947.0,6,0,0,0,0,0,1,0,0,,0,0,0,19,4,2,0,,0,40 03:25.064,,0,75 02:02.389,4,0,0,0,67301,0,0,0,,0,0,0,3,67301,2,,1,9,,,,,0,,0,0,2,0,0,,1929,2,3,0,0,0,0,0,3,4,0,3,7,,N,,,,,,,,,,,
2009063828,1208.0,2,0,0,0,0,0,0,0,0,1,0,,67,5,2009,3,40.0308,-75.1878,1208.0,6,0,0,0,0,0,0,1,0,1.0,0,0,0,12,1,2,1,,1,40 01:50.672,1.0,0,75 11:15.838,4,0,0,0,67301,0,0,0,N,0,0,0,3,67301,2,,1,9,,N,N,,0,,0,0,0,3,2,N,1208,2,2,0,0,1,0,0,3,4,0,2,7,,N,,,,,,,,,,,
2009063810,2014.0,0,0,0,0,0,0,0,0,0,8,0,,67,5,2009,3,40.0566,-75.0142,2011.0,6,0,0,0,0,0,0,0,0,3.0,0,0,0,20,3,1,8,,2,40 03:23.801,4.0,6,75 00:51.081,3,0,0,0,67301,1,0,0,,1,0,0,2,67301,0,,1,9,,,,,1,,1,0,0,0,0,Y,2010,1,2,0,0,0,0,0,3,4,0,1,7,,N,,,,,,,,,,,
2009056350,1715.0,1,0,0,0,0,0,0,0,0,8,0,,67,4,2009,4,39.9597,-75.1999,1700.0,6,0,0,0,0,0,0,0,0,,0,0,0,14,1,1,0,,0,39 57:34.941,,7,75 11:59.658,4,0,0,0,67301,1,0,0,N,1,0,0,2,67301,1,,1,1,,N,N,,0,,0,0,0,0,0,,1430,1,2,0,0,0,0,0,3,4,0,1,3,,N,,,,,,,,,,,
2009056421,1634.0,2,0,0,0,0,0,0,0,0,4,0,,67,5,2009,1,39.9551,-75.2298,1631.0,6,0,0,0,0,0,0,0,0,,0,0,0,14,1,1,1,,0,39 57:18.234,,0,75 13:47.243,4,0,0,0,67301,0,0,0,N,0,0,0,3,67301,1,,1,9,,N,N,,0,,0,0,0,3,2,,1430,1,2,0,0,0,0,2,3,4,0,2,7,,N,,,,,,,,,,,
2009056422,1000.0,2,0,0,0,0,0,0,0,0,4,0,,67,4,2009,2,39.9587,-75.2394,956.0,6,0,0,0,0,0,0,1,0,,0,0,0,9,1,0,2,,0,39 57:31.261,,0,75 14:21.889,0,0,0,0,67301,0,0,0,N,0,0,0,2,67301,0,,1,9,,N,Y,,0,,0,0,0,3,2,,955,0,2,0,0,0,0,0,3,4,0,2,7,,N,,,,,,,,,,,
2009056462,2127.0,1,0,0,0,0,0,0,0,0,8,0,,67,4,2009,2,39.9077,-75.1899,2125.0,6,0,0,0,0,0,0,1,0,2.0,1,0,0,21,3,0,0,,2,39 54:28.148,4.0,0,75 11:23.278,1,0,0,0,67301,1,1,0,N,1,1,0,3,67301,0,2.0,1,1,,N,N,,0,0.0,0,0,0,0,0,Y,2120,0,2,0,0,0,0,0,3,4,0,1,3,,N,,,,,,,,,,,
2009056487,1005.0,2,0,0,0,0,0,0,0,0,1,0,,67,4,2009,4,39.9199,-75.2228,950.0,6,0,0,0,0,0,0,0,0,,0,0,0,9,1,1,1,,0,39 55:11.677,,0,75 13:22.008,4,0,0,0,67301,0,0,0,N,0,0,0,2,67301,1,,1,9,,N,N,,0,,0,0,0,3,2,,940,1,2,0,0,2,0,0,3,4,0,2,7,,N,,,,,,,,,,,
2009085937,1700.0,1,0,0,1,0,0,0,0,0,4,0,,67,7,2009,5,39.96,-75.2371,1654.0,6,0,0,0,0,0,0,0,0,,0,0,0,16,1,1,1,,0,39 57:35.837,,0,75 14:13.569,8,0,0,0,67301,1,0,0,N,0,0,0,2,67301,0,,1,1,,N,N,,0,,0,0,0,3,2,,1654,1,2,0,0,0,1,0,3,4,0,1,3,,N,,,,,,,,,,,
2009085525,1002.0,1,0,0,0,0,0,0,0,0,1,0,,67,8,2009,5,39.9749,-75.1175,1001.0,6,0,0,0,1,0,0,0,1,,0,0,0,10,1,1,0,,0,39 58:31.800,,0,75 06:59.040,4,0,0,0,67301,0,0,0,N,0,0,0,2,68K01,1,,1,1,,N,N,,0,,0,0,0,0,0,,1000,1,2,0,0,0,0,0,3,4,1,2,3,,N,,,,,,,,,,,
2009065789,1642.0,0,0,0,0,0,0,0,0,0,0,0,,67,5,2009,2,40.0775,-74.9646,1639.0,6,0,0,0,0,0,0,0,0,,0,0,0,16,1,1,0,,0,40 04:40.309,,0,74 57:53.235,3,0,0,1,67301,0,0,0,,0,0,0,1,67301,0,,1,1,,,,,0,,1,0,0,0,0,,1639,1,1,0,0,0,0,0,3,4,0,1,3,,N,,,,,,,,,,,
2009057888,9999.0,1,0,0,0,0,0,0,0,0,2,0,,67,4,2009,7,40.0131,-75.1601,20.0,6,0,0,0,0,0,0,0,0,,0,0,0,0,3,1,0,,0,40 00:46.984,,0,75 09:36.309,2,0,1,1,67301,0,0,0,N,0,0,0,2,67301,0,,1,1,,N,N,,0,,0,1,0,3,2,,15,1,3,0,0,0,0,1,3,4,0,3,3,,N,,,,,,,,,,,
2009086489,721.0,1,0,0,0,0,0,0,0,0,8,0,,67,7,2009,6,39.954,-75.1767,718.0,6,0,0,0,0,0,0,0,0,,0,0,0,7,1,1,1,,0,39 57:14.553,,0,75 10:36.065,4,0,0,0,67301,1,0,0,N,1,0,0,2,67301,1,,1,1,,N,N,,0,,0,0,0,3,2,,715,1,2,0,0,0,0,0,3,4,0,1,3,,N,,,,,,,,,,,
2009081671,1940.0,0,0,0,0,0,0,1,0,0,1,1,,67,7,2009,7,39.9348,-75.1825,1930.0,6,0,0,0,0,0,0,0,0,,0,0,0,19,1,1,2,,0,39 56:05.366,,0,75 10:57.179,3,0,0,0,67301,0,0,0,N,0,0,0,8,67301,0,,1,1,,N,N,,0,,1,0,1,9,3,,1925,1,2,0,0,0,0,1,3,4,0,2,3,,N,,,,,,,,,,,
2009081673,1845.0,1,0,0,0,0,0,0,0,0,8,0,,67,7,2009,5,39.951,-75.1774,1840.0,6,0,0,0,0,0,0,0,0,,0,0,0,8,1,1,1,,0,39 57:03.480,,0,75 10:38.219,8,0,0,0,67301,1,0,0,N,1,0,0,2,67301,0,,1,1,,N,N,,0,,0,0,0,9,1,,845,1,2,0,0,0,1,1,3,4,0,1,3,,N,,,,,,,,,,,
2009079085,1830.0,1,0,0,0,0,0,0,0,0,8,0,,67,7,2009,3,40.0488,-75.153,1823.0,6,0,0,0,0,0,0,0,0,,0,0,0,18,1,1,0,,0,40 02:55.564,,0,75 09:10.774,4,0,0,0,67301,1,0,0,N,1,0,0,2,67301,1,,1,98,,N,N,,0,,0,0,0,0,0,,1815,1,2,0,0,0,0,0,3,4,0,1,3,,N,,,,,,,,,,,
2009079259,122.0,1,0,0,0,0,0,0,0,0,8,0,,67,7,2009,5,40.0209,-75.1596,120.0,6,0,0,0,0,0,0,0,0,,0,0,0,1,3,1,2,,0,40 01:15.273,,0,75 09:34.581,4,0,0,0,67301,1,0,0,,1,0,0,2,39301,1,,2,9,,,,,0,,0,0,0,3,2,,115,1,2,0,0,0,0,0,3,4,0,1,7,,N,,,,,,,,,,,
2009081611,1616.0,1,0,0,0,0,0,0,0,0,1,0,,67,6,2009,2,40.0647,-75.2483,1615.0,6,0,1,0,0,0,0,0,0,,0,0,0,16,1,3,0,,0,40 03:53.035,,7,75 14:54.018,4,0,0,0,67301,0,0,0,,0,0,0,3,67301,3,,1,1,,,,,0,,0,0,1,0,0,,1614,3,2,0,0,0,0,0,3,4,0,2,3,,N,,,,,,,,,,,