CRN,ARRIVAL_TM,AUTOMOBILE_COUNT,BELTED_DEATH_COUNT,BELTED_SUSP_SERIOUS_INJ_COUNT,BICYCLE_COUNT,BICYCLE_DEATH_COUNT,BICYCLE_SUSP_SERIOUS_INJ_COUNT,BUS_COUNT,CHLDPAS_DEATH_COUNT,CHLDPAS_SUSP_SERIOUS_INJ_COUNT,COLLISION_TYPE,COMM_VEH_COUNT,CONS_ZONE_SPD_LIM,COUNTY,CRASH_MONTH,CRASH_YEAR,DAY_OF_WEEK,DEC_LAT,DEC_LONG,DISPATCH_TM,DISTRICT,DRIVER_COUNT_16YR,DRIVER_COUNT_17YR,DRIVER_COUNT_18YR,DRIVER_COUNT_19YR,DRIVER_COUNT_20YR,DRIVER_COUNT_50_64YR,DRIVER_COUNT_65_74YR,DRIVER_COUNT_75PLUS,EST_HRS_CLOSED,FATAL_COUNT,HEAVY_TRUCK_COUNT,HORSE_BUGGY_COUNT,HOUR_OF_DAY,ILLUMINATION,INJURY_COUNT,INTERSECT_TYPE,INTERSECTION_RELATED,LANE_CLOSED,LATITUDE,LN_CLOSE_DIR,LOCATION_TYPE,LONGITUDE,MAX_SEVERITY_LEVEL,MCYCLE_DEATH_COUNT,MCYCLE_SUSP_SERIOUS_INJ_COUNT,MOTORCYCLE_COUNT,MUNICIPALITY,NONMOTR_COUNT,NONMOTR_DEATH_COUNT,NONMOTR_SUSP_SERIOUS_INJ_COUNT,NTFY_HIWY_MAINT,PED_COUNT,PED_DEATH_COUNT,PED_SUSP_SERIOUS_INJ_COUNT,PERSON_COUNT,POLICE_AGCY,POSSIBLE_INJ_COUNT,RDWY_SURF_TYPE_CD,RELATION_TO_ROAD,ROAD_CONDITION,ROADWAY_CLEARED,SCH_BUS_IND,SCH_ZONE_IND,SECONDARY_CRASH,SMALL_TRUCK_COUNT,SPEC_JURIS_CD,SUSP_MINOR_INJ_COUNT,SUSP_SERIOUS_INJ_COUNT,SUV_COUNT,TCD_FUNC_CD,TCD_TYPE,TFC_DETOUR_IND,TIME_OF_DAY,TOT_INJ_COUNT,TOTAL_UNITS,UNB_DEATH_COUNT,UNB_SUSP_SERIOUS_INJ_COUNT,UNBELTED_OCC_COUNT,UNK_INJ_DEG_COUNT,UNK_INJ_PER_COUNT,URBAN_AREA,URBAN_RURAL,VAN_COUNT,VEHICLE_COUNT,WEATHER1,WEATHER2,WORK_ZONE_IND,WORK_ZONE_LOC,WORK_ZONE_TYPE,WORKERS_PRES,WZ_CLOSE_DETOUR,WZ_FLAGGER,WZ_LAW_OFFCR_IND,WZ_LN_CLOSURE,WZ_MOVING,WZ_OTHER,WZ_SHLDER_MDN,WZ_WORKERS_INJ_KILLED
2009079101,1728.0,2,0,0,0,0,0,0,0,0,4,0,,67,6,2009,3,40.0404,-75.0244,1721.0,6,0,0,0,0,0,0,0,0,,0,0,0,17,1,1,2,,0,40 02:25.497,,0,75 01:27.911,4,0,0,0,67301,0,0,0,N,0,0,0,2,67301,1,,1,1,,N,N,,0,,0,0,0,3,3,,1720,1,2,0,0,0,0,0,3,4,0,2,3,,N,,,,,,,,,,,
2009079230,1920.0,1,0,0,1,0,0,0,0,0,4,0,,67,6,2009,6,39.9675,-75.2227,1911.0,6,0,0,0,0,0,1,0,0,,0,0,0,99,1,1,0,,0,39 58:03.007,,0,75 13:21.640,4,0,0,0,67301,1,0,0,N,0,0,0,2,67301,1,,1,1,,N,N,,0,,0,0,0,0,0,,9999,1,2,0,0,0,0,0,3,4,0,1,3,,N,,,,,,,,,,,
2009079234,1422.0,1,0,0,0,0,0,0,0,0,7,0,,67,6,2009,6,39.9385,-75.2103,1420.0,6,0,0,0,0,0,0,0,0,,0,0,0,14,1,2,0,,0,39 56:18.366,,0,75 12:37.361,2,0,0,0,67301,0,0,0,,0,0,0,2,67301,0,,5,9,,,,,0,,0,2,0,0,0,,1410,2,1,0,0,0,0,0,3,4,0,1,7,,N,,,,,,,,,,,
2009079271,1120.0,1,0,0,0,0,0,0,0,0,4,0,,67,7,2009,6,40.0456,-75.0952,1115.0,6,0,0,0,1,0,0,0,0,,0,0,0,10,1,4,1,,0,40 02:44.066,,0,75 05:42.550,4,0,0,0,67301,0,0,0,N,0,0,0,6,67301,4,,1,1,,N,N,,0,,0,0,0,3,3,,1045,4,2,0,0,0,0,0,3,4,1,2,3,,N,,,,,,,,,,,
2009074455,1955.0,1,0,0,0,0,0,0,0,0,4,1,,67,6,2009,6,39.969,-75.2465,1950.0,6,0,0,0,0,0,0,0,0,,0,1,0,18,1,1,2,,0,39 58:08.277,,0,75 14:47.486,2,0,0,0,67301,0,0,0,N,0,0,0,2,67301,0,,1,1,,N,N,,0,,0,1,0,3,3,,1830,1,2,0,0,0,0,0,3,4,0,2,3,,N,,,,,,,,,,,
2009074334,2153.0,2,0,0,0,0,0,0,0,0,4,0,,67,6,2009,5,39.9412,-75.2095,2153.0,6,0,0,0,0,1,0,1,0,,0,0,0,21,3,3,1,,0,39 56:28.421,,0,75 12:33.863,4,0,0,0,67301,0,0,0,N,0,0,0,6,67301,3,,1,9,,N,N,,0,,0,0,0,3,2,,2100,3,2,0,0,0,0,0,3,4,0,2,7,,N,,,,,,,,,,,
2009074583,2341.0,0,0,0,0,0,0,0,0,0,8,0,,67,6,2009,6,39.9434,-75.1634,2340.0,6,0,0,0,0,0,0,0,1,,0,0,0,23,3,1,2,,0,39 56:36.171,,0,75 09:48.077,4,0,0,0,67301,1,0,0,N,1,0,0,2,67301,1,,1,1,,N,N,,0,,0,0,1,3,2,,2340,1,2,0,0,0,0,0,3,4,0,1,3,,N,,,,,,,,,,,
2009074600,36.0,2,0,0,0,0,0,0,0,0,5,0,,67,6,2009,7,40.0579,-75.1698,36.0,6,0,0,0,0,0,0,0,0,,0,0,0,0,3,0,0,,0,40 03:28.461,,0,75 10:11.190,9,0,0,0,67301,0,0,0,N,0,0,0,3,67301,0,,1,1,,N,N,,0,,0,0,0,0,0,,10,0,2,0,0,0,0,3,3,4,0,2,3,,N,,,,,,,,,,,
2009066638,0.0,2,0,0,0,0,0,0,0,0,1,0,,67,1,2009,3,40.0161,-75.0673,0.0,6,0,0,0,0,0,0,0,0,,0,0,0,7,1,1,2,,0,40 00:57.898,,0,75 04:02.561,4,0,0,0,67301,0,0,0,N,0,0,0,3,00000,1,,1,9,,N,N,,0,,0,0,0,0,0,,730,1,2,0,0,0,0,0,3,4,0,2,7,,N,,,,,,,,,,,
2009069241,2349.0,1,0,0,0,0,0,0,0,0,8,0,,67,6,2009,1,40.0597,-75.0524,2347.0,6,0,0,0,0,0,0,0,0,3.0,1,0,0,23,3,0,1,,1,40 03:35.015,4.0,0,75 03:08.566,1,0,0,0,67301,1,1,0,,1,1,0,2,67301,0,2.0,1,1,,,,,0,0.0,0,0,0,9,2,Y,2345,0,2,0,0,0,0,0,3,4,0,1,3,,N,,,,,,,,,,,
2009072077,925.0,1,0,0,0,0,0,0,0,0,4,1,,67,4,2009,6,39.9726,-75.1402,920.0,6,0,0,0,0,0,2,0,0,2.0,0,1,0,8,1,1,1,,1,39 58:21.363,2.0,0,75 08:24.889,8,0,0,0,67301,0,0,0,N,0,0,0,3,67301,0,,1,1,,N,N,,0,,0,0,0,3,3,N,853,1,2,0,0,0,1,0,3,4,0,2,3,,N,,,,,,,,,,,
2009066898,1630.0,1,0,0,1,0,0,0,0,0,5,0,,67,6,2009,3,39.9732,-75.159,1630.0,6,0,0,0,0,0,0,1,0,,0,0,0,16,1,1,1,,0,39 58:23.478,,0,75 09:32.375,8,0,0,0,67301,1,0,0,,0,0,0,2,67301,0,,1,1,,N,N,,0,,0,0,0,3,2,,1628,1,2,0,0,0,1,0,3,4,0,1,3,,N,,,,,,,,,,,
2009080087,1657.0,2,0,0,0,0,0,0,0,0,1,0,,67,6,2009,2,39.9893,-75.1555,1656.0,6,0,0,0,0,0,1,0,0,,0,0,0,99,1,1,1,,0,39 59:21.634,,0,75 09:19.704,4,0,0,0,67301,0,0,0,,0,0,0,4,67301,1,,1,1,,N,N,,0,,0,0,0,3,2,,9999,1,3,0,0,0,0,0,3,4,0,3,3,,N,,,,,,,,,,,
2009075411,1430.0,0,0,0,0,0,0,0,0,0,1,0,,67,6,2009,6,39.921,-75.2289,1430.0,6,0,0,0,0,0,1,0,0,,0,0,0,21,3,1,1,,0,39 55:15.834,,0,75 13:44.212,2,0,1,1,67301,0,0,0,,0,0,0,2,67301,0,,1,98,,N,N,,0,,0,1,0,3,2,,2130,1,2,0,0,0,0,0,3,4,0,2,99,,N,,,,,,,,,,,
2009073023,32.0,1,0,0,0,0,0,0,0,0,7,0,,67,7,2009,3,40.0374,-75.0129,24.0,6,0,0,0,0,0,0,0,0,1.0,0,0,0,0,3,2,0,,2,40 02:15.000,2.0,0,75 00:46.080,4,0,0,0,67301,0,0,0,N,0,0,0,3,68K01,2,,2,1,,N,N,,0,,0,0,0,0,0,N,22,2,1,0,0,1,0,0,3,4,0,1,3,,N,,,,,,,,,,,
2009067805,2006.0,1,0,0,0,0,0,0,0,0,1,0,,67,5,2009,4,39.96,-75.1787,1950.0,6,0,0,0,0,0,1,0,0,,0,0,0,19,4,0,0,,0,39 57:36.729,,0,75 10:49.904,0,0,0,0,67301,0,0,0,N,0,0,0,3,68K01,0,,1,9,,N,N,,0,,0,0,1,0,0,,1946,0,2,0,0,0,0,0,3,4,0,2,7,,N,,,,,,,,,,,
2009055612,945.0,2,0,0,0,0,0,0,0,0,4,0,,67,4,2009,1,40.0362,-75.1287,944.0,6,0,0,0,0,0,1,0,0,,0,0,0,9,1,1,1,,0,40 02:10.331,,0,75 07:43.436,8,0,0,0,67301,0,0,0,N,0,0,0,2,67301,0,,1,1,,N,N,,0,,0,0,1,3,2,,940,1,3,0,0,0,1,0,3,4,0,3,3,,N,,,,,,,,,,,
2009093177,1830.0,1,0,0,0,0,0,0,0,0,5,0,,67,8,2009,3,40.054,-75.0489,1823.0,6,0,0,1,0,0,0,0,0,3.0,0,0,0,18,1,1,1,,2,40 03:14.351,1.0,0,75 02:56.006,2,0,1,1,67301,0,0,0,N,0,0,0,4,67301,0,,1,1,,N,N,,0,,0,1,0,3,2,Y,1820,1,2,0,0,0,0,0,3,4,0,2,3,,N,,,,,,,,,,,
2009093315,934.0,2,0,0,0,0,0,0,0,0,2,0,,67,8,2009,1,40.0334,-75.0666,933.0,6,0,0,0,0,0,0,2,0,,0,0,0,9,1,2,1,,0,40 02:00.165,,0,75 03:59.552,4,0,0,0,67301,0,0,0,N,0,0,0,2,67301,2,,1,1,,N,N,,0,,0,0,0,3,2,,933,2,2,0,0,0,0,0,3,4,0,2,3,,N,,,,,,,,,,,
2009092875,1314.0,1,0,0,0,0,0,0,0,0,7,0,,67,9,2009,7,39.939,-75.1971,1306.0,6,0,0,0,0,0,0,0,0,2.0,0,0,0,13,1,2,0,,2,39 56:25.080,3.0,0,75 11:44.880,4,0,0,0,67301,0,0,0,N,0,0,0,2,68K01,2,,4,1,,N,N,,0,,0,0,0,0,0,N,1303,2,1,0,0,0,0,0,3,4,0,1,3,,N,,,,,,,,,,,
2009067089,1543.0,2,0,0,0,0,0,0,0,0,4,0,,67,5,2009,1,39.9566,-75.1527,1537.0,6,0,0,0,0,0,1,0,0,2.0,0,0,0,15,1,1,5,,1,39 57:23.638,1.0,0,75 09:09.816,4,0,0,0,67301,0,0,0,,0,0,0,3,67301,1,,1,1,,,,,0,,0,0,0,3,2,N,1519,1,2,0,0,0,0,2,3,4,0,2,3,,N,,,,,,,,,,,
2009067263,9999.0,1,0,0,0,0,0,0,0,0,8,0,,67,5,2009,1,39.928,-75.1717,9999.0,6,0,0,0,0,0,0,0,0,,0,0,0,99,1,1,0,,0,39 55:40.908,,0,75 10:17.997,8,0,0,0,67301,1,0,0,N,1,0,0,2,67301,0,,1,1,,N,N,,0,,0,0,0,0,0,,9999,1,2,0,0,0,1,0,3,4,0,1,3,,N,,,,,,,,,,,
2009128424,1720.0,1,0,0,0,0,0,0,0,0,1,0,,67,11,2009,3,39.9442,-75.2166,1718.0,6,0,0,0,0,0,0,0,0,9.0,0,0,0,16,3,3,1,,2,39 56:38.959,4.0,0,75 12:59.632,4,0,0,0,67301,0,0,0,N,0,0,0,5,67301,3,,1,1,,N,N,,1,,0,0,0,3,2,Y,1637,3,3,0,0,0,0,2,3,4,0,3,3,,N,,,,,,,,,,,
2009120653,2219.0,1,0,0,0,0,0,0,0,0,8,0,,67,10,2009,2,39.9881,-75.1824,2217.0,6,0,0,0,0,0,0,0,0,,0,0,0,22,3,1,5,,0,39 59:17.008,,0,75 10:56.669,8,0,0,0,67301,1,0,0,N,1,0,0,2,67301,0,,1,1,,N,N,,0,,0,0,0,3,2,,2210,1,2,0,0,0,1,0,3,4,0,1,3,,N,,,,,,,,,,,
2009118965,1132.0,1,0,0,0,0,0,0,0,0,4,0,,67,10,2009,2,40.041,-75.1831,1131.0,6,0,0,0,0,0,1,0,0,,0,0,0,9,1,1,1,,0,40 02:27.735,,0,75 10:59.179,4,0,0,0,67301,0,0,0,N,0,0,0,2,67301,1,,1,1,,N,N,,0,,0,0,0,3,2,,950,1,2,0,0,2,0,0,3,4,1,2,3,,N,,,,,,,,,,,
2009118969,9999.0,1,0,0,0,0,0,0,0,0,6,0,,67,10,2009,1,39.9764,-75.1135,224.0,6,0,0,0,0,0,0,0,0,,0,0,0,0,6,2,0,,0,39 58:36.185,,0,75 06:48.078,4,0,0,0,67301,0,0,0,,0,0,0,4,67301,1,,5,1,,N,N,,0,,0,0,1,0,0,,34,2,2,0,0,0,1,0,3,4,0,2,3,,N,,,,,,,,,,,
2009111179,1147.0,2,0,0,0,0,0,0,0,0,4,0,,67,10,2009,1,40.0393,-75.1848,1145.0,6,0,0,0,0,0,1,0,0,,0,0,0,11,1,1,1,,0,40 02:21.627,,0,75 11:05.396,8,0,0,0,67301,0,0,0,,0,0,0,3,67301,0,,1,9,,,,,0,,0,0,0,3,2,,1130,1,2,0,0,0,1,1,3,4,0,2,7,,N,,,,,,,,,,,
2009111186,1445.0,2,0,0,0,0,0,0,0,0,3,0,,67,10,2009,7,39.9295,-75.1705,1440.0,6,0,0,1,0,0,0,0,0,,0,0,0,14,1,1,0,,0,39 55:46.146,,0,75 10:13.620,8,0,0,0,67301,0,0,0,,0,0,0,3,67301,0,,1,9,,,,,0,,0,0,0,0,0,,1420,1,2,0,0,0,1,0,3,4,0,2,7,,N,,,,,,,,,,,
2009111205,1412.0,1,0,0,0,0,0,0,0,0,4,0,,67,9,2009,3,40.0843,-75.048,1412.0,6,0,0,0,0,0,1,1,0,,0,0,0,13,1,1,0,,0,40 05:03.390,,7,75 02:52.825,4,0,0,0,67301,0,0,0,N,0,0,0,2,67301,1,,1,1,,N,N,,0,,0,0,1,0,0,,1340,1,2,0,0,1,0,0,3,4,0,2,3,,N,,,,,,,,,,,
2009111213,100.0,1,0,0,0,0,0,0,0,0,1,0,,67,10,2009,4,39.989,-75.1245,30.0,6,0,0,0,0,0,1,0,0,,0,0,0,0,3,2,0,,0,39 59:20.471,,0,75 07:28.279,3,0,0,0,67301,0,0,0,,0,0,0,2,37301,0,,1,1,,,,,0,,1,0,1,0,0,,25,2,2,0,0,0,1,0,3,4,0,2,3,,N,,,,,,,,,,,
2009118996,1545.0,1,0,0,0,0,0,0,0,0,8,0,,67,10,2009,5,40.0382,-75.1448,1535.0,6,0,0,0,0,1,0,0,0,,0,0,0,15,1,1,0,,0,40 02:17.461,,0,75 08:41.320,8,0,0,0,67301,1,0,0,N,1,0,0,2,67301,0,,1,1,,N,N,,0,,0,0,0,0,0,,1540,1,2,0,0,0,1,0,3,4,0,1,3,,N,,,,,,,,,,,
2009119127,1159.0,1,0,0,0,0,0,0,0,0,7,0,,67,11,2009,7,40.0471,-75.0012,1159.0,6,0,0,0,0,0,1,0,0,,0,0,0,11,1,1,0,,0,40 02:51.454,,2,75 00:03.399,3,0,0,0,67301,0,0,0,N,0,0,0,2,68K01,0,,2,9,,N,N,,0,,1,0,0,0,0,,1159,1,1,0,0,0,0,0,3,4,0,1,7,,N,,,,,,,,,,,
2009116573,1927.0,1,0,0,0,0,0,0,0,0,5,0,,67,11,2009,1,39.9381,-75.1437,1926.0,6,0,0,0,0,0,0,0,0,,0,0,0,19,3,3,0,,0,39 56:17.520,,0,75 08:36.960,3,0,0,0,67301,0,0,0,N,0,0,0,9,68K01,2,,1,1,,N,N,,0,,1,0,2,0,0,,1920,3,3,0,0,1,0,0,3,4,0,3,3,,N,,,,,,,,,,,
2009120733,845.0,2,0,0,0,0,0,0,0,0,1,0,,67,10,2009,6,40.037,-75.2197,840.0,6,0,0,0,0,0,0,0,0,,0,0,0,8,1,1,0,,0,40 02:13.046,,0,75 13:10.268,8,0,0,0,67301,0,0,0,N,0,0,0,2,67301,0,,1,1,,N,N,,0,,0,0,0,0,0,,836,1,2,0,0,0,1,0,3,4,0,2,3,,N,,,,,,,,,,,
2009048238,1708.0,3,0,0,0,0,0,0,0,0,5,0,,67,5,2009,1,40.0234,-75.033,1706.0,6,0,0,0,0,0,0,0,0,,0,0,0,17,1,1,0,,0,40 01:18.410,,2,75 02:20.360,4,0,0,0,67301,5,0,0,N,0,0,0,6,68K01,1,,2,9,,N,N,,0,,0,0,0,0,0,,1700,1,4,0,0,0,0,0,3,4,1,4,7,,N,,,,,,,,,,,
2009063706,2040.0,1,0,0,0,0,0,0,0,0,1,0,,67,5,2009,7,39.9747,-75.1983,2033.0,6,0,0,0,0,0,1,0,0,,0,0,0,20,3,3,2,,0,39 58:29.424,,2,75 11:53.775,4,0,0,0,67301,0,0,0,N,0,0,0,6,67301,1,,1,1,,N,N,,0,,0,0,0,3,2,,2031,3,2,0,0,0,2,0,3,4,1,2,3,,N,,,,,,,,,,,
2009063863,450.0,3,0,0,0,0,0,0,0,0,5,0,,67,5,2009,7,39.9713,-75.2491,446.0,6,0,0,0,0,0,0,0,0,1.0,0,0,0,4,3,0,0,,1,39 58:16.658,1.0,0,75 14:56.749,0,0,0,0,67301,0,0,0,N,0,0,0,1,67301,0,,6,1,,N,N,,0,,0,0,0,3,2,N,440,0,3,0,0,0,0,0,3,4,0,3,3,,N,,,,,,,,,,,
2009066323,102.0,1,0,0,0,0,0,0,0,0,7,0,,67,6,2009,5,39.9686,-75.1914,100.0,6,0,0,0,0,0,1,0,0,,0,0,0,0,3,1,0,,0,39 58:07.680,,0,75 11:29.760,4,0,0,0,67301,0,0,0,N,0,0,0,1,68K01,1,,2,1,,N,N,,0,,0,0,0,0,0,,54,1,1,0,0,0,0,0,3,4,0,1,3,,N,,,,,,,,,,,
2009063923,1746.0,1,0,0,0,0,0,0,0,0,8,0,,67,5,2009,5,40.0477,-75.1185,1743.0,6,0,0,0,0,0,0,0,0,,0,0,0,17,1,1,0,,0,40 02:51.730,,0,75 07:06.733,8,0,0,0,67301,1,0,0,N,1,0,0,3,67301,0,,1,1,,N,N,,0,,0,0,0,0,0,,1730,1,2,0,0,0,1,0,3,4,0,1,3,,N,,,,,,,,,,,
2009066507,1046.0,2,0,0,0,0,0,0,0,0,2,0,,67,6,2009,4,39.9473,-75.1949,1044.0,6,0,0,0,1,0,1,0,0,,0,0,0,10,1,1,2,,0,39 56:50.333,,0,75 11:41.630,3,0,0,0,67301,0,0,0,N,0,0,0,2,67301,0,,1,1,,N,N,,0,,1,0,0,3,2,,1040,1,2,0,0,0,0,0,3,4,0,2,3,,N,,,,,,,,,,,
2009058820,1716.0,1,0,0,0,0,0,0,0,0,7,0,,67,5,2009,5,40.0856,-75.0394,1714.0,6,0,0,0,0,0,0,0,0,2.0,0,0,0,17,1,0,2,,1,40 05:08.045,4.0,0,75 02:21.757,0,0,0,0,67301,0,0,0,N,0,0,0,2,67301,0,,2,9,,N,N,,0,,0,0,0,2,3,Y,1709,0,1,0,0,0,0,0,3,4,0,1,7,,N,,,,,,,,,,,
2009056354,352.0,0,0,0,0,0,0,0,0,0,4,0,,67,5,2009,1,39.9976,-75.1263,352.0,6,0,0,0,0,0,0,0,0,,0,0,0,3,3,3,0,,0,39 59:51.511,,0,75 07:34.510,3,0,0,0,67301,0,0,0,,0,0,0,3,67301,1,,5,1,,,,,1,,2,0,1,0,0,,349,3,2,0,0,0,0,0,3,4,0,2,3,,N,,,,,,,,,,,
2009093186,9999.0,0,0,0,0,0,0,0,0,0,7,0,,67,8,2009,7,39.9762,-75.1194,9999.0,6,0,0,0,0,0,0,0,0,,0,0,0,15,1,1,0,,0,39 58:34.165,,0,75 07:09.930,8,0,0,0,67301,0,0,0,N,0,0,0,1,67301,0,,4,1,,N,N,,0,,0,0,1,0,0,,1530,1,1,0,0,0,1,0,3,4,0,1,7,,N,,,,,,,,,,,
2009093363,2122.0,2,0,0,0,0,0,0,0,0,1,0,,67,8,2009,3,39.9672,-75.2265,2122.0,6,0,0,0,0,0,0,0,0,,0,0,0,20,3,0,0,,0,39 58:01.970,,0,75 13:35.436,0,0,0,0,67301,0,0,0,,0,0,0,1,67301,0,,1,1,,N,N,,1,,0,0,0,0,0,,2039,0,3,0,0,0,0,0,3,4,0,3,3,,N,,,,,,,,,,,
2009093297,439.0,1,0,0,0,0,0,0,0,0,4,0,,67,8,2009,7,39.9753,-75.2455,437.0,6,0,0,0,1,0,1,0,0,,0,0,0,4,3,2,1,,0,39 58:31.257,,0,75 14:43.799,4,0,0,0,67301,0,0,0,N,0,0,0,3,67301,2,,1,1,,N,N,,0,,0,0,0,2,2,,435,2,2,0,0,0,0,0,3,4,1,2,3,,N,,,,,,,,,,,
2009090845,242.0,2,0,0,0,0,0,0,0,0,1,0,,67,9,2009,2,,,242.0,6,0,0,0,0,0,0,0,0,1.0,0,0,0,2,3,0,0,,2,,4.0,0,,0,0,0,0,67301,0,0,0,N,0,0,0,4,67501,0,,1,1,,N,N,,0,,0,0,0,0,0,N,242,0,2,0,0,0,0,0,3,3,0,2,3,,N,,,,,,,,,,,
2009088069,2154.0,1,0,0,0,0,0,0,0,0,1,0,,67,8,2009,6,39.9813,-75.2069,2147.0,6,0,0,0,0,0,1,0,0,,0,0,0,21,3,0,0,,0,39 58:55.964,,0,75 12:27.703,0,0,0,0,67301,0,0,0,N,0,0,0,4,68K01,0,,1,9,,N,N,,0,,0,0,1,0,0,,2144,0,2,0,0,1,0,0,3,4,0,2,3,,N,,,,,,,,,,,
2009085529,1301.0,0,0,0,0,0,0,0,0,0,1,0,,67,8,2009,7,39.9595,-75.176,1255.0,6,0,0,0,0,0,2,0,0,2.0,0,0,0,12,1,1,0,,1,39 57:34.296,3.0,0,75 10:33.763,4,0,0,1,67301,0,0,0,N,0,0,0,5,68K01,1,,1,1,,N,N,,0,,0,0,1,0,0,N,1252,1,3,0,0,0,0,1,3,4,0,3,3,,N,,,,,,,,,,,
2009085979,1712.0,1,0,0,0,0,0,0,0,0,1,0,,67,7,2009,2,40.0108,-75.1022,1708.0,6,0,0,0,0,1,0,0,0,1.0,0,0,0,16,1,2,1,,1,40 00:38.782,4.0,0,75 06:07.906,4,0,0,0,67301,0,0,0,,0,0,0,2,67301,2,,1,1,,N,N,,0,,0,0,0,3,2,N,1649,2,2,0,0,0,0,0,3,4,1,2,3,,N,,,,,,,,,,,
2009065790,9999.0,0,0,0,0,0,0,0,0,0,8,0,,67,5,2009,2,39.9587,-75.2139,1252.0,6,0,0,0,0,0,0,0,0,,0,0,0,12,1,1,0,,0,39 57:31.152,,0,75 12:49.993,8,0,0,0,67301,1,0,0,,1,0,0,2,67301,0,,1,1,,,,,1,,0,0,0,0,0,,1252,1,2,0,0,0,1,0,3,4,0,1,3,,N,,,,,,,,,,,
2009068266,800.0,0,0,0,1,0,1,0,0,0,5,0,,67,4,2009,4,39.962,-75.2001,759.0,6,0,0,0,0,0,0,0,0,3.0,0,0,0,7,1,1,0,,2,39 57:43.102,6.0,0,75 12:00.258,2,0,0,0,67301,1,0,1,,0,0,0,2,67301,0,,1,1,,N,N,,0,,0,1,1,0,0,Y,754,1,2,0,0,1,0,0,3,4,0,1,3,,N,,,,,,,,,,,
2009086040,455.0,1,0,0,1,0,0,0,0,0,4,0,,67,8,2009,5,40.0223,-75.1663,452.0,6,0,0,0,0,0,0,0,0,,0,0,0,4,3,1,2,,0,40 01:20.139,,0,75 09:58.615,8,0,0,0,67301,1,0,0,N,0,0,0,2,67301,0,,1,9,,N,N,,0,,0,0,0,3,3,,445,1,2,0,0,0,1,0,3,4,0,1,7,,N,,,,,,,,,,,
2009078941,205.0,4,0,0,0,0,0,0,0,0,1,0,,67,7,2009,1,39.9532,-75.2487,200.0,6,0,0,0,0,0,1,0,0,,0,0,0,1,3,3,2,,0,39 57:11.353,,0,75 14:55.491,3,0,0,0,67301,0,0,0,N,0,0,0,6,67301,0,,1,9,,N,N,,0,,3,0,0,3,2,,145,3,4,0,0,0,0,1,3,4,0,4,7,,N,,,,,,,,,,,
2009081623,1342.0,1,0,0,0,0,0,0,0,0,4,0,99.0,67,7,2009,2,40.1004,-75.013,1340.0,6,0,0,0,0,0,0,0,0,,0,0,0,13,1,0,1,,0,40 06:01.605,,0,75 00:46.810,0,0,0,0,67301,0,0,0,,0,0,0,3,67301,0,,1,1,,,,,0,,0,0,2,3,3,,1338,0,3,0,0,0,0,0,3,4,0,3,3,,Y,8.0,8.0,U,U,U,U,U,U,U,U,
2009079114,1659.0,1,0,0,0,0,0,0,0,0,2,0,,67,2,2009,4,39.9165,-75.2445,1658.0,6,0,0,0,0,0,0,0,0,,0,0,0,16,1,0,0,,0,39 54:59.579,,0,75 14:40.123,9,0,0,0,67301,0,0,0,N,0,0,0,2,67301,0,,1,9,,N,N,,1,,0,0,0,0,0,,1655,0,2,0,0,0,0,1,3,4,0,2,7,,N,,,,,,,,,,,
2009079222,2155.0,0,0,0,0,0,0,0,0,0,8,0,,67,7,2009,1,39.9955,-75.1415,2145.0,6,0,0,0,0,0,0,0,0,,0,0,0,21,3,1,1,,0,39 59:43.634,,0,75 08:29.417,4,0,0,0,67301,1,0,0,N,1,0,0,2,67301,1,,1,1,,N,N,,0,,0,0,0,0,0,,2100,1,2,0,0,0,0,1,3,4,0,1,3,,N,,,,,,,,,,,
2009079229,9999.0,1,0,0,1,0,0,0,0,0,4,0,,67,7,2009,2,39.9238,-75.2369,1216.0,6,0,0,0,0,0,0,1,0,,0,0,0,12,1,1,1,,0,39 55:25.798,,0,75 14:12.901,8,0,0,0,67301,1,0,0,N,0,0,0,2,67301,0,,1,1,,N,N,,0,,0,0,0,3,2,,1216,1,2,0,0,0,1,0,3,4,0,1,3,,N,,,,,,,,,,,
2009079282,2245.0,1,0,0,0,0,0,0,0,0,7,0,,67,7,2009,7,40.0262,-75.0949,2237.0,6,0,0,0,0,0,0,0,0,1.0,0,0,0,22,3,2,0,,1,40 01:34.081,1.0,0,75 05:43.460,8,0,0,0,67301,0,0,0,,0,0,0,2,67301,0,,2,1,,,,,0,,0,0,0,0,0,N,2235,2,1,0,0,0,2,0,3,4,0,1,3,,N,,,,,,,,,,,
2009074566,1619.0,1,0,0,1,0,0,0,0,0,4,0,,67,6,2009,5,39.9258,-75.1806,1616.0,6,0,0,0,0,0,1,0,0,1.0,0,0,0,99,1,1,0,,1,39 55:32.713,4.0,0,75 10:49.375,4,0,0,0,67301,1,0,0,N,0,0,0,3,67301,1,,1,1,,N,N,,0,,0,0,0,3,2,Y,9999,1,2,0,0,0,0,0,3,4,0,1,3,,N,,,,,,,,,,,
2009074570,22.0,3,0,0,0,0,0,0,0,0,4,0,,67,6,2009,7,39.9658,-75.2461,20.0,6,0,0,1,0,0,0,0,0,,0,0,0,0,3,2,1,,0,39 57:56.898,,0,75 14:46.071,8,0,0,0,67301,0,0,0,,0,0,0,11,67301,0,,1,1,,,,,0,,0,0,0,3,2,,17,2,3,0,0,0,2,0,3,4,0,3,3,,N,,,,,,,,,,,