CRN,ARRIVAL_TM,AUTOMOBILE_COUNT,BELTED_DEATH_COUNT,BELTED_SUSP_SERIOUS_INJ_COUNT,BICYCLE_COUNT,BICYCLE_DEATH_COUNT,BICYCLE_SUSP_SERIOUS_INJ_COUNT,BUS_COUNT,CHLDPAS_DEATH_COUNT,CHLDPAS_SUSP_SERIOUS_INJ_COUNT,COLLISION_TYPE,COMM_VEH_COUNT,CONS_ZONE_SPD_LIM,COUNTY,CRASH_MONTH,CRASH_YEAR,DAY_OF_WEEK,DEC_LAT,DEC_LONG,DISPATCH_TM,DISTRICT,DRIVER_COUNT_16YR,DRIVER_COUNT_17YR,DRIVER_COUNT_18YR,DRIVER_COUNT_19YR,DRIVER_COUNT_20YR,DRIVER_COUNT_50_64YR,DRIVER_COUNT_65_74YR,DRIVER_COUNT_75PLUS,EST_HRS_CLOSED,FATAL_COUNT,HEAVY_TRUCK_COUNT,HORSE_BUGGY_COUNT,HOUR_OF_DAY,ILLUMINATION,INJURY_COUNT,INTERSECT_TYPE,INTERSECTION_RELATED,LANE_CLOSED,LATITUDE,LN_CLOSE_DIR,LOCATION_TYPE,LONGITUDE,MAX_SEVERITY_LEVEL,MCYCLE_DEATH_COUNT,MCYCLE_SUSP_SERIOUS_INJ_COUNT,MOTORCYCLE_COUNT,MUNICIPALITY,NONMOTR_COUNT,NONMOTR_DEATH_COUNT,NONMOTR_SUSP_SERIOUS_INJ_COUNT,NTFY_HIWY_MAINT,PED_COUNT,PED_DEATH_COUNT,PED_SUSP_SERIOUS_INJ_COUNT,PERSON_COUNT,POLICE_AGCY,POSSIBLE_INJ_COUNT,RDWY_SURF_TYPE_CD,RELATION_TO_ROAD,ROAD_CONDITION,ROADWAY_CLEARED,SCH_BUS_IND,SCH_ZONE_IND,SECONDARY_CRASH,SMALL_TRUCK_COUNT,SPEC_JURIS_CD,SUSP_MINOR_INJ_COUNT,SUSP_SERIOUS_INJ_COUNT,SUV_COUNT,TCD_FUNC_CD,TCD_TYPE,TFC_DETOUR_IND,TIME_OF_DAY,TOT_INJ_COUNT,TOTAL_UNITS,UNB_DEATH_COUNT,UNB_SUSP_SERIOUS_INJ_COUNT,UNBELTED_OCC_COUNT,UNK_INJ_DEG_COUNT,UNK_INJ_PER_COUNT,URBAN_AREA,URBAN_RURAL,VAN_COUNT,VEHICLE_COUNT,WEATHER1,WEATHER2,WORK_ZONE_IND,WORK_ZONE_LOC,WORK_ZONE_TYPE,WORKERS_PRES,WZ_CLOSE_DETOUR,WZ_FLAGGER,WZ_LAW_OFFCR_IND,WZ_LN_CLOSURE,WZ_MOVING,WZ_OTHER,WZ_SHLDER_MDN,WZ_WORKERS_INJ_KILLED
2009071628,1225.0,1,0,0,0,0,0,0,0,0,5,0,,67,6,2009,6,39.9881,-75.2424,1220.0,6,0,0,0,0,0,1,0,0,,0,0,0,11,1,1,1,,0,39 59:17.214,,0,75 14:32.719,4,0,0,0,67301,0,0,0,N,0,0,0,2,67301,1,,1,9,,N,N,,0,,0,0,0,3,3,,1158,1,2,0,0,0,0,0,3,4,1,2,7,,N,,,,,,,,,,,
2009071631,710.0,2,0,0,0,0,0,0,0,0,4,0,,67,6,2009,6,40.0257,-75.1322,700.0,6,0,0,0,0,0,0,0,0,,0,0,0,6,1,1,0,,0,40 01:32.491,,0,75 07:55.837,4,0,0,0,67301,0,0,0,N,0,0,0,1,67301,1,,1,1,,N,N,,0,,0,0,0,0,0,,650,1,3,0,0,0,0,0,3,4,1,3,3,,N,,,,,,,,,,,
2009069304,2220.0,4,0,0,0,0,0,0,0,0,2,0,,67,6,2009,7,40.0528,-75.0925,2210.0,6,0,0,0,0,0,0,0,0,,0,0,0,22,3,1,0,,0,40 03:09.987,,7,75 05:33.021,4,0,0,0,67301,0,0,0,,0,0,0,4,67301,1,,1,1,,,,,0,,0,0,0,0,0,,2200,1,4,0,0,1,0,0,3,4,0,4,3,,N,,,,,,,,,,,
2009072359,1436.0,2,0,0,0,0,0,0,0,0,4,0,,67,6,2009,1,40.0808,-75.0286,1408.0,6,0,0,0,0,0,0,0,0,,0,0,0,14,1,3,1,,0,40 04:51.077,,0,75 01:43.585,3,0,0,0,67301,0,0,0,N,0,0,0,4,67301,2,,1,1,,N,N,,0,,1,0,0,3,2,,1408,3,2,0,0,0,0,0,3,4,0,2,3,,N,,,,,,,,,,,
2009080245,856.0,1,0,0,0,0,0,0,0,0,5,0,,67,8,2009,4,39.9495,-75.1418,847.0,6,0,0,0,0,0,0,0,0,1.0,0,0,0,8,1,1,0,,2,39 56:58.160,2.0,0,75 08:30.616,4,0,0,0,67301,0,0,0,N,0,0,0,3,68K01,1,,1,1,,N,N,,0,,0,0,1,0,0,N,845,1,2,0,0,0,0,0,3,4,0,2,3,,N,,,,,,,,,,,
2009089133,731.0,1,0,0,0,0,0,0,0,0,1,0,,67,6,2009,5,40.037,-75.0141,729.0,6,0,0,0,0,0,0,0,0,,0,0,0,7,1,0,0,,0,40 02:13.441,,0,75 00:50.355,0,0,0,0,67301,0,0,0,N,0,0,0,2,68K01,0,,1,1,,N,N,,0,,0,0,1,0,0,,725,0,2,0,0,0,0,0,3,4,0,2,3,,N,,,,,,,,,,,
2009111184,1858.0,2,0,0,0,0,0,0,0,0,4,0,,67,10,2009,1,40.0343,-75.0746,1856.0,6,0,0,0,0,0,1,0,0,1.0,0,0,0,18,3,1,1,,1,40 02:03.403,2.0,0,75 04:28.523,4,0,0,0,67301,0,0,0,,0,0,0,3,67301,1,,1,1,,,,,0,,0,0,0,3,2,N,1855,1,2,0,0,0,0,0,3,4,0,2,3,,N,,,,,,,,,,,
2009115668,43.0,1,0,0,0,0,0,0,0,0,7,0,,67,11,2009,1,39.9575,-75.1588,31.0,6,0,0,0,0,0,0,0,0,2.0,0,0,0,0,3,1,0,,1,39 57:27.000,4.0,0,75 09:31.680,8,0,0,0,67301,0,0,0,N,0,0,0,3,68K01,0,,3,9,,N,N,,0,,0,0,0,0,0,N,28,1,1,0,0,0,1,0,3,4,0,1,7,,N,,,,,,,,,,,
2009120741,2053.0,1,0,0,0,0,0,0,0,0,1,0,,67,10,2009,6,40.0269,-75.0972,2043.0,6,0,0,0,0,0,1,0,0,1.0,0,0,0,20,3,0,5,,1,40 01:36.832,2.0,0,75 05:50.065,0,0,0,0,67301,0,0,0,N,0,0,0,3,67301,0,,1,1,,N,N,,0,,0,0,1,3,2,N,2043,0,2,0,0,0,0,0,3,4,0,2,3,,N,,,,,,,,,,,
2009120755,335.0,1,0,0,0,0,0,0,0,1,6,0,,67,9,2009,5,40.0067,-75.1318,333.0,6,0,0,0,0,0,0,0,0,,0,0,0,3,3,4,0,,0,40 00:24.290,,0,75 07:54.658,2,0,0,0,67301,0,0,0,N,0,0,0,4,67301,3,,1,1,,N,N,,0,,0,1,1,0,0,,332,4,2,0,0,0,0,0,3,4,0,2,3,,N,,,,,,,,,,,
2009042605,1120.0,2,0,0,0,0,0,0,0,0,1,0,,67,3,2009,5,40.0575,-75.1296,1119.0,6,0,0,1,0,1,0,0,0,2.0,0,0,0,11,1,3,0,,2,40 03:27.090,4.0,0,75 07:46.504,8,0,0,0,67301,0,0,0,N,0,0,0,4,46102,0,,1,1,,N,N,,0,,0,0,0,0,0,Y,1118,3,2,0,0,0,3,0,3,4,0,2,3,,N,,,,,,,,,,,
2009049855,840.0,0,0,0,0,0,0,1,0,0,8,1,,67,3,2009,3,40.0337,-75.1458,835.0,6,0,0,0,0,0,0,0,0,,0,0,0,99,1,1,1,,0,40 02:01.359,,0,75 08:45.257,8,0,0,0,67301,1,0,0,N,1,0,0,2,67301,0,,1,1,,N,N,,0,,0,0,0,3,2,,9999,1,2,0,0,0,1,0,3,4,0,1,3,,N,,,,,,,,,,,
2009049873,1825.0,1,0,0,0,0,0,0,0,0,8,0,,67,3,2009,3,39.925,-75.1747,1823.0,6,0,0,0,0,0,0,0,0,1.0,0,0,0,18,1,1,1,,1,39 55:29.938,4.0,0,75 10:27.650,4,0,0,0,67301,1,0,0,N,1,0,0,2,67301,1,,1,1,,N,N,,0,,0,0,0,3,2,N,1822,1,2,0,0,0,0,0,3,4,0,1,3,,N,,,,,,,,,,,
2009071429,9999.0,1,0,0,0,0,0,0,0,0,7,0,,67,6,2009,5,40.018,-75.1656,9999.0,6,0,0,0,0,1,0,0,0,1.0,0,0,0,99,1,0,6,,1,40 01:05.053,3.0,2,75 09:55.730,0,0,0,0,67301,0,0,0,N,0,0,0,1,67301,0,,7,1,,N,N,,0,,0,0,0,0,0,N,9999,0,1,0,0,0,0,0,3,4,0,1,3,,N,,,,,,,,,,,
2009061115,219.0,0,0,0,0,0,0,0,0,0,7,0,,67,6,2009,7,39.9716,-75.1933,215.0,6,0,0,0,0,0,0,0,0,3.0,0,0,0,2,3,1,7,,2,39 58:15.132,4.0,2,75 11:34.938,3,0,0,0,67301,0,0,0,N,0,0,0,1,68K01,0,,2,1,,N,N,,0,,1,0,1,0,0,Y,207,1,1,0,0,0,0,0,3,4,0,1,3,,N,,,,,,,,,,,
2009063925,2310.0,1,0,0,0,0,0,0,0,0,8,0,,67,4,2009,4,39.9641,-75.1407,2300.0,6,0,0,0,0,0,0,0,0,,0,0,0,23,3,1,1,,0,39 57:50.853,,0,75 08:26.469,4,0,0,0,67301,1,0,0,,1,0,0,2,67301,1,,1,1,,,,,0,,0,0,0,3,2,,2300,1,2,0,0,0,0,0,3,4,0,1,3,,N,,,,,,,,,,,
2009058891,1640.0,1,0,0,1,0,0,0,0,0,4,0,,67,5,2009,5,39.9509,-75.152,1637.0,6,0,0,0,0,0,1,0,0,,0,0,0,16,1,1,1,,0,39 57:03.252,,0,75 09:07.174,3,0,0,0,67301,1,0,0,,0,0,0,2,67301,0,,1,9,,,,,0,,1,0,0,3,2,,1633,1,2,0,0,0,0,0,3,4,0,1,7,,N,,,,,,,,,,,
2009056370,1434.0,1,0,0,0,0,0,0,0,0,4,0,,67,5,2009,5,39.9218,-75.2216,1425.0,6,0,0,0,0,0,1,0,0,,0,0,0,14,1,1,2,,0,39 55:18.429,,0,75 13:17.630,8,0,0,0,67301,0,0,0,N,0,0,0,2,67301,0,,1,9,,N,N,,1,,0,0,0,3,3,,1425,1,2,0,0,0,1,0,3,4,0,2,7,,N,,,,,,,,,,,
2009056404,2200.0,1,0,0,0,0,0,0,0,0,8,0,,67,5,2009,3,40.0137,-75.1375,2148.0,6,0,0,0,0,0,0,0,0,,0,0,0,21,3,1,1,,0,40 00:49.330,,0,75 08:14.971,8,0,0,0,67301,1,0,0,,1,0,0,2,67301,0,,1,9,,,,,0,,0,0,0,0,0,,2146,1,2,0,0,0,1,0,3,4,0,1,7,,N,,,,,,,,,,,
2009056454,1620.0,0,0,0,0,0,0,0,0,0,6,0,,67,5,2009,4,40.0451,-75.1582,1600.0,6,0,0,0,0,0,1,0,0,,0,0,0,15,1,1,1,,0,40 02:42.273,,0,75 09:29.620,4,0,0,0,67301,0,0,0,N,0,0,0,2,67301,1,,1,1,,N,N,,1,,0,0,1,3,2,,1545,1,2,0,0,0,0,0,3,4,0,2,3,,N,,,,,,,,,,,
2009056477,1753.0,2,0,0,0,0,0,0,0,0,1,0,,67,5,2009,4,40.0347,-75.0714,1749.0,6,0,0,0,0,0,1,0,0,1.0,0,0,0,17,1,1,0,,1,40 02:04.857,1.0,0,75 04:17.051,8,0,0,0,67301,0,0,0,,0,0,0,4,67301,0,,1,1,,N,N,,0,,0,0,1,3,2,N,1750,1,3,0,0,3,1,0,3,4,0,3,3,,N,,,,,,,,,,,
2009083423,1445.0,2,0,0,0,0,0,0,0,0,4,0,,67,7,2009,7,40.0228,-75.0479,1440.0,6,0,0,0,0,0,0,0,0,,0,0,0,99,1,1,2,,0,40 01:22.026,,0,75 02:52.591,4,0,0,0,67301,0,0,0,,0,0,0,3,67301,1,,1,1,,N,N,,0,,0,0,0,3,3,,9999,1,2,0,0,0,0,0,3,4,0,2,3,,N,,,,,,,,,,,
2009065800,1842.0,2,0,0,0,0,0,0,0,0,5,0,,67,5,2009,4,39.9541,-75.2221,1838.0,6,0,0,0,1,0,0,0,0,,0,0,0,18,1,1,1,,0,39 57:14.731,,0,75 13:19.437,4,0,0,0,67301,0,0,0,N,0,0,0,2,67301,1,,1,1,,N,N,,0,,0,0,0,0,0,,1817,1,2,0,0,0,0,0,3,4,0,2,3,,N,,,,,,,,,,,
2009065832,1810.0,0,0,0,0,0,0,0,0,0,7,0,,67,5,2009,2,40.0238,-75.1349,1758.0,6,0,0,0,0,0,0,0,0,2.0,0,0,0,17,1,2,2,,1,40 01:25.351,2.0,0,75 08:06.772,4,0,0,0,67301,0,0,0,N,0,0,0,2,67301,2,,4,1,,N,N,,0,,0,0,1,3,8,N,1750,2,2,0,0,0,0,0,3,4,0,1,3,,N,,,,,,,,,,,
2009085998,857.0,2,0,0,0,0,0,1,0,0,1,1,,67,7,2009,5,40.0541,-75.0798,855.0,6,0,0,0,0,0,1,0,0,9.0,0,0,0,8,1,1,0,,1,40 03:14.821,7.0,0,75 04:47.236,2,0,0,0,67301,0,0,0,,0,0,0,6,67301,0,,6,1,,,,,0,,0,1,0,3,3,Y,853,1,3,0,0,0,0,0,3,4,0,3,3,,N,,,,,,,,,,,
2009086005,1410.0,2,0,0,0,0,0,0,0,0,4,0,,67,8,2009,4,40.0215,-75.1768,1400.0,6,0,0,0,0,0,0,0,0,,0,0,0,13,1,0,3,,0,40 01:17.338,,0,75 10:36.664,0,0,0,0,67301,0,0,0,,0,0,0,4,67301,0,,1,1,,N,N,,0,,0,0,0,3,3,,1350,0,2,0,0,0,0,0,3,4,0,2,3,,N,,,,,,,,,,,
2009062976,2302.0,1,0,0,0,0,0,0,0,0,7,0,,67,4,2009,2,39.9234,-75.1915,2253.0,6,0,0,0,1,0,0,0,0,1.0,0,0,0,22,3,0,0,,2,39 55:30.863,4.0,0,75 11:36.238,0,0,0,0,67301,0,0,0,N,0,0,0,1,68K01,0,,4,9,,N,N,,0,,0,0,0,0,0,N,2250,0,1,0,0,0,0,0,3,4,0,1,7,,N,,,,,,,,,,,
2009078798,2021.0,1,0,0,1,0,0,0,0,0,2,0,,67,7,2009,4,39.9962,-75.114,2020.0,6,0,0,0,0,0,0,0,0,,0,0,0,19,4,1,2,,0,39 59:46.244,,0,75 06:50.464,8,0,0,0,67301,1,0,0,N,0,0,0,2,67301,0,,1,1,,N,N,,0,,0,0,0,0,0,,1930,1,2,0,0,0,1,0,3,4,0,1,3,,N,,,,,,,,,,,
2009081610,1515.0,3,0,0,0,0,0,0,0,0,4,0,,67,7,2009,7,40.0705,-75.1622,1505.0,6,0,0,0,0,0,1,0,0,,0,0,0,14,1,1,0,,0,40 04:13.772,,7,75 09:44.067,4,0,0,0,67301,0,0,0,N,0,0,0,1,67301,1,,1,1,,N,N,,0,,0,0,0,0,0,,1448,1,3,0,0,0,0,0,3,4,0,3,3,,N,,,,,,,,,,,
2009081635,2110.0,0,0,0,0,0,0,0,0,0,4,0,,67,7,2009,5,40.0054,-75.1086,2100.0,6,0,0,0,0,0,0,0,0,,0,0,0,20,3,1,2,,0,40 00:19.420,,7,75 06:31.068,3,0,0,1,67301,0,0,0,N,0,0,0,2,67301,0,,1,1,,N,N,,0,,1,0,0,0,0,,2055,1,2,0,0,0,0,0,3,4,1,2,3,,N,,,,,,,,,,,
2009079194,1410.0,1,0,0,0,0,0,0,0,0,4,0,,67,7,2009,6,40.0633,-74.9855,1356.0,6,0,0,0,0,0,0,0,0,,0,0,0,13,1,1,2,,0,40 03:47.944,,0,74 59:07.865,4,0,0,0,67301,0,0,0,N,0,0,0,4,67301,1,,1,1,,N,N,,0,,0,0,1,3,2,,1330,1,2,0,0,0,0,0,3,4,0,2,3,,N,,,,,,,,,,,
2009079233,102.0,1,0,0,0,0,0,0,0,0,1,0,,67,7,2009,4,39.904,-75.2401,102.0,6,0,0,0,0,0,1,0,0,,0,0,0,0,3,1,1,,0,39 54:14.619,,0,75 14:25.049,8,0,0,0,67301,0,0,0,N,0,0,0,2,67301,0,,1,9,,N,N,,1,,0,0,0,3,2,,46,1,2,0,0,0,1,0,3,4,0,2,7,,N,,,,,,,,,,,
2009071450,1642.0,1,0,0,0,0,0,0,0,0,1,0,,67,6,2009,7,40.0772,-75.0852,1635.0,6,0,0,0,0,0,2,0,0,,0,0,0,16,1,1,1,,0,40 04:37.796,,0,75 05:06.825,4,0,0,0,67301,0,0,0,,0,0,0,2,67301,1,,1,1,,,,,0,,0,0,0,3,2,,1635,1,2,0,0,0,0,0,3,4,1,2,3,,N,,,,,,,,,,,
2009079268,1610.0,2,0,0,0,0,0,0,0,0,6,0,,67,7,2009,4,40.0362,-75.0805,1605.0,6,0,0,0,0,0,0,0,0,,0,0,0,16,1,2,0,,0,40 02:10.363,,0,75 04:49.700,4,0,0,0,67301,0,0,0,,0,0,0,5,67301,1,,1,1,,,,,0,,0,0,0,0,0,,1600,2,2,0,0,3,1,0,3,4,0,2,3,,N,,,,,,,,,,,
2009074491,2053.0,0,0,0,0,0,0,0,0,0,8,0,,67,4,2009,3,39.9047,-75.1685,2053.0,6,0,0,0,0,0,0,0,0,9.0,0,0,0,20,3,1,0,,1,39 54:17.096,3.0,0,75 10:06.644,2,0,0,0,67301,1,0,1,N,1,0,1,2,67301,0,,1,1,,N,N,,0,,0,1,1,2,2,N,2053,1,2,0,0,0,0,0,3,4,0,1,3,,N,,,,,,,,,,,
2009074595,2115.0,2,0,0,0,0,0,0,0,0,1,0,,67,6,2009,6,40.0033,-75.1664,2045.0,6,0,0,0,0,0,0,0,0,,0,0,0,20,4,1,0,,0,40 00:12.038,,0,75 09:59.216,8,0,0,0,67301,0,0,0,,0,0,0,2,67301,0,,1,9,,N,N,,0,,0,0,0,0,0,,2045,1,2,0,0,0,1,1,3,4,0,2,7,,N,,,,,,,,,,,
2009072963,1955.0,0,0,0,0,0,0,0,0,0,2,0,,67,7,2009,4,39.9883,-75.254,1952.0,6,0,0,0,0,0,0,0,0,3.0,0,0,0,19,1,2,1,,1,39 59:17.883,5.0,0,75 15:14.303,3,0,0,0,67301,0,0,0,N,0,0,0,2,46104,0,,1,1,,N,N,,0,,2,0,2,3,2,Y,1930,2,2,0,0,0,0,0,3,4,0,2,3,,N,,,,,,,,,,,
2009058496,929.0,1,0,0,0,0,0,0,0,0,1,0,,67,5,2009,4,39.9686,-75.1914,916.0,6,0,0,0,0,0,1,0,0,1.0,0,0,0,9,1,1,0,,1,39 58:07.599,3.0,0,75 11:29.868,4,0,0,0,67301,0,0,0,N,0,0,0,4,68K01,1,,1,1,,N,N,,0,,0,0,2,0,0,N,913,1,3,0,0,0,0,0,3,4,0,3,3,,N,,,,,,,,,,,
2009092954,1120.0,1,0,0,0,0,0,0,0,0,8,0,,67,8,2009,4,39.9954,-75.1154,1115.0,6,0,0,0,0,0,0,1,0,,0,0,0,10,1,1,0,,0,39 59:43.332,,0,75 06:55.573,8,0,0,0,67301,1,0,0,N,1,0,0,3,67301,0,,1,1,,N,N,,0,,0,0,0,3,2,,1000,1,2,0,0,0,1,0,3,4,0,1,3,,N,,,,,,,,,,,
2009093024,1730.0,2,0,0,0,0,0,0,0,0,4,0,,67,8,2009,6,40.0008,-75.1434,1730.0,6,0,0,0,0,0,0,0,0,,0,0,0,17,1,1,1,,0,40 00:02.558,,0,75 08:36.255,4,0,0,0,67301,0,0,0,N,0,0,0,2,67301,1,,1,9,,N,N,,0,,0,0,0,3,2,,1700,1,2,0,0,1,0,0,3,4,0,2,7,,N,,,,,,,,,,,
2009093028,1734.0,0,0,0,0,0,0,0,0,0,4,0,,67,9,2009,3,40.0107,-75.1508,1658.0,6,0,0,0,0,0,0,0,0,,0,0,0,16,1,0,0,,0,40 00:38.298,,7,75 09:02.987,0,0,0,0,67301,0,0,0,,0,0,0,2,67301,0,,1,1,,N,N,,0,,0,0,2,3,2,,1630,0,2,0,0,0,0,0,3,4,0,2,3,,N,,,,,,,,,,,
2009069671,631.0,1,0,0,0,0,0,0,0,0,5,0,,67,6,2009,1,40.0069,-75.1332,455.0,6,0,0,0,0,1,0,0,0,,0,0,0,99,3,0,0,,0,40 00:24.943,,0,75 07:59.677,0,0,0,0,67301,0,0,0,,0,0,0,1,67301,0,,6,1,,,,,1,,0,0,0,0,0,,9999,0,3,0,0,0,0,0,3,4,1,3,3,,N,,,,,,,,,,,
2009072390,1425.0,0,0,0,0,0,0,0,0,0,8,0,,67,6,2009,2,39.9262,-75.1878,1422.0,6,0,0,0,0,0,0,0,0,,0,0,0,99,1,1,0,,0,39 55:34.342,,1,75 11:16.208,4,0,0,0,67301,1,0,0,,1,0,0,2,67301,1,,1,1,,N,N,,0,,0,0,0,0,0,,9999,1,2,0,0,0,0,0,3,4,1,1,3,,N,,,,,,,,,,,
2009067043,2209.0,2,0,0,0,0,0,0,0,0,4,0,,67,6,2009,7,39.9588,-75.1909,2209.0,6,0,0,0,0,0,0,0,0,2.0,0,0,0,22,3,4,1,,2,39 57:31.532,2.0,0,75 11:27.131,4,0,0,0,67301,0,0,0,N,0,0,0,4,67301,4,,1,1,,N,N,,0,,0,0,0,3,3,Y,2205,4,2,0,0,0,0,0,3,4,0,2,3,,N,,,,,,,,,,,
2009067466,1718.0,3,0,0,0,0,0,0,0,0,1,0,,67,5,2009,7,39.904,-75.2401,1716.0,6,0,0,0,0,0,0,0,0,,0,0,0,17,1,6,1,,0,39 54:14.619,,0,75 14:25.049,4,0,0,0,67301,0,0,0,,0,0,0,8,67301,6,,1,1,,N,N,,0,,0,0,0,3,2,,1715,6,3,0,0,0,0,0,3,4,0,3,3,,N,,,,,,,,,,,
2009067479,2000.0,2,0,0,0,0,0,0,0,0,2,0,,67,5,2009,7,40.0291,-75.0899,1952.0,6,0,0,0,0,0,0,0,0,1.0,0,0,0,19,1,2,5,,1,40 01:45.310,1.0,0,75 05:23.878,4,0,0,0,67301,0,0,0,,0,0,0,6,67301,2,,1,1,,,,,0,,0,0,1,3,2,N,1952,2,3,0,0,0,0,1,3,4,0,3,3,,N,,,,,,,,,,,
2009064866,505.0,1,0,0,0,0,0,0,0,0,8,0,,67,5,2009,7,39.9896,-75.1451,500.0,6,0,0,0,0,0,0,0,0,,0,0,0,2,3,1,1,,0,39 59:22.491,,0,75 08:42.525,4,0,0,0,67301,1,0,0,N,1,0,0,2,67301,1,,1,1,,N,N,,0,,0,0,0,3,3,,200,1,2,0,0,0,0,1,3,4,0,1,3,,N,,,,,,,,,,,
2009064980,1910.0,2,0,0,0,0,0,0,0,0,5,0,,67,5,2009,1,39.9473,-75.2269,1900.0,6,0,0,0,0,1,1,0,0,,0,0,0,19,1,1,1,,0,39 56:50.225,,0,75 13:36.792,8,0,0,0,67301,0,0,0,N,0,0,0,3,67301,0,,1,1,,N,N,,0,,0,0,0,3,2,,1900,1,2,0,0,0,1,2,3,4,0,2,3,,N,,,,,,,,,,,
2009063832,2156.0,1,0,0,0,0,0,0,0,0,1,0,,67,5,2009,4,39.9244,-75.2229,2154.0,6,0,1,0,0,0,0,0,0,,0,0,0,21,3,1,0,,0,39 55:27.790,,0,75 13:22.432,8,0,0,0,67301,0,0,0,N,0,0,0,2,67301,0,,1,9,,N,N,,1,,0,0,0,0,0,,2154,1,2,0,0,0,1,0,3,4,0,2,7,,N,,,,,,,,,,,
2009063877,2109.0,0,0,0,0,0,0,0,0,0,7,0,,67,5,2009,7,39.963,-75.1699,2106.0,6,0,0,0,0,0,0,0,1,,0,0,0,20,3,0,0,,0,39 57:46.800,,0,75 10:11.485,0,0,0,0,67301,0,0,0,N,0,0,0,1,67301,0,,4,1,,N,N,,0,,0,0,0,0,0,,2045,0,1,0,0,0,0,0,3,4,1,1,3,,N,,,,,,,,,,,
2009063984,1558.0,1,0,0,0,0,0,0,0,0,8,0,,67,5,2009,6,39.9252,-75.2322,1550.0,6,0,0,0,0,0,0,1,0,,0,0,0,15,1,1,0,,0,39 55:30.846,,0,75 13:55.916,8,0,0,0,67301,1,0,0,N,1,0,0,4,67301,0,,1,1,,N,N,,0,,0,0,0,0,0,,1539,1,2,0,0,0,1,0,3,4,0,1,3,,N,,,,,,,,,,,
2009056420,1730.0,0,0,0,0,0,0,0,0,0,1,0,,67,5,2009,7,40.0466,-75.1233,1723.0,6,0,0,0,0,0,0,0,0,,0,0,0,14,1,5,2,,0,40 02:47.688,,0,75 07:23.973,8,0,0,0,67301,0,0,0,N,0,0,0,6,67301,0,,1,1,,N,N,,0,,0,0,2,3,2,,1430,5,2,0,0,0,5,0,3,4,0,2,3,,N,,,,,,,,,,,
2009056455,2004.0,1,0,0,0,0,0,0,0,0,8,0,,67,5,2009,6,39.9362,-75.1923,1956.0,6,0,0,0,0,0,0,0,0,,0,0,0,19,4,1,0,,0,39 56:10.300,,0,75 11:32.150,4,0,0,0,67301,1,0,0,,1,0,0,2,67301,1,,1,9,,,,,0,,0,0,0,0,0,,1953,1,2,0,0,0,0,0,3,4,0,1,7,,N,,,,,,,,,,,
2009056484,1245.0,0,0,0,0,0,0,0,0,0,8,0,,67,5,2009,3,40.0101,-75.1576,1242.0,6,0,0,0,0,0,1,0,0,,0,0,0,12,1,1,1,,0,40 00:36.235,,0,75 09:27.174,3,0,0,0,67301,1,0,0,,1,0,0,2,67301,0,,1,9,,,,,1,,1,0,0,3,2,,1220,1,2,0,0,0,0,0,3,4,0,1,7,,N,,,,,,,,,,,
2009056508,30.0,3,0,0,0,0,0,0,0,0,1,0,,67,5,2009,4,40.0182,-75.1594,15.0,6,0,0,0,0,0,0,0,0,3.0,0,0,0,0,2,1,0,,2,40 01:05.437,5.0,0,75 09:33.938,8,0,0,0,67301,0,0,0,,0,0,0,2,67301,0,,1,9,,N,N,,1,,0,0,0,0,0,Y,10,1,4,0,0,0,1,1,3,4,0,4,7,,N,,,,,,,,,,,
2009093059,1058.0,0,0,0,0,0,0,0,0,0,8,0,,67,8,2009,6,39.9763,-75.1197,1053.0,6,0,0,0,0,0,0,1,0,,0,0,0,99,1,2,1,,0,39 58:38.669,,0,75 07:09.276,4,0,0,0,67301,2,0,0,N,2,0,0,3,67301,2,,1,1,,N,N,,1,,0,0,0,3,2,,9999,2,3,0,0,0,0,0,3,4,0,1,3,,N,,,,,,,,,,,
2009053980,2150.0,1,0,0,0,0,0,0,0,0,5,0,,67,4,2009,7,40.0184,-75.1685,2140.0,6,0,0,0,0,1,1,0,0,,0,0,0,21,3,1,0,,0,40 01:06.165,,0,75 10:06.681,3,0,0,1,67301,0,0,0,N,0,0,0,2,67301,0,,1,2,,N,N,,0,,1,0,0,0,0,,2135,1,2,0,0,0,0,0,3,4,0,2,3,,N,,,,,,,,,,,
2009053987,9999.0,2,0,0,0,0,0,0,0,0,1,0,,67,5,2009,6,39.9788,-75.1579,1725.0,6,0,0,0,0,0,1,0,0,,0,0,0,99,1,1,0,,0,39 58:43.764,,0,75 09:28.428,4,0,0,0,67301,0,0,0,N,0,0,0,2,67301,1,,1,1,,N,N,,0,,0,0,0,0,0,,9999,1,2,0,0,0,0,0,3,4,0,2,3,,N,,,,,,,,,,,
2009093359,1700.0,2,0,0,0,0,0,0,0,0,1,0,,67,8,2009,5,39.9361,-75.1576,1657.0,6,0,0,0,0,0,1,0,1,,0,0,0,16,8,1,0,,0,39 56:10.136,,0,75 09:27.306,4,0,0,0,67301,0,0,0,N,0,0,0,3,67301,1,,1,9,,N,N,,0,,0,0,1,0,0,,1655,1,3,0,0,0,0,0,3,4,0,3,7,,N,,,,,,,,,,,
2009093360,315.0,1,0,0,0,0,0,0,0,0,4,0,,67,9,2009,3,39.9884,-75.0909,309.0,6,0,0,0,0,0,0,0,0,,0,0,0,3,3,1,0,,0,39 59:18.371,,0,75 05:27.052,4,0,0,0,67301,0,0,0,N,0,0,0,1,67301,1,,1,1,,N,N,,0,,0,0,1,0,0,,309,1,5,0,0,0,0,0,3,4,3,5,3,,N,,,,,,,,,,,