CRN,ARRIVAL_TM,AUTOMOBILE_COUNT,BELTED_DEATH_COUNT,BELTED_SUSP_SERIOUS_INJ_COUNT,BICYCLE_COUNT,BICYCLE_DEATH_COUNT,BICYCLE_SUSP_SERIOUS_INJ_COUNT,BUS_COUNT,CHLDPAS_DEATH_COUNT,CHLDPAS_SUSP_SERIOUS_INJ_COUNT,COLLISION_TYPE,COMM_VEH_COUNT,CONS_ZONE_SPD_LIM,COUNTY,CRASH_MONTH,CRASH_YEAR,DAY_OF_WEEK,DEC_LAT,DEC_LONG,DISPATCH_TM,DISTRICT,DRIVER_COUNT_16YR,DRIVER_COUNT_17YR,DRIVER_COUNT_18YR,DRIVER_COUNT_19YR,DRIVER_COUNT_20YR,DRIVER_COUNT_50_64YR,DRIVER_COUNT_65_74YR,DRIVER_COUNT_75PLUS,EST_HRS_CLOSED,FATAL_COUNT,HEAVY_TRUCK_COUNT,HORSE_BUGGY_COUNT,HOUR_OF_DAY,ILLUMINATION,INJURY_COUNT,INTERSECT_TYPE,INTERSECTION_RELATED,LANE_CLOSED,LATITUDE,LN_CLOSE_DIR,LOCATION_TYPE,LONGITUDE,MAX_SEVERITY_LEVEL,MCYCLE_DEATH_COUNT,MCYCLE_SUSP_SERIOUS_INJ_COUNT,MOTORCYCLE_COUNT,MUNICIPALITY,NONMOTR_COUNT,NONMOTR_DEATH_COUNT,NONMOTR_SUSP_SERIOUS_INJ_COUNT,NTFY_HIWY_MAINT,PED_COUNT,PED_DEATH_COUNT,PED_SUSP_SERIOUS_INJ_COUNT,PERSON_COUNT,POLICE_AGCY,POSSIBLE_INJ_COUNT,RDWY_SURF_TYPE_CD,RELATION_TO_ROAD,ROAD_CONDITION,ROADWAY_CLEARED,SCH_BUS_IND,SCH_ZONE_IND,SECONDARY_CRASH,SMALL_TRUCK_COUNT,SPEC_JURIS_CD,SUSP_MINOR_INJ_COUNT,SUSP_SERIOUS_INJ_COUNT,SUV_COUNT,TCD_FUNC_CD,TCD_TYPE,TFC_DETOUR_IND,TIME_OF_DAY,TOT_INJ_COUNT,TOTAL_UNITS,UNB_DEATH_COUNT,UNB_SUSP_SERIOUS_INJ_COUNT,UNBELTED_OCC_COUNT,UNK_INJ_DEG_COUNT,UNK_INJ_PER_COUNT,URBAN_AREA,URBAN_RURAL,VAN_COUNT,VEHICLE_COUNT,WEATHER1,WEATHER2,WORK_ZONE_IND,WORK_ZONE_LOC,WORK_ZONE_TYPE,WORKERS_PRES,WZ_CLOSE_DETOUR,WZ_FLAGGER,WZ_LAW_OFFCR_IND,WZ_LN_CLOSURE,WZ_MOVING,WZ_OTHER,WZ_SHLDER_MDN,WZ_WORKERS_INJ_KILLED
2009088071,815.0,1,0,0,0,0,0,0,0,0,7,0,,67,8,2009,4,40.0104,-75.0628,812.0,6,0,0,0,1,0,0,0,0,2.0,0,0,0,8,1,2,0,,2,40 00:37.440,1.0,0,75 03:45.720,4,0,0,0,67301,0,0,0,N,0,0,0,3,68K01,2,,2,1,,N,N,,0,,0,0,0,0,0,N,811,2,1,0,0,1,0,0,3,4,0,1,3,,N,,,,,,,,,,,
2009065819,940.0,0,0,0,0,0,0,0,0,0,4,0,,67,5,2009,3,40.0402,-75.214,932.0,6,0,1,0,0,0,1,0,0,,0,0,0,9,1,0,2,,0,40 02:25.153,,0,75 12:51.058,0,0,0,0,67301,0,0,0,,0,0,0,9,67301,0,,1,9,,N,N,,0,,0,0,0,3,2,,930,0,2,0,0,0,0,0,3,4,2,2,3,,N,,,,,,,,,,,
2009078131,1717.0,0,0,0,0,0,0,0,0,0,1,0,,67,7,2009,4,40.0544,-74.9857,1717.0,6,0,0,0,0,0,0,0,0,1.0,0,0,0,17,1,1,0,,1,40 03:15.464,2.0,0,74 59:08.727,4,0,0,0,67301,0,0,0,N,0,0,0,2,68K01,1,,1,1,,N,N,,0,,0,0,2,0,0,Y,1716,1,2,0,0,0,0,0,3,4,0,2,3,,N,,,,,,,,,,,
2009062977,2050.0,0,0,0,0,0,0,0,0,0,7,0,,67,5,2009,6,39.9126,-75.1484,2039.0,6,0,0,0,0,0,0,0,0,1.0,0,0,0,20,3,1,6,,1,39 54:55.580,1.0,2,75 08:51.536,8,0,0,1,67301,0,0,0,N,0,0,0,1,68K01,0,,2,1,,N,N,,0,,0,0,0,0,0,N,2036,1,1,0,0,0,1,0,3,4,0,1,3,,N,,,,,,,,,,,
2009086474,2021.0,1,0,0,0,0,0,0,0,0,4,0,,67,7,2009,7,40.0475,-75.1301,2020.0,6,0,0,0,0,0,2,0,0,3.0,0,0,0,20,1,4,1,,2,40 02:50.946,7.0,0,75 07:48.406,2,0,0,0,67301,0,0,0,N,0,0,0,4,67301,2,,1,1,,N,N,,1,,1,1,0,3,3,Y,2017,4,2,0,1,4,0,0,3,4,0,2,3,,N,,,,,,,,,,,
2009086503,38.0,2,0,0,0,0,0,0,0,0,1,0,,67,7,2009,5,40.0204,-75.1544,33.0,6,0,0,0,1,0,0,0,0,,0,0,0,0,3,0,7,,0,40 01:13.494,,2,75 09:15.812,9,0,0,0,67301,0,0,0,N,0,0,0,2,67301,0,,1,1,,N,N,,0,,0,0,0,0,0,,27,0,2,0,0,0,0,1,3,4,0,2,3,,N,,,,,,,,,,,
2009081584,937.0,1,0,0,1,0,0,0,0,0,6,0,,67,6,2009,4,39.9498,-75.1776,932.0,6,0,0,0,0,0,1,0,0,,0,0,0,9,1,1,2,,0,39 56:59.431,,0,75 10:39.226,4,0,0,0,67301,1,0,0,N,0,0,0,3,67301,1,,1,1,,N,N,,0,,0,0,0,3,2,,909,1,2,0,0,0,0,0,3,4,0,1,3,,N,,,,,,,,,,,
2009079103,125.0,2,0,0,0,0,0,0,0,0,4,0,,67,7,2009,3,39.9286,-75.2379,123.0,6,0,0,0,0,0,0,0,0,2.0,0,0,0,1,3,0,1,,1,39 55:42.806,1.0,0,75 14:16.331,0,0,0,0,67301,0,0,0,N,0,0,0,2,67301,0,,1,1,,N,N,,0,,0,0,0,0,0,N,106,0,2,0,0,0,0,0,3,4,0,2,3,,N,,,,,,,,,,,
2009079002,836.0,2,0,0,0,0,0,0,0,0,4,0,,67,7,2009,2,39.9236,-75.2457,831.0,6,0,0,0,0,0,1,0,0,,0,0,0,8,1,1,3,,0,39 55:25.034,,7,75 14:44.477,4,0,0,0,67301,0,0,0,N,0,0,0,4,67301,1,,1,1,,N,N,,0,,0,0,0,3,2,,800,1,2,0,0,0,0,0,3,4,0,2,3,,N,,,,,,,,,,,
2009069102,2020.0,0,0,0,0,0,0,0,0,0,7,0,,67,6,2009,3,40.0002,-75.0854,2020.0,6,0,0,0,0,0,0,0,0,,0,0,0,20,4,1,0,,0,40 00:00.154,,2,75 05:06.737,4,0,0,0,67301,0,0,0,N,0,0,0,1,68K01,1,,2,1,,N,N,,1,,0,0,0,0,0,,2020,1,1,0,0,0,0,0,3,4,0,1,3,,N,,,,,,,,,,,
2009074550,1731.0,1,0,0,0,0,0,0,0,0,4,1,,67,6,2009,2,40.0216,-75.1396,1725.0,6,0,0,0,0,0,0,0,0,1.0,0,1,0,17,1,1,0,,1,40 01:17.878,2.0,0,75 08:22.539,4,0,0,0,67301,0,0,0,N,0,0,0,2,67301,1,,1,1,,N,N,,0,,0,0,0,3,2,N,1713,1,2,0,0,0,0,0,3,4,0,2,3,,N,,,,,,,,,,,
2009072085,1546.0,1,0,0,0,0,0,0,0,0,4,0,,67,5,2009,6,40.0369,-75.1451,1546.0,6,0,0,0,0,0,0,0,0,,0,0,0,15,1,2,2,,0,40 02:12.961,,0,75 08:42.306,8,0,0,0,67301,0,0,0,,0,0,0,4,67301,0,,1,1,,N,N,,0,,0,0,1,3,2,,1535,2,2,0,0,0,2,0,3,4,0,2,3,,N,,,,,,,,,,,
2009069455,1942.0,1,0,0,0,0,0,0,0,0,7,0,,67,6,2009,4,40.02,-75.1312,1934.0,6,0,0,1,0,0,0,0,0,6.0,4,0,0,19,1,1,1,,2,40 01:11.985,2.0,0,75 07:52.147,1,0,0,0,67301,4,4,0,,4,4,0,5,67301,0,1.0,4,1,,N,N,,0,0.0,0,0,0,3,3,Y,1936,1,5,0,0,0,1,0,3,4,0,1,3,,N,,,,,,,,,,,
2009031451,1230.0,1,0,0,0,0,0,0,0,0,1,0,,67,1,2009,6,40.0227,-75.1337,1217.0,6,0,0,0,1,0,0,0,0,,0,0,0,0,3,1,0,,0,40 01:21.745,,0,75 08:01.168,4,0,0,0,67301,0,0,0,N,0,0,0,4,67301,1,,1,1,,N,N,,0,,0,0,1,0,0,,17,1,2,0,0,3,0,0,3,4,0,2,3,,N,,,,,,,,,,,
2009073022,254.0,0,0,0,0,0,0,0,0,0,7,0,,67,7,2009,2,40.0073,-75.0734,252.0,6,0,0,0,0,0,0,0,0,3.0,0,0,0,2,3,1,0,,2,40 00:29.459,1.0,2,75 04:17.397,2,0,0,0,67301,0,0,0,Y,0,0,0,1,68K01,0,,2,1,,N,N,,0,,0,1,0,0,0,Y,250,1,1,0,0,0,0,0,3,4,1,1,3,,N,,,,,,,,,,,
2009092582,2201.0,1,0,0,0,0,0,0,0,0,1,0,55.0,67,9,2009,5,39.9571,-75.1444,2200.0,6,0,0,0,0,0,1,0,0,,0,0,0,22,3,1,6,,0,39 57:26.940,,8,75 08:48.293,8,0,0,0,67301,0,0,0,N,0,0,0,5,68K02,0,,1,1,,N,N,,0,,0,0,1,3,3,,2200,1,2,0,0,0,1,0,3,4,0,2,3,,Y,4.0,1.0,N,N,N,Y,N,Y,N,N,
2009053690,834.0,1,0,0,0,0,0,0,0,0,1,0,,67,5,2009,6,40.0499,-74.9941,815.0,6,0,0,0,0,0,0,0,0,1.0,0,0,0,8,1,0,0,,2,40 02:59.480,2.0,0,74 59:39.011,0,0,0,0,67301,0,0,0,N,0,0,0,3,68K01,0,,1,9,,N,N,,1,,0,0,0,0,0,N,806,0,2,0,0,0,0,0,3,4,0,2,7,,N,,,,,,,,,,,
2009092963,1546.0,1,0,0,0,0,0,0,0,0,4,0,,67,8,2009,7,39.9453,-75.2396,1500.0,6,0,0,0,0,0,0,0,0,,0,0,0,14,1,1,0,,0,39 56:43.113,,7,75 14:22.364,8,0,0,1,67301,0,0,0,N,0,0,0,2,67301,0,,1,1,,N,N,,0,,0,0,0,0,0,,1450,1,2,0,0,0,1,0,3,4,0,2,3,,N,,,,,,,,,,,
2009093006,1455.0,1,0,0,0,0,0,0,0,0,4,0,,67,8,2009,1,40.0578,-75.1848,1445.0,6,0,0,0,0,0,0,0,0,,0,0,0,14,1,2,1,,0,40 03:27.979,,0,75 11:05.375,8,0,0,0,67301,0,0,0,N,0,0,0,4,67301,0,,1,1,,N,N,,1,,0,0,0,3,3,,1430,2,2,0,0,0,2,0,3,4,0,2,3,,N,,,,,,,,,,,
2009093014,1628.0,2,0,0,0,0,0,0,0,0,4,0,,67,8,2009,2,39.9643,-75.2464,1623.0,6,0,0,0,0,0,0,0,0,1.0,0,0,0,16,1,1,1,,1,39 57:51.440,2.0,0,75 14:47.280,4,0,0,0,67301,0,0,0,N,0,0,0,3,67301,1,,1,1,,N,N,,0,,0,0,0,0,0,N,1600,1,2,0,0,0,0,0,3,4,0,2,3,,N,,,,,,,,,,,
2009069700,9999.0,1,0,0,0,0,0,0,0,0,7,0,,67,6,2009,1,40.0232,-75.1793,9999.0,6,0,0,0,0,0,0,0,0,,0,0,0,99,1,0,0,,0,40 01:23.361,,0,75 10:45.447,9,0,0,0,67301,0,0,0,,0,0,0,1,67301,0,,2,1,,,,,0,,0,0,0,0,0,,9999,0,1,0,0,0,0,1,3,4,0,1,3,,N,,,,,,,,,,,
2009069453,1940.0,1,0,0,0,0,0,0,0,0,7,0,,67,5,2009,6,,,1930.0,6,0,0,0,0,0,0,0,0,,0,0,0,19,1,0,0,,0,,,0,,0,0,0,0,67301,0,0,0,,0,0,0,1,67301,0,,2,9,,,,,0,,0,0,0,0,0,,1910,0,1,0,0,0,0,0,3,3,0,1,7,,N,,,,,,,,,,,
2009067008,9999.0,2,0,0,0,0,0,0,0,0,4,0,,67,6,2009,5,40.0992,-74.9869,9999.0,6,0,0,0,0,0,1,0,0,1.0,0,0,0,99,1,3,1,,1,40 05:57.001,3.0,0,74 59:12.911,4,0,0,0,67301,0,0,0,,0,0,0,4,67301,3,,1,9,,N,N,,0,,0,0,0,3,2,N,9999,3,2,0,0,0,0,0,3,4,0,2,7,,N,,,,,,,,,,,
2009067009,204.0,1,0,0,0,0,0,0,0,0,7,0,,67,6,2009,5,39.9709,-75.1559,204.0,6,0,0,0,0,0,0,0,0,,0,0,0,2,3,0,0,,0,39 58:15.383,,0,75 09:21.354,0,0,0,0,67301,0,0,0,Y,0,0,0,1,67301,0,,1,9,,N,N,,0,,0,0,0,3,2,,204,0,1,0,0,0,0,0,3,4,0,1,7,,N,,,,,,,,,,,
2009067464,857.0,1,0,0,0,0,0,0,0,0,4,0,,67,6,2009,6,40.0836,-75.2223,856.0,6,0,0,0,0,0,0,1,0,1.0,0,0,0,8,1,0,2,,1,40 05:00.920,2.0,0,75 13:20.330,0,0,0,0,67301,0,0,0,N,0,0,0,2,67301,0,,1,9,,N,N,,0,,0,0,0,3,2,Y,854,0,2,0,0,0,0,0,3,4,1,2,3,,N,,,,,,,,,,,
2009067477,2310.0,2,0,0,0,0,0,0,0,0,7,0,,67,5,2009,7,39.8978,-75.2114,2255.0,6,0,0,0,0,0,1,1,0,2.0,0,0,0,22,3,0,0,,1,39 53:52.229,4.0,3,75 12:40.936,9,0,0,0,67301,0,0,0,,0,0,0,3,67301,0,,2,1,,,,,0,,0,0,0,0,0,N,2255,0,2,0,0,0,0,1,3,4,0,2,3,,N,,,,,,,,,,,
2009065055,0.0,0,0,0,0,0,0,0,0,0,8,0,,67,5,2009,7,40.0157,-75.1405,0.0,6,0,0,0,0,0,0,0,0,,0,0,0,13,1,1,1,,0,40 00:56.606,,0,75 08:25.936,8,0,0,0,67301,1,0,0,N,1,0,0,2,00000,0,,1,1,,N,N,,0,,0,0,0,0,0,,1300,1,2,0,0,0,1,1,3,4,0,1,3,,N,,,,,,,,,,,
2009057230,815.0,3,0,0,0,0,0,0,0,0,4,0,,67,4,2009,3,39.9626,-75.213,814.0,6,0,0,0,0,0,2,0,0,,0,0,0,8,1,1,1,,0,39 57:45.380,,0,75 12:45.870,4,0,0,0,67301,0,0,0,N,0,0,0,6,67301,1,,1,9,,N,Y,,0,,0,0,1,3,2,,812,1,4,0,0,1,0,4,3,4,0,4,3,,N,,,,,,,,,,,
2009120776,115.0,1,0,0,0,0,0,1,0,0,2,1,,67,9,2009,5,40.0059,-75.1135,108.0,6,0,0,0,0,0,0,0,0,3.0,0,0,0,1,3,1,1,,1,40 00:21.351,3.0,0,75 06:48.588,4,0,0,0,67301,0,0,0,N,0,0,0,2,67301,1,,1,9,,N,N,,0,,0,0,0,3,2,N,101,1,2,0,0,0,0,0,3,4,0,2,7,,N,,,,,,,,,,,
2009118901,22.0,4,0,0,0,0,0,0,0,0,2,0,,67,10,2009,1,40.0687,-75.167,17.0,6,0,0,0,0,0,0,0,0,,0,0,0,0,3,1,0,,0,40 04:07.150,,0,75 10:01.333,4,0,0,0,67301,0,0,0,N,0,0,0,1,67301,1,,5,9,,N,N,,1,,0,0,0,0,0,,9,1,5,0,0,1,0,0,3,4,0,5,7,,N,,,,,,,,,,,
2009118927,1600.0,3,0,0,0,0,0,0,0,0,1,0,,67,10,2009,3,40.0057,-75.1002,1600.0,6,0,0,0,0,0,0,0,0,,0,0,0,15,1,4,0,,0,40 00:20.533,,0,75 06:00.893,4,0,0,0,67301,0,0,0,,0,0,0,4,67301,4,,1,1,,,,,0,,0,0,0,0,0,,1550,4,3,0,0,0,0,0,3,4,0,3,3,,N,,,,,,,,,,,
2009074504,1811.0,1,0,0,0,0,0,0,0,0,4,0,,67,6,2009,7,40.0202,-75.1505,1806.0,6,0,0,0,0,1,1,0,0,1.0,0,0,0,18,1,1,1,,1,40 01:12.586,4.0,0,75 09:01.958,4,0,0,0,67301,0,0,0,N,0,0,0,2,67301,1,,1,9,,N,N,,0,,0,0,1,3,2,N,1800,1,2,0,0,0,0,0,3,4,0,2,7,,N,,,,,,,,,,,
2009074564,1905.0,1,0,0,1,0,0,0,0,0,4,0,,67,6,2009,6,39.9741,-75.2277,1850.0,6,0,0,0,0,0,1,0,0,,0,0,0,18,1,1,1,,0,39 58:26.756,,0,75 13:39.889,8,0,0,0,67301,1,0,0,N,0,0,0,2,67301,0,,1,1,,N,N,,0,,0,0,0,3,3,,1840,1,2,0,0,0,1,0,3,4,0,1,3,,N,,,,,,,,,,,
2009074577,219.0,1,0,0,0,0,0,0,0,0,1,0,,67,6,2009,7,40.0809,-75.0287,215.0,6,0,0,0,0,0,0,0,0,,0,0,0,2,3,1,0,,0,40 04:51.276,,0,75 01:43.393,4,0,0,0,67301,0,0,0,N,0,0,0,5,67301,1,,1,9,,N,N,,0,,0,0,1,0,0,,211,1,2,0,0,2,0,0,3,4,0,2,3,,N,,,,,,,,,,,
2009074443,2251.0,2,0,0,0,0,0,0,0,0,5,0,,67,6,2009,7,39.9587,-75.2211,2250.0,6,0,0,0,0,0,0,0,0,,0,0,0,22,3,0,2,,0,39 57:31.420,,0,75 13:15.963,9,0,0,0,67301,0,0,0,N,0,0,0,1,67301,0,,1,1,,N,N,,0,,0,0,0,0,0,,2245,0,2,0,0,0,0,1,3,4,0,2,3,,N,,,,,,,,,,,
2009074448,1240.0,1,0,0,0,0,0,0,0,0,8,0,,67,6,2009,5,39.9219,-75.1702,1235.0,6,0,0,0,0,0,0,0,1,,0,0,0,12,1,1,1,,0,39 55:18.762,,0,75 10:12.564,4,0,0,0,67301,1,0,0,N,1,0,0,2,67301,1,,1,9,,N,N,,0,,0,0,0,3,2,,1232,1,2,0,0,0,0,0,3,4,0,1,7,,N,,,,,,,,,,,
2009080228,809.0,0,0,0,0,0,0,0,0,0,7,0,,67,5,2009,2,40.0206,-75.0425,759.0,6,0,0,0,0,0,0,0,0,2.0,0,0,0,7,1,1,0,,1,40 01:14.494,1.0,0,75 02:32.496,4,0,0,0,67301,0,0,0,N,0,0,0,1,68K01,1,,4,9,,N,N,,0,,0,0,1,0,0,N,757,1,2,0,0,0,0,0,3,4,0,1,3,,N,,,,,,,,,,,
2009077699,1231.0,1,0,0,0,0,0,0,0,0,1,0,,67,7,2009,7,39.9808,-75.2063,1228.0,6,0,0,0,0,1,1,0,0,1.0,0,0,0,12,1,0,0,,1,39 58:53.695,3.0,0,75 12:25.970,0,0,0,0,67301,0,0,0,N,0,0,0,12,68K01,0,,1,1,,N,N,,0,,0,0,2,0,0,N,1223,0,4,0,0,0,0,0,3,4,1,4,3,,N,,,,,,,,,,,
2009075458,1320.0,1,0,0,0,0,0,0,0,0,7,0,,67,6,2009,4,40.0094,-75.0646,1311.0,6,0,0,0,1,0,0,0,0,,0,0,0,13,1,1,0,,0,40 00:34.077,,0,75 03:52.213,4,0,0,0,67301,0,0,0,,0,0,0,2,67301,1,,5,1,,,,,1,,0,0,0,0,0,,1305,1,2,0,0,0,0,0,3,4,0,2,3,,N,,,,,,,,,,,
2009058292,1113.0,0,0,0,0,0,0,0,0,0,1,1,,67,6,2009,6,39.9491,-75.185,1108.0,6,0,0,0,0,0,1,0,0,,0,1,0,11,1,0,0,,0,39 56:58.943,,0,75 11:02.852,0,0,0,0,67301,0,0,0,N,0,0,0,2,68K01,0,,1,9,,N,N,,1,,0,0,0,0,0,,1108,0,2,0,0,0,0,0,3,4,0,2,7,,N,,,,,,,,,,,
2009092997,1338.0,2,0,0,0,0,0,0,0,0,4,0,,67,7,2009,3,40.0687,-75.1568,1335.0,6,0,0,0,0,0,0,1,0,2.0,0,0,0,13,1,2,5,,1,40 04:07.262,1.0,0,75 09:24.365,3,0,0,0,67301,0,0,0,,0,0,0,3,67301,0,,1,1,,,,,0,,2,0,0,3,2,Y,1333,2,2,0,0,0,0,0,3,4,0,2,3,,N,,,,,,,,,,,
2009093023,1950.0,2,0,0,0,0,0,0,0,0,4,0,,67,8,2009,7,40.0299,-75.146,1930.0,6,0,0,0,0,0,1,0,0,,0,0,0,19,3,0,2,,0,40 01:47.658,,0,75 08:45.592,0,0,0,0,67301,0,0,0,N,0,0,0,2,67301,0,,1,9,,N,N,,0,,0,0,0,3,2,,1930,0,2,0,0,0,0,0,3,4,0,2,3,,N,,,,,,,,,,,
2009069669,820.0,1,0,0,0,0,0,0,0,0,2,0,,67,6,2009,7,40.0305,-75.1491,815.0,6,0,0,0,0,0,0,0,0,,0,0,0,8,1,1,0,,0,40 01:49.720,,0,75 08:56.745,8,0,0,0,67301,0,0,0,N,0,0,0,3,67301,0,,1,1,,N,N,,0,,0,0,0,0,0,,800,1,2,0,0,0,1,0,3,4,1,2,3,,N,,,,,,,,,,,
2009067436,1255.0,1,0,0,0,0,0,0,0,0,4,0,,67,6,2009,1,39.955,-75.2382,1307.0,6,0,0,0,0,0,0,0,0,,0,0,0,12,1,0,1,,0,39 57:18.043,,0,75 14:17.451,0,0,0,0,67301,0,0,0,N,0,0,0,2,67301,0,,1,1,,N,N,,0,,0,0,1,3,2,,1255,0,2,0,0,2,0,0,3,4,0,2,3,,N,,,,,,,,,,,
2009067305,940.0,0,0,0,0,0,0,1,0,0,4,1,,67,5,2009,6,40.0414,-75.0283,933.0,6,0,1,0,0,0,1,0,0,,0,0,0,9,1,3,1,,0,40 02:28.908,,0,75 01:41.719,4,0,0,0,67301,0,0,0,N,0,0,0,4,67301,3,,1,1,,N,N,,0,,0,0,1,3,2,,930,3,2,0,0,0,0,0,3,4,0,2,3,,N,,,,,,,,,,,
2009067307,1203.0,1,0,0,0,0,0,0,0,0,1,0,,67,5,2009,6,40.0508,-75.01,1200.0,6,0,0,0,0,0,0,0,0,,0,0,0,11,1,0,0,,0,40 03:02.728,,0,75 00:35.856,0,0,0,0,67301,0,0,0,,0,0,0,2,67301,0,,1,1,,,,,1,,0,0,0,3,2,,1145,0,2,0,0,0,0,0,3,4,0,2,3,,N,,,,,,,,,,,
2009067490,15.0,2,0,0,0,0,0,0,0,0,6,0,,67,6,2009,6,40.0069,-75.0684,12.0,6,0,0,0,0,0,1,0,0,,0,0,0,23,3,1,2,,0,40 00:23.754,,2,75 04:05.666,4,0,0,0,67301,0,0,0,,0,0,0,2,67301,1,,1,1,,N,N,,0,,0,0,0,0,0,,2346,1,2,0,0,0,0,0,3,4,0,2,3,,N,,,,,,,,,,,
2009064886,1444.0,0,0,0,1,0,1,0,0,0,6,0,,67,5,2009,4,39.9591,-75.2036,1442.0,6,0,0,0,0,0,0,0,0,,0,0,0,14,1,1,1,,0,39 57:32.616,,0,75 12:12.967,2,0,0,0,67301,1,0,1,,0,0,0,2,67301,0,,1,1,,,,,0,,0,1,0,3,3,,1440,1,2,0,0,0,0,0,3,4,1,1,3,,N,,,,,,,,,,,
2009064964,1420.0,0,0,0,1,0,0,0,0,0,4,0,,67,5,2009,2,39.9551,-75.1985,1418.0,6,0,0,0,0,0,0,0,0,,0,0,0,14,1,1,0,,0,39 57:18.368,,7,75 11:54.501,4,0,0,0,67301,1,0,0,N,0,0,0,2,67301,1,,6,1,,N,N,,0,,0,0,1,0,0,,1416,1,2,0,0,0,0,0,3,4,0,1,3,,N,,,,,,,,,,,
2009064984,1305.0,1,0,0,0,0,0,0,0,0,8,0,,67,5,2009,5,39.9553,-75.1871,1300.0,6,0,0,0,0,0,1,0,0,,0,0,0,12,1,1,1,,0,39 57:19.148,,0,75 11:13.556,3,0,0,0,67301,1,0,0,N,1,0,0,2,67301,0,,1,1,,N,N,,0,,1,0,0,3,2,,1247,1,2,0,0,0,0,0,3,4,0,1,3,,N,,,,,,,,,,,
2009065145,1847.0,1,0,0,0,0,0,0,0,0,8,0,,67,5,2009,3,39.9369,-75.1504,1845.0,6,0,0,0,0,0,0,0,0,,0,0,0,18,1,1,0,,0,39 56:12.998,,0,75 09:01.548,8,0,0,0,67301,1,0,0,N,1,0,0,2,67301,0,,1,1,,N,N,,0,,0,0,0,0,0,,1845,1,2,0,0,0,1,0,3,4,0,1,3,,N,,,,,,,,,,,
2009065156,154.0,4,0,0,0,0,0,0,0,0,1,0,,67,5,2009,1,40.0272,-75.0329,152.0,6,0,0,0,0,0,1,0,0,,0,0,0,1,3,0,1,,0,40 01:41.450,,0,75 02:20.031,9,0,0,0,67301,0,0,0,N,0,0,0,4,61301,0,,1,9,,N,N,,0,,0,0,0,0,0,,150,0,4,0,0,0,0,1,3,4,0,4,7,,N,,,,,,,,,,,
2009057314,1046.0,1,0,0,0,0,0,0,0,0,7,0,,67,5,2009,3,39.9743,-75.1941,1039.0,6,0,0,0,0,0,0,0,0,1.0,0,0,0,10,1,0,0,,1,39 58:32.023,2.0,0,75 11:40.585,0,0,0,0,67301,0,0,0,N,0,0,0,2,67301,0,,2,98,,N,N,,0,,0,0,0,0,0,N,1035,0,1,0,0,0,0,0,3,4,0,1,99,,N,,,,,,,,,,,
2009120774,1554.0,1,0,0,1,0,0,0,0,0,4,0,,67,10,2009,5,39.9654,-75.1625,1554.0,6,0,0,0,0,0,0,0,1,,0,0,0,15,1,1,1,,0,39 57:55.296,,0,75 09:45.035,8,0,0,0,67301,1,0,0,,0,0,0,3,67301,0,,1,1,,,,,0,,0,0,0,3,2,,1540,1,2,0,0,0,1,0,3,4,0,1,3,,N,,,,,,,,,,,
2009120784,1555.0,1,0,0,0,0,0,0,0,0,4,0,,67,10,2009,5,39.9094,-75.1611,1549.0,6,0,0,0,0,0,0,0,0,,0,0,0,15,1,1,1,,0,39 54:33.696,,0,75 09:40.053,3,0,0,0,67301,0,0,0,N,0,0,0,4,67301,0,,1,1,,N,N,,0,,1,0,3,3,2,,1545,1,4,0,0,0,0,0,3,4,0,4,3,,N,,,,,,,,,,,
2009120817,1730.0,1,0,0,0,0,0,0,0,0,4,0,,67,10,2009,4,39.9895,-75.1689,1530.0,6,0,0,0,0,0,0,0,0,,0,0,0,99,1,2,1,,0,39 59:22.375,,0,75 10:07.877,4,0,0,0,67301,0,0,0,N,0,0,0,3,67301,2,,1,1,,N,N,,0,,0,0,0,3,2,,9999,2,2,0,0,0,0,0,3,4,1,2,3,,N,,,,,,,,,,,
2009120881,1943.0,1,0,0,0,0,0,0,0,0,8,0,,67,10,2009,5,39.997,-75.1786,2019.0,6,0,0,0,0,0,0,0,0,9.0,0,0,0,19,3,1,1,,9,39 59:49.350,3.0,0,75 10:42.861,2,0,0,0,67301,1,0,1,,1,0,1,2,67301,0,,1,1,,,,,0,,0,1,0,3,2,,1943,1,2,0,0,0,0,1,3,4,0,1,3,,N,,,,,,,,,,,
2009120885,1230.0,3,0,0,0,0,0,0,0,0,1,0,,67,11,2009,2,40.0455,-75.1128,1230.0,6,0,0,0,0,0,1,0,0,,0,0,0,10,1,1,2,,0,40 02:50.984,,0,75 06:44.541,4,0,0,0,67301,0,0,0,N,0,0,0,3,67301,1,,1,1,,N,N,,0,,0,0,0,2,2,,1030,1,3,0,0,0,0,0,3,4,0,3,3,,N,,,,,,,,,,,
2009121124,920.0,2,0,0,0,0,0,0,0,0,1,0,99.0,67,10,2009,5,40.0684,-75.2403,916.0,6,0,0,0,0,0,0,1,0,2.0,0,0,0,9,1,1,1,,1,40 04:07.718,1.0,0,75 14:25.439,8,0,0,0,67301,0,0,0,,0,0,0,3,67301,0,,1,9,,N,N,,0,,0,0,1,3,2,N,900,1,3,0,0,0,1,0,3,4,0,3,7,,Y,8.0,8.0,U,U,U,U,U,U,U,U,