CRN,ARRIVAL_TM,AUTOMOBILE_COUNT,BELTED_DEATH_COUNT,BELTED_SUSP_SERIOUS_INJ_COUNT,BICYCLE_COUNT,BICYCLE_DEATH_COUNT,BICYCLE_SUSP_SERIOUS_INJ_COUNT,BUS_COUNT,CHLDPAS_DEATH_COUNT,CHLDPAS_SUSP_SERIOUS_INJ_COUNT,COLLISION_TYPE,COMM_VEH_COUNT,CONS_ZONE_SPD_LIM,COUNTY,CRASH_MONTH,CRASH_YEAR,DAY_OF_WEEK,DEC_LAT,DEC_LONG,DISPATCH_TM,DISTRICT,DRIVER_COUNT_16YR,DRIVER_COUNT_17YR,DRIVER_COUNT_18YR,DRIVER_COUNT_19YR,DRIVER_COUNT_20YR,DRIVER_COUNT_50_64YR,DRIVER_COUNT_65_74YR,DRIVER_COUNT_75PLUS,EST_HRS_CLOSED,FATAL_COUNT,HEAVY_TRUCK_COUNT,HORSE_BUGGY_COUNT,HOUR_OF_DAY,ILLUMINATION,INJURY_COUNT,INTERSECT_TYPE,INTERSECTION_RELATED,LANE_CLOSED,LATITUDE,LN_CLOSE_DIR,LOCATION_TYPE,LONGITUDE,MAX_SEVERITY_LEVEL,MCYCLE_DEATH_COUNT,MCYCLE_SUSP_SERIOUS_INJ_COUNT,MOTORCYCLE_COUNT,MUNICIPALITY,NONMOTR_COUNT,NONMOTR_DEATH_COUNT,NONMOTR_SUSP_SERIOUS_INJ_COUNT,NTFY_HIWY_MAINT,PED_COUNT,PED_DEATH_COUNT,PED_SUSP_SERIOUS_INJ_COUNT,PERSON_COUNT,POLICE_AGCY,POSSIBLE_INJ_COUNT,RDWY_SURF_TYPE_CD,RELATION_TO_ROAD,ROAD_CONDITION,ROADWAY_CLEARED,SCH_BUS_IND,SCH_ZONE_IND,SECONDARY_CRASH,SMALL_TRUCK_COUNT,SPEC_JURIS_CD,SUSP_MINOR_INJ_COUNT,SUSP_SERIOUS_INJ_COUNT,SUV_COUNT,TCD_FUNC_CD,TCD_TYPE,TFC_DETOUR_IND,TIME_OF_DAY,TOT_INJ_COUNT,TOTAL_UNITS,UNB_DEATH_COUNT,UNB_SUSP_SERIOUS_INJ_COUNT,UNBELTED_OCC_COUNT,UNK_INJ_DEG_COUNT,UNK_INJ_PER_COUNT,URBAN_AREA,URBAN_RURAL,VAN_COUNT,VEHICLE_COUNT,WEATHER1,WEATHER2,WORK_ZONE_IND,WORK_ZONE_LOC,WORK_ZONE_TYPE,WORKERS_PRES,WZ_CLOSE_DETOUR,WZ_FLAGGER,WZ_LAW_OFFCR_IND,WZ_LN_CLOSURE,WZ_MOVING,WZ_OTHER,WZ_SHLDER_MDN,WZ_WORKERS_INJ_KILLED
2009121138,945.0,1,0,0,0,0,0,0,0,0,7,0,,67,10,2009,7,40.109,-74.9981,940.0,6,0,0,0,0,0,1,0,0,1.0,0,0,0,9,1,1,6,,1,40 06:32.529,3.0,2,74 59:53.262,4,0,0,0,67301,0,0,0,N,0,0,0,1,67301,1,,3,9,,N,N,,0,,0,0,0,3,4,N,940,1,1,0,0,0,0,0,3,4,0,1,7,,N,,,,,,,,,,,
2009093569,500.0,2,0,0,0,0,0,0,0,0,2,0,,67,8,2009,6,40.0016,-75.0751,454.0,6,0,0,0,0,0,0,0,0,,0,0,0,4,3,1,0,,0,40 00:05.701,,0,75 04:30.317,8,0,0,0,67301,0,0,0,N,0,0,0,1,67301,0,,1,1,,N,N,,0,,0,0,0,0,0,,430,1,3,0,0,0,1,0,3,4,1,3,3,,N,,,,,,,,,,,
2009086116,1922.0,0,0,0,0,0,0,0,0,0,8,0,,67,8,2009,7,39.9046,-75.1672,1920.0,6,0,0,0,0,0,0,1,0,1.0,0,0,0,19,1,1,0,,1,39 54:16.437,3.0,0,75 10:02.074,8,0,0,0,67301,1,0,0,,1,0,0,2,67301,0,,1,1,,,,,1,,0,0,0,0,0,N,1915,1,2,0,0,0,1,0,3,4,0,1,3,,N,,,,,,,,,,,
2009086204,2000.0,3,0,0,0,0,0,0,0,0,1,0,,67,7,2009,4,40.0635,-75.1698,1954.0,6,0,0,0,0,0,1,0,0,,0,0,0,19,4,2,1,,0,40 03:48.698,,0,75 10:11.388,4,0,0,0,67301,0,0,0,N,0,0,0,5,67301,2,,1,9,,N,N,,0,,0,0,0,3,2,,1952,2,3,0,0,0,0,0,3,4,0,3,7,,N,,,,,,,,,,,
2009083629,1500.0,2,0,0,0,0,0,0,0,0,4,0,,67,7,2009,4,39.9834,-75.1191,1456.0,6,0,0,0,0,0,2,0,0,,0,0,0,14,1,1,1,,0,39 59:00.370,,0,75 07:08.921,4,0,0,0,67301,0,0,0,N,0,0,0,2,67301,1,,1,1,,N,N,,0,,0,0,0,3,2,,1450,1,2,0,0,0,0,0,3,4,0,2,3,,N,,,,,,,,,,,
2009083638,1558.0,3,0,0,0,0,0,0,0,0,1,0,,67,7,2009,6,39.9679,-75.2275,1452.0,6,0,0,0,0,0,0,0,0,,0,0,0,14,1,0,0,,0,39 58:04.500,,0,75 13:38.856,9,0,0,0,67301,0,0,0,,0,0,0,1,67301,0,,1,1,,N,N,,0,,0,0,0,0,0,,1452,0,4,0,0,0,0,1,3,4,1,4,3,,N,,,,,,,,,,,
2009068442,1327.0,2,0,0,0,0,0,0,0,0,1,0,,67,6,2009,6,40.0984,-75.0303,1322.0,6,0,0,0,0,0,1,0,0,,0,0,0,13,1,2,1,,0,40 05:53.193,,0,75 01:49.243,4,0,0,0,67301,0,0,0,N,0,0,0,3,67301,1,,1,9,,N,N,,0,,0,0,0,3,2,,1315,2,2,0,0,0,1,0,3,4,0,2,7,,N,,,,,,,,,,,
2009068506,1751.0,1,0,0,0,0,0,0,0,0,8,0,,67,6,2009,7,40.0437,-75.1498,1750.0,6,0,0,0,0,0,0,0,0,,0,0,0,17,1,1,1,,0,40 02:37.165,,0,75 08:59.326,8,0,0,0,67301,1,0,0,N,1,0,0,2,67301,0,,1,1,,N,N,,0,,0,0,0,3,2,,1745,1,2,0,0,0,1,0,3,4,0,1,3,,N,,,,,,,,,,,
2010002997,1225.0,1,0,0,0,0,0,0,0,0,1,0,,67,11,2009,7,39.9301,-75.1464,1220.0,6,0,0,0,0,0,0,0,0,,0,0,0,12,1,1,0,,0,39 55:48.229,,0,75 08:47.175,8,0,0,0,67301,0,0,0,,0,0,0,2,67301,0,,6,1,,,,,0,,0,0,1,3,3,,1210,1,2,0,0,0,1,0,3,4,0,2,3,,N,,,,,,,,,,,
2010003207,235.0,2,0,0,0,0,0,0,0,0,4,0,,67,12,2009,7,40.0461,-75.0995,235.0,6,0,0,0,0,0,0,0,0,,0,0,0,2,3,1,2,,0,40 02:45.824,,0,75 05:58.352,8,0,0,0,67301,0,0,0,N,0,0,0,3,67301,0,,1,1,,N,N,,0,,0,0,0,3,3,,235,1,2,0,0,0,1,0,3,4,0,2,3,,N,,,,,,,,,,,
2010003552,1822.0,5,0,0,0,0,0,0,0,0,1,0,,67,11,2009,2,40.1121,-74.9907,1817.0,6,0,0,0,0,0,3,0,0,,0,0,0,18,3,0,1,,0,40 06:43.694,,0,74 59:26.387,0,0,0,0,67301,0,0,0,N,0,0,0,6,67301,0,,1,9,,N,N,,1,,0,0,0,3,2,,1817,0,6,0,0,1,0,0,3,4,0,6,7,,N,,,,,,,,,,,
2010006120,2154.0,1,0,0,0,0,0,0,0,0,8,0,,67,11,2009,3,39.978,-75.1698,2152.0,6,0,0,0,0,0,0,0,0,,0,0,0,21,3,1,3,,0,39 58:40.687,,0,75 10:11.240,3,0,0,0,67301,1,0,0,N,1,0,0,2,67301,0,,5,1,,N,N,,0,,1,0,0,0,0,,2149,1,2,0,0,0,0,0,3,4,0,1,3,,N,,,,,,,,,,,
2010006349,1708.0,2,0,0,0,0,0,0,0,0,4,0,,67,12,2009,6,39.988,-75.1059,1704.0,6,0,0,0,0,0,1,0,0,,0,0,0,17,1,1,1,,0,39 59:16.948,,0,75 06:21.118,4,0,0,0,67301,0,0,0,,0,0,0,2,67301,1,,1,1,,,,,1,,0,0,0,3,2,,1704,1,3,0,0,0,0,0,3,4,0,3,3,,N,,,,,,,,,,,
2010003505,542.0,1,0,0,0,0,0,0,0,0,7,0,,67,11,2009,6,39.9192,-75.2109,536.0,6,0,0,0,0,1,0,0,0,4.0,0,0,0,5,3,1,0,,2,39 55:09.058,5.0,0,75 12:39.081,3,0,0,0,67301,0,0,0,N,0,0,0,1,67301,0,,5,1,,N,N,,0,,1,0,0,0,0,Y,530,1,1,0,0,0,0,0,3,4,0,1,3,,N,,,,,,,,,,,
2010006283,222.0,2,0,0,0,0,0,0,0,0,1,0,,67,12,2009,7,40.0854,-75.0374,218.0,6,0,0,0,0,0,0,0,0,,0,0,0,2,3,0,1,,0,40 05:07.692,,0,75 02:14.246,0,0,0,0,67301,0,0,0,N,0,0,0,3,67301,0,,1,1,,N,N,,0,,0,0,0,3,2,,218,0,2,0,0,0,0,0,3,4,0,2,3,,N,,,,,,,,,,,
2009086073,935.0,1,0,0,0,0,0,0,0,0,4,0,,67,7,2009,4,39.9905,-75.1641,931.0,6,0,0,0,0,0,0,0,0,3.0,0,0,0,8,1,2,1,,1,39 59:25.814,4.0,0,75 09:50.684,4,0,0,0,67301,0,0,0,N,0,0,0,5,67301,2,,1,1,,N,N,,0,,0,0,0,3,3,Y,850,2,2,0,0,0,0,0,3,4,1,2,3,,N,,,,,,,,,,,
2009065542,0.0,1,0,0,0,0,0,0,0,0,5,0,,67,5,2009,6,39.9501,-75.1706,0.0,6,0,0,0,0,0,0,0,1,,0,0,0,11,1,2,1,,0,39 57:00.482,,0,75 10:14.160,3,0,0,0,67301,0,0,0,N,0,0,0,3,00000,0,,1,1,,N,N,,0,,1,0,0,0,0,,1100,2,2,0,0,0,1,1,3,4,0,2,3,,N,,,,,,,,,,,
2009086479,1500.0,6,0,0,0,0,0,0,0,0,2,0,,67,8,2009,1,39.9893,-75.1106,1445.0,6,0,0,0,0,0,1,0,0,,0,0,0,15,1,1,0,,0,39 59:21.456,,0,75 06:38.225,2,0,0,0,67301,0,0,0,N,0,0,0,2,67301,0,,6,1,,N,N,,1,,0,1,1,9,3,,1500,1,11,0,1,2,0,0,3,4,1,11,3,,N,,,,,,,,,,,
2009078949,1520.0,0,0,0,0,0,0,0,0,0,8,0,,67,7,2009,7,39.9676,-75.2485,1513.0,6,0,0,0,0,0,0,0,0,,0,0,0,15,1,1,0,,0,39 58:03.486,,0,75 14:54.607,8,0,0,0,67301,1,0,0,N,1,0,0,2,67301,0,,1,1,,N,N,,0,,0,0,1,0,0,,1513,1,2,0,0,0,1,0,3,4,0,1,3,,N,,,,,,,,,,,
2009076570,2011.0,1,0,0,0,0,0,0,0,0,1,0,,67,6,2009,4,39.906,-75.1342,2011.0,6,0,0,0,0,0,0,0,0,,0,0,0,20,4,0,0,,0,39 54:21.732,,3,75 08:02.940,0,0,0,0,67301,0,0,0,N,0,0,0,5,67501,0,,1,9,,N,N,,0,,0,0,1,0,0,,2011,0,2,0,0,0,0,0,3,4,0,2,7,,N,,,,,,,,,,,
2009079178,1915.0,2,0,0,0,0,0,0,0,0,4,0,,67,7,2009,7,39.9323,-75.1723,1915.0,6,0,0,0,0,0,0,0,0,,0,0,0,19,1,1,1,,0,39 55:56.100,,0,75 10:20.380,8,0,0,0,67301,0,0,0,N,0,0,0,3,67301,0,,1,1,,N,N,,0,,0,0,0,3,3,,1915,1,2,0,0,0,1,0,3,4,0,2,3,,N,,,,,,,,,,,
2009071438,2255.0,3,0,0,0,0,0,0,0,0,4,0,,67,6,2009,2,40.0065,-75.1091,2255.0,6,0,0,0,0,0,0,0,0,2.0,0,0,0,22,3,1,0,,1,40 00:23.241,4.0,0,75 06:32.774,4,0,0,0,67301,0,0,0,N,0,0,0,1,67301,1,,1,1,,N,N,,2,,0,0,0,0,0,N,2250,1,5,0,0,0,0,0,3,4,0,5,3,,N,,,,,,,,,,,
2009079276,2140.0,2,0,0,0,0,0,0,0,0,4,0,,67,7,2009,2,39.9535,-75.2446,2138.0,6,0,0,0,0,0,0,1,0,,0,0,0,21,6,0,1,,0,39 57:12.484,,0,75 14:40.527,9,0,0,0,67301,0,0,0,N,0,0,0,2,67301,0,,1,1,,N,N,,0,,0,0,0,3,3,,2100,0,2,0,0,0,0,1,3,4,0,2,3,,N,,,,,,,,,,,
2009079476,2256.0,2,0,0,0,0,0,0,0,0,1,0,,67,7,2009,6,40.1228,-75.014,2252.0,6,0,0,0,0,0,0,0,0,1.0,0,0,0,22,2,1,0,,1,40 07:21.910,3.0,0,75 00:50.320,4,0,0,0,67301,0,0,0,N,0,0,0,7,67301,1,,1,1,,N,N,,0,,0,0,1,0,0,Y,2250,1,3,0,0,0,0,0,3,4,0,3,3,,N,,,,,,,,,,,
2009071624,1625.0,2,0,0,0,0,0,0,0,0,4,0,,67,6,2009,6,40.0366,-75.0645,1611.0,6,0,0,1,0,0,0,0,0,1.0,0,0,0,16,1,1,1,,1,40 02:11.789,3.0,0,75 03:52.061,8,0,0,0,67301,0,0,0,N,0,0,0,3,67301,0,,1,1,,N,N,,0,,0,0,0,3,2,N,1610,1,3,0,0,0,1,0,3,4,1,3,3,,N,,,,,,,,,,,
2009074444,1830.0,2,0,0,0,0,0,0,0,0,1,0,,67,6,2009,1,39.9412,-75.2095,1824.0,6,0,0,0,0,1,0,0,0,,0,0,0,18,1,9,1,,0,39 56:28.421,,0,75 12:33.863,8,0,0,0,67301,0,0,0,,0,0,0,15,67301,0,,1,1,,N,N,,0,,0,0,1,3,2,,1820,9,4,0,0,0,9,0,3,4,1,4,3,,N,,,,,,,,,,,
2009074624,649.0,2,0,0,0,0,0,0,0,0,5,0,,67,6,2009,7,39.9658,-75.2243,649.0,6,0,0,0,0,0,0,0,0,,0,0,0,6,2,0,0,,0,39 57:56.992,,0,75 13:27.576,9,0,0,0,67301,0,0,0,,0,0,0,1,67301,0,,1,9,,,,,1,,0,0,0,0,0,,649,0,4,0,0,0,0,1,3,4,1,4,7,,N,,,,,,,,,,,
2009067604,336.0,7,0,0,0,0,0,0,0,0,4,0,,67,6,2009,2,39.9305,-75.1683,335.0,6,0,0,0,0,0,0,0,0,3.0,0,0,0,3,3,0,2,,2,39 55:49.503,4.0,0,75 10:05.905,0,0,0,0,67301,0,0,0,,0,0,0,1,67301,0,,1,1,,,,,0,,0,0,1,0,0,Y,333,0,8,0,0,0,0,0,3,4,0,8,3,,N,,,,,,,,,,,
2009065246,1447.0,1,0,0,0,0,0,0,0,0,8,0,,67,5,2009,7,39.9961,-75.1639,1445.0,6,0,0,0,0,0,1,0,0,,0,0,0,14,1,1,0,,0,39 59:45.998,,0,75 09:49.943,4,0,0,0,67301,1,0,0,,1,0,0,2,67301,1,,1,1,,N,N,,0,,0,0,0,0,0,,1440,1,2,0,0,1,0,0,3,4,0,1,3,,N,,,,,,,,,,,
2009092941,825.0,2,0,0,0,0,0,0,0,0,1,0,,67,8,2009,7,39.9556,-75.234,825.0,6,0,0,0,0,0,0,0,0,,0,0,0,8,1,1,1,,0,39 57:20.098,,0,75 14:02.378,4,0,0,0,67301,0,0,0,N,0,0,0,3,67301,1,,1,9,,N,N,,0,,0,0,0,3,2,,815,1,2,0,0,0,0,0,3,4,0,2,7,,N,,,,,,,,,,,
2009093000,1736.0,2,0,0,0,0,0,0,0,0,4,0,,67,8,2009,1,40.0456,-75.1285,1730.0,6,0,0,0,0,0,1,1,0,,0,0,0,17,1,3,1,,0,40 02:44.254,,0,75 07:42.459,4,0,0,0,67301,0,0,0,N,0,0,0,4,67301,3,,1,1,,N,N,,0,,0,0,1,3,2,,1710,3,3,0,0,0,0,1,3,4,0,3,3,,N,,,,,,,,,,,
2009093165,730.0,0,0,0,0,0,0,0,0,0,0,0,,67,8,2009,7,39.9261,-75.1928,725.0,6,0,0,0,0,0,0,0,0,,1,0,0,7,1,0,1,,0,39 55:33.898,,0,75 11:34.220,1,1,0,1,67301,0,0,0,,0,0,0,1,67301,0,2.0,1,1,,N,N,,0,0.0,0,0,0,3,3,,720,0,1,0,0,0,0,0,3,4,0,1,3,,N,,,,,,,,,,,
2009069697,2010.0,1,0,0,0,0,0,0,0,0,6,0,,67,6,2009,2,39.9708,-75.1228,2000.0,6,0,0,0,1,0,0,0,0,,0,0,0,20,1,0,5,,0,39 58:14.649,,2,75 07:21.214,0,0,0,0,67301,0,0,0,,0,0,0,2,67301,0,,1,1,,,,,0,,0,0,1,3,2,,2000,0,2,0,0,0,0,0,3,4,0,2,3,,N,,,,,,,,,,,
2009067277,1658.0,2,0,0,0,0,0,0,0,0,4,0,,67,6,2009,5,39.9247,-75.1414,1713.0,6,0,0,0,0,0,0,0,0,,0,0,0,16,1,1,0,,0,39 55:29.041,,7,75 08:28.980,4,0,0,0,67301,0,0,0,N,0,0,0,5,67301,1,,1,9,,N,N,,0,,0,0,0,0,0,,1640,1,2,0,0,2,0,0,3,4,0,2,7,,N,,,,,,,,,,,
2009067435,1445.0,1,0,0,0,0,0,0,0,0,4,0,,67,6,2009,1,39.998,-75.2332,1436.0,6,0,0,0,0,0,0,1,0,,0,0,0,14,1,1,1,,0,39 59:55.951,,0,75 13:52.845,8,0,0,0,67301,0,0,0,N,0,0,0,2,67301,0,,1,1,,N,N,,0,,0,0,1,0,0,,1414,1,2,0,0,0,1,0,3,4,0,2,3,,N,,,,,,,,,,,
2009067133,900.0,0,0,0,0,0,0,0,0,0,1,0,,67,6,2009,3,39.9239,-75.2453,900.0,6,0,0,0,0,0,0,0,0,,0,0,0,9,1,1,1,,0,39 55:26.122,,0,75 14:43.169,8,0,0,0,67301,0,0,0,,0,0,0,2,67301,0,,1,9,,,,,0,,0,0,2,9,3,,900,1,2,0,0,0,1,0,3,4,0,2,7,,N,,,,,,,,,,,
2009067311,2055.0,1,0,0,0,0,0,0,0,0,8,0,,67,6,2009,7,39.9875,-75.1493,2050.0,6,0,0,0,0,0,0,0,0,,0,0,0,20,3,1,0,,0,39 59:15.158,,0,75 08:57.588,4,0,0,0,67301,1,0,0,N,1,0,0,3,67301,1,,6,1,,N,N,,0,,0,0,0,0,0,,2045,1,2,0,0,0,0,0,3,4,0,1,3,,N,,,,,,,,,,,
2009064928,1628.0,1,0,0,0,0,0,0,0,0,8,0,,67,4,2009,3,39.9267,-75.2314,1624.0,6,0,0,0,0,0,0,0,0,,0,0,0,16,1,1,0,,0,39 55:36.217,,0,75 13:53.133,3,0,0,0,67301,1,0,0,N,1,0,0,2,67301,0,,1,1,,N,N,,0,,1,0,0,0,0,,1620,1,2,0,0,0,0,0,3,4,0,1,3,,N,,,,,,,,,,,
2009065163,415.0,0,0,0,0,0,0,0,0,0,0,1,,67,5,2009,3,40.0459,-74.9946,412.0,6,0,0,0,0,0,0,0,0,4.0,0,1,0,4,3,0,1,,1,40 02:44.934,6.0,0,74 59:40.960,9,0,0,0,67301,0,0,0,,0,0,0,1,67301,0,,1,1,,N,N,,0,,0,0,0,3,2,N,411,0,1,0,0,0,0,1,3,4,0,1,3,,N,,,,,,,,,,,
2009065165,1140.0,2,0,0,0,0,0,0,0,0,1,0,,67,5,2009,3,40.0325,-75.084,1134.0,6,0,0,0,0,0,0,0,0,2.0,0,0,0,11,1,0,0,,1,40 01:57.008,1.0,0,75 05:02.468,0,0,0,0,67301,0,0,0,N,0,0,0,1,67301,0,,4,1,,N,N,,0,,0,0,0,0,0,N,1133,0,2,0,0,0,0,0,3,4,0,2,3,,N,,,,,,,,,,,
2009086596,811.0,1,0,0,0,0,0,0,0,0,7,0,,67,8,2009,1,39.9432,-75.1431,803.0,6,0,0,0,0,0,0,0,0,,0,0,0,8,1,2,0,,0,39 56:35.396,,0,75 08:35.148,4,0,0,0,67301,0,0,0,N,0,0,0,2,68K01,1,,3,1,,N,N,,0,,0,0,0,0,0,,800,2,1,0,0,0,1,0,3,4,0,1,3,,N,,,,,,,,,,,
2009121288,1744.0,0,0,0,0,0,0,0,0,0,7,0,,67,11,2009,3,39.9774,-75.1127,1742.0,6,0,0,0,0,1,0,0,0,1.0,0,0,0,17,3,1,7,,1,39 58:27.765,2.0,2,75 07:06.664,4,0,0,0,67301,0,0,0,N,0,0,0,2,68K01,1,,7,1,,N,N,,0,,0,0,1,0,0,N,1738,1,1,0,0,0,0,0,3,4,0,1,3,,N,,,,,,,,,,,
2009118886,2147.0,1,0,0,0,0,0,0,0,0,6,0,,67,10,2009,7,40.0215,-75.1447,2145.0,6,0,0,0,0,0,0,0,0,,0,0,0,18,3,1,0,,0,40 01:17.468,,0,75 08:40.966,3,0,0,0,67301,1,0,0,N,1,0,0,2,67301,0,,2,9,,N,N,,0,,1,0,0,0,0,,1855,1,2,0,0,0,0,1,3,4,0,1,7,,N,,,,,,,,,,,
2009118904,345.0,2,0,0,0,0,0,0,0,0,6,0,,67,10,2009,2,40.0114,-75.1557,344.0,6,0,0,0,0,0,0,1,0,,0,0,0,3,3,0,1,,0,40 00:41.173,,0,75 09:20.476,0,0,0,0,67301,0,0,0,N,0,0,0,2,67301,0,,1,1,,N,N,,0,,0,0,0,3,3,,342,0,2,0,0,0,0,0,3,4,0,2,3,,N,,,,,,,,,,,
2009118921,1538.0,1,0,0,0,0,0,0,0,0,7,0,,67,10,2009,4,40.037,-75.1906,1538.0,6,0,0,0,0,0,1,0,0,1.0,0,0,0,15,1,0,0,,1,40 02:13.232,1.0,0,75 11:26.311,0,0,0,0,67301,0,0,0,,0,0,0,2,67301,0,,2,9,,N,N,,0,,0,0,0,0,0,N,1538,0,2,0,0,0,0,0,3,4,0,1,7,,N,,,,,,,,,,,
2009120848,9999.0,2,0,0,0,0,0,0,0,0,2,0,,67,10,2009,7,39.931,-75.243,924.0,6,0,0,0,0,0,0,0,0,,0,0,0,9,1,2,0,,0,39 55:51.548,,0,75 14:34.636,8,0,0,0,67301,0,0,0,N,0,0,0,2,67301,0,,1,9,,N,N,,0,,0,0,0,0,0,,925,2,2,0,0,0,2,0,3,4,0,2,7,,N,,,,,,,,,,,
2009118975,1220.0,1,0,0,0,0,0,0,0,0,7,0,,67,10,2009,3,40.0838,-75.2222,1215.0,6,0,0,1,0,0,0,0,0,,0,0,0,12,1,0,0,,0,40 05:01.852,,0,75 13:19.974,0,0,0,0,67301,0,0,0,N,0,0,0,1,67301,0,,5,1,,N,N,,0,,0,0,0,0,0,,1215,0,1,0,0,0,0,0,3,4,0,1,3,,N,,,,,,,,,,,
2009118991,2158.0,2,0,0,0,0,0,0,0,0,1,0,,67,10,2009,7,39.9269,-75.2324,2157.0,6,0,0,0,0,0,1,0,0,,0,0,0,21,3,0,0,,0,39 55:36.991,,0,75 13:56.539,0,0,0,0,67301,1,0,0,N,0,0,0,2,67301,0,,1,1,,N,N,,0,,0,0,0,0,0,,2157,0,2,0,0,0,0,0,3,4,0,2,3,,N,,,,,,,,,,,
2009106328,1647.0,1,0,0,0,0,0,0,0,0,1,0,,67,10,2009,6,39.9874,-75.0899,1638.0,6,0,0,0,0,0,1,0,0,,0,0,0,16,1,0,0,,0,39 59:14.885,,0,75 05:23.100,0,0,0,0,67301,0,0,0,N,0,0,0,5,68K01,0,,1,1,,N,N,,0,,0,0,1,0,0,,1637,0,2,0,0,0,0,0,3,4,0,2,3,,N,,,,,,,,,,,
2009121149,2253.0,2,0,0,0,0,0,0,0,0,5,0,,67,9,2009,6,39.9799,-75.1332,2252.0,6,0,0,0,0,0,1,0,0,,0,0,0,22,3,0,0,,0,39 58:47.588,,0,75 07:59.689,0,0,0,0,67301,2,0,0,N,0,0,0,3,67301,0,,2,1,,N,N,,0,,0,0,0,3,2,,2252,0,2,0,0,0,0,0,3,4,0,2,3,,N,,,,,,,,,,,
2009093556,1005.0,0,0,0,0,0,0,0,0,0,8,0,,67,8,2009,4,40.0271,-75.0411,1000.0,6,0,0,0,0,0,0,1,0,1.0,0,0,0,9,1,1,1,,1,40 01:37.420,1.0,0,75 02:27.884,4,0,0,0,67301,1,0,0,N,1,0,0,2,67301,1,,1,1,,N,N,,0,,0,0,0,3,2,Y,955,1,2,0,0,0,0,0,3,4,1,1,3,,N,,,,,,,,,,,
2009054543,2030.0,1,0,0,0,0,0,0,0,0,8,0,,67,4,2009,4,40.0733,-75.1643,2030.0,6,0,0,0,0,0,1,0,0,,0,0,0,20,3,1,0,,0,40 04:24.015,,0,75 09:51.659,8,0,0,0,67301,1,0,0,N,1,0,0,2,67301,0,,1,1,,N,N,,0,,0,0,0,0,0,,2025,1,2,0,0,1,1,0,3,4,0,1,3,,N,,,,,,,,,,,
2009083633,1800.0,1,0,0,0,0,0,0,0,0,4,0,,67,7,2009,4,40.0086,-75.0688,1757.0,6,0,0,0,0,0,0,0,0,,0,0,0,99,1,1,1,,0,40 00:31.197,,0,75 04:08.216,4,0,0,0,67301,0,0,0,,0,0,0,4,67301,1,,1,9,,,,,0,,0,0,2,3,2,,9999,1,3,0,0,0,0,0,3,4,0,3,7,,N,,,,,,,,,,,
2009083636,140.0,0,0,0,0,0,0,0,0,0,7,0,,67,7,2009,7,39.9757,-75.2631,137.0,6,0,0,0,0,0,0,0,0,,0,0,0,1,3,0,2,,0,39 58:32.229,,0,75 15:46.111,9,0,0,0,67301,0,0,0,N,0,0,0,3,67301,0,,2,1,,N,N,,0,,0,0,1,3,2,,135,0,1,0,0,0,0,2,3,4,0,1,3,,N,,,,,,,,,,,
2009071008,125.0,2,0,0,0,0,0,0,0,0,1,0,,67,6,2009,1,39.9746,-75.1182,120.0,6,0,0,0,0,0,0,0,0,2.0,0,0,0,1,3,3,0,,2,39 58:30.219,2.0,0,75 07:02.027,8,0,0,0,67301,0,0,0,N,0,0,0,4,68K01,0,,1,1,,N,N,,0,,0,0,1,0,0,Y,118,3,3,0,0,1,3,0,3,4,0,3,3,,N,,,,,,,,,,,
2009068508,1639.0,1,0,0,0,0,0,0,0,0,8,0,,67,6,2009,3,40.0006,-75.1146,1637.0,6,0,0,0,0,0,0,0,0,1.0,0,0,0,16,1,1,0,,2,40 00:02.142,1.0,0,75 06:52.574,4,0,0,0,67301,1,0,0,N,1,0,0,3,67301,1,,1,1,,N,N,,0,,0,0,0,0,0,Y,1635,1,2,0,0,0,0,0,3,4,0,1,3,,N,,,,,,,,,,,
2009073825,1700.0,0,0,0,0,0,0,0,0,0,0,0,,67,7,2009,7,40.0157,-75.0526,1659.0,6,0,0,0,0,0,0,0,0,1.0,0,0,0,16,1,1,0,,1,40 00:56.810,1.0,0,75 03:08.885,3,0,0,1,67301,0,0,0,N,0,0,0,1,68K01,0,,1,1,,N,N,,0,,1,0,0,0,0,Y,1659,1,1,0,0,0,0,0,3,4,0,1,3,,N,,,,,,,,,,,
2010003013,1340.0,0,0,0,0,0,0,0,0,0,1,0,,67,11,2009,6,40.0153,-75.2081,1334.0,6,0,0,0,0,0,1,0,0,,0,0,0,13,1,2,3,,0,40 00:55.513,,0,75 12:30.235,4,0,0,0,67301,0,0,0,N,0,0,0,3,67301,2,,1,1,,N,N,,1,,0,0,0,3,2,,1330,2,2,0,0,0,0,0,3,4,1,2,3,,N,,,,,,,,,,,
2009039748,1616.0,1,0,0,0,0,0,0,0,0,4,0,,67,2,2009,1,39.9591,-75.2036,1606.0,6,0,0,0,1,0,0,0,0,,0,0,0,16,1,3,10,,0,39 57:32.616,,0,75 12:12.967,8,0,0,0,67301,0,0,0,N,0,0,0,4,67301,0,,1,1,,N,N,,0,,0,0,1,3,3,,1600,3,2,0,0,0,3,0,3,4,0,2,3,,N,,,,,,,,,,,
2009039265,1920.0,1,0,0,0,0,0,0,0,0,4,0,,67,2,2009,4,39.9704,-75.2451,920.0,6,0,0,0,0,0,0,0,0,2.0,0,0,0,19,3,1,1,,2,39 58:13.280,1.0,0,75 14:42.413,4,0,0,0,67301,0,0,0,N,0,0,0,3,67301,1,,1,9,,N,N,,0,,0,0,0,3,2,Y,1920,1,2,0,0,0,0,0,3,4,0,2,7,,N,,,,,,,,,,,