CRN,ARRIVAL_TM,AUTOMOBILE_COUNT,BELTED_DEATH_COUNT,BELTED_SUSP_SERIOUS_INJ_COUNT,BICYCLE_COUNT,BICYCLE_DEATH_COUNT,BICYCLE_SUSP_SERIOUS_INJ_COUNT,BUS_COUNT,CHLDPAS_DEATH_COUNT,CHLDPAS_SUSP_SERIOUS_INJ_COUNT,COLLISION_TYPE,COMM_VEH_COUNT,CONS_ZONE_SPD_LIM,COUNTY,CRASH_MONTH,CRASH_YEAR,DAY_OF_WEEK,DEC_LAT,DEC_LONG,DISPATCH_TM,DISTRICT,DRIVER_COUNT_16YR,DRIVER_COUNT_17YR,DRIVER_COUNT_18YR,DRIVER_COUNT_19YR,DRIVER_COUNT_20YR,DRIVER_COUNT_50_64YR,DRIVER_COUNT_65_74YR,DRIVER_COUNT_75PLUS,EST_HRS_CLOSED,FATAL_COUNT,HEAVY_TRUCK_COUNT,HORSE_BUGGY_COUNT,HOUR_OF_DAY,ILLUMINATION,INJURY_COUNT,INTERSECT_TYPE,INTERSECTION_RELATED,LANE_CLOSED,LATITUDE,LN_CLOSE_DIR,LOCATION_TYPE,LONGITUDE,MAX_SEVERITY_LEVEL,MCYCLE_DEATH_COUNT,MCYCLE_SUSP_SERIOUS_INJ_COUNT,MOTORCYCLE_COUNT,MUNICIPALITY,NONMOTR_COUNT,NONMOTR_DEATH_COUNT,NONMOTR_SUSP_SERIOUS_INJ_COUNT,NTFY_HIWY_MAINT,PED_COUNT,PED_DEATH_COUNT,PED_SUSP_SERIOUS_INJ_COUNT,PERSON_COUNT,POLICE_AGCY,POSSIBLE_INJ_COUNT,RDWY_SURF_TYPE_CD,RELATION_TO_ROAD,ROAD_CONDITION,ROADWAY_CLEARED,SCH_BUS_IND,SCH_ZONE_IND,SECONDARY_CRASH,SMALL_TRUCK_COUNT,SPEC_JURIS_CD,SUSP_MINOR_INJ_COUNT,SUSP_SERIOUS_INJ_COUNT,SUV_COUNT,TCD_FUNC_CD,TCD_TYPE,TFC_DETOUR_IND,TIME_OF_DAY,TOT_INJ_COUNT,TOTAL_UNITS,UNB_DEATH_COUNT,UNB_SUSP_SERIOUS_INJ_COUNT,UNBELTED_OCC_COUNT,UNK_INJ_DEG_COUNT,UNK_INJ_PER_COUNT,URBAN_AREA,URBAN_RURAL,VAN_COUNT,VEHICLE_COUNT,WEATHER1,WEATHER2,WORK_ZONE_IND,WORK_ZONE_LOC,WORK_ZONE_TYPE,WORKERS_PRES,WZ_CLOSE_DETOUR,WZ_FLAGGER,WZ_LAW_OFFCR_IND,WZ_LN_CLOSURE,WZ_MOVING,WZ_OTHER,WZ_SHLDER_MDN,WZ_WORKERS_INJ_KILLED
2009032206,1812.0,1,0,0,0,0,0,0,0,0,7,0,,67,3,2009,2,39.9623,-75.1399,1808.0,6,0,0,0,0,1,0,0,0,1.0,0,0,0,18,1,1,0,,2,39 57:33.840,2.0,2,75 08:29.400,4,0,0,0,67301,0,0,0,N,0,0,0,1,68K01,1,,2,7,,N,N,,0,,0,0,0,0,0,N,1805,1,1,0,0,0,0,0,3,4,0,1,10,,N,,,,,,,,,,,
2009049627,146.0,2,0,0,0,0,0,0,0,0,4,0,,67,4,2009,3,39.9317,-75.1493,144.0,6,0,0,0,0,0,2,0,0,,0,0,0,1,2,1,1,,0,39 55:54.242,,0,75 08:57.454,3,0,0,0,67301,0,0,0,,0,0,0,2,67301,0,,1,9,,,,,0,,1,0,0,9,2,,144,1,2,0,0,0,0,0,3,4,0,2,7,5.0,N,,,,,,,,,,,
2009036971,100.0,4,0,0,0,0,0,0,0,0,1,0,,67,2,2009,5,40.0247,-75.1277,55.0,6,0,0,0,0,0,0,0,0,9.0,0,0,0,0,3,0,0,,1,40 01:29.133,1.0,0,75 07:38.459,0,0,0,0,67301,0,0,0,,0,0,0,1,67301,0,,1,9,,,,,0,,0,0,0,0,0,N,55,0,4,0,0,0,0,0,3,4,0,4,7,,N,,,,,,,,,,,
2009044419,1600.0,1,0,0,0,0,0,0,0,0,1,0,,67,3,2009,2,39.9359,-75.1521,1555.0,6,0,0,0,0,0,0,0,1,,0,0,0,15,1,1,0,,0,39 56:09.272,,0,75 09:07.552,4,0,0,0,67301,0,0,0,,0,0,0,2,67301,1,,1,1,,,,,1,,0,0,0,3,2,,1550,1,2,0,0,0,0,1,3,4,0,2,3,,N,,,,,,,,,,,
2009044431,1358.0,1,0,0,0,0,0,0,0,0,4,0,,67,3,2009,3,40.0241,-75.1306,1350.0,6,0,0,0,0,0,0,0,0,1.0,0,0,0,13,1,0,1,,1,40 01:27.005,2.0,0,75 07:48.996,0,0,0,0,67301,0,0,0,N,0,0,0,3,67301,0,,1,1,,N,N,,0,,0,0,1,3,2,N,1346,0,2,0,0,0,0,0,3,4,0,2,3,,N,,,,,,,,,,,
2009044433,216.0,2,0,0,0,0,0,0,0,0,4,0,,67,3,2009,5,40.0383,-75.0754,216.0,6,0,0,0,0,0,0,0,0,2.0,0,0,0,2,3,0,1,,2,40 02:17.897,5.0,0,75 04:31.313,0,0,0,0,67301,0,0,0,N,0,0,0,2,67301,0,,1,1,,N,N,,0,,0,0,0,3,2,Y,216,0,2,0,0,0,0,0,3,4,0,2,3,,N,,,,,,,,,,,
2009044447,1845.0,2,0,0,0,0,0,0,0,0,5,0,,67,3,2009,1,40.0245,-75.1478,1830.0,6,0,0,0,0,0,0,0,0,,0,0,0,18,1,1,1,,0,40 01:28.097,,0,75 08:52.131,4,0,0,0,67301,0,0,0,N,0,0,0,3,67301,1,,1,1,,N,N,,0,,0,0,1,3,2,,1828,1,3,0,0,0,0,1,3,4,0,3,3,,N,,,,,,,,,,,
2009097566,743.0,2,0,0,0,0,0,0,0,0,4,0,,67,9,2009,2,40.027,-75.0254,734.0,6,0,0,0,0,0,0,0,0,1.0,0,0,0,7,1,1,0,,1,40 01:37.477,1.0,0,75 01:31.134,4,0,0,0,67301,0,0,0,N,0,0,0,4,68K01,1,,1,1,,N,N,,0,,0,0,1,0,0,N,732,1,3,0,0,0,0,0,3,4,0,3,3,,N,,,,,,,,,,,
2009095099,2036.0,1,0,0,0,0,0,0,0,0,1,0,,67,9,2009,5,39.9978,-75.2339,2033.0,6,0,0,0,0,0,0,0,0,,0,0,0,20,3,1,0,,0,39 59:54.959,,0,75 13:55.698,8,0,0,0,67301,0,0,0,N,0,0,0,2,46104,0,,1,1,,N,N,,1,,0,0,0,0,0,,2030,1,2,0,0,0,1,0,3,4,0,2,3,,N,,,,,,,,,,,
2009132299,220.0,1,0,0,0,0,0,0,0,0,7,0,,67,12,2009,1,39.9831,-75.2081,200.0,6,0,0,0,0,0,0,0,0,2.0,0,0,0,1,3,0,0,,1,39 59:02.899,3.0,0,75 12:29.990,0,0,0,0,67301,0,0,0,N,0,0,0,1,68K02,0,,3,1,,N,N,,0,,0,0,0,0,0,N,105,0,1,0,0,0,0,0,3,4,0,1,3,,N,,,,,,,,,,,
2009131673,2012.0,0,0,0,0,0,0,0,0,0,7,0,,67,11,2009,2,40.0233,-75.0323,2006.0,6,0,1,0,0,0,0,0,0,,0,0,0,20,3,0,0,,0,40 01:23.676,,2,75 01:54.921,0,0,0,0,67301,0,0,0,N,0,0,0,1,68K01,0,,2,9,,N,N,,0,,0,0,1,0,0,,2000,0,1,0,0,0,0,0,3,4,0,1,7,,N,,,,,,,,,,,
2009097099,1258.0,2,0,0,0,0,0,0,0,0,4,0,,67,9,2009,3,39.9606,-75.1414,1256.0,6,0,0,0,0,0,0,0,0,,0,0,0,12,1,2,1,,0,39 57:38.005,,0,75 08:28.573,8,0,0,0,67301,0,0,0,N,0,0,0,3,67301,0,,1,1,,N,N,,0,,0,0,0,3,2,,1254,2,2,0,0,0,2,0,3,4,0,2,3,,N,,,,,,,,,,,
2009054913,700.0,1,0,0,0,0,0,0,0,0,4,0,,67,5,2009,1,40.0282,-75.11,655.0,6,0,0,0,0,0,1,0,0,2.0,0,0,0,6,1,2,1,,1,40 01:41.629,2.0,0,75 06:35.611,4,0,0,0,67301,0,0,0,N,0,0,0,2,67301,2,,1,1,,N,N,,0,,0,0,1,2,2,N,655,2,2,0,0,0,0,0,3,4,0,2,3,,N,,,,,,,,,,,
2009096996,1116.0,2,0,0,0,0,0,0,0,0,4,0,,67,9,2009,2,40.0435,-75.1238,1116.0,6,0,0,0,0,0,1,0,0,,0,0,0,11,1,1,1,,0,40 02:36.502,,0,75 07:25.564,4,0,0,0,67301,0,0,0,N,0,0,0,2,67301,1,,1,1,,N,N,,0,,0,0,0,3,2,,1116,1,2,0,0,0,0,0,3,4,0,2,3,,N,,,,,,,,,,,
2009099613,852.0,3,0,0,0,0,0,0,0,0,1,0,,67,9,2009,3,39.9995,-75.1954,848.0,6,0,0,0,0,0,0,0,0,,0,0,0,8,1,0,0,,0,39 59:59.542,,0,75 11:42.948,0,0,0,0,67301,0,0,0,N,0,0,0,3,68K01,0,,1,1,,N,N,,0,,0,0,0,0,0,,837,0,3,0,0,0,0,0,3,4,0,3,3,,N,,,,,,,,,,,
2009083840,2300.0,2,0,0,0,0,0,0,0,0,4,0,,67,7,2009,2,40.0098,-75.1669,2258.0,6,0,0,0,0,0,0,2,0,,0,0,0,22,3,1,1,,0,40 00:35.623,,0,75 10:00.930,8,0,0,0,67301,0,0,0,N,0,0,0,4,67301,0,,1,1,,N,N,,0,,0,0,0,3,2,,2255,1,2,0,0,4,1,0,3,4,0,2,3,,N,,,,,,,,,,,
2009083849,1934.0,2,0,0,0,0,0,0,0,0,4,0,,67,7,2009,6,40.0414,-75.1201,1932.0,6,0,0,0,0,0,0,0,0,,0,0,0,19,1,0,1,,0,40 02:29.198,,0,75 07:12.381,0,0,0,0,67301,0,0,0,N,0,0,0,3,67301,0,,1,1,,N,N,,0,,0,0,0,3,2,,1910,0,2,0,0,0,0,0,3,4,0,2,3,,N,,,,,,,,,,,
2009065356,1806.0,1,0,0,0,0,0,0,0,0,1,0,,67,5,2009,1,40.0145,-75.1311,1802.0,6,0,0,0,0,0,0,0,0,1.0,0,0,0,18,1,1,5,,1,40 00:52.233,4.0,0,75 07:52.092,4,0,0,0,67301,0,0,0,N,0,0,0,3,67301,1,,1,1,,N,N,,0,,0,0,1,3,2,N,1800,1,2,0,0,1,0,0,3,4,0,2,3,,N,,,,,,,,,,,
2009065389,229.0,1,0,0,0,0,0,0,0,0,7,0,,67,5,2009,1,40.0277,-75.1907,224.0,6,0,0,0,0,0,0,0,0,2.0,0,0,0,2,3,2,0,,1,40 01:39.834,5.0,0,75 11:26.565,4,0,0,0,67301,0,0,0,N,0,0,0,2,67301,2,,5,9,,N,N,,0,,0,0,0,0,0,N,220,2,1,0,0,2,0,0,3,4,0,1,7,,N,,,,,,,,,,,
2009082703,834.0,1,0,0,0,0,0,0,0,0,4,0,,67,6,2009,6,40.0731,-75.1892,824.0,6,0,0,0,0,0,0,0,0,,0,0,0,8,1,1,2,,0,40 04:23.306,,0,75 11:21.255,4,0,0,0,67301,0,0,0,N,0,0,0,2,67301,1,,1,1,,N,N,,1,,0,0,0,3,2,,804,1,2,0,0,1,0,0,3,4,0,2,3,,N,,,,,,,,,,,
2009080405,1003.0,1,0,0,0,0,0,0,0,0,1,0,,67,8,2009,5,40.0404,-75.006,936.0,6,0,0,0,0,0,0,0,0,,0,0,0,9,1,0,0,,0,40 02:25.440,,0,75 00:21.240,0,0,0,0,67301,0,0,0,N,0,0,0,8,68K01,0,,1,9,,N,N,,0,,0,0,1,0,0,,929,0,3,0,0,0,0,0,3,4,1,3,7,,N,,,,,,,,,,,
2009116038,1714.0,3,0,0,0,0,0,0,0,0,1,0,,67,10,2009,6,40.0056,-75.1114,1714.0,6,0,0,0,0,0,0,0,0,,0,0,0,16,1,2,0,,0,40 00:20.322,,0,75 06:41.081,4,0,0,0,67301,0,0,0,N,0,0,0,4,67301,2,,1,1,,N,N,,0,,0,0,0,0,0,,1600,2,3,0,0,0,0,0,3,4,0,3,3,,N,,,,,,,,,,,
2009118968,600.0,2,0,0,0,0,0,0,0,0,4,0,,67,10,2009,2,40.0101,-75.1576,550.0,6,0,0,0,0,0,0,0,0,,0,0,0,5,3,2,1,,0,40 00:36.235,,0,75 09:27.174,3,0,0,0,67301,0,0,0,N,0,0,0,3,67301,0,,1,1,,N,N,,0,,1,0,0,3,2,,545,2,2,0,0,0,1,1,3,4,0,2,3,,N,,,,,,,,,,,
2009113392,1017.0,1,0,0,0,0,0,0,0,0,7,0,,67,10,2009,4,39.9771,-75.1994,1012.0,6,0,0,0,0,0,0,0,0,2.0,0,0,0,10,1,2,7,,2,39 58:37.911,4.0,2,75 11:59.701,8,0,0,0,67301,0,0,0,N,0,0,0,2,68K01,0,,2,1,,N,N,,0,,0,0,0,0,0,Y,1010,2,2,0,0,0,2,0,3,4,0,1,3,,N,,,,,,,,,,,
2009111086,1810.0,0,0,0,0,0,0,0,0,0,8,0,,67,10,2009,6,39.966,-75.2065,1805.0,6,0,0,0,0,0,0,0,0,,0,0,0,18,3,1,2,,0,39 57:57.524,,0,75 12:23.529,8,0,0,0,67301,1,0,0,N,1,0,0,2,67301,0,,1,1,,N,N,,0,,0,0,0,3,3,,1804,1,2,0,0,0,1,1,3,4,0,1,3,,N,,,,,,,,,,,
2009071399,1924.0,3,0,0,0,0,0,0,0,0,4,0,,67,6,2009,5,40.0881,-74.9657,1916.0,6,0,0,0,0,0,1,0,0,,0,0,0,99,1,1,1,,0,40 05:17.189,,0,74 57:56.486,8,0,0,0,67301,0,0,0,N,0,0,0,5,67301,0,,1,9,,N,N,,0,,0,0,0,3,3,,9999,1,3,0,0,0,1,0,3,4,0,3,3,,N,,,,,,,,,,,
2009071419,9999.0,0,0,0,0,0,0,0,0,0,8,0,,67,6,2009,2,39.9903,-75.1271,9999.0,6,0,0,0,0,0,0,0,0,,0,0,0,99,1,1,0,,0,39 59:25.242,,0,75 07:37.548,8,0,0,0,67301,1,0,0,N,1,0,0,2,67301,0,,1,1,,N,N,,0,,0,0,0,3,2,,9999,1,2,0,0,0,1,0,3,4,1,1,3,,N,,,,,,,,,,,
2009063938,1805.0,2,0,0,0,0,0,0,0,0,5,0,,67,5,2009,6,39.9108,-75.2257,1800.0,6,0,0,0,0,0,0,0,0,,0,0,0,17,1,0,0,,0,39 54:38.703,,0,75 13:32.574,0,0,0,0,67301,1,0,0,N,0,0,0,3,67301,0,,1,1,,N,N,,0,,0,0,0,0,0,,1715,0,2,0,0,0,0,0,3,4,0,2,3,,N,,,,,,,,,,,
2009056360,1113.0,1,0,0,0,0,0,0,0,0,4,0,,67,4,2009,4,39.9313,-75.1462,9999.0,6,0,0,0,0,0,0,0,0,,0,0,0,11,1,0,2,,0,39 55:52.723,,0,75 08:46.251,0,0,0,0,67301,0,0,0,N,0,0,0,2,67301,0,,1,1,,,N,,1,,0,0,0,0,0,,1110,0,2,0,0,0,0,0,3,4,0,2,3,,N,,,,,,,,,,,
2009056461,1825.0,2,0,0,0,0,0,0,0,0,1,0,,67,4,2009,2,40.0141,-75.1283,1820.0,6,0,0,0,0,0,1,0,0,9.0,0,0,0,18,1,5,0,,1,40 00:50.936,3.0,0,75 07:41.725,4,0,0,0,67301,0,0,0,N,0,0,0,7,67301,1,,1,1,,N,N,,1,,0,0,0,0,0,N,1818,5,3,0,0,0,4,0,3,4,0,3,3,,N,,,,,,,,,,,
2009056485,1348.0,1,0,0,0,0,0,0,0,0,8,0,,67,5,2009,7,40.0087,-75.1433,1313.0,6,0,0,0,0,0,0,0,0,2.0,0,0,0,13,1,1,0,,2,40 00:31.222,1.0,0,75 08:35.764,8,0,0,0,67301,1,0,0,N,1,0,0,2,67301,0,,1,1,,N,N,,0,,0,0,0,3,3,Y,1300,1,2,0,0,1,1,0,3,4,0,1,3,,N,,,,,,,,,,,
2009056548,845.0,2,0,0,0,0,0,0,0,0,1,0,,67,4,2009,4,39.9025,-75.2248,835.0,6,0,0,0,0,0,1,0,0,,0,0,0,8,1,1,2,,0,39 54:09.142,,0,75 13:29.144,4,0,0,0,67301,0,0,0,,0,0,0,2,67301,1,,1,9,,,,,0,,0,0,0,3,3,,815,1,2,0,0,0,0,0,3,4,0,2,7,,N,,,,,,,,,,,
2009056660,1638.0,5,0,0,0,0,0,0,0,0,1,0,,67,4,2009,5,39.9596,-75.1758,1633.0,6,0,0,2,1,0,0,0,0,2.0,0,0,0,16,1,1,0,,2,39 57:35.073,4.0,0,75 10:36.354,8,0,0,0,67301,0,0,0,N,0,0,0,5,68K01,0,,1,9,,N,N,,0,,0,0,0,0,0,Y,1630,1,5,0,0,0,1,0,3,4,0,5,7,,N,,,,,,,,,,,
2009056661,1318.0,2,0,0,0,0,0,0,0,0,1,0,,67,5,2009,6,39.9904,-75.2052,1318.0,6,0,0,0,1,0,0,0,0,1.0,0,0,0,13,1,0,0,,1,39 59:27.882,3.0,0,75 12:14.885,9,0,0,0,67301,0,0,0,N,0,0,0,5,68K01,0,,1,1,,N,N,,0,,0,0,0,0,0,N,1318,0,3,0,0,0,0,1,3,4,1,3,3,,N,,,,,,,,,,,
2009093411,9999.0,1,0,0,1,0,0,0,0,0,8,0,,67,8,2009,3,39.9746,-75.2196,9999.0,6,0,0,0,0,0,0,0,0,,0,0,0,15,1,1,2,,0,39 58:28.725,,0,75 13:10.433,4,0,0,0,67301,1,0,0,,0,0,0,2,67301,1,,1,1,,,,,0,,0,0,0,0,0,,1500,1,2,0,0,0,0,1,3,4,0,1,3,,N,,,,,,,,,,,
2009081450,1607.0,1,0,0,0,0,0,0,0,0,8,0,,67,6,2009,3,39.9767,-75.1758,1605.0,6,0,0,0,0,0,0,0,0,,0,0,0,16,1,1,0,,0,39 58:36.035,,0,75 10:32.873,3,0,0,0,67301,1,0,0,,1,0,0,2,67301,0,,1,9,,N,N,,0,,1,0,0,3,3,,1605,1,2,0,0,0,0,0,3,4,0,1,3,,N,,,,,,,,,,,
2009078948,300.0,3,0,0,0,0,0,0,0,0,1,0,,67,5,2009,1,40.0203,-75.1529,247.0,6,0,0,0,0,0,0,0,0,3.0,0,0,0,2,3,1,0,,2,40 01:12.895,1.0,0,75 09:10.569,8,0,0,0,67301,1,0,0,N,0,0,0,3,67301,0,,1,9,,N,N,,0,,0,0,0,0,0,Y,247,1,3,0,0,0,1,0,3,4,0,3,7,,N,,,,,,,,,,,
2009081622,1855.0,1,0,0,0,0,0,1,0,0,5,1,,67,7,2009,2,40.1055,-75.0322,1845.0,6,0,0,0,0,0,1,0,0,1.0,0,0,0,18,1,2,0,,1,40 06:19.763,2.0,0,75 01:55.799,4,0,0,0,67301,0,0,0,,0,0,0,3,67301,2,,1,1,,,,,0,,0,0,0,0,0,N,1845,2,2,0,0,0,0,0,3,4,0,2,3,,N,,,,,,,,,,,
2009079123,1405.0,1,0,0,0,0,0,0,0,0,8,0,,67,7,2009,5,39.9942,-75.1114,1400.0,6,0,0,0,0,0,0,0,0,,0,0,0,13,1,1,0,,0,39 59:39.192,,0,75 06:41.141,4,0,0,0,67301,1,0,0,N,1,0,0,2,67301,1,,1,1,,N,N,,0,,0,0,0,0,0,,1300,1,2,0,0,0,0,0,3,4,0,1,3,,N,,,,,,,,,,,
2009079016,2311.0,3,0,0,0,0,0,0,0,0,2,0,,67,7,2009,6,39.9798,-75.2324,2308.0,6,0,0,0,0,0,0,0,0,1.0,0,0,0,23,3,1,1,,2,39 58:47.269,6.0,0,75 13:56.599,4,0,0,0,67301,0,0,0,N,0,0,0,1,67301,1,,2,1,,N,N,,0,,0,0,0,0,0,Y,2307,1,3,0,0,0,0,0,3,4,0,3,3,,N,,,,,,,,,,,
2009079168,9999.0,0,0,0,0,0,0,0,0,0,1,0,,67,7,2009,4,40.0173,-75.1588,9999.0,6,0,0,0,0,0,0,0,0,,0,0,0,6,1,1,0,,0,40 01:02.414,,7,75 09:31.581,3,0,0,0,67301,0,0,0,N,0,0,0,2,67301,0,,1,1,,N,N,,1,,1,0,1,0,0,,600,1,2,0,0,0,0,0,3,4,0,2,3,,N,,,,,,,,,,,
2009065472,2350.0,1,0,0,1,0,0,0,0,0,1,0,,67,5,2009,2,39.9695,-75.1395,2342.0,6,0,0,0,0,0,0,0,0,,0,0,0,23,3,1,1,,0,39 58:10.070,,0,75 08:22.352,4,0,0,0,67301,1,0,0,N,0,0,0,2,67301,1,,1,1,,N,N,,0,,0,0,0,9,2,,2336,1,2,0,0,1,0,0,3,4,0,1,3,,N,,,,,,,,,,,
2009065476,1203.0,2,0,0,0,0,0,0,0,0,5,0,,67,5,2009,7,40.0232,-75.1244,1200.0,6,0,0,0,0,0,2,1,0,1.0,0,0,0,11,1,2,1,,2,40 01:23.484,7.0,0,75 07:27.893,3,0,0,0,67301,0,0,0,,0,0,0,3,67301,1,,1,1,,,,,0,,1,0,1,3,3,Y,1155,2,3,0,0,0,0,0,3,4,0,3,3,,N,,,,,,,,,,,
2009120527,1555.0,1,0,0,0,0,0,0,0,0,8,0,,67,10,2009,7,39.9583,-75.2415,1550.0,6,0,0,0,0,0,0,0,0,,0,0,0,14,1,1,0,,0,39 57:29.923,,0,75 14:29.392,3,0,0,0,67301,1,0,0,N,1,0,0,2,67301,0,,1,9,,N,N,,0,,1,0,0,0,0,,1454,1,2,0,0,0,0,0,3,4,0,1,7,,N,,,,,,,,,,,
2009120591,1240.0,1,0,0,0,0,0,0,0,0,8,0,,67,10,2009,2,39.963,-75.1662,1230.0,6,0,0,0,0,0,0,0,0,,0,0,0,12,1,1,1,,0,39 57:46.788,,0,75 09:58.411,4,0,0,0,67301,1,0,0,N,1,0,0,2,67301,1,,1,1,,N,N,,0,,0,0,0,3,2,,1225,1,2,0,0,0,0,0,3,4,0,1,3,,N,,,,,,,,,,,
2009120722,1535.0,1,0,0,0,0,0,0,0,0,8,0,,67,11,2009,3,40.0421,-75.1027,1533.0,6,0,0,0,0,0,0,0,0,3.0,0,0,0,15,1,2,1,,2,40 02:31.570,5.0,0,75 06:09.871,2,0,0,0,67301,2,0,1,N,2,0,1,3,67301,0,,1,1,,N,Y,,0,,1,1,0,3,3,Y,1533,2,3,0,0,0,0,1,3,4,0,1,3,,N,,,,,,,,,,,
2009071400,300.0,0,0,0,0,0,0,0,0,0,7,0,,67,6,2009,7,40.0414,-75.0283,300.0,6,0,0,0,0,0,0,0,0,,0,0,0,2,3,1,1,,0,40 02:28.908,,0,75 01:41.719,4,0,0,0,67301,0,0,0,N,0,0,0,1,67301,1,,5,1,,N,N,,0,,0,0,1,3,2,,259,1,1,0,0,1,0,0,3,4,0,1,3,,N,,,,,,,,,,,
2009071411,1350.0,1,0,1,0,0,0,0,0,0,1,1,,67,5,2009,2,40.0149,-75.1772,1342.0,6,0,0,0,0,0,1,0,0,3.0,0,1,0,13,1,1,0,,2,40 00:53.600,1.0,0,75 10:37.747,2,0,0,0,67301,0,0,0,N,0,0,0,2,67301,0,,1,1,,N,N,,0,,0,1,0,0,0,Y,1340,1,2,0,0,1,0,0,3,4,0,2,3,,N,,,,,,,,,,,
2009061114,1541.0,1,0,0,0,0,0,0,0,0,5,0,,67,6,2009,6,39.9587,-75.1687,1530.0,6,0,0,0,0,0,0,0,0,1.0,0,0,0,15,1,1,0,,1,39 57:31.320,4.0,0,75 10:07.320,4,0,0,0,67301,0,0,0,N,0,0,0,2,68K01,1,,1,9,,N,N,,0,,0,0,1,0,0,N,1525,1,2,0,0,0,0,0,3,4,0,2,7,,N,,,,,,,,,,,
2009063730,830.0,1,0,0,0,0,0,0,0,0,8,0,,67,4,2009,6,39.9558,-75.236,830.0,6,0,0,0,0,0,0,0,0,,0,0,0,8,1,1,1,,0,39 57:20.998,,0,75 14:09.675,4,0,0,0,67301,1,0,0,N,1,0,0,2,67301,1,,1,1,,N,N,,0,,0,0,0,3,2,,810,1,2,0,0,0,0,0,3,4,0,1,3,,N,,,,,,,,,,,
2009063766,215.0,2,0,0,0,0,0,0,0,0,1,0,,67,5,2009,1,40.0204,-75.1544,207.0,6,0,0,0,0,0,0,0,0,2.0,0,0,0,2,3,2,7,,1,40 01:13.494,1.0,2,75 09:15.812,3,0,0,0,67301,0,0,0,Y,0,0,0,3,67301,1,,1,9,,N,N,,0,,1,0,0,0,0,N,207,2,2,0,0,0,0,0,3,4,0,2,7,,N,,,,,,,,,,,
2009063823,2055.0,2,0,0,0,0,0,0,0,0,1,0,,67,5,2009,4,39.9484,-75.2192,2051.0,6,0,0,0,0,0,0,0,1,,0,0,0,20,3,1,0,,0,39 56:54.207,,0,75 13:09.057,8,0,0,0,67301,0,0,0,N,0,0,0,2,67301,0,,1,1,,N,N,,0,,0,0,0,0,0,,2048,1,2,0,0,0,1,0,3,4,0,2,3,,N,,,,,,,,,,,
2009063833,852.0,2,0,0,0,0,0,0,0,0,4,0,,67,5,2009,6,40.001,-75.1001,850.0,6,0,0,0,0,0,0,1,0,,0,0,0,8,1,1,1,,0,40 00:03.453,,0,75 06:00.194,8,0,0,0,67301,0,0,0,N,0,0,0,2,67301,0,,1,1,,N,N,,0,,0,0,0,3,2,,850,1,2,0,0,0,1,0,3,4,0,2,3,,N,,,,,,,,,,,
2009063865,1510.0,0,0,0,0,0,0,0,0,0,8,0,,67,5,2009,5,39.9721,-75.2345,1509.0,6,0,0,0,0,0,0,0,0,,0,0,0,15,1,1,1,,0,39 58:19.405,,0,75 14:04.243,4,0,0,0,67301,1,0,0,N,1,0,0,2,67301,1,,1,9,,N,N,,0,,0,0,1,3,3,,1508,1,2,0,0,0,0,0,3,4,0,1,7,,N,,,,,,,,,,,
2009063892,231.0,1,0,0,0,0,0,0,0,0,1,0,,67,5,2009,6,39.9692,-75.2284,226.0,6,0,0,0,0,0,1,0,0,,0,0,0,2,3,1,1,,0,39 58:09.192,,0,75 13:42.211,4,0,0,0,67301,0,0,0,,0,0,0,2,67301,1,,1,9,,,,,0,,0,0,0,3,3,,200,1,2,0,0,0,0,1,3,4,0,2,3,,N,,,,,,,,,,,
2009058883,725.0,1,0,0,0,0,0,0,0,0,7,0,,67,5,2009,3,40.1028,-75.0039,720.0,6,0,0,0,0,0,0,0,0,1.0,0,0,0,7,1,1,0,,1,40 06:10.066,1.0,0,75 00:14.201,8,0,0,0,67301,0,0,0,N,0,0,0,1,67301,0,,2,9,,N,N,,0,,0,0,0,0,0,N,720,1,1,0,0,0,1,0,3,4,0,1,7,,N,,,,,,,,,,,
2009063972,1430.0,2,0,0,0,0,0,0,0,0,5,0,,67,5,2009,4,40.0613,-75.0518,1420.0,6,0,0,0,0,0,1,0,1,,0,0,0,14,1,1,1,,0,40 03:40.656,,0,75 03:06.510,4,0,0,0,67301,0,0,0,N,0,0,0,3,67301,1,,1,1,,N,N,,0,,0,0,0,0,0,,1410,1,2,0,0,0,0,0,3,4,0,2,3,,N,,,,,,,,,,,
2009056574,0.0,1,0,0,0,0,0,0,0,0,7,0,,67,5,2009,3,39.9827,-75.2271,2355.0,6,0,0,0,0,0,1,0,0,2.0,0,0,0,23,3,2,5,,1,39 58:57.691,2.0,0,75 13:37.585,4,0,0,0,67301,0,0,0,,0,0,0,2,67301,1,,4,9,,,,,0,,0,0,0,3,2,Y,2340,2,1,0,0,0,1,0,3,4,0,1,7,,N,,,,,,,,,,,
2009093179,935.0,2,0,0,0,0,0,0,0,0,7,0,,67,8,2009,3,39.9991,-75.2309,915.0,6,0,0,0,0,0,0,0,1,,0,0,0,99,1,1,0,,0,40 00:00.212,,0,75 13:43.787,3,0,0,0,67301,2,0,0,,1,0,0,3,67301,0,,5,1,,,,,0,,1,0,1,3,2,,9999,1,4,0,0,0,0,0,3,4,0,3,3,,N,,,,,,,,,,,