CRN,ARRIVAL_TM,AUTOMOBILE_COUNT,BELTED_DEATH_COUNT,BELTED_SUSP_SERIOUS_INJ_COUNT,BICYCLE_COUNT,BICYCLE_DEATH_COUNT,BICYCLE_SUSP_SERIOUS_INJ_COUNT,BUS_COUNT,CHLDPAS_DEATH_COUNT,CHLDPAS_SUSP_SERIOUS_INJ_COUNT,COLLISION_TYPE,COMM_VEH_COUNT,CONS_ZONE_SPD_LIM,COUNTY,CRASH_MONTH,CRASH_YEAR,DAY_OF_WEEK,DEC_LAT,DEC_LONG,DISPATCH_TM,DISTRICT,DRIVER_COUNT_16YR,DRIVER_COUNT_17YR,DRIVER_COUNT_18YR,DRIVER_COUNT_19YR,DRIVER_COUNT_20YR,DRIVER_COUNT_50_64YR,DRIVER_COUNT_65_74YR,DRIVER_COUNT_75PLUS,EST_HRS_CLOSED,FATAL_COUNT,HEAVY_TRUCK_COUNT,HORSE_BUGGY_COUNT,HOUR_OF_DAY,ILLUMINATION,INJURY_COUNT,INTERSECT_TYPE,INTERSECTION_RELATED,LANE_CLOSED,LATITUDE,LN_CLOSE_DIR,LOCATION_TYPE,LONGITUDE,MAX_SEVERITY_LEVEL,MCYCLE_DEATH_COUNT,MCYCLE_SUSP_SERIOUS_INJ_COUNT,MOTORCYCLE_COUNT,MUNICIPALITY,NONMOTR_COUNT,NONMOTR_DEATH_COUNT,NONMOTR_SUSP_SERIOUS_INJ_COUNT,NTFY_HIWY_MAINT,PED_COUNT,PED_DEATH_COUNT,PED_SUSP_SERIOUS_INJ_COUNT,PERSON_COUNT,POLICE_AGCY,POSSIBLE_INJ_COUNT,RDWY_SURF_TYPE_CD,RELATION_TO_ROAD,ROAD_CONDITION,ROADWAY_CLEARED,SCH_BUS_IND,SCH_ZONE_IND,SECONDARY_CRASH,SMALL_TRUCK_COUNT,SPEC_JURIS_CD,SUSP_MINOR_INJ_COUNT,SUSP_SERIOUS_INJ_COUNT,SUV_COUNT,TCD_FUNC_CD,TCD_TYPE,TFC_DETOUR_IND,TIME_OF_DAY,TOT_INJ_COUNT,TOTAL_UNITS,UNB_DEATH_COUNT,UNB_SUSP_SERIOUS_INJ_COUNT,UNBELTED_OCC_COUNT,UNK_INJ_DEG_COUNT,UNK_INJ_PER_COUNT,URBAN_AREA,URBAN_RURAL,VAN_COUNT,VEHICLE_COUNT,WEATHER1,WEATHER2,WORK_ZONE_IND,WORK_ZONE_LOC,WORK_ZONE_TYPE,WORKERS_PRES,WZ_CLOSE_DETOUR,WZ_FLAGGER,WZ_LAW_OFFCR_IND,WZ_LN_CLOSURE,WZ_MOVING,WZ_OTHER,WZ_SHLDER_MDN,WZ_WORKERS_INJ_KILLED
2009093421,1905.0,4,0,0,0,0,0,0,0,0,1,0,,67,8,2009,2,39.9987,-75.12,1900.0,6,0,0,0,0,0,0,0,0,,0,0,0,18,1,0,0,,0,39 59:55.188,,0,75 07:12.170,9,0,0,0,67301,0,0,0,N,0,0,0,1,67301,0,,6,1,,N,N,,0,,0,0,0,0,0,,1800,0,4,0,0,0,0,1,3,4,0,4,3,,N,,,,,,,,,,,
2009088075,1409.0,0,0,0,0,0,0,0,0,0,1,0,,67,8,2009,6,39.9921,-75.2017,1350.0,6,0,0,0,0,0,0,0,0,,0,0,0,13,1,1,0,,0,39 59:34.080,,0,75 12:01.800,4,0,0,0,67301,0,0,0,N,0,0,0,2,68K01,1,,1,1,,N,N,,0,,0,0,1,0,0,,1345,1,2,0,0,1,0,0,3,4,1,2,3,,N,,,,,,,,,,,
2009085902,1615.0,2,0,0,0,0,0,0,0,0,1,0,,67,7,2009,5,39.9802,-75.1575,1612.0,6,0,0,0,0,0,2,0,0,1.0,0,0,0,16,1,1,0,,1,39 58:48.670,1.0,0,75 09:26.905,8,0,0,0,67301,0,0,0,N,0,0,0,2,67301,0,,1,1,,N,N,,0,,0,0,0,0,0,N,1612,1,2,0,0,0,1,0,3,4,0,2,3,,N,,,,,,,,,,,
2009086100,1048.0,0,0,0,0,0,0,0,0,0,8,0,,67,7,2009,6,39.9442,-75.1772,1046.0,6,0,0,0,0,0,0,0,0,,0,0,0,10,1,1,1,,0,39 56:39.152,,0,75 10:37.786,4,0,0,0,67301,1,0,0,N,1,0,0,2,67301,1,,4,1,,N,N,,1,,0,0,0,3,3,,1045,1,2,0,0,0,0,0,3,4,0,1,3,,N,,,,,,,,,,,
2009083870,2110.0,1,0,0,1,0,1,0,0,0,4,0,,67,7,2009,4,40.004,-75.1254,2105.0,6,0,0,0,0,0,0,0,0,,0,0,0,19,1,1,2,,0,40 00:14.367,,0,75 07:31.511,2,0,0,0,67301,1,0,1,N,0,0,0,2,67301,0,,1,1,,N,N,,0,,0,1,0,9,9,,1905,1,2,0,0,0,0,0,3,4,0,1,3,,N,,,,,,,,,,,
2009079289,1902.0,1,0,0,0,0,0,0,0,0,0,0,,67,7,2009,5,40.0064,-75.1327,1901.0,6,0,0,0,0,0,0,0,0,,0,0,0,19,1,1,0,,0,40 00:23.174,,0,75 07:57.559,3,0,0,0,67301,0,0,0,,0,0,0,1,67301,0,,1,1,,N,N,,0,,1,0,1,0,0,,1901,1,2,0,0,1,0,0,3,4,0,2,3,,N,,,,,,,,,,,
2009079304,1805.0,1,0,0,2,0,0,0,0,0,4,0,,67,6,2009,3,40.0214,-75.1485,1800.0,6,0,0,0,0,0,0,0,0,,0,0,0,18,1,2,1,,0,40 01:16.956,,0,75 08:54.571,4,0,0,0,67301,2,0,0,N,0,0,0,3,67301,2,,1,1,,N,N,,0,,0,0,0,3,2,,1800,2,3,0,0,0,0,0,3,4,0,1,3,,N,,,,,,,,,,,
2009079037,1521.0,0,0,0,0,0,0,0,0,0,1,0,99.0,67,7,2009,1,40.0096,-75.1873,1516.0,6,0,0,0,0,0,1,0,0,,0,0,0,15,1,1,6,,0,40 00:34.498,,2,75 11:14.124,4,0,0,0,67301,0,0,0,,0,0,0,3,67301,1,,1,1,,N,N,,1,,0,0,1,0,0,,1507,1,2,0,0,0,0,0,3,4,0,2,3,,Y,8.0,8.0,U,U,U,U,U,U,U,U,
2009079181,1455.0,0,0,0,0,0,0,0,0,0,0,0,,67,7,2009,1,39.9643,-75.1763,1454.0,6,0,0,0,0,0,1,0,0,,0,0,0,99,1,1,0,,0,39 57:51.592,,0,75 10:34.579,4,0,0,1,67301,0,0,0,N,0,0,0,1,67301,1,,1,2,,N,N,,0,,0,0,0,0,0,,9999,1,1,0,0,0,0,0,3,4,0,1,3,,N,,,,,,,,,,,
2009079238,1711.0,2,0,0,0,0,0,0,0,0,4,0,,67,7,2009,1,40.037,-75.195,1705.0,6,0,0,0,0,0,1,0,0,,0,0,0,17,1,1,1,,0,40 02:13.039,,0,75 11:41.981,4,0,0,0,67301,0,0,0,N,0,0,0,2,67301,1,,1,1,,N,N,,0,,0,0,0,3,3,,1700,1,2,0,0,0,0,0,3,4,0,2,3,,N,,,,,,,,,,,
2009079272,1130.0,1,0,0,0,0,0,0,0,0,8,0,,67,7,2009,3,39.9915,-75.1226,1120.0,6,0,0,0,0,0,0,0,0,,0,0,0,11,1,1,5,,0,39 59:29.295,,0,75 07:21.395,2,0,0,0,67301,1,0,1,N,1,0,1,2,67301,0,,1,1,,N,N,,0,,0,1,0,3,2,,1115,1,2,0,0,0,0,0,3,4,0,1,3,,N,,,,,,,,,,,
2009074553,1308.0,1,0,0,0,0,0,0,0,0,4,0,99.0,67,6,2009,5,39.9883,-75.254,1303.0,6,0,0,0,0,1,0,0,0,9.0,0,0,0,12,1,2,1,,1,39 59:17.883,4.0,0,75 15:14.303,4,0,0,0,67301,0,0,0,N,0,0,0,2,67301,2,,1,9,,N,N,,0,,0,0,1,3,2,N,1250,2,2,0,0,0,0,0,3,4,0,2,7,,Y,4.0,1.0,Y,U,Y,Y,Y,U,U,U,
2009074557,1328.0,1,0,0,0,0,0,0,0,0,8,0,,67,6,2009,6,40.0477,-75.06,1320.0,6,0,0,0,0,0,0,0,0,,0,0,0,13,1,2,1,,0,40 02:51.581,,0,75 03:35.828,3,0,0,0,67301,2,0,0,,2,0,0,4,67301,0,,1,9,,,,,0,,2,0,0,3,2,,1315,2,3,0,0,0,0,0,3,4,0,1,7,,N,,,,,,,,,,,
2009065282,1440.0,1,0,0,0,0,0,0,0,0,8,0,,67,5,2009,4,39.9555,-75.2136,1440.0,6,0,0,0,0,0,0,0,0,,0,0,0,14,1,1,1,,0,39 57:19.761,,0,75 12:48.923,4,0,0,0,67301,1,0,0,N,1,0,0,3,67301,1,,1,1,,N,N,,0,,0,0,0,3,2,,1440,1,2,0,0,0,0,0,3,4,0,1,3,,N,,,,,,,,,,,
2009060518,321.0,1,0,0,0,0,0,0,0,0,7,0,,67,6,2009,1,39.9612,-75.1823,321.0,6,0,0,0,0,0,0,0,0,,0,0,0,3,3,0,0,,0,39 57:41.390,,0,75 10:57.211,0,0,0,0,67301,0,0,0,N,0,0,0,1,68K01,0,,2,9,,N,N,,0,,0,0,0,0,0,,320,0,1,0,0,0,0,0,3,4,0,1,3,,N,,,,,,,,,,,
2009063404,1912.0,1,0,0,0,0,0,0,0,0,7,0,,67,5,2009,1,40.0531,-74.987,1906.0,6,0,0,0,0,0,0,0,0,,0,0,0,19,4,0,0,,0,40 03:10.894,,0,74 59:13.360,0,0,0,0,67301,0,0,0,N,0,0,0,1,68K01,0,,2,9,,N,N,,0,,0,0,0,0,0,,1904,0,1,0,0,0,0,0,3,4,0,1,7,,N,,,,,,,,,,,
2009053609,843.0,1,0,0,0,0,0,0,0,0,1,0,,67,1,2009,5,39.8905,-75.2341,839.0,6,0,0,0,0,0,1,0,0,,0,0,0,6,1,1,3,,0,39 53:29.760,,0,75 14:04.920,3,0,0,0,67301,0,0,0,N,0,0,0,2,67301,0,,1,1,,N,N,,1,,1,0,0,3,4,,605,1,2,0,0,0,0,0,3,4,0,2,3,,N,,,,,,,,,,,
2009092928,1150.0,4,0,0,0,0,0,0,0,0,2,0,,67,8,2009,7,39.9909,-75.1316,1150.0,6,0,0,0,0,0,0,0,0,,0,0,0,11,1,0,0,,0,39 59:27.337,,0,75 07:53.786,0,0,0,0,67301,0,0,0,,0,0,0,3,67301,0,,1,1,,,,,1,,0,0,0,0,0,,1150,0,5,0,0,0,0,0,3,4,0,5,3,,N,,,,,,,,,,,
2009092982,1841.0,0,0,0,0,0,0,0,0,0,1,0,,67,8,2009,5,39.9914,-75.2198,1831.0,6,0,0,0,0,0,0,0,0,,0,0,0,18,1,1,3,,0,39 59:28.951,,0,75 13:11.128,4,0,0,0,67301,0,0,0,,0,0,0,2,67301,1,,1,1,,,,,0,,0,0,2,0,0,,1827,1,2,0,0,0,0,0,3,4,0,2,3,,N,,,,,,,,,,,
2009093169,2220.0,2,0,0,0,0,0,0,0,0,1,0,,67,8,2009,6,39.9561,-75.2386,2215.0,6,0,0,0,0,0,0,0,0,,0,0,0,22,3,1,0,,0,39 57:22.089,,0,75 14:18.963,4,0,0,0,67301,0,0,0,N,0,0,0,2,67301,1,,1,9,,N,N,,0,,0,0,0,0,0,,2215,1,2,0,0,0,0,0,3,4,0,2,7,,N,,,,,,,,,,,
2009093026,1450.0,2,0,0,0,0,0,0,0,0,6,0,,67,8,2009,3,39.9704,-75.214,1444.0,6,0,0,0,0,0,0,0,0,,0,0,0,14,1,1,0,,0,39 58:13.229,,0,75 12:50.345,4,0,0,0,67301,0,0,0,N,0,0,0,2,67301,1,,1,1,,N,N,,0,,0,0,0,0,0,,1444,1,2,0,0,0,0,0,3,4,0,2,3,,N,,,,,,,,,,,
2009069677,1124.0,1,0,0,0,0,0,0,0,0,8,0,,67,6,2009,7,40.0379,-75.1302,1122.0,6,0,0,0,0,0,0,0,0,,0,0,0,11,1,1,1,,0,40 02:16.612,,0,75 07:48.705,4,0,0,0,67301,1,0,0,N,1,0,0,2,67301,1,,1,1,,N,N,,0,,0,0,0,3,2,,1115,1,2,0,0,0,0,0,3,4,0,1,3,,N,,,,,,,,,,,
2009067095,401.0,1,0,0,0,0,0,0,0,0,8,0,,67,5,2009,1,39.9762,-75.2267,401.0,6,0,0,0,0,0,0,0,0,,0,0,0,4,3,1,5,,0,39 58:34.180,,0,75 13:36.167,8,0,0,0,67301,1,0,0,,1,0,0,3,67301,0,,1,1,,,,,0,,0,0,0,9,2,,401,1,2,0,0,0,1,0,3,4,0,1,3,,N,,,,,,,,,,,
2009067256,1917.0,2,0,0,0,0,0,0,0,0,1,0,,67,6,2009,3,40.0506,-75.1421,1908.0,6,0,0,0,0,0,1,0,0,,0,0,0,19,1,2,1,,0,40 03:02.097,,0,75 08:31.585,8,0,0,0,67301,0,0,0,N,0,0,0,4,67301,0,,1,1,,N,N,,0,,0,0,0,3,2,,1908,2,2,0,0,2,2,0,3,4,0,2,3,,N,,,,,,,,,,,
2009067467,2201.0,1,0,0,0,0,0,0,0,0,8,0,,67,5,2009,5,39.9228,-75.2384,2151.0,6,0,0,0,0,1,0,0,0,,0,0,0,21,3,1,1,,0,39 55:21.975,,0,75 14:18.329,4,0,0,0,67301,1,0,0,N,1,0,0,2,67301,1,,1,1,,N,N,,0,,0,0,0,3,2,,2143,1,2,0,0,0,0,0,3,4,0,1,3,,N,,,,,,,,,,,
2009111426,1016.0,1,0,0,0,0,0,0,0,0,8,0,,67,10,2009,4,40.048,-75.0604,1014.0,6,0,0,0,0,0,0,0,0,3.0,2,0,0,10,1,1,0,,2,40 02:52.855,6.0,0,75 03:37.409,1,0,0,0,67301,2,2,0,N,2,2,0,4,67301,1,2.0,1,1,,N,N,,0,0.0,0,0,0,0,0,Y,1014,1,3,0,0,0,0,0,3,4,0,1,3,,N,,,,,,,,,,,
2009080439,1925.0,2,0,0,0,0,0,0,0,0,4,0,,67,7,2009,3,40.0062,-75.1031,1925.0,6,0,0,0,0,0,1,0,0,,0,0,0,19,1,1,2,,0,40 00:22.381,,0,75 06:11.300,4,0,0,0,67301,0,0,0,N,0,0,0,2,67301,1,,1,1,,N,N,,0,,0,0,1,9,3,,1925,1,3,0,0,0,0,0,3,4,0,3,3,,N,,,,,,,,,,,
2009080440,1906.0,2,0,0,0,0,0,0,0,0,4,0,,67,7,2009,5,40.0511,-75.0745,1903.0,6,0,0,0,0,0,1,0,0,,0,0,0,19,1,3,1,,0,40 03:04.104,,0,75 04:28.081,8,0,0,0,67301,0,0,0,N,0,0,0,4,67301,0,,1,1,,N,N,,0,,0,0,0,3,3,,1900,3,2,0,0,0,3,0,3,4,0,2,3,,N,,,,,,,,,,,
2009118972,2150.0,1,0,0,0,0,0,0,0,0,4,0,,67,10,2009,2,39.9913,-75.1349,2145.0,6,0,0,0,0,0,0,0,0,,0,0,0,21,3,3,1,,0,39 59:28.846,,0,75 08:05.483,3,0,0,0,67301,0,0,0,N,0,0,0,4,67301,2,,1,1,,N,N,,1,,1,0,0,3,2,,2140,3,2,0,0,0,0,0,3,4,0,2,3,,N,,,,,,,,,,,
2009111201,825.0,1,0,0,0,0,0,0,0,0,4,0,,67,10,2009,6,40.0341,-75.0848,822.0,6,0,0,0,0,0,0,0,0,,0,0,0,8,1,1,1,,0,40 02:02.626,,0,75 05:05.182,4,0,0,0,67301,0,0,0,,0,0,0,4,67301,1,,1,9,,,,,0,,0,0,1,3,3,,820,1,2,0,0,0,0,0,3,4,0,2,7,,N,,,,,,,,,,,
2009115674,1054.0,1,0,0,0,0,0,0,0,0,5,1,,67,11,2009,2,39.9749,-75.1945,1041.0,6,0,0,0,0,0,1,0,0,1.0,0,1,0,10,1,2,0,,1,39 58:32.978,3.0,0,75 11:42.589,4,0,0,0,67301,0,0,0,N,0,0,0,4,68K01,2,,1,1,,N,N,,0,,0,0,0,0,0,N,1038,2,2,0,0,0,0,0,3,4,0,2,3,,N,,,,,,,,,,,
2009116713,1631.0,2,0,0,0,0,0,0,0,0,1,0,,67,11,2009,2,39.9074,-75.1497,1631.0,6,0,0,0,0,0,0,0,0,1.0,0,0,0,16,4,0,0,,1,39 54:28.043,2.0,0,75 08:58.599,0,0,0,0,67301,0,0,0,N,0,0,0,3,68K01,0,,1,1,,N,N,,0,,0,0,1,0,0,Y,1631,0,3,0,0,0,0,0,3,4,0,3,3,,N,,,,,,,,,,,
2009058603,1714.0,2,0,0,0,0,0,0,0,0,1,0,,67,5,2009,5,40.0025,-75.0782,1705.0,6,0,0,0,0,1,1,0,0,1.0,0,0,0,17,1,0,0,,1,40 00:08.514,2.0,0,75 04:41.912,0,0,0,0,67301,0,0,0,N,0,0,0,7,68K01,0,,1,1,,N,N,,0,,0,0,2,0,0,N,1700,0,4,0,0,0,0,0,3,4,0,4,3,,N,,,,,,,,,,,
2009058608,1017.0,2,0,0,0,0,0,0,0,0,1,0,,67,6,2009,2,39.9596,-75.1756,1004.0,6,0,0,0,0,0,0,0,0,,0,0,0,10,1,1,0,,0,39 57:34.985,,0,75 10:35.659,4,0,0,0,67301,0,0,0,N,0,0,0,2,68K01,1,,1,1,,N,N,,0,,0,0,0,0,0,,1000,1,2,0,0,0,0,0,3,4,0,2,3,,N,,,,,,,,,,,
2009063695,642.0,1,0,0,0,0,0,0,0,0,4,0,,67,5,2009,2,39.9797,-75.2689,636.0,6,0,0,0,0,0,0,0,0,,0,0,0,6,1,0,0,,0,39 58:47.191,,0,75 16:08.176,0,0,0,0,67301,0,0,0,,0,0,0,2,67301,0,,1,1,,N,,,0,,0,0,1,0,0,,626,0,2,0,0,0,0,0,3,4,0,2,3,,N,,,,,,,,,,,
2009063812,1600.0,2,0,0,0,0,0,0,0,0,6,0,,67,5,2009,6,40.0549,-75.1802,1555.0,6,0,0,0,0,1,0,0,0,,0,0,0,13,1,1,2,,0,40 03:17.807,,0,75 10:48.824,8,0,0,0,67301,0,0,0,N,0,0,0,2,67301,0,,1,9,,N,N,,0,,0,0,0,3,2,,1354,1,2,0,0,0,1,0,3,4,0,2,7,,N,,,,,,,,,,,
2009063879,1652.0,2,0,0,0,0,0,0,0,0,1,0,,67,5,2009,6,40.038,-75.1399,1650.0,6,0,0,0,0,0,0,0,0,,0,0,0,16,1,1,0,,0,40 02:16.705,,0,75 08:23.485,4,0,0,0,67301,0,0,0,N,0,0,0,1,67301,1,,6,1,,N,N,,0,,0,0,0,0,0,,1615,1,2,0,0,1,0,0,3,4,0,2,3,,N,,,,,,,,,,,
2009063926,145.0,2,0,0,0,0,0,0,0,0,4,0,,67,5,2009,1,39.9451,-75.1614,137.0,6,0,0,0,0,0,0,0,0,,0,0,0,1,3,2,1,,0,39 56:42.324,,0,75 09:40.921,4,0,0,0,67301,0,0,0,,0,0,0,5,67301,2,,1,9,,N,N,,0,,0,0,0,3,2,,137,2,2,0,0,2,0,0,3,4,0,2,7,,N,,,,,,,,,,,
2009053873,1651.0,0,0,0,0,0,0,0,0,0,1,0,,67,4,2009,5,39.9123,-75.1487,1651.0,6,0,0,0,0,0,0,0,0,,0,0,0,16,1,1,0,,0,39 54:44.448,,0,75 08:55.312,8,0,0,0,67301,0,0,0,N,0,0,0,2,68K01,0,,1,1,,N,N,,0,,0,0,2,0,0,,1651,1,2,0,0,0,1,0,3,4,0,2,3,,N,,,,,,,,,,,
2009056546,739.0,2,0,0,0,0,0,0,0,0,4,0,,67,4,2009,5,39.97,-75.2082,735.0,6,1,0,0,0,0,1,0,0,,0,0,0,7,1,1,1,,0,39 58:12.104,,0,75 12:29.649,8,0,0,0,67301,0,0,0,N,0,0,0,2,67301,0,,1,1,,N,N,,0,,0,0,0,3,3,,732,1,2,0,0,0,1,0,3,4,0,2,3,,N,,,,,,,,,,,
2009093184,1650.0,2,0,0,0,0,0,0,0,0,1,0,,67,8,2009,5,40.0348,-75.0711,1644.0,6,0,0,0,0,0,0,0,0,1.0,0,0,0,16,1,1,1,,1,40 02:05.146,1.0,0,75 04:15.791,8,0,0,0,67301,0,0,0,N,0,0,0,4,67301,0,,1,1,,N,N,,0,,0,0,0,3,2,N,1635,1,2,0,0,0,1,0,3,4,0,2,3,,N,,,,,,,,,,,
2009085527,1611.0,2,0,0,0,0,0,0,0,0,1,0,,67,8,2009,5,40.0016,-75.195,1606.0,6,0,0,0,1,0,0,0,0,,0,0,0,16,1,0,0,,0,40 00:06.120,,0,75 11:41.640,0,0,0,0,67301,0,0,0,N,0,0,0,5,68K01,0,,1,9,,N,N,,0,,0,0,2,0,0,,1603,0,4,0,0,0,0,0,3,4,0,4,7,,N,,,,,,,,,,,
2009085857,1544.0,1,0,0,0,0,0,0,0,0,1,0,,67,8,2009,6,39.9756,-75.1154,1520.0,6,0,0,0,0,0,0,0,0,1.0,0,0,0,15,1,1,0,,2,39 58:34.650,1.0,0,75 06:52.240,8,0,0,0,67301,0,0,0,N,0,0,0,3,68K01,0,,1,1,,N,N,,1,,0,0,0,0,0,N,1515,1,3,0,0,0,1,1,3,4,0,3,3,,N,,,,,,,,,,,
2009065634,0.0,2,0,0,0,0,0,0,0,0,5,0,,67,1,2009,1,39.9681,-75.2314,0.0,6,0,0,0,0,0,0,0,0,,0,0,0,12,8,2,0,,0,39 58:05.127,,7,75 13:53.090,8,0,0,0,67301,0,0,0,N,0,0,0,4,00000,0,,1,1,,N,N,,0,,0,0,0,0,0,,1215,2,2,0,0,1,2,1,3,4,0,2,3,,N,,,,,,,,,,,
2009078884,1641.0,1,0,0,0,0,0,0,0,0,8,0,,67,7,2009,1,40.0507,-75.1733,1639.0,6,0,0,0,0,0,0,1,0,,0,0,0,16,1,1,1,,0,40 03:02.401,,0,75 10:23.780,4,0,0,0,67301,1,0,0,N,1,0,0,2,67301,1,,1,1,,N,N,,0,,0,0,0,3,2,,1630,1,2,0,0,0,0,0,3,4,0,1,3,,N,,,,,,,,,,,
2009079090,1145.0,2,0,0,0,0,0,0,0,0,4,0,,67,7,2009,7,40.0325,-75.102,1139.0,6,0,0,0,0,0,2,0,0,1.0,0,0,0,11,1,0,0,,1,40 01:56.947,1.0,7,75 06:07.338,0,0,0,0,67301,0,0,0,N,0,0,0,2,67301,0,,1,1,,N,N,,0,,0,0,0,0,0,N,1130,0,2,0,0,0,0,0,3,4,0,2,3,,N,,,,,,,,,,,
2009079118,1335.0,2,0,0,0,0,0,0,0,0,4,0,,67,7,2009,6,40.0274,-75.2097,1330.0,6,0,0,0,0,0,1,0,1,,0,0,0,13,1,1,0,,0,40 01:38.685,,7,75 12:34.852,4,0,0,0,67301,0,0,0,,0,0,0,2,67301,1,,1,1,,N,,,0,,0,0,0,0,0,,1325,1,2,0,0,0,0,0,3,4,0,2,3,,N,,,,,,,,,,,
2009079297,1832.0,1,0,0,1,0,0,0,0,0,4,0,,67,7,2009,4,39.9683,-75.2044,1832.0,6,0,0,0,0,0,0,0,0,,0,0,0,18,1,1,1,,0,39 58:05.980,,0,75 12:15.721,8,0,0,0,67301,1,0,0,N,0,0,0,3,67301,0,,1,1,,N,N,,0,,0,0,0,3,3,,1830,1,2,0,0,0,1,0,3,4,0,1,3,,N,,,,,,,,,,,
2009079303,758.0,0,0,0,0,0,0,0,0,0,8,0,,67,7,2009,6,39.9339,-75.1736,756.0,6,0,0,0,0,0,0,0,0,,0,0,0,7,1,1,0,,0,39 56:02.197,,0,75 10:24.947,4,0,0,0,67301,1,0,0,N,1,0,0,2,67301,1,,1,1,,N,N,,0,,0,0,0,0,0,,750,1,2,0,0,0,0,0,3,4,0,1,3,,N,,,,,,,,,,,
2009079125,1948.0,0,0,0,0,0,0,0,0,0,8,0,,67,7,2009,7,39.9822,-75.1317,1942.0,6,0,0,0,0,0,0,0,0,,0,0,0,19,1,1,1,,0,39 58:55.750,,0,75 07:54.137,8,0,0,0,67301,1,0,0,,1,0,0,2,67301,0,,1,1,,,,,1,,0,0,0,3,3,,1900,1,2,0,0,0,1,0,3,4,0,1,3,,N,,,,,,,,,,,
2009072024,1405.0,2,0,0,0,0,0,0,0,0,1,0,,67,6,2009,2,,,1400.0,6,0,0,0,0,0,0,0,0,1.0,0,0,0,13,1,1,0,,2,,2.0,0,,4,0,0,0,67301,0,0,0,N,0,0,0,2,67301,1,,1,1,,N,N,,0,,0,0,0,0,0,N,1359,1,2,0,0,0,0,0,3,3,0,2,3,,N,,,,,,,,,,,
2009074571,1021.0,2,0,0,0,0,0,0,0,0,1,0,,67,6,2009,3,39.9804,-75.2247,1020.0,6,0,0,0,0,0,1,0,0,,0,0,0,10,1,1,1,,0,39 58:49.616,,0,75 13:28.851,4,0,0,0,67301,0,0,0,,0,0,0,2,67301,1,,1,9,,,,,0,,0,0,0,0,0,,1010,1,2,0,0,0,0,0,3,4,0,2,3,,N,,,,,,,,,,,
2009071627,1225.0,1,0,0,0,0,0,0,0,0,7,0,,67,6,2009,2,39.9116,-75.2314,1218.0,6,0,0,0,0,0,0,0,1,,0,0,0,12,1,1,0,,0,39 54:41.839,,0,75 13:52.932,8,0,0,0,67301,0,0,0,,0,0,0,1,67301,0,,5,1,,,,,0,,0,0,0,0,0,,1215,1,1,0,0,0,1,0,3,4,0,1,3,,N,,,,,,,,,,,
2009066647,0.0,0,0,0,1,0,1,0,0,0,4,0,,67,4,2009,6,39.959,-75.1719,0.0,6,0,0,0,0,0,0,0,0,,0,0,0,17,1,1,1,,0,39 57:32.907,,0,75 10:19.580,2,0,0,0,67301,1,0,1,N,0,0,0,2,00000,0,,1,1,,N,N,,0,,0,1,1,3,2,,1730,1,2,0,0,0,0,1,3,4,0,1,3,,N,,,,,,,,,,,
2009072137,1840.0,0,0,0,1,0,0,0,0,0,4,0,,67,6,2009,2,40.0166,-75.0584,1835.0,6,0,0,0,0,0,0,0,0,,0,0,0,18,1,1,1,,0,40 00:59.907,,0,75 03:30.315,4,0,0,0,67301,1,0,0,N,0,0,0,2,67301,1,,1,1,,N,N,,1,,0,0,0,3,3,,1815,1,2,0,0,0,0,1,3,4,0,1,3,,N,,,,,,,,,,,
2009072138,1213.0,3,0,0,0,0,0,0,0,0,1,0,,67,6,2009,7,40.0486,-75.1449,1210.0,6,0,1,0,0,0,0,0,0,,0,0,0,12,1,0,1,,0,40 02:55.097,,0,75 08:41.622,0,0,0,0,67301,0,0,0,N,0,0,0,4,67301,0,,1,9,,N,N,,0,,0,0,0,3,2,,1205,0,3,0,0,0,0,0,3,4,0,3,7,,N,,,,,,,,,,,
2009070073,130.0,2,0,0,0,0,0,0,0,0,5,0,,67,6,2009,7,39.9417,-75.1574,127.0,6,0,0,0,0,0,0,0,0,,0,0,0,1,3,0,0,,0,39 56:30.183,,0,75 09:26.517,9,0,0,0,67301,0,0,0,N,0,0,0,1,67301,0,,6,1,,N,N,,0,,0,0,0,0,0,,127,0,2,0,0,0,0,1,3,4,0,2,3,,N,,,,,,,,,,,
2009075456,1542.0,1,0,0,0,0,0,0,0,0,1,0,,67,6,2009,5,39.948,-75.2057,1538.0,6,0,0,0,0,0,0,0,0,,0,0,0,15,1,3,3,,0,39 56:52.972,,0,75 12:20.343,4,0,0,0,67301,0,0,0,N,0,0,0,3,67301,3,,1,1,,N,N,,0,,0,0,0,0,0,,1517,3,2,0,0,0,0,0,3,4,0,2,3,,N,,,,,,,,,,,
2009053693,1854.0,2,0,0,0,0,0,0,0,0,1,0,,67,5,2009,6,39.9326,-75.1456,1841.0,6,0,0,1,0,0,0,0,0,1.0,0,0,0,18,1,1,0,,1,39 55:57.006,2.0,0,75 08:44.055,4,0,0,0,67301,0,0,0,N,0,0,0,7,68K01,1,,1,1,,N,N,,0,,0,0,0,0,0,N,1837,1,2,0,0,0,0,0,3,4,0,2,3,,N,,,,,,,,,,,
2009093171,355.0,2,0,0,0,0,0,0,0,0,1,0,,67,8,2009,7,40.0584,-75.1492,355.0,6,0,0,0,0,0,0,0,0,,0,0,0,3,3,0,5,,0,40 03:30.268,,0,75 08:57.263,0,0,0,0,67301,0,0,0,N,0,0,0,2,67301,0,,1,9,,N,N,,0,,0,0,0,3,2,,338,0,2,0,0,0,0,0,3,4,0,2,3,,N,,,,,,,,,,,