CRN,ARRIVAL_TM,AUTOMOBILE_COUNT,BELTED_DEATH_COUNT,BELTED_SUSP_SERIOUS_INJ_COUNT,BICYCLE_COUNT,BICYCLE_DEATH_COUNT,BICYCLE_SUSP_SERIOUS_INJ_COUNT,BUS_COUNT,CHLDPAS_DEATH_COUNT,CHLDPAS_SUSP_SERIOUS_INJ_COUNT,COLLISION_TYPE,COMM_VEH_COUNT,CONS_ZONE_SPD_LIM,COUNTY,CRASH_MONTH,CRASH_YEAR,DAY_OF_WEEK,DEC_LAT,DEC_LONG,DISPATCH_TM,DISTRICT,DRIVER_COUNT_16YR,DRIVER_COUNT_17YR,DRIVER_COUNT_18YR,DRIVER_COUNT_19YR,DRIVER_COUNT_20YR,DRIVER_COUNT_50_64YR,DRIVER_COUNT_65_74YR,DRIVER_COUNT_75PLUS,EST_HRS_CLOSED,FATAL_COUNT,HEAVY_TRUCK_COUNT,HORSE_BUGGY_COUNT,HOUR_OF_DAY,ILLUMINATION,INJURY_COUNT,INTERSECT_TYPE,INTERSECTION_RELATED,LANE_CLOSED,LATITUDE,LN_CLOSE_DIR,LOCATION_TYPE,LONGITUDE,MAX_SEVERITY_LEVEL,MCYCLE_DEATH_COUNT,MCYCLE_SUSP_SERIOUS_INJ_COUNT,MOTORCYCLE_COUNT,MUNICIPALITY,NONMOTR_COUNT,NONMOTR_DEATH_COUNT,NONMOTR_SUSP_SERIOUS_INJ_COUNT,NTFY_HIWY_MAINT,PED_COUNT,PED_DEATH_COUNT,PED_SUSP_SERIOUS_INJ_COUNT,PERSON_COUNT,POLICE_AGCY,POSSIBLE_INJ_COUNT,RDWY_SURF_TYPE_CD,RELATION_TO_ROAD,ROAD_CONDITION,ROADWAY_CLEARED,SCH_BUS_IND,SCH_ZONE_IND,SECONDARY_CRASH,SMALL_TRUCK_COUNT,SPEC_JURIS_CD,SUSP_MINOR_INJ_COUNT,SUSP_SERIOUS_INJ_COUNT,SUV_COUNT,TCD_FUNC_CD,TCD_TYPE,TFC_DETOUR_IND,TIME_OF_DAY,TOT_INJ_COUNT,TOTAL_UNITS,UNB_DEATH_COUNT,UNB_SUSP_SERIOUS_INJ_COUNT,UNBELTED_OCC_COUNT,UNK_INJ_DEG_COUNT,UNK_INJ_PER_COUNT,URBAN_AREA,URBAN_RURAL,VAN_COUNT,VEHICLE_COUNT,WEATHER1,WEATHER2,WORK_ZONE_IND,WORK_ZONE_LOC,WORK_ZONE_TYPE,WORKERS_PRES,WZ_CLOSE_DETOUR,WZ_FLAGGER,WZ_LAW_OFFCR_IND,WZ_LN_CLOSURE,WZ_MOVING,WZ_OTHER,WZ_SHLDER_MDN,WZ_WORKERS_INJ_KILLED
2009092877,317.0,1,0,0,0,0,0,0,0,0,7,0,,67,9,2009,2,39.9716,-75.1933,312.0,6,0,0,0,0,0,0,0,0,2.0,0,0,0,3,3,2,7,,2,39 58:23.355,4.0,2,75 11:37.454,4,0,0,0,67301,0,0,0,Y,0,0,0,2,68K01,2,,7,1,,N,N,,0,,0,0,0,0,0,N,311,2,1,0,0,0,0,0,3,4,0,1,3,,N,,,,,,,,,,,
2009093029,2241.0,2,0,0,0,0,0,0,0,0,4,0,,67,8,2009,6,39.9793,-75.1627,2241.0,6,0,0,0,0,0,0,0,0,,0,0,0,22,3,2,1,,0,39 58:45.483,,0,75 09:45.551,8,0,0,0,67301,0,0,0,N,0,0,0,3,67301,0,,1,1,,N,N,,0,,0,0,0,3,2,,2241,2,2,0,0,0,2,0,3,4,0,2,3,,N,,,,,,,,,,,
2009067238,1649.0,2,0,0,0,0,0,0,0,0,1,0,,67,6,2009,7,40.0352,-75.0596,1648.0,6,0,0,0,0,0,0,0,0,,0,0,0,16,1,1,1,,0,40 02:06.730,,0,75 03:34.549,4,0,0,0,67301,0,0,0,,0,0,0,3,67301,1,,1,1,,,,,0,,0,0,0,3,3,,1632,1,2,0,0,0,0,1,3,4,0,2,3,,N,,,,,,,,,,,
2009067249,1045.0,1,0,0,0,0,0,0,0,0,8,0,,67,6,2009,5,40.0501,-75.0642,1043.0,6,0,0,0,0,0,0,1,0,1.0,0,0,0,10,1,1,1,,2,40 03:00.396,3.0,0,75 03:51.268,8,0,0,0,67301,1,0,0,N,1,0,0,2,67301,0,,1,9,,N,N,,0,,0,0,0,3,2,Y,1040,1,2,0,0,0,1,0,3,4,0,1,7,,N,,,,,,,,,,,
2009064666,2202.0,1,0,0,0,0,0,0,0,0,4,0,,67,5,2009,7,39.9129,-75.2431,2201.0,6,0,0,0,0,0,0,0,0,,0,0,0,21,3,2,1,,0,39 54:47.100,,0,75 14:35.859,4,0,0,0,67301,0,0,0,N,0,0,0,3,67301,2,,1,1,,N,N,,1,,0,0,0,3,2,,2153,2,2,0,0,0,0,0,3,4,0,2,3,,N,,,,,,,,,,,
2009064681,1550.0,1,0,0,0,0,0,0,0,0,8,0,,67,5,2009,6,40.0391,-75.1099,1547.0,6,0,0,0,0,0,0,0,0,,0,0,0,99,1,1,0,,0,40 02:20.769,,0,75 06:35.740,4,0,0,0,67301,1,0,0,N,1,0,0,2,67301,1,,1,1,,N,N,,0,,0,0,0,0,0,,9999,1,2,0,0,0,0,0,3,4,0,1,3,,N,,,,,,,,,,,
2009067513,1956.0,1,0,0,0,0,0,0,0,0,8,0,,67,5,2009,1,40.0726,-75.1616,1942.0,6,0,0,0,0,0,0,0,0,,0,0,0,19,4,1,0,,0,40 04:21.298,,0,75 09:41.922,2,0,0,0,67301,1,0,1,N,1,0,1,2,67301,0,,1,1,,N,N,,0,,0,1,0,0,0,,1942,1,2,0,0,0,0,0,3,4,0,1,3,,N,,,,,,,,,,,
2009065139,1540.0,2,0,0,0,0,0,0,0,0,4,0,,67,5,2009,6,40.0203,-75.1628,1536.0,6,0,0,0,0,0,0,0,0,,0,0,0,15,1,4,2,,0,40 01:13.039,,0,75 09:46.119,8,0,0,0,67301,0,0,0,N,0,0,0,5,67301,0,,1,1,,N,N,,0,,0,0,0,3,3,,1536,4,2,0,0,2,4,1,3,4,0,2,3,,N,,,,,,,,,,,
2009111087,1428.0,2,0,0,0,0,0,0,0,0,4,0,,67,10,2009,2,39.9078,-75.2274,1425.0,6,0,0,0,0,1,1,0,0,,0,0,0,14,1,2,0,,0,39 54:27.993,,7,75 13:38.553,4,0,0,0,67301,0,0,0,,0,0,0,3,67301,1,,1,1,,N,N,,0,,0,0,0,0,0,,1422,2,2,0,0,0,1,0,3,4,0,2,3,,N,,,,,,,,,,,
2009047868,9999.0,1,0,0,0,0,0,0,0,0,4,0,,67,3,2009,3,39.8875,-75.248,9999.0,6,0,0,0,0,0,1,0,0,1.0,0,0,0,99,3,1,2,,1,39 53:14.975,4.0,0,75 14:52.745,4,0,0,0,67301,0,0,0,N,0,0,0,2,67301,1,,1,1,,N,N,,0,,0,0,0,2,1,N,9999,1,2,0,0,0,0,0,3,4,1,2,3,,N,,,,,,,,,,,
2009050399,1248.0,2,0,0,0,0,0,0,0,0,4,0,,67,5,2009,7,40.0741,-75.1909,1244.0,6,0,1,0,0,0,0,0,1,2.0,0,0,0,12,1,2,1,,2,40 04:26.624,5.0,0,75 11:27.147,3,0,0,0,67301,0,0,0,N,0,0,0,3,46108,1,,1,1,,N,N,,0,,1,0,0,3,2,Y,1244,2,2,0,0,0,0,0,3,4,0,2,3,,N,,,,,,,,,,,
2009071395,1634.0,0,0,0,0,0,0,0,0,0,8,0,,67,6,2009,7,40.0711,-75.0379,1631.0,6,0,0,0,0,0,1,0,0,,0,0,0,16,1,1,1,,0,40 04:15.522,,0,75 02:16.209,8,0,0,0,67301,1,0,0,,1,0,0,2,67301,0,,1,9,,,,,0,,0,0,1,3,2,,1630,1,2,0,0,0,1,0,3,4,0,1,7,,N,,,,,,,,,,,
2009058799,1940.0,2,0,0,0,0,0,0,0,0,1,0,,67,5,2009,4,40.113,-75.023,1933.0,6,0,0,0,0,0,1,0,0,,0,0,0,19,4,1,1,,0,40 06:46.747,,0,75 01:23.201,8,0,0,0,67301,0,0,0,N,0,0,0,3,67301,0,,1,1,,N,,,1,,0,0,0,3,2,,1925,1,3,0,0,0,1,1,3,4,0,3,3,,N,,,,,,,,,,,
2009058824,650.0,1,0,0,0,0,0,0,0,0,6,0,,67,5,2009,6,,,645.0,6,0,0,0,0,0,1,0,0,2.0,0,0,0,6,1,2,0,,1,,2.0,0,,4,0,0,0,67301,0,0,0,,0,0,0,2,67301,2,,1,9,,N,N,,1,,0,0,0,0,0,N,645,2,2,0,0,0,0,0,3,3,0,2,3,,N,,,,,,,,,,,
2009061386,1836.0,2,0,0,0,0,0,0,0,0,1,0,,67,6,2009,2,40.0076,-75.2006,1836.0,6,0,0,1,0,0,0,0,0,,0,0,0,18,1,1,0,,0,40 00:26.400,,0,75 11:59.567,4,0,0,0,67301,0,0,0,N,0,0,0,2,68K01,1,,1,9,,N,N,,0,,0,0,0,0,0,,1836,1,2,0,0,0,0,0,3,4,0,2,3,,N,,,,,,,,,,,
2009058885,755.0,1,0,0,0,0,0,0,0,0,4,0,,67,4,2009,6,39.972,-75.1743,749.0,6,0,0,0,0,0,0,0,0,,0,0,0,7,1,2,2,,0,39 58:19.318,,0,75 10:27.526,8,0,0,0,67301,0,0,0,N,0,0,0,3,67301,0,,9,9,,N,N,,0,,0,0,1,0,0,,749,2,2,0,0,0,2,1,3,4,0,2,7,,N,,,,,,,,,,,
2009058895,1508.0,1,0,0,0,0,0,0,0,0,8,0,,67,5,2009,1,39.9554,-75.1559,1505.0,6,0,0,0,0,0,1,0,0,,0,0,0,14,1,1,1,,0,39 57:19.425,,0,75 09:21.185,3,0,0,0,67301,1,0,0,,1,0,0,3,67301,0,,1,1,,,,,0,,1,0,0,3,2,,1437,1,2,0,0,0,0,0,3,4,0,1,3,,N,,,,,,,,,,,
2009063940,1107.0,2,0,0,0,0,0,0,0,0,4,0,,67,5,2009,7,39.9241,-75.2455,1106.0,6,0,0,0,0,0,0,1,0,,0,0,0,10,1,1,1,,0,39 55:26.682,,0,75 14:43.799,4,0,0,0,67301,0,0,0,N,0,0,0,3,67301,1,,1,1,,N,N,,0,,0,0,0,3,2,,1039,1,2,0,0,0,0,0,3,4,0,2,3,,N,,,,,,,,,,,
2009063975,1032.0,0,0,0,1,0,0,0,0,0,4,0,,67,5,2009,4,40.0439,-75.1878,1030.0,6,0,0,0,0,0,1,0,0,,0,0,0,10,1,1,0,,0,40 02:38.047,,0,75 11:16.008,3,0,0,0,67301,1,0,0,N,0,0,0,2,67301,0,,1,1,,N,N,,0,,1,0,1,3,3,,1026,1,2,0,0,0,0,0,3,4,0,1,3,,N,,,,,,,,,,,
2009063987,655.0,2,0,0,0,0,0,0,0,0,6,0,,67,5,2009,1,40.0646,-75.1541,652.0,6,0,0,0,0,1,0,0,0,,0,0,0,6,1,0,0,,0,40 03:52.491,,0,75 09:14.637,0,0,0,0,67301,0,0,0,N,0,0,0,1,67301,0,,5,1,,N,N,,0,,0,0,0,0,0,,649,0,2,0,0,0,0,0,3,4,0,2,3,,N,,,,,,,,,,,
2009056425,1754.0,1,0,0,0,0,0,0,0,0,1,0,,67,4,2009,3,39.96,-75.2371,1750.0,6,0,0,0,0,0,0,0,0,,0,0,0,16,1,2,1,,0,39 57:35.856,,0,75 14:13.739,4,0,0,0,67301,0,0,0,N,0,0,0,2,67301,2,,1,1,,N,N,,0,,0,0,0,3,2,,1627,2,2,0,0,0,0,0,3,4,1,2,3,,N,,,,,,,,,,,
2009056453,1310.0,3,0,0,0,0,0,0,0,0,4,0,,67,5,2009,6,39.9614,-75.2429,1306.0,6,0,1,0,1,0,0,0,0,1.0,0,0,0,13,1,2,1,,1,39 57:41.137,1.0,0,75 14:34.569,4,0,0,0,67301,0,0,0,N,0,0,0,3,67301,2,,1,1,,N,N,,0,,0,0,0,3,3,N,1305,2,3,0,0,0,0,0,3,4,0,3,3,,N,,,,,,,,,,,
2009056513,1825.0,0,0,0,1,0,0,1,0,0,2,1,,67,5,2009,4,40.0059,-75.0937,1820.0,6,0,0,0,0,0,1,0,0,,0,0,0,17,1,1,0,,0,40 00:21.404,,0,75 05:37.045,4,0,0,0,67301,1,0,0,,0,0,0,2,67301,1,,1,1,,N,N,,0,,0,0,0,0,0,,1745,1,2,0,0,0,0,0,3,4,0,1,3,,N,,,,,,,,,,,
2009093180,1205.0,1,0,0,0,0,0,0,0,0,4,0,,67,9,2009,3,40.0763,-75.0851,1147.0,6,0,0,0,0,0,0,1,0,,0,0,0,11,1,1,0,,0,40 04:34.609,,0,75 05:06.334,8,0,0,0,67301,0,0,0,N,0,0,0,2,67301,0,,1,1,,N,N,,0,,0,0,1,0,0,,1147,1,2,0,0,0,1,0,3,4,0,2,3,,N,,,,,,,,,,,
2009093347,8.0,1,0,0,0,0,0,0,0,0,2,0,,67,8,2009,5,39.9759,-75.1695,8.0,6,0,0,0,0,0,0,0,0,,0,0,0,0,3,2,0,,0,39 58:33.085,,0,75 10:10.308,4,0,0,0,67301,0,0,0,N,0,0,0,3,67301,2,,1,1,,N,N,,0,,0,0,1,0,0,,8,2,2,0,0,0,0,1,3,4,0,2,3,,N,,,,,,,,,,,
2009088378,1535.0,1,0,0,0,0,0,0,0,0,1,0,,67,8,2009,5,39.9804,-75.2056,1535.0,6,0,0,0,0,0,0,0,0,,0,0,0,15,1,0,0,,0,39 58:51.900,,0,75 12:24.048,0,0,0,0,67301,0,0,0,N,0,0,0,3,68K01,0,,1,1,,N,N,,0,,0,0,0,0,0,,1520,0,2,0,0,0,0,0,3,4,1,2,3,,N,,,,,,,,,,,
2009088249,1102.0,0,0,0,0,0,0,0,0,0,1,0,,67,8,2009,2,39.9828,-75.208,1059.0,6,0,0,0,0,0,0,0,0,,0,0,0,10,1,0,0,,0,39 59:01.897,,0,75 12:29.869,0,0,0,0,67301,0,0,0,N,0,0,0,2,68K01,0,,1,1,,N,N,,2,,0,0,0,0,0,,1056,0,2,0,0,0,0,0,3,4,0,2,3,,N,,,,,,,,,,,
2009085934,1950.0,1,0,0,0,0,0,0,0,0,5,0,,67,8,2009,4,39.9925,-75.1401,1946.0,6,0,0,0,0,0,0,1,0,,0,0,0,19,4,1,0,,0,39 59:33.147,,0,75 08:24.316,4,0,0,0,67301,1,0,0,N,1,0,0,5,67301,1,,1,1,,N,N,,0,,0,0,0,0,0,,1926,1,3,0,0,4,0,0,3,4,1,2,3,,N,,,,,,,,,,,
2009085952,1645.0,2,0,0,0,0,0,0,0,0,4,0,,67,8,2009,1,40.0667,-75.178,1636.0,6,0,0,0,0,1,0,0,0,,0,0,0,16,1,1,1,,0,40 04:00.293,,0,75 10:40.850,8,0,0,0,67301,0,0,0,N,0,0,0,2,67301,0,,1,9,,N,N,,0,,0,0,0,9,3,,1615,1,2,0,0,0,1,0,3,4,0,2,99,,N,,,,,,,,,,,
2009083338,1035.0,1,0,0,0,0,0,1,0,0,1,1,,67,7,2009,7,40.0671,-75.0512,1027.0,6,0,0,0,0,0,0,0,0,,0,0,0,99,3,2,5,,0,40 04:01.668,,0,75 03:04.331,4,0,0,0,67301,0,0,0,N,0,0,0,4,67301,2,,1,1,,N,N,,0,,0,0,0,3,2,,9999,2,2,0,0,0,0,0,3,4,0,2,3,,N,,,,,,,,,,,
2009085854,154.0,1,0,0,0,0,0,0,0,0,7,0,,67,8,2009,1,40.0219,-75.0395,152.0,6,0,0,0,0,0,0,0,0,2.0,0,0,0,1,2,2,0,,2,40 01:18.480,2.0,0,75 02:22.560,3,0,0,0,67301,0,0,0,Y,0,0,0,4,68K01,1,,2,8,,N,N,,0,,1,0,0,0,0,N,148,2,1,0,0,1,0,0,3,4,0,1,7,,N,,,,,,,,,,,
2009068394,1805.0,2,0,0,0,0,0,0,0,0,1,0,,67,6,2009,5,39.9592,-75.1722,1745.0,6,0,0,0,0,0,1,0,0,,0,0,0,17,1,1,0,,0,39 57:33.120,,0,75 10:19.920,3,0,0,0,67301,0,0,0,N,0,0,0,2,68K01,0,,1,1,,N,N,,0,,1,0,0,0,0,,1736,1,2,0,0,0,0,0,3,4,0,2,3,,N,,,,,,,,,,,
2009086008,9999.0,0,0,0,0,0,0,0,0,0,7,0,,67,7,2009,4,40.0296,-75.1882,957.0,6,0,0,0,0,0,0,0,0,,0,0,0,9,1,1,0,,0,40 01:46.450,,0,75 11:17.550,3,0,0,1,67301,0,0,0,N,0,0,0,1,67301,0,,2,1,,N,N,,0,,1,0,0,0,0,,957,1,1,0,0,0,0,0,3,4,0,1,3,,N,,,,,,,,,,,
2009065786,1934.0,1,0,0,1,0,0,0,0,0,4,0,,67,5,2009,2,39.9772,-75.1749,1931.0,6,0,0,0,0,0,0,0,0,,0,0,0,19,1,1,1,,0,39 58:38.096,,0,75 10:29.474,4,0,0,0,67301,1,0,0,N,0,0,0,2,67301,1,,1,1,,N,N,,0,,0,0,0,9,3,,1927,1,2,0,0,0,0,1,3,4,0,1,3,,N,,,,,,,,,,,
2009062978,340.0,1,0,0,0,0,0,0,0,0,7,0,,67,5,2009,6,39.9952,-75.0834,325.0,6,0,0,0,0,0,0,0,0,,0,0,0,3,3,0,0,,0,39 59:42.917,,0,75 04:59.975,0,0,0,0,67301,0,0,0,N,0,0,0,1,68K01,0,,2,9,,N,N,,0,,0,0,0,0,0,,321,0,1,0,0,0,0,0,3,4,0,1,7,,N,,,,,,,,,,,
2009065587,820.0,1,0,0,1,0,0,0,0,0,4,0,,67,5,2009,6,39.9541,-75.1778,808.0,6,0,0,0,0,0,1,0,0,,0,0,0,7,1,1,1,,0,39 57:15.090,,0,75 10:40.271,3,0,0,0,67301,1,0,0,N,0,0,0,2,67301,0,,1,1,,N,N,,0,,1,0,0,3,2,,745,1,2,0,0,0,0,0,3,4,0,1,3,,N,,,,,,,,,,,
2009079088,2204.0,1,0,2,0,0,0,0,0,0,7,0,,67,7,2009,5,40.0182,-75.0638,2203.0,6,0,0,0,0,0,0,0,0,,0,0,0,22,3,2,0,,0,40 01:05.405,,0,75 03:50.000,2,0,0,0,67301,0,0,0,N,0,0,0,2,67301,0,,5,1,,N,N,,0,,0,2,0,0,0,,2200,2,1,0,0,0,0,0,3,4,0,1,3,,N,,,,,,,,,,,
2009078859,1537.0,1,0,0,0,0,0,0,0,0,8,0,,67,6,2009,4,40.0899,-74.9842,1536.0,6,0,0,0,0,0,0,0,1,,0,0,0,15,1,1,1,,0,40 05:24.064,,0,74 59:03.324,4,0,0,0,67301,1,0,0,N,1,0,0,3,67301,1,,1,1,,N,N,,0,,0,0,0,3,2,,1535,1,2,0,0,0,0,0,3,4,0,1,3,,N,,,,,,,,,,,
2009078942,2340.0,1,0,0,0,0,0,0,0,0,8,0,,67,7,2009,1,40.0079,-75.0895,2333.0,6,0,0,0,0,0,0,0,0,,0,0,0,23,3,1,0,,0,40 00:28.299,,0,75 05:22.167,4,0,0,0,67301,1,0,0,,1,0,0,2,67301,1,,1,1,,,,,0,,0,0,0,0,0,,2323,1,2,0,0,0,0,0,3,4,0,1,3,,N,,,,,,,,,,,
2009079001,1659.0,1,0,0,0,0,0,0,0,0,4,0,,67,7,2009,4,40.119,-75.018,1656.0,6,0,0,0,0,0,0,0,0,,0,0,0,16,1,2,0,,0,40 07:08.417,,7,75 01:04.857,2,0,0,0,67301,0,0,0,,0,0,0,3,67301,0,,1,9,,,,,1,,0,1,0,9,2,,1655,2,2,0,0,0,1,1,3,4,0,2,7,,N,,,,,,,,,,,
2009079010,1617.0,1,0,0,1,0,0,0,0,0,2,0,,67,7,2009,1,40.0437,-75.0982,1617.0,6,0,0,0,0,1,0,0,0,1.0,0,0,0,99,1,1,0,,2,40 02:37.492,5.0,0,75 05:53.397,4,0,0,0,67301,1,0,0,N,0,0,0,3,67301,1,,1,1,,N,N,,0,,0,0,0,0,0,Y,9999,1,2,0,0,0,0,1,3,4,0,1,3,,N,,,,,,,,,,,
2009079024,1652.0,1,0,0,0,0,0,0,0,0,8,0,,67,7,2009,4,39.9163,-75.1564,1645.0,6,0,0,0,0,0,0,0,0,,0,0,0,16,1,1,2,,0,39 54:58.554,,0,75 09:23.075,4,0,0,0,67301,1,0,0,,1,0,0,2,67301,1,,1,1,,N,N,,0,,0,0,0,3,3,,1642,1,2,0,0,0,0,0,3,4,0,1,3,,N,,,,,,,,,,,
2009074575,1136.0,1,0,0,0,0,0,1,0,0,4,1,,67,6,2009,4,40.0031,-75.1643,1132.0,6,0,0,0,0,0,1,0,0,,0,0,0,11,1,1,1,,0,40 00:11.021,,0,75 09:51.354,4,0,0,0,67301,0,0,0,N,0,0,0,5,67301,1,,1,1,,N,N,,0,,0,0,0,3,2,,1130,1,2,0,0,0,0,0,3,4,0,2,3,,N,,,,,,,,,,,
2009074587,945.0,1,0,0,0,0,0,0,0,0,8,0,,67,6,2009,3,39.9496,-75.1997,945.0,6,0,0,0,0,0,0,0,0,,0,0,0,9,1,1,3,,0,39 56:58.586,,0,75 11:58.815,8,0,0,0,67301,1,0,0,N,1,0,0,3,67301,0,,1,1,,N,N,,0,,0,0,0,3,2,,942,1,2,0,0,0,1,0,3,4,0,1,3,,N,,,,,,,,,,,
2009072019,1308.0,0,0,0,0,0,0,0,0,0,8,0,,67,6,2009,7,39.9734,-75.2375,1305.0,6,0,0,0,0,0,0,0,0,3.0,0,0,0,99,1,1,0,,2,39 58:24.380,5.0,0,75 14:14.856,4,0,0,0,67301,1,0,0,N,1,0,0,2,67301,1,,1,1,,N,N,,0,,0,0,1,0,0,N,9999,1,2,0,0,0,0,0,3,4,0,1,3,,N,,,,,,,,,,,
2009080082,1706.0,2,0,0,0,0,0,0,0,0,4,0,,67,7,2009,4,40.0475,-75.0919,1702.0,6,0,0,0,0,0,1,0,0,,0,0,0,99,1,1,1,,0,40 02:50.956,,0,75 05:30.725,8,0,0,0,67301,0,0,0,N,0,0,0,2,67301,0,,1,1,,N,N,,0,,0,0,0,3,2,,9999,1,2,0,0,0,1,1,3,4,0,2,3,,N,,,,,,,,,,,
2009075412,1450.0,0,0,0,0,0,0,0,0,0,7,1,,67,6,2009,6,39.9025,-75.1511,1440.0,6,0,0,0,0,0,0,0,0,4.0,0,1,0,14,1,1,0,,2,39 54:08.900,3.0,1,75 09:04.020,4,0,0,0,67301,0,0,0,N,0,0,0,1,67301,1,,1,1,,N,N,,0,,0,0,0,0,0,Y,1429,1,1,0,0,0,0,0,3,4,0,1,3,,N,,,,,,,,,,,
2009075450,2324.0,4,0,0,0,0,0,0,0,0,5,0,,67,5,2009,7,40.0343,-75.0749,2319.0,6,0,0,0,0,1,0,0,0,1.0,0,0,0,23,3,4,5,,1,40 02:03.612,2.0,0,75 04:29.625,4,0,0,0,67301,0,0,0,,0,0,0,8,67301,2,,1,1,,,,,1,,0,0,1,3,2,N,2322,4,6,0,0,0,2,0,3,4,0,6,3,,N,,,,,,,,,,,
2009026675,707.0,1,0,0,0,0,0,0,0,0,8,0,,67,1,2009,4,39.9772,-75.2268,707.0,6,0,0,0,1,0,0,0,0,,0,0,0,7,1,1,1,,0,39 58:37.920,,0,75 13:36.480,8,0,0,0,67301,1,0,0,N,1,0,0,2,67301,0,,1,1,,N,N,,0,,0,0,0,3,2,,700,1,2,0,0,0,1,0,3,4,0,1,3,,N,,,,,,,,,,,
2009067902,1442.0,1,0,0,0,0,0,0,0,0,2,0,,67,6,2009,3,39.9877,-75.2162,1440.0,6,0,0,0,0,0,0,0,0,1.0,0,0,0,14,1,1,2,,1,39 59:15.720,3.0,0,75 12:58.139,4,0,0,0,67301,0,0,0,N,0,0,0,2,68K01,1,,1,1,,N,N,,0,,0,0,1,3,2,N,1437,1,2,0,0,0,0,0,3,4,0,2,3,,N,,,,,,,,,,,
2009093157,1559.0,2,0,0,0,0,0,0,0,0,1,0,,67,9,2009,7,40.0062,-75.1979,1559.0,6,0,0,0,0,0,1,0,0,,0,0,0,15,1,0,0,,0,40 00:20.514,,0,75 11:49.665,9,0,0,0,67301,0,0,0,N,0,0,0,9,68K01,0,,1,1,,N,N,,0,,0,0,1,0,0,,1558,0,3,0,0,0,0,1,3,4,0,3,3,,N,,,,,,,,,,,
2009083744,2240.0,0,0,0,0,0,0,0,0,0,7,0,,67,7,2009,6,39.9367,-75.2244,2236.0,6,0,0,0,0,0,0,0,0,1.0,0,0,0,22,3,1,0,,1,39 56:11.962,4.0,0,75 13:27.891,4,0,0,0,67301,0,0,0,N,0,0,0,1,67301,1,,4,1,,N,N,,0,,0,0,1,9,2,Y,2220,1,1,0,0,0,0,0,3,4,0,1,3,,N,,,,,,,,,,,
2009065417,1355.0,2,0,0,0,0,0,0,0,0,6,0,,67,5,2009,7,40.006,-75.1518,1350.0,6,0,0,0,0,0,1,0,0,1.0,0,0,0,13,1,2,0,,1,40 00:21.473,2.0,0,75 09:06.646,4,0,0,0,67301,0,0,0,N,0,0,0,2,67301,2,,1,1,,N,N,,0,,0,0,0,3,2,N,1345,2,2,0,0,0,0,0,3,4,0,2,3,,N,,,,,,,,,,,
2009065425,845.0,0,0,0,0,0,0,0,0,0,0,0,,67,5,2009,5,40.0367,-75.1875,842.0,6,0,0,0,0,0,0,0,0,,0,0,0,8,1,1,0,,0,40 02:12.212,,0,75 11:15.028,4,0,0,1,67301,0,0,0,N,0,0,0,1,67301,1,,1,9,,N,N,,0,,0,0,0,0,0,,833,1,1,0,0,0,0,0,3,4,0,1,7,,N,,,,,,,,,,,
2009065467,1605.0,1,0,0,0,0,0,1,0,0,6,1,,67,5,2009,6,39.952,-75.1626,1600.0,6,0,0,0,0,0,0,0,0,,0,0,0,15,1,4,2,,0,39 57:07.268,,0,75 09:45.490,4,0,0,0,67301,0,0,0,,0,0,0,5,67301,3,,1,1,,N,N,,0,,0,0,0,3,2,,1545,4,2,0,0,0,1,0,3,4,0,2,3,,N,,,,,,,,,,,
2009120516,1410.0,1,0,0,0,0,0,0,0,0,8,0,,67,10,2009,4,39.9272,-75.1822,1400.0,6,0,0,0,0,0,0,0,0,,0,0,0,14,1,1,0,,0,39 55:38.097,,0,75 10:55.887,4,0,0,0,67301,1,0,0,N,1,0,0,2,67301,1,,1,1,,N,N,,0,,0,0,0,0,0,,1400,1,2,0,0,0,0,0,3,4,0,1,3,,N,,,,,,,,,,,
2009120536,948.0,4,0,0,0,0,0,0,0,0,4,0,,67,11,2009,4,39.9161,-75.239,947.0,6,0,0,0,0,0,0,0,1,,0,0,0,9,1,1,1,,0,39 54:58.070,,0,75 14:20.243,8,0,0,0,67301,0,0,0,N,0,0,0,2,67301,0,,1,1,,N,N,,0,,0,0,0,3,2,,944,1,4,0,0,0,1,0,3,4,0,4,3,,N,,,,,,,,,,,
2009080438,1225.0,2,0,0,0,0,0,0,0,0,4,0,,67,7,2009,5,40.0876,-75.074,1224.0,6,0,0,0,0,0,1,0,0,,0,0,0,12,1,0,2,,0,40 05:15.316,,0,75 04:26.446,9,0,0,0,67301,0,0,0,N,0,0,0,2,67301,0,,1,1,,N,N,,0,,0,0,0,2,3,,1201,0,2,0,0,0,0,1,3,4,0,2,3,,N,,,,,,,,,,,
2009015985,1701.0,2,0,0,0,0,0,0,0,0,5,0,,67,1,2009,6,39.9577,-75.1489,1657.0,6,0,0,0,0,0,0,0,0,2.0,0,0,0,16,1,1,3,,1,39 57:27.562,3.0,2,75 08:56.043,4,0,0,0,67301,0,0,0,N,0,0,0,3,68K01,1,,1,1,,N,N,,0,,0,0,1,0,0,N,1654,1,3,0,0,0,0,0,3,4,0,3,3,,N,,,,,,,,,,,
2009058609,1142.0,1,0,0,0,0,0,0,0,0,7,0,,67,6,2009,4,39.9372,-75.1441,1137.0,6,0,0,0,0,0,0,0,0,,0,0,0,11,1,0,0,,0,39 56:14.351,,0,75 08:38.452,0,0,0,0,67301,0,0,0,N,0,0,0,1,68K01,0,,3,1,,N,N,,0,,0,0,0,0,0,,1136,0,2,0,0,0,0,0,3,4,0,1,3,,N,,,,,,,,,,,