CRN,ARRIVAL_TM,AUTOMOBILE_COUNT,BELTED_DEATH_COUNT,BELTED_SUSP_SERIOUS_INJ_COUNT,BICYCLE_COUNT,BICYCLE_DEATH_COUNT,BICYCLE_SUSP_SERIOUS_INJ_COUNT,BUS_COUNT,CHLDPAS_DEATH_COUNT,CHLDPAS_SUSP_SERIOUS_INJ_COUNT,COLLISION_TYPE,COMM_VEH_COUNT,CONS_ZONE_SPD_LIM,COUNTY,CRASH_MONTH,CRASH_YEAR,DAY_OF_WEEK,DEC_LAT,DEC_LONG,DISPATCH_TM,DISTRICT,DRIVER_COUNT_16YR,DRIVER_COUNT_17YR,DRIVER_COUNT_18YR,DRIVER_COUNT_19YR,DRIVER_COUNT_20YR,DRIVER_COUNT_50_64YR,DRIVER_COUNT_65_74YR,DRIVER_COUNT_75PLUS,EST_HRS_CLOSED,FATAL_COUNT,HEAVY_TRUCK_COUNT,HORSE_BUGGY_COUNT,HOUR_OF_DAY,ILLUMINATION,INJURY_COUNT,INTERSECT_TYPE,INTERSECTION_RELATED,LANE_CLOSED,LATITUDE,LN_CLOSE_DIR,LOCATION_TYPE,LONGITUDE,MAX_SEVERITY_LEVEL,MCYCLE_DEATH_COUNT,MCYCLE_SUSP_SERIOUS_INJ_COUNT,MOTORCYCLE_COUNT,MUNICIPALITY,NONMOTR_COUNT,NONMOTR_DEATH_COUNT,NONMOTR_SUSP_SERIOUS_INJ_COUNT,NTFY_HIWY_MAINT,PED_COUNT,PED_DEATH_COUNT,PED_SUSP_SERIOUS_INJ_COUNT,PERSON_COUNT,POLICE_AGCY,POSSIBLE_INJ_COUNT,RDWY_SURF_TYPE_CD,RELATION_TO_ROAD,ROAD_CONDITION,ROADWAY_CLEARED,SCH_BUS_IND,SCH_ZONE_IND,SECONDARY_CRASH,SMALL_TRUCK_COUNT,SPEC_JURIS_CD,SUSP_MINOR_INJ_COUNT,SUSP_SERIOUS_INJ_COUNT,SUV_COUNT,TCD_FUNC_CD,TCD_TYPE,TFC_DETOUR_IND,TIME_OF_DAY,TOT_INJ_COUNT,TOTAL_UNITS,UNB_DEATH_COUNT,UNB_SUSP_SERIOUS_INJ_COUNT,UNBELTED_OCC_COUNT,UNK_INJ_DEG_COUNT,UNK_INJ_PER_COUNT,URBAN_AREA,URBAN_RURAL,VAN_COUNT,VEHICLE_COUNT,WEATHER1,WEATHER2,WORK_ZONE_IND,WORK_ZONE_LOC,WORK_ZONE_TYPE,WORKERS_PRES,WZ_CLOSE_DETOUR,WZ_FLAGGER,WZ_LAW_OFFCR_IND,WZ_LN_CLOSURE,WZ_MOVING,WZ_OTHER,WZ_SHLDER_MDN,WZ_WORKERS_INJ_KILLED
2009063784,1052.0,1,0,0,0,0,0,0,0,0,8,0,,67,5,2009,5,40.0389,-75.1438,1050.0,6,0,0,0,0,0,0,0,0,,0,0,0,10,1,1,0,,0,40 02:19.876,,0,75 08:37.554,4,0,0,0,67301,1,0,0,N,1,0,0,2,67301,1,,6,1,,N,N,,0,,0,0,0,0,0,,1010,1,2,0,0,0,0,0,3,4,0,1,3,,N,,,,,,,,,,,
2009063787,1710.0,0,0,0,0,0,0,1,0,0,5,2,,67,5,2009,5,39.9509,-75.1721,1700.0,6,0,0,0,0,0,1,0,0,,0,0,0,16,1,1,0,,0,39 57:03.352,,0,75 10:19.595,4,0,0,0,67301,0,0,0,N,0,0,0,3,67301,1,,1,1,,N,N,,0,,0,0,0,0,0,,1624,1,2,0,0,0,0,0,3,4,1,2,3,,N,,,,,,,,,,,
2009058798,8.0,1,0,0,0,0,0,0,0,0,8,0,,67,5,2009,3,39.9681,-75.1279,3.0,6,0,0,0,0,0,0,0,0,,0,0,0,21,3,1,0,,0,39 58:03.564,,0,75 07:42.464,3,0,0,0,67301,1,0,0,,1,0,0,2,67301,0,,1,9,,,,,0,,1,0,0,0,0,,2125,1,2,0,0,0,0,0,3,4,0,1,7,,N,,,,,,,,,,,
2009066550,2018.0,2,0,0,0,0,0,0,0,0,4,0,,67,5,2009,7,39.9736,-75.2095,2016.0,6,0,0,0,0,0,0,0,0,,0,0,0,20,4,3,0,,0,39 58:24.972,,0,75 12:33.861,4,0,0,0,67301,0,0,0,N,0,0,0,5,67301,3,,1,1,,N,N,,0,,0,0,0,0,0,,2015,3,2,0,0,0,0,0,3,4,0,2,3,,N,,,,,,,,,,,
2009063932,803.0,2,0,0,0,0,0,0,0,0,4,0,,67,5,2009,6,40.0038,-75.1242,800.0,6,0,0,0,0,0,0,0,0,,0,0,0,7,1,1,2,,0,40 00:13.798,,0,75 07:26.950,8,0,0,0,67301,0,0,0,N,0,0,0,2,67301,0,,1,1,,N,N,,0,,0,0,0,2,3,,759,1,2,0,0,0,1,0,3,4,0,2,3,,N,,,,,,,,,,,
2009056411,2117.0,0,0,0,1,0,0,0,0,0,4,0,,67,4,2009,3,39.9679,-75.2375,2115.0,6,0,0,0,0,0,0,0,1,,0,0,0,20,3,1,1,,0,39 58:04.332,,0,75 14:15.071,8,0,0,0,67301,1,0,0,N,0,0,0,2,67301,0,,1,1,,N,N,,0,,0,0,0,3,3,,2047,1,2,0,0,0,1,0,3,4,1,1,3,,N,,,,,,,,,,,
2009056424,1233.0,3,0,0,0,0,0,0,0,0,4,0,,67,4,2009,4,39.9531,-75.2142,1232.0,6,0,0,0,0,0,0,0,0,,0,0,0,11,1,2,1,,0,39 57:11.214,,0,75 12:50.993,4,0,0,0,67301,0,0,0,N,0,0,0,3,67301,2,,1,1,,N,N,,0,,0,0,0,3,2,,1142,2,4,0,0,0,0,0,3,4,1,4,3,,N,,,,,,,,,,,
2009056474,2235.0,2,0,0,0,0,0,0,0,0,2,0,,67,5,2009,4,40.0286,-75.0853,2230.0,6,0,0,0,0,0,1,0,0,,0,0,0,22,3,3,1,,0,40 01:42.798,,0,75 05:07.223,8,0,0,0,67301,0,0,0,N,0,0,0,3,67301,0,,1,9,,N,N,,0,,0,0,0,3,2,,2230,3,2,0,0,0,3,0,3,4,0,2,7,,N,,,,,,,,,,,
2009059009,217.0,1,0,1,0,0,0,0,0,0,5,0,,67,2,2009,1,40.0217,-75.0393,216.0,6,0,0,0,0,0,0,0,0,1.0,0,0,0,2,3,1,0,,1,40 01:20.523,1.0,0,75 02:14.548,2,0,0,0,67301,0,0,0,N,0,0,0,3,68K01,0,,1,1,,N,N,,0,,0,1,1,0,0,N,213,1,2,0,0,0,0,0,3,4,0,2,3,,N,,,,,,,,,,,
2009088377,1222.0,1,0,0,0,0,0,0,0,0,5,0,,67,8,2009,1,39.9002,-75.1581,1220.0,6,0,0,0,0,0,1,0,1,2.0,0,0,0,12,1,1,0,,1,39 54:04.320,2.0,0,75 09:09.720,3,0,0,0,67301,0,0,0,N,0,0,0,5,68K01,0,,1,1,,N,N,,0,,1,0,2,0,0,N,1217,1,3,0,0,0,0,0,3,4,0,3,3,,N,,,,,,,,,,,
2009088381,2240.0,1,0,0,0,0,0,0,0,0,1,0,,67,8,2009,5,39.899,-75.1677,2233.0,6,0,0,0,0,0,0,0,0,2.0,0,0,0,22,3,0,6,,1,39 53:55.489,1.0,2,75 10:12.392,0,0,0,0,67301,0,0,0,N,0,0,0,4,68K01,0,,7,1,,N,N,,0,,0,0,1,0,0,N,2230,0,2,0,0,0,0,0,3,4,0,2,3,,N,,,,,,,,,,,
2009085920,1000.0,2,0,0,0,0,0,0,0,0,1,0,,67,7,2009,3,40.0403,-75.0154,956.0,6,0,0,0,0,0,1,1,0,,0,0,0,9,1,1,1,,0,40 02:25.213,,0,75 00:55.422,4,0,0,0,67301,0,0,0,,0,0,0,2,67301,1,,1,1,,,,,0,,0,0,0,3,2,,954,1,2,0,0,0,0,0,3,4,0,2,3,,N,,,,,,,,,,,
2009085924,1710.0,0,0,0,0,0,0,0,0,0,6,0,,67,7,2009,7,39.9714,-75.1594,1710.0,6,0,0,0,0,0,0,0,0,,0,0,0,17,1,3,1,,0,39 58:17.270,,0,75 09:34.235,4,0,0,0,67301,0,0,0,,0,0,0,5,67301,3,,1,1,,,,,0,,0,0,2,3,2,,1710,3,2,0,0,0,0,0,3,4,0,2,3,,N,,,,,,,,,,,
2009083349,1356.0,1,0,0,0,0,0,0,0,0,8,0,,67,7,2009,7,40.0577,-75.1661,1355.0,6,0,0,0,0,0,0,1,0,,0,0,0,13,1,1,1,,0,40 03:27.557,,0,75 09:57.853,3,0,0,0,67301,1,0,0,N,1,0,0,2,67301,0,,1,1,,N,N,,0,,1,0,0,3,2,,1300,1,2,0,0,0,0,0,3,4,0,1,3,,N,,,,,,,,,,,
2009083425,752.0,2,0,0,0,0,0,0,0,0,5,0,,67,6,2009,7,39.9659,-75.174,741.0,6,0,0,0,0,0,0,0,0,,0,0,0,99,1,0,0,,0,39 57:57.208,,0,75 10:26.456,0,0,0,0,67301,0,0,0,N,0,0,0,1,67301,0,,6,1,,N,,,0,,0,0,1,0,0,,9999,0,3,0,0,0,0,0,3,4,0,3,3,,N,,,,,,,,,,,
2009065817,1154.0,0,0,0,0,0,0,0,0,0,1,1,,67,5,2009,4,40.1,-75.0083,1153.0,6,0,0,0,0,0,0,0,0,1.0,0,1,0,11,1,0,2,,1,40 05:59.614,1.0,7,75 00:29.360,0,0,0,0,67301,0,0,0,N,0,0,0,2,67301,0,,1,1,,N,N,,0,,0,0,0,3,2,N,1153,0,2,0,0,0,0,0,3,4,1,2,3,,N,,,,,,,,,,,
2009086088,2104.0,0,0,0,0,0,0,0,0,0,2,0,,67,7,2009,4,40.027,-75.1099,2100.0,6,0,0,0,0,0,0,0,0,2.0,0,0,0,21,3,1,0,,2,40 01:37.297,5.0,0,75 06:35.690,8,0,0,0,67301,1,0,0,,1,0,0,3,67301,0,,1,9,,,,,0,,0,0,1,0,0,Y,2100,1,2,0,0,0,1,0,3,4,0,1,7,,N,,,,,,,,,,,
2009086102,4.0,2,0,0,0,0,0,0,0,0,2,0,,67,7,2009,7,40.0015,-75.22,2.0,6,0,0,0,0,0,1,0,0,3.0,0,0,0,23,3,1,0,,2,40 00:05.358,5.0,0,75 13:12.082,2,0,0,0,67301,0,0,0,,0,0,0,1,67301,0,,6,9,,N,N,,1,,0,1,0,0,0,Y,2350,1,3,0,0,0,0,0,3,4,0,3,7,,N,,,,,,,,,,,
2009078782,1530.0,0,0,0,1,0,0,0,0,0,4,0,,67,7,2009,2,39.9727,-75.2175,1530.0,6,0,0,0,0,0,0,0,0,1.0,0,0,0,15,1,1,1,,1,39 58:20.725,3.0,0,75 13:02.760,8,0,0,0,67301,1,0,0,N,0,0,0,3,67301,0,,1,1,,N,N,,1,,0,0,0,3,2,Y,1529,1,2,0,0,0,1,0,3,4,0,1,3,,N,,,,,,,,,,,
2009083865,2255.0,0,0,0,0,0,0,0,0,0,4,0,,67,7,2009,2,39.9594,-75.2209,2249.0,6,0,0,0,0,0,0,0,0,,0,0,0,22,3,2,1,,0,39 57:34.016,,1,75 13:15.339,3,0,0,0,67301,0,0,0,N,0,0,0,3,67301,0,,1,1,,N,N,,1,,2,0,1,3,2,,2249,2,2,0,0,2,0,1,3,4,0,2,3,,N,,,,,,,,,,,
2009078887,529.0,2,0,0,0,0,0,0,0,0,1,0,,67,7,2009,2,40.1133,-75.0047,529.0,6,0,0,0,0,0,1,2,0,3.0,0,0,0,5,1,0,0,,2,40 06:47.779,3.0,7,75 00:16.927,0,0,0,0,67301,0,0,0,N,0,0,0,3,67301,0,,1,1,,N,N,,1,,0,0,0,3,2,Y,529,0,3,0,0,0,0,0,3,4,0,3,3,,N,,,,,,,,,,,
2009078935,2150.0,1,0,0,0,0,0,0,0,0,4,0,,67,7,2009,7,39.9996,-75.1241,2147.0,6,0,0,0,1,0,0,0,0,,0,0,0,21,3,1,0,,0,39 59:58.502,,0,75 07:26.749,8,0,0,0,67301,0,0,0,N,0,0,0,2,67301,0,,1,1,,N,N,,1,,0,0,0,0,0,,2145,1,2,0,0,0,1,0,3,4,0,2,3,,N,,,,,,,,,,,
2009079188,1319.0,2,0,0,0,0,0,0,0,0,4,0,,67,7,2009,5,39.9903,-75.0907,1315.0,6,0,0,0,0,0,0,0,1,,0,0,0,13,1,0,2,,0,39 59:25.188,,0,75 05:26.643,0,0,0,0,67301,0,0,0,N,0,0,0,3,67301,0,,1,1,,N,N,,0,,0,0,0,0,0,,1300,0,2,0,0,0,0,0,3,4,0,2,3,,N,,,,,,,,,,,
2009079195,9999.0,0,0,0,0,0,0,0,0,0,7,0,,67,7,2009,5,39.9589,-75.1375,802.0,6,0,0,0,0,0,0,0,0,,0,0,0,99,1,1,0,,0,39 57:31.036,,0,75 08:15.505,4,0,0,0,67301,0,0,0,,0,0,0,1,67301,1,,5,1,,N,N,,1,,0,0,0,0,0,,9999,1,1,0,0,0,0,0,3,4,0,1,3,,N,,,,,,,,,,,
2009074495,1754.0,1,0,0,0,0,0,0,0,0,8,0,,67,6,2009,7,39.9526,-75.1654,1752.0,6,0,0,0,0,0,0,0,0,,0,0,0,17,1,1,2,,0,39 57:09.365,,0,75 09:55.351,4,0,0,0,67301,1,0,0,N,1,0,0,2,67301,1,,1,1,,N,N,,0,,0,0,0,3,2,,1752,1,2,0,0,0,0,0,3,4,0,1,3,,N,,,,,,,,,,,
2009074541,1659.0,1,0,0,0,0,0,0,0,0,2,0,,67,6,2009,6,39.9416,-75.2201,1655.0,6,0,0,0,1,0,0,0,0,3.0,0,0,0,16,1,3,1,,1,39 56:29.799,3.0,0,75 13:12.647,4,0,0,0,67301,0,0,0,N,0,0,0,6,67301,3,,1,1,,N,N,,0,,0,0,1,9,2,N,1622,3,2,0,0,0,0,0,3,4,0,2,3,,N,,,,,,,,,,,
2009071950,838.0,1,0,0,0,0,0,0,0,0,6,0,,67,6,2009,6,39.9265,-75.1864,837.0,6,0,0,0,0,0,0,0,0,,0,0,0,8,1,3,1,,0,39 55:35.296,,0,75 11:09.463,4,0,0,0,67301,0,0,0,,0,0,0,3,67301,3,,1,1,,,,,0,,0,0,1,3,2,,836,3,2,0,0,0,0,0,3,4,0,2,3,,N,,,,,,,,,,,
2009069654,1837.0,0,0,0,0,0,0,0,0,0,8,0,,67,6,2009,5,39.935,-75.1808,1814.0,6,0,0,0,0,0,0,0,0,,0,0,0,15,1,1,1,,0,39 56:06.108,,0,75 10:50.786,8,0,0,0,67301,1,0,0,N,1,0,0,2,67301,0,,1,9,,N,N,,0,,0,0,0,9,9,,1530,1,2,0,0,0,1,0,3,4,1,1,7,,N,,,,,,,,,,,
2009065272,1658.0,1,0,0,0,0,0,0,0,0,8,0,,67,5,2009,2,40.0002,-75.1545,1656.0,6,0,0,0,0,0,0,0,0,,0,0,0,16,1,1,0,,0,40 00:00.581,,0,75 09:16.150,8,0,0,0,67301,1,0,0,,1,0,0,2,67301,0,,1,1,,N,N,,0,,0,0,0,0,0,,1654,1,2,0,0,0,1,0,3,4,0,1,3,,N,,,,,,,,,,,
2009092957,1630.0,1,0,0,1,0,0,0,0,0,4,0,,67,8,2009,1,39.9744,-75.1819,1635.0,6,0,0,0,0,0,1,0,0,,0,0,0,16,1,1,1,,0,39 58:27.685,,0,75 10:54.713,8,0,0,0,67301,1,0,0,,0,0,0,2,67301,0,,1,1,,,,,0,,0,0,0,3,2,,1630,1,2,0,0,0,1,0,3,4,0,1,3,,N,,,,,,,,,,,
2009093015,1801.0,1,0,0,0,0,0,0,0,0,4,0,,67,8,2009,4,39.9827,-75.1112,1759.0,6,0,0,0,0,0,1,0,0,,0,0,0,99,1,1,1,,0,39 58:57.885,,0,75 06:40.168,8,0,0,0,67301,0,0,0,,0,0,0,2,67301,0,,1,1,,,,,0,,0,0,1,3,3,,9999,1,2,0,0,0,1,0,3,4,0,2,3,,N,,,,,,,,,,,
2009093034,2005.0,6,0,0,0,0,0,0,0,0,5,0,,67,8,2009,4,39.9644,-75.1406,2000.0,6,0,0,0,0,0,0,0,0,,0,0,0,19,3,1,0,,0,39 57:51.717,,0,75 08:26.210,3,0,0,0,67301,0,0,0,N,0,0,0,1,67301,0,,1,1,,N,N,,0,,1,0,0,0,0,,1950,1,6,0,0,1,0,0,3,4,0,6,3,,N,,,,,,,,,,,
2009067244,352.0,4,0,0,0,0,0,0,0,0,5,0,,67,5,2009,1,39.9106,-75.245,350.0,6,0,0,0,0,0,0,0,0,,0,0,0,3,3,0,0,,0,39 54:38.163,,0,75 14:41.960,0,0,0,0,67301,0,0,0,N,0,0,0,1,67301,0,,1,1,,N,N,,0,,0,0,1,0,0,,345,0,5,0,0,0,0,0,3,4,0,5,3,,N,,,,,,,,,,,
2009067294,2045.0,1,0,0,0,0,0,0,0,0,4,0,,67,6,2009,2,40.0262,-75.1173,2041.0,6,0,0,0,0,0,0,0,0,2.0,0,0,0,20,3,0,1,,1,40 01:34.507,1.0,0,75 07:01.776,0,0,0,0,67301,0,0,0,N,0,0,0,3,67301,0,,1,1,,N,N,,1,,0,0,0,3,2,N,2040,0,2,0,0,0,0,0,3,4,0,2,3,,N,,,,,,,,,,,
2009065357,2352.0,1,0,0,0,0,0,0,0,0,7,0,,67,4,2009,5,40.0395,-75.1642,2349.0,6,0,0,0,0,0,0,0,0,2.0,0,0,0,23,3,1,0,,2,40 02:22.203,5.0,0,75 09:51.220,4,0,0,0,67301,0,0,0,N,0,0,0,2,67301,1,,2,1,,N,N,,0,,0,0,0,0,0,Y,2340,1,1,0,0,0,0,0,3,4,0,1,3,,N,,,,,,,,,,,
2009065408,1439.0,1,0,0,0,0,0,0,0,0,7,0,,67,5,2009,7,39.9215,-75.1906,1433.0,6,0,0,0,1,0,0,0,0,2.0,0,0,0,14,1,1,0,,2,39 55:17.330,2.0,4,75 11:26.139,3,0,0,0,67301,0,0,0,N,0,0,0,1,67301,0,,2,1,,N,N,,0,,1,0,0,0,0,Y,1432,1,1,0,0,0,0,0,3,4,0,1,3,,N,,,,,,,,,,,
2009120582,1448.0,1,0,0,0,0,0,0,0,0,1,0,,67,11,2009,1,39.9311,-75.2176,1443.0,6,0,0,0,0,0,0,0,0,1.0,0,0,0,14,1,4,1,,1,39 55:52.058,4.0,0,75 13:03.523,8,0,0,0,67301,0,0,0,N,0,0,0,6,67301,0,,1,9,,N,N,,0,,0,0,0,3,2,Y,1440,4,2,0,0,0,4,0,3,4,0,2,3,,N,,,,,,,,,,,
2009120590,1505.0,2,0,0,0,0,0,0,0,0,2,0,,67,9,2009,2,39.9579,-75.1623,1503.0,6,0,0,0,0,0,0,2,0,,0,0,0,15,1,0,1,,0,39 57:29.061,,0,75 09:44.627,0,0,0,0,67301,0,0,0,,0,0,0,2,67301,0,,1,1,,,,,0,,0,0,0,3,2,,1500,0,2,0,0,0,0,0,3,4,0,2,3,,N,,,,,,,,,,,
2009089154,9999.0,1,0,0,0,0,0,0,0,0,5,0,,67,5,2009,3,39.9749,-75.1397,1907.0,6,0,0,0,0,0,1,0,0,,0,0,0,19,4,2,1,,0,39 58:29.679,,0,75 08:22.984,8,0,0,0,67301,0,0,0,N,0,0,0,6,67301,0,,1,9,,N,N,,1,,0,0,0,3,3,,1905,2,2,0,0,0,2,0,3,4,0,2,7,,N,,,,,,,,,,,
2009115672,1804.0,1,0,0,0,0,0,0,0,0,1,0,,67,11,2009,1,39.9808,-75.1032,1754.0,6,0,0,1,0,0,1,0,0,2.0,0,0,0,17,3,0,0,,1,39 58:51.375,1.0,0,75 06:11.461,0,0,0,0,67301,0,0,0,N,0,0,0,7,68K01,0,,1,1,,N,N,,1,,0,0,1,0,0,N,1753,0,3,0,0,0,0,0,3,4,0,3,3,,N,,,,,,,,,,,
2009071431,821.0,1,0,0,0,0,0,0,0,0,2,0,,67,6,2009,6,39.9383,-75.17,819.0,6,0,0,0,0,0,0,0,0,,0,0,0,8,1,1,1,,0,39 56:17.761,,0,75 10:12.111,4,0,0,1,67301,0,0,0,N,0,0,0,2,67301,1,,1,1,,N,N,,0,,0,0,0,0,0,,818,1,2,0,0,0,0,0,3,4,0,2,3,,N,,,,,,,,,,,
2009063871,930.0,2,0,0,0,0,0,0,0,0,1,0,,67,5,2009,5,40.0238,-75.0805,910.0,6,0,0,0,0,0,1,1,0,,0,0,0,9,1,1,0,,0,40 01:25.851,,0,75 04:49.673,4,0,0,0,67301,0,0,0,N,0,0,0,3,67301,1,,1,1,,N,N,,0,,0,0,0,3,2,,910,1,2,0,0,0,0,0,3,4,0,2,3,,N,,,,,,,,,,,
2009068963,1221.0,1,0,0,0,0,0,0,0,0,7,0,,67,6,2009,3,39.9227,-75.1918,1221.0,6,0,0,0,0,0,0,0,0,,0,0,0,12,1,1,0,,0,39 55:24.600,,0,75 11:32.280,4,0,0,0,67301,0,0,0,N,0,0,0,1,68K01,1,,2,1,,N,N,,0,,0,0,0,0,0,,1220,1,1,0,0,0,0,0,3,4,0,1,3,,N,,,,,,,,,,,
2009063905,908.0,2,0,0,0,0,0,0,0,0,4,0,,67,4,2009,3,39.9922,-75.2457,903.0,6,0,0,0,0,0,0,0,0,,0,0,0,9,1,1,2,,0,39 59:31.945,,0,75 14:44.552,4,0,0,0,67301,0,0,0,N,0,0,0,2,67301,1,,1,1,,N,N,,0,,0,0,0,3,2,,900,1,2,0,0,2,0,0,3,4,0,2,3,,N,,,,,,,,,,,
2009056319,1830.0,1,0,0,1,0,0,0,0,0,5,0,,67,5,2009,6,39.9395,-75.1461,1825.0,6,0,0,0,0,0,0,0,0,,0,0,0,18,1,1,2,,0,39 56:22.131,,0,75 08:45.790,8,0,0,0,67301,1,0,0,N,0,0,0,2,67301,0,,1,1,,N,N,,0,,0,0,0,9,3,,1820,1,2,0,0,0,1,0,3,4,0,1,3,,N,,,,,,,,,,,
2009058822,1841.0,2,0,0,0,0,0,0,0,0,1,0,,67,5,2009,1,39.9907,-75.157,1840.0,6,0,0,0,0,0,0,0,0,,0,0,0,18,4,1,2,,0,39 59:26.491,,0,75 09:25.149,4,0,0,0,67301,0,0,0,N,0,0,0,3,67301,1,,1,9,,N,N,,0,,0,0,0,0,0,,1839,1,2,0,0,0,0,0,3,4,0,2,7,,N,,,,,,,,,,,
2009063933,822.0,2,0,0,0,0,0,0,0,0,6,0,,67,5,2009,4,40.0527,-75.1467,819.0,6,0,0,0,0,0,1,0,0,,0,0,0,8,1,2,1,,0,40 03:09.720,,0,75 08:48.004,8,0,0,0,67301,0,0,0,N,0,0,0,3,67301,0,,1,1,,N,N,,0,,0,0,0,2,3,,800,2,2,0,0,0,2,0,3,4,0,2,3,,N,,,,,,,,,,,
2009063982,121.0,2,0,0,0,0,0,0,0,0,1,0,,67,5,2009,3,40.0966,-74.9759,121.0,6,0,0,0,0,0,0,0,0,2.0,0,0,0,1,3,1,0,,2,40 05:47.594,5.0,0,74 58:33.250,8,0,0,0,67301,0,0,0,N,0,0,0,1,67301,0,,6,1,,N,N,,0,,0,0,1,0,0,Y,120,1,3,0,0,0,1,0,3,4,0,3,3,,N,,,,,,,,,,,
2009056361,2114.0,1,0,0,0,0,0,0,0,0,4,0,,67,4,2009,1,39.9507,-75.2371,2112.0,6,0,1,0,0,0,0,0,0,,0,0,0,21,3,2,1,,0,39 57:02.523,,0,75 14:13.545,3,0,0,0,67301,0,0,0,N,0,0,0,3,67301,1,,1,1,,N,N,,0,,1,0,1,3,3,,2110,2,2,0,0,0,0,1,3,4,0,2,3,,N,,,,,,,,,,,
2009056465,1720.0,1,0,0,0,0,0,0,0,0,1,0,,67,4,2009,5,40.0251,-75.1788,1700.0,6,0,0,0,0,0,0,0,0,,0,0,0,17,1,1,1,,0,40 01:30.363,,0,75 10:43.665,8,0,0,0,67301,0,0,0,,0,0,0,4,67301,0,,1,1,,,,,0,,0,0,0,3,3,,1700,1,2,0,0,0,1,0,3,4,1,2,3,,N,,,,,,,,,,,
2009093357,850.0,1,0,0,0,0,0,0,0,0,4,0,,67,8,2009,7,40.0548,-75.169,841.0,6,0,0,0,0,1,1,0,0,,0,0,0,8,1,1,1,,0,40 03:17.448,,0,75 10:08.247,8,0,0,0,67301,0,0,0,N,0,0,0,2,67301,0,,1,1,,N,N,,0,,0,0,0,3,2,,838,1,2,0,0,0,1,0,3,4,1,2,3,,N,,,,,,,,,,,
2009083511,1435.0,2,0,0,0,0,0,0,0,0,4,0,,67,6,2009,7,39.9561,-75.1998,1437.0,6,0,0,0,0,0,0,1,0,,0,0,0,13,1,4,1,,0,39 57:21.945,,0,75 11:59.211,4,0,0,0,67301,0,0,0,N,0,0,0,5,67301,4,,1,1,,N,N,,0,,0,0,0,9,3,,1340,4,2,0,0,0,0,0,3,4,0,2,3,,N,,,,,,,,,,,
2009085982,330.0,2,0,0,0,0,0,0,0,0,1,0,,67,8,2009,7,39.958,-75.2335,326.0,6,0,0,0,0,1,0,0,0,,0,0,0,3,3,2,2,,0,39 57:28.628,,0,75 14:00.595,3,0,0,0,67301,0,0,0,N,0,0,0,4,67301,0,,1,1,,N,N,,0,,2,0,0,3,2,,320,2,2,0,0,0,0,2,3,4,0,2,3,,N,,,,,,,,,,,
2009086036,1000.0,2,0,0,0,0,0,0,0,0,4,0,,67,8,2009,3,40.0477,-75.06,954.0,6,0,0,0,0,0,0,0,0,,0,0,0,9,1,1,1,,0,40 02:51.396,,0,75 03:35.506,8,0,0,0,67301,0,0,0,,0,0,0,2,67301,0,,1,1,,,,,0,,0,0,0,3,2,,952,1,2,0,0,0,1,0,3,4,0,2,3,,N,,,,,,,,,,,
2009065785,1702.0,2,0,0,0,0,0,0,0,0,5,0,,67,4,2009,2,39.9575,-75.2173,1700.0,6,0,0,0,0,0,0,0,0,,0,0,0,17,1,1,1,,0,39 57:27.032,,0,75 13:02.345,3,0,0,0,67301,0,0,0,N,0,0,0,2,67301,0,,1,1,,N,N,,0,,1,0,1,3,2,,1700,1,3,0,0,1,0,0,3,4,0,3,3,,N,,,,,,,,,,,
2009086492,1725.0,0,0,0,0,0,0,0,0,0,8,0,,67,7,2009,6,39.979,-75.2424,1522.0,6,0,0,0,0,0,0,0,0,,0,0,0,15,1,1,0,,0,39 58:44.414,,0,75 14:32.740,4,0,0,0,67301,1,0,0,N,1,0,0,2,67301,1,,1,1,,N,N,,0,,0,0,1,0,0,,1522,1,2,0,0,0,0,0,3,4,0,1,3,,N,,,,,,,,,,,
2009086500,1638.0,3,0,0,0,0,0,0,0,0,2,0,,67,7,2009,3,40.0698,-75.1606,1627.0,6,0,0,0,0,0,0,0,1,,0,0,0,16,1,3,5,,0,40 04:11.308,,0,75 09:38.084,4,0,0,0,67301,0,0,0,,0,0,0,3,67301,3,,1,1,,N,N,,0,,0,0,0,3,3,,1623,3,3,0,0,0,0,0,3,4,0,3,3,,N,,,,,,,,,,,
2009081670,1436.0,1,0,0,0,0,0,0,0,0,8,0,,67,6,2009,2,39.9632,-75.2024,1433.0,6,0,0,0,0,0,0,0,0,,0,0,0,14,1,1,0,,0,39 57:47.578,,0,75 12:08.747,4,0,0,0,67301,1,0,0,N,1,0,0,2,67301,1,,1,1,,N,N,,0,,0,0,0,0,0,,1430,1,2,0,0,0,0,0,3,4,0,1,3,,N,,,,,,,,,,,
2009078814,1148.0,2,0,0,0,0,0,0,0,0,4,0,,67,7,2009,4,40.0372,-75.1748,1147.0,6,0,0,0,0,0,1,0,0,,0,0,0,11,1,3,0,,0,40 02:14.093,,7,75 10:29.459,8,0,0,0,67301,0,0,0,N,0,0,0,5,67301,0,,1,1,,N,N,,0,,0,0,0,0,0,,1145,3,2,0,0,0,3,0,3,4,0,2,3,,N,,,,,,,,,,,