CRN,ARRIVAL_TM,AUTOMOBILE_COUNT,BELTED_DEATH_COUNT,BELTED_SUSP_SERIOUS_INJ_COUNT,BICYCLE_COUNT,BICYCLE_DEATH_COUNT,BICYCLE_SUSP_SERIOUS_INJ_COUNT,BUS_COUNT,CHLDPAS_DEATH_COUNT,CHLDPAS_SUSP_SERIOUS_INJ_COUNT,COLLISION_TYPE,COMM_VEH_COUNT,CONS_ZONE_SPD_LIM,COUNTY,CRASH_MONTH,CRASH_YEAR,DAY_OF_WEEK,DEC_LAT,DEC_LONG,DISPATCH_TM,DISTRICT,DRIVER_COUNT_16YR,DRIVER_COUNT_17YR,DRIVER_COUNT_18YR,DRIVER_COUNT_19YR,DRIVER_COUNT_20YR,DRIVER_COUNT_50_64YR,DRIVER_COUNT_65_74YR,DRIVER_COUNT_75PLUS,EST_HRS_CLOSED,FATAL_COUNT,HEAVY_TRUCK_COUNT,HORSE_BUGGY_COUNT,HOUR_OF_DAY,ILLUMINATION,INJURY_COUNT,INTERSECT_TYPE,INTERSECTION_RELATED,LANE_CLOSED,LATITUDE,LN_CLOSE_DIR,LOCATION_TYPE,LONGITUDE,MAX_SEVERITY_LEVEL,MCYCLE_DEATH_COUNT,MCYCLE_SUSP_SERIOUS_INJ_COUNT,MOTORCYCLE_COUNT,MUNICIPALITY,NONMOTR_COUNT,NONMOTR_DEATH_COUNT,NONMOTR_SUSP_SERIOUS_INJ_COUNT,NTFY_HIWY_MAINT,PED_COUNT,PED_DEATH_COUNT,PED_SUSP_SERIOUS_INJ_COUNT,PERSON_COUNT,POLICE_AGCY,POSSIBLE_INJ_COUNT,RDWY_SURF_TYPE_CD,RELATION_TO_ROAD,ROAD_CONDITION,ROADWAY_CLEARED,SCH_BUS_IND,SCH_ZONE_IND,SECONDARY_CRASH,SMALL_TRUCK_COUNT,SPEC_JURIS_CD,SUSP_MINOR_INJ_COUNT,SUSP_SERIOUS_INJ_COUNT,SUV_COUNT,TCD_FUNC_CD,TCD_TYPE,TFC_DETOUR_IND,TIME_OF_DAY,TOT_INJ_COUNT,TOTAL_UNITS,UNB_DEATH_COUNT,UNB_SUSP_SERIOUS_INJ_COUNT,UNBELTED_OCC_COUNT,UNK_INJ_DEG_COUNT,UNK_INJ_PER_COUNT,URBAN_AREA,URBAN_RURAL,VAN_COUNT,VEHICLE_COUNT,WEATHER1,WEATHER2,WORK_ZONE_IND,WORK_ZONE_LOC,WORK_ZONE_TYPE,WORKERS_PRES,WZ_CLOSE_DETOUR,WZ_FLAGGER,WZ_LAW_OFFCR_IND,WZ_LN_CLOSURE,WZ_MOVING,WZ_OTHER,WZ_SHLDER_MDN,WZ_WORKERS_INJ_KILLED
2009083858,1645.0,0,0,0,0,0,0,0,0,0,7,0,,67,7,2009,6,39.9466,-75.21,1643.0,6,0,0,1,0,0,0,0,0,,0,0,0,15,1,0,0,,0,39 56:47.673,,0,75 12:36.028,0,0,0,0,67301,0,0,0,N,0,0,0,1,67301,0,,4,1,,N,N,,0,,0,0,1,0,0,,1554,0,1,0,0,0,0,0,3,4,0,1,3,,N,,,,,,,,,,,
2009078881,1809.0,1,0,0,0,0,0,0,0,0,4,0,,67,7,2009,3,39.9059,-75.1779,1808.0,6,0,0,0,0,0,0,0,0,,0,0,0,18,1,2,0,,0,39 54:21.367,,7,75 10:40.331,8,0,0,0,67301,0,0,0,N,0,0,0,7,67301,0,,1,1,,N,N,,0,,0,0,1,0,0,,1807,2,2,0,0,0,2,0,3,4,0,2,3,,N,,,,,,,,,,,
2009081733,1722.0,1,0,0,0,0,0,0,0,0,8,0,,67,6,2009,2,39.914,-75.1794,1720.0,6,0,0,0,0,0,0,0,0,,0,0,0,99,1,1,1,,0,39 54:50.417,,0,75 10:46.005,4,0,0,0,67301,1,0,0,,1,0,0,3,67301,1,,1,1,,N,N,,0,,0,0,0,3,3,,9999,1,2,0,0,0,0,0,3,4,0,1,3,,N,,,,,,,,,,,
2009081627,1755.0,1,0,0,0,0,0,0,0,0,8,0,,67,7,2009,6,39.9525,-75.177,1752.0,6,0,0,0,0,0,0,0,0,,0,0,0,17,1,1,2,,0,39 57:08.958,,0,75 10:37.001,8,0,0,0,67301,1,0,0,,1,0,0,2,67301,0,,1,1,,,,,0,,0,0,0,3,2,,1750,1,2,0,0,0,1,0,3,4,0,1,3,,N,,,,,,,,,,,
2009079138,1733.0,1,0,0,0,0,0,0,0,0,1,0,,67,5,2009,6,39.9455,-75.2273,1730.0,6,0,0,0,0,0,0,0,1,,0,0,0,99,1,1,2,,0,39 56:43.936,,0,75 13:38.369,4,0,0,0,67301,0,0,0,N,0,0,0,2,67301,1,,1,9,,N,N,,1,,0,0,0,3,3,,9999,1,2,0,0,0,0,0,3,4,0,2,7,,N,,,,,,,,,,,
2009079148,1809.0,2,0,0,0,0,0,0,0,0,4,0,,67,7,2009,3,39.9674,-75.2457,1807.0,6,0,0,0,0,0,1,0,0,,0,0,0,18,1,0,1,,0,39 58:02.378,,0,75 14:44.992,0,0,0,0,67301,0,0,0,N,0,0,0,3,67301,0,,1,1,,N,N,,0,,0,0,0,9,2,,1804,0,2,0,0,2,0,0,3,4,0,2,3,,N,,,,,,,,,,,
2009079220,938.0,2,0,0,0,0,0,0,0,0,1,0,,67,7,2009,2,40.026,-75.1172,933.0,6,0,0,1,0,0,0,1,0,,0,0,0,9,1,2,0,,0,40 01:33.474,,99,75 07:01.952,8,0,0,0,67301,0,0,0,,0,0,0,3,67301,0,,1,1,,N,N,,0,,0,0,0,0,0,,930,2,2,0,0,0,2,0,3,4,0,2,3,,N,,,,,,,,,,,
2009079243,1214.0,0,0,0,0,0,0,0,0,0,7,0,,67,7,2009,1,40.0042,-75.0994,1214.0,6,0,0,0,0,0,0,0,0,,0,0,0,12,1,0,1,,0,40 00:15.118,,0,75 05:57.764,0,0,0,0,67301,0,0,0,N,0,0,0,1,67301,0,,1,1,,N,N,,0,,0,0,1,3,2,,1210,0,1,0,0,0,0,0,3,4,0,1,3,,N,,,,,,,,,,,
2009074452,2115.0,1,0,0,0,0,0,0,0,0,4,0,,67,6,2009,4,39.957,-75.2459,2107.0,6,0,0,0,0,0,0,0,0,,0,0,0,21,3,2,1,,0,39 57:25.376,,0,75 14:45.124,3,0,0,0,67301,0,0,0,N,0,0,0,4,67301,1,,1,9,,N,N,,0,,1,0,1,3,2,,2100,2,2,0,0,0,0,0,3,4,0,2,7,,N,,,,,,,,,,,
2009074503,1409.0,2,0,0,0,0,0,1,0,0,4,1,,67,6,2009,5,40.0033,-75.1659,1407.0,6,0,0,0,0,0,1,0,0,2.0,0,0,0,14,1,4,1,,2,40 00:11.769,7.0,0,75 09:57.120,3,0,0,0,67301,0,0,0,,0,0,0,30,67301,0,,1,1,,,,,0,,4,0,0,3,2,Y,1406,4,3,0,0,0,0,0,3,4,0,3,3,,N,,,,,,,,,,,
2009065256,154.0,2,0,0,0,0,0,0,0,0,1,0,,67,5,2009,6,39.9962,-75.1723,152.0,6,0,0,0,0,0,0,0,0,,0,0,0,0,3,1,1,,0,39 59:46.445,,0,75 10:20.401,8,0,0,0,67301,0,0,0,N,0,0,0,2,67301,0,,1,1,,N,N,,0,,0,0,0,3,2,,1,1,2,0,0,0,1,1,3,4,0,2,3,,N,,,,,,,,,,,
2009067237,1850.0,1,0,0,0,0,0,0,0,0,8,0,,67,6,2009,4,40.0148,-75.071,1850.0,6,0,0,0,0,0,1,0,0,,0,0,0,18,1,1,0,,0,40 00:53.425,,0,75 04:15.759,4,0,0,0,67301,1,0,0,N,1,0,0,2,67301,1,,1,1,,N,N,,0,,0,0,0,0,0,,1849,1,2,0,0,0,0,0,3,4,0,1,3,,N,,,,,,,,,,,
2009067428,203.0,2,0,0,0,0,0,0,0,0,4,0,,67,4,2009,7,39.9848,-75.1691,202.0,6,0,0,0,0,0,1,0,0,2.0,0,0,0,1,3,1,1,,2,39 59:05.294,7.0,0,75 10:08.806,4,0,0,0,67301,0,0,0,N,0,0,0,3,67301,1,,1,1,,N,N,,0,,0,0,0,3,3,Y,144,1,2,0,0,0,0,2,3,4,0,2,3,,N,,,,,,,,,,,
2009067309,255.0,1,0,0,0,0,0,0,0,0,7,0,,67,6,2009,7,40.072,-75.013,249.0,6,0,0,0,0,0,0,0,0,,0,0,0,2,3,0,1,,0,40 04:19.382,,0,75 00:46.920,0,0,0,0,67301,0,0,0,N,0,0,0,1,67301,0,,4,1,,N,N,,0,,0,0,0,3,2,,245,0,1,0,0,0,0,0,3,4,0,1,3,,N,,,,,,,,,,,
2009067455,1630.0,1,0,0,0,0,0,1,0,0,5,1,,67,6,2009,5,39.9516,-75.1627,1630.0,6,0,0,0,0,0,0,0,0,,0,0,0,16,1,1,0,,0,39 57:05.690,,0,75 09:45.840,4,0,0,0,67301,0,0,0,N,0,0,0,6,67301,1,,1,9,,N,N,,0,,0,0,0,0,0,,1630,1,2,0,0,0,0,0,3,4,0,2,7,,N,,,,,,,,,,,
2009067219,1839.0,1,0,0,0,0,0,0,0,0,7,0,,67,6,2009,2,39.915,-75.1378,1834.0,6,0,0,0,0,0,0,0,0,,0,0,0,18,1,0,0,,0,39 54:53.988,,0,75 08:16.020,0,0,0,0,67301,0,0,0,N,0,0,0,1,67301,0,,4,1,,N,N,,0,,0,0,0,0,0,,1825,0,1,0,0,0,0,0,3,4,0,1,3,,N,,,,,,,,,,,
2009067580,1040.0,0,0,0,0,0,0,0,0,0,8,0,,67,5,2009,4,39.9515,-75.1567,1040.0,6,0,0,0,0,0,1,0,0,2.0,0,0,0,10,1,1,1,,1,39 57:05.291,3.0,0,75 09:23.992,3,0,0,0,67301,1,0,0,N,1,0,0,2,67301,0,,1,1,,N,N,,0,,1,0,1,3,2,Y,1039,1,2,0,0,0,0,0,3,4,0,1,3,,N,,,,,,,,,,,
2009067616,2041.0,2,0,0,0,0,0,0,0,0,4,0,,67,5,2009,1,39.9161,-75.2361,2030.0,6,0,0,1,0,0,0,0,0,,0,0,0,20,2,1,1,,0,39 54:57.913,,0,75 14:09.812,3,0,0,0,67301,0,0,0,,0,0,0,3,67301,0,,1,1,,N,N,,0,,1,0,0,3,2,,2030,1,2,0,0,0,0,0,3,4,0,2,3,,N,,,,,,,,,,,
2009026874,1223.0,1,0,0,0,0,0,0,0,0,4,0,,67,1,2009,7,40.0808,-75.0284,1222.0,6,0,0,0,0,0,0,0,1,1.0,0,0,0,12,1,1,5,,1,40 04:50.520,4.0,0,75 01:42.600,4,0,0,0,67301,0,0,0,,0,0,0,3,67301,1,,1,1,,N,N,,0,,0,0,0,3,2,N,1222,1,2,0,0,0,0,0,3,4,1,2,3,,N,,,,,,,,,,,
2009044479,1050.0,2,0,0,0,0,0,0,0,0,1,0,,67,3,2009,1,40.0465,-75.1363,1050.0,6,0,0,0,0,0,0,0,0,1.0,0,0,0,10,1,1,1,,1,40 02:47.419,4.0,0,75 08:10.793,4,0,0,0,67301,0,0,0,N,0,0,0,2,67301,1,,1,1,,N,N,,0,,0,0,0,3,2,N,1050,1,2,0,0,0,0,0,3,4,0,2,3,,N,,,,,,,,,,,
2009047172,838.0,1,0,0,0,0,0,0,0,0,7,0,,67,3,2009,6,40.0419,-75.1144,833.0,6,0,0,0,0,1,0,0,0,,0,0,0,8,1,1,0,,0,40 02:30.807,,0,75 06:51.853,8,0,0,0,67301,0,0,0,Y,0,0,0,1,67301,0,,4,1,,N,N,,0,,0,0,0,0,0,,833,1,1,0,0,0,1,0,3,4,0,1,3,,N,,,,,,,,,,,
2009047173,859.0,2,0,0,0,0,0,0,0,0,7,0,,67,4,2009,5,,,854.0,6,0,0,0,0,0,0,0,0,1.0,0,0,0,8,1,1,0,,1,,4.0,0,,4,0,0,0,67301,0,0,0,N,0,0,0,2,67301,1,,2,1,,N,N,,0,,0,0,0,0,0,N,853,1,2,0,0,0,0,0,3,3,0,2,3,,N,,,,,,,,,,,
2009124458,2210.0,4,0,0,0,0,0,0,0,0,5,0,,67,11,2009,2,40.0592,-75.0514,2203.0,6,0,0,0,0,0,0,0,0,9.0,0,0,0,21,3,2,0,,2,40 03:33.158,6.0,0,75 03:05.156,8,0,0,0,67301,0,0,0,N,0,0,0,3,67301,0,,1,1,,N,N,,2,,0,0,1,0,0,Y,2155,2,7,0,0,0,2,1,3,4,0,7,3,,N,,,,,,,,,,,
2009097028,2152.0,2,0,0,0,0,0,0,0,0,4,0,,67,9,2009,6,40.0473,-75.1428,2148.0,6,0,0,0,0,0,0,1,0,,0,0,0,21,3,6,0,,0,40 02:50.472,,7,75 08:34.120,8,0,0,0,67301,0,0,0,N,0,0,0,6,67301,0,,1,1,,N,N,,0,,0,0,0,0,0,,2122,6,2,0,0,0,6,0,3,4,0,2,3,,N,,,,,,,,,,,
2009097097,55.0,1,0,0,0,0,0,0,0,0,8,0,,67,8,2009,5,40.0516,-75.1845,48.0,6,0,0,0,0,0,0,0,0,,0,0,0,23,3,1,0,,0,40 03:05.688,,0,75 11:04.106,8,0,0,0,67301,1,0,0,N,1,0,0,2,67301,0,,4,1,,N,N,,0,,0,0,0,0,0,,2305,1,2,0,0,0,1,1,3,4,0,1,3,,N,,,,,,,,,,,
2009097118,2249.0,2,0,0,0,0,0,0,0,0,4,0,,67,8,2009,5,39.9615,-75.1517,2249.0,6,0,0,0,1,0,1,0,0,2.0,0,0,0,99,3,3,1,,2,39 57:41.246,2.0,0,75 09:06.281,4,0,0,0,67301,0,0,0,N,0,0,0,4,67301,3,,1,1,,N,N,,0,,0,0,0,3,2,Y,9999,3,2,0,0,0,0,0,3,4,0,2,3,,N,,,,,,,,,,,
2009083713,918.0,1,0,0,0,0,0,0,0,0,2,0,,67,7,2009,3,40.039,-75.15,910.0,6,0,0,0,0,0,0,0,0,1.0,0,0,0,9,1,2,1,,1,40 02:20.299,2.0,0,75 09:00.122,4,0,0,0,67301,0,0,0,N,0,0,0,3,67301,2,,1,9,,N,N,,0,,0,0,0,3,2,Y,905,2,2,0,0,0,0,0,3,4,1,2,7,,N,,,,,,,,,,,
2009083739,627.0,3,0,0,0,0,0,0,0,0,5,0,,67,4,2009,2,39.9342,-75.2266,625.0,6,0,0,0,0,0,0,0,0,,0,0,0,6,1,0,0,,0,39 56:03.019,,0,75 13:35.850,0,0,0,0,67301,0,0,0,N,0,0,0,1,67301,0,,6,1,,N,N,,0,,0,0,0,0,0,,622,0,3,0,0,0,0,0,3,4,0,3,3,,N,,,,,,,,,,,
2009083756,1907.0,2,0,0,0,0,0,0,0,0,1,0,,67,7,2009,1,40.1078,-75.0004,1859.0,6,0,0,0,0,0,0,0,0,,0,0,0,18,1,2,0,,0,40 06:28.257,,0,75 00:01.464,8,0,0,0,67301,0,0,0,N,0,0,0,5,67301,0,,1,1,,N,N,,0,,0,0,0,0,0,,1855,2,2,0,0,0,2,0,3,4,0,2,3,,N,,,,,,,,,,,
2009121640,411.0,1,0,0,0,0,0,0,0,0,0,0,,67,11,2009,2,39.9571,-75.1442,357.0,6,0,0,0,1,0,0,0,0,1.0,0,0,0,3,3,1,0,,1,39 57:26.724,4.0,2,75 08:46.489,4,0,0,0,67301,0,0,0,N,0,0,0,1,68K01,1,,1,1,,N,N,,0,,0,0,0,0,0,N,355,1,1,0,0,1,0,0,3,4,0,1,3,,N,,,,,,,,,,,
2009065418,2005.0,1,0,0,0,0,0,0,0,0,8,0,,67,5,2009,5,40.0213,-75.1485,2000.0,6,0,0,0,0,0,0,0,0,,0,0,0,19,3,1,0,,0,40 01:16.418,,0,75 08:54.688,8,0,0,0,67301,1,0,0,N,1,0,0,2,67301,0,,1,1,,N,N,,0,,0,0,0,0,0,,1955,1,2,0,0,0,1,0,3,4,0,1,3,,N,,,,,,,,,,,
2009065428,1303.0,2,0,0,0,0,0,0,0,0,4,0,,67,5,2009,5,39.9513,-75.1552,1300.0,6,0,0,0,1,0,0,0,0,1.0,0,0,0,12,1,1,0,,2,39 57:04.643,4.0,0,75 09:18.649,4,0,0,0,67301,0,0,0,N,0,0,0,2,67301,1,,1,1,,N,N,,0,,0,0,0,0,0,Y,1255,1,2,0,0,0,0,0,3,4,0,2,3,,N,,,,,,,,,,,
2009082707,1816.0,1,0,0,0,0,0,1,0,0,5,1,,67,7,2009,4,39.9508,-75.1759,1813.0,6,0,0,0,0,0,0,0,0,1.0,0,0,0,18,1,1,0,,1,39 57:02.819,4.0,0,75 10:32.917,8,0,0,0,67301,0,0,0,N,0,0,0,3,67301,0,,1,1,,N,N,,0,,0,0,0,0,0,N,1809,1,2,0,0,0,1,0,3,4,0,2,3,,N,,,,,,,,,,,
2009120531,1411.0,2,0,0,0,0,0,0,0,0,4,0,,67,10,2009,2,39.9381,-75.1818,1409.0,6,0,0,0,0,0,0,0,0,,0,0,0,14,1,1,1,,0,39 56:17.113,,0,75 10:54.645,8,0,0,0,67301,0,0,0,N,0,0,0,2,67301,0,,1,1,,N,N,,0,,0,0,0,3,3,,1407,1,2,0,0,0,1,0,3,4,0,2,3,,N,,,,,,,,,,,
2009120532,1850.0,1,0,0,0,0,0,0,0,0,8,0,,67,10,2009,5,39.9859,-75.2319,1844.0,6,0,0,0,0,0,0,0,0,,0,0,0,18,3,1,1,,0,39 59:09.189,,0,75 13:54.821,8,0,0,0,67301,1,0,0,N,1,0,0,2,67301,0,,1,1,,N,N,,0,,0,0,0,3,2,,1840,1,2,0,0,0,1,1,3,4,0,1,3,,N,,,,,,,,,,,
2009118708,655.0,1,0,0,0,0,0,0,0,0,7,0,,67,11,2009,7,40.0458,-75.0005,642.0,6,0,0,0,0,0,0,0,0,,0,0,0,6,5,0,0,,0,40 02:45.054,,2,75 00:01.674,0,0,0,0,67301,0,0,0,N,0,0,0,1,68K01,0,,3,9,,N,N,,0,,0,0,0,0,0,,641,0,1,0,0,0,0,0,3,4,0,1,7,,N,,,,,,,,,,,
2009120618,207.0,1,0,0,0,0,0,0,0,0,4,0,,67,10,2009,1,39.9663,-75.2378,206.0,6,0,0,0,0,0,1,0,0,,0,0,0,2,3,1,1,,0,39 57:58.759,,0,75 14:16.205,3,0,0,0,67301,0,0,0,,0,0,0,2,67301,0,,1,9,,,,,0,,1,0,0,3,3,,205,1,2,0,0,0,0,0,3,4,0,2,7,,N,,,,,,,,,,,
2009120652,1705.0,2,0,0,0,0,0,0,0,0,4,0,,67,9,2009,2,39.9253,-75.2291,1700.0,6,0,0,0,0,0,0,0,0,,0,0,0,17,1,1,1,,0,39 55:30.950,,0,75 13:44.824,8,0,0,0,67301,0,0,0,,0,0,0,2,67301,0,,1,1,,N,N,,0,,0,0,0,3,2,,1700,1,2,0,0,0,1,0,3,4,0,2,3,,N,,,,,,,,,,,
2009080403,1355.0,2,0,0,0,0,0,0,0,0,5,0,,67,7,2009,4,39.8944,-75.1947,1335.0,6,0,0,1,0,0,0,0,0,2.0,0,0,0,13,1,0,0,,1,39 53:54.960,1.0,0,75 10:49.440,0,0,0,0,67301,0,0,0,N,0,0,0,6,68K01,0,,1,1,,N,N,,1,,0,0,0,0,0,N,1332,0,3,0,0,0,0,0,3,4,0,3,3,,N,,,,,,,,,,,
2009111549,455.0,1,0,0,0,0,0,0,0,0,7,0,,67,10,2009,4,39.9817,-75.2071,438.0,6,0,0,0,0,0,0,0,0,1.0,0,0,0,4,3,0,0,,1,39 58:58.080,4.0,0,75 12:28.080,0,0,0,0,67301,0,0,0,N,0,0,0,1,68K01,0,,2,9,,N,N,,0,,0,0,0,0,0,N,436,0,1,0,0,0,0,0,3,4,0,1,7,,N,,,,,,,,,,,
2009111218,1950.0,1,0,0,0,0,0,0,0,0,8,0,,67,10,2009,1,40.0622,-75.1518,1943.0,6,0,0,0,0,0,0,0,0,,0,0,0,18,1,1,1,,0,40 03:44.013,,0,75 09:06.397,8,0,0,0,67301,1,0,0,N,1,0,0,2,67301,0,,1,1,,N,N,,0,,0,0,0,0,0,,1800,1,2,0,0,0,1,0,3,4,0,1,3,,N,,,,,,,,,,,
2009111233,1732.0,2,0,0,0,0,0,0,0,0,4,0,,67,10,2009,1,39.9309,-75.1749,1730.0,6,0,0,0,1,1,0,0,0,,0,0,0,17,1,1,1,,0,39 55:51.164,,0,75 10:29.488,8,0,0,0,67301,0,0,0,N,0,0,0,2,67301,0,,1,1,,N,N,,0,,0,0,0,3,3,,1720,1,2,0,0,0,1,0,3,4,0,2,3,,N,,,,,,,,,,,
2009114206,1012.0,0,0,0,0,0,0,0,0,0,7,0,,67,11,2009,6,39.9108,-75.1733,1012.0,6,0,0,0,0,0,0,0,0,,0,0,0,10,1,0,0,,0,39 54:39.006,,0,75 10:23.725,0,0,0,0,67301,0,0,0,N,0,0,0,1,67501,0,,3,9,,N,N,,0,,0,0,1,0,0,,1012,0,1,0,0,0,0,0,3,4,0,1,7,,N,,,,,,,,,,,
2009049866,1530.0,2,0,0,0,0,0,0,0,0,1,0,,67,4,2009,5,39.9764,-75.2641,1518.0,6,0,0,0,0,0,0,0,0,,0,0,0,15,1,1,1,,0,39 58:34.963,,0,75 15:50.756,8,0,0,0,67301,0,0,0,N,0,0,0,3,67301,0,,1,1,,N,N,,0,,0,0,0,3,2,,1515,1,2,0,0,0,1,0,3,4,0,2,3,,N,,,,,,,,,,,
2009049871,1039.0,2,0,0,0,0,0,0,0,0,4,0,,67,3,2009,1,39.944,-75.16,1032.0,6,0,0,0,0,0,0,0,0,,0,0,0,10,1,0,2,,0,39 56:38.450,,0,75 09:36.017,0,0,0,0,67301,0,0,0,N,0,0,0,3,67301,0,,1,9,,N,N,,0,,0,0,1,2,2,,1025,0,3,0,0,0,0,0,3,4,0,3,7,,N,,,,,,,,,,,
2009071435,2137.0,1,0,0,1,0,0,0,0,0,4,0,,67,6,2009,3,39.9691,-75.1649,2135.0,6,0,0,0,0,0,0,0,0,,0,0,0,21,3,1,2,,0,39 58:08.659,,0,75 09:53.726,8,0,0,0,67301,1,0,0,,0,0,0,2,67301,0,,1,1,,N,N,,0,,0,0,0,9,3,,2134,1,2,0,0,0,1,0,3,4,0,1,3,,N,,,,,,,,,,,
2009063819,645.0,2,0,0,0,0,0,0,0,0,4,0,,67,5,2009,6,39.9361,-75.2345,637.0,6,0,0,0,0,0,0,0,0,,0,0,0,6,1,1,1,,0,39 56:09.964,,0,75 14:04.264,8,0,0,0,67301,0,0,0,N,0,0,0,4,67301,0,,1,1,,N,N,,0,,0,0,0,3,2,,630,1,2,0,0,3,1,0,3,4,0,2,3,,N,,,,,,,,,,,
2009053944,1140.0,0,0,0,0,0,0,0,0,0,8,1,,67,4,2009,3,40.0533,-75.1587,1135.0,6,0,0,0,0,0,0,0,0,,0,0,0,11,1,1,0,,0,40 03:11.880,,0,75 09:31.413,8,0,0,0,67301,1,0,0,,1,0,0,2,67301,0,,1,1,,,,,1,,0,0,0,0,0,,1130,1,2,0,0,0,1,1,3,4,0,1,3,,N,,,,,,,,,,,
2009085950,1602.0,0,0,0,0,0,0,0,0,0,7,0,,67,7,2009,6,39.9845,-75.183,1601.0,6,0,0,0,0,0,0,0,0,,1,0,0,16,1,0,1,,0,39 59:04.344,,0,75 10:58.839,1,0,0,0,67301,0,0,0,,0,0,0,1,67301,0,2.0,4,1,,,,,0,0.0,0,0,1,3,3,,1600,0,1,1,0,1,0,0,3,4,0,1,3,,N,,,,,,,,,,,
2009083404,511.0,0,0,0,0,0,0,0,0,0,1,0,,67,7,2009,7,39.9847,-75.1418,509.0,6,0,0,0,0,0,0,0,0,,0,0,0,5,3,1,0,,0,39 59:05.067,,0,75 08:30.537,8,0,0,0,67301,0,0,0,N,0,0,0,1,67301,0,,6,1,,N,N,,0,,0,0,0,0,0,,500,1,2,0,0,0,1,0,3,4,2,2,3,,N,,,,,,,,,,,
2009080646,500.0,2,0,0,0,0,0,0,0,0,7,0,,67,6,2009,4,39.9259,-75.2355,500.0,6,0,0,0,0,0,0,0,0,,0,0,0,5,3,1,0,,0,39 55:33.110,,0,75 14:07.706,3,0,0,0,67301,0,0,0,N,0,0,0,1,67301,0,,5,1,,N,N,,0,,1,0,0,0,0,,500,1,2,0,0,1,0,0,3,4,0,2,3,,N,,,,,,,,,,,
2009065829,1448.0,1,0,0,0,0,0,0,0,0,8,0,,67,5,2009,7,40.0259,-75.1299,1445.0,6,0,0,0,0,0,1,0,0,,0,0,0,14,1,1,2,,0,40 01:33.322,,0,75 07:47.560,8,0,0,0,67301,1,0,0,N,1,0,0,2,67301,0,,1,1,,N,N,,0,,0,0,0,3,3,,1425,1,2,0,0,0,1,0,3,4,0,1,3,,N,,,,,,,,,,,
2009086032,1228.0,1,0,0,0,0,0,0,0,0,8,0,,67,8,2009,7,40.0517,-75.1501,1225.0,6,0,0,0,0,0,0,1,0,,0,0,0,12,1,1,0,,0,40 03:06.001,,0,75 09:00.439,4,0,0,0,67301,1,0,0,N,1,0,0,2,67301,1,,1,1,,N,N,,0,,0,0,0,0,0,,1223,1,2,0,0,0,0,0,3,4,0,1,3,,N,,,,,,,,,,,
2009078816,2135.0,2,0,0,0,0,0,0,0,0,5,0,,67,7,2009,7,40.0666,-75.0511,2130.0,6,0,0,0,0,0,0,1,0,,0,0,0,21,6,1,1,,0,40 03:59.715,,0,75 03:04.075,8,0,0,0,67301,0,0,0,N,0,0,0,3,67301,0,,1,1,,N,N,,0,,0,0,0,0,0,,2130,1,2,0,0,0,1,0,3,4,0,2,3,,N,,,,,,,,,,,
2009079105,2305.0,0,0,0,0,0,0,0,0,0,4,0,,67,7,2009,1,39.9547,-75.1495,2303.0,6,0,0,0,0,0,1,0,0,,0,0,0,23,3,0,1,,0,39 57:16.781,,0,75 08:58.276,0,0,0,0,67301,0,0,0,,0,0,0,2,67301,0,,1,1,,,,,1,,0,0,1,3,2,,2300,0,2,0,0,0,0,0,3,4,0,2,3,,N,,,,,,,,,,,
2009079119,846.0,2,0,0,0,0,0,0,0,0,1,0,,67,6,2009,3,40.0217,-75.1257,834.0,6,0,0,0,0,0,1,0,0,,0,0,0,8,1,1,3,,0,40 01:18.141,,0,75 07:32.411,4,0,0,0,67301,0,0,0,N,0,0,0,2,67301,1,,1,1,,N,N,,0,,0,0,0,0,0,,830,1,2,0,0,0,0,0,3,4,0,2,3,,N,,,,,,,,,,,
2009079011,1738.0,0,0,0,0,0,0,0,0,0,1,0,,67,7,2009,1,40.0173,-75.0479,729.0,6,0,0,0,0,0,2,0,0,,0,0,0,16,1,2,3,,0,40 01:00.987,,0,75 02:50.489,8,0,0,0,67301,0,0,0,,0,0,0,3,67301,0,,7,1,,N,N,,0,,0,0,1,3,3,,1648,2,2,0,0,0,2,0,3,4,1,2,3,,N,,,,,,,,,,,
2009079020,1834.0,2,0,0,0,0,0,0,0,0,3,0,,67,7,2009,7,40.015,-75.2072,1824.0,6,0,0,0,0,0,0,0,0,,0,0,0,15,1,1,0,,0,40 00:54.407,,0,75 12:26.891,4,0,0,0,67301,0,0,0,,0,0,0,3,67301,1,,1,1,,N,N,,0,,0,0,1,3,2,,1510,1,3,0,0,0,0,0,3,4,0,3,3,,N,,,,,,,,,,,
2009079152,1922.0,2,0,0,0,0,0,0,0,0,4,0,,67,6,2009,6,39.981,-75.2243,1922.0,6,0,0,0,0,0,1,0,1,9.0,0,0,0,19,1,0,2,,1,39 58:51.708,5.0,0,75 13:27.836,0,0,0,0,67301,0,0,0,N,0,0,0,2,67301,0,,1,1,,N,N,,0,,0,0,0,0,0,N,1920,0,2,0,0,0,0,0,3,4,0,2,3,,N,,,,,,,,,,,
2009081875,1542.0,2,0,1,0,0,0,1,0,0,5,1,,67,6,2009,2,40.0799,-75.0292,1512.0,6,0,0,0,0,1,0,0,1,3.0,0,0,0,14,1,4,0,,2,40 04:47.631,1.0,0,75 01:45.211,2,0,0,0,67301,0,0,0,N,0,0,0,5,67301,3,,1,1,,N,N,,0,,0,1,0,3,8,Y,1442,4,3,0,0,0,0,0,3,4,0,3,3,,N,,,,,,,,,,,