CRN,ARRIVAL_TM,AUTOMOBILE_COUNT,BELTED_DEATH_COUNT,BELTED_SUSP_SERIOUS_INJ_COUNT,BICYCLE_COUNT,BICYCLE_DEATH_COUNT,BICYCLE_SUSP_SERIOUS_INJ_COUNT,BUS_COUNT,CHLDPAS_DEATH_COUNT,CHLDPAS_SUSP_SERIOUS_INJ_COUNT,COLLISION_TYPE,COMM_VEH_COUNT,CONS_ZONE_SPD_LIM,COUNTY,CRASH_MONTH,CRASH_YEAR,DAY_OF_WEEK,DEC_LAT,DEC_LONG,DISPATCH_TM,DISTRICT,DRIVER_COUNT_16YR,DRIVER_COUNT_17YR,DRIVER_COUNT_18YR,DRIVER_COUNT_19YR,DRIVER_COUNT_20YR,DRIVER_COUNT_50_64YR,DRIVER_COUNT_65_74YR,DRIVER_COUNT_75PLUS,EST_HRS_CLOSED,FATAL_COUNT,HEAVY_TRUCK_COUNT,HORSE_BUGGY_COUNT,HOUR_OF_DAY,ILLUMINATION,INJURY_COUNT,INTERSECT_TYPE,INTERSECTION_RELATED,LANE_CLOSED,LATITUDE,LN_CLOSE_DIR,LOCATION_TYPE,LONGITUDE,MAX_SEVERITY_LEVEL,MCYCLE_DEATH_COUNT,MCYCLE_SUSP_SERIOUS_INJ_COUNT,MOTORCYCLE_COUNT,MUNICIPALITY,NONMOTR_COUNT,NONMOTR_DEATH_COUNT,NONMOTR_SUSP_SERIOUS_INJ_COUNT,NTFY_HIWY_MAINT,PED_COUNT,PED_DEATH_COUNT,PED_SUSP_SERIOUS_INJ_COUNT,PERSON_COUNT,POLICE_AGCY,POSSIBLE_INJ_COUNT,RDWY_SURF_TYPE_CD,RELATION_TO_ROAD,ROAD_CONDITION,ROADWAY_CLEARED,SCH_BUS_IND,SCH_ZONE_IND,SECONDARY_CRASH,SMALL_TRUCK_COUNT,SPEC_JURIS_CD,SUSP_MINOR_INJ_COUNT,SUSP_SERIOUS_INJ_COUNT,SUV_COUNT,TCD_FUNC_CD,TCD_TYPE,TFC_DETOUR_IND,TIME_OF_DAY,TOT_INJ_COUNT,TOTAL_UNITS,UNB_DEATH_COUNT,UNB_SUSP_SERIOUS_INJ_COUNT,UNBELTED_OCC_COUNT,UNK_INJ_DEG_COUNT,UNK_INJ_PER_COUNT,URBAN_AREA,URBAN_RURAL,VAN_COUNT,VEHICLE_COUNT,WEATHER1,WEATHER2,WORK_ZONE_IND,WORK_ZONE_LOC,WORK_ZONE_TYPE,WORKERS_PRES,WZ_CLOSE_DETOUR,WZ_FLAGGER,WZ_LAW_OFFCR_IND,WZ_LN_CLOSURE,WZ_MOVING,WZ_OTHER,WZ_SHLDER_MDN,WZ_WORKERS_INJ_KILLED
2009079274,849.0,2,0,0,0,0,0,0,0,0,4,0,,67,7,2009,5,39.9572,-75.2365,843.0,6,0,0,0,0,0,0,0,0,,0,0,0,8,1,0,2,,0,39 57:25.750,,0,75 14:11.234,0,0,0,0,67301,0,0,0,N,0,0,0,4,67301,0,,1,1,,N,N,,0,,0,0,0,3,3,,841,0,2,0,0,0,0,0,3,4,0,2,3,,N,,,,,,,,,,,
2009065465,2010.0,0,0,0,0,0,0,0,0,0,8,0,,67,5,2009,4,39.9568,-75.1536,2006.0,6,0,0,0,0,0,0,0,0,,0,0,0,19,1,1,2,,0,39 57:24.870,,2,75 09:19.213,4,0,0,0,67301,1,0,0,N,1,0,0,2,67301,1,,1,1,,N,N,,0,,0,0,1,3,2,,1915,1,2,0,0,0,0,0,3,4,0,1,3,,N,,,,,,,,,,,
2009120593,9999.0,1,0,0,0,0,0,0,0,0,1,0,,67,10,2009,5,39.9786,-75.145,9999.0,6,0,0,0,0,0,1,0,0,,0,0,0,99,1,1,1,,0,39 58:42.963,,0,75 08:42.028,4,0,0,0,67301,0,0,0,N,0,0,0,2,67301,1,,1,9,,N,N,,1,,0,0,0,3,2,,9999,1,2,0,0,0,0,0,3,4,0,2,7,,N,,,,,,,,,,,
2009120626,710.0,1,0,0,0,0,0,0,0,0,6,0,,67,10,2009,2,40.1052,-75.0328,709.0,6,0,0,0,0,0,0,0,0,,0,0,0,7,1,1,1,,0,40 06:18.581,,0,75 01:58.245,4,0,0,0,67301,0,0,0,N,0,0,0,2,67301,1,,1,1,,N,N,,0,,0,0,1,3,2,,706,1,2,0,0,0,0,0,3,4,0,2,3,,N,,,,,,,,,,,
2009115798,1247.0,2,0,0,0,0,0,0,0,0,4,0,,67,11,2009,6,40.0855,-75.2104,1245.0,6,0,0,0,0,0,0,0,0,1.0,0,0,0,12,1,2,0,,1,40 05:07.675,2.0,7,75 12:37.525,8,0,0,0,67301,0,0,0,N,0,0,0,3,46108,0,,1,9,,N,N,,0,,0,0,0,0,0,N,1245,2,2,0,0,0,2,0,3,4,0,2,3,,N,,,,,,,,,,,
2009113540,1829.0,1,0,0,0,0,0,0,0,0,7,0,,67,10,2009,7,40.0104,-75.0632,1822.0,6,0,0,0,1,0,0,0,0,1.0,0,0,0,18,3,1,0,,1,40 00:37.440,1.0,0,75 03:47.880,4,0,0,0,67301,0,0,0,N,0,0,0,1,68K01,1,,2,9,,N,N,,0,,0,0,0,0,0,N,1818,1,2,0,0,0,0,0,3,4,0,1,7,,N,,,,,,,,,,,
2009111198,1610.0,2,0,0,0,0,0,0,0,0,2,0,,67,9,2009,3,39.9641,-75.1692,1605.0,6,0,0,1,0,0,0,0,0,,0,0,0,15,1,1,1,,0,39 57:50.860,,0,75 10:09.242,4,0,0,0,67301,0,0,0,,0,0,0,2,67301,1,,1,1,,N,N,,0,,0,0,0,0,0,,1515,1,2,0,0,0,0,0,3,4,0,2,3,,N,,,,,,,,,,,
2009111204,755.0,0,0,0,0,0,0,0,0,0,4,0,,67,10,2009,2,39.9946,-75.0945,750.0,6,0,0,0,0,0,0,0,0,,0,0,0,7,1,2,1,,0,39 59:40.935,,0,75 05:40.542,4,0,0,0,67301,0,0,0,,0,0,0,3,67301,2,,1,1,,,,,1,,0,0,1,3,2,,720,2,2,0,0,0,0,0,3,4,0,2,3,,N,,,,,,,,,,,
2009111206,2248.0,2,0,0,0,0,0,0,0,0,4,0,,67,10,2009,6,40.1114,-75.0242,2247.0,6,0,0,0,0,1,0,0,0,1.0,0,0,0,22,3,2,0,,2,40 06:40.965,2.0,0,75 01:27.200,4,0,0,0,67301,0,0,0,N,0,0,0,2,67301,1,,1,1,,N,N,,0,,0,0,0,0,0,Y,2240,2,2,0,0,0,1,0,3,4,0,2,3,,N,,,,,,,,,,,
2009121097,1415.0,2,0,0,0,0,0,0,0,0,3,0,,67,10,2009,2,40.0789,-75.1782,1406.0,6,0,0,0,0,0,0,0,1,,0,0,0,14,1,2,0,,0,40 04:43.993,,7,75 10:41.692,4,0,0,0,67301,0,0,0,,0,0,0,4,67301,2,,1,1,,N,N,,0,,0,0,1,0,0,,1405,2,3,0,0,0,0,0,3,4,0,3,3,,N,,,,,,,,,,,
2009120714,1250.0,2,0,0,0,0,0,0,0,0,1,0,,67,10,2009,4,40.0108,-75.1266,1250.0,6,0,0,0,0,0,0,0,0,3.0,0,0,0,99,1,3,1,,1,40 00:38.808,1.0,0,75 07:35.921,4,0,0,0,67301,0,0,0,N,0,0,0,5,67301,3,,1,9,,N,N,,1,,0,0,0,0,0,N,9999,3,3,0,0,0,0,0,3,4,0,3,7,,N,,,,,,,,,,,
2009071406,1335.0,1,0,0,0,0,0,0,0,0,2,0,,67,6,2009,6,40.0455,-75.1649,1333.0,6,0,0,1,0,0,0,0,0,2.0,0,0,0,13,1,1,1,,2,40 02:43.800,6.0,0,75 09:53.514,4,0,0,0,67301,0,0,0,N,0,0,0,2,67301,1,,1,1,,N,N,,1,,0,0,0,3,2,Y,1330,1,2,0,0,0,0,0,3,4,0,2,3,,N,,,,,,,,,,,
2009063729,1225.0,2,0,0,0,0,0,0,0,0,4,0,,67,5,2009,6,40.0692,-75.0073,1225.0,6,0,0,0,0,0,0,0,2,,0,0,0,12,1,1,1,,0,40 04:09.505,,0,75 00:26.083,4,0,0,0,67301,0,0,0,N,0,0,0,3,67301,1,,1,1,,N,N,,0,,0,0,0,3,2,,1215,1,2,0,0,0,0,0,3,4,0,2,3,,N,,,,,,,,,,,
2009063875,35.0,1,0,0,0,0,0,0,0,0,7,0,,67,5,2009,6,40.0132,-75.1801,32.0,6,0,0,0,0,0,0,0,0,,0,0,0,99,3,0,0,,0,40 00:47.422,,0,75 10:48.210,0,0,0,0,67301,0,0,0,N,0,0,0,4,67301,0,,2,9,,N,N,,0,,0,0,0,0,0,,9999,0,1,0,0,0,0,0,3,4,0,1,7,,N,,,,,,,,,,,
2009063924,1500.0,3,0,0,0,0,0,0,0,0,4,0,,67,5,2009,6,40.0373,-75.1491,1454.0,6,0,0,0,1,0,1,0,0,,0,0,0,14,1,1,0,,0,40 02:14.410,,0,75 08:56.833,4,0,0,0,67301,0,0,0,N,0,0,0,2,67301,1,,1,1,,N,Y,,0,,0,0,0,3,2,,1435,1,3,0,0,0,0,0,3,4,0,3,3,,N,,,,,,,,,,,
2009061381,2049.0,1,0,0,0,0,0,0,0,0,7,0,,67,6,2009,5,40.0242,-75.0301,2048.0,6,0,0,0,0,0,0,0,1,1.0,0,0,0,20,2,0,0,,2,40 01:28.841,1.0,2,75 01:46.630,0,0,0,0,67301,0,0,0,N,0,0,0,2,68K01,0,,4,9,,N,N,,0,,0,0,0,0,0,N,2046,0,1,0,0,0,0,0,3,4,0,1,7,,N,,,,,,,,,,,
2009063968,718.0,0,0,0,0,0,0,0,0,0,4,0,,67,5,2009,3,40.0089,-75.0719,713.0,6,0,0,0,0,0,1,0,0,,0,0,0,7,1,1,5,,0,40 00:31.898,,0,75 04:18.804,4,0,0,0,67301,0,0,0,N,0,0,0,2,67301,1,,1,1,,N,N,,1,,0,0,0,3,2,,710,1,2,0,0,0,0,0,3,4,1,2,3,,N,,,,,,,,,,,
2009063985,1600.0,2,0,0,0,0,0,0,0,0,2,0,,67,5,2009,7,39.9165,-75.1693,1552.0,6,0,0,0,0,1,1,0,0,,0,0,0,15,1,4,1,,0,39 54:59.439,,0,75 10:09.463,4,0,0,0,67301,0,0,0,N,0,0,0,4,67301,4,,1,1,,N,N,,0,,0,0,0,3,2,,1543,4,2,0,0,0,0,0,3,4,0,2,3,,N,,,,,,,,,,,
2009056365,1614.0,0,0,0,0,0,0,1,0,0,8,1,,67,4,2009,6,39.9704,-75.15,1610.0,6,0,0,0,0,0,1,0,0,3.0,1,0,0,16,1,0,1,,2,39 58:14.008,2.0,0,75 08:59.731,1,0,0,0,67301,1,1,0,N,1,1,0,11,67301,0,2.0,1,1,,N,N,,0,0.0,0,0,0,3,2,Y,1610,0,2,0,0,0,0,0,3,4,0,1,3,,N,,,,,,,,,,,
2009053945,1427.0,0,0,0,0,0,0,0,0,0,7,0,,67,5,2009,6,40.0388,-75.0694,1424.0,6,0,0,0,0,0,0,0,0,,0,0,0,14,1,1,2,,0,40 02:19.690,,0,75 04:09.821,4,0,0,1,67301,0,0,0,N,0,0,0,1,67301,1,,2,1,,N,N,,0,,0,0,0,3,3,,1422,1,1,0,0,0,0,0,3,4,0,1,3,,N,,,,,,,,,,,
2009093418,48.0,3,0,0,0,0,0,0,0,0,5,0,,67,8,2009,7,40.0588,-75.1529,48.0,6,0,0,0,0,0,0,0,0,1.0,0,0,0,0,3,0,0,,1,40 03:31.773,1.0,0,75 09:10.353,0,0,0,0,67301,0,0,0,N,0,0,0,1,67301,0,,6,9,,N,N,,0,,0,0,1,0,0,N,48,0,4,0,0,1,0,0,3,4,0,4,7,,N,,,,,,,,,,,
2009093427,2123.0,2,0,0,0,0,0,0,0,0,4,0,,67,8,2009,2,40.0631,-75.1583,2120.0,6,0,0,0,0,1,0,0,0,,0,0,0,21,3,1,2,,0,40 03:47.037,,0,75 09:29.793,4,0,0,0,67301,0,0,0,N,0,0,0,4,67301,1,,1,1,,N,N,,0,,0,0,0,9,3,,2109,1,2,0,0,0,0,0,3,4,0,2,3,,N,,,,,,,,,,,
2009088074,917.0,1,0,0,0,0,0,0,0,0,7,0,,67,8,2009,5,39.8988,-75.1715,905.0,6,0,1,0,0,0,0,0,0,1.0,0,0,0,9,1,3,0,,1,39 53:56.420,2.0,0,75 10:07.534,4,0,0,0,67301,0,0,0,N,0,0,0,3,68K01,3,,4,1,,N,N,,0,,0,0,0,0,0,N,903,3,1,0,0,0,0,0,3,4,0,1,3,,N,,,,,,,,,,,
2009085990,415.0,2,0,0,0,0,0,0,0,0,1,0,,67,8,2009,2,39.9913,-75.2377,409.0,6,0,0,0,0,0,0,0,0,,0,0,0,4,3,0,0,,0,39 59:28.542,,0,75 14:15.588,9,0,0,0,67301,0,0,0,N,0,0,0,1,37301,0,,6,1,,N,N,,0,,0,0,0,0,0,,407,0,2,0,0,0,0,1,3,4,0,2,3,,N,,,,,,,,,,,
2009065799,1731.0,1,0,0,0,0,0,0,0,0,8,0,,67,3,2009,3,40.0425,-75.1599,1719.0,6,0,0,0,0,0,0,0,0,,0,0,0,17,1,1,0,,0,40 02:32.854,,0,75 09:35.751,4,0,0,0,67301,1,0,0,N,1,0,0,2,67301,1,,1,1,,N,N,,0,,0,0,0,0,0,,1719,1,2,0,0,0,0,0,3,4,0,1,3,,N,,,,,,,,,,,
2009065673,855.0,1,0,0,0,0,0,0,0,0,8,0,,67,5,2009,5,40.0365,-75.0881,850.0,6,0,0,0,0,0,0,0,0,9.0,0,0,0,8,1,1,2,,1,40 02:11.541,2.0,0,75 05:17.080,4,0,0,0,67301,1,0,0,,1,0,0,3,67301,1,,1,9,,,,,0,,0,0,0,3,3,N,849,1,2,0,0,0,0,0,3,4,0,1,7,,N,,,,,,,,,,,
2009085996,1912.0,1,0,0,0,0,0,0,0,0,8,0,,67,7,2009,3,39.9908,-75.1395,1908.0,6,0,0,0,0,0,1,0,0,,0,0,0,19,1,1,0,,0,39 59:27.034,,0,75 08:22.318,4,0,0,0,67301,1,0,0,N,1,0,0,4,67301,1,,1,1,,N,N,,0,,0,0,0,3,3,,1908,1,2,0,0,0,0,0,3,4,0,1,3,,N,,,,,,,,,,,
2009086041,1723.0,1,0,0,0,0,0,0,0,0,8,0,,67,8,2009,7,39.9234,-75.182,1721.0,6,0,0,0,0,0,0,1,0,,0,0,0,17,1,1,0,,0,39 55:24.214,,7,75 10:55.113,4,0,0,0,67301,1,0,0,N,1,0,0,2,67301,1,,1,1,,N,N,,0,,0,0,0,0,0,,1720,1,2,0,0,0,0,0,3,4,0,1,3,,N,,,,,,,,,,,
2009086104,1730.0,1,0,0,0,0,0,1,0,0,1,1,,67,7,2009,6,39.9876,-75.2162,1715.0,6,0,0,0,0,0,0,0,0,2.0,0,0,0,16,1,1,0,,1,39 59:15.258,2.0,0,75 12:58.322,4,0,0,0,67301,0,0,0,N,0,0,0,5,67301,1,,1,9,,N,N,,0,,0,0,0,3,2,N,1654,1,2,0,0,0,0,0,3,4,0,2,7,,N,,,,,,,,,,,
2009078809,240.0,1,0,0,0,0,0,0,0,0,4,0,,67,4,2009,1,39.9192,-75.179,239.0,6,0,0,1,0,0,0,0,0,,0,0,0,2,3,0,2,,0,39 55:09.076,,0,75 10:44.536,0,0,0,0,67301,0,0,0,N,0,0,0,4,67301,0,,1,1,,N,N,,1,,0,0,0,3,3,,237,0,2,0,0,0,0,0,3,4,0,2,3,,N,,,,,,,,,,,
2009078811,204.0,2,0,0,0,0,0,0,0,0,4,0,,67,3,2009,4,40.02,-75.1589,154.0,6,0,0,0,0,0,0,0,0,3.0,0,0,0,1,3,0,2,,1,40 01:11.856,2.0,0,75 09:32.014,0,0,0,0,67301,0,0,0,N,0,0,0,1,67301,0,,1,1,,N,N,,0,,0,0,0,3,3,N,150,0,2,0,0,0,0,0,3,4,0,2,3,,N,,,,,,,,,,,
2009079254,641.0,2,0,0,0,0,0,0,0,0,4,1,,67,7,2009,5,40.0289,-75.0342,639.0,6,0,0,0,0,0,0,0,0,2.0,0,1,0,6,1,1,1,,2,40 01:45.604,5.0,0,75 02:12.063,4,0,0,0,67301,0,0,0,,0,0,0,3,67301,1,,1,1,,,,,0,,0,0,0,3,2,Y,639,1,3,0,0,0,0,0,3,4,0,3,3,,N,,,,,,,,,,,
2009079111,2050.0,1,0,0,0,0,0,0,0,0,8,0,,67,7,2009,3,40.0661,-75.1694,2037.0,6,0,0,0,0,0,1,0,0,,0,0,0,19,1,1,0,,0,40 03:58.089,,0,75 10:09.951,4,0,0,0,67301,1,0,0,N,1,0,0,2,67301,1,,6,1,,N,N,,0,,0,0,0,0,0,,1943,1,2,0,0,0,0,0,3,4,0,1,3,,N,,,,,,,,,,,
2009079112,1601.0,2,0,0,0,0,0,0,0,0,4,0,,67,7,2009,1,40.0917,-74.9824,1601.0,6,0,0,1,0,0,0,0,0,,0,0,0,15,1,1,2,,0,40 05:30.067,,0,74 58:56.781,8,0,0,0,67301,0,0,0,N,0,0,0,3,67301,0,,1,1,,N,N,,0,,0,0,0,0,0,,1558,1,2,0,0,3,1,0,3,4,0,2,3,,N,,,,,,,,,,,
2009079287,110.0,5,0,0,0,0,0,0,0,0,6,0,,67,7,2009,6,40.0092,-75.149,110.0,6,0,0,0,0,0,0,0,0,,0,0,0,1,3,3,0,,0,40 00:33.037,,0,75 08:56.317,4,0,0,0,67301,0,0,0,N,0,0,0,3,67301,3,,1,1,,N,N,,1,,0,0,0,0,0,,110,3,6,0,0,1,0,0,3,4,0,6,3,,N,,,,,,,,,,,
2009079021,2025.0,3,0,0,0,0,0,0,0,0,1,0,,67,7,2009,2,39.9986,-75.1298,2020.0,6,0,0,0,1,0,0,0,0,,0,0,0,20,1,1,2,,0,39 59:55.088,,0,75 07:47.103,8,0,0,0,67301,0,0,0,N,0,0,0,5,67301,0,,1,1,,N,N,,0,,0,0,0,3,2,,2000,1,3,0,0,0,1,0,3,4,0,3,3,,N,,,,,,,,,,,
2009079239,9999.0,0,0,0,1,0,0,0,0,0,4,0,,67,7,2009,3,40.0325,-75.1639,9999.0,6,0,0,0,0,0,1,0,0,,0,0,0,99,1,1,2,,0,40 01:56.989,,0,75 09:50.072,4,0,0,0,67301,1,0,0,N,0,0,0,2,67301,1,,1,1,,N,N,,0,,0,0,0,3,3,,9999,1,2,0,0,0,0,0,3,4,1,1,3,,N,,,,,,,,,,,
2009079269,2047.0,3,0,0,0,0,0,0,0,0,2,0,,67,7,2009,5,40.0346,-75.0789,1947.0,6,0,0,0,0,0,0,0,0,,0,0,0,99,3,1,0,,0,40 02:04.484,,0,75 04:43.993,3,0,0,0,67301,0,0,0,N,0,0,0,7,67301,0,,1,9,,N,N,,1,,1,0,0,0,0,,9999,1,4,0,0,0,0,0,3,4,0,4,7,,N,,,,,,,,,,,
2009074482,544.0,0,0,0,1,0,0,0,0,0,5,0,,67,6,2009,5,40.0234,-75.2199,540.0,6,0,0,0,0,0,0,0,0,,0,0,0,5,1,1,2,,0,40 01:24.204,,0,75 13:11.528,8,0,0,0,67301,1,0,0,N,0,0,0,2,67301,0,,1,9,,N,N,,0,,0,0,1,0,0,,540,1,2,0,0,1,1,0,3,4,0,1,7,,N,,,,,,,,,,,
2009069070,1517.0,1,0,0,0,0,0,0,0,0,8,0,,67,6,2009,6,40.0084,-75.2113,1514.0,6,0,0,0,0,0,0,0,0,1.0,0,0,0,15,1,1,0,,1,40 00:29.752,2.0,0,75 12:41.603,3,0,0,0,67301,1,0,0,N,1,0,0,2,46104,0,,1,1,,N,N,,0,,1,0,0,0,0,N,1500,1,2,0,0,0,0,1,3,4,0,1,3,,N,,,,,,,,,,,
2009082713,1405.0,3,0,0,0,0,0,0,0,0,2,0,,67,7,2009,6,40.0358,-75.0703,1400.0,6,0,0,0,0,0,1,0,0,,0,0,0,13,1,2,0,,0,40 02:09.011,,7,75 04:13.174,4,0,0,0,67301,0,0,0,N,0,0,0,4,67301,2,,1,1,,N,N,,0,,0,0,0,3,2,,1355,2,3,0,0,0,0,0,3,4,0,3,3,,N,,,,,,,,,,,
2009070065,2054.0,2,0,0,0,0,0,0,0,0,4,0,,67,5,2009,6,39.9458,-75.2462,2121.0,6,0,0,0,0,0,0,0,0,,0,0,0,20,4,2,2,,0,39 56:44.988,,0,75 14:46.251,4,0,0,0,67301,0,0,0,N,0,0,0,4,67301,2,,1,1,,N,N,,0,,0,0,0,2,3,,2050,2,2,0,0,0,0,1,3,4,0,2,3,,N,,,,,,,,,,,
2009029064,1812.0,1,0,0,0,0,0,1,0,0,4,1,,67,1,2009,3,39.893,-75.2356,1807.0,6,0,0,0,1,0,1,0,0,,0,0,0,18,3,6,2,,0,39 53:34.800,,2,75 14:08.160,8,0,0,0,67301,0,0,0,N,0,0,0,7,67301,0,,7,9,,N,N,,0,,0,0,0,3,3,,1800,6,2,0,0,0,6,0,3,4,0,2,7,,N,,,,,,,,,,,
2009075454,1234.0,2,0,0,0,0,0,0,0,0,1,0,,67,6,2009,6,40.0317,-75.1392,1229.0,6,0,0,0,0,0,0,0,0,,0,0,0,22,3,1,0,,0,40 01:53.994,,0,75 08:21.274,2,0,0,0,67301,1,0,1,N,1,0,1,2,67301,0,,1,9,,N,N,,2,,0,1,0,3,2,,2230,1,5,0,0,0,0,1,3,4,0,4,3,,N,,,,,,,,,,,
2009065426,845.0,1,0,0,0,0,0,0,0,0,1,0,,67,5,2009,7,40.0299,-75.1533,840.0,6,0,0,0,0,0,0,0,0,,0,0,0,8,1,1,5,,0,40 01:47.791,,0,75 09:11.771,4,0,0,0,67301,0,0,0,N,0,0,0,3,67301,1,,1,1,,N,N,,0,,0,0,1,9,2,,815,1,2,0,0,0,0,1,3,4,0,2,3,,N,,,,,,,,,,,
2009120526,520.0,1,0,0,0,0,0,0,0,0,4,0,,67,6,2009,7,39.9587,-75.2272,518.0,6,0,0,0,0,0,0,0,0,2.0,0,0,0,5,5,0,2,,2,39 57:31.425,5.0,0,75 13:37.724,9,0,0,0,67301,0,0,0,N,0,0,0,2,67301,0,,1,1,,N,N,,0,,0,0,0,3,2,Y,516,0,2,0,0,0,0,1,3,4,1,2,3,,N,,,,,,,,,,,
2009120535,550.0,0,0,0,0,0,0,0,0,0,9,0,,67,10,2009,5,40.0769,-75.0215,540.0,6,0,0,0,0,0,0,0,0,,0,0,0,5,2,1,0,,0,40 04:37.017,,0,75 01:17.332,3,0,0,1,67301,0,0,0,N,0,0,0,1,67301,0,,1,1,,N,N,,0,,1,0,0,0,0,,535,1,1,0,0,0,0,0,3,4,0,1,3,,N,,,,,,,,,,,
2009118709,1759.0,3,0,0,0,0,0,0,0,0,1,0,,67,11,2009,3,39.899,-75.1677,1750.0,6,0,0,0,0,0,1,0,0,2.0,0,0,0,17,3,0,6,,1,39 53:55.489,1.0,2,75 10:12.392,0,0,0,0,67301,0,0,0,N,0,0,0,3,68K01,0,,1,1,,N,N,,0,,0,0,0,0,0,N,1747,0,3,0,0,0,0,0,3,4,0,3,3,,N,,,,,,,,,,,
2009115675,1146.0,1,0,0,0,0,0,0,0,0,0,0,,67,11,2009,3,39.9354,-75.1998,1145.0,6,0,0,0,0,0,0,1,0,,0,0,0,11,1,0,0,,0,39 56:15.431,,0,75 11:54.270,0,0,0,0,67301,0,0,0,N,0,0,0,5,68K01,0,,1,1,,N,N,,0,,0,0,1,0,0,,1136,0,2,0,0,0,0,0,3,4,0,2,3,,N,,,,,,,,,,,
2009111235,1600.0,2,0,0,0,0,0,0,0,0,1,0,,67,10,2009,6,40.0361,-75.0879,1556.0,6,0,0,0,0,0,0,0,0,,0,0,0,14,1,1,1,,0,40 02:09.822,,0,75 05:16.321,4,0,0,0,67301,0,0,0,,0,0,0,2,67301,1,,1,9,,,,,0,,0,0,0,3,2,,1445,1,2,0,0,0,0,0,3,4,0,2,7,,N,,,,,,,,,,,
2009121095,1140.0,2,0,0,0,0,0,0,0,0,1,0,,67,10,2009,7,39.9803,-75.1889,1135.0,6,0,0,0,0,1,0,0,0,,0,0,0,11,1,2,0,,0,39 58:48.980,,0,75 11:20.019,4,0,0,0,67301,0,0,0,N,0,0,0,2,67301,2,,1,9,,N,N,,0,,0,0,0,0,0,,1135,2,2,0,0,0,0,0,3,4,0,2,7,,N,,,,,,,,,,,
2009040126,2031.0,1,0,0,0,0,0,0,0,0,4,0,,67,4,2009,2,40.0546,-75.125,2027.0,6,0,0,0,0,0,1,0,0,1.0,0,0,0,20,3,1,1,,1,40 03:16.560,3.0,0,75 07:30.000,8,0,0,0,67301,0,0,0,N,0,0,0,3,46102,0,,1,1,,N,N,,0,,0,0,1,3,2,Y,2027,1,2,0,0,0,1,0,3,4,0,2,3,,N,,,,,,,,,,,
2009029869,2157.0,2,0,0,0,0,0,0,0,0,4,0,,67,1,2009,6,40.0493,-75.1629,2155.0,6,0,0,0,0,0,0,0,0,,0,0,0,21,3,0,1,,0,40 02:57.361,,0,75 09:46.328,0,0,0,0,67301,0,0,0,N,0,0,0,1,67301,0,,1,1,,N,N,,0,,0,0,0,0,0,,2150,0,2,0,0,0,0,0,3,4,0,2,3,,N,,,,,,,,,,,
2009011428,1512.0,1,0,0,0,0,0,0,0,0,1,0,,67,1,2009,6,39.9493,-75.1845,1457.0,6,0,0,0,0,0,0,0,1,,0,0,0,14,1,1,0,,0,39 57:02.170,,0,75 10:59.259,4,0,0,0,67301,0,0,0,N,0,0,0,3,68K01,1,,1,1,,N,N,,1,,0,0,1,0,0,,1453,1,3,0,0,0,0,0,3,4,0,3,3,,N,,,,,,,,,,,
2009048240,1807.0,1,0,0,0,0,0,0,0,0,7,0,,67,5,2009,1,39.9742,-75.1181,1804.0,6,0,0,0,0,0,0,0,0,1.0,0,0,0,18,1,1,0,,2,39 58:29.796,1.0,0,75 07:01.616,4,0,0,0,67301,0,0,0,N,0,0,0,3,68K01,1,,4,9,,N,N,,0,,0,0,0,0,0,N,1802,1,1,0,0,0,0,0,3,4,0,1,7,,N,,,,,,,,,,,
2009066431,627.0,0,0,0,0,0,0,0,0,0,4,0,,67,6,2009,2,39.9181,-75.2098,625.0,6,0,0,0,0,1,1,0,0,3.0,0,0,0,6,1,2,2,,1,39 55:05.412,2.0,7,75 12:32.007,4,0,0,0,67301,0,0,0,N,0,0,0,2,67301,2,,1,9,,N,N,,0,,0,0,1,3,2,Y,621,2,2,0,0,0,0,0,3,4,1,2,3,,N,,,,,,,,,,,
2009061265,956.0,1,0,0,0,0,0,0,0,0,0,0,,67,6,2009,5,40.0218,-75.0389,954.0,6,0,0,0,0,0,0,0,0,2.0,0,0,0,9,1,0,0,,1,40 01:21.000,1.0,0,75 02:13.560,0,0,0,0,67301,0,0,0,N,0,0,0,2,68K01,0,,1,9,,N,N,,0,,0,0,0,0,0,N,950,0,1,0,0,0,0,0,3,4,0,1,7,,N,,,,,,,,,,,
2009063834,1505.0,1,0,0,0,0,0,0,0,0,8,0,,67,5,2009,4,39.9991,-75.1701,1503.0,6,0,0,0,0,0,0,0,0,,0,0,0,14,1,1,1,,0,39 59:56.925,,0,75 10:12.475,4,0,0,0,67301,1,0,0,N,1,0,0,2,67301,1,,1,1,,N,N,,0,,0,0,0,3,2,,1455,1,2,0,0,1,0,0,3,4,0,1,3,,N,,,,,,,,,,,
2009063887,25.0,1,0,0,0,0,0,0,0,0,7,0,,67,5,2009,3,39.9701,-75.1896,0.0,6,0,0,0,0,0,0,0,0,,0,0,0,0,3,0,0,,0,39 58:12.349,,0,75 11:22.197,0,0,0,0,67301,0,0,0,N,0,0,0,2,67301,0,,2,1,,N,N,,0,,0,0,0,0,0,,20,0,1,0,0,0,0,0,3,4,0,1,3,,N,,,,,,,,,,,