CRN,ARRIVAL_TM,AUTOMOBILE_COUNT,BELTED_DEATH_COUNT,BELTED_SUSP_SERIOUS_INJ_COUNT,BICYCLE_COUNT,BICYCLE_DEATH_COUNT,BICYCLE_SUSP_SERIOUS_INJ_COUNT,BUS_COUNT,CHLDPAS_DEATH_COUNT,CHLDPAS_SUSP_SERIOUS_INJ_COUNT,COLLISION_TYPE,COMM_VEH_COUNT,CONS_ZONE_SPD_LIM,COUNTY,CRASH_MONTH,CRASH_YEAR,DAY_OF_WEEK,DEC_LAT,DEC_LONG,DISPATCH_TM,DISTRICT,DRIVER_COUNT_16YR,DRIVER_COUNT_17YR,DRIVER_COUNT_18YR,DRIVER_COUNT_19YR,DRIVER_COUNT_20YR,DRIVER_COUNT_50_64YR,DRIVER_COUNT_65_74YR,DRIVER_COUNT_75PLUS,EST_HRS_CLOSED,FATAL_COUNT,HEAVY_TRUCK_COUNT,HORSE_BUGGY_COUNT,HOUR_OF_DAY,ILLUMINATION,INJURY_COUNT,INTERSECT_TYPE,INTERSECTION_RELATED,LANE_CLOSED,LATITUDE,LN_CLOSE_DIR,LOCATION_TYPE,LONGITUDE,MAX_SEVERITY_LEVEL,MCYCLE_DEATH_COUNT,MCYCLE_SUSP_SERIOUS_INJ_COUNT,MOTORCYCLE_COUNT,MUNICIPALITY,NONMOTR_COUNT,NONMOTR_DEATH_COUNT,NONMOTR_SUSP_SERIOUS_INJ_COUNT,NTFY_HIWY_MAINT,PED_COUNT,PED_DEATH_COUNT,PED_SUSP_SERIOUS_INJ_COUNT,PERSON_COUNT,POLICE_AGCY,POSSIBLE_INJ_COUNT,RDWY_SURF_TYPE_CD,RELATION_TO_ROAD,ROAD_CONDITION,ROADWAY_CLEARED,SCH_BUS_IND,SCH_ZONE_IND,SECONDARY_CRASH,SMALL_TRUCK_COUNT,SPEC_JURIS_CD,SUSP_MINOR_INJ_COUNT,SUSP_SERIOUS_INJ_COUNT,SUV_COUNT,TCD_FUNC_CD,TCD_TYPE,TFC_DETOUR_IND,TIME_OF_DAY,TOT_INJ_COUNT,TOTAL_UNITS,UNB_DEATH_COUNT,UNB_SUSP_SERIOUS_INJ_COUNT,UNBELTED_OCC_COUNT,UNK_INJ_DEG_COUNT,UNK_INJ_PER_COUNT,URBAN_AREA,URBAN_RURAL,VAN_COUNT,VEHICLE_COUNT,WEATHER1,WEATHER2,WORK_ZONE_IND,WORK_ZONE_LOC,WORK_ZONE_TYPE,WORKERS_PRES,WZ_CLOSE_DETOUR,WZ_FLAGGER,WZ_LAW_OFFCR_IND,WZ_LN_CLOSURE,WZ_MOVING,WZ_OTHER,WZ_SHLDER_MDN,WZ_WORKERS_INJ_KILLED
2009063919,2200.0,0,0,0,0,0,0,0,0,0,7,0,,67,5,2009,7,39.9134,-75.2408,2158.0,6,0,0,0,0,0,0,1,0,,0,0,0,21,3,1,1,,0,39 54:48.175,,0,75 14:26.825,8,0,0,0,67301,0,0,0,N,0,0,0,1,67301,0,,4,1,,N,N,,1,,0,0,0,3,3,,2158,1,1,0,0,1,1,0,3,4,0,1,3,,N,,,,,,,,,,,
2009064051,1413.0,0,0,0,0,0,0,0,0,0,1,0,,67,6,2009,6,39.9581,-75.164,1406.0,6,0,0,0,0,0,0,1,0,,0,0,0,14,1,1,0,,0,39 57:28.987,,0,75 09:50.544,4,0,0,0,67301,0,0,0,N,0,0,0,7,68K01,1,,5,9,,N,N,,1,,0,0,0,0,0,,1403,1,2,0,0,0,0,0,3,4,1,2,7,,N,,,,,,,,,,,
2009093483,1131.0,1,0,0,0,0,0,0,0,0,8,0,,67,8,2009,7,40.0351,-75.2169,1130.0,6,0,0,0,0,0,0,0,0,,0,0,0,11,1,1,0,,0,40 02:06.092,,0,75 13:00.549,8,0,0,0,67301,1,0,0,N,1,0,0,2,67301,0,,1,1,,N,N,,0,,0,0,0,0,0,,1130,1,2,0,0,0,1,0,3,4,0,1,3,,N,,,,,,,,,,,
2009093413,2038.0,1,0,0,0,0,0,0,0,0,8,0,,67,8,2009,4,39.9518,-75.1841,2032.0,6,0,0,0,0,0,0,0,0,,0,0,0,20,3,1,2,,0,39 57:06.140,,0,75 10:59.548,4,0,0,0,67301,1,0,0,,1,0,0,2,67301,1,,1,9,,N,N,,0,,0,0,0,3,2,,2014,1,2,0,0,0,0,0,3,4,0,1,7,,N,,,,,,,,,,,
2009085995,1219.0,1,0,0,0,0,0,0,0,0,4,0,,67,7,2009,5,40.0443,-75.1215,1218.0,6,0,0,0,1,0,0,0,0,,0,0,0,12,1,1,1,,0,40 02:39.300,,0,75 07:17.576,8,0,0,0,67301,0,0,0,N,0,0,0,3,67301,0,,1,1,,N,N,,0,,0,0,1,3,3,,1215,1,2,0,0,0,1,0,3,4,0,2,3,,N,,,,,,,,,,,
2009086052,1412.0,1,0,0,0,0,0,0,0,0,1,0,,67,8,2009,7,39.9765,-75.1894,1403.0,6,0,0,0,0,0,1,0,0,,0,0,0,14,1,1,3,,0,39 58:35.233,,0,75 11:21.692,8,0,0,0,67301,0,0,0,,0,0,0,5,67301,0,,7,1,,,,,1,,0,0,0,3,3,,1403,1,2,0,0,0,1,0,3,4,0,2,3,,N,,,,,,,,,,,
2009086071,2025.0,1,0,0,0,0,0,0,0,0,7,0,,67,8,2009,2,39.904,-75.2401,2010.0,6,0,0,0,0,0,0,0,0,,0,0,0,20,3,1,1,,0,39 54:14.619,,0,75 14:25.049,3,0,0,1,67301,0,0,0,,0,0,0,4,67301,0,,2,1,,,,,0,,1,0,0,3,2,,2000,1,2,0,0,0,0,0,3,4,0,2,3,,N,,,,,,,,,,,
2009083856,100.0,1,0,0,1,0,0,0,0,0,4,0,,67,7,2009,2,39.9388,-75.1747,54.0,6,0,0,0,0,0,0,0,0,,0,0,0,16,1,1,1,,0,39 56:19.856,,0,75 10:29.074,3,0,0,0,67301,1,0,0,N,0,0,0,2,67301,0,,1,1,,N,N,,0,,1,0,0,9,2,,1600,1,2,0,0,0,0,1,3,4,0,1,3,,N,,,,,,,,,,,
2009079252,1335.0,0,0,0,0,0,0,0,0,0,8,0,,67,7,2009,7,40.0088,-75.1386,1330.0,6,0,0,0,0,0,0,1,0,,0,0,0,13,1,1,1,,0,40 00:31.604,,0,75 08:18.833,8,0,0,0,67301,1,0,0,N,1,0,0,2,67301,0,,1,1,,N,N,,0,,0,0,1,3,2,,1320,1,2,0,0,0,1,0,3,4,0,1,3,,N,,,,,,,,,,,
2009079260,150.0,1,0,0,1,0,0,0,0,0,1,0,,67,7,2009,5,40.0092,-75.1512,9999.0,6,0,0,0,0,0,0,0,0,,0,0,0,1,3,1,0,,0,40 00:33.227,,0,75 09:04.481,4,0,0,0,67301,1,0,0,N,0,0,0,2,67301,1,,1,1,,N,N,,0,,0,0,0,3,2,,140,1,2,0,0,1,0,0,3,4,0,1,3,,N,,,,,,,,,,,
2009079291,916.0,0,0,0,0,0,0,0,0,0,8,0,,67,7,2009,3,39.9979,-75.1483,914.0,6,0,0,0,0,0,1,0,0,2.0,0,0,0,9,1,1,1,,2,39 59:52.350,1.0,0,75 08:53.703,8,0,0,0,67301,1,0,0,N,1,0,0,2,67301,0,,1,1,,N,N,,1,,0,0,0,3,3,Y,912,1,2,0,0,0,1,0,3,4,0,1,3,,N,,,,,,,,,,,
2009079135,1545.0,1,0,0,0,0,0,0,0,0,4,0,,67,7,2009,4,40.0487,-75.0628,1545.0,6,0,0,0,0,0,1,0,0,,0,0,0,15,1,1,0,,0,40 02:55.459,,0,75 03:45.940,4,0,0,0,67301,1,0,0,,1,0,0,2,67301,1,,2,1,,N,N,,0,,0,0,0,0,0,,1508,1,2,0,0,0,0,0,3,4,0,1,3,,N,,,,,,,,,,,
2009079481,221.0,2,0,0,0,0,0,0,0,0,2,0,,67,5,2009,1,40.0043,-75.174,221.0,6,0,0,0,0,0,0,0,0,,0,0,0,2,3,1,0,,0,40 00:15.557,,0,75 10:26.537,4,0,0,0,67301,0,0,0,,0,0,0,1,67301,1,,1,1,,,,,1,,0,0,1,0,0,,221,1,5,0,0,0,0,0,3,4,1,5,3,,N,,,,,,,,,,,
2009071623,756.0,1,0,0,1,0,0,0,0,0,4,0,,67,6,2009,2,40.0152,-75.1498,754.0,6,0,0,0,0,0,0,0,0,,0,0,0,7,1,1,1,,0,40 00:55.159,,0,75 08:59.707,4,0,0,0,67301,1,0,0,,0,0,0,2,67301,1,,1,1,,N,N,,0,,0,0,0,2,2,,753,1,2,0,0,0,0,0,3,4,0,1,3,,N,,,,,,,,,,,
2009072134,30.0,2,0,0,0,0,0,0,0,0,4,0,,67,6,2009,6,39.993,-75.1345,24.0,6,0,0,0,0,0,0,0,0,,0,0,0,0,3,1,2,,0,39 59:34.792,,0,75 08:04.235,4,0,0,0,67301,0,0,0,N,0,0,0,2,67301,1,,1,9,,N,N,,0,,0,0,0,3,2,,5,1,2,0,0,0,0,1,3,4,0,2,7,,N,,,,,,,,,,,
2009072021,1456.0,0,0,0,0,0,0,0,0,0,4,0,,67,6,2009,5,40.0339,-75.0743,1451.0,6,0,0,0,0,0,0,0,0,1.0,0,0,0,14,1,1,1,,1,40 02:02.039,1.0,0,75 04:27.141,8,0,0,0,67301,0,0,0,,0,0,0,3,67301,0,,1,9,,N,N,,2,,0,0,1,3,2,N,1450,1,3,0,0,0,1,0,3,4,0,3,7,,N,,,,,,,,,,,
2009069398,1024.0,1,0,0,0,0,0,0,0,0,1,0,,67,6,2009,2,39.9153,-75.1598,1020.0,6,0,0,0,0,0,1,0,0,,0,0,0,10,1,0,1,,0,39 54:55.080,,0,75 09:35.242,9,0,0,0,67301,0,0,0,,0,0,0,2,67301,0,,1,1,,N,N,,1,,0,0,0,9,2,,1019,0,2,0,0,0,0,1,3,4,0,2,3,,N,,,,,,,,,,,
2009069667,1310.0,1,0,0,0,0,0,0,0,0,1,0,,67,6,2009,6,39.996,-75.1339,1300.0,6,0,0,0,0,0,0,0,0,,0,0,0,13,1,1,0,,0,39 59:45.769,,0,75 08:01.996,3,0,0,0,67301,0,0,0,,0,0,0,4,67301,0,,1,9,,,,,0,,1,0,2,0,0,,1300,1,4,0,0,0,0,0,3,4,1,4,7,,N,,,,,,,,,,,
2009077701,1918.0,2,0,0,0,0,0,0,0,0,1,0,,67,7,2009,1,39.965,-75.1853,1913.0,6,0,0,0,0,1,0,0,0,,0,0,0,19,1,2,0,,0,39 58:00.120,,0,75 11:15.000,4,0,0,0,67301,0,0,0,N,0,0,0,6,68K01,2,,1,1,,N,N,,0,,0,0,0,0,0,,1910,2,2,0,0,0,0,0,3,4,0,2,3,,N,,,,,,,,,,,
2009065248,955.0,0,0,0,0,0,0,0,0,0,8,0,,67,5,2009,5,39.9847,-75.2459,952.0,6,0,0,0,0,0,0,0,0,,0,0,0,15,1,1,0,,0,39 59:04.956,,0,75 14:45.373,4,0,0,0,67301,1,0,0,,1,0,0,2,67301,1,,1,1,,N,N,,0,,0,0,0,0,0,,1530,1,2,0,0,0,0,0,3,4,1,1,99,,N,,,,,,,,,,,
2009058289,1511.0,2,0,0,0,0,0,0,0,0,1,1,,67,5,2009,3,39.9659,-75.1361,1452.0,6,0,0,0,0,0,1,0,0,2.0,0,1,0,14,1,1,0,,2,39 57:57.735,1.0,0,75 08:09.293,4,0,0,0,67301,0,0,0,N,0,0,0,3,68K01,1,,1,1,,N,N,,0,,0,0,0,0,0,N,1450,1,3,0,0,0,0,0,3,4,0,3,3,,N,,,,,,,,,,,
2009092583,1856.0,0,0,0,0,0,0,0,0,0,7,0,,67,9,2009,1,39.9111,-75.1516,1850.0,6,0,0,0,0,0,0,0,0,,0,0,0,18,1,1,6,,0,39 54:43.200,,8,75 08:56.400,4,0,0,1,67301,0,0,0,N,0,0,0,1,68K01,1,,2,2,,N,N,,0,,0,0,0,0,0,,1847,1,1,0,0,0,0,0,3,4,0,1,3,,N,,,,,,,,,,,
2009090126,1713.0,3,0,0,0,0,0,0,0,0,1,0,,67,8,2009,6,39.9585,-75.1667,1707.0,6,0,0,0,0,0,0,0,0,1.0,0,0,0,17,1,0,0,,1,39 57:30.552,4.0,0,75 09:59.999,0,0,0,0,67301,0,0,0,N,0,0,0,3,68K01,0,,1,9,,N,N,,0,,0,0,0,0,0,Y,1705,0,3,0,0,0,0,0,3,4,0,3,7,,N,,,,,,,,,,,
2009069701,1525.0,1,0,0,0,0,0,0,0,0,8,0,,67,6,2009,6,40.0229,-75.1632,1520.0,6,0,0,0,0,0,0,0,0,,0,0,0,15,1,1,1,,0,40 01:22.634,,0,75 09:47.577,4,0,0,0,67301,1,0,0,N,1,0,0,3,67301,1,,1,1,,N,N,,0,,0,0,0,3,3,,1510,1,2,0,0,0,0,0,3,4,0,1,3,,N,,,,,,,,,,,
2009069747,1833.0,3,0,0,0,0,0,0,0,0,1,0,,67,7,2009,4,39.9808,-75.1041,1823.0,6,0,0,0,0,0,1,0,0,,0,0,0,18,1,0,0,,0,39 58:52.680,,0,75 06:10.080,0,0,0,0,67301,0,0,0,N,0,0,0,4,68K01,0,,1,1,,N,N,,0,,0,0,0,0,0,,1823,0,3,0,0,0,0,0,3,4,0,3,3,,N,,,,,,,,,,,
2009067276,241.0,1,0,0,0,0,0,0,0,0,8,0,,67,6,2009,3,39.9356,-75.1672,240.0,6,0,0,0,0,0,0,0,0,,0,0,0,99,3,1,0,,0,39 56:07.883,,0,75 10:01.938,3,0,0,0,67301,1,0,0,,1,0,0,2,67301,0,,1,9,,,,,0,,1,0,0,3,2,,9999,1,2,0,0,0,0,0,3,4,0,1,7,,N,,,,,,,,,,,
2009067030,1145.0,2,0,0,0,0,0,0,0,0,4,0,,67,6,2009,2,39.9497,-75.1604,1145.0,6,0,0,0,0,0,0,0,0,,0,0,0,11,1,1,1,,0,39 56:58.740,,0,75 09:37.407,8,0,0,0,67301,0,0,0,,0,0,0,5,67301,0,,1,1,,,,,0,,0,0,0,3,2,,1145,1,2,0,0,0,1,1,3,4,0,2,3,,N,,,,,,,,,,,
2009064678,2055.0,1,0,0,0,0,0,0,0,0,4,0,,67,4,2009,4,40.0094,-75.1521,2050.0,6,0,0,0,0,0,0,0,0,,0,0,0,20,3,1,1,,0,40 00:33.664,,0,75 09:07.112,4,0,0,0,67301,0,0,0,N,0,0,0,3,67301,1,,1,1,,N,N,,0,,0,0,1,3,3,,2040,1,2,0,0,0,0,0,3,4,0,2,3,,N,,,,,,,,,,,
2009120738,2330.0,1,0,0,0,0,0,0,0,0,8,0,,67,10,2009,4,40.0255,-75.151,2250.0,6,0,0,0,0,0,1,0,0,,0,0,0,21,3,1,1,,0,40 01:31.839,,0,75 09:03.607,8,0,0,0,67301,1,0,0,N,1,0,0,2,67301,0,,1,9,,N,N,,0,,0,0,0,3,3,,2145,1,2,0,0,0,1,0,3,4,0,1,3,,N,,,,,,,,,,,
2009120744,1159.0,1,0,0,0,0,0,0,0,0,1,0,,67,10,2009,7,40.0487,-75.0516,1153.0,6,0,0,0,0,0,0,0,0,1.0,0,0,0,11,1,1,0,,1,40 02:55.464,2.0,0,75 03:05.821,4,0,0,0,67301,0,0,0,N,0,0,0,2,67301,1,,1,9,,N,N,,0,,0,0,1,0,0,N,1153,1,2,0,0,0,0,0,3,4,0,2,7,,N,,,,,,,,,,,
2009071397,2145.0,2,0,0,0,0,0,0,0,0,1,0,,67,6,2009,2,40.0435,-75.1034,2139.0,6,0,0,0,0,0,0,0,0,,0,0,0,21,3,1,0,,0,40 02:36.751,,0,75 06:12.063,8,0,0,0,67301,0,0,0,,0,0,0,7,67301,0,,1,1,,N,N,,0,,0,0,1,0,0,,2135,1,3,0,0,0,1,0,3,4,0,3,3,,N,,,,,,,,,,,
2009071420,107.0,2,0,0,0,0,0,0,0,0,5,0,,67,6,2009,3,40.0301,-75.0874,104.0,6,0,0,0,0,1,0,0,0,1.0,0,0,0,1,3,1,0,,1,40 01:48.124,1.0,0,75 05:15.197,8,0,0,0,67301,0,0,0,N,0,0,0,3,67301,0,,1,1,,N,N,,0,,0,0,0,0,0,N,100,1,2,0,0,0,1,0,3,4,0,2,3,,N,,,,,,,,,,,
2009061110,806.0,1,0,0,0,0,0,0,0,0,1,0,,67,6,2009,5,39.9709,-75.124,741.0,6,0,0,0,0,0,1,1,0,2.0,0,0,0,7,1,2,0,,2,39 58:18.930,1.0,0,75 07:21.963,4,0,0,0,67301,0,0,0,N,0,0,0,5,68K01,2,,1,9,,N,N,,0,,0,0,0,0,0,N,738,2,2,0,0,0,0,0,3,4,1,2,7,,N,,,,,,,,,,,
2009063716,914.0,2,0,0,0,0,0,0,0,0,6,0,,67,5,2009,5,39.9751,-75.195,914.0,6,0,0,0,0,0,0,0,0,2.0,0,0,0,9,1,3,1,,2,39 58:30.309,1.0,0,75 11:41.996,3,0,0,0,67301,0,0,0,N,0,0,0,5,67301,2,,1,1,,N,N,,0,,1,0,1,3,2,N,911,3,3,0,0,0,0,0,3,4,0,3,3,,N,,,,,,,,,,,
2009063821,123.0,1,0,0,0,0,0,0,0,0,5,0,,67,5,2009,1,39.9572,-75.2275,121.0,6,0,0,0,0,0,0,0,0,1.0,0,0,0,1,3,2,1,,1,39 57:25.952,1.0,0,75 13:38.981,4,0,0,0,67301,0,0,0,N,0,0,0,7,67301,1,,1,1,,N,N,,0,,0,0,1,3,2,Y,112,2,2,0,0,7,1,1,3,4,0,2,3,,N,,,,,,,,,,,
2009063858,1616.0,0,0,0,0,0,0,0,0,0,0,0,,67,5,2009,6,39.9452,-75.1418,1613.0,6,0,0,0,0,0,0,0,0,1.0,0,0,0,14,1,1,2,,1,39 56:42.550,1.0,0,75 08:30.536,3,0,0,1,67301,0,0,0,N,0,0,0,2,67301,0,,1,1,,N,N,,0,,1,0,0,3,2,Y,1410,1,1,0,0,0,0,0,3,4,0,1,3,,N,,,,,,,,,,,
2009063862,753.0,1,0,0,0,0,0,0,0,0,8,0,,67,5,2009,4,40.0486,-75.087,749.0,6,0,0,0,0,0,0,1,0,,0,0,0,7,1,1,1,,0,40 02:54.851,,0,75 05:13.124,4,0,0,0,67301,1,0,0,N,1,0,0,2,67301,1,,1,1,,N,N,,0,,0,0,0,3,2,,704,1,2,0,0,0,0,0,3,4,0,1,3,,N,,,,,,,,,,,
2009066555,2250.0,1,0,0,0,0,0,0,0,0,1,0,,67,5,2009,1,39.9815,-75.2241,2250.0,6,0,0,0,0,0,0,0,0,,0,0,0,21,3,2,1,,0,39 58:53.480,,0,75 13:26.612,8,0,0,1,67301,0,0,0,,0,0,0,5,67301,0,,1,1,,N,N,,0,,0,0,0,0,0,,2143,2,2,0,0,0,2,1,3,4,0,2,3,,N,,,,,,,,,,,
2009066611,0.0,1,0,0,0,0,0,0,0,0,8,0,,67,4,2009,5,40.0139,-75.0863,0.0,6,0,0,0,0,0,0,0,0,,0,0,0,13,1,2,1,,0,40 00:49.881,,0,75 05:10.693,8,0,0,0,67301,2,0,0,,2,0,0,3,00000,0,,1,1,,,,,0,,0,0,0,9,9,,1331,2,3,0,0,0,2,1,3,4,0,1,3,,N,,,,,,,,,,,
2009058892,1700.0,1,0,0,0,0,0,0,0,0,5,0,,67,5,2009,2,40.0805,-75.0282,1648.0,6,0,0,0,0,0,0,0,0,,0,0,0,16,1,0,0,,0,40 04:49.898,,7,75 01:41.478,9,0,0,0,67301,0,0,0,N,0,0,0,3,67301,0,,1,9,,N,N,,0,,0,0,1,3,2,,1620,0,2,0,0,0,0,1,3,4,0,2,7,,N,,,,,,,,,,,
2009056419,2030.0,0,0,0,1,0,0,0,0,0,4,0,,67,4,2009,4,39.9834,-75.1191,9999.0,6,0,0,0,0,0,0,0,0,,0,0,0,14,1,1,1,,0,39 59:00.370,,0,75 07:08.921,4,0,0,0,67301,1,0,0,,0,0,0,2,67301,1,,4,1,,,,,0,,0,0,0,3,2,,1430,1,2,0,0,0,0,0,3,4,1,1,3,,N,,,,,,,,,,,
2009053938,1925.0,0,0,0,0,0,0,0,0,0,8,0,,67,4,2009,4,40.0388,-75.1716,1919.0,6,0,0,0,0,0,0,0,0,,0,0,0,19,3,1,1,,0,40 02:19.838,,0,75 10:17.839,4,0,0,0,67301,1,0,0,,1,0,0,2,67301,1,,1,9,,,,,0,,0,0,0,3,2,,1915,1,2,0,0,0,0,1,3,4,0,1,7,,N,,,,,,,,,,,
2009087781,848.0,0,0,0,0,0,0,0,0,0,1,0,,67,7,2009,2,39.9717,-75.166,846.0,6,0,0,0,0,0,0,0,0,,0,0,0,8,1,3,0,,0,39 58:18.059,,0,75 09:57.606,3,0,0,0,67301,0,0,0,N,0,0,0,3,67301,1,,1,1,,N,N,,0,,2,0,3,0,0,,845,3,3,0,0,2,0,0,3,4,0,3,3,,N,,,,,,,,,,,
2009093481,908.0,3,0,0,0,0,0,0,0,0,1,0,,67,8,2009,3,39.9499,-75.2036,855.0,6,0,0,0,0,0,1,0,0,,0,0,0,8,1,2,2,,0,39 56:59.727,,0,75 12:12.925,4,0,0,0,67301,0,0,0,N,0,0,0,3,67301,2,,1,1,,N,N,,0,,0,0,0,3,2,,849,2,3,0,0,3,0,0,3,4,0,3,3,,N,,,,,,,,,,,
2009086004,1459.0,1,0,0,0,0,0,0,0,0,1,0,,67,8,2009,2,40.0499,-75.1941,1458.0,6,0,0,0,0,0,1,0,0,,0,0,0,13,1,1,1,,0,40 02:59.679,,0,75 11:38.819,4,0,0,0,67301,0,0,0,N,0,0,0,3,67301,1,,1,1,,N,N,,1,,0,0,1,0,0,,1303,1,3,0,0,0,0,0,3,4,0,3,3,,N,,,,,,,,,,,
2009086085,350.0,1,0,0,0,0,0,0,0,0,4,0,,67,7,2009,3,40.0311,-75.1317,345.0,6,0,0,0,0,0,0,0,0,,0,0,0,3,3,2,0,,0,40 01:51.942,,0,75 07:54.080,4,0,0,0,67301,0,0,0,N,0,0,0,3,67301,2,,1,1,,N,N,,0,,0,0,1,0,0,,300,2,2,0,0,0,0,1,3,4,0,2,3,,N,,,,,,,,,,,
2009081667,1346.0,0,0,0,1,0,0,0,0,0,4,0,,67,7,2009,6,40.0223,-75.1146,1345.0,6,0,0,0,0,0,0,0,0,,0,0,0,13,1,1,2,,0,40 01:20.139,,0,75 06:52.581,8,0,0,0,67301,1,0,0,,0,0,0,2,67301,0,,1,1,,N,N,,0,,0,0,0,0,0,,1343,1,2,0,0,0,1,1,3,4,0,1,3,,N,,,,,,,,,,,
2009084056,206.0,0,0,0,0,0,0,0,0,0,7,0,,67,7,2009,7,39.9568,-75.1536,201.0,6,0,0,0,0,0,1,0,0,3.0,1,0,0,1,3,0,7,,2,39 57:24.870,3.0,2,75 09:19.213,1,1,0,1,67301,0,0,0,Y,0,0,0,1,68K01,0,1.0,2,1,,N,N,,0,0.0,0,0,0,0,0,Y,153,0,1,0,0,0,0,0,3,4,0,1,3,,N,,,,,,,,,,,
2009078944,2009.0,3,0,0,0,0,0,0,0,0,4,0,,67,2,2009,6,40.0319,-75.0524,2000.0,6,0,0,0,0,0,1,0,0,,0,0,0,19,3,1,0,,0,40 01:54.784,,7,75 03:08.651,8,0,0,0,67301,0,0,0,,0,0,0,3,67301,0,,1,1,,,,,0,,0,0,0,0,0,,1955,1,3,0,0,0,1,0,3,4,0,3,3,,N,,,,,,,,,,,
2009069104,1503.0,2,0,0,0,0,0,0,0,0,1,0,,67,6,2009,1,39.958,-75.1631,1503.0,6,0,0,0,0,0,0,0,0,1.0,0,0,0,15,1,0,0,,2,39 57:28.934,4.0,0,75 09:47.286,9,0,0,0,67301,0,0,0,N,0,0,0,4,68K01,0,,1,1,,N,N,,0,,0,0,0,0,0,N,1503,0,3,0,0,0,0,1,3,4,0,3,3,,N,,,,,,,,,,,
2009074332,27.0,1,0,0,0,0,0,1,0,0,4,1,,67,6,2009,5,39.9355,-75.1554,25.0,6,0,0,1,0,0,1,0,0,9.0,0,0,0,0,3,3,1,,2,39 56:07.967,7.0,0,75 09:19.396,3,0,0,0,67301,0,0,0,,0,0,0,5,67301,2,,1,1,,,,,0,,1,0,0,3,2,Y,25,3,2,0,0,0,0,0,3,4,0,2,3,,N,,,,,,,,,,,
2009074544,841.0,2,0,0,0,0,0,0,0,0,4,0,,67,6,2009,2,40.0517,-75.194,838.0,6,0,0,0,0,0,1,0,0,,0,0,0,8,1,2,1,,0,40 03:06.067,,0,75 11:38.545,4,0,0,0,67301,0,0,0,N,0,0,0,2,67301,2,,2,1,,N,N,,0,,0,0,0,3,2,,815,2,2,0,0,0,0,0,3,4,0,2,3,,N,,,,,,,,,,,
2009074565,947.0,2,0,0,0,0,0,0,0,0,4,0,,67,6,2009,3,39.9685,-75.2256,945.0,6,0,0,0,0,0,0,0,0,,0,0,0,9,1,1,0,,0,39 58:06.610,,0,75 13:31.994,8,0,0,0,67301,0,0,0,N,0,0,0,1,67301,0,,6,1,,N,N,,0,,0,0,0,0,0,,945,1,2,0,0,0,1,0,3,4,0,2,3,,N,,,,,,,,,,,
2009071621,642.0,2,0,0,0,0,0,0,0,0,2,0,,67,6,2009,5,40.0366,-75.09,639.0,6,0,0,0,0,0,1,0,0,,0,0,0,6,1,1,0,,0,40 02:11.877,,0,75 05:24.102,8,0,0,0,67301,0,0,0,N,0,0,0,2,67301,0,,1,1,,N,N,,0,,0,0,0,0,0,,635,1,3,0,0,0,1,1,3,4,1,3,3,,N,,,,,,,,,,,
2009074617,9999.0,2,0,0,0,0,0,0,0,0,4,0,,67,6,2009,2,40.043,-75.1444,9999.0,6,0,0,0,0,1,1,0,0,,0,0,0,99,4,1,2,,0,40 02:34.692,,0,75 08:39.933,3,0,0,0,67301,0,0,0,N,0,0,0,2,67301,0,,1,1,,N,N,,0,,1,0,0,3,3,,9999,1,2,0,0,0,0,0,3,4,0,2,3,,N,,,,,,,,,,,
2009072067,9999.0,1,0,0,0,0,0,0,0,0,4,0,,67,6,2009,1,40.0325,-75.1242,9999.0,6,0,0,0,0,0,1,0,0,,0,0,0,99,1,2,1,,0,40 01:57.154,,0,75 07:27.076,4,0,0,0,67301,0,0,0,N,0,0,0,3,67301,1,,1,1,,N,N,,0,,0,0,1,3,2,,9999,2,2,0,0,2,1,0,3,4,0,2,3,,N,,,,,,,,,,,
2009072079,2031.0,0,0,0,0,0,0,0,0,0,1,0,,67,6,2009,6,40.0256,-75.0497,2030.0,6,0,0,0,0,0,0,0,0,,0,0,0,20,4,0,0,,0,40 01:32.329,,0,75 02:58.761,9,0,0,0,67301,0,0,0,N,0,0,0,1,67301,0,,6,1,,N,N,,0,,0,0,2,0,0,,2026,0,2,0,0,0,0,1,3,4,0,2,3,,N,,,,,,,,,,,
2009072088,310.0,1,0,0,0,0,0,0,0,0,4,1,,67,6,2009,7,39.9581,-75.1641,300.0,6,0,0,0,0,0,0,0,0,,0,1,0,99,3,1,1,,0,39 57:28.586,,0,75 09:50.892,4,0,0,0,67301,0,0,0,,0,0,0,7,67301,1,,1,1,,N,,,0,,0,0,0,9,2,,9999,1,2,0,0,0,0,0,3,4,0,2,3,,N,,,,,,,,,,,
2009028967,1757.0,1,0,0,0,0,0,0,0,0,8,0,,67,3,2009,3,40.0086,-75.2108,1757.0,6,0,0,0,0,0,0,0,0,1.0,0,0,0,17,2,1,0,,1,40 00:30.600,2.0,0,75 12:39.960,3,0,0,0,67301,1,0,0,N,1,0,0,6,46104,0,,1,1,,N,N,,0,,1,0,0,0,0,Y,1757,1,2,0,0,0,0,0,3,4,0,1,3,,N,,,,,,,,,,,
2009026623,318.0,1,0,0,0,0,0,0,0,0,7,0,,67,2,2009,6,39.9744,-75.1943,318.0,6,0,0,0,0,0,0,0,0,2.0,0,0,0,3,3,0,0,,1,39 58:31.631,3.0,0,75 11:41.248,9,0,0,0,67301,0,0,0,N,0,0,0,1,68K01,0,,2,1,,N,N,,0,,0,0,0,0,0,N,317,0,1,0,0,0,0,1,3,4,0,1,3,,N,,,,,,,,,,,