CRN,ARRIVAL_TM,AUTOMOBILE_COUNT,BELTED_DEATH_COUNT,BELTED_SUSP_SERIOUS_INJ_COUNT,BICYCLE_COUNT,BICYCLE_DEATH_COUNT,BICYCLE_SUSP_SERIOUS_INJ_COUNT,BUS_COUNT,CHLDPAS_DEATH_COUNT,CHLDPAS_SUSP_SERIOUS_INJ_COUNT,COLLISION_TYPE,COMM_VEH_COUNT,CONS_ZONE_SPD_LIM,COUNTY,CRASH_MONTH,CRASH_YEAR,DAY_OF_WEEK,DEC_LAT,DEC_LONG,DISPATCH_TM,DISTRICT,DRIVER_COUNT_16YR,DRIVER_COUNT_17YR,DRIVER_COUNT_18YR,DRIVER_COUNT_19YR,DRIVER_COUNT_20YR,DRIVER_COUNT_50_64YR,DRIVER_COUNT_65_74YR,DRIVER_COUNT_75PLUS,EST_HRS_CLOSED,FATAL_COUNT,HEAVY_TRUCK_COUNT,HORSE_BUGGY_COUNT,HOUR_OF_DAY,ILLUMINATION,INJURY_COUNT,INTERSECT_TYPE,INTERSECTION_RELATED,LANE_CLOSED,LATITUDE,LN_CLOSE_DIR,LOCATION_TYPE,LONGITUDE,MAX_SEVERITY_LEVEL,MCYCLE_DEATH_COUNT,MCYCLE_SUSP_SERIOUS_INJ_COUNT,MOTORCYCLE_COUNT,MUNICIPALITY,NONMOTR_COUNT,NONMOTR_DEATH_COUNT,NONMOTR_SUSP_SERIOUS_INJ_COUNT,NTFY_HIWY_MAINT,PED_COUNT,PED_DEATH_COUNT,PED_SUSP_SERIOUS_INJ_COUNT,PERSON_COUNT,POLICE_AGCY,POSSIBLE_INJ_COUNT,RDWY_SURF_TYPE_CD,RELATION_TO_ROAD,ROAD_CONDITION,ROADWAY_CLEARED,SCH_BUS_IND,SCH_ZONE_IND,SECONDARY_CRASH,SMALL_TRUCK_COUNT,SPEC_JURIS_CD,SUSP_MINOR_INJ_COUNT,SUSP_SERIOUS_INJ_COUNT,SUV_COUNT,TCD_FUNC_CD,TCD_TYPE,TFC_DETOUR_IND,TIME_OF_DAY,TOT_INJ_COUNT,TOTAL_UNITS,UNB_DEATH_COUNT,UNB_SUSP_SERIOUS_INJ_COUNT,UNBELTED_OCC_COUNT,UNK_INJ_DEG_COUNT,UNK_INJ_PER_COUNT,URBAN_AREA,URBAN_RURAL,VAN_COUNT,VEHICLE_COUNT,WEATHER1,WEATHER2,WORK_ZONE_IND,WORK_ZONE_LOC,WORK_ZONE_TYPE,WORKERS_PRES,WZ_CLOSE_DETOUR,WZ_FLAGGER,WZ_LAW_OFFCR_IND,WZ_LN_CLOSURE,WZ_MOVING,WZ_OTHER,WZ_SHLDER_MDN,WZ_WORKERS_INJ_KILLED
2009075421,915.0,0,0,0,1,0,2,0,0,0,4,0,,67,5,2009,5,39.9636,-75.1809,910.0,6,0,0,0,0,0,0,0,0,,0,0,0,9,1,2,0,,0,39 57:49.012,,0,75 10:51.223,2,0,0,0,67301,2,0,2,Y,0,0,0,3,67301,0,,5,1,,N,,,0,,0,2,1,0,0,,910,2,2,0,0,0,0,0,3,4,0,1,3,,N,,,,,,,,,,,
2009055606,1842.0,2,0,0,0,0,0,0,0,0,4,0,,67,3,2009,3,39.9791,-75.161,1842.0,6,0,0,0,0,1,0,0,0,,0,0,0,18,1,0,1,,0,39 58:44.727,,0,75 09:39.689,0,0,0,0,67301,0,0,0,,0,0,0,3,67301,0,,1,1,,N,N,,0,,0,0,0,3,2,,1840,0,2,0,0,0,0,0,3,4,0,2,3,,N,,,,,,,,,,,
2009093002,2036.0,1,0,0,1,0,0,0,0,0,5,0,,67,9,2009,4,39.951,-75.1601,2035.0,6,0,0,0,0,0,0,0,0,,0,0,0,20,3,1,0,,0,39 57:03.590,,0,75 09:36.367,4,0,0,0,67301,1,0,0,N,0,0,0,2,67301,1,,1,1,,N,,,0,,0,0,0,3,2,,2028,1,2,0,0,1,0,0,3,4,0,1,3,,N,,,,,,,,,,,
2009093174,2355.0,2,0,0,0,0,0,0,0,0,1,0,15.0,67,8,2009,3,40.0146,-75.1785,2350.0,6,0,0,0,1,0,0,0,0,,0,0,0,23,3,0,0,,0,40 00:52.738,,2,75 10:42.411,0,0,0,0,67301,0,0,0,N,0,0,0,2,67301,0,,1,1,,N,N,,0,,0,0,0,3,8,,2345,0,2,0,0,0,0,0,3,4,0,2,3,,Y,3.0,1.0,Y,U,U,Y,Y,Y,Y,U,
2009069688,208.0,1,0,0,0,0,0,0,0,0,8,0,,67,6,2009,1,39.9771,-75.1194,208.0,6,0,0,0,0,0,0,0,1,,0,0,0,2,3,1,0,,0,39 58:43.950,,0,75 07:06.878,8,0,0,0,67301,1,0,0,,1,0,0,2,67301,0,,1,9,,,,,0,,0,0,0,0,0,,208,1,2,0,0,0,1,0,3,4,0,1,7,,N,,,,,,,,,,,
2009066927,1105.0,1,0,0,0,0,0,0,0,0,7,0,,67,5,2009,7,39.9696,-75.1528,1101.0,6,1,0,0,0,0,0,0,0,,0,0,0,11,1,2,0,,0,39 58:10.585,,0,75 09:10.166,2,0,0,0,67301,0,0,0,,0,0,0,2,67301,0,,5,1,,,,,0,,0,1,0,0,0,,1100,2,1,0,0,0,1,0,3,4,0,1,3,,N,,,,,,,,,,,
2009066936,1605.0,2,0,0,0,0,0,0,0,0,4,0,,67,6,2009,7,40.0861,-75.0598,1555.0,6,0,0,0,0,0,0,0,0,,0,0,0,15,1,1,0,,0,40 05:09.945,,0,75 03:35.441,8,0,0,0,67301,0,0,0,N,0,0,0,6,67301,0,,1,1,,N,N,,0,,0,0,0,0,0,,1503,1,2,0,0,3,1,0,3,4,0,2,3,,N,,,,,,,,,,,
2009064672,20.0,2,0,0,0,0,0,0,0,0,1,0,,67,5,2009,1,40.0226,-75.2188,5.0,6,0,0,0,0,0,0,0,0,,0,0,0,0,3,2,0,,0,40 01:21.290,,0,75 13:07.680,8,0,0,0,67301,0,0,0,N,0,0,0,3,67301,0,,1,1,,N,,,0,,0,0,0,0,0,,5,2,2,0,0,0,2,0,3,4,0,2,3,,N,,,,,,,,,,,
2009067471,1010.0,1,0,0,0,0,0,0,0,0,7,0,,67,6,2009,2,40.0187,-75.089,1008.0,6,0,0,0,0,0,1,0,0,9.0,0,0,0,10,1,1,0,,1,40 01:07.446,2.0,0,75 05:20.475,4,0,0,0,67301,0,0,0,Y,0,0,0,1,67301,1,,5,1,,N,N,,0,,0,0,0,0,0,N,1008,1,1,0,0,1,0,0,3,4,0,1,3,,N,,,,,,,,,,,
2009067487,1656.0,1,0,0,1,0,0,0,0,0,4,0,,67,5,2009,7,39.9872,-75.2296,1651.0,6,0,0,0,0,0,0,0,0,,0,0,0,16,1,1,1,,0,39 59:13.855,,0,75 13:46.451,8,0,0,0,67301,1,0,0,N,0,0,0,4,67301,0,,1,1,,N,N,,0,,0,0,0,3,3,,1640,1,2,0,0,0,1,0,3,4,0,1,3,,N,,,,,,,,,,,
2009067546,743.0,2,0,0,0,0,0,0,0,0,4,0,,67,6,2009,4,40.0287,-75.1736,738.0,6,0,0,0,0,0,0,0,0,,0,0,0,7,1,2,1,,0,40 01:43.258,,0,75 10:25.048,4,0,0,0,67301,0,0,0,,0,0,0,2,67301,2,,1,1,,N,N,,0,,0,0,0,0,0,,700,2,2,0,0,0,0,0,3,4,0,2,3,,N,,,,,,,,,,,
2009124439,2036.0,2,0,0,0,0,0,0,0,0,4,0,,67,11,2009,5,40.0446,-75.0547,2034.0,6,0,0,0,0,0,0,0,0,,0,0,0,20,3,0,1,,0,40 02:40.636,,0,75 03:16.819,0,0,0,0,67301,0,0,0,N,0,0,0,2,67301,0,,1,9,,N,N,,0,,0,0,0,3,2,,2031,0,2,0,0,0,0,0,3,4,0,2,3,,N,,,,,,,,,,,
2009083736,2340.0,1,0,0,0,0,0,0,0,0,1,0,,67,7,2009,6,39.9538,-75.1878,2338.0,6,0,0,0,0,0,0,0,0,,0,0,0,23,3,0,0,,0,39 57:13.797,,0,75 11:15.899,0,0,0,0,67301,0,0,0,N,0,0,0,2,67301,0,,6,1,,N,N,,0,,0,0,1,0,0,,2338,0,2,0,0,1,0,0,3,4,0,2,3,,N,,,,,,,,,,,
2009083754,1315.0,1,0,0,0,0,0,0,0,0,4,0,,67,7,2009,4,40.0953,-75.0502,1312.0,6,0,0,0,0,0,0,0,1,,0,0,0,13,1,1,0,,0,40 05:43.189,,0,75 03:00.702,4,0,0,1,67301,0,0,0,N,0,0,0,2,67301,1,,1,1,,N,N,,0,,0,0,0,0,0,,1310,1,2,0,0,0,0,0,3,4,0,2,3,,N,,,,,,,,,,,
2009083838,905.0,0,0,0,1,0,0,0,0,0,5,0,,67,7,2009,4,39.9624,-75.1615,900.0,6,0,0,0,0,0,1,0,0,,0,0,0,9,1,1,0,,0,39 57:44.595,,0,75 09:41.449,4,0,0,0,67301,1,0,0,N,0,0,0,2,67301,1,,1,1,,N,N,,1,,0,0,0,3,2,,900,1,2,0,0,0,0,1,3,4,0,1,3,,N,,,,,,,,,,,
2009065376,1124.0,2,0,0,0,0,0,0,0,0,1,0,,67,5,2009,5,40.0267,-75.1932,1122.0,6,0,0,0,0,0,1,0,0,1.0,0,0,0,11,1,1,0,,2,40 01:35.943,5.0,0,75 11:35.457,4,0,0,0,67301,0,0,0,N,0,0,0,2,67301,1,,1,9,,N,N,,0,,0,0,0,0,0,Y,1122,1,2,0,0,0,0,0,3,4,0,2,3,,N,,,,,,,,,,,
2009065395,1418.0,1,0,0,0,0,0,0,0,0,4,0,,67,5,2009,2,40.0173,-75.1163,1415.0,6,0,0,0,0,0,0,0,0,9.0,0,0,0,14,1,1,1,,1,40 01:02.392,2.0,0,75 06:58.530,4,0,0,0,67301,0,0,0,,0,0,0,2,67301,1,,9,1,,N,N,,0,,0,0,1,3,2,N,1414,1,2,0,0,0,0,1,3,4,0,2,3,,N,,,,,,,,,,,
2009065474,835.0,1,0,0,0,0,0,0,0,0,4,0,,67,5,2009,3,40.0553,-75.1851,830.0,6,0,0,0,0,0,0,1,0,,0,0,0,8,1,1,1,,0,40 03:19.004,,0,75 11:06.183,8,0,0,0,67301,0,0,0,N,0,0,0,4,67301,0,,1,9,,N,N,,0,,0,0,1,3,3,,829,1,2,0,0,0,1,0,3,4,0,2,7,,N,,,,,,,,,,,
2009120594,1625.0,2,0,0,0,0,0,1,0,0,5,1,,67,10,2009,6,39.9705,-75.1494,1620.0,6,0,0,0,0,0,0,0,0,,0,0,0,16,1,1,0,,0,39 58:13.957,,0,75 08:57.998,4,0,0,0,67301,1,0,0,,1,0,0,2,67301,1,,2,9,,Y,N,,0,,0,0,0,0,0,,1615,1,4,0,0,0,0,0,3,4,0,3,7,,N,,,,,,,,,,,
2009118704,1157.0,1,0,0,0,0,0,0,0,0,7,0,,67,11,2009,7,39.9554,-75.1412,1154.0,6,0,0,0,0,0,0,0,0,1.0,0,0,0,11,1,0,0,,1,39 57:23.176,1.0,2,75 08:32.009,9,0,0,0,67301,0,0,0,N,0,0,0,1,68K01,0,,5,1,,N,N,,0,,0,0,0,0,0,N,1150,0,1,0,0,0,0,1,3,4,0,1,3,,N,,,,,,,,,,,
2009118964,243.0,2,0,0,0,0,0,0,0,0,4,0,,67,10,2009,1,40.0436,-75.1845,240.0,6,0,0,0,0,0,0,0,0,,0,0,0,2,3,1,1,,0,40 02:37.075,,0,75 11:04.361,3,0,0,0,67301,0,0,0,N,0,0,0,2,67301,0,,1,9,,N,N,,0,,1,0,0,3,2,,234,1,2,0,0,0,0,0,3,4,0,2,7,,N,,,,,,,,,,,
2009123753,852.0,2,0,0,0,0,0,0,0,0,1,0,,67,11,2009,5,40.0448,-75.0021,846.0,6,0,0,0,0,0,1,0,0,,0,0,0,8,1,0,0,,0,40 02:41.783,,0,75 00:07.428,0,0,0,0,67301,0,0,0,N,0,0,0,2,68K01,0,,1,9,,N,N,,0,,0,0,0,0,0,,843,0,3,0,0,0,0,0,3,4,0,2,7,,N,,,,,,,,,,,
2009047980,834.0,0,0,0,0,0,0,0,0,0,0,0,,67,3,2009,4,39.9534,-75.1371,832.0,6,0,0,0,0,0,0,1,0,,0,0,0,8,1,1,0,,0,39 57:12.330,,3,75 08:13.615,8,0,0,1,67301,0,0,0,N,0,0,0,1,67501,0,,1,1,,N,N,,0,,0,0,0,3,8,,831,1,1,0,0,0,1,0,3,4,0,1,3,,N,,,,,,,,,,,
2009050691,1829.0,2,0,0,0,0,0,0,0,0,1,0,,67,4,2009,5,39.9921,-75.2017,1826.0,6,0,0,0,0,0,0,0,0,,0,0,0,18,1,2,0,,0,39 59:34.240,,0,75 12:01.814,4,0,0,0,67301,0,0,0,N,0,0,0,2,68K01,2,,1,1,,N,N,,0,,0,0,0,0,0,,1822,2,2,0,0,0,0,0,3,4,0,2,3,,N,,,,,,,,,,,
2009063736,700.0,1,0,0,0,0,0,0,0,0,8,0,,67,5,2009,2,40.0235,-75.08,655.0,6,0,0,0,0,0,0,0,0,,0,0,0,6,1,1,1,,0,40 01:24.736,,0,75 04:47.909,4,0,0,0,67301,1,0,0,N,1,0,0,2,67301,1,,1,1,,N,N,,0,,0,0,0,9,2,,650,1,2,0,0,0,0,0,3,4,0,1,3,,N,,,,,,,,,,,
2009063757,5.0,2,0,0,0,0,0,0,0,0,5,0,,67,5,2009,1,40.0341,-75.0793,2355.0,6,0,0,0,0,0,0,0,0,,0,0,0,23,3,0,2,,0,40 02:02.932,,0,75 04:45.382,0,0,0,0,67301,0,0,0,N,0,0,0,1,67301,0,,1,1,,N,N,,0,,0,0,1,0,0,,2350,0,3,0,0,0,0,0,3,4,0,3,3,,N,,,,,,,,,,,
2009068820,1644.0,1,0,0,0,0,0,0,0,0,7,0,,67,7,2009,4,39.9218,-75.148,1635.0,6,0,0,0,0,0,0,0,0,1.0,0,0,0,16,1,1,0,,1,39 55:18.127,2.0,0,75 08:52.717,4,0,0,0,67301,0,0,0,N,0,0,0,1,68K01,1,,2,1,,N,N,,0,,0,0,0,0,0,N,1632,1,1,0,0,0,0,0,3,4,0,1,3,,N,,,,,,,,,,,
2009063827,815.0,0,0,0,0,0,0,0,0,0,8,0,,67,5,2009,5,39.9611,-75.1419,812.0,6,0,0,0,0,0,0,0,0,,0,0,0,8,1,1,0,,0,39 57:39.981,,0,75 08:30.908,4,0,0,0,67301,1,0,0,,1,0,0,2,67301,1,,1,9,,,,,1,,0,0,0,0,0,,810,1,2,0,0,0,0,0,3,4,0,1,7,,N,,,,,,,,,,,
2009063873,1840.0,1,0,1,0,0,0,0,0,0,7,0,,67,5,2009,3,40.018,-75.1656,1830.0,6,0,0,1,0,0,0,0,0,,0,0,0,18,4,2,6,,0,40 01:05.053,,2,75 09:55.730,2,0,0,0,67301,0,0,0,N,0,0,0,2,67301,0,,5,9,,N,N,,0,,0,1,0,0,0,,1825,2,2,0,0,0,1,0,3,4,0,1,7,,N,,,,,,,,,,,
2009063881,1103.0,1,0,0,0,0,0,0,0,0,8,0,,67,5,2009,3,39.9916,-75.1483,1103.0,6,0,0,0,0,0,0,0,0,1.0,0,0,0,11,1,1,0,,2,39 59:29.662,5.0,0,75 08:53.757,8,0,0,0,67301,1,0,0,,1,0,0,2,67301,0,,1,1,,,,,0,,0,0,0,0,0,Y,1103,1,2,0,0,0,1,0,3,4,0,1,3,,N,,,,,,,,,,,
2009066553,1105.0,2,0,0,0,0,0,0,0,0,4,0,,67,5,2009,1,40.0701,-75.0312,1100.0,6,0,0,0,0,0,0,1,0,,0,0,0,10,1,2,0,,0,40 04:12.358,,7,75 01:52.364,4,0,0,0,67301,0,0,0,N,0,0,0,3,67301,2,,1,1,,N,N,,0,,0,0,0,3,3,,1040,2,2,0,0,0,0,0,3,4,0,2,3,,N,,,,,,,,,,,
2009058821,1913.0,1,0,0,0,0,0,0,0,0,5,0,,67,5,2009,1,40.1141,-75.0283,1916.0,6,0,0,0,0,0,1,0,0,,0,0,0,19,1,1,1,,0,40 06:50.749,,0,75 01:41.703,4,0,0,1,67301,0,0,0,N,0,0,0,1,67301,1,,1,1,,N,N,,0,,0,0,0,9,3,,1911,1,2,0,0,0,0,0,3,4,0,2,3,,N,,,,,,,,,,,
2009058889,1710.0,2,0,0,0,0,0,0,0,0,4,0,,67,5,2009,4,40.0726,-74.9933,1701.0,6,0,1,1,0,0,0,0,0,,0,0,0,17,1,0,2,,0,40 04:21.270,,0,74 59:35.743,0,0,0,0,67301,0,0,0,N,0,0,0,2,67301,0,,1,1,,N,N,,0,,0,0,0,3,3,,1700,0,2,0,0,0,0,0,3,4,0,2,3,,N,,,,,,,,,,,
2009063930,2106.0,2,0,0,0,0,0,0,0,0,4,0,,67,5,2009,1,40.0389,-75.1247,2100.0,6,0,0,0,0,0,0,0,0,,0,0,0,20,2,2,1,,0,40 02:20.097,,0,75 07:28.988,8,0,0,0,67301,0,0,0,N,0,0,0,2,67301,0,,1,9,,N,N,,0,,0,0,0,3,3,,2052,2,2,0,0,0,2,0,3,4,0,2,7,,N,,,,,,,,,,,
2009056519,9999.0,1,0,0,0,0,0,0,0,0,4,0,,67,4,2009,6,39.9415,-75.235,9999.0,6,0,0,0,0,0,0,1,0,,0,0,0,99,1,0,1,,0,39 56:29.277,,0,75 14:06.305,0,0,0,0,67301,0,0,0,N,0,0,0,7,67301,0,,1,1,,N,N,,0,,0,0,0,3,2,,9999,0,2,0,0,0,0,0,3,4,1,2,3,,N,,,,,,,,,,,
2009056525,140.0,4,0,0,0,0,0,0,0,0,4,0,,67,4,2009,1,39.993,-75.1345,130.0,6,0,0,0,0,0,0,0,0,,0,0,0,1,3,3,1,,0,39 59:34.792,,0,75 08:04.235,4,0,0,0,67301,0,0,0,,0,0,0,4,67301,3,,1,1,,,,,0,,0,0,1,3,2,,120,3,5,0,0,0,0,0,3,4,0,5,3,,N,,,,,,,,,,,
2009059117,1351.0,0,0,0,0,0,0,0,0,0,5,0,90.0,67,5,2009,5,39.9678,-75.1316,1337.0,6,0,0,0,0,0,0,0,0,,0,0,0,13,1,1,0,,0,39 58:03.720,,0,75 07:54.480,4,0,0,0,67301,0,0,0,N,0,0,0,2,68K01,1,,1,1,,N,N,,1,,0,0,1,0,0,,1331,1,2,0,0,0,0,0,3,4,0,2,3,,Y,5.0,2.0,Y,N,N,N,Y,Y,N,Y,
2009053988,1915.0,1,0,0,0,0,0,0,0,0,4,0,,67,4,2009,6,39.9804,-75.1822,1907.0,6,0,0,0,0,0,0,0,0,1.0,0,0,0,19,1,1,1,,2,39 58:49.337,7.0,0,75 10:55.936,8,0,0,2,67301,0,0,0,N,0,0,0,3,67301,0,,1,1,,N,N,,0,,0,0,0,3,2,N,1900,1,3,0,0,0,1,0,3,4,0,3,3,,N,,,,,,,,,,,
2009093412,2315.0,2,0,0,0,0,0,0,0,0,4,0,,67,8,2009,6,39.953,-75.2386,2310.0,6,0,0,0,1,0,0,0,0,,0,0,0,23,3,2,2,,0,39 57:10.702,,0,75 14:19.017,2,0,0,0,67301,0,0,0,N,0,0,0,4,67301,1,,1,1,,N,N,,0,,0,1,0,9,3,,2300,2,2,0,0,0,0,0,3,4,0,2,3,,N,,,,,,,,,,,
2009088076,1947.0,1,0,0,0,0,0,0,0,0,1,0,,67,8,2009,6,39.8865,-75.2427,1946.0,6,0,0,0,0,0,0,0,0,1.0,0,0,0,19,3,1,0,,2,39 53:08.880,1.0,0,75 14:35.160,8,0,0,0,67301,0,0,0,N,0,0,0,2,68K01,0,,1,9,,N,N,,0,,0,0,1,0,0,N,1943,1,2,0,0,0,1,0,3,4,0,2,7,,N,,,,,,,,,,,
2009083146,2345.0,1,0,0,0,0,0,0,0,0,5,1,,67,7,2009,5,39.8931,-75.2359,2312.0,6,0,0,0,0,0,1,0,0,,0,1,0,22,3,0,7,,0,39 53:34.761,,2,75 14:10.355,0,0,0,0,67301,0,0,0,N,0,0,0,3,68K01,0,,2,1,,N,N,,0,,0,0,0,0,0,,2227,0,2,0,0,0,0,0,3,4,0,2,3,,N,,,,,,,,,,,
2009086006,1456.0,0,0,0,0,0,0,0,0,0,8,0,,67,7,2009,6,39.996,-75.1143,1455.0,6,0,0,0,0,0,0,0,0,,0,0,0,99,1,1,0,,0,39 59:45.499,,0,75 06:51.656,8,0,0,0,67301,1,0,0,N,1,0,0,5,67301,0,,1,1,,N,N,,1,,0,0,0,0,0,,9999,1,2,0,0,0,1,0,3,4,0,1,3,,N,,,,,,,,,,,
2009086051,2323.0,1,0,0,0,0,0,0,0,0,4,0,,67,8,2009,2,39.9233,-75.1549,2320.0,6,0,0,0,0,1,0,0,0,3.0,0,0,0,23,3,0,1,,2,39 55:23.847,1.0,0,75 09:17.560,0,0,0,0,67301,0,0,0,N,0,0,0,2,67301,0,,1,1,,N,N,,1,,0,0,0,3,3,Y,2320,0,2,0,0,0,0,0,3,4,0,2,3,,N,,,,,,,,,,,
2009086063,946.0,0,0,0,0,0,0,1,0,0,1,1,,67,8,2009,5,39.9447,-75.1652,943.0,6,0,0,0,0,1,1,0,0,9.0,0,0,0,99,1,1,1,,1,39 56:40.704,1.0,0,75 09:54.830,8,0,0,0,67301,0,0,0,,0,0,0,3,67301,0,,1,9,,,,,1,,0,0,0,3,2,N,9999,1,2,0,0,0,1,0,3,4,0,2,7,,N,,,,,,,,,,,
2009086069,221.0,0,0,0,0,0,0,0,0,0,5,0,,67,7,2009,3,40.0964,-74.971,220.0,6,0,0,0,0,0,0,0,0,3.0,1,0,0,2,3,0,2,,2,40 05:47.005,3.0,0,74 58:15.579,1,1,0,2,67301,0,0,0,N,0,0,0,2,67301,0,2.0,1,1,,N,N,,0,0.0,0,0,0,3,2,N,218,0,2,0,0,0,0,0,3,4,0,2,3,,N,,,,,,,,,,,
2009078831,1910.0,2,0,0,0,0,0,0,0,0,6,0,,67,6,2009,2,39.915,-75.1574,1903.0,6,0,0,0,0,0,0,0,0,,0,0,0,19,1,7,2,,0,39 54:53.982,,0,75 09:26.731,4,0,0,0,67301,0,0,0,N,0,0,0,8,67301,5,,4,1,,N,N,,0,,0,0,0,3,2,,1903,7,2,0,0,7,2,1,3,4,0,2,3,,N,,,,,,,,,,,
2009078857,1308.0,1,0,0,0,0,0,0,0,0,5,0,,67,7,2009,3,39.9552,-75.1985,1307.0,6,0,0,0,0,0,0,1,0,,0,0,0,13,1,1,0,,0,39 57:18.619,,0,75 11:54.523,8,0,0,0,67301,0,0,0,N,0,0,0,2,67504,0,,1,1,,N,N,,0,,0,0,1,0,0,,1300,1,2,0,0,0,1,0,3,4,0,2,3,,N,,,,,,,,,,,
2009079092,1158.0,0,0,0,0,0,0,0,0,0,8,0,,67,7,2009,5,40.0512,-75.0661,1152.0,6,0,0,0,0,0,0,0,0,1.0,0,0,0,11,1,1,1,,1,40 03:04.296,5.0,0,75 03:58.096,3,0,0,0,67301,1,0,0,N,1,0,0,2,67301,0,,1,1,,N,N,,1,,1,0,0,2,9,Y,1152,1,2,0,0,0,0,0,3,4,0,1,3,,N,,,,,,,,,,,
2009079248,1205.0,1,0,0,0,0,0,0,0,0,7,0,,67,7,2009,5,39.9489,-75.1605,1200.0,6,0,0,0,0,0,0,0,0,1.0,0,0,0,12,1,1,2,,1,39 56:55.948,2.0,0,75 09:37.678,3,0,0,0,67301,0,0,0,,0,0,0,2,67301,0,,5,1,,,,,0,,1,0,0,3,2,Y,1200,1,1,0,0,1,0,0,3,4,0,1,3,,N,,,,,,,,,,,
2009079017,1128.0,0,0,0,0,0,0,0,0,0,1,0,,67,7,2009,3,40.0195,-75.0557,1124.0,6,0,0,0,0,0,0,0,0,,0,0,0,11,1,2,1,,0,40 01:10.215,,0,75 03:20.471,4,0,0,0,67301,0,0,0,N,0,0,0,5,67301,1,,1,1,,N,N,,1,,0,0,0,3,2,,1120,2,2,0,0,0,1,0,3,4,1,2,3,,N,,,,,,,,,,,
2009071441,1625.0,2,0,0,0,0,0,0,0,0,1,0,,67,6,2009,5,40.0459,-75.1822,1620.0,6,0,0,0,0,0,1,0,0,,0,0,0,15,1,1,1,,0,40 02:45.148,,0,75 10:55.939,8,0,0,0,67301,0,0,0,,0,0,0,4,67301,0,,1,9,,N,N,,0,,0,0,0,3,2,,1540,1,2,0,0,0,1,1,3,4,0,2,7,,N,,,,,,,,,,,
2009071454,415.0,2,0,0,0,0,0,0,0,0,4,0,,67,6,2009,6,39.9969,-75.1291,411.0,6,0,0,0,0,0,0,0,0,3.0,0,0,0,4,3,3,1,,2,39 59:48.811,3.0,0,75 07:44.691,3,0,0,0,67301,0,0,0,N,0,0,0,3,67301,0,,1,9,,N,N,,0,,2,0,0,3,3,Y,411,3,2,0,0,0,1,0,3,4,0,2,7,,N,,,,,,,,,,,
2009079262,2146.0,3,0,0,0,0,0,0,0,0,1,0,,67,7,2009,1,40.0225,-75.1618,2140.0,6,0,0,0,0,0,0,0,0,,0,0,0,21,3,1,0,,0,40 01:20.912,,0,75 09:42.409,4,0,0,0,67301,0,0,0,N,0,0,0,6,67301,1,,1,1,,N,N,,0,,0,0,0,0,0,,2139,1,3,0,0,0,0,0,3,4,0,3,3,,N,,,,,,,,,,,
2009074540,9999.0,1,0,0,1,0,0,0,0,0,4,0,99.0,67,6,2009,2,39.9159,-75.2333,9999.0,6,0,0,0,0,0,0,0,0,9.0,0,0,0,99,1,1,1,,2,39 54:57.135,3.0,0,75 13:59.847,4,0,0,0,67301,1,0,0,N,0,0,0,2,67301,1,,4,1,,N,N,,0,,0,0,0,3,3,Y,9999,1,2,0,0,0,0,0,3,4,0,1,3,,Y,8.0,8.0,U,,,U,,,,,
2009056664,9.0,0,0,0,0,0,0,0,0,0,7,0,,67,5,2009,3,39.9813,-75.2067,6.0,6,0,0,0,0,0,0,0,0,1.0,0,0,0,0,2,0,0,,2,39 58:56.367,4.0,0,75 12:27.351,9,0,0,0,67301,0,0,0,N,0,0,0,1,68K01,0,,2,1,,N,N,,0,,0,0,0,0,0,N,1,0,1,0,0,0,0,1,3,4,1,1,3,,N,,,,,,,,,,,
2009059115,128.0,1,0,0,0,0,0,0,0,0,7,0,,67,5,2009,1,39.9582,-75.1656,126.0,6,0,0,0,0,0,0,0,0,,0,0,0,1,3,0,0,,0,39 57:29.520,,0,75 09:56.160,0,0,0,0,67301,0,0,0,N,0,0,0,2,68K01,0,,3,1,,N,N,,0,,0,0,0,0,0,,116,0,2,0,0,0,0,0,3,4,0,2,3,,N,,,,,,,,,,,
2009088066,1021.0,3,0,0,0,0,0,0,0,0,1,0,,67,8,2009,4,39.9761,-75.1955,1021.0,6,0,0,0,0,0,1,0,0,,0,0,0,10,1,0,0,,0,39 58:35.651,,0,75 11:48.202,0,0,0,0,67301,0,0,0,N,0,0,0,4,68K01,0,,1,1,,N,N,,0,,0,0,0,0,0,,1018,0,3,0,0,0,0,0,3,4,0,3,3,,N,,,,,,,,,,,
2009083372,1905.0,1,0,0,0,0,0,0,0,0,4,0,,67,7,2009,6,40.0074,-75.1252,1905.0,6,0,0,0,0,0,0,0,0,,0,0,0,19,1,1,2,,0,40 00:26.789,,0,75 07:30.615,3,0,0,1,67301,0,0,0,N,0,0,0,2,67301,0,,1,1,,N,N,,0,,1,0,0,3,2,,1900,1,2,0,0,0,0,0,3,4,0,2,3,,N,,,,,,,,,,,
2009085987,1945.0,1,0,0,1,0,0,0,0,0,4,0,,67,8,2009,1,39.9477,-75.1986,1942.0,6,0,0,0,0,0,0,0,0,,0,0,0,19,1,1,2,,0,39 56:51.715,,0,75 11:55.544,4,0,0,0,67301,1,0,0,N,0,0,0,2,67301,1,,1,1,,N,N,,0,,0,0,0,3,2,,1934,1,2,0,0,0,0,0,3,4,0,1,3,,N,,,,,,,,,,,
2009083270,2159.0,1,0,0,0,0,0,0,0,0,7,0,,67,8,2009,5,39.9813,-75.2069,2154.0,6,0,0,0,0,0,0,0,0,,0,0,0,21,3,1,0,,0,39 58:55.920,,0,75 12:27.720,4,0,0,0,67301,0,0,0,N,0,0,0,1,68K01,1,,2,1,,N,N,,0,,0,0,0,0,0,,2151,1,1,0,0,0,0,0,3,4,0,1,3,,N,,,,,,,,,,,