CRN,ARRIVAL_TM,AUTOMOBILE_COUNT,BELTED_DEATH_COUNT,BELTED_SUSP_SERIOUS_INJ_COUNT,BICYCLE_COUNT,BICYCLE_DEATH_COUNT,BICYCLE_SUSP_SERIOUS_INJ_COUNT,BUS_COUNT,CHLDPAS_DEATH_COUNT,CHLDPAS_SUSP_SERIOUS_INJ_COUNT,COLLISION_TYPE,COMM_VEH_COUNT,CONS_ZONE_SPD_LIM,COUNTY,CRASH_MONTH,CRASH_YEAR,DAY_OF_WEEK,DEC_LAT,DEC_LONG,DISPATCH_TM,DISTRICT,DRIVER_COUNT_16YR,DRIVER_COUNT_17YR,DRIVER_COUNT_18YR,DRIVER_COUNT_19YR,DRIVER_COUNT_20YR,DRIVER_COUNT_50_64YR,DRIVER_COUNT_65_74YR,DRIVER_COUNT_75PLUS,EST_HRS_CLOSED,FATAL_COUNT,HEAVY_TRUCK_COUNT,HORSE_BUGGY_COUNT,HOUR_OF_DAY,ILLUMINATION,INJURY_COUNT,INTERSECT_TYPE,INTERSECTION_RELATED,LANE_CLOSED,LATITUDE,LN_CLOSE_DIR,LOCATION_TYPE,LONGITUDE,MAX_SEVERITY_LEVEL,MCYCLE_DEATH_COUNT,MCYCLE_SUSP_SERIOUS_INJ_COUNT,MOTORCYCLE_COUNT,MUNICIPALITY,NONMOTR_COUNT,NONMOTR_DEATH_COUNT,NONMOTR_SUSP_SERIOUS_INJ_COUNT,NTFY_HIWY_MAINT,PED_COUNT,PED_DEATH_COUNT,PED_SUSP_SERIOUS_INJ_COUNT,PERSON_COUNT,POLICE_AGCY,POSSIBLE_INJ_COUNT,RDWY_SURF_TYPE_CD,RELATION_TO_ROAD,ROAD_CONDITION,ROADWAY_CLEARED,SCH_BUS_IND,SCH_ZONE_IND,SECONDARY_CRASH,SMALL_TRUCK_COUNT,SPEC_JURIS_CD,SUSP_MINOR_INJ_COUNT,SUSP_SERIOUS_INJ_COUNT,SUV_COUNT,TCD_FUNC_CD,TCD_TYPE,TFC_DETOUR_IND,TIME_OF_DAY,TOT_INJ_COUNT,TOTAL_UNITS,UNB_DEATH_COUNT,UNB_SUSP_SERIOUS_INJ_COUNT,UNBELTED_OCC_COUNT,UNK_INJ_DEG_COUNT,UNK_INJ_PER_COUNT,URBAN_AREA,URBAN_RURAL,VAN_COUNT,VEHICLE_COUNT,WEATHER1,WEATHER2,WORK_ZONE_IND,WORK_ZONE_LOC,WORK_ZONE_TYPE,WORKERS_PRES,WZ_CLOSE_DETOUR,WZ_FLAGGER,WZ_LAW_OFFCR_IND,WZ_LN_CLOSURE,WZ_MOVING,WZ_OTHER,WZ_SHLDER_MDN,WZ_WORKERS_INJ_KILLED
2009078301,1633.0,1,0,0,0,0,0,0,0,0,1,1,,67,7,2009,4,39.9599,-75.1404,1633.0,6,0,0,0,0,0,0,0,0,,0,1,0,16,1,0,0,,0,39 57:36.214,,0,75 08:25.249,9,0,0,0,67301,0,0,0,N,0,0,0,2,68K01,0,,1,1,,N,N,,0,,0,0,0,0,0,,1623,0,2,0,0,0,0,1,3,4,0,2,3,,N,,,,,,,,,,,
2009078795,1740.0,1,0,0,0,0,0,0,0,0,8,0,,67,7,2009,3,40.0971,-75.0182,1735.0,6,0,0,0,1,0,0,0,0,,0,0,0,17,1,1,1,,0,40 05:49.711,,0,75 01:05.375,4,0,0,0,67301,1,0,0,N,1,0,0,2,67301,1,,5,9,,N,N,,0,,0,0,0,0,0,,1730,1,2,0,0,0,0,0,3,4,0,1,7,,N,,,,,,,,,,,
2009081543,1655.0,3,0,0,0,0,0,0,0,0,1,0,,67,7,2009,3,40.0432,-75.0231,1655.0,6,0,0,0,0,0,0,0,0,,0,0,0,16,1,1,0,,0,40 02:35.635,,0,75 01:23.103,4,0,0,0,67301,0,0,0,N,0,0,0,3,67301,1,,1,1,,N,N,,0,,0,0,0,0,0,,1655,1,3,0,0,0,0,0,3,4,0,3,3,,N,,,,,,,,,,,
2009078940,1735.0,2,0,0,0,0,0,0,0,0,4,0,,67,7,2009,2,39.946,-75.2165,1726.0,6,0,0,0,0,0,1,0,0,,0,0,0,99,1,0,1,,0,39 56:45.772,,0,75 12:59.363,0,0,0,0,67301,0,0,0,N,0,0,0,2,67301,0,,1,1,,N,N,,0,,0,0,0,3,3,,9999,0,2,0,0,0,0,0,3,4,0,2,3,,N,,,,,,,,,,,
2009079109,1101.0,2,0,0,0,0,0,0,0,0,1,0,,67,7,2009,2,40.0775,-75.2081,1101.0,6,0,0,0,0,0,1,0,0,,0,0,0,11,1,1,0,,0,40 04:37.661,,0,75 12:29.251,8,0,0,0,67301,0,0,0,N,0,0,0,1,67301,0,,2,1,,N,N,,0,,0,0,0,0,0,,1100,1,2,0,0,0,1,0,3,4,0,2,3,,N,,,,,,,,,,,
2009079115,2220.0,1,0,0,0,0,0,0,0,0,1,0,,67,7,2009,7,40.0701,-75.2409,2217.0,6,0,0,1,0,1,0,0,0,,0,0,0,22,3,1,0,,0,40 04:13.145,,7,75 14:27.496,8,0,0,0,67301,0,0,0,N,0,0,0,2,67301,0,,1,9,,N,N,,0,,0,0,1,0,0,,2210,1,2,0,0,0,1,0,3,4,0,2,7,,N,,,,,,,,,,,
2009079012,1212.0,2,0,0,0,0,0,0,0,0,4,0,,67,7,2009,7,40.064,-75.0596,1210.0,6,0,0,0,0,0,0,0,0,,0,0,0,12,1,1,1,,0,40 03:50.306,,0,75 03:34.568,4,0,0,0,67301,0,0,0,N,0,0,0,2,67301,1,,1,1,,N,N,,0,,0,0,0,3,3,,1210,1,2,0,0,0,0,0,3,4,0,2,3,,N,,,,,,,,,,,
2009079134,1333.0,1,0,0,0,0,0,0,0,0,4,1,,67,6,2009,5,40.0958,-74.9912,332.0,6,0,0,0,0,0,0,0,0,,0,1,0,13,1,1,2,,0,40 05:44.901,,0,74 59:28.492,4,0,0,0,67301,0,0,0,,0,0,0,2,67301,1,,1,1,,,,,0,,0,0,0,3,2,,1330,1,2,0,0,0,0,0,3,4,0,2,3,,N,,,,,,,,,,,
2009079177,1020.0,1,0,0,0,0,0,0,0,0,5,0,,67,7,2009,4,39.9344,-75.1826,1015.0,6,0,0,0,0,0,0,0,0,,0,0,0,10,1,0,1,,0,39 56:03.818,,0,75 10:57.514,0,0,0,0,67301,0,0,0,N,0,0,0,2,67301,0,,9,1,,N,N,,0,,0,0,0,3,3,,1015,0,2,0,0,0,0,0,3,4,1,2,3,,N,,,,,,,,,,,
2009079191,2302.0,1,0,0,0,0,0,0,0,0,7,0,,67,6,2009,7,39.9334,-75.2392,2300.0,6,0,0,0,0,0,0,0,0,,0,0,0,22,2,0,0,,0,39 56:00.380,,0,75 14:21.015,0,0,0,0,67301,0,0,0,N,0,0,0,1,67301,0,,5,9,,N,N,,0,,0,0,0,0,0,,2230,0,1,0,0,1,0,0,3,4,0,1,7,,N,,,,,,,,,,,
2009071453,1024.0,1,0,0,0,0,0,0,0,0,4,0,,67,6,2009,2,40.0009,-75.1474,954.0,6,0,0,0,0,0,1,0,0,,0,0,0,9,1,2,1,,0,40 00:03.269,,0,75 08:51.212,3,0,0,0,67301,0,0,0,,0,0,0,3,67301,0,,1,1,,,,,1,,2,0,0,0,0,,930,2,2,0,0,0,0,0,3,4,0,2,3,,N,,,,,,,,,,,
2009074487,1941.0,1,0,0,0,0,0,0,0,0,8,0,,67,6,2009,6,40.0413,-75.0795,1939.0,6,0,0,0,0,0,0,0,0,,0,0,0,19,1,1,0,,0,40 02:28.658,,0,75 04:46.239,8,0,0,0,67301,1,0,0,N,1,0,0,2,67301,0,,1,1,,N,N,,0,,0,0,0,0,0,,1937,1,2,0,0,0,1,0,3,4,0,1,3,,N,,,,,,,,,,,
2009071601,1905.0,2,0,0,0,0,0,0,0,0,5,0,,67,7,2009,1,39.8861,-75.2429,1851.0,6,0,0,0,1,0,0,0,0,,0,0,0,18,1,0,0,,0,39 53:07.113,,0,75 14:36.234,0,0,0,0,67301,0,0,0,N,0,0,0,2,68K01,0,,1,1,,N,N,,0,,0,0,0,0,0,,1848,0,2,0,0,0,0,0,3,4,0,2,3,,N,,,,,,,,,,,
2009074319,307.0,1,0,0,0,0,0,0,0,0,5,0,,67,6,2009,7,40.0107,-75.1508,300.0,6,0,0,0,0,0,0,0,0,,0,0,0,3,3,1,1,,0,40 00:38.544,,0,75 09:02.934,8,0,0,0,67301,1,0,0,N,1,0,0,2,67301,0,,1,1,,N,N,,0,,0,0,0,3,2,,300,1,2,0,0,0,1,0,3,4,0,1,3,,N,,,,,,,,,,,
2009074589,1853.0,1,0,0,0,0,0,0,0,0,4,0,,67,6,2009,1,39.9072,-75.2497,1857.0,6,0,0,1,0,0,0,0,0,,0,0,0,18,1,1,0,,0,39 54:25.761,,0,75 14:58.797,4,0,0,0,67301,0,0,0,N,0,0,0,3,67301,1,,1,1,,N,N,,0,,0,0,0,0,0,,1818,1,2,0,0,0,0,0,3,4,0,2,3,,N,,,,,,,,,,,
2009074609,1630.0,2,0,0,0,0,0,0,0,0,1,0,,67,6,2009,2,39.9571,-75.1511,1625.0,6,0,0,0,0,0,0,0,0,,0,0,0,15,1,2,5,,0,39 57:25.688,,2,75 09:03.847,8,0,0,0,67301,0,0,0,N,0,0,0,4,67301,0,,1,1,,N,N,,0,,0,0,0,3,2,,1550,2,2,0,0,0,2,0,3,4,0,2,3,,N,,,,,,,,,,,
2009074440,346.0,0,0,0,0,0,0,0,0,0,7,0,,67,6,2009,3,40.0052,-75.0777,340.0,6,0,0,0,0,0,0,0,0,1.0,0,0,0,3,2,1,0,,2,40 00:18.714,3.0,0,75 04:39.769,4,0,0,0,67301,0,0,0,N,0,0,0,1,67301,1,,5,1,,N,N,,1,,0,0,0,0,0,Y,338,1,1,0,0,0,0,0,3,4,0,1,3,,N,,,,,,,,,,,
2009074628,1850.0,2,0,0,0,0,0,0,0,0,4,0,,67,6,2009,7,40.0145,-75.1311,1850.0,6,0,0,0,0,0,0,0,0,,0,0,0,18,1,0,1,,0,40 00:52.185,,0,75 07:52.121,0,0,0,0,67301,0,0,0,,0,0,0,6,67301,0,,1,9,,N,N,,0,,0,0,0,3,2,,1850,0,2,0,0,0,0,0,3,4,0,2,7,,N,,,,,,,,,,,
2009067897,1631.0,3,0,0,0,0,0,0,0,0,1,0,,67,6,2009,3,39.9598,-75.1773,1616.0,6,0,0,0,0,0,0,0,1,1.0,0,0,0,16,1,0,0,,1,39 57:35.967,4.0,0,75 10:43.364,0,0,0,0,67301,0,0,0,N,0,0,0,3,68K01,0,,1,1,,N,N,,0,,0,0,0,0,0,N,1614,0,3,0,0,0,0,0,3,4,0,3,3,,N,,,,,,,,,,,
2009087575,1657.0,1,0,0,0,0,0,0,0,0,1,0,,67,8,2009,2,40.0119,-75.2049,1654.0,6,0,0,0,0,0,0,1,0,,0,0,0,16,1,1,6,,0,40 00:39.639,,2,75 12:22.116,4,0,0,0,67301,0,0,0,N,0,0,0,2,68K01,1,,1,1,,N,N,,0,,0,0,1,3,3,,1648,1,2,0,0,0,0,0,3,4,0,2,3,,N,,,,,,,,,,,
2009069682,1312.0,1,0,0,0,0,0,0,0,0,7,0,,67,6,2009,6,40.0189,-75.1472,1312.0,6,0,0,0,0,0,0,0,0,,0,0,0,13,1,1,1,,0,40 01:08.421,,0,75 08:50.014,8,0,0,0,67301,0,0,0,N,0,0,0,2,67301,0,,5,1,,N,N,,0,,0,0,0,3,2,,1307,1,2,0,0,1,1,0,3,4,0,1,3,,N,,,,,,,,,,,
2009067235,1223.0,0,0,0,0,0,0,0,0,0,8,0,,67,6,2009,7,40.0506,-75.1421,1223.0,6,0,0,0,0,0,1,0,0,,0,0,0,12,1,1,1,,0,40 03:02.097,,0,75 08:31.585,8,0,0,0,67301,1,0,0,N,1,0,0,2,67301,0,,1,1,,N,N,,1,,0,0,0,3,2,,1220,1,2,0,0,0,1,0,3,4,0,1,3,,N,,,,,,,,,,,
2009064442,0.0,1,0,0,0,0,0,0,0,0,5,0,,67,2,2009,4,39.9961,-75.1972,0.0,6,0,0,0,0,0,0,0,0,,0,0,0,5,5,1,0,,0,39 59:49.251,,0,75 11:47.755,8,0,0,0,67301,0,0,0,N,0,0,0,2,00000,0,,1,7,,N,N,,0,,0,0,1,0,0,,500,1,2,0,0,0,1,1,3,4,0,2,10,,N,,,,,,,,,,,
2009069451,1715.0,0,0,0,0,0,0,0,0,0,8,0,,67,5,2009,5,39.9183,-75.2089,1705.0,6,0,0,0,0,1,0,0,0,,0,0,0,17,1,1,0,,0,39 55:05.880,,7,75 12:32.040,3,0,0,0,67301,1,0,0,N,1,0,0,2,67301,0,,5,1,,N,N,,1,,1,0,0,3,2,,1705,1,2,0,0,0,0,1,3,4,0,1,3,,N,,,,,,,,,,,
2009067270,1818.0,1,0,0,0,0,0,0,0,0,7,0,,67,6,2009,7,40.0605,-75.1867,1816.0,6,0,0,0,0,0,1,0,0,,0,0,0,18,1,0,0,,0,40 03:37.803,,0,75 11:12.249,0,0,0,0,67301,0,0,0,N,0,0,0,1,67301,0,,5,9,,N,N,,0,,0,0,0,0,0,,1810,0,1,0,0,0,0,0,3,4,0,1,7,,N,,,,,,,,,,,
2009067432,1115.0,1,0,0,0,0,0,0,0,0,4,0,,67,6,2009,4,40.0483,-75.0968,1110.0,6,0,0,0,0,0,1,1,0,1.0,0,0,0,11,1,1,1,,1,40 02:54.016,2.0,0,75 05:48.533,3,0,0,0,67301,0,0,0,N,0,0,0,3,67301,0,,1,1,,N,N,,0,,1,0,1,2,2,Y,1108,1,2,0,0,0,0,0,3,4,0,2,3,,N,,,,,,,,,,,
2009064680,1416.0,2,0,0,0,0,0,0,0,0,6,0,,67,5,2009,6,39.9578,-75.1472,1411.0,6,0,0,0,0,1,0,0,0,,0,0,0,14,1,1,1,,0,39 57:28.162,,0,75 08:50.070,3,0,0,0,67301,1,0,0,N,1,0,0,3,67301,0,,1,1,,N,N,,0,,1,0,0,3,2,,1410,1,3,0,0,0,0,0,3,4,0,2,3,,N,,,,,,,,,,,
2009067459,2358.0,0,0,0,0,0,0,0,0,0,0,0,,67,6,2009,7,39.9988,-75.159,2357.0,6,0,0,0,0,0,0,0,0,,0,0,0,23,3,1,2,,0,39 59:55.820,,0,75 09:32.507,4,0,0,1,67301,0,0,0,N,0,0,0,2,67301,1,,1,1,,N,N,,0,,0,0,0,0,0,,2356,1,1,0,0,0,0,0,3,4,0,1,3,,N,,,,,,,,,,,
2009067510,1635.0,2,0,0,0,0,0,0,0,0,4,0,,67,6,2009,2,40.0765,-75.1949,1630.0,6,0,0,0,0,0,1,1,0,,0,0,0,16,1,0,1,,0,40 04:35.197,,0,75 11:42.089,0,0,0,0,67301,0,0,0,N,0,0,0,2,67301,0,,1,1,,N,N,,0,,0,0,0,3,2,,1621,0,2,0,0,0,0,0,3,4,0,2,3,,N,,,,,,,,,,,
2009067536,1809.0,3,0,0,0,0,0,0,0,0,4,0,,67,5,2009,6,39.9922,-75.2457,1800.0,6,0,0,0,0,0,0,1,1,,0,0,0,18,1,1,1,,0,39 59:31.747,,0,75 14:44.388,4,0,0,0,67301,0,0,0,N,0,0,0,3,67301,1,,1,9,,N,N,,0,,0,0,0,3,2,,1800,1,3,0,0,0,0,2,3,4,0,3,7,,N,,,,,,,,,,,
2009067547,1400.0,1,0,0,0,0,0,0,0,0,8,0,,67,6,2009,3,40.0169,-75.1497,1358.0,6,0,0,0,0,0,0,1,0,,0,0,0,14,1,1,0,,0,40 01:00.872,,0,75 08:58.823,3,0,0,0,67301,1,0,0,N,1,0,0,2,67301,0,,1,1,,N,N,,0,,1,0,0,3,2,,1400,1,2,0,0,0,0,0,3,4,0,1,3,,N,,,,,,,,,,,
2009064878,1749.0,1,0,0,1,0,0,0,0,0,4,0,,67,5,2009,7,39.9449,-75.224,1747.0,6,0,0,0,0,0,0,0,0,,0,0,0,17,1,1,1,,0,39 56:41.532,,0,75 13:26.572,4,0,0,0,67301,1,0,0,,0,0,0,2,67301,1,,1,1,,,,,0,,0,0,0,3,2,,1745,1,2,0,0,0,0,0,3,4,0,1,3,,N,,,,,,,,,,,
2009067571,1610.0,1,0,0,0,0,0,0,0,0,6,1,,67,6,2009,2,39.9885,-75.1063,1601.0,6,0,0,0,0,0,0,0,0,,0,1,0,15,1,1,1,,0,39 59:18.641,,0,75 06:22.612,4,0,0,0,67301,0,0,0,N,0,0,0,3,67301,1,,1,1,,N,N,,0,,0,0,0,0,0,,1520,1,2,0,0,0,0,0,3,4,0,2,3,,N,,,,,,,,,,,
2009084120,125.0,1,0,0,0,0,0,0,0,0,1,0,,67,6,2009,1,40.0016,-75.0813,123.0,6,0,0,0,0,1,0,0,0,4.0,0,0,0,1,3,2,0,,2,40 00:05.597,5.0,0,75 04:52.594,2,0,0,0,67301,2,0,2,,2,0,2,3,67301,0,,1,1,,N,N,,1,,0,2,0,0,0,Y,120,2,4,0,0,0,0,0,3,4,0,2,3,,N,,,,,,,,,,,
2009120830,1345.0,1,0,0,0,0,0,0,0,0,4,0,,67,10,2009,7,39.9188,-75.186,1342.0,6,0,0,0,0,0,1,0,0,,0,0,0,13,1,1,1,,0,39 55:07.618,,0,75 11:09.725,4,0,0,0,67301,0,0,0,N,0,0,0,3,67301,1,,1,9,,N,N,,1,,0,0,0,3,2,,1342,1,2,0,0,0,0,0,3,4,0,2,7,,N,,,,,,,,,,,
2009093547,2308.0,2,0,0,0,0,0,0,0,0,1,0,,67,8,2009,3,39.8945,-75.2468,2233.0,6,0,0,0,1,0,0,0,0,,0,0,0,20,3,0,1,,0,39 53:40.293,,0,75 14:47.642,0,0,0,0,67301,0,0,0,N,0,0,0,3,67301,0,,1,1,,N,N,,1,,0,0,0,3,2,,2039,0,3,0,0,0,0,0,3,4,0,3,3,,N,,,,,,,,,,,
2009093552,812.0,1,0,0,0,0,0,0,0,0,8,0,,67,8,2009,2,39.9432,-75.1537,810.0,6,0,0,0,0,0,0,0,1,1.0,0,0,0,8,1,1,1,,1,39 56:35.610,1.0,0,75 09:13.269,4,0,0,0,67301,1,0,0,,1,0,0,3,67301,1,,1,1,,N,N,,0,,0,0,0,3,2,N,808,1,2,0,0,0,0,0,3,4,0,1,3,,N,,,,,,,,,,,
2009061384,1523.0,1,0,0,0,0,0,0,0,0,1,0,,67,6,2009,1,39.9669,-75.1878,1518.0,6,0,0,0,0,0,1,0,0,1.0,0,0,0,15,1,2,0,,2,39 58:04.941,4.0,0,75 11:24.925,4,0,0,0,67301,0,0,0,N,0,0,0,4,68K01,2,,1,1,,N,N,,1,,0,0,1,0,0,N,1514,2,3,0,0,0,0,0,3,4,0,3,3,,N,,,,,,,,,,,
2009063963,1418.0,2,0,0,0,0,0,0,0,0,1,0,,67,5,2009,3,39.972,-75.194,1418.0,6,0,0,0,0,0,1,0,0,,0,0,0,13,1,0,0,,0,39 58:19.151,,0,75 11:38.263,9,0,0,0,67301,0,0,0,N,0,0,0,4,67301,0,,1,1,,N,N,,0,,0,0,0,0,0,,1345,0,2,0,0,0,0,3,3,4,0,2,3,,N,,,,,,,,,,,
2009056358,830.0,0,0,0,1,0,0,0,0,0,1,0,,67,5,2009,1,39.979,-75.2138,825.0,6,0,0,0,0,0,0,0,0,,0,0,0,8,1,1,0,,0,39 58:44.350,,0,75 12:49.639,4,0,0,0,67301,1,0,0,,0,0,0,2,67301,1,,1,9,,,,,1,,0,0,0,0,0,,820,1,2,0,0,0,0,1,3,4,0,1,7,,N,,,,,,,,,,,
2009056521,1122.0,2,0,0,0,0,0,0,0,0,1,0,,67,4,2009,3,40.0559,-75.1403,1120.0,6,0,0,0,0,0,0,0,0,1.0,0,0,0,11,1,2,0,,1,40 03:21.428,1.0,0,75 08:25.168,3,0,0,0,67301,0,0,0,N,0,0,0,2,67301,1,,1,1,,N,N,,0,,1,0,0,3,2,N,1115,2,2,0,0,1,0,0,3,4,0,2,3,,N,,,,,,,,,,,
2009059114,52.0,1,0,0,0,0,0,0,0,0,1,0,,67,5,2009,1,39.8858,-75.2078,48.0,6,0,0,0,0,0,0,0,0,1.0,0,0,0,0,3,4,0,,1,39 53:38.360,1.0,3,75 11:43.206,4,0,0,0,67301,0,0,0,N,0,0,0,5,68K01,2,,1,1,,N,N,,0,,0,0,1,0,0,N,46,4,2,0,0,0,2,0,3,4,0,2,3,,N,,,,,,,,,,,
2009083369,132.0,1,0,0,0,0,0,0,0,0,4,0,,67,6,2009,1,39.9712,-75.228,130.0,6,0,0,0,0,0,1,0,0,1.0,0,0,0,1,3,2,2,,2,39 58:16.294,6.0,0,75 13:40.817,8,0,0,0,67301,0,0,0,N,0,0,0,3,67301,0,,1,1,,N,N,,0,,0,0,1,0,0,Y,130,2,2,0,0,0,2,0,3,4,0,2,3,,N,,,,,,,,,,,
2009065830,215.0,1,0,0,0,0,0,0,0,0,7,0,,67,5,2009,1,40.0892,-75.021,206.0,6,0,0,0,0,0,0,0,0,1.0,0,0,0,2,3,1,1,,1,40 05:21.079,2.0,0,75 01:15.622,4,0,0,0,67301,0,0,0,N,0,0,0,1,67301,1,,5,9,,N,N,,0,,0,0,0,3,2,N,203,1,1,0,0,0,0,0,3,4,0,1,7,,N,,,,,,,,,,,
2009086034,1120.0,0,0,0,0,0,0,0,0,0,7,0,,67,8,2009,2,40.0633,-75.0657,1115.0,6,0,0,0,0,0,0,0,0,,0,0,0,11,1,1,0,,0,40 03:47.874,,0,75 03:56.571,4,0,0,0,67301,0,0,0,,0,0,0,1,67301,1,,5,1,,,,,1,,0,0,0,3,2,,1114,1,1,0,0,0,0,0,3,4,0,1,3,,N,,,,,,,,,,,
2009086048,2122.0,1,0,0,0,0,0,0,0,0,8,0,,67,8,2009,2,40.0252,-75.1226,2015.0,6,0,0,0,0,0,0,0,0,,0,0,0,20,3,1,2,,0,40 01:30.773,,0,75 07:21.526,8,0,0,0,67301,1,0,0,N,1,0,0,2,67301,0,,1,1,,N,N,,0,,0,0,0,0,0,,2003,1,2,0,0,0,1,0,3,4,0,1,3,,N,,,,,,,,,,,
2009065767,1755.0,1,0,0,0,0,0,0,0,0,1,0,,67,5,2009,1,39.9835,-75.0976,1750.0,6,0,0,0,0,0,0,0,0,2.0,0,0,0,17,1,2,0,,2,39 59:00.960,5.0,0,75 05:50.640,3,0,0,1,67301,0,0,0,Y,0,0,0,6,68K01,0,,1,1,,N,N,,0,,2,0,0,0,0,N,1748,2,2,0,0,1,0,0,3,4,0,2,3,,N,,,,,,,,,,,
2009086496,1343.0,2,0,0,0,0,0,0,0,0,1,0,,67,8,2009,4,40.0309,-75.1581,1331.0,6,0,0,0,0,0,0,0,0,,0,0,0,13,1,1,0,,0,40 01:51.098,,7,75 09:29.004,8,0,0,0,67301,0,0,0,N,0,0,0,3,67301,0,,1,1,,N,N,,0,,0,0,0,0,0,,1323,1,2,0,0,0,1,2,3,4,0,2,3,,N,,,,,,,,,,,
2009084259,820.0,2,0,0,0,0,0,0,0,0,4,0,,67,7,2009,5,40.0036,-75.1812,815.0,6,0,0,0,0,0,1,0,0,2.0,0,0,0,8,1,2,5,,1,40 00:13.290,4.0,0,75 10:51.870,4,0,0,0,67301,0,0,0,N,0,0,0,2,37301,1,,1,1,,N,N,,0,,0,0,0,3,2,N,810,2,2,0,0,1,1,0,3,4,0,2,3,,N,,,,,,,,,,,
2009083857,1820.0,0,0,0,0,0,0,0,0,0,8,0,,67,7,2009,2,39.9465,-75.241,1815.0,6,0,0,0,0,0,1,0,0,,0,0,0,18,1,1,0,,0,39 56:47.490,,0,75 14:27.592,4,0,0,0,67301,1,0,0,,1,0,0,2,67301,1,,1,1,,N,N,,0,,0,0,0,0,0,,1800,1,2,0,0,0,0,0,3,4,1,1,3,,N,,,,,,,,,,,
2009079253,1845.0,0,0,0,0,0,0,0,0,0,2,0,,67,7,2009,5,40.0359,-75.0881,1835.0,6,0,1,0,0,0,0,0,0,2.0,0,0,0,18,1,1,1,,2,40 02:09.304,3.0,0,75 05:17.282,4,0,0,0,67301,0,0,0,N,0,0,0,2,67301,1,,1,9,,N,N,,0,,0,0,2,2,3,N,1831,1,2,0,0,0,0,0,3,4,0,2,3,,N,,,,,,,,,,,
2009079102,1627.0,2,0,0,0,0,0,0,0,0,4,0,,67,6,2009,7,39.9292,-75.2292,1625.0,6,0,0,0,0,0,0,1,0,,0,0,0,16,1,6,1,,0,39 55:45.184,,0,75 13:45.242,4,0,0,0,67301,0,0,0,,0,0,0,6,67301,4,,1,1,,,,,0,,0,0,1,3,2,,1600,6,3,0,0,0,2,0,3,4,0,3,3,,N,,,,,,,,,,,
2009079028,1641.0,2,0,0,0,0,0,0,0,0,4,0,,67,7,2009,6,40.03,-75.1032,1640.0,6,0,0,0,0,0,0,0,0,2.0,0,0,0,16,1,1,5,,2,40 01:48.146,2.0,0,75 06:11.546,8,0,0,0,67301,0,0,0,,0,0,0,2,67301,0,,1,1,,,,,0,,0,0,0,3,2,Y,1630,1,2,0,0,0,1,1,3,4,0,2,3,,N,,,,,,,,,,,
2009076923,1222.0,1,0,0,0,0,0,0,0,0,1,0,,67,7,2009,1,39.9063,-75.136,1219.0,6,0,0,0,0,0,0,0,1,1.0,0,0,0,12,1,0,0,,2,39 54:22.846,4.0,3,75 08:09.444,0,0,0,0,67301,0,0,0,N,0,0,0,2,67501,0,,1,1,,N,N,,0,,0,0,1,3,8,N,1218,0,2,0,0,0,0,0,3,4,0,2,3,,N,,,,,,,,,,,
2009074313,442.0,1,0,0,0,0,0,0,0,0,4,0,,67,6,2009,7,39.969,-75.217,439.0,6,0,0,0,0,0,0,0,0,,0,0,0,4,3,1,1,,0,39 58:08.310,,0,75 13:01.329,3,0,0,1,67301,0,0,0,N,0,0,0,2,67301,0,,1,1,,N,N,,0,,1,0,0,3,1,,437,1,2,0,0,0,0,0,3,4,0,2,3,,N,,,,,,,,,,,
2009074569,628.0,1,0,0,0,0,0,0,0,0,8,0,,67,6,2009,2,39.9646,-75.2301,625.0,6,0,0,0,0,1,0,0,0,,0,0,0,6,1,1,2,,0,39 57:52.475,,0,75 13:48.355,3,0,0,0,67301,1,0,0,,1,0,0,2,67301,0,,1,8,,N,Y,,0,,1,0,0,0,0,,625,1,2,0,0,0,0,0,3,4,0,1,7,,N,,,,,,,,,,,
2009071630,800.0,1,0,0,0,0,0,0,0,0,4,0,,67,6,2009,4,40.0033,-75.1659,753.0,6,0,0,0,0,0,1,0,0,,0,0,0,99,1,3,1,,0,40 00:11.769,,0,75 09:57.120,8,0,0,0,67301,0,0,0,N,0,0,0,3,67301,0,,1,1,,N,N,,0,,0,0,1,3,2,,9999,3,2,0,0,0,3,0,3,4,0,2,3,,N,,,,,,,,,,,
2009074418,1732.0,0,0,0,0,0,0,1,0,0,8,1,,67,6,2009,7,39.9666,-75.2056,1730.0,6,0,0,0,0,0,0,0,0,,0,0,0,17,1,1,0,,0,39 57:59.673,,0,75 12:20.246,8,0,0,0,67301,1,0,0,N,1,0,0,2,67301,0,,1,1,,N,N,,0,,0,0,0,0,0,,1725,1,2,0,0,0,1,0,3,4,0,1,3,,N,,,,,,,,,,,
2009071886,9999.0,3,0,0,0,0,0,0,0,0,2,0,,67,6,2009,2,40.0159,-75.0715,9999.0,6,0,0,0,0,0,0,0,0,,0,0,0,99,1,1,2,,0,40 00:57.320,,0,75 04:17.220,8,0,0,0,67301,0,0,0,,0,0,0,3,67301,0,,1,1,,,,,0,,0,0,0,3,2,,9999,1,3,0,0,0,1,0,3,4,0,3,3,,N,,,,,,,,,,,