CRN,ARRIVAL_TM,AUTOMOBILE_COUNT,BELTED_DEATH_COUNT,BELTED_SUSP_SERIOUS_INJ_COUNT,BICYCLE_COUNT,BICYCLE_DEATH_COUNT,BICYCLE_SUSP_SERIOUS_INJ_COUNT,BUS_COUNT,CHLDPAS_DEATH_COUNT,CHLDPAS_SUSP_SERIOUS_INJ_COUNT,COLLISION_TYPE,COMM_VEH_COUNT,CONS_ZONE_SPD_LIM,COUNTY,CRASH_MONTH,CRASH_YEAR,DAY_OF_WEEK,DEC_LAT,DEC_LONG,DISPATCH_TM,DISTRICT,DRIVER_COUNT_16YR,DRIVER_COUNT_17YR,DRIVER_COUNT_18YR,DRIVER_COUNT_19YR,DRIVER_COUNT_20YR,DRIVER_COUNT_50_64YR,DRIVER_COUNT_65_74YR,DRIVER_COUNT_75PLUS,EST_HRS_CLOSED,FATAL_COUNT,HEAVY_TRUCK_COUNT,HORSE_BUGGY_COUNT,HOUR_OF_DAY,ILLUMINATION,INJURY_COUNT,INTERSECT_TYPE,INTERSECTION_RELATED,LANE_CLOSED,LATITUDE,LN_CLOSE_DIR,LOCATION_TYPE,LONGITUDE,MAX_SEVERITY_LEVEL,MCYCLE_DEATH_COUNT,MCYCLE_SUSP_SERIOUS_INJ_COUNT,MOTORCYCLE_COUNT,MUNICIPALITY,NONMOTR_COUNT,NONMOTR_DEATH_COUNT,NONMOTR_SUSP_SERIOUS_INJ_COUNT,NTFY_HIWY_MAINT,PED_COUNT,PED_DEATH_COUNT,PED_SUSP_SERIOUS_INJ_COUNT,PERSON_COUNT,POLICE_AGCY,POSSIBLE_INJ_COUNT,RDWY_SURF_TYPE_CD,RELATION_TO_ROAD,ROAD_CONDITION,ROADWAY_CLEARED,SCH_BUS_IND,SCH_ZONE_IND,SECONDARY_CRASH,SMALL_TRUCK_COUNT,SPEC_JURIS_CD,SUSP_MINOR_INJ_COUNT,SUSP_SERIOUS_INJ_COUNT,SUV_COUNT,TCD_FUNC_CD,TCD_TYPE,TFC_DETOUR_IND,TIME_OF_DAY,TOT_INJ_COUNT,TOTAL_UNITS,UNB_DEATH_COUNT,UNB_SUSP_SERIOUS_INJ_COUNT,UNBELTED_OCC_COUNT,UNK_INJ_DEG_COUNT,UNK_INJ_PER_COUNT,URBAN_AREA,URBAN_RURAL,VAN_COUNT,VEHICLE_COUNT,WEATHER1,WEATHER2,WORK_ZONE_IND,WORK_ZONE_LOC,WORK_ZONE_TYPE,WORKERS_PRES,WZ_CLOSE_DETOUR,WZ_FLAGGER,WZ_LAW_OFFCR_IND,WZ_LN_CLOSURE,WZ_MOVING,WZ_OTHER,WZ_SHLDER_MDN,WZ_WORKERS_INJ_KILLED
2009067643,1820.0,2,0,0,0,0,0,0,0,0,4,0,,67,6,2009,4,40.0209,-75.1486,1819.0,6,0,0,0,0,0,1,0,0,,0,0,0,18,1,3,2,,0,40 01:14.504,,0,75 08:55.493,4,0,0,0,67301,0,0,0,,0,0,0,5,67301,3,,1,1,,N,N,,0,,0,0,0,0,0,,1818,3,2,0,0,0,0,0,3,4,0,2,3,,N,,,,,,,,,,,
2009092949,1224.0,1,0,0,0,0,0,0,0,0,7,0,,67,8,2009,2,39.9844,-75.1164,1217.0,6,0,0,0,0,0,0,0,0,,0,0,0,99,1,1,2,,0,39 59:03.951,,0,75 06:58.978,4,0,0,0,67301,0,0,0,,0,0,0,1,67301,1,,5,1,,,,,0,,0,0,0,0,0,,9999,1,1,0,0,0,0,0,3,4,0,1,3,,N,,,,,,,,,,,
2009093025,2355.0,1,0,0,1,0,0,0,0,0,4,0,,67,8,2009,7,40.0118,-75.1343,2353.0,6,0,0,0,0,0,0,0,0,,0,0,0,21,3,1,3,,0,40 00:42.487,,0,75 08:03.551,4,0,0,0,67301,1,0,0,N,0,0,0,2,67301,1,,1,9,,N,N,,0,,0,0,0,3,3,,2130,1,2,0,0,0,0,0,3,4,0,1,7,,N,,,,,,,,,,,
2009093030,2010.0,2,0,0,0,0,0,0,0,0,4,0,,67,9,2009,5,40.0985,-75.0142,2000.0,6,0,0,0,0,0,1,0,1,,0,0,0,19,3,1,2,,0,40 05:54.722,,0,75 00:51.022,8,0,0,0,67301,0,0,0,N,0,0,0,3,67301,0,,1,1,,N,N,,1,,0,0,0,3,3,,1950,1,3,0,0,0,1,0,3,4,0,3,3,,N,,,,,,,,,,,
2009069686,2148.0,2,0,0,0,0,0,0,0,0,5,0,,67,6,2009,7,39.904,-75.1623,2135.0,6,0,0,0,0,0,0,0,0,,0,0,0,21,3,3,2,,0,39 54:14.223,,0,75 09:44.157,4,0,0,0,67301,0,0,0,N,0,0,0,3,67301,3,,1,1,,N,N,,0,,0,0,0,3,2,,2130,3,2,0,0,0,0,0,3,4,0,2,3,,N,,,,,,,,,,,
2009069920,1504.0,2,0,0,0,0,0,0,0,0,4,0,,67,5,2009,7,40.0445,-75.1931,1502.0,6,0,0,0,0,0,1,0,0,,0,0,0,15,1,2,1,,0,40 02:40.301,,99,75 11:35.235,3,0,0,0,67301,0,0,0,,0,0,0,2,67301,1,,1,1,,N,N,,0,,1,0,0,2,2,,1500,2,2,0,0,0,0,0,3,4,0,2,3,,N,,,,,,,,,,,
2009067252,2104.0,1,0,0,0,0,0,0,0,0,1,0,,67,5,2009,6,40.0396,-75.0742,2103.0,6,0,0,0,0,0,0,0,0,,0,0,0,20,3,1,1,,0,40 02:22.412,,0,75 04:26.947,4,0,0,0,67301,0,0,0,N,0,0,0,3,67301,1,,1,1,,N,N,,0,,0,0,1,3,2,,2056,1,2,0,0,0,0,2,3,4,0,2,3,,N,,,,,,,,,,,
2009067281,235.0,0,0,0,0,0,0,0,0,0,7,0,,67,6,2009,2,40.0145,-75.1782,230.0,6,0,0,0,0,0,0,0,0,,0,0,0,2,3,1,0,,0,40 00:52.002,,0,75 10:41.557,8,0,0,1,67301,0,0,0,N,0,0,0,1,67301,0,,5,1,,N,N,,0,,0,0,0,0,0,,230,1,1,0,0,0,1,0,3,4,0,1,99,,N,,,,,,,,,,,
2009067423,1242.0,1,0,0,0,0,0,0,0,0,8,0,,67,6,2009,3,40.0605,-75.1672,1235.0,6,0,0,0,0,0,0,0,0,,0,0,0,12,1,1,0,,0,40 03:37.917,,0,75 10:01.901,4,0,0,0,67301,1,0,0,N,1,0,0,2,67301,1,,1,1,,N,N,,0,,0,0,0,0,0,,1215,1,2,0,0,0,0,0,3,4,0,1,3,,N,,,,,,,,,,,
2009067478,1115.0,1,0,0,0,0,0,0,0,0,0,0,,67,5,2009,6,40.0197,-75.148,1103.0,6,0,0,0,0,0,0,0,0,1.0,0,0,0,11,1,1,0,,1,40 01:10.839,2.0,0,75 08:52.690,8,0,0,0,67301,0,0,0,N,0,0,0,1,67301,0,,1,1,,N,N,,0,,0,0,0,0,0,N,1103,1,1,0,0,1,1,0,3,4,0,1,3,,N,,,,,,,,,,,
2009067484,9.0,1,0,0,0,0,0,0,0,0,8,0,,67,6,2009,4,40.0255,-75.1224,3.0,6,0,0,0,0,0,0,0,0,3.0,1,0,0,0,3,0,0,,2,40 01:31.880,1.0,0,75 07:19.767,1,0,0,0,67301,1,1,0,N,1,1,0,2,67301,0,2.0,1,1,,N,N,,0,0.0,0,0,0,0,0,Y,1,0,2,0,0,0,0,0,3,4,0,1,3,,N,,,,,,,,,,,
2009111088,1650.0,1,0,0,0,0,0,0,0,0,1,0,,67,10,2009,6,39.8897,-75.2338,1645.0,6,0,0,0,0,0,0,0,0,,0,0,0,16,1,7,3,,0,39 53:23.198,,0,75 14:01.809,8,0,0,0,67301,0,0,0,,0,0,0,8,67301,0,,1,1,,,,,0,,0,0,2,3,4,,1645,7,3,0,0,0,7,0,3,4,0,3,3,,N,,,,,,,,,,,
2009111129,1818.0,1,0,0,0,0,0,0,0,0,9,0,,67,10,2009,5,39.9955,-75.1054,1813.0,6,0,0,0,0,0,1,0,0,,0,0,0,17,1,1,0,,0,39 59:43.789,,0,75 06:19.427,4,0,0,0,67301,1,0,0,N,1,0,0,3,67301,1,,1,1,,N,Y,,0,,0,0,0,0,0,,1745,1,2,0,0,1,0,0,3,4,0,1,3,,N,,,,,,,,,,,
2009120768,1850.0,2,0,0,0,0,0,0,0,0,4,0,,67,6,2009,1,39.9953,-75.1402,1849.0,6,0,0,0,0,0,0,0,1,,0,0,0,18,1,0,1,,0,39 59:43.044,,0,75 08:24.701,0,0,0,0,67301,0,0,0,N,0,0,0,2,67301,0,,1,1,,N,N,,0,,0,0,0,3,3,,1849,0,2,0,0,0,0,0,3,4,0,2,3,,N,,,,,,,,,,,
2009120811,950.0,1,0,0,0,0,0,1,0,0,4,1,,67,10,2009,5,40.0122,-75.1505,945.0,6,0,0,0,0,0,0,0,0,,0,0,0,8,1,1,5,,0,40 00:44.009,,0,75 09:01.745,4,0,0,0,67301,0,0,0,,0,0,0,2,67301,1,,1,1,,Y,,,0,,0,0,0,3,2,,845,1,2,0,0,0,0,0,3,4,0,2,3,,N,,,,,,,,,,,
2009118881,1619.0,3,0,0,0,0,0,0,0,0,1,0,,67,10,2009,4,40.0205,-75.1803,1616.0,6,0,0,0,0,1,0,0,0,,0,0,0,14,1,1,0,,0,40 01:13.918,,0,75 10:48.925,4,0,0,0,67301,0,0,0,N,0,0,0,1,67301,1,,2,1,,N,N,,0,,0,0,0,0,0,,1414,1,3,0,0,0,0,0,3,4,0,3,3,,N,,,,,,,,,,,
2009118908,830.0,2,0,0,0,0,0,0,0,0,1,0,,67,10,2009,3,40.0076,-75.1276,820.0,6,0,0,0,0,0,1,0,0,,0,0,0,8,1,3,0,,0,40 00:27.387,,0,75 07:39.329,4,0,0,0,67301,0,0,0,N,0,0,0,4,67301,3,,1,1,,N,N,,1,,0,0,0,0,0,,800,3,3,0,0,0,0,0,3,4,0,3,3,,N,,,,,,,,,,,
2009111159,1235.0,2,0,0,0,0,0,0,0,0,6,0,,67,9,2009,2,39.9585,-75.1659,1228.0,6,0,0,0,0,0,1,0,0,,0,0,0,12,1,1,1,,0,39 57:30.637,,0,75 09:56.095,4,0,0,0,67301,0,0,0,,0,0,0,2,67301,1,,1,1,,N,N,,0,,0,0,0,3,2,,1225,1,2,0,0,0,0,0,3,4,0,2,3,,N,,,,,,,,,,,
2009120826,105.0,2,0,0,0,0,0,0,0,0,4,0,,67,10,2009,7,40.0101,-75.1576,101.0,6,0,0,0,0,0,1,0,0,,0,0,0,0,3,1,1,,0,40 00:36.235,,0,75 09:27.174,4,0,0,0,67301,0,0,0,N,0,0,0,3,67301,1,,1,9,,N,N,,0,,0,0,0,3,2,,45,1,2,0,0,0,0,0,3,4,0,2,7,,N,,,,,,,,,,,
2009120879,1723.0,1,0,0,0,0,0,0,0,0,8,0,,67,10,2009,3,39.9843,-75.1656,1718.0,6,0,0,0,0,0,0,0,0,,0,0,0,16,4,1,2,,0,39 59:03.652,,0,75 09:56.332,4,0,0,0,67301,1,0,0,,1,0,0,2,67301,1,,1,9,,N,N,,0,,0,0,0,3,3,,1615,1,2,0,0,0,0,0,3,4,0,1,7,,N,,,,,,,,,,,
2009118978,1526.0,2,0,0,0,0,0,0,0,0,4,0,,67,10,2009,2,40.0107,-75.1627,1525.0,6,0,0,0,1,0,0,0,0,,0,0,0,15,1,2,1,,0,40 00:38.621,,0,75 09:45.580,4,0,0,0,67301,0,0,0,N,0,0,0,2,67301,1,,1,1,,N,N,,0,,0,0,0,0,0,,1523,2,2,0,0,0,1,0,3,4,0,2,3,,N,,,,,,,,,,,
2009056526,1811.0,0,0,0,0,0,0,0,0,0,5,0,,67,4,2009,3,40.009,-75.1222,1810.0,6,0,0,0,0,0,1,0,0,,0,0,0,18,1,2,0,,0,40 00:32.573,,0,75 07:19.951,8,0,0,0,67301,0,0,0,,0,0,0,4,67301,0,,1,1,,,,,0,,0,0,1,0,0,,1800,2,2,0,0,0,2,0,3,4,1,2,3,,N,,,,,,,,,,,
2009056573,1417.0,1,0,0,0,0,0,0,0,0,8,0,,67,4,2009,3,39.9739,-75.2056,1411.0,6,0,0,0,0,0,0,0,0,2.0,0,0,0,14,1,1,0,,1,39 58:26.135,3.0,0,75 12:20.211,8,0,0,0,67301,1,0,0,N,1,0,0,3,67301,0,,1,9,,N,N,,0,,0,0,0,3,2,Y,1410,1,2,0,0,0,1,0,3,4,0,1,7,,N,,,,,,,,,,,
2009093346,1647.0,2,0,0,0,0,0,0,0,0,1,0,,67,9,2009,3,40.0444,-75.1932,1640.0,6,0,0,0,0,0,0,0,0,,0,0,0,16,1,1,0,,0,40 02:39.835,,0,75 11:35.436,8,0,0,0,67301,0,0,0,N,0,0,0,4,67301,0,,1,1,,N,N,,0,,0,0,0,3,2,,1634,1,2,0,0,0,1,0,3,4,0,2,3,,N,,,,,,,,,,,
2009088252,1044.0,1,0,0,0,0,0,0,0,0,5,1,,67,8,2009,4,39.9446,-75.1913,1031.0,6,0,0,0,0,0,0,0,0,1.0,0,1,0,10,1,0,6,,1,39 56:43.369,4.0,2,75 11:25.410,9,0,0,0,67301,0,0,0,N,0,0,0,3,68K01,0,,1,1,,N,N,,0,,0,0,0,0,0,N,1024,0,3,0,0,0,0,1,3,4,1,3,3,,N,,,,,,,,,,,
2009083340,1928.0,1,0,0,0,0,0,0,0,0,1,0,,67,7,2009,1,39.9953,-75.2098,1926.0,6,0,0,0,0,0,0,0,0,2.0,0,0,0,19,1,4,0,,2,39 59:43.153,6.0,0,75 12:35.361,2,0,1,1,67301,0,0,0,N,0,0,0,4,67301,0,,1,1,,N,N,,0,,3,1,0,0,0,N,1922,4,2,0,0,0,0,0,3,4,0,2,3,,N,,,,,,,,,,,
2009085992,1623.0,2,0,0,0,0,0,0,0,0,4,0,,67,8,2009,7,40.0383,-75.0754,1620.0,6,0,0,0,0,1,0,0,0,2.0,0,0,0,16,3,4,1,,2,40 02:17.896,5.0,0,75 04:31.313,4,0,0,0,67301,0,0,0,N,0,0,0,4,67301,4,,1,1,,N,N,,0,,0,0,0,3,2,Y,1619,4,2,0,0,0,0,0,3,4,0,2,3,,N,,,,,,,,,,,
2009086054,1950.0,2,0,0,0,0,0,0,0,0,4,0,,67,8,2009,1,39.9766,-75.1529,1945.0,6,0,0,0,0,1,0,0,0,2.0,0,0,0,19,1,0,1,,1,39 58:35.738,1.0,0,75 09:10.357,0,0,0,0,67301,0,0,0,N,0,0,0,4,67301,0,,1,1,,N,N,,0,,0,0,0,3,3,N,1930,0,2,0,0,0,0,0,3,4,0,2,3,,N,,,,,,,,,,,
2009086504,9999.0,0,0,0,0,0,0,0,0,0,7,0,,67,7,2009,4,40.0183,-75.1688,9999.0,6,0,0,0,0,0,0,0,0,,0,0,0,99,1,0,0,,0,40 01:06.035,,0,75 10:07.779,0,0,0,0,67301,0,0,0,,0,0,0,1,67301,0,,2,1,,,,,0,,0,0,1,0,0,,9999,0,1,0,0,0,0,0,3,4,0,1,3,,N,,,,,,,,,,,
2009083864,150.0,2,0,0,0,0,0,0,0,0,4,0,,67,7,2009,7,39.9615,-75.1975,146.0,6,0,0,0,0,0,0,0,0,,0,0,0,1,3,1,0,,0,39 57:41.353,,0,75 11:51.000,4,0,0,0,67301,0,0,0,N,0,0,0,1,67301,1,,1,1,,N,N,,0,,0,0,0,0,0,,144,1,2,0,0,1,0,0,3,4,0,2,3,,N,,,,,,,,,,,
2009079086,1421.0,1,0,0,0,0,0,0,0,0,1,0,,67,7,2009,6,40.0456,-75.1282,1421.0,6,0,0,0,0,0,1,0,0,,0,0,0,14,1,1,0,,0,40 02:44.113,,7,75 07:41.357,4,0,0,0,67301,0,0,0,N,0,0,0,2,67301,1,,1,1,,N,N,,0,,0,0,1,0,0,,1415,1,2,0,0,0,0,0,3,4,0,2,3,,N,,,,,,,,,,,
2009081615,208.0,1,0,0,0,0,0,1,0,0,5,1,,67,7,2009,1,40.0298,-75.1043,203.0,6,0,0,0,0,0,0,1,0,1.0,0,0,0,2,3,0,1,,2,40 01:47.421,3.0,0,75 06:15.635,0,0,0,0,67301,0,0,0,N,0,0,0,2,67301,0,,1,1,,N,N,,0,,0,0,0,3,2,N,200,0,2,0,0,0,0,0,3,4,0,2,3,,N,,,,,,,,,,,
2009079008,1640.0,2,0,0,0,0,0,0,0,0,2,0,,67,2,2009,7,40.0394,-75.0774,1635.0,6,0,0,0,0,0,0,0,1,,0,0,0,16,1,1,1,,0,40 02:21.930,,0,75 04:38.559,4,0,0,0,67301,0,0,0,N,0,0,0,2,67301,1,,1,1,,N,N,,0,,0,0,0,3,2,,1630,1,2,0,0,1,0,0,3,4,0,2,3,,N,,,,,,,,,,,
2009079039,253.0,2,0,0,0,0,0,0,0,0,4,0,,67,7,2009,7,39.951,-75.1525,251.0,6,0,0,0,0,0,0,0,0,2.0,0,0,0,2,3,3,0,,2,39 57:03.454,4.0,0,75 09:08.840,4,0,0,0,67301,0,0,0,,0,0,0,4,67301,1,,1,1,,,,,0,,0,0,0,0,0,Y,250,3,2,0,0,0,2,0,3,4,0,2,3,,N,,,,,,,,,,,
2009079209,1910.0,2,0,0,0,0,0,0,0,0,4,0,,67,6,2009,6,39.9151,-75.2446,1904.0,6,0,0,0,0,0,0,0,0,,0,0,0,99,1,2,2,,0,39 54:54.506,,0,75 14:40.986,4,0,0,0,67301,0,0,0,,0,0,0,2,67301,2,,1,1,,,,,0,,0,0,0,0,0,,9999,2,2,0,0,0,0,0,3,4,0,2,3,,N,,,,,,,,,,,
2009074608,1914.0,2,0,0,0,0,0,0,0,0,1,0,,67,6,2009,1,39.9544,-75.1631,1910.0,6,0,0,0,0,0,0,0,0,,0,0,0,19,1,1,1,,0,39 57:15.869,,0,75 09:47.496,8,0,0,0,67301,0,0,0,N,0,0,0,5,67301,0,,1,1,,N,N,,0,,0,0,0,3,2,,1905,1,2,0,0,0,1,0,3,4,0,2,3,,N,,,,,,,,,,,
2009074408,225.0,1,0,0,0,0,0,0,0,0,5,0,,67,6,2009,7,39.9536,-75.1986,223.0,6,0,0,0,0,0,0,0,0,,0,0,0,2,3,2,1,,0,39 57:13.089,,0,75 11:55.030,4,0,0,0,67301,0,0,0,N,0,0,0,3,67301,2,,1,1,,N,N,,0,,0,0,0,3,2,,220,2,2,0,0,2,0,1,3,4,0,2,3,,N,,,,,,,,,,,
2009072076,1930.0,1,0,0,0,0,0,0,0,0,4,0,,67,5,2009,1,40.0377,-75.0295,1925.0,6,0,0,0,0,0,0,0,0,,0,0,0,19,1,1,0,,0,40 02:15.642,,0,75 01:46.261,8,0,0,0,67301,0,0,0,N,0,0,0,2,67301,0,,1,1,,N,N,,1,,0,0,0,0,0,,1925,1,2,0,0,0,1,0,3,4,0,2,3,,N,,,,,,,,,,,
2009069212,2332.0,4,0,0,0,0,0,0,0,0,1,0,,67,6,2009,6,40.0043,-75.1944,2324.0,6,0,0,0,0,0,0,0,0,1.0,0,0,0,23,3,1,0,,1,40 00:11.581,4.0,0,75 11:39.789,8,0,0,0,67301,0,0,0,N,0,0,0,5,68K01,0,,1,1,,N,N,,0,,0,0,0,0,0,N,2320,1,4,0,0,0,1,0,3,4,0,4,3,,N,,,,,,,,,,,
2009069399,2326.0,1,0,0,0,0,0,0,0,0,7,0,,67,6,2009,2,39.9815,-75.1174,2322.0,6,0,0,0,0,0,0,1,0,,0,0,0,22,3,1,0,,0,39 58:57.070,,1,75 06:59.685,8,0,0,0,67301,0,0,0,N,0,0,0,1,67301,0,,2,1,,N,N,,0,,0,0,0,0,0,,2240,1,1,0,0,0,1,0,3,4,0,1,3,,N,,,,,,,,,,,
2009066919,16.0,1,0,0,0,0,0,0,0,0,7,0,,67,5,2009,7,40.0227,-75.1979,21.0,6,0,0,1,0,0,0,0,0,1.0,0,0,0,0,3,0,0,,1,40 01:21.561,1.0,0,75 11:52.598,0,0,0,0,67301,0,0,0,N,0,0,0,1,67301,0,,4,1,,N,N,,0,,0,0,0,0,0,N,0,0,1,0,0,0,0,0,3,4,0,1,3,,N,,,,,,,,,,,
2009092987,219.0,1,0,0,0,0,0,0,0,0,1,0,,67,8,2009,6,39.9714,-75.2262,213.0,6,0,0,0,0,0,0,0,0,,0,0,0,2,3,4,0,,0,39 58:16.863,,0,75 13:34.446,8,0,0,0,67301,0,0,0,N,0,0,0,5,67301,0,,1,1,,N,N,,0,,0,0,0,3,2,,204,4,2,0,0,0,4,0,3,4,0,2,3,,N,,,,,,,,,,,
2009093168,1625.0,2,0,0,0,0,0,0,0,0,1,0,,67,7,2009,7,39.9541,-75.2119,1621.0,6,0,0,0,0,0,0,0,0,2.0,0,0,0,99,1,3,1,,2,39 57:14.756,7.0,0,75 12:42.926,4,0,0,0,67301,2,0,0,,0,0,0,3,67301,3,,1,1,,,,,1,,0,0,0,3,3,Y,9999,3,3,0,0,0,0,0,3,4,0,3,3,,N,,,,,,,,,,,
2009067234,2125.0,1,0,0,0,0,0,0,0,0,7,0,,67,6,2009,1,40.0302,-75.228,2121.0,6,0,0,0,0,0,0,0,0,,0,0,0,21,3,1,0,,0,40 01:48.565,,0,75 13:40.771,8,0,0,0,67301,0,0,0,,0,0,0,1,67301,0,,2,1,,,,,0,,0,0,0,0,0,,2121,1,1,0,0,0,1,0,3,4,0,1,3,,N,,,,,,,,,,,
2009066969,2300.0,1,0,0,0,0,0,0,0,0,8,0,,67,5,2009,1,39.97,-75.2422,2257.0,6,0,0,0,0,0,0,0,0,,0,0,0,99,3,1,0,,0,39 58:11.962,,0,75 14:31.828,8,0,0,0,67301,1,0,0,N,1,0,0,2,67301,0,,1,1,,N,N,,0,,0,0,0,0,0,,9999,1,2,0,0,1,1,0,3,4,0,1,3,,N,,,,,,,,,,,
2009067265,1258.0,1,0,0,0,0,0,0,0,0,5,0,,67,5,2009,7,39.9184,-75.1828,1257.0,6,0,0,0,0,0,1,0,1,,0,0,0,12,1,1,0,,0,39 55:06.128,,0,75 10:58.043,4,0,0,0,67301,0,0,0,N,0,0,0,3,67301,1,,1,1,,N,N,,0,,0,0,1,0,0,,1255,1,2,0,0,0,0,2,3,4,0,2,3,,N,,,,,,,,,,,
2009067433,1805.0,0,0,0,0,0,0,0,0,0,4,0,,67,5,2009,5,,,1800.0,6,0,0,0,0,0,1,0,0,,0,0,0,99,1,1,1,,0,,,0,,3,0,0,0,67301,1,0,0,N,1,0,0,2,67301,0,,1,1,,N,N,,0,,1,0,1,9,2,,9999,1,2,0,0,0,0,0,3,3,0,1,3,,N,,,,,,,,,,,
2009069941,1122.0,0,0,0,0,0,0,0,0,0,1,0,,67,6,2009,2,40.0089,-75.1004,1120.0,6,0,0,0,0,0,0,0,0,1.0,0,0,0,11,1,1,1,,1,40 00:32.117,6.0,0,75 06:01.302,4,0,0,0,67301,0,0,0,N,0,0,0,3,67301,1,,1,1,,N,N,,1,,0,0,1,3,2,N,1115,1,2,0,0,0,0,0,3,4,0,2,3,,N,,,,,,,,,,,
2009067528,1043.0,1,0,0,0,0,0,0,0,0,8,0,,67,5,2009,7,39.9765,-75.2353,1036.0,6,0,0,0,0,0,0,0,0,,0,0,0,10,1,1,2,,0,39 58:35.313,,0,75 14:07.216,3,0,0,0,67301,1,0,0,,1,0,0,3,67301,0,,1,1,,,,,0,,1,0,0,0,0,,1030,1,2,0,0,0,0,0,3,4,0,1,3,,N,,,,,,,,,,,
2009064897,328.0,1,0,0,0,0,0,0,0,0,7,0,,67,5,2009,1,40.0298,-75.1866,328.0,6,0,0,0,0,0,0,0,0,4.0,0,0,0,3,3,3,0,,1,40 01:47.095,1.0,0,75 11:11.511,4,0,0,0,67301,0,0,0,N,0,0,0,3,67301,1,,4,1,,N,N,,0,,0,0,0,0,0,N,328,3,1,0,0,0,2,0,3,4,0,1,3,,N,,,,,,,,,,,
2009067562,956.0,1,0,0,0,0,0,0,0,0,7,0,,67,6,2009,4,40.0516,-75.0617,955.0,6,0,0,0,0,0,0,1,0,,0,0,0,99,1,1,0,,0,40 03:05.886,,0,75 03:42.289,4,0,0,0,67301,0,0,0,N,0,0,0,1,67301,1,,2,1,,N,N,,0,,0,0,0,0,0,,9999,1,1,0,0,0,0,0,3,4,0,1,3,,N,,,,,,,,,,,
2009065143,1138.0,1,0,0,1,0,0,0,0,0,4,0,,67,5,2009,3,39.9333,-75.1607,1135.0,6,0,0,0,0,0,0,0,0,,0,0,0,11,1,1,1,,0,39 55:59.736,,0,75 09:38.595,8,0,0,0,67301,1,0,0,,0,0,0,3,67301,0,,1,1,,,,,0,,0,0,0,3,3,,1134,1,2,0,0,0,1,0,3,4,0,1,3,,N,,,,,,,,,,,
2009118945,327.0,2,0,0,0,0,0,0,0,0,2,0,,67,10,2009,1,40.0271,-75.1513,327.0,6,0,0,0,0,1,0,0,0,,0,0,0,3,3,1,0,,0,40 01:37.700,,0,75 09:04.712,4,0,0,0,67301,0,0,0,N,0,0,0,2,67301,1,,1,1,,N,N,,0,,0,0,0,0,0,,300,1,2,0,0,0,0,0,3,4,0,2,3,,N,,,,,,,,,,,
2009120827,355.0,1,0,0,0,0,0,0,0,0,4,0,,67,10,2009,5,40.0005,-75.1051,350.0,6,0,0,0,0,0,0,0,0,,0,0,0,3,3,1,0,,0,40 00:01.972,,0,75 06:18.320,3,0,0,0,67301,0,0,0,N,0,0,0,1,67301,0,,6,1,,N,N,,0,,1,0,1,0,0,,345,1,2,0,0,0,0,0,3,4,0,2,3,,N,,,,,,,,,,,
2009120835,1752.0,1,0,0,0,0,0,0,0,0,4,0,,67,10,2009,4,39.99,-75.1143,1750.0,6,0,0,0,0,0,0,0,0,,0,0,0,17,1,1,1,,0,39 59:23.848,,0,75 06:51.375,4,0,0,1,67301,0,0,0,N,0,0,0,5,67301,1,,1,1,,N,N,,0,,0,0,0,0,0,,1750,1,2,0,0,0,0,0,3,4,0,2,3,,N,,,,,,,,,,,
2009121126,748.0,9,0,0,0,0,0,0,0,0,5,0,,67,11,2009,7,40.018,-75.0558,743.0,6,0,0,0,0,0,0,0,0,,0,0,0,6,8,0,0,,0,40 01:04.913,,0,75 03:20.865,9,0,0,0,67301,0,0,0,,0,0,0,1,67301,0,,1,1,,,N,,0,,0,0,0,0,0,,630,0,9,0,0,0,0,1,3,4,0,9,3,,N,,,,,,,,,,,
2009121150,9999.0,1,0,0,0,0,0,0,0,0,5,0,,67,10,2009,7,39.9465,-75.1648,1159.0,6,0,0,0,0,0,0,0,1,,0,0,0,11,1,1,0,,0,39 56:47.263,,0,75 09:53.355,8,0,0,0,67301,1,0,0,,1,0,0,2,67301,0,,1,9,,N,N,,0,,0,0,0,0,0,,1100,1,2,0,0,0,1,0,3,4,0,1,7,,N,,,,,,,,,,,
2009054215,1655.0,1,0,0,0,0,0,1,0,0,1,0,,67,4,2009,4,40.0811,-75.0285,1650.0,6,0,0,0,0,0,0,0,0,1.0,0,0,0,16,1,2,0,,1,40 04:52.100,2.0,0,75 01:42.579,4,0,0,0,67301,0,0,0,N,0,0,0,4,67301,2,,1,9,,N,N,,0,,0,0,0,0,0,N,1650,2,2,0,0,0,0,0,3,4,0,2,7,,N,,,,,,,,,,,
2009054218,416.0,1,0,0,0,0,0,0,0,0,1,0,,67,5,2009,7,40.0251,-75.0577,412.0,6,0,0,0,0,0,0,0,0,,0,0,0,2,3,0,0,,0,40 01:30.323,,7,75 03:27.787,0,0,0,0,67301,0,0,0,N,0,0,0,2,67301,0,,2,9,,N,N,,0,,0,0,0,0,0,,218,0,2,0,0,0,0,0,3,4,0,2,7,,N,,,,,,,,,,,
2009093570,2045.0,1,0,0,1,0,0,0,0,0,8,0,,67,8,2009,7,39.938,-75.2159,2040.0,6,0,0,0,0,0,0,0,0,,0,0,0,20,3,1,2,,0,39 56:16.886,,0,75 12:57.265,8,0,0,0,67301,1,0,0,N,0,0,0,3,67301,0,,1,1,,N,N,,0,,0,0,0,3,3,,2040,1,2,0,0,0,1,0,3,4,0,1,3,,N,,,,,,,,,,,