CRN,ARRIVAL_TM,AUTOMOBILE_COUNT,BELTED_DEATH_COUNT,BELTED_SUSP_SERIOUS_INJ_COUNT,BICYCLE_COUNT,BICYCLE_DEATH_COUNT,BICYCLE_SUSP_SERIOUS_INJ_COUNT,BUS_COUNT,CHLDPAS_DEATH_COUNT,CHLDPAS_SUSP_SERIOUS_INJ_COUNT,COLLISION_TYPE,COMM_VEH_COUNT,CONS_ZONE_SPD_LIM,COUNTY,CRASH_MONTH,CRASH_YEAR,DAY_OF_WEEK,DEC_LAT,DEC_LONG,DISPATCH_TM,DISTRICT,DRIVER_COUNT_16YR,DRIVER_COUNT_17YR,DRIVER_COUNT_18YR,DRIVER_COUNT_19YR,DRIVER_COUNT_20YR,DRIVER_COUNT_50_64YR,DRIVER_COUNT_65_74YR,DRIVER_COUNT_75PLUS,EST_HRS_CLOSED,FATAL_COUNT,HEAVY_TRUCK_COUNT,HORSE_BUGGY_COUNT,HOUR_OF_DAY,ILLUMINATION,INJURY_COUNT,INTERSECT_TYPE,INTERSECTION_RELATED,LANE_CLOSED,LATITUDE,LN_CLOSE_DIR,LOCATION_TYPE,LONGITUDE,MAX_SEVERITY_LEVEL,MCYCLE_DEATH_COUNT,MCYCLE_SUSP_SERIOUS_INJ_COUNT,MOTORCYCLE_COUNT,MUNICIPALITY,NONMOTR_COUNT,NONMOTR_DEATH_COUNT,NONMOTR_SUSP_SERIOUS_INJ_COUNT,NTFY_HIWY_MAINT,PED_COUNT,PED_DEATH_COUNT,PED_SUSP_SERIOUS_INJ_COUNT,PERSON_COUNT,POLICE_AGCY,POSSIBLE_INJ_COUNT,RDWY_SURF_TYPE_CD,RELATION_TO_ROAD,ROAD_CONDITION,ROADWAY_CLEARED,SCH_BUS_IND,SCH_ZONE_IND,SECONDARY_CRASH,SMALL_TRUCK_COUNT,SPEC_JURIS_CD,SUSP_MINOR_INJ_COUNT,SUSP_SERIOUS_INJ_COUNT,SUV_COUNT,TCD_FUNC_CD,TCD_TYPE,TFC_DETOUR_IND,TIME_OF_DAY,TOT_INJ_COUNT,TOTAL_UNITS,UNB_DEATH_COUNT,UNB_SUSP_SERIOUS_INJ_COUNT,UNBELTED_OCC_COUNT,UNK_INJ_DEG_COUNT,UNK_INJ_PER_COUNT,URBAN_AREA,URBAN_RURAL,VAN_COUNT,VEHICLE_COUNT,WEATHER1,WEATHER2,WORK_ZONE_IND,WORK_ZONE_LOC,WORK_ZONE_TYPE,WORKERS_PRES,WZ_CLOSE_DETOUR,WZ_FLAGGER,WZ_LAW_OFFCR_IND,WZ_LN_CLOSURE,WZ_MOVING,WZ_OTHER,WZ_SHLDER_MDN,WZ_WORKERS_INJ_KILLED
2009093576,1003.0,1,0,0,0,0,0,0,0,0,8,0,,67,8,2009,5,39.9492,-75.2032,958.0,6,0,0,0,0,0,0,0,0,,0,0,0,9,1,1,0,,0,39 56:57.171,,0,75 12:11.494,8,0,0,0,67301,1,0,0,N,1,0,0,2,67301,0,,1,9,,N,N,,0,,0,0,0,0,0,,950,1,2,0,0,0,1,0,3,4,0,1,7,,N,,,,,,,,,,,
2009054232,1350.0,1,0,0,0,0,0,0,0,0,4,0,,67,4,2009,3,39.9834,-75.1294,1350.0,6,0,0,0,0,0,0,0,0,,0,0,0,13,1,1,1,,0,39 59:00.236,,0,75 07:45.663,4,0,0,0,67301,0,0,0,N,0,0,0,2,67301,1,,1,1,,N,N,,0,,0,0,0,3,3,,1348,1,2,0,0,0,0,0,3,4,1,2,3,,N,,,,,,,,,,,
2009056940,1349.0,1,0,0,0,0,0,0,0,0,7,0,,67,5,2009,7,40.0139,-75.1257,1344.0,6,0,0,0,0,0,0,0,0,,0,0,0,13,1,4,0,,0,40 00:49.866,,0,75 07:32.658,2,0,0,0,67301,0,0,0,,0,0,0,4,67301,1,,2,1,,,,,0,,2,1,0,0,0,,1342,4,1,0,0,0,0,0,3,4,0,1,3,,N,,,,,,,,,,,
2009054479,2255.0,2,0,0,0,0,0,0,0,0,1,0,,67,4,2009,1,40.0185,-75.1671,2241.0,6,0,0,0,0,1,0,0,0,1.0,0,0,0,22,3,1,6,,1,40 01:06.600,2.0,2,75 10:01.560,8,0,0,0,67301,0,0,0,,0,0,0,2,67301,0,,1,1,,N,N,,0,,0,0,0,3,4,N,2238,1,2,0,0,0,1,0,3,4,0,2,3,,N,,,,,,,,,,,
2009086491,1825.0,1,0,0,0,0,0,0,0,0,8,0,,67,8,2009,3,39.9517,-75.1582,1825.0,6,0,0,0,0,0,0,0,0,1.0,0,0,0,18,1,1,1,,1,39 57:05.956,6.0,0,75 09:29.697,3,0,0,0,67301,1,0,0,N,1,0,0,2,67301,0,,1,1,,N,N,,0,,1,0,0,3,2,N,1816,1,2,0,0,0,0,0,3,4,0,1,3,,N,,,,,,,,,,,
2009086502,1629.0,0,0,0,0,0,0,0,0,0,7,0,50.0,67,6,2009,7,40.0066,-75.1929,1626.0,6,0,0,0,0,0,0,0,0,2.0,0,0,0,16,1,2,0,,2,40 00:24.747,3.0,3,75 11:33.448,3,0,0,1,67301,0,0,0,Y,0,0,0,2,67301,0,,1,1,,N,N,,0,,2,0,0,3,8,N,1620,2,1,0,0,0,0,0,3,4,0,1,3,,Y,3.0,1.0,N,,,N,Y,,,,
2009083855,1850.0,2,0,0,0,0,0,0,0,0,1,0,,67,7,2009,1,39.959,-75.2296,1849.0,6,0,0,0,0,0,0,0,0,,0,0,0,18,1,2,0,,0,39 57:32.495,,0,75 13:46.410,8,0,0,0,67301,0,0,0,N,0,0,0,3,67301,0,,1,1,,N,N,,0,,0,0,0,0,0,,1818,2,2,0,0,0,2,0,3,4,0,2,3,,N,,,,,,,,,,,
2009083872,2208.0,1,0,0,0,0,0,0,0,0,8,0,,67,7,2009,5,39.9477,-75.1703,9999.0,6,0,0,0,0,0,1,0,0,,0,0,0,9,1,1,0,,0,39 56:51.621,,0,75 10:13.131,3,0,0,0,67301,1,0,0,,1,0,0,2,67301,0,,1,1,,,,,0,,1,0,0,0,0,,920,1,2,0,0,0,0,0,3,4,0,1,99,,N,,,,,,,,,,,
2009078951,1740.0,2,0,0,0,0,0,0,0,0,4,0,,67,6,2009,3,40.0338,-75.1281,1738.0,6,0,0,0,0,0,0,0,0,1.0,0,0,0,17,1,1,1,,2,40 02:01.849,7.0,0,75 07:41.314,4,0,0,0,67301,0,0,0,N,0,0,0,2,67301,1,,1,1,,N,N,,0,,0,0,0,3,2,Y,1737,1,2,0,0,1,0,0,3,4,0,2,3,,N,,,,,,,,,,,
2009079030,936.0,0,0,0,0,0,0,0,0,0,5,0,,67,7,2009,3,39.9705,-75.151,930.0,6,0,0,0,0,0,0,0,0,,0,0,0,9,1,4,1,,0,39 58:13.644,,0,75 09:03.417,4,0,0,0,67301,0,0,0,,0,0,0,5,67301,2,,1,1,,,,,0,,0,0,0,0,0,,925,4,2,0,0,0,2,0,3,4,1,2,3,,N,,,,,,,,,,,
2009074494,1215.0,0,0,0,0,0,0,0,0,0,7,0,,67,6,2009,6,39.8918,-75.2248,1210.0,6,0,0,0,0,0,0,0,0,,0,0,0,12,1,2,0,,0,39 53:30.619,,0,75 13:29.279,8,0,0,0,67301,0,0,0,N,0,0,0,2,67301,0,,2,9,,N,N,,0,,0,0,1,0,0,,1200,2,1,0,0,1,2,0,3,4,0,1,7,,N,,,,,,,,,,,
2009074581,1916.0,2,0,0,0,0,0,0,0,0,1,0,,67,6,2009,3,39.9353,-75.1859,1915.0,6,0,0,0,0,0,1,0,0,,0,0,0,18,1,1,1,,0,39 56:06.914,,0,75 11:09.185,4,0,0,0,67301,0,0,0,,0,0,0,2,67301,1,,1,1,,,,,0,,0,0,0,0,0,,1802,1,2,0,0,0,0,0,3,4,0,2,3,,N,,,,,,,,,,,
2009074627,937.0,1,0,0,0,0,0,0,0,0,8,0,,67,6,2009,7,39.997,-75.1174,935.0,6,0,0,0,0,1,0,0,0,,0,0,0,9,1,1,1,,0,39 59:49.087,,0,75 07:02.700,4,0,0,0,67301,1,0,0,,1,0,0,2,67301,1,,1,1,,,,,0,,0,0,0,3,2,,930,1,2,0,0,0,0,0,3,4,0,1,3,,N,,,,,,,,,,,
2009075444,1913.0,1,0,0,0,0,0,0,0,0,6,0,,67,6,2009,3,40.0137,-75.0973,1909.0,6,0,0,0,0,0,1,0,0,1.0,0,0,0,19,1,1,1,,1,40 00:49.805,1.0,0,75 05:50.374,4,0,0,0,67301,0,0,0,N,0,0,0,3,67301,1,,1,1,,N,N,,0,,0,0,1,3,2,N,1905,1,2,0,0,0,0,0,3,4,0,2,3,,N,,,,,,,,,,,
2009056031,456.0,1,0,0,0,0,0,0,0,0,7,0,,67,5,2009,5,39.923,-75.191,449.0,6,0,0,0,0,0,0,0,0,1.0,0,0,0,4,5,0,0,,2,39 55:30.581,4.0,0,75 11:35.978,0,0,0,0,67301,0,0,0,N,0,0,0,1,68K01,0,,2,1,,N,N,,0,,0,0,0,0,0,N,445,0,1,0,0,0,0,0,3,4,0,1,3,,N,,,,,,,,,,,
2009053685,2220.0,1,0,0,0,0,0,0,0,0,1,0,,67,4,2009,6,39.8919,-75.2364,2217.0,6,0,0,0,0,0,0,0,0,,0,0,0,22,3,0,0,,0,39 53:30.929,,0,75 14:10.886,0,0,0,0,67301,0,0,0,N,0,0,0,2,68K01,0,,1,1,,N,N,,0,,0,0,0,0,0,,2212,0,2,0,0,0,0,0,3,4,1,2,3,,N,,,,,,,,,,,
2009092931,450.0,3,0,0,0,0,0,0,0,0,2,0,,67,2,2009,7,40.0296,-75.1033,447.0,6,0,0,0,0,0,0,0,0,,0,0,0,4,3,2,0,,0,40 01:46.521,,0,75 06:14.181,3,0,0,0,67301,0,0,0,N,0,0,0,3,67301,0,,1,1,,N,N,,0,,2,0,0,3,2,,445,2,3,0,0,1,0,0,3,4,0,3,3,,N,,,,,,,,,,,
2009093021,1656.0,1,0,0,0,0,0,0,0,0,8,0,,67,8,2009,7,40.0048,-75.1741,1654.0,6,0,0,0,0,0,1,0,0,,0,0,0,16,1,1,0,,0,40 00:17.342,,7,75 10:26.916,4,0,0,0,67301,1,0,0,N,1,0,0,2,67301,1,,1,1,,N,N,,0,,0,0,0,0,0,,1652,1,2,0,0,0,0,0,3,4,0,1,3,,N,,,,,,,,,,,
2009069944,810.0,1,0,0,0,0,0,0,0,0,8,0,,67,6,2009,4,39.9231,-75.1596,806.0,6,0,0,0,0,0,0,0,0,,0,0,0,8,1,1,1,,0,39 55:23.102,,0,75 09:34.741,8,0,0,0,67301,1,0,0,N,1,0,0,2,67301,0,,1,1,,N,N,,0,,0,0,0,9,2,,802,1,2,0,0,0,1,0,3,4,0,1,3,,N,,,,,,,,,,,
2009067300,1130.0,1,0,0,0,0,0,0,0,0,1,0,,67,6,2009,3,39.9376,-75.1945,1130.0,6,0,0,0,0,0,0,0,0,2.0,0,0,0,11,1,1,0,,1,39 56:15.450,3.0,0,75 11:40.178,8,0,0,0,67301,0,0,0,N,0,0,0,1,67301,0,,5,9,,N,N,,0,,0,0,1,3,3,N,1115,1,2,0,0,0,1,0,3,4,0,2,7,,N,,,,,,,,,,,
2009067303,1935.0,0,0,0,0,0,0,0,0,0,7,0,,67,5,2009,3,39.9477,-75.1415,1930.0,6,0,0,0,0,0,0,0,0,,0,0,0,19,1,1,0,,0,39 56:41.500,,0,75 08:31.488,8,0,0,1,67301,0,0,0,,0,0,0,1,67301,0,,1,1,,N,N,,0,,0,0,0,3,2,,1920,1,1,0,0,0,1,0,3,4,0,1,3,,N,,,,,,,,,,,
2009067496,1016.0,1,0,0,0,0,0,0,0,0,4,0,,67,6,2009,7,40.0275,-75.0624,1015.0,6,0,0,0,0,0,1,0,0,,0,0,0,10,1,1,1,,0,40 01:38.783,,0,75 03:44.998,4,0,0,0,67301,0,0,0,,0,0,0,3,67301,1,,1,1,,,,,1,,0,0,0,3,2,,1013,1,2,0,0,0,0,0,3,4,0,2,3,,N,,,,,,,,,,,
2009067499,1630.0,1,0,0,0,0,0,0,0,0,6,0,,67,6,2009,3,40.0489,-75.0451,9999.0,6,0,0,0,0,0,0,0,0,,0,0,0,16,1,0,1,,0,40 02:55.935,,0,75 02:42.511,9,0,0,0,67301,0,0,0,N,0,0,0,4,67301,0,,1,1,,N,N,,0,,0,0,1,3,2,,1627,0,2,0,0,0,0,4,3,4,0,2,3,,N,,,,,,,,,,,
2009067555,1030.0,1,0,0,1,0,0,0,0,0,5,0,,67,6,2009,3,39.9376,-75.1646,1020.0,6,0,0,0,0,0,1,0,0,,0,0,0,10,1,1,1,,0,39 56:15.342,,0,75 09:52.613,4,0,0,0,67301,1,0,0,N,0,0,0,2,17301,1,,1,1,,N,N,,0,,0,0,0,3,2,,1020,1,2,0,0,0,0,0,3,4,0,1,3,,N,,,,,,,,,,,
2009064934,943.0,0,0,0,0,0,0,0,0,0,8,0,,67,5,2009,5,40.0276,-75.1468,941.0,6,0,0,0,0,0,0,0,0,,0,0,0,9,1,1,0,,0,40 01:39.274,,0,75 08:48.488,8,0,0,0,67301,1,0,0,N,1,0,0,2,67301,0,,4,1,,N,N,,0,,0,0,1,0,0,,902,1,2,0,0,0,1,1,3,4,0,1,3,,N,,,,,,,,,,,
2009067579,1353.0,1,0,0,0,0,0,0,0,0,7,0,,67,6,2009,1,40.0428,-75.1135,1350.0,6,0,0,0,0,0,0,1,0,,0,0,0,13,1,3,1,,0,40 02:34.018,,0,75 06:48.729,3,0,0,0,67301,0,0,0,N,0,0,0,3,67301,0,,4,1,,N,N,,0,,3,0,0,3,2,,1330,3,1,0,0,0,0,0,3,4,0,1,3,,N,,,,,,,,,,,
2009084121,2325.0,1,0,0,0,0,0,0,0,0,5,0,,67,7,2009,2,40.0363,-75.0643,2320.0,6,0,0,0,0,0,0,0,0,1.0,0,0,0,23,3,1,1,,1,40 02:10.729,1.0,0,75 03:51.497,3,0,0,0,67301,0,0,0,N,0,0,0,2,67301,0,,1,1,,N,N,,0,,1,0,1,3,2,Y,2315,1,2,0,0,0,0,1,3,4,0,2,3,,N,,,,,,,,,,,
2009120779,1935.0,2,0,0,0,0,0,0,0,0,5,0,,67,11,2009,1,40.0199,-75.0863,1928.0,6,0,0,0,0,0,0,0,1,2.0,0,0,0,19,2,3,0,,2,40 01:11.791,3.0,0,75 05:10.834,8,0,0,0,67301,3,0,0,N,0,0,0,4,67301,0,,1,1,,N,N,,0,,0,0,0,0,0,Y,1925,3,2,0,0,0,3,0,3,4,0,2,3,,N,,,,,,,,,,,
2009120862,353.0,1,0,0,0,0,0,0,0,0,7,0,,67,10,2009,5,39.957,-75.1694,351.0,6,0,0,0,0,0,0,0,0,,0,0,0,3,3,0,1,,0,39 57:26.624,,0,75 10:15.323,0,0,0,0,67301,0,0,0,N,0,0,0,2,67301,0,,2,1,,N,N,,0,,0,0,0,3,2,,350,0,1,0,0,0,0,0,3,4,0,1,3,,N,,,,,,,,,,,
2009121153,1406.0,0,0,0,1,0,0,0,0,0,4,0,,67,8,2009,3,39.9868,-75.1013,1406.0,6,0,0,0,0,0,0,0,0,,0,0,0,14,1,1,1,,0,39 59:12.562,,0,75 06:04.669,4,0,0,0,67301,1,0,0,N,0,0,0,2,67301,1,,1,1,,N,N,,1,,0,0,0,3,3,,1406,1,2,0,0,0,0,0,3,4,0,1,3,,N,,,,,,,,,,,
2009121154,1505.0,0,0,0,0,0,0,1,0,0,8,1,,67,10,2009,5,39.9514,-75.1564,1500.0,6,0,0,0,0,0,0,0,0,,0,0,0,14,1,1,0,,0,39 57:05.175,,0,75 09:23.038,4,0,0,0,67301,1,0,0,N,1,0,0,2,67301,1,,1,9,,N,N,,0,,0,0,0,0,0,,1455,1,2,0,0,0,0,0,3,4,0,1,7,,N,,,,,,,,,,,
2009093490,1848.0,1,0,0,0,0,0,0,0,0,8,0,,67,8,2009,5,40.0455,-75.1649,1842.0,6,0,0,0,0,0,0,0,0,,0,0,0,18,1,1,1,,0,40 02:43.800,,0,75 09:53.514,4,0,0,0,67301,1,0,0,N,1,0,0,2,67301,1,,1,1,,N,N,,0,,0,0,0,3,2,,1814,1,2,0,0,0,0,0,3,4,0,1,3,,N,,,,,,,,,,,
2009059329,1431.0,7,0,0,0,0,0,0,0,0,1,0,,67,4,2009,1,40.0026,-75.1244,1430.0,6,0,0,0,0,0,0,0,0,9.0,0,0,0,14,1,5,1,,2,40 00:09.455,6.0,0,75 07:27.886,2,0,0,0,67301,0,0,0,N,0,0,0,7,67301,0,,1,1,,N,N,,0,,3,1,1,3,2,Y,1430,5,8,0,0,1,1,2,3,4,0,8,3,,N,,,,,,,,,,,
2009059386,1557.0,4,0,1,0,0,0,0,0,0,1,0,,67,5,2009,7,39.9154,-75.1479,1552.0,6,0,0,0,0,0,1,0,0,3.0,0,1,0,15,1,1,0,,1,39 54:54.100,2.0,0,75 08:52.818,2,0,0,0,67301,0,0,0,N,0,0,0,6,68K01,0,,1,1,,N,N,,0,,0,1,1,0,0,N,1549,1,6,0,0,0,0,0,3,4,0,6,3,,N,,,,,,,,,,,
2009056948,905.0,0,0,0,0,0,0,0,0,0,8,0,,67,5,2009,2,39.9548,-75.1834,850.0,6,0,0,0,0,0,0,0,0,,0,0,0,8,1,1,1,,0,39 57:17.585,,0,75 11:02.159,8,0,0,0,67301,1,0,0,N,1,0,0,2,67301,0,,1,9,,N,N,,0,,0,0,1,3,2,,845,1,2,0,0,0,1,0,3,4,0,1,7,,N,,,,,,,,,,,
2009056952,1600.0,2,0,0,0,0,0,0,0,0,4,0,,67,5,2009,7,39.9182,-75.2089,1553.0,6,0,0,0,0,0,0,0,0,,0,0,0,15,1,3,2,,0,39 55:05.901,,0,75 12:31.948,4,0,0,0,67301,0,0,0,,0,0,0,6,67301,3,,1,1,,,,,0,,0,0,1,3,2,,1550,3,3,0,0,0,0,0,3,4,0,3,3,,N,,,,,,,,,,,
2009056964,856.0,1,0,0,0,0,0,0,0,0,4,0,,67,5,2009,6,39.9438,-75.2379,853.0,6,0,0,0,0,0,1,0,0,,0,0,0,8,1,0,1,,0,39 56:37.737,,0,75 14:16.371,0,0,0,0,67301,0,0,0,N,0,0,0,4,67301,0,,1,9,,N,N,,0,,0,0,0,3,2,,833,0,2,0,0,0,0,0,3,4,1,2,7,,N,,,,,,,,,,,
2009054456,1912.0,2,0,0,0,0,0,0,0,0,4,0,,67,5,2009,7,39.9547,-75.1495,1904.0,6,0,0,0,0,0,0,0,0,,0,0,0,18,1,4,1,,0,39 57:16.610,,0,75 08:58.286,8,0,0,0,67301,0,0,0,N,0,0,0,4,67301,0,,1,1,,N,N,,0,,0,0,0,3,2,,1855,4,2,0,0,0,4,0,3,4,0,2,3,,N,,,,,,,,,,,
2009054550,1328.0,2,0,0,0,0,0,0,0,0,4,0,,67,4,2009,2,40.0456,-75.1285,1327.0,6,0,0,0,0,0,2,0,0,,0,0,0,13,1,3,1,,0,40 02:44.255,,0,75 07:42.460,8,0,0,0,67301,0,0,0,N,0,0,0,5,67301,0,,1,9,,N,Y,,0,,0,0,0,2,2,,1305,3,2,0,0,0,3,0,3,4,0,2,7,,N,,,,,,,,,,,
2009086278,811.0,2,0,0,0,0,0,0,0,0,1,0,,67,7,2009,2,40.0663,-75.2399,809.0,6,0,0,0,0,0,1,0,0,1.0,0,0,0,99,1,1,0,,1,40 04:00.324,2.0,0,75 14:23.821,8,0,0,0,67301,0,0,0,,0,0,0,3,67301,0,,1,1,,N,N,,0,,0,0,0,0,0,N,9999,1,3,0,0,0,1,0,3,4,1,3,3,,N,,,,,,,,,,,
2009071011,1723.0,5,0,0,0,0,0,0,0,0,5,0,,67,6,2009,4,40.0374,-75.0124,1717.0,6,0,0,0,0,0,3,0,0,2.0,0,0,0,17,1,2,0,,2,40 02:14.775,1.0,0,75 00:44.063,3,0,0,0,67301,0,0,0,N,0,0,0,8,68K01,1,,1,1,,N,N,,0,,1,0,3,0,0,N,1715,2,8,0,0,0,0,0,3,4,0,8,3,,N,,,,,,,,,,,
2010003174,1805.0,1,0,0,0,0,0,0,0,0,8,0,,67,11,2009,2,39.9948,-75.1593,1759.0,6,0,0,0,0,0,0,0,0,,0,0,0,17,3,1,1,,0,39 59:41.316,,0,75 09:33.476,8,0,0,0,67301,1,0,0,,1,0,0,2,67301,0,,1,9,,N,N,,0,,0,0,0,3,2,,1756,1,2,0,0,1,1,0,3,4,0,1,7,,N,,,,,,,,,,,
2010003273,2142.0,1,0,0,0,0,0,0,0,0,5,0,,67,12,2009,3,40.0019,-75.1326,2142.0,6,0,0,0,0,1,0,0,0,,0,0,0,21,3,1,0,,0,40 00:06.808,,0,75 07:57.432,4,0,0,0,67301,0,0,0,N,0,0,0,5,67301,1,,1,1,,N,N,,0,,0,0,1,0,0,,2130,1,2,0,0,0,0,0,3,4,0,2,3,,N,,,,,,,,,,,
2010006356,20.0,3,0,0,0,0,0,0,0,0,4,0,,67,12,2009,3,39.9161,-75.2361,20.0,6,0,0,0,1,0,0,0,0,,0,0,0,99,3,4,1,,0,39 54:57.913,,0,75 14:09.812,3,0,0,0,67301,0,0,0,N,0,0,0,5,67301,2,,1,1,,N,Y,,0,,2,0,1,3,2,,9999,4,4,0,0,0,0,0,3,4,0,4,3,,N,,,,,,,,,,,
2010006290,2018.0,2,0,0,0,0,0,0,0,0,4,0,,67,11,2009,6,39.9591,-75.1723,2018.0,6,0,0,0,0,0,0,0,0,,0,0,0,20,3,3,1,,0,39 57:33.256,,0,75 10:20.901,3,0,0,0,67301,0,0,0,N,0,0,0,3,67301,1,,4,9,,N,N,,0,,2,0,0,3,2,,2018,3,2,0,0,0,0,0,3,4,0,2,7,,N,,,,,,,,,,,
2010010505,0.0,2,0,0,0,0,0,0,0,0,1,0,,67,7,2009,5,39.9575,-75.15,0.0,6,0,0,0,0,0,0,0,1,,0,0,0,4,6,1,3,,0,39 57:28.440,,2,75 09:01.080,3,0,0,0,67301,0,0,0,N,0,0,0,3,00000,0,,1,1,,N,N,,0,,1,0,0,3,4,,430,1,2,0,0,0,0,0,3,4,0,2,3,,N,,,,,,,,,,,
2010013488,0.0,1,0,0,0,0,0,0,0,0,1,0,,67,9,2009,4,39.963,-75.1646,0.0,6,0,0,0,0,0,0,0,0,,0,0,0,8,1,1,0,,0,39 57:46.664,,0,75 09:52.708,8,0,0,0,67301,0,0,0,N,0,0,0,2,00000,0,,1,9,,N,N,,0,,0,0,1,3,2,,830,1,2,0,0,0,1,1,3,4,0,2,3,,N,,,,,,,,,,,
2009036889,55.0,2,0,0,0,0,0,0,0,0,1,0,,67,2,2009,2,40.0207,-75.1419,49.0,6,0,0,0,0,0,0,0,0,2.0,0,0,0,0,3,1,0,,2,40 01:13.986,2.0,0,75 08:32.469,4,0,0,0,67301,0,0,0,N,0,0,0,3,67301,1,,1,1,,N,N,,0,,0,0,0,0,0,Y,49,1,2,0,0,0,0,0,3,4,0,2,3,,N,,,,,,,,,,,
2009131684,221.0,0,0,0,0,0,0,0,0,0,7,0,,67,12,2009,4,39.9504,-75.1417,215.0,6,0,0,0,0,1,0,0,0,2.0,0,0,0,2,3,1,0,,1,39 57:01.417,2.0,0,75 08:29.992,4,0,0,0,67301,0,0,0,N,0,0,0,1,68K01,1,,4,9,,N,N,,0,,0,0,1,0,0,N,214,1,1,0,0,0,0,0,3,4,0,1,7,,N,,,,,,,,,,,
2009097147,1600.0,2,0,0,0,0,0,0,0,0,4,0,,67,9,2009,5,40.0114,-75.2004,1541.0,6,0,0,0,0,0,0,0,0,,0,0,0,15,1,0,2,,0,40 00:41.287,,2,75 12:01.681,0,0,0,0,67301,0,0,0,N,0,0,0,2,67301,0,,1,1,,N,N,,0,,0,0,0,3,3,,1535,0,2,0,0,0,0,0,3,4,0,2,3,,N,,,,,,,,,,,
2009094281,1052.0,2,0,0,0,0,0,0,0,0,5,0,,67,8,2009,2,39.9467,-75.1562,1048.0,6,0,0,0,0,0,0,0,0,,0,0,0,10,1,1,0,,0,39 56:48.055,,0,75 09:22.323,8,0,0,0,67301,0,0,0,,0,0,0,3,67301,0,,1,1,,,,,0,,0,0,0,0,0,,1045,1,2,0,0,0,1,0,3,4,0,2,3,,N,,,,,,,,,,,
2009124269,1751.0,2,0,0,0,0,0,0,0,0,1,0,,67,11,2009,7,40.0631,-75.0516,1750.0,6,0,0,0,0,0,0,0,0,,0,0,0,17,3,1,1,,0,40 03:47.297,,0,75 03:06.176,4,0,0,0,67301,0,0,0,N,0,0,0,7,67301,1,,1,1,,N,N,,0,,0,0,0,0,0,,1741,1,2,0,0,0,0,0,3,4,0,2,3,,N,,,,,,,,,,,
2009124312,1835.0,3,0,0,0,0,0,0,0,0,1,0,,67,11,2009,6,40.0475,-75.0141,830.0,6,0,0,1,0,1,0,0,0,,0,0,0,18,3,3,2,,0,40 02:50.849,,0,75 00:50.507,4,0,0,0,67301,0,0,0,,0,0,0,9,67301,2,,1,1,,,,,0,,0,0,0,0,0,,1830,3,3,0,0,0,1,0,3,4,0,3,3,,N,,,,,,,,,,,
2009124402,1843.0,0,0,0,0,0,0,0,0,0,1,0,,67,11,2009,6,39.9722,-75.2449,1840.0,6,0,0,0,0,0,0,1,0,,0,0,0,18,3,1,1,,0,39 58:19.864,,0,75 14:41.952,8,0,0,0,67301,0,0,0,N,0,0,0,4,67301,0,,1,9,,N,N,,2,,0,0,0,3,2,,1838,1,3,0,0,0,1,0,3,4,1,3,7,,N,,,,,,,,,,,
2009083730,2103.0,2,0,0,0,0,0,0,0,0,5,0,,67,4,2009,6,39.9739,-75.1264,2100.0,6,0,0,0,0,0,0,1,0,,0,0,0,20,3,0,0,,0,39 58:25.964,,0,75 07:35.130,9,0,0,1,67301,0,0,0,N,0,0,0,1,67301,0,,1,1,,,,,1,,0,0,0,0,0,,2055,0,4,0,0,0,0,1,3,4,0,4,3,,N,,,,,,,,,,,
2009083772,1009.0,2,0,0,0,0,0,0,0,0,4,0,,67,7,2009,6,39.9509,-75.152,934.0,6,0,0,0,0,0,1,0,0,,0,0,0,9,1,1,1,,0,39 57:03.483,,0,75 09:07.159,8,0,0,0,67301,0,0,0,N,0,0,0,3,67301,0,,1,1,,N,N,,0,,0,0,1,3,2,,930,1,3,0,0,0,1,0,3,4,0,3,3,,N,,,,,,,,,,,
2009083834,2115.0,2,0,0,0,0,0,0,0,0,4,0,,67,7,2009,7,40.0319,-75.1629,2111.0,6,0,0,0,0,1,0,0,0,,0,0,0,21,3,2,1,,0,40 01:54.915,,0,75 09:46.429,4,0,0,0,67301,0,0,0,N,0,0,0,3,67301,1,,1,1,,N,N,,0,,0,0,0,3,3,,2108,2,2,0,0,0,1,0,3,4,0,2,3,,N,,,,,,,,,,,
2009065374,1957.0,1,0,0,0,0,0,0,0,0,4,0,,67,5,2009,2,40.0623,-75.0854,1945.0,6,0,0,0,0,0,0,0,0,,0,0,0,19,1,3,0,,0,40 03:44.457,,0,75 05:07.345,8,0,0,0,67301,0,0,0,,0,0,0,4,67301,0,,1,1,,,,,1,,0,0,0,0,0,,1940,3,2,0,0,0,3,1,3,4,0,2,3,,N,,,,,,,,,,,
2009065375,1728.0,2,0,0,0,0,0,0,0,0,1,0,99.0,67,5,2009,4,40.0185,-75.1671,1722.0,6,0,0,0,0,0,0,0,0,,0,0,0,17,1,2,6,,0,40 01:06.762,,2,75 10:01.463,4,0,0,0,67301,0,0,0,N,0,0,0,3,67301,1,,7,1,,N,N,,0,,0,0,0,3,3,,1720,2,2,0,0,0,1,0,3,4,0,2,3,,Y,8.0,8.0,U,U,U,U,U,U,U,U,
2009120534,920.0,2,0,0,0,0,0,0,0,0,1,0,,67,10,2009,5,40.0312,-75.0217,909.0,6,0,0,0,0,0,0,0,0,,0,0,0,7,1,1,2,,0,40 01:52.654,,0,75 01:18.461,4,0,0,0,67301,0,0,0,N,0,0,0,2,67301,1,,1,1,,N,N,,0,,0,0,0,3,2,,709,1,2,0,0,0,0,1,3,4,0,2,3,,N,,,,,,,,,,,