CRN,ARRIVAL_TM,AUTOMOBILE_COUNT,BELTED_DEATH_COUNT,BELTED_SUSP_SERIOUS_INJ_COUNT,BICYCLE_COUNT,BICYCLE_DEATH_COUNT,BICYCLE_SUSP_SERIOUS_INJ_COUNT,BUS_COUNT,CHLDPAS_DEATH_COUNT,CHLDPAS_SUSP_SERIOUS_INJ_COUNT,COLLISION_TYPE,COMM_VEH_COUNT,CONS_ZONE_SPD_LIM,COUNTY,CRASH_MONTH,CRASH_YEAR,DAY_OF_WEEK,DEC_LAT,DEC_LONG,DISPATCH_TM,DISTRICT,DRIVER_COUNT_16YR,DRIVER_COUNT_17YR,DRIVER_COUNT_18YR,DRIVER_COUNT_19YR,DRIVER_COUNT_20YR,DRIVER_COUNT_50_64YR,DRIVER_COUNT_65_74YR,DRIVER_COUNT_75PLUS,EST_HRS_CLOSED,FATAL_COUNT,HEAVY_TRUCK_COUNT,HORSE_BUGGY_COUNT,HOUR_OF_DAY,ILLUMINATION,INJURY_COUNT,INTERSECT_TYPE,INTERSECTION_RELATED,LANE_CLOSED,LATITUDE,LN_CLOSE_DIR,LOCATION_TYPE,LONGITUDE,MAX_SEVERITY_LEVEL,MCYCLE_DEATH_COUNT,MCYCLE_SUSP_SERIOUS_INJ_COUNT,MOTORCYCLE_COUNT,MUNICIPALITY,NONMOTR_COUNT,NONMOTR_DEATH_COUNT,NONMOTR_SUSP_SERIOUS_INJ_COUNT,NTFY_HIWY_MAINT,PED_COUNT,PED_DEATH_COUNT,PED_SUSP_SERIOUS_INJ_COUNT,PERSON_COUNT,POLICE_AGCY,POSSIBLE_INJ_COUNT,RDWY_SURF_TYPE_CD,RELATION_TO_ROAD,ROAD_CONDITION,ROADWAY_CLEARED,SCH_BUS_IND,SCH_ZONE_IND,SECONDARY_CRASH,SMALL_TRUCK_COUNT,SPEC_JURIS_CD,SUSP_MINOR_INJ_COUNT,SUSP_SERIOUS_INJ_COUNT,SUV_COUNT,TCD_FUNC_CD,TCD_TYPE,TFC_DETOUR_IND,TIME_OF_DAY,TOT_INJ_COUNT,TOTAL_UNITS,UNB_DEATH_COUNT,UNB_SUSP_SERIOUS_INJ_COUNT,UNBELTED_OCC_COUNT,UNK_INJ_DEG_COUNT,UNK_INJ_PER_COUNT,URBAN_AREA,URBAN_RURAL,VAN_COUNT,VEHICLE_COUNT,WEATHER1,WEATHER2,WORK_ZONE_IND,WORK_ZONE_LOC,WORK_ZONE_TYPE,WORKERS_PRES,WZ_CLOSE_DETOUR,WZ_FLAGGER,WZ_LAW_OFFCR_IND,WZ_LN_CLOSURE,WZ_MOVING,WZ_OTHER,WZ_SHLDER_MDN,WZ_WORKERS_INJ_KILLED
2009120632,859.0,1,0,0,0,0,0,0,0,0,7,0,,67,11,2009,1,40.1018,-75.0275,855.0,6,0,0,0,0,0,0,0,0,,0,0,0,8,1,1,1,,0,40 06:06.588,,0,75 01:38.906,4,0,0,0,67301,0,0,0,,0,0,0,1,67301,1,,2,9,,,,,0,,0,0,0,3,2,,850,1,1,0,0,0,0,0,3,4,0,1,7,,N,,,,,,,,,,,
2009120658,1030.0,0,0,0,0,0,0,0,0,0,5,0,,67,7,2009,6,40.0338,-75.1557,1029.0,6,0,0,0,0,0,0,0,0,,0,0,0,10,1,1,0,,0,40 02:01.633,,0,75 09:20.397,8,0,0,1,67301,0,0,0,N,0,0,0,2,67301,0,,1,1,,N,N,,0,,0,0,0,0,0,,1029,1,2,0,0,0,1,1,3,4,0,2,3,,N,,,,,,,,,,,
2009120707,1520.0,2,0,0,0,0,0,0,0,0,4,0,,67,10,2009,5,39.9417,-75.2228,1520.0,6,0,1,0,0,0,0,0,0,,0,0,0,15,1,1,1,,0,39 56:29.947,,0,75 13:21.989,8,0,0,0,67301,0,0,0,N,0,0,0,3,67301,0,,1,1,,,,,0,,0,0,0,3,2,,1520,1,2,0,0,0,1,0,3,4,0,2,3,,N,,,,,,,,,,,
2009120749,200.0,2,0,0,0,0,0,0,0,0,3,0,,67,11,2009,1,40.0295,-75.1467,154.0,6,0,0,0,0,0,0,0,0,,0,0,0,1,3,1,1,,0,40 01:45.991,,0,75 08:48.615,4,0,0,0,67301,0,0,0,N,0,0,0,6,67301,1,,1,9,,N,N,,0,,0,0,1,3,2,,154,1,3,0,0,0,0,0,3,4,0,3,7,,N,,,,,,,,,,,
2009071416,827.0,1,0,0,0,0,0,0,0,0,1,0,,67,6,2009,5,40.0595,-75.1938,822.0,6,0,0,0,0,0,0,0,0,,0,0,0,8,1,0,0,,0,40 03:34.064,,0,75 11:37.697,0,0,0,0,67301,0,0,0,N,0,0,0,1,67301,0,,2,1,,N,N,,0,,0,0,1,0,0,,815,0,2,0,0,0,0,0,3,4,0,2,3,,N,,,,,,,,,,,
2009063916,1442.0,1,0,0,0,0,0,0,0,0,1,0,,67,5,2009,6,40.0401,-75.1086,1433.0,6,0,0,0,0,0,0,0,0,,0,0,0,14,1,1,0,,0,40 02:24.188,,0,75 06:31.099,3,0,0,0,67301,0,0,0,N,0,0,0,2,67301,0,,1,1,,N,N,,1,,1,0,0,3,2,,1428,1,2,0,0,0,0,0,3,4,0,2,3,,N,,,,,,,,,,,
2009088070,1214.0,2,0,0,0,0,0,0,0,0,1,0,,67,8,2009,3,40.0212,-75.0407,1210.0,6,0,0,0,0,0,1,0,0,1.0,0,0,0,12,1,1,0,,2,40 01:18.840,1.0,0,75 02:19.320,3,0,0,0,67301,0,0,0,N,0,0,0,2,68K01,0,,1,1,,N,N,,0,,1,0,0,0,0,N,1208,1,2,0,0,0,0,0,3,4,0,2,3,,N,,,,,,,,,,,
2009085855,1516.0,2,0,0,0,0,0,0,0,0,1,0,,67,8,2009,2,39.9598,-75.1771,1511.0,6,0,0,0,0,0,0,0,0,2.0,0,0,0,15,1,0,0,,2,39 57:35.842,4.0,0,75 10:42.395,0,0,0,0,67301,0,0,0,N,0,0,0,4,68K01,0,,1,1,,N,N,,0,,0,0,0,0,0,N,1507,0,2,0,0,0,0,0,3,4,0,2,3,,N,,,,,,,,,,,
2009065792,303.0,1,0,0,0,0,0,0,0,0,7,0,,67,5,2009,4,39.9553,-75.1478,303.0,6,0,0,0,0,0,0,0,0,1.0,0,0,0,3,3,1,0,,2,39 57:18.712,4.0,3,75 08:50.805,3,0,0,0,67301,0,0,0,N,0,0,0,1,67501,0,,2,9,,N,N,,0,,1,0,0,0,0,N,303,1,1,0,0,1,0,0,3,4,0,1,3,,N,,,,,,,,,,,
2009065818,1440.0,2,0,0,0,0,0,0,0,0,4,0,,67,3,2009,2,40.0056,-75.1033,1435.0,6,0,0,0,0,0,1,0,0,,0,0,0,14,1,1,1,,0,40 00:20.131,,0,75 06:11.812,4,0,0,0,67301,0,0,0,,0,0,0,3,67301,1,,1,1,,N,N,,0,,0,0,0,0,0,,1430,1,2,0,0,1,0,0,3,4,0,2,3,,N,,,,,,,,,,,
2009085997,1406.0,2,0,0,0,0,0,0,0,0,5,1,,67,8,2009,2,40.0394,-75.2411,1401.0,6,0,0,0,0,0,0,0,0,3.0,0,1,0,14,1,2,0,,2,40 02:21.750,5.0,0,75 14:27.849,8,0,0,0,67301,0,0,0,N,0,0,0,3,67301,0,,1,1,,N,N,,0,,0,0,0,0,0,Y,1400,2,3,0,0,0,2,0,3,4,0,3,3,,N,,,,,,,,,,,
2009086087,925.0,1,0,0,0,0,0,0,0,0,8,0,,67,7,2009,5,40.0358,-75.1747,925.0,6,0,0,0,0,0,0,1,0,1.0,0,0,0,9,1,1,1,,2,40 02:08.965,2.0,0,75 10:29.000,8,0,0,0,67301,1,0,0,N,1,0,0,2,67301,0,,1,1,,,N,,0,,0,0,0,3,2,Y,922,1,2,0,0,0,1,0,3,4,0,1,3,,N,,,,,,,,,,,
2009086494,1515.0,2,0,0,0,0,0,0,0,0,4,0,,67,7,2009,6,40.0366,-75.0645,1515.0,6,0,0,0,0,0,0,0,0,1.0,0,0,0,15,1,2,1,,1,40 02:11.789,2.0,0,75 03:52.061,4,0,0,0,67301,0,0,0,,0,0,0,4,67301,2,,1,1,,,,,0,,0,0,0,3,2,N,1510,2,2,0,0,0,0,0,3,4,0,2,3,,N,,,,,,,,,,,
2009078861,1606.0,2,0,0,0,0,0,0,0,0,5,0,,67,7,2009,1,39.9342,-75.1809,1600.0,6,0,0,0,0,0,0,0,0,,0,0,0,99,1,1,0,,0,39 56:03.044,,0,75 10:51.351,4,0,0,0,67301,0,0,0,,0,0,0,2,67301,1,,1,1,,,,,0,,0,0,0,0,0,,9999,1,2,0,0,0,0,0,3,4,0,2,3,,N,,,,,,,,,,,
2009081656,1538.0,1,0,0,0,0,0,0,0,0,4,0,,67,7,2009,5,39.9944,-75.0944,1535.0,6,0,0,0,0,0,1,0,0,,0,1,0,15,1,1,0,,0,39 59:40.013,,7,75 05:39.728,4,0,0,0,67301,0,0,0,,0,0,0,3,67301,1,,1,1,,,,,0,,0,0,0,0,0,,1530,1,2,0,0,0,0,0,3,4,0,2,3,,N,,,,,,,,,,,
2009079151,1600.0,1,0,0,0,0,0,0,0,0,8,0,,67,7,2009,1,39.9261,-75.1769,1555.0,6,0,0,0,0,0,0,0,0,,0,0,0,15,1,1,0,,0,39 55:33.981,,0,75 10:36.858,8,0,0,0,67301,1,0,0,N,1,0,0,2,67301,0,,1,1,,N,N,,0,,0,0,0,3,3,,1545,1,2,0,0,0,1,1,3,4,0,1,3,,N,,,,,,,,,,,
2009071443,330.0,3,0,0,0,0,0,0,0,0,4,0,,67,6,2009,2,39.9932,-75.1731,326.0,6,0,0,0,0,0,1,0,0,2.0,0,0,0,3,3,1,1,,2,39 59:35.419,7.0,0,75 10:23.001,4,0,0,0,67301,0,0,0,N,0,0,0,2,67301,1,,1,9,,N,N,,0,,0,0,1,3,3,Y,326,1,4,0,0,0,0,1,3,4,0,4,3,,N,,,,,,,,,,,
2009079273,956.0,3,0,0,0,0,0,0,0,0,1,0,,67,7,2009,2,39.9491,-75.2279,954.0,6,0,0,0,0,0,0,0,0,,0,0,0,9,1,0,0,,0,39 56:56.590,,0,75 13:40.458,0,0,0,0,67301,0,0,0,N,0,0,0,1,67301,0,,6,9,,N,N,,0,,0,0,0,0,0,,954,0,3,0,0,0,0,0,3,4,0,3,3,,N,,,,,,,,,,,
2009079473,1650.0,1,0,0,0,0,0,0,0,0,7,0,,67,7,2009,4,40.0631,-75.0516,1650.0,6,0,0,0,0,0,1,0,0,,0,0,0,14,1,2,1,,0,40 03:47.120,,0,75 03:05.897,8,0,0,0,67301,0,0,0,,0,0,0,2,67301,0,,4,1,,,,,0,,0,0,0,3,2,,1450,2,1,0,0,0,2,0,3,4,0,1,3,,N,,,,,,,,,,,
2009074501,735.0,1,0,0,0,0,0,1,0,0,1,1,,67,6,2009,6,39.9268,-75.2413,732.0,6,0,0,0,0,0,1,0,0,,0,0,0,7,1,1,0,,0,39 55:36.619,,0,75 14:28.621,4,0,0,0,67301,0,0,0,N,0,0,0,3,67301,1,,1,1,,Y,N,,0,,0,0,0,0,0,,728,1,2,0,0,0,0,0,3,4,0,2,3,,N,,,,,,,,,,,
2009074311,833.0,1,0,0,0,0,0,0,0,0,4,0,,67,6,2009,7,39.9453,-75.1786,832.0,6,0,0,0,0,0,0,0,0,,0,0,0,8,1,2,1,,0,39 56:42.990,,0,75 10:42.837,8,0,0,0,67301,0,0,0,,0,0,0,2,67301,0,,1,1,,N,N,,1,,0,0,0,3,2,,830,2,2,0,0,0,2,0,3,4,0,2,3,,N,,,,,,,,,,,
2009074548,745.0,2,0,0,0,0,0,0,0,0,6,0,,67,6,2009,3,39.9745,-75.1366,743.0,6,0,0,0,0,0,0,0,0,,0,0,0,7,1,3,1,,0,39 58:28.257,,0,75 08:11.853,4,0,0,0,67301,0,0,0,N,0,0,0,3,67301,3,,1,9,,N,N,,0,,0,0,0,3,3,,730,3,2,0,0,0,0,0,3,4,0,2,7,,N,,,,,,,,,,,
2009074572,930.0,3,0,0,0,0,0,0,0,0,1,0,,67,6,2009,7,39.9722,-75.2449,924.0,6,0,0,0,1,0,0,0,0,,0,0,0,99,1,1,1,,0,39 58:19.864,,0,75 14:41.952,8,0,0,0,67301,0,0,0,N,0,0,0,3,67301,0,,1,9,,N,N,,1,,0,0,0,3,2,,9999,1,4,0,0,0,1,1,3,4,0,4,7,,N,,,,,,,,,,,
2009074603,1730.0,1,0,0,1,0,0,0,0,0,4,0,,67,6,2009,4,39.988,-75.1059,1215.0,6,0,0,0,0,0,0,0,0,,0,0,0,12,1,1,1,,0,39 59:16.781,,0,75 06:21.368,4,0,0,0,67301,1,0,0,,0,0,0,2,67301,1,,1,1,,,,,0,,0,0,0,3,2,,1210,1,2,0,0,0,0,0,3,4,0,1,3,,N,,,,,,,,,,,
2009026677,1035.0,1,0,0,1,0,0,0,0,0,6,0,,67,1,2009,1,39.9401,-75.1712,1030.0,6,0,0,0,0,0,0,0,0,,0,0,0,10,1,1,1,,0,39 56:24.532,,0,75 10:16.424,4,0,0,0,67301,1,0,0,N,0,0,0,2,67301,1,,1,1,,N,N,,0,,0,0,0,0,0,,1025,1,2,0,0,0,0,0,3,4,0,1,3,,N,,,,,,,,,,,
2009065279,1350.0,1,0,0,0,0,0,0,0,0,4,0,,67,5,2009,5,40.0266,-75.1664,1348.0,6,0,0,0,0,0,0,1,0,,0,0,0,13,1,1,1,,0,40 01:35.738,,0,75 09:59.137,4,0,0,0,67301,0,0,0,N,0,0,0,2,67301,1,,1,1,,N,N,,0,,0,0,0,3,3,,1342,1,2,0,0,0,0,0,3,4,1,2,3,,N,,,,,,,,,,,
2009063109,139.0,0,0,0,0,0,0,0,0,0,7,0,,67,6,2009,6,39.9857,-75.2584,135.0,6,0,0,0,0,0,0,0,0,1.0,0,0,0,1,3,0,0,,1,39 59:08.559,2.0,0,75 15:30.079,0,0,0,0,67301,0,0,0,N,0,0,0,2,46104,0,,4,9,,N,N,,0,,0,0,1,0,0,N,135,0,1,0,0,2,0,0,3,4,0,1,7,,N,,,,,,,,,,,
2009090128,641.0,3,0,0,0,0,0,0,0,0,1,0,,67,8,2009,2,39.9569,-75.1555,639.0,6,0,0,0,0,0,0,0,0,1.0,0,0,0,6,1,2,0,,2,39 57:24.840,3.0,0,75 09:19.800,8,0,0,0,67301,0,0,0,N,0,0,0,5,68K01,0,,1,1,,N,N,,1,,0,0,1,0,0,N,635,2,5,0,0,0,2,0,3,4,0,5,3,,N,,,,,,,,,,,
2009092934,2000.0,0,0,0,0,0,0,0,0,0,1,0,,67,9,2009,3,40.0324,-75.0635,2000.0,6,0,0,0,0,0,1,0,0,,0,0,0,20,3,1,0,,0,40 01:56.733,,0,75 03:48.621,8,0,0,1,67301,0,0,0,N,0,0,0,2,67301,0,,1,1,,N,N,,0,,0,0,1,3,2,,2000,1,2,0,0,0,1,0,3,4,0,2,3,,N,,,,,,,,,,,
2009092878,602.0,1,0,0,0,0,0,0,0,0,7,0,,67,9,2009,2,39.8988,-75.1793,553.0,6,0,0,0,0,0,1,0,0,1.0,0,0,0,5,3,0,0,,1,39 53:56.040,1.0,0,75 10:06.960,0,0,0,0,67301,0,0,0,N,0,0,0,1,68K01,0,,2,1,,N,N,,0,,0,0,0,0,0,N,549,0,1,0,0,0,0,0,3,4,0,1,3,,N,,,,,,,,,,,
2009085859,2220.0,0,0,0,0,0,0,0,0,0,0,0,,67,8,2009,5,39.9589,-75.1709,2217.0,6,0,0,0,0,0,0,0,0,2.0,0,0,0,22,3,0,0,,2,39 57:32.040,3.0,0,75 10:15.240,0,0,0,1,67301,0,0,0,N,0,0,0,1,68K01,0,,1,1,,N,N,,0,,0,0,0,0,0,N,2215,0,1,0,0,0,0,0,3,4,0,1,3,,N,,,,,,,,,,,
2009086093,1709.0,1,0,0,0,0,0,0,0,0,8,0,,67,5,2009,4,39.9534,-75.1716,1705.0,6,0,0,0,0,0,0,0,0,1.0,0,0,0,17,1,1,1,,1,39 57:12.163,3.0,0,75 10:17.838,3,0,0,0,67301,1,0,0,N,1,0,0,3,67301,0,,1,1,,N,N,,0,,1,0,0,3,2,N,1705,1,2,0,0,0,0,0,3,4,0,1,3,,N,,,,,,,,,,,
2009078304,1707.0,3,0,0,0,0,0,0,0,0,1,0,,67,7,2009,5,39.962,-75.1825,1701.0,6,0,0,0,0,0,3,0,0,1.0,0,0,0,16,1,2,0,,1,39 57:46.288,4.0,0,75 10:59.984,8,0,0,0,67301,0,0,0,N,0,0,0,3,68K01,0,,1,1,,N,N,,0,,0,0,0,0,0,N,1658,2,3,0,0,0,2,0,3,4,0,3,3,,N,,,,,,,,,,,
2009086485,1645.0,2,0,0,0,0,0,0,0,0,1,0,,67,8,2009,2,40.0145,-75.1311,1640.0,6,0,0,0,0,0,2,0,0,,0,0,0,16,1,1,1,,0,40 00:52.185,,0,75 07:52.121,8,0,0,0,67301,0,0,0,,0,0,0,2,67301,0,,1,1,,N,N,,0,,0,0,0,3,2,,1640,1,2,0,0,0,1,1,3,4,0,2,3,,N,,,,,,,,,,,
2009078796,744.0,1,0,0,0,0,0,0,0,0,4,0,,67,7,2009,1,40.0341,-75.1059,739.0,6,0,0,0,0,0,0,0,0,,0,0,0,7,1,2,1,,0,40 02:02.803,,0,75 06:21.333,4,0,0,0,67301,0,0,0,N,0,0,0,2,67301,2,,1,1,,N,N,,0,,0,0,1,1,3,,735,2,2,0,0,2,0,0,3,4,0,2,3,,N,,,,,,,,,,,
2009079097,910.0,1,0,0,0,0,0,0,0,0,1,0,,67,7,2009,2,40.0999,-74.9653,905.0,6,0,0,0,0,0,0,0,0,,0,0,0,9,1,1,0,,0,40 05:59.489,,0,74 57:55.053,8,0,0,0,67301,0,0,0,N,0,0,0,1,67301,0,,5,1,,N,N,,0,,0,0,1,3,3,,900,1,2,0,0,1,1,0,3,4,0,2,3,,N,,,,,,,,,,,
2009079099,2255.0,1,0,0,0,0,0,0,0,0,1,0,,67,7,2009,2,40.0484,-74.9903,2250.0,6,0,0,0,0,0,0,0,0,,0,0,0,22,3,2,2,,0,40 02:53.993,,0,74 59:25.348,4,0,0,0,67301,0,0,0,,0,0,0,2,67301,2,,1,1,,N,N,,1,,0,0,0,3,2,,2247,2,2,0,0,0,0,0,3,4,0,2,3,,N,,,,,,,,,,,
2009079160,1831.0,2,0,0,0,0,0,0,0,0,4,0,,67,7,2009,7,39.973,-75.2261,1830.0,6,0,1,0,0,0,0,0,0,,0,0,0,18,1,1,1,,0,39 58:22.755,,0,75 13:34.045,8,0,0,0,67301,0,0,0,,0,0,0,6,67301,0,,1,1,,,,,0,,0,0,0,1,2,,1829,1,2,0,0,6,1,0,3,4,0,2,3,,N,,,,,,,,,,,
2009074489,1417.0,1,0,0,1,0,0,0,0,0,1,0,,67,6,2009,3,39.9528,-75.1921,1413.0,6,0,0,0,0,0,0,0,0,,0,0,0,14,1,1,1,,0,39 57:10.095,,0,75 11:31.530,3,0,0,0,67301,1,0,0,N,0,0,0,2,67301,0,,1,1,,N,N,,0,,1,0,0,3,2,,1412,1,2,0,0,0,0,0,3,4,0,1,3,,N,,,,,,,,,,,
2009074585,126.0,2,0,0,0,0,0,0,0,0,1,0,,67,6,2009,3,39.9348,-75.1426,124.0,6,0,0,0,0,0,0,0,0,,0,0,0,1,3,1,1,,0,39 56:05.990,,0,75 08:33.703,8,0,0,0,67301,0,0,0,N,0,0,0,2,67301,0,,1,1,,N,N,,0,,0,0,0,3,2,,120,1,2,0,0,0,1,0,3,4,0,2,3,,N,,,,,,,,,,,
2009074613,1017.0,2,0,0,0,0,0,0,0,0,4,0,,67,6,2009,2,40.0452,-75.0774,1015.0,6,0,0,1,0,0,0,0,0,,0,0,0,10,1,1,1,,0,40 02:42.597,,0,75 04:38.607,3,0,0,0,67301,0,0,0,N,0,0,0,2,67301,0,,1,1,,N,N,,1,,1,0,0,0,0,,1009,1,3,0,0,1,0,0,3,4,0,3,3,,N,,,,,,,,,,,
2009069360,9999.0,0,0,0,0,0,0,0,0,0,4,0,,67,5,2009,2,39.9358,-75.2286,1811.0,6,0,0,0,0,0,0,0,0,,0,0,0,99,1,3,2,,0,39 56:08.815,,0,75 13:42.823,2,0,1,1,67301,0,0,0,N,0,0,0,3,67301,0,,1,1,,N,N,,0,,0,1,0,3,2,,9999,3,2,0,0,0,2,0,3,4,1,2,3,,N,,,,,,,,,,,
2009066912,1955.0,0,0,0,0,0,0,0,0,0,7,0,,67,6,2009,7,40.1343,-75.0091,1950.0,6,0,0,0,0,0,1,0,0,,0,0,0,19,4,1,1,,0,40 08:03.669,,0,75 00:32.519,3,0,0,1,67301,0,0,0,N,0,0,0,1,67301,0,,4,1,,N,N,,0,,1,0,0,3,2,,1950,1,1,0,0,0,0,0,3,4,0,1,3,,N,,,,,,,,,,,
2009070071,217.0,1,0,0,0,0,0,0,0,0,7,0,,67,6,2009,5,39.904,-75.2401,215.0,6,0,0,0,0,0,0,0,0,1.0,0,0,0,2,3,0,1,,1,39 54:14.619,4.0,0,75 14:25.049,0,0,0,0,67301,0,0,0,,0,0,0,1,67301,0,,3,9,,N,N,,0,,0,0,0,9,2,N,205,0,2,0,0,0,0,0,3,4,0,1,7,,N,,,,,,,,,,,
2009067644,1345.0,0,0,0,0,0,0,0,0,0,1,1,,67,5,2009,6,40.0201,-75.1488,1340.0,6,0,0,0,0,1,0,0,0,,0,1,0,13,1,1,1,,0,40 01:12.183,,0,75 08:55.615,4,0,0,0,67301,0,0,0,N,0,0,0,7,67301,1,,1,1,,N,N,,0,,0,0,1,0,0,,1335,1,2,0,0,0,0,1,3,4,0,2,3,,N,,,,,,,,,,,
2009092948,611.0,0,0,0,0,0,0,0,0,0,7,0,,67,8,2009,7,39.9898,-75.2449,601.0,6,0,0,0,0,0,1,0,0,,0,0,0,6,5,1,0,,0,39 59:23.172,,0,75 14:41.744,3,0,0,0,67301,0,0,0,,0,0,0,1,67301,0,,5,9,,,,,0,,1,0,1,0,0,,601,1,1,0,0,0,0,0,3,4,0,1,7,,N,,,,,,,,,,,
2009093175,430.0,1,0,0,0,0,0,0,0,0,1,0,,67,8,2009,7,40.026,-75.122,425.0,6,0,0,0,0,0,1,0,0,,0,0,0,4,3,1,1,,0,40 01:33.550,,0,75 07:19.144,4,0,0,0,67301,0,0,0,N,0,0,0,2,67301,1,,1,1,,N,N,,0,,0,0,1,3,2,,425,1,2,0,0,0,0,0,3,4,0,2,3,,N,,,,,,,,,,,
2009067128,0.0,0,0,0,0,0,0,0,0,0,6,1,,67,6,2009,7,40.0321,-75.1456,0.0,6,0,0,0,0,0,1,0,0,,0,1,0,0,3,1,2,,0,40 01:55.606,,0,75 08:44.332,4,0,0,1,67301,0,0,0,N,0,0,0,2,67301,1,,5,1,,N,N,,0,,0,0,0,0,0,,0,1,2,0,0,0,0,0,3,4,0,2,3,,N,,,,,,,,,,,
2009067540,1555.0,2,0,0,0,0,0,0,0,0,4,0,,67,6,2009,1,40.0154,-75.1549,1551.0,6,0,0,0,0,1,0,0,0,,0,0,0,99,1,3,0,,0,40 00:55.553,,0,75 09:17.796,4,0,0,0,67301,0,0,0,N,0,0,0,4,67301,3,,1,1,,N,N,,0,,0,0,0,0,0,,9999,3,2,0,0,0,0,0,3,4,0,2,3,,N,,,,,,,,,,,
2009064932,842.0,2,0,0,0,0,0,0,0,0,4,0,,67,5,2009,3,40.0467,-75.1814,832.0,6,0,0,0,0,0,0,1,0,9.0,0,0,0,8,1,0,0,,1,40 02:48.127,4.0,0,75 10:53.029,0,0,0,0,67301,0,0,0,N,0,0,0,2,67301,0,,1,9,,N,N,,0,,0,0,0,0,0,N,832,0,2,0,0,0,0,0,3,4,0,2,7,,N,,,,,,,,,,,
2009084112,1915.0,0,0,0,0,0,0,1,0,0,8,1,,67,7,2009,4,39.9515,-75.1567,1910.0,6,0,0,0,0,0,0,0,0,,0,0,0,19,1,1,1,,0,39 57:05.291,,0,75 09:23.992,4,0,0,0,67301,1,0,0,,1,0,0,2,67301,1,,1,1,,N,N,,0,,0,0,0,3,2,,1908,1,2,0,0,0,0,0,3,4,0,1,3,,N,,,,,,,,,,,
2009118915,9999.0,1,0,0,0,0,0,0,0,0,0,0,,67,10,2009,1,39.9763,-75.1197,9999.0,6,0,0,0,0,0,0,0,0,,0,0,0,99,3,0,1,,0,39 58:38.669,,0,75 07:09.276,9,0,0,0,67301,0,0,0,,0,0,0,4,67301,0,,2,9,,,,,0,,0,0,0,3,2,,9999,0,1,0,0,0,0,1,3,4,0,1,7,,N,,,,,,,,,,,
2009106201,1957.0,2,0,0,0,0,0,0,0,0,6,0,,67,10,2009,1,39.9503,-75.1917,1955.0,6,0,0,0,0,0,0,0,0,,0,0,0,19,4,0,1,,0,39 57:20.355,,0,75 11:22.103,0,0,0,0,67301,0,0,0,N,0,0,0,4,67301,0,,1,1,,N,N,,0,,0,0,0,3,2,,1950,0,2,0,0,1,0,0,3,4,0,2,3,,N,,,,,,,,,,,
2009120816,1023.0,1,0,0,0,0,0,0,0,0,5,1,,67,10,2009,4,39.9699,-75.1451,1023.0,6,0,0,0,0,0,0,0,0,3.0,0,1,0,99,1,0,0,,1,39 58:11.645,1.0,0,75 08:42.340,0,0,0,0,67301,0,0,0,,0,0,0,1,67301,0,,1,1,,,,,0,,0,0,0,0,0,N,9999,0,2,0,0,0,0,0,3,4,0,2,3,,N,,,,,,,,,,,
2009106327,1906.0,1,0,0,0,0,0,0,0,0,1,0,,67,10,2009,5,39.9591,-75.1723,1843.0,6,0,0,0,0,0,1,0,0,,0,0,0,18,4,1,0,,0,39 57:32.626,,0,75 10:20.459,4,0,0,0,67301,0,0,0,N,0,0,0,4,68K01,1,,1,1,,N,N,,0,,0,0,1,0,0,,1837,1,2,0,0,0,0,2,3,4,0,2,3,,N,,,,,,,,,,,
2009093578,943.0,0,0,0,0,0,0,1,0,0,2,1,,67,8,2009,7,39.9372,-75.1615,944.0,6,0,0,0,0,0,1,0,0,,0,0,0,9,1,4,1,,0,39 56:13.855,,0,75 09:41.371,4,0,0,0,67301,0,0,0,,0,0,0,5,67301,3,,1,9,,,,,0,,0,0,0,3,2,,940,4,2,0,0,0,1,0,3,4,1,2,7,,N,,,,,,,,,,,
2009054302,1833.0,1,0,0,0,0,0,0,0,0,8,0,,67,4,2009,3,39.993,-75.1103,1831.0,6,0,0,0,0,0,0,0,0,,0,0,0,18,1,1,1,,0,39 59:34.615,,0,75 06:37.098,3,0,0,0,67301,1,0,0,N,1,0,0,2,67301,0,,1,1,,N,N,,0,,1,0,0,9,2,,1825,1,2,0,0,0,0,0,3,4,0,1,3,,N,,,,,,,,,,,
2009054436,35.0,1,0,0,0,0,0,0,0,0,1,0,,67,4,2009,1,40.1122,-74.9908,25.0,6,0,0,0,0,0,0,0,0,1.0,0,0,0,0,3,2,2,,1,40 06:44.110,2.0,7,74 59:26.934,4,0,0,0,67301,0,0,0,,0,0,0,2,67301,2,,1,1,,,,,0,,0,0,1,3,2,N,15,2,2,0,0,0,0,0,3,4,0,2,3,,N,,,,,,,,,,,
2009054480,25.0,2,0,0,0,0,0,0,0,0,4,0,,67,5,2009,7,40.0265,-75.0975,23.0,6,0,0,0,1,0,0,0,0,1.0,0,0,0,0,3,1,1,,1,40 01:36.580,1.0,0,75 05:52.985,8,0,0,0,67301,0,0,0,,0,0,0,3,67301,0,,1,1,,N,N,,0,,0,0,0,3,2,N,21,1,2,0,0,0,1,0,3,4,0,2,3,,N,,,,,,,,,,,