CRN,ARRIVAL_TM,AUTOMOBILE_COUNT,BELTED_DEATH_COUNT,BELTED_SUSP_SERIOUS_INJ_COUNT,BICYCLE_COUNT,BICYCLE_DEATH_COUNT,BICYCLE_SUSP_SERIOUS_INJ_COUNT,BUS_COUNT,CHLDPAS_DEATH_COUNT,CHLDPAS_SUSP_SERIOUS_INJ_COUNT,COLLISION_TYPE,COMM_VEH_COUNT,CONS_ZONE_SPD_LIM,COUNTY,CRASH_MONTH,CRASH_YEAR,DAY_OF_WEEK,DEC_LAT,DEC_LONG,DISPATCH_TM,DISTRICT,DRIVER_COUNT_16YR,DRIVER_COUNT_17YR,DRIVER_COUNT_18YR,DRIVER_COUNT_19YR,DRIVER_COUNT_20YR,DRIVER_COUNT_50_64YR,DRIVER_COUNT_65_74YR,DRIVER_COUNT_75PLUS,EST_HRS_CLOSED,FATAL_COUNT,HEAVY_TRUCK_COUNT,HORSE_BUGGY_COUNT,HOUR_OF_DAY,ILLUMINATION,INJURY_COUNT,INTERSECT_TYPE,INTERSECTION_RELATED,LANE_CLOSED,LATITUDE,LN_CLOSE_DIR,LOCATION_TYPE,LONGITUDE,MAX_SEVERITY_LEVEL,MCYCLE_DEATH_COUNT,MCYCLE_SUSP_SERIOUS_INJ_COUNT,MOTORCYCLE_COUNT,MUNICIPALITY,NONMOTR_COUNT,NONMOTR_DEATH_COUNT,NONMOTR_SUSP_SERIOUS_INJ_COUNT,NTFY_HIWY_MAINT,PED_COUNT,PED_DEATH_COUNT,PED_SUSP_SERIOUS_INJ_COUNT,PERSON_COUNT,POLICE_AGCY,POSSIBLE_INJ_COUNT,RDWY_SURF_TYPE_CD,RELATION_TO_ROAD,ROAD_CONDITION,ROADWAY_CLEARED,SCH_BUS_IND,SCH_ZONE_IND,SECONDARY_CRASH,SMALL_TRUCK_COUNT,SPEC_JURIS_CD,SUSP_MINOR_INJ_COUNT,SUSP_SERIOUS_INJ_COUNT,SUV_COUNT,TCD_FUNC_CD,TCD_TYPE,TFC_DETOUR_IND,TIME_OF_DAY,TOT_INJ_COUNT,TOTAL_UNITS,UNB_DEATH_COUNT,UNB_SUSP_SERIOUS_INJ_COUNT,UNBELTED_OCC_COUNT,UNK_INJ_DEG_COUNT,UNK_INJ_PER_COUNT,URBAN_AREA,URBAN_RURAL,VAN_COUNT,VEHICLE_COUNT,WEATHER1,WEATHER2,WORK_ZONE_IND,WORK_ZONE_LOC,WORK_ZONE_TYPE,WORKERS_PRES,WZ_CLOSE_DETOUR,WZ_FLAGGER,WZ_LAW_OFFCR_IND,WZ_LN_CLOSURE,WZ_MOVING,WZ_OTHER,WZ_SHLDER_MDN,WZ_WORKERS_INJ_KILLED
2009083568,2032.0,1,0,0,0,0,0,0,0,0,7,0,,67,7,2009,1,39.993,-75.2176,2023.0,6,0,0,0,0,0,0,0,1,,0,0,0,20,4,1,1,,0,39 59:34.823,,0,75 13:03.365,8,0,0,0,67301,0,0,0,N,0,0,0,1,67301,0,,5,1,,N,N,,0,,0,0,0,0,0,,2009,1,1,0,0,0,1,0,3,4,0,1,3,,N,,,,,,,,,,,
2009083582,1730.0,1,0,0,0,0,0,0,0,0,8,0,,67,7,2009,2,40.0139,-75.1861,1725.0,6,0,0,0,0,0,0,0,0,,0,0,0,17,1,1,0,,0,40 00:50.059,,0,75 11:10.063,8,0,0,0,67301,1,0,0,,1,0,0,2,67301,0,,9,1,,,,,0,,0,0,0,0,0,,1724,1,2,0,0,0,1,0,3,4,0,1,3,,N,,,,,,,,,,,
2010002958,930.0,0,0,0,0,0,0,0,0,0,5,0,,67,11,2009,4,39.9743,-75.2323,927.0,6,0,0,0,0,0,0,0,0,,0,0,0,16,1,1,0,,0,39 58:27.602,,0,75 13:56.427,4,0,0,0,67301,1,0,0,,1,0,0,2,67301,1,,1,1,,N,,,1,,0,0,0,0,0,,1630,1,2,0,0,0,0,0,3,4,0,1,3,,N,,,,,,,,,,,
2010002959,2205.0,1,0,0,0,0,0,0,0,0,6,0,,67,11,2009,6,40.0163,-75.1913,2200.0,6,0,0,0,0,0,0,0,0,,0,0,0,18,3,0,0,,0,40 00:58.528,,0,75 11:28.667,0,0,0,0,67301,0,0,0,,0,0,0,1,67301,0,,6,9,,,,,0,,0,0,0,0,0,,1850,0,2,0,0,0,0,0,3,4,1,2,7,,N,,,,,,,,,,,
2010003023,1254.0,1,0,0,0,0,0,0,0,0,1,0,,67,11,2009,4,40.0064,-75.1276,1254.0,6,0,0,0,0,0,0,0,0,,0,0,0,12,1,2,0,,0,40 00:23.109,,0,75 07:39.314,3,0,0,0,67301,0,0,0,N,0,0,0,5,67301,0,,1,9,,N,N,,1,,2,0,0,3,2,,1230,2,2,0,0,0,0,0,3,4,0,2,7,,N,,,,,,,,,,,
2010003181,1619.0,1,0,0,0,0,0,0,0,0,8,0,,67,11,2009,1,39.9161,-75.1663,1613.0,6,0,0,0,0,0,0,0,0,,0,0,0,16,1,1,1,,0,39 54:58.361,,0,75 09:58.278,4,0,0,0,67301,1,0,0,,1,0,0,3,67301,1,,1,1,,N,,,0,,0,0,0,3,2,,1600,1,2,0,0,0,0,0,3,4,0,1,3,,N,,,,,,,,,,,
2010003220,753.0,2,0,0,0,0,0,0,0,0,4,0,,67,12,2009,5,40.0631,-75.0516,752.0,6,0,0,0,0,0,0,0,0,1.0,0,0,0,7,1,1,1,,1,40 03:47.120,1.0,0,75 03:05.897,8,0,0,0,67301,0,0,0,,0,0,0,3,67301,0,,1,9,,N,N,,0,,0,0,0,2,2,N,751,1,2,0,0,0,1,0,3,4,0,2,3,,N,,,,,,,,,,,
2010010508,0.0,1,0,0,0,0,0,0,0,0,1,0,,67,7,2009,4,39.9227,-75.1631,0.0,6,0,0,0,0,0,0,0,1,,0,0,0,18,1,1,1,,0,39 55:21.810,,0,75 09:47.048,8,0,0,0,67301,0,0,0,N,0,0,0,2,00000,0,,1,1,,N,N,,0,,0,0,0,0,0,,1815,1,2,0,0,0,1,1,3,4,0,2,3,,N,,,,,,,,,,,
2010010586,0.0,1,0,0,0,0,0,0,0,0,1,0,,67,10,2009,6,39.9241,-75.2455,0.0,6,0,0,0,0,0,0,1,0,,0,0,0,4,6,1,1,,0,39 55:26.682,,0,75 14:43.799,8,0,0,0,67301,0,0,0,,0,0,0,2,00000,0,,1,1,,,,,1,,0,0,0,3,2,,430,1,2,0,0,0,1,1,3,4,0,2,3,,N,,,,,,,,,,,
2010005673,1742.0,1,0,0,0,0,0,0,0,0,8,0,,67,12,2009,7,39.9501,-75.164,1740.0,6,0,0,0,0,0,0,0,0,,0,0,0,17,3,1,1,,0,39 57:00.353,,0,75 09:50.402,4,0,0,0,67301,1,0,0,,1,0,0,3,67301,1,,1,9,,N,N,,0,,0,0,0,3,2,,1720,1,2,0,0,0,0,0,3,4,0,1,7,,N,,,,,,,,,,,
2010015945,1156.0,2,0,0,0,0,0,0,0,0,4,0,,67,12,2009,6,40.0808,-75.0284,1154.0,6,0,0,0,0,0,0,1,0,1.0,0,0,0,11,1,2,1,,1,40 04:50.820,1.0,0,75 01:42.117,3,0,0,0,67301,0,0,0,,0,0,0,4,67301,1,,1,1,,,,,1,,1,0,0,3,2,N,1154,2,3,0,0,0,0,0,3,4,0,3,3,,N,,,,,,,,,,,
2010004635,406.0,2,0,0,0,0,0,0,0,0,1,0,,67,12,2009,1,39.9665,-75.1873,404.0,6,0,0,0,0,0,0,1,0,1.0,0,0,0,3,3,1,0,,2,39 57:58.755,3.0,0,75 11:13.683,4,0,0,0,67301,0,0,0,N,0,0,0,4,68K01,1,,1,1,,N,N,,0,,0,0,1,0,0,N,355,1,3,0,0,0,0,1,3,4,0,3,3,,N,,,,,,,,,,,
2010002521,2150.0,2,0,0,0,0,0,0,0,0,4,0,,67,12,2009,7,39.9799,-75.1064,2149.0,6,0,0,0,0,0,0,0,0,1.0,0,0,0,21,3,1,0,,1,39 58:49.917,1.0,0,75 06:16.488,4,0,0,0,67301,0,0,0,N,0,0,0,5,68K02,1,,1,1,,N,N,,0,,0,0,0,0,0,N,2136,1,4,0,0,0,0,0,3,4,1,3,3,,N,,,,,,,,,,,
2010001847,1008.0,0,0,0,0,0,0,0,0,0,4,0,,67,12,2009,1,39.9737,-75.1191,1000.0,6,0,0,0,0,0,0,0,0,2.0,0,0,0,9,1,3,0,,2,39 58:28.200,1.0,0,75 07:04.440,4,0,0,0,67301,0,0,0,N,0,0,0,8,68K01,1,,1,2,,N,N,,0,,0,0,1,0,0,N,958,3,2,0,0,0,2,0,3,4,1,2,3,,N,,,,,,,,,,,
2009085919,820.0,1,0,0,0,0,0,0,0,0,7,0,,67,8,2009,7,39.8862,-75.2492,9999.0,6,0,0,0,0,0,0,0,0,,0,0,0,8,1,1,2,,0,39 53:10.544,,0,75 14:56.746,4,0,0,0,67301,0,0,0,N,0,0,0,1,67301,1,,3,1,,N,N,,0,,0,0,0,0,0,,815,1,2,0,0,0,0,0,3,4,0,1,3,,N,,,,,,,,,,,
2009085921,1640.0,1,0,0,0,0,0,0,0,0,8,0,,67,7,2009,5,40.0346,-75.2164,1637.0,6,0,0,0,0,0,0,0,0,,0,0,0,16,1,1,2,,0,40 02:04.266,,0,75 12:58.757,4,0,0,0,67301,1,0,0,N,1,0,0,3,67301,1,,1,1,,N,N,,0,,0,0,0,3,3,,1625,1,2,0,0,0,0,0,3,4,0,1,3,,N,,,,,,,,,,,
2009085895,1842.0,1,0,0,1,0,0,0,0,0,4,0,,67,7,2009,3,39.9409,-75.2269,1842.0,6,0,0,0,0,0,0,0,0,,0,0,0,18,1,1,1,,0,39 56:27.254,,0,75 13:36.778,3,0,0,0,67301,1,0,0,N,0,0,0,2,67301,0,,1,1,,N,Y,,0,,1,0,0,3,3,,1842,1,2,0,0,0,0,0,3,4,0,1,3,,N,,,,,,,,,,,
2009086059,1955.0,2,0,0,0,0,0,0,0,0,4,0,,67,8,2009,7,39.9594,-75.2393,1952.0,6,0,0,0,0,0,0,0,0,,0,0,0,19,4,3,1,,0,39 57:34.009,,0,75 14:21.443,4,0,0,0,67301,0,0,0,N,0,0,0,4,67301,3,,1,1,,N,N,,0,,0,0,0,3,3,,1945,3,2,0,0,0,0,0,3,4,0,2,3,,N,,,,,,,,,,,
2009086103,635.0,1,0,0,0,0,0,0,0,0,1,0,,67,7,2009,3,39.9724,-75.2533,633.0,6,0,0,0,0,0,1,0,0,1.0,0,0,0,5,1,1,1,,1,39 58:20.717,3.0,0,75 15:11.791,4,0,0,0,67301,0,0,0,N,0,0,0,2,67301,1,,1,1,,N,N,,1,,0,0,0,3,2,N,558,1,2,0,0,0,0,1,3,4,0,2,3,,N,,,,,,,,,,,
2009078298,1156.0,2,0,0,0,0,0,0,0,0,1,0,,67,7,2009,4,39.9882,-75.089,1145.0,6,0,0,1,0,0,1,0,0,2.0,0,0,0,11,1,2,0,,1,39 59:17.343,2.0,0,75 05:20.636,4,0,0,0,67301,0,0,0,N,0,0,0,2,68K01,2,,1,1,,N,N,,0,,0,0,0,0,0,N,1137,2,2,0,0,0,0,0,3,4,0,2,3,,N,,,,,,,,,,,
2009065782,1141.0,1,0,0,0,0,0,0,0,0,5,1,,67,5,2009,2,39.9978,-75.111,1139.0,6,0,0,1,0,0,0,1,0,,0,1,0,22,3,1,5,,0,39 59:52.195,,0,75 06:39.459,4,0,0,0,67301,0,0,0,,0,0,0,2,67301,1,,1,98,,,,,0,,0,0,0,9,2,,2230,1,2,0,0,0,0,0,3,4,0,2,99,,N,,,,,,,,,,,
2009084024,912.0,2,0,0,0,0,0,0,0,0,1,0,,67,8,2009,2,40.0092,-75.2098,910.0,6,0,0,0,0,0,0,0,0,,0,0,0,9,1,1,7,,0,40 00:33.219,,2,75 12:35.186,4,0,0,0,67301,0,0,0,N,0,0,0,2,46104,1,,1,1,,N,N,,0,,0,0,0,3,2,,900,1,2,0,0,0,0,0,3,4,0,2,3,,N,,,,,,,,,,,
2009084270,2048.0,1,0,0,0,0,0,0,0,0,4,0,,67,7,2009,7,40.0368,-75.0624,2048.0,6,0,0,0,0,0,0,0,1,1.0,0,0,0,20,3,1,2,,1,40 02:12.512,1.0,0,75 03:44.536,4,0,0,0,67301,0,0,0,N,0,0,0,2,67301,1,,1,1,,N,N,,1,,0,0,0,3,2,Y,2048,1,2,0,0,0,0,0,3,4,0,2,3,,N,,,,,,,,,,,
2009078866,1419.0,1,0,0,0,0,0,0,0,0,8,0,,67,6,2009,5,40.0723,-75.0331,1416.0,6,0,0,0,0,0,1,0,0,,0,0,0,14,1,1,0,,0,40 04:20.124,,7,75 01:59.015,4,0,0,0,67301,1,0,0,,1,0,0,2,67301,1,,1,1,,,,,0,,0,0,0,0,0,,1413,1,2,0,0,1,0,0,3,4,0,1,3,,N,,,,,,,,,,,
2009081612,952.0,1,0,0,0,0,0,0,0,0,7,0,,67,7,2009,5,39.9602,-75.1652,949.0,6,0,0,0,0,0,0,0,0,9.0,0,0,0,9,1,2,0,,2,39 57:36.673,1.0,0,75 09:54.893,4,0,0,0,67301,0,0,0,,0,0,0,2,67301,2,,5,1,,N,N,,0,,0,0,0,3,2,Y,945,2,1,0,0,0,0,0,3,4,0,1,3,,N,,,,,,,,,,,
2009081629,818.0,2,0,0,0,0,0,0,0,0,4,0,,67,7,2009,2,40.0373,-75.1251,817.0,6,0,0,0,0,0,0,1,0,,0,0,0,8,1,1,1,,0,40 02:14.355,,0,75 07:30.255,8,0,0,0,67301,0,0,0,N,0,0,0,3,67301,0,,1,1,,N,N,,0,,0,0,0,3,3,,815,1,2,0,0,0,1,0,3,4,0,2,3,,N,,,,,,,,,,,
2009079106,1740.0,1,0,0,0,0,0,0,0,0,4,0,,67,7,2009,2,39.9576,-75.1457,1731.0,6,0,0,0,0,0,1,0,0,,0,0,0,99,1,1,1,,0,39 57:27.432,,0,75 08:44.473,4,0,0,0,67301,0,0,0,N,0,0,0,2,67301,1,,1,1,,N,N,,0,,0,0,0,3,2,,9999,1,2,0,0,2,0,0,3,4,1,2,3,,N,,,,,,,,,,,
2009079117,1105.0,2,0,0,0,0,0,0,0,0,4,0,,67,7,2009,4,40.0287,-75.2056,1102.0,6,0,0,0,0,0,0,0,0,,0,0,0,11,1,1,0,,0,40 01:43.342,,0,75 12:20.019,3,0,0,0,67301,0,0,0,N,0,0,0,2,67301,0,,1,1,,N,N,,0,,1,0,0,0,0,,1100,1,2,0,0,0,0,0,3,4,0,2,3,,N,,,,,,,,,,,
2009079004,1100.0,2,0,0,0,0,0,0,0,0,1,0,,67,7,2009,6,39.94,-75.2138,1056.0,6,0,0,0,0,0,1,0,0,,0,0,0,10,1,4,2,,0,39 56:23.917,,0,75 12:49.859,4,0,0,0,67301,0,0,0,,0,0,0,4,67301,3,,1,1,,,,,0,,0,0,0,3,2,,1045,4,2,0,0,0,1,0,3,4,0,2,3,,N,,,,,,,,,,,
2009079158,639.0,2,0,0,0,0,0,0,0,0,2,0,,67,7,2009,1,39.9855,-75.2482,634.0,6,0,0,0,0,0,0,0,0,,0,0,0,6,1,2,0,,0,39 59:07.692,,0,75 14:53.485,4,0,0,0,67301,0,0,0,N,0,0,0,2,67301,1,,6,1,,N,N,,1,,0,0,0,0,0,,630,2,3,0,0,0,1,0,3,4,0,3,3,,N,,,,,,,,,,,
2009079216,2230.0,2,0,0,0,0,0,0,0,0,4,0,,67,7,2009,6,40.0417,-75.1507,2222.0,6,0,0,0,0,0,0,0,0,,0,0,0,22,3,4,0,,0,40 02:30.155,,0,75 09:02.687,3,0,0,0,67301,0,0,0,N,0,0,0,4,67301,0,,4,1,,N,N,,0,,3,0,0,3,2,,2200,4,2,0,0,0,1,0,3,4,0,2,3,,N,,,,,,,,,,,
2009074610,2321.0,2,0,0,0,0,0,0,0,0,1,0,,67,6,2009,3,40.0056,-75.0757,2306.0,6,0,0,0,0,0,0,0,0,,0,0,0,23,3,3,0,,0,40 00:20.080,,0,75 04:32.878,8,0,0,0,67301,0,0,0,,0,0,0,5,67301,0,,1,9,,,N,,0,,0,0,0,0,0,,2306,3,2,0,0,0,3,0,3,4,0,2,7,,N,,,,,,,,,,,
2009074417,1033.0,1,0,0,0,0,0,0,0,0,7,0,,67,5,2009,4,39.9597,-75.2229,1033.0,6,0,0,0,0,0,0,0,0,,0,0,0,10,1,1,1,,0,39 57:34.898,,0,75 13:22.407,8,0,0,0,67301,1,0,0,,1,0,0,3,67301,0,,2,1,,,,,0,,0,0,0,3,2,,1033,1,2,0,0,0,1,0,3,4,0,1,3,,N,,,,,,,,,,,
2009069278,220.0,2,0,0,0,0,0,0,0,0,4,0,,67,6,2009,7,40.0501,-75.0642,213.0,6,0,0,0,0,0,0,0,0,,0,0,0,2,3,1,1,,0,40 03:00.400,,0,75 03:50.622,3,0,0,0,67301,0,0,0,N,0,0,0,4,67301,0,,1,1,,N,N,,0,,1,0,0,3,2,,212,1,2,0,0,0,0,0,3,4,0,2,3,,N,,,,,,,,,,,
2009080168,836.0,2,0,0,0,0,0,0,0,0,1,0,,67,8,2009,7,39.9948,-75.2402,832.0,6,0,0,0,0,0,1,0,0,,0,0,0,8,1,1,0,,0,39 59:43.205,,0,75 14:20.712,8,0,0,0,67301,0,0,0,N,0,0,0,4,46104,0,,1,1,,N,N,,0,,0,0,0,3,2,,832,1,2,0,0,0,1,0,3,4,0,2,3,,N,,,,,,,,,,,
2009072956,1738.0,0,0,0,0,0,0,0,0,0,1,0,,67,6,2009,5,40.0005,-75.2282,1737.0,6,0,0,0,0,0,0,0,0,,0,0,0,17,1,0,0,,0,40 00:05.353,,0,75 13:33.603,0,0,0,0,67301,0,0,0,N,0,0,0,2,46104,0,,1,1,,N,N,,0,,0,0,1,0,0,,1737,0,2,0,0,0,0,0,3,4,1,2,3,,N,,,,,,,,,,,
2009065252,1400.0,0,0,0,0,0,0,0,0,0,8,0,,67,5,2009,4,39.9898,-75.1468,1400.0,6,0,0,0,0,0,0,0,0,,0,0,0,14,1,1,1,,0,39 59:23.218,,0,75 08:48.397,8,0,0,0,67301,1,0,0,N,1,0,0,2,67301,0,,1,1,,N,N,,0,,0,0,0,3,3,,1400,1,2,0,0,0,1,0,3,4,1,1,3,,N,,,,,,,,,,,
2009073024,1846.0,1,0,0,0,0,0,0,0,0,1,0,,67,7,2009,4,39.9821,-75.2076,1846.0,6,0,1,0,0,0,0,0,0,1.0,0,0,0,18,1,1,0,,1,39 58:59.349,3.0,0,75 12:29.314,4,0,0,0,67301,0,0,0,N,0,0,0,2,68K01,1,,1,1,,N,N,,0,,0,0,1,0,0,N,1846,1,2,0,0,0,0,0,3,4,0,2,3,,N,,,,,,,,,,,
2009067903,1732.0,1,0,0,0,0,0,0,0,0,1,0,,67,6,2009,3,39.9683,-75.1297,1725.0,6,0,0,0,0,0,0,0,0,,0,0,0,17,1,0,0,,0,39 58:05.784,,0,75 07:47.729,9,0,0,0,67301,0,0,0,N,0,0,0,2,68K01,0,,1,1,,N,N,,1,,0,0,0,0,0,,1725,0,2,0,0,0,0,1,3,4,0,2,3,,N,,,,,,,,,,,
2009092953,1856.0,1,0,0,0,0,0,0,0,0,1,0,,67,8,2009,4,39.9815,-75.1087,1851.0,6,0,0,0,0,0,0,0,0,,0,0,0,18,1,0,0,,0,39 58:53.468,,0,75 06:31.298,9,0,0,0,67301,0,0,0,N,0,0,0,1,67301,0,,2,1,,N,N,,1,,0,0,2,0,0,,1850,0,4,0,0,0,0,1,3,4,0,4,3,,N,,,,,,,,,,,
2009069670,1435.0,0,0,0,0,0,0,0,0,0,1,0,,67,6,2009,7,40.0475,-75.1428,1430.0,6,0,0,0,0,0,0,0,0,,0,0,0,14,1,1,1,,0,40 02:51.086,,0,75 08:34.404,8,0,0,0,67301,0,0,0,N,0,0,0,3,67301,0,,1,1,,N,N,,0,,0,0,1,3,2,,1410,1,2,0,0,0,1,0,3,4,1,2,3,,N,,,,,,,,,,,
2009066925,1721.0,2,0,0,0,0,0,0,0,0,1,0,,67,6,2009,5,40.0275,-75.0964,1717.0,6,0,0,0,0,1,0,0,0,,0,0,0,16,1,1,0,,0,40 01:38.989,,0,75 05:47.043,8,0,0,0,67301,0,0,0,N,0,0,0,2,67301,0,,1,1,,N,N,,0,,0,0,0,3,2,,1655,1,2,0,0,0,1,0,3,4,0,2,3,,N,,,,,,,,,,,
2009067272,1553.0,0,0,0,0,0,0,0,0,0,5,0,,67,5,2009,7,40.035,-75.1756,1552.0,6,0,0,0,0,0,0,0,0,,0,0,0,15,1,1,0,,0,40 02:05.827,,0,75 10:32.131,4,0,0,0,67301,0,0,0,N,0,0,0,3,67301,1,,1,1,,N,N,,0,,0,0,2,0,0,,1550,1,2,0,0,0,0,0,3,4,0,2,3,,N,,,,,,,,,,,
2009067535,1052.0,1,0,0,0,0,0,0,0,0,2,0,,67,6,2009,3,39.9616,-75.2245,1050.0,6,0,0,0,0,0,1,0,0,1.0,0,0,0,10,1,1,1,,1,39 57:41.510,2.0,0,75 13:28.359,4,0,0,0,67301,0,0,0,,0,0,0,3,67301,1,,1,9,,,,,1,,0,0,0,3,2,Y,1050,1,2,0,0,0,0,0,3,4,0,2,3,,N,,,,,,,,,,,
2009064895,1945.0,1,0,0,0,0,0,0,0,0,1,0,,67,5,2009,6,39.974,-75.1788,1942.0,6,0,0,0,0,0,1,0,0,,0,0,0,19,1,1,1,,0,39 58:26.322,,0,75 10:43.822,4,0,0,0,67301,0,0,0,N,0,0,0,3,67301,1,,1,1,,N,N,,0,,0,0,0,3,2,,1942,1,2,0,0,0,0,0,3,4,0,2,3,,N,,,,,,,,,,,
2009067568,943.0,2,0,0,0,0,0,0,0,0,1,0,,67,6,2009,4,40.0054,-75.1093,941.0,6,0,0,0,0,0,0,0,0,,0,0,0,9,1,1,0,,0,40 00:19.410,,0,75 06:33.445,4,0,0,0,67301,1,0,0,,0,0,0,2,67301,1,,6,1,,,,,0,,0,0,0,0,0,,935,1,2,0,0,0,0,0,3,4,0,2,3,,N,,,,,,,,,,,
2009064794,511.0,2,0,0,0,0,0,0,0,0,5,0,,67,5,2009,4,39.9681,-75.1307,454.0,6,0,0,0,0,0,0,1,0,1.0,0,0,0,4,8,0,0,,2,39 58:04.745,2.0,0,75 07:51.231,0,0,0,0,67301,0,0,0,N,0,0,0,1,68K01,0,,1,1,,N,N,,0,,0,0,0,0,0,N,452,0,2,0,0,1,0,0,3,4,0,2,3,,N,,,,,,,,,,,
2009057310,1143.0,1,0,0,0,0,0,0,0,0,8,0,,67,5,2009,5,39.9398,-75.1641,1143.0,6,0,0,0,0,0,1,0,0,,0,0,0,11,1,1,1,,0,39 56:23.157,,0,75 09:50.911,8,0,0,0,67301,1,0,0,N,1,0,0,2,67301,0,,1,1,,N,N,,0,,0,0,0,9,3,,1143,1,2,0,0,0,1,0,3,4,0,1,3,,N,,,,,,,,,,,
2009118905,1532.0,1,0,0,0,0,0,0,0,0,3,1,,67,10,2009,4,40.0303,-75.1656,1528.0,6,0,0,0,0,0,0,0,0,,0,1,0,15,1,1,0,,0,40 01:49.049,,0,75 09:56.049,8,0,0,0,67301,0,0,0,N,0,0,0,2,67301,0,,1,1,,N,N,,0,,0,0,0,0,0,,1500,1,2,0,0,0,1,0,3,4,0,2,3,,N,,,,,,,,,,,
2009121112,829.0,1,0,0,1,0,0,0,0,0,1,0,,67,10,2009,4,39.9531,-75.182,824.0,6,0,0,0,0,0,0,0,1,,0,0,0,8,1,1,0,,0,39 57:11.229,,0,75 10:55.169,4,0,0,0,67301,1,0,0,N,0,0,0,2,67301,1,,1,1,,N,N,,0,,0,0,0,0,0,,822,1,2,0,0,0,0,0,3,4,0,1,3,,N,,,,,,,,,,,
2009121120,1710.0,1,0,0,0,0,0,0,0,0,1,0,,67,10,2009,4,39.9769,-75.2318,1707.0,6,0,0,0,0,0,1,0,0,,0,0,0,16,1,2,1,,0,39 58:36.757,,0,75 13:54.447,4,0,0,0,67301,0,0,0,,0,0,0,4,67301,2,,1,9,,,,,1,,0,0,0,3,2,,1650,2,2,0,0,0,0,0,3,4,0,2,7,,N,,,,,,,,,,,
2009111605,230.0,2,0,0,0,0,0,0,0,0,4,0,,67,9,2009,1,40.0455,-75.0883,228.0,6,0,0,0,0,0,0,0,0,,0,0,0,2,3,2,1,,0,40 02:43.859,,0,75 05:17.937,3,0,0,0,67301,0,0,0,,0,0,0,3,67301,0,,1,9,,,,,0,,2,0,0,3,2,,225,2,2,0,0,0,0,0,3,4,0,2,7,,N,,,,,,,,,,,
2009056955,1055.0,0,0,0,0,0,0,1,0,0,1,1,,67,5,2009,6,40.0002,-75.1422,1051.0,6,0,0,0,0,0,1,0,0,,0,0,0,10,1,1,1,,0,40 00:00.892,,0,75 08:31.851,4,0,0,0,67301,0,0,0,,0,0,0,2,67301,1,,1,9,,,,,1,,0,0,0,3,2,,1048,1,2,0,0,0,0,0,3,4,0,2,3,,N,,,,,,,,,,,
2009056983,841.0,2,0,0,0,0,0,0,0,0,4,0,,67,5,2009,3,39.9952,-75.1766,838.0,6,0,0,0,0,0,0,0,0,2.0,0,0,0,8,1,1,2,,2,39 59:42.626,6.0,0,75 10:35.896,4,0,0,0,67301,0,0,0,,0,0,0,2,67301,1,,1,9,,N,N,,0,,0,0,0,3,3,Y,829,1,2,0,0,0,0,0,3,4,0,2,7,,N,,,,,,,,,,,
2009056987,9999.0,1,0,0,0,0,0,1,0,0,5,1,,67,4,2009,7,39.9862,-75.168,947.0,6,0,0,0,0,0,0,0,0,2.0,0,0,0,9,1,3,1,,1,39 59:10.276,7.0,0,75 10:04.717,4,0,0,0,67301,0,0,0,N,0,0,0,86,67301,3,,1,1,,N,N,,0,,0,0,0,3,2,Y,947,3,2,0,0,1,0,0,3,4,0,2,3,,N,,,,,,,,,,,
2009054350,58.0,1,0,0,0,0,0,0,0,0,7,0,,67,4,2009,7,40.0272,-75.1145,55.0,6,0,0,0,0,0,0,0,0,2.0,0,0,0,0,3,1,1,,1,40 01:37.940,2.0,0,75 06:52.497,3,0,0,0,67301,0,0,0,N,0,0,0,1,67301,0,,5,1,,N,N,,0,,1,0,0,3,3,N,52,1,1,0,0,0,0,0,3,4,0,1,3,,N,,,,,,,,,,,
2009054551,123.0,8,0,0,0,0,0,0,0,0,5,0,,67,4,2009,4,40.0489,-75.1172,116.0,6,0,0,0,0,0,1,0,0,,0,0,0,1,3,1,0,,0,40 02:55.964,,0,75 07:02.020,8,0,0,0,67301,0,0,0,N,0,0,0,1,67301,0,,1,1,,N,N,,1,,0,0,0,0,0,,114,1,9,0,0,0,1,0,3,4,0,9,3,,N,,,,,,,,,,,
2009079472,1400.0,1,0,0,0,0,0,0,0,0,1,0,,67,6,2009,3,39.9281,-75.1688,1400.0,6,0,0,0,0,0,1,0,0,,0,0,0,14,1,2,1,,0,39 55:40.732,,0,75 10:08.232,8,0,0,0,67301,0,0,0,,0,0,0,3,67301,0,,1,98,,,,,0,,0,0,0,3,2,,1400,2,2,0,0,0,2,0,3,4,0,2,99,,N,,,,,,,,,,,
2009071602,1231.0,1,0,0,0,0,0,0,0,0,7,0,,67,7,2009,3,40.0454,-75.0023,1212.0,6,0,0,0,0,0,0,0,0,,0,0,0,12,1,0,0,,0,40 02:45.474,,2,75 00:07.239,0,0,0,0,67301,0,0,0,N,0,0,0,2,68K01,0,,7,1,,N,N,,0,,0,0,0,0,0,,1209,0,1,0,0,0,0,0,3,4,0,1,3,,N,,,,,,,,,,,
2009071701,1724.0,1,0,0,0,0,0,0,0,0,1,0,,67,7,2009,7,39.9693,-75.1922,1721.0,6,0,0,0,0,0,0,1,0,,0,0,0,17,1,0,0,,0,39 58:10.920,,0,75 11:33.000,0,0,0,0,67301,0,0,0,N,0,0,0,6,68K01,0,,1,1,,N,N,,0,,0,0,1,0,0,,1719,0,2,0,0,0,0,0,3,4,0,2,3,,N,,,,,,,,,,,