CRN,ARRIVAL_TM,AUTOMOBILE_COUNT,BELTED_DEATH_COUNT,BELTED_SUSP_SERIOUS_INJ_COUNT,BICYCLE_COUNT,BICYCLE_DEATH_COUNT,BICYCLE_SUSP_SERIOUS_INJ_COUNT,BUS_COUNT,CHLDPAS_DEATH_COUNT,CHLDPAS_SUSP_SERIOUS_INJ_COUNT,COLLISION_TYPE,COMM_VEH_COUNT,CONS_ZONE_SPD_LIM,COUNTY,CRASH_MONTH,CRASH_YEAR,DAY_OF_WEEK,DEC_LAT,DEC_LONG,DISPATCH_TM,DISTRICT,DRIVER_COUNT_16YR,DRIVER_COUNT_17YR,DRIVER_COUNT_18YR,DRIVER_COUNT_19YR,DRIVER_COUNT_20YR,DRIVER_COUNT_50_64YR,DRIVER_COUNT_65_74YR,DRIVER_COUNT_75PLUS,EST_HRS_CLOSED,FATAL_COUNT,HEAVY_TRUCK_COUNT,HORSE_BUGGY_COUNT,HOUR_OF_DAY,ILLUMINATION,INJURY_COUNT,INTERSECT_TYPE,INTERSECTION_RELATED,LANE_CLOSED,LATITUDE,LN_CLOSE_DIR,LOCATION_TYPE,LONGITUDE,MAX_SEVERITY_LEVEL,MCYCLE_DEATH_COUNT,MCYCLE_SUSP_SERIOUS_INJ_COUNT,MOTORCYCLE_COUNT,MUNICIPALITY,NONMOTR_COUNT,NONMOTR_DEATH_COUNT,NONMOTR_SUSP_SERIOUS_INJ_COUNT,NTFY_HIWY_MAINT,PED_COUNT,PED_DEATH_COUNT,PED_SUSP_SERIOUS_INJ_COUNT,PERSON_COUNT,POLICE_AGCY,POSSIBLE_INJ_COUNT,RDWY_SURF_TYPE_CD,RELATION_TO_ROAD,ROAD_CONDITION,ROADWAY_CLEARED,SCH_BUS_IND,SCH_ZONE_IND,SECONDARY_CRASH,SMALL_TRUCK_COUNT,SPEC_JURIS_CD,SUSP_MINOR_INJ_COUNT,SUSP_SERIOUS_INJ_COUNT,SUV_COUNT,TCD_FUNC_CD,TCD_TYPE,TFC_DETOUR_IND,TIME_OF_DAY,TOT_INJ_COUNT,TOTAL_UNITS,UNB_DEATH_COUNT,UNB_SUSP_SERIOUS_INJ_COUNT,UNBELTED_OCC_COUNT,UNK_INJ_DEG_COUNT,UNK_INJ_PER_COUNT,URBAN_AREA,URBAN_RURAL,VAN_COUNT,VEHICLE_COUNT,WEATHER1,WEATHER2,WORK_ZONE_IND,WORK_ZONE_LOC,WORK_ZONE_TYPE,WORKERS_PRES,WZ_CLOSE_DETOUR,WZ_FLAGGER,WZ_LAW_OFFCR_IND,WZ_LN_CLOSURE,WZ_MOVING,WZ_OTHER,WZ_SHLDER_MDN,WZ_WORKERS_INJ_KILLED
2009074558,1427.0,1,0,0,0,0,0,0,0,0,4,0,,67,6,2009,4,40.0091,-75.15,1407.0,6,0,0,0,0,0,0,0,0,,0,0,0,14,1,0,1,,0,40 00:32.740,,0,75 08:59.862,9,0,0,0,67301,0,0,0,,0,0,0,3,67301,0,,1,1,,,,,0,,0,0,1,3,3,,1407,0,2,0,0,0,0,1,3,4,0,2,3,,N,,,,,,,,,,,
2009074578,2013.0,1,0,0,0,0,0,0,0,0,4,0,,67,4,2009,2,40.0293,-75.1638,2010.0,6,0,0,0,0,1,0,0,0,3.0,0,0,0,19,3,1,2,,2,40 01:45.341,5.0,0,75 09:49.576,3,0,0,1,67301,0,0,0,N,0,0,0,2,67301,0,,1,1,,N,N,,0,,1,0,0,3,2,Y,1955,1,2,0,0,1,0,0,3,4,0,2,3,,N,,,,,,,,,,,
2009074607,1740.0,2,0,0,0,0,0,0,0,0,4,0,,67,6,2009,7,39.9477,-75.1511,1730.0,6,0,0,0,0,0,1,0,0,,0,0,0,17,1,3,1,,0,39 56:51.762,,0,75 09:03.936,4,0,0,0,67301,0,0,0,N,0,0,0,5,67301,3,,1,9,,,N,,0,,0,0,0,3,2,,1715,3,2,0,0,3,0,0,3,4,0,2,7,,N,,,,,,,,,,,
2009074451,1858.0,2,0,0,0,0,0,0,0,0,4,0,,67,6,2009,7,40.0971,-75.0182,1858.0,6,0,0,0,0,0,1,0,0,,0,0,0,18,1,2,1,,0,40 05:49.711,,0,75 01:05.375,4,0,0,0,67301,0,0,0,N,0,0,0,6,67301,1,,1,9,,N,N,,0,,0,0,1,3,2,,1858,2,3,0,0,0,1,1,3,4,0,3,7,,N,,,,,,,,,,,
2009072082,815.0,0,0,0,0,0,0,0,0,0,8,0,,67,6,2009,5,40.0228,-75.0775,805.0,6,0,0,0,0,0,0,0,0,,0,0,0,8,8,2,2,,0,40 01:22.093,,0,75 04:38.873,4,0,0,0,67301,2,0,0,N,2,0,0,3,67301,2,,1,9,,N,N,,0,,0,0,1,0,0,,800,2,3,0,0,0,0,0,3,4,0,1,7,,N,,,,,,,,,,,
2009069359,757.0,2,0,0,0,0,0,0,0,0,4,0,,67,6,2009,5,40.0322,-75.0843,757.0,6,0,0,0,0,0,0,0,0,,0,0,0,7,1,4,5,,0,40 01:55.785,,0,75 05:03.553,3,0,0,0,67301,0,0,0,N,0,0,0,5,67301,1,,1,9,,N,N,,0,,1,0,0,3,2,,756,4,2,0,0,0,2,0,3,4,0,2,3,,N,,,,,,,,,,,
2009080238,1043.0,1,0,0,0,0,0,0,0,0,1,0,,67,8,2009,7,40.0468,-75.0008,1037.0,6,0,0,0,0,0,1,1,0,,0,0,0,10,1,1,6,,0,40 02:48.583,,2,75 00:02.433,8,0,0,0,67301,0,0,0,N,0,0,0,2,68K01,0,,1,1,,N,N,,0,,0,0,0,0,0,,1031,1,2,0,0,0,1,0,3,4,1,2,3,,N,,,,,,,,,,,
2009082711,2315.0,2,0,0,0,0,0,0,0,0,4,0,,67,7,2009,1,40.0497,-75.1717,2315.0,6,0,0,1,0,0,0,1,0,,0,0,0,23,3,3,1,,0,40 02:58.996,,0,75 10:18.239,4,0,0,0,67301,0,0,0,,0,0,0,4,67301,3,,1,1,,N,N,,0,,0,0,0,0,0,,2300,3,2,0,0,0,0,0,3,4,0,2,3,,N,,,,,,,,,,,
2009070072,1835.0,0,0,0,0,0,0,0,0,0,3,0,,67,6,2009,7,39.95,-75.1407,1828.0,6,0,0,0,0,1,1,0,0,,0,0,0,18,1,2,2,,0,39 56:59.949,,0,75 08:27.518,4,0,0,0,67301,0,0,0,,0,0,0,6,67301,2,,1,1,,,,,1,,0,0,2,3,2,,1827,2,3,0,0,0,0,0,3,4,0,3,3,,N,,,,,,,,,,,
2009077692,1903.0,2,0,0,0,0,0,0,0,0,1,0,,67,7,2009,2,40.0223,-75.0374,1845.0,6,0,0,0,0,0,2,0,0,,0,0,0,18,1,2,0,,0,40 01:21.720,,0,75 02:10.320,4,0,0,0,67301,0,0,0,N,0,0,0,5,68K01,2,,1,1,,N,N,,0,,0,0,1,0,0,,1841,2,3,0,0,0,0,0,3,4,0,3,3,,N,,,,,,,,,,,
2009065281,1542.0,1,0,0,0,0,0,0,0,0,4,0,,67,5,2009,7,39.9849,-75.1631,1538.0,6,0,0,0,0,0,0,0,0,,0,0,0,14,1,1,1,,0,39 59:05.614,,0,75 09:47.123,4,0,0,0,67301,0,0,0,N,0,0,0,3,67301,1,,1,1,,N,N,,0,,0,0,1,3,3,,1426,1,2,0,0,0,0,2,3,4,0,2,3,,N,,,,,,,,,,,
2009067898,1255.0,0,0,0,0,0,0,0,0,0,0,0,,67,6,2009,5,39.9108,-75.1487,1242.0,6,0,0,0,0,0,0,0,0,,0,0,0,12,1,2,0,,0,39 54:43.010,,2,75 08:54.040,3,0,0,1,67301,0,0,0,N,0,0,0,2,68K01,0,,1,1,,N,N,,0,,2,0,0,0,0,,1236,2,2,0,0,0,0,0,3,4,0,1,3,,N,,,,,,,,,,,
2009060778,1419.0,1,0,0,0,0,0,0,0,0,7,0,,67,6,2009,2,40.0267,-75.0265,1409.0,6,0,0,0,1,0,0,0,0,1.0,0,0,0,14,1,1,0,,2,40 01:36.207,2.0,0,75 01:35.251,4,0,0,0,67301,0,0,0,N,0,0,0,1,68K01,1,,2,1,,N,N,,0,,0,0,0,0,0,N,1406,1,1,0,0,0,0,0,3,4,0,1,3,,N,,,,,,,,,,,
2009060779,1710.0,2,0,0,0,0,0,0,0,0,1,0,,67,6,2009,4,40.0084,-75.2035,1702.0,6,0,0,0,0,0,1,0,0,,0,0,0,16,1,1,0,,0,40 00:29.822,,0,75 12:11.937,4,0,0,0,67301,0,0,0,N,0,0,0,3,68K01,1,,1,1,,N,N,,1,,0,0,0,0,0,,1653,1,3,0,0,0,0,0,3,4,0,3,3,,N,,,,,,,,,,,
2009055929,1920.0,2,0,0,0,0,0,0,0,0,2,0,,67,4,2009,4,40.1344,-75.0091,1915.0,6,0,0,0,0,0,0,0,0,1.0,0,0,0,19,1,2,1,,1,40 08:03.480,2.0,0,75 00:32.760,4,0,0,0,67301,0,0,0,N,0,0,0,3,67301,2,,1,9,,N,N,,0,,0,0,0,3,2,N,1900,2,2,0,0,0,0,0,3,4,0,2,7,,N,,,,,,,,,,,
2009066974,2030.0,4,0,0,0,0,0,0,0,0,1,0,,67,5,2009,7,39.9787,-75.1578,2030.0,6,0,0,0,1,0,0,0,0,,0,0,0,20,1,1,1,,0,39 58:43.230,,0,75 09:28.092,8,0,0,0,67301,0,0,0,,0,0,0,4,67301,0,,1,9,,,,,0,,0,0,0,3,2,,2030,1,4,0,0,0,1,0,3,4,0,4,9,,N,,,,,,,,,,,
2009067105,1130.0,3,0,0,0,0,0,0,0,0,4,0,,67,5,2009,1,39.9413,-75.1622,1128.0,6,0,0,0,0,0,0,0,0,3.0,0,0,0,11,1,1,2,,2,39 56:28.856,2.0,0,75 09:43.880,4,0,0,0,67301,0,0,0,N,0,0,0,2,67301,1,,1,1,,N,N,,0,,0,0,0,9,3,Y,1128,1,4,0,0,0,0,1,3,4,1,4,3,,N,,,,,,,,,,,
2009067450,850.0,1,0,0,0,0,0,0,0,0,7,0,,67,6,2009,5,39.9182,-75.2093,830.0,6,0,0,0,0,0,0,0,0,,0,0,0,6,1,1,0,,0,39 55:06.419,,0,75 12:30.157,3,0,0,0,67301,0,0,0,,0,0,0,1,67301,0,,3,9,,N,N,,0,,1,0,0,0,0,,650,1,1,0,0,0,0,0,3,4,0,1,7,,N,,,,,,,,,,,
2009064682,1725.0,2,0,0,0,0,0,0,0,0,4,0,,67,5,2009,6,39.9241,-75.2326,1720.0,6,0,0,0,0,0,0,0,0,,0,0,0,17,1,2,2,,0,39 55:26.814,,0,75 13:57.197,8,0,0,0,67301,0,0,0,N,0,0,0,4,67301,0,,1,1,,N,N,,0,,0,0,0,0,0,,1715,2,2,0,0,0,2,0,3,4,0,2,3,,N,,,,,,,,,,,
2009067492,1139.0,1,0,0,0,0,0,0,0,0,4,0,,67,6,2009,2,40.012,-75.176,1127.0,6,0,0,0,0,0,1,0,0,,0,0,0,11,1,2,1,,0,40 00:43.053,,0,75 10:33.696,8,0,0,0,67301,0,0,0,,0,0,0,6,67301,0,,1,1,,,,,0,,0,0,1,3,2,,1127,2,2,0,0,0,2,2,3,4,0,2,3,,N,,,,,,,,,,,
2009067503,910.0,2,0,0,0,0,0,0,0,0,4,0,,67,5,2009,4,39.9444,-75.2309,908.0,6,0,0,0,0,0,1,0,0,,0,0,0,7,1,1,1,,0,39 56:39.732,,0,75 13:51.278,4,0,0,0,67301,0,0,0,,0,0,0,2,67301,1,,1,1,,,,,0,,0,0,0,3,3,,759,1,2,0,0,0,0,0,3,4,0,2,3,,N,,,,,,,,,,,
2009067529,1556.0,1,0,0,0,0,0,0,0,0,5,0,,67,5,2009,3,39.9749,-75.2384,1555.0,6,0,0,0,0,1,0,0,0,,0,0,0,15,1,1,0,,0,39 58:29.589,,0,75 14:18.106,8,0,0,0,67301,0,0,0,N,0,0,0,1,67301,0,,6,1,,N,N,,1,,0,0,0,0,0,,1550,1,2,0,0,0,1,0,3,4,0,2,3,,N,,,,,,,,,,,
2009067548,1635.0,2,0,0,0,0,0,0,0,0,4,0,,67,6,2009,3,40.0031,-75.1643,1630.0,6,0,0,0,0,1,0,0,0,,0,0,0,16,1,1,1,,0,40 00:11.021,,0,75 09:51.354,2,0,0,0,67301,0,0,0,N,0,0,0,2,67301,0,,1,1,,N,N,,0,,0,1,0,3,2,,1620,1,2,0,0,0,0,0,3,4,0,2,3,,N,,,,,,,,,,,
2009067590,1300.0,1,0,0,1,0,0,0,0,0,2,0,,67,6,2009,7,39.9544,-75.1631,1259.0,6,0,0,0,0,0,0,0,0,2.0,0,0,0,12,1,1,1,,1,39 57:15.869,1.0,0,75 09:47.496,4,0,0,0,67301,1,0,0,N,0,0,0,2,67301,1,,1,1,,N,N,,0,,0,0,0,2,1,Y,1249,1,2,0,0,0,0,0,3,4,0,1,3,,N,,,,,,,,,,,
2009067593,1550.0,1,0,0,0,0,0,0,0,0,8,0,,67,6,2009,3,39.9915,-75.1361,1545.0,6,0,0,0,0,0,0,0,0,1.0,0,0,0,15,1,1,1,,1,39 59:29.442,1.0,0,75 08:10.101,8,0,0,0,67301,1,0,0,N,1,0,0,2,67301,0,,1,9,,N,N,,0,,0,0,0,9,2,N,1540,1,2,0,0,0,1,0,3,4,0,1,7,,N,,,,,,,,,,,
2009059725,1119.0,1,0,0,0,0,0,0,0,0,6,0,,67,5,2009,7,39.9393,-75.1982,1117.0,6,0,0,0,0,0,1,0,0,,0,0,0,11,1,2,1,,0,39 56:22.681,,0,75 11:53.378,4,0,0,0,67301,0,0,0,,0,0,0,3,67301,2,,1,1,,,,,0,,0,0,0,3,2,,1115,2,2,0,0,0,0,1,3,4,0,2,3,,N,,,,,,,,,,,
2009057240,1310.0,1,0,0,0,0,0,0,0,0,7,0,,67,5,2009,6,39.9426,-75.1538,1310.0,6,0,0,0,0,0,0,0,1,,0,0,0,13,1,2,0,,0,39 56:33.477,,0,75 09:13.775,4,0,0,0,67301,0,0,0,N,0,0,0,2,67301,2,,5,1,,N,N,,0,,0,0,0,3,2,,1310,2,1,0,0,2,0,0,3,4,0,1,3,,N,,,,,,,,,,,
2009054856,157.0,2,0,0,0,0,0,0,0,0,1,0,,67,3,2009,7,39.949,-75.1852,154.0,6,0,0,0,0,0,0,0,0,1.0,0,0,0,1,3,1,0,,2,39 56:58.260,3.0,0,75 11:03.754,4,0,0,0,67301,0,0,0,N,0,0,0,5,68K02,1,,1,1,,N,N,,0,,0,0,1,0,0,N,152,1,3,0,0,0,0,1,3,4,0,3,3,,N,,,,,,,,,,,
2009120793,1915.0,2,0,0,0,0,0,0,0,0,1,0,,67,10,2009,5,40.0631,-75.0516,1905.0,6,0,0,0,0,0,0,0,0,,0,0,0,18,3,1,1,,0,40 03:47.297,,0,75 03:06.176,8,0,0,0,67301,0,0,0,N,0,0,0,3,67301,0,,1,9,,N,N,,0,,0,0,0,3,2,,1850,1,2,0,0,0,1,0,3,4,0,2,7,,N,,,,,,,,,,,
2009120873,1630.0,0,0,0,0,0,0,0,0,0,1,0,,67,11,2009,1,39.9226,-75.1756,1620.0,6,0,0,0,0,0,0,0,0,,0,0,0,16,1,1,1,,0,39 55:21.266,,0,75 10:32.159,4,0,0,1,67301,0,0,0,N,0,0,0,2,67301,1,,1,9,,N,N,,0,,0,0,0,3,3,,1615,1,2,0,0,0,0,1,3,4,0,2,3,,N,,,,,,,,,,,
2009120883,30.0,2,0,0,0,0,0,0,0,0,1,0,,67,10,2009,3,40.0315,-75.1548,24.0,6,0,0,0,0,0,1,0,0,,0,0,0,0,3,0,0,,0,40 01:53.456,,0,75 09:17.428,0,0,0,0,67301,0,0,0,N,0,0,0,1,67301,0,,2,1,,N,N,,0,,0,0,0,0,0,,6,0,2,0,0,0,0,0,3,4,0,2,3,,N,,,,,,,,,,,
2009106214,1005.0,4,0,0,0,0,0,0,0,0,1,0,,67,10,2009,7,40.03,-75.1044,957.0,6,0,0,0,1,0,1,0,0,3.0,0,0,0,9,1,4,0,,1,40 01:47.984,2.0,0,75 06:15.148,3,0,0,0,67301,0,0,0,N,0,0,0,9,67301,2,,1,1,,N,N,,1,,2,0,0,0,0,N,956,4,5,0,0,0,0,0,3,4,0,5,3,,N,,,,,,,,,,,
2009093491,1640.0,1,0,0,0,0,0,0,0,0,8,0,,67,9,2009,5,39.9875,-75.1191,1635.0,6,0,0,0,0,0,0,0,0,,0,0,0,16,1,1,1,,0,39 59:14.888,,0,75 07:08.601,4,0,0,0,67301,1,0,0,N,1,0,0,2,67301,1,,1,1,,N,N,,0,,0,0,0,3,3,,1600,1,2,0,0,0,0,0,3,4,0,1,3,,N,,,,,,,,,,,
2009093553,2300.0,1,0,0,0,0,0,0,0,0,4,0,,67,8,2009,1,40.0438,-75.0358,2257.0,6,0,0,1,0,0,0,0,0,2.0,0,0,0,22,3,1,2,,2,40 02:37.572,1.0,0,75 02:08.797,8,0,0,0,67301,0,0,0,N,0,0,0,5,67301,0,,1,1,,N,N,,0,,0,0,0,3,3,Y,2250,1,2,0,0,0,1,0,3,4,1,2,3,,N,,,,,,,,,,,
2009093587,1925.0,0,0,0,0,0,0,0,0,0,1,0,,67,8,2009,5,40.0089,-75.0718,1916.0,6,0,0,0,0,0,1,0,0,,0,0,0,18,1,2,5,,0,40 00:32.086,,0,75 04:18.659,4,0,0,0,67301,0,0,0,N,0,0,0,4,67301,2,,1,1,,N,N,,0,,0,0,0,3,2,,1850,2,3,0,0,0,0,1,3,4,2,3,3,,N,,,,,,,,,,,
2009054220,105.0,2,0,0,0,0,0,0,0,0,1,0,,67,4,2009,7,40.0163,-75.0879,100.0,6,0,0,0,0,0,0,0,0,3.0,0,0,0,23,3,0,0,,2,40 00:58.669,2.0,0,75 05:16.324,0,0,0,0,67301,0,0,0,,0,0,0,1,67301,0,,2,1,,,,,1,,0,0,0,0,0,Y,2338,0,3,0,0,0,0,0,3,4,0,3,3,,N,,,,,,,,,,,
2009054325,1836.0,0,0,0,0,0,0,0,0,0,4,0,,67,5,2009,5,40.0534,-75.0751,1834.0,6,0,0,0,0,0,1,0,0,,0,0,0,18,1,0,1,,0,40 03:12.186,,0,75 04:30.284,9,0,0,0,67301,0,0,0,N,0,0,0,2,67301,0,,1,1,,N,N,,0,,0,0,2,3,2,,1829,0,2,0,0,0,0,1,3,4,0,2,3,,N,,,,,,,,,,,
2009054423,1432.0,1,0,0,0,0,0,0,0,0,8,0,,67,4,2009,7,39.9546,-75.173,1433.0,6,0,0,0,0,0,0,0,0,,0,0,0,14,1,1,1,,0,39 57:16.502,,0,75 10:22.764,4,0,0,0,67301,1,0,0,N,1,0,0,2,67301,1,,1,1,,N,N,,0,,0,0,0,3,2,,1430,1,2,0,0,0,0,0,3,4,0,1,3,,N,,,,,,,,,,,
2009054486,2310.0,1,0,0,0,0,0,0,0,0,7,0,,67,4,2009,7,39.8941,-75.2198,2302.0,6,0,0,0,0,0,1,0,0,1.0,0,0,0,23,3,1,0,,2,39 53:37.548,4.0,0,75 13:14.508,8,0,0,0,67301,0,0,0,N,0,0,0,4,67301,0,,2,1,,N,N,,0,,0,0,0,0,0,N,2302,1,1,0,0,0,1,0,3,4,0,1,3,,N,,,,,,,,,,,
2009054509,9999.0,1,0,0,0,0,0,0,0,0,4,0,,67,4,2009,6,39.9163,-75.2196,1138.0,6,0,0,0,0,0,0,0,0,,0,0,0,11,1,2,2,,0,39 55:00.840,,0,75 12:57.240,8,0,0,0,67301,0,0,0,N,0,0,0,4,67301,0,,1,1,,N,N,,0,,0,0,1,3,2,,1135,2,2,0,0,4,2,1,3,4,0,2,3,,N,,,,,,,,,,,
2009093185,1250.0,2,0,0,0,0,0,0,0,0,1,0,,67,8,2009,7,40.0575,-75.0464,1245.0,6,0,0,0,0,0,1,0,0,1.0,0,0,0,12,1,1,0,,1,40 03:26.800,2.0,0,75 02:46.958,4,0,0,0,67301,0,0,0,N,0,0,0,2,67301,1,,1,1,,N,N,,0,,0,0,0,0,0,N,1240,1,2,0,0,0,0,0,3,4,0,2,3,,N,,,,,,,,,,,
2009085157,1700.0,0,0,0,0,0,0,0,0,0,4,0,,67,6,2009,4,39.9787,-75.1458,9999.0,6,0,0,0,0,0,0,1,0,,0,0,0,17,1,2,1,,0,39 58:43.330,,0,75 08:44.865,8,0,0,0,67301,0,0,0,N,0,0,0,4,67301,0,,1,1,,N,N,,1,,0,0,0,3,3,,1700,2,2,0,0,0,2,1,3,4,1,2,3,,N,,,,,,,,,,,
2009088382,2240.0,1,0,0,0,0,0,0,0,0,1,0,,67,8,2009,5,39.899,-75.1677,2233.0,6,0,0,0,0,0,0,0,0,2.0,0,0,0,22,3,1,6,,1,39 53:55.489,1.0,2,75 10:12.392,4,0,0,0,67301,0,0,0,N,0,0,0,3,68K01,1,,7,1,,N,N,,0,,0,0,0,0,0,N,2230,1,2,0,0,0,0,0,3,4,1,2,3,,N,,,,,,,,,,,
2009088384,815.0,1,0,0,0,0,0,0,0,0,1,0,,67,8,2009,6,39.9823,-75.2078,812.0,6,0,0,0,0,0,0,0,0,1.0,0,0,0,8,1,2,0,,1,39 59:00.240,3.0,0,75 12:29.520,4,0,0,0,67301,0,0,0,N,0,0,0,2,68K01,2,,1,1,,N,N,,0,,0,0,1,0,0,N,809,2,2,0,0,0,0,0,3,4,0,2,3,,N,,,,,,,,,,,
2009082963,2329.0,1,0,0,0,0,0,0,0,0,1,0,,67,7,2009,6,40.0349,-75.0188,2305.0,6,0,0,0,0,0,1,0,0,,0,0,0,23,3,3,0,,0,40 02:05.940,,0,75 01:07.233,4,0,0,0,67301,0,0,0,N,0,0,0,4,68K01,3,,1,1,,N,N,,0,,0,0,1,0,0,,2302,3,2,0,0,0,0,0,3,4,0,2,3,,N,,,,,,,,,,,
2009088067,2313.0,1,0,0,0,0,0,0,0,0,7,0,,67,8,2009,5,39.8856,-75.2096,2257.0,6,0,0,1,0,0,0,0,0,,0,0,0,22,3,2,0,,0,39 53:30.517,,0,75 11:53.925,8,0,0,0,67301,0,0,0,N,0,0,0,2,68K01,0,,2,1,,N,N,,0,,0,0,0,0,0,,2255,2,1,0,0,1,2,0,3,4,0,1,3,,N,,,,,,,,,,,
2009083371,1625.0,1,0,0,0,0,0,0,0,0,7,0,,67,7,2009,3,40.0872,-75.0587,1620.0,6,0,0,0,0,0,0,0,1,,0,0,0,16,1,1,0,,0,40 05:14.037,,0,75 03:31.130,8,0,0,0,67301,0,0,0,N,0,0,0,1,67301,0,,5,1,,N,N,,0,,0,0,0,0,0,,1610,1,1,0,0,0,1,0,3,4,0,1,3,,N,,,,,,,,,,,
2009085852,1905.0,2,0,0,0,0,0,0,0,0,1,0,,67,8,2009,4,39.9836,-75.0978,1854.0,6,0,0,0,0,0,1,0,0,1.0,0,0,0,18,1,0,0,,2,39 59:00.817,2.0,0,75 05:52.265,0,0,0,0,67301,0,0,0,N,0,0,0,3,68K01,0,,1,1,,N,N,,0,,0,0,0,0,0,Y,1851,0,2,0,0,0,0,0,3,4,0,2,3,,N,,,,,,,,,,,
2009085908,1227.0,3,0,0,0,0,0,0,0,0,1,0,,67,8,2009,3,40.0526,-75.1417,1227.0,6,0,0,0,0,0,0,0,1,1.0,0,0,0,12,1,1,0,,1,40 03:09.342,1.0,0,75 08:30.005,8,0,0,0,67301,0,0,0,N,0,0,0,6,67301,0,,1,1,,N,N,,1,,0,0,0,3,2,N,1225,1,4,0,0,0,1,0,3,4,0,4,3,,N,,,,,,,,,,,
2009065816,1550.0,2,0,0,0,0,0,0,0,0,1,0,,67,5,2009,6,39.9791,-75.143,1543.0,6,0,0,0,0,0,0,0,0,,0,0,0,15,1,2,0,,0,39 58:44.655,,0,75 08:34.879,8,0,0,0,67301,0,0,0,N,0,0,0,4,67301,0,,1,1,,N,N,,0,,0,0,0,0,0,,1535,2,2,0,0,2,2,0,3,4,0,2,3,,N,,,,,,,,,,,
2009065840,1647.0,2,0,0,0,0,0,0,0,0,4,0,,67,5,2009,6,39.9336,-75.1448,1643.0,6,0,0,0,0,1,0,0,0,,0,0,0,16,1,1,1,,0,39 56:00.848,,0,75 08:41.132,8,0,0,0,67301,0,0,0,N,0,0,0,3,67301,0,,1,1,,N,N,,0,,0,0,0,0,0,,1635,1,2,0,0,0,1,0,3,4,0,2,3,,N,,,,,,,,,,,
2009080790,915.0,1,0,0,0,0,0,0,0,0,1,0,,67,7,2009,5,40.0481,-75.069,910.0,6,0,0,0,0,0,0,1,0,1.0,0,0,0,9,1,1,0,,1,40 02:53.067,1.0,0,75 04:08.563,4,0,0,0,67301,0,0,0,N,0,0,0,3,67301,1,,1,98,,N,N,,0,,0,0,1,0,0,Y,905,1,3,0,0,0,0,0,3,4,1,3,99,,N,,,,,,,,,,,
2009086007,1337.0,1,0,0,0,0,0,0,0,0,7,0,,67,1,2009,6,40.0599,-75.0184,1334.0,6,0,0,0,0,0,0,0,0,,0,0,0,13,1,1,1,,0,40 03:35.733,,0,75 01:06.209,8,0,0,0,67301,0,0,0,N,0,0,0,1,67301,0,,4,9,,N,N,,0,,0,0,0,3,2,,1332,1,1,0,0,0,1,0,3,4,0,1,7,,N,,,,,,,,,,,
2009081662,940.0,0,0,0,0,0,0,0,0,0,4,0,,67,6,2009,3,39.9553,-75.2402,936.0,6,0,0,0,0,0,0,0,0,,0,0,0,9,1,3,1,,0,39 57:18.907,,0,75 14:24.568,4,0,0,0,67301,1,0,0,N,1,0,0,5,67301,3,,1,1,,N,N,,1,,0,0,1,3,2,,934,3,4,0,0,0,0,1,3,4,1,3,3,,N,,,,,,,,,,,
2009079096,1745.0,0,0,0,0,0,0,0,0,0,1,0,,67,7,2009,6,40.0233,-75.034,1726.0,6,0,0,0,0,0,0,0,0,1.0,0,0,0,17,1,7,0,,1,40 01:24.025,1.0,0,75 02:02.288,4,0,0,0,67301,0,0,0,N,0,0,0,10,67301,7,,1,1,,N,N,,0,,0,0,1,0,0,N,1725,7,2,0,0,0,0,0,3,4,1,2,3,,N,,,,,,,,,,,
2009081613,2058.0,0,0,0,0,0,0,0,0,0,4,0,,67,7,2009,6,39.9725,-75.1435,2058.0,6,0,0,0,0,0,1,0,0,,0,0,0,20,4,1,1,,0,39 58:21.061,,0,75 08:36.700,4,0,0,0,67301,0,0,0,N,0,0,0,5,67301,1,,1,1,,N,N,,0,,0,0,1,3,3,,2050,1,2,0,0,0,0,0,3,4,1,2,3,,N,,,,,,,,,,,
2009079163,1158.0,3,0,0,0,0,0,0,0,0,1,0,,67,7,2009,2,40.0972,-75.0181,1154.0,6,0,0,0,1,0,0,0,1,,0,0,0,11,1,1,0,,0,40 05:49.815,,0,75 01:05.021,8,0,0,0,67301,0,0,0,,0,0,0,7,67301,0,,1,9,,,,,0,,0,0,0,3,2,,1150,1,3,0,0,0,1,5,3,4,0,3,3,,N,,,,,,,,,,,
2009074322,1200.0,1,0,0,0,0,0,0,0,0,1,0,,67,6,2009,2,40.0882,-75.0346,1159.0,6,0,0,0,0,0,1,1,0,9.0,0,0,0,11,1,1,2,,1,40 05:17.571,1.0,0,75 02:04.557,4,0,0,0,67301,0,0,0,,0,0,0,3,67301,1,,1,1,,N,N,,0,,0,0,1,3,2,N,1155,1,3,0,0,0,0,0,3,4,1,3,3,,N,,,,,,,,,,,
2009074576,527.0,0,0,0,0,0,0,1,0,0,4,2,,67,6,2009,6,40.0833,-75.0262,522.0,6,0,0,0,0,0,1,0,0,2.0,0,1,0,5,3,1,0,,2,40 04:59.807,1.0,7,75 01:34.143,8,0,0,0,67301,0,0,0,,0,0,0,2,67301,0,,1,1,,,,,0,,0,0,0,3,2,Y,519,1,2,0,0,0,1,0,3,4,0,2,3,,N,,,,,,,,,,,
2009031520,855.0,1,0,0,0,0,0,0,0,0,7,0,,67,2,2009,7,39.9512,-75.1543,855.0,6,0,0,0,0,0,0,0,1,1.0,0,0,0,8,1,1,0,,2,39 57:04.251,6.0,7,75 09:15.407,4,0,0,0,67301,0,0,0,N,0,0,0,1,67301,1,,5,1,,N,N,,0,,0,0,0,0,0,Y,854,1,1,0,0,0,0,0,3,4,0,1,3,,N,,,,,,,,,,,