CRN,ARRIVAL_TM,AUTOMOBILE_COUNT,BELTED_DEATH_COUNT,BELTED_SUSP_SERIOUS_INJ_COUNT,BICYCLE_COUNT,BICYCLE_DEATH_COUNT,BICYCLE_SUSP_SERIOUS_INJ_COUNT,BUS_COUNT,CHLDPAS_DEATH_COUNT,CHLDPAS_SUSP_SERIOUS_INJ_COUNT,COLLISION_TYPE,COMM_VEH_COUNT,CONS_ZONE_SPD_LIM,COUNTY,CRASH_MONTH,CRASH_YEAR,DAY_OF_WEEK,DEC_LAT,DEC_LONG,DISPATCH_TM,DISTRICT,DRIVER_COUNT_16YR,DRIVER_COUNT_17YR,DRIVER_COUNT_18YR,DRIVER_COUNT_19YR,DRIVER_COUNT_20YR,DRIVER_COUNT_50_64YR,DRIVER_COUNT_65_74YR,DRIVER_COUNT_75PLUS,EST_HRS_CLOSED,FATAL_COUNT,HEAVY_TRUCK_COUNT,HORSE_BUGGY_COUNT,HOUR_OF_DAY,ILLUMINATION,INJURY_COUNT,INTERSECT_TYPE,INTERSECTION_RELATED,LANE_CLOSED,LATITUDE,LN_CLOSE_DIR,LOCATION_TYPE,LONGITUDE,MAX_SEVERITY_LEVEL,MCYCLE_DEATH_COUNT,MCYCLE_SUSP_SERIOUS_INJ_COUNT,MOTORCYCLE_COUNT,MUNICIPALITY,NONMOTR_COUNT,NONMOTR_DEATH_COUNT,NONMOTR_SUSP_SERIOUS_INJ_COUNT,NTFY_HIWY_MAINT,PED_COUNT,PED_DEATH_COUNT,PED_SUSP_SERIOUS_INJ_COUNT,PERSON_COUNT,POLICE_AGCY,POSSIBLE_INJ_COUNT,RDWY_SURF_TYPE_CD,RELATION_TO_ROAD,ROAD_CONDITION,ROADWAY_CLEARED,SCH_BUS_IND,SCH_ZONE_IND,SECONDARY_CRASH,SMALL_TRUCK_COUNT,SPEC_JURIS_CD,SUSP_MINOR_INJ_COUNT,SUSP_SERIOUS_INJ_COUNT,SUV_COUNT,TCD_FUNC_CD,TCD_TYPE,TFC_DETOUR_IND,TIME_OF_DAY,TOT_INJ_COUNT,TOTAL_UNITS,UNB_DEATH_COUNT,UNB_SUSP_SERIOUS_INJ_COUNT,UNBELTED_OCC_COUNT,UNK_INJ_DEG_COUNT,UNK_INJ_PER_COUNT,URBAN_AREA,URBAN_RURAL,VAN_COUNT,VEHICLE_COUNT,WEATHER1,WEATHER2,WORK_ZONE_IND,WORK_ZONE_LOC,WORK_ZONE_TYPE,WORKERS_PRES,WZ_CLOSE_DETOUR,WZ_FLAGGER,WZ_LAW_OFFCR_IND,WZ_LN_CLOSURE,WZ_MOVING,WZ_OTHER,WZ_SHLDER_MDN,WZ_WORKERS_INJ_KILLED
2009065251,1410.0,1,0,0,0,0,0,0,0,0,4,0,,67,5,2009,3,40.0444,-75.0088,1402.0,6,0,0,0,0,0,1,1,0,,0,0,0,14,1,1,2,,0,40 02:40.071,,0,75 00:31.653,4,0,0,0,67301,0,0,0,N,0,0,0,2,67301,1,,1,1,,N,N,,0,,0,0,1,0,0,,1400,1,2,0,0,0,0,0,3,4,0,2,3,,N,,,,,,,,,,,
2009073030,1028.0,1,0,0,0,0,0,0,0,0,7,0,,67,7,2009,7,40.012,-75.0602,1020.0,6,0,0,1,0,0,0,0,0,1.0,0,0,0,10,1,0,0,,2,40 00:42.840,1.0,0,75 03:37.440,0,0,0,0,67301,0,0,0,N,0,0,0,3,68K01,0,,2,1,,N,N,,0,,0,0,0,0,0,N,1018,0,1,0,0,0,0,0,3,4,0,1,3,,N,,,,,,,,,,,
2009058494,943.0,1,0,0,0,0,0,0,0,0,1,0,,67,5,2009,2,39.9537,-75.1814,932.0,6,0,0,0,0,0,0,0,0,,0,0,0,9,1,1,0,,0,39 57:18.775,,0,75 10:50.915,4,0,0,0,67301,0,0,0,N,0,0,0,2,68K01,1,,1,1,,N,N,,0,,0,0,0,0,0,,930,1,2,0,0,0,0,0,3,4,1,2,3,,N,,,,,,,,,,,
2009093166,2140.0,2,0,0,0,0,0,0,0,0,4,0,,67,8,2009,6,40.0767,-75.1762,2138.0,6,0,0,0,0,0,1,0,0,,0,0,0,21,3,1,1,,0,40 04:36.163,,0,75 10:34.253,4,0,0,0,67301,0,0,0,N,0,0,0,2,67301,1,,3,1,,N,N,,0,,0,0,0,3,3,,2120,1,2,0,0,0,0,0,3,4,0,2,3,,N,,,,,,,,,,,
2009072388,1130.0,1,0,0,0,0,0,0,0,0,4,0,,67,6,2009,2,40.0242,-75.0955,1123.0,6,0,0,0,0,0,0,0,1,,0,0,0,11,1,1,1,,0,40 01:27.102,,0,75 05:43.897,4,0,0,0,67301,0,0,0,,0,0,0,6,67301,1,,1,1,,,,,0,,0,0,1,3,2,,1112,1,2,0,0,0,0,1,3,4,0,2,3,,N,,,,,,,,,,,
2009067251,1723.0,1,0,0,0,0,0,0,0,0,8,0,,67,5,2009,6,40.0355,-75.0725,1720.0,6,0,0,0,0,0,0,0,0,,0,0,0,99,1,1,0,,0,40 02:07.947,,0,75 04:20.964,4,0,0,0,67301,1,0,0,N,1,0,0,2,67301,1,,1,1,,N,N,,0,,0,0,0,0,0,,9999,1,2,0,0,0,0,0,3,4,0,1,3,,N,,,,,,,,,,,
2009064933,802.0,1,0,0,0,0,0,0,0,0,4,0,,67,5,2009,6,40.0598,-75.2095,752.0,6,0,0,0,0,0,1,0,0,,0,0,0,7,1,1,1,,0,40 03:35.316,,0,75 12:34.340,4,0,0,0,67301,0,0,0,N,0,0,0,4,67301,1,,1,1,,N,N,,0,,0,0,1,3,3,,732,1,2,0,0,0,0,0,3,4,0,2,3,,N,,,,,,,,,,,
2009111149,2208.0,1,0,0,0,0,0,0,0,0,2,0,,67,10,2009,4,39.9826,-75.2252,1148.0,6,0,0,0,0,0,0,0,0,1.0,0,0,0,21,3,1,0,,2,39 58:57.430,1.0,0,75 13:30.760,4,0,0,0,67301,0,0,0,,0,0,0,2,67301,1,,4,1,,,,,0,,0,0,0,0,0,N,2145,1,2,0,0,0,0,0,3,4,0,2,3,,N,,,,,,,,,,,
2009059325,2041.0,2,0,0,0,0,0,0,0,0,5,0,,67,4,2009,4,40.0173,-75.111,2036.0,6,0,0,0,1,0,0,0,0,,0,0,0,20,3,1,0,,0,40 01:02.370,,0,75 06:39.686,8,0,0,0,67301,0,0,0,,0,0,0,2,67301,0,,1,1,,N,N,,0,,0,0,0,0,0,,2025,1,2,0,0,0,1,0,3,4,0,2,3,,N,,,,,,,,,,,
2009093538,1050.0,1,0,0,0,0,0,0,0,0,3,1,,67,6,2009,4,39.9701,-75.2392,1045.0,6,0,0,0,0,0,0,0,1,,0,1,0,9,1,0,0,,0,39 58:12.378,,0,75 14:20.968,0,0,0,0,67301,0,0,0,N,0,0,0,3,67301,0,,1,1,,N,N,,0,,0,0,0,0,0,,945,0,2,0,0,0,0,0,3,4,0,2,3,,N,,,,,,,,,,,
2009093637,2210.0,2,0,0,0,0,0,0,0,0,6,0,,67,8,2009,2,40.0049,-75.1787,2204.0,6,0,0,0,0,0,0,1,0,,0,0,0,22,3,1,5,,0,40 00:17.776,,0,75 10:43.375,4,0,0,0,67301,0,0,0,,0,0,0,2,67301,1,,1,1,,,,,0,,0,0,0,3,2,,2200,1,2,0,0,0,0,0,3,4,0,2,3,,N,,,,,,,,,,,
2009093653,1705.0,2,0,0,0,0,0,0,0,0,5,0,,67,8,2009,2,39.9392,-75.2149,1700.0,6,0,0,0,0,0,0,0,0,,0,0,0,16,1,1,0,,0,39 56:21.274,,0,75 12:53.569,4,0,0,0,67301,0,0,0,N,0,0,0,5,67301,1,,1,1,,N,N,,0,,0,0,0,0,0,,1615,1,2,0,0,0,0,0,3,4,0,2,3,,N,,,,,,,,,,,
2009056939,5.0,0,0,0,0,0,0,0,0,0,2,0,,67,4,2009,1,40.0645,-75.174,2355.0,6,0,0,0,0,0,0,0,0,,0,0,0,22,3,6,2,,0,40 03:52.031,,0,75 10:26.462,3,0,0,0,67301,0,0,0,N,0,0,0,6,67301,1,,1,1,,N,N,,1,,1,0,1,3,2,,2200,6,2,0,0,3,4,0,3,4,0,2,3,,N,,,,,,,,,,,
2009056951,1548.0,2,0,0,0,0,0,0,0,0,4,0,,67,5,2009,3,39.9185,-75.2259,1545.0,6,0,0,0,0,0,1,0,0,,0,0,0,15,1,0,1,,0,39 55:06.715,,0,75 13:33.263,0,0,0,0,67301,0,0,0,,0,0,0,2,67301,0,,1,1,,,,,0,,0,0,0,3,2,,1532,0,2,0,0,0,0,0,3,4,0,2,3,,N,,,,,,,,,,,
2009054420,145.0,1,0,0,0,0,0,0,0,0,4,0,,67,4,2009,1,39.9729,-75.1807,140.0,6,0,0,0,0,0,0,0,0,,0,0,0,1,3,0,1,,0,39 58:22.278,,0,75 10:50.613,9,0,0,0,67301,0,0,0,,0,0,0,2,67301,0,,1,1,,,,,1,,0,0,0,3,2,,120,0,2,0,0,0,0,1,3,4,0,2,3,,N,,,,,,,,,,,
2009054459,1241.0,1,0,0,0,0,0,1,0,0,5,1,,67,4,2009,6,39.9958,-75.1542,1230.0,6,0,0,0,0,0,1,0,0,,0,0,0,12,1,1,0,,0,39 59:44.759,,0,75 09:15.091,4,0,0,0,67301,0,0,0,,0,0,0,60,67301,1,,1,1,,,,,0,,0,0,0,0,0,,1230,1,2,0,0,0,0,1,3,4,0,2,3,,N,,,,,,,,,,,
2009054481,646.0,2,0,0,0,0,0,0,0,0,4,0,,67,5,2009,1,40.0403,-75.0585,646.0,6,0,0,0,0,0,0,0,0,1.0,0,0,0,6,3,0,1,,1,40 02:25.164,1.0,0,75 03:30.735,0,0,0,0,67301,0,0,0,,0,0,0,3,67301,0,,1,1,,N,N,,0,,0,0,0,3,2,N,646,0,2,0,0,0,0,0,3,4,0,2,3,,N,,,,,,,,,,,
2009054688,1649.0,2,0,0,0,0,0,0,0,0,4,0,,67,4,2009,1,39.9334,-75.1811,1649.0,6,0,0,0,0,1,0,0,0,,0,0,0,16,1,6,2,,0,39 56:00.200,,0,75 10:52.082,8,0,0,0,67301,0,0,0,N,0,0,0,9,67301,0,,1,1,,N,N,,0,,0,0,0,3,2,,1644,6,2,0,0,0,6,1,3,4,0,2,3,,N,,,,,,,,,,,
2009083571,1850.0,2,0,0,0,0,0,0,0,0,2,0,,67,7,2009,1,39.9642,-75.2219,1841.0,6,0,0,0,0,0,2,0,0,,0,0,0,18,1,1,1,,0,39 57:50.876,,0,75 13:17.132,4,0,0,0,67301,0,0,0,N,0,0,0,2,67301,1,,1,1,,N,N,,0,,0,0,0,3,2,,1830,1,2,0,0,0,0,0,3,4,0,2,3,,N,,,,,,,,,,,
2009086150,137.0,0,0,0,1,0,0,0,0,0,8,0,,67,7,2009,3,40.0254,-75.1752,133.0,6,0,0,0,0,0,0,0,0,,0,0,0,1,3,1,1,,0,40 01:31.591,,0,75 10:30.849,4,0,0,0,67301,1,0,0,,0,0,0,2,67301,1,,1,1,,,,,0,,0,0,1,3,3,,130,1,2,0,0,0,0,0,3,4,0,1,3,,N,,,,,,,,,,,
2009080967,2059.0,0,0,0,0,0,0,0,0,0,8,0,,67,6,2009,7,39.9628,-75.2346,2054.0,6,0,0,0,0,0,0,1,0,,0,0,0,20,4,1,1,,0,39 57:46.033,,0,75 14:04.433,4,0,0,0,67301,1,0,0,N,1,0,0,2,67301,1,,1,1,,N,N,,0,,0,0,0,2,2,,2050,1,2,0,0,0,0,0,3,4,1,1,3,,N,,,,,,,,,,,
2009083653,150.0,2,0,0,0,0,0,0,0,0,2,0,,67,7,2009,1,39.9285,-75.2434,145.0,6,0,0,0,0,0,0,0,0,1.0,0,0,0,1,3,3,0,,1,39 55:42.503,5.0,0,75 14:36.364,4,0,0,0,67301,0,0,0,N,0,0,0,3,67301,1,,1,9,,N,N,,0,,0,0,0,0,0,N,105,3,2,0,0,0,2,0,3,4,0,2,3,,N,,,,,,,,,,,
2009063491,745.0,1,0,0,0,0,0,0,0,0,1,0,,67,5,2009,5,40.0279,-75.0244,728.0,6,0,0,0,0,0,0,0,0,,0,0,0,7,1,2,7,,0,40 01:40.504,,2,75 01:27.533,8,0,0,0,67301,0,0,0,N,0,0,0,2,68K01,0,,1,1,,N,N,,0,,0,0,1,0,0,,724,2,2,0,0,0,2,0,3,4,0,2,3,,N,,,,,,,,,,,
2009081451,1726.0,0,0,0,0,0,0,0,0,0,8,0,,67,7,2009,3,40.1327,-75.0113,1718.0,6,0,0,0,0,0,1,0,0,1.0,0,0,0,17,1,1,0,,1,40 07:57.606,2.0,0,75 00:40.776,3,0,0,0,67301,1,0,0,N,1,0,0,3,67301,0,,1,1,,N,N,,0,,1,0,1,0,0,N,1715,1,2,0,0,0,0,0,3,4,0,1,3,,N,,,,,,,,,,,
2009081631,2020.0,1,0,0,0,0,0,0,0,0,8,0,,67,6,2009,2,39.9272,-75.1719,2020.0,6,0,0,0,0,0,0,0,0,,0,0,0,20,1,1,0,,0,39 55:37.880,,0,75 10:18.814,4,0,0,0,67301,1,0,0,N,1,0,0,4,67301,1,,1,1,,N,N,,0,,0,0,0,0,0,,2018,1,2,0,0,2,0,0,3,4,0,1,3,,N,,,,,,,,,,,
2009081658,100.0,2,0,0,0,0,0,0,0,0,4,0,,67,7,2009,7,40.01,-75.1084,100.0,6,0,0,0,0,0,0,0,0,,0,0,0,23,3,2,1,,0,40 00:35.899,,0,75 06:30.164,4,0,0,0,67301,0,0,0,N,0,0,0,4,67301,1,,1,9,,N,N,,0,,0,0,0,3,3,,2310,2,2,0,0,0,1,1,3,4,0,2,7,,N,,,,,,,,,,,
2009079120,1752.0,0,0,0,0,0,0,0,0,0,5,0,,67,7,2009,7,40.002,-75.1285,1747.0,6,0,0,0,0,0,0,0,0,9.0,0,0,0,17,1,1,0,,2,40 00:07.048,1.0,0,75 07:42.726,4,0,0,0,67301,0,0,0,N,0,0,0,1,67301,1,,2,1,,N,N,,0,,0,0,3,0,0,Y,1737,1,3,0,0,1,0,0,3,4,0,3,3,,N,,,,,,,,,,,
2009079308,1328.0,2,0,0,0,0,0,0,0,0,1,0,,67,7,2009,7,40.0157,-75.1401,1325.0,6,0,0,0,0,0,0,0,0,,0,0,0,13,1,2,1,,0,40 00:56.408,,0,75 08:24.331,8,0,0,0,67301,0,0,0,N,0,0,0,5,67301,0,,1,1,,N,N,,0,,0,0,0,3,3,,1320,2,2,0,0,0,2,0,3,4,0,2,3,,N,,,,,,,,,,,
2009079003,1308.0,1,0,0,0,0,0,0,0,0,1,0,,67,7,2009,3,39.8897,-75.2338,1256.0,6,0,0,0,0,0,1,0,0,,0,0,0,12,1,3,3,,0,39 53:23.198,,0,75 14:01.809,4,0,0,0,67301,0,0,0,N,0,0,0,4,67301,3,,1,1,,N,N,,0,,0,0,0,3,2,,1255,3,2,0,0,1,0,0,3,4,1,2,3,,N,,,,,,,,,,,
2009079036,1353.0,1,0,0,0,0,0,0,0,0,8,0,,67,7,2009,7,39.9937,-75.1399,1353.0,6,0,0,0,0,1,0,0,0,1.0,0,0,0,99,1,1,1,,1,39 59:37.298,1.0,0,75 08:23.510,8,0,0,0,67301,1,0,0,,1,0,0,3,67301,0,,1,1,,N,N,,0,,0,0,0,3,2,N,9999,1,2,0,0,0,1,0,3,4,0,1,3,,N,,,,,,,,,,,
2009079136,237.0,4,0,0,0,0,0,0,0,0,5,0,,67,6,2009,1,39.9268,-75.2436,234.0,6,0,0,0,0,0,1,0,0,1.0,0,0,0,2,3,1,0,,1,39 55:36.525,1.0,0,75 14:36.848,4,0,0,0,67301,0,0,0,N,0,0,0,3,67301,1,,6,1,,N,N,,0,,0,0,2,0,0,Y,220,1,6,0,0,0,0,2,3,4,0,6,3,,N,,,,,,,,,,,
2009074552,1537.0,2,0,0,0,0,0,0,0,0,1,0,,67,6,2009,6,39.9947,-75.1922,1526.0,6,0,0,0,0,0,1,0,0,1.0,0,0,0,15,1,1,1,,1,39 59:40.927,1.0,8,75 11:32.155,8,0,0,0,67301,0,0,0,N,0,0,0,2,67301,0,,1,1,,N,N,,0,,0,0,0,0,0,N,1526,1,2,0,0,0,1,0,3,4,0,2,3,,N,,,,,,,,,,,
2009080241,2344.0,4,0,0,0,0,0,0,0,0,5,0,,67,8,2009,2,39.8989,-75.1694,2340.0,6,0,0,0,0,0,1,0,0,1.0,0,0,0,23,3,1,0,,2,39 53:57.257,2.0,0,75 10:00.699,8,0,0,0,67301,0,0,0,N,0,0,0,5,68K01,0,,1,1,,N,N,,1,,0,0,0,0,0,N,2339,1,5,0,0,0,1,0,3,4,0,5,3,,N,,,,,,,,,,,
2009077694,1125.0,2,0,0,0,0,0,0,0,0,1,0,,67,7,2009,5,39.9827,-75.0998,1122.0,6,0,0,0,0,0,0,0,0,,0,0,0,11,1,1,0,,0,39 58:57.596,,0,75 05:59.423,4,0,0,0,67301,0,0,0,N,0,0,0,3,68K01,1,,1,1,,N,N,,0,,0,0,0,0,0,,1117,1,2,0,0,0,0,0,3,4,0,2,3,,N,,,,,,,,,,,
2009075457,9999.0,1,0,0,1,0,0,0,0,0,2,0,,67,6,2009,7,40.0009,-75.1014,920.0,6,0,0,0,0,0,0,1,0,,0,0,0,99,1,1,0,,0,40 00:03.157,,0,75 06:04.903,8,0,0,0,67301,1,0,0,N,0,0,0,2,67301,0,,1,1,,N,N,,0,,0,0,0,0,0,,9999,1,2,0,0,0,1,0,3,4,0,1,3,,N,,,,,,,,,,,
2009069449,1715.0,2,0,0,0,0,0,0,0,0,4,0,,67,6,2009,5,39.9863,-75.1079,1702.0,6,0,0,0,0,0,0,0,0,,0,0,0,16,1,0,2,,0,39 59:10.600,,0,75 06:28.569,0,0,0,0,67301,0,0,0,,0,0,0,4,67301,0,,1,9,,,,,0,,0,0,0,3,3,,1645,0,2,0,0,4,0,0,3,4,0,2,7,,N,,,,,,,,,,,
2009067044,904.0,1,0,0,1,0,0,0,0,0,4,0,,67,6,2009,2,39.9568,-75.1995,902.0,6,0,0,0,0,0,1,0,0,,0,0,0,9,1,1,1,,0,39 57:24.564,,0,75 11:58.555,4,0,0,0,67301,1,0,0,N,0,0,0,2,67301,1,,1,1,,N,N,,0,,0,0,0,3,2,,900,1,2,0,0,0,0,0,3,4,0,1,3,,N,,,,,,,,,,,
2009067093,1644.0,1,0,0,0,0,0,0,0,0,1,1,,67,6,2009,2,39.9585,-75.2252,1605.0,6,0,0,0,0,0,0,0,0,,0,1,0,16,1,1,1,,0,39 57:30.546,,0,75 13:30.586,4,0,0,0,67301,0,0,0,N,0,0,0,2,67301,1,,1,1,,N,N,,0,,0,0,0,3,2,,1600,1,2,0,0,0,0,0,3,4,0,2,3,,N,,,,,,,,,,,
2009067125,1745.0,1,0,0,0,0,0,0,0,0,1,0,,67,6,2009,6,40.0494,-75.0678,1745.0,6,0,0,0,0,0,0,0,0,,0,0,0,17,1,1,0,,0,40 02:57.797,,7,75 04:04.005,4,0,0,0,67301,0,0,0,N,0,0,0,3,67301,1,,1,9,,N,N,,1,,0,0,0,0,0,,1730,1,2,0,0,1,0,0,3,4,0,2,7,,N,,,,,,,,,,,
2009067457,842.0,2,0,0,0,0,0,0,0,0,4,0,,67,6,2009,3,40.0022,-75.1576,837.0,6,0,0,0,0,0,0,0,0,1.0,0,0,0,8,1,1,1,,1,40 00:07.920,4.0,0,75 09:27.777,4,0,0,0,67301,0,0,0,N,0,0,0,2,67301,1,,1,1,,N,N,,0,,0,0,0,3,2,N,836,1,2,0,0,0,0,0,3,4,0,2,3,,N,,,,,,,,,,,
2009064929,135.0,2,0,0,0,0,0,0,0,0,5,0,,67,5,2009,7,39.9991,-75.1464,130.0,6,0,0,0,0,0,0,0,0,2.0,0,0,0,99,3,0,0,,2,39 59:56.615,2.0,0,75 08:46.910,0,0,0,0,67301,0,0,0,,0,0,0,1,67301,0,,6,1,,,,,0,,0,0,0,3,3,Y,9999,0,2,0,0,0,0,0,3,4,0,2,3,,N,,,,,,,,,,,
2009067572,1345.0,0,0,0,0,0,0,0,0,0,0,0,,67,5,2009,3,39.9897,-75.0902,1340.0,6,0,0,0,0,0,1,0,0,,0,0,0,15,1,1,2,,0,39 59:22.879,,0,75 05:24.610,3,0,0,1,67301,0,0,0,N,0,0,0,1,67301,0,,1,1,,N,N,,0,,1,0,0,3,3,,1530,1,2,0,0,0,0,0,3,4,0,1,99,,N,,,,,,,,,,,
2009065057,923.0,1,0,0,0,0,0,0,0,0,2,0,,67,5,2009,3,39.9635,-75.2191,916.0,6,0,0,0,0,0,1,0,0,,0,0,0,9,1,1,0,,0,39 57:48.046,,0,75 13:07.188,8,0,0,0,67301,0,0,0,N,0,0,0,2,67301,0,,1,1,,N,N,,0,,0,0,1,0,0,,915,1,2,0,0,0,1,0,3,4,0,2,3,,N,,,,,,,,,,,
2009059680,26.0,1,0,0,0,0,0,0,0,0,4,0,,67,4,2009,2,39.9946,-75.0945,21.0,6,0,0,0,0,0,0,0,0,3.0,0,0,0,0,3,1,1,,2,39 59:40.935,7.0,0,75 05:40.542,8,0,0,0,67301,0,0,0,,0,0,0,3,67301,0,,1,1,,,,,1,,0,0,0,3,2,Y,10,1,2,0,0,0,1,0,3,4,0,2,3,,N,,,,,,,,,,,
2009059726,529.0,0,0,0,0,0,0,0,0,0,7,0,,67,5,2009,3,39.9401,-75.1881,527.0,6,0,0,0,0,0,0,0,0,2.0,0,0,0,5,5,1,2,,1,39 56:24.370,4.0,0,75 11:17.123,3,0,0,0,67301,0,0,0,,0,0,0,1,67301,0,,4,9,,,,,1,,1,0,0,0,0,Y,527,1,1,0,0,0,0,0,3,4,0,1,7,,N,,,,,,,,,,,
2009121296,351.0,1,0,0,0,0,0,0,0,0,7,0,,67,11,2009,5,39.9601,-75.1801,338.0,6,0,0,0,0,0,0,0,0,2.0,0,0,0,3,3,0,0,,1,39 57:38.880,4.0,0,75 10:54.480,0,0,0,0,67301,0,0,0,N,0,0,0,1,68K01,0,,4,1,,N,N,,0,,0,0,0,0,0,N,337,0,1,0,0,0,0,0,3,4,0,1,3,,N,,,,,,,,,,,
2009118916,226.0,1,0,0,0,0,0,0,0,0,1,0,,67,10,2009,7,39.9915,-75.1361,220.0,6,0,0,0,0,0,0,0,0,,0,0,0,2,3,1,1,,0,39 59:29.818,,0,75 08:10.215,8,0,0,0,67301,0,0,0,N,0,0,0,4,67301,0,,1,9,,,,,0,,0,0,0,3,2,,215,1,2,0,0,2,1,1,3,4,1,2,7,,N,,,,,,,,,,,
2009120852,1225.0,2,0,0,0,0,0,0,0,0,1,0,,67,10,2009,7,39.9347,-75.2272,1215.0,6,0,0,0,0,0,0,0,0,,0,0,0,12,1,0,1,,0,39 56:04.801,,0,75 13:38.064,9,0,0,0,67301,0,0,0,,0,0,0,2,67301,0,,1,9,,,,,0,,0,0,0,3,2,,1205,0,2,0,0,0,0,1,3,4,0,2,7,,N,,,,,,,,,,,
2009120880,1335.0,2,0,0,0,0,0,0,0,0,1,0,,67,10,2009,4,39.9939,-75.1545,1335.0,6,0,0,0,0,0,1,0,0,,0,0,0,11,1,1,1,,0,39 59:38.150,,0,75 09:16.063,4,0,0,0,67301,0,0,0,N,0,0,0,2,67301,1,,1,1,,N,N,,0,,0,0,0,3,2,,1100,1,2,0,0,0,0,1,3,4,0,2,3,,N,,,,,,,,,,,
2009111604,1240.0,1,0,0,0,0,0,0,0,0,4,0,,67,10,2009,1,39.9728,-75.1799,1240.0,6,0,0,0,0,0,1,0,0,,0,0,0,12,1,0,1,,0,39 58:21.907,,0,75 10:47.704,0,0,0,0,67301,0,0,0,N,0,0,0,2,67301,0,,1,1,,N,N,,0,,0,0,1,3,3,,1230,0,2,0,0,0,0,0,3,4,0,2,3,,N,,,,,,,,,,,
2009054332,1645.0,2,0,0,0,0,0,0,0,0,1,0,,67,4,2009,1,40.0101,-75.1216,1635.0,6,0,0,0,0,0,0,0,0,,0,0,0,16,1,1,1,,0,40 00:36.531,,0,75 07:17.602,4,0,0,0,67301,0,0,0,N,0,0,0,3,67301,1,,1,1,,N,N,,0,,0,0,0,3,2,,1600,1,2,0,0,0,0,0,3,4,0,2,3,,N,,,,,,,,,,,
2009056942,0.0,2,0,0,0,0,0,0,0,0,4,0,,67,4,2009,4,39.9869,-75.1358,2331.0,6,0,0,0,0,0,0,1,0,,0,0,0,23,3,1,1,,0,39 59:12.710,,0,75 08:09.023,8,0,0,0,67301,0,0,0,N,0,0,0,3,67301,0,,1,1,,N,N,,0,,0,0,0,3,2,,2331,1,2,0,0,0,1,1,3,4,0,2,3,,N,,,,,,,,,,,
2009054428,1805.0,2,0,0,0,0,0,0,0,0,4,0,,67,5,2009,6,40.0414,-75.0809,1803.0,6,0,0,0,0,1,0,0,0,1.0,0,0,0,18,1,1,5,,2,40 02:28.966,6.0,0,75 04:51.549,8,0,0,0,67301,0,0,0,N,0,0,0,5,67301,0,,1,9,,N,N,,0,,0,0,0,3,2,Y,1800,1,2,0,0,0,1,1,3,4,0,2,3,,N,,,,,,,,,,,
2009054517,1910.0,1,0,0,0,0,0,0,0,0,8,0,,67,4,2009,5,39.9872,-75.1088,1904.0,6,0,0,0,0,0,0,0,0,,0,0,0,19,1,1,1,,0,39 59:14.079,,0,75 06:31.807,8,0,0,0,67301,1,0,0,,1,0,0,2,67301,0,,1,1,,N,N,,0,,0,0,0,3,2,,1900,1,2,0,0,0,1,0,3,4,0,1,3,,N,,,,,,,,,,,
2009088583,1611.0,1,0,0,0,0,0,0,0,0,7,0,,67,8,2009,1,40.0131,-75.0582,1609.0,6,0,0,0,0,0,0,0,0,2.0,0,0,0,16,1,1,0,,1,40 00:47.073,2.0,0,75 03:29.893,4,0,0,0,67301,0,0,0,N,0,0,0,1,68K01,1,,2,1,,N,N,,0,,0,0,0,0,0,N,1607,1,2,0,0,0,0,0,3,4,0,1,3,,N,,,,,,,,,,,
2009054549,1810.0,1,0,0,0,0,0,0,0,0,2,0,,67,4,2009,6,40.0256,-75.1542,1757.0,6,0,0,0,1,0,1,0,0,,0,0,0,17,1,1,1,,0,40 01:32.257,,0,75 09:15.145,4,0,0,0,67301,0,0,0,N,0,0,0,4,67301,1,,1,1,,N,N,,1,,0,0,0,3,2,,1757,1,2,0,0,3,0,0,3,4,0,2,3,,N,,,,,,,,,,,
2009086274,1822.0,0,0,0,1,0,0,0,0,0,8,0,,67,7,2009,4,39.9392,-75.1951,1821.0,6,0,0,0,0,0,1,0,0,,0,0,0,15,1,1,0,,0,39 56:21.064,,7,75 11:42.208,8,0,0,0,67301,1,0,0,N,0,0,0,2,67301,0,,4,1,,N,N,,0,,0,0,0,0,0,,1515,1,2,0,0,0,1,1,3,4,1,1,3,,N,,,,,,,,,,,
2009054696,1555.0,3,0,1,0,0,0,0,0,0,1,0,,67,4,2009,5,40.0948,-75.0507,1545.0,6,0,0,0,0,0,2,0,0,1.0,0,0,0,15,1,2,1,,2,40 05:41.192,6.0,0,75 03:02.752,2,0,0,0,67301,0,0,0,,0,0,0,3,67301,0,,1,1,,N,N,,0,,1,1,0,0,0,Y,1530,2,3,0,0,0,0,0,3,4,0,3,3,,N,,,,,,,,,,,
2009068447,2006.0,0,0,0,0,0,0,0,0,0,4,0,,67,5,2009,5,39.9744,-75.2017,2005.0,6,0,0,0,0,0,1,0,0,,0,0,0,20,1,1,1,,0,39 58:27.678,,0,75 12:06.170,8,0,0,1,67301,0,0,0,N,0,0,0,2,67301,0,,1,1,,N,N,,1,,0,0,0,3,2,,2000,1,2,0,0,0,1,0,3,4,0,2,3,,N,,,,,,,,,,,