CRN,ARRIVAL_TM,AUTOMOBILE_COUNT,BELTED_DEATH_COUNT,BELTED_SUSP_SERIOUS_INJ_COUNT,BICYCLE_COUNT,BICYCLE_DEATH_COUNT,BICYCLE_SUSP_SERIOUS_INJ_COUNT,BUS_COUNT,CHLDPAS_DEATH_COUNT,CHLDPAS_SUSP_SERIOUS_INJ_COUNT,COLLISION_TYPE,COMM_VEH_COUNT,CONS_ZONE_SPD_LIM,COUNTY,CRASH_MONTH,CRASH_YEAR,DAY_OF_WEEK,DEC_LAT,DEC_LONG,DISPATCH_TM,DISTRICT,DRIVER_COUNT_16YR,DRIVER_COUNT_17YR,DRIVER_COUNT_18YR,DRIVER_COUNT_19YR,DRIVER_COUNT_20YR,DRIVER_COUNT_50_64YR,DRIVER_COUNT_65_74YR,DRIVER_COUNT_75PLUS,EST_HRS_CLOSED,FATAL_COUNT,HEAVY_TRUCK_COUNT,HORSE_BUGGY_COUNT,HOUR_OF_DAY,ILLUMINATION,INJURY_COUNT,INTERSECT_TYPE,INTERSECTION_RELATED,LANE_CLOSED,LATITUDE,LN_CLOSE_DIR,LOCATION_TYPE,LONGITUDE,MAX_SEVERITY_LEVEL,MCYCLE_DEATH_COUNT,MCYCLE_SUSP_SERIOUS_INJ_COUNT,MOTORCYCLE_COUNT,MUNICIPALITY,NONMOTR_COUNT,NONMOTR_DEATH_COUNT,NONMOTR_SUSP_SERIOUS_INJ_COUNT,NTFY_HIWY_MAINT,PED_COUNT,PED_DEATH_COUNT,PED_SUSP_SERIOUS_INJ_COUNT,PERSON_COUNT,POLICE_AGCY,POSSIBLE_INJ_COUNT,RDWY_SURF_TYPE_CD,RELATION_TO_ROAD,ROAD_CONDITION,ROADWAY_CLEARED,SCH_BUS_IND,SCH_ZONE_IND,SECONDARY_CRASH,SMALL_TRUCK_COUNT,SPEC_JURIS_CD,SUSP_MINOR_INJ_COUNT,SUSP_SERIOUS_INJ_COUNT,SUV_COUNT,TCD_FUNC_CD,TCD_TYPE,TFC_DETOUR_IND,TIME_OF_DAY,TOT_INJ_COUNT,TOTAL_UNITS,UNB_DEATH_COUNT,UNB_SUSP_SERIOUS_INJ_COUNT,UNBELTED_OCC_COUNT,UNK_INJ_DEG_COUNT,UNK_INJ_PER_COUNT,URBAN_AREA,URBAN_RURAL,VAN_COUNT,VEHICLE_COUNT,WEATHER1,WEATHER2,WORK_ZONE_IND,WORK_ZONE_LOC,WORK_ZONE_TYPE,WORKERS_PRES,WZ_CLOSE_DETOUR,WZ_FLAGGER,WZ_LAW_OFFCR_IND,WZ_LN_CLOSURE,WZ_MOVING,WZ_OTHER,WZ_SHLDER_MDN,WZ_WORKERS_INJ_KILLED
2009071362,1759.0,1,0,0,0,0,0,0,0,0,4,0,,67,6,2009,7,40.0986,-75.02,1758.0,6,0,0,0,0,0,0,0,0,2.0,0,0,0,17,1,3,0,,2,40 05:54.826,6.0,0,75 01:11.938,8,0,0,0,67301,0,0,0,N,0,0,0,3,67301,0,,1,9,,N,N,,0,,0,0,1,0,0,Y,1755,3,2,0,0,0,3,0,3,4,0,2,7,,N,,,,,,,,,,,
2010003176,1630.0,2,0,0,0,0,0,0,0,0,1,0,,67,12,2009,3,40.0619,-75.1367,1625.0,6,0,0,0,0,0,0,0,1,,0,0,0,12,1,1,1,,0,40 03:42.622,,0,75 08:12.011,4,0,0,0,67301,0,0,0,N,0,0,0,2,67301,1,,1,1,,N,N,,0,,0,0,0,3,2,,1245,1,2,0,0,0,0,0,3,4,0,2,3,,N,,,,,,,,,,,
2010003204,2048.0,1,0,0,0,0,0,0,0,0,8,0,,67,11,2009,7,40.0829,-75.0007,2045.0,6,0,0,0,0,0,1,0,0,,0,0,0,20,3,1,0,,0,40 04:58.544,,7,75 00:02.484,4,0,0,0,67301,1,0,0,N,1,0,0,2,67301,1,,9,1,,N,N,,0,,0,0,0,0,0,,2045,1,2,0,0,0,0,0,3,4,0,1,3,,N,,,,,,,,,,,
2010003230,1706.0,1,0,0,0,0,0,0,0,0,2,0,,67,12,2009,2,40.0159,-75.187,1706.0,6,0,0,0,0,0,0,0,0,,0,0,0,17,3,1,1,,0,40 00:57.223,,0,75 11:13.338,3,0,0,1,67301,0,0,0,N,0,0,0,2,67301,0,,1,1,,N,N,,0,,1,0,0,2,2,,1705,1,2,0,0,0,0,1,3,4,0,2,3,,N,,,,,,,,,,,
2010003235,1810.0,1,0,0,0,0,0,0,0,0,4,0,,67,11,2009,2,40.05,-75.2017,1805.0,6,0,0,0,0,0,1,0,0,,0,0,0,18,3,0,2,,0,40 03:00.075,,0,75 12:06.008,0,0,0,0,67301,0,0,0,N,0,0,0,2,67301,0,,1,9,,N,N,,0,,0,0,1,3,3,,1800,0,2,0,0,0,0,0,3,4,0,2,7,,N,,,,,,,,,,,
2010005930,1330.0,1,0,0,0,0,0,0,0,0,8,0,,67,12,2009,6,40.0082,-75.1427,1325.0,6,0,0,0,0,0,0,0,0,,0,0,0,9,1,1,1,,0,40 00:29.406,,0,75 08:33.738,4,0,0,0,67301,1,0,0,N,1,0,0,2,67301,1,,3,1,,N,N,,0,,0,0,0,3,3,,935,1,2,0,0,0,0,0,3,4,0,1,3,,N,,,,,,,,,,,
2010005931,917.0,0,0,0,0,0,0,0,0,0,7,0,,67,12,2009,1,40.079,-75.0697,915.0,6,0,0,0,0,0,1,0,0,,0,0,0,9,1,1,0,,0,40 04:44.168,,0,75 04:11.025,4,0,0,0,67301,0,0,0,,0,0,0,1,67301,1,,4,2,,,,,0,,0,0,1,0,0,,915,1,1,0,0,0,0,0,3,4,0,1,7,,N,,,,,,,,,,,
2009120563,1505.0,0,0,0,1,0,0,0,0,0,4,0,,67,5,2009,6,40.0003,-75.1064,1500.0,6,0,0,0,0,0,1,0,0,,0,0,0,14,1,1,5,,0,40 00:01.004,,0,75 06:23.097,4,0,0,0,67301,1,0,0,,0,0,0,2,67301,1,,1,1,,,,,0,,0,0,0,3,2,,1459,1,2,0,0,0,0,0,3,4,1,1,3,,N,,,,,,,,,,,
2009111425,1618.0,0,0,0,0,0,0,0,0,0,8,0,,67,10,2009,1,39.9641,-75.1916,1614.0,6,0,0,0,0,0,1,0,0,,0,0,0,16,1,1,0,,0,39 57:50.799,,0,75 11:29.709,4,0,0,0,67301,1,0,0,N,1,0,0,2,67301,1,,1,1,,N,N,,0,,0,0,1,3,2,,1610,1,2,0,0,0,0,0,3,4,0,1,3,,N,,,,,,,,,,,
2009080433,652.0,1,0,0,1,0,0,0,0,0,4,0,,67,6,2009,2,39.9227,-75.1565,648.0,6,0,0,0,0,0,0,0,0,,0,0,0,6,1,1,1,,0,39 55:21.651,,0,75 09:23.503,8,0,0,0,67301,1,0,0,,0,0,0,2,67301,0,,4,1,,N,,,0,,0,0,0,3,2,,648,1,2,0,0,0,1,0,3,4,0,1,3,,N,,,,,,,,,,,
2009121363,1256.0,1,0,0,0,0,0,0,0,0,7,0,,67,11,2009,1,39.9534,-75.1369,1252.0,6,0,0,0,0,0,0,0,0,1.0,0,0,0,12,1,0,0,,2,39 57:12.226,4.0,3,75 08:13.010,0,0,0,0,67301,0,0,0,N,0,0,0,3,67501,0,,3,1,,,N,,0,,0,0,0,3,8,N,1250,0,1,0,0,1,0,0,3,4,0,1,3,,N,,,,,,,,,,,
2009121092,1101.0,1,0,0,1,0,0,0,0,0,4,0,,67,10,2009,4,39.9706,-75.163,1052.0,6,0,0,0,0,0,0,0,0,,0,0,0,99,1,2,1,,0,39 58:14.246,,0,75 09:46.727,3,0,0,0,67301,1,0,0,,0,0,0,2,67301,0,,1,1,,N,N,,0,,2,0,0,3,2,,9999,2,2,0,0,0,0,0,3,4,0,1,3,,N,,,,,,,,,,,
2009123754,751.0,1,0,0,0,0,0,0,0,0,7,0,,67,11,2009,7,39.988,-75.2073,750.0,6,0,0,0,0,0,0,0,0,,0,0,0,7,1,1,0,,0,39 59:20.400,,0,75 12:23.400,4,0,0,0,67301,0,0,0,N,0,0,0,1,68K01,1,,3,9,,N,N,,0,,0,0,0,0,0,,749,1,1,0,0,0,0,0,3,4,0,1,7,,N,,,,,,,,,,,
2009049864,105.0,1,0,0,0,0,0,0,0,0,2,0,,67,4,2009,7,40.0402,-75.0313,55.0,6,0,0,0,0,0,1,0,0,3.0,0,0,0,99,3,2,2,,2,40 02:24.789,5.0,0,75 01:52.656,3,0,0,0,67301,0,0,0,Y,0,0,0,2,67301,0,,1,1,,N,N,,1,,2,0,0,2,2,Y,9999,2,2,0,0,0,0,0,3,4,0,2,3,,N,,,,,,,,,,,
2009066237,0.0,1,0,0,0,0,0,0,0,0,1,0,,67,1,2009,5,40.0368,-75.0407,0.0,6,0,0,0,1,0,0,0,0,,0,0,0,2,6,1,1,,0,40 02:12.310,,0,75 02:26.659,8,0,0,0,67301,0,0,0,N,0,0,0,2,00000,0,,1,1,,N,N,,0,,0,0,0,0,0,,245,1,2,0,0,0,1,1,3,4,0,2,3,,N,,,,,,,,,,,
2009066249,0.0,1,0,0,0,0,0,0,0,0,1,0,,67,4,2009,7,40.0377,-75.0425,0.0,6,0,0,0,0,0,1,0,0,,0,0,0,15,1,1,1,,0,40 02:15.589,,0,75 02:33.074,8,0,0,0,67301,0,0,0,N,0,0,0,3,00000,0,,1,9,,N,N,,0,,0,0,1,3,2,,1530,1,2,0,0,0,1,2,3,4,0,2,99,,N,,,,,,,,,,,
2009071434,1625.0,1,0,0,0,0,0,0,0,0,8,0,,67,6,2009,3,39.9472,-75.1665,1620.0,6,0,0,0,0,0,0,0,0,1.0,0,0,0,16,1,1,1,,2,39 56:49.916,2.0,0,75 09:59.252,3,0,0,0,67301,1,0,0,,1,0,0,2,67301,0,,1,1,,N,N,,0,,1,0,0,3,2,Y,1610,1,2,0,0,0,0,0,3,4,0,1,3,,N,,,,,,,,,,,
2009063758,1341.0,2,0,0,0,0,0,0,0,0,4,0,,67,5,2009,6,40.0478,-75.0597,1336.0,6,0,0,0,0,0,0,0,0,,0,0,0,13,1,1,0,,0,40 02:52.064,,7,75 03:35.041,4,0,0,0,67301,0,0,0,N,0,0,0,2,67301,1,,1,1,,N,N,,0,,0,0,0,3,3,,1334,1,2,0,0,0,0,0,3,4,0,2,3,,N,,,,,,,,,,,
2009063898,1942.0,1,0,0,0,0,0,0,0,0,8,0,,67,5,2009,5,39.9576,-75.1917,1940.0,6,0,0,0,0,0,0,0,0,,0,0,0,19,1,1,2,,0,39 57:27.265,,0,75 11:30.288,8,0,0,0,67301,1,0,0,N,1,0,0,2,67301,0,,1,1,,N,N,,0,,0,0,0,0,0,,1940,1,2,0,0,1,1,0,3,4,0,1,3,,N,,,,,,,,,,,
2009058826,832.0,3,0,0,0,0,0,0,0,0,5,0,,67,5,2009,7,39.951,-75.1774,818.0,6,0,0,0,0,0,0,0,0,,0,0,0,7,1,1,1,,0,39 57:03.480,,0,75 10:38.219,4,0,0,0,67301,0,0,0,N,0,0,0,1,67301,1,,1,9,,N,N,,0,,0,0,0,3,2,,719,1,3,0,0,0,0,0,3,4,0,3,99,,N,,,,,,,,,,,
2009063973,1403.0,1,0,0,0,0,0,0,0,0,7,0,,67,5,2009,4,40.1072,-75.0386,1401.0,6,0,0,0,0,0,0,1,0,1.0,0,0,0,14,1,1,0,,1,40 06:25.845,3.0,0,75 02:19.062,4,0,0,0,67301,0,0,0,N,0,0,0,1,67301,1,,2,1,,N,N,,0,,0,0,0,0,0,N,1400,1,1,0,0,0,0,0,3,4,0,1,3,,N,,,,,,,,,,,
2009053941,832.0,2,0,0,0,0,0,0,0,0,1,0,,67,4,2009,2,40.0401,-75.2141,827.0,6,0,0,0,0,0,0,0,0,,0,0,0,8,1,1,0,,0,40 02:24.433,,0,75 12:50.734,8,0,0,0,67301,0,0,0,N,0,0,0,2,67301,0,,1,1,,N,N,,0,,0,0,0,3,2,,815,1,2,0,0,0,1,0,3,4,0,2,3,,N,,,,,,,,,,,
2009053989,2251.0,0,0,0,0,0,0,0,0,0,7,0,,67,4,2009,3,39.9511,-75.1656,2249.0,6,0,0,0,0,0,0,0,0,,0,0,0,22,3,1,2,,0,39 57:03.858,,0,75 09:56.243,4,0,0,0,67301,0,0,0,Y,0,0,0,1,67301,1,,4,1,,N,N,,0,,0,0,1,3,2,,2245,1,1,0,0,0,0,0,3,4,0,1,3,,N,,,,,,,,,,,
2009093295,530.0,1,0,0,0,0,0,0,0,0,4,0,,67,8,2009,5,39.9702,-75.2286,524.0,6,0,0,0,0,0,0,0,0,9.0,0,0,0,5,1,1,1,,9,39 58:12.601,,0,75 13:42.801,4,0,0,0,67301,0,0,0,N,0,0,0,2,67301,1,,9,1,,N,N,,0,,0,0,0,9,3,,524,1,2,0,0,0,0,1,3,4,0,2,3,,N,,,,,,,,,,,
2009093424,9999.0,1,0,0,1,0,0,0,0,0,4,0,,67,9,2009,3,39.988,-75.1105,9999.0,6,0,0,0,0,0,0,0,0,,0,0,0,12,1,1,0,,0,39 59:16.825,,0,75 06:37.681,8,0,0,0,67301,1,0,0,,0,0,0,2,67301,0,,1,1,,,,,0,,0,0,0,0,0,,1215,1,2,0,0,0,1,0,3,4,0,1,3,,N,,,,,,,,,,,
2009093429,2119.0,1,0,0,0,0,0,0,0,0,7,0,,67,8,2009,1,39.9147,-75.2213,2113.0,6,0,0,0,0,0,0,0,1,,0,0,0,21,3,1,0,,0,39 54:53.357,,0,75 13:16.400,8,0,0,0,67301,0,0,0,,0,0,0,1,67301,0,,3,1,,,,,0,,0,0,0,0,0,,2108,1,1,0,0,0,1,0,3,4,0,1,3,,N,,,,,,,,,,,
2009083498,2145.0,2,0,0,0,0,0,0,0,0,6,0,,67,7,2009,7,40.0121,-75.0751,2142.0,6,0,0,0,0,0,0,0,0,,0,0,0,21,3,1,0,,0,40 00:43.597,,0,75 04:30.721,8,0,0,0,67301,0,0,0,,0,0,0,3,67301,0,,1,1,,N,N,,0,,0,0,1,0,0,,2126,1,3,0,0,0,1,0,3,4,0,3,3,,N,,,,,,,,,,,
2009065610,0.0,1,0,0,0,0,0,0,0,0,1,0,,67,3,2009,3,40.0347,-75.1309,0.0,6,0,0,0,0,0,0,0,0,,0,0,0,15,1,3,1,,0,40 02:04.999,,0,75 07:51.139,8,0,0,0,67301,0,0,0,N,0,0,0,4,00000,0,,1,1,,N,N,,0,,0,0,1,3,2,,1545,3,2,0,0,0,3,0,3,4,0,2,3,,N,,,,,,,,,,,
2009086096,1625.0,2,0,0,0,0,0,0,0,0,1,0,,67,8,2009,2,40.0397,-75.1298,1625.0,6,0,0,0,0,0,0,0,0,,0,0,0,16,1,2,0,,0,40 02:22.851,,0,75 07:47.175,8,0,0,0,67301,0,0,0,N,0,0,0,5,67301,0,,1,1,,N,Y,,0,,0,0,0,3,2,,1625,2,3,0,0,0,2,0,3,4,1,3,3,,N,,,,,,,,,,,
2009086493,314.0,1,0,0,0,0,0,0,0,0,1,0,,67,8,2009,1,40.0227,-75.1363,311.0,6,0,0,0,0,0,0,0,0,2.0,0,0,0,3,3,1,2,,1,40 01:22.273,1.0,0,75 08:09.505,8,0,0,1,67301,0,0,0,N,0,0,0,2,67301,0,,1,1,,N,N,,0,,0,0,0,9,3,Y,310,1,2,0,0,0,1,0,3,4,0,2,3,,N,,,,,,,,,,,
2009078828,1734.0,2,0,0,0,0,0,0,0,0,1,0,,67,7,2009,4,40.0411,-75.1156,1724.0,6,0,0,0,0,0,0,0,0,,0,0,0,16,1,2,0,,0,40 02:27.878,,0,75 06:56.316,4,0,0,0,67301,0,0,0,N,0,0,0,4,67301,2,,1,1,,N,N,,0,,0,0,0,0,0,,1645,2,2,0,0,0,0,0,3,4,0,2,3,,N,,,,,,,,,,,
2009078856,2043.0,2,0,0,0,0,0,0,0,0,4,0,,67,7,2009,1,39.952,-75.1901,2041.0,6,0,0,0,0,0,0,0,0,,0,0,0,20,3,0,0,,0,39 57:07.223,,0,75 11:24.502,0,0,0,0,67301,0,0,0,N,0,0,0,1,67301,0,,5,1,,N,N,,0,,0,0,1,0,0,,2041,0,3,0,0,1,0,0,3,4,0,3,3,,N,,,,,,,,,,,
2009083863,1105.0,2,0,0,0,0,0,0,0,0,6,0,,67,7,2009,2,40.0072,-75.1234,1101.0,6,0,0,0,0,0,0,0,0,,0,0,0,10,1,6,1,,0,40 00:25.981,,0,75 07:24.378,4,0,0,0,67301,0,0,0,N,0,0,0,6,67301,6,,1,1,,N,N,,0,,0,0,0,3,2,,1040,6,2,0,0,0,0,0,3,4,0,2,3,,N,,,,,,,,,,,
2009084078,110.0,2,0,0,0,0,0,0,0,0,4,0,,67,7,2009,3,40.0676,-75.1998,100.0,6,0,0,1,0,0,0,1,0,,0,0,0,22,3,0,1,,0,40 04:03.442,,0,75 11:59.373,0,0,0,0,67301,0,0,0,N,0,0,0,2,67301,0,,1,1,,N,N,,0,,0,0,0,3,3,,2200,0,2,0,0,0,0,0,3,4,0,2,3,,N,,,,,,,,,,,
2009081621,1911.0,1,0,0,0,0,0,0,0,0,8,0,,67,7,2009,4,39.9634,-75.1428,1909.0,6,0,0,0,1,0,0,0,0,,0,0,0,19,1,1,0,,0,39 57:48.092,,0,75 08:33.914,4,0,0,0,67301,1,0,0,N,1,0,0,2,67301,1,,6,1,,N,N,,0,,0,0,0,0,0,,1905,1,2,0,0,0,0,0,3,4,0,1,3,,N,,,,,,,,,,,
2009079159,859.0,2,0,0,0,0,0,0,0,0,6,0,,67,7,2009,1,40.0023,-75.2201,840.0,6,0,0,0,0,0,0,0,0,,0,0,0,8,3,1,1,,0,40 00:07.998,,0,75 13:12.809,8,0,0,0,67301,0,0,0,N,0,0,0,3,67301,0,,1,1,,N,N,,0,,0,0,0,3,2,,840,1,2,0,0,0,1,1,3,4,0,2,3,,N,,,,,,,,,,,
2009079169,2346.0,2,0,0,0,0,0,0,0,0,1,0,,67,7,2009,7,39.9996,-75.1532,2335.0,6,0,0,0,0,0,0,0,0,,0,0,0,23,3,2,0,,0,39 59:58.482,,0,75 09:11.644,8,0,0,0,67301,0,0,0,N,0,0,0,3,67301,0,,1,9,,N,N,,0,,0,0,0,0,0,,2310,2,2,0,0,0,2,1,3,4,0,2,7,,N,,,,,,,,,,,
2009079203,150.0,2,0,0,0,0,0,0,0,0,5,0,,67,7,2009,1,39.9315,-75.1681,150.0,6,0,0,0,0,0,0,0,0,,0,0,0,1,3,1,0,,0,39 55:53.079,,0,75 10:05.133,4,0,0,0,67301,0,0,0,N,0,0,0,2,67301,1,,6,9,,N,N,,0,,0,0,0,0,0,,140,1,2,0,0,1,0,0,3,4,0,2,7,,N,,,,,,,,,,,
2009079241,1938.0,1,0,0,1,0,0,0,0,0,4,0,,67,7,2009,4,40.0117,-75.106,1935.0,6,0,0,1,0,0,0,0,0,,0,0,0,19,1,2,0,,0,40 00:42.019,,0,75 06:21.711,3,0,0,0,67301,2,0,0,N,0,0,0,6,67301,1,,1,1,,N,N,,0,,1,0,0,0,0,,1925,2,2,0,0,0,0,0,3,4,0,1,3,,N,,,,,,,,,,,
2009079471,1956.0,1,0,0,0,0,0,0,0,0,1,0,,67,7,2009,6,39.9335,-75.1914,1956.0,6,0,0,0,0,0,1,0,0,,0,0,0,19,1,2,0,,0,39 56:00.434,,0,75 11:29.183,3,0,0,1,67301,0,0,0,,0,0,0,2,67301,1,,1,1,,N,N,,0,,1,0,0,0,0,,1956,2,2,0,0,0,0,0,3,4,0,2,3,,N,,,,,,,,,,,
2009074486,9999.0,1,0,0,0,0,0,0,0,0,8,0,,67,6,2009,5,40.1317,-75.0123,1550.0,6,0,0,0,0,0,0,0,0,,0,0,0,15,1,1,0,,0,40 07:54.239,,0,75 00:44.252,4,0,0,0,67301,1,0,0,,1,0,0,2,67301,1,,1,1,,,,,0,,0,0,0,0,0,,1548,1,2,0,0,0,0,0,3,4,0,1,3,,N,,,,,,,,,,,
2009074329,1105.0,2,0,0,0,0,0,0,0,0,6,0,,67,6,2009,2,40.055,-75.1348,1100.0,6,0,0,0,0,0,1,0,0,,0,0,0,10,1,2,1,,0,40 03:18.136,,0,75 08:05.204,4,0,0,0,67301,0,0,0,N,0,0,0,3,67301,2,,1,1,,N,N,,0,,0,0,0,2,3,,1056,2,2,0,0,0,0,0,3,4,0,2,3,,N,,,,,,,,,,,
2009074554,926.0,2,0,0,0,0,0,0,0,0,4,0,,67,6,2009,1,39.9504,-75.1601,925.0,6,0,0,0,0,0,0,0,0,,0,0,0,9,1,2,1,,0,39 57:01.383,,0,75 09:36.443,8,0,0,0,67301,0,0,0,N,0,0,0,4,67301,0,,1,1,,,N,,0,,0,0,0,3,2,,915,2,2,0,0,4,2,0,3,4,0,2,3,,N,,,,,,,,,,,
2009071625,2104.0,1,0,0,0,0,0,0,0,0,1,0,50.0,67,6,2009,1,40.0181,-75.1704,2102.0,6,0,0,0,0,0,1,0,0,2.0,0,0,0,20,4,2,0,,2,40 01:04.944,3.0,0,75 10:13.499,3,0,0,0,67301,0,0,0,,0,0,0,3,67301,0,,1,1,,N,N,,0,,2,0,1,3,8,N,2056,2,2,0,0,0,0,0,3,4,0,2,3,,Y,5.0,1.0,N,U,U,N,U,U,Y,Y,
2009074621,1345.0,0,0,0,0,0,0,0,0,0,1,0,,67,6,2009,2,39.9732,-75.2122,1341.0,6,0,0,0,0,0,2,0,0,,0,0,0,99,1,1,1,,0,39 58:23.685,,0,75 12:43.721,8,0,0,0,67301,0,0,0,,0,0,0,2,67301,0,,1,1,,,,,0,,0,0,1,3,2,,9999,1,2,0,0,0,1,0,3,4,0,2,3,,N,,,,,,,,,,,
2009066894,2029.0,1,0,0,0,0,0,0,0,0,1,0,,67,6,2009,2,39.9907,-75.1552,2025.0,6,0,0,0,0,0,0,0,0,,0,0,0,17,1,1,0,,0,39 59:26.574,,0,75 09:18.615,4,0,0,0,67301,0,0,0,N,0,0,0,3,67301,1,,1,1,,N,N,,0,,0,0,1,0,0,,1724,1,2,0,0,0,0,0,3,4,0,2,3,,N,,,,,,,,,,,
2009066904,1135.0,1,0,0,0,0,0,0,0,0,1,0,,67,6,2009,4,40.0837,-75.0391,1132.0,6,0,0,0,0,0,1,0,0,,0,0,0,11,1,1,0,,0,40 05:01.386,,0,75 02:20.646,8,0,0,0,67301,0,0,0,,0,0,0,4,67301,0,,1,1,,N,N,,1,,0,0,0,0,0,,1115,1,2,0,0,0,1,0,3,4,0,2,3,,N,,,,,,,,,,,
2009075416,2040.0,2,0,0,0,0,0,0,0,0,5,0,,67,6,2009,4,39.9815,-75.2256,2035.0,6,0,0,0,0,0,0,0,0,,0,0,0,99,4,2,0,,0,39 58:53.522,,0,75 13:32.003,4,0,0,0,67301,0,0,0,,0,0,0,3,67301,2,,1,9,,,,,0,,0,0,0,0,0,,9999,2,2,0,0,0,0,0,3,4,0,2,7,,N,,,,,,,,,,,
2009065270,1253.0,2,0,0,0,0,0,0,0,0,4,0,,67,4,2009,2,40.0032,-75.1525,1253.0,6,0,0,0,0,0,0,0,0,3.0,0,0,0,12,1,4,2,,1,40 00:11.467,2.0,0,75 09:09.273,3,0,0,0,67301,3,0,0,,3,0,0,6,67301,3,,1,1,,N,N,,0,,1,0,0,3,2,N,1251,4,5,0,0,0,0,0,3,4,0,2,3,,N,,,,,,,,,,,
2009065275,1847.0,2,0,0,0,0,0,0,0,0,4,0,,67,5,2009,3,40.0397,-75.1434,1844.0,6,0,0,0,0,0,1,0,0,,0,0,0,18,1,1,1,,0,40 02:22.876,,0,75 08:36.160,8,0,0,0,67301,0,0,0,N,0,0,0,2,67301,0,,1,1,,N,N,,0,,0,0,0,2,3,,1835,1,2,0,0,0,1,1,3,4,0,2,3,,N,,,,,,,,,,,
2009056413,1320.0,2,0,0,0,0,0,0,0,0,1,0,,67,4,2009,1,39.9811,-75.2365,1320.0,6,0,0,0,0,0,0,0,0,1.0,0,0,0,13,1,1,0,,1,39 58:51.879,3.0,0,75 14:11.336,4,0,0,0,67301,0,0,0,,0,0,0,8,67301,1,,1,1,,N,N,,1,,0,0,0,0,0,N,1317,1,3,0,0,0,0,0,3,4,0,3,3,,N,,,,,,,,,,,
2009056499,905.0,1,0,0,0,0,0,0,0,0,8,0,,67,4,2009,4,39.9771,-75.2482,859.0,6,0,0,0,0,0,0,0,0,,0,0,0,8,1,1,0,,0,39 58:37.587,,0,75 14:53.597,2,0,0,0,67301,1,0,1,,1,0,1,2,67301,0,,1,9,,,,,0,,0,1,0,0,0,,859,1,2,0,0,0,0,0,3,4,0,1,7,,N,,,,,,,,,,,
2009056560,305.0,1,0,0,0,0,0,0,0,0,7,0,,67,4,2009,7,39.964,-75.2182,303.0,6,0,0,0,0,0,0,0,0,,0,0,0,2,3,2,1,,0,39 57:50.259,,0,75 13:05.656,3,0,0,0,67301,0,0,0,N,0,0,0,2,67301,0,,2,1,,N,N,,0,,2,0,0,2,1,,259,2,1,0,0,0,0,0,3,4,0,1,3,,N,,,,,,,,,,,
2009059111,747.0,2,0,0,0,0,0,0,0,0,4,0,,67,5,2009,6,39.8891,-75.2407,741.0,6,0,0,0,0,0,1,0,0,,0,0,0,7,1,0,0,,0,39 53:19.320,,0,75 14:27.960,0,0,0,0,67301,0,0,0,N,0,0,0,2,68K01,0,,1,1,,N,N,,0,,0,0,0,0,0,,739,0,2,0,0,0,0,0,3,4,0,2,3,,N,,,,,,,,,,,
2009083339,1436.0,1,0,0,0,0,0,0,0,0,8,0,,67,7,2009,3,39.9917,-75.1378,1434.0,6,0,0,0,0,0,0,0,1,,0,0,0,14,1,1,1,,0,39 59:30.226,,0,75 08:16.178,4,0,0,0,67301,1,0,0,N,1,0,0,2,67301,1,,1,9,,N,N,,0,,0,0,0,3,3,,1420,1,2,0,0,0,0,0,3,4,0,1,7,,N,,,,,,,,,,,
2009083351,2040.0,2,0,0,0,0,0,0,0,0,5,0,,67,7,2009,6,40.0775,-75.1732,2035.0,6,0,0,0,0,0,0,1,0,,0,0,0,18,1,0,1,,0,40 04:39.162,,0,75 10:23.357,0,0,0,0,67301,0,0,0,N,0,0,0,1,67301,0,,4,1,,N,N,,0,,0,0,0,3,3,,1830,0,2,0,0,0,0,0,3,4,0,2,3,,N,,,,,,,,,,,
2009085858,1648.0,1,0,0,0,0,0,0,0,0,1,1,,67,8,2009,5,39.9637,-75.1843,1642.0,6,0,0,0,0,0,1,0,0,1.0,0,1,0,16,1,1,0,,2,39 57:47.906,3.0,0,75 11:02.359,4,0,0,0,67301,0,0,0,N,0,0,0,3,68K01,1,,1,1,,N,N,,0,,0,0,1,0,0,N,1639,1,3,0,0,0,0,0,3,4,0,3,3,,N,,,,,,,,,,,
2009085903,1826.0,2,0,0,0,0,0,0,0,0,6,0,,67,7,2009,3,39.9753,-75.1833,1826.0,6,0,0,0,0,0,1,0,0,,0,0,0,18,1,2,1,,0,39 58:30.949,,0,75 10:59.934,3,0,0,0,67301,0,0,0,N,0,0,0,4,67301,0,,1,1,,N,N,,0,,2,0,0,3,3,,1826,2,2,0,0,0,0,2,3,4,0,2,3,,N,,,,,,,,,,,
2009078306,1504.0,1,0,0,0,0,0,0,0,0,5,0,,67,7,2009,2,39.962,-75.1827,1458.0,6,0,0,0,0,0,0,0,0,,0,0,0,14,1,1,0,,0,39 57:50.760,,0,75 11:04.200,4,0,0,0,67301,0,0,0,N,0,0,0,3,68K01,1,,1,1,,N,N,,0,,0,0,0,0,0,,1455,1,2,0,0,0,0,0,3,4,1,2,3,,N,,,,,,,,,,,
2009081668,2217.0,1,0,0,0,0,0,0,0,0,4,0,,67,7,2009,1,39.9686,-75.2207,2212.0,6,0,0,0,0,0,0,0,0,,0,0,0,20,3,1,1,,0,39 58:06.999,,0,75 13:14.343,8,0,0,1,67301,0,0,0,N,0,0,0,2,67301,0,,1,1,,N,N,,0,,0,0,0,3,2,,2050,1,2,0,0,0,1,0,3,4,0,2,3,,N,,,,,,,,,,,