CRN,ARRIVAL_TM,AUTOMOBILE_COUNT,BELTED_DEATH_COUNT,BELTED_SUSP_SERIOUS_INJ_COUNT,BICYCLE_COUNT,BICYCLE_DEATH_COUNT,BICYCLE_SUSP_SERIOUS_INJ_COUNT,BUS_COUNT,CHLDPAS_DEATH_COUNT,CHLDPAS_SUSP_SERIOUS_INJ_COUNT,COLLISION_TYPE,COMM_VEH_COUNT,CONS_ZONE_SPD_LIM,COUNTY,CRASH_MONTH,CRASH_YEAR,DAY_OF_WEEK,DEC_LAT,DEC_LONG,DISPATCH_TM,DISTRICT,DRIVER_COUNT_16YR,DRIVER_COUNT_17YR,DRIVER_COUNT_18YR,DRIVER_COUNT_19YR,DRIVER_COUNT_20YR,DRIVER_COUNT_50_64YR,DRIVER_COUNT_65_74YR,DRIVER_COUNT_75PLUS,EST_HRS_CLOSED,FATAL_COUNT,HEAVY_TRUCK_COUNT,HORSE_BUGGY_COUNT,HOUR_OF_DAY,ILLUMINATION,INJURY_COUNT,INTERSECT_TYPE,INTERSECTION_RELATED,LANE_CLOSED,LATITUDE,LN_CLOSE_DIR,LOCATION_TYPE,LONGITUDE,MAX_SEVERITY_LEVEL,MCYCLE_DEATH_COUNT,MCYCLE_SUSP_SERIOUS_INJ_COUNT,MOTORCYCLE_COUNT,MUNICIPALITY,NONMOTR_COUNT,NONMOTR_DEATH_COUNT,NONMOTR_SUSP_SERIOUS_INJ_COUNT,NTFY_HIWY_MAINT,PED_COUNT,PED_DEATH_COUNT,PED_SUSP_SERIOUS_INJ_COUNT,PERSON_COUNT,POLICE_AGCY,POSSIBLE_INJ_COUNT,RDWY_SURF_TYPE_CD,RELATION_TO_ROAD,ROAD_CONDITION,ROADWAY_CLEARED,SCH_BUS_IND,SCH_ZONE_IND,SECONDARY_CRASH,SMALL_TRUCK_COUNT,SPEC_JURIS_CD,SUSP_MINOR_INJ_COUNT,SUSP_SERIOUS_INJ_COUNT,SUV_COUNT,TCD_FUNC_CD,TCD_TYPE,TFC_DETOUR_IND,TIME_OF_DAY,TOT_INJ_COUNT,TOTAL_UNITS,UNB_DEATH_COUNT,UNB_SUSP_SERIOUS_INJ_COUNT,UNBELTED_OCC_COUNT,UNK_INJ_DEG_COUNT,UNK_INJ_PER_COUNT,URBAN_AREA,URBAN_RURAL,VAN_COUNT,VEHICLE_COUNT,WEATHER1,WEATHER2,WORK_ZONE_IND,WORK_ZONE_LOC,WORK_ZONE_TYPE,WORKERS_PRES,WZ_CLOSE_DETOUR,WZ_FLAGGER,WZ_LAW_OFFCR_IND,WZ_LN_CLOSURE,WZ_MOVING,WZ_OTHER,WZ_SHLDER_MDN,WZ_WORKERS_INJ_KILLED
2009078817,1245.0,1,0,0,1,0,0,0,0,0,5,0,,67,7,2009,4,40.057,-75.0884,1221.0,6,0,0,0,0,0,0,0,0,,0,0,0,17,1,1,1,,0,40 03:25.064,,0,75 05:18.129,4,0,0,0,67301,1,0,0,N,0,0,0,2,67301,1,,2,1,,N,N,,0,,0,0,0,3,2,,1730,1,2,0,0,0,0,0,3,4,0,1,3,5.0,N,,,,,,,,,,,
2009078819,1830.0,1,0,0,1,0,0,0,0,0,5,0,,67,7,2009,4,39.9631,-75.2131,1820.0,6,0,0,0,0,0,0,0,0,,0,0,0,18,1,1,0,,0,39 57:46.990,,0,75 12:47.102,3,0,0,0,67301,1,0,0,N,0,0,0,2,67301,0,,1,1,,N,N,,0,,1,0,0,0,0,,1810,1,2,0,0,1,0,0,3,4,0,1,3,,N,,,,,,,,,,,
2009081585,1126.0,2,0,0,0,0,0,0,0,0,4,0,,67,7,2009,3,39.9885,-75.1854,1124.0,6,0,0,0,0,0,1,0,0,,0,0,0,11,1,0,1,,0,39 59:18.434,,0,75 11:07.439,0,0,0,0,67301,0,0,0,N,0,0,0,2,67301,0,,1,1,,N,N,,0,,0,0,1,3,3,,1123,0,3,0,0,0,0,0,3,4,0,3,3,,N,,,,,,,,,,,
2009079104,15.0,1,0,0,0,0,0,0,0,0,4,0,,67,7,2009,7,40.0273,-75.0364,2350.0,6,0,0,0,0,0,0,0,0,,0,0,0,23,3,1,1,,0,40 01:38.172,,0,75 02:11.216,3,0,0,0,67301,0,0,0,N,0,0,0,3,67301,0,,1,9,,N,N,,0,,1,0,0,3,3,,2305,1,2,0,0,0,0,0,3,4,0,2,7,,N,,,,,,,,,,,
2009079281,121.0,1,0,0,0,0,0,0,0,0,1,0,,67,7,2009,5,40.0255,-75.1235,114.0,6,0,0,0,0,0,0,0,0,1.0,0,0,0,1,3,0,1,,1,40 01:31.669,1.0,0,75 07:24.547,0,0,0,0,67301,0,0,0,N,0,0,0,2,67301,0,,1,1,,N,N,,0,,0,0,1,3,2,N,105,0,2,0,0,0,0,0,3,4,0,2,3,,N,,,,,,,,,,,
2009079283,212.0,2,0,0,0,0,0,0,0,0,1,0,,67,7,2009,1,40.0145,-75.1783,200.0,6,0,0,0,0,0,0,0,0,1.0,0,0,0,1,3,0,0,,1,40 00:52.228,2.0,0,75 10:42.020,0,0,0,0,67301,0,0,0,N,0,0,0,2,67301,0,,1,1,,N,N,,0,,0,0,0,0,0,N,155,0,2,0,0,0,0,0,3,4,0,2,3,,N,,,,,,,,,,,
2009074453,1935.0,1,0,0,0,0,0,0,0,0,5,0,,67,6,2009,7,39.9461,-75.1985,1922.0,6,0,0,0,0,0,0,0,0,,0,0,0,17,4,1,3,,0,39 56:45.926,,0,75 11:54.625,4,0,0,0,67301,0,0,0,N,0,0,0,4,67301,1,,1,1,,N,N,,0,,0,0,1,0,0,,1722,1,2,0,0,0,0,1,3,4,0,2,3,,N,,,,,,,,,,,
2009074498,1319.0,1,0,0,0,0,0,0,0,0,1,0,,67,6,2009,7,39.9383,-75.1421,1317.0,6,0,0,0,0,0,1,0,0,,0,0,0,13,1,3,0,,0,39 56:17.908,,0,75 08:31.568,8,0,0,0,67301,0,0,0,,0,0,0,3,67301,0,,1,9,,N,N,,1,,0,0,0,0,0,,1317,3,2,0,0,0,3,0,3,4,0,2,7,,N,,,,,,,,,,,
2009074537,904.0,2,0,0,0,0,0,0,0,0,4,0,,67,6,2009,5,39.9548,-75.2179,900.0,6,0,0,0,0,0,1,0,0,,0,0,0,9,1,4,1,,0,39 57:17.373,,0,75 13:04.418,4,0,0,0,67301,0,0,0,N,0,0,0,4,67301,2,,1,9,,N,N,,0,,0,0,1,1,2,,900,4,3,0,0,1,2,0,3,4,0,3,7,,N,,,,,,,,,,,
2009071632,622.0,4,0,0,0,0,0,0,0,0,5,0,,67,6,2009,7,40.0216,-75.1245,618.0,6,0,0,0,0,0,0,0,0,,0,0,0,6,5,0,0,,0,40 01:17.605,,0,75 07:28.153,0,0,0,0,67301,0,0,0,,0,0,0,3,67301,0,,2,1,,,,,0,,0,0,0,0,0,,617,0,4,0,0,2,0,0,3,4,0,4,3,,N,,,,,,,,,,,
2009074618,1841.0,1,0,0,0,0,0,0,0,0,4,0,,67,6,2009,3,40.0259,-75.1453,1840.0,6,0,0,0,1,0,0,0,0,,0,0,0,18,1,2,1,,0,40 01:33.063,,0,75 08:43.259,4,0,0,0,67301,0,0,0,N,0,0,0,3,67301,2,,1,1,,N,,,0,,0,0,1,9,3,,1835,2,2,0,0,3,0,0,3,4,0,2,3,,N,,,,,,,,,,,
2009074626,1558.0,1,0,0,0,0,0,0,0,0,8,0,,67,6,2009,1,40.0069,-75.1456,1555.0,6,0,0,0,0,0,0,0,0,,0,0,0,15,1,1,1,,0,40 00:24.721,,0,75 08:44.134,3,0,0,0,67301,1,0,0,,1,0,0,2,67301,0,,1,1,,,,,0,,1,0,0,0,0,,1555,1,2,0,0,0,0,0,3,4,0,1,3,,N,,,,,,,,,,,
2009080085,9999.0,0,0,0,0,0,0,0,0,0,8,0,,67,7,2009,5,39.9191,-75.186,1657.0,6,0,0,0,0,0,1,0,0,,0,0,0,16,1,1,0,,0,39 55:08.790,,0,75 11:09.490,8,0,0,0,67301,1,0,0,N,1,0,0,2,67301,0,,6,1,,N,N,,0,,0,0,1,0,0,,1654,1,2,0,0,0,1,0,3,4,0,1,3,,N,,,,,,,,,,,
2009080230,217.0,1,0,0,0,0,0,0,0,0,7,0,,67,6,2009,1,39.9805,-75.2059,211.0,6,0,0,0,0,0,0,0,0,1.0,0,0,0,2,3,2,0,,2,39 58:52.680,3.0,0,75 12:24.840,4,0,0,0,67301,0,0,0,N,0,0,0,3,68K01,2,,2,1,,N,N,,0,,0,0,0,0,0,N,208,2,1,0,0,1,0,0,3,4,0,1,3,,N,,,,,,,,,,,
2009067655,1905.0,1,0,0,0,0,0,0,0,0,4,0,,67,6,2009,6,39.9939,-75.1419,1857.0,6,0,0,0,0,0,0,0,0,,0,0,0,18,3,1,1,,0,39 59:38.137,,0,75 08:30.674,8,0,0,0,67301,0,0,0,N,0,0,0,2,67301,0,,1,9,,N,N,,0,,0,0,1,3,2,,1855,1,2,0,0,0,1,0,3,4,0,2,7,,N,,,,,,,,,,,
2009065247,1812.0,2,0,0,0,0,0,0,0,0,4,0,,67,4,2009,5,40.0666,-75.1964,1747.0,6,0,0,0,0,0,0,0,0,,0,0,0,17,1,1,1,,0,40 03:59.367,,0,75 11:46.819,8,0,0,0,67301,0,0,0,N,0,0,0,3,67301,0,,1,1,,N,N,,0,,0,0,0,3,2,,1738,1,2,0,0,0,1,2,3,4,0,2,3,,N,,,,,,,,,,,
2009055607,847.0,2,0,0,0,0,0,0,0,0,4,0,,67,5,2009,6,39.9124,-75.1766,845.0,6,0,0,0,0,0,0,0,0,,0,0,0,8,1,1,2,,0,39 54:44.550,,0,75 10:35.597,4,0,0,0,67301,0,0,0,N,0,0,0,2,67301,1,,1,9,,N,N,,0,,0,0,2,0,0,,845,1,4,0,0,0,0,0,3,4,0,4,7,,N,,,,,,,,,,,
2009053515,728.0,1,0,0,0,0,0,0,0,0,1,0,,67,4,2009,5,39.9466,-75.189,725.0,6,0,0,0,0,0,1,0,0,1.0,0,0,0,7,1,1,0,,1,39 56:47.757,3.0,0,75 11:20.363,4,0,0,0,67301,0,0,0,N,0,0,0,2,68K01,1,,1,1,,N,N,,1,,0,0,0,0,0,N,720,1,2,0,0,0,0,0,3,4,0,2,3,,N,,,,,,,,,,,
2009069668,2059.0,1,0,0,0,0,0,0,0,0,5,0,,67,6,2009,1,40.0024,-75.1223,2059.0,6,0,0,0,0,0,0,0,0,3.0,0,0,0,20,3,2,2,,2,40 00:08.643,7.0,0,75 07:20.203,4,0,0,0,67301,0,0,0,N,0,0,0,2,67301,1,,1,1,,N,N,,1,,0,0,0,0,0,Y,2059,2,2,0,0,1,1,0,3,4,0,2,3,,N,,,,,,,,,,,
2009066975,2340.0,2,0,0,0,0,0,0,0,0,1,0,,67,5,2009,7,39.97,-75.168,2333.0,6,0,0,0,0,0,0,0,0,,0,0,0,21,3,1,1,,0,39 58:11.956,,7,75 10:04.673,4,0,0,0,67301,0,0,0,N,0,0,0,2,67301,1,,1,1,,N,N,,0,,0,0,0,0,0,,2150,1,2,0,0,0,0,0,3,4,0,2,3,,N,,,,,,,,,,,
2009067000,957.0,1,0,0,1,0,0,0,0,0,8,0,,67,6,2009,2,39.9528,-75.1921,955.0,6,0,0,0,0,0,0,0,0,,0,0,0,9,1,1,0,,0,39 57:10.103,,0,75 11:31.592,4,0,0,0,67301,1,0,0,N,0,0,0,2,67301,1,,6,1,,N,N,,0,,0,0,0,3,2,,955,1,2,0,0,0,0,0,3,4,0,1,3,,N,,,,,,,,,,,
2009066930,710.0,1,0,0,0,0,0,0,0,0,7,0,,67,6,2009,2,40.0614,-75.2391,700.0,6,0,0,0,0,0,0,0,0,,0,0,0,6,1,0,0,,0,40 03:41.099,,7,75 14:20.635,0,0,0,0,67301,0,0,0,,0,0,0,1,67301,0,,2,1,,,,,0,,0,0,0,0,0,,645,0,1,0,0,0,0,0,3,4,0,1,3,,N,,,,,,,,,,,
2009069443,1453.0,2,0,0,0,0,0,0,0,0,4,0,,67,6,2009,4,40.028,-75.11,1428.0,6,0,0,0,0,0,1,0,0,2.0,0,0,0,14,1,2,5,,1,40 01:40.946,2.0,0,75 06:36.204,4,0,0,0,67301,0,0,0,N,0,0,0,2,67301,2,,1,1,,N,N,,0,,0,0,0,3,2,N,1428,2,2,0,0,0,0,0,3,4,0,2,3,,N,,,,,,,,,,,
2009067107,1215.0,0,0,0,0,0,0,0,0,0,8,0,,67,6,2009,6,39.9217,-75.1499,1209.0,6,0,0,0,0,0,0,0,0,,0,0,0,12,1,1,0,,0,39 55:18.133,,0,75 08:59.810,3,0,0,0,67301,1,0,0,,1,0,0,2,67301,0,,2,9,,N,N,,0,,1,0,1,0,0,,1200,1,2,0,0,0,0,0,3,4,0,1,7,,N,,,,,,,,,,,
2009067271,1707.0,1,0,0,0,0,0,1,0,0,2,1,,67,5,2009,6,40.0667,-75.178,1652.0,6,0,0,0,0,0,1,0,1,,0,0,0,16,1,5,1,,0,40 04:00.293,,0,75 10:40.850,8,0,0,0,67301,0,0,0,N,0,0,0,5,67301,0,,1,9,,N,N,,0,,0,0,1,3,3,,1650,5,3,0,0,1,5,0,3,4,0,3,7,,N,,,,,,,,,,,
2009067442,645.0,5,0,0,0,0,0,0,0,0,1,0,,67,6,2009,5,40.0346,-75.0719,640.0,6,0,0,0,0,0,1,0,0,1.0,0,0,0,6,1,3,0,,1,40 02:04.461,1.0,0,75 04:18.776,4,0,0,0,67301,0,0,0,N,0,0,0,6,67301,3,,1,1,,N,N,,0,,0,0,0,0,0,N,635,3,5,0,0,0,0,0,3,4,0,5,3,,N,,,,,,,,,,,
2009067122,1034.0,1,0,0,0,0,0,0,0,0,7,0,,67,6,2009,5,39.9954,-75.0931,1029.0,6,0,0,0,0,0,0,0,0,,0,0,0,10,1,1,0,,0,39 59:43.327,,0,75 05:35.162,4,0,0,0,67301,0,0,0,N,0,0,0,1,67301,1,,5,9,,N,N,,0,,0,0,0,0,0,,1025,1,1,0,0,0,0,0,3,4,0,1,7,,N,,,,,,,,,,,
2009064658,1529.0,1,0,0,0,0,0,0,0,0,8,0,,67,5,2009,7,40.0245,-75.1478,1524.0,6,0,0,0,0,0,0,0,1,,0,0,0,15,1,1,1,,0,40 01:28.300,,0,75 08:52.479,8,0,0,0,67301,1,0,0,N,1,0,0,2,67301,0,,1,1,,N,N,,0,,0,0,0,3,2,,1510,1,2,0,0,0,1,0,3,4,0,1,3,,N,,,,,,,,,,,
2009067297,1833.0,0,0,0,0,0,0,0,0,0,8,0,,67,5,2009,5,39.925,-75.1847,1831.0,6,0,0,0,0,0,0,0,0,,0,0,0,18,1,1,0,,0,39 55:30.059,,0,75 11:04.929,2,0,0,0,67301,1,0,1,N,1,0,1,3,67301,0,,1,1,,N,N,,0,,0,1,0,3,3,,1828,1,2,0,0,0,0,0,3,4,1,1,3,,N,,,,,,,,,,,
2009070017,2134.0,1,0,0,0,0,0,0,0,0,7,0,,67,6,2009,3,39.986,-75.0929,2124.0,6,0,0,0,0,0,1,0,0,1.0,0,0,0,21,3,1,0,,1,39 59:09.240,2.0,0,75 05:34.800,8,0,0,0,67301,0,0,0,N,0,0,0,1,68K01,0,,5,1,,N,N,,0,,0,0,0,0,0,Y,2122,1,1,0,0,0,1,0,3,4,0,1,3,,N,,,,,,,,,,,
2009067485,1905.0,2,0,0,0,0,0,0,0,0,4,0,,67,6,2009,5,39.9643,-75.2464,1902.0,6,0,0,0,0,0,0,0,0,,0,0,0,18,1,1,1,,0,39 57:51.433,,0,75 14:47.191,4,0,0,0,67301,0,0,0,N,0,0,0,4,67301,1,,1,9,,N,N,,0,,0,0,0,0,0,,1835,1,2,0,0,0,0,0,3,4,0,2,7,,N,,,,,,,,,,,
2009067532,1728.0,0,0,0,0,0,0,0,0,0,7,0,,67,6,2009,5,40.1049,-75.0009,1723.0,6,0,0,0,0,0,0,0,0,,0,0,0,17,1,1,0,,0,40 06:17.831,,0,75 00:02.925,8,0,0,0,67301,0,0,0,,0,0,0,1,67301,0,,5,9,,N,N,,0,,0,0,1,0,0,,1709,1,1,0,0,0,1,0,3,4,0,1,7,,N,,,,,,,,,,,
2009067538,1915.0,1,0,0,0,0,0,0,0,0,4,0,,67,6,2009,7,40.0029,-75.2228,1907.0,6,0,0,0,0,0,0,0,0,,0,0,0,19,1,3,0,,0,40 00:11.433,,7,75 13:19.907,4,0,0,0,67301,0,0,0,N,0,0,0,4,67301,3,,1,1,,N,N,,0,,0,0,0,0,0,,1900,3,2,0,0,0,0,0,3,4,1,2,3,,N,,,,,,,,,,,
2009056504,1731.0,1,0,0,0,0,0,0,0,0,4,1,,67,5,2009,6,39.904,-75.2401,1730.0,6,0,0,0,0,0,0,0,0,,0,1,0,17,1,1,1,,0,39 54:14.400,,0,75 14:24.360,4,0,0,0,67301,0,0,0,,0,0,0,2,67301,1,,1,9,,,,,0,,0,0,0,3,4,,1725,1,2,0,0,0,0,0,3,4,0,2,7,,N,,,,,,,,,,,
2009093292,753.0,2,0,0,0,0,0,0,0,0,6,0,,67,8,2009,3,40.0586,-75.1528,714.0,6,0,0,0,0,0,0,0,0,,0,0,0,6,1,0,5,,0,40 03:30.949,,0,75 09:09.932,0,0,0,0,67301,0,0,0,N,0,0,0,2,67301,0,,1,1,,N,N,,0,,0,0,0,3,2,,659,0,2,0,0,0,0,0,3,4,0,2,3,,N,,,,,,,,,,,
2009085523,332.0,1,0,0,0,0,0,0,0,0,7,0,,67,8,2009,1,39.9814,-75.2071,326.0,6,0,0,0,0,0,0,0,0,,0,0,0,3,3,0,0,,0,39 58:56.640,,0,75 12:28.080,0,0,0,0,67301,0,0,0,N,0,0,0,1,68K01,0,,3,9,,N,N,,0,,0,0,0,0,0,,322,0,1,0,0,0,0,0,3,4,0,1,7,,N,,,,,,,,,,,
2009086105,1725.0,1,0,0,0,0,0,0,0,0,6,0,,67,8,2009,7,39.9874,-75.2221,1717.0,6,0,0,0,0,0,1,0,0,,0,0,0,17,1,1,0,,0,39 59:14.600,,0,75 13:19.440,4,0,0,0,67301,0,0,0,N,0,0,0,3,67301,1,,1,1,,N,N,,0,,0,0,0,0,0,,1716,1,2,0,0,0,0,0,3,4,1,2,3,,N,,,,,,,,,,,
2009065787,1205.0,2,0,0,0,0,0,0,0,0,2,0,,67,5,2009,7,40.0404,-75.0655,1203.0,6,0,0,0,0,0,0,0,0,,0,0,0,12,1,2,5,,0,40 02:25.526,,0,75 03:55.923,8,0,0,0,67301,0,0,0,N,0,0,0,2,67301,0,,1,1,,N,N,,0,,0,0,0,3,2,,1200,2,2,0,0,0,2,0,3,4,0,2,3,,N,,,,,,,,,,,
2009062979,144.0,1,0,0,0,0,0,0,0,0,7,0,,67,5,2009,7,39.9583,-75.1658,142.0,6,0,0,0,1,0,0,0,0,,0,0,0,1,3,0,0,,0,39 57:29.880,,0,75 09:56.880,0,0,0,0,67301,0,0,0,N,0,0,0,4,68K01,0,,2,1,,N,N,,0,,0,0,0,0,0,,135,0,1,0,0,0,0,0,3,4,0,1,3,,N,,,,,,,,,,,
2009078799,1705.0,2,0,0,0,0,0,0,0,0,2,0,,67,7,2009,7,39.9897,-75.1073,1700.0,6,0,0,0,0,0,1,0,0,,0,0,0,15,1,4,1,,0,39 59:22.622,,0,75 06:26.517,4,0,0,0,67301,0,0,0,,0,0,0,4,67301,3,,1,1,,,,,0,,0,0,0,2,2,,1530,4,2,0,0,0,1,0,3,4,0,2,3,,N,,,,,,,,,,,
2009078836,1520.0,2,0,0,0,0,0,0,0,0,1,0,,67,6,2009,7,39.9765,-75.1894,1512.0,6,0,0,0,0,0,0,0,0,,0,0,0,15,1,2,2,,0,39 58:35.233,,0,75 11:21.692,8,0,0,0,67301,0,0,0,,0,0,0,4,67301,0,,1,9,,N,N,,0,,0,0,0,3,3,,1505,2,2,0,0,0,2,0,3,4,0,2,3,,N,,,,,,,,,,,
2009083853,257.0,2,0,0,0,0,0,0,0,0,1,0,,67,7,2009,5,40.0471,-75.098,253.0,6,0,0,0,0,0,0,0,0,,0,0,0,2,3,1,1,,0,40 02:49.639,,0,75 05:52.794,2,0,0,0,67301,0,0,0,N,0,0,0,4,67301,0,,1,1,,N,Y,,0,,0,1,0,3,2,,248,1,2,0,1,4,0,1,3,4,0,2,3,,N,,,,,,,,,,,
2009078939,9999.0,3,0,0,0,0,0,0,0,0,1,0,,67,7,2009,1,39.9558,-75.236,9999.0,6,0,0,1,0,0,0,0,0,,0,0,0,1,3,1,1,,0,39 57:20.998,,0,75 14:09.675,8,0,0,0,67301,0,0,0,N,0,0,0,2,67301,0,,1,9,,N,N,,0,,0,0,0,3,2,,131,1,3,0,0,0,1,0,3,4,0,3,7,,N,,,,,,,,,,,
2009079157,139.0,1,0,0,0,0,0,0,0,0,8,0,,67,7,2009,1,39.9607,-75.2273,131.0,6,0,0,0,0,0,0,0,0,,0,0,0,1,3,1,0,,0,39 57:38.566,,0,75 13:38.427,4,0,0,0,67301,1,0,0,,1,0,0,2,67301,1,,1,1,,,,,0,,0,0,0,0,0,,129,1,2,0,0,0,0,0,3,4,0,1,3,,N,,,,,,,,,,,
2009079475,35.0,1,0,0,0,0,0,0,0,0,1,0,,67,3,2009,5,40.0063,-75.1939,33.0,6,0,0,0,0,0,0,0,0,,0,0,0,0,3,1,0,,0,40 00:24.018,,0,75 11:36.645,4,0,0,0,67301,0,0,0,N,0,0,0,2,67301,1,,2,1,,N,N,,0,,0,0,0,0,0,,32,1,2,0,0,0,0,1,3,4,0,2,3,,N,,,,,,,,,,,
2009074582,1510.0,1,0,0,0,0,0,0,0,0,8,0,,67,6,2009,5,39.9345,-75.1942,1509.0,6,0,0,0,0,0,0,0,0,,0,0,0,15,1,1,0,,0,39 56:04.236,,0,75 11:39.242,4,0,0,0,67301,1,0,0,N,1,0,0,2,67301,1,,1,1,,N,N,,0,,0,0,0,0,0,,1509,1,2,0,0,0,0,0,3,4,0,1,3,,N,,,,,,,,,,,
2009074596,850.0,1,0,0,0,0,0,0,0,0,4,0,,67,6,2009,7,39.9959,-75.0921,845.0,6,0,0,0,0,0,0,0,1,,0,0,0,8,1,3,0,,0,39 59:45.181,,7,75 05:31.645,4,0,0,0,67301,0,0,0,N,0,0,0,4,67301,3,,1,1,,N,N,,1,,0,0,0,0,0,,840,3,2,0,0,0,0,0,3,4,0,2,3,,N,,,,,,,,,,,
2009066865,1630.0,2,0,0,0,0,0,0,0,0,5,0,,67,6,2009,2,40.0063,-75.1163,1630.0,6,0,0,0,0,0,0,0,0,,0,0,0,16,1,0,0,,0,40 00:22.656,,0,75 06:58.671,0,0,0,0,67301,0,0,0,N,0,0,0,1,68K01,0,,1,1,,N,N,,0,,0,0,0,0,0,,1630,0,2,0,0,1,0,0,3,4,0,2,3,,N,,,,,,,,,,,
2009066890,1101.0,1,0,0,0,0,0,0,0,0,4,0,,67,6,2009,5,40.0444,-75.0726,1059.0,6,0,0,0,1,0,0,0,0,,0,0,0,10,1,1,1,,0,40 02:39.816,,0,75 04:21.663,4,0,0,0,67301,0,0,0,,0,0,0,3,67301,1,,1,9,,,,,1,,0,0,0,3,2,,1059,1,2,0,0,0,0,0,3,4,0,2,98,,N,,,,,,,,,,,
2009077636,1840.0,2,0,0,0,0,0,0,0,0,1,0,,67,7,2009,4,40.0072,-75.2136,1838.0,6,0,0,0,0,0,0,1,0,,0,0,0,18,1,2,0,,0,40 00:25.849,,0,75 12:48.800,8,0,0,0,67301,0,0,0,N,0,0,0,7,46104,0,,1,1,,N,N,,1,,0,0,1,0,0,,1838,2,4,0,0,0,2,0,3,4,0,4,3,,N,,,,,,,,,,,
2009067603,2115.0,1,0,0,0,0,0,0,0,0,1,0,,67,5,2009,7,39.9264,-75.1915,2100.0,6,0,0,0,0,0,0,0,0,,0,0,0,20,3,1,0,,0,39 55:35.022,,0,75 11:29.558,8,0,0,1,67301,1,0,0,,0,0,0,3,67301,0,,6,1,,N,N,,0,,0,0,0,0,0,,2050,1,2,0,0,0,1,0,3,4,0,2,3,,N,,,,,,,,,,,
2009067605,532.0,1,0,0,0,0,0,0,0,0,7,0,,67,6,2009,7,39.9131,-75.1819,531.0,6,0,0,0,0,0,0,1,0,,0,0,0,5,1,0,0,,0,39 54:46.984,,0,75 10:54.718,0,0,0,0,67301,0,0,0,N,0,0,0,1,67301,0,,3,1,,N,N,,0,,0,0,0,0,0,,529,0,2,0,0,0,0,0,3,4,0,1,3,,N,,,,,,,,,,,
2009075452,1137.0,0,0,0,0,0,0,1,0,0,5,1,,67,6,2009,5,39.9946,-75.1594,1135.0,6,0,0,0,0,0,0,0,0,,0,0,0,11,1,2,0,,0,39 59:40.408,,0,75 09:33.914,8,0,0,0,67301,0,0,0,N,0,0,0,5,67301,0,,1,1,,N,N,,0,,0,0,1,0,0,,1130,2,2,0,0,2,2,0,3,4,0,2,3,,N,,,,,,,,,,,
2009058290,1230.0,0,0,0,0,0,0,0,0,0,7,0,,67,5,2009,5,39.957,-75.1546,1222.0,6,0,0,0,0,0,0,0,0,1.0,0,0,0,12,1,0,0,,2,39 57:25.141,4.0,2,75 09:18.546,0,0,0,0,67301,0,0,0,N,0,0,0,2,68K01,0,,3,1,,N,N,,0,,0,0,1,0,0,N,1220,0,1,0,0,0,0,0,3,4,0,1,3,,N,,,,,,,,,,,
2009058293,2335.0,1,0,0,0,0,0,0,0,0,7,0,,67,6,2009,6,39.9957,-75.083,2323.0,6,0,0,0,0,0,0,0,0,1.0,0,0,0,23,3,0,0,,1,39 59:44.880,1.0,0,75 04:58.440,9,0,0,0,67301,0,0,0,N,0,0,0,2,68K01,0,,4,9,,N,N,,0,,0,0,0,0,0,N,2322,0,1,0,0,0,0,1,3,4,0,1,7,,N,,,,,,,,,,,
2009090122,737.0,1,0,0,0,0,0,0,0,0,1,0,45.0,67,8,2009,7,39.941,-75.1951,730.0,6,0,0,0,0,1,0,0,0,1.0,0,0,0,7,1,1,0,,2,39 56:32.592,3.0,3,75 11:37.402,4,0,0,0,67301,0,0,0,N,0,0,0,2,68K01,1,,1,1,,N,N,,1,,0,0,0,3,8,N,723,1,2,0,0,0,0,0,3,4,0,2,3,,Y,4.0,1.0,Y,N,N,Y,Y,N,N,N,
2009092936,335.0,1,0,0,0,0,0,0,0,0,5,0,,67,8,2009,1,40.0428,-75.1135,330.0,6,0,0,0,0,0,1,0,0,,0,0,0,0,3,2,1,,0,40 02:33.857,,0,75 06:48.818,4,0,0,0,67301,0,0,0,N,0,0,0,2,67301,2,,1,9,,N,N,,0,,0,0,0,3,2,,50,2,2,0,0,0,0,0,3,4,0,2,3,,N,,,,,,,,,,,
2009067233,1645.0,3,0,0,0,0,0,0,0,0,1,0,,67,6,2009,1,40.0609,-75.2361,1634.0,6,0,0,0,0,0,1,0,0,,0,0,0,14,1,1,0,,0,40 03:39.361,,0,75 14:09.929,3,0,0,0,67301,0,0,0,,0,0,0,4,67301,0,,1,9,,,,,0,,1,0,0,0,0,,1434,1,3,0,0,0,0,0,3,4,0,3,3,,N,,,,,,,,,,,
2009064455,0.0,1,0,0,0,0,0,0,0,0,4,0,,67,5,2009,5,40.0717,-75.1541,0.0,6,0,0,0,0,0,0,0,0,,0,0,0,8,1,2,2,,0,40 04:18.194,,0,75 09:14.605,8,0,0,0,67301,0,0,0,N,0,0,0,3,00000,0,,1,1,,N,N,,0,,0,0,0,0,0,,830,2,2,0,0,0,2,1,3,4,0,2,3,,N,,,,,,,,,,,
2009067041,10.0,2,0,0,0,0,0,0,0,0,6,0,,67,6,2009,3,40.0816,-74.9679,6.0,6,0,0,0,0,0,0,0,0,1.0,0,0,0,0,3,2,1,,1,40 04:53.598,2.0,0,74 58:04.407,8,0,0,0,67301,0,0,0,N,0,0,0,3,67301,0,,1,1,,N,N,,0,,0,0,0,3,3,N,6,2,2,0,0,0,2,0,3,4,0,2,3,,N,,,,,,,,,,,