CRN,ARRIVAL_TM,AUTOMOBILE_COUNT,BELTED_DEATH_COUNT,BELTED_SUSP_SERIOUS_INJ_COUNT,BICYCLE_COUNT,BICYCLE_DEATH_COUNT,BICYCLE_SUSP_SERIOUS_INJ_COUNT,BUS_COUNT,CHLDPAS_DEATH_COUNT,CHLDPAS_SUSP_SERIOUS_INJ_COUNT,COLLISION_TYPE,COMM_VEH_COUNT,CONS_ZONE_SPD_LIM,COUNTY,CRASH_MONTH,CRASH_YEAR,DAY_OF_WEEK,DEC_LAT,DEC_LONG,DISPATCH_TM,DISTRICT,DRIVER_COUNT_16YR,DRIVER_COUNT_17YR,DRIVER_COUNT_18YR,DRIVER_COUNT_19YR,DRIVER_COUNT_20YR,DRIVER_COUNT_50_64YR,DRIVER_COUNT_65_74YR,DRIVER_COUNT_75PLUS,EST_HRS_CLOSED,FATAL_COUNT,HEAVY_TRUCK_COUNT,HORSE_BUGGY_COUNT,HOUR_OF_DAY,ILLUMINATION,INJURY_COUNT,INTERSECT_TYPE,INTERSECTION_RELATED,LANE_CLOSED,LATITUDE,LN_CLOSE_DIR,LOCATION_TYPE,LONGITUDE,MAX_SEVERITY_LEVEL,MCYCLE_DEATH_COUNT,MCYCLE_SUSP_SERIOUS_INJ_COUNT,MOTORCYCLE_COUNT,MUNICIPALITY,NONMOTR_COUNT,NONMOTR_DEATH_COUNT,NONMOTR_SUSP_SERIOUS_INJ_COUNT,NTFY_HIWY_MAINT,PED_COUNT,PED_DEATH_COUNT,PED_SUSP_SERIOUS_INJ_COUNT,PERSON_COUNT,POLICE_AGCY,POSSIBLE_INJ_COUNT,RDWY_SURF_TYPE_CD,RELATION_TO_ROAD,ROAD_CONDITION,ROADWAY_CLEARED,SCH_BUS_IND,SCH_ZONE_IND,SECONDARY_CRASH,SMALL_TRUCK_COUNT,SPEC_JURIS_CD,SUSP_MINOR_INJ_COUNT,SUSP_SERIOUS_INJ_COUNT,SUV_COUNT,TCD_FUNC_CD,TCD_TYPE,TFC_DETOUR_IND,TIME_OF_DAY,TOT_INJ_COUNT,TOTAL_UNITS,UNB_DEATH_COUNT,UNB_SUSP_SERIOUS_INJ_COUNT,UNBELTED_OCC_COUNT,UNK_INJ_DEG_COUNT,UNK_INJ_PER_COUNT,URBAN_AREA,URBAN_RURAL,VAN_COUNT,VEHICLE_COUNT,WEATHER1,WEATHER2,WORK_ZONE_IND,WORK_ZONE_LOC,WORK_ZONE_TYPE,WORKERS_PRES,WZ_CLOSE_DETOUR,WZ_FLAGGER,WZ_LAW_OFFCR_IND,WZ_LN_CLOSURE,WZ_MOVING,WZ_OTHER,WZ_SHLDER_MDN,WZ_WORKERS_INJ_KILLED
2009067094,2005.0,0,0,0,1,0,0,0,0,0,4,0,,67,6,2009,6,39.9538,-75.2201,2000.0,6,0,0,0,0,0,0,0,0,,0,0,0,20,4,1,2,,0,39 57:13.845,,0,75 13:12.349,4,0,0,0,67301,1,0,0,N,0,0,0,2,67301,1,,1,1,,N,N,,0,,0,0,0,3,2,,2000,1,2,0,0,1,0,0,3,4,1,1,3,,N,,,,,,,,,,,
2009067269,2140.0,2,0,0,0,0,0,0,0,0,1,0,,67,5,2009,7,40.0723,-75.1992,2134.0,6,0,0,0,0,0,0,0,0,,0,0,0,21,3,0,1,,0,40 04:20.103,,0,75 11:57.256,0,0,0,0,67301,0,0,0,N,0,0,0,1,67301,0,,1,1,,N,N,,0,,0,0,1,3,3,,2134,0,3,0,0,0,0,0,3,4,0,3,3,,N,,,,,,,,,,,
2009067283,2050.0,2,0,0,0,0,0,0,0,0,5,0,,67,6,2009,6,39.9575,-75.2173,1037.0,6,0,0,0,0,0,0,0,0,,0,0,0,10,1,1,1,,0,39 57:27.032,,0,75 13:02.345,4,0,0,0,67301,0,0,0,N,0,0,0,3,67301,1,,1,1,,N,N,,0,,0,0,0,0,0,,1035,1,2,0,0,0,0,0,3,4,0,2,3,,N,,,,,,,,,,,
2009067110,1557.0,2,0,0,0,0,0,0,0,0,1,0,,67,6,2009,3,40.0069,-75.1235,1555.0,6,0,0,0,0,0,0,0,0,,0,0,0,15,1,1,0,,0,40 00:24.902,,0,75 07:24.606,4,0,0,0,67301,0,0,0,N,0,0,0,3,67301,1,,1,9,,N,N,,0,,0,0,0,0,0,,1530,1,2,0,0,0,0,0,3,4,0,2,99,,N,,,,,,,,,,,
2009064677,1640.0,1,0,0,0,0,0,0,0,0,1,0,,67,5,2009,6,39.9658,-75.2339,1640.0,6,0,0,0,0,0,0,0,0,,0,0,0,16,1,0,1,,0,39 57:57.056,,0,75 14:02.155,0,0,0,0,67301,0,0,0,N,0,0,0,3,67301,0,,1,1,,N,N,,1,,0,0,0,3,2,,1604,0,2,0,0,0,0,0,3,4,0,2,3,,N,,,,,,,,,,,
2009067295,2040.0,2,0,0,0,0,0,0,0,0,1,0,,67,4,2009,4,39.9509,-75.1705,2029.0,6,0,0,0,0,0,1,0,0,,0,0,0,19,3,2,1,,0,39 57:03.250,,0,75 10:13.709,4,0,0,0,67301,0,0,0,N,0,0,0,3,67301,2,,1,9,,N,N,,0,,0,0,0,3,2,,1935,2,2,0,0,1,0,0,3,4,0,2,3,,N,,,,,,,,,,,
2009067491,725.0,2,0,0,0,0,0,0,0,0,4,0,,67,5,2009,7,40.0481,-75.0317,720.0,6,0,0,0,0,0,1,0,0,2.0,0,0,0,7,1,1,2,,1,40 02:52.443,4.0,0,75 01:53.885,4,0,0,0,67301,0,0,0,,0,0,0,4,67301,1,,1,1,,,,,0,,0,0,0,3,2,Y,715,1,2,0,0,0,0,0,3,4,0,2,3,,N,,,,,,,,,,,
2009064946,104.0,1,0,0,0,0,0,0,0,0,7,0,,67,4,2009,7,,,104.0,6,0,0,0,0,0,0,0,0,,0,0,0,1,3,0,0,,0,,,2,,0,0,0,0,67301,0,0,0,N,0,0,0,3,67501,0,,3,1,,N,N,,0,,0,0,0,0,0,,104,0,1,0,0,0,0,0,3,3,0,1,3,,N,,,,,,,,,,,
2009064978,1014.0,2,0,0,0,0,0,0,0,0,1,0,,67,5,2009,7,39.9866,-75.176,1012.0,6,0,0,0,0,0,1,0,0,,0,0,0,10,1,1,2,,0,39 59:11.763,,0,75 10:33.653,4,0,0,0,67301,0,0,0,,0,0,0,3,67301,1,,1,1,,,,,1,,0,0,0,3,3,,1004,1,3,0,0,0,0,0,3,4,0,3,3,,N,,,,,,,,,,,
2009065054,921.0,3,0,0,0,0,0,0,0,0,1,0,,67,5,2009,3,39.9383,-75.2163,918.0,6,0,0,0,0,0,1,0,0,,0,0,0,9,1,1,1,,0,39 56:17.923,,0,75 12:58.510,4,0,0,0,67301,0,0,0,N,0,0,0,4,67301,1,,1,1,,N,N,,0,,0,0,0,3,2,,917,1,3,0,0,0,0,0,3,4,0,3,3,,N,,,,,,,,,,,
2009062656,1254.0,1,0,0,0,0,0,0,0,0,5,0,,67,6,2009,2,39.9607,-75.1405,1247.0,6,0,0,0,0,0,0,0,0,,0,0,0,12,1,1,0,,0,39 57:38.095,,0,75 08:26.135,8,0,0,0,67301,0,0,0,N,0,0,0,2,68K01,0,,1,1,,N,N,,1,,0,0,0,0,0,,1242,1,2,0,0,0,1,1,3,4,0,2,3,,N,,,,,,,,,,,
2009086597,1732.0,1,0,0,0,0,0,0,0,0,9,0,,67,8,2009,2,39.9917,-75.0859,1719.0,6,0,0,0,0,0,0,0,0,,0,0,0,17,1,1,0,,0,39 59:30.480,,0,75 05:08.880,4,0,0,0,67301,0,0,0,N,0,0,0,1,68K01,1,,1,1,,N,N,,0,,0,0,0,0,0,,1715,1,1,0,0,0,0,0,3,4,0,1,3,,N,,,,,,,,,,,
2009065233,1918.0,1,0,0,1,0,0,0,0,0,4,0,,67,5,2009,2,39.9191,-75.158,1914.0,6,0,0,0,0,0,0,0,0,,0,0,0,18,1,1,1,,0,39 55:08.590,,0,75 09:28.749,4,0,0,0,67301,1,0,0,N,0,0,0,3,67301,1,,1,1,,N,N,,0,,0,0,0,9,3,,1845,1,2,0,0,0,0,0,3,4,0,1,3,,N,,,,,,,,,,,
2009108645,528.0,2,0,0,0,0,0,0,0,0,7,0,,67,9,2009,5,40.0177,-75.2021,525.0,6,0,0,0,0,0,0,0,0,,0,0,0,5,3,0,2,,0,40 01:03.778,,0,75 12:07.432,0,0,0,0,67301,0,0,0,N,0,0,0,2,67301,0,,3,9,,N,N,,0,,0,0,0,0,0,,524,0,2,0,0,0,0,0,3,4,0,2,3,,N,,,,,,,,,,,
2009106172,2218.0,2,0,0,0,0,0,0,0,0,1,0,50.0,67,10,2009,5,39.8989,-75.1791,2218.0,6,0,0,0,0,0,1,0,0,,0,0,0,22,3,2,0,,0,39 53:56.134,,0,75 10:06.320,4,0,0,0,67301,0,0,0,N,0,0,0,3,68K02,2,,1,1,,N,N,,0,,0,0,1,0,0,,2218,2,3,0,0,0,0,0,3,4,0,3,3,,Y,4.0,2.0,Y,N,N,Y,Y,N,N,N,
2009108713,2148.0,1,0,0,0,0,0,0,0,0,4,0,,67,9,2009,3,40.0406,-75.1746,2145.0,6,0,0,0,0,0,0,0,0,2.0,0,0,0,21,3,2,1,,2,40 02:26.250,5.0,0,75 10:28.527,4,0,0,0,67301,0,0,0,N,0,0,0,3,67301,2,,1,1,,N,N,,0,,0,0,1,3,2,Y,2140,2,2,0,0,0,0,0,3,4,0,2,3,,N,,,,,,,,,,,
2009053986,1205.0,1,0,0,0,0,0,0,0,0,1,0,,67,4,2009,7,40.0455,-75.1274,1200.0,6,0,0,0,1,0,1,0,0,,0,0,0,12,1,3,2,,0,40 02:43.757,,0,75 07:38.585,4,0,0,0,67301,0,0,0,N,0,0,0,3,67301,3,,1,1,,N,N,,1,,0,0,0,0,0,,1200,3,2,0,0,0,0,0,3,4,0,2,3,,N,,,,,,,,,,,
2009090445,1641.0,1,0,0,0,0,0,0,0,0,4,0,,67,9,2009,4,40.0079,-75.2022,1640.0,6,0,0,0,0,0,0,0,0,,0,0,0,16,1,0,0,,0,40 00:28.080,,0,75 12:06.840,0,0,0,0,67301,0,0,0,N,0,0,0,3,68K01,0,,1,1,,N,N,,0,,0,0,0,0,0,,1640,0,2,0,0,0,0,0,3,4,1,2,3,,N,,,,,,,,,,,
2009085984,1345.0,1,0,0,0,0,0,0,0,0,8,0,,67,8,2009,4,39.9501,-75.2236,1341.0,6,0,0,0,0,0,0,0,0,,0,0,0,13,1,1,0,,0,39 57:00.262,,0,75 13:24.870,8,0,0,0,67301,1,0,0,N,1,0,0,2,67301,0,,1,1,,N,N,,0,,0,0,0,0,0,,1335,1,2,0,0,0,1,0,3,4,0,1,3,,N,,,,,,,,,,,
2009080877,1340.0,1,0,0,0,0,0,0,0,0,4,0,,67,8,2009,7,39.998,-75.2332,1337.0,6,0,0,0,0,0,0,1,0,,0,0,0,13,1,0,1,,0,39 59:56.243,,0,75 13:52.968,0,0,0,0,67301,0,0,0,N,0,0,0,2,46104,0,,1,1,,N,N,,0,,0,0,1,3,3,,1335,0,2,0,0,0,0,0,3,4,0,2,3,,N,,,,,,,,,,,
2009086083,1600.0,1,0,0,0,0,0,0,0,0,4,0,,67,8,2009,1,40.0227,-75.1335,1545.0,6,0,0,0,0,0,0,0,0,,0,0,0,15,1,1,1,,0,40 01:21.712,,0,75 08:00.711,4,0,0,0,67301,0,0,0,,0,0,0,2,67301,1,,1,9,,N,N,,1,,0,0,0,3,2,,1545,1,2,0,0,2,0,0,3,4,0,2,3,,N,,,,,,,,,,,
2009081663,1435.0,2,0,0,0,0,0,0,0,0,4,0,,67,7,2009,4,40.0256,-75.1223,1417.0,6,0,0,0,0,0,0,0,0,1.0,0,0,0,14,1,2,1,,1,40 01:32.331,1.0,0,75 07:20.187,4,0,0,0,67301,0,0,0,N,0,0,0,2,67301,2,,1,1,,N,,,0,,0,0,0,3,2,N,1417,2,2,0,0,1,0,0,3,4,0,2,3,,N,,,,,,,,,,,
2009078815,1224.0,1,0,0,0,0,0,0,0,0,8,0,,67,7,2009,3,40.091,-75.0327,1218.0,6,0,0,0,0,0,1,0,0,,0,0,0,12,1,1,2,,0,40 05:27.706,,7,75 01:57.963,4,0,0,0,67301,1,0,0,N,1,0,0,2,67301,1,,1,9,,N,N,,0,,0,0,0,3,1,,1215,1,2,0,0,0,0,0,3,4,0,1,7,,N,,,,,,,,,,,
2009078890,602.0,1,0,0,0,0,0,0,0,0,6,0,,67,7,2009,5,40.0425,-75.1932,559.0,6,0,0,0,0,0,2,0,0,,0,0,0,5,1,0,1,,0,40 02:33.177,,0,75 11:35.636,0,0,0,0,67301,0,0,0,N,0,0,0,2,67301,0,,1,9,,N,N,,1,,0,0,0,0,0,,559,0,2,0,0,0,0,0,3,4,0,2,7,,N,,,,,,,,,,,
2009079256,118.0,3,0,0,0,0,0,0,0,0,1,0,,67,7,2009,7,40.0159,-75.1538,1117.0,6,0,0,0,0,0,0,0,0,2.0,0,0,0,1,3,1,1,,1,40 00:57.144,2.0,0,75 09:13.828,4,0,0,0,67301,0,0,0,,0,0,0,2,67301,1,,1,1,,,,,0,,0,0,0,3,2,Y,116,1,3,0,0,0,0,1,3,4,0,3,3,,N,,,,,,,,,,,
2009078999,1220.0,1,0,0,0,0,0,0,0,0,1,0,,67,7,2009,5,39.9231,-75.1699,1210.0,6,0,0,0,0,0,0,0,0,,0,0,0,12,1,1,1,,0,39 55:23.512,,0,75 10:11.995,4,0,0,0,67301,0,0,0,,0,0,0,3,67301,1,,1,1,,N,N,,0,,0,0,0,3,2,,1205,1,2,0,0,0,0,0,3,4,1,2,3,,N,,,,,,,,,,,
2009079018,1025.0,1,0,0,0,0,0,0,0,0,8,0,,67,7,2009,6,39.979,-75.2683,1018.0,6,0,0,0,0,0,0,0,0,,0,0,0,10,1,1,2,,0,39 58:44.424,,0,75 16:05.870,4,0,0,0,67301,1,0,0,,1,0,0,2,67301,1,,1,1,,N,N,,0,,0,0,0,9,2,,1012,1,2,0,0,0,0,0,3,4,0,1,3,,N,,,,,,,,,,,
2009079132,1236.0,1,0,0,0,0,0,0,0,0,8,0,,67,7,2009,3,40.001,-75.0663,1233.0,6,0,0,0,0,0,0,0,0,,0,0,0,12,1,1,0,,0,40 00:03.472,,0,75 03:58.751,8,0,0,0,67301,1,0,0,N,1,0,0,2,67301,0,,1,1,,N,N,,0,,0,0,0,0,0,,1231,1,2,0,0,0,1,0,3,4,0,1,3,,N,,,,,,,,,,,
2009079149,2135.0,0,0,0,1,0,0,0,0,0,4,0,,67,7,2009,6,39.9147,-75.1754,2133.0,6,0,0,0,0,0,1,0,0,,0,0,0,21,3,1,1,,0,39 54:52.909,,0,75 10:31.497,4,0,0,0,67301,1,0,0,N,0,0,0,2,67301,1,,1,1,,N,N,,1,,0,0,0,3,3,,2133,1,2,0,0,0,0,0,3,4,0,1,3,,N,,,,,,,,,,,
2009079171,2247.0,1,0,0,0,0,0,0,0,0,4,1,,67,7,2009,7,40.0945,-75.015,2227.0,6,0,1,0,0,0,0,0,0,1.0,0,1,0,22,3,3,1,,1,40 05:40.394,1.0,0,75 00:54.109,8,0,0,0,67301,0,0,0,N,0,0,0,5,67301,0,,1,1,,N,N,,0,,0,0,0,3,2,Y,2227,3,2,0,0,0,3,0,3,4,0,2,3,,N,,,,,,,,,,,
2009079231,948.0,2,0,0,0,0,0,0,0,0,4,0,,67,7,2009,5,39.935,-75.2352,943.0,6,0,0,0,0,0,1,0,0,,0,0,0,9,1,0,2,,0,39 56:06.029,,0,75 14:06.873,0,0,0,0,67301,0,0,0,,0,0,0,2,67301,0,,1,1,,,,,1,,0,0,0,3,3,,937,0,3,0,0,0,0,0,3,4,0,3,3,,N,,,,,,,,,,,
2009076932,1523.0,0,0,0,0,0,0,0,0,0,1,0,,67,6,2009,7,39.906,-75.1342,1523.0,6,0,0,0,0,0,0,0,0,1.0,0,0,0,15,1,0,0,,2,39 54:21.732,4.0,3,75 08:02.940,0,0,0,0,67301,0,0,0,N,0,0,0,2,67501,0,,1,1,,N,N,,1,,0,0,1,3,8,N,1523,0,2,0,0,0,0,0,3,4,0,2,3,,N,,,,,,,,,,,
2009079456,216.0,2,0,0,0,0,0,0,0,0,1,0,,67,7,2009,2,39.9637,-75.1841,209.0,6,0,0,0,0,0,0,0,0,1.0,0,0,0,2,3,2,0,,1,39 57:55.336,4.0,0,75 11:08.858,4,0,0,0,67301,0,0,0,N,0,0,0,3,68K01,2,,1,1,,N,N,,0,,0,0,0,0,0,N,201,2,2,0,0,0,0,1,3,4,0,2,3,,N,,,,,,,,,,,
2009074502,1820.0,0,0,0,0,0,0,0,0,0,8,0,,67,6,2009,1,40.0112,-75.1031,1817.0,6,0,0,0,0,0,0,0,0,,0,0,0,18,1,1,0,,0,40 00:40.140,,0,75 06:11.272,4,0,0,0,67301,1,0,0,N,1,0,0,2,67301,1,,1,1,,N,N,,0,,0,0,1,0,0,,1814,1,2,0,0,0,0,0,3,4,0,1,3,,N,,,,,,,,,,,
2009074612,1910.0,0,0,0,0,0,0,0,0,0,8,0,,67,6,2009,2,40.0115,-75.1655,1900.0,6,0,0,0,0,0,0,0,0,,0,0,0,18,1,1,0,,0,40 00:41.443,,0,75 09:55.652,4,0,0,0,67301,1,0,0,,1,0,0,2,67301,1,,1,1,,,,,0,,0,0,1,0,0,,1855,1,2,0,0,0,0,0,3,4,0,1,3,,N,,,,,,,,,,,
2009071622,2245.0,1,0,0,0,0,0,0,0,0,1,0,,67,6,2009,1,40.1047,-75.0015,2212.0,6,0,0,0,0,0,0,0,0,2.0,0,0,0,22,3,1,1,,1,40 06:16.828,1.0,0,75 00:05.336,8,0,0,0,67301,0,0,0,,0,0,0,3,67301,0,,1,1,,,,,1,,0,0,0,3,2,N,2212,1,2,0,0,0,1,0,3,4,0,2,3,,N,,,,,,,,,,,
2009071753,837.0,2,0,0,0,0,0,0,0,0,4,0,,67,5,2009,2,39.9368,-75.2297,835.0,6,0,0,0,0,0,0,0,0,,0,0,0,8,1,1,1,,0,39 56:12.483,,0,75 13:47.092,4,0,0,0,67301,0,0,0,N,0,0,0,3,67301,1,,1,1,,N,N,,0,,0,0,0,2,2,,833,1,2,0,0,0,0,0,3,4,0,2,3,,N,,,,,,,,,,,
2009074447,2258.0,1,0,0,1,0,0,0,0,0,2,0,,67,6,2009,7,40.0261,-75.0593,2255.0,6,0,0,0,0,0,0,0,0,,0,0,0,22,4,1,0,,0,40 01:33.902,,0,75 03:33.373,4,0,0,0,67301,1,0,0,N,0,0,0,2,67301,1,,1,1,,N,N,,0,,0,0,0,0,0,,2240,1,2,0,0,0,0,0,3,4,0,1,3,,N,,,,,,,,,,,
2009066867,1523.0,2,0,0,0,0,0,0,0,0,1,0,,67,6,2009,2,39.9592,-75.1722,1520.0,6,0,0,0,0,0,0,0,0,,0,0,0,15,1,2,0,,0,39 57:33.120,,0,75 10:19.920,4,0,0,0,67301,0,0,0,N,0,0,0,3,68K01,2,,1,1,,N,N,,0,,0,0,0,0,0,,1510,2,2,0,0,0,0,0,3,4,0,2,3,,N,,,,,,,,,,,
2009077698,2326.0,0,0,0,0,0,0,0,0,0,7,0,,67,7,2009,6,39.9632,-75.1388,2315.0,6,0,0,0,0,0,0,0,0,1.0,0,0,0,23,3,1,0,,1,39 57:48.240,1.0,0,75 08:19.320,3,0,0,0,67301,0,0,0,N,0,0,0,1,68K01,0,,2,1,,N,N,,0,,1,0,0,0,0,N,2312,1,1,0,0,0,0,0,3,4,1,1,3,,N,,,,,,,,,,,
2009067640,1648.0,2,0,0,0,0,0,0,0,0,4,0,,67,6,2009,4,40.0791,-75.1716,1646.0,6,0,0,0,0,1,0,0,1,,0,0,0,16,1,1,2,,0,40 04:44.770,,0,75 10:17.810,8,0,0,0,67301,0,0,0,,0,0,0,2,67301,0,,1,9,,N,N,,0,,0,0,0,0,0,,1646,1,2,0,0,0,1,0,3,4,0,2,7,,N,,,,,,,,,,,
2009065273,2025.0,1,0,0,0,0,0,0,0,0,7,0,,67,5,2009,3,40.0162,-75.1579,2025.0,6,0,0,0,0,0,0,0,0,3.0,0,0,0,20,3,2,0,,2,40 00:58.246,5.0,0,75 09:28.331,3,0,0,0,67301,0,0,0,,0,0,0,3,67301,1,,3,9,,,,,0,,1,0,1,0,0,Y,2025,2,2,0,0,2,0,1,3,4,0,2,7,,N,,,,,,,,,,,
2009060515,1548.0,1,0,0,0,0,0,0,0,0,1,0,,67,5,2009,4,39.9671,-75.1884,1546.0,6,0,0,0,0,0,0,0,0,,0,0,0,15,1,0,0,,0,39 58:01.425,,0,75 11:17.950,0,0,0,0,67301,0,0,0,N,0,0,0,2,68K01,0,,1,1,,N,N,,1,,0,0,0,0,0,,1540,0,2,0,0,0,0,0,3,4,0,2,3,,N,,,,,,,,,,,
2009053514,1116.0,1,0,0,0,0,0,0,0,0,1,0,,67,4,2009,6,39.9576,-75.1494,1115.0,6,0,0,0,0,0,1,0,0,,0,0,0,11,1,2,6,,0,39 57:27.235,,2,75 08:57.684,4,0,0,0,67301,0,0,0,N,0,0,0,4,68K01,2,,1,1,,N,N,,0,,0,0,1,3,4,,1114,2,2,0,0,0,0,0,3,4,0,2,3,,N,,,,,,,,,,,
2009092964,2353.0,2,0,0,0,0,0,0,0,0,1,0,,67,8,2009,7,40.0074,-75.0781,2353.0,6,0,0,0,0,0,0,0,0,,0,0,0,23,3,2,1,,0,40 00:26.675,,0,75 04:41.014,3,0,0,0,67301,0,0,0,,0,0,0,3,67301,1,,1,1,,,,,0,,1,0,0,3,2,,2310,2,2,0,0,0,0,0,3,4,0,2,3,,N,,,,,,,,,,,
2009092972,2334.0,1,0,0,1,0,0,0,0,0,4,0,,67,8,2009,7,40.0261,-75.0966,2332.0,6,0,0,0,0,0,0,0,0,,0,0,0,23,3,1,5,,0,40 01:34.020,,0,75 05:48.431,8,0,0,0,67301,1,0,0,N,0,0,0,2,67301,0,,1,1,,N,N,,0,,0,0,0,3,2,,2330,1,2,0,0,0,1,0,3,4,0,1,3,,N,,,,,,,,,,,
2009069699,9999.0,1,0,0,0,0,0,0,0,0,4,0,,67,6,2009,3,40.0203,-75.1628,9999.0,6,0,0,0,0,0,0,0,1,,0,0,0,13,1,1,2,,0,40 01:13.039,,0,75 09:46.119,8,0,0,0,67301,0,0,0,,0,0,0,2,67301,0,,1,1,,N,N,,1,,0,0,0,0,0,,1330,1,2,0,0,0,1,0,3,4,0,2,3,,N,,,,,,,,,,,
2009069902,1828.0,2,0,0,0,0,0,0,0,0,5,0,,67,6,2009,3,40.0517,-74.9883,1824.0,6,0,0,0,0,0,0,0,0,1.0,0,0,0,18,1,0,0,,2,40 03:06.545,1.0,0,74 59:17.481,0,0,0,0,67301,0,0,0,N,0,0,0,2,68K01,0,,1,1,,N,N,,0,,0,0,0,0,0,N,1821,0,2,0,0,0,0,0,3,4,0,2,3,,N,,,,,,,,,,,
2009069448,1335.0,2,0,0,0,0,0,0,0,0,5,0,,67,6,2009,7,39.9391,-75.1914,1330.0,6,0,0,0,0,0,1,0,0,1.0,0,0,0,13,1,1,0,,1,39 56:20.659,4.0,0,75 11:29.189,8,0,0,0,67301,0,0,0,N,0,0,0,3,67301,0,,1,1,,N,N,,0,,0,0,0,3,2,Y,1325,1,2,0,0,0,1,0,3,4,0,2,3,,N,,,,,,,,,,,
2009067129,2342.0,3,0,0,0,0,0,0,0,0,4,0,,67,5,2009,1,40.0269,-75.0972,2340.0,6,0,0,0,1,0,1,0,0,,0,0,0,23,3,1,1,,0,40 01:36.832,,0,75 05:50.065,8,0,0,0,67301,0,0,0,,0,0,0,4,67301,0,,1,1,,N,N,,0,,0,0,0,3,2,,2340,1,3,0,0,0,1,2,3,4,0,3,3,,N,,,,,,,,,,,
2009064683,715.0,0,0,0,0,0,0,1,0,0,4,1,,67,5,2009,6,40.0088,-75.148,700.0,6,0,0,0,0,0,2,0,0,,0,0,0,6,1,1,0,,0,40 00:31.826,,0,75 08:52.697,4,0,0,0,67301,0,0,0,N,0,0,0,3,67301,1,,1,1,,N,N,,0,,0,0,0,0,0,,650,1,2,0,0,0,0,0,3,4,0,2,3,,N,,,,,,,,,,,
2009067495,1538.0,1,0,0,0,0,0,0,0,0,8,0,,67,4,2009,7,40.0114,-75.1389,1534.0,6,0,0,0,0,1,0,0,0,,0,0,0,15,1,1,0,,0,40 00:40.863,,0,75 08:19.932,3,0,0,0,67301,1,0,0,,1,0,0,2,67301,0,,1,1,,,,,0,,1,0,0,0,0,,1535,1,2,0,0,0,0,0,3,4,0,1,3,,N,,,,,,,,,,,
2009067504,930.0,1,0,0,1,0,0,0,0,0,2,0,,67,4,2009,4,39.9515,-75.2007,927.0,6,0,0,0,0,0,1,0,0,,0,0,0,8,1,1,2,,0,39 57:05.248,,0,75 12:02.699,4,0,0,0,67301,1,0,0,N,0,0,0,2,67301,1,,1,1,,N,N,,0,,0,0,0,3,2,,845,1,2,0,0,0,0,0,3,4,0,1,3,,N,,,,,,,,,,,
2009064619,826.0,2,0,0,0,0,0,0,0,0,1,0,,67,5,2009,2,40.0111,-75.0618,824.0,6,0,0,0,0,0,1,0,0,,0,0,0,8,1,0,0,,0,40 00:39.960,,0,75 03:42.840,0,0,0,0,67301,0,0,0,N,0,0,0,2,68K01,0,,1,1,,N,N,,0,,0,0,0,0,0,,820,0,2,0,0,0,0,0,3,4,0,2,3,,N,,,,,,,,,,,
2009064896,1859.0,1,0,0,0,0,0,0,0,0,8,0,,67,5,2009,3,40.0301,-75.1738,1857.0,6,0,0,0,0,0,0,1,0,,0,0,0,18,1,1,0,,0,40 01:48.302,,0,75 10:25.568,8,0,0,0,67301,1,0,0,,1,0,0,2,67301,0,,1,1,,N,N,,0,,0,0,0,0,0,,1855,1,2,0,0,0,1,0,3,4,0,1,3,,N,,,,,,,,,,,
2009057253,1524.0,2,0,0,0,0,0,0,0,0,4,0,,67,4,2009,5,40.0028,-75.223,1518.0,6,0,0,0,0,0,1,0,0,,0,0,0,15,1,1,0,,0,40 00:13.901,,7,75 13:14.773,8,0,0,0,67301,0,0,0,N,0,0,0,3,67301,0,,1,1,,N,N,,0,,0,0,0,0,0,,1515,1,2,0,0,0,1,0,3,4,0,2,3,,N,,,,,,,,,,,
2009120801,237.0,2,0,0,0,0,0,0,0,0,4,0,,67,10,2009,1,40.0588,-75.1865,229.0,6,0,0,0,0,0,0,0,0,,0,0,0,2,3,1,0,,0,40 03:31.732,,0,75 11:11.483,8,0,0,0,67301,0,0,0,N,0,0,0,2,67301,0,,6,9,,N,N,,0,,0,0,0,0,0,,220,1,2,0,0,0,1,0,3,4,0,2,3,,N,,,,,,,,,,,
2009120803,300.0,0,0,0,0,0,0,0,0,0,4,0,,67,10,2009,7,39.9637,-75.1589,257.0,6,0,0,0,0,0,0,0,0,,0,0,0,2,3,1,1,,0,39 57:49.618,,0,75 09:31.963,4,0,0,0,67301,1,0,0,N,1,0,0,2,67301,1,,1,1,,N,N,,0,,0,0,1,3,2,,257,1,2,0,0,0,0,0,3,4,0,1,3,,N,,,,,,,,,,,
2009118887,2000.0,1,0,0,0,0,0,0,0,0,8,0,,67,10,2009,7,39.9909,-75.1016,1947.0,6,0,0,0,0,0,0,0,0,,0,0,0,19,3,1,1,,0,39 59:27.381,,0,75 06:05.712,4,0,0,0,67301,1,0,0,,1,0,0,2,67301,1,,1,9,,,,,0,,0,0,0,3,2,,1917,1,2,0,0,0,0,0,3,4,0,1,7,,N,,,,,,,,,,,
2009085929,805.0,0,0,0,0,0,0,0,0,0,8,0,,67,7,2009,4,39.9543,-75.1918,803.0,6,0,0,0,0,0,0,0,0,,0,0,0,8,1,1,1,,0,39 57:15.606,,0,75 11:30.315,8,0,0,0,67301,1,0,0,N,1,0,0,2,67301,0,,1,1,,N,N,,1,,0,0,0,3,2,,803,1,2,0,0,0,1,0,3,4,0,1,3,,N,,,,,,,,,,,