CRN,ARRIVAL_TM,AUTOMOBILE_COUNT,BELTED_DEATH_COUNT,BELTED_SUSP_SERIOUS_INJ_COUNT,BICYCLE_COUNT,BICYCLE_DEATH_COUNT,BICYCLE_SUSP_SERIOUS_INJ_COUNT,BUS_COUNT,CHLDPAS_DEATH_COUNT,CHLDPAS_SUSP_SERIOUS_INJ_COUNT,COLLISION_TYPE,COMM_VEH_COUNT,CONS_ZONE_SPD_LIM,COUNTY,CRASH_MONTH,CRASH_YEAR,DAY_OF_WEEK,DEC_LAT,DEC_LONG,DISPATCH_TM,DISTRICT,DRIVER_COUNT_16YR,DRIVER_COUNT_17YR,DRIVER_COUNT_18YR,DRIVER_COUNT_19YR,DRIVER_COUNT_20YR,DRIVER_COUNT_50_64YR,DRIVER_COUNT_65_74YR,DRIVER_COUNT_75PLUS,EST_HRS_CLOSED,FATAL_COUNT,HEAVY_TRUCK_COUNT,HORSE_BUGGY_COUNT,HOUR_OF_DAY,ILLUMINATION,INJURY_COUNT,INTERSECT_TYPE,INTERSECTION_RELATED,LANE_CLOSED,LATITUDE,LN_CLOSE_DIR,LOCATION_TYPE,LONGITUDE,MAX_SEVERITY_LEVEL,MCYCLE_DEATH_COUNT,MCYCLE_SUSP_SERIOUS_INJ_COUNT,MOTORCYCLE_COUNT,MUNICIPALITY,NONMOTR_COUNT,NONMOTR_DEATH_COUNT,NONMOTR_SUSP_SERIOUS_INJ_COUNT,NTFY_HIWY_MAINT,PED_COUNT,PED_DEATH_COUNT,PED_SUSP_SERIOUS_INJ_COUNT,PERSON_COUNT,POLICE_AGCY,POSSIBLE_INJ_COUNT,RDWY_SURF_TYPE_CD,RELATION_TO_ROAD,ROAD_CONDITION,ROADWAY_CLEARED,SCH_BUS_IND,SCH_ZONE_IND,SECONDARY_CRASH,SMALL_TRUCK_COUNT,SPEC_JURIS_CD,SUSP_MINOR_INJ_COUNT,SUSP_SERIOUS_INJ_COUNT,SUV_COUNT,TCD_FUNC_CD,TCD_TYPE,TFC_DETOUR_IND,TIME_OF_DAY,TOT_INJ_COUNT,TOTAL_UNITS,UNB_DEATH_COUNT,UNB_SUSP_SERIOUS_INJ_COUNT,UNBELTED_OCC_COUNT,UNK_INJ_DEG_COUNT,UNK_INJ_PER_COUNT,URBAN_AREA,URBAN_RURAL,VAN_COUNT,VEHICLE_COUNT,WEATHER1,WEATHER2,WORK_ZONE_IND,WORK_ZONE_LOC,WORK_ZONE_TYPE,WORKERS_PRES,WZ_CLOSE_DETOUR,WZ_FLAGGER,WZ_LAW_OFFCR_IND,WZ_LN_CLOSURE,WZ_MOVING,WZ_OTHER,WZ_SHLDER_MDN,WZ_WORKERS_INJ_KILLED
2009083366,1825.0,1,0,0,0,0,0,0,0,0,4,0,,67,7,2009,4,40.0368,-75.0692,1820.0,6,0,0,0,0,0,0,0,0,,0,0,0,18,4,1,1,,0,40 02:12.433,,0,75 04:09.245,3,0,0,0,67301,0,0,0,N,0,0,0,2,67301,0,,1,9,,N,N,,1,,1,0,0,3,3,,1819,1,2,0,0,0,0,1,3,4,0,2,7,,N,,,,,,,,,,,
2009065835,1309.0,1,0,0,0,0,0,0,0,0,4,0,,67,5,2009,5,39.9876,-75.1296,1309.0,6,0,0,0,0,0,1,0,0,,0,0,0,12,1,0,1,,0,39 59:15.241,,0,75 07:46.639,0,0,0,0,67301,0,0,0,,0,0,0,2,67301,0,,1,9,,,,,1,,0,0,0,3,2,,1226,0,2,0,0,0,0,0,3,4,0,2,7,,N,,,,,,,,,,,
2009086064,1800.0,1,0,0,0,0,0,0,0,0,8,0,,67,8,2009,6,39.9574,-75.1571,1800.0,6,0,0,0,0,0,0,0,0,,0,0,0,18,1,1,1,,0,39 57:26.638,,0,75 09:25.499,4,0,0,0,67301,1,0,0,,1,0,0,2,67301,1,,1,1,,,,,0,,0,0,0,3,2,,1800,1,2,0,0,1,0,0,3,4,0,1,3,,N,,,,,,,,,,,
2009086507,1258.0,2,0,0,0,0,0,0,0,0,4,0,,67,8,2009,1,39.9358,-75.2286,1252.0,6,0,0,0,0,0,0,1,0,,0,0,0,12,1,0,1,,0,39 56:08.815,,0,75 13:42.823,9,0,0,0,67301,0,0,0,N,0,0,0,2,67301,0,,1,9,,N,N,,0,,0,0,0,0,0,,1250,0,2,0,0,0,0,1,3,4,0,2,7,,N,,,,,,,,,,,
2009078780,612.0,1,0,0,0,0,0,0,0,0,4,0,,67,7,2009,4,39.9972,-75.1802,609.0,6,0,0,0,0,0,1,0,0,,0,0,0,6,1,1,1,,0,39 59:50.115,,0,75 10:48.664,4,0,0,0,67301,0,0,0,N,0,0,0,2,67301,1,,1,1,,N,N,,1,,0,0,0,3,2,,600,1,2,0,0,0,0,0,3,4,0,2,3,,N,,,,,,,,,,,
2009078833,1811.0,2,0,0,0,0,0,0,0,0,4,0,,67,7,2009,5,39.9804,-75.1709,1811.0,6,0,0,0,0,0,0,0,0,2.0,0,0,0,17,1,3,1,,1,39 58:49.322,7.0,0,75 10:15.323,8,0,0,0,67301,0,0,0,N,0,0,0,3,67301,0,,1,1,,N,N,,0,,0,0,0,2,2,Y,1741,3,2,0,0,0,3,0,3,4,0,2,3,,N,,,,,,,,,,,
2009084092,1850.0,1,0,0,0,0,0,0,0,0,8,0,,67,4,2009,3,40.046,-75.1314,9999.0,6,0,0,0,0,0,0,0,0,,0,0,0,18,1,1,0,,0,40 02:45.509,,0,75 07:52.944,2,0,0,0,67301,1,0,1,,1,0,1,2,67301,0,,1,1,,,,,0,,0,1,0,0,0,,1845,1,2,0,0,0,0,0,3,4,0,1,3,,N,,,,,,,,,,,
2009084269,2307.0,0,0,0,0,0,0,0,0,0,8,0,,67,7,2009,7,39.9675,-75.1813,2245.0,6,0,0,0,0,0,0,0,0,4.0,1,0,0,22,3,0,0,,2,39 58:03.428,5.0,0,75 10:53.493,1,0,0,0,67301,2,1,0,N,2,1,0,3,67301,0,2.0,1,9,,N,N,,0,0.0,0,0,1,0,0,Y,2240,0,3,0,0,0,0,0,3,4,0,1,7,,N,,,,,,,,,,,
2009078863,112.0,2,0,0,0,0,0,0,0,0,4,0,,67,7,2009,7,39.9478,-75.2261,110.0,6,0,0,0,0,0,2,0,0,,0,0,0,0,3,1,2,,0,39 56:51.981,,0,75 13:33.808,8,0,0,0,67301,0,0,0,N,0,0,0,3,67301,0,,1,1,,N,N,,0,,0,0,0,3,3,,40,1,2,0,0,0,1,0,3,4,0,2,3,,N,,,,,,,,,,,
2009078865,1800.0,2,0,0,0,0,0,0,0,0,1,0,,67,7,2009,5,39.9172,-75.2463,1758.0,6,0,0,0,0,0,0,0,0,,0,0,0,13,1,2,1,,0,39 55:01.859,,0,75 14:46.691,4,0,0,0,67301,0,0,0,N,0,0,0,3,67301,2,,2,1,,N,N,,0,,0,0,0,3,2,,1325,2,2,0,0,0,0,0,3,4,0,2,3,,N,,,,,,,,,,,
2009076334,40.0,0,0,0,0,0,0,0,0,0,7,0,,67,7,2009,1,39.9778,-75.2016,35.0,6,0,0,0,0,0,1,0,0,2.0,0,0,0,0,3,2,0,,2,39 58:42.600,3.0,0,75 12:09.720,4,0,0,0,67301,0,0,0,N,0,0,0,2,68K01,2,,4,8,,N,N,,0,,0,0,1,0,0,Y,30,2,1,0,0,0,0,0,3,4,0,1,7,,N,,,,,,,,,,,
2009079110,1320.0,1,0,0,0,0,0,0,0,0,8,0,,67,6,2009,6,40.0506,-75.1847,1315.0,6,0,0,0,0,0,1,0,0,,0,0,0,13,1,1,1,,0,40 03:02.269,,0,75 11:04.880,8,0,0,0,67301,1,0,0,N,1,0,0,2,67301,0,,1,1,,N,N,,0,,0,0,0,0,0,,1312,1,2,0,0,0,1,0,3,4,0,1,3,,N,,,,,,,,,,,
2009079307,2205.0,5,0,0,0,0,0,0,0,0,4,0,,67,6,2009,3,40.0201,-75.1378,2200.0,6,0,0,0,0,0,0,0,0,,0,0,0,22,3,0,1,,0,40 01:12.273,,0,75 08:16.069,0,0,0,0,67301,0,0,0,N,0,0,0,3,67301,0,,1,1,,N,N,,0,,0,0,0,3,3,,2200,0,5,0,0,0,0,0,3,4,0,5,3,,N,,,,,,,,,,,
2009079459,1511.0,1,0,0,0,0,0,0,0,0,7,0,,67,8,2009,1,39.945,-75.1908,1507.0,6,0,0,0,0,0,0,0,0,2.0,0,0,0,15,1,0,0,,2,39 56:45.084,4.0,0,75 11:22.843,0,0,0,0,67301,0,0,0,N,0,0,0,2,68K01,0,,2,1,,N,N,,0,,0,0,0,0,0,N,1505,0,1,0,0,0,0,0,3,4,0,1,3,,N,,,,,,,,,,,
2009079270,1736.0,2,0,0,0,0,0,0,0,0,4,0,,67,7,2009,6,40.0392,-75.11,1733.0,6,0,0,0,0,0,0,0,0,,0,0,0,17,1,3,1,,0,40 02:20.942,,0,75 06:36.006,4,0,0,0,67301,0,0,0,N,0,0,0,4,67301,3,,1,1,,N,N,,0,,0,0,0,3,2,,1732,3,2,0,0,0,0,0,3,4,0,2,3,,N,,,,,,,,,,,
2009069106,14.0,2,0,0,0,0,0,0,0,0,1,0,,67,6,2009,6,39.9573,-75.1578,13.0,6,0,0,0,0,0,1,0,0,2.0,0,0,0,0,3,1,0,,1,39 57:26.417,4.0,0,75 09:28.219,4,0,0,0,67301,0,0,0,N,0,0,0,2,68K01,1,,1,1,,N,N,,0,,0,0,0,0,0,N,9,1,2,0,0,0,0,0,3,4,0,2,3,,N,,,,,,,,,,,
2009074333,1316.0,2,0,0,0,0,0,0,0,0,1,0,,67,6,2009,2,40.1113,-75.0242,1310.0,6,0,0,0,0,0,1,0,0,,0,0,0,13,1,1,0,,0,40 06:40.535,,0,75 01:27.082,4,0,0,0,67301,0,0,0,,0,0,0,2,67301,1,,1,1,,N,N,,0,,0,0,0,0,0,,1309,1,2,0,0,0,0,0,3,4,0,2,3,,N,,,,,,,,,,,
2009071629,1310.0,4,0,0,0,0,0,0,0,0,1,0,,67,6,2009,3,40.054,-75.0489,1300.0,6,0,0,0,0,0,0,1,0,1.0,0,0,0,12,1,1,1,,2,40 03:14.351,1.0,0,75 02:56.006,8,0,0,0,67301,0,0,0,,0,0,0,6,67301,0,,1,1,,,,,1,,0,0,0,3,2,Y,1258,1,5,0,0,5,1,0,3,4,0,5,3,,N,,,,,,,,,,,
2009074442,1800.0,1,0,0,0,0,0,0,0,0,8,0,,67,6,2009,5,39.9526,-75.2184,1757.0,6,0,0,0,0,0,0,0,0,,0,0,0,17,1,1,1,,0,39 57:09.244,,0,75 13:06.157,8,0,0,0,67301,1,0,0,N,1,0,0,2,67301,0,,1,9,,N,N,,0,,0,0,0,3,3,,1754,1,2,0,0,0,1,0,3,4,0,1,7,,N,,,,,,,,,,,
2009072084,926.0,5,0,0,0,0,0,0,0,0,5,0,,67,6,2009,3,40.0097,-75.1528,923.0,6,0,0,0,0,0,1,0,0,1.0,0,0,0,9,1,1,0,,2,40 00:34.831,2.0,0,75 09:10.044,4,0,0,0,67301,0,0,0,N,0,0,0,1,67301,1,,1,1,,N,N,,0,,0,0,0,0,0,Y,921,1,5,0,0,0,0,0,3,4,0,5,3,,N,,,,,,,,,,,
2009066766,2250.0,2,0,0,0,0,0,0,0,0,1,0,,67,6,2009,5,39.8992,-75.1675,2244.0,6,0,0,0,0,0,1,0,0,2.0,0,0,0,22,3,2,0,,1,39 53:58.032,2.0,0,75 09:54.429,4,0,0,0,67301,0,0,0,N,0,0,0,2,68K01,2,,1,9,,N,N,,0,,0,0,0,0,0,Y,2240,2,2,0,0,0,0,0,3,4,0,2,7,,N,,,,,,,,,,,
2009080229,1825.0,1,0,0,0,0,0,0,0,0,1,0,,67,5,2009,6,40.0073,-75.2004,1806.0,6,0,0,0,0,0,2,0,0,,0,0,0,17,1,0,0,,0,40 00:25.371,,0,75 11:59.304,0,0,0,0,67301,0,0,0,N,0,0,0,4,68K01,0,,1,8,,N,N,,0,,0,0,1,0,0,,1759,0,2,0,0,0,0,0,3,4,0,2,7,,N,,,,,,,,,,,
2009080234,112.0,0,0,0,0,0,0,0,0,0,7,0,,67,7,2009,4,40.0101,-75.064,106.0,6,0,0,0,0,0,0,0,0,1.0,0,0,0,1,3,1,0,,1,40 00:36.000,2.0,0,75 03:50.760,4,0,0,0,67301,0,0,0,N,0,0,0,1,68K01,1,,2,1,,N,N,,1,,0,0,0,0,0,N,104,1,1,0,0,0,0,0,3,4,0,1,3,,N,,,,,,,,,,,
2009067904,959.0,0,0,0,0,0,0,0,0,0,0,0,,67,7,2009,4,39.9465,-75.1424,954.0,6,0,0,0,0,0,1,0,0,1.0,0,0,0,9,1,2,0,,1,39 56:47.400,2.0,0,75 08:32.640,4,0,0,0,67301,0,0,0,N,0,0,0,2,68K01,2,,1,1,,N,N,,0,,0,0,1,0,0,N,951,2,1,0,0,0,0,0,3,4,0,1,3,,N,,,,,,,,,,,
2009058109,2330.0,0,0,0,0,0,0,0,0,0,7,0,,67,6,2009,6,39.9425,-75.1432,2311.0,6,0,0,0,0,0,0,0,0,1.0,0,0,0,23,3,0,0,,1,39 56:33.000,2.0,0,75 08:35.520,0,0,0,0,67301,0,0,0,N,0,0,0,1,68K01,0,,2,9,,N,N,,0,,0,0,1,0,0,N,2309,0,1,0,0,0,0,0,3,4,0,1,7,,N,,,,,,,,,,,
2009055608,1244.0,2,0,0,0,0,0,0,0,0,4,0,,67,5,2009,4,39.9233,-75.1581,1241.0,6,0,0,0,0,1,0,1,0,,0,0,0,12,1,1,1,,0,39 55:24.056,,0,75 09:29.091,4,0,0,0,67301,1,0,0,,1,0,0,3,67301,1,,1,1,,,,,0,,0,0,0,3,3,,1238,1,3,0,0,0,0,0,3,4,0,2,3,,N,,,,,,,,,,,
2009060993,2028.0,1,0,0,0,0,0,0,0,0,7,0,,67,3,2009,6,40.0259,-75.198,2024.0,6,0,0,0,0,0,0,0,0,,0,0,0,20,3,0,0,,0,40 01:33.291,,0,75 11:52.871,0,0,0,0,67301,0,0,0,,0,0,0,1,67301,0,,5,1,,,,,0,,0,0,0,0,0,,2023,0,1,0,0,0,0,0,3,4,0,1,3,,N,,,,,,,,,,,
2009092917,2045.0,1,0,0,0,0,0,0,0,0,8,0,,67,8,2009,7,40.0202,-75.1141,2040.0,6,0,0,0,0,0,0,0,0,,0,0,0,20,3,1,1,,0,40 01:13.222,,0,75 06:50.843,8,0,0,0,67301,1,0,0,N,1,0,0,2,67301,0,,1,9,,N,N,,0,,0,0,0,3,2,,2040,1,2,0,0,0,1,0,3,4,0,1,7,,N,,,,,,,,,,,
2009093005,2100.0,1,0,0,0,0,0,0,0,0,7,0,,67,8,2009,3,40.0471,-75.2069,2052.0,6,0,0,0,0,0,0,0,0,,0,0,0,20,2,4,3,,0,40 02:49.471,,0,75 12:24.965,3,0,0,0,67301,0,0,0,N,0,0,0,4,67301,3,,4,1,,N,N,,0,,1,0,0,0,0,,2038,4,1,0,0,0,0,0,3,4,0,1,3,,N,,,,,,,,,,,
2009093031,1530.0,1,0,0,0,0,0,0,0,0,8,0,,67,8,2009,5,39.9592,-75.2192,1530.0,6,0,0,0,0,0,0,0,0,,0,0,0,11,1,1,2,,0,39 57:33.231,,0,75 13:09.044,8,0,0,0,67301,1,0,0,N,1,0,0,2,67301,0,,1,1,,N,N,,0,,0,0,0,9,2,,1100,1,2,0,0,0,1,1,3,4,0,1,3,,N,,,,,,,,,,,
2009067228,906.0,2,0,0,0,0,0,0,0,0,5,0,,67,6,2009,6,39.953,-75.203,900.0,6,0,0,0,0,0,0,0,0,,0,0,0,8,1,0,0,,0,39 57:10.787,,0,75 12:10.835,0,0,0,0,67301,0,0,0,N,0,0,0,3,67301,0,,1,9,,N,N,,0,,0,0,0,0,0,,853,0,2,0,0,0,0,0,3,4,0,2,3,,N,,,,,,,,,,,
2009072389,1240.0,1,0,0,0,0,0,0,0,0,7,0,,67,6,2009,7,40.0163,-75.203,1234.0,6,0,0,0,0,0,0,0,0,,0,0,0,12,1,1,0,,0,40 00:58.829,,0,75 12:10.719,3,0,0,0,67301,0,0,0,N,0,0,0,1,67301,0,,2,9,,N,N,,0,,1,0,0,0,0,,1234,1,1,0,0,0,0,0,3,4,0,1,7,,N,,,,,,,,,,,
2009066937,1545.0,1,0,0,0,0,0,0,0,0,1,0,,67,6,2009,6,40.1231,-75.0156,1543.0,6,0,0,0,0,0,0,0,1,1.0,0,0,0,15,1,1,0,,1,40 07:23.059,1.0,0,75 00:56.110,4,0,0,0,67301,0,0,0,N,0,0,0,3,67301,1,,1,1,,N,N,,0,,0,0,1,0,0,N,1530,1,2,0,0,0,0,0,3,4,0,2,3,,N,,,,,,,,,,,
2009067448,1324.0,2,0,0,0,0,0,0,0,0,2,0,,67,6,2009,6,39.9213,-75.1935,1320.0,6,0,0,0,0,0,1,0,0,1.0,0,0,0,13,1,1,0,,1,39 55:16.646,4.0,7,75 11:36.520,4,0,0,0,67301,0,0,0,N,0,0,0,2,67301,1,,1,9,,N,N,,0,,0,0,0,0,0,N,1310,1,2,0,0,0,0,0,3,4,0,2,7,,N,,,,,,,,,,,
2009067473,2239.0,1,0,0,0,0,0,0,0,0,8,0,,67,5,2009,1,39.992,-75.1402,2235.0,6,0,0,0,0,0,1,0,0,,0,0,0,22,3,1,1,,0,39 59:31.697,,0,75 08:24.775,3,0,0,0,67301,1,0,0,,1,0,0,2,67301,0,,1,1,,,,,0,,1,0,0,3,2,,2230,1,2,0,0,0,0,0,3,4,0,1,3,,N,,,,,,,,,,,
2009065157,1016.0,2,0,0,0,0,0,0,0,0,4,0,,67,5,2009,3,40.0137,-75.0973,1011.0,6,0,0,0,1,0,0,0,1,,0,0,0,10,1,3,1,,0,40 00:49.805,,0,75 05:50.374,4,0,0,0,67301,0,0,0,,0,0,0,3,67301,2,,1,1,,,,,0,,0,0,0,3,2,,1005,3,2,0,0,0,1,0,3,4,0,2,3,,N,,,,,,,,,,,
2009084117,303.0,2,0,0,0,0,0,0,0,0,2,0,,67,7,2009,6,39.9814,-75.1426,300.0,6,0,0,0,0,0,0,0,0,,0,0,0,3,3,1,1,,0,39 58:52.935,,0,75 08:33.241,4,0,0,0,67301,0,0,0,,0,0,0,2,67301,1,,1,1,,,,,0,,0,0,0,3,2,,300,1,2,0,0,0,0,0,3,4,0,2,3,,N,,,,,,,,,,,
2009065236,935.0,1,0,0,0,0,0,0,0,0,8,0,,67,5,2009,6,39.9563,-75.1708,929.0,6,0,0,0,0,0,1,0,0,,0,0,0,9,1,1,1,,0,39 57:22.741,,0,75 10:15.056,8,0,0,0,67301,1,0,0,,1,0,0,2,67301,0,,1,1,,N,N,,0,,0,0,0,3,3,,926,1,2,0,0,0,1,1,3,4,0,1,3,,N,,,,,,,,,,,
2009111089,1127.0,1,0,0,0,0,0,0,0,0,7,0,,67,10,2009,1,39.9807,-75.2352,1125.0,6,0,0,0,0,0,0,0,0,3.0,0,0,0,11,1,1,0,,2,39 58:50.449,6.0,0,75 14:06.780,8,0,0,0,67301,0,0,0,N,0,0,0,1,67301,0,,6,1,,N,N,,0,,0,0,0,0,0,Y,1124,1,1,0,0,0,1,0,3,4,0,1,3,,N,,,,,,,,,,,
2009111119,1825.0,0,0,0,0,0,0,0,0,0,7,0,,67,10,2009,3,40.0506,-75.0102,1820.0,6,0,0,0,0,1,0,0,0,,0,0,0,18,1,0,0,,0,40 03:02.217,,0,75 00:36.513,0,0,0,0,67301,0,0,0,,0,0,0,1,67301,0,,5,1,,N,N,,0,,0,0,1,0,0,,1800,0,1,0,0,0,0,0,3,4,0,1,3,,N,,,,,,,,,,,
2009120807,1702.0,1,0,0,0,0,0,0,0,0,4,0,,67,10,2009,2,40.0368,-75.1719,1700.0,6,0,0,0,0,0,0,0,0,,0,0,0,15,1,2,2,,0,40 02:12.595,,0,75 10:18.695,8,0,0,0,67301,0,0,0,,0,0,0,3,67301,0,,1,1,,N,N,,0,,0,0,1,3,3,,1556,2,2,0,0,0,2,0,3,4,0,2,3,,N,,,,,,,,,,,
2009118907,2005.0,3,0,0,0,0,0,0,0,0,2,0,,67,10,2009,6,40.0024,-75.1223,2000.0,6,0,0,0,0,0,0,0,0,1.0,0,0,0,19,3,3,2,,2,40 00:08.641,6.0,0,75 07:20.203,3,0,0,0,67301,1,0,0,N,1,0,0,5,67301,2,,1,9,,N,N,,0,,1,0,0,0,0,Y,1930,3,4,0,0,0,0,0,3,4,0,3,7,,N,,,,,,,,,,,
2009058801,758.0,0,0,0,0,0,0,0,0,0,1,0,,67,5,2009,3,40.1094,-74.9943,744.0,6,0,0,0,0,0,0,0,0,1.0,0,0,0,7,1,2,6,,1,40 06:37.508,1.0,2,74 59:34.292,4,0,0,0,67301,0,0,0,N,0,0,0,3,67301,2,,1,9,,N,N,,2,,0,0,0,0,0,N,741,2,2,0,0,0,0,0,3,4,0,2,7,,N,,,,,,,,,,,
2009063900,1837.0,1,0,0,0,0,0,0,0,0,1,0,,67,5,2009,7,40.0071,-75.1406,1833.0,6,0,0,0,0,0,0,0,0,,0,0,0,18,1,1,0,,0,40 00:25.614,,0,75 08:26.304,4,0,0,1,67301,0,0,0,,0,0,0,2,67301,1,,1,1,,,,,0,,0,0,0,0,0,,1830,1,2,0,0,1,0,0,3,4,0,2,3,,N,,,,,,,,,,,
2009056478,346.0,2,0,0,0,0,0,0,0,0,1,0,,67,4,2009,7,40.0199,-75.1503,341.0,6,0,0,0,0,0,0,0,0,2.0,0,0,0,3,3,1,0,,1,40 01:11.651,1.0,0,75 09:01.212,4,0,0,0,67301,0,0,0,,0,0,0,2,67301,1,,1,1,,,,,0,,0,0,0,0,0,N,341,1,2,0,0,0,0,0,3,4,0,2,3,,N,,,,,,,,,,,
2009093485,1558.0,1,0,0,0,0,0,0,0,0,8,0,,67,8,2009,3,40.0166,-75.1472,1556.0,6,0,0,0,0,0,1,0,0,,0,0,0,15,1,1,1,,0,40 00:59.814,,0,75 08:49.815,8,0,0,0,67301,1,0,0,N,1,0,0,2,67301,0,,1,1,,N,N,,0,,0,0,0,9,2,,1555,1,2,0,0,0,1,0,3,4,0,1,3,,N,,,,,,,,,,,
2009093345,1706.0,1,0,0,1,0,0,0,0,0,4,0,,67,8,2009,5,39.9799,-75.1674,1702.0,6,0,0,0,0,0,1,0,0,,0,0,0,16,1,1,1,,0,39 58:47.690,,0,75 10:02.668,8,0,0,0,67301,1,0,0,N,0,0,0,2,67301,0,,1,1,,N,N,,0,,0,0,0,3,2,,1650,1,2,0,0,0,1,0,3,4,0,1,3,,N,,,,,,,,,,,
2009093293,1825.0,1,0,0,0,0,0,0,0,0,8,0,,67,8,2009,7,39.9198,-75.2297,1820.0,6,0,0,0,0,0,0,0,0,,0,0,0,18,4,1,0,,0,39 55:11.121,,0,75 13:47.017,3,0,0,0,67301,1,0,0,N,1,0,0,2,67301,0,,1,1,,N,N,,0,,1,0,0,0,0,,1815,1,2,0,0,1,0,0,3,4,0,1,3,,N,,,,,,,,,,,
2009065820,935.0,2,0,0,0,0,0,0,0,0,1,0,,67,5,2009,7,40.0532,-75.1499,925.0,6,0,0,0,0,0,0,0,0,,0,0,0,9,1,3,0,,0,40 03:11.664,,0,75 08:59.634,4,0,0,0,67301,0,0,0,N,0,0,0,4,67301,3,,1,1,,N,N,,0,,0,0,0,3,2,,915,3,2,0,0,1,0,0,3,4,0,2,3,,N,,,,,,,,,,,
2009083499,609.0,1,0,0,0,0,0,0,0,0,5,0,,67,7,2009,7,39.9743,-75.2034,606.0,6,0,0,0,1,0,0,0,0,,0,0,0,6,1,1,0,,0,39 58:27.328,,0,75 12:12.383,4,0,0,0,67301,0,0,0,N,0,0,0,2,67301,1,,1,1,,N,N,,0,,0,0,1,0,0,,606,1,2,0,0,0,0,0,3,4,0,2,3,,N,,,,,,,,,,,
2009065607,0.0,0,0,0,1,0,0,0,0,0,5,0,,67,5,2009,6,39.9525,-75.177,0.0,6,0,0,0,0,0,0,0,0,,0,0,0,9,1,1,1,,0,39 57:08.958,,0,75 10:37.001,8,0,0,0,67301,1,0,0,N,0,0,0,2,00000,0,,1,1,,N,N,,0,,0,0,0,9,9,,930,1,2,0,0,0,1,0,3,4,0,1,3,,N,,,,,,,,,,,
2009065838,448.0,2,0,0,0,0,0,0,0,0,8,0,,67,5,2009,7,40.016,-75.1497,445.0,6,0,0,0,0,0,0,0,0,,0,0,0,4,3,1,0,,0,40 00:57.720,,0,75 08:58.763,8,0,0,0,67301,1,0,0,N,1,0,0,2,67301,0,,1,9,,N,N,,0,,0,0,0,0,0,,445,1,3,0,0,1,1,0,3,4,0,2,7,,N,,,,,,,,,,,
2009086002,1351.0,2,0,0,0,0,0,0,0,0,5,0,,67,7,2009,4,40.0588,-75.1577,1345.0,6,0,1,0,0,0,1,0,0,,0,0,0,12,1,0,2,,0,40 03:31.658,,0,75 09:27.874,0,0,0,0,67301,0,0,0,N,0,0,0,2,67301,0,,1,1,,N,N,,0,,0,0,0,3,3,,1230,0,2,0,0,0,0,0,3,4,0,2,3,,N,,,,,,,,,,,
2009086044,2050.0,1,0,0,0,0,0,0,0,0,8,0,,67,8,2009,6,39.9263,-75.1845,2045.0,6,0,0,0,0,0,0,0,0,,0,0,0,20,3,1,1,,0,39 55:34.561,,0,75 11:03.741,4,0,0,0,67301,1,0,0,N,1,0,0,2,67301,1,,1,1,,N,N,,0,,0,0,0,9,2,,2040,1,2,0,0,0,0,0,3,4,0,1,3,,N,,,,,,,,,,,
2009086097,1130.0,1,0,0,0,0,0,0,0,0,8,0,,67,7,2009,4,39.9408,-75.1695,1124.0,6,0,0,0,0,0,0,0,0,,0,0,0,99,1,1,0,,0,39 56:26.869,,0,75 10:10.124,8,0,0,0,67301,1,0,0,,1,0,0,2,67301,0,,6,1,,N,,,0,,0,0,0,0,0,,9999,1,2,0,0,0,1,0,3,4,0,1,3,,N,,,,,,,,,,,
2009078295,816.0,2,0,0,0,0,0,0,0,0,1,0,,67,7,2009,3,40.0537,-74.9859,812.0,6,0,0,0,0,0,0,0,0,,0,0,0,8,1,0,0,,0,40 03:13.680,,0,74 59:08.880,0,0,0,0,67301,0,0,0,N,0,0,0,2,68K01,0,,1,9,,N,N,,0,,0,0,0,0,0,,812,0,2,0,0,0,0,0,3,4,0,2,7,,N,,,,,,,,,,,
2009065765,544.0,1,0,0,0,0,0,0,0,0,7,0,,67,4,2009,7,40.0237,-75.0335,536.0,6,0,0,0,0,0,0,0,0,,0,0,0,5,5,2,0,,0,40 01:24.960,,0,75 02:00.240,3,0,0,0,67301,0,0,0,N,0,0,0,2,68K01,1,,2,1,,N,N,,0,,1,0,0,0,0,,530,2,1,0,0,1,0,0,3,4,0,1,3,,N,,,,,,,,,,,
2009083869,932.0,0,0,0,0,0,0,0,0,0,8,0,,67,7,2009,6,40.0036,-75.1323,930.0,6,0,0,0,0,0,0,0,0,,0,0,0,9,1,1,1,,0,40 00:13.024,,0,75 07:56.150,4,0,0,0,67301,1,0,0,N,1,0,0,2,67301,1,,1,1,,N,N,,0,,0,0,0,3,2,,915,1,2,0,0,0,0,0,3,4,1,1,3,,N,,,,,,,,,,,
2009076335,303.0,0,0,0,0,0,0,0,0,0,7,0,,67,7,2009,1,39.9579,-75.1618,258.0,6,0,0,0,0,0,0,0,0,1.0,0,0,0,2,3,0,0,,1,39 57:28.440,4.0,0,75 09:42.480,0,0,0,0,67301,0,0,0,N,0,0,0,1,68K01,0,,5,9,,N,N,,0,,0,0,1,0,0,N,255,0,1,0,0,0,0,0,3,4,0,1,7,,N,,,,,,,,,,,