CRN,ARRIVAL_TM,AUTOMOBILE_COUNT,BELTED_DEATH_COUNT,BELTED_SUSP_SERIOUS_INJ_COUNT,BICYCLE_COUNT,BICYCLE_DEATH_COUNT,BICYCLE_SUSP_SERIOUS_INJ_COUNT,BUS_COUNT,CHLDPAS_DEATH_COUNT,CHLDPAS_SUSP_SERIOUS_INJ_COUNT,COLLISION_TYPE,COMM_VEH_COUNT,CONS_ZONE_SPD_LIM,COUNTY,CRASH_MONTH,CRASH_YEAR,DAY_OF_WEEK,DEC_LAT,DEC_LONG,DISPATCH_TM,DISTRICT,DRIVER_COUNT_16YR,DRIVER_COUNT_17YR,DRIVER_COUNT_18YR,DRIVER_COUNT_19YR,DRIVER_COUNT_20YR,DRIVER_COUNT_50_64YR,DRIVER_COUNT_65_74YR,DRIVER_COUNT_75PLUS,EST_HRS_CLOSED,FATAL_COUNT,HEAVY_TRUCK_COUNT,HORSE_BUGGY_COUNT,HOUR_OF_DAY,ILLUMINATION,INJURY_COUNT,INTERSECT_TYPE,INTERSECTION_RELATED,LANE_CLOSED,LATITUDE,LN_CLOSE_DIR,LOCATION_TYPE,LONGITUDE,MAX_SEVERITY_LEVEL,MCYCLE_DEATH_COUNT,MCYCLE_SUSP_SERIOUS_INJ_COUNT,MOTORCYCLE_COUNT,MUNICIPALITY,NONMOTR_COUNT,NONMOTR_DEATH_COUNT,NONMOTR_SUSP_SERIOUS_INJ_COUNT,NTFY_HIWY_MAINT,PED_COUNT,PED_DEATH_COUNT,PED_SUSP_SERIOUS_INJ_COUNT,PERSON_COUNT,POLICE_AGCY,POSSIBLE_INJ_COUNT,RDWY_SURF_TYPE_CD,RELATION_TO_ROAD,ROAD_CONDITION,ROADWAY_CLEARED,SCH_BUS_IND,SCH_ZONE_IND,SECONDARY_CRASH,SMALL_TRUCK_COUNT,SPEC_JURIS_CD,SUSP_MINOR_INJ_COUNT,SUSP_SERIOUS_INJ_COUNT,SUV_COUNT,TCD_FUNC_CD,TCD_TYPE,TFC_DETOUR_IND,TIME_OF_DAY,TOT_INJ_COUNT,TOTAL_UNITS,UNB_DEATH_COUNT,UNB_SUSP_SERIOUS_INJ_COUNT,UNBELTED_OCC_COUNT,UNK_INJ_DEG_COUNT,UNK_INJ_PER_COUNT,URBAN_AREA,URBAN_RURAL,VAN_COUNT,VEHICLE_COUNT,WEATHER1,WEATHER2,WORK_ZONE_IND,WORK_ZONE_LOC,WORK_ZONE_TYPE,WORKERS_PRES,WZ_CLOSE_DETOUR,WZ_FLAGGER,WZ_LAW_OFFCR_IND,WZ_LN_CLOSURE,WZ_MOVING,WZ_OTHER,WZ_SHLDER_MDN,WZ_WORKERS_INJ_KILLED
2009081452,2028.0,3,0,0,0,0,0,0,0,0,4,0,,67,6,2009,2,40.087,-75.047,2024.0,6,0,0,0,0,0,1,0,0,,0,0,0,20,3,1,0,,0,40 05:13.048,,0,75 02:49.340,4,0,0,0,67301,0,0,0,N,0,0,0,1,67301,1,,6,1,,,N,,0,,0,0,0,0,0,,2024,1,3,0,0,0,0,0,3,4,0,3,3,,N,,,,,,,,,,,
2009079299,1345.0,2,0,0,0,0,0,0,0,0,1,0,,67,6,2009,5,39.9652,-75.1948,1345.0,6,0,0,0,0,0,0,0,0,,0,0,0,13,1,1,0,,0,39 57:54.666,,0,75 11:41.201,3,0,0,0,67301,0,0,0,N,0,0,0,1,67301,0,,4,1,,N,N,,0,,1,0,0,0,0,,1340,1,2,0,0,1,0,0,3,4,0,2,3,,N,,,,,,,,,,,
2009078998,2335.0,1,0,0,1,0,0,0,0,0,4,0,,67,7,2009,4,39.9266,-75.167,2330.0,6,0,0,0,0,0,1,0,0,,0,0,0,23,3,1,1,,0,39 55:35.601,,0,75 10:01.358,4,0,0,0,67301,1,0,0,N,0,0,0,2,67301,1,,1,1,,N,N,,0,,0,0,0,3,2,,2320,1,2,0,0,0,0,1,3,4,0,1,3,,N,,,,,,,,,,,
2009079015,1607.0,2,0,0,0,0,0,0,0,0,4,0,,67,7,2009,7,39.9626,-75.2325,1605.0,6,0,0,0,0,0,0,0,0,,0,0,0,16,1,2,1,,0,39 57:45.190,,0,75 13:57.158,4,0,0,0,67301,0,0,0,N,0,0,0,3,67301,2,,1,1,,N,N,,0,,0,0,0,2,3,,1600,2,2,0,0,0,0,0,3,4,0,2,3,,N,,,,,,,,,,,
2009079027,550.0,2,0,0,0,0,0,0,0,0,1,0,,67,7,2009,3,40.0468,-75.1429,545.0,6,0,0,0,0,1,0,0,0,,0,0,0,5,5,2,0,,0,40 02:48.471,,0,75 08:34.556,3,0,0,0,67301,0,0,0,N,0,0,0,2,67301,0,,1,1,,N,N,,0,,2,0,0,3,2,,530,2,2,0,0,0,0,0,3,4,0,2,3,,N,,,,,,,,,,,
2009076571,1350.0,0,0,0,0,0,0,0,0,0,1,0,,67,6,2009,1,39.906,-75.1342,1350.0,6,0,0,0,0,0,0,0,0,,0,0,0,13,1,2,0,,0,39 54:21.732,,3,75 08:02.940,8,0,0,0,67301,0,0,0,,0,0,0,7,67501,0,,1,1,,N,N,,0,,0,0,1,3,8,,1350,2,2,0,0,0,2,0,3,4,1,2,3,,N,,,,,,,,,,,
2009079185,2311.0,2,0,0,0,0,0,0,0,0,2,0,,67,7,2009,3,40.0471,-75.0911,2310.0,6,0,0,0,0,0,0,0,0,,0,0,0,23,3,1,1,,0,40 02:49.411,,0,75 05:27.941,3,0,0,0,67301,0,0,0,N,0,0,0,3,67301,0,,1,1,,N,N,,0,,1,0,0,3,2,,2300,1,2,0,0,0,0,0,3,4,0,2,3,,N,,,,,,,,,,,
2009079198,625.0,1,0,0,1,0,0,0,0,0,8,0,,67,7,2009,2,39.9702,-75.1451,620.0,6,0,0,0,0,0,0,0,0,,0,0,0,6,3,1,1,,0,39 58:12.550,,0,75 08:42.062,4,0,0,0,67301,1,0,0,,0,0,0,2,67301,1,,1,1,,N,N,,0,,0,0,0,2,2,,620,1,2,0,0,0,0,0,3,4,0,1,3,,N,,,,,,,,,,,
2009079247,1950.0,1,0,0,1,0,0,0,0,0,4,0,,67,7,2009,5,39.9874,-75.1002,1949.0,6,0,0,0,0,0,0,0,0,,0,0,0,19,1,1,0,,0,39 59:14.785,,0,75 06:00.554,8,0,0,0,67301,1,0,0,,0,0,0,2,67301,0,,1,1,,,,,0,,0,0,0,0,0,,1945,1,2,0,0,0,1,0,3,4,0,1,3,,N,,,,,,,,,,,
2009071456,1937.0,1,0,0,0,0,0,0,0,0,5,0,,67,6,2009,6,40.0052,-75.1319,1935.0,6,0,0,0,0,0,0,0,0,1.0,0,0,0,19,1,1,0,,2,40 00:18.754,1.0,0,75 07:54.962,3,0,0,1,67301,0,0,0,N,0,0,0,2,67301,0,,1,1,,N,N,,0,,1,0,0,0,0,Y,1930,1,2,0,0,0,0,1,3,4,0,2,3,,N,,,,,,,,,,,
2009074456,9999.0,2,0,0,0,0,0,0,0,0,4,0,,67,6,2009,7,39.9261,-75.2248,9999.0,6,0,0,1,0,0,0,0,0,,0,0,0,10,1,1,1,,0,39 55:33.882,,0,75 13:29.323,4,0,0,0,67301,0,0,0,,0,0,0,3,67301,1,,1,9,,,,,0,,0,0,0,0,0,,1012,1,2,0,0,0,0,2,3,4,0,2,7,,N,,,,,,,,,,,
2009074457,956.0,1,0,0,1,0,0,0,0,0,1,0,,67,6,2009,3,39.9173,-75.2292,950.0,6,0,0,0,0,0,0,0,0,,0,0,0,8,1,1,1,,0,39 55:02.424,,0,75 13:45.191,4,0,0,0,67301,1,0,0,,0,0,0,2,67301,1,,1,9,,,,,0,,0,0,0,0,0,,859,1,2,0,0,0,0,0,3,4,0,1,3,,N,,,,,,,,,,,
2009074488,705.0,2,0,0,0,0,0,0,0,0,1,0,,67,5,2009,3,40.0152,-75.1472,702.0,6,0,0,0,0,0,1,0,0,3.0,0,0,0,7,1,0,1,,2,40 00:54.748,7.0,0,75 08:49.919,0,0,0,0,67301,0,0,0,N,0,0,0,2,67301,0,,1,1,,N,N,,0,,0,0,0,3,2,Y,700,0,2,0,0,0,0,0,3,4,0,2,3,,N,,,,,,,,,,,
2009066633,849.0,2,0,0,0,0,0,0,0,0,4,0,,67,7,2009,5,39.9534,-75.1638,844.0,6,0,0,0,0,0,0,0,0,1.0,0,0,0,8,1,1,1,,1,39 57:12.240,2.0,0,75 09:49.680,4,0,0,0,67301,0,0,0,N,0,0,0,3,46102,1,,1,1,,N,N,,0,,0,0,0,3,2,N,843,1,2,0,0,0,0,0,3,4,0,2,3,,N,,,,,,,,,,,
2009072020,305.0,4,0,0,0,0,0,0,0,0,1,0,,67,6,2009,2,40.0316,-75.1296,303.0,6,0,0,0,0,1,0,0,0,,0,0,0,3,3,0,2,,0,40 01:53.860,,0,75 07:46.736,0,0,0,0,67301,0,0,0,N,0,0,0,1,67301,0,,1,1,,N,N,,0,,0,0,0,0,0,,300,0,4,0,0,1,0,0,3,4,0,4,3,,N,,,,,,,,,,,
2009070048,1406.0,2,0,0,0,0,0,0,0,0,4,0,,67,6,2009,2,40.0552,-75.0041,1401.0,6,0,0,0,0,0,0,0,0,,0,0,0,13,1,1,0,,0,40 03:18.855,,0,75 00:14.716,8,0,0,0,67301,1,0,0,N,0,0,0,2,67301,0,,1,1,,N,N,,0,,0,0,1,0,0,,1335,1,3,0,0,0,1,1,3,4,0,3,3,,N,,,,,,,,,,,
2009067645,1201.0,4,0,0,0,0,0,0,0,0,1,0,,67,5,2009,6,40.0067,-75.1431,2358.0,6,0,0,0,0,0,0,0,0,3.0,0,0,0,23,3,1,1,,1,40 00:24.105,1.0,0,75 08:35.066,8,0,0,0,67301,0,0,0,N,0,0,0,2,67301,0,,1,1,,N,N,,0,,0,0,0,0,0,Y,2331,1,4,0,0,0,1,0,3,4,0,4,3,,N,,,,,,,,,,,
2009073026,1437.0,3,0,0,0,0,0,0,0,0,1,0,,67,7,2009,1,39.9578,-75.1623,1433.0,6,0,0,0,0,0,1,0,0,,0,0,0,14,1,0,0,,0,39 57:28.232,,0,75 09:44.258,0,0,0,0,67301,0,0,0,N,0,0,0,7,68K01,0,,1,1,,N,N,,0,,0,0,0,0,0,,1430,0,3,0,0,0,0,0,3,4,0,3,3,,N,,,,,,,,,,,
2009067804,2259.0,0,0,0,0,0,0,0,0,0,7,0,,67,4,2009,5,39.9877,-75.2079,2259.0,6,0,0,0,0,0,0,0,1,,0,0,0,22,3,0,0,,0,39 59:17.448,,2,75 12:27.157,0,0,0,0,67301,0,0,0,N,0,0,0,1,68K01,0,,1,1,,N,N,,0,,0,0,0,2,3,,2259,0,1,0,0,0,0,0,3,4,1,1,3,,N,,,,,,,,,,,
2009058108,1338.0,1,0,0,0,0,0,0,0,0,5,0,,67,6,2009,5,39.8781,-75.2516,1336.0,6,0,0,0,0,0,0,0,0,1.0,0,0,0,13,1,2,0,,1,39 52:40.990,2.0,0,75 15:05.733,3,0,0,0,67301,0,0,0,Y,0,0,0,4,68K01,1,,1,9,,N,N,,0,,1,0,1,0,0,N,1333,2,2,0,0,0,0,0,3,4,0,2,7,,N,,,,,,,,,,,
2009092921,1420.0,2,0,0,0,0,0,0,0,0,1,0,,67,8,2009,2,40.0031,-75.0775,1406.0,6,0,0,0,0,0,0,0,0,2.0,0,0,0,13,1,3,0,,2,40 00:11.499,1.0,3,75 04:38.809,8,0,0,0,67301,0,0,0,N,0,0,0,11,67301,0,,1,1,,N,N,,0,,0,0,1,0,0,Y,1350,3,3,0,0,0,3,0,3,4,0,3,3,,N,,,,,,,,,,,
2009092924,2345.0,2,0,0,0,0,0,0,0,0,7,0,,67,8,2009,7,39.9412,-75.2108,2335.0,6,0,0,0,0,0,1,0,0,,0,0,0,23,3,1,3,,0,39 56:28.403,,0,75 12:38.456,4,0,0,0,67301,0,0,0,N,0,0,0,2,67301,1,,2,1,,N,N,,0,,0,0,0,3,8,,2300,1,2,0,0,0,0,0,3,4,0,2,3,,N,,,,,,,,,,,
2009092944,2109.0,1,0,0,0,0,0,0,0,0,4,0,,67,8,2009,1,39.9567,-75.2235,2108.0,6,0,0,0,0,0,2,0,0,,0,0,0,21,3,1,1,,0,39 57:24.184,,0,75 13:24.666,8,0,0,0,67301,0,0,0,N,0,0,0,4,67301,0,,1,1,,N,N,,1,,0,0,0,1,2,,2106,1,2,0,0,0,1,0,3,4,0,2,3,,N,,,,,,,,,,,
2009092952,1730.0,2,0,0,0,0,0,0,0,0,1,0,,67,8,2009,3,39.9628,-75.2346,1728.0,6,0,0,0,0,0,0,0,0,,0,0,0,17,1,3,2,,0,39 57:46.033,,0,75 14:04.433,8,0,0,0,67301,0,0,0,N,0,0,0,4,67301,0,,1,1,,N,N,,0,,0,0,0,0,0,,1728,3,2,0,0,0,3,1,3,4,0,2,3,,N,,,,,,,,,,,
2009092956,1520.0,2,0,0,0,0,0,0,0,0,1,0,,67,8,2009,5,39.9725,-75.1435,1515.0,6,0,0,0,1,0,0,0,0,,0,0,0,15,1,3,1,,0,39 58:21.061,,0,75 08:36.700,8,0,0,0,67301,0,0,0,,0,0,0,5,67301,0,,1,9,,N,N,,0,,0,0,0,3,3,,1510,3,2,0,0,0,3,0,3,4,0,2,7,,N,,,,,,,,,,,
2009093027,1750.0,2,0,0,0,0,0,0,0,0,2,0,,67,9,2009,3,40.0567,-75.0469,1741.0,6,0,0,0,0,0,1,0,0,1.0,0,0,0,17,1,3,1,,1,40 03:24.250,2.0,0,75 02:48.711,3,0,0,0,67301,0,0,0,N,0,0,0,3,67301,2,,1,1,,N,N,,0,,1,0,0,3,2,N,1739,3,2,0,0,0,0,0,3,4,0,2,3,,N,,,,,,,,,,,
2009118995,817.0,2,0,0,0,0,0,0,0,0,4,0,,67,10,2009,7,40.0241,-75.1441,815.0,6,0,0,0,0,1,0,0,0,,0,0,0,7,1,1,1,,0,40 01:26.641,,0,75 08:38.835,4,0,0,0,67301,0,0,0,N,0,0,0,2,67301,1,,1,9,,N,N,,0,,0,0,0,3,3,,759,1,2,0,0,0,0,1,3,4,0,2,7,,N,,,,,,,,,,,
2009121052,1738.0,2,0,0,0,0,0,0,0,0,1,0,,67,11,2009,7,39.9446,-75.1913,1735.0,6,0,0,0,0,0,0,0,0,,0,0,0,17,3,2,6,,0,39 56:43.369,,2,75 11:25.410,8,0,0,0,67301,0,0,0,N,0,0,0,5,68K01,0,,1,1,,N,N,,0,,0,0,0,0,0,,1732,2,2,0,0,0,2,0,3,4,0,2,3,,N,,,,,,,,,,,
2009133656,721.0,3,0,0,0,0,0,0,0,0,1,0,,67,12,2009,7,39.9427,-75.1934,718.0,6,0,0,0,0,0,0,0,1,2.0,0,0,0,7,1,2,0,,2,39 56:39.480,3.0,0,75 11:30.840,8,0,0,0,67301,0,0,0,N,0,0,0,3,68K01,0,,1,1,,N,N,,0,,0,0,0,0,0,N,715,2,3,0,0,1,2,0,3,4,0,3,3,,N,,,,,,,,,,,
2009125731,232.0,1,0,0,0,0,0,0,0,0,7,0,,67,11,2009,6,39.9539,-75.1399,231.0,6,0,0,0,0,0,0,0,0,,0,0,0,2,3,0,0,,0,39 57:13.866,,8,75 08:23.599,0,0,0,0,67301,0,0,0,N,0,0,0,1,67501,0,,2,9,,N,N,,0,,0,0,0,0,0,,232,0,1,0,0,0,0,0,3,4,0,1,7,,N,,,,,,,,,,,
2009029871,321.0,1,0,0,0,0,0,0,0,0,1,0,,67,1,2009,6,39.9054,-75.1736,319.0,6,0,0,0,0,0,1,0,0,,0,0,0,3,3,1,1,,0,39 54:19.871,,0,75 10:26.844,8,0,0,0,67301,0,0,0,,0,0,0,2,67301,0,,1,1,,,,,0,,0,0,1,3,2,,311,1,2,0,0,0,1,0,3,4,0,2,3,,N,,,,,,,,,,,
2009049854,2355.0,2,0,0,0,0,0,0,0,0,4,0,,67,4,2009,3,40.0332,-75.0291,2352.0,6,0,0,0,0,0,0,0,0,,0,0,0,23,3,1,1,,0,40 01:59.666,,0,75 01:44.886,8,0,0,0,67301,0,0,0,N,0,0,0,3,67301,0,,1,9,,N,N,,0,,0,0,0,1,2,,2348,1,2,0,0,0,1,1,3,4,0,2,3,,N,,,,,,,,,,,
2009063691,1535.0,2,0,0,0,0,0,0,0,0,1,0,,67,5,2009,5,40.0272,-75.1116,1518.0,6,0,0,0,0,0,0,1,0,1.0,0,0,0,15,1,1,0,,1,40 01:38.042,1.0,0,75 06:41.769,4,0,0,0,67301,0,0,0,N,0,0,0,2,67301,1,,1,1,,N,N,,0,,0,0,0,0,0,N,1517,1,2,0,0,0,0,0,3,4,0,2,3,,N,,,,,,,,,,,
2009071405,1423.0,2,0,0,0,0,0,0,0,0,1,0,,67,6,2009,1,39.9899,-75.1037,1420.0,6,0,0,0,0,1,0,1,0,,0,0,0,14,1,1,0,,0,39 59:23.786,,0,75 06:13.406,3,0,0,0,67301,0,0,0,,0,0,0,4,67301,0,,1,1,,,,,1,,1,0,0,0,0,,1418,1,3,0,0,0,0,0,3,4,0,3,3,,N,,,,,,,,,,,
2009071427,2357.0,1,0,0,0,0,0,0,0,0,1,0,,67,6,2009,6,40.0284,-75.0913,2346.0,6,0,0,0,0,0,0,0,0,2.0,0,0,0,23,3,1,0,,2,40 01:42.156,2.0,0,75 05:28.576,4,0,0,1,67301,0,0,0,,0,0,0,2,67301,1,,1,1,,,,,0,,0,0,0,0,0,N,2346,1,2,0,0,0,0,0,3,4,0,2,3,,N,,,,,,,,,,,
2009063778,1859.0,1,0,0,0,0,0,0,0,0,1,0,,67,5,2009,6,,,1851.0,6,0,0,0,0,1,1,0,0,2.0,0,0,0,18,1,0,0,,2,,4.0,0,,0,0,0,0,67301,0,0,0,N,0,0,0,2,67501,0,,1,1,,N,N,,1,,0,0,0,3,8,N,1850,0,2,0,0,0,0,0,3,3,0,2,3,,N,,,,,,,,,,,
2009063859,2131.0,2,0,0,0,0,0,0,0,0,4,0,,67,5,2009,5,39.9401,-75.1849,2120.0,6,0,0,0,0,0,0,0,0,,0,0,0,21,3,0,1,,0,39 56:24.381,,0,75 11:05.801,0,0,0,0,67301,0,0,0,N,0,0,0,2,67301,0,,1,9,,N,N,,0,,0,0,0,3,2,,2118,0,2,0,0,0,0,0,3,4,0,2,7,,N,,,,,,,,,,,
2009066597,0.0,1,0,0,1,0,0,0,0,0,4,0,,67,4,2009,3,39.9503,-75.1473,0.0,6,0,0,0,0,0,0,0,0,,0,0,0,16,1,1,1,,0,39 57:01.358,,0,75 08:49.932,8,0,0,0,67301,1,0,0,N,0,0,0,2,00000,0,,1,1,,N,N,,0,,0,0,0,3,2,,1600,1,2,0,0,0,1,1,3,4,0,1,3,,N,,,,,,,,,,,
2009056349,1830.0,0,0,0,0,0,0,0,0,0,7,0,,67,4,2009,3,39.9698,-75.2102,1828.0,6,0,0,0,0,0,0,0,0,,0,0,0,18,1,1,1,,0,39 58:11.283,,0,75 12:36.547,2,0,1,1,67301,0,0,0,N,0,0,0,1,67301,0,,5,1,,N,N,,0,,0,1,0,3,3,,1815,1,1,0,0,0,0,0,3,4,0,1,3,,N,,,,,,,,,,,
2009063931,805.0,1,0,0,0,0,0,0,0,0,1,0,,67,5,2009,1,40.0212,-75.1217,801.0,6,0,0,0,0,0,0,0,0,,0,0,0,8,1,2,0,,0,40 01:16.456,,0,75 07:18.127,8,0,0,0,67301,0,0,0,N,0,0,0,2,67301,0,,6,9,,N,N,,0,,0,0,2,0,0,,800,2,3,0,0,0,2,0,3,4,0,3,7,,N,,,,,,,,,,,
2009063961,811.0,1,0,0,0,0,0,1,0,0,4,1,,67,5,2009,7,40.1046,-75.0319,809.0,6,0,0,0,0,0,0,0,0,3.0,0,0,0,8,1,2,0,,1,40 06:16.520,6.0,0,75 01:54.976,4,0,0,0,67301,0,0,0,N,0,0,0,3,67301,2,,1,9,,N,N,,0,,0,0,0,0,0,N,808,2,2,0,0,1,0,0,3,4,0,2,3,,N,,,,,,,,,,,
2009056507,1533.0,1,0,0,0,0,0,0,0,0,8,0,,67,4,2009,5,40.057,-75.0015,1527.0,6,0,0,0,0,0,0,0,0,,0,0,0,14,1,1,0,,0,40 03:25.330,,0,75 00:05.294,4,0,0,0,67301,1,0,0,,1,0,0,3,67301,1,,1,1,,N,N,,0,,0,0,0,3,2,,1458,1,2,0,0,0,0,0,3,4,0,1,3,,N,,,,,,,,,,,
2009056509,1430.0,3,0,0,0,0,0,0,0,0,4,0,,67,4,2009,4,40.0133,-75.1748,1425.0,6,0,0,0,0,0,0,0,0,,0,0,0,14,1,1,0,,0,40 00:47.807,,0,75 10:29.292,8,0,0,0,67301,0,0,0,,0,0,0,1,67301,0,,6,1,,,,,1,,0,0,0,0,0,,1420,1,4,0,0,0,1,0,3,4,0,4,3,,N,,,,,,,,,,,
2009056663,1812.0,1,0,0,0,0,0,0,0,0,7,0,,67,5,2009,2,39.9215,-75.148,1809.0,6,0,0,0,0,0,1,0,0,,0,0,0,18,1,0,0,,0,39 55:15.878,,0,75 08:53.184,0,0,0,0,67301,0,0,0,N,0,0,0,1,68K01,0,,2,9,,N,N,,0,,0,0,0,0,0,,1805,0,1,0,0,0,0,0,3,4,0,1,7,,N,,,,,,,,,,,
2009056666,347.0,1,0,0,0,0,0,0,0,0,5,1,,67,5,2009,5,39.9838,-75.0974,346.0,6,0,0,0,0,0,0,0,0,,0,1,0,3,3,1,0,,0,39 59:01.456,,0,75 05:50.847,4,0,0,0,67301,0,0,0,N,0,0,0,2,68K01,1,,1,9,,N,N,,0,,0,0,0,0,0,,339,1,2,0,0,0,0,0,3,4,0,2,7,,N,,,,,,,,,,,
2009087925,1405.0,2,0,0,0,0,0,0,0,0,1,0,,67,8,2009,2,39.9579,-75.1631,1405.0,6,0,0,0,1,0,0,0,0,,0,0,0,14,1,0,0,,0,39 57:28.572,,0,75 09:47.060,0,0,0,0,67301,0,0,0,N,0,0,0,2,68K01,0,,1,1,,N,N,,0,,0,0,0,0,0,,1405,0,2,0,0,0,0,0,3,4,0,2,3,,N,,,,,,,,,,,
2009085899,2026.0,1,0,0,0,0,0,0,0,0,8,0,,67,8,2009,5,40.1052,-75.0328,2026.0,6,0,0,0,0,0,0,0,0,1.0,0,0,0,20,3,1,1,,2,40 06:18.581,3.0,0,75 01:58.245,8,0,0,0,67301,1,0,0,N,1,0,0,2,67301,0,,1,1,,N,N,,0,,0,0,0,3,2,Y,2026,1,2,0,0,0,1,0,3,4,0,1,3,,N,,,,,,,,,,,
2009085905,1725.0,0,0,0,0,0,0,1,0,0,1,1,,67,7,2009,3,39.8946,-75.2367,1716.0,6,0,0,0,0,0,0,0,0,,0,0,0,16,1,1,1,,0,39 53:40.603,,0,75 14:12.181,3,0,0,0,67301,0,0,0,,0,0,0,3,67301,0,,1,1,,,,,0,,1,0,0,0,0,,1640,1,2,0,0,0,0,0,3,4,0,2,3,,N,,,,,,,,,,,
2009083269,2139.0,2,0,0,0,0,0,0,0,0,1,0,,67,8,2009,3,39.9984,-75.0813,2138.0,6,0,0,1,0,0,0,0,0,,0,0,0,21,3,5,0,,0,39 59:53.880,,0,75 04:52.680,3,0,0,0,67301,0,0,0,N,0,0,0,5,68K01,4,,1,1,,N,N,,0,,1,0,0,0,0,,2135,5,2,0,0,4,0,0,3,4,0,2,3,,N,,,,,,,,,,,
2009079249,830.0,1,0,0,0,0,0,0,0,0,1,0,,67,7,2009,1,40.0181,-75.1345,818.0,6,0,0,0,0,0,1,0,0,,0,0,0,7,1,1,1,,0,40 01:05.185,,0,75 08:04.246,8,0,0,0,67301,0,0,0,N,0,0,0,2,67301,0,,1,1,,N,N,,0,,0,0,1,3,2,,735,1,2,0,0,0,1,0,3,4,0,2,3,,N,,,,,,,,,,,
2009081617,1917.0,2,0,0,0,0,0,0,0,0,8,0,,67,6,2009,3,40.034,-75.0365,1916.0,6,0,0,0,0,0,0,0,0,1.0,0,0,0,19,1,1,0,,1,40 02:02.252,2.0,0,75 02:11.284,3,0,0,0,67301,2,0,0,N,1,0,0,3,67301,0,,1,1,,N,N,,0,,1,0,0,0,0,N,1915,1,3,0,0,0,0,0,3,4,0,2,3,,N,,,,,,,,,,,
2009079139,1626.0,1,0,0,0,0,0,0,0,0,4,0,,67,1,2009,3,39.9397,-75.2229,1626.0,6,0,0,0,0,0,0,0,1,,0,0,0,16,1,1,1,,0,39 56:22.855,,0,75 13:22.544,4,0,0,0,67301,0,0,0,N,0,0,0,3,67301,1,,4,1,,N,N,,0,,0,0,0,3,2,,1625,1,2,0,0,0,0,0,3,4,0,2,3,,N,,,,,,,,,,,
2009079153,1347.0,2,0,0,0,0,0,0,0,0,4,0,,67,6,2009,7,39.9643,-75.2403,1345.0,6,0,0,0,0,0,0,0,0,,0,0,0,13,1,1,0,,0,39 57:51.451,,0,75 14:25.108,4,0,0,0,67301,0,0,0,N,0,0,0,2,67301,1,,1,1,,N,N,,0,,0,0,0,0,0,,1325,1,2,0,0,0,0,0,3,4,0,2,3,,N,,,,,,,,,,,
2009079242,2130.0,1,0,0,0,0,0,0,0,0,4,0,,67,7,2009,5,40.0086,-75.0984,2127.0,6,0,0,0,0,0,0,0,0,,0,0,0,21,3,2,1,,0,40 00:31.284,,0,75 05:54.308,4,0,0,1,67301,0,0,0,,0,0,0,3,67301,2,,1,1,,,,,0,,0,0,0,3,2,,2106,2,2,0,0,0,0,1,3,4,0,2,3,,N,,,,,,,,,,,
2009074549,1806.0,0,0,0,0,0,0,0,0,0,2,0,,67,6,2009,6,39.9743,-75.1218,1804.0,6,0,0,0,0,0,0,0,0,1.0,0,0,0,17,1,0,0,,1,39 58:32.233,1.0,0,75 07:13.654,0,0,0,0,67301,0,0,0,,0,0,0,3,67301,0,,1,1,,,,,1,,0,0,1,0,0,N,1758,0,2,0,0,0,0,0,3,4,0,2,3,,N,,,,,,,,,,,
2009074602,9999.0,0,0,0,0,0,0,0,0,0,4,0,,67,6,2009,2,39.9946,-75.0945,9999.0,6,0,0,0,0,0,0,0,0,,0,0,0,18,1,1,2,,0,39 59:40.673,,7,75 05:40.311,4,0,0,0,67301,0,0,0,,0,0,0,4,67301,1,,1,1,,,,,0,,0,0,0,0,0,,1800,1,2,0,0,4,0,1,3,4,2,2,3,,N,,,,,,,,,,,
2009074445,650.0,2,0,0,0,0,0,0,0,0,5,0,,67,6,2009,5,39.9753,-75.2455,630.0,6,0,0,0,0,0,0,0,0,,0,0,0,1,3,1,1,,0,39 58:31.257,,0,75 14:43.799,2,0,0,0,67301,0,0,0,N,0,0,0,3,67301,0,,1,9,,N,N,,0,,0,1,0,3,2,,100,1,2,0,0,0,0,1,3,4,0,2,7,,N,,,,,,,,,,,
2009066768,1256.0,1,0,0,0,0,0,0,0,0,1,0,,67,6,2009,4,39.968,-75.1905,1249.0,6,0,0,0,0,0,1,0,0,,0,0,0,12,1,1,0,,0,39 58:05.160,,0,75 11:26.520,4,0,0,0,67301,0,0,0,N,0,0,0,3,68K01,1,,1,1,,N,N,,0,,0,0,1,0,0,,1246,1,2,0,0,0,0,0,3,4,0,2,3,,N,,,,,,,,,,,
2009066772,515.0,3,0,0,0,0,0,0,0,0,1,0,,67,6,2009,2,39.9414,-75.1946,513.0,6,0,0,0,0,0,0,0,0,1.0,0,0,0,5,5,0,0,,1,39 56:34.440,3.0,3,75 11:35.520,0,0,0,0,67301,0,0,0,N,0,0,0,2,68K01,0,,1,1,,N,N,,0,,0,0,0,0,0,N,505,0,3,0,0,0,0,0,3,4,0,3,3,,N,,,,,,,,,,,
2009070069,2329.0,0,0,0,0,0,0,0,0,0,7,0,,67,6,2009,4,40.0077,-75.1931,2326.0,6,0,0,0,0,0,0,0,0,9.0,0,0,0,23,3,1,0,,1,40 00:23.273,2.0,0,75 11:29.575,4,0,0,0,67301,0,0,0,,0,0,0,1,67301,1,,2,9,,N,N,,1,,0,0,0,0,0,N,2321,1,1,0,0,0,0,0,3,4,0,1,7,,N,,,,,,,,,,,