CRN,ARRIVAL_TM,AUTOMOBILE_COUNT,BELTED_DEATH_COUNT,BELTED_SUSP_SERIOUS_INJ_COUNT,BICYCLE_COUNT,BICYCLE_DEATH_COUNT,BICYCLE_SUSP_SERIOUS_INJ_COUNT,BUS_COUNT,CHLDPAS_DEATH_COUNT,CHLDPAS_SUSP_SERIOUS_INJ_COUNT,COLLISION_TYPE,COMM_VEH_COUNT,CONS_ZONE_SPD_LIM,COUNTY,CRASH_MONTH,CRASH_YEAR,DAY_OF_WEEK,DEC_LAT,DEC_LONG,DISPATCH_TM,DISTRICT,DRIVER_COUNT_16YR,DRIVER_COUNT_17YR,DRIVER_COUNT_18YR,DRIVER_COUNT_19YR,DRIVER_COUNT_20YR,DRIVER_COUNT_50_64YR,DRIVER_COUNT_65_74YR,DRIVER_COUNT_75PLUS,EST_HRS_CLOSED,FATAL_COUNT,HEAVY_TRUCK_COUNT,HORSE_BUGGY_COUNT,HOUR_OF_DAY,ILLUMINATION,INJURY_COUNT,INTERSECT_TYPE,INTERSECTION_RELATED,LANE_CLOSED,LATITUDE,LN_CLOSE_DIR,LOCATION_TYPE,LONGITUDE,MAX_SEVERITY_LEVEL,MCYCLE_DEATH_COUNT,MCYCLE_SUSP_SERIOUS_INJ_COUNT,MOTORCYCLE_COUNT,MUNICIPALITY,NONMOTR_COUNT,NONMOTR_DEATH_COUNT,NONMOTR_SUSP_SERIOUS_INJ_COUNT,NTFY_HIWY_MAINT,PED_COUNT,PED_DEATH_COUNT,PED_SUSP_SERIOUS_INJ_COUNT,PERSON_COUNT,POLICE_AGCY,POSSIBLE_INJ_COUNT,RDWY_SURF_TYPE_CD,RELATION_TO_ROAD,ROAD_CONDITION,ROADWAY_CLEARED,SCH_BUS_IND,SCH_ZONE_IND,SECONDARY_CRASH,SMALL_TRUCK_COUNT,SPEC_JURIS_CD,SUSP_MINOR_INJ_COUNT,SUSP_SERIOUS_INJ_COUNT,SUV_COUNT,TCD_FUNC_CD,TCD_TYPE,TFC_DETOUR_IND,TIME_OF_DAY,TOT_INJ_COUNT,TOTAL_UNITS,UNB_DEATH_COUNT,UNB_SUSP_SERIOUS_INJ_COUNT,UNBELTED_OCC_COUNT,UNK_INJ_DEG_COUNT,UNK_INJ_PER_COUNT,URBAN_AREA,URBAN_RURAL,VAN_COUNT,VEHICLE_COUNT,WEATHER1,WEATHER2,WORK_ZONE_IND,WORK_ZONE_LOC,WORK_ZONE_TYPE,WORKERS_PRES,WZ_CLOSE_DETOUR,WZ_FLAGGER,WZ_LAW_OFFCR_IND,WZ_LN_CLOSURE,WZ_MOVING,WZ_OTHER,WZ_SHLDER_MDN,WZ_WORKERS_INJ_KILLED
2009067602,2250.0,2,0,0,0,0,0,1,0,0,4,1,,67,6,2009,4,40.0227,-75.1482,2243.0,6,0,0,0,0,0,0,0,0,,0,0,0,22,3,0,1,,0,40 01:22.315,,0,75 08:53.787,9,0,0,0,67301,0,0,0,N,0,0,0,13,67301,0,,1,9,,N,N,,0,,0,0,0,3,2,,2240,0,3,0,0,0,0,1,3,4,0,3,7,,N,,,,,,,,,,,
2009067642,9999.0,2,0,0,0,0,0,0,0,0,1,0,,67,5,2009,2,39.9917,-75.1364,9999.0,6,0,0,0,0,0,0,0,0,2.0,0,0,0,99,3,1,0,,1,39 59:29.941,4.0,7,75 08:11.165,4,0,0,0,67301,0,0,0,N,0,0,0,4,67301,1,,1,1,,N,N,,0,,0,0,0,0,0,N,9999,1,2,0,0,0,0,0,3,4,0,2,3,,N,,,,,,,,,,,
2009065265,2147.0,2,0,0,0,0,0,0,0,0,1,0,,67,5,2009,7,39.9553,-75.2364,2145.0,6,0,0,0,0,0,0,0,0,,0,0,0,21,3,0,0,,0,39 57:19.051,,0,75 14:10.950,0,0,0,0,67301,0,0,0,N,0,0,0,1,67301,0,,6,1,,N,N,,0,,0,0,0,0,0,,2145,0,2,0,0,1,0,0,3,4,0,2,3,,N,,,,,,,,,,,
2009092951,1304.0,1,0,0,0,0,0,0,0,0,8,0,,67,8,2009,1,40.0021,-75.129,1302.0,6,0,0,0,0,0,0,0,0,,0,0,0,13,1,1,0,,0,40 00:07.639,,0,75 07:44.551,4,0,0,0,67301,1,0,0,N,1,0,0,3,67301,1,,1,1,,N,N,,0,,0,0,0,0,0,,1300,1,2,0,0,0,0,0,3,4,0,1,3,,N,,,,,,,,,,,
2009067241,338.0,1,0,0,0,0,0,0,0,0,7,0,,67,5,2009,7,,,336.0,6,0,0,0,0,0,0,0,0,,0,0,0,99,3,2,0,,0,,,0,,8,0,0,0,67301,0,0,0,,0,0,0,2,67301,0,,2,1,,N,N,,0,,0,0,0,0,0,,9999,2,1,0,0,0,2,0,3,3,0,1,3,,N,,,,,,,,,,,
2009067296,1615.0,0,0,0,1,0,0,0,0,0,4,1,,67,6,2009,5,40.0007,-75.148,9999.0,6,0,0,0,0,0,1,0,0,,0,1,0,15,1,1,1,,0,40 00:02.469,,0,75 08:52.972,4,0,0,0,67301,1,0,0,N,0,0,0,5,67301,1,,1,9,,N,N,,0,,0,0,0,3,2,,1545,1,2,0,0,0,0,0,3,4,0,1,7,,N,,,,,,,,,,,
2009067302,1515.0,2,0,0,0,0,0,0,0,0,2,0,,67,6,2009,6,39.9296,-75.1615,1510.0,6,0,0,0,0,0,1,0,0,,0,0,0,15,1,1,1,,0,39 55:46.527,,0,75 09:41.518,8,0,0,0,67301,0,0,0,,0,0,0,2,67301,0,,1,1,,,,,0,,0,0,0,3,3,,1510,1,2,0,0,0,1,0,3,4,0,2,3,,N,,,,,,,,,,,
2009067488,2222.0,2,0,0,0,0,0,0,0,0,6,0,,67,5,2009,7,39.9784,-75.2449,2220.0,6,0,0,0,0,0,0,0,0,,0,0,0,22,3,7,0,,0,39 58:42.369,,0,75 14:41.607,8,0,0,0,67301,0,0,0,N,0,0,0,8,67301,0,,1,1,,N,N,,0,,0,0,0,0,0,,2200,7,2,0,0,0,7,0,3,4,0,2,3,,N,,,,,,,,,,,
2009067521,1609.0,2,0,0,0,0,0,0,0,0,4,0,,67,6,2009,1,39.9542,-75.1395,1606.0,6,0,0,0,0,0,1,0,0,,0,0,0,16,1,2,2,,0,39 57:14.500,,2,75 08:22.454,4,0,0,0,67301,0,0,0,,0,0,0,2,67301,2,,1,1,,N,N,,0,,0,0,0,0,0,,1605,2,2,0,0,0,0,0,3,4,0,2,3,,N,,,,,,,,,,,
2009066322,1045.0,1,0,0,0,0,0,0,0,0,5,1,,67,6,2009,3,39.8991,-75.1776,1045.0,6,0,0,0,0,0,1,0,0,1.0,0,1,0,10,1,0,0,,1,39 53:56.615,1.0,0,75 10:02.372,0,0,0,0,67301,0,0,0,N,0,0,0,2,68K01,0,,1,1,,N,N,,0,,0,0,0,0,0,N,1039,0,2,0,0,0,0,0,3,4,0,2,3,,N,,,,,,,,,,,
2009063804,1458.0,1,0,0,0,0,0,0,0,0,7,0,,67,5,2009,4,39.9825,-75.2596,1445.0,6,0,0,0,0,0,0,0,1,,0,0,0,14,1,1,0,,0,39 58:57.098,,0,75 15:34.704,8,0,0,0,67301,0,0,0,,0,0,0,1,67301,0,,5,1,,,,,0,,0,0,0,0,0,,1438,1,1,0,0,0,1,0,3,4,0,1,3,,N,,,,,,,,,,,
2009058803,843.0,2,0,0,0,0,0,0,0,0,4,0,,67,5,2009,6,39.919,-75.2288,844.0,6,0,0,0,0,0,0,0,0,,0,0,0,8,1,2,1,,0,39 55:08.457,,0,75 13:43.654,8,0,0,0,67301,0,0,0,,0,0,0,3,67301,0,,1,1,,,,,0,,0,0,0,3,3,,843,2,2,0,0,0,2,0,3,4,0,2,3,,N,,,,,,,,,,,
2009063976,1805.0,1,0,0,0,0,0,0,0,0,7,0,,67,5,2009,4,39.972,-75.194,1802.0,6,0,0,0,0,1,0,0,0,1.0,0,0,0,18,1,1,0,,1,39 58:19.355,1.0,0,75 11:38.347,8,0,0,0,67301,0,0,0,N,0,0,0,1,67301,0,,5,1,,N,N,,0,,0,0,0,0,0,N,1802,1,1,0,0,0,1,0,3,4,0,1,3,,N,,,,,,,,,,,
2009056417,424.0,1,0,0,0,0,0,0,0,0,8,0,,67,5,2009,1,39.9587,-75.2272,423.0,6,0,0,0,0,0,0,0,0,,0,0,0,4,3,1,1,,0,39 57:31.366,,0,75 13:37.865,8,0,0,0,67301,1,0,0,N,1,0,0,2,67301,0,,1,9,,N,N,,0,,0,0,0,3,2,,418,1,2,0,0,0,1,1,3,4,0,1,7,,N,,,,,,,,,,,
2009056467,2321.0,0,0,0,0,0,0,0,0,0,7,0,,67,5,2009,2,40.028,-75.1905,2319.0,6,0,0,0,0,0,0,0,0,2.0,0,0,0,23,3,0,0,,2,40 01:40.867,5.0,0,75 11:25.929,0,0,0,0,67301,0,0,0,N,0,0,0,1,67301,0,,2,9,,N,N,,0,,0,0,1,0,0,Y,2317,0,1,0,0,0,0,0,3,4,0,1,7,,N,,,,,,,,,,,
2009056667,2315.0,1,0,0,0,0,0,0,0,0,1,1,,67,5,2009,5,39.9784,-75.1109,2300.0,6,0,0,0,0,0,0,0,0,2.0,0,1,0,22,3,2,0,,1,39 58:44.173,2.0,0,75 06:34.983,4,0,0,0,67301,0,0,0,N,0,0,0,3,68K01,2,,1,1,,N,N,,0,,0,0,0,0,0,N,2251,2,2,0,0,0,0,0,3,4,0,2,3,,N,,,,,,,,,,,
2009090942,1039.0,1,0,0,0,0,0,0,0,0,7,0,,67,9,2009,6,,,1039.0,6,0,0,0,0,0,1,0,0,1.0,0,0,0,10,1,0,0,,2,,3.0,3,,0,0,0,0,67301,0,0,0,N,0,0,0,1,67501,0,,2,9,,N,N,,0,,0,0,0,0,0,N,1039,0,1,0,0,0,0,0,3,3,0,1,7,,N,,,,,,,,,,,
2009088380,1746.0,2,0,0,0,0,0,0,0,0,1,0,,67,8,2009,5,40.0082,-75.2025,1737.0,6,0,0,0,0,0,0,0,0,,0,0,0,17,1,2,0,,0,40 00:29.296,,2,75 12:08.346,4,0,0,0,67301,0,0,0,N,0,0,0,5,68K01,2,,1,1,,N,N,,0,,0,0,0,0,0,,1734,2,2,0,0,2,0,0,3,4,0,2,3,,N,,,,,,,,,,,
2009085954,34.0,2,0,1,0,0,0,0,0,0,2,0,,67,7,2009,1,39.9134,-75.1651,33.0,6,0,0,0,1,0,1,0,0,2.0,0,0,0,0,3,3,1,,2,39 54:48.124,7.0,0,75 09:54.367,2,0,0,0,67301,0,0,0,N,0,0,0,4,67301,1,,1,1,,N,N,,2,,1,1,0,3,2,Y,33,3,4,0,0,1,0,0,3,4,0,4,3,,N,,,,,,,,,,,
2009085904,1634.0,1,0,0,0,0,0,0,0,0,4,0,,67,7,2009,2,39.9752,-75.1882,1632.0,6,0,0,0,0,0,0,0,0,,0,0,0,16,1,4,1,,0,39 58:30.584,,0,75 11:17.385,8,0,0,0,67301,0,0,0,N,0,0,0,8,67301,0,,1,1,,N,N,,0,,0,0,1,3,2,,1613,4,2,0,0,1,4,0,3,4,0,2,3,,N,,,,,,,,,,,
2009065831,936.0,3,0,0,0,0,0,0,0,0,1,0,50.0,67,5,2009,5,40.0178,-75.172,924.0,6,0,0,0,0,0,0,0,0,1.0,0,0,0,9,1,1,0,,2,40 01:04.225,4.0,0,75 10:19.119,4,0,0,0,67301,0,0,0,N,0,0,0,7,67301,1,,1,9,,N,N,,0,,0,0,0,3,8,N,920,1,3,0,0,0,0,0,3,4,0,3,3,,Y,4.0,1.0,Y,U,U,N,Y,U,U,U,
2009078787,1755.0,1,0,0,0,0,0,0,0,0,8,0,,67,7,2009,5,39.9288,-75.1737,1754.0,6,0,0,0,0,0,0,0,0,,0,0,0,17,1,1,0,,0,39 55:43.619,,0,75 10:25.189,8,0,0,0,67301,1,0,0,,1,0,0,2,67301,0,,1,1,,,,,0,,0,0,0,0,0,,1753,1,2,0,0,0,1,1,3,4,0,1,3,,N,,,,,,,,,,,
2009079251,1145.0,1,0,0,0,0,0,0,0,0,8,0,,67,7,2009,7,40.0126,-75.1403,1130.0,6,0,0,0,0,0,0,0,0,,0,0,0,11,1,1,0,,0,40 00:45.205,,0,75 08:24.925,4,0,0,0,67301,1,0,0,N,1,0,0,2,67301,1,,9,1,,N,N,,0,,0,0,0,0,0,,1130,1,2,0,0,0,0,1,3,4,0,1,3,,N,,,,,,,,,,,
2009081466,1850.0,1,0,0,0,0,0,0,0,0,7,0,,67,7,2009,4,39.9743,-75.1949,1850.0,6,0,0,0,0,0,0,0,0,,0,0,0,18,1,1,0,,0,39 58:27.616,,7,75 11:41.539,4,0,0,0,67301,1,0,0,N,1,0,0,3,67301,1,,5,1,,N,N,,0,,0,0,1,3,3,,1850,1,3,0,0,0,0,0,3,4,0,2,3,,N,,,,,,,,,,,
2009081468,1924.0,1,0,0,0,0,0,0,0,0,7,0,,67,7,2009,7,40.0204,-75.1541,1912.0,6,0,0,0,1,0,0,0,0,1.0,0,0,0,17,4,0,0,,2,40 01:13.410,3.0,3,75 09:14.892,0,0,0,0,67301,0,0,0,N,0,0,0,1,67301,0,,2,1,,N,N,,0,,0,0,0,0,0,N,1708,0,1,0,0,0,0,0,3,4,0,1,3,,N,,,,,,,,,,,
2009079095,2237.0,3,0,0,0,0,0,0,0,0,1,0,,67,7,2009,2,40.0447,-75.0546,2217.0,6,0,0,0,0,0,0,0,0,2.0,0,0,0,22,3,0,0,,1,40 02:40.937,2.0,0,75 03:16.486,0,0,0,0,67301,0,0,0,N,0,0,0,4,67301,0,,1,1,,N,N,,0,,0,0,0,0,0,N,2215,0,3,0,0,0,0,0,3,4,0,3,3,,N,,,,,,,,,,,
2009081619,1310.0,1,0,0,0,0,0,0,0,0,7,0,,67,6,2009,4,39.9026,-75.2249,1305.0,6,0,0,0,0,0,0,0,0,,0,0,0,11,1,1,3,,0,39 54:07.778,,0,75 13:29.983,4,0,0,0,67301,0,0,0,,0,0,0,2,67301,1,,5,1,,,,,0,,0,0,2,3,2,,1115,1,3,0,0,0,0,1,3,4,0,3,3,,N,,,,,,,,,,,
2009079286,1631.0,2,0,0,0,0,0,0,0,0,1,0,,67,6,2009,2,40.015,-75.1345,1629.0,6,0,0,0,0,0,0,0,0,,0,0,0,15,1,1,0,,0,40 00:53.881,,0,75 08:04.246,4,0,0,0,67301,0,0,0,,0,0,0,2,67301,1,,1,1,,,,,0,,0,0,0,0,0,,1540,1,2,0,0,0,0,0,3,4,0,2,3,,N,,,,,,,,,,,
2009079031,340.0,2,0,0,0,0,0,0,0,0,5,0,,67,7,2009,5,39.9512,-75.2332,338.0,6,0,0,0,0,0,1,0,0,,0,0,0,3,3,1,0,,0,39 57:04.451,,0,75 13:59.347,4,0,0,0,67301,0,0,0,N,0,0,0,1,67301,1,,2,1,,N,N,,0,,0,0,0,3,2,,336,1,2,0,0,0,0,0,3,4,0,2,3,,N,,,,,,,,,,,
2009079190,2210.0,2,0,0,0,0,0,0,0,0,5,0,,67,7,2009,1,39.9154,-75.2212,2207.0,6,0,0,1,0,0,1,0,0,,0,0,0,22,3,0,0,,0,39 54:52.380,,0,75 13:17.179,0,0,0,0,67301,0,0,0,N,0,0,0,5,67301,0,,1,1,,N,N,,0,,0,0,0,3,2,,2200,0,2,0,0,0,0,0,3,4,0,2,3,,N,,,,,,,,,,,
2009079205,1400.0,2,0,0,1,0,0,0,0,0,4,0,,67,7,2009,7,39.9398,-75.1641,1400.0,6,0,1,0,0,0,0,0,0,2.0,0,0,0,14,1,1,1,,1,39 56:23.157,1.0,0,75 09:50.911,4,0,0,0,67301,1,0,0,,0,0,0,2,67301,1,,1,1,,,,,0,,0,0,0,3,3,Y,1400,1,3,0,0,0,0,0,3,4,0,2,3,,N,,,,,,,,,,,
2009079226,219.0,1,0,0,0,0,0,0,0,0,1,0,,67,7,2009,5,39.915,-75.2213,219.0,6,0,0,0,0,0,0,0,0,,0,0,0,2,3,0,0,,0,39 54:50.990,,0,75 13:17.573,0,0,0,0,67301,0,0,0,,0,0,0,3,67301,0,,1,9,,N,N,,0,,0,0,1,0,0,,212,0,2,0,0,0,0,0,3,4,0,2,7,,N,,,,,,,,,,,
2009071451,1630.0,1,0,0,0,0,0,0,0,0,8,0,,67,6,2009,6,40.0444,-75.1435,1625.0,6,0,0,0,0,0,0,0,1,,0,0,0,16,1,1,1,,0,40 02:39.900,,0,75 08:36.425,8,0,0,0,67301,1,0,0,N,1,0,0,2,67301,0,,1,1,,N,N,,0,,0,0,0,3,2,,1625,1,2,0,0,0,1,0,3,4,0,1,3,,N,,,,,,,,,,,
2009074493,2010.0,2,0,0,0,0,0,0,0,0,4,0,,67,6,2009,4,40.0092,-75.069,2005.0,6,0,0,0,1,0,1,0,0,2.0,0,0,0,20,1,3,1,,1,40 00:33.068,3.0,0,75 04:08.444,2,0,0,0,67301,0,0,0,N,0,0,0,8,67301,0,,1,1,,N,N,,0,,0,1,0,3,2,N,2000,3,2,0,0,0,2,0,3,4,0,2,3,,N,,,,,,,,,,,
2009074562,1230.0,1,0,0,0,0,0,0,0,0,8,0,,67,5,2009,7,39.9501,-75.1457,1226.0,6,0,0,0,0,0,0,0,0,3.0,0,0,0,12,1,1,1,,1,39 57:00.635,4.0,0,75 08:44.218,8,0,0,0,67301,1,0,0,N,1,0,0,2,67301,0,,1,1,,N,N,,0,,0,0,0,3,2,Y,1220,1,2,0,0,0,1,0,3,4,0,1,3,,N,,,,,,,,,,,
2009074563,930.0,2,0,0,0,0,0,0,0,0,2,0,,67,6,2009,3,39.9587,-75.1551,921.0,6,0,0,0,0,0,1,0,0,,0,0,0,9,1,1,3,,0,39 57:31.435,,0,75 09:18.489,4,0,0,0,67301,0,0,0,,0,0,0,3,67301,1,,1,1,,N,N,,0,,0,0,0,3,2,,915,1,2,0,0,0,0,0,3,4,0,2,3,,N,,,,,,,,,,,
2009026682,832.0,1,0,0,0,0,0,0,0,0,8,0,,67,1,2009,6,39.9172,-75.2463,742.0,6,0,0,0,0,0,0,0,0,,0,0,0,99,3,1,1,,0,39 55:01.859,,0,75 14:46.691,4,0,0,0,67301,1,0,0,N,1,0,0,2,67301,1,,1,1,,N,N,,0,,0,0,0,3,2,,9999,1,2,0,0,0,0,0,3,4,0,1,99,,N,,,,,,,,,,,
2009070352,1918.0,2,0,0,0,0,0,0,0,0,5,0,,67,6,2009,5,39.9745,-75.1943,1918.0,6,0,0,0,0,0,1,0,0,1.0,0,0,0,19,1,1,0,,2,39 58:31.705,3.0,0,75 11:41.312,4,0,0,0,67301,0,0,0,N,0,0,0,3,68K01,1,,1,1,,N,N,,0,,0,0,0,0,0,N,1915,1,2,0,0,0,0,0,3,4,0,2,3,,N,,,,,,,,,,,
2009055613,1224.0,1,0,0,0,0,0,0,0,0,2,0,,67,4,2009,2,40.0352,-75.1455,1218.0,6,0,0,0,0,0,2,0,0,,0,0,0,12,1,2,1,,0,40 02:06.731,,0,75 08:43.670,3,0,0,0,67301,0,0,0,N,0,0,0,2,67301,1,,1,9,,N,N,,0,,1,0,1,3,2,,1210,2,2,0,0,0,0,0,3,4,0,2,7,,N,,,,,,,,,,,
2009056032,1648.0,1,0,0,0,0,0,0,0,0,1,0,,67,5,2009,5,39.9315,-75.1995,1637.0,6,0,0,0,0,0,0,0,0,2.0,0,0,0,16,1,3,0,,1,39 55:55.510,4.0,0,75 11:59.631,8,0,0,0,67301,0,0,0,N,0,0,0,4,68K01,0,,1,1,,N,N,,1,,0,0,0,0,0,N,1633,3,2,0,0,0,3,0,3,4,0,2,3,,N,,,,,,,,,,,
2009092932,1052.0,1,0,0,0,0,0,0,0,0,7,0,,67,8,2009,4,40.0273,-75.0925,1052.0,6,0,0,0,0,0,1,0,0,1.0,0,0,0,10,1,1,0,,2,40 01:37.659,1.0,0,75 05:34.202,8,0,0,0,67301,0,0,0,N,0,0,0,2,67301,0,,3,1,,N,N,,0,,0,0,1,0,0,Y,1052,1,2,0,0,0,1,0,3,4,0,2,3,,N,,,,,,,,,,,
2009092937,312.0,1,0,0,1,0,1,0,0,0,5,0,,67,4,2009,1,39.9561,-75.2282,310.0,6,0,0,0,0,0,0,0,0,,0,0,0,3,3,1,0,,0,39 57:22.014,,0,75 13:41.458,2,0,0,0,67301,1,0,1,N,0,0,0,2,67301,0,,1,1,,N,N,,0,,0,1,0,0,0,,305,1,2,0,0,0,0,0,3,4,0,1,3,,N,,,,,,,,,,,
2009092879,639.0,2,0,0,0,0,0,0,0,0,1,0,,67,9,2009,3,39.9446,-75.1913,625.0,6,0,0,0,0,0,0,0,0,,0,0,0,6,1,0,6,,0,39 56:43.369,,2,75 11:25.410,0,0,0,0,67301,0,0,0,N,0,0,0,2,68K01,0,,1,1,,N,N,,0,,0,0,0,3,4,,621,0,2,0,0,0,0,0,3,4,0,2,3,,N,,,,,,,,,,,
2009064485,0.0,2,0,0,0,0,0,0,0,0,1,0,,67,1,2009,7,39.9266,-75.1673,0.0,6,0,0,0,0,0,1,0,0,,0,0,0,8,1,1,1,,0,39 55:35.610,,0,75 10:02.450,8,0,0,0,67301,1,0,0,N,0,0,0,2,00000,0,,4,1,,N,N,,0,,0,0,0,0,0,,800,1,2,0,0,0,1,0,3,4,0,2,3,,N,,,,,,,,,,,
2009066922,2117.0,0,0,0,1,0,0,0,0,0,4,0,,67,6,2009,6,39.9803,-75.1609,2113.0,6,0,0,0,0,0,0,0,0,1.0,0,0,0,21,3,1,0,,2,39 58:49.076,1.0,0,75 09:39.119,3,0,0,0,67301,1,0,0,N,0,0,0,2,67301,0,,1,1,,N,N,,0,,1,0,1,0,0,Y,2105,1,2,0,0,0,0,0,3,4,0,1,3,,N,,,,,,,,,,,
2009066931,1100.0,1,0,0,0,0,0,1,0,0,4,1,,67,6,2009,7,40.0384,-75.1769,1055.0,6,0,0,0,0,0,0,0,0,,0,0,0,10,1,1,1,,0,40 02:18.188,,0,75 10:36.876,8,0,0,0,67301,0,0,0,N,0,0,0,2,67301,0,,1,1,,N,Y,,0,,0,0,0,2,2,,1000,1,2,0,0,0,1,0,3,4,0,2,3,,N,,,,,,,,,,,
2009067106,1700.0,2,0,0,0,0,0,0,0,0,4,0,,67,6,2009,6,39.9138,-75.15,1654.0,6,0,0,0,0,0,1,0,0,,0,0,0,16,1,1,0,,0,39 54:49.608,,0,75 09:00.162,8,0,0,0,67301,0,0,0,N,0,0,0,4,67301,0,,1,9,,N,N,,0,,0,0,0,0,0,,1654,1,2,0,0,0,1,0,3,4,0,2,7,,N,,,,,,,,,,,
2009067247,1330.0,1,0,0,0,0,0,0,0,0,2,0,,67,6,2009,5,40.063,-75.0786,1310.0,6,0,0,0,0,0,1,0,0,,0,0,0,12,1,1,1,,0,40 03:46.627,,0,75 04:43.118,4,0,0,0,67301,0,0,0,,0,0,0,2,67301,1,,1,9,,N,N,,0,,0,0,1,0,0,,1245,1,2,0,0,0,0,0,3,4,0,2,7,,N,,,,,,,,,,,
2009067031,805.0,1,0,0,0,0,0,0,0,0,6,0,,67,6,2009,4,40.0071,-75.1962,738.0,6,0,0,0,0,0,2,0,0,2.0,0,0,0,7,1,2,0,,1,40 00:25.489,5.0,0,75 11:46.312,4,0,0,0,67301,0,0,0,N,0,0,0,2,67301,2,,1,9,,N,N,,0,,0,0,1,0,0,N,715,2,2,0,0,0,0,0,3,4,0,2,3,,N,,,,,,,,,,,
2009064665,2349.0,1,0,0,0,0,0,0,0,0,4,0,,67,5,2009,7,39.9241,-75.1698,2342.0,6,0,0,0,0,0,0,0,0,1.0,0,0,0,23,3,0,0,,1,39 55:26.823,2.0,0,75 10:11.268,0,0,0,0,67301,0,0,0,N,0,0,0,2,67301,0,,1,1,,N,N,,1,,0,0,0,0,0,N,2342,0,2,0,0,0,0,0,3,4,0,2,3,,N,,,,,,,,,,,
2009067460,1735.0,1,0,0,0,0,0,0,0,0,1,0,,67,6,2009,1,40.0083,-75.1944,1730.0,6,0,0,0,0,0,0,0,0,,0,0,0,17,1,1,2,,0,40 00:29.747,,0,75 11:40.309,8,0,0,0,67301,0,0,0,,0,0,0,2,67301,0,,1,1,,,,,0,,0,0,1,3,2,,1715,1,2,0,0,0,1,1,3,4,0,2,3,,N,,,,,,,,,,,
2009067526,710.0,1,0,0,1,0,0,0,0,0,4,0,,67,6,2009,1,39.9743,-75.2264,655.0,6,0,0,0,0,0,1,0,0,,0,0,0,6,1,1,1,,0,39 58:27.359,,0,75 13:34.907,4,0,0,0,67301,1,0,0,,0,0,0,2,67301,1,,1,1,,,,,0,,0,0,0,3,2,,655,1,2,0,0,0,0,0,3,4,0,1,3,,N,,,,,,,,,,,
2009065404,2300.0,1,0,0,0,0,0,0,0,0,7,0,,67,5,2009,6,39.9244,-75.1831,2300.0,6,0,0,0,0,1,0,0,0,,0,0,0,23,2,2,0,,0,39 55:27.847,,0,75 10:59.307,3,0,0,0,67301,0,0,0,,0,0,0,2,67301,0,,5,1,,N,N,,0,,2,0,0,0,0,,2300,2,1,0,0,0,0,0,3,4,0,1,3,,N,,,,,,,,,,,
2009116175,1447.0,2,0,0,0,0,0,0,0,0,4,0,,67,11,2009,4,40.0039,-75.2207,1445.0,6,0,0,0,0,0,1,0,0,1.0,0,0,0,14,1,2,1,,2,40 00:14.091,4.0,0,75 13:14.544,8,0,0,0,67301,0,0,0,N,0,0,0,2,46104,0,,1,1,,N,N,,0,,0,0,0,3,2,Y,1445,2,2,0,0,0,2,0,3,4,0,2,3,,N,,,,,,,,,,,
2009116245,2247.0,1,0,0,0,0,0,0,0,0,7,0,,67,8,2009,7,39.9618,-75.1396,2236.0,6,0,0,0,0,1,0,0,0,,0,0,0,22,3,1,0,,0,39 57:43.200,,0,75 08:22.560,4,0,0,0,67301,0,0,0,N,0,0,0,2,68K01,1,,2,9,,N,N,,0,,0,0,0,0,0,,2236,1,1,0,0,0,0,1,3,4,0,1,3,,N,,,,,,,,,,,
2009120654,1015.0,2,0,0,0,0,0,0,0,0,4,0,,67,10,2009,5,39.9949,-75.171,1013.0,6,0,0,0,0,0,1,0,0,,0,0,0,10,1,1,1,,0,39 59:41.776,,0,75 10:15.553,3,0,0,0,67301,0,0,0,N,0,0,0,3,67301,0,,1,9,,N,N,,0,,1,0,0,3,3,,1000,1,2,0,0,0,0,0,3,4,0,2,7,,N,,,,,,,,,,,
2009118953,1510.0,2,0,0,0,0,0,0,0,0,1,0,,67,10,2009,2,40.0256,-75.1223,1451.0,6,0,0,0,0,0,0,0,0,1.0,0,0,0,14,1,1,1,,1,40 01:32.331,5.0,0,75 07:20.187,4,0,0,0,67301,0,0,0,N,0,0,0,4,67301,1,,1,1,,N,N,,0,,0,0,0,3,2,N,1445,1,2,0,0,0,0,0,3,4,0,2,3,,N,,,,,,,,,,,
2009118960,1745.0,0,0,0,0,0,0,0,0,0,8,0,,67,10,2009,2,39.9926,-75.1111,1735.0,6,0,0,0,0,0,0,0,0,,0,0,0,15,1,1,2,,0,39 59:33.138,,0,75 06:40.102,3,0,0,0,67301,1,0,0,N,1,0,0,2,67301,0,,1,1,,N,Y,,0,,1,0,0,0,0,,1530,1,2,0,0,0,0,1,3,4,0,1,3,,N,,,,,,,,,,,
2009121084,106.0,1,0,0,0,0,0,0,0,0,2,0,,67,11,2009,1,40.0428,-75.1135,49.0,6,0,0,0,0,0,0,0,0,,0,0,0,0,3,1,1,,0,40 02:34.0,,0,75 06:48.9,4,0,0,0,67301,0,0,0,N,0,0,0,2,67301,1,,1,9,,N,N,,0,,0,0,1,3,2,,49,1,2,0,0,1,0,0,3,4,0,2,3,,N,,,,,,,,,,,
2009115889,306.0,1,0,0,0,0,0,0,0,0,7,0,,67,10,2009,7,39.9445,-75.1428,259.0,6,0,0,0,0,0,0,0,0,2.0,0,0,0,2,3,0,0,,2,39 56:40.149,2.0,2,75 08:34.089,9,0,0,0,67301,0,0,0,N,0,0,0,1,68K01,0,,4,9,,N,N,,0,,0,0,0,0,0,N,257,0,1,0,0,0,0,1,3,4,0,1,7,,N,,,,,,,,,,,