CRN,ARRIVAL_TM,AUTOMOBILE_COUNT,BELTED_DEATH_COUNT,BELTED_SUSP_SERIOUS_INJ_COUNT,BICYCLE_COUNT,BICYCLE_DEATH_COUNT,BICYCLE_SUSP_SERIOUS_INJ_COUNT,BUS_COUNT,CHLDPAS_DEATH_COUNT,CHLDPAS_SUSP_SERIOUS_INJ_COUNT,COLLISION_TYPE,COMM_VEH_COUNT,CONS_ZONE_SPD_LIM,COUNTY,CRASH_MONTH,CRASH_YEAR,DAY_OF_WEEK,DEC_LAT,DEC_LONG,DISPATCH_TM,DISTRICT,DRIVER_COUNT_16YR,DRIVER_COUNT_17YR,DRIVER_COUNT_18YR,DRIVER_COUNT_19YR,DRIVER_COUNT_20YR,DRIVER_COUNT_50_64YR,DRIVER_COUNT_65_74YR,DRIVER_COUNT_75PLUS,EST_HRS_CLOSED,FATAL_COUNT,HEAVY_TRUCK_COUNT,HORSE_BUGGY_COUNT,HOUR_OF_DAY,ILLUMINATION,INJURY_COUNT,INTERSECT_TYPE,INTERSECTION_RELATED,LANE_CLOSED,LATITUDE,LN_CLOSE_DIR,LOCATION_TYPE,LONGITUDE,MAX_SEVERITY_LEVEL,MCYCLE_DEATH_COUNT,MCYCLE_SUSP_SERIOUS_INJ_COUNT,MOTORCYCLE_COUNT,MUNICIPALITY,NONMOTR_COUNT,NONMOTR_DEATH_COUNT,NONMOTR_SUSP_SERIOUS_INJ_COUNT,NTFY_HIWY_MAINT,PED_COUNT,PED_DEATH_COUNT,PED_SUSP_SERIOUS_INJ_COUNT,PERSON_COUNT,POLICE_AGCY,POSSIBLE_INJ_COUNT,RDWY_SURF_TYPE_CD,RELATION_TO_ROAD,ROAD_CONDITION,ROADWAY_CLEARED,SCH_BUS_IND,SCH_ZONE_IND,SECONDARY_CRASH,SMALL_TRUCK_COUNT,SPEC_JURIS_CD,SUSP_MINOR_INJ_COUNT,SUSP_SERIOUS_INJ_COUNT,SUV_COUNT,TCD_FUNC_CD,TCD_TYPE,TFC_DETOUR_IND,TIME_OF_DAY,TOT_INJ_COUNT,TOTAL_UNITS,UNB_DEATH_COUNT,UNB_SUSP_SERIOUS_INJ_COUNT,UNBELTED_OCC_COUNT,UNK_INJ_DEG_COUNT,UNK_INJ_PER_COUNT,URBAN_AREA,URBAN_RURAL,VAN_COUNT,VEHICLE_COUNT,WEATHER1,WEATHER2,WORK_ZONE_IND,WORK_ZONE_LOC,WORK_ZONE_TYPE,WORKERS_PRES,WZ_CLOSE_DETOUR,WZ_FLAGGER,WZ_LAW_OFFCR_IND,WZ_LN_CLOSURE,WZ_MOVING,WZ_OTHER,WZ_SHLDER_MDN,WZ_WORKERS_INJ_KILLED
2009111034,347.0,1,0,0,0,0,0,0,0,0,7,0,,67,10,2009,7,39.9602,-75.1805,344.0,6,0,0,0,0,0,0,0,0,1.0,0,0,0,3,3,0,0,,1,39 57:40.022,4.0,0,75 10:55.537,9,0,0,0,67301,0,0,0,N,0,0,0,1,68K01,0,,3,1,,N,N,,0,,0,0,0,0,0,N,336,0,1,0,0,0,0,1,3,4,0,1,3,,N,,,,,,,,,,,
2009111082,1540.0,0,0,0,0,0,0,0,0,0,4,0,,67,10,2009,7,39.9747,-75.1984,1536.0,6,0,0,0,0,0,1,0,0,,0,0,0,14,1,6,1,,0,39 58:28.976,,2,75 11:54.231,3,0,0,0,67301,0,0,0,N,0,0,0,24,67301,0,,1,1,,N,N,,0,,1,0,0,3,2,,1458,6,2,0,0,0,5,11,3,4,1,2,3,,N,,,,,,,,,,,
2009120712,624.0,0,0,0,0,0,0,0,0,0,7,0,,67,10,2009,7,40.068,-75.1596,615.0,6,0,0,0,0,0,0,0,0,,0,0,0,6,3,1,2,,0,40 04:04.782,,0,75 09:34.642,4,0,0,0,67301,0,0,0,N,0,0,0,1,67301,1,,4,9,,N,N,,1,,0,0,0,0,0,,610,1,1,0,0,0,0,0,3,4,0,1,3,,N,,,,,,,,,,,
2009120765,1655.0,2,0,0,0,0,0,0,0,0,6,0,,67,10,2009,1,39.9399,-75.1831,1645.0,6,0,0,0,0,1,0,0,0,,0,0,0,16,1,1,1,,0,39 56:23.586,,0,75 10:59.271,8,0,0,0,67301,0,0,0,N,0,0,0,2,67301,0,,1,1,,N,N,,0,,0,0,0,3,2,,1640,1,2,0,0,2,1,0,3,4,0,2,3,,N,,,,,,,,,,,
2009029870,14.0,2,0,0,0,0,0,0,0,0,4,0,,67,2,2009,2,40.0629,-75.182,8.0,6,0,0,0,0,0,0,0,0,,0,0,0,0,3,1,0,,0,40 03:46.357,,0,75 10:55.146,4,0,0,0,67301,0,0,0,N,0,0,0,1,67301,1,,6,1,,N,N,,0,,0,0,0,0,0,,1,1,2,0,0,1,0,0,3,4,0,2,3,,N,,,,,,,,,,,
2009029872,458.0,1,0,0,0,0,0,0,0,0,7,0,,67,1,2009,4,40.0122,-75.2045,448.0,6,0,0,0,0,0,0,0,0,1.0,0,0,0,4,3,1,0,,2,40 00:42.727,1.0,0,75 12:17.966,8,0,0,0,67301,0,0,0,,0,0,0,1,67301,0,,2,6,,N,N,,0,,0,0,0,0,0,N,448,1,1,0,0,0,1,0,3,4,0,1,10,,N,,,,,,,,,,,
2009052401,2150.0,2,0,0,0,0,0,0,0,0,4,0,,67,4,2009,5,40.0314,-75.0848,2145.0,6,0,0,0,1,0,0,0,0,1.0,0,0,0,21,3,1,5,,1,40 01:53.298,1.0,0,75 05:04.465,4,0,0,0,67301,0,0,0,N,0,0,0,5,67301,1,,1,1,,N,N,,0,,0,0,0,3,2,N,2140,1,2,0,0,1,0,0,3,4,0,2,3,,N,,,,,,,,,,,
2009058605,336.0,1,0,0,0,0,0,0,0,0,7,0,,67,5,2009,7,39.9833,-75.0979,329.0,6,0,0,0,0,0,0,0,0,,0,0,0,3,3,0,0,,0,39 59:00.240,,0,75 05:51.720,0,0,0,0,67301,0,0,0,N,0,0,0,1,68K01,0,,2,1,,N,N,,0,,0,0,0,0,0,,325,0,1,0,0,0,0,0,3,4,0,1,3,,N,,,,,,,,,,,
2009071396,1700.0,1,0,0,1,0,0,0,0,0,2,0,,67,6,2009,2,40.0416,-75.0643,1655.0,6,0,0,0,0,0,0,0,0,,0,0,0,16,1,1,1,,0,40 02:30.078,,0,75 03:51.754,4,0,0,0,67301,1,0,0,,0,0,0,3,67301,1,,1,1,,N,N,,0,,0,0,0,3,2,,1650,1,2,0,0,0,0,0,3,4,0,1,3,,N,,,,,,,,,,,
2009061112,418.0,1,0,0,0,0,0,0,0,0,7,0,,67,6,2009,6,39.9883,-75.2072,417.0,6,0,0,0,0,0,0,0,0,1.0,0,0,0,4,3,0,7,,1,39 59:21.120,2.0,2,75 12:23.400,0,0,0,0,67301,0,0,0,N,0,0,0,1,68K01,0,,7,9,,N,N,,0,,0,0,0,0,0,N,416,0,1,0,0,0,0,0,3,4,0,1,7,,N,,,,,,,,,,,
2009063820,2018.0,1,0,0,0,0,0,0,0,0,8,0,,67,5,2009,4,39.9589,-75.2414,2018.0,6,0,0,0,0,0,0,0,0,1.0,0,0,0,20,3,1,1,,1,39 57:32.169,4.0,0,75 14:29.144,8,0,0,0,67301,1,0,0,N,1,0,0,2,67301,0,,1,9,,N,N,,0,,0,0,0,3,2,N,2013,1,2,0,0,0,1,0,3,4,0,1,7,,N,,,,,,,,,,,
2009063890,545.0,0,0,0,0,0,0,0,0,0,8,0,,67,5,2009,6,39.9883,-75.254,535.0,6,0,0,0,0,0,1,0,0,,0,0,0,5,1,1,1,,0,39 59:17.883,,0,75 15:14.303,3,0,0,0,67301,1,0,0,N,1,0,0,2,67301,0,,1,1,,N,N,,0,,1,0,1,3,2,,535,1,2,0,0,0,0,0,3,4,0,1,3,,N,,,,,,,,,,,
2009063902,1357.0,2,0,0,0,0,0,0,0,0,4,0,,67,5,2009,6,40.0337,-75.176,1357.0,6,0,0,2,0,0,0,0,0,,0,0,0,13,1,1,1,,0,40 02:01.392,,0,75 10:33.488,8,0,0,0,67301,0,0,0,N,0,0,0,4,67301,0,,1,1,,N,Y,,0,,0,0,0,2,3,,1357,1,2,0,0,0,1,0,3,4,0,2,3,,N,,,,,,,,,,,
2009063928,1620.0,1,0,0,0,0,0,0,0,0,6,0,,67,5,2009,5,39.9073,-75.1878,1617.0,6,0,0,0,0,0,0,0,0,,0,0,0,15,1,1,2,,0,39 54:26.280,,0,75 11:16.256,8,0,0,0,67301,0,0,0,N,0,0,0,2,67301,0,,1,1,,N,N,,0,,0,0,0,3,3,,1540,1,2,0,0,0,1,0,3,4,1,2,3,,N,,,,,,,,,,,
2009061382,2039.0,2,0,0,0,0,0,0,0,0,1,0,,67,6,2009,6,39.929,-75.1971,2034.0,6,0,0,0,0,0,1,0,0,1.0,0,0,0,20,3,0,0,,2,39 55:44.170,3.0,0,75 11:49.377,0,0,0,0,67301,0,0,0,N,0,0,0,3,68K01,0,,1,9,,N,N,,0,,0,0,0,0,0,N,2029,0,2,0,0,0,0,0,3,4,0,2,7,,N,,,,,,,,,,,
2009056398,1349.0,1,0,0,0,0,0,0,0,0,1,0,,67,5,2009,3,39.9573,-75.2157,1347.0,6,0,0,0,0,0,0,0,0,,0,0,0,13,1,1,0,,0,39 57:26.288,,0,75 12:56.372,8,0,0,0,67301,0,0,0,N,0,0,0,2,67301,0,,1,1,,N,N,,0,,0,0,1,0,0,,1346,1,2,0,0,0,1,0,3,4,0,2,3,,N,,,,,,,,,,,
2009093488,2147.0,1,0,0,0,0,0,0,0,0,5,0,,67,8,2009,4,40.0295,-75.1027,2133.0,6,0,0,0,0,0,0,0,0,1.0,0,0,0,21,3,1,0,,1,40 01:46.612,1.0,0,75 06:11.969,3,0,0,1,67301,0,0,0,N,0,0,0,2,67301,0,,1,1,,N,N,,0,,1,0,0,0,0,N,2130,1,2,0,0,0,0,0,3,4,0,2,3,,N,,,,,,,,,,,
2009093289,1355.0,3,0,0,0,0,0,0,0,0,4,0,,67,8,2009,3,40.0227,-75.1335,1355.0,6,0,0,0,0,0,1,1,0,,0,0,0,13,1,2,1,,0,40 01:21.712,,0,75 08:00.711,4,0,0,0,67301,0,0,0,N,0,0,0,5,67301,2,,1,1,,N,N,,0,,0,0,0,3,2,,1340,2,3,0,0,0,0,0,3,4,0,3,3,,N,,,,,,,,,,,
2009087920,1854.0,0,0,0,0,0,0,0,0,0,7,0,,67,8,2009,7,39.9773,-75.1998,1849.0,6,0,0,0,0,0,0,0,0,2.0,0,0,0,18,8,1,0,,2,39 58:40.271,4.0,0,75 12:04.782,3,0,0,0,67301,0,0,0,N,0,0,0,2,68K01,0,,2,9,,N,N,,0,,1,0,0,0,0,N,1846,1,1,0,0,2,0,0,3,4,1,1,7,,N,,,,,,,,,,,
2009087953,1603.0,1,0,0,1,0,0,0,0,0,4,0,,67,7,2009,6,39.9345,-75.19,1600.0,6,0,0,0,0,0,0,0,0,,0,0,0,15,1,1,1,,0,39 56:04.268,,0,75 11:23.877,4,0,0,0,67301,1,0,0,N,0,0,0,2,67301,1,,1,9,,N,N,,0,,0,0,0,9,3,,1559,1,2,0,0,0,0,0,3,4,0,1,7,,N,,,,,,,,,,,
2009083348,1703.0,2,0,0,0,0,0,0,0,0,4,0,,67,7,2009,2,39.9631,-75.2023,1657.0,6,0,0,0,0,0,1,0,0,,0,0,0,16,1,3,5,,0,39 57:46.307,,0,75 12:08.237,4,0,0,0,67301,0,0,0,N,0,0,0,4,67301,3,,1,1,,N,N,,0,,0,0,0,3,2,,1655,3,2,0,0,0,0,0,3,4,0,2,3,,N,,,,,,,,,,,
2009086003,1345.0,2,0,0,0,0,0,0,0,0,1,0,,67,8,2009,7,40.0652,-75.1753,1337.0,6,0,0,0,0,0,0,0,0,,0,0,0,13,1,1,1,,0,40 03:54.737,,0,75 10:31.167,4,0,0,0,67301,0,0,0,N,0,0,0,2,67301,1,,1,1,,N,N,,0,,0,0,0,3,2,,1335,1,2,0,0,0,0,0,3,4,0,2,3,,N,,,,,,,,,,,
2009086497,9999.0,2,0,0,1,0,0,0,0,0,4,0,,67,8,2009,1,40.0464,-75.1545,9999.0,6,0,0,0,0,0,1,0,0,1.0,0,0,0,17,3,1,0,,1,40 02:47.014,4.0,0,75 09:16.110,8,0,0,0,67301,1,0,0,N,0,0,0,3,67301,0,,1,1,,N,N,,0,,0,0,0,0,0,N,1740,1,3,0,0,0,1,0,3,4,0,2,3,,N,,,,,,,,,,,
2009078800,1520.0,1,0,0,0,0,0,0,0,0,7,0,,67,7,2009,7,40.104,-75.015,1515.0,6,0,0,0,0,0,0,0,0,,0,0,0,15,1,2,0,,0,40 06:14.230,,0,75 00:53.870,3,0,0,0,67301,0,0,0,,0,0,0,2,67301,1,,6,1,,,,,0,,1,0,0,0,0,,1500,2,1,0,0,0,0,0,3,4,0,1,3,,N,,,,,,,,,,,
2009078889,2350.0,2,0,0,0,0,0,0,0,0,4,0,,67,6,2009,3,40.0289,-75.0859,2345.0,6,0,0,0,0,0,0,0,0,,0,0,0,23,3,4,1,,0,40 01:43.906,,0,75 05:09.211,3,0,0,0,67301,0,0,0,N,0,0,0,5,67301,3,,1,1,,N,N,,0,,1,0,0,3,3,,2305,4,2,0,0,5,0,0,3,4,0,2,3,,N,,,,,,,,,,,
2009078937,1057.0,1,0,0,1,0,0,0,0,0,4,0,99.0,67,7,2009,4,39.9546,-75.1813,1042.0,6,0,0,0,1,0,0,0,0,9.0,0,0,0,10,1,1,1,,1,39 57:16.405,1.0,0,75 10:52.139,8,0,0,0,67301,1,0,0,N,0,0,0,4,67301,0,,1,1,,N,N,,0,,0,0,0,3,2,N,1006,1,2,0,0,0,1,0,3,4,0,1,3,,Y,8.0,8.0,U,,,U,,,,,
2009078864,1320.0,1,0,0,0,0,0,0,0,0,4,0,,67,7,2009,6,39.9101,-75.2226,1307.0,6,0,0,0,0,1,1,0,0,,0,0,0,13,1,0,0,,0,39 54:41.367,,7,75 13:19.854,0,0,0,0,67301,0,0,0,N,0,0,0,2,67301,0,,1,1,,N,N,,0,,0,0,1,0,0,,1307,0,2,0,0,0,0,0,3,4,0,2,3,,N,,,,,,,,,,,
2009081625,348.0,2,0,0,0,0,0,0,0,0,4,0,,67,6,2009,1,40.0277,-75.11,341.0,6,0,0,0,0,0,0,0,0,2.0,0,0,0,3,3,2,2,,2,40 01:39.299,1.0,0,75 06:35.952,4,0,0,0,67301,0,0,0,,0,0,0,6,67301,2,,1,1,,,,,0,,0,0,0,3,2,N,340,2,2,0,0,0,0,0,3,4,0,2,3,,N,,,,,,,,,,,
2009079302,1745.0,1,0,0,1,0,0,0,0,0,1,0,,67,7,2009,7,39.9305,-75.1818,1130.0,6,0,0,0,0,0,0,0,0,,0,0,0,99,1,1,1,,0,39 55:49.872,,0,75 10:54.335,3,0,0,0,67301,1,0,0,N,0,0,0,4,67301,0,,1,1,,,,,0,,1,0,0,3,3,,9999,1,2,0,0,0,0,0,3,4,0,1,3,,N,,,,,,,,,,,
2009079013,100.0,1,0,0,0,0,0,0,0,0,6,0,,67,7,2009,7,40.021,-75.193,54.0,6,0,0,0,0,0,0,0,0,,0,0,0,0,3,1,0,,0,40 01:15.460,,0,75 11:34.967,8,0,0,0,67301,0,0,0,N,0,0,0,3,67301,0,,1,2,,N,N,,0,,0,0,1,0,0,,50,1,2,0,0,0,1,1,3,4,0,2,3,,N,,,,,,,,,,,
2009079170,2330.0,2,0,0,0,0,0,0,0,0,1,0,,67,7,2009,6,40.0893,-75.0206,2324.0,6,0,0,0,0,0,0,0,0,1.0,0,0,0,23,3,1,0,,2,40 05:21.534,2.0,0,75 01:14.167,8,0,0,0,67301,0,0,0,,0,0,0,2,67301,0,,1,1,,,,,0,,0,0,0,3,2,Y,2321,1,2,0,0,0,1,0,3,4,0,2,3,,N,,,,,,,,,,,
2009074492,1643.0,2,0,0,0,0,0,0,0,0,4,0,,67,6,2009,3,40.046,-75.096,1642.0,6,0,0,0,0,0,2,0,0,,0,0,0,16,1,1,1,,0,40 02:45.740,,0,75 05:45.545,4,0,0,0,67301,0,0,0,N,0,0,0,2,67301,1,,1,1,,N,N,,0,,0,0,0,3,3,,1641,1,2,0,0,0,0,0,3,4,0,2,3,,N,,,,,,,,,,,
2009074574,1838.0,2,0,0,0,0,0,0,0,0,4,0,,67,6,2009,5,40.014,-75.1578,1835.0,6,0,0,0,0,0,1,0,0,,0,0,0,18,1,1,0,,0,40 00:50.556,,7,75 09:28.072,8,0,0,0,67301,0,0,0,N,0,0,0,3,67301,0,,1,1,,N,N,,0,,0,0,0,0,0,,1818,1,2,0,0,0,1,0,3,4,0,2,3,,N,,,,,,,,,,,
2009074592,835.0,0,0,0,0,0,0,0,0,0,8,1,,67,6,2009,3,39.947,-75.1453,829.0,6,0,0,0,0,0,0,0,0,,0,1,0,8,1,1,2,,0,39 56:49.099,,0,75 08:43.173,4,0,0,0,67301,1,0,0,,1,0,0,3,67301,1,,1,1,,,,,0,,0,0,0,3,3,,829,1,2,0,0,0,0,0,3,4,0,1,3,,N,,,,,,,,,,,
2009066771,1132.0,3,0,0,0,0,0,0,0,0,1,0,,67,6,2009,1,40.0068,-75.1992,1132.0,6,0,0,0,0,0,1,0,0,,0,0,0,11,1,0,0,,0,40 00:23.400,,0,75 11:54.600,0,0,0,0,67301,0,0,0,N,0,0,0,4,68K01,0,,1,1,,N,N,,0,,0,0,0,0,0,,1130,0,3,0,0,0,0,0,3,4,0,3,3,,N,,,,,,,,,,,
2009058705,1345.0,2,0,0,0,0,0,0,0,0,1,0,,67,5,2009,1,40.0753,-75.0735,1320.0,6,0,0,0,0,0,1,0,0,,0,0,0,13,1,2,1,,0,40 04:30.943,,0,75 04:24.500,8,0,0,0,67301,0,0,0,N,0,0,0,4,67301,0,,1,9,,N,N,,0,,0,0,0,3,2,,1300,2,2,0,0,0,2,0,3,4,0,2,3,,N,,,,,,,,,,,
2009063918,1515.0,2,0,0,0,0,0,0,0,0,1,0,,67,5,2009,7,40.0058,-75.0968,1510.0,6,0,0,0,0,0,0,0,0,,0,0,0,15,1,1,0,,0,40 00:20.996,,0,75 05:48.247,4,0,0,0,67301,0,0,0,N,0,0,0,2,67301,1,,1,1,,,,,0,,0,0,0,0,0,,1510,1,2,0,0,2,0,0,3,4,0,2,3,,N,,,,,,,,,,,
2009056466,1753.0,2,0,0,0,0,0,0,0,0,4,0,,67,5,2009,2,40.011,-75.1646,1753.0,6,0,0,0,0,0,0,0,0,,0,0,0,17,1,1,0,,0,40 00:39.521,,7,75 09:52.441,8,0,0,0,67301,0,0,0,N,0,0,0,2,67301,0,,1,9,,N,N,,0,,0,0,0,3,2,,1753,1,2,0,0,0,1,0,3,4,0,2,7,,N,,,,,,,,,,,
2009056501,2306.0,2,0,0,0,0,0,0,0,0,4,0,,67,5,2009,2,39.9391,-75.1664,2305.0,6,0,0,0,0,0,0,0,0,,0,0,0,23,3,0,1,,0,39 56:20.518,,0,75 09:59.207,0,0,0,0,67301,0,0,0,N,0,0,0,3,67301,0,,1,9,,N,N,,0,,0,0,0,3,2,,2300,0,2,0,0,0,0,0,3,4,0,2,7,,N,,,,,,,,,,,
2009056559,15.0,1,0,0,0,0,0,0,0,0,1,0,,67,4,2009,2,39.9913,-75.1349,15.0,6,0,0,0,1,0,0,0,0,,0,0,0,0,3,1,1,,0,39 59:29.220,,0,75 08:05.582,8,0,0,0,67301,0,0,0,,0,0,0,2,67301,0,,1,1,,,,,1,,0,0,0,3,2,,5,1,2,0,0,0,1,0,3,4,0,2,3,,N,,,,,,,,,,,
2009056567,1607.0,0,0,0,0,0,0,0,0,0,5,0,,67,5,2009,2,40.0237,-75.0606,1605.0,6,0,0,0,0,0,0,0,0,,0,0,0,14,1,1,0,,0,40 01:25.453,,0,75 03:38.322,4,0,0,0,67301,0,0,0,N,0,0,0,9,67301,1,,1,1,,N,N,,0,,0,0,1,0,0,,1400,1,2,0,0,0,0,0,3,4,1,2,3,,N,,,,,,,,,,,
2009053943,1352.0,1,0,0,0,0,0,0,0,0,4,0,,67,4,2009,5,40.0613,-75.2362,1349.0,6,0,0,0,0,0,0,0,1,,0,0,0,13,1,1,1,,0,40 03:40.050,,0,75 14:10.507,4,0,0,0,67301,0,0,0,,0,0,0,2,67301,1,,1,1,,,,,0,,0,0,0,3,2,,1340,1,2,0,0,0,0,0,3,4,1,2,3,,N,,,,,,,,,,,
2009087749,845.0,1,0,0,0,0,0,0,0,0,1,0,,67,7,2009,6,40.0766,-75.0329,839.0,6,0,0,0,0,0,0,0,0,,0,0,0,8,1,1,1,,0,40 04:36.380,,0,75 01:58.776,8,0,0,0,67301,0,0,0,,0,0,0,2,67301,0,,1,1,,,N,,1,,0,0,0,3,2,,835,1,2,0,0,1,1,0,3,4,0,2,3,,N,,,,,,,,,,,
2009093422,1757.0,1,0,0,0,0,0,0,0,0,7,0,,67,8,2009,6,39.9574,-75.2397,1725.0,6,0,0,0,0,0,0,0,0,3.0,0,0,0,17,1,1,0,,1,39 57:26.488,2.0,0,75 14:22.966,3,0,0,0,67301,0,0,0,N,0,0,0,2,67301,0,,4,1,,N,N,,0,,1,0,0,0,0,N,1720,1,1,0,0,0,0,1,3,4,0,1,3,,N,,,,,,,,,,,
2009086038,1325.0,1,0,0,0,0,0,0,0,0,4,0,,67,7,2009,5,40.0072,-75.1234,1325.0,6,0,0,0,0,0,0,0,0,,0,0,0,13,1,4,1,,0,40 00:25.981,,0,75 07:24.378,8,0,0,0,67301,0,0,0,N,0,0,0,7,67301,0,,1,1,,N,N,,0,,0,0,0,3,2,,1322,4,2,0,0,0,4,2,3,4,1,2,3,,N,,,,,,,,,,,
2009086058,1940.0,7,0,0,0,0,0,0,0,0,2,0,,67,6,2009,3,39.9458,-75.2168,1939.0,6,0,0,0,0,0,0,0,0,3.0,0,0,0,19,1,2,0,,2,39 56:44.973,6.0,0,75 13:00.447,4,0,0,0,67301,0,0,0,N,0,0,0,5,67301,2,,1,1,,N,N,,0,,0,0,0,0,0,Y,1930,2,7,0,0,1,0,2,3,4,0,7,3,,N,,,,,,,,,,,
2009081486,1559.0,2,0,0,0,0,0,0,0,0,4,0,,67,7,2009,3,39.9514,-75.1991,1559.0,6,0,0,0,0,0,0,1,0,,0,0,0,15,1,2,1,,0,39 57:04.866,,0,75 11:56.817,4,0,0,0,67301,0,0,0,N,0,0,0,3,67301,2,,1,1,,N,N,,0,,0,0,0,3,2,,1557,2,2,0,0,0,0,0,3,4,0,2,3,,N,,,,,,,,,,,
2009078945,225.0,1,0,0,0,0,0,0,0,0,2,0,,67,7,2009,1,40.0408,-75.073,222.0,6,0,0,0,0,0,0,0,0,2.0,0,0,0,2,3,2,1,,2,40 02:26.901,5.0,0,75 04:22.717,8,0,0,0,67301,0,0,0,,0,0,0,7,67301,0,,1,9,,N,N,,0,,0,0,2,3,3,Y,210,2,4,0,0,0,2,3,3,4,1,4,7,,N,,,,,,,,,,,
2009081583,1310.0,2,0,0,0,0,0,0,0,0,4,0,,67,7,2009,2,40.0511,-75.0745,1307.0,6,0,0,0,0,0,0,0,0,,0,0,0,13,1,1,1,,0,40 03:04.104,,0,75 04:28.081,3,0,0,0,67301,0,0,0,,0,0,0,2,67301,0,,1,1,,,,,0,,1,0,0,3,3,,1305,1,2,0,0,0,0,0,3,4,0,2,3,,N,,,,,,,,,,,
2009081609,8.0,0,0,0,1,0,0,0,0,0,4,0,,67,7,2009,4,39.9615,-75.1517,5.0,6,0,0,0,0,0,0,0,0,,0,0,0,0,3,1,1,,0,39 57:41.246,,0,75 09:06.281,3,0,0,0,67301,1,0,0,,0,0,0,2,67301,0,,1,9,,N,N,,0,,1,0,1,3,2,,1,1,2,0,0,0,0,0,3,4,0,1,7,,N,,,,,,,,,,,
2009081616,2030.0,2,0,0,0,0,0,0,0,0,1,0,,67,7,2009,1,40.031,-75.0857,2026.0,6,0,0,0,0,0,0,0,0,1.0,0,0,0,20,3,3,0,,1,40 01:51.701,1.0,0,75 05:07.774,4,0,0,0,67301,0,0,0,N,0,0,0,4,67301,3,,1,1,,N,N,,0,,0,0,0,3,2,N,2026,3,2,0,0,0,0,0,3,4,0,2,3,,N,,,,,,,,,,,
2009081628,420.0,1,0,0,0,0,0,1,0,0,4,1,,67,7,2009,7,39.9787,-75.1335,412.0,6,0,0,0,0,0,0,0,0,,0,0,0,4,3,1,2,,0,39 58:43.168,,0,75 08:00.641,8,0,0,0,67301,0,0,0,N,0,0,0,14,67301,0,,1,1,,N,N,,0,,0,0,0,3,2,,412,1,2,0,0,0,1,0,3,4,0,2,3,,N,,,,,,,,,,,
2009079309,9999.0,0,0,0,1,0,0,0,0,0,4,0,,67,6,2009,1,40.0065,-75.144,9999.0,6,0,0,0,0,0,1,0,0,,0,0,0,22,2,1,0,,0,40 00:23.352,,0,75 08:38.341,4,0,0,0,67301,1,0,0,N,0,0,0,2,67301,1,,1,1,,N,N,,1,,0,0,0,0,0,,2233,1,2,0,0,0,0,0,3,4,0,1,99,,N,,,,,,,,,,,
2009079045,2224.0,0,0,0,0,0,0,0,0,0,7,0,,67,7,2009,4,39.9863,-75.1561,2224.0,6,0,0,0,0,0,0,0,0,9.0,0,0,0,22,3,1,1,,1,39 59:10.631,2.0,0,75 09:22.550,8,0,0,1,67301,0,0,0,N,0,0,0,1,07301,0,,3,1,,N,N,,0,,0,0,0,3,2,N,2223,1,1,0,0,0,1,0,3,4,0,1,3,,N,,,,,,,,,,,
2009079279,9999.0,1,0,0,0,0,0,0,0,0,8,0,,67,6,2009,1,40.0392,-75.1446,2105.0,6,0,0,0,0,0,0,0,0,,0,0,0,21,3,1,0,,0,40 02:21.059,,0,75 08:40.533,2,0,0,0,67301,1,0,1,,1,0,1,2,67301,0,,1,1,,N,N,,0,,0,1,0,3,2,,2105,1,2,0,0,0,0,0,3,4,0,1,3,,N,,,,,,,,,,,
2009079474,310.0,1,0,0,0,0,0,0,0,0,8,0,,67,7,2009,1,39.9176,-75.1567,306.0,6,0,0,0,0,0,0,0,0,,0,0,0,3,3,1,1,,0,39 55:03.356,,0,75 09:24.134,4,0,0,0,67301,1,0,0,N,1,0,0,2,67301,1,,1,1,,N,N,,0,,0,0,0,0,0,,306,1,2,0,0,0,0,0,3,4,0,1,3,,N,,,,,,,,,,,
2009074615,750.0,1,0,0,0,0,0,0,0,0,7,0,,67,6,2009,4,40.0329,-75.1455,750.0,6,0,0,1,0,0,0,0,0,,0,0,0,7,1,1,0,,0,40 01:58.503,,0,75 08:43.944,4,0,0,0,67301,0,0,0,N,0,0,0,1,67301,1,,5,1,,N,N,,0,,0,0,0,0,0,,716,1,1,0,0,0,0,0,3,4,0,1,3,,N,,,,,,,,,,,
2009069211,1955.0,2,0,0,0,0,0,0,0,0,5,0,,67,6,2009,6,39.9973,-75.0818,1949.0,6,0,0,0,0,0,0,0,0,1.0,0,0,0,19,1,0,0,,1,39 59:50.640,2.0,0,75 04:54.480,0,0,0,0,67301,0,0,0,N,0,0,0,2,68K01,0,,1,1,,N,N,,0,,0,0,0,0,0,N,1947,0,2,0,0,0,0,0,3,4,0,2,3,,N,,,,,,,,,,,
2009066893,801.0,1,0,0,1,0,0,0,0,0,5,0,,67,6,2009,4,39.9878,-75.1806,800.0,6,0,0,0,0,0,0,0,0,,0,0,0,8,1,1,1,,0,39 59:16.193,,0,75 10:50.093,4,0,0,0,67301,1,0,0,,0,0,0,2,67301,1,,1,1,,N,,,0,,0,0,0,3,2,,800,1,2,0,0,0,0,1,3,4,0,1,3,,N,,,,,,,,,,,