CRN,ARRIVAL_TM,AUTOMOBILE_COUNT,BELTED_DEATH_COUNT,BELTED_SUSP_SERIOUS_INJ_COUNT,BICYCLE_COUNT,BICYCLE_DEATH_COUNT,BICYCLE_SUSP_SERIOUS_INJ_COUNT,BUS_COUNT,CHLDPAS_DEATH_COUNT,CHLDPAS_SUSP_SERIOUS_INJ_COUNT,COLLISION_TYPE,COMM_VEH_COUNT,CONS_ZONE_SPD_LIM,COUNTY,CRASH_MONTH,CRASH_YEAR,DAY_OF_WEEK,DEC_LAT,DEC_LONG,DISPATCH_TM,DISTRICT,DRIVER_COUNT_16YR,DRIVER_COUNT_17YR,DRIVER_COUNT_18YR,DRIVER_COUNT_19YR,DRIVER_COUNT_20YR,DRIVER_COUNT_50_64YR,DRIVER_COUNT_65_74YR,DRIVER_COUNT_75PLUS,EST_HRS_CLOSED,FATAL_COUNT,HEAVY_TRUCK_COUNT,HORSE_BUGGY_COUNT,HOUR_OF_DAY,ILLUMINATION,INJURY_COUNT,INTERSECT_TYPE,INTERSECTION_RELATED,LANE_CLOSED,LATITUDE,LN_CLOSE_DIR,LOCATION_TYPE,LONGITUDE,MAX_SEVERITY_LEVEL,MCYCLE_DEATH_COUNT,MCYCLE_SUSP_SERIOUS_INJ_COUNT,MOTORCYCLE_COUNT,MUNICIPALITY,NONMOTR_COUNT,NONMOTR_DEATH_COUNT,NONMOTR_SUSP_SERIOUS_INJ_COUNT,NTFY_HIWY_MAINT,PED_COUNT,PED_DEATH_COUNT,PED_SUSP_SERIOUS_INJ_COUNT,PERSON_COUNT,POLICE_AGCY,POSSIBLE_INJ_COUNT,RDWY_SURF_TYPE_CD,RELATION_TO_ROAD,ROAD_CONDITION,ROADWAY_CLEARED,SCH_BUS_IND,SCH_ZONE_IND,SECONDARY_CRASH,SMALL_TRUCK_COUNT,SPEC_JURIS_CD,SUSP_MINOR_INJ_COUNT,SUSP_SERIOUS_INJ_COUNT,SUV_COUNT,TCD_FUNC_CD,TCD_TYPE,TFC_DETOUR_IND,TIME_OF_DAY,TOT_INJ_COUNT,TOTAL_UNITS,UNB_DEATH_COUNT,UNB_SUSP_SERIOUS_INJ_COUNT,UNBELTED_OCC_COUNT,UNK_INJ_DEG_COUNT,UNK_INJ_PER_COUNT,URBAN_AREA,URBAN_RURAL,VAN_COUNT,VEHICLE_COUNT,WEATHER1,WEATHER2,WORK_ZONE_IND,WORK_ZONE_LOC,WORK_ZONE_TYPE,WORKERS_PRES,WZ_CLOSE_DETOUR,WZ_FLAGGER,WZ_LAW_OFFCR_IND,WZ_LN_CLOSURE,WZ_MOVING,WZ_OTHER,WZ_SHLDER_MDN,WZ_WORKERS_INJ_KILLED
2009067601,2125.0,0,0,0,0,0,0,0,0,0,8,0,,67,6,2009,6,40.0251,-75.133,2120.0,6,0,0,0,0,0,0,0,0,,0,0,0,21,3,1,0,,0,40 01:30.515,,0,75 07:58.724,4,0,0,0,67301,1,0,0,N,1,0,0,2,67301,1,,1,9,,N,N,,0,,0,0,0,0,0,,2110,1,2,0,0,0,0,1,3,4,1,1,7,,N,,,,,,,,,,,
2009075422,1834.0,2,0,0,0,0,0,0,0,0,6,0,,67,6,2009,2,39.9702,-75.1597,1829.0,6,0,0,0,0,1,0,0,0,1.0,0,0,0,18,1,0,1,,1,39 58:12.616,1.0,0,75 09:34.731,0,0,0,0,67301,0,0,0,,0,0,0,3,67301,0,,1,9,,,,,0,,0,0,0,3,2,N,1825,0,2,0,0,0,0,0,3,4,0,2,7,,N,,,,,,,,,,,
2009072955,1658.0,1,0,0,0,0,0,0,0,0,1,0,,67,6,2009,5,40.0052,-75.2181,1656.0,6,0,0,0,0,0,0,0,0,,0,0,0,16,1,1,0,,0,40 00:18.577,,0,75 13:05.417,8,0,0,0,67301,0,0,0,N,0,0,0,2,46104,0,,1,1,,N,N,,0,,0,0,1,0,0,,1656,1,2,0,0,0,1,0,3,4,0,2,3,,N,,,,,,,,,,,
2009067894,1254.0,0,0,0,0,0,0,0,0,0,5,2,,67,6,2009,6,39.9572,-75.1571,1247.0,6,0,0,0,0,0,0,0,0,1.0,0,2,0,12,1,0,0,,1,39 57:26.054,4.0,0,75 09:25.486,0,0,0,0,67301,0,0,0,N,0,0,0,3,68K01,0,,1,1,,N,N,,0,,0,0,0,0,0,N,1244,0,2,0,0,1,0,0,3,4,0,2,3,,N,,,,,,,,,,,
2009056033,1038.0,1,0,0,0,0,0,0,0,0,7,0,,67,5,2009,7,39.9661,-75.1867,1036.0,6,0,0,0,0,0,0,0,0,1.0,0,0,0,10,1,1,0,,2,39 58:03.005,4.0,0,75 11:20.476,8,0,0,0,67301,0,0,0,N,0,0,0,1,68K01,0,,2,1,,N,N,,0,,0,0,0,0,0,N,1034,1,1,0,0,0,1,0,3,4,0,1,3,,N,,,,,,,,,,,
2009053688,1845.0,1,0,0,0,0,0,0,0,0,1,0,,67,4,2009,3,39.9939,-75.1991,1845.0,6,0,0,0,0,1,0,0,0,,0,0,0,18,1,2,0,,0,39 59:41.246,,0,75 11:53.278,8,0,0,0,67301,0,0,0,N,0,0,0,2,68K01,0,,1,1,,N,N,,0,,0,0,1,0,0,,1844,2,2,0,0,0,2,0,3,4,0,2,3,,N,,,,,,,,,,,
2009092945,1315.0,1,0,0,0,0,0,0,0,0,8,0,,67,8,2009,6,39.9794,-75.2425,1313.0,6,0,0,0,0,0,0,0,1,,0,0,0,13,1,1,1,,0,39 58:45.897,,0,75 14:33.021,4,0,0,0,67301,1,0,0,N,1,0,0,2,67301,1,,1,1,,N,N,,0,,0,0,0,3,3,,1300,1,2,0,0,0,0,0,3,4,0,1,3,,N,,,,,,,,,,,
2009069702,1235.0,2,0,0,0,0,0,0,0,0,1,0,,67,6,2009,4,39.9293,-75.1686,1235.0,6,0,0,0,1,0,0,0,0,,0,0,0,12,1,2,1,,0,39 55:45.137,,0,75 10:07.277,8,0,0,0,67301,0,0,0,,0,0,0,3,67301,0,,1,1,,,,,0,,0,0,0,3,2,,1220,2,2,0,0,0,2,0,3,4,0,2,3,,N,,,,,,,,,,,
2009069744,201.0,1,0,0,0,0,0,0,0,0,7,0,,67,6,2009,2,39.9627,-75.1831,157.0,6,0,0,0,0,1,0,0,0,,0,0,0,1,3,0,0,,0,39 57:48.600,,0,75 11:02.040,0,0,0,0,67301,0,0,0,N,0,0,0,3,68K01,0,,2,9,,N,N,,0,,0,0,0,0,0,,154,0,2,0,0,0,0,0,3,4,1,2,7,,N,,,,,,,,,,,
2009069446,2321.0,1,0,0,0,0,0,0,0,0,2,0,,67,6,2009,3,39.9783,-75.2407,2321.0,6,0,0,0,0,0,1,0,0,1.0,0,0,0,23,3,1,0,,2,39 58:41.804,5.0,0,75 14:26.559,8,0,0,0,67301,0,0,0,,0,0,0,1,67301,0,,2,1,,N,,,1,,0,0,1,0,0,Y,2316,1,3,0,0,0,1,0,3,4,0,3,3,,N,,,,,,,,,,,
2009067282,1815.0,3,0,0,0,0,0,0,0,0,4,0,,67,5,2009,6,39.9567,-75.2175,1800.0,6,0,0,0,0,0,1,0,0,,0,0,0,18,1,2,1,,0,39 57:24.296,,0,75 13:02.938,3,0,0,0,67301,0,0,0,N,0,0,0,4,67301,1,,1,9,,N,N,,0,,1,0,0,3,3,,1800,2,3,0,0,0,0,0,3,4,0,3,7,,N,,,,,,,,,,,
2009067431,2338.0,1,0,0,0,0,0,0,0,0,2,0,,67,4,2009,1,40.0347,-75.1309,2336.0,6,0,0,0,0,0,0,0,0,,0,0,0,23,2,1,1,,0,40 02:04.999,,0,75 07:51.139,4,0,0,0,67301,0,0,0,N,0,0,0,2,67301,1,,1,1,,N,N,,0,,0,0,1,3,2,,2335,1,2,0,0,0,0,0,3,4,0,2,3,,N,,,,,,,,,,,
2009067109,1343.0,1,0,0,0,0,0,0,0,0,8,0,,67,5,2009,4,39.9542,-75.1701,1336.0,6,0,0,0,0,0,0,0,0,2.0,0,0,0,13,1,1,0,,1,39 57:15.231,4.0,0,75 10:12.303,8,0,0,0,67301,1,0,0,N,1,0,0,2,67301,0,,1,1,,N,N,,0,,0,0,0,0,0,N,1335,1,2,0,0,1,1,0,3,4,0,1,3,,N,,,,,,,,,,,
2009067454,1720.0,1,0,0,1,0,0,0,0,0,9,0,,67,6,2009,2,40.0368,-75.034,1712.0,6,0,0,0,0,0,0,0,0,,0,0,0,17,1,1,1,,0,40 02:12.447,,0,75 02:02.263,4,0,0,0,67301,1,0,0,N,0,0,0,2,67301,1,,1,1,,N,N,,0,,0,0,0,9,3,,1708,1,2,0,0,1,0,0,3,4,0,1,3,,N,,,,,,,,,,,
2009067458,1613.0,1,0,0,0,0,0,0,0,0,8,0,,67,6,2009,6,40.0228,-75.159,1611.0,6,0,0,0,0,0,0,0,1,,0,0,0,99,1,1,5,,0,40 01:22.061,,0,75 09:32.460,8,0,0,0,67301,1,0,0,N,1,0,0,2,67301,0,,1,9,,N,N,,0,,0,0,0,3,2,,9999,1,2,0,0,0,1,0,3,4,0,1,7,,N,,,,,,,,,,,
2009064935,830.0,1,0,0,0,0,0,0,0,0,8,0,,67,5,2009,6,39.9588,-75.2063,827.0,6,0,0,0,0,1,0,0,0,1.0,0,0,0,8,1,1,1,,1,39 57:31.834,1.0,0,75 12:22.607,3,0,0,0,67301,1,0,0,N,1,0,0,2,67301,0,,1,1,,N,N,,0,,1,0,0,3,2,Y,827,1,2,0,0,0,0,0,3,4,0,1,3,,N,,,,,,,,,,,
2009059728,1126.0,2,0,0,0,0,0,0,0,0,2,0,,67,4,2009,6,39.9898,-75.1352,1126.0,6,0,0,0,0,0,1,0,0,,0,0,0,11,1,0,2,,0,39 59:23.334,,0,75 08:06.773,0,0,0,0,67301,0,0,0,,0,0,0,2,67301,0,,1,9,,N,N,,0,,0,0,0,2,2,,1126,0,2,0,0,0,0,0,3,4,0,2,7,,N,,,,,,,,,,,
2009121287,1625.0,0,0,0,0,0,0,0,0,0,1,0,,67,11,2009,3,40.0387,-75.0094,1610.0,6,0,0,0,0,0,0,0,0,,0,0,0,16,1,0,0,,0,40 02:19.489,,0,75 00:33.625,0,0,0,0,67301,0,0,0,N,0,0,0,2,68K01,0,,1,1,,N,N,,1,,0,0,1,0,0,,1602,0,2,0,0,0,0,0,3,4,0,2,3,,N,,,,,,,,,,,
2009120770,1405.0,2,0,0,0,0,0,0,0,0,6,0,,67,10,2009,7,40.0319,-75.2247,1358.0,6,0,0,0,0,0,0,0,0,,0,0,0,8,6,0,0,,0,40 01:54.781,,0,75 13:28.971,0,0,0,0,67301,0,0,0,N,0,0,0,1,67301,0,,1,1,,N,N,,0,,0,0,0,0,0,,800,0,2,0,0,1,0,0,3,4,0,2,99,,N,,,,,,,,,,,
2009029779,1305.0,2,0,0,0,0,0,0,0,0,1,0,,67,1,2009,7,40.0329,-75.2145,1300.0,6,0,0,0,0,0,1,0,0,,0,0,0,12,1,1,2,,0,40 01:58.068,,0,75 12:51.989,4,0,0,0,67301,0,0,0,,0,0,0,4,67301,1,,1,1,,,,,0,,0,0,1,3,2,,1258,1,4,0,0,0,0,1,3,4,1,4,3,,N,,,,,,,,,,,
2009045364,833.0,1,0,0,0,0,0,0,0,0,1,0,,67,4,2009,5,40.0205,-75.0427,823.0,6,0,0,0,0,0,0,0,0,,0,0,0,8,1,1,0,,0,40 01:15.988,,0,75 02:28.304,4,0,0,0,67301,0,0,0,N,0,0,0,2,68K01,1,,1,1,,N,N,,1,,0,0,0,0,0,,810,1,2,0,0,0,0,0,3,4,0,2,3,,N,,,,,,,,,,,
2009045371,1036.0,1,0,0,0,0,0,0,0,0,1,0,,67,4,2009,7,39.982,-75.2076,1028.0,6,0,0,0,0,0,1,1,0,1.0,0,0,0,10,1,1,0,,2,39 58:58.853,3.0,0,75 12:29.142,4,0,0,0,67301,0,0,0,N,0,0,0,3,68K01,1,,1,1,,N,N,,0,,0,0,0,0,0,N,1025,1,2,0,0,0,0,0,3,4,1,2,3,,N,,,,,,,,,,,
2009061105,1900.0,0,0,0,0,0,0,0,0,0,7,0,,67,5,2009,6,39.9924,-75.2011,1847.0,6,0,0,0,0,0,1,0,0,1.0,0,0,0,18,1,1,0,,1,39 59:35.520,4.0,0,75 12:00.000,4,0,0,0,67301,0,0,0,N,0,0,0,1,68K01,1,,2,1,,N,N,,0,,0,0,0,0,0,N,1844,1,1,0,0,0,0,0,3,4,1,1,3,,N,,,,,,,,,,,
2009066329,1224.0,1,0,0,0,0,0,0,0,0,1,0,,67,6,2009,2,39.899,-75.1737,1212.0,6,0,0,0,0,0,1,0,0,1.0,0,0,0,12,1,0,0,,2,39 53:55.837,2.0,0,75 10:15.113,0,0,0,0,67301,0,0,0,N,0,0,0,2,68K01,0,,1,1,,N,N,,0,,0,0,1,0,0,N,1207,0,2,0,0,0,0,0,3,4,0,2,3,,N,,,,,,,,,,,
2009063903,2105.0,3,0,0,0,0,0,0,0,0,1,0,,67,5,2009,6,39.9748,-75.1985,2058.0,6,0,0,0,0,0,0,0,0,,0,0,0,20,3,3,0,,0,39 58:29.357,,0,75 11:54.367,8,0,0,0,67301,0,0,0,N,0,0,0,5,67301,0,,1,1,,N,N,,0,,0,0,0,3,2,,2055,3,3,0,0,0,3,2,3,4,0,3,3,,N,,,,,,,,,,,
2009064050,12.0,0,0,0,0,0,0,0,0,0,7,0,,67,5,2009,6,39.9899,-75.0871,11.0,6,0,0,0,0,0,0,0,0,,0,0,0,0,3,1,0,,0,39 59:23.848,,0,75 05:13.147,4,0,0,0,67301,0,0,0,Y,0,0,0,1,68K01,1,,2,9,,N,N,,0,,0,0,1,0,0,,11,1,1,0,0,0,0,0,3,4,0,1,7,,N,,,,,,,,,,,
2009058878,1000.0,1,0,0,0,0,0,0,0,0,5,0,,67,4,2009,5,39.958,-75.1769,951.0,6,0,0,0,0,0,1,0,0,,0,0,0,9,1,1,1,,0,39 57:28.839,,0,75 10:37.001,4,0,0,0,67301,0,0,0,N,0,0,0,2,67301,1,,1,1,,N,N,,0,,0,0,0,3,3,,951,1,2,0,0,0,0,0,3,4,0,2,3,,N,,,,,,,,,,,
2009053872,22.0,1,0,0,0,0,0,0,0,0,0,0,,67,4,2009,3,40.0311,-75.0217,22.0,6,0,0,0,0,0,0,0,0,2.0,0,0,0,0,2,0,0,,2,40 01:52.615,2.0,0,75 01:17.898,0,0,0,0,67301,0,0,0,N,0,0,0,2,68K01,0,,1,9,,N,N,,0,,0,0,0,0,0,N,10,0,1,0,0,0,0,0,3,4,0,1,7,,N,,,,,,,,,,,
2009056410,1459.0,2,0,0,0,0,0,0,0,0,1,0,,67,4,2009,6,39.9726,-75.2596,1450.0,6,0,0,0,0,0,0,0,0,,0,0,0,14,1,1,2,,0,39 58:21.514,,0,75 15:34.689,3,0,0,0,67301,0,0,0,N,0,0,0,3,67301,0,,1,1,,N,N,,0,,1,0,0,3,2,,1440,1,2,0,0,0,0,0,3,4,0,2,3,,N,,,,,,,,,,,
2009056416,1928.0,3,0,0,0,0,0,0,0,0,1,0,,67,4,2009,3,39.9753,-75.2621,1926.0,6,0,0,0,0,0,0,1,0,,0,0,0,19,1,0,1,,0,39 58:31.142,,0,75 15:43.505,0,0,0,0,67301,0,0,0,N,0,0,0,3,67301,0,,1,1,,N,N,,0,,0,0,0,3,2,,1920,0,3,0,0,0,0,0,3,4,0,3,3,,N,,,,,,,,,,,
2009056488,1925.0,1,0,0,0,0,0,0,0,0,7,0,,67,4,2009,4,39.946,-75.2411,1925.0,6,0,0,0,1,0,0,0,0,,0,0,0,18,1,0,0,,0,39 56:45.436,,0,75 14:27.839,0,0,0,0,67301,0,0,0,N,0,0,0,2,67301,0,,2,9,,N,N,,0,,0,0,0,3,2,,1850,0,1,0,0,0,0,0,3,4,0,1,7,,N,,,,,,,,,,,
2009093055,,2,0,0,0,0,0,0,0,0,2,0,,67,2,2009,3,,,,6,0,0,0,0,0,0,0,0,,0,0,0,9,8,1,0,,0,,,0,,8,0,0,0,67301,0,0,0,N,0,0,0,2,00000,0,,1,7,,N,N,,0,,0,0,0,0,0,,930,1,2,0,0,0,1,0,3,3,0,2,10,,N,,,,,,,,,,,
2009085901,410.0,2,0,0,0,0,0,0,0,0,5,0,,67,7,2009,1,40.0708,-75.1697,404.0,6,0,0,0,0,0,0,0,0,,0,0,0,2,3,1,0,,0,40 04:14.833,,0,75 10:10.878,4,0,0,0,67301,1,0,0,N,0,0,0,2,67301,1,,1,9,,N,N,,0,,0,0,0,0,0,,240,1,2,0,0,0,0,1,3,4,0,2,7,,N,,,,,,,,,,,
2009065649,0.0,1,0,0,0,0,0,0,0,0,4,0,,67,3,2009,1,39.925,-75.1696,0.0,6,0,0,0,0,0,1,0,0,,0,0,0,13,1,1,0,,0,39 55:29.954,,0,75 10:10.573,3,0,0,0,67301,0,0,0,N,0,0,0,3,00000,0,,6,1,,N,N,,0,,1,0,1,0,0,,1345,1,2,0,0,0,0,2,3,4,0,2,3,,N,,,,,,,,,,,
2009065654,0.0,2,0,1,0,0,0,0,0,0,1,0,,67,4,2009,7,39.9168,-75.1719,0.0,6,0,0,0,0,0,1,0,0,,0,0,0,19,4,1,2,,0,39 55:00.657,,0,75 10:18.899,2,0,0,0,67301,0,0,0,,0,0,0,2,00000,0,,1,1,,,,,0,,0,1,0,3,2,,1945,1,2,0,0,0,0,0,3,4,0,2,3,,N,,,,,,,,,,,
2009068397,1227.0,4,0,0,0,0,0,0,0,0,1,0,,67,6,2009,5,39.9781,-75.2022,1222.0,6,0,0,0,0,0,1,0,0,2.0,0,0,0,12,1,4,0,,1,39 58:43.771,3.0,0,75 12:11.750,3,0,0,0,67301,0,0,0,N,0,0,0,5,68K01,3,,1,1,,N,N,,0,,1,0,0,0,0,N,1219,4,4,0,0,0,0,0,3,4,0,4,3,,N,,,,,,,,,,,
2009086043,830.0,1,0,0,0,0,0,0,0,0,1,0,15.0,67,7,2009,6,40.0255,-75.0315,825.0,6,0,0,0,0,0,0,0,0,,0,0,0,8,1,1,0,,0,40 01:31.712,,0,75 01:53.358,4,0,0,0,67301,0,0,0,N,0,0,0,5,67301,1,,1,1,,,,,0,,0,0,0,0,0,,815,1,2,0,0,0,0,0,3,4,1,2,3,,Y,4.0,2.0,Y,U,U,N,Y,U,U,Y,
2009086490,2130.0,1,0,0,0,0,0,0,0,0,8,0,,67,7,2009,7,40.0653,-75.1461,2121.0,6,0,0,0,0,0,0,0,0,,0,0,0,20,1,1,0,,0,40 03:55.000,,0,75 08:46.129,4,0,0,0,67301,1,0,0,N,1,0,0,2,67301,1,,1,1,,N,N,,0,,0,0,0,0,0,,2057,1,2,0,0,0,0,0,3,4,0,1,3,,N,,,,,,,,,,,
2009086506,2140.0,1,0,0,0,0,0,0,0,0,2,0,,67,8,2009,2,39.9249,-75.2234,2135.0,6,0,0,0,0,0,0,1,0,,0,0,0,19,3,2,5,,0,39 55:29.812,,0,75 13:24.391,4,0,0,0,67301,0,0,0,,0,0,0,2,67301,1,,1,1,,,,,0,,0,0,1,3,2,,1957,2,2,0,0,0,1,0,3,4,0,2,3,,N,,,,,,,,,,,
2009081669,925.0,0,0,0,0,0,0,1,0,0,6,1,,67,7,2009,2,39.9679,-75.1983,921.0,6,0,0,0,0,0,1,0,0,,0,0,0,9,1,1,1,,0,39 58:04.551,,0,75 11:53.717,8,0,0,0,67301,0,0,0,N,0,0,0,12,61301,0,,1,1,,N,N,,1,,0,0,0,3,3,,915,1,2,0,0,0,1,0,3,4,0,2,3,,N,,,,,,,,,,,
2009078781,825.0,0,0,0,0,0,0,0,0,0,4,0,,67,7,2009,6,39.9901,-75.1377,9999.0,6,0,0,0,0,0,0,0,0,,0,0,0,99,1,4,1,,0,39 59:24.475,,0,75 08:15.741,4,0,0,0,67301,0,0,0,N,0,0,0,5,67301,4,,1,1,,N,N,,0,,0,0,1,3,2,,9999,4,2,0,0,0,0,0,3,4,1,2,3,,N,,,,,,,,,,,
2009078888,1515.0,1,0,0,1,0,0,0,0,0,4,0,,67,7,2009,4,40.007,-75.0968,1515.0,6,0,0,0,0,0,0,0,0,,0,0,0,15,1,1,0,,0,40 00:25.106,,0,75 05:48.498,3,0,0,0,67301,1,0,0,N,0,0,0,2,67301,0,,1,1,,N,N,,0,,1,0,0,0,0,,1510,1,2,0,0,0,0,0,3,4,0,1,3,,N,,,,,,,,,,,
2009084268,356.0,2,0,0,0,0,0,0,0,0,6,0,,67,7,2009,4,39.9524,-75.147,348.0,6,0,0,0,0,0,0,0,0,2.0,0,0,0,3,3,0,0,,1,39 57:08.602,4.0,0,75 08:49.035,0,0,0,0,67301,0,0,0,N,0,0,0,0,67301,0,,6,1,,N,N,,0,,0,0,1,0,0,N,348,0,3,0,0,0,0,0,3,4,0,3,3,,N,,,,,,,,,,,
2009078869,935.0,1,0,0,0,0,0,0,0,0,4,0,,67,7,2009,2,39.9562,-75.1941,931.0,6,0,0,0,0,0,1,0,0,,0,0,0,9,1,1,1,,0,39 57:22.432,,0,75 11:38.798,4,0,0,0,67301,0,0,0,N,0,0,0,5,67301,1,,1,1,,N,N,,0,,0,0,1,3,2,,925,1,2,0,0,0,0,0,3,4,0,2,3,,N,,,,,,,,,,,
2009079124,2050.0,1,0,0,1,0,0,0,0,0,8,0,,67,6,2009,6,39.9726,-75.1445,2022.0,6,0,0,0,0,0,1,0,0,,0,0,0,99,3,1,1,,0,39 58:21.471,,0,75 08:40.063,3,0,0,0,67301,1,0,0,,0,0,0,2,67301,0,,1,9,,,,,0,,1,0,0,3,2,,9999,1,2,0,0,0,0,0,3,4,0,1,7,,N,,,,,,,,,,,
2009079306,2125.0,0,0,0,0,0,0,0,0,0,4,0,,67,7,2009,1,39.999,-75.1203,2120.0,6,0,0,0,0,0,0,0,0,,0,0,0,21,3,1,0,,0,39 59:56.488,,0,75 07:13.182,4,0,0,1,67301,0,0,0,,0,0,0,1,67301,1,,1,1,,,,,0,,0,0,1,0,0,,2115,1,2,0,0,0,0,0,3,4,0,2,3,,N,,,,,,,,,,,
2009079023,1700.0,1,0,0,0,0,0,0,0,0,8,0,,67,7,2009,4,39.9189,-75.1597,1657.0,6,0,0,0,0,0,0,0,0,,0,0,0,16,1,1,0,,0,39 55:08.115,,0,75 09:34.740,3,0,0,0,67301,1,0,0,N,1,0,0,2,67301,0,,1,1,,N,N,,0,,1,0,0,0,0,,1655,1,2,0,0,0,0,0,3,4,0,1,3,,N,,,,,,,,,,,
2009079025,1835.0,1,0,0,0,0,0,0,0,0,8,0,,67,7,2009,4,39.9209,-75.153,1827.0,6,0,0,0,0,0,1,0,0,,0,0,0,99,1,1,0,,0,39 55:15.380,,0,75 09:10.771,4,0,0,0,67301,1,0,0,N,1,0,0,2,67301,1,,1,1,,,N,,0,,0,0,0,0,0,,9999,1,2,0,0,0,0,0,3,4,0,1,3,,N,,,,,,,,,,,
2009079026,1605.0,0,0,0,0,0,0,0,0,0,8,0,,67,1,2009,7,39.9764,-75.1734,1559.0,6,0,0,0,0,0,0,0,0,,0,0,0,15,1,1,1,,0,39 58:34.914,,0,75 10:24.315,8,0,0,0,67301,1,0,0,N,1,0,0,2,67301,0,,1,1,,N,N,,0,,0,0,1,3,3,,1555,1,2,0,0,0,1,0,3,4,0,1,3,,N,,,,,,,,,,,
2009079164,1316.0,1,0,0,0,0,0,0,0,0,1,0,,67,7,2009,5,40.1113,-75.0241,1314.0,6,0,0,0,0,0,2,0,0,,0,0,0,13,1,1,0,,0,40 06:40.831,,0,75 01:26.877,4,0,0,0,67301,0,0,0,N,0,0,0,2,67301,1,,1,1,,N,N,,1,,0,0,0,0,0,,1310,1,2,0,0,0,0,0,3,4,0,2,3,,N,,,,,,,,,,,
2009079167,2258.0,2,0,0,0,0,0,0,0,0,4,0,,67,7,2009,5,40.0243,-75.1304,2256.0,6,0,0,0,0,0,0,0,0,1.0,0,0,0,22,3,1,2,,1,40 01:26.933,1.0,6,75 07:49.340,8,0,0,0,67301,0,0,0,N,0,0,0,3,67301,0,,1,1,,N,N,,0,,0,0,0,1,2,Y,2255,1,2,0,0,0,1,0,3,4,0,2,3,,N,,,,,,,,,,,
2009079192,1935.0,2,0,0,0,0,0,0,0,0,5,0,,67,7,2009,4,40.0463,-74.9938,1928.0,6,0,0,0,0,0,0,0,0,,0,0,0,19,1,1,0,,0,40 02:46.658,,0,74 59:37.994,4,0,0,0,67301,0,0,0,,0,0,0,1,67301,1,,1,1,,,,,0,,0,0,1,0,0,,1928,1,3,0,0,0,0,0,3,4,0,3,3,,N,,,,,,,,,,,
2009074593,2200.0,1,0,0,0,0,0,0,0,0,7,0,,67,6,2009,3,39.9863,-75.1435,2200.0,6,0,0,0,0,0,0,0,0,,0,0,0,22,3,0,1,,0,39 59:10.563,,0,75 08:36.506,0,0,0,0,67301,0,0,0,,0,0,0,1,67301,0,,5,1,,,,,0,,0,0,0,3,3,,2200,0,1,0,0,0,0,0,3,4,0,1,3,,N,,,,,,,,,,,
2009070070,1135.0,1,0,0,0,0,0,0,0,0,4,0,,67,5,2009,6,40.0092,-75.1511,1131.0,6,0,0,0,1,0,0,0,0,1.0,0,0,0,11,1,5,1,,1,40 00:33.325,2.0,0,75 09:04.460,3,0,0,0,67301,0,0,0,N,0,0,0,5,67301,1,,1,1,,N,N,,1,,4,0,0,3,2,N,1130,5,6,0,0,0,0,0,3,4,4,6,3,,N,,,,,,,,,,,
2009067606,1530.0,1,0,0,0,0,0,0,0,0,6,0,,67,6,2009,7,39.9182,-75.2469,1530.0,6,0,0,0,0,1,1,0,0,2.0,0,0,0,15,1,2,0,,2,39 55:05.677,2.0,0,75 14:48.836,4,0,0,0,67301,0,0,0,N,0,0,0,4,67301,2,,1,1,,N,N,,0,,0,0,0,0,0,N,1520,2,2,0,0,2,0,0,3,4,1,2,3,,N,,,,,,,,,,,
2009065255,1945.0,1,0,0,0,0,0,0,0,0,8,0,,67,5,2009,4,39.925,-75.18,1939.0,6,0,0,0,0,0,0,0,0,,0,0,0,18,1,1,0,,0,39 55:29.953,,0,75 10:47.938,2,0,0,0,67301,1,0,1,N,1,0,1,2,67301,0,,1,1,,N,N,,0,,0,1,0,0,0,,1845,1,2,0,0,0,0,0,3,4,0,1,3,,N,,,,,,,,,,,
2009092975,1259.0,1,0,0,0,0,0,0,0,0,5,0,,67,8,2009,4,39.9821,-75.1369,1256.0,6,0,0,0,0,0,0,0,0,,0,0,0,12,1,1,1,,0,39 58:55.668,,0,75 08:12.695,4,0,0,0,67301,1,0,0,N,1,0,0,2,67301,1,,1,1,,N,N,,0,,0,0,0,3,2,,1254,1,2,0,0,0,0,0,3,4,0,1,3,,N,,,,,,,,,,,
2009092981,2139.0,2,0,0,0,0,0,0,0,0,4,0,,67,8,2009,1,39.9675,-75.232,2139.0,6,0,0,0,0,0,1,0,0,,0,0,0,21,3,3,5,,0,39 58:02.969,,0,75 13:54.998,8,0,0,0,67301,0,0,0,,0,0,0,4,67301,0,,1,1,,,,,0,,0,0,0,0,0,,2131,3,2,0,0,0,3,0,3,4,0,2,3,,N,,,,,,,,,,,
2009093316,1754.0,2,0,0,0,0,0,0,0,0,1,0,50.0,67,8,2009,2,40.0205,-75.1542,1754.0,6,0,0,0,0,0,0,0,0,1.0,0,0,0,17,1,1,6,,1,40 01:13.786,4.0,2,75 09:15.325,4,0,0,0,67301,0,0,0,N,0,0,0,3,67301,1,,1,1,,N,N,,0,,0,0,1,3,3,N,1750,1,3,0,0,0,0,1,3,4,0,3,3,,Y,3.0,1.0,N,U,U,N,Y,U,U,Y,
2009093010,1950.0,0,0,0,0,0,0,0,0,0,4,0,,67,8,2009,2,40.0268,-75.027,1940.0,6,0,0,0,0,0,0,0,0,,0,0,0,99,4,1,1,,0,40 01:34.863,,2,75 01:39.969,8,0,0,0,67301,0,0,0,N,0,0,0,2,67301,0,,1,1,,N,N,,2,,0,0,0,3,2,,9999,1,2,0,0,0,1,0,3,4,0,2,3,,N,,,,,,,,,,,