CRN,ARRIVAL_TM,AUTOMOBILE_COUNT,BELTED_DEATH_COUNT,BELTED_SUSP_SERIOUS_INJ_COUNT,BICYCLE_COUNT,BICYCLE_DEATH_COUNT,BICYCLE_SUSP_SERIOUS_INJ_COUNT,BUS_COUNT,CHLDPAS_DEATH_COUNT,CHLDPAS_SUSP_SERIOUS_INJ_COUNT,COLLISION_TYPE,COMM_VEH_COUNT,CONS_ZONE_SPD_LIM,COUNTY,CRASH_MONTH,CRASH_YEAR,DAY_OF_WEEK,DEC_LAT,DEC_LONG,DISPATCH_TM,DISTRICT,DRIVER_COUNT_16YR,DRIVER_COUNT_17YR,DRIVER_COUNT_18YR,DRIVER_COUNT_19YR,DRIVER_COUNT_20YR,DRIVER_COUNT_50_64YR,DRIVER_COUNT_65_74YR,DRIVER_COUNT_75PLUS,EST_HRS_CLOSED,FATAL_COUNT,HEAVY_TRUCK_COUNT,HORSE_BUGGY_COUNT,HOUR_OF_DAY,ILLUMINATION,INJURY_COUNT,INTERSECT_TYPE,INTERSECTION_RELATED,LANE_CLOSED,LATITUDE,LN_CLOSE_DIR,LOCATION_TYPE,LONGITUDE,MAX_SEVERITY_LEVEL,MCYCLE_DEATH_COUNT,MCYCLE_SUSP_SERIOUS_INJ_COUNT,MOTORCYCLE_COUNT,MUNICIPALITY,NONMOTR_COUNT,NONMOTR_DEATH_COUNT,NONMOTR_SUSP_SERIOUS_INJ_COUNT,NTFY_HIWY_MAINT,PED_COUNT,PED_DEATH_COUNT,PED_SUSP_SERIOUS_INJ_COUNT,PERSON_COUNT,POLICE_AGCY,POSSIBLE_INJ_COUNT,RDWY_SURF_TYPE_CD,RELATION_TO_ROAD,ROAD_CONDITION,ROADWAY_CLEARED,SCH_BUS_IND,SCH_ZONE_IND,SECONDARY_CRASH,SMALL_TRUCK_COUNT,SPEC_JURIS_CD,SUSP_MINOR_INJ_COUNT,SUSP_SERIOUS_INJ_COUNT,SUV_COUNT,TCD_FUNC_CD,TCD_TYPE,TFC_DETOUR_IND,TIME_OF_DAY,TOT_INJ_COUNT,TOTAL_UNITS,UNB_DEATH_COUNT,UNB_SUSP_SERIOUS_INJ_COUNT,UNBELTED_OCC_COUNT,UNK_INJ_DEG_COUNT,UNK_INJ_PER_COUNT,URBAN_AREA,URBAN_RURAL,VAN_COUNT,VEHICLE_COUNT,WEATHER1,WEATHER2,WORK_ZONE_IND,WORK_ZONE_LOC,WORK_ZONE_TYPE,WORKERS_PRES,WZ_CLOSE_DETOUR,WZ_FLAGGER,WZ_LAW_OFFCR_IND,WZ_LN_CLOSURE,WZ_MOVING,WZ_OTHER,WZ_SHLDER_MDN,WZ_WORKERS_INJ_KILLED
2009069683,1950.0,2,0,0,0,0,0,0,0,0,4,0,,67,6,2009,7,40.0349,-75.1426,1945.0,6,0,0,0,0,0,0,0,0,,0,0,0,19,1,1,2,,0,40 02:05.517,,0,75 08:33.284,4,0,0,0,67301,0,0,0,N,0,0,0,3,67301,1,,1,9,,N,N,,0,,0,0,0,3,3,,1938,1,2,0,0,0,0,1,3,4,0,2,7,,N,,,,,,,,,,,
2009072383,1023.0,1,0,0,0,0,0,0,0,0,4,0,,67,6,2009,3,40.0124,-75.0584,1020.0,6,0,0,0,0,0,1,0,0,2.0,0,0,0,10,1,3,2,,1,40 00:45.170,2.0,0,75 03:29.345,8,0,0,0,67301,0,0,0,,0,0,0,3,67301,0,,7,1,,,,,0,,0,0,0,3,2,Y,1020,3,2,0,0,0,3,0,3,4,1,2,3,5.0,N,,,,,,,,,,,
2009093178,1710.0,1,0,0,0,0,0,0,0,0,4,0,,67,8,2009,6,39.9911,-75.1014,1705.0,6,0,0,0,0,0,0,0,0,,0,0,0,17,1,1,0,,0,39 59:27.799,,7,75 06:04.913,8,0,0,0,67301,0,0,0,N,0,0,0,2,67301,0,,1,9,,N,N,,0,,0,0,0,3,2,,1700,1,2,0,0,0,1,0,3,4,1,2,7,,N,,,,,,,,,,,
2009083510,1645.0,3,0,0,0,0,0,0,0,0,7,0,35.0,67,7,2009,2,40.0162,-75.1756,1641.0,6,0,0,0,0,0,0,0,0,1.0,0,0,0,16,1,3,0,,2,40 00:58.320,2.0,0,75 10:32.520,8,0,0,0,67301,0,0,0,Y,0,0,0,3,67301,0,,1,1,,N,N,,0,,0,0,0,3,8,N,1637,3,3,0,0,1,3,0,3,4,0,3,3,,Y,4.0,1.0,N,U,U,N,U,U,Y,Y,
2009068396,9.0,1,0,0,0,0,0,0,0,0,4,0,,67,6,2009,7,40.0241,-75.0311,2.0,6,0,0,0,0,0,0,0,0,1.0,0,0,0,23,3,2,0,,1,40 01:26.827,1.0,0,75 01:52.178,4,0,0,0,67301,0,0,0,N,0,0,0,6,68K01,2,,1,9,,N,N,,0,,0,0,1,0,0,N,2358,2,2,0,0,0,0,0,3,4,0,2,3,,N,,,,,,,,,,,
2009085991,1210.0,1,0,0,0,0,0,0,0,0,4,0,,67,8,2009,5,39.9304,-75.1614,1200.0,6,0,0,0,0,0,0,0,0,,0,0,0,11,1,1,1,,0,39 55:49.389,,0,75 09:40.874,3,0,0,1,67301,0,0,0,,0,0,0,2,67301,0,,1,9,,,,,0,,1,0,1,3,3,,1155,1,3,0,0,0,0,0,3,4,0,3,3,,N,,,,,,,,,,,
2009086046,1315.0,1,0,0,0,0,0,0,0,0,4,0,,67,8,2009,1,40.0314,-75.1524,1031.0,6,0,0,0,0,0,0,0,0,,0,0,0,10,1,1,1,,0,40 01:52.935,,0,75 09:08.539,3,0,0,0,67301,0,0,0,N,0,0,0,2,67301,0,,1,9,,N,Y,,1,,1,0,0,3,2,,1030,1,2,0,0,0,0,1,3,4,0,2,7,,N,,,,,,,,,,,
2009086081,205.0,1,0,0,0,0,0,0,0,0,7,0,,67,7,2009,7,39.994,-75.1139,200.0,6,1,0,0,0,0,0,0,0,,0,0,0,2,3,0,0,,0,39 59:38.486,,0,75 06:49.953,0,0,0,0,67301,0,0,0,N,0,0,0,2,67301,0,,5,1,,N,N,,0,,0,0,0,0,0,,200,0,1,0,0,0,0,0,3,4,0,1,3,,N,,,,,,,,,,,
2009081665,1255.0,1,0,0,0,0,0,0,0,0,1,0,,67,7,2009,2,40.0711,-75.0379,1242.0,6,0,0,0,0,0,1,0,0,1.0,0,0,0,12,1,2,1,,1,40 04:16.241,2.0,0,75 02:17.269,8,0,0,0,67301,0,0,0,N,0,0,0,3,67301,0,,1,1,,N,N,,0,,0,0,1,3,2,N,1240,2,2,0,0,2,2,0,3,4,0,2,3,,N,,,,,,,,,,,
2009079311,1057.0,2,0,0,0,0,0,0,0,0,1,0,,67,7,2009,5,39.9511,-75.1786,1055.0,6,0,0,0,0,0,0,0,0,,0,0,0,10,1,1,0,,0,39 57:04.037,,0,75 10:42.696,8,0,0,0,67301,0,0,0,N,0,0,0,6,67301,0,,1,1,,N,N,,0,,0,0,1,0,0,,1045,1,3,0,0,0,1,0,3,4,0,3,3,,N,,,,,,,,,,,
2009079007,2043.0,0,0,0,0,0,0,0,0,0,4,0,,67,7,2009,4,40.0392,-75.0668,2041.0,6,0,0,0,0,0,0,0,0,,0,0,0,20,3,1,1,,0,40 02:21.129,,0,75 04:00.301,8,0,0,0,67301,1,0,0,N,1,0,0,2,67301,0,,1,1,,N,N,,0,,0,0,1,3,2,,2041,1,2,0,0,1,1,1,3,4,0,1,3,,N,,,,,,,,,,,
2009079162,1849.0,1,0,0,0,0,0,0,0,0,8,0,,67,7,2009,4,39.9806,-75.2465,1848.0,6,0,0,0,0,0,0,0,0,,0,0,0,18,1,1,1,,0,39 58:50.309,,0,75 14:47.378,3,0,0,0,67301,1,0,0,N,1,0,0,2,67301,0,,2,1,,N,N,,0,,1,0,0,3,2,,1846,1,2,0,0,0,0,0,3,4,0,1,3,,N,,,,,,,,,,,
2009074331,1224.0,1,0,0,0,0,0,0,0,0,8,0,,67,6,2009,6,39.9339,-75.1606,1221.0,6,0,0,0,0,0,0,0,0,9.0,0,0,0,12,1,1,0,,2,39 56:02.059,1.0,0,75 09:38.092,4,0,0,0,67301,1,0,0,N,1,0,0,2,67301,1,,1,1,,N,N,,0,,0,0,0,0,0,N,1219,1,2,0,0,0,0,0,3,4,0,1,3,,N,,,,,,,,,,,
2009071751,102.0,2,0,0,0,0,0,0,0,0,1,0,,67,6,2009,6,39.9689,-75.1992,100.0,6,0,0,0,0,0,0,0,0,,0,0,0,0,3,0,0,,0,39 58:07.960,,0,75 11:57.210,0,0,0,0,67301,0,0,0,N,0,0,0,0,67301,0,,6,9,,N,N,,0,,0,0,1,0,0,,55,0,4,0,0,0,0,0,3,4,1,4,7,,N,,,,,,,,,,,
2009074449,1244.0,1,0,0,0,0,0,0,0,0,4,0,,67,6,2009,7,39.9215,-75.1473,1244.0,6,0,0,0,0,0,0,0,0,,0,0,0,12,1,1,1,,0,39 55:17.340,,0,75 08:50.248,4,0,0,0,67301,0,0,0,N,0,0,0,3,67301,1,,1,9,,N,N,,1,,0,0,0,3,3,,1242,1,2,0,0,1,0,1,3,4,0,2,7,,N,,,,,,,,,,,
2009074622,1345.0,2,0,0,0,0,0,0,0,0,4,0,,67,6,2009,7,39.9503,-75.1917,1343.0,6,0,0,0,0,0,1,0,0,1.0,0,0,0,13,1,0,1,,1,39 57:20.355,1.0,0,75 11:22.103,0,0,0,0,67301,0,0,0,N,0,0,0,4,67301,0,,1,1,,N,N,,0,,0,0,0,3,2,N,1340,0,2,0,0,0,0,0,3,4,0,2,3,,N,,,,,,,,,,,
2009026625,1448.0,0,0,0,0,0,0,0,0,0,7,0,,67,2,2009,2,40.0059,-75.0761,1432.0,6,0,0,0,0,0,0,0,0,,0,0,0,14,1,0,0,,0,40 00:16.560,,2,75 04:36.480,9,0,0,0,67301,0,0,0,Y,0,0,0,1,68K01,0,,2,1,,N,N,,1,,0,0,0,0,0,,1429,0,1,0,0,0,0,1,3,4,0,1,3,,N,,,,,,,,,,,
2009067638,2132.0,1,0,0,1,0,0,0,0,0,4,0,,67,6,2009,1,40.0599,-75.1909,2130.0,6,0,0,0,0,0,0,0,0,,0,0,0,21,3,1,2,,0,40 03:35.818,,0,75 11:27.106,4,0,0,0,67301,1,0,0,N,0,0,0,2,67301,1,,1,1,,N,N,,0,,0,0,0,3,2,,2130,1,2,0,0,0,0,0,3,4,0,1,3,,N,,,,,,,,,,,
2009065264,420.0,2,0,0,0,0,0,0,0,0,5,0,,67,5,2009,7,39.9511,-75.2492,413.0,6,0,0,0,0,0,0,0,0,,0,0,0,4,3,0,0,,0,39 57:03.897,,0,75 14:57.042,0,0,0,0,67301,0,0,0,N,0,0,0,1,67301,0,,6,1,,N,N,,0,,0,0,2,0,0,,405,0,4,0,0,0,0,0,3,4,0,4,3,,N,,,,,,,,,,,
2009058497,1444.0,2,0,0,0,0,0,0,0,0,5,0,,67,5,2009,4,39.9861,-75.0926,1439.0,6,0,0,0,0,0,0,0,0,,0,0,0,14,1,0,0,,0,39 59:09.941,,0,75 05:33.783,9,0,0,0,67301,0,0,0,N,0,0,0,2,68K01,0,,1,1,,N,N,,0,,0,0,0,0,0,,1425,0,2,0,0,0,0,1,3,4,0,2,3,,N,,,,,,,,,,,
2009066935,1525.0,2,0,0,0,0,0,0,0,0,1,0,,67,6,2009,2,40.1141,-74.9877,1522.0,6,0,0,0,0,0,2,0,0,,0,0,0,15,1,2,1,,0,40 06:50.926,,7,74 59:15.880,4,0,0,0,67301,0,0,0,,0,0,0,3,67301,2,,1,1,,,,,0,,0,0,0,3,2,,1522,2,2,0,0,0,0,0,3,4,0,2,3,,N,,,,,,,,,,,
2009066968,110.0,1,0,0,0,0,0,0,0,0,4,0,,67,6,2009,5,39.9625,-75.2386,102.0,6,0,0,0,1,0,0,0,0,,0,0,0,0,3,2,1,,0,39 57:45.104,,0,75 14:19.085,3,0,0,0,67301,0,0,0,,0,0,0,3,67301,0,,1,9,,,,,0,,2,0,1,3,3,,54,2,2,0,0,0,0,0,3,4,0,2,7,,N,,,,,,,,,,,
2009067412,2016.0,1,0,0,0,0,0,0,0,0,8,0,,67,6,2009,1,40.0218,-75.08,2015.0,6,0,0,0,0,0,0,0,0,,0,0,0,20,1,1,0,,0,40 01:18.325,,0,75 04:48.122,4,0,0,0,67301,1,0,0,,1,0,0,2,67301,1,,1,1,,,,,0,,0,0,0,0,0,,2015,1,2,0,0,0,0,0,3,4,0,1,3,,N,,,,,,,,,,,
2009067119,1232.0,2,0,0,0,0,0,0,0,0,4,0,,67,5,2009,2,39.9172,-75.2463,1230.0,6,0,0,0,0,0,0,0,0,,0,0,0,12,1,3,1,,0,39 55:01.859,,0,75 14:46.691,2,0,0,0,67301,0,0,0,N,0,0,0,4,67301,1,,1,1,,N,N,,0,,0,1,0,3,2,,1225,3,2,0,0,0,1,0,3,4,0,2,3,,N,,,,,,,,,,,
2009067120,242.0,0,0,0,0,0,0,0,0,0,1,0,,67,6,2009,7,39.9206,-75.2414,240.0,6,0,0,0,0,0,0,0,0,,0,0,0,2,3,3,1,,0,39 55:14.271,,0,75 14:29.219,4,0,0,0,67301,0,0,0,N,0,0,0,10,67301,3,,1,1,,N,N,,0,,0,0,1,3,2,,237,3,2,0,0,1,0,0,3,4,0,2,3,,N,,,,,,,,,,,
2009065138,1150.0,0,0,0,0,0,0,0,0,0,8,0,,67,5,2009,4,40.0722,-75.0516,1148.0,6,0,0,0,0,0,0,0,0,,0,0,0,11,1,1,0,,0,40 04:19.855,,0,75 03:05.666,4,0,0,0,67301,1,0,0,,1,0,0,2,67301,1,,6,1,,,,,0,,0,0,1,0,0,,1145,1,2,0,0,0,0,0,3,4,0,1,3,,N,,,,,,,,,,,
2009111101,205.0,2,0,0,0,0,0,0,0,0,4,0,,67,10,2009,1,40.0088,-75.0677,157.0,6,0,0,0,0,1,0,0,0,1.0,0,0,0,1,3,2,0,,2,40 00:31.584,2.0,0,75 04:03.579,4,0,0,0,67301,0,0,0,N,0,0,0,3,67301,2,,1,9,,N,N,,0,,0,0,0,0,0,N,145,2,2,0,0,3,0,0,3,4,0,2,7,,N,,,,,,,,,,,
2009111103,1145.0,0,0,0,0,0,0,0,0,0,8,0,,67,10,2009,5,39.9871,-75.1222,1139.0,6,0,0,0,0,0,0,0,0,,0,0,0,11,1,1,0,,0,39 59:13.700,,0,75 07:20.062,4,0,0,0,67301,1,0,0,,1,0,0,2,67301,1,,2,9,,N,N,,0,,0,0,1,0,0,,1129,1,2,0,0,0,0,0,3,4,0,1,7,,N,,,,,,,,,,,
2009120787,2014.0,1,0,0,0,0,0,0,0,0,8,0,,67,10,2009,7,39.9978,-75.1109,2008.0,6,0,0,0,0,0,1,0,0,,0,0,0,20,3,1,0,,0,39 59:52.031,,0,75 06:39.322,4,0,0,0,67301,1,0,0,,1,0,0,2,67301,1,,1,9,,N,N,,0,,0,0,0,0,0,,2005,1,2,0,0,0,0,0,3,4,0,1,7,,N,,,,,,,,,,,
2009118878,1931.0,0,0,0,1,1,0,0,0,0,4,0,,67,10,2009,5,39.9195,-75.1403,1929.0,6,0,0,0,0,0,1,0,0,9.0,1,0,0,19,3,0,0,,1,39 55:10.316,1.0,0,75 08:24.982,1,0,0,0,67301,1,1,0,N,0,0,0,2,67301,0,2.0,1,1,,N,N,,0,0.0,0,0,1,0,0,N,1920,0,2,0,0,0,0,0,3,4,0,1,3,,N,,,,,,,,,,,
2009120828,1658.0,1,0,0,0,0,0,1,0,0,1,1,,67,10,2009,3,40.009,-75.197,1648.0,6,0,0,0,0,0,0,0,0,,0,0,0,16,1,2,0,,0,40 00:32.322,,0,75 11:49.344,8,0,0,0,67301,0,0,0,N,0,0,0,4,67301,0,,1,9,,N,N,,0,,0,0,0,3,2,,1630,2,2,0,0,0,2,0,3,4,0,2,7,,N,,,,,,,,,,,
2009118994,9.0,1,0,0,0,0,0,0,0,0,1,0,,67,10,2009,6,40.0167,-75.1582,1.0,6,0,0,0,0,0,0,0,0,,0,0,0,22,3,1,2,,0,40 00:59.954,,0,75 09:29.663,4,0,0,0,67301,0,0,0,N,0,0,0,2,67301,1,,1,9,,N,N,,0,,0,0,1,0,0,,2200,1,2,0,0,0,0,1,3,4,0,2,7,,N,,,,,,,,,,,
2009128747,832.0,1,0,0,0,0,0,0,0,0,7,0,,67,12,2009,7,39.8957,-75.1927,815.0,6,0,0,0,0,0,0,0,0,2.0,0,0,0,8,1,0,0,,2,39 53:56.082,1.0,0,75 10:43.355,0,0,0,0,67301,0,0,0,N,0,0,0,2,68K01,0,,2,9,,N,N,,0,,0,0,0,0,0,N,809,0,1,0,0,0,0,0,3,4,0,1,7,,N,,,,,,,,,,,
2009059304,2130.0,0,0,0,0,0,0,0,0,0,8,0,,67,5,2009,2,,,2109.0,6,0,0,0,0,0,0,0,0,,0,0,0,20,3,1,0,,0,,,0,,4,0,0,0,67301,1,0,0,,1,0,0,2,67301,1,,6,1,,N,N,,0,,0,0,0,0,0,,2050,1,2,0,0,0,0,0,3,3,1,1,3,,N,,,,,,,,,,,
2009093542,1.0,1,0,0,0,0,0,0,0,0,7,0,,67,8,2009,3,40.0181,-75.1691,2359.0,6,0,0,0,0,0,0,0,0,,0,0,0,23,3,1,0,,0,40 01:04.736,,2,75 09:56.523,3,0,0,0,67301,0,0,0,,0,0,0,1,67301,0,,2,1,,,,,0,,1,0,0,0,0,,2357,1,1,0,0,0,0,0,3,4,0,1,3,,N,,,,,,,,,,,
2009054228,1632.0,1,0,0,0,0,0,0,0,0,2,0,,67,4,2009,3,40.0111,-75.1642,1630.0,6,0,0,0,0,0,0,0,0,,0,0,0,16,1,5,1,,0,40 00:40.056,,0,75 09:51.282,4,0,0,0,67301,0,0,0,N,0,0,0,7,67301,5,,1,1,,N,,,1,,0,0,0,3,2,,1620,5,3,0,0,0,0,0,3,4,1,3,3,,N,,,,,,,,,,,
2009056982,1915.0,1,0,0,0,0,0,1,0,0,5,1,,67,4,2009,2,40.0088,-75.1476,1911.0,6,0,0,0,0,0,0,0,0,,0,0,0,19,1,3,1,,0,40 00:31.666,,0,75 08:51.442,3,0,0,0,67301,0,0,0,,0,0,0,4,67301,1,,1,1,,,,,0,,2,0,0,0,0,,1905,3,2,0,0,0,0,0,3,4,0,2,3,,N,,,,,,,,,,,
2009054439,1703.0,0,0,0,0,0,0,0,0,0,1,0,,67,4,2009,6,39.9616,-75.1756,1703.0,6,0,0,0,0,0,2,0,0,1.0,0,0,0,17,1,1,0,,1,39 57:42.157,3.0,0,75 10:32.923,4,0,0,0,67301,0,0,0,N,0,0,0,3,67301,1,,1,1,,N,N,,0,,0,0,1,0,0,N,1703,1,2,0,0,0,0,0,3,4,1,2,3,,N,,,,,,,,,,,
2009054464,1430.0,2,0,0,0,0,0,0,0,0,4,0,,67,4,2009,7,40.0214,-75.0794,1425.0,6,0,0,0,0,0,0,0,1,,0,0,0,14,1,4,1,,0,40 01:17.161,,0,75 04:45.952,4,0,0,0,67301,0,0,0,,0,0,0,5,67301,4,,1,1,,,,,0,,0,0,0,3,3,,1425,4,2,0,0,0,0,0,3,4,0,2,3,,N,,,,,,,,,,,
2009054333,1919.0,1,0,0,0,0,0,0,0,0,1,0,,67,5,2009,7,39.9564,-75.139,1915.0,6,0,0,0,0,1,0,0,0,2.0,0,0,0,18,1,2,0,,2,39 57:23.047,2.0,7,75 08:20.420,4,0,0,0,67301,0,0,0,,0,0,0,4,67301,2,,1,1,,,,,0,,0,0,1,0,0,Y,1858,2,2,0,0,0,0,1,3,4,0,2,3,,N,,,,,,,,,,,
2009054511,1443.0,1,0,0,0,0,0,1,0,0,1,1,,67,5,2009,6,40.0432,-74.9992,1442.0,6,0,0,0,0,0,0,0,1,,0,0,0,14,1,1,0,,0,40 02:35.363,,0,74 59:57.570,8,0,0,0,67301,1,0,0,,0,0,0,2,67301,0,,6,1,,Y,,,0,,0,0,0,0,0,,1441,1,2,0,0,0,1,0,3,4,0,2,7,,N,,,,,,,,,,,
2009054556,1750.0,1,0,0,1,0,0,0,0,0,5,0,,67,4,2009,7,39.9441,-75.1688,1743.0,6,0,0,0,0,0,0,0,0,,0,0,0,9,1,1,2,,0,39 56:38.601,,0,75 10:07.543,4,0,0,0,67301,1,0,0,,0,0,0,2,67301,1,,1,1,,N,N,,0,,0,0,0,9,2,,915,1,2,0,0,0,0,0,3,4,0,1,3,,N,,,,,,,,,,,
2009054692,1838.0,0,0,0,0,0,0,0,0,0,0,0,,67,4,2009,6,40.0422,-75.0392,1832.0,6,0,0,0,0,0,0,0,0,2.0,0,0,0,18,1,1,0,,1,40 02:31.956,2.0,0,75 02:20.961,2,0,1,1,67301,0,0,0,N,0,0,0,1,67301,0,,2,2,,N,N,,0,,0,1,0,0,0,Y,1810,1,1,0,0,0,0,0,3,4,0,1,3,,N,,,,,,,,,,,
2009086118,1712.0,1,0,0,0,0,0,0,0,0,1,0,,67,8,2009,7,40.0273,-75.099,1707.0,6,0,0,0,0,0,0,0,0,1.0,0,0,0,17,1,0,0,,1,40 01:38.868,1.0,0,75 05:57.377,9,0,0,0,67301,0,0,0,,0,0,0,3,67301,0,,1,1,,N,N,,0,,0,0,1,3,2,N,1707,0,2,0,0,0,0,1,3,4,0,2,3,,N,,,,,,,,,,,
2009086126,2340.0,1,0,0,0,0,0,0,0,0,8,0,,67,7,2009,2,40.0193,-75.0446,2307.0,6,0,0,0,0,0,0,0,0,9.0,1,0,0,23,3,0,0,,2,40 01:09.277,5.0,0,75 02:41.067,1,0,0,0,67301,1,1,0,N,1,1,0,2,67301,0,2.0,1,1,,N,N,,0,0.0,0,0,0,0,0,Y,2307,0,2,0,0,0,0,0,3,4,0,1,3,,N,,,,,,,,,,,
2009078027,905.0,1,0,0,0,0,0,0,0,0,7,0,,67,7,2009,4,39.9617,-75.1397,853.0,6,0,0,0,0,0,0,0,0,1.0,0,0,0,8,1,0,0,,1,39 57:42.503,1.0,0,75 08:22.796,0,0,0,0,67301,0,0,0,N,0,0,0,1,68K01,0,,3,1,,N,N,,0,,0,0,0,0,0,N,849,0,2,0,0,0,0,0,3,4,0,1,3,,N,,,,,,,,,,,
2009111188,2016.0,3,0,0,0,0,0,0,0,0,1,0,,67,9,2009,2,40.0515,-75.0091,2014.0,6,0,0,0,0,0,1,0,0,,0,0,0,20,2,1,1,,0,40 03:05.231,,0,75 00:32.643,4,0,0,0,67301,0,0,0,N,0,0,0,3,67301,1,,1,9,,N,N,,0,,0,0,0,3,2,,2010,1,3,0,0,0,0,0,3,4,0,3,3,,N,,,,,,,,,,,
2009111193,1330.0,2,0,0,0,0,0,0,0,0,4,0,,67,9,2009,2,40.0644,-74.9833,1325.0,6,0,0,0,0,1,0,0,1,,0,0,0,13,1,0,0,,0,40 03:51.992,,7,74 58:59.971,0,0,0,0,67301,0,0,0,N,0,0,0,2,67301,0,,1,1,,N,N,,0,,0,0,0,0,0,,1320,0,2,0,0,0,0,0,3,4,0,2,3,,N,,,,,,,,,,,
2009123752,1612.0,0,0,0,0,0,0,0,0,0,7,0,,67,11,2009,7,39.9995,-75.0846,1608.0,6,0,0,0,0,0,0,0,0,,0,0,0,15,1,1,3,,0,39 59:58.179,,2,75 05:04.576,4,0,0,0,67301,0,0,0,N,0,0,0,2,68K01,1,,9,1,,N,N,,0,,0,0,1,0,0,,1548,1,1,0,0,0,0,0,3,4,0,1,3,,N,,,,,,,,,,,
2009111038,525.0,1,0,0,0,0,0,0,0,0,7,0,,67,10,2009,3,39.948,-75.187,515.0,6,0,0,0,0,0,0,0,0,,0,0,0,5,3,1,0,,0,39 56:54.549,,0,75 11:10.505,4,0,0,0,67301,0,0,0,N,0,0,0,1,68K01,1,,2,9,,N,N,,0,,0,0,0,0,0,,514,1,1,0,0,0,0,0,3,4,0,1,7,,N,,,,,,,,,,,
2009120725,1445.0,2,0,0,0,0,0,0,0,0,5,0,,67,10,2009,1,40.0101,-75.2075,1425.0,6,0,0,1,0,0,0,0,0,,0,0,0,14,1,1,3,,0,40 00:36.395,,2,75 12:26.833,8,0,0,0,67301,0,0,0,N,0,0,0,3,67301,0,,1,1,,N,N,,0,,0,0,0,0,0,,1424,1,2,0,0,0,1,0,3,4,0,2,3,,N,,,,,,,,,,,
2009029876,956.0,1,0,0,0,0,0,0,0,0,7,0,,67,1,2009,5,40.0264,-75.0849,954.0,6,0,0,0,0,0,0,0,0,3.0,0,0,0,9,1,2,1,,2,40 01:34.968,1.0,0,75 05:05.711,2,0,0,0,67301,0,0,0,,0,0,0,2,67301,0,,5,2,,N,N,,0,,0,2,0,3,2,Y,950,2,1,0,2,2,0,0,3,4,0,1,3,,N,,,,,,,,,,,
2009050694,2245.0,0,0,0,0,0,0,0,0,0,7,0,,67,4,2009,3,39.9126,-75.1484,2244.0,6,0,0,0,0,0,0,0,0,,0,0,0,22,3,1,6,,0,39 54:46.596,,2,75 08:53.994,3,0,0,1,67301,0,0,0,N,0,0,0,1,68K01,0,,2,1,,N,N,,0,,1,0,0,0,0,,2232,1,1,0,0,0,0,0,3,4,0,1,3,,N,,,,,,,,,,,
2009066330,240.0,1,0,0,0,0,0,0,0,0,7,0,,67,6,2009,3,39.9807,-75.2061,237.0,6,0,0,0,0,0,0,0,0,,0,0,0,2,2,0,0,,0,39 58:53.040,,0,75 12:25.560,0,0,0,0,67301,0,0,0,N,0,0,0,3,68K01,0,,2,9,,N,N,,0,,0,0,0,0,0,,230,0,1,0,0,0,0,0,3,4,0,1,7,,N,,,,,,,,,,,
2009058706,1625.0,2,0,0,0,0,0,0,0,0,4,0,,67,5,2009,6,40.0354,-75.025,1622.0,6,0,0,0,0,0,0,0,0,1.0,0,0,0,16,1,0,0,,1,40 02:07.427,2.0,0,75 01:29.852,0,0,0,0,67301,0,0,0,N,0,0,0,2,67301,0,,1,9,,N,N,,0,,0,0,0,0,0,N,1600,0,2,0,0,0,0,0,3,4,0,2,7,,N,,,,,,,,,,,
2009063907,38.0,1,0,0,0,0,0,0,0,0,7,0,,67,5,2009,6,40.0217,-75.1999,30.0,6,0,0,0,0,0,0,0,0,,0,0,0,0,3,0,0,,0,40 01:18.023,,0,75 11:59.539,0,0,0,0,67301,0,0,0,N,0,0,0,1,67301,0,,2,1,,N,N,,0,,0,0,0,0,0,,5,0,1,0,0,0,0,0,3,4,0,1,3,,N,,,,,,,,,,,
2009058893,1500.0,1,0,0,0,0,0,0,0,0,7,0,,67,5,2009,1,40.0863,-74.9802,1500.0,6,0,0,0,0,0,0,0,0,,0,0,0,22,3,1,0,,0,40 05:10.785,,0,74 58:48.692,4,0,0,0,67301,0,0,0,N,0,0,0,1,67301,1,,5,9,,N,N,,0,,0,0,0,0,0,,2230,1,1,0,0,0,0,0,3,4,0,1,7,,N,,,,,,,,,,,
2009056406,1517.0,2,0,0,0,0,0,0,0,0,4,0,,67,5,2009,4,40.0454,-75.1566,1515.0,6,0,0,0,0,0,0,0,0,,0,0,0,99,1,1,1,,0,40 02:43.364,,0,75 09:23.803,8,0,0,0,67301,0,0,0,N,0,0,0,4,67301,0,,1,1,,N,N,,0,,0,0,0,3,3,,9999,1,2,0,0,0,1,3,3,4,0,2,3,,N,,,,,,,,,,,
2009056407,1146.0,1,0,0,0,0,0,0,0,0,8,0,,67,4,2009,2,40.0567,-75.1604,1144.0,6,0,0,0,1,0,0,0,0,,0,0,0,11,1,1,0,,0,40 03:23.949,,0,75 09:37.510,8,0,0,0,67301,1,0,0,,1,0,0,2,67301,0,,1,1,,,,,0,,0,0,0,0,0,,1140,1,2,0,0,0,1,0,3,4,0,1,3,,N,,,,,,,,,,,
2009056451,9999.0,2,0,0,0,0,0,0,0,0,4,0,,67,5,2009,1,40.0115,-75.0698,9999.0,6,0,0,1,0,0,0,0,0,,0,0,0,99,1,1,1,,0,40 00:42.017,,0,75 04:11.475,8,0,0,0,67301,0,0,0,N,0,0,0,4,67301,0,,1,1,,N,N,,0,,0,0,0,3,2,,9999,1,2,0,0,1,1,2,3,4,0,2,3,,N,,,,,,,,,,,