CRN,ARRIVAL_TM,AUTOMOBILE_COUNT,BELTED_DEATH_COUNT,BELTED_SUSP_SERIOUS_INJ_COUNT,BICYCLE_COUNT,BICYCLE_DEATH_COUNT,BICYCLE_SUSP_SERIOUS_INJ_COUNT,BUS_COUNT,CHLDPAS_DEATH_COUNT,CHLDPAS_SUSP_SERIOUS_INJ_COUNT,COLLISION_TYPE,COMM_VEH_COUNT,CONS_ZONE_SPD_LIM,COUNTY,CRASH_MONTH,CRASH_YEAR,DAY_OF_WEEK,DEC_LAT,DEC_LONG,DISPATCH_TM,DISTRICT,DRIVER_COUNT_16YR,DRIVER_COUNT_17YR,DRIVER_COUNT_18YR,DRIVER_COUNT_19YR,DRIVER_COUNT_20YR,DRIVER_COUNT_50_64YR,DRIVER_COUNT_65_74YR,DRIVER_COUNT_75PLUS,EST_HRS_CLOSED,FATAL_COUNT,HEAVY_TRUCK_COUNT,HORSE_BUGGY_COUNT,HOUR_OF_DAY,ILLUMINATION,INJURY_COUNT,INTERSECT_TYPE,INTERSECTION_RELATED,LANE_CLOSED,LATITUDE,LN_CLOSE_DIR,LOCATION_TYPE,LONGITUDE,MAX_SEVERITY_LEVEL,MCYCLE_DEATH_COUNT,MCYCLE_SUSP_SERIOUS_INJ_COUNT,MOTORCYCLE_COUNT,MUNICIPALITY,NONMOTR_COUNT,NONMOTR_DEATH_COUNT,NONMOTR_SUSP_SERIOUS_INJ_COUNT,NTFY_HIWY_MAINT,PED_COUNT,PED_DEATH_COUNT,PED_SUSP_SERIOUS_INJ_COUNT,PERSON_COUNT,POLICE_AGCY,POSSIBLE_INJ_COUNT,RDWY_SURF_TYPE_CD,RELATION_TO_ROAD,ROAD_CONDITION,ROADWAY_CLEARED,SCH_BUS_IND,SCH_ZONE_IND,SECONDARY_CRASH,SMALL_TRUCK_COUNT,SPEC_JURIS_CD,SUSP_MINOR_INJ_COUNT,SUSP_SERIOUS_INJ_COUNT,SUV_COUNT,TCD_FUNC_CD,TCD_TYPE,TFC_DETOUR_IND,TIME_OF_DAY,TOT_INJ_COUNT,TOTAL_UNITS,UNB_DEATH_COUNT,UNB_SUSP_SERIOUS_INJ_COUNT,UNBELTED_OCC_COUNT,UNK_INJ_DEG_COUNT,UNK_INJ_PER_COUNT,URBAN_AREA,URBAN_RURAL,VAN_COUNT,VEHICLE_COUNT,WEATHER1,WEATHER2,WORK_ZONE_IND,WORK_ZONE_LOC,WORK_ZONE_TYPE,WORKERS_PRES,WZ_CLOSE_DETOUR,WZ_FLAGGER,WZ_LAW_OFFCR_IND,WZ_LN_CLOSURE,WZ_MOVING,WZ_OTHER,WZ_SHLDER_MDN,WZ_WORKERS_INJ_KILLED
2009056497,1959.0,2,0,0,0,0,0,0,0,0,1,0,,67,4,2009,6,,,1958.0,6,0,0,0,0,0,1,0,0,,0,0,0,19,3,1,0,,0,,,0,,4,0,0,0,67301,0,0,0,N,0,0,0,2,67301,1,,1,1,,N,N,,0,,0,0,0,0,0,,1957,1,2,0,0,0,0,1,3,3,0,2,3,,N,,,,,,,,,,,
2009059120,137.0,1,0,0,0,0,0,0,0,0,7,0,,67,5,2009,6,39.9578,-75.1623,137.0,6,0,0,0,0,0,0,0,0,,0,0,0,1,3,0,0,,0,39 57:28.080,,0,75 09:44.280,0,0,0,0,67301,0,0,0,N,0,0,0,2,68K01,0,,2,1,,N,N,,0,,0,0,0,0,0,,127,0,1,0,0,0,0,0,3,4,0,1,3,,N,,,,,,,,,,,
2009053939,750.0,2,0,0,0,0,0,0,0,0,2,0,,67,4,2009,4,39.9805,-75.1978,742.0,6,0,0,0,0,0,0,0,0,1.0,0,0,0,7,1,2,2,,2,39 58:49.896,1.0,0,75 11:52.228,8,0,0,0,67301,0,0,0,,0,0,0,2,67301,0,,1,9,,,,,0,,0,0,0,0,0,Y,735,2,2,0,0,0,2,0,3,4,0,2,7,,N,,,,,,,,,,,
2009085985,420.0,2,0,0,0,0,0,0,0,0,1,0,,67,8,2009,7,39.9575,-75.2397,415.0,6,0,0,0,0,0,0,0,0,,0,0,0,3,3,0,2,,0,39 57:27.082,,0,75 14:22.905,0,0,0,0,67301,0,0,0,N,0,0,0,2,67301,0,,1,1,,N,N,,0,,0,0,0,0,0,,330,0,2,0,0,0,0,0,3,4,0,2,3,,N,,,,,,,,,,,
2009068264,1802.0,1,0,0,1,0,0,0,0,0,4,0,,67,4,2009,6,40.0394,-75.0535,1800.0,6,0,0,0,0,0,0,0,0,2.0,0,0,0,17,1,1,2,,1,40 02:21.796,3.0,0,75 03:12.427,8,0,0,0,67301,1,0,0,,0,0,0,2,67301,0,,1,1,,N,N,,0,,0,0,0,3,3,Y,1758,1,2,0,0,0,1,1,3,4,0,1,3,,N,,,,,,,,,,,
2009065833,1339.0,1,0,0,0,0,0,0,0,0,4,0,,67,5,2009,4,40.088,-74.9657,1338.0,6,0,0,0,0,0,1,0,0,,0,0,0,13,1,1,1,,0,40 05:16.738,,0,74 57:56.354,3,0,0,0,67301,0,0,0,,0,0,0,2,67301,0,,1,1,,N,N,,0,,1,0,1,3,3,,1338,1,2,0,0,0,0,0,3,4,0,2,3,,N,,,,,,,,,,,
2009086072,833.0,3,0,0,0,0,0,0,0,0,1,0,,67,7,2009,5,39.985,-75.108,832.0,6,0,0,0,0,0,0,0,1,2.0,0,0,0,8,1,1,0,,2,39 59:05.884,2.0,0,75 06:28.742,3,0,0,0,67301,0,0,0,N,0,0,0,1,67301,0,,1,1,,N,N,,0,,1,0,0,0,0,N,830,1,3,0,0,0,0,0,3,4,0,3,3,,N,,,,,,,,,,,
2009065591,0.0,1,0,0,1,0,0,0,0,0,4,0,,67,4,2009,5,39.9288,-75.1649,0.0,6,0,0,0,0,0,0,0,0,,0,0,0,2,6,1,5,,0,39 55:43.633,,0,75 09:53.787,8,0,0,0,67301,1,0,0,N,0,0,0,2,00000,0,,1,1,,N,N,,0,,0,0,0,9,9,,200,1,2,0,0,0,1,1,3,4,0,1,3,,N,,,,,,,,,,,
2009083866,1510.0,1,0,0,0,0,0,0,0,0,8,0,,67,7,2009,2,39.97,-75.2082,1500.0,6,0,0,0,0,0,0,0,0,,0,0,0,14,1,1,1,,0,39 58:12.104,,0,75 12:29.649,4,0,0,0,67301,1,0,0,N,1,0,0,2,67301,1,,1,1,,N,N,,0,,0,0,0,3,3,,1410,1,2,0,0,0,0,1,3,4,0,1,3,,N,,,,,,,,,,,
2009079261,650.0,2,0,0,0,0,0,0,0,0,4,0,,67,7,2009,5,40.0092,-75.1511,645.0,6,0,0,0,0,0,0,0,0,,0,1,0,6,1,2,1,,0,40 00:33.325,,0,75 09:04.460,4,0,0,0,67301,0,0,0,N,0,0,0,3,67301,2,,1,1,,N,N,,0,,0,0,0,3,2,,630,2,3,0,0,0,0,0,3,4,0,3,3,,N,,,,,,,,,,,
2009081582,2203.0,2,0,0,0,0,0,0,0,0,1,0,,67,7,2009,2,40.0122,-75.1505,2158.0,6,0,0,0,0,0,1,1,0,,0,0,0,21,3,2,5,,0,40 00:44.009,,0,75 09:01.745,8,0,0,0,67301,0,0,0,N,0,0,0,7,67301,0,,1,1,,N,N,,0,,0,0,0,3,2,,2157,2,2,0,0,1,2,0,3,4,0,2,3,,N,,,,,,,,,,,
2009079294,1505.0,0,0,0,0,0,0,0,0,0,8,0,,67,6,2009,1,39.9649,-75.1977,1502.0,6,0,0,0,0,0,1,0,0,1.0,0,0,0,15,1,1,0,,2,39 57:53.578,1.0,0,75 11:51.720,4,0,0,0,67301,1,0,0,N,1,0,0,2,37301,1,,1,1,,N,N,,0,,0,0,1,0,0,Y,1500,1,2,0,0,0,0,0,3,4,0,1,3,,N,,,,,,,,,,,
2009079133,827.0,1,0,0,0,0,0,0,0,0,4,0,,67,7,2009,6,40.0259,-75.0905,822.0,6,0,0,0,0,0,1,0,0,,0,0,0,8,1,1,1,,0,40 01:33.114,,0,75 05:25.730,8,0,0,0,67301,0,0,0,N,0,0,0,5,67301,0,,2,1,,N,N,,1,,0,0,0,0,0,,812,1,2,0,0,0,1,0,3,4,0,2,3,,N,,,,,,,,,,,
2009079245,1750.0,1,0,0,0,0,0,0,0,0,8,0,,67,7,2009,5,39.9875,-75.119,1745.0,6,0,0,0,0,0,0,0,0,,0,0,0,17,1,1,0,,0,39 59:15.043,,0,75 07:08.443,4,0,0,0,67301,1,0,0,,1,0,0,2,67301,1,,1,1,,,,,0,,0,0,0,0,0,,1745,1,2,0,0,0,0,0,3,4,0,1,3,,N,,,,,,,,,,,
2009074490,900.0,1,0,0,1,0,0,0,0,0,5,0,,67,6,2009,6,39.9515,-75.1519,859.0,6,0,0,0,0,0,1,0,0,,0,0,0,8,1,1,0,,0,39 57:05.468,,0,75 09:06.722,4,0,0,0,67301,1,0,0,N,0,0,0,2,67301,1,,1,1,,N,N,,0,,0,0,0,0,0,,859,1,2,0,0,1,0,0,3,4,0,1,3,,N,,,,,,,,,,,
2009072025,1405.0,2,0,0,0,0,0,0,0,0,1,0,,67,6,2009,2,,,1401.0,6,0,0,0,1,0,0,0,0,1.0,0,0,0,13,1,2,0,,2,,2.0,0,,4,0,0,0,67301,0,0,0,N,0,0,0,3,67301,2,,1,1,,N,N,,0,,0,0,0,0,0,N,1359,2,2,0,0,0,0,0,3,3,0,2,3,,N,,,,,,,,,,,
2009072026,2126.0,1,0,0,0,0,0,0,0,0,4,0,,67,6,2009,5,39.9968,-75.1034,2125.0,6,0,0,0,0,1,0,0,0,,0,0,0,21,3,1,1,,0,39 59:48.427,,0,75 06:12.178,8,0,0,0,67301,0,0,0,N,0,0,0,3,67301,0,,1,9,,N,N,,0,,0,0,0,3,2,,2125,1,2,0,0,0,1,0,3,4,0,2,7,,N,,,,,,,,,,,
2009074535,2029.0,2,0,0,0,0,0,0,0,0,1,0,,67,6,2009,5,40.0244,-75.1469,2025.0,6,0,0,0,0,0,0,0,0,,0,0,0,20,1,2,1,,0,40 01:27.922,,0,75 08:48.832,4,0,0,0,67301,0,0,0,N,0,0,0,3,67301,2,,1,1,,N,N,,0,,0,0,0,3,2,,2001,2,2,0,0,0,0,1,3,4,0,2,3,,N,,,,,,,,,,,
2009074601,1820.0,0,0,0,0,0,0,0,0,0,8,0,,67,6,2009,2,39.9888,-75.1202,1813.0,6,0,0,0,0,0,0,0,0,,0,0,0,17,1,1,1,,0,39 59:19.554,,0,75 07:12.678,4,0,0,0,67301,1,0,0,N,1,0,0,2,67301,1,,1,1,,N,N,,0,,0,0,0,3,2,,1745,1,2,0,0,0,0,0,3,4,0,1,3,,N,,,,,,,,,,,
2009082685,1435.0,0,0,0,0,0,0,1,0,0,1,2,,67,7,2009,4,39.9218,-75.1901,1435.0,6,0,0,0,0,0,2,0,0,4.0,0,1,0,14,1,1,1,,2,39 55:18.582,4.0,2,75 11:24.405,8,0,0,0,67301,0,0,0,Y,0,0,0,64,67301,0,,1,1,,Y,N,,0,,0,0,1,3,2,Y,1435,1,3,0,0,0,1,0,3,4,0,3,3,,N,,,,,,,,,,,
2009080084,1706.0,1,0,0,1,0,0,0,0,0,1,0,,67,7,2009,6,39.9248,-75.2356,1705.0,6,0,0,0,0,0,0,0,0,,0,0,0,17,1,1,1,,0,39 55:29.143,,0,75 14:08.116,4,0,0,0,67301,1,0,0,N,0,0,0,2,67301,1,,1,1,,N,N,,0,,0,0,0,3,2,,1700,1,2,0,0,0,0,0,3,4,0,1,3,,N,,,,,,,,,,,
2009075341,1642.0,1,0,0,0,0,0,0,0,0,1,1,,67,7,2009,6,40.0062,-75.216,1638.0,6,0,0,0,0,0,1,0,0,,0,1,0,16,1,0,0,,0,40 00:22.009,,0,75 12:58.104,0,0,0,0,67301,0,0,0,N,0,0,0,2,46104,0,,1,1,,N,N,,0,,0,0,0,0,0,,1630,0,2,0,0,0,0,0,3,4,0,2,3,,N,,,,,,,,,,,
2009075455,1904.0,1,0,0,0,0,0,0,0,0,8,0,,67,6,2009,1,40.0279,-75.1489,1857.0,6,0,0,0,0,0,0,0,0,1.0,0,0,0,18,1,1,1,,1,40 01:40.303,1.0,0,75 08:55.964,8,0,0,0,67301,1,0,0,N,1,0,0,2,67301,0,,1,1,,N,N,,0,,0,0,0,0,0,N,1857,1,2,0,0,0,1,0,3,4,0,1,3,,N,,,,,,,,,,,
2009065244,126.0,1,0,0,0,0,0,0,0,0,8,0,,67,5,2009,1,40.0296,-75.1246,125.0,6,0,0,0,0,0,0,0,0,2.0,0,0,0,1,2,1,0,,2,40 01:46.639,5.0,0,75 07:28.671,3,0,0,0,67301,1,0,0,N,1,0,0,3,67301,0,,1,1,,N,N,,0,,1,0,0,0,0,N,115,1,2,0,0,0,0,0,3,4,0,1,3,,N,,,,,,,,,,,
2009065259,1955.0,1,0,0,1,0,0,0,0,0,4,0,,67,5,2009,3,39.957,-75.2255,1950.0,6,0,0,0,0,0,0,0,0,,0,0,0,19,1,1,1,,0,39 57:25.067,,0,75 13:31.807,8,0,0,0,67301,1,0,0,N,0,0,0,2,67301,0,,1,1,,N,N,,0,,0,0,0,3,2,,1940,1,2,0,0,0,1,0,3,4,0,1,3,,N,,,,,,,,,,,
2009065262,329.0,1,0,0,0,0,0,0,0,0,8,0,,67,5,2009,1,39.9505,-75.1926,316.0,6,0,0,0,0,0,0,0,0,,0,0,0,1,3,1,1,,0,39 57:01.634,,0,75 11:33.356,4,0,0,0,67301,1,0,0,N,1,0,0,2,67301,1,,1,1,,N,N,,0,,0,0,0,9,2,,140,1,2,0,0,0,0,0,3,4,0,1,3,,N,,,,,,,,,,,
2009065821,206.0,0,0,0,0,0,0,0,0,0,1,0,,67,5,2009,7,40.0356,-75.1239,204.0,6,0,0,0,0,0,1,0,0,,0,0,0,2,3,1,1,,0,40 02:08.080,,0,75 07:25.889,4,0,0,1,67301,0,0,0,N,0,0,0,3,67301,1,,1,1,,N,N,,0,,0,0,1,3,2,,200,1,2,0,0,0,0,0,3,4,0,2,3,,N,,,,,,,,,,,
2009092961,1450.0,3,0,0,0,0,0,0,0,0,1,0,,67,8,2009,7,40.0261,-75.0966,1427.0,6,0,0,0,0,0,0,1,0,1.0,0,0,0,14,1,2,1,,1,40 01:34.938,1.0,0,75 05:51.163,8,0,0,0,67301,0,0,0,,0,0,0,5,67301,0,,1,1,,N,N,,0,,0,0,0,3,2,Y,1420,2,3,0,0,0,2,0,3,4,0,3,3,,N,,,,,,,,,,,
2009120588,1140.0,1,0,0,0,0,0,0,0,0,8,0,,67,11,2009,2,40.0356,-75.2174,1130.0,6,0,0,0,0,0,0,1,0,,0,0,0,11,1,1,1,,0,40 02:07.762,,0,75 13:02.189,4,0,0,0,67301,1,0,0,N,1,0,0,2,67301,1,,1,1,,N,N,,0,,0,0,0,3,2,,1125,1,2,0,0,0,0,0,3,4,0,1,3,,N,,,,,,,,,,,
2009120649,252.0,1,0,0,0,0,0,0,0,0,5,0,,67,11,2009,3,39.9353,-75.1647,251.0,6,0,0,0,0,0,0,0,0,2.0,0,0,0,2,3,0,0,,2,39 56:06.925,6.0,0,75 09:53.082,0,0,0,0,67301,0,0,0,N,0,0,0,1,67301,0,,1,1,,N,N,,0,,0,0,1,0,0,N,251,0,2,0,0,0,0,0,3,4,0,2,3,,N,,,,,,,,,,,
2009118955,302.0,2,0,0,0,0,0,0,0,0,1,0,,67,10,2009,5,39.9383,-75.1716,301.0,6,0,0,0,0,0,0,0,0,,0,0,0,3,3,1,0,,0,39 56:17.761,,0,75 10:17.880,4,0,0,0,67301,1,0,0,N,0,0,0,4,67301,1,,2,1,,N,N,,0,,0,0,0,0,0,,300,1,2,0,0,1,0,0,3,4,0,2,3,,N,,,,,,,,,,,
2009133664,923.0,2,0,0,0,0,0,0,0,0,2,0,,67,12,2009,7,40.0389,-75.009,922.0,6,0,0,0,0,0,0,0,1,,0,0,0,8,1,0,0,,0,40 02:20.040,,0,75 00:32.040,0,0,0,0,67301,0,0,0,N,0,0,0,2,68K01,0,,1,7,,N,N,,0,,0,0,0,0,0,,823,0,2,0,0,0,0,0,3,4,0,2,10,,N,,,,,,,,,,,
2009120713,1750.0,1,0,0,0,0,0,0,0,0,7,0,,67,10,2009,5,40.0407,-75.1584,1741.0,6,0,0,0,0,0,0,0,0,,0,0,0,17,4,1,2,,0,40 02:26.566,,0,75 09:30.254,4,0,0,0,67301,0,0,0,,0,0,0,1,67301,1,,5,9,,,,,0,,0,0,0,0,0,,1740,1,1,0,0,0,0,0,3,4,0,1,7,,N,,,,,,,,,,,
2009120742,1942.0,2,0,0,0,0,0,0,0,0,4,0,,67,10,2009,1,40.0809,-75.0288,1940.0,6,0,0,0,0,0,1,0,0,1.0,0,0,0,19,3,1,1,,1,40 04:51.077,3.0,0,75 01:43.585,4,0,0,0,67301,0,0,0,N,0,0,0,2,67301,1,,1,1,,N,N,,0,,0,0,0,3,2,N,1940,1,2,0,0,0,0,0,3,4,0,2,3,,N,,,,,,,,,,,
2009042604,937.0,2,0,0,0,0,0,0,0,0,4,0,,67,1,2009,2,40.0512,-75.1187,932.0,6,0,0,0,0,0,0,0,0,,0,0,0,9,1,1,1,,0,40 03:04.264,,0,75 07:06.963,8,0,0,0,67301,0,0,0,N,0,0,0,2,46102,0,,1,1,,N,N,,0,,0,0,0,3,2,,931,1,2,0,0,0,1,0,3,4,0,2,3,,N,,,,,,,,,,,
2009040181,1645.0,0,0,0,0,0,0,0,0,0,5,0,,67,4,2009,5,40.0084,-75.2037,1640.0,6,0,0,0,0,0,1,0,0,,0,0,0,16,1,1,0,,0,40 00:30.712,,0,75 12:14.420,3,0,0,1,67301,0,0,0,N,0,0,0,2,68K01,0,,1,1,,N,N,,1,,1,0,0,0,0,,1637,1,2,0,0,0,0,0,3,4,0,2,3,,N,,,,,,,,,,,
2009045365,752.0,3,0,0,0,0,0,0,0,0,1,0,,67,4,2009,6,40.0066,-75.1995,738.0,6,0,0,0,0,0,1,0,0,,0,0,0,7,1,0,7,,0,40 00:23.157,,2,75 11:57.364,0,0,0,0,67301,0,0,0,N,0,0,0,4,68K01,0,,1,1,,N,N,,0,,0,0,1,0,0,,736,0,4,0,0,0,0,0,3,4,0,4,3,,N,,,,,,,,,,,
2009061106,1700.0,1,0,0,0,0,0,0,0,0,7,0,,67,5,2009,1,39.9004,-75.1566,1632.0,6,0,0,0,0,1,0,0,0,1.0,0,0,0,16,1,0,0,,1,39 54:06.120,2.0,0,75 09:06.120,0,0,0,0,67301,0,0,0,N,0,0,0,1,68K01,0,,4,1,,N,N,,0,,0,0,0,0,0,N,1629,0,1,0,0,1,0,0,3,4,0,1,3,,N,,,,,,,,,,,
2009063817,252.0,1,0,0,0,0,0,0,0,0,7,0,,67,5,2009,7,39.9421,-75.2082,248.0,6,0,0,0,0,0,0,0,0,,0,0,0,2,3,3,0,,0,39 56:31.464,,0,75 12:29.641,3,0,0,0,67301,0,0,0,N,0,0,0,4,67301,1,,2,1,,N,N,,0,,2,0,0,0,0,,245,3,1,0,0,0,0,0,3,4,0,1,3,,N,,,,,,,,,,,
2009063822,2135.0,1,0,0,0,0,0,0,0,0,8,0,,67,5,2009,6,39.9597,-75.2351,2124.0,6,0,0,0,0,0,0,0,0,1.0,0,0,0,21,3,1,0,,2,39 57:34.940,3.0,0,75 14:06.279,3,0,0,0,67301,1,0,0,N,1,0,0,2,67301,0,,1,1,,N,N,,0,,1,0,0,0,0,Y,2123,1,2,0,0,0,0,0,3,4,0,1,3,,N,,,,,,,,,,,
2009063814,128.0,0,0,0,0,0,0,0,0,0,7,0,,67,5,2009,1,39.9142,-75.1379,126.0,6,0,0,0,0,0,0,0,0,2.0,0,0,0,1,3,2,0,,1,39 54:50.940,1.0,0,75 08:16.432,3,0,0,1,67301,0,0,0,,0,0,0,2,67301,0,,1,1,,,,,0,,2,0,0,0,0,Y,123,2,1,0,0,0,0,0,3,4,0,1,3,,N,,,,,,,,,,,
2009063878,1620.0,0,0,0,0,0,0,1,0,0,8,1,,67,5,2009,1,40.0412,-75.1445,1615.0,6,0,0,0,0,0,0,0,0,2.0,0,0,0,99,1,1,3,,2,40 02:28.338,5.0,0,75 08:40.106,8,0,0,0,67301,1,0,0,N,1,0,0,2,67301,0,,1,1,,N,N,,0,,0,0,0,3,2,Y,9999,1,2,0,0,0,1,0,3,4,0,1,3,,N,,,,,,,,,,,
2009056264,1358.0,1,0,0,0,0,0,0,0,0,1,0,,67,5,2009,1,40.0092,-75.2048,1357.0,6,0,0,0,0,0,0,0,0,,0,0,0,13,1,1,7,,0,40 00:33.381,,2,75 12:17.656,8,0,0,0,67301,0,0,0,N,0,0,0,2,68K01,0,,1,1,,N,N,,0,,0,0,1,0,0,,1352,1,2,0,0,0,1,0,3,4,0,2,3,,N,,,,,,,,,,,
2009063969,1807.0,0,0,0,0,0,0,0,0,0,6,0,,67,5,2009,5,40.1021,-75.0497,1802.0,6,0,0,0,0,0,1,0,0,,0,0,0,17,1,3,0,,0,40 06:07.609,,0,75 02:58.981,4,0,0,0,67301,0,0,0,N,0,0,0,4,67301,2,,1,1,,N,N,,0,,0,0,2,0,0,,1750,3,2,0,0,0,1,0,3,4,0,2,3,,N,,,,,,,,,,,
2009056503,2045.0,1,0,0,0,0,0,0,0,0,1,0,,67,5,2009,4,40.0062,-75.1518,2036.0,6,0,0,0,1,0,0,0,0,,0,0,0,20,3,1,1,,0,40 00:22.269,,0,75 09:06.895,4,0,0,0,67301,0,0,0,N,0,0,0,6,67301,1,,1,9,,N,N,,0,,0,0,1,0,0,,2030,1,3,0,0,0,0,0,3,4,1,3,7,,N,,,,,,,,,,,
2009056569,840.0,1,0,0,0,0,0,0,0,0,4,0,,67,5,2009,6,39.9379,-75.2339,837.0,6,0,0,0,0,0,0,0,0,,0,0,0,8,1,1,5,,0,39 56:16.525,,0,75 14:02.111,8,0,0,0,67301,0,0,0,,0,0,0,2,67301,0,,1,9,,,,,1,,0,0,0,3,2,,800,1,2,0,0,0,1,0,3,4,0,2,7,,N,,,,,,,,,,,
2009056662,54.0,1,0,0,0,0,0,0,0,0,7,0,,67,5,2009,7,39.9936,-75.1995,51.0,6,0,0,0,0,0,0,0,0,,0,0,0,0,3,0,0,,0,39 59:39.965,,0,75 11:54.615,0,0,0,0,67301,0,0,0,N,0,0,0,2,68K01,0,,1,1,,N,N,,0,,0,0,0,0,0,,38,0,1,0,0,0,0,0,3,4,0,1,3,,N,,,,,,,,,,,
2009087753,1836.0,1,0,0,0,0,0,0,0,0,5,0,,67,7,2009,6,39.9372,-75.1615,1835.0,6,0,0,1,0,0,0,0,0,,0,0,0,18,1,1,1,,0,39 56:13.855,,0,75 09:41.371,4,0,0,0,67301,0,0,0,,0,0,0,3,67301,1,,1,1,,,,,1,,0,0,0,3,2,,1830,1,2,0,0,2,0,0,3,4,0,2,3,,N,,,,,,,,,,,
2009085922,1640.0,1,0,0,0,0,0,0,0,0,2,0,,67,8,2009,7,40.0215,-75.0412,1633.0,6,0,0,0,0,0,0,0,0,,0,0,0,99,1,2,1,,0,40 01:34.863,,2,75 01:39.969,4,0,0,0,67301,0,0,0,N,0,0,0,3,67301,2,,1,1,,N,N,,0,,0,0,1,0,0,,9999,2,2,0,0,0,0,0,3,4,0,2,3,,N,,,,,,,,,,,
2009083350,529.0,1,0,0,0,0,0,0,0,0,7,0,,67,7,2009,3,40.0609,-75.155,526.0,6,0,0,0,0,0,0,0,0,,0,0,0,5,5,1,0,,0,40 03:39.210,,0,75 09:18.171,4,0,0,0,67301,0,0,0,N,0,0,0,1,67301,1,,5,9,,N,N,,0,,0,0,0,0,0,,524,1,1,0,0,0,0,0,3,4,0,1,7,,N,,,,,,,,,,,
2009065834,900.0,2,0,0,0,0,0,0,0,0,1,0,,67,5,2009,6,40.0406,-75.0522,841.0,6,0,0,0,0,0,0,0,0,,0,0,0,8,1,1,1,,0,40 02:26.300,,0,75 03:08.081,4,0,0,0,67301,0,0,0,N,0,0,0,3,67301,1,,1,1,,N,N,,0,,0,0,0,0,0,,840,1,2,0,0,0,0,0,3,4,0,2,3,,N,,,,,,,,,,,
2009086098,942.0,2,0,0,0,0,0,0,0,0,6,0,,67,7,2009,5,39.9396,-75.1982,936.0,6,0,0,0,0,0,0,0,0,,0,0,0,9,1,2,0,,0,39 56:22.659,,7,75 11:53.374,8,0,0,0,67301,0,0,0,N,0,0,0,2,67301,0,,1,1,,N,N,,0,,0,0,0,0,0,,934,2,2,0,0,0,2,0,3,4,0,2,3,,N,,,,,,,,,,,
2009081666,1503.0,2,0,0,0,0,0,0,0,0,5,0,,67,7,2009,2,40.0446,-75.0547,1442.0,6,0,0,0,0,0,1,0,0,2.0,0,0,0,14,1,2,1,,1,40 02:40.636,2.0,0,75 03:16.819,4,0,0,0,67301,1,0,0,N,1,0,0,3,67301,1,,1,1,,N,N,,0,,0,0,0,3,2,N,1440,2,3,0,0,2,1,0,3,4,0,2,3,,N,,,,,,,,,,,
2009083852,435.0,0,0,0,0,0,0,0,0,0,2,0,,67,7,2009,1,40.0456,-75.09,425.0,6,0,0,0,0,0,0,0,0,3.0,0,0,0,3,3,0,0,,2,40 02:44.192,5.0,0,75 05:24.057,9,0,0,0,67301,0,0,0,N,0,0,0,2,67301,0,,1,1,,N,N,,0,,0,0,0,0,0,Y,319,0,2,0,0,0,0,1,3,4,2,2,3,,N,,,,,,,,,,,
2009083868,1925.0,1,0,0,1,0,0,0,0,0,1,0,,67,7,2009,7,39.9311,-75.1923,1921.0,6,0,0,0,0,0,0,0,0,9.0,0,0,0,19,3,1,1,,1,39 55:51.794,4.0,0,75 11:32.341,4,0,0,0,67301,1,0,0,N,0,0,0,2,67301,1,,1,1,,N,N,,0,,0,0,0,0,0,N,1920,1,3,0,0,0,0,0,3,4,1,2,3,,N,,,,,,,,,,,
2009084266,1407.0,1,0,0,0,0,0,0,0,0,6,0,,67,7,2009,7,39.9618,-75.1575,1405.0,6,0,0,0,0,0,1,1,0,3.0,0,0,0,14,1,2,0,,2,39 57:42.649,5.0,0,75 09:27.157,4,0,0,0,67301,0,0,0,N,0,0,0,2,67301,2,,1,9,,N,N,,1,,0,0,0,3,2,Y,1402,2,3,0,0,1,0,0,3,4,1,3,3,,N,,,,,,,,,,,
2009076328,544.0,0,0,0,0,0,0,0,0,0,7,0,,67,6,2009,6,39.9324,-75.2002,541.0,6,0,0,0,0,0,0,0,0,1.0,0,0,0,5,5,1,0,,1,39 55:54.692,3.0,0,75 11:59.761,4,0,0,0,67301,0,0,0,N,0,0,0,1,68K01,1,,4,9,,N,N,,0,,0,0,1,0,0,N,540,1,1,0,0,0,0,0,3,4,0,1,7,,N,,,,,,,,,,,
2009079301,2022.0,1,0,0,0,0,0,0,0,0,4,0,,67,7,2009,3,39.9392,-75.1933,2020.0,6,0,0,0,0,0,0,0,1,2.0,0,0,0,20,3,5,2,,1,39 56:21.084,1.0,7,75 11:35.786,3,0,0,0,67301,0,0,0,,0,0,0,5,67301,1,,1,1,,N,N,,0,,2,0,1,3,2,N,2020,5,2,0,0,1,2,0,3,4,0,2,3,,N,,,,,,,,,,,
2009079046,155.0,1,0,0,1,0,0,0,0,0,4,0,,67,7,2009,1,39.9508,-75.2228,152.0,6,0,0,0,0,0,0,0,0,,0,0,0,1,3,1,1,,0,39 57:02.779,,1,75 13:21.979,4,0,0,0,67301,1,0,0,N,0,0,0,2,67301,1,,1,9,,N,N,,0,,0,0,0,3,3,,100,1,2,0,0,0,0,1,3,4,0,1,7,,N,,,,,,,,,,,
2009079200,927.0,2,0,0,0,0,0,0,0,0,1,0,,67,7,2009,6,39.9219,-75.1892,926.0,6,0,0,0,0,0,1,0,0,,0,0,0,9,1,1,0,,0,39 55:18.798,,0,75 11:20.804,8,0,0,0,67301,0,0,0,N,0,0,0,5,67301,0,,1,1,,N,N,,0,,0,0,1,3,2,,920,1,3,0,0,0,1,0,3,4,0,3,3,,N,,,,,,,,,,,