CRN,ARRIVAL_TM,AUTOMOBILE_COUNT,BELTED_DEATH_COUNT,BELTED_SUSP_SERIOUS_INJ_COUNT,BICYCLE_COUNT,BICYCLE_DEATH_COUNT,BICYCLE_SUSP_SERIOUS_INJ_COUNT,BUS_COUNT,CHLDPAS_DEATH_COUNT,CHLDPAS_SUSP_SERIOUS_INJ_COUNT,COLLISION_TYPE,COMM_VEH_COUNT,CONS_ZONE_SPD_LIM,COUNTY,CRASH_MONTH,CRASH_YEAR,DAY_OF_WEEK,DEC_LAT,DEC_LONG,DISPATCH_TM,DISTRICT,DRIVER_COUNT_16YR,DRIVER_COUNT_17YR,DRIVER_COUNT_18YR,DRIVER_COUNT_19YR,DRIVER_COUNT_20YR,DRIVER_COUNT_50_64YR,DRIVER_COUNT_65_74YR,DRIVER_COUNT_75PLUS,EST_HRS_CLOSED,FATAL_COUNT,HEAVY_TRUCK_COUNT,HORSE_BUGGY_COUNT,HOUR_OF_DAY,ILLUMINATION,INJURY_COUNT,INTERSECT_TYPE,INTERSECTION_RELATED,LANE_CLOSED,LATITUDE,LN_CLOSE_DIR,LOCATION_TYPE,LONGITUDE,MAX_SEVERITY_LEVEL,MCYCLE_DEATH_COUNT,MCYCLE_SUSP_SERIOUS_INJ_COUNT,MOTORCYCLE_COUNT,MUNICIPALITY,NONMOTR_COUNT,NONMOTR_DEATH_COUNT,NONMOTR_SUSP_SERIOUS_INJ_COUNT,NTFY_HIWY_MAINT,PED_COUNT,PED_DEATH_COUNT,PED_SUSP_SERIOUS_INJ_COUNT,PERSON_COUNT,POLICE_AGCY,POSSIBLE_INJ_COUNT,RDWY_SURF_TYPE_CD,RELATION_TO_ROAD,ROAD_CONDITION,ROADWAY_CLEARED,SCH_BUS_IND,SCH_ZONE_IND,SECONDARY_CRASH,SMALL_TRUCK_COUNT,SPEC_JURIS_CD,SUSP_MINOR_INJ_COUNT,SUSP_SERIOUS_INJ_COUNT,SUV_COUNT,TCD_FUNC_CD,TCD_TYPE,TFC_DETOUR_IND,TIME_OF_DAY,TOT_INJ_COUNT,TOTAL_UNITS,UNB_DEATH_COUNT,UNB_SUSP_SERIOUS_INJ_COUNT,UNBELTED_OCC_COUNT,UNK_INJ_DEG_COUNT,UNK_INJ_PER_COUNT,URBAN_AREA,URBAN_RURAL,VAN_COUNT,VEHICLE_COUNT,WEATHER1,WEATHER2,WORK_ZONE_IND,WORK_ZONE_LOC,WORK_ZONE_TYPE,WORKERS_PRES,WZ_CLOSE_DETOUR,WZ_FLAGGER,WZ_LAW_OFFCR_IND,WZ_LN_CLOSURE,WZ_MOVING,WZ_OTHER,WZ_SHLDER_MDN,WZ_WORKERS_INJ_KILLED
2009079214,1305.0,1,0,0,0,0,0,0,0,0,8,0,,67,7,2009,6,40.0296,-75.0808,1300.0,6,0,0,0,0,0,0,0,0,,0,0,0,12,1,1,1,,0,40 01:46.491,,0,75 04:51.013,4,0,0,0,67301,1,0,0,N,1,0,0,2,67301,1,,5,1,,N,N,,0,,0,0,0,0,0,,1240,1,2,0,0,0,0,0,3,4,0,1,3,,N,,,,,,,,,,,
2009071455,1125.0,2,0,0,0,0,0,0,0,0,6,0,,67,6,2009,6,40.0152,-75.1472,1125.0,6,0,1,0,0,0,1,0,0,,0,0,0,11,1,2,1,,0,40 00:54.748,,0,75 08:49.919,8,0,0,0,67301,0,0,0,N,0,0,0,4,67301,0,,1,1,,N,N,,0,,0,0,0,3,2,,1115,2,2,0,0,0,2,0,3,4,0,2,3,,N,,,,,,,,,,,
2009074538,1945.0,1,0,0,1,0,0,0,0,0,4,0,,67,6,2009,2,39.9549,-75.2087,1940.0,6,0,0,0,0,0,0,0,0,,0,0,0,19,1,1,1,,0,39 57:17.600,,0,75 12:31.629,4,0,0,0,67301,1,0,0,N,0,0,0,2,67301,1,,1,8,,N,N,,0,,0,0,0,3,2,,1935,1,2,0,0,0,0,0,3,4,0,1,7,,N,,,,,,,,,,,
2009074547,1726.0,2,0,0,0,0,0,0,0,0,4,0,,67,6,2009,1,39.9157,-75.1629,1725.0,6,0,0,0,0,0,1,0,0,,0,0,0,17,1,1,1,,0,39 54:56.507,,0,75 09:46.445,4,0,0,0,67301,0,0,0,N,0,0,0,8,67301,1,,1,1,,N,N,,0,,0,0,0,3,2,,1720,1,2,0,0,0,0,0,3,4,0,2,3,,N,,,,,,,,,,,
2009074446,615.0,1,0,0,0,0,0,0,0,0,7,0,,67,6,2009,1,40.0075,-75.2021,547.0,6,0,0,0,0,0,0,0,0,,0,0,0,5,5,2,0,,0,40 00:27.009,,0,75 12:07.429,8,0,0,0,67301,0,0,0,N,0,0,0,2,67301,0,,2,1,,,,,0,,0,0,0,0,0,,530,2,1,0,0,0,2,0,3,4,0,1,3,,N,,,,,,,,,,,
2009066769,28.0,1,0,0,0,0,0,0,0,0,7,0,,67,6,2009,6,39.9349,-75.1998,10.0,6,0,0,0,0,0,0,0,0,,0,0,0,0,3,0,0,,0,39 56:10.680,,0,75 11:58.200,0,0,0,0,67301,0,0,0,N,0,0,0,1,68K01,0,,3,9,,N,N,,0,,0,0,0,0,0,,7,0,1,0,0,0,0,0,3,4,0,1,7,,N,,,,,,,,,,,
2009066899,1520.0,3,0,0,0,0,0,0,0,0,1,0,,67,6,2009,5,40.1008,-75.024,1515.0,6,0,0,0,0,0,0,0,0,1.0,0,0,0,15,1,1,0,,1,40 06:02.795,4.0,3,75 01:26.340,4,0,0,0,67301,0,0,0,N,0,0,0,3,67301,1,,1,9,,N,N,,0,,0,0,0,0,0,N,1515,1,3,0,0,0,0,0,3,4,0,3,7,,N,,,,,,,,,,,
2009080251,245.0,0,0,0,0,0,0,0,0,0,7,0,,67,8,2009,1,39.9787,-75.2031,236.0,6,0,0,0,0,0,0,0,0,1.0,0,0,0,2,3,0,0,,1,39 58:45.840,3.0,0,75 12:15.120,0,0,0,0,67301,0,0,0,N,0,0,0,2,68K01,0,,2,9,,N,N,,1,,0,0,0,0,0,N,227,0,1,0,0,1,0,0,3,4,0,1,7,,N,,,,,,,,,,,
2009028964,2123.0,2,0,0,0,0,0,0,0,0,1,0,,67,3,2009,2,39.9907,-75.2489,2122.0,6,0,0,0,0,0,0,0,1,1.0,0,0,0,21,3,2,0,,2,39 59:26.675,2.0,0,75 14:55.937,4,0,0,0,67301,0,0,0,N,0,0,0,2,46104,2,,1,2,,N,N,,0,,0,0,0,0,0,Y,2122,2,2,0,0,0,0,0,3,4,0,2,3,,N,,,,,,,,,,,
2009067656,250.0,1,0,0,0,0,0,0,0,0,5,0,,67,6,2009,1,39.9594,-75.2064,231.0,6,0,0,0,0,0,0,0,0,,0,0,0,2,3,1,0,,0,39 57:33.978,,0,75 12:22.977,4,0,0,0,67301,1,0,0,N,1,0,0,2,67301,1,,1,9,,N,N,,0,,0,0,1,0,0,,222,1,3,0,0,0,0,0,3,4,0,2,7,,N,,,,,,,,,,,
2009067657,1730.0,1,0,0,0,0,0,0,0,0,1,0,,67,6,2009,4,39.9679,-75.2078,1727.0,6,0,0,0,0,0,1,0,0,,0,0,0,17,1,1,1,,0,39 58:04.612,,0,75 12:28.241,4,0,0,0,67301,0,0,0,N,0,0,0,2,67301,1,,1,1,,N,N,,0,,0,0,0,3,3,,1721,1,2,0,0,0,0,1,3,4,1,2,3,,N,,,,,,,,,,,
2009063824,1925.0,1,0,0,0,0,0,0,0,0,8,0,,67,5,2009,6,40.0357,-75.0641,1918.0,6,0,0,0,0,0,1,0,0,,0,0,0,99,1,1,0,,0,40 02:08.454,,0,75 03:50.607,3,0,0,0,67301,1,0,0,,1,0,0,2,67301,0,,1,1,,N,N,,0,,1,0,0,0,0,,9999,1,2,0,0,0,0,0,3,4,0,1,3,,N,,,,,,,,,,,
2009063929,1818.0,2,0,0,0,0,0,0,0,0,5,0,,67,5,2009,3,40.0537,-75.1414,1811.0,6,0,0,0,0,0,0,0,0,,0,0,0,99,1,2,1,,0,40 03:12.906,,0,75 08:29.216,8,0,0,0,67301,0,0,0,N,0,0,0,3,67301,0,,1,1,,N,N,,0,,0,0,0,9,2,,9999,2,2,0,0,0,2,1,3,4,0,2,3,,N,,,,,,,,,,,
2009056500,1735.0,1,0,0,0,0,0,0,0,0,4,0,,67,5,2009,2,39.9684,-75.2353,1735.0,6,0,0,0,0,1,1,0,0,,0,0,0,17,1,3,5,,0,39 58:06.416,,0,75 14:07.220,4,0,0,0,67301,0,0,0,N,0,0,0,4,67301,3,,1,9,,N,N,,0,,0,0,1,3,2,,1716,3,2,0,0,0,0,0,3,4,0,2,7,,N,,,,,,,,,,,
2009056547,1600.0,2,0,0,0,0,0,0,0,0,1,0,,67,4,2009,3,39.9394,-75.2175,9999.0,6,0,0,0,0,0,1,0,0,,0,0,0,14,1,1,1,,0,39 56:21.685,,0,75 13:03.003,8,0,0,0,67301,0,0,0,N,0,0,0,2,67301,0,,1,1,,N,N,,0,,0,0,0,3,2,,1400,1,2,0,0,0,1,0,3,4,0,2,3,,N,,,,,,,,,,,
2009093501,137.0,0,0,0,0,0,0,0,0,0,4,0,,67,8,2009,2,39.9495,-75.2093,136.0,6,0,0,0,0,0,0,0,0,,0,0,0,1,3,1,1,,0,39 56:58.408,,0,75 12:33.123,3,0,0,0,67301,0,0,0,N,0,0,0,3,67301,0,,1,1,,N,N,,0,,1,0,2,3,2,,130,1,2,0,0,0,0,0,3,4,0,2,3,,N,,,,,,,,,,,
2009085986,130.0,1,0,0,0,0,0,0,0,0,7,0,,67,8,2009,1,39.9478,-75.2313,130.0,6,0,0,0,0,0,0,0,0,,0,0,0,1,3,0,2,,0,39 56:52.021,,0,75 13:52.662,0,0,0,0,67301,0,0,0,N,0,0,0,2,67301,0,,3,9,,N,N,,0,,0,0,0,3,2,,115,0,1,0,0,0,0,0,3,4,0,1,7,,N,,,,,,,,,,,
2009065613,0.0,0,0,0,0,0,0,0,0,0,8,0,,67,2,2009,3,39.9491,-75.1557,0.0,6,0,0,0,0,0,0,0,0,,0,0,0,17,6,1,2,,0,39 56:56.623,,0,75 09:20.444,8,0,0,0,67301,1,0,0,N,1,0,0,2,00000,0,,1,9,,N,N,,0,,0,0,0,0,0,,1730,1,2,0,0,0,1,0,3,4,0,1,10,,N,,,,,,,,,,,
2009065844,1330.0,1,0,0,0,0,0,0,0,0,4,0,,67,5,2009,5,39.92,-75.175,1330.0,6,0,0,0,0,0,0,0,0,,0,0,0,13,1,1,1,,0,39 55:11.906,,0,75 10:30.158,4,0,0,0,67301,0,0,0,N,0,0,0,2,67301,1,,1,1,,N,N,,0,,0,0,1,0,0,,1328,1,2,0,0,1,0,0,3,4,0,2,3,,N,,,,,,,,,,,
2009086035,1325.0,1,0,0,0,0,0,0,0,0,4,0,,67,8,2009,2,40.072,-75.0844,1315.0,6,0,0,0,0,0,0,0,0,,0,0,0,13,1,2,2,,0,40 04:18.923,,0,75 05:03.942,4,0,0,0,67301,0,0,0,,0,0,0,2,67301,2,,1,1,,N,N,,0,,0,0,1,3,3,,1314,2,2,0,0,0,0,0,3,4,0,2,3,,N,,,,,,,,,,,
2009086045,1907.0,1,0,0,0,0,0,0,0,0,4,0,,67,7,2009,5,40.0053,-75.1356,1905.0,6,0,0,0,0,0,0,0,0,,0,0,0,18,1,1,2,,0,40 00:19.116,,0,75 08:08.239,8,0,0,1,67301,0,0,0,,0,0,0,2,67301,0,,1,1,,N,N,,0,,0,0,0,0,0,,1855,1,2,0,0,0,1,0,3,4,0,2,3,,N,,,,,,,,,,,
2009078812,619.0,1,0,0,0,0,0,0,0,0,7,0,,67,6,2009,1,39.9945,-75.1047,618.0,6,0,0,0,0,1,0,0,0,1.0,0,0,0,6,1,0,0,,1,39 59:40.321,4.0,0,75 06:17.010,0,0,0,0,67301,0,0,0,N,0,0,0,1,67301,0,,5,1,,N,N,,0,,0,0,0,0,0,N,617,0,1,0,0,1,0,0,3,4,0,1,3,,N,,,,,,,,,,,
2009079258,1905.0,0,0,0,0,0,0,0,0,0,5,0,,67,7,2009,4,39.9969,-75.154,1859.0,6,0,0,0,0,0,0,0,0,,0,0,0,18,4,1,0,,0,39 59:48.946,,0,75 09:14.181,8,0,0,0,67301,0,0,0,,0,0,0,1,67301,0,,1,1,,,,,1,,0,0,1,0,0,,1855,1,2,0,0,0,1,0,3,4,0,2,3,,N,,,,,,,,,,,
2009078947,1930.0,2,0,0,0,0,0,0,0,0,4,0,,67,7,2009,4,40.0272,-75.1512,1926.0,6,0,0,0,0,0,1,1,0,,0,0,0,19,1,3,1,,0,40 01:37.801,,0,75 09:04.478,4,0,0,0,67301,0,0,0,N,0,0,0,4,67301,3,,1,1,,N,N,,0,,0,0,1,3,2,,1926,3,3,0,0,0,0,0,3,4,0,3,3,,N,,,,,,,,,,,
2009079098,1547.0,1,0,0,0,0,0,0,0,0,8,0,,67,7,2009,6,40.0578,-75.0414,1543.0,6,0,0,0,0,0,0,0,1,,0,0,0,15,1,1,1,,0,40 03:27.887,,0,75 02:29.677,8,0,0,0,67301,1,0,0,N,1,0,0,2,67301,0,,1,1,,N,N,,0,,0,0,0,3,2,,1540,1,2,0,0,0,1,0,3,4,0,1,3,,N,,,,,,,,,,,
2009081626,1800.0,0,0,0,0,0,0,1,0,0,8,1,,67,7,2009,2,39.9722,-75.1651,0.0,6,0,0,0,0,0,0,0,0,,0,0,0,17,1,1,0,,0,39 58:19.881,,0,75 09:54.289,8,0,0,0,67301,1,0,0,,1,0,0,2,67301,0,,1,1,,,,,0,,0,0,0,0,0,,1730,1,2,0,0,0,1,0,3,4,0,1,3,,N,,,,,,,,,,,
2009081842,1123.0,1,0,0,0,0,0,0,0,0,7,0,,67,6,2009,5,40.1052,-74.9934,1119.0,6,0,0,0,0,0,0,0,0,,0,0,0,11,1,1,0,,0,40 06:18.678,,0,74 59:36.205,4,0,0,0,67301,0,0,0,N,0,0,0,1,67301,1,,2,1,,N,N,,0,,0,0,0,0,0,,1119,1,1,0,0,0,0,0,3,4,0,1,3,,N,,,,,,,,,,,
2009079173,1835.0,1,0,0,0,0,0,0,0,0,8,0,,67,7,2009,3,40.0021,-75.1743,1829.0,6,0,0,0,0,0,1,0,0,,0,0,0,18,1,1,2,,0,40 00:07.383,,0,75 10:27.620,4,0,0,0,67301,1,0,0,N,1,0,0,2,67301,1,,1,1,,N,N,,0,,0,0,0,3,3,,1820,1,2,0,0,0,0,0,3,4,0,1,3,,N,,,,,,,,,,,
2009079204,1200.0,1,0,0,1,0,0,0,0,0,4,0,,67,7,2009,1,39.9298,-75.1534,1145.0,6,0,0,0,0,0,0,0,0,,0,0,0,11,1,1,1,,0,39 55:47.200,,0,75 09:12.362,4,0,0,0,67301,1,0,0,,0,0,0,2,67301,1,,1,1,,,,,0,,0,0,0,3,3,,1140,1,2,0,0,0,0,0,3,4,0,1,3,,N,,,,,,,,,,,
2009074318,928.0,1,0,0,0,0,0,0,0,0,1,0,,67,6,2009,6,39.973,-75.2185,923.0,6,0,0,0,0,0,0,0,0,,0,0,0,8,1,1,1,,0,39 58:22.961,,0,75 13:06.430,4,0,0,0,67301,0,0,0,N,0,0,0,2,67301,1,,1,1,,N,N,,0,,0,0,0,3,2,,848,1,2,0,0,0,0,0,3,4,0,2,3,,N,,,,,,,,,,,
2009071626,1948.0,2,0,0,0,0,0,0,0,0,4,0,,67,6,2009,7,40.0368,-75.0405,1944.0,6,0,0,0,1,0,0,0,0,,0,0,0,99,1,1,1,,0,40 02:12.634,,0,75 02:25.798,8,0,0,0,67301,0,0,0,N,0,0,0,4,67301,0,,1,9,,N,N,,0,,0,0,0,3,2,,9999,1,2,0,0,0,1,3,3,4,0,2,7,,N,,,,,,,,,,,
2009072080,1335.0,2,0,0,0,0,0,0,0,0,4,0,,67,6,2009,3,40.0547,-75.0571,1335.0,6,0,0,0,0,0,1,0,1,,0,0,0,13,1,1,1,,0,40 03:16.999,,0,75 03:25.718,8,0,0,0,67301,0,0,0,N,0,0,0,2,67301,0,,1,1,,N,N,,0,,0,0,0,3,3,,1335,1,2,0,0,0,1,0,3,4,0,2,3,,N,,,,,,,,,,,
2009080083,9999.0,1,0,0,0,0,0,0,0,0,1,1,,67,7,2009,6,39.9231,-75.2203,9999.0,6,0,0,0,0,0,0,0,0,,0,1,0,99,1,1,0,,0,39 55:23.198,,0,75 13:13.034,4,0,0,0,67301,0,0,0,,0,0,0,2,67301,1,,1,1,,,,,0,,0,0,0,0,0,,9999,1,2,0,0,1,0,0,3,4,0,2,3,,N,,,,,,,,,,,
2009092926,1635.0,1,0,0,0,0,0,0,0,0,4,0,,67,8,2009,5,40.0482,-75.0317,1630.0,6,0,0,0,0,0,0,0,0,,0,0,0,16,1,3,0,,0,40 02:53.425,,0,75 01:53.986,4,0,0,0,67301,0,0,0,N,0,0,0,3,67301,3,,1,9,,N,N,,0,,0,0,0,0,0,,1630,3,2,0,0,0,0,0,3,4,1,2,7,,N,,,,,,,,,,,
2009069705,2226.0,1,0,0,0,0,0,0,0,0,1,1,,67,6,2009,7,39.9408,-75.2154,2217.0,6,0,0,0,0,0,0,0,0,,0,1,0,21,3,1,0,,0,39 56:27.051,,0,75 12:55.408,8,0,0,0,67301,1,0,0,N,0,0,0,2,67301,0,,6,1,,N,Y,,0,,0,0,0,3,2,,2130,1,2,0,0,0,1,0,3,4,0,2,3,,N,,,,,,,,,,,
2009064486,0.0,2,0,1,0,0,0,0,0,0,1,0,,67,5,2009,6,40.034,-75.0744,0.0,6,0,0,0,0,0,0,0,0,,0,0,0,0,6,1,1,,0,40 02:02.039,,0,75 04:27.141,2,0,0,0,67301,0,0,0,N,0,0,0,2,00000,0,,1,1,,N,N,,0,,0,1,0,3,2,,0,1,2,0,0,0,0,1,3,4,0,2,3,,N,,,,,,,,,,,
2009066938,1913.0,0,0,0,0,0,0,0,0,0,6,0,,67,6,2009,6,40.123,-75.0193,1903.0,6,0,1,0,0,0,0,0,0,1.0,0,0,0,19,1,0,0,,1,40 07:22.914,4.0,0,75 01:09.621,0,0,0,0,67301,0,0,0,N,0,0,0,2,67301,0,,1,1,,N,N,,1,,0,0,1,3,3,N,1900,0,2,0,0,0,0,0,3,4,0,2,3,,N,,,,,,,,,,,
2009067275,1342.0,0,0,0,0,0,0,0,0,0,7,0,,67,6,2009,6,40.0581,-75.1743,1338.0,6,0,0,0,0,0,0,0,0,,0,0,0,13,1,1,1,,0,40 03:29.309,,0,75 10:27.487,8,0,0,0,67301,0,0,0,N,0,0,0,1,67301,0,,5,9,,N,N,,0,,0,0,1,3,2,,1300,1,1,0,0,0,1,0,3,4,0,1,7,,N,,,,,,,,,,,
2009067278,9999.0,1,0,0,0,0,0,0,0,0,4,0,,67,5,2009,3,39.9881,-75.1824,1507.0,6,0,0,0,0,0,1,0,0,,0,0,0,99,1,1,2,,0,39 59:17.008,,0,75 10:56.669,4,0,0,0,67301,0,0,0,,0,0,0,2,67301,1,,1,1,,N,N,,1,,0,0,0,2,2,,9999,1,2,0,0,0,0,0,3,4,0,2,3,,N,,,,,,,,,,,
2009067439,1046.0,0,0,0,0,0,0,1,0,0,1,1,,67,6,2009,6,39.953,-75.2472,1046.0,6,0,0,0,0,0,1,1,0,,0,0,0,10,1,2,0,,0,39 57:10.771,,0,75 14:49.747,8,0,0,0,67301,0,0,0,N,0,0,0,5,67301,0,,1,1,,Y,Y,,1,,0,0,0,0,0,,1046,2,2,0,0,0,2,0,3,4,0,2,98,,N,,,,,,,,,,,
2009067108,1645.0,2,0,0,0,0,0,0,0,0,1,0,,67,6,2009,4,40.0856,-75.0394,1634.0,6,0,0,0,0,0,0,0,1,,0,0,0,16,1,1,1,,0,40 05:08.045,,0,75 02:21.757,4,0,0,0,67301,0,0,0,N,0,0,0,2,67301,1,,1,9,,N,N,,0,,0,0,0,0,0,,1630,1,2,0,0,0,0,0,3,4,0,2,7,,N,,,,,,,,,,,
2009070033,115.0,1,0,0,0,0,0,0,0,0,7,0,,67,5,2009,2,39.9537,-75.2282,114.0,6,0,0,0,0,0,0,0,0,,0,0,0,23,3,0,0,,0,39 57:13.377,,0,75 13:41.660,9,0,0,0,67301,0,0,0,,0,0,0,1,67301,0,,5,1,,N,N,,0,,0,0,0,0,0,,2353,0,1,0,0,0,0,1,3,4,0,1,3,,N,,,,,,,,,,,
2009067530,1930.0,2,0,0,0,0,0,0,0,0,4,0,,67,5,2009,7,39.9252,-75.1762,1915.0,6,0,0,0,0,0,0,0,1,,0,0,0,19,1,1,1,,0,39 55:30.748,,0,75 10:33.841,4,0,0,0,67301,0,0,0,N,0,0,0,3,67301,1,,1,1,,N,N,,0,,0,0,0,3,2,,1915,1,2,0,0,0,0,0,3,4,0,2,3,,N,,,,,,,,,,,
2009067218,9999.0,1,0,0,0,0,0,0,0,0,8,0,,67,6,2009,2,40.0086,-75.146,1628.0,6,0,0,0,0,0,0,0,1,,0,0,0,16,1,1,0,,0,40 00:30.908,,0,75 08:45.506,3,0,0,0,67301,1,0,0,N,1,0,0,2,67301,0,,1,1,,N,N,,0,,1,0,0,0,0,,1636,1,2,0,0,0,0,0,3,4,0,1,3,,N,,,,,,,,,,,
2009111107,1225.0,1,0,0,0,0,0,0,0,0,8,0,,67,9,2009,6,39.9715,-75.2258,1225.0,6,0,0,0,0,0,0,0,0,,0,0,0,12,1,1,1,,0,39 58:17.198,,0,75 13:33.022,3,0,0,0,67301,1,0,0,,1,0,0,2,67301,0,,1,1,,N,N,,0,,1,0,0,3,1,,1222,1,2,0,0,0,0,1,3,4,0,1,3,,N,,,,,,,,,,,
2009111124,2120.0,1,0,0,0,0,0,0,0,0,1,0,,67,9,2009,4,40.0875,-75.0218,2118.0,6,0,0,0,0,0,0,0,0,,0,0,0,21,3,0,0,,0,40 05:15.017,,0,75 01:18.608,0,0,0,0,67301,0,0,0,,0,0,0,1,67301,0,,1,1,,N,N,,0,,0,0,1,0,0,,2116,0,2,0,0,0,0,0,3,4,0,2,3,,N,,,,,,,,,,,
2009120802,1429.0,0,0,0,0,0,0,0,0,0,8,0,,67,10,2009,6,39.9524,-75.1549,1425.0,6,0,0,0,0,0,1,0,0,,0,0,0,14,1,1,1,,0,39 57:08.535,,0,75 09:17.776,4,0,0,0,67301,1,0,0,N,1,0,0,2,67301,1,,1,1,,N,N,,0,,0,0,1,3,3,,1420,1,2,0,0,0,0,0,3,4,0,1,3,,N,,,,,,,,,,,
2009120844,230.0,1,0,0,0,0,0,0,0,0,4,0,,67,10,2009,7,39.9612,-75.1466,224.0,6,0,0,0,0,0,0,0,0,,0,0,0,2,3,1,1,,0,39 57:40.432,,0,75 08:47.742,4,0,0,0,67301,0,0,0,N,0,0,0,6,67301,1,,1,9,,N,N,,0,,0,0,1,3,2,,200,1,2,0,0,0,0,0,3,4,0,2,7,,N,,,,,,,,,,,
2009106323,252.0,1,0,0,0,0,0,0,0,0,7,0,,67,10,2009,7,39.9823,-75.2076,251.0,6,0,0,0,0,0,0,0,0,1.0,0,0,0,2,3,0,0,,1,39 59:00.600,4.0,0,75 12:29.160,0,0,0,0,67301,0,0,0,N,0,0,0,5,68K01,0,,3,9,,N,N,,0,,0,0,1,0,0,N,250,0,2,0,0,0,0,0,3,4,0,2,3,,N,,,,,,,,,,,
2009054235,1644.0,2,0,0,0,0,0,0,0,0,4,0,,67,4,2009,5,40.0635,-74.9854,1637.0,6,0,0,0,0,0,0,0,0,,0,0,0,16,1,2,0,,0,40 03:48.452,,7,74 59:07.560,4,0,0,0,67301,0,0,0,N,0,0,0,3,67301,2,,1,1,,N,N,,0,,0,0,0,3,2,,1630,2,2,0,0,0,0,0,3,4,0,2,3,,N,,,,,,,,,,,
2009054513,552.0,1,0,0,0,0,0,0,0,0,7,0,,67,4,2009,7,39.9624,-75.1765,550.0,6,0,0,0,0,0,0,0,0,,0,0,0,5,3,0,0,,0,39 57:45.295,,0,75 10:36.416,0,0,0,0,67301,0,0,0,N,0,0,0,1,67301,0,,2,1,,N,N,,0,,0,0,0,0,0,,550,0,1,0,0,0,0,0,3,4,0,1,3,,N,,,,,,,,,,,
2009086227,1130.0,2,0,0,0,0,0,0,0,0,4,0,,67,8,2009,1,40.0015,-75.1042,1122.0,6,0,0,0,0,0,0,1,0,,0,0,0,11,1,6,5,,0,40 00:05.418,,0,75 06:14.947,4,0,0,0,67301,0,0,0,,0,0,0,6,67301,6,,1,9,,N,N,,0,,0,0,0,3,2,,1120,6,2,0,0,0,0,0,3,4,0,2,7,,N,,,,,,,,,,,
2009086272,1133.0,0,0,0,0,0,0,0,0,0,8,0,,67,8,2009,4,40.0245,-75.1233,1130.0,6,0,0,0,0,0,0,0,0,,0,1,0,11,1,1,0,,0,40 01:28.062,,0,75 07:23.877,3,0,0,0,67301,1,0,0,,1,0,0,1,67301,0,,1,1,,,,,0,,1,0,0,0,0,,1120,1,2,0,0,0,0,0,3,4,0,1,3,,N,,,,,,,,,,,
2009083628,2300.0,2,0,0,0,0,0,0,0,0,4,0,,67,7,2009,7,39.9239,-75.2221,2258.0,6,0,0,0,0,0,0,0,0,,0,0,0,22,3,0,1,,0,39 55:26.156,,0,75 13:19.597,9,0,0,0,67301,0,0,0,N,0,0,0,6,67301,0,,1,1,,N,N,,0,,0,0,0,9,1,,2250,0,2,0,0,0,0,1,3,4,0,2,3,,N,,,,,,,,,,,
2009053823,1655.0,0,0,0,0,0,0,0,0,0,1,0,,67,5,2009,2,40.0049,-75.2187,1650.0,6,0,0,0,0,0,0,1,0,,0,0,0,16,1,1,0,,0,40 00:17.578,,0,75 13:07.546,4,0,0,0,67301,0,0,0,N,0,0,0,3,46104,1,,1,1,,N,N,,0,,0,0,1,0,0,,1645,1,2,0,0,0,0,0,3,4,1,2,3,,N,,,,,,,,,,,
2009056352,1123.0,2,0,0,0,0,0,0,0,0,4,0,,67,4,2009,5,39.9391,-75.1664,1104.0,6,0,0,0,0,0,0,0,0,,0,0,0,10,1,1,1,,0,39 56:20.518,,0,75 09:59.207,4,0,0,0,67301,0,0,0,N,0,0,0,2,67301,1,,1,1,,N,N,,0,,0,0,0,3,2,,1055,1,2,0,0,0,0,0,3,4,0,2,3,,N,,,,,,,,,,,
2009056402,103.0,2,0,0,0,0,0,0,0,0,5,0,,67,4,2009,7,39.9587,-75.2394,101.0,6,0,0,0,0,0,0,0,0,,0,0,0,0,3,2,1,,0,39 57:31.260,,0,75 14:21.850,4,0,0,0,67301,0,0,0,N,0,0,0,6,67301,1,,1,1,,N,N,,0,,0,0,0,3,2,,57,2,2,0,0,0,1,1,3,4,0,2,3,,N,,,,,,,,,,,
2009056472,1956.0,0,0,0,0,0,0,0,0,0,4,0,,67,5,2009,7,40.0526,-75.1338,1955.0,6,0,0,0,0,0,0,1,0,,0,0,0,19,1,1,1,,0,40 03:09.399,,0,75 08:01.755,8,0,0,0,67301,0,0,0,N,0,0,0,2,67301,0,,1,1,,N,N,,0,,0,0,1,3,2,,1900,1,2,0,0,0,1,0,3,4,1,2,3,,N,,,,,,,,,,,
2009056515,835.0,1,0,0,0,0,0,0,0,0,7,0,99.0,67,4,2009,2,40.0058,-75.0964,829.0,6,0,0,0,0,0,1,0,0,,0,0,0,8,1,1,1,,0,40 00:21.041,,0,75 05:47.026,8,0,0,0,67301,0,0,0,Y,0,0,0,1,67301,0,,3,1,,Y,Y,,0,,0,0,0,3,2,,825,1,1,0,0,1,1,0,3,4,0,1,3,,Y,8.0,8.0,U,U,U,U,U,U,U,U,