CRN,ARRIVAL_TM,AUTOMOBILE_COUNT,BELTED_DEATH_COUNT,BELTED_SUSP_SERIOUS_INJ_COUNT,BICYCLE_COUNT,BICYCLE_DEATH_COUNT,BICYCLE_SUSP_SERIOUS_INJ_COUNT,BUS_COUNT,CHLDPAS_DEATH_COUNT,CHLDPAS_SUSP_SERIOUS_INJ_COUNT,COLLISION_TYPE,COMM_VEH_COUNT,CONS_ZONE_SPD_LIM,COUNTY,CRASH_MONTH,CRASH_YEAR,DAY_OF_WEEK,DEC_LAT,DEC_LONG,DISPATCH_TM,DISTRICT,DRIVER_COUNT_16YR,DRIVER_COUNT_17YR,DRIVER_COUNT_18YR,DRIVER_COUNT_19YR,DRIVER_COUNT_20YR,DRIVER_COUNT_50_64YR,DRIVER_COUNT_65_74YR,DRIVER_COUNT_75PLUS,EST_HRS_CLOSED,FATAL_COUNT,HEAVY_TRUCK_COUNT,HORSE_BUGGY_COUNT,HOUR_OF_DAY,ILLUMINATION,INJURY_COUNT,INTERSECT_TYPE,INTERSECTION_RELATED,LANE_CLOSED,LATITUDE,LN_CLOSE_DIR,LOCATION_TYPE,LONGITUDE,MAX_SEVERITY_LEVEL,MCYCLE_DEATH_COUNT,MCYCLE_SUSP_SERIOUS_INJ_COUNT,MOTORCYCLE_COUNT,MUNICIPALITY,NONMOTR_COUNT,NONMOTR_DEATH_COUNT,NONMOTR_SUSP_SERIOUS_INJ_COUNT,NTFY_HIWY_MAINT,PED_COUNT,PED_DEATH_COUNT,PED_SUSP_SERIOUS_INJ_COUNT,PERSON_COUNT,POLICE_AGCY,POSSIBLE_INJ_COUNT,RDWY_SURF_TYPE_CD,RELATION_TO_ROAD,ROAD_CONDITION,ROADWAY_CLEARED,SCH_BUS_IND,SCH_ZONE_IND,SECONDARY_CRASH,SMALL_TRUCK_COUNT,SPEC_JURIS_CD,SUSP_MINOR_INJ_COUNT,SUSP_SERIOUS_INJ_COUNT,SUV_COUNT,TCD_FUNC_CD,TCD_TYPE,TFC_DETOUR_IND,TIME_OF_DAY,TOT_INJ_COUNT,TOTAL_UNITS,UNB_DEATH_COUNT,UNB_SUSP_SERIOUS_INJ_COUNT,UNBELTED_OCC_COUNT,UNK_INJ_DEG_COUNT,UNK_INJ_PER_COUNT,URBAN_AREA,URBAN_RURAL,VAN_COUNT,VEHICLE_COUNT,WEATHER1,WEATHER2,WORK_ZONE_IND,WORK_ZONE_LOC,WORK_ZONE_TYPE,WORKERS_PRES,WZ_CLOSE_DETOUR,WZ_FLAGGER,WZ_LAW_OFFCR_IND,WZ_LN_CLOSURE,WZ_MOVING,WZ_OTHER,WZ_SHLDER_MDN,WZ_WORKERS_INJ_KILLED
2009078801,1420.0,0,0,0,0,0,0,0,0,0,4,0,,67,7,2009,4,40.0325,-75.1898,1411.0,6,0,0,0,0,0,0,0,0,,0,0,0,13,1,1,2,,0,40 01:57.000,,0,75 11:23.074,4,0,0,0,67301,0,0,0,,0,0,0,4,67301,1,,1,1,,N,N,,1,,0,0,0,3,2,,1300,1,2,0,0,0,0,0,3,4,1,2,3,,N,,,,,,,,,,,
2009078860,1721.0,2,0,0,0,0,0,0,0,0,4,0,,67,7,2009,7,39.9707,-75.1541,1719.0,6,0,0,0,0,0,0,0,0,,0,0,0,17,1,1,1,,0,39 58:14.986,,0,75 09:14.701,4,0,0,0,67301,0,0,0,N,0,0,0,2,67301,1,,1,1,,N,N,,0,,0,0,0,3,2,,1715,1,2,0,0,0,0,0,3,4,0,2,3,,N,,,,,,,,,,,
2009081579,2149.0,2,0,0,0,0,0,0,0,0,5,0,,67,6,2009,7,40.0248,-75.2083,2149.0,6,0,0,0,0,0,0,0,0,2.0,0,0,0,99,3,0,0,,2,40 01:29.560,5.0,0,75 12:29.935,0,0,0,0,67301,0,0,0,,0,0,0,1,67301,0,,1,1,,,,,0,,0,0,0,0,0,Y,9999,0,2,0,0,0,0,0,3,4,0,2,3,,N,,,,,,,,,,,
2009081660,1230.0,2,0,0,0,0,0,0,0,0,4,0,,67,7,2009,2,40.0419,-75.0366,1220.0,6,0,0,0,0,0,1,0,0,,0,0,0,12,1,1,1,,0,40 02:30.991,,0,75 02:11.691,8,0,0,0,67301,0,0,0,N,0,0,0,3,67301,0,,1,1,,N,N,,0,,0,0,0,9,3,,1215,1,2,0,0,0,1,0,3,4,0,2,3,,N,,,,,,,,,,,
2009079034,205.0,0,0,0,0,0,0,0,0,0,8,0,,67,7,2009,1,39.9511,-75.1536,200.0,6,0,0,0,0,0,0,0,0,,0,0,0,1,3,1,1,,0,39 57:04.089,,0,75 09:12.905,3,0,0,0,67301,1,0,0,,1,0,0,2,67301,0,,1,9,,N,N,,0,,1,0,0,3,2,,157,1,2,0,0,0,0,0,3,4,1,1,7,,N,,,,,,,,,,,
2009079129,834.0,1,0,0,0,0,0,0,0,0,7,0,,67,7,2009,5,39.9861,-75.2101,817.0,6,0,0,0,0,0,0,0,0,,0,0,0,6,5,0,0,,0,39 59:09.871,,0,75 12:36.236,0,0,0,0,67301,0,0,0,,0,0,0,1,67301,0,,5,9,,,,,0,,0,0,0,0,0,,658,0,1,0,0,0,0,0,3,4,0,1,7,,N,,,,,,,,,,,
2009079223,530.0,0,0,0,0,0,0,0,0,0,7,0,,67,7,2009,7,39.9544,-75.1631,529.0,6,0,0,0,0,1,0,0,0,1.0,0,0,0,5,1,1,1,,1,39 57:15.859,1.0,0,75 09:47.045,8,0,0,0,67301,0,0,0,,0,0,0,1,67301,0,,5,1,,N,N,,1,,0,0,0,3,2,N,521,1,1,0,0,0,1,0,3,4,0,1,3,,N,,,,,,,,,,,
2009072027,1948.0,1,0,0,0,0,0,0,0,0,7,0,,67,5,2009,1,40.0184,-75.1861,1946.0,6,0,0,0,0,0,0,0,0,,0,0,0,19,1,1,2,,0,40 01:06.348,,0,75 11:10.240,3,0,0,0,67301,0,0,0,,0,0,0,1,67301,0,,5,1,,,,,0,,1,0,0,0,0,,1945,1,1,0,0,0,0,0,3,4,0,1,3,,N,,,,,,,,,,,
2009069240,1923.0,1,0,0,0,0,0,0,0,0,7,0,,67,6,2009,3,39.9127,-75.1395,1920.0,6,0,0,0,0,0,0,0,0,,0,0,0,19,4,0,0,,0,39 54:45.582,,0,75 08:22.369,0,0,0,0,67301,0,0,0,,0,0,0,1,67301,0,,5,1,,N,N,,0,,0,0,0,0,0,,1910,0,1,0,0,0,0,0,3,4,0,1,3,,N,,,,,,,,,,,
2009074450,1623.0,6,0,0,0,0,0,0,0,0,5,0,,67,6,2009,3,39.9166,-75.1611,1621.0,6,0,0,0,0,0,1,0,0,,0,0,0,16,1,0,0,,0,39 54:59.905,,0,75 09:40.077,9,0,0,0,67301,0,0,0,N,0,0,0,1,67301,0,,1,1,,N,N,,1,,0,0,0,0,0,,1621,0,9,0,0,0,0,1,3,4,2,9,3,,N,,,,,,,,,,,
2009072078,1935.0,1,0,0,0,0,0,0,0,0,7,0,,67,6,2009,7,40.0336,-75.0757,1929.0,6,0,0,0,0,0,1,0,0,1.0,0,0,0,19,4,2,0,,1,40 02:00.889,1.0,0,75 04:32.123,3,0,0,0,67301,0,0,0,N,0,0,0,2,67301,0,,5,9,,N,N,,0,,2,0,0,3,2,N,1929,2,1,0,0,2,0,0,3,4,0,1,7,,N,,,,,,,,,,,
2009071952,1601.0,2,0,0,0,0,0,0,0,0,4,0,,67,6,2009,3,40.1,-74.9856,1558.0,6,0,0,0,0,0,1,0,0,1.0,0,0,0,15,1,1,2,,1,40 06:00.144,2.0,0,74 59:08.192,8,0,0,0,67301,0,0,0,,0,0,0,4,67301,0,,1,1,,N,N,,0,,0,0,0,0,0,N,1543,1,2,0,0,1,1,0,3,4,0,2,3,,N,,,,,,,,,,,
2009080088,9999.0,1,0,0,0,0,0,0,0,0,7,0,,67,7,2009,3,40.0098,-75.1669,54.0,6,0,0,0,0,0,0,0,0,,0,0,0,21,3,0,1,,0,40 00:35.396,,0,75 10:00.737,0,0,0,0,67301,0,0,0,N,0,0,0,1,67301,0,,2,9,,N,N,,0,,0,0,0,3,2,,2130,0,1,0,0,0,0,0,3,4,0,1,99,,N,,,,,,,,,,,
2009070177,546.0,1,0,0,0,0,0,0,0,0,1,0,,67,6,2009,6,39.9753,-75.1944,546.0,6,0,0,0,0,0,1,0,0,1.0,0,0,0,5,1,0,0,,1,39 58:34.680,4.0,0,75 11:43.800,0,0,0,0,67301,0,0,0,N,0,0,0,6,68K01,0,,1,9,,N,N,,0,,0,0,0,0,0,N,540,0,2,0,0,0,0,0,3,4,1,2,7,,N,,,,,,,,,,,
2009065243,9999.0,2,0,0,0,0,0,0,0,0,4,0,,67,5,2009,1,40.0378,-75.0745,1226.0,6,0,0,0,1,0,0,0,0,,0,0,0,99,3,2,1,,0,40 02:16.088,,0,75 04:28.064,4,0,0,0,67301,0,0,0,,0,0,0,2,67301,2,,1,9,,N,N,,0,,0,0,0,3,2,,9999,2,2,0,0,0,0,0,3,4,0,2,7,,N,,,,,,,,,,,
2009065276,1443.0,1,0,0,0,0,0,0,0,0,1,0,,67,5,2009,4,40.0583,-75.0088,1531.0,6,0,0,0,0,0,0,0,0,9.0,0,0,0,14,1,1,0,,1,40 03:29.985,2.0,0,75 00:31.708,8,0,0,0,67301,0,0,0,N,0,0,0,3,67301,0,,1,1,,N,N,,0,,0,0,1,0,0,N,1443,1,2,0,0,0,1,0,3,4,0,2,3,,N,,,,,,,,,,,
2009067896,639.0,0,0,0,0,0,0,0,0,0,1,0,,67,6,2009,3,40.0075,-75.201,632.0,6,0,0,0,0,0,0,0,0,,0,0,0,6,1,1,0,,0,40 00:26.211,,0,75 12:01.671,4,0,0,0,67301,0,0,0,N,0,0,0,8,68K01,1,,1,1,,N,N,,1,,0,0,1,0,0,,627,1,3,0,0,0,0,0,3,4,1,3,3,,N,,,,,,,,,,,
2009092994,1710.0,2,0,0,0,0,0,0,0,0,4,0,,67,8,2009,5,39.9632,-75.1678,1710.0,6,0,0,0,0,0,0,0,0,1.0,0,0,0,17,1,3,1,,1,39 57:47.866,3.0,0,75 10:04.092,4,0,0,0,67301,0,0,0,,0,0,0,3,67301,3,,1,1,,,,,0,,0,0,0,3,2,N,1708,3,2,0,0,0,0,0,3,4,0,2,3,,N,,,,,,,,,,,
2009064469,0.0,1,0,0,0,0,0,0,0,0,4,0,,67,2,2009,5,39.988,-75.1448,0.0,6,0,0,0,0,0,1,0,0,,0,0,0,10,1,1,1,,0,39 59:16.868,,0,75 08:41.384,8,0,0,0,67301,0,0,0,N,0,0,0,2,00000,0,,1,9,,N,N,,0,,0,0,0,3,2,,1020,1,2,0,0,0,1,1,3,4,0,2,7,,N,,,,,,,,,,,
2009066926,1855.0,1,0,0,0,0,0,0,0,0,8,0,,67,6,2009,7,40.0535,-75.1858,1852.0,6,0,0,0,0,0,0,0,0,,0,0,0,18,1,1,0,,0,40 03:12.621,,0,75 11:09.038,4,0,0,0,67301,1,0,0,N,1,0,0,2,67301,1,,1,1,,N,N,,0,,0,0,0,0,0,,1838,1,2,0,0,0,0,0,3,4,0,1,3,,N,,,,,,,,,,,
2009067287,1325.0,1,0,0,0,0,0,0,0,0,1,0,,67,5,2009,3,39.9618,-75.24,1320.0,6,0,0,0,0,0,0,0,0,,0,0,0,13,1,1,2,,0,39 57:42.479,,0,75 14:24.231,8,0,0,0,67301,0,0,0,N,0,0,0,2,67301,0,,1,9,,N,N,,0,,0,0,0,0,0,,1310,1,2,0,0,0,1,0,3,4,1,2,7,,N,,,,,,,,,,,
2009067449,1250.0,1,0,0,0,0,0,0,0,0,4,0,,67,6,2009,2,39.9283,-75.1738,1246.0,6,0,0,0,1,0,0,0,0,1.0,0,0,0,12,1,0,0,,2,39 55:41.869,2.0,0,75 10:25.629,0,0,0,0,67301,0,0,0,,0,0,0,1,67301,0,,1,1,,,,,0,,0,0,1,0,0,N,1250,0,2,0,0,1,0,0,3,4,0,2,3,,N,,,,,,,,,,,
2009067556,1359.0,1,0,0,1,0,0,0,0,0,6,0,,67,6,2009,2,39.9372,-75.1615,1356.0,6,0,0,0,0,0,1,0,0,,0,0,0,13,1,1,1,,0,39 56:13.855,,0,75 09:41.371,4,0,0,0,67301,1,0,0,N,0,0,0,2,67301,1,,1,1,,N,N,,0,,0,0,0,3,2,,1355,1,2,0,0,0,0,0,3,4,0,1,3,,N,,,,,,,,,,,
2009064891,1840.0,0,0,0,0,0,0,0,0,0,8,0,,67,5,2009,3,39.9311,-75.2265,1838.0,6,0,0,0,0,0,0,0,0,,0,0,0,16,1,1,0,,0,39 55:51.902,,0,75 13:35.350,4,0,0,0,67301,1,0,0,,1,0,0,2,67301,1,,1,1,,,,,0,,0,0,0,0,0,,1630,1,2,0,0,0,0,0,3,4,1,1,3,,N,,,,,,,,,,,
2009111145,1340.0,1,0,0,0,0,0,0,0,0,4,0,,67,10,2009,7,40.0189,-75.0495,1331.0,6,0,0,0,0,0,0,0,0,,0,0,0,13,1,0,1,,0,40 01:08.120,,0,75 02:58.216,0,0,0,0,67301,0,0,0,,0,0,0,6,67301,0,,1,9,,,,,1,,0,0,0,3,3,,1321,0,2,0,0,0,0,0,3,4,0,2,7,,N,,,,,,,,,,,
2009106207,1628.0,3,0,0,0,0,0,0,0,0,1,0,,67,9,2009,1,40.0179,-75.1493,1620.0,6,0,0,0,0,0,1,0,0,,0,0,0,13,1,3,1,,0,40 01:04.807,,0,75 08:57.222,4,0,0,0,67301,0,0,0,N,0,0,0,8,67301,2,,1,9,,N,N,,0,,0,0,0,3,2,,1335,3,3,0,0,0,1,0,3,4,0,3,3,,N,,,,,,,,,,,
2009118993,1640.0,2,0,0,0,0,0,0,0,0,4,0,,67,9,2009,5,40.0352,-75.1455,1630.0,6,0,0,0,0,0,0,0,0,,0,0,0,16,1,2,1,,0,40 02:06.731,,0,75 08:43.670,3,0,0,0,67301,0,0,0,N,0,0,0,2,67301,0,,9,1,,N,N,,0,,2,0,0,3,2,,1600,2,2,0,0,0,0,0,3,4,0,2,3,,N,,,,,,,,,,,
2009054309,232.0,1,0,0,0,0,0,0,0,0,4,0,,67,5,2009,7,39.9153,-75.1598,227.0,6,0,0,0,0,0,0,0,0,,0,0,0,2,3,1,1,,0,39 54:55.080,,0,75 09:35.242,4,0,0,0,67301,0,0,0,N,0,0,0,3,67301,1,,1,1,,N,N,,1,,0,0,0,3,2,,218,1,2,0,0,0,0,0,3,4,0,2,3,,N,,,,,,,,,,,
2009056953,1820.0,1,0,0,0,0,0,0,0,0,4,0,,67,4,2009,3,40.0284,-75.1536,1814.0,6,0,0,0,0,0,1,0,0,,0,0,0,18,1,2,1,,0,40 01:42.391,,0,75 09:12.945,8,0,0,0,67301,0,0,0,N,0,0,0,4,67301,0,,1,1,,N,N,,0,,0,0,1,3,2,,1805,2,2,0,0,0,2,0,3,4,0,2,3,,N,,,,,,,,,,,
2009056984,1710.0,2,0,0,0,0,0,0,0,0,4,0,,67,4,2009,4,39.9727,-75.2549,1700.0,6,0,0,0,1,0,0,0,1,,1,0,0,14,1,3,2,,0,39 58:21.687,,0,75 15:17.571,1,0,0,0,67301,0,0,0,N,0,0,0,4,67301,0,2.0,1,1,,N,N,,0,0.0,0,0,0,3,3,,1430,3,2,0,0,0,3,0,3,4,0,2,3,,N,,,,,,,,,,,
2009054433,2346.0,0,0,0,2,0,0,0,0,0,4,0,,67,4,2009,7,39.9323,-75.1729,2344.0,6,0,0,0,0,0,0,0,0,,0,0,0,23,3,2,2,,0,39 55:56.352,,0,75 10:22.382,8,0,0,0,67301,2,0,0,,0,0,0,3,67301,0,,1,1,,,,,0,,0,0,0,3,3,,2332,2,3,0,0,0,2,0,3,4,0,1,3,,N,,,,,,,,,,,
2009054358,1655.0,1,0,0,1,0,0,0,0,0,4,0,,67,5,2009,4,39.9585,-75.1487,1649.0,6,0,0,0,0,0,1,0,0,,0,0,0,16,1,1,1,,0,39 57:30.628,,0,75 08:55.359,4,0,0,0,67301,1,0,0,N,0,0,0,2,67301,1,,2,1,,N,N,,0,,0,0,0,3,3,,1640,1,2,0,0,0,0,0,3,4,0,1,3,,N,,,,,,,,,,,
2009054360,439.0,1,0,0,0,0,0,0,0,0,7,0,,67,4,2009,7,40.0606,-75.028,435.0,6,0,0,0,0,0,0,0,0,,0,0,0,4,3,1,0,,0,40 03:38.185,,0,75 01:40.788,8,0,0,0,67301,0,0,0,N,0,0,0,1,67301,0,,4,1,,N,Y,,0,,0,0,0,0,0,,430,1,1,0,0,0,1,0,3,4,0,1,3,,N,,,,,,,,,,,
2009054518,1650.0,2,0,0,0,0,0,0,0,0,1,0,,67,4,2009,7,40.0015,-75.1042,1643.0,6,0,0,0,0,0,2,0,0,,0,0,0,16,1,0,1,,0,40 00:05.418,,0,75 06:14.947,9,0,0,0,67301,0,0,0,,0,0,0,4,67301,0,,1,1,,N,N,,0,,0,0,0,3,2,,1640,0,3,0,0,0,0,2,3,4,0,3,3,,N,,,,,,,,,,,
2009088585,326.0,1,0,0,0,0,0,0,0,0,7,0,,67,8,2009,7,39.9134,-75.1484,326.0,6,0,0,0,0,0,0,0,0,,0,0,0,3,3,0,0,,0,39 54:47.880,,0,75 08:54.600,0,0,0,0,67301,0,0,0,N,0,0,0,1,68K01,0,,2,9,,N,N,,0,,0,0,0,0,0,,325,0,1,0,0,0,0,0,3,4,0,1,7,,N,,,,,,,,,,,
2009086117,837.0,1,0,0,0,0,0,0,0,0,1,0,,67,7,2009,6,40.0277,-75.0987,837.0,6,0,0,0,0,1,0,0,0,1.0,0,0,0,8,1,1,0,,1,40 01:39.742,2.0,0,75 05:55.497,4,0,0,0,67301,0,0,0,N,0,0,0,3,67301,1,,1,1,,N,N,,0,,0,0,1,3,2,N,836,1,2,0,0,0,0,0,3,4,0,2,3,,N,,,,,,,,,,,
2009086250,1810.0,1,0,0,0,0,0,0,0,0,8,0,,67,8,2009,3,39.9949,-75.1156,1809.0,6,0,0,1,0,0,0,0,0,,0,0,0,16,1,1,0,,0,39 59:41.643,,0,75 06:56.070,4,0,0,0,67301,1,0,0,,1,0,0,3,67301,1,,1,1,,,,,0,,0,0,0,0,0,,1600,1,2,0,0,0,0,0,3,4,0,1,3,,N,,,,,,,,,,,
2009086275,1005.0,1,0,0,0,0,0,0,0,0,8,0,,67,7,2009,6,39.9345,-75.1993,1002.0,6,0,0,0,0,0,1,0,0,,0,0,0,10,1,1,1,,0,39 56:04.048,,0,75 11:57.321,4,0,0,0,67301,1,0,0,N,1,0,0,2,67301,1,,1,1,,N,Y,,0,,0,0,0,3,3,,1000,1,2,0,0,0,0,0,3,4,0,1,3,,N,,,,,,,,,,,
2009120608,444.0,2,0,0,0,0,0,0,0,0,4,0,,67,10,2009,1,40.0465,-75.1043,442.0,6,0,0,0,0,1,0,0,0,1.0,0,0,0,4,3,0,0,,2,40 02:47.263,5.0,0,75 06:15.498,0,0,0,0,67301,0,0,0,N,0,0,0,2,67301,0,,2,1,,N,N,,0,,0,0,0,3,3,Y,440,0,2,0,0,0,0,0,3,4,0,2,3,,N,,,,,,,,,,,
2009120639,742.0,2,0,0,0,0,0,0,0,0,1,0,,67,10,2009,7,40.0533,-75.0698,742.0,6,0,0,0,0,0,1,0,0,,0,0,0,7,1,1,1,,0,40 03:11.939,,0,75 04:10.792,8,0,0,0,67301,0,0,0,N,0,0,0,4,67301,0,,1,9,,N,N,,0,,0,0,1,3,2,,735,1,4,0,0,0,1,0,3,4,1,4,7,,N,,,,,,,,,,,
2009120659,1318.0,0,0,0,0,0,0,0,0,0,5,0,,67,10,2009,1,39.9576,-75.1453,1316.0,6,0,0,0,0,0,0,0,0,,0,0,0,13,1,1,0,,0,39 57:27.198,,0,75 08:43.101,4,0,0,0,67301,0,0,0,N,0,0,0,8,67301,1,,1,1,,N,N,,0,,0,0,1,0,0,,1315,1,2,0,0,0,0,0,3,4,1,2,3,,N,,,,,,,,,,,
2009111430,1450.0,1,0,0,0,0,0,0,0,0,7,0,,67,10,2009,6,40.0298,-75.1046,1431.0,6,0,0,0,0,0,0,0,0,2.0,0,0,0,14,1,0,1,,2,40 01:47.170,2.0,0,75 06:16.717,0,0,0,0,67301,0,0,0,N,0,0,0,3,67301,0,,4,9,,N,N,,0,,0,0,0,3,2,Y,1431,0,2,0,0,0,0,0,3,4,1,2,7,,N,,,,,,,,,,,
2009111231,1704.0,2,0,0,0,0,0,0,0,0,4,0,,67,10,2009,6,39.9199,-75.2228,1654.0,6,0,0,0,0,0,1,0,1,,0,0,0,16,1,1,1,,0,39 55:11.885,,0,75 13:21.887,8,0,0,0,67301,0,0,0,N,0,0,0,2,67301,0,,1,1,,N,N,,0,,0,0,0,3,2,,1619,1,2,0,0,0,1,0,3,4,0,2,3,,N,,,,,,,,,,,
2009111081,1603.0,2,0,0,0,0,0,0,0,0,1,0,,67,10,2009,6,39.9686,-75.2207,1545.0,6,0,0,0,0,0,0,1,0,,0,0,0,14,1,3,1,,0,39 58:06.999,,0,75 13:14.343,8,0,0,0,67301,0,0,0,N,0,0,0,6,67301,0,,1,1,,N,N,,0,,0,0,0,3,2,,1445,3,3,0,0,0,3,3,3,4,1,3,3,,N,,,,,,,,,,,
2009045370,1747.0,1,0,0,0,0,0,0,0,0,1,0,,67,4,2009,6,39.8996,-75.1636,1729.0,6,0,0,0,0,0,1,0,0,2.0,0,0,0,17,1,0,0,,1,39 53:59.865,2.0,0,75 09:39.599,0,0,0,0,67301,0,0,0,N,0,0,0,3,68K01,0,,1,1,,N,N,,1,,0,0,0,0,0,N,1726,0,3,0,0,0,0,0,3,4,1,3,3,,N,,,,,,,,,,,
2009071432,1825.0,2,0,0,0,0,0,0,0,0,4,0,,67,6,2009,3,39.932,-75.19,1820.0,6,0,0,0,0,0,0,0,0,2.0,0,0,0,18,1,2,1,,1,39 55:55.218,1.0,0,75 11:23.827,4,0,0,0,67301,0,0,0,,0,0,0,6,67301,1,,1,1,,,,,0,,0,0,0,2,3,N,1819,2,2,0,0,1,1,0,3,4,0,2,3,,N,,,,,,,,,,,
2009063719,1700.0,1,0,0,0,0,0,0,0,0,8,0,,67,5,2009,2,39.9714,-75.2128,1650.0,6,0,0,0,0,0,0,1,0,,0,0,0,16,1,1,0,,0,39 58:17.007,,0,75 12:46.227,4,0,0,0,67301,1,0,0,N,1,0,0,2,67301,1,,1,1,,N,N,,0,,0,0,0,0,0,,1650,1,2,0,0,0,0,0,3,4,0,1,3,,N,,,,,,,,,,,
2009066324,156.0,1,0,0,0,0,0,0,0,0,7,0,,67,6,2009,6,39.9818,-75.2073,149.0,6,0,0,0,0,0,0,0,0,,0,0,0,1,3,0,0,,0,39 58:58.800,,0,75 12:28.440,0,0,0,0,67301,0,0,0,N,0,0,0,1,68K01,0,,2,9,,N,N,,0,,0,0,0,0,0,,147,0,1,0,0,0,0,0,3,4,0,1,7,,N,,,,,,,,,,,
2009063893,1551.0,1,0,0,0,0,0,1,0,0,1,1,,67,5,2009,7,39.9546,-75.1528,1350.0,6,0,0,0,0,0,0,0,0,,0,0,0,13,1,1,0,,0,39 57:16.387,,0,75 09:10.209,8,0,0,0,67301,0,0,0,N,0,0,0,4,67301,0,,1,98,,N,N,,0,,0,0,0,0,0,,1340,1,2,0,0,3,1,1,3,4,0,2,3,,N,,,,,,,,,,,
2009063897,1510.0,1,0,0,0,0,0,0,0,0,8,0,,67,5,2009,6,40.0066,-75.1532,1508.0,6,0,0,0,0,0,0,0,0,,0,0,0,15,1,1,1,,0,40 00:23.690,,0,75 09:11.440,4,0,0,0,67301,1,0,0,N,1,0,0,2,67301,1,,1,9,,N,N,,0,,0,0,0,3,3,,1505,1,2,0,0,0,0,0,3,4,0,1,7,,N,,,,,,,,,,,
2009058880,2210.0,1,0,0,0,0,0,0,0,0,5,0,,67,4,2009,7,40.0318,-75.1551,2202.0,6,0,0,0,0,0,1,0,0,,0,0,0,21,3,1,0,,0,40 01:54.577,,0,75 09:18.493,4,0,0,1,67301,0,0,0,N,0,0,0,2,67301,1,,1,1,,N,N,,0,,0,0,0,0,0,,2150,1,2,0,0,1,0,0,3,4,0,2,3,,N,,,,,,,,,,,
2009058896,827.0,1,0,0,0,0,0,0,0,0,8,0,,67,4,2009,3,39.984,-75.1256,825.0,6,0,0,0,0,0,1,0,0,,0,0,0,8,1,1,0,,0,39 59:02.431,,0,75 07:32.321,4,0,0,0,67301,1,0,0,N,1,0,0,2,67301,1,,1,1,,N,N,,0,,0,0,0,0,0,,815,1,2,0,0,0,0,0,3,4,0,1,3,,N,,,,,,,,,,,
2009056517,9999.0,2,0,0,0,0,0,0,0,0,4,0,,67,4,2009,7,39.9278,-75.237,9999.0,6,0,0,0,0,0,0,0,0,,0,0,0,99,1,3,1,,0,39 55:40.109,,0,75 14:13.130,4,0,0,0,67301,0,0,0,N,0,0,0,3,67301,3,,1,1,,N,N,,0,,0,0,0,3,2,,9999,3,2,0,0,0,0,0,3,4,0,2,3,,N,,,,,,,,,,,
2009059121,1411.0,0,0,0,0,0,0,0,0,0,5,0,,67,5,2009,7,39.9841,-75.0966,1400.0,6,0,0,0,0,0,0,0,0,1.0,0,0,0,13,1,0,0,,1,39 59:02.760,2.0,0,75 05:48.120,0,0,0,0,67301,0,0,0,N,0,0,0,3,68K01,0,,1,1,,N,N,,0,,0,0,2,0,0,N,1357,0,2,0,0,0,0,0,3,4,0,2,3,,N,,,,,,,,,,,
2009093414,31.0,2,0,0,0,0,0,0,0,0,4,0,,67,8,2009,6,39.9617,-75.2449,29.0,6,0,0,0,0,0,1,0,0,,0,0,0,0,3,0,1,,0,39 57:42.022,,0,75 14:41.618,0,0,0,0,67301,0,0,0,N,0,0,0,5,67301,0,,1,1,,N,N,,0,,0,0,0,3,3,,20,0,2,0,0,5,0,0,3,4,0,2,3,,N,,,,,,,,,,,
2009087918,1549.0,2,0,0,0,0,0,0,0,0,1,0,,67,8,2009,6,39.9598,-75.1775,1505.0,6,0,0,0,0,0,0,0,0,,0,0,0,15,1,1,0,,0,39 57:36.000,,0,75 10:44.040,4,0,0,0,67301,0,0,0,N,0,0,0,5,68K01,1,,1,1,,N,N,,0,,0,0,0,0,0,,1500,1,2,0,0,0,0,0,3,4,0,2,3,,N,,,,,,,,,,,
2009087926,2243.0,4,0,0,0,0,0,0,0,0,1,0,45.0,67,8,2009,2,40.0277,-75.0241,2239.0,6,0,0,0,0,0,0,0,0,1.0,0,0,0,22,3,0,0,,2,40 01:40.238,1.0,0,75 01:26.230,0,0,0,0,67301,0,0,0,N,0,0,0,5,68K01,0,,1,1,,N,N,,0,,0,0,1,3,8,Y,2233,0,5,0,0,0,0,0,3,4,0,5,3,,Y,4.0,1.0,Y,N,N,Y,Y,N,N,N,
2009088253,1038.0,1,0,0,0,0,0,0,0,0,1,0,,67,8,2009,4,39.9747,-75.1984,1038.0,6,0,0,0,0,0,0,0,0,,0,0,0,10,1,1,2,,0,39 58:28.976,,2,75 11:54.231,8,0,0,0,67301,0,0,0,N,0,0,0,2,68K01,0,,1,1,,N,N,,0,,0,0,0,3,2,,1038,1,2,0,0,0,1,0,3,4,1,2,3,,N,,,,,,,,,,,
2009083509,1639.0,1,0,0,0,0,0,0,0,0,8,0,,67,7,2009,6,39.971,-75.2089,1634.0,6,0,0,0,0,0,0,0,0,,0,0,0,16,1,1,0,,0,39 58:15.672,,0,75 12:32.122,4,0,0,0,67301,1,0,0,N,1,0,0,2,67301,1,,1,1,,N,N,,0,,0,0,0,0,0,,1631,1,2,0,0,0,0,0,3,4,0,1,3,,N,,,,,,,,,,,
2009085981,43.0,1,0,0,1,0,0,0,0,0,4,0,,67,7,2009,2,39.9594,-75.2453,36.0,6,0,0,1,0,0,0,0,0,,0,0,0,0,3,1,1,,0,39 57:33.899,,0,75 14:43.234,4,0,0,0,67301,1,0,0,N,0,0,0,4,67301,1,,1,1,,N,N,,0,,0,0,0,3,2,,10,1,2,0,0,0,0,0,3,4,0,1,3,,N,,,,,,,,,,,