CRN,ARRIVAL_TM,AUTOMOBILE_COUNT,BELTED_DEATH_COUNT,BELTED_SUSP_SERIOUS_INJ_COUNT,BICYCLE_COUNT,BICYCLE_DEATH_COUNT,BICYCLE_SUSP_SERIOUS_INJ_COUNT,BUS_COUNT,CHLDPAS_DEATH_COUNT,CHLDPAS_SUSP_SERIOUS_INJ_COUNT,COLLISION_TYPE,COMM_VEH_COUNT,CONS_ZONE_SPD_LIM,COUNTY,CRASH_MONTH,CRASH_YEAR,DAY_OF_WEEK,DEC_LAT,DEC_LONG,DISPATCH_TM,DISTRICT,DRIVER_COUNT_16YR,DRIVER_COUNT_17YR,DRIVER_COUNT_18YR,DRIVER_COUNT_19YR,DRIVER_COUNT_20YR,DRIVER_COUNT_50_64YR,DRIVER_COUNT_65_74YR,DRIVER_COUNT_75PLUS,EST_HRS_CLOSED,FATAL_COUNT,HEAVY_TRUCK_COUNT,HORSE_BUGGY_COUNT,HOUR_OF_DAY,ILLUMINATION,INJURY_COUNT,INTERSECT_TYPE,INTERSECTION_RELATED,LANE_CLOSED,LATITUDE,LN_CLOSE_DIR,LOCATION_TYPE,LONGITUDE,MAX_SEVERITY_LEVEL,MCYCLE_DEATH_COUNT,MCYCLE_SUSP_SERIOUS_INJ_COUNT,MOTORCYCLE_COUNT,MUNICIPALITY,NONMOTR_COUNT,NONMOTR_DEATH_COUNT,NONMOTR_SUSP_SERIOUS_INJ_COUNT,NTFY_HIWY_MAINT,PED_COUNT,PED_DEATH_COUNT,PED_SUSP_SERIOUS_INJ_COUNT,PERSON_COUNT,POLICE_AGCY,POSSIBLE_INJ_COUNT,RDWY_SURF_TYPE_CD,RELATION_TO_ROAD,ROAD_CONDITION,ROADWAY_CLEARED,SCH_BUS_IND,SCH_ZONE_IND,SECONDARY_CRASH,SMALL_TRUCK_COUNT,SPEC_JURIS_CD,SUSP_MINOR_INJ_COUNT,SUSP_SERIOUS_INJ_COUNT,SUV_COUNT,TCD_FUNC_CD,TCD_TYPE,TFC_DETOUR_IND,TIME_OF_DAY,TOT_INJ_COUNT,TOTAL_UNITS,UNB_DEATH_COUNT,UNB_SUSP_SERIOUS_INJ_COUNT,UNBELTED_OCC_COUNT,UNK_INJ_DEG_COUNT,UNK_INJ_PER_COUNT,URBAN_AREA,URBAN_RURAL,VAN_COUNT,VEHICLE_COUNT,WEATHER1,WEATHER2,WORK_ZONE_IND,WORK_ZONE_LOC,WORK_ZONE_TYPE,WORKERS_PRES,WZ_CLOSE_DETOUR,WZ_FLAGGER,WZ_LAW_OFFCR_IND,WZ_LN_CLOSURE,WZ_MOVING,WZ_OTHER,WZ_SHLDER_MDN,WZ_WORKERS_INJ_KILLED
2009065839,425.0,1,0,0,0,0,0,0,0,0,7,0,,67,4,2009,5,40.0283,-75.1905,420.0,6,0,0,0,0,1,0,0,0,1.0,0,0,0,4,3,1,0,,2,40 01:41.740,5.0,0,75 11:25.859,4,0,0,0,67301,0,0,0,N,0,0,0,2,67301,1,,3,1,,N,N,,0,,0,0,0,0,0,Y,415,1,1,0,0,2,0,0,3,4,0,1,3,,N,,,,,,,,,,,
2009084075,1535.0,2,0,0,0,0,0,0,0,0,4,0,,67,7,2009,7,40.0405,-75.0589,1526.0,6,0,0,0,0,0,1,0,0,1.0,0,0,0,15,1,3,1,,1,40 02:25.798,2.0,0,75 03:31.964,8,0,0,0,67301,0,0,0,N,0,0,0,3,67301,0,,1,1,,N,N,,0,,0,0,0,3,2,N,1526,3,2,0,0,0,3,0,3,4,0,2,3,,N,,,,,,,,,,,
2009081580,1013.0,1,0,0,0,0,0,0,0,0,4,0,,67,6,2009,1,40.1162,-75.0332,1008.0,6,0,0,0,0,0,0,0,0,,0,0,0,10,1,0,1,,0,40 06:58.143,,0,75 01:59.609,9,0,0,0,67301,0,0,0,N,0,0,0,2,67301,0,,1,1,,N,N,,0,,0,0,1,3,3,,1005,0,2,0,0,0,0,1,3,4,0,2,3,,N,,,,,,,,,,,
2009079300,910.0,1,0,0,0,0,0,0,0,0,7,0,,67,6,2009,2,39.9776,-75.2059,902.0,6,0,0,0,0,0,0,0,0,,0,0,0,9,1,0,0,,0,39 58:39.491,,0,75 12:21.231,9,0,0,0,67301,0,0,0,,0,0,0,1,67301,0,,2,1,,N,N,,0,,0,0,0,0,0,,900,0,2,0,0,0,0,1,3,4,0,1,3,,N,,,,,,,,,,,
2009079128,840.0,2,0,0,0,0,0,0,0,0,2,0,,67,7,2009,3,40.0083,-75.1944,835.0,6,0,0,0,0,0,0,0,0,1.0,0,0,0,8,1,1,2,,1,40 00:30.056,5.0,0,75 11:40.124,8,0,0,0,67301,0,0,0,N,0,0,0,2,67301,0,,1,1,,N,N,,0,,0,0,0,3,2,N,835,1,2,0,0,0,1,0,3,4,0,2,3,,N,,,,,,,,,,,
2009079199,2150.0,1,0,0,0,0,0,0,0,0,8,0,,67,7,2009,1,39.9259,-75.1813,2142.0,6,0,0,0,0,0,0,0,0,,0,0,0,21,3,1,2,,0,39 55:33.010,,0,75 10:51.700,4,0,0,0,67301,1,0,0,N,1,0,0,2,67301,1,,1,1,,N,N,,0,,0,0,0,3,2,,2130,1,2,0,0,0,0,0,3,4,0,1,3,,N,,,,,,,,,,,
2009071597,935.0,2,0,0,0,0,0,0,0,0,6,0,,67,6,2009,3,39.9509,-75.1411,930.0,6,0,0,0,0,0,0,0,1,,0,0,0,9,1,0,7,,0,39 57:03.489,,2,75 08:27.800,0,0,0,0,67301,0,0,0,N,0,0,0,4,68K01,0,,1,1,,N,N,,0,,0,0,0,0,0,,927,0,3,0,0,0,0,0,3,4,0,2,3,,N,,,,,,,,,,,
2009069107,2359.0,1,0,0,0,0,0,0,0,0,1,0,,67,6,2009,2,39.9639,-75.1843,2359.0,6,0,0,0,0,0,1,0,0,1.0,0,0,0,23,3,0,3,,1,39 57:57.148,4.0,0,75 11:11.032,0,0,0,0,67301,0,0,0,N,0,0,0,2,68K01,0,,1,1,,N,N,,0,,0,0,1,0,0,N,2357,0,2,0,0,0,0,0,3,4,0,2,3,,N,,,,,,,,,,,
2009069257,250.0,1,0,0,0,0,0,0,0,0,7,0,,67,6,2009,6,40.0362,-75.1556,240.0,6,0,0,0,0,0,0,0,0,,0,0,0,2,3,1,0,,0,40 02:10.294,,0,75 09:20.329,8,0,0,0,67301,0,0,0,N,0,0,0,1,67301,0,,4,9,,N,N,,0,,0,0,0,0,0,,230,1,2,0,0,0,1,0,3,4,0,1,7,,N,,,,,,,,,,,
2009074419,2047.0,2,0,0,0,0,0,0,0,0,4,0,,67,5,2009,3,39.9479,-75.2139,2044.0,6,0,0,0,0,0,0,0,0,,0,0,0,20,3,1,1,,0,39 56:52.447,,0,75 12:49.931,8,0,0,0,67301,0,0,0,Y,0,0,0,5,67301,0,,1,1,,N,N,,0,,0,0,1,2,3,,2044,1,3,0,0,0,1,3,3,4,0,3,98,,N,,,,,,,,,,,
2009074441,1350.0,2,0,0,0,0,0,0,0,0,1,0,,67,6,2009,7,39.9301,-75.1654,1340.0,6,0,0,0,0,0,0,0,0,,0,0,0,3,3,1,0,,0,39 55:48.332,,0,75 09:55.334,4,0,0,0,67301,0,0,0,N,0,0,0,1,67301,1,,1,1,,N,N,,1,,0,0,0,0,0,,330,1,3,0,0,0,0,0,3,4,0,3,3,,N,,,,,,,,,,,
2009066905,1626.0,0,0,0,0,0,0,0,0,0,8,0,,67,6,2009,4,40.0428,-75.0766,1622.0,6,0,0,0,0,0,0,0,0,,0,0,0,16,1,1,2,,0,40 02:34.044,,0,75 04:35.630,4,0,0,0,67301,1,0,0,N,1,0,0,2,67301,1,,1,9,,N,N,,1,,0,0,0,3,2,,1621,1,2,0,0,0,0,0,3,4,0,1,3,,N,,,,,,,,,,,
2009080169,1140.0,0,0,0,0,0,0,0,0,0,1,0,,67,8,2009,1,40.0016,-75.2258,1137.0,6,0,0,0,0,0,0,0,0,,0,0,0,11,1,1,0,,0,40 00:08.124,,0,75 13:27.682,8,0,0,0,67301,0,0,0,N,0,0,0,4,46104,0,,1,1,,N,N,,0,,0,0,1,0,0,,1135,1,2,0,0,0,1,0,3,4,1,2,3,,N,,,,,,,,,,,
2009067646,1443.0,1,0,0,0,0,0,0,0,0,1,0,,67,5,2009,2,40.0229,-75.1359,1443.0,6,0,0,0,0,0,1,0,0,2.0,0,0,0,14,1,2,1,,1,40 01:22.765,1.0,0,75 08:08.146,8,0,0,0,67301,0,0,0,N,0,0,0,10,67301,0,,1,1,,N,N,,1,,0,0,0,3,2,N,1443,2,3,0,0,0,2,0,3,4,1,3,3,,N,,,,,,,,,,,
2009075453,605.0,3,0,0,0,0,0,0,0,0,6,1,,67,6,2009,2,39.9382,-75.1986,604.0,6,0,0,0,0,0,2,0,0,,0,1,0,6,1,3,1,,0,39 56:17.577,,0,75 11:54.995,3,0,0,0,67301,0,0,0,N,0,0,0,5,67301,1,,1,1,,N,N,,0,,2,0,0,3,2,,600,3,4,0,0,5,0,0,3,4,0,4,3,,N,,,,,,,,,,,
2009092927,1805.0,1,0,0,0,0,0,0,0,0,8,0,,67,8,2009,2,40.035,-75.1153,1800.0,6,0,0,0,0,0,0,0,0,,0,0,0,15,1,1,0,,0,40 02:06.100,,0,75 06:55.195,4,0,0,0,67301,1,0,0,N,1,0,0,2,67301,1,,1,1,,N,N,,0,,0,0,0,0,0,,1500,1,2,0,0,1,0,0,3,4,0,1,3,,N,,,,,,,,,,,
2009069745,802.0,1,0,0,0,0,0,0,0,0,7,0,,67,7,2009,6,39.8914,-75.2381,755.0,6,0,0,0,0,0,0,0,0,,0,0,0,7,1,0,0,,0,39 53:28.877,,0,75 14:17.303,0,0,0,0,67301,0,0,0,N,0,0,0,1,68K01,0,,2,1,,N,N,,0,,0,0,0,0,0,,749,0,1,0,0,0,0,0,3,4,0,1,3,,N,,,,,,,,,,,
2009067096,1705.0,1,0,0,0,0,0,0,0,0,8,0,,67,6,2009,7,40.006,-75.0786,1655.0,6,0,0,0,0,0,0,0,0,9.0,0,0,0,16,1,1,0,,2,40 00:21.549,2.0,0,75 04:42.952,8,0,0,0,67301,1,0,0,N,1,0,0,2,67301,0,,1,1,,N,N,,0,,0,0,0,0,0,Y,1655,1,2,0,0,0,1,0,3,4,0,1,3,,N,,,,,,,,,,,
2009067255,1330.0,1,0,0,0,0,0,0,0,0,4,0,,67,6,2009,5,40.0368,-75.1606,1320.0,6,0,0,0,0,0,0,0,0,,0,0,0,13,1,1,3,,0,40 02:12.562,,0,75 09:38.091,3,0,0,0,67301,0,0,0,N,0,0,0,2,67301,0,,1,9,,N,N,,0,,1,0,1,3,3,,1310,1,2,0,0,0,0,0,3,4,0,2,7,,N,,,,,,,,,,,
2009067273,945.0,1,0,0,0,0,0,0,0,0,8,0,,67,6,2009,6,40.0551,-75.1577,940.0,6,0,0,0,0,0,0,0,0,,0,0,0,9,1,1,2,,0,40 03:18.419,,0,75 09:27.809,8,0,0,0,67301,1,0,0,N,1,0,0,2,67301,0,,1,9,,N,N,,0,,0,0,0,0,0,,939,1,2,0,0,0,1,0,3,4,0,1,7,,N,,,,,,,,,,,
2009069946,1600.0,0,0,0,0,0,0,0,0,0,1,0,,67,6,2009,3,40.0203,-75.1417,1550.0,6,0,0,0,0,0,0,0,0,2.0,0,0,0,15,1,4,0,,2,40 01:12.886,3.0,0,75 08:30.072,3,0,0,0,67301,0,0,0,N,0,0,0,8,67301,3,,1,1,,N,N,,1,,1,0,0,3,2,N,1546,4,2,0,0,0,0,0,3,4,1,2,3,,N,,,,,,,,,,,
2009111221,1130.0,0,0,0,0,0,0,0,0,0,6,0,,67,10,2009,7,40.0202,-75.1607,1124.0,6,0,0,0,0,0,0,0,0,,0,0,0,99,1,3,0,,0,40 01:12.767,,0,75 09:38.441,4,0,0,0,67301,0,0,0,,0,0,0,4,67301,1,,1,9,,,,,1,,0,0,0,0,0,,9999,3,2,0,0,0,2,0,3,4,1,2,7,,N,,,,,,,,,,,
2009048241,1453.0,1,0,0,0,0,0,0,0,0,7,0,,67,5,2009,2,39.9569,-75.153,1441.0,6,0,0,0,0,0,1,0,0,,0,0,0,14,1,0,0,,0,39 57:24.819,,0,75 09:10.755,0,0,0,0,67301,0,0,0,Y,0,0,0,2,68K01,0,,4,1,,N,N,,1,,0,0,0,0,0,,1438,0,2,0,0,0,0,0,3,4,0,2,3,,N,,,,,,,,,,,
2009058604,1433.0,2,0,0,0,0,0,0,0,0,1,0,,67,5,2009,6,39.9828,-75.208,1426.0,6,0,0,0,0,0,0,0,0,,0,0,0,14,1,1,0,,0,39 59:01.750,,0,75 12:29.846,4,0,0,0,67301,0,0,0,N,0,0,0,2,68K01,1,,1,1,,N,N,,0,,0,0,0,0,0,,1420,1,2,0,0,0,0,0,3,4,0,2,3,,N,,,,,,,,,,,
2009068869,2148.0,1,0,0,0,0,0,0,0,0,1,0,,67,7,2009,3,40.0546,-75.1247,2148.0,6,0,0,0,0,0,0,0,0,1.0,0,0,0,21,3,1,0,,1,40 03:16.583,4.0,0,75 07:28.868,8,0,0,0,67301,0,0,0,N,0,0,0,2,46102,0,,1,1,,N,N,,0,,0,0,1,3,2,N,2128,1,2,0,0,0,1,0,3,4,0,2,3,,N,,,,,,,,,,,
2009071401,1035.0,1,0,0,0,0,0,0,0,0,2,0,,67,6,2009,1,39.9878,-75.0921,1032.0,6,0,0,0,0,0,0,0,0,2.0,0,0,0,10,1,2,1,,2,39 59:16.127,5.0,0,75 05:31.456,8,0,0,0,67301,0,0,0,N,0,0,0,5,67301,0,,1,9,,N,N,,0,,0,0,1,3,2,Y,1030,2,2,0,0,0,2,0,3,4,0,2,7,,N,,,,,,,,,,,
2009071433,2311.0,1,0,0,0,0,0,0,0,0,4,0,,67,5,2009,1,39.9671,-75.1621,2310.0,6,0,0,0,0,1,0,0,0,,0,0,0,23,3,0,1,,0,39 58:01.549,,0,75 09:43.675,0,0,0,0,67301,0,0,0,N,0,0,0,5,67301,0,,1,1,,N,N,,0,,0,0,1,3,2,,2307,0,2,0,0,0,0,0,3,4,0,2,3,,N,,,,,,,,,,,
2009063860,1110.0,0,0,0,1,0,0,0,0,0,1,0,,67,5,2009,2,39.9543,-75.1714,1105.0,6,0,0,0,0,0,0,0,0,,0,0,0,11,1,1,0,,0,39 57:15.385,,0,75 10:16.963,8,0,0,0,67301,1,0,0,N,0,0,0,2,67301,0,,1,1,,N,N,,1,,0,0,0,3,2,,1100,1,2,0,0,0,1,0,3,4,0,1,3,,N,,,,,,,,,,,
2009063899,1220.0,2,0,0,0,0,0,0,0,0,4,0,,67,5,2009,4,40.0143,-75.1781,1215.0,6,0,0,0,0,0,0,0,1,,0,0,0,12,1,2,1,,0,40 00:51.570,,0,75 10:41.163,8,0,0,0,67301,0,0,0,,0,0,0,3,67301,0,,1,1,,,,,0,,0,0,0,3,2,,1215,2,2,0,0,0,2,1,3,4,0,2,3,,N,,,,,,,,,,,
2009056344,2330.0,0,0,0,0,0,0,0,0,0,0,0,,67,4,2009,3,39.9566,-75.198,2329.0,6,0,0,0,0,0,0,0,0,,0,0,0,23,3,1,1,,0,39 57:23.865,,0,75 11:52.879,3,0,0,1,67301,0,0,0,,0,0,0,2,67301,0,,1,9,,N,N,,0,,1,0,0,3,2,,2329,1,1,0,0,0,0,0,3,4,0,1,7,,N,,,,,,,,,,,
2009058888,719.0,1,0,0,0,0,0,0,0,0,7,0,,67,5,2009,1,40.0785,-75.0311,718.0,6,0,0,0,0,0,0,0,0,2.0,0,0,0,7,1,1,0,,2,40 04:42.654,2.0,0,75 01:51.781,4,0,0,0,67301,0,0,0,,0,0,0,1,67301,1,,3,1,,,,,0,,0,0,0,0,0,N,717,1,1,0,0,0,0,0,3,4,0,1,3,,N,,,,,,,,,,,
2009056460,1517.0,1,0,0,0,0,0,0,0,0,4,0,,67,4,2009,7,,,1515.0,6,0,0,0,0,0,0,0,1,,0,0,0,15,1,1,0,,0,,,0,,8,0,0,0,67301,0,0,0,,0,0,0,3,67301,0,,1,1,,,,,1,,0,0,0,0,0,,1500,1,2,0,0,0,1,2,3,3,0,2,3,,N,,,,,,,,,,,
2009056479,932.0,1,0,0,0,0,0,0,0,0,8,0,,67,5,2009,3,39.9841,-75.2343,930.0,6,0,0,0,0,0,0,0,0,,0,0,0,9,1,1,2,,0,39 59:02.796,,0,75 14:03.551,4,0,0,0,67301,1,0,0,N,1,0,0,2,67301,1,,1,9,,N,N,,0,,0,0,0,3,3,,915,1,2,0,0,0,0,1,3,4,0,1,7,,N,,,,,,,,,,,
2009056511,717.0,1,0,0,0,0,0,0,0,0,4,0,,67,5,2009,2,39.9387,-75.1732,717.0,6,0,0,0,0,0,1,0,0,,0,0,0,7,1,4,1,,0,39 56:19.140,,0,75 10:23.390,3,0,0,0,67301,0,0,0,,0,0,0,4,67301,0,,1,9,,,,,0,,4,0,0,3,2,,717,4,2,0,0,0,0,0,3,4,1,2,7,,N,,,,,,,,,,,
2009056576,2028.0,0,0,0,1,0,0,0,0,0,4,0,,67,4,2009,4,39.9916,-75.1184,2028.0,6,0,0,0,0,0,0,0,0,,0,0,0,17,1,1,0,,0,39 59:29.813,,0,75 07:06.278,4,0,0,0,67301,1,0,0,,0,0,0,2,67301,1,,1,1,,,,,0,,0,0,0,0,0,,1750,1,2,0,0,0,0,1,3,4,1,1,3,,N,,,,,,,,,,,
2009053942,2318.0,0,0,0,0,0,0,0,0,0,4,0,,67,4,2009,7,40.0341,-75.2159,2313.0,6,0,0,0,0,0,0,0,0,,0,0,0,23,3,1,2,,0,40 02:02.390,,0,75 12:56.882,4,0,0,1,67301,0,0,0,N,0,0,0,2,67301,1,,1,1,,N,N,,0,,0,0,1,3,2,,2300,1,2,0,0,0,0,0,3,4,0,2,3,,N,,,,,,,,,,,
2009093274,355.0,2,0,0,0,0,0,0,0,0,4,0,,67,9,2009,6,39.9584,-75.1662,355.0,6,0,0,0,0,0,0,0,0,1.0,0,0,0,3,3,2,0,,1,39 57:30.240,4.0,0,75 09:58.320,4,0,0,0,67301,0,0,0,N,0,0,0,2,68K03,2,,1,1,,N,N,,0,,0,0,0,0,0,N,355,2,2,0,0,2,0,0,3,4,0,2,3,,N,,,,,,,,,,,
2009085923,2115.0,2,0,0,0,0,0,0,0,0,1,0,,67,8,2009,7,40.0235,-75.08,2113.0,6,0,0,1,0,0,0,0,0,,0,0,0,21,2,3,0,,0,40 01:24.462,,0,75 04:48.156,4,0,0,0,67301,0,0,0,N,0,0,0,3,67301,3,,2,1,,,,,0,,0,0,0,0,0,,2100,3,2,0,0,0,0,0,3,4,0,2,3,,N,,,,,,,,,,,
2009085949,21.0,2,0,0,0,0,0,0,0,0,4,0,,67,7,2009,1,40.0521,-75.1418,18.0,6,0,0,0,0,0,0,0,0,,0,0,0,23,3,0,1,,0,40 03:07.621,,0,75 08:30.380,9,0,0,0,67301,0,0,0,N,0,0,0,2,67301,0,,1,1,,N,N,,0,,0,0,0,3,2,,2300,0,2,0,0,0,0,1,3,4,0,2,3,,N,,,,,,,,,,,
2009083329,1.0,2,0,0,0,0,0,0,0,0,4,0,,67,7,2009,7,39.9946,-75.1643,2356.0,6,0,0,0,0,0,0,0,0,,0,0,0,22,3,3,2,,0,39 59:40.599,,0,75 09:51.451,4,0,0,0,67301,0,0,0,N,0,0,0,7,67301,2,,1,1,,N,N,,0,,0,0,0,3,3,,2255,3,2,0,0,0,1,0,3,4,0,2,3,,N,,,,,,,,,,,
2009083420,1810.0,1,0,0,0,0,0,0,0,0,6,0,,67,6,2009,3,40.0424,-75.2015,1807.0,6,0,0,0,0,0,1,0,0,,0,0,0,18,1,2,2,,0,40 02:32.524,,0,75 12:05.111,4,0,0,0,67301,0,0,0,N,0,0,0,3,67301,2,,1,1,,N,N,,0,,0,0,0,0,0,,1803,2,2,0,0,0,0,0,3,4,1,2,3,,N,,,,,,,,,,,
2009086049,1153.0,1,0,0,0,0,0,0,0,0,5,0,,67,8,2009,3,39.9117,-75.1724,1147.0,6,0,0,0,0,1,0,0,0,,0,0,0,11,1,1,1,,0,39 54:42.148,,0,75 10:20.534,3,0,0,0,67301,0,0,0,,0,0,0,2,67301,0,,4,1,,,,,1,,1,0,0,3,2,,1143,1,2,0,0,0,0,0,3,4,0,2,3,,N,,,,,,,,,,,
2009086053,520.0,1,0,0,0,0,0,0,0,0,7,0,99.0,67,7,2009,6,39.9714,-75.1594,514.0,6,0,0,0,1,0,0,0,0,1.0,0,0,0,5,3,1,1,,2,39 58:17.205,2.0,0,75 09:33.736,4,0,0,0,67301,0,0,0,N,0,0,0,3,67301,1,,1,1,,N,N,,0,,0,0,0,3,2,Y,500,1,1,0,0,0,0,0,3,4,0,1,3,,Y,8.0,8.0,U,,,U,,,,,
2009086481,1608.0,1,0,0,1,0,0,0,0,0,1,0,,67,7,2009,2,40.0047,-75.1522,1603.0,6,0,0,0,0,0,0,0,0,,0,0,0,12,1,1,0,,0,40 00:16.907,,0,75 09:08.075,4,0,0,0,67301,1,0,0,,0,0,0,2,67301,1,,1,1,,,,,0,,0,0,0,0,0,,1200,1,2,0,0,0,0,0,3,4,0,1,3,,N,,,,,,,,,,,
2009081664,1051.0,0,0,0,0,0,0,1,0,0,1,2,,67,7,2009,2,40.0539,-75.0489,1049.0,6,0,0,0,0,0,1,0,0,2.0,0,1,0,10,1,8,0,,1,40 03:14.155,1.0,0,75 02:56.202,8,0,0,0,67301,0,0,0,,0,0,0,10,67301,0,,1,1,,N,N,,0,,0,0,0,0,0,N,1045,8,2,0,0,1,8,0,3,4,0,2,3,,N,,,,,,,,,,,
2009078827,758.0,2,0,0,0,0,0,0,0,0,4,0,,67,6,2009,1,39.9532,-75.17,756.0,6,0,0,0,0,0,0,0,0,,0,0,0,6,1,0,1,,0,39 57:11.460,,0,75 10:12.185,0,0,0,0,67301,0,0,0,N,0,0,0,3,67301,0,,1,1,,N,N,,0,,0,0,0,3,2,,630,0,2,0,0,0,0,0,3,4,0,2,3,,N,,,,,,,,,,,
2009083861,736.0,2,0,0,0,0,0,0,0,0,1,0,,67,7,2009,3,40.0172,-75.2023,735.0,6,0,0,0,0,0,0,0,0,1.0,0,0,0,7,1,0,0,,1,40 01:01.840,1.0,0,75 12:08.110,0,0,0,0,67301,0,0,0,N,0,0,0,2,67301,0,,1,9,,N,N,,0,,0,0,0,0,0,N,735,0,2,0,0,0,0,0,3,4,0,2,7,,N,,,,,,,,,,,
2009084267,2101.0,2,0,0,0,0,0,0,0,0,4,0,,67,7,2009,3,39.9138,-75.159,1959.0,6,0,0,0,0,1,0,0,0,,0,0,0,19,3,2,0,,0,39 54:49.521,,7,75 09:32.295,4,0,0,0,67301,0,0,0,,0,0,0,3,67301,2,,1,1,,,,,0,,0,0,0,0,0,,1948,2,2,0,0,0,0,0,3,4,0,2,3,,N,,,,,,,,,,,
2009076346,24.0,2,0,0,0,0,0,0,0,0,2,0,,67,7,2009,6,39.9063,-75.1356,24.0,6,0,0,0,0,0,1,0,0,2.0,0,0,0,0,3,1,0,,2,39 54:22.620,4.0,0,75 08:08.126,4,0,0,0,67301,0,0,0,N,0,0,0,2,67501,1,,1,1,,N,N,,0,,0,0,0,3,8,N,24,1,2,0,0,0,0,0,3,4,0,2,3,,N,,,,,,,,,,,
2009081659,9999.0,2,0,0,0,0,0,0,0,0,4,0,,67,1,2009,5,40.0152,-75.1472,2204.0,6,0,1,0,0,0,0,0,0,,0,0,0,22,3,1,1,,0,40 00:54.748,,0,75 08:49.919,3,0,0,0,67301,0,0,0,N,0,0,0,3,67301,0,,1,1,,N,N,,0,,1,0,0,2,2,,2200,1,2,0,0,3,0,0,3,4,0,2,3,,N,,,,,,,,,,,
2009081841,523.0,2,0,0,0,0,0,0,0,0,1,0,,67,7,2009,6,40.0404,-75.1242,523.0,6,0,0,0,0,0,1,0,0,,0,0,0,5,1,3,1,,0,40 02:25.414,,0,75 07:27.069,4,0,0,0,67301,0,0,0,Y,0,0,0,3,67301,3,,1,1,,N,N,,1,,0,0,1,3,2,,500,3,5,0,0,0,0,0,3,4,1,5,3,,N,,,,,,,,,,,
2009079043,614.0,3,0,0,0,0,0,0,0,0,4,0,,67,7,2009,7,39.9853,-75.1788,608.0,6,0,0,0,0,0,0,0,0,9.0,0,0,0,6,1,5,1,,1,39 59:06.953,5.0,0,75 10:43.660,4,0,0,0,67301,0,0,0,,0,0,0,5,67301,5,,1,1,,N,N,,0,,0,0,0,3,2,Y,600,5,3,0,0,0,0,0,3,4,0,3,3,,N,,,,,,,,,,,
2009079126,733.0,2,0,0,0,0,0,0,0,0,2,0,,67,7,2009,3,39.9911,-75.1329,730.0,6,0,0,0,0,0,0,0,0,,0,0,0,7,1,1,2,,0,39 59:27.918,,0,75 07:58.290,4,0,0,0,67301,0,0,0,,0,0,0,3,67301,1,,1,1,,,,,0,,0,0,0,3,2,,725,1,2,0,0,0,0,0,3,4,0,2,3,,N,,,,,,,,,,,
2009079140,1540.0,2,0,0,0,0,0,0,0,0,5,0,,67,7,2009,4,39.9204,-75.2329,1537.0,6,0,0,0,0,0,0,0,0,2.0,0,0,0,15,1,1,0,,2,39 55:13.297,6.0,0,75 13:58.605,4,0,0,0,67301,0,0,0,,0,0,0,2,67301,1,,1,1,,,,,0,,0,0,0,3,2,Y,1536,1,3,0,0,0,0,0,3,4,0,3,3,,N,,,,,,,,,,,
2009079161,1631.0,1,0,0,0,0,0,0,0,0,2,0,,67,7,2009,4,39.9715,-75.2419,1630.0,6,0,0,0,0,0,0,0,0,,0,0,0,16,1,2,5,,0,39 58:17.239,,0,75 14:30.609,4,0,0,0,67301,0,0,0,N,0,0,0,2,67301,2,,1,1,,,N,,0,,0,0,0,0,0,,1629,2,2,0,0,1,0,0,3,4,0,2,3,,N,,,,,,,,,,,
2009079244,928.0,0,0,0,0,0,0,0,0,0,8,0,,67,7,2009,3,40.0042,-75.0994,926.0,6,0,0,0,0,0,1,0,0,,0,0,0,9,1,1,1,,0,40 00:15.118,,0,75 05:57.764,8,0,0,0,67301,1,0,0,N,1,0,0,2,67301,0,,1,1,,N,N,,0,,0,0,1,3,2,,920,1,2,0,0,0,1,0,3,4,0,1,3,,N,,,,,,,,,,,
2009074483,812.0,1,0,0,0,0,0,0,0,0,8,0,,67,6,2009,2,40.0209,-75.2116,801.0,6,0,0,0,0,0,0,0,0,,0,0,0,7,1,1,1,,0,40 01:15.283,,0,75 12:41.626,8,0,0,0,67301,1,0,0,,1,0,0,2,67301,0,,4,1,,,,,0,,0,0,0,0,0,,754,1,2,0,0,0,1,0,3,4,0,1,3,,N,,,,,,,,,,,
2009074620,1900.0,1,0,0,0,0,0,0,0,0,4,0,,67,6,2009,6,40.0287,-75.1177,1900.0,6,0,0,0,0,0,0,0,0,,0,0,0,15,1,1,1,,0,40 01:43.284,,0,75 07:03.795,8,0,0,0,67301,0,0,0,N,0,0,0,2,67301,0,,1,1,,N,N,,0,,0,0,1,3,2,,1530,1,2,0,0,0,1,1,3,4,0,2,99,,N,,,,,,,,,,,
2009074625,1434.0,0,0,0,0,0,0,0,0,0,8,0,,67,6,2009,1,39.9986,-75.1298,1434.0,6,0,0,0,0,0,0,0,0,,0,0,0,16,1,1,2,,0,39 59:55.088,,0,75 07:47.103,4,0,0,0,67301,1,0,0,N,1,0,0,2,67301,1,,3,1,,N,N,,0,,0,0,0,0,0,,1630,1,2,0,0,0,0,0,3,4,0,1,3,,N,,,,,,,,,,,
2009069666,405.0,2,0,0,0,0,0,0,0,0,1,0,,67,6,2009,6,39.9246,-75.144,400.0,6,0,0,0,0,0,0,0,0,,0,0,0,2,3,1,1,,0,39 55:28.682,,7,75 08:38.540,4,0,0,0,67301,0,0,0,N,0,0,0,3,67301,1,,1,9,,N,N,,0,,0,0,0,3,2,,200,1,2,0,0,0,0,1,3,4,0,2,7,,N,,,,,,,,,,,