CRN,ARRIVAL_TM,AUTOMOBILE_COUNT,BELTED_DEATH_COUNT,BELTED_SUSP_SERIOUS_INJ_COUNT,BICYCLE_COUNT,BICYCLE_DEATH_COUNT,BICYCLE_SUSP_SERIOUS_INJ_COUNT,BUS_COUNT,CHLDPAS_DEATH_COUNT,CHLDPAS_SUSP_SERIOUS_INJ_COUNT,COLLISION_TYPE,COMM_VEH_COUNT,CONS_ZONE_SPD_LIM,COUNTY,CRASH_MONTH,CRASH_YEAR,DAY_OF_WEEK,DEC_LAT,DEC_LONG,DISPATCH_TM,DISTRICT,DRIVER_COUNT_16YR,DRIVER_COUNT_17YR,DRIVER_COUNT_18YR,DRIVER_COUNT_19YR,DRIVER_COUNT_20YR,DRIVER_COUNT_50_64YR,DRIVER_COUNT_65_74YR,DRIVER_COUNT_75PLUS,EST_HRS_CLOSED,FATAL_COUNT,HEAVY_TRUCK_COUNT,HORSE_BUGGY_COUNT,HOUR_OF_DAY,ILLUMINATION,INJURY_COUNT,INTERSECT_TYPE,INTERSECTION_RELATED,LANE_CLOSED,LATITUDE,LN_CLOSE_DIR,LOCATION_TYPE,LONGITUDE,MAX_SEVERITY_LEVEL,MCYCLE_DEATH_COUNT,MCYCLE_SUSP_SERIOUS_INJ_COUNT,MOTORCYCLE_COUNT,MUNICIPALITY,NONMOTR_COUNT,NONMOTR_DEATH_COUNT,NONMOTR_SUSP_SERIOUS_INJ_COUNT,NTFY_HIWY_MAINT,PED_COUNT,PED_DEATH_COUNT,PED_SUSP_SERIOUS_INJ_COUNT,PERSON_COUNT,POLICE_AGCY,POSSIBLE_INJ_COUNT,RDWY_SURF_TYPE_CD,RELATION_TO_ROAD,ROAD_CONDITION,ROADWAY_CLEARED,SCH_BUS_IND,SCH_ZONE_IND,SECONDARY_CRASH,SMALL_TRUCK_COUNT,SPEC_JURIS_CD,SUSP_MINOR_INJ_COUNT,SUSP_SERIOUS_INJ_COUNT,SUV_COUNT,TCD_FUNC_CD,TCD_TYPE,TFC_DETOUR_IND,TIME_OF_DAY,TOT_INJ_COUNT,TOTAL_UNITS,UNB_DEATH_COUNT,UNB_SUSP_SERIOUS_INJ_COUNT,UNBELTED_OCC_COUNT,UNK_INJ_DEG_COUNT,UNK_INJ_PER_COUNT,URBAN_AREA,URBAN_RURAL,VAN_COUNT,VEHICLE_COUNT,WEATHER1,WEATHER2,WORK_ZONE_IND,WORK_ZONE_LOC,WORK_ZONE_TYPE,WORKERS_PRES,WZ_CLOSE_DETOUR,WZ_FLAGGER,WZ_LAW_OFFCR_IND,WZ_LN_CLOSURE,WZ_MOVING,WZ_OTHER,WZ_SHLDER_MDN,WZ_WORKERS_INJ_KILLED
2009067650,1306.0,1,0,0,0,0,0,0,0,0,4,0,,67,6,2009,6,40.0153,-75.1372,1300.0,6,0,0,0,0,0,1,0,0,,0,0,0,12,1,0,1,,0,40 00:55.051,,0,75 08:13.761,0,0,0,0,67301,0,0,0,N,0,0,0,4,67301,0,,1,9,,N,N,,1,,0,0,0,3,2,,1237,0,2,0,0,0,0,0,3,4,0,2,7,,N,,,,,,,,,,,
2009075459,1630.0,2,0,0,0,0,0,0,0,0,4,0,,67,6,2009,4,40.0242,-75.1449,1625.0,6,0,0,0,0,0,0,0,0,,0,0,0,15,1,2,1,,0,40 01:26.961,,0,75 08:41.639,8,0,0,0,67301,0,0,0,N,0,0,0,3,67301,0,,1,1,,N,N,,0,,0,0,0,3,3,,1535,2,2,0,0,0,2,0,3,4,0,2,3,,N,,,,,,,,,,,
2009065250,2005.0,3,0,0,0,0,0,0,0,0,1,0,,67,5,2009,6,40.0687,-75.1641,2001.0,6,0,0,0,0,0,1,0,0,,0,0,0,20,3,1,2,,0,40 04:07.204,,0,75 09:50.796,4,0,0,0,67301,0,0,0,N,0,0,0,6,67301,1,,1,1,,N,N,,0,,0,0,0,3,2,,2001,1,3,0,0,1,0,0,3,4,0,3,3,,N,,,,,,,,,,,
2009065280,725.0,2,0,0,0,0,0,0,0,0,1,0,,67,5,2009,7,40.0195,-75.156,723.0,6,0,0,0,0,0,0,0,0,,0,0,0,7,1,0,0,,0,40 01:10.174,,0,75 09:21.448,0,0,0,0,67301,0,0,0,N,0,0,0,1,67301,0,,2,1,,N,N,,0,,0,0,0,0,0,,700,0,2,0,0,0,0,0,3,4,0,2,3,,N,,,,,,,,,,,
2009096993,1235.0,2,0,0,0,0,0,0,0,0,4,0,,67,8,2009,7,40.0951,-74.9646,1225.0,6,0,0,0,1,0,0,0,0,1.0,0,0,0,12,1,2,2,,1,40 05:42.374,1.0,0,74 57:52.595,4,0,0,0,67301,0,0,0,N,0,0,0,4,67301,1,,1,9,,N,N,,0,,0,0,0,3,3,N,1202,2,2,0,0,0,1,0,3,4,0,2,7,,N,,,,,,,,,,,
2009083738,1629.0,1,0,0,0,0,0,0,0,0,4,0,,67,7,2009,2,39.996,-75.1339,1628.0,6,0,0,0,0,0,0,0,0,,0,0,0,16,1,2,1,,0,39 59:45.578,,0,75 08:01.967,4,0,0,1,67301,0,0,0,,0,0,0,2,67301,2,,2,1,,,,,0,,0,0,0,2,2,,1624,2,2,0,0,0,0,0,3,4,0,2,3,,N,,,,,,,,,,,
2009083848,1723.0,0,0,0,0,0,0,0,0,0,8,0,,67,7,2009,7,40.0045,-75.1392,1721.0,6,0,0,0,0,0,0,0,0,,0,0,0,16,1,1,0,,0,40 00:16.238,,0,75 08:21.246,8,0,0,0,67301,1,0,0,N,1,0,0,2,67301,0,,1,1,,N,N,,0,,0,0,1,3,2,,1650,1,2,0,0,0,1,0,3,4,0,1,3,,N,,,,,,,,,,,
2009121634,245.0,1,0,0,0,0,0,0,0,0,7,0,,67,10,2009,1,39.9829,-75.208,245.0,6,0,0,0,0,0,0,0,0,1.0,0,0,0,2,3,0,0,,1,39 59:02.040,3.0,0,75 12:29.880,0,0,0,0,67301,0,0,0,N,0,0,0,1,68K01,0,,5,9,,N,N,,0,,0,0,0,0,0,N,243,0,1,0,0,0,0,0,3,4,0,1,7,,N,,,,,,,,,,,
2009065483,1357.0,2,0,0,0,0,0,0,0,0,4,0,,67,5,2009,6,40.0532,-75.1221,1355.0,6,0,0,0,0,0,0,0,0,,0,0,0,13,1,2,2,,0,40 03:11.434,,0,75 07:19.656,3,0,0,0,67301,0,0,0,N,0,0,0,2,67301,1,,1,1,,N,N,,0,,1,0,0,3,2,,1350,2,2,0,0,0,0,0,3,4,0,2,3,,N,,,,,,,,,,,
2009120583,940.0,1,0,0,0,0,0,0,0,0,5,1,,67,11,2009,5,40.0152,-75.0531,937.0,6,0,0,0,0,0,1,0,0,,0,1,0,9,1,1,0,,0,40 00:55.319,,0,75 03:09.449,4,0,0,0,67301,0,0,0,,0,0,0,2,67301,1,,1,1,,,,,0,,0,0,0,0,0,,930,1,2,0,0,0,0,0,3,4,0,2,3,,N,,,,,,,,,,,
2009120625,143.0,1,0,0,0,0,0,0,0,0,7,0,,67,11,2009,1,40.1114,-75.0009,123.0,6,0,0,0,0,0,0,0,0,,0,0,0,1,3,2,2,,0,40 06:40.904,,3,75 00:03.263,4,0,0,0,67301,0,0,0,N,0,0,0,2,67301,2,,5,1,,N,N,,0,,0,0,0,0,0,,123,2,1,0,0,0,0,0,3,4,0,1,3,,N,,,,,,,,,,,
2009120634,2144.0,2,0,0,0,0,0,0,0,0,4,0,,67,10,2009,2,39.9383,-75.17,2143.0,6,0,0,0,0,1,0,0,0,,0,0,0,21,3,3,1,,0,39 56:17.761,,0,75 10:12.111,8,0,0,0,67301,0,0,0,N,0,0,0,4,67301,0,,1,1,,N,N,,0,,0,0,0,3,2,,2140,3,2,0,0,0,3,1,3,4,0,2,3,,N,,,,,,,,,,,
2009116365,1100.0,4,0,0,0,0,0,0,0,0,1,0,50.0,67,9,2009,1,39.9389,-75.1972,1058.0,6,0,0,0,0,0,4,0,0,1.0,0,0,0,10,1,2,0,,1,39 56:24.628,3.0,3,75 11:45.331,4,0,0,0,67301,0,0,0,N,0,0,0,11,68K01,2,,1,1,,N,N,,0,,0,0,0,0,0,N,1057,2,5,0,0,0,0,0,3,4,1,5,3,,Y,4.0,1.0,N,N,N,N,N,Y,N,N,
2009111420,1330.0,1,0,0,0,0,0,0,0,0,1,0,,67,10,2009,4,40.0789,-75.0254,1324.0,6,0,0,0,0,0,0,0,0,,0,0,0,13,1,0,0,,0,40 04:44.188,,0,75 01:31.326,0,0,0,0,67301,0,0,0,N,0,0,0,2,67301,0,,1,9,,N,N,,0,,0,0,1,3,2,,1315,0,2,0,0,0,0,0,3,4,0,2,99,,N,,,,,,,,,,,
2009116010,925.0,2,0,0,0,0,0,0,0,0,4,0,,67,11,2009,3,40.0095,-75.2054,924.0,6,0,0,0,0,0,0,0,0,1.0,0,0,0,9,1,0,0,,1,40 00:34.552,4.0,0,75 12:20.201,9,0,0,0,67301,0,0,0,N,0,0,0,4,68K01,0,,1,1,,N,N,,1,,0,0,0,0,0,N,915,0,3,0,0,0,0,2,3,4,0,3,3,,N,,,,,,,,,,,
2009111190,1845.0,0,0,0,0,0,0,0,0,0,8,0,,67,10,2009,2,39.9215,-75.1569,1840.0,6,0,0,0,0,0,0,0,0,,0,0,0,18,4,1,1,,0,39 55:17.302,,0,75 09:24.832,8,0,0,0,67301,1,0,0,N,1,0,0,2,67301,0,,1,1,,N,N,,0,,0,0,0,0,0,,1800,1,2,0,0,0,1,1,3,4,1,1,3,,N,,,,,,,,,,,
2009108874,2110.0,2,0,0,0,0,0,0,0,0,2,0,,67,9,2009,7,40.0352,-75.1207,2055.0,6,0,0,0,0,0,1,0,0,,0,0,0,20,3,2,0,,0,40 02:06.655,,0,75 07:14.558,8,0,0,0,67301,0,0,0,N,0,0,0,2,67301,0,,1,9,,N,N,,0,,0,0,0,0,0,,2053,2,2,0,0,0,2,0,3,4,0,2,7,,N,,,,,,,,,,,
2009133662,226.0,0,0,0,0,0,0,0,0,0,7,0,,67,12,2009,7,40.0325,-75.0211,218.0,6,0,0,0,0,0,0,0,0,1.0,0,0,0,2,3,0,0,,1,40 01:57.720,2.0,0,75 01:15.600,0,0,0,0,67301,0,0,0,N,0,0,0,1,68K01,0,,2,1,,N,N,,0,,0,0,1,0,0,N,215,0,1,0,0,0,0,0,3,4,0,1,3,,N,,,,,,,,,,,
2009120726,1702.0,2,0,0,0,0,0,0,0,0,4,0,,67,10,2009,7,39.9922,-75.2337,1700.0,6,0,0,0,0,0,0,0,0,9.0,0,0,0,16,1,0,1,,2,39 59:31.862,6.0,0,75 14:01.481,0,0,0,0,67301,0,0,0,,0,0,0,4,67301,0,,1,9,,N,,,0,,0,0,0,3,2,N,1655,0,2,0,0,0,0,0,3,4,0,2,7,,N,,,,,,,,,,,
2009015983,1621.0,1,0,0,0,0,0,0,0,0,7,0,,67,1,2009,4,40.0439,-75.0029,1617.0,6,0,0,0,0,0,0,0,0,,0,0,0,16,1,1,0,,0,40 02:38.691,,0,75 00:10.073,8,0,0,0,67301,0,0,0,N,0,0,0,1,68K01,0,,3,9,,N,N,,0,,0,0,0,3,8,,1613,1,1,0,0,0,1,0,3,4,0,1,7,5.0,N,,,,,,,,,,,
2009063693,43.0,2,0,0,0,0,0,0,0,0,4,0,,67,4,2009,1,39.9633,-75.2262,41.0,6,0,0,0,0,0,0,0,0,9.0,0,0,0,0,3,1,1,,2,39 57:47.991,7.0,0,75 13:34.381,4,0,0,0,67301,0,0,0,N,0,0,0,3,67301,1,,1,1,,N,N,,0,,0,0,0,9,3,Y,41,1,2,0,0,0,0,0,3,4,0,2,3,,N,,,,,,,,,,,
2009071418,1411.0,0,0,0,0,0,0,0,0,0,4,0,,67,6,2009,5,39.9585,-75.1659,1410.0,6,0,0,0,0,0,1,0,0,,0,0,0,14,1,1,1,,0,39 57:30.637,,0,75 09:56.095,8,0,0,0,67301,0,0,0,N,0,0,0,4,67301,0,,1,9,,N,N,,1,,0,0,1,3,2,,1409,1,2,0,0,0,1,0,3,4,0,2,7,,N,,,,,,,,,,,
2009071437,35.0,2,0,0,0,0,0,0,0,0,4,0,,67,6,2009,1,39.963,-75.1662,30.0,6,0,0,0,0,0,0,0,0,,0,0,0,0,3,2,1,,0,39 57:47.143,,0,75 09:58.303,4,0,0,0,67301,0,0,0,,0,0,0,4,67301,2,,1,1,,,,,0,,0,0,0,3,2,,25,2,2,0,0,0,0,1,3,4,0,2,3,,N,,,,,,,,,,,
2009066434,1657.0,1,0,0,0,0,0,0,0,0,8,0,,67,6,2009,7,40.0586,-75.1639,1655.0,6,0,0,0,0,0,0,0,0,,0,0,0,16,1,1,0,,0,40 03:31.099,,0,75 09:49.989,3,0,0,0,67301,1,0,0,N,1,0,0,2,67301,0,,1,1,,N,N,,0,,1,0,0,0,0,,1655,1,2,0,0,0,0,0,3,4,0,1,3,,N,,,,,,,,,,,
2009066337,245.0,1,0,0,0,0,0,0,0,0,7,0,,67,6,2009,1,39.9906,-75.2046,235.0,6,0,0,0,0,0,0,0,0,2.0,0,0,0,2,3,3,0,,2,39 59:28.680,4.0,0,75 12:12.240,4,0,0,0,67301,0,0,0,N,0,0,0,3,68K01,3,,2,9,,N,N,,0,,0,0,0,0,0,N,233,3,1,0,0,0,0,0,3,4,0,1,7,,N,,,,,,,,,,,
2009066486,1759.0,0,0,0,0,0,0,0,0,0,4,0,,67,5,2009,7,40.0702,-75.1805,1754.0,6,0,0,0,1,0,0,0,0,,0,0,0,17,1,6,1,,0,40 04:12.647,,0,75 10:49.790,3,0,0,0,67301,0,0,0,N,0,0,0,6,67301,0,,1,1,,,,,0,,6,0,1,3,2,,1750,6,2,0,0,0,0,0,3,4,1,2,3,,N,,,,,,,,,,,
2009056351,1910.0,1,0,0,0,0,0,1,0,0,1,1,,67,5,2009,2,39.9337,-75.2287,1904.0,6,0,0,0,0,0,0,0,0,,0,0,0,19,2,1,0,,0,39 56:01.160,,0,75 13:43.235,8,0,0,0,67301,0,0,0,N,0,0,0,2,67301,0,,1,9,,N,N,,0,,0,0,0,0,0,,1901,1,2,0,0,0,1,0,3,4,0,2,7,,N,,,,,,,,,,,
2009063986,1339.0,1,0,0,0,0,0,0,0,0,4,0,,67,5,2009,1,40.0098,-75.1669,1338.0,6,0,0,0,0,0,0,0,0,1.0,0,0,0,13,1,2,1,,1,40 00:35.623,1.0,0,75 10:00.930,4,0,0,0,67301,0,0,0,N,0,0,0,3,67301,1,,1,1,,N,N,,1,,0,0,0,3,2,N,1335,2,2,0,0,0,1,0,3,4,0,2,3,,N,,,,,,,,,,,
2009056408,840.0,1,0,0,0,0,0,0,0,0,8,0,,67,5,2009,3,40.0184,-75.1368,835.0,6,0,0,0,0,0,0,0,0,,0,0,0,8,1,2,1,,0,40 01:06.232,,0,75 08:12.411,4,0,0,0,67301,2,0,0,,2,0,0,3,67301,1,,1,9,,,,,0,,0,0,0,3,2,,835,2,3,0,0,0,1,0,3,4,0,1,7,,N,,,,,,,,,,,
2009056469,1848.0,3,0,0,0,0,0,0,0,0,1,0,,67,5,2009,2,39.9672,-75.1695,1842.0,6,0,0,0,0,0,0,0,0,,0,0,0,18,1,0,0,,0,39 58:01.995,,0,75 10:10.095,0,0,0,0,67301,0,0,0,,0,0,0,4,67301,0,,1,9,,N,N,,0,,0,0,0,0,0,,1840,0,3,0,0,0,0,0,3,4,0,3,7,,N,,,,,,,,,,,
2009056549,2338.0,1,0,0,0,0,0,0,0,0,4,0,,67,4,2009,5,39.9864,-75.1803,2333.0,6,0,0,0,0,0,0,0,0,,0,0,0,23,3,1,1,,0,39 59:10.932,,0,75 10:48.964,4,0,0,0,67301,0,0,0,N,0,0,0,4,67301,1,,1,1,,N,N,,0,,0,0,1,3,2,,2313,1,2,0,0,0,0,2,3,4,0,2,3,,N,,,,,,,,,,,
2009078303,1014.0,1,0,0,0,0,0,0,0,0,7,0,,67,7,2009,5,39.9922,-75.2018,1009.0,6,0,0,0,0,0,0,0,0,1.0,0,0,0,10,1,1,0,,1,39 59:34.440,4.0,0,75 12:02.520,8,0,0,0,67301,0,0,0,N,0,0,0,2,68K01,0,,3,1,,N,N,,1,,0,0,0,0,0,N,1009,1,2,0,0,0,1,0,3,4,0,2,3,,N,,,,,,,,,,,
2009078797,9999.0,1,0,0,0,0,0,0,0,0,4,0,,67,7,2009,5,40.0379,-75.0324,9999.0,6,0,0,0,0,0,0,0,0,,0,0,0,99,3,0,0,,0,40 02:16.263,,0,75 01:56.650,9,0,0,0,67301,0,0,0,N,0,0,0,2,67301,0,,2,1,,N,N,,1,,0,0,0,0,0,,9999,0,2,0,0,0,0,1,3,4,0,2,3,,N,,,,,,,,,,,
2009078835,1038.0,2,0,0,0,0,0,0,0,0,6,0,,67,6,2009,7,39.9783,-75.1779,1036.0,6,0,0,0,0,0,0,0,0,,0,0,0,10,1,1,2,,0,39 58:42.052,,0,75 10:40.382,3,0,0,0,67301,0,0,0,,0,0,0,2,67301,0,,1,1,,N,N,,0,,1,0,0,3,3,,1035,1,2,0,0,0,0,0,3,4,0,2,3,,N,,,,,,,,,,,
2009079100,934.0,2,0,0,0,0,0,0,0,0,1,0,,67,6,2009,1,40.0555,-75.0085,932.0,6,0,0,0,0,0,0,1,0,,0,0,0,9,1,2,0,,0,40 03:19.636,,0,75 00:30.523,4,0,0,0,67301,0,0,0,,0,0,0,3,67301,2,,1,1,,,,,0,,0,0,0,0,0,,930,2,2,0,0,0,0,0,3,4,0,2,3,,N,,,,,,,,,,,
2009079285,1945.0,1,0,0,1,0,0,0,0,0,4,0,,67,7,2009,2,39.9278,-75.1571,1940.0,6,0,0,0,0,0,0,0,0,,0,0,0,19,1,1,1,,0,39 55:39.925,,0,75 09:25.621,3,0,0,0,67301,1,0,0,N,0,0,0,2,67301,0,,1,1,,N,N,,0,,1,0,0,3,3,,1940,1,2,0,0,0,0,0,3,4,0,1,3,,N,,,,,,,,,,,
2009071449,1639.0,2,0,0,0,0,0,0,0,0,4,0,,67,6,2009,5,40.0152,-75.1552,1630.0,6,0,0,0,1,0,1,0,0,,0,0,0,16,1,0,2,,0,40 00:54.842,,0,75 09:18.989,0,0,0,0,67301,0,0,0,N,0,0,0,4,67301,0,,1,1,,N,N,,0,,0,0,0,3,2,,1626,0,2,0,0,0,0,0,3,4,0,2,3,,N,,,,,,,,,,,
2009079275,1410.0,2,0,0,0,0,0,0,0,0,4,0,,67,7,2009,2,39.949,-75.2272,956.0,6,0,0,0,0,0,1,0,0,,0,0,0,9,1,1,1,,0,39 56:56.287,,0,75 13:37.796,8,0,0,0,67301,0,0,0,N,0,0,0,1,67301,0,,6,1,,N,N,,0,,0,0,1,3,2,,956,1,4,0,0,0,1,0,3,4,1,4,3,,N,,,,,,,,,,,
2009079284,1745.0,1,0,0,1,0,0,0,0,0,4,0,,67,7,2009,2,39.9271,-75.1524,1745.0,6,0,0,0,0,0,1,0,0,,0,0,0,17,1,2,1,,0,39 55:37.668,,0,75 09:08.607,4,0,0,0,67301,2,0,0,N,0,0,0,3,67301,2,,1,1,,N,N,,0,,0,0,0,3,3,,1743,2,2,0,0,0,0,0,3,4,0,1,3,,N,,,,,,,,,,,
2009079477,2300.0,3,0,0,0,0,0,0,0,0,4,0,,67,7,2009,5,39.9356,-75.1672,2300.0,6,0,0,0,0,0,0,0,0,,0,0,0,23,3,0,0,,0,39 56:07.883,,0,75 10:01.938,9,0,0,0,67301,0,0,0,N,0,0,0,3,67301,0,,6,1,,N,N,,0,,0,0,0,0,0,,2300,0,3,0,0,0,0,3,3,4,0,3,3,,N,,,,,,,,,,,
2009074485,951.0,3,0,0,0,0,0,0,0,0,4,0,,67,6,2009,5,40.0613,-75.2362,947.0,6,0,0,0,0,0,1,0,1,,0,0,0,9,1,3,1,,0,40 03:41.901,,0,75 14:11.684,4,0,0,0,67301,0,0,0,N,0,0,0,4,67301,3,,1,9,,N,N,,0,,0,0,1,9,2,,940,3,4,0,0,0,0,0,3,4,0,4,7,,N,,,,,,,,,,,
2009074623,1753.0,1,0,0,1,0,0,0,0,0,4,0,,67,6,2009,6,39.9648,-75.1903,1749.0,6,0,0,0,1,0,0,0,0,1.0,0,0,0,17,1,1,1,,2,39 57:53.352,1.0,0,75 11:25.018,8,0,0,0,67301,1,0,0,N,0,0,0,2,67301,0,,1,1,,N,N,,0,,0,0,0,9,3,Y,1734,1,2,0,0,0,1,0,3,4,0,1,3,,N,,,,,,,,,,,
2009065268,820.0,1,0,0,0,0,0,0,0,0,4,0,,67,5,2009,7,39.9558,-75.2099,820.0,6,0,0,0,0,0,0,0,0,,0,0,0,8,1,0,1,,0,39 57:20.944,,0,75 12:35.661,0,0,0,0,67301,0,0,0,N,0,0,0,2,67301,0,,1,9,,N,N,,0,,0,0,1,3,3,,815,0,2,0,0,0,0,0,3,4,0,2,3,,N,,,,,,,,,,,
2009092920,917.0,1,0,0,0,0,0,0,0,0,4,0,,67,8,2009,6,40.0356,-75.1239,915.0,6,0,0,0,0,0,0,0,0,2.0,0,0,0,9,1,1,1,,2,40 02:08.080,7.0,0,75 07:25.889,4,0,0,0,67301,0,0,0,,0,0,0,2,67301,1,,1,1,,N,N,,1,,0,0,0,3,2,Y,915,1,2,0,0,1,0,0,3,4,0,2,3,,N,,,,,,,,,,,
2009092965,2115.0,2,0,0,0,0,0,0,0,0,6,0,,67,8,2009,1,40.0368,-75.0407,2111.0,6,0,0,0,0,0,0,0,0,,0,0,0,21,3,1,1,,0,40 02:12.142,,0,75 02:27.052,8,0,0,0,67301,0,0,0,,0,0,0,4,67301,0,,1,1,,,,,0,,0,0,0,3,2,,2111,1,2,0,0,0,1,1,3,4,0,2,3,,N,,,,,,,,,,,
2009092980,1230.0,1,0,0,0,0,0,0,0,0,8,0,,67,9,2009,4,39.9481,-75.1542,1223.0,6,0,0,0,0,0,0,0,0,,0,0,0,12,1,1,1,,0,39 56:53.161,,0,75 09:15.143,4,0,0,0,67301,1,0,0,,1,0,0,2,67301,1,,1,1,,,,,0,,0,0,0,3,2,,1220,1,2,0,0,0,0,0,3,4,0,1,3,,N,,,,,,,,,,,
2009092984,1920.0,0,0,0,1,0,0,0,0,0,8,0,,67,8,2009,2,39.9789,-75.2499,1916.0,6,0,0,0,0,0,0,0,0,,0,0,0,19,1,1,0,,0,39 58:44.216,,7,75 14:59.766,4,0,0,0,67301,1,0,0,N,0,0,0,2,67301,1,,1,1,,N,N,,0,,0,0,1,0,0,,1913,1,2,0,0,0,0,0,3,4,0,1,3,,N,,,,,,,,,,,
2009118958,9999.0,2,0,0,0,0,0,0,0,0,4,0,,67,10,2009,2,40.0289,-75.1679,2147.0,6,0,0,0,0,0,0,0,0,,0,0,0,99,3,0,2,,0,40 01:44.050,,99,75 10:04.328,0,0,0,0,67301,0,0,0,N,0,0,0,2,67301,0,,9,1,,N,N,,0,,0,0,0,3,3,,9999,0,2,0,0,1,0,0,3,4,0,2,3,,N,,,,,,,,,,,
2009111191,1110.0,2,0,0,0,0,0,0,0,0,4,0,,67,10,2009,6,39.943,-75.2268,1108.0,6,0,0,0,0,1,0,0,0,,0,0,0,11,1,3,1,,0,39 56:34.638,,0,75 13:36.512,8,0,0,0,67301,0,0,0,,0,0,0,3,67301,0,,1,1,,,,,0,,0,0,0,3,2,,1105,3,2,0,0,2,3,0,3,4,0,2,3,,N,,,,,,,,,,,
2009111230,1510.0,3,0,0,0,0,0,0,0,0,1,0,,67,10,2009,7,39.9383,-75.2163,1505.0,6,0,0,0,0,0,1,0,0,,0,0,0,13,1,1,1,,0,39 56:17.923,,0,75 12:58.510,8,0,0,0,67301,0,0,0,N,0,0,0,3,67301,0,,1,9,,N,N,,0,,0,0,0,2,2,,1340,1,3,0,0,1,1,0,3,4,0,3,7,,N,,,,,,,,,,,
2009121159,1340.0,1,0,0,0,0,0,0,0,0,4,0,,67,10,2009,7,40.0459,-75.1377,1330.0,6,0,0,0,0,0,0,0,0,,0,0,0,12,1,1,0,,0,40 02:45.279,,0,75 08:15.842,3,0,0,0,67301,0,0,0,N,0,0,0,2,67301,0,,1,9,,N,N,,0,,1,0,1,0,0,,1206,1,2,0,0,0,0,0,3,4,0,2,7,,N,,,,,,,,,,,
2009120731,1900.0,1,0,0,0,0,0,0,0,0,1,0,,67,10,2009,7,40.0316,-75.2077,1848.0,6,0,0,0,0,0,1,0,0,,0,0,0,18,3,1,0,,0,40 01:53.629,,0,75 12:27.889,8,0,0,0,67301,0,0,0,,0,0,0,1,67301,0,,1,9,,,,,1,,0,0,0,0,0,,1849,1,2,0,0,0,1,0,3,4,0,2,7,,N,,,,,,,,,,,
2009120745,731.0,1,0,0,0,0,0,1,0,0,4,1,,67,11,2009,2,40.0462,-75.0521,718.0,6,0,0,0,1,0,0,1,0,1.0,0,0,0,7,1,4,2,,1,40 02:46.304,1.0,0,75 03:07.368,4,0,0,0,67301,0,0,0,N,0,0,0,40,67301,1,,1,1,,N,N,,0,,0,0,1,3,3,N,716,4,3,0,0,0,3,0,3,4,0,3,3,,N,,,,,,,,,,,
2009063705,1554.0,3,0,0,0,0,0,1,0,0,6,1,,67,4,2009,5,40.0071,-75.094,1551.0,6,0,0,0,0,1,0,0,0,4.0,0,0,0,15,1,15,1,,2,40 00:25.549,7.0,0,75 05:38.543,3,0,0,0,67301,1,0,0,,0,0,0,16,67301,12,,1,1,,N,N,,0,,2,0,0,2,2,Y,1500,15,4,0,0,0,1,0,3,4,0,4,3,,N,,,,,,,,,,,
2009063886,511.0,1,0,0,0,0,0,0,0,0,7,0,,67,5,2009,6,40.0101,-75.2075,504.0,6,0,0,0,0,0,0,0,0,,0,0,0,5,5,0,6,,0,40 00:37.168,,8,75 12:25.427,0,0,0,0,67301,0,0,0,,0,0,0,1,67301,0,,2,9,,N,N,,0,,0,0,0,0,0,,500,0,1,0,0,0,0,0,3,4,0,1,3,,N,,,,,,,,,,,
2009056550,1005.0,2,0,0,0,0,0,0,0,0,4,0,,67,4,2009,7,39.9746,-75.1992,1000.0,6,0,0,0,0,0,1,0,0,,0,0,0,9,1,1,1,,0,39 58:28.944,,0,75 11:58.032,4,0,0,0,67301,0,0,0,N,0,0,0,3,67301,1,,1,1,,N,N,,0,,0,0,0,3,2,,945,1,2,0,0,0,0,0,3,4,0,2,3,,N,,,,,,,,,,,
2009093182,945.0,1,0,0,0,0,0,0,0,0,1,0,,67,8,2009,6,40.0048,-75.132,942.0,6,0,0,0,0,0,0,0,0,,0,0,0,9,1,1,0,,0,40 00:17.300,,0,75 07:55.240,8,0,0,0,67301,0,0,0,,0,0,0,3,67301,0,,1,9,,,,,2,,0,0,0,0,0,,935,1,3,0,0,0,1,0,3,4,0,3,3,,N,,,,,,,,,,,
2009093410,213.0,2,0,0,0,0,0,0,0,0,4,0,,67,8,2009,7,39.9399,-75.2114,211.0,6,0,0,0,0,0,0,0,0,,0,0,0,2,3,1,1,,0,39 56:23.459,,0,75 12:41.033,8,0,0,0,67301,0,0,0,N,0,0,0,2,07301,0,,1,1,,N,N,,0,,0,0,0,3,2,,210,1,2,0,0,0,1,0,3,4,0,2,3,,N,,,,,,,,,,,
2009087921,2225.0,1,0,0,0,0,0,0,0,0,7,0,,67,8,2009,7,39.9817,-75.2071,2220.0,6,0,0,0,0,0,0,0,0,,0,0,0,22,3,0,0,,0,39 58:57.983,,0,75 12:28.220,0,0,0,0,67301,0,0,0,N,0,0,0,1,68K01,0,,3,9,,N,N,,0,,0,0,0,0,0,,2220,0,1,0,0,0,0,0,3,4,0,1,7,,N,,,,,,,,,,,