CRN,ARRIVAL_TM,AUTOMOBILE_COUNT,BELTED_DEATH_COUNT,BELTED_SUSP_SERIOUS_INJ_COUNT,BICYCLE_COUNT,BICYCLE_DEATH_COUNT,BICYCLE_SUSP_SERIOUS_INJ_COUNT,BUS_COUNT,CHLDPAS_DEATH_COUNT,CHLDPAS_SUSP_SERIOUS_INJ_COUNT,COLLISION_TYPE,COMM_VEH_COUNT,CONS_ZONE_SPD_LIM,COUNTY,CRASH_MONTH,CRASH_YEAR,DAY_OF_WEEK,DEC_LAT,DEC_LONG,DISPATCH_TM,DISTRICT,DRIVER_COUNT_16YR,DRIVER_COUNT_17YR,DRIVER_COUNT_18YR,DRIVER_COUNT_19YR,DRIVER_COUNT_20YR,DRIVER_COUNT_50_64YR,DRIVER_COUNT_65_74YR,DRIVER_COUNT_75PLUS,EST_HRS_CLOSED,FATAL_COUNT,HEAVY_TRUCK_COUNT,HORSE_BUGGY_COUNT,HOUR_OF_DAY,ILLUMINATION,INJURY_COUNT,INTERSECT_TYPE,INTERSECTION_RELATED,LANE_CLOSED,LATITUDE,LN_CLOSE_DIR,LOCATION_TYPE,LONGITUDE,MAX_SEVERITY_LEVEL,MCYCLE_DEATH_COUNT,MCYCLE_SUSP_SERIOUS_INJ_COUNT,MOTORCYCLE_COUNT,MUNICIPALITY,NONMOTR_COUNT,NONMOTR_DEATH_COUNT,NONMOTR_SUSP_SERIOUS_INJ_COUNT,NTFY_HIWY_MAINT,PED_COUNT,PED_DEATH_COUNT,PED_SUSP_SERIOUS_INJ_COUNT,PERSON_COUNT,POLICE_AGCY,POSSIBLE_INJ_COUNT,RDWY_SURF_TYPE_CD,RELATION_TO_ROAD,ROAD_CONDITION,ROADWAY_CLEARED,SCH_BUS_IND,SCH_ZONE_IND,SECONDARY_CRASH,SMALL_TRUCK_COUNT,SPEC_JURIS_CD,SUSP_MINOR_INJ_COUNT,SUSP_SERIOUS_INJ_COUNT,SUV_COUNT,TCD_FUNC_CD,TCD_TYPE,TFC_DETOUR_IND,TIME_OF_DAY,TOT_INJ_COUNT,TOTAL_UNITS,UNB_DEATH_COUNT,UNB_SUSP_SERIOUS_INJ_COUNT,UNBELTED_OCC_COUNT,UNK_INJ_DEG_COUNT,UNK_INJ_PER_COUNT,URBAN_AREA,URBAN_RURAL,VAN_COUNT,VEHICLE_COUNT,WEATHER1,WEATHER2,WORK_ZONE_IND,WORK_ZONE_LOC,WORK_ZONE_TYPE,WORKERS_PRES,WZ_CLOSE_DETOUR,WZ_FLAGGER,WZ_LAW_OFFCR_IND,WZ_LN_CLOSURE,WZ_MOVING,WZ_OTHER,WZ_SHLDER_MDN,WZ_WORKERS_INJ_KILLED
2009085925,1400.0,2,0,0,0,0,0,0,0,0,7,0,,67,7,2009,6,39.9836,-75.1864,1345.0,6,0,0,0,0,0,0,0,0,2.0,0,0,0,99,1,1,0,,2,39 59:00.938,2.0,0,75 11:11.187,4,0,0,0,67301,0,0,0,,0,0,0,1,67301,1,,5,1,,N,N,,0,,0,0,0,0,0,Y,9999,1,2,0,0,0,0,0,3,4,0,2,3,,N,,,,,,,,,,,
2009085933,1721.0,1,0,0,0,0,0,0,0,0,8,0,,67,8,2009,4,39.9939,-75.1545,1719.0,6,0,0,0,0,0,0,0,0,,0,0,0,17,1,1,0,,0,39 59:38.183,,0,75 09:16.317,4,0,0,0,67301,1,0,0,N,1,0,0,2,67301,1,,3,1,,N,N,,0,,0,0,0,0,0,,1708,1,2,0,0,0,0,0,3,4,0,1,3,,N,,,,,,,,,,,
2009085953,1140.0,2,0,0,0,0,0,0,0,0,2,0,,67,7,2009,1,39.9864,-75.2372,1140.0,6,0,0,0,0,0,0,0,0,,0,0,0,11,1,1,1,,0,39 59:11.194,,0,75 14:13.923,4,0,0,0,67301,0,0,0,,0,0,0,3,67301,1,,1,1,,N,N,,0,,0,0,0,0,0,,1135,1,2,0,0,1,0,0,3,4,0,2,3,,N,,,,,,,,,,,
2009085978,9999.0,0,0,0,0,0,0,0,0,0,2,0,,67,7,2009,6,39.9887,-75.0955,9999.0,6,0,0,0,0,0,1,0,0,,0,0,0,99,1,1,0,,0,39 59:19.143,,0,75 05:43.854,8,0,0,0,67301,1,0,0,,1,0,0,2,67301,0,,1,1,,,,,0,,0,0,1,0,0,,9999,1,2,0,0,1,1,0,3,4,0,1,3,,N,,,,,,,,,,,
2009083426,916.0,0,0,0,0,0,0,0,0,0,8,0,,67,7,2009,2,39.9618,-75.1946,911.0,6,0,0,0,0,0,0,0,0,,0,0,0,9,1,1,0,,0,39 57:42.485,,0,75 11:40.658,4,0,0,0,67301,1,0,0,N,1,0,0,2,67301,1,,1,1,,N,N,,0,,0,0,0,0,0,,909,1,2,0,0,0,0,1,3,4,0,1,3,,N,,,,,,,,,,,
2009065593,0.0,2,0,0,0,0,0,0,0,0,4,0,,67,4,2009,4,40.0325,-75.1898,0.0,6,0,0,0,0,0,0,0,1,,0,0,0,22,6,1,1,,0,40 01:57.000,,0,75 11:23.074,8,0,0,0,67301,0,0,0,,0,0,0,2,00000,0,,1,98,,,,,0,,0,0,0,3,2,,2230,1,2,0,0,0,1,0,3,4,0,2,3,,N,,,,,,,,,,,
2009086487,629.0,0,0,0,0,0,0,0,0,0,7,0,,67,7,2009,3,40.0701,-75.1667,624.0,6,0,0,0,0,0,0,0,0,,0,0,0,6,1,1,1,,0,40 04:12.522,,0,75 10:00.271,4,0,0,1,67301,0,0,0,N,0,0,0,1,67301,1,,2,1,,N,N,,0,,0,0,0,9,2,,619,1,1,0,0,0,0,0,3,4,0,1,3,,N,,,,,,,,,,,
2009083859,1141.0,2,0,0,0,0,0,0,0,0,4,0,,67,7,2009,6,40.0316,-75.1173,1139.0,6,0,0,1,0,0,0,0,0,,0,0,0,99,1,1,1,,0,40 01:53.868,,0,75 07:02.148,8,0,0,0,67301,0,0,0,N,0,0,0,4,67301,0,,1,1,,N,N,,0,,0,0,0,0,0,,9999,1,2,0,0,0,1,3,3,4,0,2,3,,N,,,,,,,,,,,
2009079009,1910.0,1,0,0,0,0,0,0,0,0,4,0,,67,2,2009,2,40.0331,-75.107,1901.0,6,0,0,0,0,0,0,1,0,9.0,0,0,0,19,3,1,1,,1,40 01:58.442,2.0,0,75 06:24.270,8,0,0,0,67301,1,0,0,N,1,0,0,2,67301,0,,1,1,,N,N,,0,,0,0,0,3,2,N,1900,1,2,0,0,1,1,0,3,4,0,1,3,,N,,,,,,,,,,,
2009079044,1720.0,0,0,0,0,0,0,0,0,0,5,0,,67,6,2009,3,39.9949,-75.1743,1714.0,6,0,0,0,0,0,0,1,0,,0,0,0,99,1,1,1,,0,39 59:41.517,,0,75 10:27.461,4,0,0,0,67301,1,0,0,N,1,0,0,2,67301,1,,1,1,,N,N,,1,,0,0,0,3,3,,9999,1,2,0,0,0,0,1,3,4,0,1,3,,N,,,,,,,,,,,
2009076527,919.0,3,0,0,0,0,0,0,0,0,1,0,,67,6,2009,2,39.9536,-75.1382,915.0,6,0,0,0,0,0,2,0,0,,0,0,0,9,1,0,0,,0,39 57:13.008,,0,75 08:17.566,0,0,0,0,67301,0,0,0,N,0,0,0,3,67501,0,,1,1,,N,N,,0,,0,0,0,3,8,,915,0,3,0,0,0,0,0,3,4,0,3,3,,N,,,,,,,,,,,
2009079141,2125.0,0,0,0,0,0,0,0,0,0,8,0,,67,7,2009,1,40.0192,-75.0885,2122.0,6,0,0,0,0,0,0,0,0,,0,0,0,21,3,1,1,,0,40 01:09.102,,0,75 05:18.740,2,0,0,0,67301,1,0,1,N,1,0,1,2,67301,0,,1,1,,N,N,,0,,0,1,0,9,3,,2118,1,2,0,0,0,0,0,3,4,0,1,3,,N,,,,,,,,,,,
2009079146,1750.0,1,0,0,0,0,0,0,0,0,8,0,,67,7,2009,4,39.9497,-75.1604,1749.0,6,0,0,0,0,0,0,0,0,,0,0,0,17,1,1,1,,0,39 56:58.740,,0,75 09:37.407,4,0,0,0,67301,1,0,0,,1,0,0,2,67301,1,,1,1,,,,,0,,0,0,0,3,2,,1748,1,2,0,0,0,0,0,3,4,0,1,3,,N,,,,,,,,,,,
2009079150,1045.0,2,0,0,0,0,0,0,0,0,1,0,,67,7,2009,2,39.9245,-75.1925,1040.0,6,0,0,0,0,0,0,0,0,,0,0,0,9,1,1,0,,0,39 55:28.360,,7,75 11:33.000,4,0,0,0,67301,0,0,0,N,0,0,0,2,67301,1,,1,1,,N,N,,1,,0,0,0,0,0,,954,1,3,0,0,0,0,0,3,4,0,3,3,,N,,,,,,,,,,,
2009079172,1350.0,0,0,0,0,0,0,0,0,0,8,0,,67,7,2009,6,40.0132,-75.1528,1345.0,6,0,0,0,0,0,0,0,0,,0,0,0,13,1,1,0,,0,40 00:47.559,,0,75 09:10.029,4,0,0,0,67301,1,0,0,N,1,0,0,2,67301,1,,1,1,,N,N,,0,,0,0,1,0,0,,1345,1,2,0,0,0,0,0,3,4,0,1,3,,N,,,,,,,,,,,
2009071440,1028.0,2,0,0,0,0,0,0,0,0,4,0,,67,6,2009,6,40.0478,-75.1803,1020.0,6,0,0,0,0,0,0,0,0,3.0,0,0,0,10,1,1,1,,2,40 02:52.036,7.0,0,75 10:49.015,8,0,0,0,67301,0,0,0,,0,0,0,7,67301,0,,1,9,,N,N,,0,,0,0,0,3,2,Y,1010,1,2,0,0,1,1,0,3,4,0,2,7,,N,,,,,,,,,,,
2009074496,1729.0,2,0,0,0,0,0,0,0,0,4,0,,67,6,2009,4,39.934,-75.1862,1727.0,6,0,0,0,0,0,0,0,0,2.0,0,0,0,17,1,2,1,,2,39 56:02.515,7.0,1,75 11:10.165,3,0,0,0,67301,0,0,0,N,0,0,0,2,67301,0,,1,1,,N,N,,0,,1,0,0,3,2,Y,1726,2,2,0,0,0,1,0,3,4,0,2,3,,N,,,,,,,,,,,
2009074545,1930.0,2,0,0,0,0,0,0,0,0,4,0,,67,6,2009,3,39.927,-75.2312,1920.0,6,0,1,0,0,0,1,0,0,,0,0,0,19,1,1,2,,0,39 55:37.063,,0,75 13:52.168,4,0,0,0,67301,0,0,0,,0,0,0,4,67301,1,,1,1,,,,,0,,0,0,0,3,3,,1920,1,2,0,0,0,0,0,3,4,0,2,3,,N,,,,,,,,,,,
2009074378,9999.0,1,0,0,0,0,0,0,0,0,8,0,,67,6,2009,6,40.034,-75.0407,2137.0,6,0,0,0,0,0,0,0,0,,0,0,0,21,3,1,1,,0,40 02:02.292,,0,75 02:26.545,4,0,0,0,67301,1,0,0,,1,0,0,2,67301,1,,1,9,,N,N,,0,,0,0,0,3,3,,2136,1,2,0,0,0,0,0,3,4,0,1,7,,N,,,,,,,,,,,
2009071887,1333.0,1,0,0,0,0,0,0,0,0,4,0,,67,6,2009,2,40.0283,-75.0744,1328.0,6,0,0,0,0,0,0,0,0,,0,0,0,99,1,2,1,,0,40 01:41.931,,0,75 04:28.236,8,0,0,0,67301,0,0,0,N,0,0,0,4,67301,0,,1,1,,N,N,,0,,0,0,1,3,3,,9999,2,2,0,0,0,2,0,3,4,0,2,3,,N,,,,,,,,,,,
2009066866,820.0,1,0,0,0,0,0,0,0,0,7,0,,67,6,2009,1,40.034,-75.0199,810.0,6,0,0,0,0,0,0,0,0,1.0,0,0,0,8,1,1,0,,1,40 02:02.760,2.0,0,75 01:11.280,4,0,0,0,67301,0,0,0,N,0,0,0,1,68K01,1,,3,1,,N,N,,0,,0,0,0,0,0,N,807,1,1,0,0,0,0,0,3,4,0,1,3,,N,,,,,,,,,,,
2009082667,2200.0,0,0,0,0,0,0,0,0,0,7,0,,67,7,2009,5,40.0101,-75.186,2156.0,6,0,0,0,0,0,0,0,0,1.0,0,0,0,21,3,0,0,,2,40 00:39.148,4.0,1,75 11:02.326,0,0,0,0,67301,0,0,0,,0,0,0,6,67301,0,,2,1,,,,,0,,0,0,1,3,8,N,2150,0,1,0,0,0,0,0,3,4,0,1,3,,N,,,,,,,,,,,
2009077690,611.0,1,0,0,0,0,0,0,0,0,1,0,,67,6,2009,1,39.9538,-75.1814,601.0,6,0,0,0,0,0,0,0,0,1.0,0,0,0,5,1,0,0,,1,39 57:18.972,4.0,1,75 10:50.837,9,0,0,0,67301,0,0,0,N,0,0,0,6,68K01,0,,1,1,,N,N,,0,,0,0,0,0,0,N,557,0,2,0,0,0,0,1,3,4,1,2,3,,N,,,,,,,,,,,
2009090123,2300.0,1,0,0,0,0,0,0,0,0,1,0,55.0,67,8,2009,2,39.9952,-75.0833,2258.0,6,0,0,0,0,0,0,0,0,,0,0,0,22,3,1,0,,0,39 59:43.243,,0,75 04:59.734,8,0,0,1,67301,0,0,0,N,0,0,0,2,68K01,0,,1,1,,N,N,,0,,0,0,0,0,0,,2254,1,2,0,0,0,1,0,3,4,0,2,3,,Y,4.0,1.0,Y,N,N,Y,Y,Y,N,N,
2009067049,1730.0,2,0,0,0,0,0,0,0,0,4,0,,67,6,2009,5,39.9573,-75.2479,1722.0,6,0,0,0,0,0,1,0,0,,0,0,0,17,1,1,1,,0,39 57:26.251,,0,75 14:52.347,4,0,0,0,67301,0,0,0,N,0,0,0,4,67301,1,,1,9,,N,N,,0,,0,0,0,3,2,,1715,1,2,0,0,0,0,0,3,4,0,2,7,,N,,,,,,,,,,,
2009067090,715.0,1,0,0,0,0,0,0,0,0,7,0,,67,6,2009,6,39.977,-75.2054,710.0,6,0,0,0,0,0,0,0,0,,0,0,0,7,1,1,0,,0,39 58:37.231,,0,75 12:19.464,8,0,0,0,67301,0,0,0,N,0,0,0,1,67301,0,,4,9,,N,N,,0,,0,0,0,0,0,,705,1,1,0,0,0,1,0,3,4,0,1,7,,N,,,,,,,,,,,
2009067250,2332.0,2,0,0,0,0,0,0,0,0,1,0,,67,6,2009,6,40.0428,-75.0631,2330.0,6,0,0,0,0,0,0,0,0,,0,0,0,23,3,1,1,,0,40 02:34.252,,0,75 03:47.603,8,0,0,0,67301,0,0,0,N,0,0,0,3,67301,0,,1,1,,N,N,,0,,0,0,0,9,2,,2330,1,2,0,0,0,1,0,3,4,0,2,3,,N,,,,,,,,,,,
2009067253,2308.0,1,0,0,0,0,0,0,0,0,4,0,,67,6,2009,3,40.0318,-75.1091,2305.0,6,0,0,0,0,0,0,0,0,,0,0,0,22,3,1,1,,0,40 01:54.382,,0,75 06:32.605,8,0,0,0,67301,0,0,0,N,0,0,0,2,67301,0,,1,1,,N,N,,0,,0,0,1,3,2,,2250,1,2,0,0,0,1,1,3,4,0,2,3,,N,,,,,,,,,,,
2009067285,2050.0,1,0,0,0,0,0,0,0,0,8,0,,67,6,2009,2,39.9553,-75.2258,2046.0,6,0,0,0,0,0,0,0,0,,0,0,0,20,3,1,0,,0,39 57:19.177,,0,75 13:33.033,8,0,0,0,67301,1,0,0,N,1,0,0,3,67301,0,,1,1,,N,N,,0,,0,0,0,0,0,,2045,1,2,0,0,0,1,0,3,4,0,1,3,,N,,,,,,,,,,,
2009067121,833.0,1,0,0,0,0,0,0,0,0,8,0,,67,6,2009,5,40.0004,-75.1064,826.0,6,0,0,0,0,0,1,0,0,,0,0,0,7,1,1,0,,0,40 00:01.347,,0,75 06:23.045,3,0,0,0,67301,1,0,0,,1,0,0,2,67301,0,,1,9,,N,,,0,,1,0,0,0,0,,756,1,2,0,0,0,0,0,3,4,0,1,7,,N,,,,,,,,,,,
2009067544,1840.0,1,0,0,1,0,0,0,0,0,4,0,,67,6,2009,3,40.02,-75.1522,1835.0,6,0,0,0,0,0,0,0,0,,0,0,0,18,1,1,1,,0,40 01:11.924,,2,75 09:07.945,8,0,0,0,67301,1,0,0,N,0,0,0,2,67301,0,,1,1,,N,N,,0,,0,0,0,3,3,,1800,1,2,0,0,0,1,0,3,4,0,1,3,,N,,,,,,,,,,,
2009036891,1208.0,2,0,0,0,0,0,0,0,0,4,0,,67,3,2009,1,40.0512,-75.0661,1205.0,6,0,0,0,0,1,1,0,0,,0,0,0,12,1,1,1,,0,40 03:04.296,,0,75 03:58.097,4,0,0,0,67301,0,0,0,,0,0,0,3,67301,1,,1,1,,,,,0,,0,0,0,3,2,,1200,1,2,0,0,0,0,0,3,4,0,2,3,,N,,,,,,,,,,,
2009049578,1730.0,0,0,0,0,0,0,0,0,0,8,0,,67,3,2009,6,39.9273,-75.1926,1727.0,6,0,0,0,0,0,0,0,0,,0,0,0,17,3,1,1,,0,39 55:38.338,,0,75 11:33.284,8,0,0,0,67301,1,0,0,N,1,0,0,2,67301,0,,1,1,,N,N,,0,,0,0,0,3,3,,1727,1,2,0,0,0,1,0,3,4,1,1,3,,N,,,,,,,,,,,
2009049580,1259.0,0,0,0,0,0,0,0,0,0,0,0,,67,4,2009,2,39.9238,-75.1884,1254.0,6,0,0,0,0,0,0,0,0,,0,0,0,12,1,1,5,,0,39 55:25.759,,1,75 11:18.113,4,0,0,0,67301,0,0,0,N,0,0,0,1,67301,1,,1,1,,N,N,,0,,0,0,0,0,0,,1250,1,1,0,0,0,0,0,3,4,0,1,3,,N,,,,,,,,,,,
2009095104,1013.0,1,0,0,0,0,0,0,0,0,1,0,,67,9,2009,2,39.9993,-75.2307,1013.0,6,0,0,0,0,0,0,0,0,,0,0,0,10,1,1,0,,0,40 00:01.036,,0,75 13:42.785,4,0,0,0,67301,0,0,0,N,0,0,0,4,46104,1,,1,1,,N,N,,0,,0,0,1,3,2,,1010,1,2,0,0,0,0,0,3,4,0,2,3,,N,,,,,,,,,,,
2009097061,1223.0,2,0,0,0,0,0,0,0,0,4,0,,67,8,2009,6,39.9816,-75.251,1220.0,6,0,0,0,0,0,0,0,0,,0,0,0,12,1,3,1,,0,39 58:53.850,,0,75 15:03.725,4,0,0,0,67301,0,0,0,N,0,0,0,4,67301,1,,1,1,,N,N,,0,,0,0,0,3,2,,1217,3,2,0,0,2,2,0,3,4,0,2,3,,N,,,,,,,,,,,
2009097107,1811.0,2,0,0,0,0,0,0,0,0,1,0,,67,9,2009,3,39.9853,-75.2478,1802.0,6,0,0,0,0,0,1,0,0,,0,0,0,17,1,1,0,,0,39 59:06.951,,0,75 14:51.979,4,0,0,0,67301,0,0,0,,0,0,0,2,61301,1,,1,1,,,,,0,,0,0,0,0,0,,1758,1,2,0,0,0,0,1,3,4,0,2,3,,N,,,,,,,,,,,
2009102242,1352.0,1,0,0,0,0,0,0,0,0,7,0,,67,10,2009,3,39.9514,-75.1827,1348.0,6,0,0,0,0,0,0,0,0,1.0,0,0,0,13,1,1,7,,1,39 57:08.599,4.0,2,75 10:55.538,8,0,0,0,67301,0,0,0,Y,0,0,0,1,68K01,0,,7,1,,N,N,,0,,0,0,0,0,0,N,1347,1,1,0,0,0,1,0,3,4,0,1,3,,N,,,,,,,,,,,
2009099611,316.0,1,0,0,0,0,0,0,0,0,1,1,45.0,67,9,2009,6,39.9791,-75.1082,312.0,6,0,0,0,0,0,1,0,0,6.0,0,1,0,3,3,0,0,,1,39 58:45.120,1.0,0,75 06:29.880,0,0,0,0,67301,0,0,0,N,0,0,0,2,68K01,0,,1,1,,N,N,,0,,0,0,0,3,8,N,311,0,2,0,0,0,0,0,3,4,0,2,3,,Y,8.0,1.0,N,N,N,Y,Y,Y,N,N,
2009099612,1046.0,1,0,0,0,0,0,0,0,0,5,1,,67,9,2009,2,39.9799,-75.1056,1040.0,6,0,0,0,0,0,2,0,0,1.0,0,1,0,10,1,1,0,,1,39 58:47.946,1.0,0,75 06:20.232,4,0,0,0,67301,0,0,0,N,0,0,0,4,68K01,1,,1,1,,N,N,,0,,0,0,0,0,0,N,1037,1,2,0,0,1,0,0,3,4,0,2,3,,N,,,,,,,,,,,
2009083755,1350.0,2,0,0,0,0,0,0,0,0,2,0,,67,7,2009,1,40.0808,-75.0286,1345.0,6,0,0,0,0,0,0,1,1,1.0,0,0,0,13,1,1,1,,2,40 04:51.448,2.0,0,75 01:44.242,8,0,0,0,67301,0,0,0,,0,0,0,3,67301,0,,1,1,,N,N,,0,,0,0,1,3,2,N,1340,1,3,0,0,0,1,0,3,4,0,3,3,,N,,,,,,,,,,,
2009083768,1415.0,2,0,0,0,0,0,0,0,0,5,0,,67,7,2009,2,40.089,-74.9964,1410.0,6,0,0,0,0,0,0,0,0,,0,0,0,14,1,2,2,,0,40 05:20.457,,0,74 59:47.173,4,0,0,0,67301,0,0,0,,0,0,0,3,67301,2,,1,1,,N,N,,0,,0,0,0,0,0,,1410,2,2,0,0,0,0,0,3,4,0,2,3,,N,,,,,,,,,,,
2009083787,1738.0,1,0,0,0,0,0,0,0,0,8,0,,67,7,2009,4,39.9917,-75.17,1730.0,6,0,0,0,0,0,0,0,1,,0,0,0,15,1,1,2,,0,39 59:30.184,,0,75 10:12.169,3,0,0,0,67301,1,0,0,N,1,0,0,2,67301,0,,1,1,,N,N,,0,,1,0,0,0,0,,1545,1,2,0,0,0,0,0,3,4,0,1,3,,N,,,,,,,,,,,
2009083793,25.0,1,0,0,0,0,0,0,0,0,8,0,,67,7,2009,7,39.9529,-75.1597,24.0,6,0,0,0,0,0,0,0,0,1.0,0,0,0,0,3,1,1,,2,39 57:10.616,3.0,0,75 09:34.855,8,0,0,0,67301,1,0,0,N,1,0,0,2,67301,0,,1,1,,N,N,,0,,0,0,0,3,2,N,23,1,2,0,0,0,1,0,3,4,0,1,3,,N,,,,,,,,,,,
2009065433,1347.0,2,0,0,0,0,0,0,0,0,4,0,,67,5,2009,4,39.9188,-75.186,1345.0,6,0,0,0,0,0,0,1,0,,0,0,0,13,1,2,1,,0,39 55:07.618,,0,75 11:09.725,4,0,0,0,67301,0,0,0,,0,0,0,3,67301,1,,1,1,,N,N,,0,,0,0,0,3,2,,1342,2,2,0,0,0,1,0,3,4,0,2,3,,N,,,,,,,,,,,
2009082704,1115.0,1,0,0,0,0,0,0,0,0,4,0,,67,7,2009,3,39.9444,-75.1631,1100.0,6,0,0,0,0,0,0,0,0,,0,0,0,11,1,1,2,,0,39 56:39.850,,0,75 09:47.285,3,0,0,0,67301,0,0,0,N,0,0,0,3,67301,0,,1,9,,N,N,,1,,1,0,0,3,2,,1100,1,2,0,0,0,0,0,3,4,0,2,7,,N,,,,,,,,,,,
2009118712,646.0,1,0,0,0,0,0,0,0,0,7,0,,67,11,2009,5,39.9639,-75.1843,646.0,6,0,0,0,0,0,0,0,0,1.0,0,0,0,6,5,2,6,,2,39 57:57.240,4.0,0,75 11:11.040,8,0,0,0,67301,0,0,0,N,0,0,0,2,68K01,0,,2,1,,N,N,,1,,0,0,0,0,0,N,644,2,2,0,0,0,2,0,3,4,0,2,3,,N,,,,,,,,,,,
2009120609,1430.0,1,0,0,0,0,0,1,0,0,1,1,,67,10,2009,6,40.0218,-75.1261,1420.0,6,0,0,0,0,0,0,0,0,,0,0,0,14,1,1,1,,0,40 01:18.310,,0,75 07:33.794,4,0,0,0,67301,0,0,0,,0,0,0,2,67301,1,,1,1,,N,N,,0,,0,0,0,3,2,,1420,1,2,0,0,0,0,0,3,4,0,2,3,,N,,,,,,,,,,,
2009120615,1655.0,1,0,0,1,0,0,0,0,0,2,0,,67,5,2009,7,39.9511,-75.1536,1613.0,6,0,0,0,0,1,0,0,0,,0,0,0,99,1,1,1,,0,39 57:04.181,,0,75 09:12.842,4,0,0,0,67301,1,0,0,N,0,0,0,2,67301,1,,1,1,,,,,0,,0,0,0,3,2,,9999,1,2,0,0,0,0,0,3,4,0,1,3,,N,,,,,,,,,,,
2009111577,319.0,2,0,0,0,0,0,0,0,0,2,0,,67,10,2009,1,39.9624,-75.2147,317.0,6,0,0,0,0,0,0,0,0,,0,0,0,3,3,5,2,,0,39 57:44.894,,0,75 12:51.788,3,0,0,0,67301,0,0,0,N,0,0,0,5,67301,0,,1,9,,N,N,,0,,5,0,0,0,0,,310,5,2,0,0,0,0,0,3,4,0,2,7,,N,,,,,,,,,,,
2009111194,1732.0,2,0,0,0,0,0,0,0,0,1,0,,67,9,2009,3,40.0597,-74.9921,1730.0,6,0,0,0,1,0,0,0,0,,0,0,0,13,1,1,1,,0,40 03:34.876,,0,74 59:31.485,4,0,0,0,67301,0,0,0,,0,0,0,2,67301,1,,1,1,,,,,0,,0,0,0,3,2,,1330,1,2,0,0,0,0,0,3,4,0,2,3,,N,,,,,,,,,,,
2009111210,1828.0,2,0,0,0,0,0,0,0,0,1,0,,67,10,2009,5,40.0346,-75.1742,1825.0,6,0,0,0,0,0,0,0,0,1.0,0,0,0,18,1,2,0,,1,40 02:04.434,3.0,0,75 10:27.066,3,0,0,0,67301,0,0,0,N,0,0,0,2,67301,1,,1,1,,N,N,,0,,1,0,0,3,2,Y,1820,2,2,0,0,1,0,0,3,4,0,2,3,,N,,,,,,,,,,,
2009111217,1605.0,2,0,0,0,0,0,0,0,0,1,0,,67,10,2009,5,39.9945,-75.1918,1600.0,6,0,0,0,0,0,0,0,0,,0,0,0,13,1,1,0,,0,39 59:40.041,,3,75 11:30.471,8,0,0,0,67301,0,0,0,N,0,0,0,3,67301,0,,1,1,,N,N,,0,,0,0,0,3,3,,1307,1,2,0,0,0,1,0,3,4,0,2,3,,N,,,,,,,,,,,
2009115670,736.0,1,0,0,0,0,0,0,0,0,7,0,,67,11,2009,1,39.9793,-75.204,736.0,6,0,0,0,0,0,0,0,0,1.0,0,0,0,7,1,1,0,,1,39 58:48.000,3.0,0,75 12:18.360,3,0,0,0,67301,0,0,0,N,0,0,0,1,68K01,0,,5,9,,N,N,,0,,1,0,0,0,0,N,734,1,1,0,0,0,0,0,3,4,0,1,3,,N,,,,,,,,,,,
2009121053,1811.0,2,0,0,0,0,0,0,0,0,1,0,,67,11,2009,7,39.9892,-75.2065,1755.0,6,0,0,0,1,0,0,0,0,,0,0,0,17,3,1,0,,0,39 59:24.267,,0,75 12:20.238,4,0,0,0,67301,0,0,0,N,0,0,0,3,68K01,1,,1,1,,N,N,,0,,0,0,0,0,0,,1749,1,2,0,0,0,0,0,3,4,0,2,3,,N,,,,,,,,,,,
2009120754,106.0,1,0,0,0,0,0,0,0,0,7,0,,67,10,2009,2,40.0437,-75.1804,100.0,6,0,0,0,0,0,0,0,0,,0,0,0,0,3,0,0,,0,40 02:37.180,,0,75 10:49.556,0,0,0,0,67301,0,0,0,N,0,0,0,1,67301,0,,5,1,,N,N,,0,,0,0,0,0,0,,44,0,1,0,0,0,0,0,3,4,0,1,3,,N,,,,,,,,,,,
2009045369,728.0,2,0,0,0,0,0,0,0,0,1,0,,67,4,2009,5,39.9584,-75.1668,723.0,6,0,0,0,0,0,2,0,0,,0,0,0,7,1,0,0,,0,39 57:30.080,,0,75 09:59.700,0,0,0,0,67301,0,0,0,N,0,0,0,2,68K01,0,,1,1,,N,N,,0,,0,0,0,0,0,,720,0,2,0,0,0,0,0,3,4,0,2,3,,N,,,,,,,,,,,
2009049865,753.0,1,0,0,0,0,0,1,0,0,2,1,,67,3,2009,4,39.9794,-75.2253,724.0,6,0,0,0,0,0,0,0,0,,0,0,0,7,1,2,1,,0,39 58:45.965,,0,75 13:31.447,8,0,0,0,67301,0,0,0,,0,0,0,3,67301,0,,1,1,,,,,0,,0,0,0,3,2,,720,2,2,0,0,0,2,0,3,4,0,2,3,,N,,,,,,,,,,,
2009058606,2342.0,1,0,0,0,0,0,0,0,0,1,0,,67,5,2009,2,39.9568,-75.1542,2336.0,6,0,0,0,0,0,0,0,0,2.0,0,0,0,23,3,2,0,,1,39 57:24.446,3.0,0,75 09:14.971,3,0,0,1,67301,0,0,0,N,0,0,0,4,68K01,1,,1,1,,N,N,,0,,1,0,0,0,0,N,2333,2,2,0,0,0,0,0,3,4,0,2,3,,N,,,,,,,,,,,
2009063857,248.0,0,0,0,0,0,0,0,0,0,6,0,,67,5,2009,1,39.9975,-75.1213,248.0,6,0,0,0,0,0,0,0,0,,0,0,0,2,3,0,1,,0,39 59:50.885,,0,75 07:16.672,0,0,0,0,67301,0,0,0,N,0,0,0,2,67301,0,,1,9,,N,N,,1,,0,0,0,9,2,,246,0,2,0,0,0,0,0,3,4,1,2,7,,N,,,,,,,,,,,