CRN,ARRIVAL_TM,AUTOMOBILE_COUNT,BELTED_DEATH_COUNT,BELTED_SUSP_SERIOUS_INJ_COUNT,BICYCLE_COUNT,BICYCLE_DEATH_COUNT,BICYCLE_SUSP_SERIOUS_INJ_COUNT,BUS_COUNT,CHLDPAS_DEATH_COUNT,CHLDPAS_SUSP_SERIOUS_INJ_COUNT,COLLISION_TYPE,COMM_VEH_COUNT,CONS_ZONE_SPD_LIM,COUNTY,CRASH_MONTH,CRASH_YEAR,DAY_OF_WEEK,DEC_LAT,DEC_LONG,DISPATCH_TM,DISTRICT,DRIVER_COUNT_16YR,DRIVER_COUNT_17YR,DRIVER_COUNT_18YR,DRIVER_COUNT_19YR,DRIVER_COUNT_20YR,DRIVER_COUNT_50_64YR,DRIVER_COUNT_65_74YR,DRIVER_COUNT_75PLUS,EST_HRS_CLOSED,FATAL_COUNT,HEAVY_TRUCK_COUNT,HORSE_BUGGY_COUNT,HOUR_OF_DAY,ILLUMINATION,INJURY_COUNT,INTERSECT_TYPE,INTERSECTION_RELATED,LANE_CLOSED,LATITUDE,LN_CLOSE_DIR,LOCATION_TYPE,LONGITUDE,MAX_SEVERITY_LEVEL,MCYCLE_DEATH_COUNT,MCYCLE_SUSP_SERIOUS_INJ_COUNT,MOTORCYCLE_COUNT,MUNICIPALITY,NONMOTR_COUNT,NONMOTR_DEATH_COUNT,NONMOTR_SUSP_SERIOUS_INJ_COUNT,NTFY_HIWY_MAINT,PED_COUNT,PED_DEATH_COUNT,PED_SUSP_SERIOUS_INJ_COUNT,PERSON_COUNT,POLICE_AGCY,POSSIBLE_INJ_COUNT,RDWY_SURF_TYPE_CD,RELATION_TO_ROAD,ROAD_CONDITION,ROADWAY_CLEARED,SCH_BUS_IND,SCH_ZONE_IND,SECONDARY_CRASH,SMALL_TRUCK_COUNT,SPEC_JURIS_CD,SUSP_MINOR_INJ_COUNT,SUSP_SERIOUS_INJ_COUNT,SUV_COUNT,TCD_FUNC_CD,TCD_TYPE,TFC_DETOUR_IND,TIME_OF_DAY,TOT_INJ_COUNT,TOTAL_UNITS,UNB_DEATH_COUNT,UNB_SUSP_SERIOUS_INJ_COUNT,UNBELTED_OCC_COUNT,UNK_INJ_DEG_COUNT,UNK_INJ_PER_COUNT,URBAN_AREA,URBAN_RURAL,VAN_COUNT,VEHICLE_COUNT,WEATHER1,WEATHER2,WORK_ZONE_IND,WORK_ZONE_LOC,WORK_ZONE_TYPE,WORKERS_PRES,WZ_CLOSE_DETOUR,WZ_FLAGGER,WZ_LAW_OFFCR_IND,WZ_LN_CLOSURE,WZ_MOVING,WZ_OTHER,WZ_SHLDER_MDN,WZ_WORKERS_INJ_KILLED
2009063794,9999.0,2,0,0,0,0,0,0,0,0,4,0,,67,5,2009,2,40.0552,-75.1407,0.0,6,0,0,0,0,0,0,0,0,,0,0,0,17,1,1,0,,0,40 03:18.787,,0,75 08:26.682,4,0,0,0,67301,0,0,0,N,0,0,0,3,67301,1,,1,9,,N,N,,0,,0,0,0,0,0,,1730,1,2,0,0,0,0,1,3,4,0,2,7,,N,,,,,,,,,,,
2009063934,1430.0,1,0,0,0,0,0,0,0,0,8,0,,67,5,2009,7,40.0368,-75.1384,1426.0,6,0,0,0,0,0,0,0,1,,0,0,0,14,1,1,0,,0,40 02:12.609,,0,75 08:18.081,4,0,0,0,67301,1,0,0,N,1,0,0,2,67301,1,,1,1,,N,N,,0,,0,0,0,0,0,,1420,1,2,0,0,0,0,0,3,4,0,1,3,,N,,,,,,,,,,,
2009063936,1225.0,1,0,0,0,0,0,0,0,0,1,1,,67,5,2009,5,39.9126,-75.2219,1217.0,6,0,0,0,0,0,1,0,0,,0,1,0,12,1,2,2,,0,39 54:50.482,,0,75 13:17.717,3,0,0,0,67301,0,0,0,N,0,0,0,3,67301,1,,1,1,,N,N,,0,,1,0,0,3,2,,1200,2,2,0,0,0,0,0,3,4,0,2,3,,N,,,,,,,,,,,
2009063971,2320.0,2,0,0,0,0,0,0,0,0,2,0,,67,5,2009,4,40.0089,-75.0719,2315.0,6,0,0,0,0,0,0,0,0,,0,0,0,23,3,2,1,,0,40 00:31.898,,0,75 04:18.804,4,0,0,0,67301,0,0,0,,0,0,0,2,67301,2,,1,1,,N,N,,0,,0,0,0,9,2,,2305,2,2,0,0,0,0,0,3,4,0,2,3,,N,,,,,,,,,,,
2009063974,1720.0,2,0,0,0,0,0,0,0,0,1,0,,67,5,2009,4,40.0959,-75.0252,1720.0,6,0,0,0,0,0,0,0,0,,0,0,0,17,1,1,0,,0,40 05:45.250,,0,75 01:30.565,8,0,0,0,67301,0,0,0,N,0,0,0,6,67301,0,,1,1,,N,N,,0,,0,0,0,0,0,,1715,1,3,0,0,1,1,0,3,4,1,3,3,,N,,,,,,,,,,,
2009056362,1130.0,1,0,0,0,0,0,0,0,0,7,0,,67,4,2009,1,39.987,-75.1744,1126.0,6,0,0,0,0,0,0,0,0,3.0,0,0,0,11,1,1,0,,2,39 59:13.250,7.0,0,75 10:28.016,3,0,0,0,67301,0,0,0,,0,0,0,1,67301,0,,5,1,,N,N,,0,,1,0,0,0,0,Y,1125,1,1,0,0,0,0,0,3,4,0,1,3,,N,,,,,,,,,,,
2009056493,829.0,1,0,0,0,0,0,0,0,0,4,0,,67,5,2009,6,39.9397,-75.2388,827.0,6,0,0,0,0,0,1,0,0,,0,0,0,7,1,0,0,,0,39 56:23.057,,0,75 14:19.510,0,0,0,0,67301,0,0,0,N,0,0,0,2,67301,0,,1,9,,N,N,,1,,0,0,0,0,0,,735,0,2,0,0,0,0,0,3,4,0,2,7,,N,,,,,,,,,,,
2009093181,2057.0,1,0,0,0,0,0,0,0,0,8,0,,67,8,2009,5,40.0458,-75.1127,2055.0,6,0,0,0,0,0,1,0,0,,0,0,0,20,3,1,0,,0,40 02:51.749,,0,75 06:45.452,8,0,0,0,67301,1,0,0,N,1,0,0,2,67301,0,,1,1,,N,N,,0,,0,0,0,0,0,,2020,1,2,0,0,0,1,0,3,4,0,1,3,,N,,,,,,,,,,,
2009087724,1322.0,2,0,0,0,0,0,0,0,0,1,0,,67,8,2009,6,39.8999,-75.1607,1312.0,6,0,0,0,0,0,0,2,0,1.0,0,0,0,13,1,2,0,,2,39 54:02.289,1.0,0,75 09:16.338,3,0,0,0,67301,0,0,0,N,0,0,0,4,68K01,1,,1,1,,N,N,,0,,1,0,1,0,0,N,1307,2,3,0,0,0,0,0,3,4,0,3,3,,N,,,,,,,,,,,
2009093428,2356.0,1,0,0,0,0,0,0,0,0,7,0,,67,8,2009,5,39.9832,-75.1568,2256.0,6,0,0,0,0,0,0,0,0,,0,0,0,22,3,0,1,,0,39 58:59.480,,0,75 09:24.548,0,0,0,0,67301,0,0,0,N,0,0,0,1,67301,0,,5,1,,N,N,,0,,0,0,0,3,2,,2256,0,2,0,0,0,0,0,3,4,0,1,3,,N,,,,,,,,,,,
2009085955,2201.0,2,0,0,0,0,0,0,0,0,5,0,,67,7,2009,4,40.0413,-75.1332,2200.0,6,0,0,0,0,0,0,0,0,,0,0,0,22,3,0,0,,0,40 02:28.543,,0,75 07:59.545,0,0,0,0,67301,0,0,0,N,0,0,0,1,67301,0,,6,9,,N,N,,0,,0,0,1,0,0,,2200,0,3,0,0,0,0,0,3,4,0,3,7,,N,,,,,,,,,,,
2009085988,723.0,0,0,0,1,0,0,1,0,0,8,1,,67,7,2009,4,39.9531,-75.1819,721.0,6,0,0,0,0,0,0,0,0,,0,0,0,7,1,1,1,,0,39 57:11.190,,0,75 10:54.852,8,0,0,0,67301,1,0,0,N,0,0,0,2,67301,0,,1,1,,N,N,,0,,0,0,0,3,2,,719,1,2,0,0,0,1,0,3,4,0,1,3,,N,,,,,,,,,,,
2009085907,301.0,1,0,0,0,0,0,0,0,0,6,0,,67,8,2009,4,40.0499,-75.1532,248.0,6,0,0,0,0,0,0,0,0,1.0,0,0,0,2,3,0,3,,2,40 02:59.654,5.0,0,75 09:11.350,9,0,0,0,67301,0,0,0,N,0,0,0,1,67301,0,,1,1,,N,N,,0,,0,0,1,0,0,N,235,0,2,0,0,0,0,1,3,4,0,2,3,,N,,,,,,,,,,,
2009086070,600.0,0,0,0,0,0,0,0,0,0,8,0,,67,8,2009,7,39.9281,-75.2305,600.0,6,0,0,0,0,0,0,0,0,,0,0,0,5,5,1,0,,0,39 55:41.010,,0,75 13:49.770,4,0,0,0,67301,1,0,0,N,1,0,0,2,67301,1,,1,1,,N,N,,0,,0,0,1,2,2,,555,1,2,0,0,0,0,1,3,4,0,1,3,,N,,,,,,,,,,,
2009133665,1125.0,0,0,0,0,0,0,0,0,0,1,0,,67,12,2009,7,39.9449,-75.1911,1115.0,6,0,0,0,0,0,0,0,0,,0,0,0,11,1,0,0,,0,39 56:42.894,,0,75 11:26.670,0,0,0,0,67301,0,0,0,N,0,0,0,3,68K01,0,,1,6,,N,N,,1,,0,0,1,0,0,,1110,0,2,0,0,0,0,0,3,4,0,2,10,,N,,,,,,,,,,,
2009111040,1750.0,2,0,0,0,0,0,0,0,0,1,0,,67,10,2009,3,39.8972,-75.1882,1737.0,6,0,0,0,0,0,0,0,0,,0,0,0,17,2,0,0,,0,39 53:56.760,,0,75 10:31.440,0,0,0,0,67301,0,0,0,N,0,0,0,2,68K01,0,,1,9,,N,N,,0,,0,0,0,0,0,,1736,0,2,0,0,0,0,0,3,4,0,2,7,,N,,,,,,,,,,,
2009066430,2355.0,2,0,0,0,0,0,0,0,0,4,0,,67,6,2009,4,39.9272,-75.2363,2353.0,6,0,0,0,0,0,0,0,0,,0,0,0,23,3,3,1,,0,39 55:38.197,,0,75 14:10.658,4,0,0,0,67301,0,0,0,N,0,0,0,3,67301,3,,1,9,,N,N,,0,,0,0,0,3,3,,2350,3,2,0,0,0,0,0,3,4,0,2,7,,N,,,,,,,,,,,
2009063829,1400.0,2,0,0,0,0,0,0,0,0,7,0,,67,5,2009,3,40.0177,-75.2021,1344.0,6,0,0,0,0,0,1,0,0,2.0,0,0,0,13,1,1,0,,2,40 01:03.846,1.0,0,75 12:07.682,4,0,0,0,67301,0,0,0,,0,0,0,3,67301,1,,3,9,,N,N,,0,,0,0,0,0,0,N,1336,1,2,0,0,0,0,0,3,4,0,2,7,,N,,,,,,,,,,,
2009066325,304.0,2,0,0,0,0,0,0,0,0,1,0,,67,6,2009,1,39.9601,-75.1794,240.0,6,0,0,0,0,0,0,0,0,2.0,0,0,0,2,3,2,0,,1,39 57:37.759,4.0,0,75 10:52.718,8,0,0,0,67301,0,0,0,N,0,0,0,3,68K01,0,,1,1,,N,N,,0,,0,0,0,0,0,N,237,2,2,0,0,0,2,0,3,4,0,2,3,,N,,,,,,,,,,,
2009058704,801.0,2,0,0,0,0,0,0,0,0,1,0,,67,5,2009,6,40.1068,-74.9991,757.0,6,0,0,0,0,0,0,0,0,,0,0,0,7,1,1,2,,0,40 06:23.969,,0,74 59:56.231,8,0,0,0,67301,0,0,0,N,0,0,0,4,67301,0,,1,1,,N,N,,0,,0,0,0,3,2,,755,1,2,0,0,0,1,0,3,4,0,2,3,,N,,,,,,,,,,,
2009058741,652.0,1,0,0,0,0,0,0,0,0,7,0,,67,4,2009,7,39.928,-75.222,647.0,6,0,0,0,0,0,0,0,0,,0,0,0,6,1,1,0,,0,39 55:40.912,,0,75 13:19.329,8,0,0,0,67301,0,0,0,N,0,0,0,1,67301,0,,5,1,,N,N,,0,,0,0,0,0,0,,646,1,1,0,0,0,1,0,3,4,0,1,3,,N,,,,,,,,,,,
2009056412,1904.0,1,0,0,0,0,0,0,0,0,2,0,,67,4,2009,3,39.9784,-75.2453,1904.0,6,0,0,0,0,0,0,0,0,3.0,0,0,0,19,1,1,0,,1,39 58:42.110,4.0,0,75 14:42.932,8,0,0,0,67301,0,0,0,,0,0,0,3,67301,0,,4,9,,N,N,,0,,0,0,1,0,0,N,1904,1,2,0,0,0,1,2,3,4,0,2,7,,N,,,,,,,,,,,
2009056473,1204.0,2,0,0,0,0,0,0,0,0,1,0,,67,5,2009,7,40.0101,-75.1362,1200.0,6,0,0,0,0,0,0,0,0,,0,0,0,12,1,2,3,,0,40 00:36.514,,0,75 08:10.442,4,0,0,0,67301,0,0,0,N,0,0,0,5,67301,2,,1,9,,N,N,,0,,0,0,1,3,2,,1200,2,3,0,0,0,0,1,3,4,0,3,3,,N,,,,,,,,,,,
2009056481,1730.0,2,0,0,0,0,0,0,0,0,4,0,,67,4,2009,5,40.0719,-75.0327,1725.0,6,0,0,0,0,0,0,1,0,,0,0,0,16,1,0,0,,0,40 04:18.781,,7,75 01:57.836,0,0,0,0,67301,0,0,0,N,0,0,0,2,67301,0,,1,1,,N,N,,0,,0,0,0,0,0,,1631,0,2,0,0,0,0,0,3,4,0,2,3,,N,,,,,,,,,,,
2009083373,1934.0,1,0,0,0,0,0,0,0,0,8,0,,67,7,2009,3,40.0737,-75.0772,1924.0,6,0,0,0,0,0,0,0,0,,0,0,0,19,1,1,0,,0,40 04:25.340,,0,75 04:38.064,4,0,0,0,67301,1,0,0,N,1,0,0,5,67301,1,,9,1,,N,N,,0,,0,0,0,0,0,,1900,1,2,0,0,0,0,0,3,4,0,1,3,,N,,,,,,,,,,,
2009065795,1256.0,1,0,0,0,0,0,0,0,0,1,0,35.0,67,5,2009,3,39.9083,-75.1476,1254.0,6,0,0,0,0,0,0,0,0,,0,0,0,12,1,1,0,,0,39 54:30.033,,0,75 08:51.536,8,0,0,0,67301,0,0,0,N,0,0,0,4,67301,0,,1,1,,N,N,,0,,0,0,0,3,8,,1252,1,2,0,0,0,1,0,3,4,1,2,3,,Y,3.0,2.0,Y,U,U,N,Y,U,U,U,
2009081634,9999.0,1,0,0,0,0,0,1,0,0,1,1,,67,7,2009,5,39.8905,-75.2341,947.0,6,0,0,0,0,0,1,0,0,,0,0,0,9,1,1,3,,0,39 53:25.304,,0,75 14:02.332,4,0,0,0,67301,0,0,0,,0,0,0,2,67301,1,,1,1,,,,,0,,0,0,0,2,4,,923,1,2,0,0,0,0,0,3,4,0,2,3,,N,,,,,,,,,,,
2009079155,1445.0,1,0,0,0,0,0,0,0,0,1,0,,67,7,2009,1,39.9954,-75.2182,1441.0,6,0,0,0,0,0,0,0,1,,0,0,0,14,1,3,3,,0,39 59:43.202,,0,75 13:05.980,8,0,0,0,67301,0,0,0,,0,0,0,6,67301,0,,1,1,,N,N,,0,,0,0,1,3,2,,1414,3,2,0,0,6,3,0,3,4,0,2,3,,N,,,,,,,,,,,
2009079266,850.0,0,0,0,0,0,0,0,0,0,4,0,99.0,67,7,2009,3,40.0203,-75.1488,845.0,6,0,0,0,0,0,1,0,0,9.0,0,1,0,8,1,2,0,,1,40 01:13.274,2.0,6,75 08:55.761,4,0,0,0,67301,0,0,0,N,0,0,0,3,67301,1,,1,1,,N,N,,1,,0,0,0,3,7,N,842,2,2,0,0,0,1,0,3,4,0,2,3,,Y,8.0,8.0,U,U,U,U,U,U,U,U,
2009079278,1600.0,3,0,0,0,0,0,0,0,0,1,0,,67,7,2009,7,40.0479,-75.1436,555.0,6,0,0,0,0,1,0,1,0,,0,0,0,15,1,2,0,,0,40 02:52.472,,0,75 08:36.949,4,0,0,0,67301,0,0,0,N,0,0,0,4,67301,2,,1,1,,N,N,,0,,0,0,0,0,0,,1550,2,3,0,0,2,0,0,3,4,0,3,3,,N,,,,,,,,,,,
2009074320,2220.0,2,0,0,0,0,0,0,0,0,4,0,,67,6,2009,5,40.0445,-75.1931,2216.0,6,0,0,0,0,0,0,0,0,1.0,0,0,0,22,3,1,1,,1,40 02:40.301,4.0,0,75 11:35.235,4,0,0,0,67301,0,0,0,,0,0,0,4,67301,1,,1,1,,,,,0,,0,0,0,3,2,N,2213,1,2,0,0,0,0,0,3,4,0,2,3,,N,,,,,,,,,,,
2009074629,9999.0,1,0,0,0,0,0,0,0,0,4,0,,67,6,2009,5,40.0187,-75.1272,630.0,6,0,0,0,0,0,1,0,0,,0,0,0,6,1,1,1,,0,40 01:07.417,,0,75 07:37.815,8,0,0,0,67301,0,0,0,N,0,0,0,2,67301,0,,1,1,,N,N,,1,,0,0,0,3,2,,620,1,2,0,0,0,1,0,3,4,0,2,3,,N,,,,,,,,,,,
2009065242,645.0,1,0,0,0,0,0,0,0,0,7,0,,67,5,2009,7,,,641.0,6,0,0,0,0,0,0,0,0,9.0,0,0,0,6,1,1,0,,2,,7.0,0,,8,0,0,0,67301,0,0,0,N,0,0,0,1,67301,0,,5,1,,N,N,,0,,0,0,0,0,0,Y,630,1,1,0,0,0,1,0,3,3,0,1,5,,N,,,,,,,,,,,
2009065258,824.0,1,0,0,0,0,0,0,0,0,8,0,,67,5,2009,3,39.9704,-75.1482,819.0,6,0,0,0,1,0,0,0,0,1.0,0,0,0,8,1,1,1,,1,39 58:13.815,4.0,0,75 08:53.198,8,0,0,0,67301,1,0,0,,1,0,0,2,67301,0,,1,1,,N,,,0,,0,0,0,3,2,N,815,1,2,0,0,0,1,0,3,4,0,1,3,,N,,,,,,,,,,,
2009065261,1313.0,2,0,0,0,0,0,0,0,0,4,0,,67,5,2009,2,39.9564,-75.2145,1304.0,6,0,0,0,0,0,0,0,0,,0,0,0,12,1,0,1,,0,39 57:22.935,,0,75 12:52.250,0,0,0,0,67301,0,0,0,N,0,0,0,3,67301,0,,1,1,,N,N,,0,,0,0,0,3,3,,1259,0,2,0,0,0,0,0,3,4,0,2,3,,N,,,,,,,,,,,
2009092922,1200.0,1,0,0,0,0,0,0,0,0,5,1,,67,8,2009,2,40.0432,-75.1809,1153.0,6,0,0,0,0,0,0,0,0,,0,1,0,11,1,1,1,,0,40 02:35.626,,0,75 10:51.146,8,0,0,0,67301,0,0,0,N,0,0,0,2,67301,0,,1,1,,N,N,,0,,0,0,0,3,2,,1116,1,2,0,0,0,1,0,3,4,0,2,3,,N,,,,,,,,,,,
2009092959,917.0,2,0,0,0,0,0,0,0,0,4,0,,67,8,2009,7,39.9747,-75.1605,916.0,6,0,0,0,1,0,0,0,0,,0,0,0,9,1,1,1,,0,39 58:28.923,,0,75 09:37.724,4,0,0,0,67301,0,0,0,N,0,0,0,6,67301,1,,1,1,,N,N,,0,,0,0,0,3,2,,915,1,2,0,0,0,0,0,3,4,0,2,3,,N,,,,,,,,,,,
2009069698,1350.0,0,0,0,0,0,0,0,0,0,0,0,,67,6,2009,7,40.0082,-75.1433,1347.0,6,0,0,0,0,0,0,0,0,,0,0,0,13,1,1,1,,0,40 00:29.676,,0,75 08:35.856,4,0,0,1,67301,0,0,0,N,0,0,0,1,67301,1,,1,1,,N,N,,0,,0,0,0,0,0,,1343,1,2,0,0,0,0,0,3,4,0,1,3,,N,,,,,,,,,,,
2009069447,832.0,0,0,0,1,0,0,1,0,0,6,1,,67,6,2009,6,39.9392,-75.1965,826.0,6,0,0,0,0,0,0,0,0,,0,0,0,99,1,1,2,,0,39 56:21.282,,0,75 11:47.273,4,0,0,0,67301,1,0,0,N,0,0,0,2,67301,1,,1,9,,N,N,,0,,0,0,0,0,0,,9999,1,2,0,0,0,0,0,3,4,0,1,7,,N,,,,,,,,,,,
2009067259,1800.0,2,0,0,0,0,0,0,0,0,4,0,,67,6,2009,6,40.033,-75.0234,1755.0,6,0,0,0,0,0,1,0,0,,0,0,0,17,1,2,0,,0,40 01:58.758,,0,75 01:24.401,3,0,0,0,67301,0,0,0,,0,0,0,3,67301,0,,1,1,,N,N,,0,,1,0,0,0,0,,1754,2,2,0,0,0,1,0,3,4,0,2,3,,N,,,,,,,,,,,
2009069936,702.0,3,0,0,0,0,0,0,0,0,5,0,,67,5,2009,1,39.9726,-75.2238,700.0,6,0,0,0,0,0,1,0,0,,0,0,0,99,1,0,0,,0,39 58:21.428,,0,75 13:25.856,0,0,0,0,67301,0,0,0,N,0,0,0,1,67301,0,,4,1,,N,N,,0,,0,0,2,0,0,,9999,0,6,0,0,0,0,0,3,4,1,6,3,,N,,,,,,,,,,,
2009069947,1835.0,2,0,0,0,0,0,0,0,0,4,0,,67,6,2009,5,40.0014,-75.1515,1830.0,6,0,0,0,0,0,1,0,0,,0,0,0,18,1,2,1,,0,40 00:05.153,,0,75 09:05.817,4,0,0,0,67301,0,0,0,N,0,0,0,3,67301,1,,1,1,,N,N,,0,,0,0,0,3,3,,1823,2,2,0,0,0,1,0,3,4,0,2,3,,N,,,,,,,,,,,
2009067531,1245.0,2,0,0,0,0,0,0,0,0,4,0,,67,6,2009,5,39.9245,-75.1801,1240.0,6,0,0,0,0,0,0,1,1,,0,0,0,12,1,0,2,,0,39 55:28.146,,0,75 10:48.507,0,0,0,0,67301,0,0,0,N,0,0,0,2,67301,0,,1,9,,N,N,,0,,0,0,0,3,3,,1230,0,2,0,0,0,0,0,3,4,0,2,3,,N,,,,,,,,,,,
2009067552,1744.0,0,0,0,0,0,0,0,0,0,4,0,,67,5,2009,5,39.9401,-75.1849,1742.0,6,0,0,0,0,0,0,0,0,3.0,0,0,0,17,1,1,1,,1,39 56:24.381,4.0,0,75 11:05.801,3,0,0,0,67301,0,0,0,N,0,0,0,3,67301,0,,1,1,,N,N,,1,,1,0,0,3,2,N,1707,1,2,0,0,0,0,0,3,4,1,2,3,,N,,,,,,,,,,,
2009064877,1225.0,1,0,0,0,0,0,0,0,0,4,0,,67,5,2009,4,40.0645,-75.1607,1222.0,6,0,0,0,0,1,0,0,0,,0,0,0,12,1,1,1,,0,40 03:52.140,,99,75 09:38.440,4,0,0,0,67301,0,0,0,N,0,0,0,2,67301,1,,1,1,,N,N,,1,,0,0,0,3,2,,1220,1,2,0,0,0,0,0,3,4,0,2,3,,N,,,,,,,,,,,
2009067613,1340.0,2,0,0,0,0,0,0,0,0,2,0,,67,6,2009,4,39.9195,-75.243,1335.0,6,0,0,0,0,0,0,0,0,,0,0,0,13,1,2,1,,0,39 55:10.311,,0,75 14:34.799,3,0,0,0,67301,0,0,0,,0,0,0,2,67301,1,,1,1,,,,,0,,1,0,0,3,2,,1330,2,2,0,0,0,0,0,3,4,0,2,3,,N,,,,,,,,,,,
2009057245,1615.0,3,0,0,0,0,0,0,0,0,1,0,,67,4,2009,4,40.035,-75.1318,1604.0,6,0,0,0,0,0,0,0,1,,0,0,0,15,1,3,2,,0,40 02:06.162,,0,75 07:54.659,4,0,0,0,67301,0,0,0,N,0,0,0,3,67301,3,,5,1,,N,N,,0,,0,0,0,3,3,,1541,3,3,0,0,0,0,0,3,4,0,3,3,,N,,,,,,,,,,,
2009111118,1154.0,1,0,0,1,0,0,0,0,0,4,0,,67,9,2009,2,39.9629,-75.2325,1152.0,6,0,0,0,0,0,0,1,0,,0,0,0,11,1,1,2,,0,39 57:46.594,,0,75 13:56.841,4,0,0,0,67301,1,0,0,,0,0,0,2,67301,1,,1,1,,,,,0,,0,0,0,3,3,,1151,1,2,0,0,0,0,0,3,4,0,1,3,,N,,,,,,,,,,,
2009120790,2106.0,1,0,0,0,0,0,0,0,0,1,0,,67,10,2009,1,40.0825,-74.9668,2106.0,6,0,0,0,0,0,1,0,0,1.0,0,0,0,21,3,1,0,,1,40 04:57.008,4.0,0,74 58:00.466,3,0,0,0,67301,0,0,0,,0,0,0,3,67301,0,,1,1,,N,N,,0,,1,0,1,0,0,N,2105,1,2,0,0,1,0,0,3,4,0,2,3,,N,,,,,,,,,,,
2009118852,9999.0,2,0,0,0,0,0,0,0,0,4,0,,67,10,2009,4,40.0138,-75.1383,835.0,6,0,0,1,0,0,0,0,0,,0,0,0,8,1,1,1,,0,40 00:49.737,,0,75 08:17.969,8,0,0,0,67301,0,0,0,N,0,0,0,2,67301,0,,1,9,,N,N,,0,,0,0,0,3,3,,839,1,2,0,0,0,1,0,3,4,0,2,7,,N,,,,,,,,,,,
2009118885,1950.0,1,0,0,0,0,0,0,0,0,6,0,,67,10,2009,6,40.0745,-75.1664,1928.0,6,0,0,0,0,0,1,0,0,,0,0,0,19,3,0,1,,0,40 04:28.264,,0,75 09:59.050,0,0,0,0,67301,0,0,0,,0,0,0,2,67301,0,,1,9,,N,N,,0,,0,0,0,3,3,,1928,0,2,0,0,2,0,0,3,4,1,2,7,,N,,,,,,,,,,,
2009106197,808.0,0,0,0,1,0,0,0,0,0,4,0,,67,9,2009,1,39.9536,-75.1768,749.0,6,0,0,0,0,0,0,0,0,9.0,0,0,0,99,4,2,1,,1,39 57:12.880,5.0,0,75 10:36.379,8,0,0,1,67301,1,0,0,N,0,0,0,2,67301,0,,1,1,,N,N,,0,,0,0,0,0,0,Y,9999,2,2,0,0,0,2,0,3,4,0,1,3,,N,,,,,,,,,,,
2009120861,6.0,2,0,0,0,0,0,0,0,0,5,0,,67,10,2009,2,39.957,-75.1626,2359.0,6,0,0,0,0,0,0,0,0,,0,0,0,23,3,1,0,,0,39 57:24.893,,0,75 09:45.533,8,0,0,0,67301,0,0,0,N,0,0,0,4,67301,0,,1,1,,N,N,,0,,0,0,0,0,0,,2358,1,2,0,0,0,1,0,3,4,0,2,3,,N,,,,,,,,,,,
2009120869,1233.0,1,0,0,0,0,0,0,0,0,1,0,,67,11,2009,7,40.034,-75.0716,1230.0,6,0,0,0,0,0,0,0,0,,0,0,0,12,1,1,0,,0,40 02:02.285,,0,75 04:17.873,4,0,0,0,67301,1,0,0,N,1,0,0,2,67301,1,,6,1,,N,N,,0,,0,0,0,0,0,,1230,1,2,0,0,0,0,0,3,4,0,1,3,,N,,,,,,,,,,,
2009121111,310.0,2,0,0,0,0,0,0,0,0,2,0,,67,10,2009,5,40.0258,-75.1216,305.0,6,0,0,0,0,0,0,0,0,,0,0,0,3,3,2,0,,0,40 01:32.703,,0,75 07:17.615,8,0,0,0,67301,0,0,0,N,0,0,0,2,67301,0,,1,1,,N,N,,0,,0,0,0,2,2,,305,2,2,0,0,0,2,0,3,4,0,2,3,,N,,,,,,,,,,,
2009121113,1226.0,0,0,0,0,0,0,0,0,0,7,1,,67,10,2009,5,40.0179,-75.1678,1226.0,6,0,0,0,0,0,0,0,0,2.0,0,1,0,12,1,1,0,,2,40 01:04.304,1.0,2,75 10:03.923,4,0,0,0,67301,0,0,0,N,0,0,0,1,67301,1,,5,1,,N,N,,0,,0,0,0,0,0,Y,1224,1,1,0,0,0,0,0,3,4,0,1,3,,N,,,,,,,,,,,
2009054102,1416.0,1,0,0,0,0,0,0,0,0,7,0,,67,4,2009,6,40.0015,-75.1457,1414.0,6,0,0,0,0,0,0,0,0,,0,0,0,14,1,1,2,,0,40 00:05.196,,0,75 08:44.891,8,0,0,0,67301,0,0,0,,0,0,0,1,67301,0,,2,1,,,,,0,,0,0,0,0,0,,1412,1,1,0,0,0,1,0,3,4,0,1,3,,N,,,,,,,,,,,
2009066336,2151.0,1,0,0,0,0,0,0,0,0,7,0,,67,6,2009,7,40.0416,-75.0045,2132.0,6,0,0,0,0,0,0,0,0,1.0,0,0,0,21,3,0,0,,1,40 02:29.760,2.0,0,75 00:16.200,0,0,0,0,67301,0,0,0,N,0,0,0,4,68K01,0,,2,9,,N,N,,0,,0,0,0,0,0,N,2127,0,1,0,0,0,0,0,3,4,0,1,7,,N,,,,,,,,,,,
2009063911,1115.0,0,0,0,0,0,0,0,0,0,0,0,,67,5,2009,6,39.9447,-75.1652,1110.0,6,0,0,0,0,0,0,0,0,,0,0,0,11,1,1,1,,0,39 56:40.735,,0,75 09:55.217,3,0,0,1,67301,0,0,0,N,0,0,0,1,67301,0,,1,1,,N,N,,0,,1,0,0,2,1,,1110,1,2,0,0,0,0,0,3,4,0,1,3,,N,,,,,,,,,,,
2009063915,1050.0,1,0,0,0,0,0,0,0,0,8,0,,67,5,2009,1,40.0347,-75.0263,1041.0,6,0,0,0,0,0,1,0,0,,0,0,0,10,1,1,1,,0,40 02:04.960,,0,75 01:34.629,4,0,0,0,67301,1,0,0,N,1,0,0,2,67301,1,,1,1,,N,N,,0,,0,0,0,3,3,,1039,1,2,0,0,0,0,0,3,4,0,1,3,,N,,,,,,,,,,,