CRN,ARRIVAL_TM,AUTOMOBILE_COUNT,BELTED_DEATH_COUNT,BELTED_SUSP_SERIOUS_INJ_COUNT,BICYCLE_COUNT,BICYCLE_DEATH_COUNT,BICYCLE_SUSP_SERIOUS_INJ_COUNT,BUS_COUNT,CHLDPAS_DEATH_COUNT,CHLDPAS_SUSP_SERIOUS_INJ_COUNT,COLLISION_TYPE,COMM_VEH_COUNT,CONS_ZONE_SPD_LIM,COUNTY,CRASH_MONTH,CRASH_YEAR,DAY_OF_WEEK,DEC_LAT,DEC_LONG,DISPATCH_TM,DISTRICT,DRIVER_COUNT_16YR,DRIVER_COUNT_17YR,DRIVER_COUNT_18YR,DRIVER_COUNT_19YR,DRIVER_COUNT_20YR,DRIVER_COUNT_50_64YR,DRIVER_COUNT_65_74YR,DRIVER_COUNT_75PLUS,EST_HRS_CLOSED,FATAL_COUNT,HEAVY_TRUCK_COUNT,HORSE_BUGGY_COUNT,HOUR_OF_DAY,ILLUMINATION,INJURY_COUNT,INTERSECT_TYPE,INTERSECTION_RELATED,LANE_CLOSED,LATITUDE,LN_CLOSE_DIR,LOCATION_TYPE,LONGITUDE,MAX_SEVERITY_LEVEL,MCYCLE_DEATH_COUNT,MCYCLE_SUSP_SERIOUS_INJ_COUNT,MOTORCYCLE_COUNT,MUNICIPALITY,NONMOTR_COUNT,NONMOTR_DEATH_COUNT,NONMOTR_SUSP_SERIOUS_INJ_COUNT,NTFY_HIWY_MAINT,PED_COUNT,PED_DEATH_COUNT,PED_SUSP_SERIOUS_INJ_COUNT,PERSON_COUNT,POLICE_AGCY,POSSIBLE_INJ_COUNT,RDWY_SURF_TYPE_CD,RELATION_TO_ROAD,ROAD_CONDITION,ROADWAY_CLEARED,SCH_BUS_IND,SCH_ZONE_IND,SECONDARY_CRASH,SMALL_TRUCK_COUNT,SPEC_JURIS_CD,SUSP_MINOR_INJ_COUNT,SUSP_SERIOUS_INJ_COUNT,SUV_COUNT,TCD_FUNC_CD,TCD_TYPE,TFC_DETOUR_IND,TIME_OF_DAY,TOT_INJ_COUNT,TOTAL_UNITS,UNB_DEATH_COUNT,UNB_SUSP_SERIOUS_INJ_COUNT,UNBELTED_OCC_COUNT,UNK_INJ_DEG_COUNT,UNK_INJ_PER_COUNT,URBAN_AREA,URBAN_RURAL,VAN_COUNT,VEHICLE_COUNT,WEATHER1,WEATHER2,WORK_ZONE_IND,WORK_ZONE_LOC,WORK_ZONE_TYPE,WORKERS_PRES,WZ_CLOSE_DETOUR,WZ_FLAGGER,WZ_LAW_OFFCR_IND,WZ_LN_CLOSURE,WZ_MOVING,WZ_OTHER,WZ_SHLDER_MDN,WZ_WORKERS_INJ_KILLED
2009059112,1015.0,2,0,0,0,0,0,0,0,0,1,0,45.0,67,5,2009,6,39.8856,-75.2088,1003.0,6,0,0,0,0,0,0,1,0,1.0,0,0,0,9,1,1,0,,2,39 53:33.720,1.0,3,75 11:49.560,4,0,0,0,67301,0,0,0,N,0,0,0,2,68K01,1,,1,1,,N,N,,0,,0,0,0,3,8,N,959,1,2,0,0,0,0,0,3,4,0,2,3,,Y,4.0,2.0,Y,N,N,N,Y,N,N,N,
2009059122,1932.0,2,0,0,0,0,0,0,0,0,1,0,,67,5,2009,1,39.8868,-75.2428,1926.0,6,0,0,0,0,0,1,0,0,,0,0,0,19,1,1,0,,0,39 53:12.616,,0,75 14:34.090,4,0,0,0,67301,0,0,0,N,0,0,0,4,68K01,1,,2,1,,N,N,,0,,0,0,0,0,0,,1924,1,2,0,0,2,0,0,3,4,0,2,3,,N,,,,,,,,,,,
2009088389,1457.0,2,0,0,0,0,0,0,0,0,1,0,,67,8,2009,1,39.9581,-75.1635,1450.0,6,0,0,0,0,0,0,0,0,,0,0,0,14,1,0,0,,0,39 57:29.094,,0,75 09:48.553,0,0,0,0,67301,0,0,0,N,0,0,0,4,68K01,0,,1,1,,N,N,,0,,0,0,0,0,0,,1445,0,2,0,0,0,0,0,3,4,0,2,3,,N,,,,,,,,,,,
2009083353,1610.0,1,0,0,0,0,0,0,0,0,1,0,,67,7,2009,3,40.0393,-75.1917,1601.0,6,0,0,0,0,0,1,0,0,,0,0,0,15,1,1,1,,0,40 02:21.314,,0,75 11:30.256,4,0,0,0,67301,0,0,0,,0,0,0,2,67301,1,,1,1,,N,N,,1,,0,0,0,3,2,,1545,1,2,0,0,0,0,0,3,4,0,2,3,,N,,,,,,,,,,,
2009086056,1836.0,2,0,0,0,0,0,0,0,0,4,0,,67,8,2009,1,39.9746,-75.1598,1709.0,6,0,0,0,0,0,0,0,0,,0,0,0,17,1,2,1,,0,39 58:28.588,,0,75 09:35.171,4,0,0,0,67301,0,0,0,,0,0,0,2,67301,2,,1,1,,N,N,,0,,0,0,0,3,3,,1709,2,2,0,0,2,0,0,3,4,0,2,3,,N,,,,,,,,,,,
2009078934,1846.0,1,0,0,0,0,0,0,0,0,8,0,,67,1,2009,5,39.9282,-75.2307,1845.0,6,0,0,0,0,0,0,0,0,,0,0,0,18,3,1,2,,0,39 55:41.566,,0,75 13:50.404,2,0,0,0,67301,1,0,1,N,1,0,1,2,67301,0,,1,1,,N,N,,0,,0,1,0,3,2,,1840,1,2,0,0,0,0,0,3,4,0,1,3,,N,,,,,,,,,,,
2009079240,1243.0,2,0,0,0,0,0,0,0,0,5,0,,67,6,2009,1,40.0644,-75.1537,1237.0,6,0,0,0,0,0,1,0,0,,0,0,0,12,1,1,0,,0,40 03:51.739,,7,75 09:13.276,8,0,0,0,67301,0,0,0,N,0,0,0,2,67301,0,,1,1,,N,N,,0,,0,0,0,0,0,,1237,1,2,0,0,0,1,1,3,4,0,2,3,,N,,,,,,,,,,,
2009074543,850.0,1,0,0,0,0,0,1,0,0,5,1,,67,6,2009,3,40.0379,-75.1726,850.0,6,0,0,0,0,0,1,0,0,,0,0,0,8,1,8,0,,0,40 02:16.537,,0,75 10:21.316,8,0,0,0,67301,0,0,0,N,0,0,0,10,67301,0,,1,1,,N,N,,0,,0,0,0,0,0,,849,8,2,0,0,0,8,0,3,4,0,2,3,,N,,,,,,,,,,,
2009074611,1315.0,1,0,0,0,0,0,0,0,0,4,0,,67,6,2009,5,40.0255,-75.0847,1313.0,6,0,0,0,0,0,1,0,0,2.0,0,0,0,13,1,2,1,,2,40 01:31.670,5.0,0,75 05:04.955,3,0,0,0,67301,0,0,0,,0,0,0,3,67301,0,,1,1,,,,,1,,2,0,0,3,3,Y,1313,2,2,0,0,0,0,0,3,4,0,2,3,,N,,,,,,,,,,,
2009066909,1230.0,1,0,0,0,0,0,0,0,0,6,0,,67,6,2009,7,40.0802,-75.0685,1225.0,6,0,0,0,0,0,1,0,0,,0,0,0,12,1,2,1,,0,40 04:48.582,,0,75 04:06.528,4,0,0,0,67301,0,0,0,N,0,0,0,4,67301,2,,1,1,,N,N,,1,,0,0,0,3,2,,1220,2,2,0,0,0,0,0,3,4,0,2,3,,N,,,,,,,,,,,
2009077640,1734.0,2,0,0,0,0,0,0,0,0,1,0,,67,7,2009,6,40.0085,-75.2107,1730.0,6,0,0,0,0,0,1,0,0,,0,0,0,17,1,1,1,,0,40 00:30.736,,0,75 12:38.579,8,0,0,0,67301,0,0,0,N,0,0,0,2,46104,0,,1,9,,N,N,,0,,0,0,0,3,2,,1730,1,2,0,0,0,1,0,3,4,0,2,7,,N,,,,,,,,,,,
2009067647,2123.0,2,0,0,0,0,0,0,0,0,4,0,,67,6,2009,4,39.956,-75.1416,2121.0,6,0,0,0,0,0,0,0,0,,0,0,0,99,3,0,1,,0,39 57:26.784,,0,75 08:38.857,9,0,0,0,67301,0,0,0,N,0,0,0,3,67301,0,,1,1,,N,N,,0,,0,0,0,3,2,,9999,0,2,0,0,0,0,1,3,4,0,2,3,,N,,,,,,,,,,,
2009075449,1600.0,0,0,0,0,0,0,0,0,0,8,0,,67,6,2009,4,39.9682,-75.2251,1536.0,6,0,0,0,0,0,0,0,0,,0,0,0,15,1,1,1,,0,39 58:05.274,,0,75 13:30.499,4,0,0,0,67301,1,0,0,,1,0,0,2,67301,1,,2,1,,N,N,,0,,0,0,0,3,2,,1500,1,2,0,0,0,0,0,3,4,0,1,3,,N,,,,,,,,,,,
2009072958,321.0,1,0,0,0,0,0,0,0,0,7,0,,67,6,2009,1,39.9873,-75.2563,321.0,6,0,0,0,0,0,0,0,0,1.0,0,0,0,3,3,1,0,,1,39 59:14.135,2.0,0,75 15:22.538,4,0,0,0,67301,0,0,0,N,0,0,0,1,46104,1,,4,1,,N,N,,0,,0,0,0,0,0,Y,315,1,1,0,0,0,0,0,3,4,0,1,3,,N,,,,,,,,,,,
2009026669,1058.0,1,0,0,0,0,0,0,0,0,8,0,,67,1,2009,6,40.1111,-75.0243,1058.0,6,0,0,0,0,0,0,0,0,,0,0,0,99,1,1,5,,0,40 06:40.189,,0,75 01:27.737,8,0,0,0,67301,1,0,0,N,1,0,0,2,67301,0,,1,1,,N,N,,0,,0,0,0,3,2,,9999,1,2,0,0,0,1,0,3,4,0,1,3,,N,,,,,,,,,,,
2009055609,2225.0,2,0,0,0,0,0,0,0,0,5,0,,67,4,2009,7,40.0177,-75.2021,2220.0,6,0,0,0,0,0,1,1,0,1.0,0,0,0,22,3,1,2,,2,40 01:03.843,1.0,0,75 12:07.628,8,0,0,0,67301,0,0,0,N,0,0,0,3,67301,0,,1,9,,N,N,,0,,0,0,0,0,0,Y,2215,1,2,0,0,0,1,2,3,4,0,2,3,,N,,,,,,,,,,,
2009092919,755.0,1,0,0,0,0,0,0,0,0,6,0,,67,9,2009,3,40.0616,-75.1658,751.0,6,0,0,0,0,0,1,0,0,,0,0,0,7,1,0,1,,0,40 03:41.788,,0,75 09:56.959,0,0,0,0,67301,0,0,0,N,0,0,0,2,67301,0,,1,1,,N,N,,0,,0,0,1,1,3,,745,0,2,0,0,0,0,0,3,4,0,2,3,,N,,,,,,,,,,,
2009069684,1413.0,2,0,0,0,0,0,0,0,0,1,0,,67,6,2009,5,40.0345,-75.1149,1413.0,6,0,0,0,0,0,0,0,0,,0,0,0,13,1,1,0,,0,40 02:04.148,,0,75 06:53.517,8,0,0,0,67301,0,0,0,N,0,0,0,4,67301,0,,1,9,,N,N,,0,,0,0,0,3,2,,1344,1,2,0,0,0,1,1,3,4,0,2,7,,N,,,,,,,,,,,
2009069923,2225.0,2,0,0,0,0,0,0,0,0,4,0,,67,6,2009,2,40.0964,-74.9758,2220.0,6,0,0,1,0,0,0,0,0,,0,0,0,21,3,1,1,,0,40 05:47.042,,0,74 58:32.746,4,0,0,0,67301,0,0,0,N,0,0,0,2,67301,1,,1,1,,N,N,,0,,0,0,0,3,2,,2154,1,2,0,0,0,0,0,3,4,0,2,3,,N,,,,,,,,,,,
2009064491,0.0,1,0,0,0,0,0,0,0,0,7,0,,67,1,2009,4,39.9021,-75.1515,0.0,6,0,0,0,0,0,0,0,0,,0,0,0,23,6,2,0,,0,39 54:10.009,,0,75 09:03.221,3,0,0,0,67301,0,0,0,N,0,0,0,2,00000,0,,2,9,,N,N,,0,,1,0,0,0,0,,2300,2,1,0,0,1,1,0,3,4,0,1,7,,N,,,,,,,,,,,
2009067042,1650.0,1,0,0,0,0,0,0,0,0,4,0,,67,6,2009,6,39.9704,-75.2103,1642.0,6,0,0,0,0,0,0,0,0,,0,0,0,16,1,1,1,,0,39 58:13.350,,0,75 12:36.993,4,0,0,0,67301,0,0,0,N,0,0,0,3,67301,1,,1,9,,N,N,,0,,0,0,0,3,3,,1635,1,2,0,0,0,0,0,3,4,1,2,7,,N,,,,,,,,,,,
2009067445,1645.0,2,0,0,0,0,0,0,0,0,5,0,,67,6,2009,2,40.0126,-75.2046,1630.0,6,0,0,0,0,0,1,0,0,,0,0,0,16,1,1,0,,0,40 00:45.251,,2,75 12:16.434,4,0,0,0,67301,0,0,0,N,0,0,0,4,67301,1,,1,1,,N,N,,0,,0,0,0,0,0,,1620,1,2,0,0,0,0,1,3,4,0,2,3,,N,,,,,,,,,,,
2009067039,520.0,2,0,0,0,0,0,0,0,0,1,0,,67,6,2009,1,40.0167,-75.0667,511.0,6,0,0,0,0,0,0,0,0,,0,0,0,5,3,1,2,,0,40 01:00.002,,0,75 04:00.264,4,0,0,0,67301,0,0,0,N,0,0,0,3,67301,1,,1,1,,N,N,,0,,0,0,0,2,2,,500,1,2,0,0,0,0,0,3,4,0,2,3,,N,,,,,,,,,,,
2009064560,2156.0,1,0,0,0,0,0,0,0,0,4,0,,67,6,2009,3,39.9911,-75.2479,2156.0,6,1,0,1,0,0,0,0,0,1.0,0,0,0,21,3,4,2,,1,39 59:28.706,1.0,0,75 14:51.609,4,0,0,0,67301,0,0,0,N,0,0,0,4,46104,3,,1,1,,N,N,,0,,0,0,1,3,3,Y,2154,4,2,0,0,0,1,0,3,4,0,2,3,,N,,,,,,,,,,,
2009067114,1915.0,2,0,0,0,0,0,0,0,0,4,0,,67,5,2009,1,39.9544,-75.1479,1911.0,6,0,0,0,0,1,0,0,0,,0,0,0,19,1,2,2,,0,39 57:15.782,,0,75 08:52.382,4,0,0,0,67301,0,0,0,N,0,0,0,5,67301,2,,1,1,,N,N,,0,,0,0,0,2,2,,1905,2,2,0,0,0,0,2,3,4,0,2,3,,N,,,,,,,,,,,
2009064656,2140.0,2,0,0,0,0,0,0,0,0,4,0,,67,5,2009,3,40.0666,-75.0511,2130.0,6,0,0,0,0,0,1,0,0,,0,0,0,99,3,0,1,,0,40 03:59.676,,0,75 03:04.085,0,0,0,0,67301,0,0,0,N,0,0,0,3,67301,0,,1,1,,N,N,,0,,0,0,0,3,2,,9999,0,2,0,0,0,0,0,3,4,0,2,3,,N,,,,,,,,,,,
2009067452,905.0,2,0,0,0,0,0,0,0,0,1,0,,67,6,2009,6,39.8897,-75.2338,850.0,6,0,0,0,0,0,0,1,0,,0,0,0,8,1,1,2,,0,39 53:23.198,,0,75 14:01.809,3,0,0,0,67301,0,0,0,N,0,0,0,2,67301,0,,1,1,,N,N,,0,,1,0,0,3,4,,830,1,2,0,0,0,0,0,3,4,0,2,3,,N,,,,,,,,,,,
2009067520,5.0,1,0,0,0,0,0,0,0,0,4,0,,67,6,2009,2,39.9621,-75.1614,0.0,6,0,0,0,0,1,0,0,0,,0,0,0,0,3,0,1,,0,39 57:44.547,,0,75 09:41.289,0,0,0,0,67301,0,0,0,N,0,0,0,3,67301,0,,1,1,,N,N,,0,,0,0,1,3,2,,0,0,2,0,0,0,0,0,3,4,0,2,3,,N,,,,,,,,,,,
2009067559,1309.0,1,0,0,0,0,0,0,0,0,8,0,,67,5,2009,4,39.963,-75.1663,1303.0,6,0,0,0,0,1,0,0,0,,0,0,0,12,1,1,1,,0,39 57:46.804,,0,75 09:58.539,8,0,0,0,67301,1,0,0,N,1,0,0,2,67301,0,,1,1,,N,N,,0,,0,0,0,0,0,,1239,1,2,0,0,0,1,0,3,4,0,1,3,,N,,,,,,,,,,,
2009067591,1915.0,1,0,0,1,0,0,0,0,0,5,0,,67,6,2009,1,39.9468,-75.1636,1900.0,6,0,0,0,0,0,0,0,0,,0,0,0,19,1,1,1,,0,39 56:48.649,,0,75 09:49.111,4,0,0,0,67301,1,0,0,,0,0,0,3,67301,1,,4,1,,,,,0,,0,0,0,3,3,,1915,1,2,0,0,0,0,0,3,4,0,1,3,,N,,,,,,,,,,,
2009057239,1211.0,1,0,0,0,0,0,0,0,0,6,0,,67,4,2009,5,39.9634,-75.1874,1208.0,6,0,0,0,0,0,0,0,0,,0,0,0,12,1,5,1,,0,39 57:48.032,,0,75 11:14.759,4,0,0,0,67301,0,0,0,N,0,0,0,6,67301,1,,1,1,,N,N,,0,,0,0,1,3,2,,1208,5,2,0,0,0,4,0,3,4,0,2,3,,N,,,,,,,,,,,
2009120781,1700.0,1,0,0,0,0,0,0,0,0,8,0,,67,10,2009,5,40.0288,-75.0584,1650.0,6,0,0,0,0,0,0,0,0,,0,0,0,16,1,1,1,,0,40 01:43.819,,0,75 03:30.264,3,0,0,0,67301,1,0,0,,1,0,0,4,67301,0,,1,1,,,,,0,,1,0,0,0,0,,1650,1,2,0,0,0,0,0,3,4,0,1,3,,N,,,,,,,,,,,
2009118917,212.0,2,0,0,0,0,0,0,0,0,1,0,,67,10,2009,1,39.9837,-75.1365,209.0,6,0,0,0,0,0,0,0,0,,0,0,0,2,3,0,1,,0,39 59:01.460,,0,75 08:11.468,9,0,0,0,67301,0,0,0,N,0,0,0,2,67301,0,,1,9,,N,N,,1,,0,0,0,3,2,,200,0,3,0,0,0,0,1,3,4,0,3,7,,N,,,,,,,,,,,
2009120823,1148.0,1,0,0,0,0,0,0,0,0,1,0,,67,10,2009,7,40.0319,-75.1877,1141.0,6,0,0,0,0,0,1,0,0,1.0,0,0,0,11,1,1,2,,1,40 01:54.662,1.0,0,75 11:15.689,4,0,0,0,67301,0,0,0,N,0,0,0,3,67301,1,,1,9,,N,N,,0,,0,0,1,0,0,N,1140,1,2,0,0,0,0,0,3,4,0,2,7,,N,,,,,,,,,,,
2009106219,1045.0,2,0,0,0,0,0,0,0,0,1,0,,67,9,2009,4,39.9447,-75.1652,1036.0,6,0,0,0,0,0,2,0,0,,0,0,0,10,1,2,2,,0,39 56:40.735,,0,75 09:55.217,8,0,0,0,67301,0,0,0,,0,0,0,3,67301,0,,1,1,,,,,0,,0,0,1,3,2,,1036,2,3,0,0,0,2,1,3,4,0,3,3,,N,,,,,,,,,,,
2009121151,1120.0,1,0,0,0,0,0,0,0,0,1,0,,67,10,2009,7,40.0082,-75.1725,1115.0,6,0,0,0,0,0,0,1,0,,0,0,0,11,1,2,0,,0,40 00:29.511,,0,75 10:20.924,3,0,0,0,67301,0,0,0,N,0,0,0,3,67301,1,,1,9,,N,N,,0,,1,0,1,0,0,,1100,2,2,0,0,0,0,0,3,4,0,2,7,,N,,,,,,,,,,,
2009114128,1806.0,2,0,0,0,0,0,0,0,0,1,0,,67,10,2009,6,39.8988,-75.1709,1748.0,6,0,0,0,0,0,1,0,0,1.0,0,0,0,17,3,0,0,,1,39 53:56.760,2.0,0,75 10:05.520,0,0,0,0,67301,0,0,0,N,0,0,0,2,68K01,0,,1,9,,N,N,,0,,0,0,0,0,0,N,1747,0,2,0,0,0,0,0,3,4,0,2,7,,N,,,,,,,,,,,
2009093548,24.0,0,0,0,0,0,0,1,0,0,4,1,,67,8,2009,2,39.9898,-75.1255,23.0,6,0,0,0,0,0,1,0,0,,0,0,0,0,3,2,1,,0,39 59:23.298,,0,75 07:31.934,4,0,0,0,67301,0,0,0,,0,0,0,3,67301,2,,1,1,,,,,0,,0,0,0,3,2,,23,2,2,0,0,0,0,0,3,4,1,2,3,,N,,,,,,,,,,,
2009093618,1215.0,2,0,0,0,0,0,0,0,0,1,0,,67,8,2009,2,40.0586,-75.1892,1210.0,6,0,0,0,0,0,0,0,1,,0,0,0,11,1,0,0,,0,40 03:30.808,,0,75 11:21.058,0,0,0,0,67301,0,0,0,N,0,0,0,3,67301,0,,1,1,,N,N,,0,,0,0,0,0,0,,1125,0,2,0,0,0,0,0,3,4,0,2,3,,N,,,,,,,,,,,
2009054231,1038.0,1,0,0,0,0,0,0,0,0,4,0,,67,4,2009,5,39.9608,-75.1567,1036.0,6,1,0,0,0,0,1,0,0,,0,0,0,10,1,0,1,,0,39 57:39.056,,0,75 09:24.296,0,0,0,0,67301,0,0,0,,0,0,0,3,67301,0,,1,1,,N,N,,0,,0,0,0,0,0,,1034,0,2,0,0,0,0,0,3,4,1,2,3,,N,,,,,,,,,,,
2009058890,155.0,0,0,0,0,0,0,0,0,0,4,0,,67,5,2009,6,40.0363,-75.0258,154.0,6,0,0,0,0,0,1,0,0,,0,0,0,1,3,0,1,,0,40 02:10.516,,0,75 01:32.995,0,0,0,0,67301,0,0,0,N,0,0,0,2,67301,0,,1,1,,N,N,,1,,0,0,1,3,3,,150,0,2,0,0,0,0,0,3,4,0,2,3,,N,,,,,,,,,,,
2009056363,1545.0,1,0,0,0,0,0,0,0,0,1,0,,67,4,2009,1,40.0001,-75.2287,1542.0,6,0,0,0,0,0,0,0,0,,0,0,0,15,1,1,2,,0,40 00:04.768,,0,75 13:34.100,8,0,0,0,67301,0,0,0,,0,0,0,3,67301,0,,1,1,,,,,0,,0,0,1,3,2,,1542,1,2,0,0,0,1,0,3,4,0,2,3,,N,,,,,,,,,,,
2009056489,1626.0,1,0,0,0,0,0,0,0,0,4,0,,67,5,2009,4,39.9187,-75.2469,1624.0,6,0,0,0,0,0,1,0,0,,0,0,0,15,1,1,1,,0,39 55:07.184,,0,75 14:48.818,4,0,0,0,67301,0,0,0,N,0,0,0,2,67301,1,,1,1,,N,N,,1,,0,0,0,0,0,,1529,1,2,0,0,0,0,0,3,4,0,2,3,,N,,,,,,,,,,,
2009056492,9999.0,3,0,0,0,0,0,0,0,0,6,0,,67,5,2009,2,39.9121,-75.1605,9999.0,6,0,0,0,0,1,0,0,0,,0,0,0,4,3,1,0,,0,39 54:43.581,,0,75 09:37.893,4,0,0,0,67301,0,0,0,N,0,0,0,1,67301,1,,1,1,,N,N,,0,,0,0,0,0,0,,415,1,3,0,0,0,0,0,3,4,0,3,3,,N,,,,,,,,,,,
2009059010,532.0,1,0,0,0,0,0,0,0,0,1,1,,67,5,2009,6,39.9746,-75.1943,526.0,6,0,0,0,0,0,0,0,0,,0,1,0,5,3,0,0,,0,39 58:32.046,,0,75 11:41.618,0,0,0,0,67301,0,0,0,N,0,0,0,2,68K01,0,,1,8,,N,N,,0,,0,0,0,0,0,,522,0,2,0,0,0,0,0,3,4,0,2,7,,N,,,,,,,,,,,
2009059011,310.0,1,0,0,0,0,0,0,0,0,7,0,,67,6,2009,7,39.9603,-75.1809,300.0,6,0,0,0,0,0,0,0,0,1.0,0,0,0,2,3,1,0,,1,39 57:40.960,4.0,0,75 10:56.296,8,0,0,0,67301,0,0,0,N,0,0,0,2,68K01,0,,3,1,,N,N,,0,,0,0,0,0,0,N,259,1,1,0,0,0,1,0,3,4,0,1,3,,N,,,,,,,,,,,
2009053984,1144.0,0,0,0,0,0,0,0,0,0,1,0,,67,4,2009,1,40.0449,-75.1228,1144.0,6,0,0,0,0,0,0,1,0,,0,0,0,11,1,1,2,,0,40 02:41.624,,0,75 07:21.996,4,0,0,0,67301,0,0,0,N,0,0,0,2,67301,1,,1,1,,N,N,,1,,0,0,0,0,0,,1140,1,2,0,0,0,0,1,3,4,1,2,3,,N,,,,,,,,,,,
2009093296,1035.0,0,0,0,0,0,0,0,0,0,7,1,,67,7,2009,4,39.9543,-75.1852,1020.0,6,0,0,0,0,0,0,0,0,3.0,0,1,0,10,1,0,2,,1,39 57:15.339,7.0,1,75 11:06.881,0,0,0,0,67301,0,0,0,N,0,0,0,1,67301,0,,4,1,,N,N,,0,,0,0,0,9,3,N,1000,0,1,0,0,0,0,0,3,4,0,1,3,,N,,,,,,,,,,,
2009090956,750.0,2,0,0,0,0,0,0,0,0,1,0,,67,9,2009,6,40.0598,-75.1334,746.0,6,0,0,1,0,0,0,0,0,1.0,0,0,0,7,1,0,1,,1,40 03:35.468,4.0,0,75 07:59.841,0,0,0,0,67301,0,0,0,N,0,0,0,4,46102,0,,1,9,,N,N,,0,,0,0,0,3,2,N,746,0,2,0,0,0,0,0,3,4,0,2,7,,N,,,,,,,,,,,
2009083367,2255.0,1,0,0,1,0,0,0,0,0,8,0,,67,7,2009,5,39.9546,-75.226,2255.0,6,0,1,0,0,0,0,0,0,,0,0,0,22,3,1,1,,0,39 57:16.485,,0,75 13:33.593,8,0,0,0,67301,1,0,0,N,0,0,0,2,67301,0,,1,1,,N,N,,0,,0,0,0,3,2,,2255,1,2,0,0,0,1,0,3,4,0,1,3,,N,,,,,,,,,,,
2009085861,1659.0,2,0,0,0,0,0,0,0,0,1,0,,67,8,2009,6,39.9173,-75.1475,1655.0,6,0,0,0,0,0,1,0,0,,0,0,0,16,1,0,0,,0,39 55:02.901,,0,75 08:51.194,0,0,0,0,67301,0,0,0,N,0,0,0,2,68K01,0,,1,1,,N,N,,0,,0,0,0,0,0,,1652,0,2,0,0,0,0,0,3,4,0,2,3,,N,,,,,,,,,,,
2009086084,100.0,1,0,0,0,0,0,0,0,0,8,0,,67,7,2009,2,40.0227,-75.1482,1255.0,6,0,0,0,0,0,0,1,0,,0,0,0,23,3,1,5,,0,40 01:21.651,,0,75 08:53.543,8,0,0,0,67301,1,0,0,N,1,0,0,2,67301,0,,1,1,,N,N,,0,,0,0,0,3,2,,2305,1,2,0,0,0,1,0,3,4,0,1,3,,N,,,,,,,,,,,
2009086486,205.0,2,0,0,0,0,0,0,0,0,5,0,,67,7,2009,3,40.0713,-75.1914,204.0,6,0,0,0,0,1,0,0,0,,0,0,0,2,3,0,0,,0,40 04:16.557,,0,75 11:28.903,0,0,0,1,67301,0,0,0,,0,0,0,1,67301,0,,6,1,,N,N,,0,,0,0,0,0,0,,202,0,3,0,0,0,0,0,3,4,0,3,3,,N,,,,,,,,,,,
2009078936,647.0,1,0,0,0,0,0,0,0,0,4,0,,67,7,2009,1,40.0086,-75.0688,645.0,6,0,0,1,0,0,0,0,0,3.0,0,0,0,6,1,1,1,,2,40 00:31.249,7.0,0,75 04:07.877,3,0,0,0,67301,0,0,0,N,0,0,0,3,67301,0,,1,1,,N,N,,1,,1,0,0,3,2,Y,643,1,2,0,0,0,0,0,3,4,0,2,3,,N,,,,,,,,,,,
2009079087,2032.0,1,0,0,1,0,0,0,0,0,8,0,,67,7,2009,5,40.026,-75.0646,2028.0,6,0,0,0,0,0,0,0,0,,0,0,0,20,1,1,0,,0,40 01:33.657,,0,75 03:52.509,4,0,0,0,67301,1,0,0,,0,0,0,2,67301,1,,1,1,,N,N,,0,,0,0,0,0,0,,2000,1,2,0,0,0,0,1,3,4,0,1,3,,N,,,,,,,,,,,
2009081581,1754.0,2,0,0,0,0,0,0,0,0,4,0,,67,7,2009,7,39.986,-75.2142,1750.0,6,0,0,0,0,0,0,0,0,,0,0,0,16,1,1,3,,0,39 59:09.693,,0,75 12:51.191,4,0,0,0,67301,0,0,0,N,0,0,0,5,67301,1,,1,1,,N,N,,0,,0,0,0,0,0,,1649,1,2,0,0,0,0,0,3,4,0,2,3,,N,,,,,,,,,,,
2009081632,2357.0,1,0,0,0,0,0,0,0,0,7,0,,67,6,2009,3,39.9198,-75.2022,2353.0,6,0,0,0,0,0,0,0,0,,0,0,0,23,3,0,0,,0,39 55:11.286,,3,75 12:08.035,0,0,0,0,67301,0,0,0,,0,0,0,2,67301,0,,3,9,,,,,0,,0,0,0,0,0,,2350,0,1,0,0,0,0,0,3,4,0,1,7,,N,,,,,,,,,,,
2009079295,1410.0,0,0,0,0,0,0,0,0,0,8,0,,67,7,2009,4,39.972,-75.2015,1409.0,6,0,0,0,0,0,0,0,0,,0,0,0,99,1,1,0,,0,39 58:19.319,,0,75 12:05.388,8,0,0,1,67301,1,0,0,N,1,0,0,2,67301,0,,1,1,,N,N,,0,,0,0,0,0,0,,9999,1,2,0,0,0,1,0,3,4,0,1,3,,N,,,,,,,,,,,
2009079186,2050.0,2,0,0,0,0,0,0,0,0,4,0,,67,7,2009,7,40.0511,-75.0658,2046.0,6,0,0,0,0,0,0,0,0,,0,0,0,20,3,0,0,,0,40 03:03.930,,7,75 03:56.804,9,0,0,0,67301,0,0,0,N,0,0,0,2,67301,0,,1,1,,N,N,,0,,0,0,0,0,0,,2046,0,2,0,0,0,0,1,3,4,0,2,3,,N,,,,,,,,,,,