CRN,ARRIVAL_TM,AUTOMOBILE_COUNT,BELTED_DEATH_COUNT,BELTED_SUSP_SERIOUS_INJ_COUNT,BICYCLE_COUNT,BICYCLE_DEATH_COUNT,BICYCLE_SUSP_SERIOUS_INJ_COUNT,BUS_COUNT,CHLDPAS_DEATH_COUNT,CHLDPAS_SUSP_SERIOUS_INJ_COUNT,COLLISION_TYPE,COMM_VEH_COUNT,CONS_ZONE_SPD_LIM,COUNTY,CRASH_MONTH,CRASH_YEAR,DAY_OF_WEEK,DEC_LAT,DEC_LONG,DISPATCH_TM,DISTRICT,DRIVER_COUNT_16YR,DRIVER_COUNT_17YR,DRIVER_COUNT_18YR,DRIVER_COUNT_19YR,DRIVER_COUNT_20YR,DRIVER_COUNT_50_64YR,DRIVER_COUNT_65_74YR,DRIVER_COUNT_75PLUS,EST_HRS_CLOSED,FATAL_COUNT,HEAVY_TRUCK_COUNT,HORSE_BUGGY_COUNT,HOUR_OF_DAY,ILLUMINATION,INJURY_COUNT,INTERSECT_TYPE,INTERSECTION_RELATED,LANE_CLOSED,LATITUDE,LN_CLOSE_DIR,LOCATION_TYPE,LONGITUDE,MAX_SEVERITY_LEVEL,MCYCLE_DEATH_COUNT,MCYCLE_SUSP_SERIOUS_INJ_COUNT,MOTORCYCLE_COUNT,MUNICIPALITY,NONMOTR_COUNT,NONMOTR_DEATH_COUNT,NONMOTR_SUSP_SERIOUS_INJ_COUNT,NTFY_HIWY_MAINT,PED_COUNT,PED_DEATH_COUNT,PED_SUSP_SERIOUS_INJ_COUNT,PERSON_COUNT,POLICE_AGCY,POSSIBLE_INJ_COUNT,RDWY_SURF_TYPE_CD,RELATION_TO_ROAD,ROAD_CONDITION,ROADWAY_CLEARED,SCH_BUS_IND,SCH_ZONE_IND,SECONDARY_CRASH,SMALL_TRUCK_COUNT,SPEC_JURIS_CD,SUSP_MINOR_INJ_COUNT,SUSP_SERIOUS_INJ_COUNT,SUV_COUNT,TCD_FUNC_CD,TCD_TYPE,TFC_DETOUR_IND,TIME_OF_DAY,TOT_INJ_COUNT,TOTAL_UNITS,UNB_DEATH_COUNT,UNB_SUSP_SERIOUS_INJ_COUNT,UNBELTED_OCC_COUNT,UNK_INJ_DEG_COUNT,UNK_INJ_PER_COUNT,URBAN_AREA,URBAN_RURAL,VAN_COUNT,VEHICLE_COUNT,WEATHER1,WEATHER2,WORK_ZONE_IND,WORK_ZONE_LOC,WORK_ZONE_TYPE,WORKERS_PRES,WZ_CLOSE_DETOUR,WZ_FLAGGER,WZ_LAW_OFFCR_IND,WZ_LN_CLOSURE,WZ_MOVING,WZ_OTHER,WZ_SHLDER_MDN,WZ_WORKERS_INJ_KILLED
2009079207,2040.0,1,0,0,1,0,0,0,0,0,4,0,,67,7,2009,7,39.9253,-75.1545,2036.0,6,0,0,0,0,0,0,1,0,,0,0,0,20,3,1,0,,0,39 55:31.155,,0,75 09:16.084,8,0,0,0,67301,1,0,0,N,0,0,0,2,67301,0,,1,9,,N,N,,0,,0,0,0,0,0,,2015,1,2,0,0,1,1,0,3,4,0,1,3,,N,,,,,,,,,,,
2009071448,2253.0,0,0,0,0,0,0,0,0,0,8,0,,67,6,2009,5,40.0478,-75.0642,2250.0,6,0,0,0,0,1,0,0,0,,0,0,0,22,3,1,0,,0,40 02:52.213,,0,75 03:51.159,3,0,0,0,67301,1,0,0,,1,0,0,2,67301,0,,1,1,,,,,0,,1,0,0,0,0,,2248,1,2,0,0,0,0,0,3,4,1,1,3,,N,,,,,,,,,,,
2009071452,1503.0,1,0,0,0,0,0,0,0,0,8,0,,67,6,2009,7,40.0378,-75.1292,1457.0,6,0,0,0,0,0,1,0,0,,0,0,0,99,1,1,1,,0,40 02:16.216,,0,75 07:45.047,4,0,0,0,67301,1,0,0,N,1,0,0,2,67301,1,,1,9,,N,N,,0,,0,0,0,9,3,,9999,1,2,0,0,0,0,0,3,4,0,1,7,,N,,,,,,,,,,,
2009079265,1939.0,1,0,0,0,0,0,0,0,0,8,0,,67,7,2009,5,40.0237,-75.1622,1934.0,6,0,0,0,0,0,0,0,0,,0,0,0,19,1,1,0,,0,40 01:25.237,,0,75 09:43.963,4,0,0,0,67301,1,0,0,N,1,0,0,2,67301,1,,1,1,,N,N,,0,,0,0,0,0,0,,1930,1,2,0,0,0,0,0,3,4,0,1,3,,N,,,,,,,,,,,
2009074484,1815.0,1,0,0,0,0,0,0,0,0,8,0,,67,6,2009,4,40.034,-75.2228,1808.0,6,0,0,0,0,0,1,0,0,,0,0,0,99,1,1,0,,0,40 02:02.554,,0,75 13:21.907,8,0,0,0,67301,1,0,0,,1,0,0,2,67301,0,,1,9,,,,,0,,0,0,0,0,0,,9999,1,2,0,0,0,1,0,3,4,0,1,7,,N,,,,,,,,,,,
2009074630,2101.0,2,0,0,0,0,0,0,0,0,4,0,,67,6,2009,6,40.0024,-75.1223,2045.0,6,0,0,0,0,0,0,0,0,,0,0,0,20,3,2,2,,0,40 00:08.643,,0,75 07:20.203,4,0,0,0,67301,0,0,0,N,0,0,0,2,67301,2,,1,1,,N,N,,0,,0,0,0,0,0,,2040,2,2,0,0,0,0,0,3,4,0,2,3,,N,,,,,,,,,,,
2009072022,21.0,4,0,0,0,0,0,0,0,0,5,0,,67,6,2009,6,39.9495,-75.2381,18.0,6,0,0,0,0,0,1,0,0,,0,0,0,0,3,1,1,,0,39 56:58.311,,0,75 14:16.994,8,0,0,0,67301,0,0,0,N,0,0,0,3,67301,0,,1,1,,N,N,,0,,0,0,0,0,0,,17,1,4,0,0,0,1,0,3,4,0,4,3,,N,,,,,,,,,,,
2009066910,1823.0,2,0,0,0,0,0,0,0,0,1,0,,67,6,2009,1,40.1033,-75.0284,1808.0,6,0,0,0,0,0,0,0,0,,0,0,0,18,1,1,0,,0,40 06:11.948,,0,75 01:42.172,8,0,0,0,67301,0,0,0,N,0,0,0,2,67301,0,,1,1,,N,N,,0,,0,0,0,0,0,,1806,1,2,0,0,0,1,0,3,4,0,2,3,,N,,,,,,,,,,,
2009067649,1551.0,0,0,0,0,0,0,0,0,0,8,0,,67,5,2009,7,39.901,-75.1653,1549.0,6,0,0,0,0,0,0,0,0,,0,0,0,15,1,1,0,,0,39 54:03.582,,0,75 09:55.234,4,0,0,0,67301,1,0,0,N,1,0,0,2,67301,1,,1,1,,N,N,,0,,0,0,0,0,0,,1500,1,2,0,0,0,0,1,3,4,0,1,3,,N,,,,,,,,,,,
2009065245,9999.0,2,0,0,0,0,0,0,0,0,4,0,,67,5,2009,4,40.0059,-75.1277,1130.0,6,0,0,0,0,0,0,0,0,1.0,0,0,0,99,1,2,0,,1,40 00:21.187,1.0,0,75 07:39.704,4,0,0,0,67301,0,0,0,N,0,0,0,3,67301,2,,1,1,,N,N,,0,,0,0,0,0,0,N,9999,2,2,0,0,0,0,0,3,4,0,2,3,,N,,,,,,,,,,,
2009058286,906.0,2,0,0,0,0,0,0,0,0,1,0,,67,5,2009,6,39.957,-75.1555,906.0,6,0,0,0,0,0,0,0,0,,0,0,0,9,1,0,0,,0,39 57:25.320,,0,75 09:19.969,0,0,0,0,67301,0,0,0,N,0,0,0,3,68K01,0,,1,1,,N,N,,0,,0,0,1,0,0,,902,0,3,0,0,0,0,0,3,4,0,3,3,,N,,,,,,,,,,,
2009055767,1620.0,3,0,0,0,0,0,0,0,0,1,0,,67,4,2009,4,40.0205,-75.1924,1615.0,6,0,0,0,0,0,1,0,0,,0,0,0,16,1,1,1,,0,40 01:13.809,,0,75 11:32.576,8,0,0,0,67301,0,0,0,,0,0,0,3,67301,0,,1,1,,,,,0,,0,0,0,3,2,,1600,1,3,0,0,1,1,0,3,4,0,3,3,,N,,,,,,,,,,,
2009092969,1026.0,2,0,0,0,0,0,0,0,0,1,0,,67,8,2009,5,39.947,-75.2152,930.0,6,0,0,0,0,0,0,1,0,,0,0,0,9,1,1,1,,0,39 56:49.135,,0,75 12:54.644,8,0,0,0,67301,0,0,0,N,0,0,0,4,67301,0,,1,1,,N,N,,1,,0,0,0,3,2,,930,1,3,0,0,0,1,0,3,4,0,3,3,,N,,,,,,,,,,,
2009092970,1702.0,2,0,0,0,0,0,0,0,0,4,0,,67,8,2009,6,40.0007,-75.0724,1700.0,6,0,0,0,0,0,1,0,0,,0,0,0,16,1,2,1,,0,40 00:02.512,,0,75 04:20.683,4,0,0,0,67301,0,0,0,N,0,0,0,2,67301,2,,1,9,,N,N,,0,,0,0,0,3,2,,1645,2,2,0,0,2,0,0,3,4,0,2,7,,N,,,,,,,,,,,
2009092979,2021.0,1,0,0,0,0,0,0,0,0,7,0,,67,8,2009,7,40.0191,-75.0816,2019.0,6,0,0,0,0,0,0,0,0,1.0,0,0,0,20,3,1,0,,1,40 01:08.771,2.0,0,75 04:53.696,3,0,0,0,67301,0,0,0,,0,0,0,2,67301,0,,1,1,,N,N,,0,,1,0,0,0,0,Y,2016,1,1,0,0,0,0,1,3,4,0,1,3,,N,,,,,,,,,,,
2009087576,30.0,1,0,0,0,0,0,0,0,0,1,1,,67,8,2009,6,40.0248,-75.0301,2355.0,6,0,0,0,0,0,1,0,0,2.0,0,1,0,23,3,2,0,,1,40 01:29.073,2.0,0,75 01:48.364,4,0,0,0,67301,0,0,0,N,0,0,0,4,68K01,2,,1,1,,N,N,,0,,0,0,0,0,0,N,2343,2,2,0,0,1,0,0,3,4,0,2,3,,N,,,,,,,,,,,
2009093009,1949.0,1,0,0,0,0,0,0,0,0,4,0,,67,9,2009,3,39.9893,-75.1035,1939.0,6,0,0,0,0,0,0,0,0,,0,0,0,19,4,1,2,,0,39 59:21.440,,0,75 06:12.571,4,0,0,1,67301,0,0,0,,0,0,0,5,67301,1,,1,1,,,,,0,,0,0,0,0,0,,1930,1,2,0,0,0,0,0,3,4,0,2,3,,N,,,,,,,,,,,
2009067248,1648.0,3,0,0,0,0,0,0,0,0,1,0,,67,5,2009,1,40.0668,-75.0642,1646.0,6,0,0,0,0,0,1,0,1,,0,0,0,16,1,4,0,,0,40 04:00.505,,0,75 03:50.961,4,0,0,0,67301,0,0,0,N,0,0,0,6,67301,1,,1,1,,N,N,,0,,0,0,0,0,0,,1645,4,3,0,0,0,3,0,3,4,0,3,3,,N,,,,,,,,,,,
2009067451,1545.0,0,0,0,0,0,0,0,0,0,1,0,,67,6,2009,5,39.9039,-75.2406,1531.0,6,0,0,0,0,0,2,0,0,,0,0,0,15,1,4,0,,0,39 54:14.030,,0,75 14:26.260,3,0,0,0,67301,0,0,0,N,0,0,0,7,67301,1,,1,9,,N,N,,1,,3,0,0,0,0,,1515,4,2,0,0,1,0,0,3,4,1,2,7,,N,,,,,,,,,,,
2009067134,1436.0,2,0,0,0,0,0,0,0,0,1,0,,67,6,2009,1,39.9255,-75.2345,1430.0,6,0,0,0,1,0,0,0,0,,0,0,0,14,1,0,0,,0,39 55:31.924,,0,75 14:04.111,0,0,0,0,67301,0,0,0,N,0,0,0,3,67301,0,,1,1,,N,N,,0,,0,0,0,0,0,,1430,0,2,0,0,0,0,0,3,4,0,2,3,,N,,,,,,,,,,,
2009067498,1816.0,1,0,0,0,0,0,0,0,0,8,0,,67,6,2009,3,40.0407,-75.0524,1815.0,6,0,0,0,0,0,1,0,0,,0,0,0,18,1,1,0,,0,40 02:26.552,,0,75 03:08.538,8,0,0,0,67301,1,0,0,N,1,0,0,2,67301,0,,1,1,,N,N,,0,,0,0,0,0,0,,1807,1,2,0,0,0,1,0,3,4,0,1,3,,N,,,,,,,,,,,
2009064873,46.0,1,0,0,0,0,0,0,0,0,7,0,,67,5,2009,7,40.0262,-75.0356,41.0,6,0,0,0,0,0,0,0,0,,0,0,0,0,3,2,2,,0,40 01:34.467,,0,75 02:08.012,8,0,0,0,67301,0,0,0,,0,0,0,2,67301,0,,5,1,,,,,0,,0,0,0,0,0,,40,2,1,0,0,0,2,0,3,4,0,1,3,,N,,,,,,,,,,,
2009064876,1015.0,2,0,0,0,0,0,0,0,0,4,0,,67,5,2009,1,40.0445,-75.1931,1012.0,6,0,0,0,0,0,1,0,1,1.0,0,0,0,10,1,5,2,,1,40 02:40.301,3.0,0,75 11:35.235,3,0,0,0,67301,0,0,0,N,0,0,0,5,67301,4,,1,1,,N,N,,0,,1,0,0,3,2,Y,1002,5,2,0,0,0,0,0,3,4,0,2,3,,N,,,,,,,,,,,
2009064981,1057.0,0,0,0,0,0,0,0,0,0,0,0,,67,5,2009,7,39.9378,-75.2169,1047.0,6,0,0,0,0,0,1,0,0,,0,0,0,10,1,1,0,,0,39 56:16.134,,7,75 13:01.015,4,0,0,1,67301,0,0,0,N,0,0,0,1,67301,1,,4,9,,N,N,,0,,0,0,0,3,2,,1028,1,1,0,0,0,0,0,3,4,0,1,3,,N,,,,,,,,,,,
2009054916,1021.0,0,0,0,0,0,0,0,0,0,0,0,,67,4,2009,1,39.9894,-75.1909,9999.0,6,0,0,0,0,0,0,0,0,,0,0,0,11,1,1,0,,0,39 59:21.993,,0,75 11:27.377,3,0,0,1,67301,0,0,0,N,0,0,0,1,67301,0,,1,1,,N,N,,0,,1,0,0,0,0,,1100,1,2,0,0,0,0,0,3,4,0,1,3,,N,,,,,,,,,,,
2009096947,2208.0,1,0,0,0,0,0,0,0,0,7,0,,67,8,2009,5,,,2208.0,6,0,0,0,0,1,0,0,0,,0,0,0,22,3,0,7,,0,,,3,,0,0,0,0,67301,0,0,0,N,0,0,0,2,67501,0,,2,1,,N,N,,0,,0,0,0,3,8,,2208,0,1,0,0,0,0,0,3,3,0,1,3,,N,,,,,,,,,,,
2009083723,1345.0,2,0,0,0,0,0,0,0,0,4,0,,67,7,2009,7,40.0667,-75.178,1339.0,6,0,0,0,0,0,0,0,0,,0,0,0,13,1,2,1,,0,40 04:00.293,,0,75 10:40.850,4,0,0,0,67301,0,0,0,N,0,0,0,6,67301,2,,1,1,,N,N,,0,,0,0,0,3,3,,1323,2,2,0,0,0,0,0,3,4,0,2,3,,N,,,,,,,,,,,
2009065392,1637.0,3,0,0,0,0,0,0,0,0,1,0,,67,5,2009,3,39.9335,-75.2155,1630.0,6,0,0,0,0,0,0,1,0,3.0,0,0,0,99,1,3,2,,1,39 56:00.741,3.0,0,75 12:55.882,3,0,0,0,67301,0,0,0,N,0,0,0,4,67301,0,,1,1,,N,N,,0,,3,0,0,3,2,Y,9999,3,3,0,0,0,0,0,3,4,0,3,3,,N,,,,,,,,,,,
2009120604,1553.0,1,0,0,1,0,0,0,0,0,4,0,,67,6,2009,5,39.9505,-75.1489,1550.0,6,0,0,0,0,0,0,0,0,,0,0,0,15,1,1,1,,0,39 57:01.895,,0,75 08:56.077,4,0,0,0,67301,1,0,0,N,0,0,0,2,67301,1,,1,1,,N,N,,0,,0,0,0,2,2,,1549,1,2,0,0,1,0,0,3,4,0,1,3,,N,,,,,,,,,,,
2009118711,16.0,0,0,1,0,0,0,0,0,0,7,0,,67,11,2009,5,39.9609,-75.1817,6.0,6,0,0,0,0,0,0,0,0,2.0,0,0,0,0,3,2,0,,2,39 57:42.120,4.0,0,75 10:56.280,2,0,0,0,67301,0,0,0,N,0,0,0,2,68K01,0,,2,1,,N,N,,0,,1,1,1,0,0,N,1,2,1,0,0,1,0,0,3,4,0,1,3,,N,,,,,,,,,,,
2009111419,1735.0,0,0,0,0,0,0,0,0,0,7,0,,67,9,2009,3,39.9728,-75.2029,1732.0,6,0,0,0,0,0,0,0,0,,1,0,0,17,1,0,2,,0,39 58:22.224,,0,75 12:10.591,1,0,0,0,67301,0,0,0,,0,0,0,1,67301,0,2.0,4,1,,,,,0,0.0,0,0,0,0,0,,1732,0,1,0,0,0,0,0,3,4,0,1,3,,N,,,,,,,,,,,
2009111192,805.0,2,0,0,0,0,0,0,0,0,4,0,,67,9,2009,2,40.081,-74.9782,800.0,6,0,1,0,0,0,0,0,0,,0,0,0,7,1,1,2,,0,40 04:51.459,,0,74 58:41.613,4,0,0,0,67301,0,0,0,N,0,0,0,3,67301,1,,1,1,,N,N,,0,,0,0,0,3,3,,750,1,2,0,0,0,0,0,3,4,0,2,3,,N,,,,,,,,,,,
2009111216,250.0,1,0,0,0,0,0,0,0,0,8,0,,67,10,2009,6,39.9503,-75.1917,248.0,6,0,0,0,0,0,0,0,1,,0,0,0,99,1,1,1,,0,39 57:20.355,,0,75 11:22.103,8,0,0,0,67301,1,0,0,,1,0,0,2,67301,0,,1,9,,N,N,,0,,0,0,0,3,2,,9999,1,2,0,0,0,1,0,3,4,0,1,7,,N,,,,,,,,,,,
2009120748,1245.0,0,0,0,0,0,0,0,0,0,4,0,,67,10,2009,4,40.0419,-75.124,1235.0,6,0,0,0,0,0,1,1,0,,0,0,0,12,1,1,1,,0,40 02:30.933,,0,75 07:26.313,8,0,0,0,67301,0,0,0,N,0,0,0,2,67301,0,,1,9,,N,N,,0,,0,0,1,3,2,,1235,1,2,0,0,0,1,0,3,4,1,2,7,,N,,,,,,,,,,,
2009049883,1824.0,1,0,0,1,0,0,0,0,0,4,0,,67,4,2009,1,39.9683,-75.2044,1820.0,6,0,0,0,0,0,0,0,0,,0,0,0,18,1,1,1,,0,39 58:05.980,,0,75 12:15.721,3,0,0,0,67301,1,0,0,,0,0,0,2,67301,0,,1,1,,,,,0,,1,0,0,3,3,,1815,1,2,0,0,0,0,0,3,4,0,1,3,,N,,,,,,,,,,,
2009063692,200.0,1,0,0,0,0,0,0,0,0,8,0,,67,3,2009,1,39.9714,-75.1594,200.0,6,0,0,0,0,0,0,0,0,,0,0,0,1,3,1,1,,0,39 58:17.205,,0,75 09:33.736,8,0,0,0,67301,1,0,0,,1,0,0,2,67301,0,,2,1,,N,N,,0,,0,0,0,3,2,,140,1,2,0,0,0,1,1,3,4,0,1,3,,N,,,,,,,,,,,
2009071398,1527.0,2,0,0,0,0,0,0,0,0,1,0,99.0,67,6,2009,4,40.0072,-75.1928,1524.0,6,0,0,0,0,0,0,0,0,1.0,0,0,0,15,1,1,0,,1,40 00:31.233,2.0,0,75 11:25.588,4,0,0,0,67301,0,0,0,N,0,0,0,4,67301,1,,1,1,,N,N,,0,,0,0,1,0,0,N,1524,1,3,0,0,0,0,0,3,4,0,3,3,,Y,8.0,8.0,U,U,U,U,U,U,U,U,
2009063864,1014.0,2,0,0,0,0,0,0,0,0,7,0,,67,5,2009,6,40.0339,-75.0338,1012.0,6,0,0,0,1,0,0,0,0,1.0,0,0,0,10,1,1,1,,2,40 02:02.014,1.0,0,75 02:01.571,3,0,0,0,67301,0,0,0,N,0,0,0,2,67301,0,,5,1,,N,N,,0,,1,0,0,3,3,Y,1010,1,2,0,0,1,0,1,3,4,0,2,3,,N,,,,,,,,,,,
2009063872,1144.0,1,0,0,0,0,0,0,0,0,1,1,,67,5,2009,4,39.9491,-75.162,1144.0,6,0,0,0,0,0,0,0,0,,0,1,0,11,1,1,1,,0,39 56:56.709,,0,75 09:43.646,4,0,0,0,67301,0,0,0,,0,0,0,3,67301,1,,1,1,,N,N,,0,,0,0,0,3,2,,1144,1,2,0,0,0,0,0,3,4,0,2,3,,N,,,,,,,,,,,
2009063815,1755.0,1,0,0,0,0,0,0,0,0,4,0,,67,5,2009,2,40.0352,-75.1455,1755.0,6,0,0,0,0,0,0,1,0,,0,0,0,17,1,2,1,,0,40 02:06.731,,0,75 08:43.670,8,0,0,0,67301,0,0,0,N,0,0,0,2,67301,0,,2,1,,N,N,,0,,0,0,1,3,2,,1730,2,2,0,0,0,2,0,3,4,0,2,3,,N,,,,,,,,,,,
2009066535,1320.0,0,0,0,0,0,0,0,0,0,8,0,,67,6,2009,2,39.9603,-75.1969,1315.0,6,0,0,0,0,0,0,0,0,,0,0,0,13,1,1,1,,0,39 57:36.824,,0,75 11:48.537,8,0,0,0,67301,1,0,0,N,1,0,0,2,67301,0,,1,1,,N,N,,0,,0,0,0,3,2,,1310,1,2,0,0,0,1,0,3,4,0,1,3,,N,,,,,,,,,,,
2009064053,1604.0,1,0,0,0,0,0,0,0,0,1,0,,67,6,2009,6,39.9585,-75.1671,1558.0,6,0,0,1,0,1,0,0,0,,0,0,0,15,1,0,0,,0,39 57:30.600,,0,75 10:01.560,0,0,0,0,67301,0,0,0,N,0,0,0,4,68K01,0,,1,1,,N,N,,0,,0,0,1,0,0,,1554,0,2,0,0,0,0,0,3,4,0,2,3,,N,,,,,,,,,,,
2009056514,1220.0,0,0,0,0,0,0,0,0,0,8,0,,67,5,2009,1,39.9885,-75.1063,1215.0,6,0,0,0,0,0,0,0,0,,0,0,0,11,1,1,1,,0,39 59:18.500,,0,75 06:22.881,4,0,0,0,67301,1,0,0,N,1,0,0,2,67301,1,,9,98,,N,N,,0,,0,0,0,9,2,,1155,1,2,0,0,0,0,1,3,4,0,1,99,,N,,,,,,,,,,,
2009093487,1736.0,1,0,0,0,0,0,0,0,0,1,0,,67,8,2009,4,40.0273,-75.0406,1730.0,6,0,0,0,0,0,0,0,0,,0,0,0,16,1,1,0,,0,40 01:38.363,,0,75 02:26.046,4,0,0,0,67301,0,0,0,N,0,0,0,3,67301,1,,1,1,,N,N,,0,,0,0,1,0,0,,1654,1,2,0,0,0,0,0,3,4,0,2,3,,N,,,,,,,,,,,
2009053985,847.0,1,0,0,0,0,0,0,0,0,8,0,,67,4,2009,3,40.0652,-75.158,847.0,6,0,0,0,0,0,1,0,0,,0,0,0,7,1,1,1,,0,40 03:54.558,,0,75 09:28.965,4,0,0,0,67301,1,0,0,,1,0,0,2,67301,1,,1,9,,,,,0,,0,0,0,3,3,,730,1,2,0,0,0,0,0,3,4,0,1,7,,N,,,,,,,,,,,
2009085911,1105.0,0,0,0,0,0,0,0,0,0,1,0,,67,7,2009,6,39.9508,-75.195,1103.0,6,0,0,0,0,0,1,0,0,,0,0,0,9,1,1,0,,0,39 57:02.725,,0,75 11:42.070,4,0,0,0,67301,0,0,0,N,0,0,0,4,67301,1,,1,1,,N,N,,1,,0,0,0,0,0,,956,1,2,0,0,0,0,0,3,4,1,2,3,,N,,,,,,,,,,,
2009085913,2215.0,1,0,0,0,0,0,0,0,0,4,0,,67,8,2009,2,39.9867,-75.0978,2204.0,6,0,0,0,0,0,0,0,0,,0,0,0,21,3,1,1,,0,39 59:11.950,,0,75 05:51.943,8,0,0,1,67301,0,0,0,N,0,0,0,3,67301,0,,1,1,,N,N,,0,,0,0,0,3,3,,2105,1,2,0,0,0,1,0,3,4,0,2,3,,N,,,,,,,,,,,
2009085951,1955.0,2,0,0,0,0,0,0,0,0,4,0,,67,7,2009,5,39.9575,-75.2234,1955.0,6,0,0,0,0,0,0,0,0,,0,0,0,18,4,1,1,,0,39 57:26.863,,0,75 13:24.193,4,0,0,0,67301,0,0,0,N,0,0,0,3,67301,1,,1,1,,N,N,,0,,0,0,0,3,3,,1855,1,2,0,0,0,0,0,3,4,0,2,3,,N,,,,,,,,,,,
2009083365,415.0,1,0,0,0,0,0,0,0,0,1,0,,67,7,2009,1,39.9809,-75.0996,410.0,6,0,0,0,0,0,0,0,0,3.0,0,0,0,4,3,0,0,,1,39 58:50.977,3.0,0,75 05:58.567,9,0,0,0,67301,0,0,0,N,0,0,0,1,67301,0,,6,1,,N,N,,1,,0,0,0,0,0,N,410,0,2,0,0,0,0,1,3,4,0,2,3,,N,,,,,,,,,,,
2009065609,0.0,1,0,0,0,0,0,0,0,0,1,0,,67,4,2009,4,39.9383,-75.1986,0.0,6,0,0,0,0,0,0,0,0,,0,0,0,16,1,2,1,,0,39 56:18.878,,0,75 11:54.439,8,0,0,0,67301,0,0,0,N,0,0,0,2,00000,0,,1,9,,N,N,,0,,0,0,0,3,2,,1645,2,2,0,0,0,2,0,3,4,0,2,7,,N,,,,,,,,,,,
2009065788,2358.0,2,0,0,0,0,0,0,0,0,4,0,,67,5,2009,1,40.0362,-75.1556,2355.0,6,0,0,0,1,0,0,0,0,2.0,0,0,0,23,3,4,2,,1,40 02:10.172,6.0,0,75 09:20.203,4,0,0,0,67301,0,0,0,,0,0,0,5,67301,4,,1,1,,N,N,,0,,0,0,0,3,3,Y,2355,4,2,0,0,0,0,1,3,4,0,2,3,,N,,,,,,,,,,,
2009086495,1745.0,0,0,0,0,0,0,1,0,0,8,1,,67,7,2009,6,40.0269,-75.1412,1743.0,6,0,0,0,0,0,0,0,0,3.0,0,0,0,17,1,1,0,,2,40 01:36.742,6.0,0,75 08:28.370,3,0,0,0,67301,1,0,0,,1,0,0,2,67301,0,,1,1,,N,N,,0,,1,0,1,0,0,Y,1740,1,3,0,0,0,0,0,3,4,0,2,3,,N,,,,,,,,,,,
2009081661,2159.0,0,0,0,0,0,0,0,0,0,8,0,,67,7,2009,2,40.0366,-75.0586,2154.0,6,0,0,0,0,0,0,0,0,,0,0,0,21,3,1,1,,0,40 02:11.598,,0,75 03:30.830,4,0,0,0,67301,1,0,0,,1,0,0,2,67301,1,,1,1,,N,N,,0,,0,0,1,3,3,,2150,1,2,0,0,0,0,0,3,4,0,1,3,,N,,,,,,,,,,,
2009083867,325.0,0,0,0,0,0,0,0,0,0,7,0,,67,7,2009,1,39.941,-75.1865,325.0,6,0,0,0,0,0,0,0,0,,0,0,0,3,3,2,0,,0,39 56:27.427,,0,75 11:11.385,8,0,0,0,67301,0,0,0,N,0,0,0,2,67301,0,,4,1,,N,N,,0,,0,0,1,3,2,,311,2,1,0,0,0,2,0,3,4,0,1,3,,N,,,,,,,,,,,
2009078870,5.0,2,0,0,0,0,0,0,0,0,6,0,,67,7,2009,6,39.9078,-75.1537,2350.0,6,0,0,0,0,0,1,0,0,,0,0,0,23,3,2,2,,0,39 54:28.098,,0,75 09:13.377,8,0,0,0,67301,0,0,0,N,0,0,0,3,67301,0,,1,1,,N,N,,0,,0,0,0,3,3,,2309,2,2,0,0,0,2,0,3,4,0,2,3,,N,,,,,,,,,,,
2009078950,340.0,2,0,0,0,0,0,0,0,0,1,0,,67,5,2009,1,40.0176,-75.1723,340.0,6,0,0,0,0,0,0,0,0,9.0,0,0,0,3,3,2,0,,1,40 01:03.463,1.0,0,75 10:20.312,4,0,0,0,67301,1,0,0,,0,0,0,2,67301,1,,1,9,,,,,0,,0,0,0,0,0,Y,340,2,2,0,0,0,1,0,3,4,0,2,3,,N,,,,,,,,,,,
2009079107,1533.0,1,0,0,0,0,0,0,0,0,8,0,,67,3,2009,1,40.021,-75.1574,1533.0,6,0,0,0,0,0,0,0,0,,0,0,0,15,1,1,0,,0,40 01:15.658,,0,75 09:26.839,8,0,0,0,67301,1,0,0,,1,0,0,2,67301,0,,1,1,,,,,0,,0,0,0,0,0,,1524,1,2,0,0,1,1,0,3,4,0,1,3,,N,,,,,,,,,,,
2009079122,1430.0,1,0,0,1,0,0,0,0,0,5,0,,67,7,2009,7,39.9561,-75.1726,1423.0,6,0,0,0,0,0,0,0,0,,0,0,0,99,1,1,0,,0,39 57:22.019,,0,75 10:21.517,4,0,0,0,67301,1,0,0,N,0,0,0,2,67301,1,,1,1,,N,N,,0,,0,0,0,0,0,,9999,1,2,0,0,0,0,0,3,4,0,1,3,,N,,,,,,,,,,,
2009079314,2200.0,2,0,0,0,0,0,0,0,0,6,0,,67,6,2009,3,40.0538,-75.2341,2155.0,6,0,0,0,0,0,0,0,0,,0,0,0,21,3,0,2,,0,40 03:13.683,,0,75 14:02.619,0,0,0,0,67301,0,0,0,,0,0,0,1,67301,0,,1,1,,,,,0,,0,0,0,0,0,,2154,0,2,0,0,1,0,0,3,4,0,2,3,,N,,,,,,,,,,,
2009079041,1203.0,0,0,0,0,0,0,0,0,0,4,0,,67,7,2009,5,39.9881,-75.1179,1200.0,6,0,0,0,0,0,1,0,0,,0,0,0,12,1,2,1,,0,39 59:17.055,,0,75 07:04.551,4,0,0,0,67301,0,0,0,N,0,0,0,4,67301,2,,1,1,,N,N,,1,,0,0,1,3,3,,1200,2,2,0,0,0,0,0,3,4,0,2,3,,N,,,,,,,,,,,