CRN,ARRIVAL_TM,AUTOMOBILE_COUNT,BELTED_DEATH_COUNT,BELTED_SUSP_SERIOUS_INJ_COUNT,BICYCLE_COUNT,BICYCLE_DEATH_COUNT,BICYCLE_SUSP_SERIOUS_INJ_COUNT,BUS_COUNT,CHLDPAS_DEATH_COUNT,CHLDPAS_SUSP_SERIOUS_INJ_COUNT,COLLISION_TYPE,COMM_VEH_COUNT,CONS_ZONE_SPD_LIM,COUNTY,CRASH_MONTH,CRASH_YEAR,DAY_OF_WEEK,DEC_LAT,DEC_LONG,DISPATCH_TM,DISTRICT,DRIVER_COUNT_16YR,DRIVER_COUNT_17YR,DRIVER_COUNT_18YR,DRIVER_COUNT_19YR,DRIVER_COUNT_20YR,DRIVER_COUNT_50_64YR,DRIVER_COUNT_65_74YR,DRIVER_COUNT_75PLUS,EST_HRS_CLOSED,FATAL_COUNT,HEAVY_TRUCK_COUNT,HORSE_BUGGY_COUNT,HOUR_OF_DAY,ILLUMINATION,INJURY_COUNT,INTERSECT_TYPE,INTERSECTION_RELATED,LANE_CLOSED,LATITUDE,LN_CLOSE_DIR,LOCATION_TYPE,LONGITUDE,MAX_SEVERITY_LEVEL,MCYCLE_DEATH_COUNT,MCYCLE_SUSP_SERIOUS_INJ_COUNT,MOTORCYCLE_COUNT,MUNICIPALITY,NONMOTR_COUNT,NONMOTR_DEATH_COUNT,NONMOTR_SUSP_SERIOUS_INJ_COUNT,NTFY_HIWY_MAINT,PED_COUNT,PED_DEATH_COUNT,PED_SUSP_SERIOUS_INJ_COUNT,PERSON_COUNT,POLICE_AGCY,POSSIBLE_INJ_COUNT,RDWY_SURF_TYPE_CD,RELATION_TO_ROAD,ROAD_CONDITION,ROADWAY_CLEARED,SCH_BUS_IND,SCH_ZONE_IND,SECONDARY_CRASH,SMALL_TRUCK_COUNT,SPEC_JURIS_CD,SUSP_MINOR_INJ_COUNT,SUSP_SERIOUS_INJ_COUNT,SUV_COUNT,TCD_FUNC_CD,TCD_TYPE,TFC_DETOUR_IND,TIME_OF_DAY,TOT_INJ_COUNT,TOTAL_UNITS,UNB_DEATH_COUNT,UNB_SUSP_SERIOUS_INJ_COUNT,UNBELTED_OCC_COUNT,UNK_INJ_DEG_COUNT,UNK_INJ_PER_COUNT,URBAN_AREA,URBAN_RURAL,VAN_COUNT,VEHICLE_COUNT,WEATHER1,WEATHER2,WORK_ZONE_IND,WORK_ZONE_LOC,WORK_ZONE_TYPE,WORKERS_PRES,WZ_CLOSE_DETOUR,WZ_FLAGGER,WZ_LAW_OFFCR_IND,WZ_LN_CLOSURE,WZ_MOVING,WZ_OTHER,WZ_SHLDER_MDN,WZ_WORKERS_INJ_KILLED
2009072081,9999.0,2,0,0,0,0,0,0,0,0,4,0,,67,6,2009,1,39.9252,-75.1712,1337.0,6,0,0,0,0,0,2,0,0,,0,0,0,99,1,2,1,,0,39 55:30.633,,0,75 10:16.528,4,0,0,0,67301,0,0,0,N,0,0,0,2,67301,2,,1,1,,N,N,,0,,0,0,0,3,2,,9999,2,2,0,0,0,0,0,3,4,0,2,3,,N,,,,,,,,,,,
2009066908,1335.0,1,0,0,0,0,0,0,0,0,8,0,,67,6,2009,6,40.1323,-75.0094,1328.0,6,0,0,0,0,0,0,0,0,,0,0,0,13,1,1,0,,0,40 07:56.332,,0,75 00:33.522,3,0,0,0,67301,1,0,0,,1,0,0,2,67301,0,,1,9,,,,,0,,1,0,0,0,0,,1315,1,2,0,0,0,0,0,3,4,0,1,7,,N,,,,,,,,,,,
2009066911,900.0,0,0,0,0,0,0,0,0,0,1,0,,67,5,2009,6,40.0004,-75.1309,900.0,6,0,0,0,0,0,0,0,0,,0,0,0,7,1,2,1,,0,40 00:01.346,,0,75 07:51.319,4,0,0,0,67301,0,0,0,,0,0,0,5,67301,2,,1,9,,N,N,,0,,0,0,2,3,3,,730,2,2,0,0,0,0,0,3,4,0,2,3,,N,,,,,,,,,,,
2009082675,228.0,1,0,0,0,0,0,0,0,0,4,0,,67,7,2009,7,40.0294,-75.0561,219.0,6,0,0,1,1,0,0,0,0,2.0,0,0,0,2,3,1,1,,2,40 01:46.026,1.0,0,75 03:22.176,4,0,0,0,67301,0,0,0,N,0,0,0,2,67301,1,,1,1,,N,N,,0,,0,0,1,3,2,N,218,1,2,0,0,1,0,0,3,4,0,2,3,,N,,,,,,,,,,,
2009080236,908.0,5,0,0,0,0,0,0,0,0,5,0,,67,7,2009,6,39.9568,-75.1536,902.0,6,0,0,0,0,1,0,0,1,2.0,0,0,0,8,1,3,7,,2,39 57:24.870,3.0,2,75 09:19.213,4,0,0,0,67301,0,0,0,N,0,0,0,9,68K01,3,,1,1,,N,N,,0,,0,0,1,0,0,Y,858,3,7,0,0,2,0,0,3,4,1,7,3,,N,,,,,,,,,,,
2009077700,1702.0,1,0,0,0,0,0,0,0,0,1,0,,67,7,2009,1,39.9473,-75.142,1652.0,6,0,0,0,0,0,0,0,0,,0,0,0,16,1,0,0,,0,39 56:50.828,,0,75 08:30.921,0,0,0,0,67301,0,0,0,N,0,0,0,6,68K01,0,,1,1,,N,N,,0,,0,0,1,0,0,,1651,0,2,0,0,0,0,0,3,4,0,2,3,,N,,,,,,,,,,,
2009080246,1611.0,3,0,0,0,0,0,0,0,0,1,0,,67,8,2009,4,39.9575,-75.1601,1558.0,6,0,0,0,0,0,2,0,0,1.0,0,0,0,15,1,1,0,,1,39 57:27.000,3.0,0,75 09:36.360,8,0,0,0,67301,0,0,0,N,0,0,0,3,68K01,0,,1,1,,N,N,,0,,0,0,0,0,0,N,1555,1,3,0,0,0,1,0,3,4,0,3,3,,N,,,,,,,,,,,
2009116041,1025.0,1,0,0,0,0,0,0,0,0,3,0,,67,9,2009,6,39.9587,-75.1621,1019.0,6,0,0,0,0,0,0,0,0,,0,0,0,10,1,2,1,,0,39 57:31.363,,0,75 09:43.712,8,0,0,0,67301,0,0,0,,0,0,0,3,67301,0,,1,1,,N,N,,0,,0,0,0,0,0,,1012,2,2,0,0,0,2,0,3,4,1,2,3,,N,,,,,,,,,,,
2009118957,240.0,2,0,0,0,0,0,0,0,0,1,0,,67,10,2009,1,39.904,-75.2401,229.0,6,0,0,0,0,0,0,0,0,2.0,0,0,0,2,3,2,1,,1,39 54:14.619,2.0,0,75 14:25.049,8,0,0,0,67301,0,0,0,,0,0,0,5,67301,0,,1,1,,N,N,,0,,0,0,0,3,2,N,227,2,3,0,0,0,2,2,3,4,0,3,3,,N,,,,,,,,,,,
2009111299,1404.0,0,0,0,0,0,0,0,0,0,4,0,,67,11,2009,5,40.0619,-75.1367,1402.0,6,0,0,0,0,0,0,0,0,1.0,0,0,0,14,1,1,1,,1,40 03:42.744,2.0,2,75 08:12.511,4,0,0,0,67301,0,0,0,N,0,0,0,2,46102,1,,1,1,,N,N,,0,,0,0,1,3,2,N,1401,1,2,0,0,0,0,0,3,4,1,2,3,,N,,,,,,,,,,,
2009120751,1735.0,2,0,0,0,0,0,0,0,0,1,0,,67,10,2009,6,40.0417,-75.1588,1728.0,6,0,0,0,0,0,0,0,0,,0,0,0,17,1,1,0,,0,40 02:30.239,,0,75 09:31.507,8,0,0,0,67301,0,0,0,N,0,0,0,4,67301,0,,1,9,,N,N,,0,,0,0,0,3,2,,1725,1,3,0,0,0,1,0,3,4,1,3,7,,N,,,,,,,,,,,
2009049853,1315.0,0,0,0,0,0,0,0,0,0,1,0,,67,4,2009,3,39.9516,-75.1639,1309.0,6,0,0,0,0,0,0,0,0,,0,0,0,13,1,1,5,,0,39 57:05.760,,0,75 09:49.320,8,0,0,0,67301,0,0,0,,0,0,0,3,67301,0,,1,9,,,,,0,,0,0,0,3,2,,1305,1,2,0,0,0,1,0,3,4,2,2,7,,N,,,,,,,,,,,
2009063762,1925.0,1,0,0,1,0,0,0,0,0,4,0,,67,5,2009,5,39.954,-75.1767,1912.0,6,0,0,0,0,0,0,1,0,9.0,0,0,0,19,1,1,1,,1,39 57:14.439,1.0,0,75 10:36.055,3,0,0,0,67301,1,0,0,N,0,0,0,2,67301,0,,1,1,,N,N,,0,,1,0,0,3,1,N,1910,1,2,0,0,0,0,0,3,4,0,1,3,,N,,,,,,,,,,,
2009063800,2310.0,2,0,0,0,0,0,0,0,0,2,0,,67,5,2009,3,40.0531,-75.0401,2301.0,6,0,0,0,0,0,1,0,0,1.0,0,0,0,23,3,2,0,,2,40 03:11.051,6.0,0,75 02:24.327,3,0,0,0,67301,0,0,0,,0,0,0,2,67301,1,,1,9,,,,,0,,1,0,0,0,0,Y,2300,2,2,0,0,1,0,0,3,4,0,2,7,,N,,,,,,,,,,,
2009063811,1224.0,1,0,0,0,0,0,0,0,0,8,0,,67,5,2009,5,39.955,-75.21,1224.0,6,0,0,0,0,0,0,0,0,,0,0,0,12,1,2,1,,0,39 57:18.159,,0,75 12:35.977,4,0,0,0,67301,2,0,0,N,2,0,0,3,67301,2,,1,1,,N,N,,0,,0,0,0,9,2,,1220,2,3,0,0,0,0,0,3,4,0,1,3,,N,,,,,,,,,,,
2009063891,2358.0,1,0,0,0,0,0,0,0,0,6,0,,67,5,2009,6,39.9801,-75.227,2349.0,6,0,0,0,0,0,0,0,0,1.0,0,0,0,23,3,0,0,,1,39 58:48.291,3.0,0,75 13:37.365,0,0,0,0,67301,0,0,0,N,0,0,0,2,67301,0,,6,1,,N,N,,0,,0,0,0,3,3,N,2325,0,2,0,0,0,0,0,3,4,1,2,3,,N,,,,,,,,,,,
2009063921,1309.0,2,0,0,0,0,0,0,0,0,1,0,,67,5,2009,4,40.0821,-74.9937,1244.0,6,0,0,0,0,0,0,0,0,1.0,0,0,0,12,1,1,0,,1,40 04:55.393,2.0,0,74 59:37.449,4,0,0,0,67301,0,0,0,N,0,0,0,1,67301,1,,2,1,,,,,0,,0,0,0,0,0,Y,1235,1,2,0,0,0,0,0,3,4,0,2,3,,N,,,,,,,,,,,
2009056340,1130.0,0,0,0,0,0,0,0,0,0,8,1,,67,4,2009,2,39.9541,-75.2025,1127.0,6,0,0,0,0,0,0,0,0,,0,1,0,11,1,1,1,,0,39 57:14.818,,0,75 12:08.994,8,0,0,0,67301,1,0,0,N,1,0,0,2,67301,0,,1,9,,N,N,,0,,0,0,0,3,2,,1126,1,2,0,0,0,1,0,3,4,0,1,7,,N,,,,,,,,,,,
2009058879,1600.0,2,0,0,0,0,0,0,0,0,6,0,,67,4,2009,7,40.0603,-75.1377,1552.0,6,0,0,0,0,0,0,0,0,,0,0,0,15,1,0,0,,0,40 03:37.124,,0,75 08:15.539,0,0,0,0,67301,0,0,0,N,0,0,0,1,67301,0,,6,1,,N,N,,1,,0,0,0,0,0,,1550,0,3,0,0,0,0,0,3,4,0,3,3,,N,,,,,,,,,,,
2009056457,1025.0,2,0,0,0,0,0,0,0,0,4,0,,67,5,2009,4,40.0296,-75.0868,1020.0,6,0,0,0,0,0,2,1,0,,0,0,0,10,1,3,1,,0,40 01:46.571,,0,75 05:12.580,4,0,0,0,67301,0,0,0,,0,0,0,4,67301,3,,1,1,,,,,0,,0,0,0,3,2,,1015,3,3,0,0,0,0,0,3,4,1,3,3,,N,,,,,,,,,,,
2009059123,2153.0,1,0,0,0,0,0,0,0,0,7,0,,67,5,2009,1,39.9572,-75.1436,2153.0,6,0,0,0,1,0,0,0,0,1.0,0,0,0,21,2,2,0,,2,39 57:26.099,4.0,2,75 08:37.855,3,0,0,0,67301,0,0,0,N,0,0,0,2,68K01,1,,2,1,,N,N,,0,,1,0,0,0,0,N,2148,2,1,0,0,0,0,0,3,4,0,1,3,,N,,,,,,,,,,,
2009083370,128.0,1,0,0,0,0,0,0,0,0,7,0,,67,7,2009,1,39.9358,-75.2199,9999.0,6,0,0,0,0,0,0,0,0,,0,0,0,1,3,3,1,,0,39 56:08.944,,0,75 13:11.506,4,0,0,0,67301,2,0,0,N,2,0,0,3,67301,3,,2,1,,N,N,,0,,0,0,0,3,3,,128,3,3,0,0,0,0,0,3,4,0,1,3,,N,,,,,,,,,,,
2009085980,1327.0,3,0,0,0,0,0,0,0,0,1,0,,67,7,2009,3,40.0093,-75.1128,1327.0,6,0,0,0,0,0,0,0,0,,0,0,0,13,1,1,0,,0,40 00:33.386,,0,75 06:45.907,4,0,0,0,67301,0,0,0,N,0,0,0,1,67301,1,,6,1,,N,N,,0,,0,0,0,0,0,,1326,1,3,0,0,0,0,0,3,4,0,3,3,,N,,,,,,,,,,,
2009065842,20.0,1,0,3,0,0,0,0,0,0,4,0,,67,5,2009,1,39.9391,-75.1851,10.0,6,0,0,0,0,0,0,1,0,,0,0,0,23,3,3,1,,0,39 56:20.835,,0,75 11:06.525,2,0,0,0,67301,0,0,0,N,0,0,0,4,67301,0,,1,9,,N,N,,0,,0,3,1,3,3,,2330,3,2,0,0,0,0,0,3,4,0,2,7,,N,,,,,,,,,,,
2009086067,620.0,1,0,0,0,0,0,0,0,0,7,0,,67,7,2009,6,39.9129,-75.1924,617.0,6,0,0,0,0,0,0,0,0,,0,0,0,6,1,0,0,,0,39 54:46.236,,0,75 11:32.514,0,0,0,0,67301,0,0,0,N,0,0,0,1,67301,0,,3,9,,N,N,,0,,0,0,0,0,0,,615,0,1,0,0,0,0,0,3,4,0,1,3,,N,,,,,,,,,,,
2009078788,2140.0,1,0,0,0,0,0,0,0,0,4,0,,67,2,2009,2,40.0257,-75.0316,2130.0,6,0,0,0,0,0,1,0,0,,0,0,0,21,3,3,1,,0,40 01:32.421,,0,75 01:53.914,4,0,0,0,67301,0,0,0,,0,0,0,6,67301,3,,1,1,,,,,1,,0,0,0,3,2,,2129,3,2,0,0,0,0,0,3,4,0,2,3,,N,,,,,,,,,,,
2009076336,1736.0,4,0,0,0,0,0,0,0,0,1,0,,67,7,2009,2,39.9787,-75.1096,1728.0,6,0,0,0,0,0,2,0,0,1.0,0,0,0,17,1,1,0,,2,39 58:43.703,1.0,0,75 06:34.518,4,0,0,0,67301,0,0,0,N,0,0,0,4,68K01,1,,1,1,,N,N,,0,,0,0,0,0,0,N,1724,1,4,0,0,0,0,0,3,4,0,4,3,,N,,,,,,,,,,,
2009079131,1600.0,1,0,0,0,0,0,0,0,0,4,0,,67,7,2009,2,40.0268,-75.0669,1559.0,6,0,0,0,0,1,1,0,0,1.0,0,0,0,15,1,2,0,,2,40 01:36.308,5.0,0,75 04:01.000,3,0,0,0,67301,0,0,0,N,0,0,0,4,67301,1,,1,1,,N,N,,0,,1,0,1,0,0,Y,1559,2,2,0,0,0,0,2,3,4,0,2,3,,N,,,,,,,,,,,
2009071439,917.0,1,0,0,0,0,0,0,0,0,1,0,,67,6,2009,5,40.0746,-75.0176,915.0,6,0,0,0,0,0,0,0,0,,0,0,0,9,1,2,0,,0,40 04:28.670,,7,75 01:03.431,4,0,0,0,67301,0,0,0,N,0,0,0,3,67301,2,,1,9,,N,N,,1,,0,0,0,3,2,,905,2,2,0,0,0,0,0,3,4,0,2,7,,N,,,,,,,,,,,
2009079277,1824.0,0,0,0,1,0,0,0,0,0,4,0,,67,7,2009,5,40.0496,-75.1228,1817.0,6,0,0,0,0,0,1,0,0,,0,0,0,16,1,1,1,,0,40 02:58.714,,0,75 07:22.097,4,0,0,0,67301,1,0,0,N,0,0,0,2,67301,1,,1,1,,N,N,,0,,0,0,1,3,2,,1650,1,2,0,0,0,0,0,3,4,0,1,3,,N,,,,,,,,,,,
2009074479,1633.0,1,0,0,0,0,0,0,0,0,4,0,,67,6,2009,1,39.9149,-75.1566,1627.0,6,0,0,0,0,0,0,0,0,,0,0,0,16,1,1,1,,0,39 54:53.602,,0,75 09:23.840,4,0,0,1,67301,0,0,0,N,0,0,0,2,67301,1,,2,1,,N,N,,0,,0,0,0,0,0,,1625,1,2,0,0,0,0,0,3,4,0,2,3,,N,,,,,,,,,,,
2009071700,1853.0,2,0,0,0,0,0,0,0,0,1,0,,67,7,2009,5,39.958,-75.1638,1827.0,6,0,0,0,0,0,0,0,0,1.0,0,0,0,18,1,1,0,,2,39 57:28.800,3.0,0,75 09:49.680,4,0,0,0,67301,0,0,0,N,0,0,0,2,68K01,1,,1,1,,N,N,,0,,0,0,0,0,0,N,1811,1,2,0,0,0,0,0,3,4,0,2,3,,N,,,,,,,,,,,
2009074422,1835.0,2,0,0,0,0,0,0,0,0,4,0,,67,6,2009,2,39.9962,-75.1139,1835.0,6,0,0,0,0,0,0,0,0,,0,0,0,18,1,2,0,,0,39 59:46.233,,0,75 06:50.192,4,0,0,0,67301,0,0,0,N,0,0,0,7,67301,2,,1,1,,N,N,,0,,0,0,0,0,0,,1810,2,2,0,0,0,0,0,3,4,0,2,3,,N,,,,,,,,,,,
2009072087,1915.0,0,0,0,0,0,0,0,0,0,6,0,,67,6,2009,1,39.9261,-75.1828,1915.0,6,0,1,0,0,0,0,0,0,,0,0,0,19,1,1,1,,0,39 55:33.757,,0,75 10:57.484,3,0,0,0,67301,0,0,0,N,0,0,0,2,67301,0,,1,1,,,,,0,,1,0,1,3,2,,1915,1,2,0,0,0,0,0,3,4,0,2,3,,N,,,,,,,,,,,
2009072089,1221.0,1,0,0,0,0,0,0,0,0,4,0,,67,6,2009,1,39.9585,-75.1659,1220.0,6,0,1,0,0,0,0,0,0,,0,0,0,12,1,2,1,,0,39 57:30.646,,0,75 09:56.167,3,0,0,0,67301,0,0,0,N,0,0,0,4,67301,0,,1,1,,N,N,,1,,2,0,0,3,2,,1215,2,2,0,0,0,0,0,3,4,0,2,3,,N,,,,,,,,,,,
2009066892,2108.0,1,0,0,0,0,0,0,0,0,4,0,,67,6,2009,5,39.9817,-75.1573,1957.0,6,0,0,0,0,0,1,0,0,,0,1,0,99,3,0,0,,0,39 58:54.219,,0,75 09:26.140,0,0,0,0,67301,0,0,0,,0,0,0,1,67301,0,,6,9,,,,,0,,0,0,0,0,0,,9999,0,2,0,0,0,0,0,3,4,0,2,7,,N,,,,,,,,,,,
2009067607,1722.0,1,0,0,0,0,0,0,0,0,8,0,,67,6,2009,3,39.9485,-75.1694,1720.0,6,0,0,0,0,0,0,0,0,,0,0,0,16,1,1,0,,0,39 56:54.752,,0,75 10:09.884,4,0,0,0,67301,1,0,0,N,1,0,0,2,67301,1,,1,98,,N,N,,0,,0,0,0,0,0,,1648,1,2,0,0,0,0,1,3,4,0,1,98,,N,,,,,,,,,,,
2009065254,1850.0,0,0,0,0,0,0,0,0,0,1,0,,67,4,2009,5,,,1840.0,6,0,0,0,0,0,0,0,0,,0,0,0,18,1,2,0,,0,,,0,,3,0,0,0,67301,0,0,0,N,0,0,0,3,67301,1,,1,1,,N,N,,0,,1,0,1,0,0,,1800,2,3,0,0,0,0,0,3,3,2,3,3,,N,,,,,,,,,,,
2009065266,910.0,1,0,0,1,0,0,0,0,0,4,0,,67,5,2009,7,39.9535,-75.1853,906.0,6,0,0,0,0,0,1,0,0,,0,0,0,9,1,1,2,,0,39 57:12.689,,0,75 11:07.020,4,0,0,0,67301,1,0,0,N,0,0,0,2,67301,1,,1,1,,N,N,,0,,0,0,0,3,2,,906,1,2,0,0,0,0,0,3,4,0,1,3,,N,,,,,,,,,,,
2009053686,432.0,1,0,0,0,0,0,0,0,0,7,0,,67,4,2009,1,39.9003,-75.1573,422.0,6,0,0,0,0,0,0,0,0,1.0,0,0,0,4,3,1,0,,2,39 54:05.148,1.0,0,75 09:07.716,4,0,0,0,67301,0,0,0,N,0,0,0,1,68K01,1,,4,1,,N,N,,0,,0,0,0,0,0,N,420,1,1,0,0,0,0,0,3,4,0,1,3,,N,,,,,,,,,,,
2009092939,242.0,0,0,0,0,0,0,0,0,0,7,0,,67,8,2009,2,40.0162,-75.0747,239.0,6,0,0,0,0,0,1,0,0,,0,0,0,2,3,0,0,,0,40 00:58.217,,0,75 04:28.764,0,0,0,0,67301,0,0,0,N,0,0,0,1,67301,0,,2,1,,N,N,,0,,0,0,1,0,0,,235,0,1,0,0,0,0,0,3,4,0,1,3,,N,,,,,,,,,,,
2009092968,759.0,1,0,0,0,0,0,0,0,0,7,0,,67,8,2009,6,39.9797,-75.2186,750.0,6,0,0,0,0,0,0,0,0,3.0,0,0,0,7,1,1,0,,2,39 58:46.850,6.0,0,75 13:06.849,2,0,0,0,67301,0,0,0,N,0,0,0,1,67301,0,,5,1,,N,N,,0,,0,1,0,0,0,Y,745,1,2,0,0,0,0,0,3,4,0,1,3,,N,,,,,,,,,,,
2009092986,9999.0,0,0,0,0,0,0,0,0,0,4,0,,67,8,2009,5,39.9912,-75.1815,1919.0,6,0,0,0,0,0,0,0,0,3.0,1,1,0,19,1,2,1,,2,39 59:28.232,7.0,0,75 10:53.504,1,1,0,1,67301,0,0,0,,0,0,0,3,67301,0,2.0,1,1,,,,,0,0.0,0,0,0,3,2,Y,1919,2,2,0,0,0,2,0,3,4,0,2,3,,N,,,,,,,,,,,
2009069706,1716.0,1,0,0,0,0,0,0,0,0,4,0,,67,6,2009,4,40.0,-75.1531,1710.0,6,0,0,0,0,0,2,0,0,9.0,0,0,0,16,1,2,1,,1,39 59:59.964,1.0,0,75 09:11.322,4,0,0,0,67301,0,0,0,,0,0,0,4,67301,2,,1,1,,,,,2,,0,0,0,2,2,N,1655,2,3,0,0,0,0,0,3,4,0,3,3,,N,,,,,,,,,,,
2009066932,625.0,1,0,0,0,0,0,0,0,0,4,0,,67,6,2009,4,40.0429,-75.102,620.0,6,0,0,0,0,0,0,0,0,,0,0,0,6,1,1,1,,0,40 02:34.544,,0,75 06:07.059,8,0,0,0,67301,0,0,0,N,0,0,0,2,67301,0,,1,1,,N,N,,0,,0,0,0,3,3,,610,1,2,0,0,0,1,0,3,4,1,2,3,,N,,,,,,,,,,,
2009067288,1734.0,1,0,0,0,0,0,0,0,0,4,0,,67,5,2009,1,39.9461,-75.1985,1729.0,6,0,0,0,0,0,0,0,0,,0,0,0,17,1,0,1,,0,39 56:45.926,,0,75 11:54.625,0,0,0,0,67301,0,0,0,N,0,0,0,9,67301,0,,1,1,,N,N,,0,,0,0,1,3,2,,1700,0,2,0,0,0,0,0,3,4,0,2,3,,N,,,,,,,,,,,
2009067007,1420.0,1,0,0,0,0,0,0,0,0,8,0,,67,5,2009,3,40.0702,-75.1572,1401.0,6,0,0,0,0,0,0,0,1,,0,0,0,12,1,1,0,,9,40 04:12.558,,0,75 09:26.060,8,0,0,0,67301,1,0,0,N,1,0,0,2,67301,0,,1,1,,N,N,,0,,0,0,0,0,0,,1256,1,2,0,0,0,1,0,3,4,0,1,99,,N,,,,,,,,,,,
2009067565,805.0,1,0,0,0,0,0,0,0,0,8,0,,67,6,2009,7,40.0152,-75.1498,800.0,6,0,0,0,0,0,0,0,0,,0,0,0,0,6,1,1,,0,40 00:54.831,,0,75 08:59.392,4,0,0,0,67301,1,0,0,N,1,0,0,2,67301,1,,1,9,,N,N,,0,,0,0,0,9,9,,30,1,2,0,0,0,0,0,3,4,0,1,99,,N,,,,,,,,,,,
2009067609,225.0,2,0,0,0,0,0,0,0,0,4,0,,67,5,2009,7,39.9579,-75.1641,216.0,6,0,0,0,0,0,0,0,0,,0,0,0,2,3,1,5,,0,39 57:28.586,,2,75 09:50.892,3,0,0,0,67301,0,0,0,,0,0,0,2,67301,0,,1,1,,,,,0,,1,0,0,3,2,,215,1,2,0,0,0,0,1,3,4,0,2,3,,N,,,,,,,,,,,
2009067636,1932.0,2,0,0,0,0,0,0,0,0,4,0,,67,6,2009,5,40.0741,-75.178,1922.0,6,0,0,0,1,0,0,0,0,,0,0,0,18,1,1,2,,0,40 04:26.685,,0,75 10:40.900,4,0,0,0,67301,0,0,0,,0,0,0,2,67301,1,,1,9,,N,N,,0,,0,0,0,3,3,,1843,1,2,0,0,0,0,1,3,4,0,2,7,,N,,,,,,,,,,,
2009083817,2101.0,2,0,0,0,0,0,0,0,0,1,0,,67,7,2009,6,39.9065,-75.2352,2054.0,6,0,0,0,0,0,0,0,0,,0,0,0,19,1,2,2,,0,39 54:23.410,,7,75 14:06.655,8,0,0,0,67301,0,0,0,N,0,0,0,3,67301,0,,1,9,,N,N,,0,,0,0,0,9,2,,1946,2,2,0,0,0,2,1,3,4,0,2,7,,N,,,,,,,,,,,
2009120517,1245.0,0,0,0,0,0,0,0,0,0,4,0,,67,10,2009,6,39.9806,-75.2465,1245.0,6,0,0,0,0,0,0,1,0,,0,0,0,12,1,1,1,,0,39 58:50.256,,0,75 14:47.666,4,0,0,0,67301,0,0,0,N,0,0,0,2,67301,1,,1,9,,N,N,,0,,0,0,1,3,2,,1244,1,2,0,0,0,0,0,3,4,0,2,3,,N,,,,,,,,,,,
2009120570,202.0,1,0,0,0,0,0,0,0,0,4,0,,67,10,2009,7,40.0205,-75.0537,155.0,6,0,0,0,0,0,0,0,0,,0,0,0,0,3,1,1,,0,40 01:13.862,,0,75 03:13.412,3,0,0,0,67301,0,0,0,,0,0,0,4,67301,0,,1,9,,,,,0,,1,0,1,0,0,,42,1,2,0,0,0,0,1,3,4,0,2,7,,N,,,,,,,,,,,
2009120574,1609.0,0,0,0,0,0,0,0,0,0,8,0,,67,10,2009,4,39.9571,-75.2019,1556.0,6,0,0,0,0,0,0,0,0,,0,0,0,15,1,1,1,,0,39 57:25.599,,0,75 12:06.942,4,0,0,0,67301,1,0,0,N,1,0,0,2,67301,1,,1,1,,N,N,,0,,0,0,1,3,2,,1556,1,2,0,0,1,0,0,3,4,0,1,3,,N,,,,,,,,,,,
2009120617,1236.0,1,0,0,0,0,0,0,0,0,8,0,,67,10,2009,6,39.9503,-75.1473,1227.0,6,0,0,0,0,0,0,0,0,3.0,0,0,0,12,1,1,1,,2,39 57:01.379,6.0,0,75 08:50.098,8,0,0,0,67301,1,0,0,N,1,0,0,3,67301,0,,1,9,,N,N,,0,,0,0,0,3,2,Y,1225,1,2,0,0,0,1,0,3,4,0,1,7,,N,,,,,,,,,,,
2009120627,1435.0,2,0,0,0,0,0,0,0,0,2,0,,67,11,2009,5,40.085,-75.0364,1430.0,6,0,0,0,0,0,0,0,0,,0,0,0,14,1,3,0,,0,40 05:06.084,,7,75 02:11.117,3,0,0,0,67301,0,0,0,N,0,0,0,6,67301,0,,1,1,,N,N,,0,,1,0,0,0,0,,1425,3,2,0,0,0,2,0,3,4,0,2,3,,N,,,,,,,,,,,
2009120656,2051.0,1,0,0,0,0,0,1,0,0,1,1,,67,10,2009,4,40.0507,-75.1486,2048.0,6,0,0,0,0,0,1,0,0,,0,0,0,20,3,1,1,,0,40 03:02.656,,0,75 08:55.144,8,0,0,0,67301,0,0,0,N,0,0,0,2,67301,0,,1,1,,N,N,,0,,0,0,0,3,2,,2040,1,2,0,0,0,1,0,3,4,0,2,3,,N,,,,,,,,,,,
2009113539,1021.0,2,0,0,0,0,0,0,0,0,5,0,,67,10,2009,5,39.9848,-75.0952,1007.0,6,0,0,0,0,0,1,0,0,,0,0,0,10,1,2,0,,0,39 59:05.280,,0,75 05:43.080,4,0,0,0,67301,0,0,0,N,0,0,0,5,68K01,2,,1,1,,N,N,,0,,0,0,1,0,0,,1006,2,3,0,0,0,0,0,3,4,0,3,3,,N,,,,,,,,,,,
2009111215,1600.0,0,0,0,0,0,0,0,0,0,8,0,,67,10,2009,7,39.973,-75.2015,1357.0,6,0,0,0,1,0,0,0,0,,0,0,0,13,1,1,1,,0,39 58:22.814,,0,75 12:05.313,8,0,0,0,67301,1,0,0,,1,0,0,2,67301,0,,1,1,,N,N,,0,,0,0,1,0,0,,1350,1,2,0,0,0,1,0,3,4,0,1,3,,N,,,,,,,,,,,
2009120764,1228.0,1,0,0,0,0,0,0,0,0,7,0,,67,10,2009,4,40.0213,-75.045,1221.0,6,0,0,0,0,0,0,0,0,,0,0,0,12,1,0,0,,0,40 01:16.662,,0,75 02:41.866,0,0,0,0,67301,0,0,0,N,0,0,0,1,67301,0,,5,1,,N,Y,,0,,0,0,0,0,0,,1215,0,1,0,0,0,0,0,3,4,0,1,3,,N,,,,,,,,,,,