CRN,ARRIVAL_TM,AUTOMOBILE_COUNT,BELTED_DEATH_COUNT,BELTED_SUSP_SERIOUS_INJ_COUNT,BICYCLE_COUNT,BICYCLE_DEATH_COUNT,BICYCLE_SUSP_SERIOUS_INJ_COUNT,BUS_COUNT,CHLDPAS_DEATH_COUNT,CHLDPAS_SUSP_SERIOUS_INJ_COUNT,COLLISION_TYPE,COMM_VEH_COUNT,CONS_ZONE_SPD_LIM,COUNTY,CRASH_MONTH,CRASH_YEAR,DAY_OF_WEEK,DEC_LAT,DEC_LONG,DISPATCH_TM,DISTRICT,DRIVER_COUNT_16YR,DRIVER_COUNT_17YR,DRIVER_COUNT_18YR,DRIVER_COUNT_19YR,DRIVER_COUNT_20YR,DRIVER_COUNT_50_64YR,DRIVER_COUNT_65_74YR,DRIVER_COUNT_75PLUS,EST_HRS_CLOSED,FATAL_COUNT,HEAVY_TRUCK_COUNT,HORSE_BUGGY_COUNT,HOUR_OF_DAY,ILLUMINATION,INJURY_COUNT,INTERSECT_TYPE,INTERSECTION_RELATED,LANE_CLOSED,LATITUDE,LN_CLOSE_DIR,LOCATION_TYPE,LONGITUDE,MAX_SEVERITY_LEVEL,MCYCLE_DEATH_COUNT,MCYCLE_SUSP_SERIOUS_INJ_COUNT,MOTORCYCLE_COUNT,MUNICIPALITY,NONMOTR_COUNT,NONMOTR_DEATH_COUNT,NONMOTR_SUSP_SERIOUS_INJ_COUNT,NTFY_HIWY_MAINT,PED_COUNT,PED_DEATH_COUNT,PED_SUSP_SERIOUS_INJ_COUNT,PERSON_COUNT,POLICE_AGCY,POSSIBLE_INJ_COUNT,RDWY_SURF_TYPE_CD,RELATION_TO_ROAD,ROAD_CONDITION,ROADWAY_CLEARED,SCH_BUS_IND,SCH_ZONE_IND,SECONDARY_CRASH,SMALL_TRUCK_COUNT,SPEC_JURIS_CD,SUSP_MINOR_INJ_COUNT,SUSP_SERIOUS_INJ_COUNT,SUV_COUNT,TCD_FUNC_CD,TCD_TYPE,TFC_DETOUR_IND,TIME_OF_DAY,TOT_INJ_COUNT,TOTAL_UNITS,UNB_DEATH_COUNT,UNB_SUSP_SERIOUS_INJ_COUNT,UNBELTED_OCC_COUNT,UNK_INJ_DEG_COUNT,UNK_INJ_PER_COUNT,URBAN_AREA,URBAN_RURAL,VAN_COUNT,VEHICLE_COUNT,WEATHER1,WEATHER2,WORK_ZONE_IND,WORK_ZONE_LOC,WORK_ZONE_TYPE,WORKERS_PRES,WZ_CLOSE_DETOUR,WZ_FLAGGER,WZ_LAW_OFFCR_IND,WZ_LN_CLOSURE,WZ_MOVING,WZ_OTHER,WZ_SHLDER_MDN,WZ_WORKERS_INJ_KILLED
2009071394,2141.0,2,0,0,0,0,0,0,0,0,6,0,,67,5,2009,1,39.9721,-75.1642,2140.0,6,0,0,0,0,0,0,0,0,1.0,0,0,0,21,3,1,1,,1,39 58:19.481,7.0,0,75 09:51.217,8,0,0,0,67301,0,0,0,,0,0,0,3,67301,0,,1,9,,,,,0,,0,0,0,3,2,Y,2140,1,2,0,0,0,1,0,3,4,0,2,7,,N,,,,,,,,,,,
2009063792,917.0,0,0,0,0,0,0,0,0,0,2,1,,67,4,2009,5,40.0219,-75.2092,913.0,6,0,0,0,0,0,1,0,0,,0,1,0,9,1,1,5,,0,40 01:19.101,,0,75 12:32.893,4,0,0,0,67301,0,0,0,,0,0,0,2,67301,1,,1,1,,N,,,0,,0,0,1,3,3,,900,1,2,0,0,0,0,0,3,4,0,2,3,,N,,,,,,,,,,,
2009063805,1103.0,1,0,0,0,0,0,0,0,0,4,0,,67,5,2009,2,40.0189,-75.0495,1102.0,6,0,0,0,0,0,0,0,0,2.0,0,0,0,10,1,1,1,,1,40 01:08.120,4.0,0,75 02:58.216,3,0,0,0,67301,0,0,0,N,0,0,0,2,67301,0,,1,1,,N,N,,0,,1,0,0,3,3,N,1058,1,2,0,0,0,0,1,3,4,1,2,3,,N,,,,,,,,,,,
2009066533,623.0,2,0,1,0,0,0,0,0,0,9,0,,67,5,2009,6,39.9869,-75.2075,621.0,6,0,0,0,0,0,1,0,0,1.0,0,0,0,6,1,1,2,,1,39 59:13.012,3.0,2,75 12:26.801,2,0,0,0,67301,0,0,0,N,0,0,0,4,67301,0,,1,9,,N,N,,0,,0,1,0,0,0,N,621,1,2,0,0,0,0,0,3,4,0,2,98,,N,,,,,,,,,,,
2009063935,1542.0,1,0,0,0,0,0,0,0,0,8,0,,67,5,2009,2,39.9254,-75.1818,1536.0,6,0,0,0,0,0,0,0,0,,0,0,0,15,1,1,0,,0,39 55:31.458,,0,75 10:54.631,4,0,0,0,67301,1,0,0,N,1,0,0,2,67301,1,,1,1,,N,N,,0,,0,0,0,0,0,,1535,1,2,0,0,0,0,1,3,4,0,1,3,,N,,,,,,,,,,,
2009056353,245.0,6,0,0,0,0,0,0,0,0,5,0,,67,4,2009,1,39.9574,-75.2293,240.0,6,0,0,0,0,0,0,0,0,,0,0,0,2,3,0,1,,0,39 57:26.750,,0,75 13:45.402,0,0,0,0,67301,0,0,0,N,0,0,0,1,67301,0,,1,1,,N,N,,0,,0,0,1,3,2,,231,0,7,0,0,0,0,0,3,4,0,7,3,,N,,,,,,,,,,,
2009056364,1650.0,2,0,0,0,0,0,0,0,0,4,0,,67,4,2009,7,40.0085,-75.2107,1640.0,6,0,0,0,0,0,0,0,1,,0,0,0,16,1,2,1,,0,40 00:30.257,,0,75 12:39.541,3,0,0,0,67301,0,0,0,N,0,0,0,4,67301,0,,1,1,,N,N,,0,,2,0,0,3,2,,1630,2,2,0,0,0,0,0,3,4,0,2,3,,N,,,,,,,,,,,
2009056486,1508.0,0,0,0,0,0,0,0,0,0,8,0,,67,5,2009,2,39.9908,-75.1309,1500.0,6,0,0,0,0,0,0,0,0,,0,0,0,14,1,1,1,,0,39 59:27.376,,0,75 07:51.301,8,0,0,0,67301,1,0,0,,1,0,0,2,67301,0,,1,9,,,,,0,,0,0,1,0,0,,1457,1,2,0,0,0,1,0,3,4,0,1,7,,N,,,,,,,,,,,
2009056659,1724.0,1,0,0,0,0,0,0,0,0,7,0,,67,4,2009,2,39.9266,-75.1947,1723.0,6,0,0,0,0,0,0,0,0,1.0,0,0,0,17,1,2,3,,2,39 55:40.052,4.0,0,75 11:44.667,4,0,0,0,67301,0,0,0,N,0,0,0,2,68K01,1,,7,1,,N,N,,0,,0,0,0,0,0,N,1721,2,1,0,0,0,1,0,3,4,0,1,3,,N,,,,,,,,,,,
2009087752,1042.0,2,0,0,0,0,0,0,0,0,1,0,,67,7,2009,6,40.062,-75.1838,1040.0,6,0,0,0,0,0,0,0,0,,0,0,0,10,1,0,0,,0,40 03:43.225,,0,75 11:01.676,0,0,0,0,67301,0,0,0,N,0,0,0,1,67301,0,,1,98,,N,N,,0,,0,0,0,0,0,,1040,0,2,0,0,1,0,0,3,4,0,2,99,,N,,,,,,,,,,,
2009083336,725.0,2,0,0,0,0,0,0,0,0,4,0,,67,7,2009,1,39.9888,-75.187,721.0,6,0,0,0,0,0,0,0,0,1.0,0,0,0,7,1,0,0,,1,39 59:19.550,3.0,0,75 11:13.329,9,0,0,0,67301,0,0,0,,0,0,0,3,67301,0,,1,1,,N,N,,0,,0,0,0,0,0,N,721,0,2,0,0,0,0,1,3,4,0,2,3,,N,,,,,,,,,,,
2009080619,822.0,1,0,0,0,0,0,0,0,0,7,0,,67,8,2009,1,39.8999,-75.1618,822.0,6,0,0,0,0,0,0,0,0,1.0,0,0,0,8,1,1,0,,1,39 54:00.360,2.0,0,75 09:35.280,4,0,0,0,67301,0,0,0,N,0,0,0,1,68K01,1,,2,8,,N,N,,0,,0,0,0,0,0,N,819,1,1,0,0,0,0,0,3,4,0,1,7,,N,,,,,,,,,,,
2009065836,325.0,1,0,0,0,0,0,0,0,0,2,0,,67,5,2009,5,39.9803,-75.2465,319.0,6,0,0,0,0,0,0,0,0,,0,0,0,3,3,1,0,,0,39 58:49.116,,0,75 14:47.403,4,0,0,0,67301,0,0,0,N,0,0,0,2,67301,1,,6,1,,N,N,,1,,0,0,0,3,2,,313,1,2,0,0,1,0,0,3,4,0,2,3,,N,,,,,,,,,,,
2009065590,0.0,1,0,0,0,0,0,0,0,0,1,0,,67,4,2009,5,39.9567,-75.1437,0.0,6,0,0,0,0,0,0,0,0,,0,0,0,17,4,1,0,,0,39 57:26.646,,0,75 08:49.845,3,0,0,0,67301,0,0,0,,0,0,0,2,00000,0,,1,1,,,,,0,,1,0,0,0,0,,1715,1,2,0,0,0,0,0,3,4,1,2,3,,N,,,,,,,,,,,
2009083860,1315.0,0,0,0,0,0,0,0,0,0,1,0,,67,7,2009,2,40.0165,-75.2028,1309.0,6,0,0,0,0,0,0,0,0,1.0,0,0,0,13,1,0,0,,1,40 00:59.280,2.0,0,75 12:09.972,0,0,0,0,67301,0,0,0,N,0,0,0,3,67301,0,,1,1,,N,N,,0,,0,0,2,0,0,N,1308,0,3,0,0,0,0,0,3,4,0,3,3,,N,,,,,,,,,,,
2009079089,1735.0,2,0,0,0,0,0,0,0,0,1,0,,67,7,2009,2,40.0181,-75.1157,1720.0,6,0,0,0,1,0,0,0,0,1.0,0,0,0,17,4,2,0,,1,40 01:04.980,1.0,0,75 06:56.669,4,0,0,0,67301,0,0,0,N,0,0,0,2,67301,2,,6,1,,N,N,,0,,0,0,1,0,0,Y,1700,2,3,0,0,0,0,0,3,4,0,3,3,,N,,,,,,,,,,,
2009079121,809.0,1,0,0,0,0,0,0,0,0,4,0,,67,7,2009,6,39.9507,-75.1689,801.0,6,0,0,0,0,0,0,1,0,,0,0,0,7,1,0,1,,0,39 57:02.545,,0,75 10:08.180,0,0,0,0,67301,0,0,0,N,0,0,0,2,67301,0,,1,1,,N,N,,0,,0,0,1,3,2,,755,0,2,0,0,0,0,0,3,4,0,2,3,,N,,,,,,,,,,,
2009079176,1515.0,0,0,0,0,0,0,0,0,0,4,0,,67,7,2009,3,39.9353,-75.1859,1510.0,6,0,0,0,0,0,0,0,0,,0,0,0,14,1,5,1,,0,39 56:06.914,,0,75 11:09.185,8,0,0,0,67301,0,0,0,N,0,0,0,6,67301,0,,1,1,,N,N,,0,,0,0,1,3,2,,1450,5,2,0,0,0,5,0,3,4,1,2,3,,N,,,,,,,,,,,
2009079227,1538.0,2,0,0,0,0,0,0,0,0,2,0,,67,6,2009,1,39.9308,-75.243,1535.0,6,0,0,0,0,0,0,0,0,,0,0,0,15,1,4,0,,0,39 55:50.975,,7,75 14:34.913,8,0,0,0,67301,0,0,0,,0,0,0,4,67301,0,,1,1,,,,,0,,0,0,0,3,3,,1534,4,2,0,0,0,4,0,3,4,0,2,3,,N,,,,,,,,,,,
2009074335,2325.0,1,0,0,0,0,0,0,0,0,8,0,,67,6,2009,1,39.9794,-75.2253,2322.0,6,0,0,0,0,0,0,0,0,,0,0,0,23,3,1,1,,0,39 58:45.886,,0,75 13:31.197,4,0,0,0,67301,1,0,0,N,1,0,0,2,67301,1,,1,9,,N,N,,0,,0,0,0,9,2,,2300,1,2,0,0,0,0,0,3,4,0,1,99,,N,,,,,,,,,,,
2009066917,945.0,1,0,0,0,0,0,1,0,0,4,1,,67,6,2009,3,39.9614,-75.1482,926.0,6,0,0,0,0,0,1,1,0,,0,0,0,9,1,2,1,,0,39 57:40.649,,0,75 08:53.474,8,0,0,0,67301,0,0,0,,0,0,0,53,67301,0,,1,1,,N,N,,1,,0,0,0,3,2,,900,2,3,0,0,0,2,0,3,4,0,3,3,,N,,,,,,,,,,,
2009080273,1715.0,1,0,0,0,0,0,0,0,0,8,0,,67,6,2009,3,40.0218,-75.1582,1715.0,6,0,0,0,0,0,0,0,0,,0,0,0,17,1,1,2,,0,40 01:18.625,,0,75 09:29.699,8,0,0,0,67301,1,0,0,N,1,0,0,2,67301,0,,1,1,,N,N,,0,,0,0,0,0,0,,1715,1,2,0,0,0,1,0,3,4,0,1,3,,N,,,,,,,,,,,
2009067639,15.0,2,0,0,0,0,0,0,0,0,4,0,,67,4,2009,4,40.0506,-75.1775,1.0,6,0,0,0,0,0,0,0,0,,0,0,0,22,3,3,1,,0,40 03:02.196,,0,75 10:38.823,4,0,0,0,67301,0,0,0,N,0,0,0,4,67301,3,,1,1,,N,N,,0,,0,0,1,3,2,,2233,3,3,0,0,0,0,0,3,4,0,3,3,,N,,,,,,,,,,,
2009067648,30.0,0,0,0,0,0,0,0,0,0,8,0,,67,6,2009,6,39.9468,-75.1534,27.0,6,0,0,0,0,0,0,0,0,,0,0,0,21,3,1,2,,0,39 56:48.598,,0,75 09:12.376,4,0,0,0,67301,1,0,0,N,1,0,0,2,67301,1,,1,9,,N,N,,0,,0,0,0,3,3,,2145,1,2,0,0,0,0,1,3,4,1,1,7,,N,,,,,,,,,,,
2009065267,622.0,1,0,0,0,0,0,0,0,0,1,0,,67,5,2009,1,39.9573,-75.2157,620.0,6,0,0,0,0,1,0,0,0,,0,0,0,6,3,2,0,,0,39 57:26.288,,0,75 12:56.372,8,0,0,0,67301,0,0,0,N,0,0,0,2,67301,0,,1,1,,N,N,,0,,0,0,1,0,0,,615,2,2,0,0,0,2,0,3,4,0,2,3,,N,,,,,,,,,,,
2009090127,1102.0,1,0,0,0,0,0,0,0,0,7,0,,67,8,2009,1,39.9756,-75.1162,1055.0,6,0,0,0,0,0,0,0,0,1.0,0,0,0,10,1,1,0,,1,39 58:34.680,2.0,3,75 06:53.640,4,0,0,0,67301,0,0,0,N,0,0,0,3,68K01,1,,4,1,,N,N,,0,,0,0,0,0,0,Y,1054,1,1,0,0,1,0,0,3,4,0,1,3,,N,,,,,,,,,,,
2009092943,2340.0,2,0,0,0,0,0,0,0,0,1,0,,67,8,2009,7,39.957,-75.2133,2340.0,6,0,0,0,0,0,1,0,0,,0,0,0,23,3,1,1,,0,39 57:25.245,,0,75 12:47.990,4,0,0,0,67301,0,0,0,N,0,0,0,4,67301,1,,1,1,,N,N,,0,,0,0,0,3,2,,2305,1,2,0,0,0,0,0,3,4,0,2,3,,N,,,,,,,,,,,
2009093035,1310.0,1,0,0,0,0,0,0,0,0,5,0,,67,8,2009,1,39.9738,-75.2064,1257.0,6,0,0,0,0,0,1,0,0,,0,0,0,12,1,1,1,,0,39 58:26.116,,0,75 12:23.386,8,0,0,0,67301,0,0,0,N,0,0,0,2,67301,0,,1,1,,N,N,,0,,0,0,1,3,2,,1255,1,2,0,0,0,1,0,3,4,0,2,3,,N,,,,,,,,,,,
2009066933,1515.0,3,0,0,0,0,0,0,0,0,4,0,,67,5,2009,1,39.9633,-75.2385,1510.0,6,0,0,0,0,0,0,0,0,,0,0,0,15,1,2,1,,0,39 57:47.872,,0,75 14:18.509,8,0,0,0,67301,0,0,0,N,0,0,0,2,67301,0,,1,1,,N,N,,0,,0,0,1,2,2,,1505,2,4,0,0,0,2,0,3,4,0,4,3,,N,,,,,,,,,,,
2009067441,452.0,1,0,0,0,0,0,0,0,0,7,0,,67,5,2009,7,40.0823,-74.9669,446.0,6,0,0,0,0,0,0,0,0,2.0,0,0,0,1,3,1,0,,2,40 04:56.195,4.0,0,74 58:00.712,4,0,0,0,67301,0,0,0,,0,0,0,1,67301,1,,2,1,,,,,0,,0,0,0,0,0,N,110,1,1,0,0,0,0,0,3,4,0,1,3,,N,,,,,,,,,,,
2009067299,1610.0,1,0,0,0,0,0,0,0,0,1,1,,67,6,2009,2,39.9392,-75.1965,1600.0,6,0,0,0,0,0,1,1,0,,0,1,0,15,1,1,2,,0,39 56:21.282,,0,75 11:47.273,3,0,0,0,67301,0,0,0,,0,0,0,4,67301,0,,1,1,,,,,0,,1,0,1,3,2,,1530,1,3,0,0,0,0,0,3,4,0,3,3,,N,,,,,,,,,,,
2009067310,1705.0,1,0,0,0,0,0,0,0,0,4,0,,67,6,2009,3,39.9871,-75.1223,1632.0,6,0,0,0,0,0,1,0,0,,0,0,0,16,1,1,5,,0,39 59:13.221,,0,75 07:20.575,4,0,0,0,67301,0,0,0,N,0,0,0,2,67301,1,,1,1,,N,N,,0,,0,0,1,3,2,,1620,1,2,0,0,2,0,0,3,4,0,2,3,,N,,,,,,,,,,,
2009070016,1415.0,1,0,0,0,0,0,0,0,0,1,0,,67,6,2009,1,39.9842,-75.0964,1407.0,6,0,0,0,0,0,0,1,0,,0,0,0,14,1,1,0,,0,39 59:03.120,,0,75 05:47.400,4,0,0,0,67301,0,0,0,N,0,0,0,3,68K01,1,,1,1,,N,N,,0,,0,0,0,0,0,,1404,1,2,0,0,0,0,0,3,4,1,2,3,,N,,,,,,,,,,,
2009049857,228.0,1,0,0,0,0,0,0,0,0,7,0,,67,4,2009,1,40.0511,-75.1186,228.0,6,0,0,0,0,0,0,0,0,,0,0,0,2,3,0,0,,0,40 03:03.963,,0,75 07:06.905,9,0,0,0,67301,0,0,0,N,0,0,0,1,46102,0,,5,1,,N,N,,0,,0,0,0,0,0,,200,0,1,0,0,0,0,1,3,4,0,1,3,,N,,,,,,,,,,,
2009071425,1810.0,2,0,0,0,0,0,0,0,0,2,0,,67,6,2009,7,39.9067,-75.1834,1805.0,6,0,0,0,1,0,0,0,0,,0,0,0,17,1,3,1,,0,39 54:23.986,,0,75 11:00.103,4,0,0,0,67301,0,0,0,N,0,0,0,5,67301,3,,1,1,,N,N,,0,,0,0,0,3,2,,1740,3,2,0,0,2,0,0,3,4,0,2,3,,N,,,,,,,,,,,
2009063717,1130.0,1,0,0,0,0,0,0,0,0,4,0,,67,5,2009,7,39.9918,-75.1127,1117.0,6,0,0,0,0,0,0,0,0,,0,0,0,11,1,2,1,,0,39 59:30.291,,0,75 06:46.001,8,0,0,0,67301,0,0,0,N,0,0,0,3,67301,0,,1,1,,N,N,,1,,0,0,0,3,2,,1110,2,2,0,0,0,2,0,3,4,0,2,3,,N,,,,,,,,,,,
2009063733,1423.0,1,0,0,0,0,0,0,0,0,8,0,,67,5,2009,6,39.963,-75.2418,1416.0,6,0,0,0,0,0,0,0,0,,0,0,0,14,1,1,0,,0,39 57:46.839,,0,75 14:30.408,8,0,0,0,67301,1,0,0,,1,0,0,3,67301,0,,1,1,,,,,0,,0,0,0,0,0,,1410,1,2,0,0,0,1,0,3,4,0,1,3,,N,,,,,,,,,,,
2009061380,1454.0,2,0,0,0,0,0,0,0,0,1,0,,67,6,2009,5,39.9586,-75.1689,1442.0,6,0,0,0,0,0,0,0,0,1.0,0,0,0,14,1,1,0,,2,39 57:31.069,3.0,0,75 10:07.980,4,0,0,0,67301,0,0,0,N,0,0,0,3,68K01,1,,1,9,,N,N,,0,,0,0,1,0,0,N,1439,1,3,0,0,0,0,0,3,4,0,3,7,,N,,,,,,,,,,,
2009063876,1920.0,3,0,0,0,0,0,0,0,0,1,0,,67,5,2009,5,39.9442,-75.2166,1908.0,6,0,0,0,0,0,1,1,0,,0,0,0,17,4,1,1,,0,39 56:38.959,,0,75 12:59.632,3,0,0,0,67301,0,0,0,N,0,0,0,4,67301,0,,1,1,,N,N,,0,,1,0,0,3,2,,1750,1,3,0,0,0,0,0,3,4,0,3,3,,N,,,,,,,,,,,
2009056368,1926.0,1,0,0,0,0,0,0,0,0,7,0,,67,5,2009,1,40.029,-75.1904,1925.0,6,0,0,0,0,0,0,0,0,,0,0,0,19,1,1,0,,0,40 01:44.250,,0,75 11:25.346,3,0,0,0,67301,0,0,0,,0,0,0,1,67301,0,,5,9,,N,N,,0,,1,0,0,0,0,,1925,1,1,0,0,0,0,0,3,4,0,1,7,,N,,,,,,,,,,,
2009056400,1607.0,1,0,0,0,0,0,0,0,0,4,0,,67,4,2009,2,39.959,-75.2354,1450.0,6,0,0,0,0,0,0,0,0,,0,0,0,14,1,2,2,,0,39 57:32.256,,0,75 14:07.331,8,0,0,0,67301,0,0,0,N,0,0,0,3,67301,0,,1,1,,N,N,,1,,0,0,0,3,3,,1449,2,2,0,0,0,2,0,3,4,0,2,3,,N,,,,,,,,,,,
2009056401,2028.0,1,0,0,0,0,0,0,0,0,7,0,,67,5,2009,7,39.9399,-75.2114,2024.0,6,0,0,0,0,0,1,0,0,,0,0,0,20,2,2,1,,0,39 56:23.373,,0,75 12:40.931,3,0,0,0,67301,0,0,0,N,0,0,0,2,67301,0,,4,1,,N,N,,0,,2,0,0,9,2,,2018,2,1,0,0,1,0,0,3,4,0,1,3,,N,,,,,,,,,,,
2009056505,1025.0,2,0,0,0,0,0,0,0,0,4,0,,67,5,2009,6,39.9218,-75.2216,1017.0,6,0,0,0,0,0,1,0,0,2.0,0,0,0,10,1,1,2,,1,39 55:18.429,3.0,0,75 13:17.630,8,0,0,0,67301,0,0,0,N,0,0,0,4,67301,0,,1,1,,N,N,,0,,0,0,0,3,3,Y,1015,1,2,0,0,0,1,0,3,4,0,2,3,,N,,,,,,,,,,,
2009093361,9999.0,3,0,0,0,0,0,0,0,0,1,0,,67,8,2009,7,39.956,-75.2176,436.0,6,0,0,0,1,0,0,0,0,,0,0,0,4,3,1,1,,0,39 57:21.549,,0,75 13:03.370,3,0,0,0,67301,0,0,0,N,0,0,0,2,67301,0,,1,1,,N,N,,0,,1,0,1,3,2,,434,1,4,0,0,0,0,0,3,4,0,4,3,,N,,,,,,,,,,,
2009087754,1510.0,1,0,0,0,0,0,0,0,0,8,0,,67,7,2009,7,39.9982,-75.1012,1505.0,6,0,0,0,0,0,0,0,0,,0,0,0,15,1,1,1,,0,39 59:53.463,,0,75 06:04.518,4,0,0,0,67301,1,0,0,,1,0,0,2,67301,1,,1,1,,,,,0,,0,0,0,3,2,,1500,1,2,0,0,0,0,0,3,4,0,1,3,,N,,,,,,,,,,,
2009093423,2030.0,2,0,0,0,0,0,0,0,0,6,0,,67,8,2009,7,39.9881,-75.1253,2025.0,6,0,0,0,0,1,0,0,0,,0,0,0,20,3,1,0,,0,39 59:17.160,,0,75 07:31.101,8,0,0,0,67301,0,0,0,N,0,0,0,1,67301,0,,6,1,,N,N,,0,,0,0,0,0,0,,2015,1,3,0,0,0,1,0,3,4,0,3,3,,N,,,,,,,,,,,
2009085946,1314.0,0,0,0,0,0,0,0,0,0,7,0,,67,8,2009,1,39.9914,-75.2173,1311.0,6,0,0,0,0,0,0,0,0,,0,0,0,13,1,2,0,,0,39 59:29.216,,0,75 13:02.147,4,0,0,0,67301,0,0,0,N,0,0,0,2,67301,2,,1,9,,N,N,,0,,0,0,1,0,0,,1311,2,1,0,0,0,0,0,3,4,0,1,7,,N,,,,,,,,,,,
2009078834,2108.0,2,0,0,0,0,0,0,0,0,1,0,,67,7,2009,7,39.9765,-75.1894,2108.0,6,0,0,0,0,0,2,0,0,2.0,0,0,0,21,3,2,3,,1,39 58:35.233,1.0,0,75 11:21.692,8,0,0,0,67301,0,0,0,N,0,0,0,4,67301,0,,1,1,,N,N,,0,,0,0,0,3,3,N,2100,2,2,0,0,0,2,0,3,4,0,2,3,,N,,,,,,,,,,,
2009081542,1826.0,2,0,0,0,0,0,0,0,0,4,0,,67,6,2009,2,40.0114,-75.0769,1811.0,6,0,0,0,0,0,0,0,0,,0,0,0,18,1,1,1,,0,40 00:40.819,,0,75 04:37.389,4,0,0,0,67301,0,0,0,N,0,0,0,2,67301,1,,1,1,,N,N,,0,,0,0,0,3,2,,1811,1,2,0,0,0,0,0,3,4,0,2,3,,N,,,,,,,,,,,
2009084084,520.0,1,0,0,0,0,0,0,0,0,1,0,,67,7,2009,1,40.0139,-75.2047,510.0,6,0,0,0,0,0,2,0,0,,0,0,0,5,1,2,6,,0,40 00:53.385,,2,75 12:20.913,4,0,0,1,67301,0,0,0,N,0,0,0,3,67301,2,,1,1,,N,N,,0,,0,0,0,3,4,,500,2,2,0,0,0,0,0,3,4,0,2,3,,N,,,,,,,,,,,
2009079091,1008.0,1,0,0,0,0,0,0,0,0,4,0,,67,7,2009,4,40.0405,-75.1079,1003.0,6,0,0,1,0,0,0,1,0,1.0,0,0,0,10,1,0,0,,1,40 02:25.920,1.0,7,75 06:28.481,0,0,0,0,67301,0,0,0,N,0,0,0,2,67301,0,,1,1,,N,N,,0,,0,0,1,3,2,N,1000,0,2,0,0,0,0,0,3,4,0,2,3,,N,,,,,,,,,,,
2009084265,1902.0,1,0,0,0,0,0,0,0,0,7,0,,67,7,2009,5,40.0368,-75.0641,1902.0,6,0,0,0,0,0,0,0,0,,0,0,0,18,1,0,0,,0,40 02:12.524,,0,75 03:50.901,0,0,0,0,67301,0,0,0,N,0,0,0,1,67301,0,,4,1,,N,N,,0,,0,0,0,0,0,,1838,0,1,0,0,0,0,0,3,4,0,1,3,,N,,,,,,,,,,,
2009078952,1728.0,1,0,0,0,0,0,0,0,0,8,0,,67,6,2009,7,39.9202,-75.2302,1725.0,6,0,0,0,0,0,0,0,0,,0,0,0,16,1,1,1,,0,39 55:12.734,,0,75 13:48.680,2,0,0,0,67301,1,0,1,,1,0,1,2,67301,0,,1,1,,,,,0,,0,1,0,3,2,,1640,1,2,0,0,1,0,0,3,4,0,1,3,,N,,,,,,,,,,,
2009081614,233.0,3,0,0,0,0,0,0,0,0,4,0,,67,7,2009,6,39.9204,-75.1555,231.0,6,0,0,0,0,0,0,0,0,,0,0,0,2,3,1,0,,0,39 55:13.371,,0,75 09:19.911,4,0,0,0,67301,0,0,0,,0,0,0,1,67301,1,,1,1,,,,,0,,0,0,0,0,0,,231,1,3,0,0,0,0,0,3,4,0,3,3,,N,,,,,,,,,,,
2009079312,58.0,4,0,0,0,0,0,0,0,0,5,0,,67,7,2009,2,39.9639,-75.1616,54.0,6,0,0,0,1,0,0,0,0,2.0,0,0,0,0,3,1,0,,2,39 57:49.860,3.0,0,75 09:41.750,4,0,0,0,67301,0,0,0,N,0,0,0,1,67301,1,,1,1,,N,N,,0,,0,0,0,0,0,Y,54,1,4,0,0,0,0,0,3,4,0,4,3,,N,,,,,,,,,,,
2009079313,2140.0,0,0,0,0,0,0,0,0,0,1,0,,67,7,2009,4,39.9609,-75.1683,2140.0,6,0,0,0,0,0,0,0,0,2.0,0,0,0,21,3,1,0,,2,39 57:39.398,1.0,0,75 10:05.944,3,0,0,1,67301,0,0,0,N,0,0,0,1,67301,0,,6,1,,N,N,,0,,1,0,1,0,0,Y,2139,1,2,0,0,0,0,0,3,4,0,2,3,,N,,,,,,,,,,,
2009079457,1523.0,0,0,0,0,0,0,0,0,0,4,0,,67,7,2009,3,40.0368,-75.0139,1516.0,6,0,0,0,0,0,1,0,0,,0,0,0,15,1,0,0,,0,40 02:12.840,,0,75 00:49.320,0,0,0,0,67301,0,0,0,N,0,0,0,2,68K01,0,,1,1,,N,N,,0,,0,0,2,0,0,,1514,0,2,0,0,0,0,0,3,4,0,2,3,,N,,,,,,,,,,,
2009074317,120.0,0,0,0,1,0,1,0,0,0,1,0,,67,6,2009,4,40.0379,-75.0422,118.0,6,0,0,0,0,0,0,0,0,,0,0,0,22,3,1,0,,0,40 02:16.447,,0,75 02:32.084,2,0,0,0,67301,1,0,1,,0,0,0,2,67301,0,,5,1,,,,,1,,0,1,0,0,0,,2230,1,2,0,0,0,0,0,3,4,0,1,3,,N,,,,,,,,,,,
2009074328,1348.0,0,0,0,0,0,0,1,0,0,8,1,,67,6,2009,6,40.0475,-75.1428,1345.0,6,0,0,0,0,0,0,0,0,,0,0,0,13,1,1,1,,0,40 02:51.086,,0,75 08:34.404,4,0,0,0,67301,1,0,0,N,1,0,0,2,67301,1,,1,1,,N,N,,0,,0,0,0,3,2,,1338,1,2,0,0,0,0,0,3,4,0,1,3,,N,,,,,,,,,,,