CRN,ARRIVAL_TM,AUTOMOBILE_COUNT,BELTED_DEATH_COUNT,BELTED_SUSP_SERIOUS_INJ_COUNT,BICYCLE_COUNT,BICYCLE_DEATH_COUNT,BICYCLE_SUSP_SERIOUS_INJ_COUNT,BUS_COUNT,CHLDPAS_DEATH_COUNT,CHLDPAS_SUSP_SERIOUS_INJ_COUNT,COLLISION_TYPE,COMM_VEH_COUNT,CONS_ZONE_SPD_LIM,COUNTY,CRASH_MONTH,CRASH_YEAR,DAY_OF_WEEK,DEC_LAT,DEC_LONG,DISPATCH_TM,DISTRICT,DRIVER_COUNT_16YR,DRIVER_COUNT_17YR,DRIVER_COUNT_18YR,DRIVER_COUNT_19YR,DRIVER_COUNT_20YR,DRIVER_COUNT_50_64YR,DRIVER_COUNT_65_74YR,DRIVER_COUNT_75PLUS,EST_HRS_CLOSED,FATAL_COUNT,HEAVY_TRUCK_COUNT,HORSE_BUGGY_COUNT,HOUR_OF_DAY,ILLUMINATION,INJURY_COUNT,INTERSECT_TYPE,INTERSECTION_RELATED,LANE_CLOSED,LATITUDE,LN_CLOSE_DIR,LOCATION_TYPE,LONGITUDE,MAX_SEVERITY_LEVEL,MCYCLE_DEATH_COUNT,MCYCLE_SUSP_SERIOUS_INJ_COUNT,MOTORCYCLE_COUNT,MUNICIPALITY,NONMOTR_COUNT,NONMOTR_DEATH_COUNT,NONMOTR_SUSP_SERIOUS_INJ_COUNT,NTFY_HIWY_MAINT,PED_COUNT,PED_DEATH_COUNT,PED_SUSP_SERIOUS_INJ_COUNT,PERSON_COUNT,POLICE_AGCY,POSSIBLE_INJ_COUNT,RDWY_SURF_TYPE_CD,RELATION_TO_ROAD,ROAD_CONDITION,ROADWAY_CLEARED,SCH_BUS_IND,SCH_ZONE_IND,SECONDARY_CRASH,SMALL_TRUCK_COUNT,SPEC_JURIS_CD,SUSP_MINOR_INJ_COUNT,SUSP_SERIOUS_INJ_COUNT,SUV_COUNT,TCD_FUNC_CD,TCD_TYPE,TFC_DETOUR_IND,TIME_OF_DAY,TOT_INJ_COUNT,TOTAL_UNITS,UNB_DEATH_COUNT,UNB_SUSP_SERIOUS_INJ_COUNT,UNBELTED_OCC_COUNT,UNK_INJ_DEG_COUNT,UNK_INJ_PER_COUNT,URBAN_AREA,URBAN_RURAL,VAN_COUNT,VEHICLE_COUNT,WEATHER1,WEATHER2,WORK_ZONE_IND,WORK_ZONE_LOC,WORK_ZONE_TYPE,WORKERS_PRES,WZ_CLOSE_DETOUR,WZ_FLAGGER,WZ_LAW_OFFCR_IND,WZ_LN_CLOSURE,WZ_MOVING,WZ_OTHER,WZ_SHLDER_MDN,WZ_WORKERS_INJ_KILLED
2009074551,1535.0,1,0,0,0,0,0,0,0,0,7,0,,67,6,2009,5,40.0334,-75.0766,1528.0,6,0,0,0,0,0,0,0,0,,0,0,0,15,1,1,0,,0,40 02:00.114,,0,75 04:35.481,3,0,0,0,67301,0,0,0,,0,0,0,1,67301,0,,5,1,,N,N,,0,,1,0,0,3,2,,1528,1,2,0,0,0,0,0,3,4,0,1,3,,N,,,,,,,,,,,
2009074590,2118.0,1,0,0,0,0,0,0,0,0,8,0,,67,6,2009,7,39.9266,-75.2356,2113.0,6,0,0,0,0,0,0,0,0,,0,0,0,99,3,1,1,,0,39 55:36.120,,0,75 14:08.185,8,0,0,0,67301,1,0,0,N,1,0,0,2,67301,0,,2,9,,N,N,,0,,0,0,0,3,3,,9999,1,2,0,0,0,1,1,3,4,0,1,7,,N,,,,,,,,,,,
2009072018,1914.0,2,0,0,0,0,0,0,0,0,4,0,,67,6,2009,3,40.0521,-75.1418,1909.0,6,0,0,0,0,0,1,0,0,,0,0,0,19,1,0,1,,0,40 03:07.674,,0,75 08:30.786,0,0,0,0,67301,0,0,0,N,0,0,0,2,67301,0,,1,1,,N,N,,0,,0,0,0,3,2,,1904,0,2,0,0,1,0,0,3,4,0,2,3,,N,,,,,,,,,,,
2009066918,1458.0,1,0,0,0,0,0,1,0,0,4,1,,67,6,2009,6,40.1,-74.9856,1455.0,6,0,0,0,0,0,0,1,0,,0,0,0,14,1,0,2,,0,40 06:00.144,,0,74 59:08.192,0,0,0,0,67301,0,0,0,N,0,0,0,2,67301,0,,1,9,,Y,N,,0,,0,0,0,3,3,,1450,0,2,0,0,0,0,0,3,4,0,2,7,,N,,,,,,,,,,,
2009070062,7.0,6,0,0,0,0,0,0,0,0,7,0,,67,6,2009,1,40.047,-75.2189,2355.0,6,0,0,0,0,0,0,0,0,9.0,0,0,0,23,3,0,0,,2,40 02:49.192,6.0,0,75 13:08.137,0,0,0,0,67301,0,0,0,N,0,0,0,1,67301,0,,2,1,,N,N,,0,,0,0,2,0,0,N,2300,0,8,0,0,0,0,0,3,4,0,8,3,,N,,,,,,,,,,,
2009067637,1251.0,1,0,0,0,0,0,0,0,0,5,0,,67,6,2009,5,40.0515,-75.1597,1248.0,6,0,0,0,0,0,0,0,0,,0,0,0,12,1,0,1,,0,40 03:05.418,,0,75 09:34.912,0,0,0,0,67301,0,0,0,N,0,0,0,2,67301,0,,1,1,,N,N,,0,,0,0,0,9,3,,1247,0,2,0,0,0,0,0,3,4,1,2,3,,N,,,,,,,,,,,
2009067641,1755.0,0,0,0,0,0,0,0,0,0,8,0,,67,6,2009,7,39.9863,-75.0967,1751.0,6,0,0,0,0,0,1,0,0,,0,0,0,17,1,1,0,,0,39 59:10.672,,0,75 05:47.952,8,0,0,0,67301,1,0,0,N,1,0,0,2,67301,0,,1,1,,N,N,,0,,0,0,1,0,0,,1750,1,2,0,0,0,1,0,3,4,0,1,3,,N,,,,,,,,,,,
2009053692,1535.0,1,0,0,0,0,0,0,0,0,1,0,,67,5,2009,6,40.0,-75.195,1533.0,6,0,0,0,0,0,1,0,0,,0,0,0,15,1,0,0,,0,40 00:02.160,,0,75 11:41.280,0,0,0,0,67301,0,0,0,N,0,0,0,2,68K01,0,,1,9,,N,N,,0,,0,0,1,0,0,,1529,0,2,0,0,0,0,0,3,4,0,2,7,,N,,,,,,,,,,,
2009092958,1705.0,1,0,0,0,0,0,0,0,0,4,0,,67,8,2009,5,39.9871,-75.1969,1700.0,6,0,0,0,0,0,1,0,0,,0,0,0,7,1,1,3,,0,39 59:13.531,,0,75 11:48.717,4,0,0,0,67301,0,0,0,,0,0,0,3,67301,1,,1,98,,,,,0,,0,0,0,3,4,,700,1,2,0,0,0,0,0,3,4,1,2,99,,N,,,,,,,,,,,
2009092990,1631.0,2,0,0,0,0,0,0,0,0,2,0,,67,8,2009,5,39.9753,-75.2227,1628.0,6,0,0,0,0,0,1,0,0,,0,0,0,16,1,3,0,,0,39 58:31.099,,0,75 13:21.638,3,0,0,0,67301,0,0,0,,0,0,0,4,67301,1,,1,1,,,,,0,,2,0,0,0,0,,1628,3,2,0,0,0,0,1,3,4,0,2,3,,N,,,,,,,,,,,
2009067048,1711.0,0,0,0,0,0,0,1,0,0,8,1,,67,6,2009,6,39.9697,-75.234,1711.0,6,0,0,0,0,0,1,0,0,,0,0,0,17,1,1,0,,0,39 58:10.797,,0,75 14:02.486,3,0,0,0,67301,1,0,0,,1,0,0,2,67301,0,,1,1,,,,,0,,1,0,0,0,0,,1709,1,2,0,0,0,0,0,3,4,0,1,3,,N,,,,,,,,,,,
2009067100,1603.0,1,0,0,0,0,0,0,0,0,4,0,,67,5,2009,2,40.0416,-75.0643,1558.0,6,0,1,0,0,0,0,0,0,,0,0,0,15,1,3,1,,0,40 02:29.839,,0,75 03:51.611,4,0,0,0,67301,0,0,0,N,0,0,0,4,67301,3,,1,1,,N,N,,1,,0,0,0,3,2,,1556,3,2,0,0,0,0,0,3,4,0,2,3,,N,,,,,,,,,,,
2009059608,2000.0,1,0,0,0,0,0,0,0,0,3,0,,67,5,2009,1,39.9967,-75.1155,1952.0,6,0,0,0,0,0,0,1,0,,0,0,0,18,1,1,1,,0,39 59:48.193,,0,75 06:55.752,8,0,0,0,67301,0,0,0,,0,0,0,2,67301,0,,1,1,,N,N,,0,,0,0,0,3,2,,1835,1,2,0,0,0,1,0,3,4,0,2,3,,N,,,,,,,,,,,
2009067577,1923.0,1,0,0,0,0,0,0,0,0,4,0,,67,6,2009,4,40.0935,-74.9802,1921.0,6,0,0,0,0,0,0,0,0,,0,0,0,19,1,1,1,,0,40 05:36.612,,0,74 58:48.598,2,0,1,1,67301,0,0,0,N,0,0,0,3,67301,0,,1,1,,N,N,,0,,0,1,0,3,2,,1915,1,2,0,0,0,0,0,3,4,0,2,3,,N,,,,,,,,,,,
2009065150,9999.0,1,0,0,0,0,0,0,0,0,2,0,,67,5,2009,2,39.9866,-75.171,9999.0,6,0,1,0,0,0,0,0,0,,0,0,0,99,3,2,1,,0,39 59:11.763,,0,75 10:15.491,4,0,0,0,67301,0,0,0,N,0,0,0,3,67301,2,,1,1,,N,N,,0,,0,0,0,3,2,,9999,2,2,0,0,2,0,0,3,4,0,2,3,,N,,,,,,,,,,,
2009065203,1817.0,1,0,0,0,0,0,0,0,0,1,0,,67,4,2009,2,,,1817.0,6,0,0,0,0,0,0,0,0,,0,0,0,18,1,1,0,,0,,,3,,8,0,0,0,67301,0,0,0,N,0,0,0,2,67501,0,,1,9,,N,N,,0,,0,0,1,3,8,,1817,1,2,0,0,0,1,0,3,3,0,2,7,,N,,,,,,,,,,,
2009121290,557.0,0,0,0,0,0,0,0,0,0,7,0,,67,11,2009,4,39.9944,-75.1988,549.0,6,0,0,0,0,0,0,0,0,1.0,0,0,0,5,5,1,0,,1,39 59:43.080,3.0,0,75 11:52.440,4,0,0,0,67301,0,0,0,N,0,0,0,3,68K01,1,,3,1,,N,N,,1,,0,0,1,0,0,N,545,1,2,0,0,1,0,0,3,4,0,2,3,,N,,,,,,,,,,,
2009111043,1613.0,2,0,0,0,0,0,0,0,0,1,0,,67,10,2009,5,39.9481,-75.1418,1613.0,6,0,0,0,0,0,0,0,1,1.0,0,0,0,16,1,0,0,,2,39 56:53.621,1.0,0,75 08:30.259,0,0,0,0,67301,0,0,0,N,0,0,0,3,68K01,0,,1,1,,N,N,,0,,0,0,0,0,0,Y,1612,0,3,0,0,0,0,0,3,4,0,3,3,,N,,,,,,,,,,,
2009120715,1100.0,2,0,0,0,0,0,0,0,0,4,0,,67,10,2009,7,39.9375,-75.1952,1047.0,6,0,0,0,0,0,0,0,0,,0,0,0,10,1,1,0,,0,39 56:15.136,,0,75 11:42.842,8,0,0,0,67301,1,0,0,,0,0,0,2,67301,0,,6,9,,N,N,,0,,0,0,2,0,0,,1040,1,4,0,0,0,1,0,3,4,0,4,7,,N,,,,,,,,,,,
2009015984,546.0,0,0,0,0,0,0,0,0,0,7,0,,67,1,2009,5,39.9731,-75.121,546.0,6,0,0,0,0,0,0,0,0,1.0,0,0,0,5,3,1,0,,1,39 58:23.026,2.0,0,75 07:15.644,4,0,0,0,67301,0,0,0,N,0,0,0,2,68K01,1,,1,1,,N,N,,0,,0,0,0,0,0,N,544,1,1,0,0,0,0,0,3,4,1,1,3,,N,,,,,,,,,,,
2009018447,1453.0,1,0,0,0,0,0,1,0,0,1,1,,67,2,2009,4,40.0546,-75.125,1452.0,6,0,0,0,0,0,1,0,0,1.0,0,0,0,14,1,2,1,,1,40 03:16.928,4.0,0,75 07:29.497,8,0,0,0,67301,0,0,0,N,0,0,0,7,46102,0,,1,1,,N,N,,0,,0,0,0,3,2,N,1452,2,2,0,0,0,2,0,3,4,0,2,3,,N,,,,,,,,,,,
2009042629,239.0,1,0,0,0,0,0,0,0,0,7,0,,67,1,2009,7,40.0571,-75.129,239.0,6,0,0,0,0,0,0,0,0,,0,0,0,2,3,1,1,,0,40 03:25.673,,0,75 07:44.331,8,0,0,0,67301,0,0,0,N,0,0,0,1,46102,0,,2,1,,N,N,,0,,0,0,0,3,2,,239,1,1,0,0,0,1,0,3,4,0,1,3,,N,,,,,,,,,,,
2009011427,801.0,2,0,0,0,0,0,0,0,0,1,0,,67,1,2009,1,39.96,-75.1787,754.0,6,0,0,0,0,0,1,0,0,1.0,0,0,0,7,1,1,0,,1,39 57:36.872,4.0,0,75 10:50.579,4,0,0,0,67301,0,0,0,N,0,0,0,2,68K01,1,,1,1,,N,N,,0,,0,0,0,0,0,N,750,1,2,0,0,0,0,0,3,4,0,2,3,,N,,,,,,,,,,,
2009063718,1710.0,1,0,0,0,0,0,0,0,0,8,0,,67,4,2009,5,39.9626,-75.2131,1707.0,6,0,0,0,0,0,0,0,0,,0,0,0,17,1,1,1,,0,39 57:45.302,,0,75 12:47.015,3,0,0,0,67301,1,0,0,N,1,0,0,2,67301,0,,1,1,,N,N,,0,,1,0,0,3,2,,1707,1,2,0,0,0,0,0,3,4,0,1,3,,N,,,,,,,,,,,
2009063735,1756.0,3,0,0,0,0,0,0,0,0,2,0,,67,5,2009,4,39.9309,-75.1716,1755.0,6,0,0,0,0,0,1,0,0,3.0,0,0,0,17,1,4,1,,2,39 55:51.236,2.0,0,75 10:17.691,4,0,0,0,67301,0,0,0,,0,0,0,7,67301,4,,1,1,,,,,0,,0,0,1,9,3,Y,1754,4,4,0,0,0,0,0,3,4,0,4,3,,N,,,,,,,,,,,
2009063788,5.0,1,0,0,0,0,0,0,0,0,8,0,,67,5,2009,6,40.011,-75.1042,0.0,6,0,0,0,0,0,0,0,0,,0,0,0,18,4,1,1,,0,40 00:39.718,,0,75 06:15.004,8,0,0,0,67301,1,0,0,N,1,0,0,2,67301,0,,1,1,,N,N,,0,,0,0,0,3,2,,1845,1,2,0,0,0,1,0,3,4,0,1,99,,N,,,,,,,,,,,
2009063884,1622.0,1,0,0,1,0,0,0,0,0,4,0,,67,5,2009,7,39.9164,-75.1639,1621.0,6,0,0,0,0,0,0,0,0,,0,0,0,16,1,1,0,,0,39 54:59.029,,0,75 09:49.924,4,0,0,0,67301,1,0,0,N,0,0,0,2,67301,1,,1,1,,N,N,,0,,0,0,0,0,0,,1619,1,2,0,0,0,0,0,3,4,0,1,3,,N,,,,,,,,,,,
2009063901,1925.0,0,0,0,0,0,0,0,0,0,7,0,,67,5,2009,7,39.8762,-75.2092,1916.0,6,0,0,0,0,0,0,0,0,,0,0,0,18,1,1,0,,0,39 52:34.185,,0,75 12:33.271,2,0,1,1,67301,0,0,0,N,0,0,0,1,67301,0,,2,1,,N,N,,0,,0,1,0,0,0,,1858,1,1,0,0,0,0,0,3,4,0,1,3,,N,,,,,,,,,,,
2009056475,1825.0,4,0,0,0,0,0,0,0,0,1,0,,67,5,2009,7,40.035,-75.1267,1818.0,6,0,0,0,0,0,0,0,0,,0,0,0,17,1,0,0,,0,40 02:06.172,,0,75 07:36.274,9,0,0,0,67301,0,0,0,N,0,0,0,3,67301,0,,1,1,,N,N,,0,,0,0,0,0,0,,1750,0,5,0,0,0,0,3,3,4,1,5,3,,N,,,,,,,,,,,
2009056516,1227.0,3,0,0,0,0,0,0,0,0,6,0,,67,4,2009,7,39.9126,-75.2219,1212.0,6,0,0,0,0,0,1,0,0,2.0,0,0,0,12,1,0,1,,2,39 54:50.283,3.0,0,75 13:17.303,0,0,0,0,67301,0,0,0,N,0,0,0,3,67301,0,,1,1,,N,N,,0,,0,0,0,3,2,Y,1212,0,3,0,0,0,0,0,3,4,0,3,3,,N,,,,,,,,,,,
2009087720,819.0,2,0,0,0,0,0,0,0,0,1,0,,67,8,2009,5,39.9579,-75.1619,808.0,6,0,0,0,0,0,0,0,0,1.0,0,0,0,8,1,0,0,,1,39 57:28.358,4.0,0,75 09:42.816,0,0,0,0,67301,0,0,0,N,0,0,0,3,68K01,0,,1,1,,N,N,,0,,0,0,1,0,0,N,804,0,3,0,0,0,0,0,3,4,0,3,3,,N,,,,,,,,,,,
2009090442,856.0,2,0,0,0,0,0,0,0,0,1,0,,67,9,2009,3,40.0219,-75.0395,842.0,6,0,0,0,0,0,1,0,0,,0,0,0,8,1,0,0,,0,40 01:18.480,,0,75 02:22.560,0,0,0,0,67301,0,0,0,N,0,0,0,2,68K01,0,,1,1,,N,N,,0,,0,0,0,0,0,,840,0,2,0,0,0,0,0,3,4,0,2,3,,N,,,,,,,,,,,
2009093416,307.0,1,0,0,0,0,0,0,0,0,4,0,,67,8,2009,1,39.958,-75.2212,305.0,6,0,0,0,0,0,1,0,0,,0,0,0,3,3,0,1,,0,39 57:28.777,,0,75 13:16.370,9,0,0,0,67301,0,0,0,N,0,0,0,4,67301,0,,1,1,,N,N,,0,,0,0,1,3,2,,302,0,2,0,0,0,0,1,3,4,0,2,3,,N,,,,,,,,,,,
2009088385,1553.0,1,0,0,0,0,0,0,0,0,7,0,,67,8,2009,6,39.8894,-75.2408,1533.0,6,0,0,0,0,0,1,0,0,,0,0,0,15,1,0,0,,0,39 53:21.840,,0,75 14:26.880,0,0,0,0,67301,0,0,0,N,0,0,0,3,68K01,0,,2,9,,N,N,,0,,0,0,0,0,0,,1524,0,1,0,0,0,0,0,3,4,0,1,7,,N,,,,,,,,,,,
2009083508,1709.0,1,0,0,0,0,0,0,0,0,6,0,,67,7,2009,4,39.9779,-75.2061,1704.0,6,0,0,0,0,0,1,0,0,,0,0,0,16,1,0,2,,0,39 58:40.436,,0,75 12:21.801,0,0,0,0,67301,0,0,0,N,0,0,0,2,67301,0,,1,1,,N,N,,1,,0,0,0,3,3,,1654,0,2,0,0,0,0,0,3,4,0,2,3,,N,,,,,,,,,,,
2009065641,0.0,0,0,0,0,0,0,0,0,0,1,0,,67,5,2009,3,40.0385,-75.2115,0.0,6,0,0,0,0,0,0,0,0,,0,0,0,21,3,1,2,,0,40 02:18.806,,0,75 12:41.675,8,0,0,0,67301,0,0,0,N,0,0,0,3,00000,0,,1,9,,N,N,,0,,0,0,2,3,3,,2115,1,2,0,0,0,1,2,3,4,0,2,3,,N,,,,,,,,,,,
2009086060,1520.0,1,0,0,0,0,0,0,0,0,8,0,,67,7,2009,2,39.9532,-75.2315,1520.0,6,0,0,0,0,0,0,0,0,,0,0,0,2,3,1,2,,0,39 57:11.455,,0,75 13:53.302,4,0,0,0,67301,1,0,0,N,1,0,0,2,67301,1,,1,1,,N,N,,0,,0,0,0,0,0,,250,1,2,0,0,0,0,0,3,4,0,1,3,,N,,,,,,,,,,,
2009083862,20.0,2,0,0,0,0,0,0,0,0,1,0,,67,7,2009,1,39.9054,-75.1946,2355.0,6,0,0,0,0,0,0,0,0,1.0,0,0,0,23,3,2,0,,2,39 54:19.266,3.0,3,75 11:40.345,8,0,0,0,67301,0,0,0,,0,0,0,3,67301,0,,1,1,,,,,0,,0,0,0,0,0,N,2349,2,2,0,0,0,2,0,3,4,0,2,3,,N,,,,,,,,,,,
2009078867,1659.0,1,0,0,0,0,0,0,0,0,4,0,,67,7,2009,4,40.0948,-74.9903,1651.0,6,0,0,0,0,0,1,0,0,,0,0,0,16,1,0,0,,0,40 05:41.426,,0,74 59:24.995,9,0,0,0,67301,0,0,0,N,0,0,0,3,67301,0,,1,9,,N,N,,0,,0,0,0,0,0,,1646,0,2,0,0,0,0,1,3,4,1,2,7,,N,,,,,,,,,,,
2009079094,2237.0,2,0,0,0,0,0,0,0,0,1,0,,67,7,2009,2,40.0447,-75.0546,2216.0,6,0,0,0,0,0,1,0,0,2.0,0,0,0,22,3,0,0,,1,40 02:40.861,2.0,0,75 03:16.568,0,0,0,0,67301,0,0,0,N,0,0,0,3,67301,0,,1,1,,N,N,,0,,0,0,0,0,0,N,2216,0,2,0,0,0,0,0,3,4,0,2,3,,N,,,,,,,,,,,
2009079305,2221.0,3,0,0,0,0,0,0,0,0,1,0,,67,7,2009,7,39.9986,-75.1298,2200.0,6,0,1,0,0,0,0,0,0,,0,0,0,21,3,2,1,,0,39 59:55.088,,0,75 07:47.103,4,0,0,0,67301,0,0,0,,0,0,0,5,67301,2,,1,1,,,,,0,,0,0,0,0,0,,2150,2,3,0,0,0,0,0,3,4,0,3,3,,N,,,,,,,,,,,
2009079005,825.0,0,0,0,0,0,0,0,0,0,2,1,,67,7,2009,3,39.9239,-75.2221,823.0,6,0,0,0,0,0,0,0,0,,0,1,0,7,1,1,1,,0,39 55:26.227,,0,75 13:19.743,8,0,0,0,67301,0,0,0,,0,0,0,5,67301,0,,1,1,,N,N,,1,,0,0,0,3,2,,730,1,2,0,0,0,1,0,3,4,0,2,3,,N,,,,,,,,,,,
2009079006,1720.0,1,0,0,0,0,0,0,0,0,8,0,,67,7,2009,1,40.0448,-75.0778,1718.0,6,0,0,0,0,0,0,0,1,,0,0,0,17,1,1,2,,0,40 02:41.143,,0,75 04:40.004,8,0,0,0,67301,1,0,0,N,1,0,0,3,67301,0,,1,1,,N,N,,0,,0,0,0,0,0,,1715,1,2,0,0,0,1,0,3,4,0,1,3,,N,,,,,,,,,,,
2009071442,1605.0,1,0,0,0,0,0,0,0,0,8,0,,67,6,2009,4,40.0335,-75.1755,1557.0,6,0,0,0,0,0,0,0,0,,0,0,0,15,1,1,0,,0,40 02:00.466,,0,75 10:31.828,4,0,0,0,67301,1,0,0,,1,0,0,2,67301,1,,1,9,,N,N,,0,,0,0,0,0,0,,1550,1,2,0,0,0,0,0,3,4,0,1,7,,N,,,,,,,,,,,
2009074591,1151.0,0,0,0,0,0,0,0,0,0,7,0,,67,6,2009,5,39.9689,-75.1545,1149.0,6,0,0,0,0,0,0,0,0,,0,0,0,11,1,1,2,,0,39 58:08.209,,0,75 09:16.358,4,0,0,0,67301,0,0,0,N,0,0,0,1,67301,1,,5,1,,N,N,,0,,0,0,1,3,3,,1130,1,1,0,0,0,0,0,3,4,0,1,3,,N,,,,,,,,,,,
2009074606,1735.0,0,0,0,0,0,0,0,0,0,4,0,,67,5,2009,7,40.0014,-75.1144,1733.0,6,0,0,0,0,0,0,0,0,3.0,0,0,0,17,1,11,1,,2,40 00:05.091,7.0,0,75 06:51.867,2,0,0,0,67301,0,0,0,N,0,0,0,13,67301,7,,1,1,,N,N,,0,,0,1,2,3,2,Y,1732,11,3,0,0,0,3,0,3,4,1,3,3,,N,,,,,,,,,,,
2009066913,1440.0,1,0,0,0,0,0,0,0,0,8,0,,67,6,2009,5,39.9554,-75.1882,1432.0,6,0,0,0,0,0,0,0,0,,0,0,0,14,1,1,2,,0,39 57:19.674,,0,75 11:17.800,4,0,0,0,67301,1,0,0,N,1,0,0,3,67301,1,,1,9,,N,N,,0,,0,0,0,3,2,,1430,1,2,0,0,0,0,0,3,4,0,1,7,,N,,,,,,,,,,,
2009066914,1439.0,2,0,0,0,0,0,0,0,0,7,0,,67,5,2009,3,39.9935,-75.1871,1437.0,6,0,0,0,0,0,2,0,0,2.0,0,0,0,14,1,1,3,,1,39 59:36.661,6.0,0,75 11:13.689,3,0,0,0,67301,0,0,0,N,0,0,0,3,67301,0,,1,9,,N,N,,0,,1,0,0,3,4,Y,1437,1,2,0,0,0,0,0,3,4,0,2,7,,N,,,,,,,,,,,
2009080250,2046.0,1,0,0,0,0,0,0,0,0,7,0,,67,8,2009,7,39.9683,-75.1299,2032.0,6,0,0,0,0,0,1,0,0,,0,0,0,20,3,1,0,,0,39 58:05.520,,0,75 07:48.360,4,0,0,0,67301,0,0,0,N,0,0,0,1,68K01,1,,2,1,,N,N,,0,,0,0,0,0,0,,2028,1,1,0,0,0,0,0,3,4,0,1,3,,N,,,,,,,,,,,
2009031452,659.0,2,0,0,0,0,0,0,0,0,1,0,,67,2,2009,2,40.0214,-75.1485,655.0,6,0,0,0,0,0,1,0,0,,0,0,0,6,3,1,1,,0,40 01:17.189,,0,75 08:54.907,4,0,0,0,67301,0,0,0,N,0,0,0,6,67301,1,,1,9,,N,N,,1,,0,0,0,3,1,,653,1,3,0,0,0,0,0,3,4,0,3,3,,N,,,,,,,,,,,
2009055855,1700.0,2,0,0,0,0,0,0,0,0,1,0,,67,5,2009,5,40.0071,-75.2139,1653.0,6,0,0,0,0,0,0,0,0,,0,0,0,16,1,0,0,,0,40 00:25.351,,0,75 12:50.982,0,0,0,0,67301,0,0,0,N,0,0,0,2,46104,0,,1,1,,N,N,,0,,0,0,0,0,0,,1650,0,2,0,0,1,0,0,3,4,0,2,3,,N,,,,,,,,,,,
2009092933,1717.0,0,0,0,0,0,0,0,0,0,8,0,,67,7,2009,4,40.0618,-75.0213,1716.0,6,0,0,0,0,0,0,0,0,9.0,0,0,0,17,1,1,0,,1,40 03:42.530,6.0,0,75 01:16.632,8,0,0,0,67301,1,0,0,,1,0,0,2,67301,0,,1,9,,N,N,,0,,0,0,0,0,0,Y,1715,1,2,0,0,0,1,0,3,4,1,1,7,,N,,,,,,,,,,,
2009092962,1210.0,3,0,0,0,0,0,0,0,0,6,0,,67,8,2009,2,39.9475,-75.2062,1215.0,6,0,0,0,0,0,0,0,0,1.0,0,0,0,12,1,1,0,,1,39 56:51.008,3.0,0,75 12:22.476,8,0,0,0,67301,0,0,0,N,0,0,0,2,67301,0,,1,1,,N,N,,0,,0,0,0,0,0,N,1210,1,3,0,0,0,1,0,3,4,0,3,3,,N,,,,,,,,,,,
2009093336,2143.0,2,0,0,0,0,0,0,0,0,4,0,,67,8,2009,7,39.9533,-75.1838,2143.0,6,0,0,0,0,0,0,0,0,,0,0,0,21,3,2,1,,0,39 57:12.003,,0,75 11:01.526,4,0,0,0,67301,0,0,0,N,0,0,0,2,67301,2,,1,1,,N,N,,0,,0,0,0,3,2,,2143,2,2,0,0,2,0,0,3,4,0,2,3,,N,,,,,,,,,,,
2009067092,1723.0,0,0,0,0,0,0,0,0,0,8,0,,67,5,2009,1,39.9947,-75.1824,1720.0,6,0,0,0,1,0,0,0,0,,0,0,0,17,1,1,0,,0,39 59:40.977,,0,75 10:56.460,3,0,0,0,67301,1,0,0,,1,0,0,2,67301,0,,1,1,,,,,0,,1,0,1,9,3,,1720,1,2,0,0,0,0,0,3,4,0,1,3,,N,,,,,,,,,,,
2009067274,1300.0,2,0,0,0,0,0,0,0,0,4,0,,67,6,2009,6,40.0691,-75.1678,1254.0,6,0,0,1,0,0,1,0,0,,0,0,0,12,1,1,1,,0,40 04:08.738,,0,75 10:03.928,8,0,0,0,67301,0,0,0,N,0,0,0,2,67301,0,,1,9,,N,N,,0,,0,0,0,3,3,,1253,1,2,0,0,0,1,0,3,4,0,2,7,,N,,,,,,,,,,,
2009067279,1635.0,1,0,0,0,0,0,0,0,0,1,0,,67,6,2009,6,40.0743,-75.0348,1623.0,6,0,0,0,0,0,1,0,0,1.0,0,0,0,16,1,1,1,,1,40 04:28.071,1.0,0,75 02:05.821,8,0,0,0,67301,0,0,0,N,0,0,0,2,67301,0,,1,9,,N,N,,0,,0,0,0,3,2,N,1618,1,2,0,0,0,1,0,3,4,1,2,7,,N,,,,,,,,,,,
2009067123,126.0,3,0,0,0,0,0,0,0,0,4,0,,67,5,2009,1,39.9839,-75.1809,116.0,6,0,0,0,0,0,1,0,0,,0,0,0,1,3,2,0,,0,39 59:01.922,,0,75 10:51.364,4,0,0,0,67301,0,0,0,,0,0,0,2,67301,1,,1,9,,,,,0,,0,0,0,0,0,,116,2,3,0,0,0,1,0,3,4,0,3,7,,N,,,,,,,,,,,
2009070013,1408.0,1,0,0,0,0,0,0,0,0,1,0,,67,4,2009,5,39.9282,-75.1463,1405.0,6,0,0,0,0,0,0,0,0,2.0,1,0,0,14,1,0,0,,1,39 55:41.887,1.0,0,75 08:46.630,1,1,0,1,67301,0,0,0,N,0,0,0,3,68K01,0,2.0,1,1,,N,N,,0,0.0,0,0,0,0,0,Y,1404,0,2,0,0,0,0,0,3,4,0,2,3,,N,,,,,,,,,,,
2009067472,1645.0,2,0,0,0,0,0,0,0,0,1,0,,67,6,2009,3,40.0421,-75.18,1640.0,6,0,0,0,0,0,0,0,0,,0,0,0,16,1,1,1,,0,40 02:31.564,,0,75 10:47.878,4,0,0,0,67301,0,0,0,N,0,0,0,4,67301,1,,1,1,,N,N,,0,,0,0,0,3,2,,1640,1,2,0,0,0,0,0,3,4,0,2,3,,N,,,,,,,,,,,