CRN,ARRIVAL_TM,AUTOMOBILE_COUNT,BELTED_DEATH_COUNT,BELTED_SUSP_SERIOUS_INJ_COUNT,BICYCLE_COUNT,BICYCLE_DEATH_COUNT,BICYCLE_SUSP_SERIOUS_INJ_COUNT,BUS_COUNT,CHLDPAS_DEATH_COUNT,CHLDPAS_SUSP_SERIOUS_INJ_COUNT,COLLISION_TYPE,COMM_VEH_COUNT,CONS_ZONE_SPD_LIM,COUNTY,CRASH_MONTH,CRASH_YEAR,DAY_OF_WEEK,DEC_LAT,DEC_LONG,DISPATCH_TM,DISTRICT,DRIVER_COUNT_16YR,DRIVER_COUNT_17YR,DRIVER_COUNT_18YR,DRIVER_COUNT_19YR,DRIVER_COUNT_20YR,DRIVER_COUNT_50_64YR,DRIVER_COUNT_65_74YR,DRIVER_COUNT_75PLUS,EST_HRS_CLOSED,FATAL_COUNT,HEAVY_TRUCK_COUNT,HORSE_BUGGY_COUNT,HOUR_OF_DAY,ILLUMINATION,INJURY_COUNT,INTERSECT_TYPE,INTERSECTION_RELATED,LANE_CLOSED,LATITUDE,LN_CLOSE_DIR,LOCATION_TYPE,LONGITUDE,MAX_SEVERITY_LEVEL,MCYCLE_DEATH_COUNT,MCYCLE_SUSP_SERIOUS_INJ_COUNT,MOTORCYCLE_COUNT,MUNICIPALITY,NONMOTR_COUNT,NONMOTR_DEATH_COUNT,NONMOTR_SUSP_SERIOUS_INJ_COUNT,NTFY_HIWY_MAINT,PED_COUNT,PED_DEATH_COUNT,PED_SUSP_SERIOUS_INJ_COUNT,PERSON_COUNT,POLICE_AGCY,POSSIBLE_INJ_COUNT,RDWY_SURF_TYPE_CD,RELATION_TO_ROAD,ROAD_CONDITION,ROADWAY_CLEARED,SCH_BUS_IND,SCH_ZONE_IND,SECONDARY_CRASH,SMALL_TRUCK_COUNT,SPEC_JURIS_CD,SUSP_MINOR_INJ_COUNT,SUSP_SERIOUS_INJ_COUNT,SUV_COUNT,TCD_FUNC_CD,TCD_TYPE,TFC_DETOUR_IND,TIME_OF_DAY,TOT_INJ_COUNT,TOTAL_UNITS,UNB_DEATH_COUNT,UNB_SUSP_SERIOUS_INJ_COUNT,UNBELTED_OCC_COUNT,UNK_INJ_DEG_COUNT,UNK_INJ_PER_COUNT,URBAN_AREA,URBAN_RURAL,VAN_COUNT,VEHICLE_COUNT,WEATHER1,WEATHER2,WORK_ZONE_IND,WORK_ZONE_LOC,WORK_ZONE_TYPE,WORKERS_PRES,WZ_CLOSE_DETOUR,WZ_FLAGGER,WZ_LAW_OFFCR_IND,WZ_LN_CLOSURE,WZ_MOVING,WZ_OTHER,WZ_SHLDER_MDN,WZ_WORKERS_INJ_KILLED
2009092988,1810.0,1,0,0,0,0,0,0,0,0,1,0,,67,8,2009,6,39.9816,-75.2301,1810.0,6,0,0,0,0,0,0,0,0,,0,0,0,17,1,3,2,,0,39 58:53.626,,0,75 13:48.460,8,0,0,0,67301,0,0,0,N,0,0,0,9,67301,0,,1,9,,N,N,,1,,0,0,0,3,2,,1726,3,3,0,0,0,3,0,3,4,1,3,7,,N,,,,,,,,,,,
2009067434,1639.0,1,0,0,0,0,0,0,0,0,5,0,,67,6,2009,2,39.9375,-75.1939,1634.0,6,0,0,0,0,0,0,0,0,,0,0,0,16,1,1,0,,0,39 56:15.102,,0,75 11:37.946,8,0,0,0,67301,0,0,0,,0,0,0,3,67301,0,,1,9,,,,,1,,0,0,0,0,0,,1600,1,2,0,0,0,1,0,3,4,0,2,3,,N,,,,,,,,,,,
2009067438,2151.0,0,0,0,0,0,0,0,0,0,1,0,,67,6,2009,4,39.9982,-75.1876,2151.0,6,0,0,0,0,0,0,0,0,,0,0,0,18,1,1,1,,0,39 59:53.654,,0,75 11:15.510,4,0,0,0,67301,0,0,0,N,0,0,0,3,67301,1,,1,1,,N,N,,0,,0,0,2,3,2,,1830,1,2,0,0,0,0,0,3,4,0,2,3,,N,,,,,,,,,,,
2009067010,1854.0,0,0,0,1,0,0,0,0,0,4,0,,67,6,2009,6,39.9379,-75.1537,1853.0,6,0,0,0,0,0,0,0,0,,0,0,0,18,1,1,1,,0,39 56:16.321,,0,75 09:13.399,3,0,0,0,67301,1,0,0,,0,0,0,3,67301,0,,1,9,,N,N,,1,,1,0,0,3,3,,1850,1,2,0,0,0,0,0,3,4,0,1,7,,N,,,,,,,,,,,
2009064863,1747.0,2,0,0,0,0,0,0,0,0,4,0,,67,5,2009,7,39.9917,-75.1616,1745.0,6,0,0,0,1,0,0,0,0,2.0,0,0,0,17,1,2,1,,1,39 59:30.152,1.0,0,75 09:41.914,4,0,0,0,67301,0,0,0,,0,0,0,4,67301,2,,1,1,,,,,0,,0,0,0,3,2,N,1745,2,2,0,0,0,0,0,3,4,0,2,3,,N,,,,,,,,,,,
2009067476,2225.0,2,0,0,0,0,0,0,0,0,1,0,,67,6,2009,4,40.1048,-75.0016,2210.0,6,0,0,0,0,1,0,0,0,1.0,0,0,0,22,3,2,0,,1,40 06:17.324,2.0,0,75 00:05.831,4,0,0,0,67301,0,0,0,N,0,0,0,3,67301,2,,1,9,,N,N,,0,,0,0,0,3,2,N,2220,2,3,0,0,0,0,1,3,4,0,3,7,,N,,,,,,,,,,,
2009067537,1949.0,1,0,0,1,0,0,0,0,0,5,0,,67,5,2009,1,39.9727,-75.228,1946.0,6,0,0,0,0,0,1,0,0,,0,0,0,19,1,1,0,,0,39 58:21.802,,0,75 13:40.915,4,0,0,0,67301,1,0,0,,0,0,0,3,67301,1,,1,1,,,,,0,,0,0,0,3,3,,1946,1,2,0,0,0,0,0,3,4,0,1,3,,N,,,,,,,,,,,
2009064977,230.0,1,0,0,0,0,0,0,0,0,7,0,,67,5,2009,7,40.1119,-74.9917,228.0,6,0,0,0,0,0,0,0,0,1.0,0,0,0,2,3,1,0,,1,40 06:42.708,1.0,0,74 59:30.239,8,0,0,0,67301,0,0,0,,0,0,0,1,67301,0,,2,1,,N,N,,0,,0,0,0,0,0,N,228,1,1,0,0,0,1,0,3,4,0,1,3,,N,,,,,,,,,,,
2009067566,605.0,2,0,0,0,0,0,0,0,0,4,0,,67,6,2009,1,39.9898,-75.1255,600.0,6,0,0,0,0,0,0,0,0,,0,0,0,5,1,2,1,,0,39 59:23.298,,0,75 07:31.934,2,0,0,0,67301,0,0,0,,0,0,0,2,67301,0,,1,1,,N,N,,0,,0,2,0,3,2,,555,2,2,0,0,0,0,0,3,4,0,2,3,,N,,,,,,,,,,,
2009067581,1150.0,0,0,0,0,0,0,0,0,0,8,0,,67,6,2009,6,39.9566,-75.1524,1145.0,6,0,0,0,0,0,0,0,0,,0,0,0,11,1,1,1,,0,39 57:23.708,,0,75 09:08.591,4,0,0,0,67301,1,0,0,N,1,0,0,2,67301,1,,1,9,,N,N,,0,,0,0,0,3,2,,1145,1,2,0,0,0,0,0,3,4,1,1,7,,N,,,,,,,,,,,
2009059679,2157.0,1,0,0,0,0,0,0,0,0,4,0,,67,5,2009,2,40.0074,-75.1368,2155.0,6,0,0,0,0,0,0,0,0,,0,0,0,21,3,2,1,,0,40 00:26.682,,0,75 08:12.579,2,0,0,0,67301,0,0,0,,0,0,0,2,67301,1,,1,9,,N,N,,0,,0,1,0,3,2,,2150,2,2,0,0,0,0,0,3,4,1,2,7,,N,,,,,,,,,,,
2009118845,1845.0,2,0,0,0,0,0,0,0,0,4,0,,67,10,2009,7,40.0554,-75.1263,1805.0,6,0,0,0,0,0,0,0,0,2.0,0,0,0,99,4,4,2,,1,40 03:19.502,3.0,0,75 07:34.825,4,0,0,0,67301,0,0,0,N,0,0,0,6,67301,3,,1,9,,N,N,,0,,0,0,0,3,2,Y,9999,4,2,0,0,0,1,0,3,4,0,2,7,,N,,,,,,,,,,,
2009118934,245.0,1,0,0,0,0,0,0,0,0,7,0,,67,10,2009,2,40.0001,-75.1262,241.0,6,0,0,0,0,0,0,0,0,,0,0,0,2,3,0,0,,0,40 00:00.378,,0,75 07:34.339,0,0,0,0,67301,0,0,0,,0,0,0,1,67301,0,,5,1,,,,,0,,0,0,0,0,0,,235,0,1,0,0,0,0,0,3,4,0,1,3,,N,,,,,,,,,,,
2009108649,140.0,0,0,0,0,0,0,0,0,0,5,0,,67,9,2009,1,39.9355,-75.1993,133.0,6,0,0,0,0,0,0,0,0,,0,0,0,1,3,1,0,,0,39 56:07.842,,2,75 11:57.492,8,0,0,1,67301,0,0,0,N,0,0,0,2,67301,0,,1,1,,N,N,,0,,0,0,1,0,0,,116,1,2,0,0,0,1,1,3,4,0,2,3,,N,,,,,,,,,,,
2009120868,1045.0,2,0,0,0,0,0,0,0,0,4,1,,67,10,2009,4,39.9671,-75.1637,1044.0,6,0,0,0,0,0,0,1,0,,0,1,0,10,1,0,1,,0,39 58:01.657,,0,75 09:49.449,0,0,0,0,67301,0,0,0,N,0,0,0,2,67301,0,,1,9,,N,N,,0,,0,0,0,3,2,,1040,0,3,0,0,0,0,0,3,4,0,3,7,,N,,,,,,,,,,,
2009120871,2218.0,2,0,0,0,0,0,0,0,0,1,0,,67,10,2009,3,39.9067,-75.1834,2203.0,6,0,0,0,0,0,0,0,0,,0,0,0,22,3,2,2,,0,39 54:23.986,,0,75 11:00.103,4,0,0,0,67301,0,0,0,N,0,0,0,4,67301,2,,1,1,,N,N,,0,,0,0,0,3,2,,2203,2,2,0,0,0,0,1,3,4,0,2,3,,N,,,,,,,,,,,
2009118412,900.0,1,0,0,0,0,0,0,0,0,7,0,,67,11,2009,7,39.9582,-75.1403,854.0,6,0,0,0,0,0,0,0,0,1.0,0,0,0,8,1,0,0,,1,39 57:24.308,3.0,2,75 08:29.975,0,0,0,0,67301,0,0,0,N,0,0,0,1,68K01,0,,2,9,,N,N,,0,,0,0,0,0,0,N,853,0,1,0,0,0,0,0,3,4,0,1,3,,N,,,,,,,,,,,
2009111580,55.0,2,0,0,0,0,0,0,0,0,2,0,,67,10,2009,7,39.9738,-75.2582,53.0,6,0,0,0,0,0,0,0,0,,0,0,0,0,3,1,3,,0,39 58:25.603,,0,75 15:29.678,4,0,0,0,67301,0,0,0,,0,0,0,2,67301,1,,3,9,,,,,0,,0,0,0,3,2,,25,1,2,0,0,0,0,0,3,4,0,2,7,,N,,,,,,,,,,,
2009093537,130.0,2,0,0,0,0,0,0,0,0,1,0,,67,8,2009,1,39.9503,-75.1917,130.0,6,0,0,0,0,0,0,0,0,,0,0,0,1,3,1,1,,0,39 57:20.049,,0,75 11:22.152,8,0,0,0,67301,0,0,0,N,0,0,0,3,67301,0,,1,9,,N,N,,0,,0,0,0,3,2,,130,1,2,0,0,0,1,0,3,4,0,2,7,,N,,,,,,,,,,,
2009093624,755.0,2,0,0,0,0,0,0,0,0,2,0,,67,8,2009,4,39.9696,-75.2453,754.0,6,0,0,0,0,1,0,0,0,,0,0,0,7,1,1,0,,0,39 58:10.537,,7,75 14:42.982,4,0,0,0,67301,0,0,0,N,0,0,0,2,67301,1,,1,1,,N,N,,0,,0,0,0,0,0,,750,1,2,0,0,0,0,0,3,4,0,2,3,,N,,,,,,,,,,,
2009093647,1452.0,1,0,0,0,0,0,0,0,0,8,0,,67,8,2009,7,40.0391,-75.2396,1444.0,6,0,0,0,0,0,0,0,0,,0,0,0,14,1,1,0,,0,40 02:20.842,,0,75 14:22.491,4,0,0,0,67301,1,0,0,N,1,0,0,2,67301,1,,4,1,,N,N,,0,,0,0,0,0,0,,1440,1,2,0,0,0,0,1,3,4,0,1,3,,N,,,,,,,,,,,
2009054227,2235.0,0,0,0,0,0,0,0,0,0,8,0,,67,4,2009,5,40.0171,-75.1513,2217.0,6,0,0,0,0,0,0,0,0,,0,0,0,22,3,1,2,,0,40 01:01.679,,0,75 09:04.532,2,0,0,0,67301,1,0,1,N,1,0,1,2,67301,0,,1,1,,N,N,,1,,0,1,0,3,2,,2200,1,2,0,0,0,0,1,3,4,0,1,3,,N,,,,,,,,,,,
2009054421,1420.0,0,0,0,0,0,0,0,0,0,7,0,,67,4,2009,4,40.0508,-75.0461,1400.0,6,0,0,0,0,0,0,0,0,,0,0,0,13,1,0,0,,0,40 03:03.034,,0,75 02:46.050,0,0,0,0,67301,0,0,0,,0,0,0,1,67301,0,,5,1,,,,,1,,0,0,0,0,0,,1355,0,1,0,0,0,0,0,3,4,0,1,3,,N,,,,,,,,,,,
2009054348,2332.0,3,0,0,0,0,0,0,0,0,4,0,,67,4,2009,3,40.0021,-75.1326,2330.0,6,0,0,0,0,0,0,0,0,,0,0,0,23,3,2,5,,0,40 00:07.592,,0,75 07:57.262,8,0,0,0,67301,1,0,0,Y,0,0,0,3,67301,0,,1,9,,N,N,,0,,0,0,0,0,0,,2329,2,3,0,0,2,2,0,3,4,0,3,7,,N,,,,,,,,,,,
2009054473,1955.0,1,0,0,0,0,0,0,0,0,4,0,,67,4,2009,7,39.9707,-75.1198,1949.0,6,0,0,0,0,0,1,0,0,,0,0,0,99,4,1,10,,0,39 58:14.361,,0,75 07:11.445,3,0,0,1,67301,0,0,0,,0,0,0,1,67301,0,,1,1,,,,,0,,1,0,0,0,0,,9999,1,2,0,0,0,0,0,3,4,0,2,3,,N,,,,,,,,,,,
2009054488,130.0,2,0,0,0,0,0,0,0,0,6,0,,67,4,2009,6,40.0318,-75.0853,127.0,6,0,0,0,0,0,0,0,0,,0,0,0,1,3,1,5,,0,40 01:54.428,,0,75 05:07.226,4,0,0,0,67301,0,0,0,,0,0,0,2,67301,1,,1,1,,,,,0,,0,0,0,3,2,,125,1,2,0,0,0,0,1,3,4,0,2,3,,N,,,,,,,,,,,
2009086110,1715.0,0,0,0,0,0,0,0,0,0,4,0,,67,7,2009,2,40.0107,-75.1627,1714.0,6,0,0,0,0,0,0,0,0,,0,0,0,17,1,3,1,,0,40 00:38.621,,0,75 09:45.580,2,0,0,0,67301,0,0,0,,0,0,0,3,67301,0,,1,1,,,,,1,,0,1,1,3,3,,1712,3,2,0,0,0,2,0,3,4,0,2,3,,N,,,,,,,,,,,
2009086114,943.0,1,0,0,1,0,0,0,0,0,4,0,,67,7,2009,3,39.9657,-75.1606,936.0,6,0,0,0,0,0,0,0,1,,0,0,0,9,1,1,2,,0,39 57:56.508,,0,75 09:38.224,4,0,0,0,67301,1,0,0,,0,0,0,2,67301,1,,1,1,,,,,0,,0,0,0,3,8,,930,1,2,0,0,0,0,0,3,4,0,1,3,,N,,,,,,,,,,,
2009086161,1611.0,3,0,0,0,0,0,0,0,0,1,0,,67,8,2009,4,40.0068,-75.1316,1605.0,6,0,1,0,0,0,0,0,0,,0,0,0,15,1,1,1,,0,40 00:24.352,,0,75 07:53.653,8,0,0,0,67301,0,0,0,,0,0,0,3,67301,0,,1,1,,N,,,0,,0,0,0,3,2,,1552,1,3,0,0,0,1,0,3,4,0,3,3,,N,,,,,,,,,,,
2009086163,1155.0,1,0,0,0,0,0,0,0,0,1,0,,67,7,2009,2,40.0216,-75.1401,1155.0,6,0,0,0,1,0,0,0,0,,0,0,0,8,1,2,0,,0,40 01:17.005,,0,75 08:25.400,8,0,0,0,67301,0,0,0,N,0,0,0,3,67301,0,,1,1,,N,N,,0,,0,0,0,0,0,,840,2,2,0,0,0,2,0,3,4,1,2,3,,N,,,,,,,,,,,
2009071013,1310.0,0,0,0,0,0,0,0,0,0,5,2,,67,7,2009,2,39.9693,-75.1922,1304.0,6,0,0,0,0,0,1,1,0,1.0,0,2,0,13,1,0,0,,2,39 58:10.766,3.0,0,75 11:32.963,0,0,0,0,67301,0,0,0,N,0,0,0,3,68K01,0,,1,1,,N,N,,1,,0,0,0,0,0,N,1300,0,3,0,0,0,0,0,3,4,0,3,3,,N,,,,,,,,,,,
2009073631,906.0,0,0,0,0,0,0,0,0,0,1,1,,67,7,2009,2,39.991,-75.0866,903.0,6,0,0,0,0,0,1,0,0,1.0,0,1,0,9,1,0,0,,1,39 59:27.334,2.0,0,75 05:11.933,0,0,0,0,67301,0,0,0,N,0,0,0,2,68K01,0,,1,1,,N,N,,1,,0,0,0,0,0,N,903,0,2,0,0,0,0,0,3,4,0,2,3,,N,,,,,,,,,,,
2009068840,1539.0,2,0,0,0,0,0,0,0,0,4,0,,67,5,2009,6,39.98,-75.1239,9999.0,6,0,0,0,0,0,0,0,0,1.0,0,0,0,99,1,1,1,,1,39 58:48.129,2.0,0,75 07:26.075,4,0,0,0,67301,0,0,0,N,0,0,0,2,67301,1,,1,1,,,,,0,,0,0,0,0,0,N,9999,1,2,0,0,0,0,0,3,4,0,2,3,,N,,,,,,,,,,,
2010003007,1350.0,2,0,0,0,0,0,0,0,0,6,0,,67,11,2009,2,39.9399,-75.1831,1345.0,6,0,0,0,0,0,1,0,0,,0,0,0,13,1,0,1,,0,39 56:23.586,,0,75 10:59.271,9,0,0,0,67301,0,0,0,,0,0,0,2,67301,0,,1,9,,N,N,,0,,0,0,0,3,2,,1335,0,2,0,0,0,0,1,3,4,0,2,7,,N,,,,,,,,,,,
2010003028,2018.0,1,0,0,0,0,0,0,0,0,1,0,,67,12,2009,6,40.0554,-75.0484,2013.0,6,0,0,1,0,0,0,0,0,,0,0,0,20,6,1,0,,0,40 03:19.404,,6,75 02:54.330,8,0,0,0,67301,0,0,0,,0,0,0,4,67301,0,,1,1,,,,,1,,0,0,0,3,4,,2010,1,2,0,0,4,1,0,3,4,0,2,3,,N,,,,,,,,,,,
2010003100,1150.0,1,0,0,0,0,0,0,0,0,8,0,,67,11,2009,2,39.9462,-75.1534,1148.0,6,0,0,0,0,0,1,0,0,,0,0,0,11,1,1,1,,0,39 56:46.164,,0,75 09:12.416,4,0,0,0,67301,1,0,0,N,1,0,0,2,67301,1,,1,1,,N,N,,0,,0,0,0,3,2,,1145,1,2,0,0,0,0,0,3,4,0,1,3,,N,,,,,,,,,,,
2010003182,1539.0,2,0,0,0,0,0,0,0,0,5,0,,67,11,2009,7,39.9195,-75.1616,1534.0,6,1,0,0,0,0,0,0,0,1.0,0,0,0,15,1,4,2,,2,39 55:10.254,4.0,0,75 09:41.741,4,0,0,0,67301,0,0,0,,0,0,0,4,67301,4,,1,1,,N,N,,0,,0,0,0,0,0,Y,1525,4,2,0,0,0,0,0,3,4,0,2,3,,N,,,,,,,,,,,
2010003233,1838.0,0,0,0,1,0,0,0,0,0,4,0,,67,12,2009,2,39.9678,-75.2098,1838.0,6,0,0,0,0,0,0,0,0,,0,0,0,18,3,1,0,,0,39 58:03.983,,0,75 12:35.232,8,0,0,0,67301,1,0,0,N,0,0,0,2,67301,0,,1,1,,N,N,,0,,0,0,1,0,0,,1830,1,2,0,0,0,1,0,3,4,0,1,3,,N,,,,,,,,,,,
2010003243,1620.0,2,0,0,0,0,0,0,0,0,2,0,,67,11,2009,1,39.9814,-75.1137,1410.0,6,0,0,0,0,0,0,0,0,,0,0,0,14,1,1,1,,0,39 58:53.029,,0,75 06:49.373,4,0,0,0,67301,0,0,0,N,0,0,0,3,67301,1,,1,1,,N,N,,0,,0,0,0,3,2,,1410,1,2,0,0,0,0,0,3,4,0,2,3,,N,,,,,,,,,,,
2010005934,340.0,1,0,0,1,0,0,0,0,0,1,0,,67,12,2009,7,39.9656,-75.2317,328.0,6,0,0,0,0,0,0,0,0,,0,0,0,3,6,1,0,,0,39 57:56.148,,99,75 13:54.274,4,0,0,0,67301,1,0,0,N,0,0,0,2,67301,1,,9,9,,N,N,,0,,0,0,0,3,2,,328,1,2,0,0,0,0,0,3,4,0,1,10,,N,,,,,,,,,,,
2010003274,0.0,1,0,0,0,0,0,0,0,0,1,0,,67,11,2009,7,39.968,-75.2269,0.0,6,0,0,0,0,0,0,0,0,,0,0,0,0,3,0,0,,0,39 58:04.724,,0,75 13:36.734,0,0,0,0,67301,0,0,0,,0,0,0,1,67301,0,,6,1,,,,,0,,0,0,0,0,0,,0,0,2,0,0,0,0,0,3,4,0,2,3,,N,,,,,,,,,,,
2010006368,756.0,1,0,0,1,0,0,0,0,0,5,0,,67,12,2009,3,39.9561,-75.159,752.0,6,0,0,0,0,0,0,0,0,,0,0,0,7,1,1,0,,0,39 57:21.790,,0,75 09:32.450,8,0,0,0,67301,1,0,0,N,0,0,0,2,67301,0,,1,9,,N,N,,0,,0,0,0,3,2,,745,1,2,0,0,1,1,0,3,4,0,1,3,,N,,,,,,,,,,,
2010010167,0.0,1,0,0,0,0,0,0,0,0,1,0,,67,12,2009,1,40.0745,-75.035,0.0,6,0,0,0,0,0,1,0,0,,0,0,0,2,6,4,1,,0,40 04:28.594,,0,75 02:06.267,8,0,0,0,67301,0,0,0,,0,0,0,5,00000,0,,1,7,,,,,0,,0,0,0,3,2,,230,4,2,0,0,0,4,0,3,4,1,2,10,,N,,,,,,,,,,,
2010010717,0.0,2,0,0,0,0,0,0,0,0,4,0,,67,10,2009,3,39.9961,-75.1471,0.0,6,0,0,0,0,0,0,0,0,,0,0,0,18,4,3,1,,0,39 59:46.100,,0,75 08:49.451,3,0,0,0,67301,0,0,0,,0,0,0,4,00000,0,,1,1,,,,,0,,3,0,0,0,0,,1830,3,2,0,0,0,0,0,3,4,0,2,3,,N,,,,,,,,,,,
2009079215,2042.0,1,0,0,0,0,0,0,0,0,8,0,,67,7,2009,4,40.0225,-75.145,2042.0,6,0,0,0,0,0,0,0,0,,0,0,0,20,4,1,0,,0,40 01:21.140,,0,75 08:41.822,4,0,0,0,67301,1,0,0,N,1,0,0,2,67301,1,,1,1,,N,N,,0,,0,0,0,0,0,,2041,1,2,0,0,0,0,0,3,4,0,1,3,,N,,,,,,,,,,,
2009079246,1132.0,1,0,0,0,0,0,0,0,0,1,0,,67,7,2009,3,39.9924,-75.0831,1130.0,6,0,0,0,0,0,1,0,0,,0,0,0,11,1,1,0,,0,39 59:32.829,,0,75 04:58.768,4,0,0,0,67301,0,0,0,,0,0,0,2,67301,1,,1,1,,,,,1,,0,0,0,0,0,,1130,1,2,0,0,0,0,0,3,4,0,2,3,,N,,,,,,,,,,,
2009074454,1145.0,3,0,0,0,0,0,0,0,0,4,0,,67,6,2009,7,39.9561,-75.238,1142.0,6,0,0,0,0,0,0,0,0,,0,0,0,11,1,1,1,,0,39 57:21.859,,0,75 14:16.659,4,0,0,0,67301,0,0,0,N,0,0,0,3,67301,1,,1,1,,N,N,,0,,0,0,1,3,2,,1140,1,4,0,0,0,0,0,3,4,0,4,3,,N,,,,,,,,,,,
2009074555,1510.0,0,0,0,0,0,0,0,0,0,7,0,,67,6,2009,7,39.9273,-75.145,1505.0,6,0,0,0,0,0,0,0,0,,0,0,0,15,1,1,0,,0,39 55:38.232,,0,75 08:42.076,3,0,0,1,67301,0,0,0,,0,0,0,1,67301,0,,1,1,,,,,0,,1,0,0,3,1,,1500,1,1,0,0,0,0,0,3,4,0,1,3,,N,,,,,,,,,,,
2009074586,9999.0,0,0,0,1,0,0,1,0,0,5,1,,67,1,2009,2,39.9379,-75.1532,1450.0,6,0,0,0,0,0,0,0,0,,0,0,0,15,1,1,0,,0,39 56:16.523,,0,75 09:11.697,3,0,0,0,67301,1,0,0,N,0,0,0,2,67301,0,,1,1,,Y,Y,,0,,1,0,0,0,0,,1515,1,2,0,0,0,0,0,3,4,0,1,3,,N,,,,,,,,,,,
2009066643,0.0,1,0,0,0,0,0,0,0,0,1,0,,67,1,2009,7,40.0546,-75.01,0.0,6,0,0,0,0,0,0,0,0,,0,0,0,3,6,1,2,,0,40 03:16.658,,0,75 00:35.920,3,0,0,0,67301,0,0,0,N,0,0,0,3,00000,0,,1,1,,N,N,,0,,1,0,0,3,2,,300,1,2,0,0,0,0,1,3,4,0,2,3,,N,,,,,,,,,,,
2009074421,2210.0,1,0,0,0,0,0,0,0,0,6,0,,67,6,2009,6,40.0122,-75.1505,2208.0,6,0,0,0,0,0,0,1,0,,0,0,0,99,3,0,5,,0,40 00:44.009,,0,75 09:01.745,9,0,0,0,67301,0,0,0,,0,0,0,3,67301,0,,1,1,,N,N,,1,,0,0,0,3,2,,9999,0,3,0,0,0,0,2,3,4,0,3,3,,N,,,,,,,,,,,
2009070057,1405.0,0,0,0,0,0,0,0,0,0,1,0,,67,4,2009,1,39.9056,-75.1315,1405.0,6,0,0,0,0,0,0,0,0,,0,0,0,14,1,2,0,,0,39 54:20.105,,3,75 07:53.436,4,0,0,0,67301,0,0,0,N,0,0,0,7,67501,2,,1,1,,N,N,,0,,0,0,1,0,0,,1405,2,2,0,0,0,0,0,3,4,1,2,3,,N,,,,,,,,,,,
2009075415,1451.0,0,0,0,0,0,0,0,0,0,8,0,,67,6,2009,3,40.0754,-75.0518,1443.0,6,0,0,0,0,0,0,0,0,,0,0,0,14,1,1,2,,0,40 04:31.263,,0,75 03:06.631,3,0,0,0,67301,1,0,0,,1,0,0,2,67301,0,,4,1,,N,N,,0,,1,0,0,0,0,,1440,1,2,0,0,0,0,0,3,4,0,1,3,,N,,,,,,,,,,,
2009060781,1139.0,1,0,0,0,0,0,0,0,0,7,0,,67,6,2009,6,40.0066,-75.0741,1136.0,6,0,0,0,0,0,0,0,0,1.0,0,0,0,11,1,1,0,,2,40 00:23.445,2.0,0,75 04:27.102,8,0,0,0,67301,0,0,0,N,0,0,0,1,68K01,0,,3,1,,N,N,,0,,0,0,0,0,0,N,1134,1,1,0,0,0,1,0,3,4,0,1,3,,N,,,,,,,,,,,
2009053613,316.0,1,0,0,0,0,0,0,0,0,4,0,,67,1,2009,5,39.9133,-75.2434,316.0,6,0,0,0,0,0,1,0,0,1.0,0,0,0,2,3,1,0,,1,39 54:47.820,2.0,7,75 14:36.391,8,0,0,0,67301,0,0,0,N,0,0,0,3,67301,0,,1,1,,N,N,,0,,0,0,1,0,0,N,218,1,2,0,0,0,1,0,3,4,0,2,3,,N,,,,,,,,,,,
2009064482,0.0,1,0,0,0,0,0,0,0,0,4,0,,67,1,2009,6,39.9539,-75.2009,0.0,6,0,0,0,0,0,1,0,0,,0,0,0,18,6,1,0,,0,39 57:14.087,,0,75 12:03.100,8,0,0,0,67301,0,0,0,N,0,0,0,2,00000,0,,1,1,,N,N,,0,,0,0,0,0,0,,1845,1,2,0,0,0,1,0,3,4,0,2,3,,N,,,,,,,,,,,
2009067298,251.0,1,0,0,0,0,0,0,0,0,5,0,,67,6,2009,7,39.9281,-75.1892,250.0,6,0,0,0,0,0,0,1,0,,0,0,0,2,3,0,0,,0,39 55:41.048,,0,75 11:21.152,0,0,0,0,67301,1,0,0,N,0,0,0,2,67301,0,,1,1,,N,N,,0,,0,0,1,0,0,,248,0,2,0,0,1,0,0,3,4,0,2,3,,N,,,,,,,,,,,
2009067475,1700.0,2,0,0,0,0,0,0,0,0,1,0,,67,5,2009,6,40.1047,-75.0015,1655.0,6,0,0,0,0,0,1,0,0,1.0,0,0,0,16,1,1,2,,1,40 06:17.424,2.0,0,75 00:05.687,4,0,0,0,67301,0,0,0,N,0,0,0,2,67301,1,,1,9,,N,N,,0,,0,0,0,9,2,N,1650,1,2,0,0,0,0,0,3,4,0,2,7,,N,,,,,,,,,,,
2009064893,1419.0,2,0,0,0,0,0,0,0,0,4,0,,67,5,2009,5,39.929,-75.1665,1419.0,6,0,0,0,0,0,0,0,0,,0,0,0,14,1,2,1,,0,39 55:44.306,,0,75 09:59.461,4,0,0,0,67301,0,0,0,N,0,0,0,4,67301,2,,1,1,,N,N,,0,,0,0,0,3,3,,1419,2,2,0,0,0,0,0,3,4,0,2,3,,N,,,,,,,,,,,
2009064976,10.0,1,0,0,0,0,0,0,0,0,5,0,,67,5,2009,1,40.061,-75.1821,0.0,6,0,0,0,0,0,0,0,0,,0,0,0,23,3,1,0,,0,40 03:39.497,,0,75 10:55.665,4,0,0,0,67301,0,0,0,N,0,0,0,2,67301,1,,2,9,,N,N,,0,,0,0,0,0,0,,2333,1,2,0,0,0,0,0,3,4,1,2,7,,N,,,,,,,,,,,