CRN,ARRIVAL_TM,AUTOMOBILE_COUNT,BELTED_DEATH_COUNT,BELTED_SUSP_SERIOUS_INJ_COUNT,BICYCLE_COUNT,BICYCLE_DEATH_COUNT,BICYCLE_SUSP_SERIOUS_INJ_COUNT,BUS_COUNT,CHLDPAS_DEATH_COUNT,CHLDPAS_SUSP_SERIOUS_INJ_COUNT,COLLISION_TYPE,COMM_VEH_COUNT,CONS_ZONE_SPD_LIM,COUNTY,CRASH_MONTH,CRASH_YEAR,DAY_OF_WEEK,DEC_LAT,DEC_LONG,DISPATCH_TM,DISTRICT,DRIVER_COUNT_16YR,DRIVER_COUNT_17YR,DRIVER_COUNT_18YR,DRIVER_COUNT_19YR,DRIVER_COUNT_20YR,DRIVER_COUNT_50_64YR,DRIVER_COUNT_65_74YR,DRIVER_COUNT_75PLUS,EST_HRS_CLOSED,FATAL_COUNT,HEAVY_TRUCK_COUNT,HORSE_BUGGY_COUNT,HOUR_OF_DAY,ILLUMINATION,INJURY_COUNT,INTERSECT_TYPE,INTERSECTION_RELATED,LANE_CLOSED,LATITUDE,LN_CLOSE_DIR,LOCATION_TYPE,LONGITUDE,MAX_SEVERITY_LEVEL,MCYCLE_DEATH_COUNT,MCYCLE_SUSP_SERIOUS_INJ_COUNT,MOTORCYCLE_COUNT,MUNICIPALITY,NONMOTR_COUNT,NONMOTR_DEATH_COUNT,NONMOTR_SUSP_SERIOUS_INJ_COUNT,NTFY_HIWY_MAINT,PED_COUNT,PED_DEATH_COUNT,PED_SUSP_SERIOUS_INJ_COUNT,PERSON_COUNT,POLICE_AGCY,POSSIBLE_INJ_COUNT,RDWY_SURF_TYPE_CD,RELATION_TO_ROAD,ROAD_CONDITION,ROADWAY_CLEARED,SCH_BUS_IND,SCH_ZONE_IND,SECONDARY_CRASH,SMALL_TRUCK_COUNT,SPEC_JURIS_CD,SUSP_MINOR_INJ_COUNT,SUSP_SERIOUS_INJ_COUNT,SUV_COUNT,TCD_FUNC_CD,TCD_TYPE,TFC_DETOUR_IND,TIME_OF_DAY,TOT_INJ_COUNT,TOTAL_UNITS,UNB_DEATH_COUNT,UNB_SUSP_SERIOUS_INJ_COUNT,UNBELTED_OCC_COUNT,UNK_INJ_DEG_COUNT,UNK_INJ_PER_COUNT,URBAN_AREA,URBAN_RURAL,VAN_COUNT,VEHICLE_COUNT,WEATHER1,WEATHER2,WORK_ZONE_IND,WORK_ZONE_LOC,WORK_ZONE_TYPE,WORKERS_PRES,WZ_CLOSE_DETOUR,WZ_FLAGGER,WZ_LAW_OFFCR_IND,WZ_LN_CLOSURE,WZ_MOVING,WZ_OTHER,WZ_SHLDER_MDN,WZ_WORKERS_INJ_KILLED
2009064982,1841.0,2,0,0,0,0,0,0,0,0,4,0,,67,5,2009,5,40.0889,-74.9694,1836.0,6,0,0,0,1,1,0,0,0,,0,0,0,16,1,2,2,,0,40 05:19.682,,7,74 58:10.236,4,0,0,0,67301,0,0,0,N,0,0,0,5,67301,2,,1,8,,N,N,,0,,0,0,0,9,2,,1629,2,2,0,0,1,0,0,3,4,0,2,3,,N,,,,,,,,,,,
2009057241,1157.0,1,0,0,0,0,0,0,0,0,2,0,,67,4,2009,3,39.9699,-75.2393,1142.0,6,0,0,0,0,0,0,0,0,,0,0,0,11,1,2,1,,0,39 58:11.761,,0,75 14:21.430,4,0,0,0,67301,0,0,0,N,0,0,0,4,67301,1,,1,1,,N,N,,0,,0,0,0,3,2,,1142,2,2,0,0,0,1,0,3,4,1,2,3,,N,,,,,,,,,,,
2009111125,1955.0,1,0,0,0,0,0,0,0,0,4,0,,67,9,2009,1,39.9758,-75.2266,1951.0,6,0,0,0,0,0,0,0,0,3.0,0,0,0,99,3,1,2,,2,39 58:32.806,7.0,0,75 13:35.928,3,0,0,1,67301,0,0,0,N,0,0,0,3,37301,0,,1,1,,N,N,,0,,1,0,0,0,0,Y,9999,1,2,0,0,0,0,1,3,4,0,2,3,,N,,,,,,,,,,,
2009118949,1625.0,1,0,0,0,0,0,0,0,0,1,0,,67,10,2009,3,39.9435,-75.1648,1610.0,6,0,0,0,0,0,0,0,0,,0,0,0,16,1,1,0,,0,39 56:36.747,,0,75 09:53.265,8,0,0,0,67301,1,0,0,,0,0,0,2,67301,0,,6,1,,,,,0,,0,0,0,0,0,,1605,1,2,0,0,0,1,0,3,4,1,2,3,,N,,,,,,,,,,,
2009120866,1852.0,1,0,0,0,0,0,0,0,0,8,0,,67,10,2009,7,39.9673,-75.1724,1848.0,6,0,0,0,0,0,0,0,0,,0,0,0,18,3,1,0,,0,39 58:02.164,,0,75 10:20.553,4,0,0,0,67301,1,0,0,N,1,0,0,2,67301,1,,1,9,,N,N,,0,,0,0,0,0,0,,1844,1,2,0,0,0,0,0,3,4,0,1,7,,N,,,,,,,,,,,
2009054111,715.0,2,0,0,0,0,0,0,0,0,4,0,,67,4,2009,2,39.9301,-75.1464,714.0,6,0,0,0,0,0,0,2,0,,0,0,0,99,1,0,1,,0,39 55:48.388,,0,75 08:47.140,0,0,0,0,67301,0,0,0,,0,0,0,2,67301,0,,1,9,,,,,0,,0,0,0,3,3,,9999,0,2,0,0,0,0,0,3,4,0,2,7,,N,,,,,,,,,,,
2009054112,949.0,2,0,0,0,0,0,0,0,0,4,0,,67,4,2009,2,39.9872,-75.1088,947.0,6,0,0,0,0,0,0,0,0,2.0,0,0,0,9,1,0,1,,2,39 59:13.933,7.0,0,75 06:31.625,0,0,0,0,67301,0,0,0,,0,0,0,2,67301,0,,1,1,,N,N,,0,,0,0,0,3,2,Y,945,0,2,0,0,0,0,0,3,4,0,2,3,,N,,,,,,,,,,,
2009093545,852.0,2,0,0,0,0,0,0,0,0,1,0,,67,8,2009,4,40.0307,-75.171,849.0,6,0,0,0,0,0,0,0,0,,0,0,0,8,1,1,1,,0,40 01:50.451,,0,75 10:15.711,4,0,0,0,67301,0,0,0,N,0,0,0,2,67301,1,,1,1,,N,N,,0,,0,0,0,0,0,,849,1,2,0,0,0,0,0,3,4,0,2,3,,N,,,,,,,,,,,
2009093561,2200.0,2,0,0,0,0,0,0,0,0,1,0,,67,9,2009,3,40.0235,-75.0459,2200.0,6,0,0,0,0,0,0,0,0,,0,0,0,22,3,1,0,,0,40 01:24.744,,0,75 02:45.290,4,0,0,0,67301,0,0,0,N,0,0,0,1,67301,1,,6,1,,N,N,,0,,0,0,0,0,0,,2200,1,2,0,0,0,0,0,3,4,0,2,3,,N,,,,,,,,,,,
2009093566,1557.0,0,0,0,0,0,0,1,0,0,8,1,,67,8,2009,2,40.0199,-75.1563,1553.0,6,0,0,0,0,0,0,0,0,,0,0,0,15,1,1,2,,0,40 01:11.621,,0,75 09:22.748,4,0,0,0,67301,1,0,0,,1,0,0,2,67301,1,,1,1,,,,,0,,0,0,0,3,3,,1553,1,2,0,0,0,0,0,3,4,0,1,3,,N,,,,,,,,,,,
2009093574,1722.0,3,0,0,0,0,0,0,0,0,1,0,,67,8,2009,2,40.0445,-75.1658,1722.0,6,0,0,0,0,0,1,0,0,1.0,0,0,0,17,1,5,0,,1,40 02:40.315,3.0,0,75 09:56.761,4,0,0,0,67301,0,0,0,N,0,0,0,5,67301,5,,1,1,,N,N,,0,,0,0,0,0,0,N,1721,5,3,0,0,0,0,0,3,4,0,3,3,,N,,,,,,,,,,,
2009093636,510.0,1,0,0,0,0,0,0,0,0,7,0,,67,8,2009,5,39.9906,-75.1965,500.0,6,0,0,0,0,0,0,0,0,1.0,0,0,0,5,1,1,0,,1,39 59:26.128,1.0,0,75 11:47.578,3,0,0,0,67301,0,0,0,N,0,0,0,1,67301,0,,2,9,,,N,,0,,1,0,0,0,0,N,500,1,1,0,0,1,0,0,3,4,0,1,7,,N,,,,,,,,,,,
2009056950,900.0,1,0,0,0,0,0,0,0,0,4,0,,67,4,2009,3,39.9397,-75.2229,842.0,6,0,0,0,0,0,0,0,0,,0,0,0,8,1,0,1,,0,39 56:22.855,,0,75 13:22.544,0,0,0,0,67301,0,0,0,N,0,0,0,2,67301,0,,1,1,,N,N,,1,,0,0,0,3,2,,840,0,2,0,0,2,0,0,3,4,0,2,3,,N,,,,,,,,,,,
2009054478,430.0,1,0,0,0,0,0,0,0,0,7,0,,67,4,2009,1,39.9807,-75.1982,424.0,6,0,0,0,0,0,0,0,0,,0,0,0,4,3,3,0,,0,39 58:50.391,,0,75 11:53.209,4,0,0,0,67301,0,0,0,,0,0,0,3,67301,3,,2,1,,,,,0,,0,0,0,0,0,,419,3,1,0,0,1,0,0,3,4,0,1,3,,N,,,,,,,,,,,
2009054496,1340.0,2,0,0,0,0,0,0,0,0,4,0,,67,5,2009,6,40.0548,-75.0725,1340.0,6,0,0,0,0,0,0,0,0,,0,0,0,13,1,0,0,,0,40 03:17.280,,0,75 04:21.000,9,0,0,0,67301,0,0,0,N,0,0,0,2,67301,0,,1,1,,N,N,,0,,0,0,0,0,0,,1340,0,2,0,0,0,0,1,3,4,0,2,3,,N,,,,,,,,,,,
2009088581,34.0,0,0,0,0,0,0,0,0,0,7,0,,67,8,2009,4,39.964,-75.1845,34.0,6,0,0,0,0,0,0,0,0,1.0,0,0,0,0,2,1,0,,2,39 57:48.960,3.0,0,75 11:03.120,3,0,0,1,67301,0,0,0,N,0,0,0,1,68K01,0,,3,2,,N,N,,0,,1,0,0,0,0,N,34,1,1,0,0,0,0,0,3,4,0,1,3,,N,,,,,,,,,,,
2009088586,1843.0,3,0,0,0,0,0,0,0,0,1,0,,67,8,2009,7,39.9785,-75.1107,1836.0,6,0,0,0,0,1,0,0,0,2.0,0,0,0,18,1,3,0,,2,39 58:44.415,2.0,0,75 06:34.341,8,0,0,0,67301,0,0,0,N,0,0,0,6,68K01,0,,1,9,,N,N,,1,,0,0,0,0,0,N,1834,3,4,0,0,0,3,0,3,4,0,4,7,,N,,,,,,,,,,,
2009054544,1750.0,2,0,0,0,0,0,0,0,0,4,0,,67,4,2009,5,40.02,-75.1116,1750.0,6,0,0,0,0,1,0,0,0,,0,0,0,99,1,2,2,,0,40 01:11.938,,0,75 06:41.817,4,0,0,0,67301,0,0,0,N,0,0,0,2,67301,1,,1,1,,N,N,,0,,0,0,0,3,3,,9999,2,2,0,0,0,1,0,3,4,0,2,3,,N,,,,,,,,,,,
2009054555,828.0,2,0,0,0,0,0,0,0,0,4,0,,67,5,2009,6,39.92,-75.175,824.0,6,0,0,0,0,0,2,0,0,,0,0,0,8,1,1,1,,0,39 55:11.906,,0,75 10:30.158,8,0,0,0,67301,0,0,0,N,0,0,0,4,67301,0,,1,9,,N,N,,0,,0,0,0,3,3,,824,1,2,0,0,0,1,0,3,4,0,2,7,,N,,,,,,,,,,,
2009054558,1615.0,1,0,0,1,0,0,0,0,0,5,0,,67,4,2009,1,39.9338,-75.1588,1612.0,6,0,0,0,0,0,0,0,0,,0,0,0,16,1,1,3,,0,39 56:01.561,,0,75 09:31.507,4,0,0,0,67301,1,0,0,N,0,0,0,2,67301,1,,1,1,,N,N,,0,,0,0,0,0,0,,1610,1,2,0,0,0,0,0,3,4,0,1,3,,N,,,,,,,,,,,
2009086112,1735.0,1,0,0,1,0,0,0,0,0,4,0,,67,7,2009,6,40.0424,-75.2263,1734.0,6,0,0,0,0,0,0,0,1,,0,0,0,17,1,1,2,,0,40 02:32.107,,0,75 13:34.029,4,0,0,0,67301,1,0,0,N,0,0,0,5,67301,1,,1,1,,N,N,,0,,0,0,0,3,2,,1733,1,2,0,0,3,0,0,3,4,0,1,3,,N,,,,,,,,,,,
2009068516,1124.0,2,0,0,0,0,0,0,0,0,4,0,,67,5,2009,4,40.0348,-75.0711,1124.0,6,0,0,0,0,0,1,0,0,2.0,0,0,0,11,1,4,5,,2,40 02:05.146,1.0,0,75 04:15.791,3,0,0,0,67301,0,0,0,N,0,0,0,4,67301,3,,1,1,,N,N,,1,,1,0,0,3,2,Y,1123,4,3,0,0,0,0,0,3,4,0,3,3,,N,,,,,,,,,,,
2009068529,510.0,1,0,0,0,0,0,0,0,0,4,1,,67,6,2009,6,39.9372,-75.1615,507.0,6,0,0,0,0,0,0,0,0,,0,1,0,5,1,1,1,,0,39 56:13.855,,0,75 09:41.371,4,0,0,0,67301,0,0,0,N,0,0,0,3,67301,1,,1,9,,N,N,,0,,0,0,0,9,2,,510,1,2,0,0,2,0,0,3,4,0,2,7,,N,,,,,,,,,,,
2010003162,1155.0,2,0,0,0,0,0,0,0,0,6,0,,67,12,2009,4,40.012,-75.1359,1150.0,6,0,0,0,0,0,1,0,0,,0,0,0,99,1,1,1,,0,40 00:43.066,,0,75 08:09.135,8,0,0,0,67301,0,0,0,N,0,0,0,2,67301,0,,1,1,,N,N,,0,,0,0,0,3,2,,9999,1,2,0,0,0,1,0,3,4,0,2,3,,N,,,,,,,,,,,
2010003167,816.0,2,0,0,0,0,0,0,0,0,4,0,,67,11,2009,4,39.9858,-75.2156,812.0,6,0,0,0,0,0,0,0,0,,0,0,0,8,1,0,1,,0,39 59:09.028,,0,75 12:56.230,0,0,0,0,67301,0,0,0,N,0,0,0,4,67301,0,,1,1,,N,N,,0,,0,0,0,3,2,,810,0,2,0,0,0,0,0,3,4,0,2,3,,N,,,,,,,,,,,
2010003178,1455.0,1,0,0,0,0,0,0,0,0,8,0,,67,11,2009,2,40.0551,-75.1409,1447.0,6,0,0,0,0,0,1,0,0,,0,0,0,14,1,1,0,,0,40 03:18.194,,0,75 08:27.358,8,0,0,0,67301,1,0,0,N,1,0,0,2,67301,0,,1,9,,,,,0,,0,0,0,3,2,,1447,1,2,0,0,0,1,0,3,4,0,1,7,,N,,,,,,,,,,,
2010003202,2018.0,1,0,0,0,0,0,0,0,0,7,0,,67,11,2009,3,40.056,-75.0285,2010.0,6,0,0,0,0,0,0,0,0,,0,0,0,20,3,1,0,,0,40 03:21.510,,0,75 01:42.538,4,0,0,0,67301,0,0,0,N,0,0,0,1,67301,1,,5,1,,N,N,,0,,0,0,0,0,0,,2010,1,1,0,0,0,0,0,3,4,0,1,3,,N,,,,,,,,,,,
2009067266,1443.0,2,0,0,0,0,0,0,0,0,1,0,,67,5,2009,1,39.9486,-75.2171,1443.0,6,0,0,0,0,0,0,0,0,,0,0,0,23,3,4,1,,0,39 56:55.004,,0,75 13:01.629,8,0,0,0,67301,0,0,0,N,0,0,0,4,67301,0,,1,98,,N,N,,0,,0,0,0,3,2,,2300,4,2,0,0,0,4,0,3,4,0,2,99,,N,,,,,,,,,,,
2009067430,1415.0,1,0,0,0,0,0,0,0,0,6,0,,67,5,2009,2,40.0086,-75.0688,1410.0,6,0,0,0,0,0,0,1,0,9.0,0,0,0,14,1,1,1,,1,40 00:31.249,2.0,0,75 04:07.877,8,0,0,0,67301,0,0,0,,0,0,0,3,67301,0,,1,1,,N,N,,0,,0,0,1,2,2,N,1405,1,2,0,0,0,1,1,3,4,0,2,3,,N,,,,,,,,,,,
2009067132,1932.0,1,0,0,0,0,0,0,0,0,7,0,,67,5,2009,2,39.9353,-75.2305,1806.0,6,0,0,0,0,0,0,0,0,,0,0,0,18,1,1,0,,0,39 56:07.209,,0,75 13:49.972,4,0,0,0,67301,0,0,0,N,0,0,0,1,67301,1,,5,1,,N,N,,0,,0,0,0,0,0,,1806,1,1,0,0,0,0,0,3,4,0,1,3,,N,,,,,,,,,,,
2009070014,1931.0,0,0,0,0,0,0,0,0,0,1,0,,67,6,2009,6,39.9987,-75.1955,1931.0,6,0,0,0,0,0,0,1,0,,0,0,0,19,1,4,0,,0,39 59:58.200,,0,75 11:42.720,4,0,0,0,67301,0,0,0,N,0,0,0,6,68K01,4,,1,1,,N,N,,1,,0,0,2,0,0,,1929,4,3,0,0,0,0,0,3,4,0,3,3,,N,,,,,,,,,,,
2009067517,2031.0,2,0,0,0,0,0,0,0,0,4,0,,67,6,2009,4,39.9547,-75.1495,2030.0,6,0,0,0,0,0,0,0,0,1.0,0,0,0,20,3,1,1,,1,39 57:16.610,2.0,0,75 08:58.286,4,0,0,0,67301,0,0,0,N,0,0,0,2,67301,1,,1,1,,N,N,,0,,0,0,0,3,2,N,2027,1,2,0,0,0,0,0,3,4,0,2,3,,N,,,,,,,,,,,
2009067533,1508.0,2,0,0,0,0,0,0,0,0,1,0,,67,6,2009,4,39.9808,-75.2361,1451.0,6,0,0,0,0,0,0,0,0,,0,0,0,14,1,1,1,,0,39 58:50.844,,0,75 14:10.082,8,0,0,0,67301,0,0,0,N,0,0,0,3,67301,0,,1,1,,N,N,,0,,0,0,0,0,0,,1439,1,2,0,0,0,1,0,3,4,0,2,3,,N,,,,,,,,,,,
2009064888,1735.0,0,0,0,0,0,0,0,0,0,8,0,,67,5,2009,6,39.968,-75.2337,1722.0,6,0,0,0,0,0,1,0,0,,0,0,0,17,1,1,1,,0,39 58:04.732,,0,75 14:01.361,4,0,0,0,67301,1,0,0,,1,0,0,2,67301,1,,1,1,,,,,1,,0,0,0,0,0,,1718,1,2,0,0,0,0,0,3,4,0,1,3,,N,,,,,,,,,,,
2009064894,1550.0,1,0,0,0,0,0,1,0,0,4,1,,67,5,2009,6,39.9736,-75.1519,1548.0,6,0,1,0,0,0,0,0,0,,0,0,0,15,1,1,1,,0,39 58:24.945,,0,75 09:06.901,3,0,0,0,67301,0,0,0,,0,0,0,16,67301,0,,1,1,,Y,,,0,,1,0,0,3,2,,1548,1,2,0,0,0,0,0,3,4,0,2,3,,N,,,,,,,,,,,
2009064901,1430.0,2,0,0,0,0,0,0,0,0,1,0,,67,5,2009,2,40.0802,-75.0685,1425.0,6,0,0,0,0,0,0,1,0,,0,0,0,14,1,1,1,,0,40 04:48.582,,0,75 04:06.528,8,0,0,0,67301,0,0,0,N,0,0,0,2,67301,0,,1,1,,N,N,,0,,0,0,0,3,2,,1420,1,2,0,0,0,1,0,3,4,0,2,3,,N,,,,,,,,,,,
2009065136,1100.0,1,0,0,0,0,0,0,0,0,2,2,,67,4,2009,5,40.0273,-75.1472,1032.0,6,0,0,0,0,0,0,0,1,2.0,0,2,0,10,1,1,0,,2,40 01:38.210,2.0,0,75 08:49.917,4,0,0,0,67301,0,0,0,N,0,0,0,3,67301,1,,1,1,,N,N,,0,,0,0,0,0,0,Y,1032,1,3,0,0,0,0,0,3,4,0,3,3,,N,,,,,,,,,,,
2009057250,1908.0,2,0,0,0,0,0,0,0,0,4,0,,67,4,2009,5,39.9765,-75.2353,1908.0,6,0,0,1,0,0,0,0,0,2.0,0,0,0,19,1,1,1,,1,39 58:35.313,3.0,0,75 14:07.216,4,0,0,0,67301,0,0,0,,0,0,0,4,67301,1,,1,1,,,,,0,,0,0,1,3,2,Y,1902,1,3,0,0,1,0,0,3,4,0,3,3,,N,,,,,,,,,,,
2009065206,1942.0,1,0,0,0,0,0,0,0,0,7,0,,67,5,2009,6,,,1942.0,6,0,0,0,0,0,1,0,0,1.0,0,0,0,19,1,0,0,,1,,3.0,0,,0,0,0,0,67301,0,0,0,,0,0,0,3,67501,0,,2,1,,,,,0,,0,0,0,3,8,N,1942,0,1,0,0,0,0,0,3,3,0,1,3,,N,,,,,,,,,,,
2009111111,1244.0,2,0,0,0,0,0,0,0,0,4,0,,67,10,2009,1,40.081,-75.2049,1243.0,6,0,0,1,0,0,0,0,0,,0,0,0,12,1,0,1,,0,40 04:51.600,,0,75 12:17.463,0,0,0,0,67301,0,0,0,N,0,0,0,3,67301,0,,1,1,,N,N,,0,,0,0,0,3,3,,1243,0,2,0,0,0,0,0,3,4,0,2,3,,N,,,,,,,,,,,
2009106202,9999.0,2,0,0,0,0,0,0,0,0,4,0,,67,9,2009,1,39.9486,-75.1678,1006.0,6,0,0,0,0,0,0,0,0,,0,0,0,10,1,2,1,,0,39 56:54.970,,0,75 10:03.935,3,0,0,0,67301,0,0,0,N,0,0,0,2,67301,0,,1,1,,N,N,,0,,1,0,0,3,2,,1000,2,2,0,0,1,1,0,3,4,0,2,3,,N,,,,,,,,,,,
2009120846,52.0,1,0,0,0,0,0,0,0,0,4,0,,67,10,2009,7,39.9454,-75.164,50.0,6,0,0,0,0,0,0,0,0,2.0,0,0,0,23,3,0,1,,1,39 56:43.479,2.0,0,75 09:50.266,0,0,0,0,67301,0,0,0,,0,0,0,3,67301,0,,1,1,,N,N,,0,,0,0,1,3,3,N,2310,0,2,0,0,0,0,0,3,4,0,2,3,,N,,,,,,,,,,,
2009120853,1220.0,0,0,0,0,0,0,0,0,0,1,0,,67,10,2009,7,,,1217.0,6,0,0,0,0,0,0,0,0,2.0,0,0,0,99,1,1,0,,2,,1.0,0,,4,0,0,0,67301,0,0,0,,0,0,0,5,67301,1,,1,9,,N,N,,0,,0,0,2,0,0,Y,9999,1,2,0,0,0,0,2,3,3,0,2,7,,N,,,,,,,,,,,
2009118415,322.0,2,0,0,0,0,0,0,0,0,4,0,,67,11,2009,1,40.0248,-75.031,301.0,6,0,0,0,0,0,0,0,0,,0,0,0,2,3,1,2,,0,40 01:29.065,,2,75 01:51.302,8,0,0,0,67301,0,0,0,N,0,0,0,3,68K01,0,,1,1,,N,N,,0,,0,0,0,0,0,,253,1,2,0,0,0,1,1,3,4,0,2,3,,N,,,,,,,,,,,
2009121114,710.0,1,0,0,0,0,0,0,0,0,4,0,,67,11,2009,4,40.029,-75.0892,705.0,6,0,0,0,0,0,1,0,0,,0,0,0,7,1,1,1,,0,40 01:44.349,,0,75 05:21.034,8,0,0,0,67301,0,0,0,N,0,0,0,2,67301,0,,1,1,,N,N,,1,,0,0,0,3,2,,700,1,2,0,0,0,1,0,3,4,0,2,3,,N,,,,,,,,,,,
2009059305,1819.0,3,0,0,0,0,0,0,0,0,1,0,,67,5,2009,5,40.0936,-75.0312,1812.0,6,0,0,0,0,0,1,0,0,1.0,0,0,0,18,1,1,0,,1,40 05:36.829,1.0,0,75 01:52.306,4,0,0,0,67301,0,0,0,N,0,0,0,3,67301,1,,1,1,,N,N,,0,,0,0,0,0,0,N,1812,1,3,0,0,0,0,0,3,4,0,3,3,,N,,,,,,,,,,,
2009054217,1423.0,5,0,0,0,0,0,0,0,0,1,0,,67,3,2009,2,40.1263,-75.0201,1420.0,6,0,1,0,0,0,0,0,0,1.0,0,0,0,14,1,6,2,,2,40 07:34.842,3.0,0,75 01:12.201,2,0,0,0,67301,0,0,0,,0,0,0,7,67301,0,,1,1,,,,,0,,0,1,1,0,0,Y,1418,6,7,0,0,0,5,0,3,4,0,7,3,,N,,,,,,,,,,,
2009093643,1830.0,0,0,0,1,0,0,0,0,0,8,0,,67,8,2009,7,39.9927,-75.1326,1830.0,6,0,0,0,0,0,1,0,0,,0,0,0,18,3,1,1,,0,39 59:33.889,,0,75 07:57.230,8,0,0,0,67301,1,0,0,N,0,0,0,2,67301,0,,1,9,,N,N,,1,,0,0,0,3,3,,1830,1,2,0,0,0,1,0,3,4,0,1,7,,N,,,,,,,,,,,
2009054314,405.0,1,0,0,0,0,0,0,0,0,4,0,,67,4,2009,1,40.0457,-75.2306,358.0,6,0,0,0,0,0,0,0,0,,0,0,0,3,3,1,0,,0,40 02:44.638,,0,75 13:50.163,4,0,0,0,67301,0,0,0,,0,0,0,1,67301,1,,6,1,,N,N,,0,,0,0,0,0,0,,345,1,2,0,0,1,0,0,3,4,1,2,3,,N,,,,,,,,,,,
2009054434,1641.0,2,0,0,0,0,0,0,0,0,4,0,,67,4,2009,4,40.0132,-75.0789,1638.0,6,0,0,0,0,0,0,0,0,,0,0,0,16,1,1,1,,0,40 00:47.584,,0,75 04:43.953,4,0,0,0,67301,0,0,0,,0,0,0,3,67301,1,,1,1,,N,N,,0,,0,0,0,3,3,,1630,1,2,0,0,0,0,1,3,4,0,2,3,,N,,,,,,,,,,,
2009054357,1510.0,1,0,0,0,0,0,0,0,0,0,0,,67,4,2009,2,40.0294,-75.0561,1502.0,6,0,0,0,1,0,0,0,0,,0,0,0,14,1,1,1,,0,40 01:45.839,,0,75 03:21.884,4,0,0,0,67301,0,0,0,,0,0,0,1,67301,1,,1,1,,N,N,,0,,0,0,0,3,1,,1430,1,1,0,0,0,0,0,3,4,0,1,3,,N,,,,,,,,,,,
2009054469,5.0,1,0,0,0,0,0,0,0,0,8,0,,67,4,2009,7,40.032,-75.1322,2305.0,6,0,0,0,0,1,0,0,0,,0,0,0,99,3,2,0,,0,40 01:55.117,,0,75 07:55.887,4,0,0,0,67301,2,0,0,N,2,0,0,3,67301,2,,1,1,,N,N,,0,,0,0,0,0,0,,9999,2,3,0,0,0,0,0,3,4,0,1,3,,N,,,,,,,,,,,
2009086119,2045.0,1,0,0,0,0,0,0,0,0,8,0,,67,7,2009,1,40.0292,-75.0901,2041.0,6,0,0,0,0,0,0,0,0,3.0,1,0,0,20,3,0,0,,2,40 01:45.002,2.0,0,75 05:24.438,1,0,0,0,67301,1,1,0,N,1,1,0,2,67301,0,2.0,1,1,,N,N,,0,0.0,0,0,0,0,0,Y,2040,0,2,0,0,0,0,0,3,4,0,1,3,,N,,,,,,,,,,,
2009086223,9999.0,1,0,0,1,0,0,0,0,0,4,0,,67,7,2009,5,39.9904,-75.1161,9999.0,6,0,0,0,0,0,0,0,0,,0,0,0,20,3,1,2,,0,39 59:25.296,,0,75 06:58.105,4,0,0,0,67301,1,0,0,N,0,0,0,2,67301,1,,1,1,,N,N,,0,,0,0,0,3,2,,2045,1,2,0,0,0,0,0,3,4,0,1,3,,N,,,,,,,,,,,
2009083631,851.0,2,0,0,0,0,0,0,0,0,1,0,,67,7,2009,5,39.9875,-75.2557,849.0,6,0,0,0,0,0,0,0,0,,0,0,0,7,1,1,2,,0,39 59:14.868,,0,75 15:20.366,4,0,0,0,67301,0,0,0,N,0,0,0,2,67301,1,,1,1,,N,N,,0,,0,0,0,0,0,,733,1,2,0,0,0,0,0,3,4,0,2,3,,N,,,,,,,,,,,
2009083652,1740.0,0,0,0,0,0,0,0,0,0,1,0,,67,7,2009,3,39.9492,-75.217,1737.0,6,0,0,0,0,0,1,0,0,,0,0,0,17,1,2,1,,0,39 56:57.256,,0,75 13:01.207,4,0,0,0,67301,0,0,0,N,0,0,0,3,67301,2,,1,1,,N,N,,1,,0,0,0,3,3,,1720,2,2,0,0,0,0,1,3,4,1,2,3,,N,,,,,,,,,,,
2009066078,,0,0,0,0,0,0,0,0,0,5,0,,67,2,2009,3,,,,6,0,0,0,0,0,0,0,0,,0,0,0,17,1,1,0,,0,,,0,,4,0,0,0,67301,0,0,0,N,0,0,0,2,00000,1,,1,7,,N,N,,0,,0,0,2,0,0,,1710,1,2,0,0,0,0,1,3,3,0,2,10,,N,,,,,,,,,,,
2009071211,1207.0,1,0,0,0,0,0,0,0,0,1,0,,67,4,2009,3,40.002,-75.1945,1207.0,6,0,0,0,0,1,1,0,0,1.0,0,0,0,12,1,0,0,,1,40 00:08.132,4.0,0,75 11:40.163,0,0,0,0,67301,0,0,0,N,0,0,0,3,68K01,0,,1,1,,N,N,,1,,0,0,0,0,0,N,1206,0,2,0,0,0,0,0,3,4,0,2,3,,N,,,,,,,,,,,
2010002965,1110.0,2,0,0,0,0,0,0,0,0,4,0,,67,12,2009,7,40.0243,-75.0493,1059.0,6,0,0,0,0,0,0,0,0,2.0,0,0,0,10,1,0,1,,1,40 01:27.609,4.0,0,75 02:57.447,9,0,0,0,67301,0,0,0,N,0,0,0,4,67301,0,,1,9,,N,N,,1,,0,0,1,3,3,N,1058,0,4,0,0,0,0,1,3,4,0,4,7,,N,,,,,,,,,,,
2010010562,0.0,1,0,0,0,0,0,0,0,0,1,0,,67,11,2009,5,40.0289,-75.0895,0.0,6,0,0,0,0,0,0,0,0,,0,0,0,23,6,1,1,,0,40 01:43.697,,0,75 05:23.235,8,0,0,0,67301,0,0,0,N,0,0,0,2,00000,0,,1,1,,N,N,,0,,0,0,1,9,2,,2330,1,2,0,0,0,1,1,3,4,0,2,3,,N,,,,,,,,,,,