CRN,ARRIVAL_TM,AUTOMOBILE_COUNT,BELTED_DEATH_COUNT,BELTED_SUSP_SERIOUS_INJ_COUNT,BICYCLE_COUNT,BICYCLE_DEATH_COUNT,BICYCLE_SUSP_SERIOUS_INJ_COUNT,BUS_COUNT,CHLDPAS_DEATH_COUNT,CHLDPAS_SUSP_SERIOUS_INJ_COUNT,COLLISION_TYPE,COMM_VEH_COUNT,CONS_ZONE_SPD_LIM,COUNTY,CRASH_MONTH,CRASH_YEAR,DAY_OF_WEEK,DEC_LAT,DEC_LONG,DISPATCH_TM,DISTRICT,DRIVER_COUNT_16YR,DRIVER_COUNT_17YR,DRIVER_COUNT_18YR,DRIVER_COUNT_19YR,DRIVER_COUNT_20YR,DRIVER_COUNT_50_64YR,DRIVER_COUNT_65_74YR,DRIVER_COUNT_75PLUS,EST_HRS_CLOSED,FATAL_COUNT,HEAVY_TRUCK_COUNT,HORSE_BUGGY_COUNT,HOUR_OF_DAY,ILLUMINATION,INJURY_COUNT,INTERSECT_TYPE,INTERSECTION_RELATED,LANE_CLOSED,LATITUDE,LN_CLOSE_DIR,LOCATION_TYPE,LONGITUDE,MAX_SEVERITY_LEVEL,MCYCLE_DEATH_COUNT,MCYCLE_SUSP_SERIOUS_INJ_COUNT,MOTORCYCLE_COUNT,MUNICIPALITY,NONMOTR_COUNT,NONMOTR_DEATH_COUNT,NONMOTR_SUSP_SERIOUS_INJ_COUNT,NTFY_HIWY_MAINT,PED_COUNT,PED_DEATH_COUNT,PED_SUSP_SERIOUS_INJ_COUNT,PERSON_COUNT,POLICE_AGCY,POSSIBLE_INJ_COUNT,RDWY_SURF_TYPE_CD,RELATION_TO_ROAD,ROAD_CONDITION,ROADWAY_CLEARED,SCH_BUS_IND,SCH_ZONE_IND,SECONDARY_CRASH,SMALL_TRUCK_COUNT,SPEC_JURIS_CD,SUSP_MINOR_INJ_COUNT,SUSP_SERIOUS_INJ_COUNT,SUV_COUNT,TCD_FUNC_CD,TCD_TYPE,TFC_DETOUR_IND,TIME_OF_DAY,TOT_INJ_COUNT,TOTAL_UNITS,UNB_DEATH_COUNT,UNB_SUSP_SERIOUS_INJ_COUNT,UNBELTED_OCC_COUNT,UNK_INJ_DEG_COUNT,UNK_INJ_PER_COUNT,URBAN_AREA,URBAN_RURAL,VAN_COUNT,VEHICLE_COUNT,WEATHER1,WEATHER2,WORK_ZONE_IND,WORK_ZONE_LOC,WORK_ZONE_TYPE,WORKERS_PRES,WZ_CLOSE_DETOUR,WZ_FLAGGER,WZ_LAW_OFFCR_IND,WZ_LN_CLOSURE,WZ_MOVING,WZ_OTHER,WZ_SHLDER_MDN,WZ_WORKERS_INJ_KILLED
2010005680,1108.0,1,0,0,0,0,0,0,0,0,6,0,,67,12,2009,7,40.006,-75.0919,1100.0,6,0,0,0,0,0,0,0,0,,0,0,0,10,1,2,0,,0,40 00:21.464,,7,75 05:30.828,4,0,0,0,67301,0,0,0,,0,0,0,3,67301,2,,1,1,,N,N,,0,,0,0,0,0,0,,1058,2,2,0,0,2,0,0,3,4,0,2,3,,N,,,,,,,,,,,
2010011218,828.0,1,0,0,0,0,0,0,0,0,4,0,,67,12,2009,5,40.0473,-75.1417,827.0,6,0,0,0,0,0,0,1,0,,0,0,0,8,1,1,2,,0,40 02:50.399,,99,75 08:29.959,8,0,0,0,67301,0,0,0,N,0,0,0,2,67301,0,,1,7,,N,N,,0,,0,0,1,3,3,,815,1,2,0,0,0,1,0,3,4,0,2,10,,N,,,,,,,,,,,
2010011426,645.0,1,0,0,0,0,0,0,0,0,7,0,,67,12,2009,5,40.049,-75.1749,630.0,6,0,0,0,0,0,1,0,0,,0,0,0,6,5,1,1,,0,40 02:56.546,,0,75 10:29.688,4,0,0,0,67301,0,0,0,N,0,0,0,1,67301,1,,5,2,,N,N,,0,,0,0,0,3,2,,630,1,1,0,0,0,0,0,3,4,0,1,10,,N,,,,,,,,,,,
2010016993,22.0,3,0,0,0,0,0,0,0,0,4,0,,67,12,2009,5,39.9531,-75.1819,18.0,6,0,0,1,0,0,0,0,0,9.0,0,0,0,0,3,1,1,,1,39 57:11.190,3.0,0,75 10:54.852,4,0,0,0,67301,0,0,0,N,0,0,0,4,67504,1,,1,1,,N,N,,0,,0,0,0,3,2,N,0,1,3,0,0,0,0,0,3,4,0,3,3,,N,,,,,,,,,,,
2010017216,1640.0,4,0,0,0,0,0,0,0,0,4,0,,67,12,2009,5,40.0254,-75.0429,1632.0,6,0,0,0,0,1,1,0,0,9.0,0,0,0,15,1,1,1,,1,40 01:31.432,4.0,0,75 02:34.274,8,0,0,0,67301,0,0,0,N,0,0,0,2,67301,0,,1,98,,N,N,,0,,0,0,0,3,3,Y,1530,1,4,0,0,0,1,0,3,4,0,4,99,,N,,,,,,,,,,,
2010024262,1450.0,0,0,0,0,0,0,0,0,0,8,0,99.0,67,12,2009,6,39.9562,-75.1627,1445.0,6,0,0,0,0,0,0,0,0,,0,0,0,11,1,1,1,,0,39 57:22.420,,0,75 09:45.641,4,0,0,0,67301,1,0,0,N,1,0,0,2,67301,1,,1,1,,N,N,,0,,0,0,1,3,2,,1130,1,2,0,0,0,0,1,3,4,0,1,3,,Y,8.0,1.0,Y,U,U,N,Y,Y,U,U,
2010018937,1820.0,2,0,0,0,0,0,0,0,0,4,0,,67,5,2009,1,40.096,-74.9768,1812.0,6,0,0,0,0,0,0,0,1,,0,0,0,18,1,0,1,,0,40 05:45.848,,0,74 58:36.302,0,0,0,0,67301,0,0,0,,0,0,0,2,67301,0,,1,1,,,,,0,,0,0,0,3,2,,1809,0,2,0,0,0,0,0,3,4,0,2,3,,N,,,,,,,,,,,
2010002275,1617.0,0,0,0,0,0,0,0,0,0,1,0,,67,12,2009,2,39.9568,-75.1544,1603.0,6,0,0,0,0,0,0,0,0,1.0,0,0,0,15,1,1,0,,1,39 57:24.493,3.0,0,75 09:15.989,4,0,0,0,67301,0,0,0,N,0,0,0,2,68K02,1,,1,1,,N,N,,0,,0,0,1,0,0,N,1558,1,2,0,0,0,0,0,3,4,1,2,3,,N,,,,,,,,,,,
2010006529,1730.0,1,0,0,0,0,0,0,0,0,8,0,,67,12,2009,4,39.9198,-75.1445,1730.0,6,0,0,0,0,0,1,0,0,,0,0,0,5,3,1,0,,0,39 55:11.175,,0,75 08:40.286,8,0,0,0,67301,1,0,0,,1,0,0,2,67301,0,,1,1,,,,,0,,0,0,0,0,0,,530,1,2,0,0,0,1,0,3,4,0,1,3,,N,,,,,,,,,,,
2010009538,1304.0,1,0,0,1,0,0,0,0,0,5,0,,67,12,2009,3,39.942,-75.1528,1303.0,6,0,0,0,0,0,0,0,0,,0,0,0,99,1,1,0,,0,39 56:31.279,,0,75 09:09.928,4,0,0,0,67301,1,0,0,,0,0,0,3,67301,1,,1,1,,,,,0,,0,0,1,0,0,,9999,1,3,0,0,0,0,0,3,4,0,2,3,,N,,,,,,,,,,,
2010005562,810.0,0,0,0,0,0,0,0,0,0,0,0,,67,12,2009,1,39.9728,-75.1697,806.0,6,0,0,0,0,0,0,0,0,9.0,0,0,0,7,1,4,0,,2,39 58:22.012,6.0,0,75 10:10.824,4,0,0,0,67301,0,0,0,N,0,0,0,5,67301,4,,1,2,,N,N,,0,,0,0,0,0,0,Y,753,4,1,0,0,0,0,1,3,4,0,1,10,,N,,,,,,,,,,,
2009075443,1924.0,1,0,0,0,0,0,0,0,0,4,0,,67,6,2009,1,40.095,-75.0154,1924.0,6,0,0,0,0,0,1,0,0,1.0,0,0,0,19,1,3,1,,1,40 05:41.851,3.0,0,75 00:55.548,8,0,0,0,67301,0,0,0,N,0,0,0,8,67301,0,,1,1,,N,N,,0,,0,0,1,3,2,N,1923,3,2,0,0,0,3,1,3,4,0,2,3,,N,,,,,,,,,,,
2009024242,1101.0,1,0,0,0,0,0,0,0,0,5,0,35.0,67,2,2009,3,39.8856,-75.2091,1059.0,6,0,0,0,0,0,0,0,0,,0,0,0,10,1,1,0,,0,39 53:19.590,,3,75 12:08.790,4,0,0,0,67301,0,0,0,N,0,0,0,2,68K01,1,,1,1,,N,N,,0,,0,0,0,0,0,,1057,1,2,0,0,0,0,0,3,4,1,2,3,,Y,2.0,2.0,Y,N,N,N,Y,N,N,Y,
2009092973,328.0,1,0,0,0,0,0,0,0,0,7,0,,67,8,2009,5,39.9994,-75.1905,9999.0,6,0,0,0,1,0,0,0,0,,0,0,0,3,3,1,0,,0,39 59:58.001,,0,75 11:25.847,4,0,0,0,67301,0,0,0,,0,0,0,1,67301,1,,2,1,,N,N,,0,,0,0,0,0,0,,325,1,1,0,0,0,0,0,3,4,0,1,3,,N,,,,,,,,,,,
2009092993,1905.0,1,0,0,0,0,0,0,0,0,4,0,,67,8,2009,7,40.02,-75.1522,1900.0,6,0,0,0,0,0,1,0,0,9.0,0,0,0,99,1,2,1,,1,40 01:12.005,7.0,0,75 09:07.946,8,0,0,0,67301,0,0,0,,0,0,0,3,67301,0,,1,9,,N,N,,1,,0,0,0,3,3,N,9999,2,2,0,0,0,2,1,3,4,0,2,3,,N,,,,,,,,,,,
2009093167,2021.0,0,0,0,0,0,0,0,0,0,8,1,,67,8,2009,6,40.0317,-75.1787,2019.0,6,0,0,0,0,0,0,0,0,,0,1,0,20,2,1,0,,0,40 01:54.022,,7,75 10:43.543,4,0,0,0,67301,1,0,0,,1,0,0,2,67301,1,,1,1,,,,,0,,0,0,0,9,2,,2017,1,2,0,0,1,0,0,3,4,0,1,3,,N,,,,,,,,,,,
2009087577,317.0,3,0,0,0,0,0,0,0,0,5,0,,67,8,2009,4,39.956,-75.1807,317.0,6,0,0,0,1,0,1,0,0,2.0,0,0,0,3,3,0,0,,2,39 57:27.360,3.0,0,75 10:49.080,0,0,0,0,67301,0,0,0,Y,0,0,0,4,68K01,0,,1,9,,N,N,,0,,0,0,0,3,7,N,317,0,3,0,0,0,0,0,3,4,0,3,7,,N,,,,,,,,,,,
2009093037,2315.0,2,0,0,0,0,0,0,0,0,4,0,,67,8,2009,5,39.9265,-75.1862,2313.0,6,0,0,0,0,0,0,0,0,2.0,0,0,0,23,3,1,1,,2,39 55:35.327,1.0,0,75 11:09.705,4,0,0,0,67301,0,0,0,N,0,0,0,2,67301,1,,1,1,,N,N,,1,,0,0,0,3,2,Y,2313,1,3,0,0,0,0,0,3,4,0,3,3,,N,,,,,,,,,,,
2009066970,1915.0,1,0,0,1,0,0,0,0,0,4,0,,67,5,2009,6,39.9766,-75.2338,1910.0,6,0,0,0,0,0,0,1,0,,0,0,0,19,1,1,0,,0,39 58:35.832,,0,75 14:01.521,4,0,0,0,67301,1,0,0,N,0,0,0,2,67301,1,,1,9,,N,N,,0,,0,0,0,0,0,,1908,1,2,0,0,1,0,0,3,4,0,1,7,,N,,,,,,,,,,,
2009067097,9999.0,0,0,0,0,0,0,0,0,0,8,0,,67,6,2009,3,40.0306,-75.0826,9999.0,6,0,0,0,0,0,1,0,0,,0,0,0,99,1,1,1,,0,40 01:50.138,,0,75 04:57.471,8,0,0,0,67301,1,0,0,,1,0,0,3,67301,0,,1,1,,N,N,,1,,0,0,0,3,2,,9999,1,2,0,0,0,1,0,3,4,0,1,3,,N,,,,,,,,,,,
2009067102,49.0,1,0,0,0,0,0,0,0,0,4,0,,67,6,2009,5,40.0391,-75.0746,45.0,6,0,0,0,0,0,0,0,0,1.0,0,0,0,0,3,1,0,,1,40 02:20.838,1.0,0,75 04:28.435,4,0,0,0,67301,0,0,0,N,0,0,0,1,67301,1,,1,9,,N,N,,0,,0,0,1,0,0,Y,40,1,2,0,0,0,0,0,3,4,0,2,7,,N,,,,,,,,,,,
2009067240,235.0,1,0,0,0,0,0,0,0,0,7,0,,67,5,2009,6,40.0923,-75.0663,233.0,6,0,0,0,1,0,0,0,0,,0,0,0,2,3,1,0,,0,40 05:32.244,,0,75 03:58.766,4,0,0,0,67301,0,0,0,N,0,0,0,1,67301,1,,5,9,,N,N,,0,,0,0,0,0,0,,233,1,1,0,0,0,0,0,3,4,0,1,7,,N,,,,,,,,,,,
2009067242,340.0,1,0,0,0,0,0,0,0,0,7,0,,67,6,2009,6,40.0185,-75.1481,337.0,6,0,1,0,0,0,0,0,0,,0,0,0,3,3,0,0,,0,40 01:06.724,,0,75 08:53.000,0,0,0,0,67301,0,0,0,N,0,0,0,2,67301,0,,2,9,,N,N,,0,,0,0,0,0,0,,336,0,1,0,0,0,0,0,3,4,0,1,7,,N,,,,,,,,,,,
2009067280,1736.0,2,0,0,0,0,0,0,0,0,7,0,50.0,67,6,2009,1,40.019,-75.1645,1732.0,6,0,0,0,0,0,1,0,0,2.0,0,0,0,17,1,1,0,,2,40 01:08.459,3.0,0,75 09:52.190,4,0,0,0,67301,0,0,0,Y,0,0,0,2,67301,1,,2,1,,N,N,,0,,0,0,0,0,0,Y,1728,1,2,0,0,0,0,0,3,4,0,2,3,,Y,5.0,1.0,N,U,U,N,Y,U,U,U,
2009069945,349.0,2,0,0,0,0,0,0,0,0,6,0,,67,6,2009,1,40.0258,-75.1235,345.0,6,0,0,0,1,1,0,0,0,1.0,0,0,0,3,3,3,1,,1,40 01:32.799,2.0,0,75 07:24.507,4,0,0,0,67301,0,0,0,N,0,0,0,4,67301,3,,1,9,,N,N,,0,,0,0,0,3,2,N,340,3,2,0,0,0,0,0,3,4,0,2,7,,N,,,,,,,,,,,
2009069653,1825.0,1,0,0,0,0,0,0,0,0,8,0,,67,6,2009,5,39.9983,-75.1151,1820.0,6,0,0,0,0,0,0,0,0,,0,0,0,18,1,1,1,,0,39 59:54.032,,0,75 06:54.361,8,0,0,0,67301,1,0,0,N,1,0,0,3,67301,0,,1,1,,N,N,,0,,0,0,0,3,2,,1806,1,2,0,0,0,1,0,3,4,0,1,3,,N,,,,,,,,,,,
2009067519,2230.0,0,0,0,0,0,0,0,0,0,0,0,,67,5,2009,2,39.9752,-75.1882,2225.0,6,0,0,0,0,0,0,0,0,,0,0,0,22,3,1,1,,0,39 58:30.510,,0,75 11:16.819,8,0,0,1,67301,0,0,0,N,0,0,0,1,67301,0,,1,1,,N,N,,0,,0,0,0,3,2,,2220,1,2,0,0,0,1,0,3,4,0,1,3,,N,,,,,,,,,,,
2009067525,200.0,2,0,0,0,0,0,0,0,0,2,0,,67,6,2009,1,39.9795,-75.218,150.0,6,0,0,0,0,0,0,0,0,2.0,0,0,0,1,3,2,0,,2,39 58:45.991,6.0,0,75 13:04.532,4,0,0,0,67301,0,0,0,,0,0,0,2,67301,2,,3,1,,,,,0,,0,0,0,0,0,Y,145,2,2,0,0,0,0,0,3,4,0,2,3,,N,,,,,,,,,,,
2009064726,0.0,2,0,0,0,0,0,0,0,0,4,0,,67,6,2009,4,40.0393,-75.0634,0.0,6,0,0,0,0,0,0,1,0,,0,0,0,3,6,1,1,,0,40 02:21.451,,0,75 03:48.333,8,0,0,0,67301,0,0,0,N,0,0,0,2,00000,0,,1,9,,N,N,,0,,0,0,0,3,3,,300,1,2,0,0,0,1,0,3,4,0,2,7,,N,,,,,,,,,,,
2009064867,2315.0,0,0,0,0,0,0,0,0,0,7,0,,67,5,2009,7,39.9908,-75.2013,2308.0,6,0,0,1,0,0,0,0,0,2.0,0,0,0,23,3,0,0,,2,39 59:26.980,5.0,0,75 12:04.571,0,0,0,0,67301,0,0,0,N,0,0,0,4,67301,0,,2,1,,N,N,,1,,0,0,0,0,0,Y,2306,0,1,0,0,0,0,0,3,4,0,1,3,,N,,,,,,,,,,,
2009064915,1800.0,1,0,0,0,0,0,0,0,0,8,0,,67,5,2009,1,40.0114,-75.141,1800.0,6,0,0,0,0,0,0,0,0,,0,0,0,18,1,1,0,,0,40 00:41.061,,0,75 08:27.578,8,0,0,0,67301,1,0,0,N,1,0,0,2,67301,0,,1,1,,N,N,,0,,0,0,0,0,0,,1800,1,2,0,0,0,1,0,3,4,0,1,3,,N,,,,,,,,,,,
2009064983,543.0,1,0,0,0,0,0,0,0,0,2,0,,67,5,2009,4,40.0631,-75.0866,541.0,6,0,0,0,0,0,0,0,0,,0,0,0,5,5,1,1,,0,40 03:47.156,,0,75 05:11.568,4,0,0,0,67301,0,0,0,,0,0,0,2,67301,1,,1,1,,,,,0,,0,0,1,3,2,,541,1,2,0,0,0,0,0,3,4,0,2,3,,N,,,,,,,,,,,
2009065146,1959.0,1,0,0,1,0,0,0,0,0,4,0,,67,5,2009,5,39.9175,-75.1561,1956.0,6,0,0,0,0,0,0,0,0,,0,0,0,19,1,1,1,,0,39 55:03.079,,0,75 09:22.114,8,0,0,0,67301,1,0,0,N,0,0,0,2,67301,0,,1,1,,N,N,,0,,0,0,0,3,2,,1955,1,2,0,0,0,1,0,3,4,0,1,3,,N,,,,,,,,,,,
2009120769,815.0,2,0,0,0,0,0,0,0,0,4,0,,67,10,2009,3,40.0227,-75.2176,810.0,6,0,0,0,0,0,1,0,0,,0,0,0,8,1,0,1,,0,40 01:21.781,,0,75 13:03.226,0,0,0,0,67301,0,0,0,,0,0,0,2,67301,0,,1,1,,,,,0,,0,0,0,3,3,,802,0,2,0,0,0,0,0,3,4,0,2,3,,N,,,,,,,,,,,
2009118903,1936.0,1,0,0,0,0,0,0,0,0,8,0,,67,10,2009,4,40.0638,-75.1763,1934.0,6,0,0,0,0,0,0,0,1,2.0,0,0,0,19,3,1,1,,1,40 03:49.784,6.0,0,75 10:34.525,8,0,0,0,67301,1,0,0,N,1,0,0,2,67301,0,,1,8,,N,N,,0,,0,0,0,3,3,Y,1923,1,2,0,0,0,1,0,3,4,0,1,98,,N,,,,,,,,,,,
2009111165,126.0,1,0,0,0,0,0,0,0,0,4,0,,67,9,2009,1,39.9789,-75.1825,126.0,6,0,0,0,0,0,0,0,0,9.0,0,0,0,1,3,1,1,,2,39 58:44.214,7.0,0,75 10:57.050,2,0,1,1,67301,0,0,0,,0,0,0,6,67301,0,,1,1,,N,N,,0,,0,1,0,3,2,Y,126,1,2,0,0,0,0,0,3,4,0,2,3,,N,,,,,,,,,,,
2009111169,1552.0,1,0,0,0,0,0,0,0,0,8,0,,67,10,2009,2,40.04,-75.0319,1551.0,6,0,0,0,0,0,1,0,0,,0,0,0,15,1,1,0,,0,40 02:23.987,,0,75 01:54.847,4,0,0,0,67301,1,0,0,,1,0,0,5,67301,1,,1,1,,N,N,,0,,0,0,0,0,0,,1550,1,2,0,0,0,0,0,3,4,0,1,3,,N,,,,,,,,,,,
2009106194,1040.0,2,0,0,0,0,0,0,0,0,5,0,,67,9,2009,7,39.9625,-75.2162,1037.0,6,0,0,0,0,0,0,0,0,,0,0,0,22,3,1,1,,0,39 57:44.725,,0,75 12:56.902,4,0,0,0,67301,0,0,0,N,0,0,0,2,67301,1,,1,9,,N,N,,0,,0,0,0,3,2,,2200,1,2,0,0,0,0,0,3,4,0,2,7,,N,,,,,,,,,,,
2009120876,1340.0,1,0,0,0,0,0,1,0,0,5,1,,67,10,2009,5,39.9605,-75.2411,1342.0,6,0,0,0,0,0,0,0,0,,0,0,0,13,1,1,1,,0,39 57:37.620,,0,75 14:28.063,4,0,0,0,67301,0,0,0,N,0,0,0,9,67301,1,,1,9,,N,Y,,0,,0,0,0,2,2,,1340,1,2,0,0,0,0,0,3,4,0,2,7,,N,,,,,,,,,,,
2009118414,1719.0,2,0,0,0,0,0,0,0,0,1,0,,67,11,2009,7,40.0073,-75.2005,1713.0,6,0,0,0,0,0,0,0,0,,0,0,0,17,2,1,0,,0,40 00:25.560,,0,75 11:59.640,4,0,0,0,67301,0,0,0,N,0,0,0,2,68K01,1,,1,1,,N,N,,0,,0,0,0,0,0,,1710,1,2,0,0,0,0,0,3,4,0,2,3,,N,,,,,,,,,,,
2009128746,1918.0,1,0,0,0,0,0,0,0,0,1,1,,67,12,2009,6,39.9572,-75.1518,1910.0,6,0,0,0,0,0,0,0,0,,0,1,0,19,3,0,0,,0,39 57:25.939,,0,75 09:06.297,0,0,0,0,67301,0,0,0,N,0,0,0,3,68K01,0,,1,1,,N,N,,0,,0,0,0,0,0,,1907,0,2,0,0,0,0,0,3,4,0,2,3,,N,,,,,,,,,,,
2009059328,1222.0,1,0,0,0,0,0,0,0,0,6,0,,67,4,2009,4,40.0548,-75.1988,1215.0,6,0,0,0,0,0,1,0,0,,0,0,0,12,1,2,1,,0,40 03:17.307,,0,75 11:55.612,3,0,0,0,67301,0,0,0,N,0,0,0,4,67301,1,,1,9,,N,N,,0,,1,0,0,3,2,,1211,2,3,0,0,0,0,0,3,4,2,3,98,,N,,,,,,,,,,,
2009093620,2210.0,1,0,0,0,0,0,0,0,0,8,0,,67,8,2009,7,40.0471,-75.1632,2207.0,6,0,0,0,0,0,0,0,0,1.0,0,0,0,22,3,1,1,,1,40 02:49.423,4.0,0,75 09:47.462,8,0,0,0,67301,1,0,0,N,1,0,0,2,67301,0,,1,9,,N,N,,0,,0,0,0,3,2,N,2204,1,2,0,0,0,1,0,3,4,0,1,7,,N,,,,,,,,,,,
2009054225,734.0,1,0,0,0,0,0,0,0,0,4,0,,67,4,2009,7,40.1343,-75.0091,720.0,6,0,0,0,0,0,0,1,0,,0,0,0,7,1,1,1,,0,40 08:03.616,,0,75 00:33.107,8,0,0,0,67301,0,0,0,N,0,0,0,2,67301,0,,1,1,,N,N,,0,,0,0,0,3,2,,718,1,2,0,0,0,1,0,3,4,1,2,3,,N,,,,,,,,,,,
2009054311,736.0,1,0,0,0,0,0,0,0,0,4,0,,67,4,2009,1,40.0293,-75.2136,730.0,6,0,0,0,0,0,1,0,0,,0,0,0,7,1,0,0,,0,40 01:45.490,,0,75 12:48.798,0,0,0,0,67301,0,0,0,N,0,0,0,1,67301,0,,6,1,,N,N,,1,,0,0,0,0,0,,715,0,2,0,0,0,0,0,3,4,0,2,3,,N,,,,,,,,,,,
2009054316,1606.0,0,0,0,0,0,0,0,0,0,8,0,,67,4,2009,6,40.0259,-75.2032,1602.0,6,0,0,0,0,0,0,1,0,,0,0,0,16,1,3,1,,0,40 01:33.253,,0,75 12:11.490,3,0,0,0,67301,3,0,0,N,3,0,0,4,67301,0,,1,1,,N,N,,0,,3,0,0,3,2,,1600,3,4,0,0,0,0,0,3,4,1,1,3,,N,,,,,,,,,,,
2009056938,940.0,1,0,0,0,0,0,0,0,0,7,0,,67,4,2009,4,40.0404,-75.1917,939.0,6,0,0,0,0,0,0,0,0,,0,0,0,9,1,0,0,,0,40 02:25.535,,0,75 11:30.210,0,0,0,0,67301,0,0,0,N,0,0,0,1,67301,0,,2,1,,N,N,,0,,0,0,1,0,0,,935,0,2,0,0,0,0,0,3,4,0,2,3,,N,,,,,,,,,,,
2009054353,1300.0,1,0,0,0,0,0,1,0,0,1,1,,67,4,2009,4,40.045,-75.1235,1255.0,6,0,0,0,0,0,1,0,0,,0,0,0,12,1,3,1,,0,40 02:41.967,,0,75 07:24.668,8,0,0,0,67301,0,0,0,N,0,0,0,4,67301,0,,1,9,,Y,N,,0,,0,0,0,3,2,,1250,3,2,0,0,0,3,0,3,4,0,2,7,,N,,,,,,,,,,,
2009054522,1325.0,2,0,0,0,0,0,0,0,0,4,0,,67,4,2009,4,39.9934,-75.1375,1320.0,6,0,0,0,0,0,0,0,0,,0,0,0,13,1,2,2,,0,39 59:36.142,,0,75 08:15.025,8,0,0,0,67301,0,0,0,N,0,0,0,3,67301,0,,1,9,,N,N,,0,,0,0,0,0,0,,1310,2,2,0,0,0,2,1,3,4,0,2,7,,N,,,,,,,,,,,
2009054538,817.0,1,0,0,0,0,0,0,0,0,2,0,,67,4,2009,1,39.9923,-75.1422,816.0,6,0,0,0,0,0,1,0,0,,0,0,0,8,1,3,1,,0,39 59:32.252,,0,75 08:31.897,3,0,0,0,67301,0,0,0,,0,0,0,4,67301,1,,1,1,,,,,0,,2,0,1,3,2,,813,3,2,0,0,0,0,0,3,4,0,2,3,,N,,,,,,,,,,,
2009054663,1607.0,2,0,0,0,0,0,0,0,0,1,0,,67,5,2009,2,39.9837,-75.2083,1601.0,6,0,0,0,0,0,1,0,0,1.0,0,0,0,15,1,1,0,,2,39 59:05.128,3.0,0,75 12:30.054,4,0,0,0,67301,0,0,0,N,0,0,0,6,68K01,1,,1,9,,N,N,,2,,0,0,0,0,0,N,1554,1,4,0,0,0,0,0,3,4,0,4,7,,N,,,,,,,,,,,
2009086125,2333.0,1,0,0,0,0,0,0,0,0,8,0,,67,8,2009,7,40.035,-75.0785,2333.0,6,0,0,0,0,0,1,0,0,1.0,0,0,0,23,3,1,1,,1,40 02:05.971,3.0,0,75 04:42.513,8,0,0,0,67301,1,0,0,N,1,0,0,2,67301,0,,1,1,,N,N,,0,,0,0,0,0,0,N,2300,1,2,0,0,0,1,0,3,4,0,1,3,,N,,,,,,,,,,,
2009086156,830.0,1,0,0,0,0,0,0,0,0,4,0,,67,8,2009,6,39.9298,-75.1442,829.0,6,0,0,0,0,0,0,0,0,,0,0,0,8,1,1,1,,0,39 55:47.230,,0,75 08:39.029,8,0,0,0,67301,1,0,0,N,1,0,0,2,67301,0,,4,9,,N,N,,0,,0,0,0,3,2,,829,1,2,0,0,1,1,0,3,4,0,1,3,,N,,,,,,,,,,,
2009086229,1310.0,1,0,0,0,0,0,0,0,0,1,0,,67,7,2009,4,39.9752,-75.2619,1310.0,6,0,0,0,0,0,1,0,1,,0,0,0,13,1,1,2,,0,39 58:30.858,,0,75 15:42.801,8,0,0,0,67301,0,0,0,N,0,0,0,2,67301,0,,1,1,,N,N,,1,,0,0,0,3,2,,1309,1,2,0,0,0,1,0,3,4,0,2,3,,N,,,,,,,,,,,
2009086264,230.0,1,0,0,0,0,0,0,0,0,7,0,,67,7,2009,6,40.0271,-75.1369,224.0,6,0,0,0,1,0,0,0,0,,0,0,0,2,3,2,0,,0,40 01:37.495,,0,75 08:12.969,8,0,0,0,67301,0,0,0,N,0,0,0,2,67301,0,,5,1,,N,N,,0,,0,0,0,0,0,,220,2,1,0,0,2,2,0,3,4,0,1,3,,N,,,,,,,,,,,
2009065053,1135.0,1,0,0,0,0,0,0,0,0,1,0,,67,5,2009,7,40.0626,-75.0094,1131.0,6,0,0,0,0,0,0,0,0,,0,0,0,11,1,1,0,,0,40 03:45.288,,0,75 00:33.959,4,0,0,0,67301,0,0,0,N,0,0,0,1,67301,1,,6,1,,N,N,,1,,0,0,0,3,2,,1125,1,3,0,0,1,0,0,3,4,1,3,3,,N,,,,,,,,,,,
2009065059,5.0,2,0,0,0,0,0,0,0,0,1,0,,67,5,2009,7,40.0359,-75.0424,2349.0,6,0,0,0,0,0,0,0,0,,0,0,0,23,3,1,1,,0,40 02:09.477,,0,75 02:33.014,8,0,0,0,67301,0,0,0,N,0,0,0,2,67301,0,,1,1,,N,N,,0,,0,0,0,3,2,,2349,1,2,0,0,0,1,0,3,4,0,2,3,,N,,,,,,,,,,,
2009065154,1342.0,3,0,0,0,0,0,0,0,0,4,0,,67,5,2009,3,39.9707,-75.2326,1341.0,6,0,0,0,0,0,0,1,0,,0,0,0,13,1,4,1,,0,39 58:14.458,,0,75 13:57.305,8,0,0,0,67301,0,0,0,,0,0,0,4,67301,0,,1,1,,,,,0,,0,0,0,3,2,,1337,4,3,0,0,0,4,0,3,4,0,3,3,,N,,,,,,,,,,,
2009054855,1038.0,1,0,0,0,0,0,0,0,0,1,0,,67,3,2009,4,40.0233,-75.0349,1038.0,6,0,0,0,0,0,0,0,0,2.0,0,0,0,10,1,1,0,,1,40 01:23.804,2.0,0,75 02:05.573,8,0,0,0,67301,0,0,0,N,0,0,0,2,68K01,0,,1,1,,N,N,,0,,0,0,0,0,0,N,1037,1,2,0,0,0,1,0,3,4,1,2,3,,N,,,,,,,,,,,
2009120799,9999.0,1,0,0,0,0,0,0,0,0,4,0,,67,11,2009,6,40.0306,-75.0826,922.0,6,0,0,0,0,0,0,0,1,,0,0,0,9,1,3,1,,0,40 01:50.138,,0,75 04:57.471,4,0,0,0,67301,0,0,0,,0,0,0,4,67301,3,,1,1,,,,,0,,0,0,0,3,2,,915,3,2,0,0,0,0,1,3,4,1,2,3,,N,,,,,,,,,,,