CRN,ARRIVAL_TM,AUTOMOBILE_COUNT,BELTED_DEATH_COUNT,BELTED_SUSP_SERIOUS_INJ_COUNT,BICYCLE_COUNT,BICYCLE_DEATH_COUNT,BICYCLE_SUSP_SERIOUS_INJ_COUNT,BUS_COUNT,CHLDPAS_DEATH_COUNT,CHLDPAS_SUSP_SERIOUS_INJ_COUNT,COLLISION_TYPE,COMM_VEH_COUNT,CONS_ZONE_SPD_LIM,COUNTY,CRASH_MONTH,CRASH_YEAR,DAY_OF_WEEK,DEC_LAT,DEC_LONG,DISPATCH_TM,DISTRICT,DRIVER_COUNT_16YR,DRIVER_COUNT_17YR,DRIVER_COUNT_18YR,DRIVER_COUNT_19YR,DRIVER_COUNT_20YR,DRIVER_COUNT_50_64YR,DRIVER_COUNT_65_74YR,DRIVER_COUNT_75PLUS,EST_HRS_CLOSED,FATAL_COUNT,HEAVY_TRUCK_COUNT,HORSE_BUGGY_COUNT,HOUR_OF_DAY,ILLUMINATION,INJURY_COUNT,INTERSECT_TYPE,INTERSECTION_RELATED,LANE_CLOSED,LATITUDE,LN_CLOSE_DIR,LOCATION_TYPE,LONGITUDE,MAX_SEVERITY_LEVEL,MCYCLE_DEATH_COUNT,MCYCLE_SUSP_SERIOUS_INJ_COUNT,MOTORCYCLE_COUNT,MUNICIPALITY,NONMOTR_COUNT,NONMOTR_DEATH_COUNT,NONMOTR_SUSP_SERIOUS_INJ_COUNT,NTFY_HIWY_MAINT,PED_COUNT,PED_DEATH_COUNT,PED_SUSP_SERIOUS_INJ_COUNT,PERSON_COUNT,POLICE_AGCY,POSSIBLE_INJ_COUNT,RDWY_SURF_TYPE_CD,RELATION_TO_ROAD,ROAD_CONDITION,ROADWAY_CLEARED,SCH_BUS_IND,SCH_ZONE_IND,SECONDARY_CRASH,SMALL_TRUCK_COUNT,SPEC_JURIS_CD,SUSP_MINOR_INJ_COUNT,SUSP_SERIOUS_INJ_COUNT,SUV_COUNT,TCD_FUNC_CD,TCD_TYPE,TFC_DETOUR_IND,TIME_OF_DAY,TOT_INJ_COUNT,TOTAL_UNITS,UNB_DEATH_COUNT,UNB_SUSP_SERIOUS_INJ_COUNT,UNBELTED_OCC_COUNT,UNK_INJ_DEG_COUNT,UNK_INJ_PER_COUNT,URBAN_AREA,URBAN_RURAL,VAN_COUNT,VEHICLE_COUNT,WEATHER1,WEATHER2,WORK_ZONE_IND,WORK_ZONE_LOC,WORK_ZONE_TYPE,WORKERS_PRES,WZ_CLOSE_DETOUR,WZ_FLAGGER,WZ_LAW_OFFCR_IND,WZ_LN_CLOSURE,WZ_MOVING,WZ_OTHER,WZ_SHLDER_MDN,WZ_WORKERS_INJ_KILLED
2009118876,835.0,3,0,0,0,0,0,0,0,0,2,0,,67,10,2009,5,40.0664,-75.1844,827.0,6,0,0,1,0,0,0,1,0,2.0,0,0,0,8,1,1,2,,2,40 03:59.199,1.0,0,75 11:03.721,3,0,0,0,67301,0,0,0,,0,0,0,2,67301,0,,1,1,,,N,,0,,1,0,1,3,3,Y,834,1,4,0,0,0,0,0,3,4,0,4,3,,N,,,,,,,,,,,
2009118924,1534.0,1,0,0,0,0,0,0,0,0,8,0,,67,7,2009,2,39.9264,-75.1753,1534.0,6,0,0,0,0,0,0,0,0,,0,0,0,14,1,1,2,,0,39 55:34.860,,0,75 10:30.943,8,0,0,0,67301,1,0,0,N,1,0,0,2,67301,0,,1,1,,N,N,,0,,0,0,0,0,0,,1443,1,2,0,0,0,1,0,3,4,0,1,3,,N,,,,,,,,,,,
2009118950,1222.0,0,0,0,0,0,0,0,0,0,8,1,,67,10,2009,2,40.004,-75.1719,1222.0,6,0,0,0,0,0,1,0,0,,0,1,0,12,1,1,0,,0,40 00:14.563,,0,75 10:18.828,4,0,0,0,67301,1,0,0,N,1,0,0,2,67301,1,,5,1,,N,N,,0,,0,0,0,0,0,,1200,1,2,0,0,0,0,0,3,4,0,1,3,,N,,,,,,,,,,,
2009111175,1630.0,5,0,0,0,0,0,0,0,0,1,0,,67,9,2009,7,40.0397,-75.06,1610.0,6,0,0,0,0,0,1,0,0,2.0,0,0,0,16,1,5,0,,1,40 02:22.861,2.0,0,75 03:35.875,4,0,0,0,67301,0,0,0,N,0,0,0,10,67301,1,,1,1,,N,N,,0,,0,0,0,0,0,N,1600,5,5,0,0,0,4,0,3,4,0,5,3,,N,,,,,,,,,,,
2009120836,1703.0,0,0,0,0,0,0,0,0,0,1,0,,67,11,2009,1,39.9977,-75.1152,1703.0,6,0,0,0,0,1,0,0,0,3.0,0,0,0,17,4,0,0,,2,39 59:51.696,1.0,0,75 06:54.868,0,0,0,0,67301,0,0,0,,0,0,0,2,67301,0,,6,1,,N,N,,2,,0,0,0,0,0,Y,1700,0,2,0,0,2,0,0,3,4,0,2,3,,N,,,,,,,,,,,
2009121122,1247.0,1,0,0,0,0,0,0,0,0,1,0,,67,10,2009,5,39.9512,-75.1544,1245.0,6,0,0,0,0,0,0,0,0,9.0,0,0,0,12,1,1,0,,2,39 57:04.292,3.0,0,75 09:15.748,4,0,0,1,67301,0,0,0,,0,0,0,2,67301,1,,1,1,,,,,0,,0,0,0,0,0,Y,1243,1,2,0,0,0,0,0,3,4,0,2,3,,N,,,,,,,,,,,
2009114126,728.0,1,0,0,0,0,0,0,0,0,5,0,,67,9,2009,4,39.8804,-75.2474,720.0,6,0,0,0,0,0,1,0,0,,0,0,0,7,1,1,0,,0,39 52:49.566,,0,75 14:50.716,4,0,0,0,67301,0,0,0,N,0,0,0,5,68K01,1,,1,1,,N,N,,0,,0,0,0,0,0,,716,1,2,0,0,0,0,0,3,4,1,2,3,,N,,,,,,,,,,,
2009093585,1255.0,3,0,0,0,0,0,0,0,0,4,0,,67,8,2009,6,40.0351,-75.0695,1245.0,6,0,0,0,0,0,2,0,0,1.0,0,0,0,12,1,2,1,,2,40 02:06.425,1.0,0,75 04:10.216,4,0,0,0,67301,0,0,0,N,0,0,0,4,67301,2,,1,1,,N,N,,0,,0,0,0,3,2,Y,1235,2,3,0,0,0,0,0,3,4,0,3,3,,N,,,,,,,,,,,
2009054230,710.0,2,0,0,0,0,0,0,0,0,1,0,,67,4,2009,4,40.0304,-75.1803,704.0,6,0,0,0,0,0,0,0,0,3.0,0,0,0,7,1,2,1,,1,40 01:49.440,2.0,0,75 10:49.133,3,0,0,0,67301,0,0,0,N,0,0,0,2,67301,1,,1,1,,N,N,,0,,1,0,0,3,2,N,700,2,2,0,0,0,0,0,3,4,0,2,3,,N,,,,,,,,,,,
2009056919,824.0,1,0,0,0,0,0,1,0,0,1,1,,67,4,2009,1,39.9726,-75.2178,820.0,6,0,0,0,0,0,0,1,0,,0,0,0,7,1,7,1,,0,39 58:21.476,,0,75 13:03.992,8,0,0,0,67301,0,0,0,N,0,0,0,8,67301,0,,1,1,,N,N,,0,,0,0,0,3,2,,734,7,2,0,0,0,7,0,3,4,0,2,3,,N,,,,,,,,,,,
2009054425,1240.0,2,0,0,0,0,0,0,0,0,4,0,,67,4,2009,4,40.0125,-75.1505,1230.0,6,0,0,0,0,0,1,0,0,,0,0,0,12,1,1,0,,0,40 00:44.685,,0,75 09:01.988,4,0,0,0,67301,0,0,0,N,0,0,0,3,67301,1,,1,9,,N,N,,1,,0,0,0,0,0,,1220,1,3,0,0,0,0,0,3,4,0,3,7,,N,,,,,,,,,,,
2009054435,1632.0,2,0,0,0,0,0,0,0,0,4,0,,67,5,2009,2,40.0271,-75.0893,1628.0,6,0,0,0,0,0,1,0,0,,0,0,0,16,1,3,1,,0,40 01:37.478,,0,75 05:21.466,2,0,0,0,67301,0,0,0,,0,0,0,3,67301,0,,1,9,,,,,0,,0,3,0,0,0,,1610,3,2,0,3,3,0,0,3,4,0,2,7,,N,,,,,,,,,,,
2009054342,1430.0,2,0,0,0,0,0,0,0,0,4,0,,67,5,2009,1,40.0344,-75.0748,1425.0,6,0,0,0,0,0,1,0,0,1.0,0,0,0,14,1,2,3,,1,40 02:03.612,3.0,0,75 04:29.625,3,0,0,0,67301,0,0,0,N,0,0,0,2,67301,0,,1,1,,N,N,,0,,2,0,0,3,2,N,1422,2,2,0,0,0,0,0,3,4,0,2,3,,N,,,,,,,,,,,
2009088610,1420.0,2,0,0,0,0,0,0,0,0,4,0,,67,4,2009,5,40.0641,-75.072,1420.0,6,0,0,0,0,0,0,1,0,,0,0,0,14,1,1,0,,0,40 03:50.810,,7,75 04:19.120,4,0,0,0,67301,0,0,0,,0,0,0,3,67301,1,,1,1,,,,,0,,0,0,0,0,0,,1420,1,2,0,0,0,0,0,3,4,0,2,3,,N,,,,,,,,,,,
2009086211,1720.0,3,0,0,0,0,0,0,0,0,6,0,,67,8,2009,7,40.0123,-75.1505,1708.0,6,0,0,0,0,0,1,1,0,,0,0,0,14,1,4,0,,0,40 00:44.255,,0,75 09:01.692,4,0,0,0,67301,0,0,0,N,0,0,0,7,67301,2,,1,1,,N,N,,0,,0,0,0,3,2,,1430,4,3,0,0,0,2,0,3,4,0,3,3,,N,,,,,,,,,,,
2009086237,959.0,2,0,0,0,0,0,0,0,0,4,0,,67,7,2009,1,39.9595,-75.2332,949.0,6,0,0,0,0,0,2,0,0,,0,0,0,9,1,2,1,,0,39 57:34.088,,0,75 13:59.355,8,0,0,0,67301,0,0,0,N,0,0,0,2,67301,0,,1,1,,N,N,,0,,0,0,0,3,2,,930,2,2,0,0,0,2,0,3,4,0,2,3,,N,,,,,,,,,,,
2009086245,1513.0,1,0,0,0,0,0,0,0,0,5,0,,67,8,2009,7,40.0443,-75.0541,1431.0,6,0,0,0,0,0,0,0,0,,0,0,0,14,1,1,1,,0,40 02:39.450,,0,75 03:14.767,8,0,0,0,67301,0,0,0,,0,0,0,2,67301,0,,1,1,,,,,0,,0,0,0,3,2,,1426,1,2,0,0,2,1,0,3,4,1,2,3,,N,,,,,,,,,,,
2009086279,1335.0,0,0,0,0,0,0,0,0,0,8,0,,67,7,2009,5,39.9626,-75.1663,1331.0,6,0,0,0,0,0,0,0,0,,0,0,0,13,1,1,0,,0,39 57:45.486,,0,75 09:58.799,4,0,0,0,67301,1,0,0,N,1,0,0,2,67301,1,,1,1,,N,N,,0,,0,0,0,3,2,,1331,1,2,0,0,1,0,0,3,4,1,1,3,,N,,,,,,,,,,,
2009068515,1927.0,0,0,0,0,0,0,0,0,0,0,0,,67,6,2009,1,40.036,-75.0656,1922.0,6,0,0,1,0,0,0,0,0,1.0,0,0,0,19,1,1,0,,1,40 02:09.619,1.0,0,75 03:56.312,4,0,0,1,67301,0,0,0,N,0,0,0,1,67301,1,,1,1,,N,N,,0,,0,0,0,0,0,N,1920,1,1,0,0,0,0,0,3,4,0,1,3,,N,,,,,,,,,,,
2010002957,1831.0,2,0,0,0,0,0,0,0,0,4,0,,67,12,2009,3,39.9136,-75.147,1829.0,6,0,0,0,0,0,0,0,0,1.0,0,0,0,18,3,1,0,,2,39 54:49.045,6.0,0,75 08:49.165,8,0,0,0,67301,0,0,0,,0,0,0,2,67301,0,,1,1,,,,,0,,0,0,0,0,0,Y,1826,1,2,0,0,0,1,0,3,4,0,2,3,,N,,,,,,,,,,,
2010003016,1435.0,2,0,0,0,0,0,0,0,0,4,0,,67,10,2009,1,39.9976,-75.0783,1430.0,6,0,0,0,0,0,0,0,0,,0,0,0,14,1,0,1,,0,39 59:51.507,,0,75 04:41.897,0,0,0,0,67301,0,0,0,,0,0,0,2,67301,0,,1,1,,N,N,,0,,0,0,0,3,3,,1425,0,2,0,0,0,0,0,3,4,0,2,3,,N,,,,,,,,,,,
2010003150,1249.0,0,0,0,0,0,0,0,0,0,7,0,,67,11,2009,2,39.9182,-75.2089,1243.0,6,0,0,0,0,0,0,0,0,,0,0,0,12,1,1,2,,0,39 55:05.640,,0,75 12:31.416,8,0,0,0,67301,0,0,0,,0,0,0,1,67301,0,,2,9,,,,,0,,0,0,1,3,2,,1240,1,1,0,0,0,1,0,3,4,0,1,7,,N,,,,,,,,,,,
2010003507,9999.0,1,0,0,1,0,0,0,0,0,5,0,,67,12,2009,3,39.9288,-75.1648,9999.0,6,0,0,0,0,0,0,0,0,,0,0,0,12,1,1,0,,0,39 55:43.766,,0,75 09:53.222,4,0,0,0,67301,1,0,0,N,0,0,0,3,67301,1,,6,1,,N,N,,0,,0,0,0,0,0,,1210,1,2,0,0,2,0,0,3,4,0,1,3,,N,,,,,,,,,,,
2010003253,1720.0,1,0,0,1,0,0,0,0,0,1,0,,67,6,2009,4,39.9574,-75.1571,1710.0,6,0,0,0,0,0,0,0,0,,0,0,0,17,3,1,1,,0,39 57:26.638,,0,75 09:25.499,4,0,0,0,67301,1,0,0,,0,0,0,2,67301,1,,1,1,,N,N,,0,,0,0,0,3,2,,1710,1,2,0,0,0,0,0,3,4,0,1,3,,N,,,,,,,,,,,
2010006272,1050.0,1,0,0,0,0,0,0,0,0,4,0,,67,12,2009,2,40.0042,-75.0774,1047.0,6,0,0,0,0,0,0,0,0,,0,0,0,10,1,2,1,,0,40 00:15.052,,0,75 04:39.361,8,0,0,0,67301,0,0,0,N,0,0,0,2,67301,0,,1,1,,N,N,,1,,0,0,0,3,2,,1046,2,2,0,0,0,2,0,3,4,0,2,3,,N,,,,,,,,,,,
2010006284,1110.0,2,0,0,0,0,0,0,0,0,5,0,,67,12,2009,6,40.1213,-75.0165,1100.0,6,0,0,0,0,0,0,0,0,,0,0,0,17,1,0,0,,0,40 07:16.739,,0,75 00:59.384,9,0,0,0,67301,0,0,0,,0,0,0,2,67301,0,,1,1,,,,,0,,0,0,0,0,0,,1700,0,2,0,0,0,0,1,3,4,0,2,3,,N,,,,,,,,,,,
2010035504,13.0,2,0,0,0,0,0,0,0,0,8,0,,67,3,2009,7,39.9839,-75.2342,11.0,6,0,0,0,0,0,0,0,0,,0,0,0,0,3,1,0,,0,39 59:02.014,,0,75 14:03.166,3,0,0,0,67301,3,0,0,N,1,0,0,4,67301,0,,1,98,,N,N,,0,,1,0,0,0,0,,11,1,3,0,0,0,0,1,3,4,0,2,99,,N,,,,,,,,,,,
2010004864,127.0,1,0,0,0,0,0,0,0,0,7,0,,67,12,2009,4,39.9613,-75.1405,123.0,6,0,0,0,1,0,0,0,0,,0,0,0,1,3,0,0,,0,39 57:27.460,,2,75 08:31.189,0,0,0,0,67301,0,0,0,N,0,0,0,1,68K01,0,,3,1,,N,N,,0,,0,0,0,0,0,,120,0,1,0,0,0,0,0,3,4,0,1,3,,N,,,,,,,,,,,
2010010520,0.0,1,0,0,0,0,0,0,0,0,7,0,,67,10,2009,7,39.9766,-75.1989,0.0,6,0,0,0,0,0,0,0,0,,0,0,0,2,6,0,0,,0,39 58:35.014,,2,75 11:55.353,0,0,0,0,67301,0,0,0,,0,0,0,1,00000,0,,2,9,,,,,0,,0,0,0,0,0,,230,0,1,0,0,0,0,0,3,4,0,1,5,,N,,,,,,,,,,,
2010010606,0.0,0,0,0,0,0,0,0,0,0,5,0,,67,11,2009,3,40.0406,-75.0654,0.0,6,0,0,0,0,0,1,0,0,,0,0,0,16,1,1,0,,0,40 02:26.217,,0,75 03:55.594,8,0,0,0,67301,0,0,0,N,0,0,0,2,00000,0,,1,1,,N,N,,1,,0,0,1,0,0,,1615,1,2,0,0,0,1,1,3,4,0,2,3,,N,,,,,,,,,,,
2010010621,0.0,2,0,0,0,0,0,0,0,0,4,0,,67,8,2009,5,39.9304,-75.2334,0.0,6,0,0,0,0,0,0,0,0,,0,0,0,15,1,3,0,,0,39 55:49.282,,0,75 14:00.104,4,0,0,0,67301,0,0,0,N,0,0,0,4,00000,3,,1,1,,N,N,,0,,0,0,0,0,0,,1540,3,2,0,0,0,0,1,3,4,0,2,3,,N,,,,,,,,,,,
2010011188,9999.0,2,0,0,0,0,0,0,0,0,1,0,,67,12,2009,4,40.0429,-75.1519,2051.0,6,0,0,0,0,0,0,0,1,,0,0,0,20,3,0,0,,0,40 02:34.447,,99,75 09:06.685,9,0,0,0,67301,0,0,0,N,0,0,0,1,67301,0,,1,1,,N,N,,0,,0,0,0,0,0,,2051,0,2,0,0,0,0,1,3,4,0,2,3,,N,,,,,,,,,,,
2010011422,2250.0,1,0,0,0,0,0,0,0,0,7,0,,67,12,2009,6,40.021,-75.1402,2240.0,6,0,0,1,0,0,0,0,0,,0,0,0,22,3,1,0,,0,40 01:15.531,,0,75 08:24.598,4,0,0,0,67301,0,0,0,,0,0,0,1,67301,1,,3,9,,,,,0,,0,0,0,0,0,,2240,1,1,0,0,0,0,0,3,4,0,1,7,,N,,,,,,,,,,,
2010011445,1344.0,1,0,0,0,0,0,1,0,0,4,1,,67,12,2009,5,40.0315,-75.0854,1336.0,6,0,0,0,0,0,1,0,0,1.0,0,0,0,13,1,1,0,,2,40 01:54.151,2.0,0,75 05:07.557,8,0,0,0,67301,0,0,0,N,0,0,0,3,67301,0,,1,9,,N,N,,0,,0,0,0,3,2,N,1332,1,2,0,0,0,1,0,3,4,0,2,3,,N,,,,,,,,,,,
2010006388,1001.0,2,0,0,0,0,0,0,0,0,4,0,,67,12,2009,5,40.0028,-75.1378,1000.0,6,0,0,0,0,0,0,0,0,,0,0,0,9,1,3,1,,0,40 00:09.954,,0,75 08:16.245,4,0,0,0,67301,0,0,0,N,0,0,0,5,67301,3,,1,1,,N,N,,0,,0,0,0,3,2,,930,3,2,0,0,0,0,0,3,4,0,2,3,,N,,,,,,,,,,,
2010005501,1626.0,1,0,0,0,0,0,0,0,0,5,0,,67,12,2009,5,40.1167,-75.0198,1625.0,6,0,0,0,0,0,2,0,0,2.0,0,0,0,16,1,4,1,,1,40 07:00.010,2.0,0,75 01:11.269,4,0,0,0,67301,0,0,0,N,0,0,0,7,67301,4,,1,1,,N,N,,0,,0,0,2,3,2,N,1621,4,3,0,0,1,0,0,3,4,0,3,3,,N,,,,,,,,,,,
2010005526,1350.0,1,0,0,0,0,0,0,0,0,1,0,,67,12,2009,7,40.0892,-75.021,1349.0,6,0,0,0,0,0,0,0,0,,0,0,0,13,1,2,1,,0,40 05:21.079,,0,75 01:15.622,4,0,0,0,67301,0,0,0,N,0,0,0,7,67301,2,,1,7,,N,N,,1,,0,0,1,3,2,,1335,2,3,0,0,0,0,0,3,4,0,3,10,,N,,,,,,,,,,,
2010005633,2140.0,1,0,0,0,0,0,0,0,0,7,0,,67,12,2009,4,39.9762,-75.1925,2130.0,6,0,0,0,0,0,0,0,0,1.0,0,0,0,21,3,1,0,,1,39 58:34.307,1.0,0,75 11:32.750,3,0,0,0,67301,0,0,0,N,0,0,0,2,67301,0,,5,9,,N,N,,0,,1,0,0,0,0,N,2130,1,1,0,0,1,0,0,3,4,0,1,7,,N,,,,,,,,,,,
2010005740,1752.0,2,0,0,0,0,0,0,0,0,4,0,,67,12,2009,1,40.0209,-75.1401,1748.0,6,0,0,0,0,0,0,1,0,1.0,0,0,0,17,3,1,1,,1,40 01:15.608,3.0,0,75 08:23.307,4,0,0,0,67301,0,0,0,N,0,0,0,5,67301,1,,1,1,,N,N,,0,,0,0,0,3,2,N,1746,1,2,0,0,0,0,0,3,4,0,2,3,,N,,,,,,,,,,,
2009079175,1355.0,0,0,0,0,0,0,0,0,0,1,0,,67,6,2009,2,39.9357,-75.1672,1350.0,6,0,0,0,0,0,0,0,0,,0,0,0,13,1,2,1,,0,39 56:08.429,,0,75 10:02.225,4,0,0,0,67301,0,0,0,N,0,0,0,4,67301,2,,1,1,,N,N,,2,,0,0,0,3,2,,1340,2,2,0,0,0,0,0,3,4,0,2,3,,N,,,,,,,,,,,
2009079213,1305.0,1,0,0,0,0,0,0,0,0,8,0,,67,7,2009,1,40.047,-75.1479,1304.0,6,0,0,0,0,0,0,0,0,,0,0,0,13,1,1,0,,0,40 02:49.135,,0,75 08:52.569,4,0,0,0,67301,1,0,0,N,1,0,0,2,67301,1,,4,1,,N,N,,0,,0,0,0,0,0,,1304,1,2,0,0,0,0,0,3,4,0,1,3,,N,,,,,,,,,,,
2009074579,2223.0,1,0,0,0,0,0,0,0,0,8,0,,67,6,2009,6,40.0072,-75.1419,2223.0,6,0,0,0,0,0,0,0,0,,0,0,0,22,3,1,1,,0,40 00:25.948,,0,75 08:31.009,4,0,0,0,67301,1,0,0,,1,0,0,2,67301,1,,1,1,,,,,0,,0,0,0,0,0,,2223,1,2,0,0,0,0,0,3,4,0,1,3,,N,,,,,,,,,,,
2009066915,1040.0,1,0,0,0,0,0,0,0,0,8,0,,67,5,2009,1,39.9607,-75.1736,1036.0,6,0,0,0,0,0,0,0,0,2.0,0,0,0,10,1,1,0,,2,39 57:38.557,2.0,0,75 10:24.831,3,0,0,0,67301,1,0,0,N,1,0,0,2,67301,0,,1,1,,N,N,,0,,1,0,0,0,0,Y,1035,1,2,0,0,0,0,0,3,4,0,1,3,,N,,,,,,,,,,,
2009072501,1125.0,1,0,0,0,0,0,0,0,0,1,0,,67,6,2009,7,39.958,-75.1632,1113.0,6,0,0,0,1,0,0,0,0,,0,0,0,11,1,0,0,,0,39 57:28.961,,0,75 09:47.493,0,0,0,0,67301,0,0,0,N,0,0,0,2,68K01,0,,1,1,,N,N,,0,,0,0,1,0,0,,1110,0,2,0,0,0,0,0,3,4,0,2,3,,N,,,,,,,,,,,
2009029019,27.0,1,0,0,0,0,0,0,0,0,7,0,,67,1,2009,1,40.008,-75.1917,24.0,6,0,0,0,0,0,0,0,0,1.0,0,0,0,0,3,1,0,,1,40 00:35.500,2.0,0,75 11:12.698,8,0,0,0,67301,0,0,0,N,0,0,0,1,67301,0,,3,1,,N,N,,0,,0,0,0,0,0,N,18,1,1,0,0,0,1,0,3,4,0,1,3,,N,,,,,,,,,,,
2009029062,1815.0,1,0,0,0,0,0,0,0,0,8,0,,67,1,2009,2,39.9503,-75.1658,1810.0,6,0,0,0,1,0,0,0,0,,0,0,0,16,3,1,1,,0,39 57:01.144,,0,75 09:56.951,8,0,0,0,67301,1,0,0,,1,0,0,2,67301,0,,1,1,,N,N,,0,,0,0,0,3,2,,1600,1,2,0,0,0,1,0,3,4,0,1,3,,N,,,,,,,,,,,
2009065274,255.0,1,0,0,0,0,0,0,0,0,7,0,,67,5,2009,7,39.9142,-75.1718,253.0,6,0,0,0,0,0,0,0,0,,0,0,0,2,3,1,1,,0,39 54:51.182,,0,75 10:18.543,4,0,0,0,67301,0,0,0,N,0,0,0,1,67301,1,,5,1,,N,N,,0,,0,0,0,3,2,,250,1,1,0,0,1,0,0,3,4,0,1,3,,N,,,,,,,,,,,
2009092955,1600.0,0,0,0,0,0,0,0,0,0,4,0,,67,8,2009,7,40.0299,-75.146,1530.0,6,0,0,0,0,0,0,0,0,,0,0,0,15,1,3,1,,0,40 01:47.658,,0,75 08:45.592,4,0,0,0,67301,0,0,0,N,0,0,0,3,67301,3,,1,1,,N,N,,0,,0,0,2,3,2,,1515,3,2,0,0,0,0,0,3,4,0,2,3,,N,,,,,,,,,,,
2009092971,2350.0,0,0,0,0,0,0,1,0,0,8,1,,67,4,2009,7,39.9522,-75.1452,2348.0,6,0,0,0,0,0,0,0,0,,0,0,0,23,3,1,1,,0,39 57:07.823,,0,75 08:42.817,4,0,0,0,67301,1,0,0,N,1,0,0,2,67301,1,,1,1,,N,N,,0,,0,0,0,3,2,,2337,1,2,0,0,0,0,0,3,4,0,1,3,,N,,,,,,,,,,,
2009092995,925.0,1,0,0,0,0,0,0,0,0,4,0,,67,8,2009,1,40.0272,-75.1512,917.0,6,0,0,0,0,1,0,0,0,,0,0,0,9,1,5,1,,0,40 01:37.801,,0,75 09:04.478,4,0,0,0,67301,0,0,0,N,0,0,0,6,67301,5,,1,1,,N,N,,0,,0,0,0,3,2,,914,5,2,0,0,0,0,0,3,4,1,2,3,,N,,,,,,,,,,,
2009093309,1500.0,2,0,0,0,0,0,0,0,0,4,0,,67,8,2009,3,39.9983,-75.1499,1500.0,6,0,0,0,0,0,0,0,0,9.0,0,0,0,14,1,1,1,,1,39 59:53.948,2.0,0,75 08:59.503,3,0,0,0,67301,0,0,0,,0,0,0,2,67301,0,,1,1,,N,N,,0,,1,0,0,3,2,N,1450,1,2,0,0,0,0,0,3,4,0,2,3,,N,,,,,,,,,,,
2009066971,2209.0,2,0,0,0,0,0,0,0,0,2,0,,67,5,2009,5,39.9566,-75.2098,2206.0,6,0,0,0,0,0,0,0,0,2.0,0,0,0,22,3,2,1,,2,39 57:23.623,3.0,0,75 12:35.092,4,0,0,0,67301,0,0,0,N,0,0,0,2,67301,2,,1,1,,N,N,,0,,0,0,0,3,2,Y,2200,2,2,0,0,0,0,0,3,4,0,2,3,,N,,,,,,,,,,,
2009067101,2340.0,1,0,0,0,0,0,0,0,0,6,0,,67,5,2009,1,40.046,-75.096,2332.0,6,0,0,0,1,0,0,0,0,1.0,0,0,0,22,3,1,1,,1,40 02:45.740,5.0,0,75 05:45.545,8,0,0,0,67301,0,0,0,N,0,0,0,2,67301,0,,1,1,,N,N,,0,,0,0,0,9,3,Y,2256,1,2,0,0,0,1,0,3,4,1,2,3,,N,,,,,,,,,,,
2009067446,1603.0,1,0,0,0,0,0,0,0,0,4,0,,67,5,2009,2,40.0159,-75.1296,1600.0,6,0,0,0,0,0,1,0,0,,0,0,0,14,1,0,1,,0,40 00:57.319,,0,75 07:46.466,0,0,0,0,67301,0,0,0,,0,0,0,2,67301,0,,1,9,,N,,,0,,0,0,0,3,3,,1426,0,2,0,0,0,0,0,3,4,1,2,7,,N,,,,,,,,,,,
2009067447,1649.0,1,0,0,0,0,0,0,0,0,8,0,,67,6,2009,5,39.9249,-75.174,1647.0,6,0,0,0,0,0,0,0,0,,0,0,0,16,1,1,0,,0,39 55:29.169,,0,75 10:21.659,3,0,0,0,67301,1,0,0,N,1,0,0,2,67301,0,,1,9,,N,N,,0,,1,0,0,0,0,,1643,1,2,0,0,0,0,0,3,4,0,1,3,,N,,,,,,,,,,,
2009067308,1952.0,3,0,0,0,0,0,0,0,0,1,0,,67,6,2009,3,40.0383,-75.0194,1949.0,6,0,0,0,0,0,0,0,0,9.0,0,0,0,19,3,1,0,,1,40 02:17.853,1.0,0,75 01:09.671,8,0,0,0,67301,0,0,0,N,0,0,0,1,67301,0,,6,1,,N,N,,0,,0,0,1,0,0,N,1949,1,4,0,0,0,1,0,3,4,0,4,3,,N,,,,,,,,,,,
2009067527,840.0,2,0,0,0,0,0,0,0,0,2,0,,67,5,2009,5,39.9868,-75.2427,834.0,6,0,0,0,0,0,0,1,0,,0,0,0,8,1,2,0,,0,39 59:12.542,,7,75 14:33.688,8,0,0,0,67301,0,0,0,,0,0,0,2,67301,0,,1,9,,N,Y,,0,,0,0,0,0,0,,804,2,2,0,0,0,2,0,3,4,0,2,3,,N,,,,,,,,,,,
2009067542,810.0,1,0,0,0,0,0,0,0,0,8,0,,67,6,2009,2,40.0293,-75.1638,800.0,6,0,0,0,0,0,0,0,0,,0,0,0,99,1,1,1,,0,40 01:45.341,,0,75 09:49.576,4,0,0,0,67301,1,0,0,N,1,0,0,2,67301,1,,1,1,,N,N,,0,,0,0,0,3,2,,9999,1,2,0,0,1,0,0,3,4,0,1,3,,N,,,,,,,,,,,
2009067615,1501.0,1,0,0,0,0,0,0,0,0,4,0,,67,5,2009,4,39.9346,-75.2273,1500.0,6,0,0,0,0,0,2,0,0,1.0,0,0,0,14,1,1,1,,1,39 56:04.941,5.0,0,75 13:38.215,8,0,0,0,67301,0,0,0,N,0,0,0,3,67301,0,,1,1,,N,N,,0,,0,0,1,3,2,N,1435,1,2,0,0,0,1,0,3,4,0,2,3,,N,,,,,,,,,,,