CRN,ARRIVAL_TM,AUTOMOBILE_COUNT,BELTED_DEATH_COUNT,BELTED_SUSP_SERIOUS_INJ_COUNT,BICYCLE_COUNT,BICYCLE_DEATH_COUNT,BICYCLE_SUSP_SERIOUS_INJ_COUNT,BUS_COUNT,CHLDPAS_DEATH_COUNT,CHLDPAS_SUSP_SERIOUS_INJ_COUNT,COLLISION_TYPE,COMM_VEH_COUNT,CONS_ZONE_SPD_LIM,COUNTY,CRASH_MONTH,CRASH_YEAR,DAY_OF_WEEK,DEC_LAT,DEC_LONG,DISPATCH_TM,DISTRICT,DRIVER_COUNT_16YR,DRIVER_COUNT_17YR,DRIVER_COUNT_18YR,DRIVER_COUNT_19YR,DRIVER_COUNT_20YR,DRIVER_COUNT_50_64YR,DRIVER_COUNT_65_74YR,DRIVER_COUNT_75PLUS,EST_HRS_CLOSED,FATAL_COUNT,HEAVY_TRUCK_COUNT,HORSE_BUGGY_COUNT,HOUR_OF_DAY,ILLUMINATION,INJURY_COUNT,INTERSECT_TYPE,INTERSECTION_RELATED,LANE_CLOSED,LATITUDE,LN_CLOSE_DIR,LOCATION_TYPE,LONGITUDE,MAX_SEVERITY_LEVEL,MCYCLE_DEATH_COUNT,MCYCLE_SUSP_SERIOUS_INJ_COUNT,MOTORCYCLE_COUNT,MUNICIPALITY,NONMOTR_COUNT,NONMOTR_DEATH_COUNT,NONMOTR_SUSP_SERIOUS_INJ_COUNT,NTFY_HIWY_MAINT,PED_COUNT,PED_DEATH_COUNT,PED_SUSP_SERIOUS_INJ_COUNT,PERSON_COUNT,POLICE_AGCY,POSSIBLE_INJ_COUNT,RDWY_SURF_TYPE_CD,RELATION_TO_ROAD,ROAD_CONDITION,ROADWAY_CLEARED,SCH_BUS_IND,SCH_ZONE_IND,SECONDARY_CRASH,SMALL_TRUCK_COUNT,SPEC_JURIS_CD,SUSP_MINOR_INJ_COUNT,SUSP_SERIOUS_INJ_COUNT,SUV_COUNT,TCD_FUNC_CD,TCD_TYPE,TFC_DETOUR_IND,TIME_OF_DAY,TOT_INJ_COUNT,TOTAL_UNITS,UNB_DEATH_COUNT,UNB_SUSP_SERIOUS_INJ_COUNT,UNBELTED_OCC_COUNT,UNK_INJ_DEG_COUNT,UNK_INJ_PER_COUNT,URBAN_AREA,URBAN_RURAL,VAN_COUNT,VEHICLE_COUNT,WEATHER1,WEATHER2,WORK_ZONE_IND,WORK_ZONE_LOC,WORK_ZONE_TYPE,WORKERS_PRES,WZ_CLOSE_DETOUR,WZ_FLAGGER,WZ_LAW_OFFCR_IND,WZ_LN_CLOSURE,WZ_MOVING,WZ_OTHER,WZ_SHLDER_MDN,WZ_WORKERS_INJ_KILLED
2009057229,638.0,1,0,0,0,0,0,0,0,0,1,0,,67,5,2009,6,39.9478,-75.2261,634.0,6,0,0,0,0,0,0,0,0,,0,0,0,6,1,1,2,,0,39 56:51.982,,0,75 13:33.808,8,0,0,0,67301,0,0,0,N,0,0,0,2,67301,0,,1,9,,N,N,,0,,0,0,0,3,3,,630,1,2,0,0,0,1,0,3,4,1,2,3,,N,,,,,,,,,,,
2009121294,2254.0,1,0,0,0,0,0,0,0,0,7,0,,67,11,2009,4,39.922,-75.1906,2252.0,6,0,0,0,0,1,0,0,0,2.0,0,0,0,22,3,1,0,,2,39 55:19.560,4.0,0,75 11:26.520,4,0,0,0,67301,0,0,0,N,0,0,0,1,68K01,1,,4,1,,N,N,,0,,0,0,0,0,0,N,2250,1,1,0,0,1,0,0,3,4,0,1,3,,N,,,,,,,,,,,
2009111122,1433.0,2,0,0,0,0,0,0,0,0,4,0,,67,9,2009,6,39.9566,-75.198,1431.0,6,0,0,0,0,0,0,1,0,,0,0,0,14,1,1,1,,0,39 57:24.051,,0,75 11:52.841,3,0,0,0,67301,0,0,0,N,0,0,0,3,67301,0,,1,1,,N,N,,0,,1,0,0,3,2,,1428,1,2,0,0,0,0,0,3,4,0,2,3,,N,,,,,,,,,,,
2009111130,1502.0,1,0,0,0,0,0,0,0,0,5,0,,67,10,2009,3,40.0207,-75.1928,1500.0,6,0,0,0,0,0,0,0,0,,0,0,0,14,1,1,0,,0,40 01:14.667,,0,75 11:33.908,3,0,0,1,67301,0,0,0,N,0,0,0,1,67301,0,,1,1,,N,N,,0,,1,0,0,0,0,,1458,1,2,0,0,0,0,0,3,4,0,2,3,,N,,,,,,,,,,,
2009120810,1317.0,0,0,0,0,0,0,0,0,0,8,0,,67,10,2009,6,39.9943,-75.1577,1315.0,6,0,0,0,0,0,0,0,0,,0,0,0,13,1,1,1,,0,39 59:39.677,,0,75 09:28.125,4,0,0,0,67301,1,0,0,,1,0,0,2,67301,1,,1,9,,N,N,,1,,0,0,0,3,2,,1310,1,2,0,0,1,0,0,3,4,0,1,7,,N,,,,,,,,,,,
2009118986,910.0,1,0,0,0,0,0,0,0,0,1,0,,67,10,2009,3,40.0305,-75.1204,900.0,6,0,0,0,0,0,0,0,0,,0,0,0,8,1,2,1,,0,40 01:49.839,,0,75 07:13.589,8,0,0,0,67301,0,0,0,N,0,0,0,5,67301,0,,1,9,,N,N,,0,,0,0,1,3,3,,845,2,2,0,0,0,2,0,3,4,0,2,7,,N,,,,,,,,,,,
2009111599,2255.0,0,0,0,0,0,0,0,0,0,1,0,,67,10,2009,1,39.9545,-75.1812,2245.0,6,0,0,0,0,0,0,0,0,,0,0,0,22,3,1,0,,0,39 57:16.178,,0,75 10:52.149,4,0,0,0,67301,0,0,0,,0,0,0,2,67301,1,,1,1,,N,N,,0,,0,0,1,3,2,,2245,1,2,0,0,0,0,0,3,4,1,2,3,,N,,,,,,,,,,,
2009093622,1621.0,1,0,0,0,0,0,0,0,0,1,0,,67,8,2009,5,40.0064,-75.0895,1621.0,6,0,0,0,1,0,0,0,0,,0,0,0,99,1,1,0,,0,40 00:22.711,,0,75 05:23.115,8,0,0,0,67301,0,0,0,N,0,0,0,2,67301,0,,1,1,,N,N,,0,,0,0,0,0,0,,9999,1,2,0,0,0,1,1,3,4,1,2,3,,N,,,,,,,,,,,
2009054226,1215.0,0,0,0,0,0,0,0,0,0,8,0,,67,4,2009,5,39.9949,-75.1367,1209.0,6,0,0,0,0,0,0,0,0,,0,0,0,12,1,1,0,,0,39 59:41.730,,0,75 08:12.062,8,0,0,0,67301,1,0,0,N,1,0,0,2,67301,0,,1,1,,N,N,,0,,0,0,0,0,0,,1200,1,2,0,0,0,1,0,3,4,1,1,3,,N,,,,,,,,,,,
2009054307,725.0,1,0,0,0,0,0,0,0,0,1,0,,67,4,2009,7,39.9229,-75.1682,720.0,6,0,0,0,0,0,0,0,0,,0,0,0,7,1,1,0,,0,39 55:22.468,,0,75 10:05.386,4,0,0,0,67301,0,0,0,,0,0,0,2,67301,1,,1,1,,,,,0,,0,0,1,0,0,,710,1,2,0,0,1,0,0,3,4,0,2,3,,N,,,,,,,,,,,
2009054340,1551.0,1,0,0,0,0,0,0,0,0,7,0,,67,4,2009,6,40.0543,-75.1413,1548.0,6,0,0,0,0,0,1,0,0,,0,0,0,15,1,1,0,,0,40 03:15.531,,0,75 08:28.579,8,0,0,0,67301,0,0,0,N,0,0,0,1,67301,0,,3,1,,N,N,,0,,0,0,1,3,2,,1523,1,2,0,0,0,1,0,3,4,0,2,3,,N,,,,,,,,,,,
2009054354,1055.0,1,0,0,0,0,0,0,0,0,4,0,,67,4,2009,5,39.9218,-75.179,9999.0,6,0,0,0,0,0,0,0,0,,0,0,0,10,1,1,2,,0,39 55:18.332,,0,75 10:44.518,8,0,0,0,67301,0,0,0,N,0,0,0,2,67301,0,,1,1,,N,N,,1,,0,0,0,3,3,,1054,1,2,0,0,0,1,0,3,4,0,2,3,,N,,,,,,,,,,,
2009054523,1725.0,2,0,0,0,0,0,0,0,0,4,0,,67,4,2009,7,40.0032,-75.1288,1716.0,6,0,0,0,0,1,1,0,0,,0,0,0,17,1,0,1,,0,40 00:11.422,,0,75 07:43.755,0,0,0,0,67301,0,0,0,,0,0,0,2,67301,0,,1,1,,,,,0,,0,0,0,3,3,,1716,0,2,0,0,0,0,0,3,4,0,2,3,,N,,,,,,,,,,,
2009086113,759.0,1,0,0,0,0,0,0,0,0,7,0,,67,6,2009,1,40.0376,-75.2104,754.0,6,0,0,0,0,1,0,0,0,,0,0,0,7,1,2,0,,0,40 02:15.747,,0,75 12:37.590,4,0,0,0,67301,0,0,0,,0,0,0,2,67301,1,,3,1,,,,,0,,0,0,0,0,0,,753,2,1,0,0,0,1,0,3,4,0,1,3,,N,,,,,,,,,,,
2009088740,1520.0,0,0,0,0,0,0,0,0,0,7,0,,67,4,2009,1,39.9739,-75.1675,1510.0,6,0,0,0,0,0,0,0,0,,0,0,0,15,1,1,0,,0,39 58:26.038,,0,75 10:03.012,4,0,0,0,67301,0,0,0,N,0,0,0,1,67301,1,,5,1,,N,N,,0,,0,0,1,3,2,,1509,1,1,0,0,1,0,0,3,4,0,1,3,,N,,,,,,,,,,,
2009065897,1252.0,3,0,0,0,0,0,0,0,0,5,0,,67,5,2009,2,,,1252.0,6,0,0,0,0,0,0,0,0,,0,0,0,12,1,1,0,,0,,,3,,8,0,0,0,67301,0,0,0,N,0,0,0,11,67501,0,,1,1,,N,N,,0,,0,0,1,3,8,,1252,1,4,0,0,0,1,0,3,3,0,4,3,,N,,,,,,,,,,,
2009063487,1923.0,1,0,0,0,0,0,0,0,0,7,0,,67,5,2009,7,39.9684,-75.1295,1917.0,6,0,0,0,0,0,0,0,0,1.0,0,0,0,19,1,4,0,,1,39 58:05.880,2.0,0,75 07:46.920,2,0,0,0,67301,0,0,0,N,0,0,0,4,68K01,2,,2,1,,N,N,,0,,1,1,0,0,0,N,1913,4,1,0,0,0,0,0,3,4,0,1,3,,N,,,,,,,,,,,
2010003031,1640.0,1,0,0,0,0,0,0,0,0,4,0,,67,11,2009,2,39.9401,-75.1849,1631.0,6,0,0,0,0,0,0,0,0,,0,0,0,16,1,2,1,,0,39 56:24.381,,0,75 11:05.801,8,0,0,0,67301,0,0,0,,0,0,0,3,67301,0,,1,9,,N,N,,0,,0,0,1,3,2,,1625,2,2,0,0,0,2,0,3,4,0,2,7,,N,,,,,,,,,,,
2010003187,2256.0,2,0,0,0,0,0,0,0,0,4,0,,67,11,2009,5,40.0351,-75.0695,2250.0,6,0,0,0,0,0,0,0,0,1.0,0,0,0,22,3,2,1,,1,40 02:06.425,4.0,0,75 04:10.216,8,0,0,0,67301,0,0,0,Y,0,0,0,2,67301,0,,1,1,,N,N,,0,,0,0,0,3,2,N,2250,2,2,0,0,0,2,0,3,4,0,2,3,,N,,,,,,,,,,,
2010003261,845.0,1,0,0,0,0,0,0,0,0,1,0,,67,12,2009,4,40.0429,-75.1438,845.0,6,0,0,0,0,0,1,0,0,3.0,0,0,0,8,1,0,1,,1,40 02:34.433,1.0,0,75 08:37.617,9,0,0,0,67301,0,0,0,N,0,0,0,4,67301,0,,1,1,,N,N,,0,,0,0,2,3,2,N,845,0,3,0,0,0,0,1,3,4,0,3,3,,N,,,,,,,,,,,
2010003267,1842.0,2,0,0,0,0,0,0,0,0,4,0,,67,11,2009,2,39.9377,-75.2284,1838.0,6,0,0,0,0,0,0,0,1,1.0,0,0,0,18,3,2,1,,2,39 56:15.784,6.0,0,75 13:42.272,4,0,0,0,67301,0,0,0,N,0,0,0,2,67301,2,,1,9,,N,N,,0,,0,0,0,3,2,N,1835,2,2,0,0,0,0,0,3,4,0,2,7,,N,,,,,,,,,,,
2010006373,2103.0,1,0,0,0,0,0,0,0,0,6,0,,67,12,2009,6,40.0382,-75.0417,2057.0,6,0,0,0,0,0,0,0,0,,0,0,0,20,3,1,1,,0,40 02:17.595,,0,75 02:30.029,8,0,0,0,67301,0,0,0,N,0,0,0,3,67301,0,,1,1,,N,N,,0,,0,0,1,3,3,,2035,1,2,0,0,0,1,0,3,4,0,2,3,,N,,,,,,,,,,,
2010004268,1545.0,3,0,0,0,0,0,0,0,0,1,0,,67,11,2009,2,39.9598,-75.1784,1537.0,6,0,0,0,0,0,2,0,0,1.0,0,0,0,99,1,1,7,,1,39 57:35.399,3.0,2,75 10:42.496,4,0,0,0,67301,0,0,0,,0,0,0,5,67301,1,,1,9,,N,N,,0,,0,0,0,0,0,N,9999,1,3,0,0,0,0,0,3,4,0,3,7,,N,,,,,,,,,,,
2010010679,1331.0,1,0,0,0,0,0,0,0,0,4,0,,67,9,2009,3,,,1330.0,6,0,0,0,0,0,0,0,0,,0,0,0,13,1,1,0,,0,,,0,,8,0,0,0,67301,1,0,0,N,0,0,0,2,00000,0,,1,1,,N,N,,1,,0,0,0,0,0,,1330,1,2,0,0,0,1,1,3,3,0,2,3,,N,,,,,,,,,,,
2009092967,1859.0,0,0,0,0,0,0,0,0,0,8,0,,67,8,2009,2,39.9979,-75.1648,1859.0,6,0,0,0,0,0,0,0,0,,0,0,0,18,4,1,0,,0,39 59:52.482,,0,75 09:53.159,4,0,0,0,67301,1,0,0,,1,0,0,2,67301,1,,2,1,,N,N,,1,,0,0,0,0,0,,1855,1,2,0,0,1,0,0,3,4,0,1,3,,N,,,,,,,,,,,
2009069695,1435.0,2,0,0,0,0,0,0,0,0,2,0,,67,6,2009,5,39.9823,-75.1267,1432.0,6,0,0,0,0,0,1,0,1,9.0,0,0,0,14,1,1,1,,1,39 58:56.426,3.0,0,75 07:36.268,3,0,0,0,67301,0,0,0,,0,0,0,3,67301,0,,1,1,,,,,0,,1,0,0,3,3,Y,1420,1,2,0,0,0,0,0,3,4,0,2,3,,N,,,,,,,,,,,
2009067229,711.0,2,0,0,0,0,0,0,0,0,4,0,99.0,67,6,2009,5,40.0461,-75.2178,704.0,6,0,0,0,0,0,0,0,0,6.0,0,0,0,7,1,0,2,,1,40 02:46.084,5.0,0,75 13:04.094,0,0,0,0,67301,0,0,0,N,0,0,0,2,67301,0,,1,9,,N,Y,,0,,0,0,0,3,2,N,700,0,2,0,0,1,0,0,3,4,0,2,7,,Y,8.0,8.0,U,U,U,U,U,U,U,U,
2009067239,332.0,1,0,0,0,0,0,0,0,0,7,0,,67,5,2009,5,40.0845,-75.0384,330.0,6,0,0,0,0,0,0,0,0,,0,0,0,3,3,0,1,,0,40 05:04.009,,0,75 02:18.063,0,0,0,0,67301,0,0,0,N,0,0,0,1,67301,0,,2,1,,,N,,0,,0,0,0,3,2,,328,0,1,0,0,0,0,0,3,4,0,1,3,,N,,,,,,,,,,,
2009067257,1657.0,1,0,0,0,0,0,0,0,0,1,0,,67,6,2009,3,40.047,-74.9927,1653.0,6,0,0,0,0,0,1,0,0,1.0,0,0,0,16,1,2,1,,1,40 02:48.951,2.0,0,74 59:34.049,4,0,0,0,67301,0,0,0,N,0,0,0,3,67301,2,,1,1,,N,N,,0,,0,0,1,3,2,N,1640,2,2,0,0,2,0,0,3,4,0,2,3,,N,,,,,,,,,,,
2009067111,124.0,1,0,0,0,0,0,0,0,0,4,0,,67,6,2009,7,39.9832,-75.1568,123.0,6,0,0,0,0,0,0,0,0,,0,0,0,99,3,0,1,,0,39 58:59.480,,0,75 09:24.548,0,0,0,0,67301,0,0,0,N,0,0,0,2,67301,0,,1,1,,N,N,,0,,0,0,1,3,2,,9999,0,2,0,0,0,0,0,3,4,0,2,3,,N,,,,,,,,,,,
2009067292,2041.0,1,0,0,0,0,0,0,0,0,7,0,99.0,67,6,2009,5,40.0206,-75.1561,2032.0,6,0,0,0,0,0,0,0,0,,0,0,0,20,3,1,0,,0,40 01:14.308,,0,75 09:22.168,4,0,0,0,67301,0,0,0,N,0,0,0,1,67301,1,,2,9,,N,N,,0,,0,0,0,0,0,,2025,1,1,0,0,0,0,0,3,4,0,1,7,,Y,8.0,8.0,U,U,U,U,U,U,U,U,
2009067518,1525.0,1,0,0,0,0,0,0,0,0,4,0,,67,6,2009,5,39.9587,-75.1454,1520.0,6,0,0,0,0,0,0,0,0,,0,0,0,14,1,2,1,,0,39 57:31.482,,0,75 08:43.587,8,0,0,0,67301,0,0,0,N,0,0,0,2,67301,0,,1,98,,N,N,,1,,0,0,0,3,3,,1400,2,2,0,0,0,2,0,3,4,0,2,99,,N,,,,,,,,,,,
2009067543,1600.0,0,0,0,0,0,0,0,0,0,6,1,,67,6,2009,3,40.0098,-75.1669,1545.0,6,0,0,0,0,0,1,0,0,,0,1,0,15,1,0,1,,0,40 00:35.396,,0,75 10:00.737,0,0,0,0,67301,0,0,0,,0,0,0,2,67301,0,,1,1,,N,N,,0,,0,0,1,3,2,,1545,0,2,0,0,0,0,0,3,4,0,2,3,,N,,,,,,,,,,,
2009065058,507.0,2,0,0,0,0,0,0,0,0,2,0,,67,5,2009,1,40.0367,-75.1327,506.0,6,0,0,0,0,0,1,0,0,,0,0,0,5,3,1,0,,0,40 02:12.170,,0,75 07:57.666,4,0,0,0,67301,0,0,0,,0,0,0,2,67301,1,,1,9,,,,,0,,0,0,0,0,0,,505,1,2,0,0,0,0,0,3,4,0,2,7,,N,,,,,,,,,,,
2009064802,1737.0,1,0,0,0,0,0,0,0,0,1,0,,67,6,2009,6,39.9901,-75.2053,1734.0,6,0,0,0,0,0,1,0,0,1.0,0,0,0,17,1,1,0,,1,39 59:27.240,4.0,0,75 12:15.120,4,0,0,0,67301,0,0,0,N,0,0,0,3,68K01,1,,1,1,,N,N,,1,,0,0,0,0,0,N,1731,1,2,0,0,0,0,0,3,4,0,2,3,,N,,,,,,,,,,,
2009065159,2345.0,2,0,0,0,0,0,0,0,0,6,0,,67,5,2009,3,39.9976,-75.1704,2340.0,6,0,0,0,1,0,0,0,0,,0,0,0,23,3,1,1,,0,39 59:51.471,,0,75 10:13.583,4,0,0,0,67301,0,0,0,,0,0,0,3,67301,1,,1,9,,,,,0,,0,0,0,0,0,,2340,1,2,0,0,0,0,1,3,4,0,2,7,,N,,,,,,,,,,,
2009065166,400.0,1,0,0,0,0,0,0,0,0,8,0,,67,5,2009,1,40.0072,-75.1351,100.0,6,0,0,0,0,0,0,0,0,,0,0,0,1,3,1,0,,0,40 00:25.858,,0,75 08:06.463,4,0,0,0,67301,1,0,0,,1,0,0,2,67301,1,,6,1,,,,,0,,0,0,0,0,0,,100,1,2,0,0,0,0,0,3,4,0,1,3,,N,,,,,,,,,,,
2009067611,1226.0,0,0,0,0,0,0,0,0,0,1,1,,67,6,2009,6,39.8954,-75.2335,1212.0,6,0,0,0,0,0,1,0,0,3.0,0,1,0,10,1,1,2,,1,39 53:43.550,3.0,0,75 14:00.600,3,0,0,0,67301,0,0,0,N,0,0,0,2,67301,0,,1,9,,N,N,,0,,1,0,1,3,2,N,1055,1,2,0,0,0,0,1,3,4,0,2,7,,N,,,,,,,,,,,
2009111123,2335.0,2,0,0,0,0,0,0,0,0,1,0,,67,9,2009,3,40.0449,-75.1013,2330.0,6,0,0,0,0,0,0,0,0,,0,0,0,23,3,1,0,,0,40 02:41.550,,0,75 06:04.758,8,0,0,0,67301,0,0,0,N,0,0,0,2,67301,0,,1,1,,N,N,,0,,0,0,0,0,0,,2315,1,2,0,0,0,1,0,3,4,0,2,3,,N,,,,,,,,,,,
2009108553,833.0,1,0,0,0,0,0,0,0,0,4,0,,67,9,2009,6,39.9392,-75.2352,833.0,6,0,0,0,0,0,1,1,0,3.0,0,0,0,8,1,1,2,,2,39 56:21.059,7.0,0,75 14:06.781,2,0,0,0,67301,0,0,0,,0,0,0,3,67301,0,,1,1,,N,N,,0,,0,1,0,3,3,Y,830,1,2,0,0,0,0,0,3,4,1,2,3,,N,,,,,,,,,,,
2009108637,325.0,1,0,0,0,0,0,0,0,0,7,0,,67,10,2009,7,40.0436,-75.0548,320.0,6,0,0,0,0,0,0,0,0,,0,0,0,3,3,0,0,,0,40 02:36.984,,0,75 03:17.387,0,0,0,0,67301,0,0,0,Y,0,0,0,2,67301,0,,3,9,,N,N,,0,,0,0,0,0,0,,319,0,1,0,0,0,0,0,3,4,0,1,3,,N,,,,,,,,,,,
2009120814,205.0,1,0,0,1,0,0,0,0,0,5,0,,67,10,2009,1,39.9688,-75.1341,201.0,6,0,0,0,0,0,0,0,0,,0,0,0,2,3,1,0,,0,39 58:07.848,,0,75 08:02.668,3,0,0,0,67301,1,0,0,N,0,0,0,2,67301,0,,1,1,,N,N,,0,,1,0,0,0,0,,201,1,2,0,0,1,0,0,3,4,0,1,3,,N,,,,,,,,,,,
2009118842,1626.0,1,0,0,0,0,0,0,0,0,8,0,,67,11,2009,3,40.0622,-75.1518,1605.0,6,0,0,0,0,0,0,1,0,,0,0,0,15,1,1,0,,0,40 03:44.013,,7,75 09:06.397,8,0,0,0,67301,1,0,0,,1,0,0,2,67301,0,,1,1,,N,N,,0,,0,0,0,2,2,,1535,1,2,0,0,0,1,0,3,4,0,1,3,,N,,,,,,,,,,,
2009118880,1340.0,2,0,0,0,0,0,0,0,0,1,0,,67,10,2009,5,40.0075,-75.19,1335.0,6,0,0,0,0,0,1,0,0,,0,0,0,99,1,1,0,,0,40 00:27.079,,0,75 11:23.960,4,0,0,0,67301,0,0,0,,0,0,0,3,67301,1,,1,1,,N,N,,0,,0,0,0,0,0,,9999,1,3,0,0,0,0,2,3,4,1,3,3,,N,,,,,,,,,,,
2009120818,1845.0,1,0,0,0,0,0,0,0,0,8,0,,67,10,2009,5,39.9577,-75.1978,1841.0,6,0,0,0,0,0,0,0,0,,0,0,0,18,3,1,0,,0,39 57:27.665,,7,75 11:52.106,4,0,0,0,67301,1,0,0,,1,0,0,2,67301,1,,4,9,,N,N,,0,,0,0,0,0,0,,1839,1,2,0,0,0,0,0,3,4,0,1,7,,N,,,,,,,,,,,
2009106212,1710.0,1,0,0,0,0,0,0,0,0,4,0,,67,10,2009,6,40.028,-75.11,1700.0,6,0,0,0,0,0,1,0,0,1.0,0,0,0,16,1,1,1,,1,40 01:40.946,2.0,0,75 06:36.204,4,0,0,0,67301,0,0,0,N,0,0,0,3,67301,1,,1,1,,N,N,,0,,0,0,1,3,2,N,1655,1,2,0,0,0,0,0,3,4,0,2,3,,N,,,,,,,,,,,
2009056947,1827.0,1,0,0,0,0,0,0,0,0,7,0,,67,5,2009,1,,,1823.0,6,0,0,0,0,0,0,0,0,,0,0,0,18,1,1,0,,0,,,0,,4,0,0,0,67301,0,0,0,,0,0,0,1,67301,1,,4,9,,,,,0,,0,0,0,0,0,,1820,1,1,0,0,0,0,0,3,3,0,1,7,,N,,,,,,,,,,,
2009054444,1631.0,1,0,0,0,0,0,0,0,0,1,0,,67,4,2009,6,40.0083,-75.1944,1625.0,6,0,0,0,0,0,0,0,0,,0,0,0,16,1,0,2,,0,40 00:26.280,,0,75 11:31.920,0,0,0,0,67301,0,0,0,N,0,0,0,6,67301,0,,1,1,,N,N,,1,,0,0,0,3,2,,1620,0,2,0,0,0,0,0,3,4,0,2,3,,N,,,,,,,,,,,
2009093662,1908.0,2,0,0,0,0,0,0,0,0,4,0,,67,8,2009,6,40.0521,-75.0678,1906.0,6,0,1,0,0,0,1,0,0,1.0,0,0,0,18,1,1,1,,1,40 03:07.696,2.0,0,75 04:04.036,3,0,0,0,67301,0,0,0,N,0,0,0,3,67301,0,,1,9,,N,N,,0,,1,0,1,3,2,N,1854,1,3,0,0,0,0,0,3,4,0,3,3,,N,,,,,,,,,,,
2009054521,126.0,2,0,0,0,0,0,0,0,0,4,0,,67,4,2009,4,39.9571,-75.1511,125.0,6,0,0,0,0,0,0,0,0,,0,0,0,1,3,0,5,,0,39 57:25.560,,2,75 09:03.960,9,0,0,0,67301,0,0,0,,0,0,0,2,67301,0,,1,9,,N,N,,0,,0,0,0,3,2,,103,0,2,0,0,0,0,1,3,4,0,2,3,,N,,,,,,,,,,,
2009057045,726.0,2,0,0,0,0,0,0,0,0,1,0,,67,5,2009,6,39.9845,-75.0957,719.0,6,0,0,0,0,0,0,0,0,1.0,0,0,0,6,1,1,0,,2,39 59:04.228,2.0,0,75 05:44.854,8,0,0,0,67301,0,0,0,N,0,0,0,2,68K01,0,,1,1,,N,N,,0,,0,0,0,0,0,N,650,1,2,0,0,0,1,0,3,4,0,2,3,,N,,,,,,,,,,,
2009086127,905.0,2,0,0,0,0,0,0,0,0,4,0,,67,6,2009,3,39.9081,-75.2337,858.0,6,0,0,0,0,0,0,0,0,9.0,0,0,0,8,1,1,0,,1,39 54:29.136,4.0,0,75 14:01.350,4,0,0,0,67301,0,0,0,,0,0,0,2,67301,1,,1,9,,N,N,,0,,0,0,0,0,0,Y,850,1,2,0,0,0,0,1,3,4,0,2,7,,N,,,,,,,,,,,
2009088709,1640.0,1,0,0,0,0,0,0,0,0,1,0,,67,8,2009,6,39.9525,-75.141,1640.0,6,0,0,0,0,0,0,0,0,,0,0,0,16,1,0,0,,0,39 57:09.360,,0,75 08:27.600,0,0,0,0,67301,0,0,0,N,0,0,0,2,68K01,0,,1,9,,N,N,,1,,0,0,0,0,0,,1640,0,2,0,0,0,0,0,3,4,0,2,7,,N,,,,,,,,,,,
2009086176,1030.0,0,0,0,1,0,0,0,0,0,5,0,,67,8,2009,3,40.0101,-75.0892,1030.0,6,0,0,0,0,0,0,0,0,,0,0,0,10,1,1,0,,0,40 00:36.428,,0,75 05:21.205,4,0,0,0,67301,1,0,0,N,0,0,0,2,67301,1,,1,1,,N,N,,1,,0,0,0,0,0,,1030,1,2,0,0,1,0,0,3,4,0,1,3,,N,,,,,,,,,,,
2009086281,1720.0,2,0,0,0,0,0,0,0,0,1,0,,67,7,2009,5,40.0526,-75.2356,1715.0,6,0,0,0,0,0,0,0,0,,0,0,0,17,1,1,0,,0,40 03:09.181,,0,75 14:08.213,3,0,0,0,67301,0,0,0,N,0,0,0,1,67301,0,,6,1,,N,N,,0,,1,0,0,0,0,,1715,1,3,0,0,0,0,0,3,4,1,3,3,,N,,,,,,,,,,,
2009054712,2242.0,2,0,0,0,0,0,0,0,0,7,0,,67,4,2009,3,40.0112,-75.2024,2238.0,6,0,0,0,0,0,1,0,0,,0,0,0,99,3,0,0,,0,40 00:38.520,,0,75 12:05.710,0,0,0,0,67301,0,0,0,,0,0,0,2,67301,0,,7,9,,N,N,,0,,0,0,0,0,0,,9999,0,2,0,0,0,0,0,3,4,0,2,7,,N,,,,,,,,,,,
2009068531,2135.0,1,0,0,0,0,0,0,0,0,8,0,,67,5,2009,4,39.9847,-75.1323,2125.0,6,0,0,0,0,0,0,0,0,,0,0,0,17,1,1,1,,0,39 59:05.168,,0,75 07:55.938,8,0,0,0,67301,1,0,0,,1,0,0,2,67301,0,,1,1,,,,,0,,0,0,0,3,2,,1730,1,2,0,0,0,1,0,3,4,0,1,3,,N,,,,,,,,,,,
2009071363,2107.0,1,0,0,0,0,0,0,0,0,8,0,,67,6,2009,7,39.9325,-75.2246,2103.0,6,0,0,0,0,0,0,0,1,,0,0,0,20,4,1,1,,0,39 55:56.906,,0,75 13:28.606,8,0,0,0,67301,1,0,0,N,1,0,0,2,67301,0,,1,1,,N,N,,0,,0,0,0,0,0,,2055,1,2,0,0,0,1,0,3,4,0,1,3,,N,,,,,,,,,,,
2010002954,1709.0,1,0,0,0,0,0,0,0,0,8,0,,67,11,2009,2,39.963,-75.2426,705.0,6,0,0,0,0,0,0,0,0,1.0,0,0,0,17,3,1,0,,2,39 57:46.872,1.0,0,75 14:33.324,8,0,0,0,67301,1,0,0,N,1,0,0,2,67301,0,,1,9,,N,N,,0,,0,0,0,0,0,Y,1701,1,2,0,0,0,1,0,3,4,0,1,7,,N,,,,,,,,,,,
2010002955,1800.0,2,0,0,0,0,0,0,0,0,4,0,,67,11,2009,5,40.0023,-75.2201,1730.0,6,0,1,0,0,0,1,0,0,,0,0,0,99,3,1,1,,0,40 00:08.416,,0,75 13:12.550,8,0,0,0,67301,0,0,0,N,0,0,0,2,67301,0,,1,1,,N,N,,0,,0,0,0,3,2,,9999,1,2,0,0,0,1,0,3,4,0,2,3,,N,,,,,,,,,,,