CRN,ARRIVAL_TM,AUTOMOBILE_COUNT,BELTED_DEATH_COUNT,BELTED_SUSP_SERIOUS_INJ_COUNT,BICYCLE_COUNT,BICYCLE_DEATH_COUNT,BICYCLE_SUSP_SERIOUS_INJ_COUNT,BUS_COUNT,CHLDPAS_DEATH_COUNT,CHLDPAS_SUSP_SERIOUS_INJ_COUNT,COLLISION_TYPE,COMM_VEH_COUNT,CONS_ZONE_SPD_LIM,COUNTY,CRASH_MONTH,CRASH_YEAR,DAY_OF_WEEK,DEC_LAT,DEC_LONG,DISPATCH_TM,DISTRICT,DRIVER_COUNT_16YR,DRIVER_COUNT_17YR,DRIVER_COUNT_18YR,DRIVER_COUNT_19YR,DRIVER_COUNT_20YR,DRIVER_COUNT_50_64YR,DRIVER_COUNT_65_74YR,DRIVER_COUNT_75PLUS,EST_HRS_CLOSED,FATAL_COUNT,HEAVY_TRUCK_COUNT,HORSE_BUGGY_COUNT,HOUR_OF_DAY,ILLUMINATION,INJURY_COUNT,INTERSECT_TYPE,INTERSECTION_RELATED,LANE_CLOSED,LATITUDE,LN_CLOSE_DIR,LOCATION_TYPE,LONGITUDE,MAX_SEVERITY_LEVEL,MCYCLE_DEATH_COUNT,MCYCLE_SUSP_SERIOUS_INJ_COUNT,MOTORCYCLE_COUNT,MUNICIPALITY,NONMOTR_COUNT,NONMOTR_DEATH_COUNT,NONMOTR_SUSP_SERIOUS_INJ_COUNT,NTFY_HIWY_MAINT,PED_COUNT,PED_DEATH_COUNT,PED_SUSP_SERIOUS_INJ_COUNT,PERSON_COUNT,POLICE_AGCY,POSSIBLE_INJ_COUNT,RDWY_SURF_TYPE_CD,RELATION_TO_ROAD,ROAD_CONDITION,ROADWAY_CLEARED,SCH_BUS_IND,SCH_ZONE_IND,SECONDARY_CRASH,SMALL_TRUCK_COUNT,SPEC_JURIS_CD,SUSP_MINOR_INJ_COUNT,SUSP_SERIOUS_INJ_COUNT,SUV_COUNT,TCD_FUNC_CD,TCD_TYPE,TFC_DETOUR_IND,TIME_OF_DAY,TOT_INJ_COUNT,TOTAL_UNITS,UNB_DEATH_COUNT,UNB_SUSP_SERIOUS_INJ_COUNT,UNBELTED_OCC_COUNT,UNK_INJ_DEG_COUNT,UNK_INJ_PER_COUNT,URBAN_AREA,URBAN_RURAL,VAN_COUNT,VEHICLE_COUNT,WEATHER1,WEATHER2,WORK_ZONE_IND,WORK_ZONE_LOC,WORK_ZONE_TYPE,WORKERS_PRES,WZ_CLOSE_DETOUR,WZ_FLAGGER,WZ_LAW_OFFCR_IND,WZ_LN_CLOSURE,WZ_MOVING,WZ_OTHER,WZ_SHLDER_MDN,WZ_WORKERS_INJ_KILLED
2010003096,1325.0,2,0,0,0,0,0,0,0,0,4,0,,67,12,2009,4,40.0332,-75.0833,1315.0,6,0,0,0,0,0,0,0,0,,0,0,0,13,1,0,1,,0,40 01:59.672,,0,75 05:00.283,9,0,0,0,67301,0,0,0,N,0,0,0,2,67301,0,,1,1,,N,N,,0,,0,0,0,0,0,,1300,0,2,0,0,0,0,2,3,4,0,2,3,,N,,,,,,,,,,,
2010003221,1907.0,0,0,0,0,0,0,1,0,0,6,1,,67,12,2009,5,39.9738,-75.2064,1905.0,6,0,0,0,0,0,0,0,0,,0,0,0,19,3,1,1,,0,39 58:26.145,,0,75 12:23.120,8,0,0,0,67301,1,0,0,N,1,0,0,2,67301,0,,1,1,,N,N,,0,,0,0,0,3,2,,1905,1,2,0,0,0,1,0,3,4,0,1,3,,N,,,,,,,,,,,
2010003226,1655.0,2,0,0,0,0,0,0,0,0,4,0,,67,11,2009,3,39.9578,-75.1472,1645.0,6,0,0,0,0,0,1,0,0,,0,0,0,16,1,1,1,,0,39 57:28.162,,0,75 08:50.070,4,0,0,0,67301,0,0,0,N,0,0,0,3,67301,1,,1,9,,N,N,,0,,0,0,0,3,2,,1630,1,2,0,0,0,0,0,3,4,0,2,7,5.0,N,,,,,,,,,,,
2010003251,2310.0,2,0,0,0,0,0,0,0,0,4,0,,67,12,2009,6,39.9619,-75.1412,2305.0,6,0,1,0,0,0,0,0,0,,0,0,0,23,3,0,2,,0,39 57:42.847,,0,75 08:28.208,0,0,0,0,67301,0,0,0,,0,0,0,4,67301,0,,1,1,,,,,0,,0,0,0,3,2,,2301,0,2,0,0,0,0,0,3,4,0,2,3,,N,,,,,,,,,,,
2010003555,1655.0,1,0,0,0,0,0,0,0,0,8,0,,67,12,2009,4,40.0136,-75.0685,1649.0,6,0,0,0,0,0,0,0,0,,0,0,0,16,3,1,1,,0,40 00:48.913,,0,75 04:06.725,8,0,0,0,67301,1,0,0,N,1,0,0,2,67301,0,,1,9,,N,N,,0,,0,0,0,3,2,,1639,1,2,0,0,0,1,0,3,4,0,1,7,,N,,,,,,,,,,,
2010003556,610.0,0,0,0,0,0,0,0,0,0,7,0,,67,11,2009,2,40.005,-75.0943,605.0,6,0,0,0,0,0,0,0,0,3.0,0,0,0,99,5,1,0,,1,40 00:17.825,4.0,0,75 05:39.412,8,0,0,0,67301,0,0,0,,0,0,0,1,67301,0,,2,1,,N,N,,0,,0,0,0,3,3,Y,9999,1,1,0,0,0,1,0,3,4,1,1,3,,N,,,,,,,,,,,
2010006359,1610.0,2,0,0,0,0,0,0,0,0,4,0,,67,12,2009,4,40.0126,-75.1609,1600.0,6,0,0,0,0,0,1,1,0,,0,0,0,15,1,2,1,,0,40 00:45.346,,0,75 09:39.342,3,0,0,0,67301,0,0,0,,0,0,0,6,67301,0,,1,1,,,,,0,,2,0,1,3,2,,1555,2,3,0,0,0,0,0,3,4,0,3,3,,N,,,,,,,,,,,
2010006371,1843.0,2,0,0,0,0,0,0,0,0,5,0,,67,12,2009,6,39.8934,-75.2263,1814.0,6,0,0,0,0,1,0,0,0,,0,0,0,18,3,2,0,,0,39 53:36.175,,0,75 13:34.561,8,0,0,0,67301,0,0,0,N,0,0,0,2,67301,0,,1,2,,N,N,,0,,0,0,0,0,0,,1810,2,2,0,0,0,2,0,3,4,0,2,3,,N,,,,,,,,,,,
2009079280,1248.0,2,0,0,0,0,0,0,0,0,4,0,,67,6,2009,3,40.0542,-75.1514,1243.0,6,0,0,0,0,0,0,0,0,,0,0,0,12,1,1,2,,0,40 03:15.073,,0,75 09:04.903,4,0,0,0,67301,0,0,0,N,0,0,0,2,67301,1,,1,1,,N,N,,0,,0,0,0,0,0,,1243,1,2,0,0,1,0,0,3,4,0,2,3,,N,,,,,,,,,,,
2009069105,1002.0,1,0,0,0,0,0,0,0,0,1,0,,67,6,2009,2,40.0003,-75.0837,1002.0,6,0,0,0,0,0,0,0,0,,0,0,0,10,1,1,2,,0,40 00:01.143,,2,75 05:01.112,8,0,0,0,67301,0,0,0,N,0,0,0,3,68K01,0,,1,1,,N,N,,1,,0,0,0,3,2,,1001,1,2,0,0,0,1,0,3,4,0,2,3,,N,,,,,,,,,,,
2009074307,847.0,1,0,0,0,0,0,0,0,0,4,0,,67,6,2009,1,39.9224,-75.1702,845.0,6,0,0,0,0,0,0,0,0,,0,0,0,8,1,0,0,,0,39 55:20.751,,0,75 10:12.602,0,0,0,0,67301,1,0,0,N,0,0,0,2,67301,0,,1,9,,N,N,,0,,0,0,0,0,0,,840,0,2,0,0,0,0,0,3,4,1,2,3,,N,,,,,,,,,,,
2009074561,1315.0,2,0,0,0,0,0,0,0,0,1,0,,67,5,2009,2,39.9216,-75.2401,1315.0,6,0,0,0,0,0,0,0,0,9.0,0,0,0,99,1,1,2,,2,39 55:17.742,7.0,0,75 14:24.338,8,0,0,0,67301,1,0,0,N,0,0,0,2,67301,0,,2,1,,N,N,,0,,0,0,0,0,0,Y,9999,1,2,0,0,0,1,0,3,4,0,2,3,,N,,,,,,,,,,,
2009074616,1630.0,1,0,0,0,0,0,0,0,0,8,0,,67,6,2009,6,40.0429,-75.1438,1626.0,6,0,0,0,0,0,0,0,0,,0,0,0,19,4,1,2,,0,40 02:34.384,,0,75 08:38.046,3,0,0,0,67301,1,0,0,N,1,0,0,2,67301,0,,1,9,,N,N,,0,,1,0,0,3,2,,1930,1,2,0,0,0,0,1,3,4,0,1,3,,N,,,,,,,,,,,
2009065241,1425.0,2,0,0,0,0,0,0,0,0,1,0,,67,5,2009,6,40.0574,-75.2364,1418.0,6,0,0,0,0,0,1,0,0,,0,0,0,14,1,2,2,,0,40 03:25.511,,0,75 14:10.320,3,0,0,0,67301,0,0,0,,0,0,0,3,67301,0,,1,1,,,,,0,,2,0,1,3,2,,1418,2,3,0,0,0,0,0,3,4,0,3,3,,N,,,,,,,,,,,
2009065260,1645.0,1,0,0,0,0,0,1,0,0,5,1,,67,5,2009,5,39.9474,-75.2398,1630.0,6,0,0,0,0,0,1,0,0,,0,0,0,16,1,1,1,,0,39 56:50.704,,0,75 14:23.171,4,0,0,0,67301,0,0,0,,0,0,0,12,67301,1,,1,1,,Y,N,,0,,0,0,0,3,2,,1640,1,2,0,0,0,0,0,3,4,0,2,3,,N,,,,,,,,,,,
2009092977,1239.0,1,0,0,0,0,0,0,0,0,4,0,,67,8,2009,6,39.9857,-75.2475,1239.0,6,0,0,0,0,0,1,0,0,,0,0,0,12,1,2,1,,0,39 59:08.456,,0,75 14:51.079,4,0,0,0,67301,0,0,0,,0,0,0,4,67301,2,,1,1,,,,,0,,0,0,1,3,2,,1220,2,2,0,0,0,0,0,3,4,0,2,3,,N,,,,,,,,,,,
2009093001,1915.0,0,0,0,0,0,0,0,0,0,8,0,,67,8,2009,1,40.0387,-75.1235,1915.0,6,0,0,0,0,0,1,0,0,,0,0,0,19,4,2,1,,0,40 02:19.456,,0,75 07:24.668,4,0,0,0,67301,2,0,0,N,2,0,0,3,67301,2,,1,1,,N,N,,0,,0,0,1,9,3,,1915,2,3,0,0,0,0,0,3,4,0,1,3,,N,,,,,,,,,,,
2009064487,0.0,0,0,0,0,0,0,0,0,0,8,0,,67,1,2009,3,39.9513,-75.1551,0.0,6,0,0,0,0,0,0,0,0,,0,0,0,10,1,1,1,,0,39 57:04.791,,0,75 09:18.601,8,0,0,0,67301,1,0,0,N,1,0,0,2,00000,0,,1,1,,N,N,,0,,0,0,0,3,2,,1000,1,2,0,0,0,1,0,3,4,0,1,3,,N,,,,,,,,,,,
2009066977,1445.0,1,0,0,0,0,0,0,0,0,7,0,,67,6,2009,6,39.978,-75.1526,1444.0,6,0,0,0,0,0,0,0,0,,0,0,0,14,1,1,1,,0,39 58:40.684,,0,75 09:09.284,4,0,0,0,67301,0,0,0,N,0,0,0,2,67301,1,,4,9,,N,Y,,0,,0,0,0,3,2,,1440,1,1,0,0,0,0,0,3,4,0,1,7,,N,,,,,,,,,,,
2009067099,826.0,1,0,0,1,0,0,0,0,0,5,0,,67,6,2009,2,39.9339,-75.1654,815.0,6,1,0,0,0,0,0,0,0,,0,0,0,8,1,1,1,,0,39 56:01.932,,0,75 09:55.547,4,0,0,0,67301,1,0,0,,0,0,0,4,67301,1,,1,1,,,,,0,,0,0,0,3,3,,814,1,2,0,0,0,0,0,3,4,0,1,3,,N,,,,,,,,,,,
2009067497,9999.0,0,0,0,0,0,0,0,0,0,5,0,,67,6,2009,7,40.0225,-75.0406,9999.0,6,0,0,0,0,0,0,0,0,3.0,0,0,0,99,3,1,0,,2,40 01:20.838,6.0,7,75 02:26.197,4,0,0,1,67301,0,0,0,N,0,0,0,2,67301,1,,1,1,,N,N,,0,,0,0,1,0,0,Y,9999,1,2,0,0,0,0,0,3,4,0,2,3,,N,,,,,,,,,,,
2009067534,2220.0,2,0,0,0,0,0,0,0,0,1,0,,67,6,2009,1,39.9658,-75.2461,2215.0,6,0,0,0,0,0,0,0,0,,0,0,0,22,2,1,1,,0,39 57:56.929,,0,75 14:45.807,8,0,0,0,67301,0,0,0,N,0,0,0,5,67301,0,,1,1,,N,N,,0,,0,0,0,3,2,,2200,1,2,0,0,0,1,0,3,4,0,2,3,,N,,,,,,,,,,,
2009064936,1002.0,1,0,0,0,0,0,0,0,0,4,0,,67,5,2009,6,39.9783,-75.13,959.0,6,0,0,0,0,0,0,0,0,,0,0,0,9,1,1,1,,0,39 58:41.894,,0,75 07:47.827,8,0,0,0,67301,0,0,0,,0,0,0,2,67301,0,,1,1,,N,N,,0,,0,0,1,3,3,,959,1,2,0,0,0,1,0,3,4,0,2,3,,N,,,,,,,,,,,
2009067570,1545.0,0,0,0,1,0,0,1,0,0,5,1,,67,6,2009,4,40.0301,-75.0352,9999.0,6,0,0,0,0,0,0,0,0,,0,0,0,15,1,1,1,,0,40 01:48.464,,0,75 02:06.579,3,0,0,0,67301,1,0,0,,0,0,0,2,67301,0,,1,98,,,,,0,,1,0,0,0,0,,1545,1,2,0,0,0,0,0,3,4,0,1,99,,N,,,,,,,,,,,
2009067587,1605.0,2,0,0,0,0,0,0,0,0,8,0,,67,6,2009,3,39.9516,-75.1568,1600.0,6,0,0,0,0,0,0,1,0,1.0,0,0,0,15,1,1,0,,1,39 57:05.614,6.0,0,75 09:24.524,2,0,0,0,67301,1,0,1,,1,0,1,3,67301,0,,1,1,,,,,0,,0,1,0,3,2,N,1545,1,3,0,0,1,0,0,3,4,0,2,3,,N,,,,,,,,,,,
2009059681,2139.0,1,0,0,0,0,0,0,0,0,8,0,,67,3,2009,7,39.9871,-75.1223,2137.0,6,0,0,0,0,1,0,0,0,,0,0,0,21,3,1,1,,0,39 59:13.382,,0,75 07:20.404,8,0,0,0,67301,1,0,0,,1,0,0,2,67301,0,,1,1,,N,N,,0,,0,0,0,3,2,,2136,1,2,0,0,1,1,0,3,4,0,1,3,,N,,,,,,,,,,,
2009059722,1315.0,2,0,0,0,0,0,0,0,0,4,0,,67,4,2009,5,40.0808,-75.0284,1310.0,6,0,0,0,0,0,0,0,0,1.0,0,0,0,13,1,1,1,,1,40 04:51.101,1.0,0,75 01:42.607,8,0,0,0,67301,0,0,0,N,0,0,0,2,67301,0,,1,1,,N,N,,0,,0,0,0,3,2,N,1305,1,2,0,0,0,1,0,3,4,0,2,3,,N,,,,,,,,,,,
2009111173,759.0,3,0,0,0,0,0,0,0,0,1,0,,67,10,2009,6,40.0443,-75.0845,754.0,6,0,0,0,0,0,3,0,0,1.0,0,0,0,7,1,1,0,,1,40 02:39.325,2.0,0,75 05:04.174,8,0,0,0,67301,0,0,0,N,0,0,0,5,67301,0,,1,9,,N,N,,0,,0,0,1,0,0,Y,754,1,4,0,0,0,1,0,3,4,0,4,7,,N,,,,,,,,,,,
2009118974,2035.0,1,0,0,0,0,0,0,0,0,7,0,,67,10,2009,7,40.0415,-75.2003,2022.0,6,0,0,0,0,0,0,1,0,,0,0,0,20,3,0,2,,0,40 02:29.167,,0,75 12:01.076,0,0,0,0,67301,0,0,0,N,0,0,0,1,67301,0,,2,9,,N,N,,0,,0,0,0,0,0,,2020,0,1,0,0,0,0,0,3,4,0,1,7,,N,,,,,,,,,,,
2009121152,2011.0,2,0,0,0,0,0,0,0,0,4,0,,67,10,2009,7,40.0082,-75.1061,2011.0,6,0,0,0,0,0,0,1,0,,0,0,0,19,3,1,1,,0,40 00:29.350,,0,75 06:21.877,4,0,0,0,67301,0,0,0,N,0,0,0,3,67301,1,,1,9,,N,N,,0,,0,0,0,3,3,,1940,1,2,0,0,0,0,2,3,4,0,2,7,,N,,,,,,,,,,,
2009093572,1054.0,2,0,0,0,0,0,0,0,0,4,0,,67,8,2009,5,40.023,-75.1888,1053.0,6,0,0,1,0,1,0,0,0,1.0,0,0,0,10,1,1,0,,2,40 01:22.743,4.0,0,75 11:19.558,8,0,0,0,67301,0,0,0,N,0,0,0,2,67301,0,,1,1,,N,N,,0,,0,0,0,0,0,N,1053,1,2,0,0,0,1,0,3,4,0,2,3,,N,,,,,,,,,,,
2009054219,5.0,2,0,0,0,0,0,0,0,0,4,0,,67,4,2009,5,40.0142,-75.0715,3.0,6,0,0,0,0,0,1,0,0,,0,0,0,23,3,3,2,,0,40 00:51.170,,0,75 04:17.540,4,0,0,0,67301,0,0,0,,0,0,0,4,67301,3,,1,1,,,,,0,,0,0,0,3,3,,2340,3,2,0,0,0,0,0,3,4,0,2,3,,N,,,,,,,,,,,
2009056926,2027.0,1,0,0,0,0,0,0,0,0,8,0,,67,5,2009,4,39.9903,-75.1509,2025.0,6,0,0,0,0,0,0,0,0,,0,0,0,20,3,1,2,,0,39 59:25.137,,0,75 09:03.326,4,0,0,0,67301,1,0,0,N,1,0,0,2,67301,1,,1,9,,N,N,,0,,0,0,0,0,0,,2025,1,2,0,0,0,0,0,3,4,0,1,7,,N,,,,,,,,,,,
2009056966,7.0,2,0,0,0,0,0,0,0,0,1,0,,67,4,2009,1,40.0343,-75.1882,2357.0,6,0,0,0,0,0,0,1,0,,0,0,0,22,3,1,0,,0,40 02:03.576,,0,75 11:17.353,4,0,0,0,67301,0,0,0,,0,0,0,3,67301,1,,1,1,,,,,0,,0,0,0,0,0,,2256,1,2,0,0,0,0,0,3,4,0,2,3,,N,,,,,,,,,,,
2009054419,2245.0,2,0,0,0,0,0,0,0,0,4,0,,67,4,2009,1,39.9432,-75.1774,2130.0,6,0,0,0,0,0,0,0,0,,0,0,0,21,3,1,1,,0,39 56:35.646,,0,75 10:38.553,4,0,0,0,67301,0,0,0,N,0,0,0,2,67301,1,,1,1,,N,N,,0,,0,0,0,3,3,,2130,1,2,0,0,0,0,0,3,4,0,2,3,,N,,,,,,,,,,,
2009054449,1757.0,1,0,0,0,0,0,0,0,0,5,0,,67,4,2009,7,39.9632,-75.1793,1757.0,6,0,0,0,0,0,1,0,0,,0,0,0,17,1,0,0,,0,39 57:47.122,,0,75 10:44.749,0,0,0,0,67301,0,0,0,N,0,0,0,2,67301,0,,1,1,,N,N,,1,,0,0,0,3,2,,1745,0,2,0,0,0,0,0,3,4,0,2,3,,N,,,,,,,,,,,
2009054452,804.0,1,0,0,0,0,0,0,0,0,4,0,,67,5,2009,6,40.0309,-75.0546,804.0,6,0,0,0,0,0,0,1,0,,0,0,0,7,1,1,0,,0,40 01:51.067,,7,75 03:16.525,4,0,0,0,67301,0,0,0,N,0,0,0,2,67301,1,,1,9,,N,N,,0,,0,0,1,0,0,,755,1,2,0,0,0,0,0,3,4,0,2,7,,N,,,,,,,,,,,
2009054463,1640.0,0,0,0,0,0,0,0,0,0,5,0,,67,4,2009,7,39.9396,-75.1975,1630.0,6,0,0,0,0,0,0,0,0,,0,0,0,14,1,1,0,,0,39 56:22.394,,0,75 11:51.054,8,0,0,1,67301,0,0,0,,0,0,0,2,67301,0,,1,1,,N,N,,1,,0,0,0,0,0,,1430,1,2,0,0,0,1,1,3,4,0,2,3,,N,,,,,,,,,,,
2009054336,1745.0,0,0,0,0,0,0,0,0,0,8,0,,67,4,2009,1,40.0215,-75.1237,1729.0,6,0,0,0,0,0,0,0,0,,0,0,0,17,1,1,0,,0,40 01:17.266,,0,75 07:25.496,8,0,0,0,67301,1,0,0,,1,0,0,2,67301,0,,1,1,,,,,0,,0,0,0,0,0,,1725,1,2,0,0,0,1,0,3,4,0,1,3,,N,,,,,,,,,,,
2009054541,917.0,2,0,0,0,0,0,0,0,0,6,0,,67,4,2009,5,40.0617,-75.1368,913.0,6,0,0,0,0,0,0,0,0,,0,0,0,9,1,1,1,,0,40 03:42.540,,0,75 08:12.217,4,0,0,0,67301,0,0,0,N,0,0,0,2,67301,1,,1,1,,N,N,,0,,0,0,0,3,2,,910,1,2,0,0,0,0,1,3,4,0,2,3,,N,,,,,,,,,,,
2009054542,9999.0,2,0,0,0,0,0,0,0,0,1,0,,67,4,2009,5,40.0531,-75.1553,1355.0,6,0,0,0,0,0,0,0,0,,0,0,0,99,1,3,1,,0,40 03:11.192,,0,75 09:18.979,4,0,0,0,67301,0,0,0,N,0,0,0,4,67301,3,,1,1,,N,N,,0,,0,0,0,3,3,,9999,3,2,0,0,0,0,0,3,4,0,2,3,,N,,,,,,,,,,,
2009086138,1820.0,0,0,0,0,0,0,0,0,0,8,0,,67,7,2009,6,39.9228,-75.1869,1819.0,6,0,0,0,0,0,0,0,0,,0,0,0,99,1,1,1,,0,39 55:21.914,,0,75 11:12.796,8,0,0,0,67301,1,0,0,,1,0,0,2,67301,0,,1,1,,,,,0,,0,0,0,3,3,,9999,1,2,0,0,0,1,0,3,4,0,1,3,,N,,,,,,,,,,,
2009086202,1411.0,3,0,0,0,0,0,0,0,0,7,0,,67,7,2009,5,40.0683,-75.0057,1408.0,6,0,0,0,0,0,1,0,0,2.0,0,0,0,14,1,2,0,,2,40 04:05.935,3.0,0,75 00:20.682,3,0,0,0,67301,0,0,0,N,0,0,0,3,67301,0,,1,9,,N,N,,0,,2,0,2,0,0,N,1405,2,5,0,0,0,0,0,3,4,0,5,3,,N,,,,,,,,,,,
2009083645,1812.0,2,0,0,0,0,0,0,0,0,4,0,,67,7,2009,3,39.958,-75.2273,1754.0,6,0,0,0,0,0,2,0,0,,0,0,0,17,1,2,1,,0,39 57:28.627,,0,75 13:38.423,3,0,0,0,67301,0,0,0,N,0,0,0,3,67301,0,,1,1,,N,N,,0,,2,0,0,3,3,,1754,2,2,0,0,0,0,0,3,4,0,2,3,,N,,,,,,,,,,,
2010003163,1737.0,1,0,0,0,0,0,0,0,0,4,0,,67,11,2009,7,39.9648,-75.1903,1730.0,6,0,0,0,0,0,0,0,0,,0,0,0,17,1,1,2,,0,39 57:53.352,,0,75 11:25.018,4,0,0,0,67301,0,0,0,N,0,0,0,4,67301,1,,1,1,,N,N,,0,,0,0,1,3,3,,1704,1,2,0,0,2,0,0,3,4,0,2,3,,N,,,,,,,,,,,
2010003209,2045.0,2,0,0,0,0,0,0,0,0,4,0,,67,11,2009,4,40.0376,-75.1091,2036.0,6,0,0,0,0,0,0,0,0,,0,0,0,20,3,3,0,,0,40 02:14.882,,7,75 06:32.546,4,0,0,0,67301,0,0,0,,0,0,0,4,67301,3,,1,1,,,,,0,,0,0,0,3,2,,2036,3,2,0,0,0,0,0,3,4,0,2,3,,N,,,,,,,,,,,
2010003087,155.0,2,0,0,0,0,0,0,0,0,1,0,,67,11,2009,7,39.9665,-75.2511,151.0,6,0,0,0,0,0,0,0,0,,0,0,0,1,3,0,10,,0,39 57:59.457,,0,75 15:03.916,9,0,0,0,67301,0,0,0,N,0,0,0,1,67301,0,,2,1,,N,N,,0,,0,0,0,0,0,,151,0,2,0,0,0,0,1,3,4,0,2,3,,N,,,,,,,,,,,
2010003266,1514.0,0,0,0,0,0,0,0,0,0,7,0,,67,12,2009,7,39.9223,-75.1871,1511.0,6,0,0,0,0,0,0,0,0,,0,0,0,15,1,1,2,,0,39 55:20.442,,7,75 11:13.842,4,0,0,0,67301,0,0,0,N,0,0,0,1,67301,1,,5,9,,N,N,,0,,0,0,1,3,3,,1507,1,1,0,0,1,0,0,3,4,0,1,10,,N,,,,,,,,,,,
2010004452,255.0,1,0,0,0,0,0,0,0,0,7,0,,67,12,2009,2,40.0093,-75.0668,251.0,6,0,0,0,0,0,0,0,0,3.0,0,0,0,2,3,2,0,,1,40 00:33.480,1.0,0,75 04:00.840,3,0,0,0,67301,0,0,0,N,0,0,0,2,68K01,0,,2,1,,N,N,,0,,1,0,0,0,0,N,249,2,1,0,0,1,1,0,3,4,0,1,3,,N,,,,,,,,,,,
2010004454,1844.0,2,0,0,0,0,0,0,0,0,1,0,,67,12,2009,6,39.9481,-75.1418,1820.0,6,0,0,0,0,0,0,0,0,,0,0,0,18,3,1,0,,0,39 56:53.520,,0,75 08:30.120,4,0,0,0,67301,0,0,0,N,0,0,0,2,68K02,1,,1,1,,N,N,,0,,0,0,0,0,0,,1815,1,2,0,0,0,0,0,3,4,0,2,3,,N,,,,,,,,,,,
2010005690,1407.0,1,0,0,1,0,0,0,0,0,4,0,,67,12,2009,6,39.9498,-75.1776,1405.0,6,0,0,0,0,1,0,0,0,,0,0,0,13,1,1,1,,0,39 56:59.431,,0,75 10:39.226,8,0,0,0,67301,1,0,0,,0,0,0,2,67301,0,,1,1,,N,N,,0,,0,0,0,3,2,,1350,1,2,0,0,0,1,0,3,4,0,1,3,,N,,,,,,,,,,,
2010011265,0.0,1,0,0,0,0,0,0,0,0,4,0,,67,6,2009,6,40.0169,-75.1495,0.0,6,0,0,0,0,0,0,0,0,,0,0,0,16,1,0,0,,0,40 01:01.003,,0,75 08:58.049,0,0,0,0,67301,0,0,0,N,0,0,0,2,00000,0,,1,1,,N,N,,1,,0,0,0,0,0,,1620,0,2,0,0,0,0,0,3,4,0,2,3,,N,,,,,,,,,,,
2009074568,1302.0,1,0,0,0,0,0,0,0,0,4,0,,67,6,2009,1,39.9632,-75.2378,1300.0,6,0,0,0,0,0,0,1,0,,0,0,0,12,1,1,1,,0,39 57:47.563,,0,75 14:16.141,3,0,0,0,67301,0,0,0,N,0,0,0,2,67301,0,,1,1,,N,N,,0,,1,0,0,0,0,,1256,1,2,0,0,0,0,0,3,4,0,2,3,,N,,,,,,,,,,,
2009066907,1405.0,1,0,0,0,0,0,0,0,0,1,0,,67,6,2009,5,40.1282,-75.0139,1403.0,6,0,0,0,0,0,1,0,0,,0,0,0,14,1,1,0,,0,40 07:41.688,,7,75 00:49.930,8,0,0,0,67301,0,0,0,,0,0,0,2,67301,0,,1,9,,N,N,,1,,0,0,0,0,0,,1400,1,2,0,0,0,1,0,3,4,0,2,7,,N,,,,,,,,,,,
2009073021,1305.0,2,0,0,0,0,0,0,0,0,1,0,,67,7,2009,4,39.9896,-75.206,1257.0,6,0,0,0,0,0,0,0,0,,0,0,0,12,1,3,0,,0,39 59:25.440,,0,75 12:17.640,4,0,0,0,67301,0,0,0,N,0,0,0,3,68K01,3,,1,1,,N,N,,0,,0,0,0,0,0,,1255,3,2,0,0,0,0,0,3,4,0,2,3,,N,,,,,,,,,,,
2009092918,350.0,1,0,0,0,0,0,0,0,0,1,1,,67,8,2009,7,40.0124,-75.0739,542.0,6,0,0,0,1,0,0,0,0,,0,1,0,3,3,2,0,,0,40 00:44.582,,0,75 04:26.315,3,0,0,0,67301,0,0,0,N,0,0,0,2,67301,1,,2,1,,N,N,,0,,1,0,0,0,0,,340,2,2,0,0,0,0,0,3,4,0,2,3,,N,,,,,,,,,,,
2009092938,2040.0,2,0,0,0,0,0,0,0,0,2,0,,67,8,2009,6,40.0086,-75.0688,2037.0,6,0,0,0,0,0,0,0,0,9.0,0,0,0,99,3,5,1,,1,40 00:31.249,2.0,0,75 04:07.877,4,0,0,0,67301,0,0,0,N,0,0,0,5,67301,1,,1,9,,N,N,,0,,0,0,0,3,2,N,9999,5,2,0,0,0,4,0,3,4,0,2,7,,N,,,,,,,,,,,
2009092950,345.0,0,0,0,0,0,0,0,0,0,1,0,,67,8,2009,1,40.0185,-75.1671,345.0,6,0,0,0,0,0,1,0,0,,0,0,0,3,6,2,6,,0,40 01:06.762,,2,75 10:01.463,4,0,0,0,67301,0,0,0,,0,0,0,4,67301,2,,7,1,,N,N,,0,,0,0,0,3,3,,345,2,2,0,0,0,0,0,3,4,2,2,3,,N,,,,,,,,,,,
2009067230,1616.0,2,0,0,0,0,0,0,0,0,7,0,,67,6,2009,3,40.0316,-75.2076,1611.0,6,0,0,0,0,0,0,0,0,,0,0,0,16,1,0,1,,0,40 01:53.934,,0,75 12:27.524,0,0,0,0,67301,0,0,0,,0,0,0,2,67301,0,,5,1,,,,,0,,0,0,0,3,2,,1610,0,3,0,0,1,0,0,3,4,1,3,3,,N,,,,,,,,,,,
2009064476,9999.0,2,0,0,0,0,0,0,0,0,1,0,,67,5,2009,6,,,9999.0,6,0,0,0,0,0,0,0,0,,0,0,0,20,6,1,0,,0,,,0,,8,0,0,0,67301,0,0,0,N,0,0,0,2,00000,0,,1,1,,N,N,,0,,0,0,0,0,0,,2015,1,2,0,0,0,1,1,3,3,0,2,3,,N,,,,,,,,,,,