CRN,ARRIVAL_TM,AUTOMOBILE_COUNT,BELTED_DEATH_COUNT,BELTED_SUSP_SERIOUS_INJ_COUNT,BICYCLE_COUNT,BICYCLE_DEATH_COUNT,BICYCLE_SUSP_SERIOUS_INJ_COUNT,BUS_COUNT,CHLDPAS_DEATH_COUNT,CHLDPAS_SUSP_SERIOUS_INJ_COUNT,COLLISION_TYPE,COMM_VEH_COUNT,CONS_ZONE_SPD_LIM,COUNTY,CRASH_MONTH,CRASH_YEAR,DAY_OF_WEEK,DEC_LAT,DEC_LONG,DISPATCH_TM,DISTRICT,DRIVER_COUNT_16YR,DRIVER_COUNT_17YR,DRIVER_COUNT_18YR,DRIVER_COUNT_19YR,DRIVER_COUNT_20YR,DRIVER_COUNT_50_64YR,DRIVER_COUNT_65_74YR,DRIVER_COUNT_75PLUS,EST_HRS_CLOSED,FATAL_COUNT,HEAVY_TRUCK_COUNT,HORSE_BUGGY_COUNT,HOUR_OF_DAY,ILLUMINATION,INJURY_COUNT,INTERSECT_TYPE,INTERSECTION_RELATED,LANE_CLOSED,LATITUDE,LN_CLOSE_DIR,LOCATION_TYPE,LONGITUDE,MAX_SEVERITY_LEVEL,MCYCLE_DEATH_COUNT,MCYCLE_SUSP_SERIOUS_INJ_COUNT,MOTORCYCLE_COUNT,MUNICIPALITY,NONMOTR_COUNT,NONMOTR_DEATH_COUNT,NONMOTR_SUSP_SERIOUS_INJ_COUNT,NTFY_HIWY_MAINT,PED_COUNT,PED_DEATH_COUNT,PED_SUSP_SERIOUS_INJ_COUNT,PERSON_COUNT,POLICE_AGCY,POSSIBLE_INJ_COUNT,RDWY_SURF_TYPE_CD,RELATION_TO_ROAD,ROAD_CONDITION,ROADWAY_CLEARED,SCH_BUS_IND,SCH_ZONE_IND,SECONDARY_CRASH,SMALL_TRUCK_COUNT,SPEC_JURIS_CD,SUSP_MINOR_INJ_COUNT,SUSP_SERIOUS_INJ_COUNT,SUV_COUNT,TCD_FUNC_CD,TCD_TYPE,TFC_DETOUR_IND,TIME_OF_DAY,TOT_INJ_COUNT,TOTAL_UNITS,UNB_DEATH_COUNT,UNB_SUSP_SERIOUS_INJ_COUNT,UNBELTED_OCC_COUNT,UNK_INJ_DEG_COUNT,UNK_INJ_PER_COUNT,URBAN_AREA,URBAN_RURAL,VAN_COUNT,VEHICLE_COUNT,WEATHER1,WEATHER2,WORK_ZONE_IND,WORK_ZONE_LOC,WORK_ZONE_TYPE,WORKERS_PRES,WZ_CLOSE_DETOUR,WZ_FLAGGER,WZ_LAW_OFFCR_IND,WZ_LN_CLOSURE,WZ_MOVING,WZ_OTHER,WZ_SHLDER_MDN,WZ_WORKERS_INJ_KILLED
2009067050,827.0,1,0,0,0,0,0,0,0,0,5,1,,67,5,2009,6,40.0299,-75.1032,825.0,6,0,0,0,0,0,1,0,0,,0,1,0,8,1,1,5,,0,40 01:47.943,,0,75 06:11.321,4,0,0,0,67301,0,0,0,,0,0,0,4,67301,1,,1,1,,,,,0,,0,0,0,3,2,,820,1,2,0,0,0,0,0,3,4,0,2,3,,N,,,,,,,,,,,
2009067293,1523.0,2,0,0,0,0,0,0,0,0,5,0,,67,6,2009,3,40.0284,-75.0905,1518.0,6,0,0,0,0,0,0,0,0,,0,0,0,15,1,1,0,,0,40 01:41.740,,6,75 05:26.790,4,0,0,0,67301,0,0,0,,0,0,0,2,67301,1,,1,1,,,,,0,,0,0,0,0,0,,1517,1,2,0,0,0,0,0,3,4,0,2,3,,N,,,,,,,,,,,
2009067312,1824.0,2,0,0,0,0,0,0,0,0,4,0,,67,5,2009,2,39.9471,-75.2088,1821.0,6,0,0,0,0,0,0,0,0,,0,0,0,17,1,0,0,,0,39 56:49.715,,7,75 12:31.755,0,0,0,0,67301,0,0,0,N,0,0,0,3,67301,0,,1,1,,N,N,,0,,0,0,0,0,0,,1749,0,2,0,0,0,0,0,3,4,0,2,3,,N,,,,,,,,,,,
2009067500,2103.0,0,0,0,0,0,0,0,0,0,8,0,,67,5,2009,3,40.0278,-75.0601,2101.0,6,0,0,0,0,0,0,0,0,,0,0,0,21,3,1,1,,0,40 01:40.042,,0,75 03:36.277,4,0,0,0,67301,1,0,0,N,1,0,0,3,67301,1,,1,9,,N,N,,0,,0,0,0,0,0,,2100,1,2,0,0,0,0,0,3,4,1,1,7,,N,,,,,,,,,,,
2009064939,2124.0,1,0,0,0,0,0,0,0,0,8,0,,67,5,2009,3,39.9723,-75.1658,2122.0,6,0,0,0,0,0,0,0,0,,0,0,0,21,6,1,1,,0,39 58:20.220,,0,75 09:56.891,3,0,0,0,67301,1,0,0,N,1,0,0,2,67301,0,,1,9,,N,N,,0,,1,0,0,3,2,,2119,1,2,0,0,1,0,0,3,4,0,1,7,,N,,,,,,,,,,,
2009057313,735.0,0,0,0,0,0,0,0,0,0,7,0,,67,5,2009,7,,,731.0,6,0,0,0,0,0,0,0,0,3.0,0,0,0,7,1,1,0,,2,,5.0,0,,4,0,0,0,67301,0,0,0,N,0,0,0,1,67301,1,,2,9,,N,N,,0,,0,0,1,0,0,Y,730,1,1,0,0,0,0,0,3,3,0,1,3,,N,,,,,,,,,,,
2009121295,320.0,0,0,0,0,0,0,0,0,0,9,0,,67,11,2009,5,39.964,-75.1845,307.0,6,0,0,0,0,0,0,0,0,,0,0,0,1,3,1,0,,0,39 57:48.960,,0,75 11:03.120,8,0,0,0,67301,0,0,0,N,0,0,0,1,68K01,0,,1,1,,N,N,,0,,0,0,1,0,0,,130,1,1,0,0,0,1,0,3,4,0,1,3,,N,,,,,,,,,,,
2009120777,651.0,1,0,0,0,0,0,0,0,0,5,0,,67,10,2009,2,39.9572,-75.2275,641.0,6,0,0,0,0,0,1,0,0,,0,0,0,6,5,1,1,,0,39 57:25.946,,0,75 13:38.909,3,0,0,0,67301,0,0,0,N,0,0,0,3,67301,0,,2,1,,N,N,,0,,1,0,1,3,2,,635,1,2,0,0,0,0,0,3,4,0,2,3,,N,,,,,,,,,,,
2009120796,1011.0,2,0,0,0,0,0,0,0,0,1,0,,67,10,2009,7,39.9627,-75.2039,1010.0,6,0,0,0,0,0,0,1,0,1.0,0,0,0,10,1,0,1,,2,39 57:45.834,1.0,0,75 12:13.931,9,0,0,0,67301,0,0,0,N,0,0,0,3,67301,0,,1,9,,N,N,,0,,0,0,0,3,3,N,1008,0,2,0,0,0,0,3,3,4,0,2,98,,N,,,,,,,,,,,
2009118834,1324.0,0,0,0,0,0,0,0,0,0,7,0,,67,10,2009,4,39.9459,-75.2404,1308.0,6,0,0,0,0,0,0,0,0,2.0,0,0,0,99,1,1,0,,2,39 56:45.161,6.0,0,75 14:25.603,8,0,0,0,67301,0,0,0,N,0,0,0,1,67301,0,,2,9,,N,N,,0,,0,0,1,0,0,Y,9999,1,1,0,0,0,1,0,3,4,0,1,3,,N,,,,,,,,,,,
2009118893,1228.0,1,0,0,0,0,0,0,0,0,6,0,,67,10,2009,7,39.9145,-75.2395,1227.0,6,0,0,0,0,0,1,1,0,,0,0,0,12,1,1,1,,0,39 54:52.056,,0,75 14:22.271,4,0,0,0,67301,0,0,0,N,0,0,0,2,67301,1,,1,9,,N,N,,1,,0,0,0,0,0,,1220,1,2,0,0,0,0,0,3,4,0,2,7,,N,,,,,,,,,,,
2009111158,2336.0,1,0,0,0,0,0,0,0,0,5,0,,67,9,2009,6,39.9636,-75.1803,2334.0,6,0,0,0,0,0,0,0,0,,0,0,0,23,3,1,0,,0,39 57:48.823,,0,75 10:48.900,4,0,0,1,67301,0,0,0,N,0,0,0,1,67301,1,,1,1,,N,N,,0,,0,0,0,0,0,,2334,1,2,0,0,0,0,0,3,4,0,2,3,,N,,,,,,,,,,,
2009111171,1808.0,1,0,0,0,0,0,0,0,0,4,0,,67,9,2009,7,39.9874,-75.2491,1803.0,6,0,0,0,0,0,0,0,0,,0,0,0,18,1,1,2,,0,39 59:14.589,,0,75 14:56.814,4,0,0,1,67301,0,0,0,N,0,0,0,2,67301,1,,9,1,,N,N,,0,,0,0,0,9,3,,1803,1,2,0,0,0,0,0,3,4,0,2,3,,N,,,,,,,,,,,
2009111172,257.0,2,0,0,0,0,0,0,0,0,5,0,,67,10,2009,2,39.9985,-75.1334,254.0,6,0,0,0,0,0,0,0,0,,0,0,0,2,3,1,0,,0,39 59:54.500,,0,75 08:00.121,8,0,0,0,67301,0,0,0,,0,0,0,1,67301,0,,1,1,,N,N,,1,,0,0,0,0,0,,240,1,3,0,0,0,1,0,3,4,0,3,3,,N,,,,,,,,,,,
2009106204,122.0,1,0,0,0,0,0,0,0,0,7,0,,67,7,2009,6,40.0166,-75.1472,119.0,6,0,0,0,0,0,0,0,0,,0,0,0,1,3,3,0,,0,40 00:59.814,,0,75 08:49.815,8,0,0,0,67301,0,0,0,,0,0,0,3,67301,0,,5,1,,,,,0,,0,0,0,3,2,,117,3,1,0,0,0,3,0,3,4,0,1,3,,N,,,,,,,,,,,
2009064427,,2,0,0,0,0,0,0,0,0,5,0,,67,2,2009,3,,,,6,0,0,0,0,0,0,0,0,,0,0,0,21,6,1,0,,0,,,99,,8,0,0,0,67301,0,0,0,N,0,0,0,2,00000,0,,1,7,,N,N,,0,,0,0,0,0,0,,2130,1,2,0,0,0,1,0,3,3,0,2,10,,N,,,,,,,,,,,
2009056855,1704.0,2,0,0,0,0,0,0,0,0,1,0,,67,6,2009,4,39.9584,-75.1667,1637.0,6,0,0,0,0,0,0,0,0,2.0,0,0,0,16,1,1,0,,2,39 57:30.131,3.0,0,75 10:00.125,4,0,0,0,67301,0,0,0,N,0,0,0,4,68K01,1,,1,1,,N,N,,0,,0,0,0,0,0,N,1633,1,2,0,0,0,0,0,3,4,0,2,3,,N,,,,,,,,,,,
2009093577,815.0,2,0,0,0,0,0,0,0,0,6,0,,67,8,2009,3,39.9436,-75.1568,811.0,6,0,0,0,0,0,0,0,0,,0,0,0,8,1,1,1,,0,39 56:37.021,,0,75 09:24.595,8,0,0,0,67301,0,0,0,,0,0,0,2,67301,0,,1,1,,N,,,0,,0,0,0,3,2,,809,1,2,0,0,0,1,0,3,4,0,2,3,,N,,,,,,,,,,,
2009093649,1400.0,2,0,0,0,0,0,0,0,0,1,0,,67,8,2009,4,40.0253,-75.2233,1400.0,6,0,0,0,0,1,1,0,0,,0,0,0,13,1,0,0,,0,40 01:31.198,,0,75 13:23.906,0,0,0,0,67301,0,0,0,N,0,0,0,3,67301,0,,1,1,,N,N,,0,,0,0,1,0,0,,1355,0,3,0,0,0,0,0,3,4,0,3,3,,N,,,,,,,,,,,
2009056985,400.0,4,0,0,0,0,0,0,0,0,2,0,,67,5,2009,1,39.9304,-75.1498,355.0,6,0,0,0,0,0,0,0,0,3.0,0,0,0,3,3,2,0,,2,39 55:49.554,5.0,0,75 08:59.251,3,0,0,0,67301,0,0,0,N,0,0,0,2,67301,0,,1,1,,N,N,,0,,2,0,0,0,0,Y,350,2,4,0,0,2,0,0,3,4,0,4,3,,N,,,,,,,,,,,
2009056986,15.0,2,0,0,0,0,0,0,0,0,5,0,,67,5,2009,7,40.0392,-75.0566,9999.0,6,0,0,0,0,0,0,0,0,,0,0,0,0,3,0,0,,0,40 02:21.120,,0,75 03:23.853,0,0,0,0,67301,0,0,0,,0,0,0,1,67301,0,,6,1,,,,,0,,0,0,0,0,0,,10,0,2,0,0,0,0,0,3,4,0,2,3,,N,,,,,,,,,,,
2009054432,1735.0,2,0,0,0,0,0,0,0,0,1,0,,67,4,2009,5,39.9413,-75.206,1729.0,6,0,0,0,0,0,1,0,0,,0,0,0,17,1,3,0,,0,39 56:28.750,,3,75 12:31.396,4,0,0,0,67301,0,0,0,,0,0,0,4,67301,3,,1,1,,N,N,,0,,0,0,2,0,0,,1711,3,4,0,0,4,0,0,3,4,0,4,3,,N,,,,,,,,,,,
2009054457,249.0,1,0,0,0,0,0,0,0,0,1,0,,67,4,2009,1,39.958,-75.1488,249.0,6,0,0,0,0,1,0,0,0,2.0,0,0,0,2,3,0,1,,1,39 57:28.949,2.0,0,75 08:55.728,0,0,0,0,67301,0,0,0,N,0,0,0,3,67301,0,,1,1,,N,N,,0,,0,0,1,3,2,N,230,0,2,0,0,0,0,0,3,4,0,2,3,,N,,,,,,,,,,,
2009054484,1520.0,2,0,0,0,0,0,0,0,0,4,0,,67,4,2009,3,40.0945,-75.015,1512.0,6,0,0,0,0,0,0,0,0,9.0,0,0,0,15,1,1,1,,1,40 05:41.852,1.0,0,75 00:55.548,8,0,0,0,67301,0,0,0,N,0,0,0,2,67301,0,,1,1,,N,N,,0,,0,0,0,2,2,N,1512,1,2,0,0,0,1,0,3,4,0,2,3,,N,,,,,,,,,,,
2009054540,1545.0,1,0,0,0,0,0,0,0,0,8,0,,67,4,2009,5,40.0363,-75.1295,1545.0,6,0,0,0,0,0,0,1,0,,0,0,0,15,1,1,10,,0,40 02:10.706,,0,75 07:46.357,8,0,0,0,67301,1,0,0,N,1,0,0,2,67301,0,,1,1,,N,N,,0,,0,0,0,0,0,,1545,1,2,0,0,0,1,0,3,4,0,1,3,,N,,,,,,,,,,,
2009086130,443.0,1,0,0,0,0,0,0,0,0,7,0,,67,7,2009,4,39.9732,-75.1945,443.0,6,0,0,0,0,0,0,1,0,1.0,0,0,0,4,3,1,0,,1,39 58:23.545,5.0,0,75 11:40.263,4,0,0,0,67301,0,0,0,,0,0,0,1,67301,1,,5,1,,,,,0,,0,0,0,0,0,Y,443,1,1,0,0,1,0,0,3,4,0,1,3,,N,,,,,,,,,,,
2009094100,1340.0,1,0,0,0,0,0,0,0,0,4,0,,67,8,2009,2,40.0187,-75.125,1355.0,6,0,0,0,0,0,0,0,0,,0,0,0,99,1,2,0,,0,40 01:07.250,,7,75 07:29.828,3,0,0,0,67301,0,0,0,,0,0,0,3,67301,1,,1,1,,N,N,,0,,1,0,1,0,0,,9999,2,2,0,0,0,0,0,3,4,0,2,3,,N,,,,,,,,,,,
2009086158,1741.0,1,0,0,0,0,0,0,0,0,8,0,,67,8,2009,7,40.0488,-75.0589,1740.0,6,0,0,0,0,0,0,0,0,,0,0,0,17,4,1,0,,0,40 02:55.610,,0,75 03:32.032,8,0,0,0,67301,1,0,0,N,1,0,0,4,67301,0,,1,1,,N,N,,0,,0,0,0,0,0,,1739,1,2,0,0,0,1,0,3,4,0,1,3,,N,,,,,,,,,,,
2009086258,1839.0,0,0,0,0,0,0,0,0,0,7,0,,67,7,2009,3,40.018,-75.1656,1836.0,6,0,0,0,0,0,1,0,0,3.0,0,0,0,18,1,2,6,,2,40 01:05.053,3.0,2,75 09:55.730,3,0,0,0,67301,0,0,0,,0,0,0,2,07301,0,,2,1,,N,N,,0,,2,0,1,0,0,Y,1834,2,1,0,0,0,0,0,3,4,0,1,3,,N,,,,,,,,,,,
2009086273,900.0,2,0,0,0,0,0,0,0,0,1,0,,67,7,2009,7,39.9442,-75.1971,900.0,6,0,0,0,0,0,0,0,0,,0,0,0,9,1,1,3,,0,39 56:39.310,,2,75 11:50.433,4,0,0,0,67301,0,0,0,,0,0,0,4,67301,1,,1,1,,,,,0,,0,0,0,3,2,,900,1,2,0,0,0,0,0,3,4,0,2,3,,N,,,,,,,,,,,
2009083649,2114.0,1,0,0,1,0,0,0,0,0,4,0,,67,7,2009,3,40.0014,-75.0816,2107.0,6,0,0,0,0,0,1,0,0,,0,0,0,21,3,1,2,,0,40 00:05.039,,0,75 04:53.662,4,0,0,0,67301,1,0,0,N,0,0,0,2,67301,1,,2,1,,N,N,,0,,0,0,0,3,2,,2100,1,2,0,0,0,0,0,3,4,0,1,3,,N,,,,,,,,,,,
2009078662,1014.0,1,0,0,0,0,0,0,0,0,1,0,,67,7,2009,2,40.0468,-75.0008,1009.0,6,0,0,0,1,0,0,0,0,1.0,0,0,0,10,1,2,6,,2,40 02:48.583,1.0,2,75 00:02.433,8,0,0,0,67301,0,0,0,N,0,0,0,8,68K01,0,,1,1,,N,N,,0,,0,0,2,0,0,N,1006,2,3,0,0,0,2,0,3,4,0,3,3,,N,,,,,,,,,,,
2009054700,1401.0,2,0,0,0,0,0,0,0,0,1,0,,67,4,2009,6,40.0555,-75.0858,1401.0,6,0,0,0,0,0,2,0,0,,0,0,0,14,1,1,1,,0,40 03:19.800,,0,75 05:08.880,8,0,0,0,67301,0,0,0,N,0,0,0,4,67301,0,,1,1,,N,N,,0,,0,0,0,3,2,,1400,1,2,0,0,0,1,0,3,4,0,2,3,,N,,,,,,,,,,,
2009054711,340.0,1,0,0,0,0,0,0,0,0,7,0,,67,4,2009,7,39.9808,-75.1984,339.0,6,0,0,0,0,0,0,0,0,,0,0,0,3,3,1,0,,0,39 58:50.775,,0,75 11:54.123,4,0,0,0,67301,0,0,0,,0,0,0,3,67301,1,,5,1,,N,N,,0,,0,0,0,0,0,,338,1,1,0,0,1,0,0,3,4,0,1,3,,N,,,,,,,,,,,
2009073820,846.0,0,0,0,0,0,0,0,0,0,7,0,,67,7,2009,6,39.9942,-75.199,845.0,6,0,0,0,0,0,0,0,0,,0,0,0,8,1,0,0,,0,39 59:42.282,,0,75 11:53.155,0,0,0,0,67301,0,0,0,N,0,0,0,1,68K01,0,,4,1,,N,N,,0,,0,0,1,0,0,,844,0,1,0,0,0,0,0,3,4,0,1,3,,N,,,,,,,,,,,
2010003155,1612.0,2,0,0,0,0,0,0,0,0,1,0,,67,11,2009,2,40.028,-75.11,1604.0,6,0,0,0,0,0,1,0,0,1.0,0,0,0,16,1,1,1,,1,40 01:40.946,4.0,0,75 06:36.204,4,0,0,0,67301,0,0,0,N,0,0,0,2,67301,1,,1,9,,N,N,,0,,0,0,0,3,2,N,1600,1,2,0,0,0,0,0,3,4,0,2,7,,N,,,,,,,,,,,
2009093020,2005.0,2,0,0,0,0,0,0,0,0,4,0,,67,8,2009,7,40.0081,-75.1613,2001.0,6,0,0,0,0,0,1,0,0,,0,0,0,99,3,1,1,,0,40 00:29.314,,0,75 09:40.503,8,0,0,0,67301,0,0,0,,0,0,0,3,67301,0,,1,1,,,,,0,,0,0,0,0,0,,9999,1,2,0,0,0,1,0,3,4,0,2,3,,N,,,,,,,,,,,
2009069703,45.0,2,0,0,0,0,0,0,0,0,4,0,,67,6,2009,1,39.997,-75.1174,45.0,6,0,0,0,0,0,0,0,0,,0,0,0,0,3,1,1,,0,39 59:49.087,,0,75 07:02.700,8,0,0,0,67301,0,0,0,N,0,0,0,2,67301,0,,1,9,,N,N,,1,,0,0,0,3,2,,45,1,3,0,0,1,1,0,3,4,0,3,7,,N,,,,,,,,,,,
2009066954,9999.0,1,0,0,0,0,0,0,0,0,1,0,,67,6,2009,3,39.9903,-75.1248,1215.0,6,0,0,0,0,0,0,0,0,,0,0,0,99,1,3,0,,0,39 59:25.017,,0,75 07:29.239,8,0,0,0,67301,0,0,0,,0,0,0,4,67301,0,,1,1,,,,,0,,0,0,1,0,0,,9999,3,2,0,0,3,3,0,3,4,0,2,3,,N,,,,,,,,,,,
2009067045,1615.0,1,0,0,0,0,0,1,0,0,1,1,,67,6,2009,3,39.9631,-75.2181,1612.0,6,0,0,0,0,0,0,0,0,,0,0,0,14,1,1,2,,0,39 57:46.759,,0,75 13:03.840,4,0,0,0,67301,0,0,0,N,0,0,0,3,67301,1,,1,1,,N,N,,0,,0,0,0,0,0,,1415,1,2,0,0,0,0,0,3,4,0,2,99,,N,,,,,,,,,,,
2009067098,1247.0,1,0,0,0,0,0,0,0,0,1,0,,67,5,2009,6,39.9428,-75.1656,1244.0,6,0,0,0,0,0,0,0,0,,0,0,0,12,1,1,0,,0,39 56:33.825,,7,75 09:56.322,4,0,0,0,67301,0,0,0,,0,0,0,3,67301,1,,1,1,,N,N,,0,,0,0,1,3,2,,1235,1,2,0,0,2,0,0,3,4,0,2,3,,N,,,,,,,,,,,
2009064552,853.0,0,0,0,0,0,0,1,0,0,1,1,,67,6,2009,6,40.0085,-75.2111,850.0,6,0,0,0,0,0,0,0,0,1.0,0,0,0,8,1,1,0,,2,40 00:30.009,2.0,0,75 12:41.076,8,0,0,0,67301,0,0,0,N,0,0,0,5,46104,0,,1,1,,N,N,,0,,0,0,1,3,2,N,848,1,2,0,0,0,1,0,3,4,0,2,3,,N,,,,,,,,,,,
2009067117,1455.0,1,0,0,0,0,0,0,0,0,1,0,,67,5,2009,3,39.9668,-75.242,1452.0,6,0,0,0,0,0,0,1,0,,0,0,0,14,1,1,0,,0,39 58:00.655,,0,75 14:31.024,4,0,0,0,67301,0,0,0,N,0,0,0,3,67301,1,,1,1,,N,N,,0,,0,0,1,0,0,,1437,1,2,0,0,1,0,0,3,4,0,2,3,,N,,,,,,,,,,,
2009067463,823.0,1,0,0,0,0,0,1,0,0,4,1,,67,4,2009,6,40.0506,-75.1847,821.0,6,0,0,0,0,0,0,1,0,1.0,0,0,0,8,1,0,2,,1,40 03:02.269,2.0,0,75 11:04.880,0,0,0,0,67301,1,0,0,N,0,0,0,2,67301,0,,1,1,,Y,N,,0,,0,0,0,0,0,Y,821,0,2,0,0,0,0,0,3,4,0,2,3,,N,,,,,,,,,,,
2009067522,1855.0,1,0,0,0,0,0,0,0,0,1,0,,67,6,2009,5,40.0039,-75.2206,1813.0,6,0,0,0,0,0,0,0,0,,0,0,0,16,1,1,0,,0,40 00:14.127,,0,75 13:14.356,4,0,0,0,67301,0,0,0,,0,0,0,5,67301,1,,1,1,,N,N,,1,,0,0,0,0,0,,1600,1,2,0,0,0,0,0,3,4,0,2,3,,N,,,,,,,,,,,
2009067560,1020.0,2,0,0,0,0,0,0,0,0,4,0,,67,3,2009,4,39.9561,-75.1694,1015.0,6,0,0,0,0,0,0,0,0,,0,0,0,99,1,1,1,,0,39 57:22.028,,0,75 10:09.742,8,0,0,0,67301,0,0,0,N,0,0,0,2,67301,0,,1,1,,N,N,,0,,0,0,0,3,3,,9999,1,2,0,0,0,1,0,3,4,0,2,3,,N,,,,,,,,,,,
2009065060,527.0,2,0,0,0,0,0,0,0,0,4,0,,67,5,2009,5,40.0398,-75.0326,525.0,6,0,0,0,0,0,0,0,0,,0,0,0,5,5,2,0,,0,40 02:23.100,,0,75 01:57.269,8,0,0,0,67301,0,0,0,N,0,0,0,2,67301,0,,1,1,,N,N,,0,,0,0,0,0,0,,522,2,2,0,0,1,2,0,3,4,0,2,3,,N,,,,,,,,,,,
2009065162,1245.0,1,0,0,0,0,0,0,0,0,1,0,,67,5,2009,4,40.0281,-75.1,1243.0,6,0,0,0,0,0,0,0,0,,0,0,0,12,1,3,0,,0,40 01:42.225,,0,75 06:01.516,4,0,0,0,67301,0,0,0,N,0,0,0,4,67301,3,,1,1,,N,N,,0,,0,0,1,3,2,,1215,3,2,0,0,0,0,1,3,4,0,2,3,,N,,,,,,,,,,,
2009062659,1958.0,1,0,0,0,0,0,0,0,0,7,0,,67,6,2009,1,39.9739,-75.1195,1951.0,6,0,0,0,0,0,0,0,0,2.0,0,0,0,19,1,0,0,,2,39 58:27.120,2.0,0,75 07:07.680,0,0,0,0,67301,0,0,0,N,0,0,0,1,68K01,0,,3,1,,N,N,,0,,0,0,0,0,0,N,1947,0,1,0,0,0,0,0,3,4,0,1,3,,N,,,,,,,,,,,
2009057252,1422.0,1,0,0,0,0,0,0,0,0,1,0,,67,5,2009,2,40.013,-75.1194,1422.0,6,0,0,1,0,0,0,0,0,2.0,0,0,0,14,1,4,1,,1,40 00:46.713,7.0,0,75 07:09.797,8,0,0,0,67301,0,0,0,N,0,0,0,6,67301,0,,1,1,,N,N,,0,,0,0,2,0,0,N,1422,4,3,0,0,0,4,0,3,4,0,3,3,,N,,,,,,,,,,,
2009065207,1048.0,1,0,0,0,0,0,0,0,0,1,0,,67,6,2009,2,39.9091,-75.1527,1048.0,6,0,0,0,0,0,0,1,0,,0,1,0,10,1,1,0,,0,39 54:32.927,,3,75 09:09.625,3,0,0,0,67301,0,0,0,N,0,0,0,2,67301,0,,1,1,,N,N,,0,,1,0,0,0,0,,1048,1,2,0,0,1,0,0,3,4,0,2,3,,N,,,,,,,,,,,
2009111120,2141.0,2,0,0,1,0,0,0,0,0,6,0,,67,8,2009,4,39.9793,-75.1744,2140.0,6,0,0,0,0,0,0,0,0,,0,0,0,21,3,1,0,,0,39 58:45.358,,0,75 10:27.886,8,0,0,0,67301,1,0,0,,0,0,0,3,67301,0,,1,1,,,,,0,,0,0,0,0,0,,2119,1,3,0,0,0,1,0,3,4,0,2,3,,N,,,,,,,,,,,
2009118879,1.0,2,0,0,0,0,0,0,0,0,4,0,,67,10,2009,7,39.969,-75.1417,2351.0,6,0,0,0,0,0,0,0,0,,0,0,0,23,3,1,1,,0,39 58:08.407,,0,75 08:29.983,2,0,0,0,67301,0,0,0,N,0,0,0,2,67301,0,,1,9,,N,N,,0,,0,1,1,3,3,,2350,1,3,0,0,0,0,0,3,4,0,3,7,,N,,,,,,,,,,,
2009108650,2155.0,0,0,0,0,0,0,0,0,0,7,0,,67,9,2009,7,40.0132,-75.0869,2153.0,6,0,0,0,0,0,1,0,0,1.0,0,0,0,21,3,1,0,,2,40 00:47.477,1.0,1,75 05:12.902,3,0,0,0,67301,0,0,0,,0,0,0,1,67301,0,,3,9,,N,N,,0,,1,0,1,0,0,Y,2150,1,1,0,0,1,0,0,3,4,0,1,7,,N,,,,,,,,,,,
2009120842,1320.0,2,0,0,0,0,0,0,0,0,4,0,,67,10,2009,1,39.9465,-75.161,1315.0,6,0,0,0,0,0,1,0,0,,0,0,0,13,1,1,1,,0,39 56:47.500,,0,75 09:39.776,4,0,0,0,67301,0,0,0,N,0,0,0,2,67301,1,,1,9,,N,N,,0,,0,0,0,3,2,,1314,1,2,0,0,0,0,0,3,4,0,2,7,,N,,,,,,,,,,,
2009054113,25.0,2,0,0,0,0,0,0,0,0,4,0,,67,5,2009,1,40.0459,-75.0881,20.0,6,0,1,0,0,0,0,0,0,,0,0,0,0,3,1,0,,0,40 02:45.241,,7,75 05:17.257,8,0,0,0,67301,0,0,0,,0,0,0,2,67301,0,,1,1,,,,,0,,0,0,0,0,0,,0,1,2,0,0,0,1,0,3,4,0,2,3,,N,,,,,,,,,,,
2009054454,808.0,1,0,0,0,0,0,0,0,0,4,0,,67,4,2009,4,39.953,-75.1685,752.0,6,0,0,0,0,1,0,0,0,,0,1,0,7,1,1,2,,0,39 57:10.754,,0,75 10:06.506,8,0,0,0,67301,0,0,0,N,0,0,0,2,67301,0,,1,1,,N,N,,0,,0,0,0,3,2,,750,1,2,0,0,0,1,0,3,4,0,2,3,,N,,,,,,,,,,,
2009054351,1540.0,0,0,0,0,0,0,0,0,0,7,0,,67,4,2009,6,40.0877,-75.0217,1535.0,6,0,0,0,0,0,0,0,0,1.0,0,0,0,15,1,1,0,,1,40 05:15.730,1.0,0,75 01:17.919,3,0,0,0,67301,0,0,0,N,0,0,0,1,67301,0,,5,1,,N,N,,0,,1,0,1,0,0,N,1534,1,1,0,0,0,0,0,3,4,0,1,3,,N,,,,,,,,,,,
2009054352,334.0,1,0,0,0,0,0,0,0,0,7,0,,67,4,2009,6,39.956,-75.1762,332.0,6,0,0,0,0,0,0,0,0,,0,0,0,99,5,0,1,,0,39 57:21.690,,0,75 10:34.388,0,0,0,0,67301,0,0,0,N,0,0,0,2,67301,0,,5,1,,N,N,,0,,0,0,0,3,2,,9999,0,1,0,0,0,0,0,3,4,0,1,3,,N,,,,,,,,,,,
2009054495,2249.0,1,0,0,0,0,0,0,0,0,4,0,,67,4,2009,6,40.0988,-74.9719,2247.0,6,0,0,0,0,0,0,0,0,,0,0,0,22,3,1,0,,0,40 05:55.770,,0,74 58:18.890,3,0,0,0,67301,0,0,0,,0,0,0,1,67301,0,,1,1,,,,,0,,1,0,1,0,0,,2247,1,2,0,0,1,0,0,3,4,0,2,3,,N,,,,,,,,,,,