CRN,ARRIVAL_TM,AUTOMOBILE_COUNT,BELTED_DEATH_COUNT,BELTED_SUSP_SERIOUS_INJ_COUNT,BICYCLE_COUNT,BICYCLE_DEATH_COUNT,BICYCLE_SUSP_SERIOUS_INJ_COUNT,BUS_COUNT,CHLDPAS_DEATH_COUNT,CHLDPAS_SUSP_SERIOUS_INJ_COUNT,COLLISION_TYPE,COMM_VEH_COUNT,CONS_ZONE_SPD_LIM,COUNTY,CRASH_MONTH,CRASH_YEAR,DAY_OF_WEEK,DEC_LAT,DEC_LONG,DISPATCH_TM,DISTRICT,DRIVER_COUNT_16YR,DRIVER_COUNT_17YR,DRIVER_COUNT_18YR,DRIVER_COUNT_19YR,DRIVER_COUNT_20YR,DRIVER_COUNT_50_64YR,DRIVER_COUNT_65_74YR,DRIVER_COUNT_75PLUS,EST_HRS_CLOSED,FATAL_COUNT,HEAVY_TRUCK_COUNT,HORSE_BUGGY_COUNT,HOUR_OF_DAY,ILLUMINATION,INJURY_COUNT,INTERSECT_TYPE,INTERSECTION_RELATED,LANE_CLOSED,LATITUDE,LN_CLOSE_DIR,LOCATION_TYPE,LONGITUDE,MAX_SEVERITY_LEVEL,MCYCLE_DEATH_COUNT,MCYCLE_SUSP_SERIOUS_INJ_COUNT,MOTORCYCLE_COUNT,MUNICIPALITY,NONMOTR_COUNT,NONMOTR_DEATH_COUNT,NONMOTR_SUSP_SERIOUS_INJ_COUNT,NTFY_HIWY_MAINT,PED_COUNT,PED_DEATH_COUNT,PED_SUSP_SERIOUS_INJ_COUNT,PERSON_COUNT,POLICE_AGCY,POSSIBLE_INJ_COUNT,RDWY_SURF_TYPE_CD,RELATION_TO_ROAD,ROAD_CONDITION,ROADWAY_CLEARED,SCH_BUS_IND,SCH_ZONE_IND,SECONDARY_CRASH,SMALL_TRUCK_COUNT,SPEC_JURIS_CD,SUSP_MINOR_INJ_COUNT,SUSP_SERIOUS_INJ_COUNT,SUV_COUNT,TCD_FUNC_CD,TCD_TYPE,TFC_DETOUR_IND,TIME_OF_DAY,TOT_INJ_COUNT,TOTAL_UNITS,UNB_DEATH_COUNT,UNB_SUSP_SERIOUS_INJ_COUNT,UNBELTED_OCC_COUNT,UNK_INJ_DEG_COUNT,UNK_INJ_PER_COUNT,URBAN_AREA,URBAN_RURAL,VAN_COUNT,VEHICLE_COUNT,WEATHER1,WEATHER2,WORK_ZONE_IND,WORK_ZONE_LOC,WORK_ZONE_TYPE,WORKERS_PRES,WZ_CLOSE_DETOUR,WZ_FLAGGER,WZ_LAW_OFFCR_IND,WZ_LN_CLOSURE,WZ_MOVING,WZ_OTHER,WZ_SHLDER_MDN,WZ_WORKERS_INJ_KILLED
2009054503,1020.0,3,0,0,0,0,0,0,0,0,1,0,,67,4,2009,4,40.0404,-75.1666,1015.0,6,0,0,0,0,0,0,1,0,,0,0,0,10,1,1,0,,0,40 02:25.489,,0,75 09:59.693,3,0,0,0,67301,0,0,0,,0,0,0,1,67301,0,,4,9,,,,,0,,1,0,2,0,0,,1000,1,5,0,0,0,0,0,3,4,0,5,7,,N,,,,,,,,,,,
2009054520,1351.0,1,0,0,0,0,0,0,0,0,8,0,,67,4,2009,7,40.0077,-75.0994,1347.0,6,0,1,0,0,0,0,0,0,,0,0,0,13,1,1,0,,0,40 00:27.658,,0,75 05:57.706,4,0,0,0,67301,1,0,0,,1,0,0,2,67301,1,,1,1,,,,,0,,0,0,0,0,0,,1345,1,2,0,0,0,0,0,3,4,0,1,3,,N,,,,,,,,,,,
2009054536,1745.0,1,0,0,0,0,0,0,0,0,8,0,,67,4,2009,6,40.0337,-75.1458,1735.0,6,0,0,0,0,0,1,0,0,,0,0,0,99,1,1,1,,0,40 02:01.215,,0,75 08:44.879,8,0,0,0,67301,1,0,0,N,1,0,0,2,67301,0,,1,1,,N,N,,0,,0,0,0,3,2,,9999,1,2,0,0,0,1,0,3,4,0,1,3,,N,,,,,,,,,,,
2009054691,1148.0,0,0,0,0,0,0,0,0,0,4,0,,67,4,2009,5,39.9163,-75.2197,1946.0,6,0,0,0,0,0,0,0,0,,0,0,0,15,1,1,3,,0,39 55:01.001,,0,75 12:57.547,3,0,0,1,67301,0,0,0,N,0,0,0,2,67301,0,,1,1,,N,N,,0,,1,0,0,0,0,,1500,1,2,0,0,0,0,1,3,4,0,2,3,,N,,,,,,,,,,,
2009086233,830.0,0,0,0,0,0,0,0,0,0,4,0,,67,7,2009,2,40.0302,-75.1185,826.0,6,0,0,0,0,0,0,0,0,,0,0,0,8,1,4,1,,0,40 01:48.733,,0,75 07:06.450,8,0,0,0,67301,0,0,0,N,0,0,0,4,67301,0,,1,1,,N,N,,0,,0,0,1,3,2,,800,4,2,0,0,0,4,0,3,4,1,2,3,,N,,,,,,,,,,,
2009063493,21.0,1,0,0,0,0,0,0,0,0,7,0,,67,5,2009,7,39.9717,-75.1935,20.0,6,0,0,0,0,0,0,0,0,1.0,0,0,0,0,3,0,0,,1,39 58:20.640,3.0,0,75 11:37.320,0,0,0,0,67301,0,0,0,N,0,0,0,4,68K01,0,,2,1,,N,N,,0,,0,0,0,0,0,N,17,0,1,0,0,0,0,0,3,4,0,1,3,,N,,,,,,,,,,,
2009066058,0.0,1,0,0,0,0,0,0,0,0,1,0,,67,1,2009,4,39.969,-75.2373,0.0,6,0,0,0,0,0,0,0,0,,0,0,0,18,3,0,2,,0,39 58:08.439,,0,75 14:14.186,0,0,0,0,67301,0,0,0,N,0,0,0,4,00000,0,,1,9,,N,N,,0,,0,0,0,3,2,,1830,0,2,0,0,0,0,0,3,4,0,2,7,,N,,,,,,,,,,,
2009071391,1640.0,0,0,0,0,0,0,0,0,0,8,0,,67,5,2009,6,39.9799,-75.2267,1636.0,6,0,0,0,0,0,1,0,0,,0,0,0,99,1,1,2,,0,39 58:47.812,,0,75 13:36.217,3,0,0,0,67301,1,0,0,N,1,0,0,2,67301,0,,1,1,,N,N,,1,,1,0,0,3,3,,9999,1,2,0,0,0,0,0,3,4,0,1,3,,N,,,,,,,,,,,
2010003030,1348.0,0,0,0,0,0,0,0,0,0,1,0,,67,12,2009,7,40.0512,-75.0661,1347.0,6,0,0,0,0,0,0,0,0,,0,0,0,13,1,4,5,,0,40 03:04.296,,0,75 03:58.096,8,0,0,0,67301,0,0,0,N,0,0,0,5,67301,0,,1,9,,N,N,,0,,0,0,1,3,2,,1345,4,2,0,0,0,4,0,3,4,1,2,7,,N,,,,,,,,,,,
2010003180,1749.0,1,0,0,0,0,0,0,0,0,8,0,,67,12,2009,4,40.0399,-75.1204,1744.0,6,0,0,0,0,0,0,0,0,,0,0,0,17,3,1,1,,0,40 02:23.726,,0,75 07:13.540,4,0,0,0,67301,1,0,0,N,1,0,0,2,67301,1,,1,9,,N,N,,0,,0,0,0,3,2,,1740,1,2,0,0,0,0,0,3,4,0,1,7,5.0,N,,,,,,,,,,,
2010003188,839.0,1,0,0,0,0,0,0,0,0,7,0,,67,12,2009,5,40.053,-74.9827,830.0,6,0,0,0,0,0,0,0,0,,0,0,0,7,1,0,2,,0,40 03:10.763,,0,74 58:57.761,0,0,0,0,67301,0,0,0,N,0,0,0,1,67301,0,,4,9,,N,N,,0,,0,0,0,3,2,,728,0,1,0,0,0,0,0,3,4,0,1,7,,N,,,,,,,,,,,
2010006167,1642.0,1,0,0,0,0,0,0,0,0,8,0,,67,12,2009,5,39.9571,-75.2019,1629.0,6,0,0,0,0,0,0,0,0,,0,0,0,16,1,1,1,,0,39 57:25.599,,0,75 12:06.942,4,0,0,0,67301,1,0,0,N,1,0,0,2,67301,1,,1,1,,N,N,,0,,0,0,1,3,2,,1623,1,3,0,0,0,0,0,3,4,0,2,3,,N,,,,,,,,,,,
2010005913,1455.0,0,0,0,0,0,0,0,0,0,8,0,,67,12,2009,6,40.0414,-75.1066,1447.0,6,0,0,0,0,0,1,0,0,,0,0,0,14,1,1,0,,0,40 02:28.961,,0,75 06:23.884,4,0,0,0,67301,1,0,0,N,1,0,0,2,67301,1,,1,1,,N,N,,0,,0,0,1,0,0,,1435,1,2,0,0,0,0,0,3,4,0,1,3,,N,,,,,,,,,,,
2010003268,1733.0,0,0,0,0,0,0,0,0,0,8,0,,67,11,2009,1,39.925,-75.2253,1732.0,6,0,0,0,0,0,0,0,0,,0,0,0,17,3,1,0,,0,39 55:29.877,,0,75 13:31.191,8,0,0,0,67301,1,0,0,,1,0,0,3,67301,0,,1,1,,N,N,,0,,0,0,1,0,0,,1725,1,2,0,0,0,1,2,3,4,0,1,3,,N,,,,,,,,,,,
2010006377,305.0,2,0,1,0,0,0,0,0,0,4,0,,67,11,2009,1,39.965,-75.2246,302.0,6,0,0,0,0,0,0,0,0,,0,0,0,2,2,1,1,,0,39 57:53.673,,0,75 13:28.432,2,0,0,0,67301,0,0,0,,0,0,0,3,67301,0,,1,1,,,,,0,,0,1,0,0,0,,240,1,2,0,0,0,0,2,3,4,0,2,3,,N,,,,,,,,,,,
2010010499,0.0,1,0,0,0,0,0,0,0,0,1,0,,67,12,2009,4,40.0276,-75.0599,0.0,6,0,0,0,0,0,0,1,1,,0,0,0,11,1,2,0,,0,40 01:39.475,,0,75 03:35.771,8,0,0,0,67301,0,0,0,,0,0,0,2,00000,0,,1,1,,,,,0,,0,0,1,3,2,,1100,2,2,0,0,0,2,0,3,4,0,2,3,,N,,,,,,,,,,,
2010011110,835.0,1,0,0,0,0,0,0,0,0,4,1,,67,12,2009,5,39.8946,-75.2296,827.0,6,0,0,0,0,0,0,1,0,3.0,0,1,0,8,1,0,2,,1,39 53:40.395,4.0,0,75 13:46.507,0,0,0,0,67301,0,0,0,N,0,0,0,2,67301,0,,1,7,,N,N,,0,,0,0,0,3,2,N,825,0,2,0,0,0,0,0,3,4,0,2,10,,N,,,,,,,,,,,
2010011183,1940.0,2,0,0,0,0,0,0,0,0,1,0,,67,10,2009,5,40.0368,-75.0408,1936.0,6,0,0,0,0,0,0,0,0,,0,0,0,19,3,2,0,,0,40 02:12.456,,0,75 02:26.918,3,0,0,0,67301,0,0,0,N,0,0,0,5,67301,1,,1,1,,N,N,,0,,1,0,0,0,0,,1933,2,2,0,0,5,0,0,3,4,0,2,3,,N,,,,,,,,,,,
2010011194,1635.0,1,0,0,0,0,0,0,0,0,4,0,,67,12,2009,4,40.0118,-75.0978,1330.0,6,0,0,0,0,0,0,0,0,,0,0,0,13,1,4,1,,0,40 00:42.859,,0,75 05:51.842,4,0,0,0,67301,0,0,0,N,0,0,0,5,67301,4,,1,1,,N,N,,1,,0,0,0,3,2,,1330,4,2,0,0,0,0,1,3,4,0,2,3,,N,,,,,,,,,,,
2010011518,1200.0,1,0,0,0,0,0,0,0,0,1,0,,67,12,2009,5,39.9884,-75.0926,1153.0,6,0,0,0,0,0,0,0,0,,0,0,0,10,1,2,1,,0,39 59:18.286,,0,75 05:33.392,4,0,0,0,67301,0,0,0,N,0,0,0,4,67301,2,,1,2,,N,N,,0,,0,0,1,3,3,,1010,2,2,0,0,0,0,0,3,4,0,2,10,,N,,,,,,,,,,,
2009064621,1324.0,2,0,0,0,0,0,0,0,0,4,0,,67,6,2009,6,40.0241,-75.0351,1324.0,6,0,0,0,0,0,1,0,0,,0,0,0,13,1,0,2,,0,40 01:32.361,,0,75 02:12.083,0,0,0,0,67301,0,0,0,N,0,0,0,2,68K01,0,,1,9,,N,N,,0,,0,0,0,3,3,,1320,0,2,0,0,0,0,0,3,4,0,2,7,,N,,,,,,,,,,,
2009111093,2038.0,2,0,0,0,0,0,0,0,0,4,0,,67,9,2009,2,39.9531,-75.1819,2036.0,6,0,0,0,0,0,1,0,0,2.0,0,0,0,20,4,1,1,,2,39 57:11.190,7.0,0,75 10:54.852,4,0,0,0,67301,0,0,0,N,0,0,0,3,67301,1,,1,1,,N,N,,0,,0,0,0,3,2,Y,2036,1,2,0,0,3,0,0,3,4,0,2,3,,N,,,,,,,,,,,
2009120804,2213.0,2,0,0,0,0,0,0,0,0,1,0,,67,10,2009,3,40.0613,-75.2362,2211.0,6,0,0,0,0,0,0,0,0,,0,0,0,99,1,1,1,,0,40 03:41.901,,0,75 14:11.684,4,0,0,0,67301,0,0,0,N,0,0,0,2,67301,1,,1,1,,N,N,,0,,0,0,0,9,2,,9999,1,2,0,0,0,0,0,3,4,0,2,3,,N,,,,,,,,,,,
2009120851,1408.0,1,0,0,0,0,0,0,0,0,4,0,,67,10,2009,6,39.9397,-75.2388,1400.0,6,0,0,0,0,0,1,0,0,,0,0,0,99,1,0,0,,0,39 56:23.041,,0,75 14:19.705,0,0,0,0,67301,0,0,0,,0,0,0,2,67301,0,,1,9,,,,,1,,0,0,0,0,0,,9999,0,2,0,0,2,0,0,3,4,0,2,7,,N,,,,,,,,,,,
2009118408,2010.0,2,0,0,0,0,0,0,0,0,1,0,,67,11,2009,7,39.8895,-75.2407,2005.0,6,0,0,0,0,0,2,0,0,1.0,0,0,0,20,3,2,0,,2,39 53:22.200,1.0,0,75 14:26.520,4,0,0,0,67301,0,0,0,N,0,0,0,4,68K01,2,,1,1,,N,N,,0,,0,0,1,0,0,Y,2000,2,3,0,0,0,0,0,3,4,0,3,3,,N,,,,,,,,,,,
2009093496,553.0,2,0,0,0,0,0,0,0,0,6,0,,67,8,2009,4,39.9474,-75.2398,550.0,6,0,0,0,0,0,0,1,0,,0,0,0,5,1,2,2,,0,39 56:50.704,,0,75 14:23.171,8,0,0,0,67301,0,0,0,N,0,0,0,2,67301,0,,1,9,,N,N,,0,,0,0,0,3,2,,530,2,2,0,0,0,2,0,3,4,0,2,3,,N,,,,,,,,,,,
2009093650,30.0,0,0,0,0,0,0,0,0,0,8,0,,67,8,2009,5,40.0256,-75.0318,30.0,6,0,0,0,0,0,0,0,0,,0,0,0,21,3,2,0,,0,40 01:41.115,,0,75 02:19.738,4,0,0,0,67301,1,0,0,,1,0,0,2,67301,1,,1,1,,,,,0,,0,0,1,0,0,,2130,2,2,0,0,0,1,0,3,4,0,1,3,,N,,,,,,,,,,,
2009054516,915.0,1,0,0,0,0,0,0,0,0,1,0,,67,4,2009,4,39.9937,-75.1087,909.0,6,0,0,0,0,0,1,1,0,,0,0,0,9,1,1,1,,0,39 59:37.320,,0,75 06:31.320,4,0,0,0,67301,0,0,0,N,0,0,0,3,67301,1,,1,1,,N,N,,1,,0,0,0,0,0,,900,1,2,0,0,0,0,2,3,4,0,2,3,,N,,,,,,,,,,,
2009054683,1906.0,1,0,0,0,0,0,0,0,0,8,0,,67,4,2009,1,39.9273,-75.1763,1859.0,6,0,0,0,0,0,0,0,0,,0,0,0,18,1,1,0,,0,39 55:38.244,,0,75 10:34.773,4,0,0,0,67301,1,0,0,N,1,0,0,2,67301,1,,1,1,,,,,0,,0,0,0,0,0,,1855,1,2,0,0,0,0,0,3,4,0,1,3,,N,,,,,,,,,,,
2009086171,1407.0,1,0,0,1,0,0,0,0,0,4,0,,67,7,2009,4,39.9334,-75.1526,1404.0,6,0,0,0,0,0,0,0,0,,0,0,0,14,1,1,1,,0,39 56:00.376,,0,75 09:09.439,4,0,0,0,67301,1,0,0,N,0,0,0,2,67301,1,,1,1,,N,N,,0,,0,0,0,3,3,,1403,1,2,0,0,0,0,0,3,4,0,1,3,,N,,,,,,,,,,,
2009083627,2321.0,3,0,0,0,0,0,0,0,0,1,0,,67,7,2009,5,40.0784,-75.043,2320.0,6,0,0,0,0,0,0,0,0,9.0,0,0,0,23,3,1,0,,1,40 04:42.232,1.0,0,75 02:34.891,4,0,0,0,67301,0,0,0,N,0,0,0,1,67301,1,,2,1,,N,N,,0,,0,0,1,0,0,N,2317,1,4,0,0,0,0,0,3,4,0,4,3,,N,,,,,,,,,,,
2009071009,1114.0,0,0,0,0,0,0,0,0,0,1,0,,67,6,2009,1,39.9666,-75.1875,1109.0,6,0,0,0,0,0,0,0,0,1.0,0,0,0,11,1,1,0,,1,39 57:59.428,3.0,0,75 11:14.577,4,0,0,0,67301,0,0,0,N,0,0,0,10,68K01,1,,1,9,,N,N,,0,,0,0,2,0,0,N,1105,1,2,0,0,5,0,0,3,4,0,2,3,,N,,,,,,,,,,,
2009068474,1807.0,2,0,0,0,0,0,0,0,0,1,0,,67,6,2009,1,40.0276,-75.0992,1758.0,6,0,0,0,0,0,1,0,0,1.0,0,0,0,17,1,0,0,,1,40 01:40.383,2.0,0,75 05:58.721,0,0,0,0,67301,0,0,0,N,0,0,0,2,67301,0,,1,1,,N,N,,0,,0,0,0,0,0,N,1755,0,2,0,0,0,0,0,3,4,0,2,3,,N,,,,,,,,,,,
2009071385,1923.0,0,0,0,1,0,0,0,0,0,4,0,,67,6,2009,4,39.98,-75.1239,1918.0,6,0,0,0,0,0,0,0,0,,0,0,0,19,1,1,1,,0,39 58:48.129,,0,75 07:26.075,4,0,0,0,67301,1,0,0,,0,0,0,2,67301,1,,1,1,,,,,0,,0,0,0,3,3,,1918,1,2,0,0,0,0,0,3,4,0,1,3,,N,,,,,,,,,,,
2010003012,1131.0,1,0,0,0,0,0,0,0,0,5,0,,67,11,2009,7,40.026,-75.2251,1128.0,6,0,0,0,0,0,0,0,0,,0,0,0,11,1,1,0,,0,40 01:33.654,,0,75 13:30.219,4,0,0,0,67301,1,0,0,N,0,0,0,3,67301,1,,1,1,,N,N,,0,,0,0,2,0,0,,1125,1,3,0,0,0,0,0,3,4,0,3,3,,N,,,,,,,,,,,
2010003196,1423.0,2,0,0,0,0,0,0,0,0,4,0,,67,12,2009,4,40.0546,-75.01,1419.0,6,0,0,0,0,0,2,0,0,,0,0,0,14,1,1,2,,0,40 03:16.658,,0,75 00:35.920,8,0,0,0,67301,0,0,0,N,0,0,0,3,67301,0,,1,1,,N,N,,0,,0,0,0,3,2,,1415,1,2,0,0,0,1,2,3,4,0,2,3,,N,,,,,,,,,,,
2010003200,2130.0,0,0,0,0,0,0,0,0,0,8,0,,67,12,2009,5,40.1008,-74.9675,2112.0,6,0,0,0,0,0,0,0,0,,0,0,0,20,3,1,1,,0,40 06:02.930,,0,74 58:03.133,4,0,0,0,67301,1,0,0,,1,0,0,2,67301,1,,1,1,,N,N,,0,,0,0,0,3,3,,2030,1,2,0,0,0,0,0,3,4,1,1,3,,N,,,,,,,,,,,
2010003528,1610.0,2,0,0,0,0,0,1,0,0,1,1,,67,10,2009,3,40.1014,-75.0059,1608.0,6,0,0,0,0,0,0,0,0,1.0,0,0,0,16,1,2,0,,2,40 06:05.121,1.0,0,75 00:21.324,8,0,0,0,67301,0,0,0,N,0,0,0,3,67301,0,,1,9,,N,N,,0,,0,0,0,3,2,N,1607,2,3,0,0,0,2,0,3,4,0,3,7,,N,,,,,,,,,,,
2010003506,1514.0,0,0,0,0,0,0,1,0,0,8,1,,67,12,2009,4,40.0275,-75.1276,1514.0,6,0,0,0,0,0,0,0,0,,0,0,0,15,1,1,5,,0,40 01:38.989,,0,75 07:39.341,3,0,0,0,67301,1,0,0,,1,0,0,2,67301,0,,1,9,,N,Y,,0,,1,0,0,3,3,,1500,1,2,0,0,0,0,0,3,4,0,1,7,,N,,,,,,,,,,,
2010006323,112.0,1,0,0,0,0,0,0,0,0,6,0,,67,12,2009,1,39.9684,-75.2353,111.0,6,0,0,0,0,0,0,0,0,,0,0,0,1,3,3,5,,0,39 58:06.393,,0,75 14:07.170,3,0,0,0,67301,0,0,0,N,0,0,0,4,67301,0,,1,9,,N,N,,0,,2,0,0,0,0,,110,3,2,0,0,0,1,0,3,4,1,2,7,,N,,,,,,,,,,,
2010010099,0.0,0,0,0,0,0,0,0,0,0,1,0,,67,6,2009,7,39.9239,-75.2221,0.0,6,0,0,0,0,0,0,1,0,,0,0,0,16,1,1,1,,0,39 55:26.087,,0,75 13:19.646,8,0,0,0,67301,0,0,0,N,0,0,0,2,00000,0,,1,1,,N,N,,1,,0,0,0,3,4,,1615,1,2,0,0,0,1,0,3,4,0,2,3,,N,,,,,,,,,,,
2010010492,0.0,2,0,0,0,0,0,0,0,0,1,0,,67,10,2009,6,39.993,-75.2176,0.0,6,0,0,0,0,0,1,0,0,,0,0,0,11,1,2,1,,0,39 59:34.823,,0,75 13:03.365,8,0,0,0,67301,0,0,0,,0,0,0,3,00000,0,,1,1,,,,,0,,0,0,0,3,2,,1135,2,2,0,0,0,2,0,3,4,0,2,98,,N,,,,,,,,,,,
2010010602,0.0,1,0,0,0,0,0,0,0,0,4,0,,67,7,2009,1,40.0535,-75.0549,0.0,6,0,0,0,0,0,0,0,0,,0,0,0,2,6,3,1,,0,40 03:12.464,,0,75 03:17.783,8,0,0,0,67301,0,0,0,N,0,0,0,3,00000,0,,1,1,,N,N,,0,,0,0,0,0,0,,230,3,2,0,0,0,3,0,3,4,0,2,3,,N,,,,,,,,,,,
2010010742,0.0,2,0,0,0,0,0,0,0,0,1,0,,67,8,2009,2,39.95,-75.1642,0.0,6,0,0,0,0,0,1,0,0,,0,0,0,15,1,2,0,,0,39 56:59.911,,0,75 09:51.026,3,0,0,0,67301,0,0,0,N,0,0,0,3,00000,0,,1,1,,N,N,,0,,1,0,0,0,0,,1510,2,2,0,0,0,1,1,3,4,0,2,3,,N,,,,,,,,,,,
2010005688,1540.0,1,0,0,0,0,0,0,0,0,1,0,,67,12,2009,5,39.9579,-75.1641,1539.0,6,0,0,0,0,0,0,0,0,,0,0,0,14,1,1,1,,0,39 57:28.586,,2,75 09:50.892,8,0,0,0,67301,0,0,0,N,0,0,0,2,67301,0,,7,1,,N,N,,1,,0,0,0,3,2,,1439,1,2,0,0,0,1,0,3,4,0,2,3,,N,,,,,,,,,,,
2010011082,1226.0,1,0,0,0,0,0,0,0,0,1,0,,67,12,2009,4,39.9428,-75.1656,1223.0,6,0,0,0,0,0,0,0,0,,0,0,0,12,1,1,2,,0,39 56:33.923,,0,75 09:56.301,8,0,0,0,67301,0,0,0,,0,0,0,3,67301,0,,1,9,,N,N,,0,,0,0,1,3,2,,1221,1,2,0,0,0,1,0,3,4,0,2,3,,N,,,,,,,,,,,
2010011212,1730.0,1,0,0,0,0,0,0,0,0,2,0,,67,12,2009,2,40.0455,-75.0883,1720.0,6,0,0,0,0,0,1,0,0,,0,0,0,17,3,1,1,,0,40 02:43.859,,0,75 05:17.937,4,0,0,0,67301,0,0,0,,0,0,0,2,67301,1,,1,1,,,,,1,,0,0,0,3,2,,1718,1,2,0,0,0,0,0,3,4,0,2,3,,N,,,,,,,,,,,
2010016910,1305.0,1,0,0,0,0,0,0,0,0,1,0,,67,12,2009,5,39.9791,-75.1704,1303.0,6,0,0,0,0,0,0,0,0,1.0,0,0,0,13,1,1,0,,2,39 58:44.696,5.0,0,75 10:13.522,3,0,0,0,67301,0,0,0,N,0,0,0,2,67301,0,,6,6,,N,N,,0,,1,0,0,0,0,Y,1300,1,2,0,0,0,0,0,3,4,1,2,3,,N,,,,,,,,,,,
2010011143,1239.0,0,0,0,0,0,0,0,0,0,8,0,,67,12,2009,2,40.0643,-75.0056,1235.0,6,0,0,0,0,0,0,0,0,,0,0,0,12,1,1,0,,0,40 03:51.303,,0,75 00:20.124,8,0,0,0,67301,1,0,0,N,1,0,0,3,67301,0,,1,1,,N,N,,0,,0,0,0,0,0,,1215,1,2,0,0,0,1,0,3,4,1,1,3,,N,,,,,,,,,,,
2010018962,1711.0,2,0,0,0,0,0,0,0,0,4,0,,67,12,2009,5,40.0604,-74.9904,1707.0,6,0,0,0,0,0,0,0,0,3.0,0,0,0,17,3,0,1,,2,40 03:37.434,3.0,0,74 59:25.565,0,0,0,0,67301,0,0,0,N,0,0,0,2,67301,0,,1,1,,N,,,0,,0,0,0,3,2,Y,1705,0,2,0,0,0,0,0,3,4,0,2,3,,N,,,,,,,,,,,
2010004630,1811.0,0,0,0,0,0,0,0,0,0,1,0,,67,12,2009,5,39.9829,-75.2081,1808.0,6,0,0,0,0,0,0,1,0,1.0,0,0,0,18,3,0,0,,1,39 59:02.457,3.0,0,75 12:29.940,0,0,0,0,67301,0,0,0,N,0,0,0,3,68K02,0,,1,1,,N,N,,0,,0,0,2,0,0,N,1804,0,2,0,0,0,0,0,3,4,0,2,3,,N,,,,,,,,,,,
2010004640,1235.0,1,0,0,0,0,0,0,0,0,1,0,,67,12,2009,3,39.9594,-75.1741,1230.0,6,0,0,0,0,0,0,0,0,1.0,0,0,0,12,1,0,0,,2,39 57:34.200,4.0,0,75 10:28.560,0,0,0,0,67301,0,0,0,N,0,0,0,4,68K01,0,,1,1,,N,N,,0,,0,0,0,0,0,N,1225,0,2,0,0,0,0,0,3,4,1,2,3,,N,,,,,,,,,,,
2010004642,1256.0,1,0,0,0,0,0,0,0,0,1,0,,67,12,2009,4,39.9568,-75.1544,1245.0,6,0,0,0,0,0,1,0,0,,0,0,0,12,1,1,0,,0,39 57:24.493,,0,75 09:15.989,4,0,0,0,67301,0,0,0,N,0,0,0,3,68K01,1,,1,1,,N,N,,1,,0,0,0,0,0,,1240,1,2,0,0,0,0,0,3,4,0,2,3,,N,,,,,,,,,,,
2010012659,1645.0,1,0,0,0,0,0,1,0,0,6,1,,67,12,2009,5,39.962,-75.2408,1633.0,6,0,0,0,0,0,0,0,0,,0,0,0,16,1,1,0,,0,39 57:43.132,,0,75 14:26.861,4,0,0,0,67301,0,0,0,N,0,0,0,2,67301,1,,6,1,,N,N,,0,,0,0,0,0,0,,1633,1,2,0,0,0,0,0,3,4,0,2,3,,N,,,,,,,,,,,
2010005539,1116.0,0,0,0,0,0,0,1,0,0,5,2,,67,12,2009,2,39.9745,-75.1587,1114.0,6,0,0,0,0,0,0,0,0,,0,1,0,11,1,5,0,,0,39 58:28.166,,0,75 09:31.359,8,0,0,0,67301,0,0,0,N,0,0,0,7,67301,0,,1,1,,N,N,,0,,0,0,0,0,0,,1110,5,2,0,0,0,5,0,3,4,0,2,3,,N,,,,,,,,,,,
2010002677,543.0,1,0,0,0,0,0,0,0,0,7,0,,67,12,2009,1,39.9227,-75.1918,539.0,6,0,0,0,0,0,0,0,0,1.0,0,0,0,5,3,0,0,,1,39 55:24.600,4.0,0,75 11:32.280,0,0,0,0,67301,0,0,0,N,0,0,0,2,68K01,0,,5,1,,N,N,,0,,0,0,0,0,0,N,533,0,1,0,0,0,0,0,3,4,0,1,3,,N,,,,,,,,,,,
2010005599,43.0,2,0,0,0,0,0,0,0,0,4,0,,67,12,2009,4,39.9222,-75.2303,43.0,6,0,0,0,0,0,0,0,0,,0,0,0,0,3,1,1,,0,39 55:19.930,,0,75 13:49.176,4,0,0,0,67301,0,0,0,,0,0,0,2,67301,1,,1,1,,,,,0,,0,0,0,3,2,,43,1,2,0,0,0,0,0,3,4,0,2,3,,N,,,,,,,,,,,
2010002772,1830.0,1,0,0,0,0,0,0,0,0,8,0,,67,11,2009,4,39.9305,-75.1683,1823.0,6,0,0,0,0,0,0,0,0,,0,0,0,16,1,1,2,,0,39 55:49.503,,0,75 10:05.905,8,0,0,0,67301,1,0,0,N,1,0,0,2,67301,0,,1,98,,N,N,,0,,0,0,0,3,2,,1645,1,2,0,0,0,1,0,3,4,0,1,99,,N,,,,,,,,,,,
2010001671,905.0,1,0,0,0,0,0,0,0,0,7,0,,67,12,2009,4,40.0451,-75.0023,856.0,6,0,0,0,0,0,0,0,0,,0,0,0,8,1,1,0,,0,40 02:42.360,,0,75 00:08.280,8,0,0,0,67301,0,0,0,N,0,0,0,1,68K01,0,,2,9,,N,N,,0,,0,0,0,0,0,,850,1,1,0,0,0,1,0,3,4,0,1,7,,N,,,,,,,,,,,
2010006365,9999.0,1,0,0,0,0,0,0,0,0,1,0,,67,12,2009,5,39.9928,-75.1461,2103.0,6,0,0,0,0,0,0,0,0,,0,0,0,99,3,1,1,,0,39 59:34.073,,0,75 08:46.043,8,0,0,0,67301,0,0,0,N,0,0,0,2,67301,0,,1,1,,N,N,,0,,0,0,1,3,2,,9999,1,2,0,0,0,1,0,3,4,0,2,3,,N,,,,,,,,,,,