CRN,ARRIVAL_TM,AUTOMOBILE_COUNT,BELTED_DEATH_COUNT,BELTED_SUSP_SERIOUS_INJ_COUNT,BICYCLE_COUNT,BICYCLE_DEATH_COUNT,BICYCLE_SUSP_SERIOUS_INJ_COUNT,BUS_COUNT,CHLDPAS_DEATH_COUNT,CHLDPAS_SUSP_SERIOUS_INJ_COUNT,COLLISION_TYPE,COMM_VEH_COUNT,CONS_ZONE_SPD_LIM,COUNTY,CRASH_MONTH,CRASH_YEAR,DAY_OF_WEEK,DEC_LAT,DEC_LONG,DISPATCH_TM,DISTRICT,DRIVER_COUNT_16YR,DRIVER_COUNT_17YR,DRIVER_COUNT_18YR,DRIVER_COUNT_19YR,DRIVER_COUNT_20YR,DRIVER_COUNT_50_64YR,DRIVER_COUNT_65_74YR,DRIVER_COUNT_75PLUS,EST_HRS_CLOSED,FATAL_COUNT,HEAVY_TRUCK_COUNT,HORSE_BUGGY_COUNT,HOUR_OF_DAY,ILLUMINATION,INJURY_COUNT,INTERSECT_TYPE,INTERSECTION_RELATED,LANE_CLOSED,LATITUDE,LN_CLOSE_DIR,LOCATION_TYPE,LONGITUDE,MAX_SEVERITY_LEVEL,MCYCLE_DEATH_COUNT,MCYCLE_SUSP_SERIOUS_INJ_COUNT,MOTORCYCLE_COUNT,MUNICIPALITY,NONMOTR_COUNT,NONMOTR_DEATH_COUNT,NONMOTR_SUSP_SERIOUS_INJ_COUNT,NTFY_HIWY_MAINT,PED_COUNT,PED_DEATH_COUNT,PED_SUSP_SERIOUS_INJ_COUNT,PERSON_COUNT,POLICE_AGCY,POSSIBLE_INJ_COUNT,RDWY_SURF_TYPE_CD,RELATION_TO_ROAD,ROAD_CONDITION,ROADWAY_CLEARED,SCH_BUS_IND,SCH_ZONE_IND,SECONDARY_CRASH,SMALL_TRUCK_COUNT,SPEC_JURIS_CD,SUSP_MINOR_INJ_COUNT,SUSP_SERIOUS_INJ_COUNT,SUV_COUNT,TCD_FUNC_CD,TCD_TYPE,TFC_DETOUR_IND,TIME_OF_DAY,TOT_INJ_COUNT,TOTAL_UNITS,UNB_DEATH_COUNT,UNB_SUSP_SERIOUS_INJ_COUNT,UNBELTED_OCC_COUNT,UNK_INJ_DEG_COUNT,UNK_INJ_PER_COUNT,URBAN_AREA,URBAN_RURAL,VAN_COUNT,VEHICLE_COUNT,WEATHER1,WEATHER2,WORK_ZONE_IND,WORK_ZONE_LOC,WORK_ZONE_TYPE,WORKERS_PRES,WZ_CLOSE_DETOUR,WZ_FLAGGER,WZ_LAW_OFFCR_IND,WZ_LN_CLOSURE,WZ_MOVING,WZ_OTHER,WZ_SHLDER_MDN,WZ_WORKERS_INJ_KILLED
2009086236,1343.0,1,0,0,0,0,0,0,0,0,1,0,,67,8,2009,7,40.0383,-75.0754,1340.0,6,0,0,0,0,0,1,0,1,,0,0,0,99,1,0,1,,0,40 02:17.896,,0,75 04:31.313,9,0,0,0,67301,0,0,0,N,0,0,0,2,67301,0,,1,1,,N,N,,0,,0,0,1,3,2,,9999,0,2,0,0,0,0,1,3,4,0,2,3,,N,,,,,,,,,,,
2009065149,1250.0,1,0,0,0,0,0,0,0,0,4,0,,67,5,2009,1,40.129,-75.0246,1232.0,6,0,0,0,0,0,0,0,0,,0,0,0,12,1,1,0,,0,40 07:44.555,,7,75 01:28.652,8,0,0,0,67301,0,0,0,,0,0,0,3,67301,0,,1,1,,N,N,,0,,0,0,1,0,0,,1200,1,2,0,0,0,1,0,3,4,0,2,3,,N,,,,,,,,,,,
2009067482,2223.0,1,0,0,0,0,0,0,0,0,7,0,,67,5,2009,5,40.0176,-75.1723,2208.0,6,0,0,0,0,1,0,0,0,9.0,0,0,0,22,3,1,0,,2,40 01:03.463,1.0,0,75 10:20.312,3,0,0,0,67301,0,0,0,,0,0,0,1,67301,0,,2,1,,,,,0,,1,0,0,0,0,N,2208,1,1,0,0,0,0,0,3,4,0,1,3,,N,,,,,,,,,,,
2009069687,1930.0,1,0,0,0,0,0,0,0,0,8,0,,67,6,2009,4,39.9834,-75.1079,1922.0,6,0,0,0,0,0,0,0,0,,0,0,0,17,4,1,0,,0,39 59:00.105,,0,75 06:28.523,8,0,0,0,67301,1,0,0,N,1,0,0,2,67301,0,,1,1,,N,N,,0,,0,0,0,0,0,,1710,1,2,0,0,0,1,0,3,4,0,1,3,,N,,,,,,,,,,,
2009066953,1930.0,1,0,0,0,0,0,0,0,0,8,0,,67,6,2009,1,39.9597,-75.2352,1930.0,6,0,0,0,0,0,0,0,0,,0,0,0,19,1,1,1,,0,39 57:34.979,,0,75 14:06.596,8,0,0,0,67301,1,0,0,N,1,0,0,3,67301,0,,1,1,,N,N,,0,,0,0,0,3,2,,1930,1,2,0,0,0,1,0,3,4,0,1,3,,N,,,,,,,,,,,
2009069444,800.0,2,0,0,0,0,0,0,0,0,4,0,,67,6,2009,3,39.9708,-75.1228,758.0,6,0,0,0,0,0,0,0,0,,0,0,0,7,5,1,5,,0,39 58:14.649,,2,75 07:21.214,4,0,0,0,67301,0,0,0,Y,0,0,0,2,67301,1,,1,9,,N,N,,0,,0,0,0,3,2,,756,1,2,0,0,0,0,0,3,4,0,2,7,,N,,,,,,,,,,,
2009069450,2230.0,2,0,0,0,0,0,0,0,0,4,0,,67,5,2009,1,39.929,-75.2409,2220.0,6,0,0,0,0,1,0,0,0,,0,0,0,22,3,0,1,,0,39 55:44.652,,0,75 14:27.391,0,0,0,0,67301,0,0,0,N,0,0,0,2,67301,0,,1,1,,N,N,,0,,0,0,0,3,2,,2220,0,3,0,0,0,0,0,3,4,1,3,3,,N,,,,,,,,,,,
2009067104,1653.0,1,0,0,1,0,0,0,0,0,4,0,,67,6,2009,2,39.9336,-75.1542,1652.0,6,0,0,0,0,0,0,0,0,,0,0,0,16,1,1,1,,0,39 56:01.122,,0,75 09:15.065,4,0,0,0,67301,1,0,0,,0,0,0,2,67301,1,,1,1,,,,,0,,0,0,0,9,3,,1652,1,2,0,0,0,0,0,3,4,0,1,3,,N,,,,,,,,,,,
2009064674,125.0,1,0,0,1,0,0,0,0,0,4,0,,67,5,2009,1,39.9605,-75.137,122.0,6,0,0,0,0,0,0,0,0,,0,0,0,1,3,1,2,,0,39 57:36.624,,0,75 08:13.909,4,0,0,0,67301,1,0,0,N,0,0,0,5,67301,1,,1,9,,N,N,,0,,0,0,0,3,2,,120,1,2,0,0,0,0,0,3,4,0,1,3,,N,,,,,,,,,,,
2009064676,858.0,1,0,0,0,0,0,0,0,0,2,0,,67,5,2009,4,39.9836,-75.1155,856.0,6,0,0,0,0,0,1,0,0,3.0,0,0,0,8,1,2,0,,1,39 59:00.852,5.0,0,75 06:55.830,2,0,0,0,67301,0,0,0,N,0,0,0,2,67301,0,,1,9,,N,N,,1,,1,1,1,0,0,Y,855,2,3,0,0,0,0,0,3,4,0,3,3,,N,,,,,,,,,,,
2009067404,809.0,1,0,0,0,0,0,0,0,0,4,0,,67,6,2009,5,39.986,-75.1006,801.0,6,0,0,0,0,0,1,0,0,,0,0,0,7,1,1,1,,0,39 59:09.621,,0,75 06:02.084,4,0,0,0,67301,0,0,0,,0,0,0,3,67301,1,,1,9,,,,,1,,0,0,0,3,3,,700,1,2,0,0,0,0,0,3,4,0,2,7,,N,,,,,,,,,,,
2009067514,1742.0,2,0,0,0,0,0,0,0,0,1,0,,67,5,2009,2,40.0554,-75.1583,1738.0,6,0,0,0,0,0,1,0,0,,0,0,0,17,1,1,2,,0,40 03:19.559,,0,75 09:29.848,4,0,0,0,67301,0,0,0,N,0,0,0,2,67301,1,,1,1,,N,N,,0,,0,0,0,0,0,,1735,1,2,0,0,2,0,0,3,4,0,2,3,,N,,,,,,,,,,,
2009067588,1440.0,0,0,0,0,0,0,0,0,0,8,1,,67,5,2009,5,39.9549,-75.1518,1435.0,6,0,0,0,0,0,0,0,0,,0,1,0,14,1,1,0,,0,39 57:17.719,,0,75 09:06.485,4,0,0,0,67301,1,0,0,N,1,0,0,3,67301,1,,1,9,,N,N,,0,,0,0,0,0,0,,1430,1,2,0,0,0,0,0,3,4,0,1,7,,N,,,,,,,,,,,
2009067612,1143.0,2,0,0,0,0,0,0,0,0,4,0,,67,6,2009,6,39.9325,-75.2303,1139.0,6,0,0,0,0,0,1,0,0,,0,0,0,11,1,3,1,,0,39 55:57.432,,0,75 13:48.950,3,0,0,0,67301,0,0,0,N,0,0,0,3,67301,2,,1,9,,N,N,,0,,1,0,0,0,0,,1115,3,2,0,0,0,0,0,3,4,0,2,7,,N,,,,,,,,,,,
2009057231,1818.0,0,0,0,0,0,0,0,0,0,8,0,,67,3,2009,5,40.0307,-75.118,1817.0,6,0,0,0,0,0,0,0,0,,0,0,0,18,3,1,0,,0,40 01:50.548,,0,75 07:04.936,8,0,0,0,67301,1,0,0,N,1,0,0,3,67301,0,,1,9,,N,N,,1,,0,0,0,0,0,,1818,1,2,0,0,0,1,1,3,4,0,1,7,,N,,,,,,,,,,,
2009120778,1559.0,1,0,0,0,0,0,0,0,0,4,0,,67,10,2009,7,40.0414,-75.1066,1557.0,6,0,0,0,0,0,0,0,0,,0,0,0,14,1,1,0,,0,40 02:28.961,,7,75 06:23.884,4,0,0,0,67301,0,0,0,,0,0,0,2,67301,1,,4,9,,N,N,,0,,0,0,1,0,0,,1458,1,2,0,0,0,0,0,3,4,0,2,7,,N,,,,,,,,,,,
2009118940,920.0,1,0,0,0,0,0,0,0,0,7,0,,67,10,2009,1,39.9293,-75.2434,920.0,6,0,0,0,0,1,0,0,0,,0,0,0,9,1,0,0,,0,39 55:45.346,,0,75 14:36.231,0,0,0,0,67301,0,0,0,,0,0,0,1,67301,0,,2,9,,,,,0,,0,0,0,0,0,,920,0,1,0,0,0,0,0,3,4,0,1,7,,N,,,,,,,,,,,
2009118951,5.0,2,0,0,0,0,0,0,0,0,4,0,,67,10,2009,7,40.0352,-75.1448,2356.0,6,0,0,0,0,0,0,1,0,,0,0,0,22,3,0,1,,0,40 02:06.568,,0,75 08:41.251,0,0,0,0,67301,0,0,0,N,0,0,0,2,67301,0,,1,9,,N,N,,0,,0,0,0,3,2,,2243,0,2,0,0,0,0,0,3,4,0,2,7,,N,,,,,,,,,,,
2009111134,427.0,1,0,0,0,0,0,0,0,0,1,0,,67,10,2009,5,39.9388,-75.2327,427.0,6,0,0,0,0,0,0,0,0,3.0,0,0,0,4,3,0,0,,1,39 56:19.557,3.0,0,75 13:57.795,9,0,0,0,67301,0,0,0,,0,0,0,1,67301,0,,6,1,,,,,0,,0,0,1,0,0,N,424,0,2,0,0,0,0,1,3,4,0,2,3,,N,,,,,,,,,,,
2009111167,815.0,2,0,0,0,0,0,0,0,0,5,0,,67,10,2009,7,40.0647,-75.1463,810.0,6,0,0,0,0,0,0,0,0,,0,0,0,5,3,0,0,,0,40 03:53.067,,0,75 08:46.633,9,0,0,0,67301,0,0,0,N,0,0,0,2,67301,0,,6,9,,N,N,,0,,0,0,0,0,0,,500,0,2,0,0,0,0,2,3,4,0,2,99,,N,,,,,,,,,,,
2009120877,2051.0,1,0,0,1,0,0,0,0,0,4,0,,67,10,2009,3,39.9535,-75.2067,2051.0,6,0,0,0,0,0,0,0,0,,0,0,0,20,3,1,1,,0,39 57:12.420,,0,75 12:24.004,4,0,0,0,67301,1,0,0,,0,0,0,2,67301,1,,1,9,,N,N,,0,,0,0,0,3,3,,2051,1,2,0,0,0,0,0,3,4,0,1,7,,N,,,,,,,,,,,
2009120887,1610.0,1,0,0,0,0,0,0,0,0,4,0,,67,11,2009,3,40.061,-75.1373,1608.0,6,0,0,0,0,0,0,1,0,,0,0,0,15,1,1,2,,0,40 03:39.707,,0,75 08:13.954,8,0,0,0,67301,0,0,0,N,0,0,0,3,67301,0,,1,1,,N,N,,1,,0,0,1,3,3,,1515,1,3,0,0,0,1,0,3,4,0,3,3,,N,,,,,,,,,,,
2009121146,1532.0,1,0,0,1,0,0,0,0,0,4,0,,67,10,2009,3,40.0003,-75.1671,1531.0,6,0,0,0,0,0,0,1,0,9.0,0,0,0,15,1,1,2,,2,40 00:00.993,3.0,0,75 10:01.567,4,0,0,0,67301,1,0,0,,0,0,0,2,67301,1,,1,9,,,,,0,,0,0,0,3,3,Y,1531,1,2,0,0,1,0,0,3,4,0,1,7,,N,,,,,,,,,,,
2009111600,1302.0,0,0,0,1,0,0,0,0,0,4,0,,67,10,2009,6,39.9514,-75.1991,1257.0,6,0,0,0,0,0,1,0,0,,0,0,0,12,1,1,1,,0,39 57:04.866,,0,75 11:56.817,8,0,0,0,67301,1,0,0,N,0,0,0,2,67301,0,,1,1,,N,N,,0,,0,0,1,3,2,,1250,1,2,0,0,0,1,0,3,4,0,1,3,,N,,,,,,,,,,,
2009114133,1908.0,1,0,0,0,0,0,0,0,0,5,1,,67,10,2009,6,39.9909,-75.0867,1908.0,6,0,0,0,0,0,0,0,0,2.0,0,1,0,19,3,1,0,,1,39 59:26.966,2.0,0,75 05:12.168,3,0,0,0,67301,0,0,0,N,0,0,0,3,68K01,0,,1,1,,N,N,,0,,1,0,0,0,0,Y,1908,1,3,0,0,0,0,0,3,4,1,3,3,,N,,,,,,,,,,,
2009093495,1122.0,2,0,0,0,0,0,0,0,0,1,0,,67,8,2009,6,39.9512,-75.2328,1122.0,6,0,0,0,0,1,1,0,0,,0,0,0,10,1,1,1,,0,39 57:04.309,,0,75 13:58.126,4,0,0,0,67301,0,0,0,N,0,0,0,2,67301,1,,1,1,,N,N,,0,,0,0,0,3,2,,1057,1,2,0,0,0,0,0,3,4,0,2,3,,N,,,,,,,,,,,
2009093583,1302.0,2,0,0,0,0,0,0,0,0,2,0,,67,8,2009,2,40.0506,-75.1421,1302.0,6,0,0,0,0,0,0,0,1,1.0,0,0,0,12,1,1,0,,1,40 03:01.999,2.0,0,75 08:31.606,8,0,0,0,67301,0,0,0,N,0,0,0,3,67301,0,,1,1,,N,N,,0,,0,0,0,0,0,N,1235,1,2,0,0,0,1,0,3,4,0,2,3,,N,,,,,,,,,,,
2009093635,855.0,2,0,0,0,0,0,0,0,0,1,0,,67,8,2009,4,39.9676,-75.1814,845.0,6,0,0,0,0,0,0,0,0,,0,0,0,8,3,2,0,,0,39 58:03.658,,0,75 10:53.854,4,0,0,0,67301,0,0,0,,0,0,0,4,67301,2,,1,9,,,N,,0,,0,0,0,0,0,,845,2,2,0,0,1,0,0,3,4,0,2,7,,N,,,,,,,,,,,
2009054508,1158.0,1,0,0,0,0,0,0,0,0,8,0,,67,3,2009,6,39.9515,-75.1567,1154.0,6,0,0,0,0,0,0,0,0,,0,0,0,11,1,1,1,,0,39 57:05.292,,0,75 09:23.993,8,0,0,0,67301,1,0,0,,1,0,0,2,67301,0,,1,1,,N,N,,0,,0,0,0,0,0,,1152,1,2,0,0,0,1,0,3,4,0,1,3,,N,,,,,,,,,,,
2009057044,1420.0,2,0,0,0,0,0,0,0,0,7,0,,67,5,2009,5,39.9579,-75.1618,1415.0,6,0,0,0,1,0,0,1,0,1.0,0,0,0,14,1,0,0,,1,39 57:28.310,4.0,0,75 09:42.448,0,0,0,0,67301,0,0,0,N,0,0,0,2,68K01,0,,2,1,,N,N,,0,,0,0,0,0,0,N,1409,0,2,0,0,0,0,0,3,4,0,2,3,,N,,,,,,,,,,,
2009054539,1752.0,2,0,0,0,0,0,0,0,0,5,0,,67,4,2009,2,39.9842,-75.1414,1750.0,6,0,0,0,0,0,0,0,0,,0,0,0,17,1,1,0,,0,39 59:03.275,,0,75 08:29.092,4,0,0,0,67301,0,0,0,,0,0,0,2,67301,1,,1,1,,N,N,,0,,0,0,0,3,3,,1748,1,2,0,0,0,0,0,3,4,0,2,3,,N,,,,,,,,,,,
2009086157,40.0,4,0,0,0,0,0,0,0,0,5,0,,67,8,2009,1,39.9707,-75.1634,31.0,6,0,1,0,0,0,0,0,0,,0,0,0,0,3,2,0,,0,39 58:14.361,,0,75 09:48.150,2,0,0,0,67301,0,0,0,N,0,0,0,2,67301,0,,1,1,,N,N,,0,,0,2,1,0,0,,31,2,5,0,0,0,0,0,3,4,0,5,3,,N,,,,,,,,,,,
2009086173,947.0,0,0,0,0,0,0,0,0,0,8,0,,67,7,2009,3,40.0002,-75.1067,943.0,6,0,0,0,0,0,0,0,0,,0,0,0,9,1,1,0,,0,40 00:00.605,,0,75 06:23.973,3,0,0,0,67301,1,0,0,,1,0,0,2,67301,0,,1,9,,,,,0,,1,0,1,1,2,,943,1,2,0,0,0,0,1,3,4,0,1,7,,N,,,,,,,,,,,
2009086225,1727.0,0,0,0,0,0,0,0,0,0,8,0,,67,8,2009,2,39.9949,-75.1274,1725.0,6,0,0,0,0,0,0,0,0,,0,0,0,17,1,1,0,,0,39 59:41.620,,0,75 07:38.678,4,0,0,0,67301,1,0,0,N,1,0,0,2,67301,1,,1,9,,N,N,,1,,0,0,0,0,0,,1725,1,2,0,0,0,0,0,3,4,0,1,99,,N,,,,,,,,,,,
2009068484,1840.0,1,0,0,0,0,0,0,0,0,5,0,,67,5,2009,1,39.9531,-75.2092,1836.0,6,0,0,0,0,0,1,0,0,2.0,0,0,0,18,1,1,0,,1,39 57:11.030,1.0,0,75 12:32.968,4,0,0,1,67301,0,0,0,N,0,0,0,2,67301,1,,1,1,,N,N,,0,,0,0,0,0,0,N,1834,1,2,0,0,0,0,0,3,4,0,2,3,,N,,,,,,,,,,,
2010002998,1217.0,2,0,0,0,0,0,0,0,0,1,0,,67,11,2009,2,39.9038,-75.1738,1211.0,6,0,0,0,0,0,0,0,0,,0,0,0,11,1,1,1,,0,39 54:13.685,,0,75 10:25.724,4,0,0,0,67301,0,0,0,,0,0,0,2,67301,1,,1,1,,,,,0,,0,0,0,3,2,,1153,1,2,0,0,0,0,0,3,4,0,2,3,,N,,,,,,,,,,,
2010005945,205.0,0,0,0,0,0,0,0,0,0,8,0,,67,11,2009,5,40.0251,-75.2228,205.0,6,0,0,0,0,0,0,0,0,,0,0,0,2,3,1,0,,0,40 01:30.421,,0,75 13:22.224,8,0,0,0,67301,1,0,0,N,1,0,0,5,67301,0,,1,9,,N,N,,1,,0,0,0,3,2,,205,1,2,0,0,0,1,0,3,4,0,1,3,,N,,,,,,,,,,,
2010003191,1755.0,3,0,0,0,0,0,0,0,0,1,0,,67,11,2009,2,39.9014,-75.2393,1750.0,6,0,0,0,0,0,1,0,0,,0,0,0,17,3,6,2,,0,39 54:05.040,,7,75 14:21.480,4,0,0,0,67301,0,0,0,,0,0,0,7,67301,6,,1,9,,,,,0,,0,0,0,2,2,,1750,6,3,0,0,0,0,0,3,4,0,3,7,,N,,,,,,,,,,,
2010006218,1105.0,1,0,0,0,0,0,0,0,0,1,0,,67,12,2009,5,40.0071,-75.2137,1100.0,6,0,0,0,0,0,1,0,0,,0,0,0,14,1,1,1,,0,40 00:25.593,,0,75 12:49.352,8,0,0,0,67301,0,0,0,N,0,0,0,2,67301,0,,1,1,,N,N,,1,,0,0,0,3,2,,1415,1,2,0,0,0,1,0,3,4,0,2,3,,N,,,,,,,,,,,
2010003089,1645.0,1,0,0,0,0,0,0,0,0,1,0,,67,12,2009,2,40.0809,-75.0288,1641.0,6,0,0,1,0,0,0,0,0,,0,0,0,16,3,1,1,,0,40 04:51.448,,0,75 01:44.242,4,0,0,0,67301,0,0,0,N,0,0,0,2,67301,1,,1,1,,N,N,,0,,0,0,1,3,2,,1639,1,2,0,0,0,0,0,3,4,0,2,3,,N,,,,,,,,,,,
2010003294,1652.0,1,0,0,0,0,0,0,0,0,2,0,,67,12,2009,2,40.0226,-75.0937,1648.0,6,0,0,0,0,0,1,0,0,,0,0,0,16,3,1,1,,0,40 01:21.366,,0,75 05:37.208,8,0,0,0,67301,0,0,0,N,0,0,0,3,67301,0,,1,9,,N,N,,0,,0,0,1,3,2,,1630,1,3,0,0,0,1,2,3,4,1,3,3,,N,,,,,,,,,,,
2010003560,1640.0,0,0,0,0,0,0,0,0,0,1,1,,67,11,2009,7,39.9974,-75.1523,1635.0,6,0,0,0,0,0,1,0,0,,0,1,0,16,4,1,2,,0,39 59:50.769,,0,75 09:08.117,8,0,0,0,67301,0,0,0,N,0,0,0,1,67301,0,,2,1,,N,N,,0,,0,0,1,0,0,,1630,1,2,0,0,0,1,0,3,4,0,2,3,,N,,,,,,,,,,,
2010006351,848.0,1,0,0,0,0,0,0,0,0,8,0,,67,12,2009,5,40.0141,-75.1404,845.0,6,0,0,0,0,0,0,0,0,,0,0,0,99,1,1,1,,0,40 00:50.713,,0,75 08:25.529,8,0,0,0,67301,1,0,0,,1,0,0,2,67301,0,,1,1,,N,,,0,,0,0,0,3,3,,9999,1,2,0,0,0,1,0,3,4,0,1,3,,N,,,,,,,,,,,
2010006364,9999.0,1,0,0,0,0,0,0,0,0,4,1,,67,12,2009,6,39.9712,-75.1507,9999.0,6,0,0,0,0,0,0,0,1,,0,1,0,7,1,1,0,,0,39 58:16.413,,7,75 09:02.527,4,0,0,0,67301,0,0,0,,0,0,0,2,67301,1,,4,1,,N,N,,0,,0,0,0,0,0,,700,1,2,0,0,0,0,0,3,4,0,2,3,,N,,,,,,,,,,,
2010010642,0.0,0,0,0,0,0,0,0,0,0,1,0,,67,12,2009,7,39.9525,-75.177,0.0,6,0,0,0,0,0,0,0,0,,0,0,0,9,1,1,1,,0,39 57:08.958,,0,75 10:37.001,8,0,0,0,67301,0,0,0,,0,0,0,2,00000,0,,1,7,,,,,1,,0,0,0,9,2,,930,1,2,0,0,0,1,0,3,4,0,2,10,,N,,,,,,,,,,,
2010005681,1409.0,2,0,0,0,0,0,0,0,0,4,0,,67,12,2009,1,40.0325,-75.1557,1400.0,6,0,0,0,0,0,0,1,0,,0,0,0,14,1,2,0,,0,40 01:57.032,,0,75 09:20.556,4,0,0,0,67301,0,0,0,N,0,0,0,3,67301,2,,1,9,,N,N,,0,,0,0,0,0,0,,1400,2,2,0,0,0,0,0,3,4,0,2,7,,N,,,,,,,,,,,
2010005689,1708.0,1,0,0,0,0,0,0,0,0,8,0,,67,12,2009,7,39.9536,-75.165,1705.0,6,0,0,0,0,0,0,0,0,,0,0,0,18,6,1,1,,0,39 57:12.978,,0,75 09:54.168,4,0,0,0,67301,1,0,0,N,1,0,0,4,67301,1,,1,1,,N,N,,0,,0,0,0,9,2,,1830,1,2,0,0,0,0,3,3,4,0,1,99,,N,,,,,,,,,,,
2010011070,1600.0,1,0,0,0,0,0,1,0,0,4,1,,67,12,2009,2,39.9704,-75.149,1552.0,6,0,0,0,0,0,0,0,0,,0,0,0,15,1,1,1,,0,39 58:13.433,,0,75 08:56.259,4,0,0,0,67301,0,0,0,N,0,0,0,3,67301,1,,1,7,,N,N,,0,,0,0,0,3,2,,1515,1,2,0,0,0,0,0,3,4,0,2,10,,N,,,,,,,,,,,
2009070495,537.0,1,0,0,0,0,0,0,0,0,5,0,,67,5,2009,2,39.9287,-75.2201,535.0,6,0,0,0,1,0,0,0,0,3.0,0,0,0,5,1,1,0,,2,39 55:43.147,5.0,0,75 13:12.421,4,0,0,0,67301,0,0,0,N,0,0,0,1,67301,1,,1,1,,N,N,,0,,0,0,2,0,0,Y,533,1,3,0,0,0,0,0,3,4,0,3,3,,N,,,,,,,,,,,
2009067900,845.0,2,0,0,0,0,0,0,0,0,1,0,,67,6,2009,3,39.959,-75.171,840.0,6,0,0,0,0,0,0,0,0,1.0,0,0,0,8,1,0,0,,2,39 57:32.519,4.0,0,75 10:15.830,0,0,0,0,67301,0,0,0,N,0,0,0,2,68K01,0,,1,1,,N,N,,0,,0,0,0,0,0,Y,830,0,2,0,0,0,0,0,3,4,0,2,3,,N,,,,,,,,,,,
2009065822,1245.0,2,0,0,0,0,0,0,0,0,1,0,,67,5,2009,2,39.9561,-75.238,1231.0,6,1,0,0,0,0,0,0,0,,0,0,0,12,1,0,2,,0,39 57:21.859,,0,75 14:16.659,0,0,0,0,67301,0,0,0,N,0,0,0,3,67301,0,,1,1,,N,N,,0,,0,0,0,3,2,,1230,0,2,0,0,0,0,0,3,4,0,2,3,,N,,,,,,,,,,,
2009055611,2130.0,2,0,0,0,0,0,0,0,0,4,0,,67,4,2009,7,40.0072,-75.0987,2125.0,6,0,0,1,0,0,1,0,0,,0,0,0,21,3,1,1,,0,40 00:25.900,,0,75 05:55.461,4,0,0,0,67301,0,0,0,,0,0,0,3,67301,1,,1,1,,N,N,,0,,0,0,0,3,2,,2115,1,4,0,0,0,0,0,3,4,0,4,3,,N,,,,,,,,,,,
2009069672,1106.0,2,0,0,0,0,0,0,0,0,1,0,,67,6,2009,4,40.0082,-75.1427,1102.0,6,0,0,0,0,0,0,1,0,1.0,0,0,0,10,1,1,2,,2,40 00:29.406,1.0,0,75 08:33.738,8,0,0,0,67301,0,0,0,N,0,0,0,2,67301,0,,1,1,,N,N,,0,,0,0,0,3,2,N,1053,1,2,0,0,0,1,0,3,4,0,2,3,,N,,,,,,,,,,,
2009069693,846.0,2,0,0,0,0,0,0,0,0,1,0,,67,6,2009,6,40.0148,-75.206,844.0,6,0,0,0,0,0,1,0,0,1.0,0,0,0,8,1,1,0,,2,40 00:53.375,2.0,0,75 12:21.694,4,0,0,0,67301,0,0,0,N,0,0,0,2,67301,1,,1,9,,N,N,,0,,0,0,0,0,0,N,842,1,2,0,0,0,0,0,3,4,0,2,3,,N,,,,,,,,,,,
2009064472,0.0,2,0,0,0,0,0,0,0,0,4,0,,67,5,2009,6,40.0159,-75.1538,0.0,6,0,0,0,0,0,1,0,0,,0,0,0,14,1,1,2,,0,40 00:57.144,,7,75 09:13.828,8,0,0,0,67301,0,0,0,N,0,0,0,2,00000,0,,1,1,,N,N,,0,,0,0,0,0,0,,1445,1,2,0,0,0,1,1,3,4,0,2,3,,N,,,,,,,,,,,
2009066924,750.0,3,0,0,0,0,0,0,0,0,4,0,,67,5,2009,5,39.9177,-75.2122,742.0,6,0,0,0,0,0,0,0,0,9.0,0,0,0,7,1,2,0,,1,39 55:04.269,4.0,0,75 12:40.530,8,0,0,0,67301,0,0,0,N,0,0,0,2,67301,0,,1,1,,N,N,,0,,0,0,1,0,0,N,739,2,4,0,0,0,2,0,3,4,0,4,3,,N,,,,,,,,,,,
2009069949,2152.0,2,0,0,0,0,0,0,0,0,1,0,,67,6,2009,5,40.0139,-75.1264,2149.0,6,0,0,0,0,0,0,0,0,,0,0,0,21,3,0,0,,0,40 00:50.147,,0,75 07:35.212,0,0,0,0,67301,0,0,0,N,0,0,0,2,67301,0,,1,9,,N,N,,0,,0,0,0,0,0,,2145,0,2,0,0,0,0,0,3,4,0,2,3,,N,,,,,,,,,,,
2009067131,2233.0,1,0,0,1,0,0,0,0,0,4,0,,67,5,2009,7,40.0196,-75.0555,2230.0,6,0,0,0,0,0,0,0,0,,0,0,0,22,3,1,0,,0,40 01:10.588,,0,75 03:19.749,8,0,0,0,67301,1,0,0,N,0,0,0,2,67301,0,,2,1,,N,N,,0,,0,0,0,3,1,,2230,1,2,0,0,0,1,1,3,4,0,1,3,,N,,,,,,,,,,,
2009067301,711.0,0,0,0,0,0,0,1,0,0,8,1,,67,6,2009,6,39.9383,-75.1987,709.0,6,0,0,0,0,0,1,0,0,,0,0,0,7,1,1,0,,0,39 56:17.172,,7,75 11:55.562,4,0,0,0,67301,1,0,0,N,1,0,0,2,67301,1,,1,9,,N,N,,0,,0,0,0,3,2,,700,1,2,0,0,0,0,0,3,4,0,1,7,,N,,,,,,,,,,,