CRN,ARRIVAL_TM,AUTOMOBILE_COUNT,BELTED_DEATH_COUNT,BELTED_SUSP_SERIOUS_INJ_COUNT,BICYCLE_COUNT,BICYCLE_DEATH_COUNT,BICYCLE_SUSP_SERIOUS_INJ_COUNT,BUS_COUNT,CHLDPAS_DEATH_COUNT,CHLDPAS_SUSP_SERIOUS_INJ_COUNT,COLLISION_TYPE,COMM_VEH_COUNT,CONS_ZONE_SPD_LIM,COUNTY,CRASH_MONTH,CRASH_YEAR,DAY_OF_WEEK,DEC_LAT,DEC_LONG,DISPATCH_TM,DISTRICT,DRIVER_COUNT_16YR,DRIVER_COUNT_17YR,DRIVER_COUNT_18YR,DRIVER_COUNT_19YR,DRIVER_COUNT_20YR,DRIVER_COUNT_50_64YR,DRIVER_COUNT_65_74YR,DRIVER_COUNT_75PLUS,EST_HRS_CLOSED,FATAL_COUNT,HEAVY_TRUCK_COUNT,HORSE_BUGGY_COUNT,HOUR_OF_DAY,ILLUMINATION,INJURY_COUNT,INTERSECT_TYPE,INTERSECTION_RELATED,LANE_CLOSED,LATITUDE,LN_CLOSE_DIR,LOCATION_TYPE,LONGITUDE,MAX_SEVERITY_LEVEL,MCYCLE_DEATH_COUNT,MCYCLE_SUSP_SERIOUS_INJ_COUNT,MOTORCYCLE_COUNT,MUNICIPALITY,NONMOTR_COUNT,NONMOTR_DEATH_COUNT,NONMOTR_SUSP_SERIOUS_INJ_COUNT,NTFY_HIWY_MAINT,PED_COUNT,PED_DEATH_COUNT,PED_SUSP_SERIOUS_INJ_COUNT,PERSON_COUNT,POLICE_AGCY,POSSIBLE_INJ_COUNT,RDWY_SURF_TYPE_CD,RELATION_TO_ROAD,ROAD_CONDITION,ROADWAY_CLEARED,SCH_BUS_IND,SCH_ZONE_IND,SECONDARY_CRASH,SMALL_TRUCK_COUNT,SPEC_JURIS_CD,SUSP_MINOR_INJ_COUNT,SUSP_SERIOUS_INJ_COUNT,SUV_COUNT,TCD_FUNC_CD,TCD_TYPE,TFC_DETOUR_IND,TIME_OF_DAY,TOT_INJ_COUNT,TOTAL_UNITS,UNB_DEATH_COUNT,UNB_SUSP_SERIOUS_INJ_COUNT,UNBELTED_OCC_COUNT,UNK_INJ_DEG_COUNT,UNK_INJ_PER_COUNT,URBAN_AREA,URBAN_RURAL,VAN_COUNT,VEHICLE_COUNT,WEATHER1,WEATHER2,WORK_ZONE_IND,WORK_ZONE_LOC,WORK_ZONE_TYPE,WORKERS_PRES,WZ_CLOSE_DETOUR,WZ_FLAGGER,WZ_LAW_OFFCR_IND,WZ_LN_CLOSURE,WZ_MOVING,WZ_OTHER,WZ_SHLDER_MDN,WZ_WORKERS_INJ_KILLED
2009067480,956.0,2,0,0,0,0,0,0,0,0,4,0,,67,6,2009,5,40.1142,-74.9876,951.0,6,0,0,0,0,0,1,0,0,,0,0,0,9,1,0,1,,0,40 06:51.356,,0,74 59:16.486,0,0,0,0,67301,0,0,0,N,0,0,0,3,67301,0,,1,1,,N,N,,0,,0,0,0,3,2,,947,0,2,0,0,0,0,0,3,4,0,2,3,,N,,,,,,,,,,,
2009067493,107.0,1,0,0,0,0,0,0,0,0,8,0,,67,6,2009,1,39.9604,-75.1894,53.0,6,0,0,0,0,0,0,0,0,,0,0,0,0,3,1,1,,0,39 57:37.353,,0,75 11:22.005,4,0,0,0,67301,1,0,0,N,1,0,0,2,67301,1,,1,1,,N,N,,0,,0,0,0,3,2,,53,1,2,0,0,1,0,0,3,4,0,1,3,,N,,,,,,,,,,,
2009064887,654.0,1,0,0,0,0,0,0,0,0,4,0,,67,5,2009,4,40.064,-74.9981,649.0,6,0,0,0,0,0,1,0,0,,0,0,0,6,1,1,0,,0,40 03:50.396,,7,74 59:53.344,8,0,0,1,67301,0,0,0,,0,0,0,2,67301,0,,1,1,,N,N,,0,,0,0,0,0,0,,649,1,2,0,0,0,1,0,3,4,0,2,3,,N,,,,,,,,,,,
2009057258,1621.0,1,0,0,0,0,0,0,0,0,4,0,,67,5,2009,2,39.9956,-75.0788,1615.0,6,0,0,0,0,0,0,1,0,,0,0,0,16,1,2,2,,0,39 59:44.300,,0,75 04:43.579,8,0,0,0,67301,0,0,0,N,0,0,0,2,67301,0,,1,1,,N,N,,0,,0,0,1,3,3,,1610,2,2,0,0,0,2,0,3,4,0,2,3,,N,,,,,,,,,,,
2009084105,1705.0,0,0,0,0,0,0,0,0,0,8,0,,67,7,2009,5,40.0062,-75.1408,1702.0,6,0,0,0,0,0,0,0,0,9.0,0,0,0,17,1,1,2,,1,40 00:22.489,4.0,0,75 08:27.049,4,0,0,0,67301,1,0,0,,1,0,0,2,67301,1,,1,9,,,,,0,,0,0,1,3,3,N,1700,1,2,0,0,0,0,0,3,4,0,1,3,,N,,,,,,,,,,,
2009111105,1835.0,1,0,0,0,0,0,0,0,0,7,0,,67,10,2009,6,40.0638,-75.1938,1830.0,6,0,0,0,0,0,1,0,0,,0,0,0,18,1,0,0,,0,40 03:49.620,,0,75 11:37.540,9,0,0,0,67301,0,0,0,,0,0,0,1,67301,0,,4,1,,N,N,,0,,0,0,0,0,0,,1803,0,1,0,0,0,0,1,3,4,0,1,3,,N,,,,,,,,,,,
2009111146,1742.0,2,0,0,0,0,0,0,0,0,1,0,,67,10,2009,7,40.0677,-75.0406,1741.0,6,0,0,0,1,0,1,0,0,1.0,0,0,0,17,1,1,0,,1,40 04:03.585,2.0,6,75 02:26.105,4,0,0,0,67301,0,0,0,N,0,0,0,5,67301,1,,1,9,,N,N,,0,,0,0,0,0,0,N,1741,1,2,0,0,0,0,0,3,4,0,2,3,,N,,,,,,,,,,,
2009111163,1135.0,1,0,0,0,0,0,0,0,0,1,0,,67,10,2009,7,39.9452,-75.1418,1128.0,6,0,0,0,0,0,0,0,0,,0,0,0,11,1,1,1,,0,39 56:42.529,,0,75 08:30.541,4,0,0,0,67301,0,0,0,,0,0,0,3,67301,1,,1,9,,,,,0,,0,0,1,3,2,,1119,1,2,0,0,0,0,0,3,4,0,2,7,,N,,,,,,,,,,,
2009118976,1409.0,2,0,0,0,0,0,0,0,0,7,0,,67,10,2009,7,40.0811,-75.172,1405.0,6,0,0,0,0,1,0,0,0,,0,0,0,13,1,0,0,,0,40 04:51.985,,0,75 10:19.093,0,0,0,0,67301,0,0,0,,0,0,0,1,67301,0,,4,9,,,,,0,,0,0,1,0,0,,1358,0,3,0,0,0,0,0,3,4,0,3,98,,N,,,,,,,,,,,
2009106218,1432.0,1,0,0,1,0,0,0,0,0,4,0,,67,10,2009,3,39.9898,-75.1255,1430.0,6,0,0,0,0,0,0,0,0,,0,0,0,14,1,1,1,,0,39 59:23.298,,0,75 07:31.934,4,0,0,0,67301,1,0,0,N,0,0,0,3,67301,1,,1,1,,N,N,,0,,0,0,1,3,2,,1425,1,3,0,0,0,0,0,3,4,0,2,3,,N,,,,,,,,,,,
2009121147,2229.0,0,0,0,0,0,0,0,0,0,8,0,,67,10,2009,2,39.9157,-75.1632,2214.0,6,0,0,0,0,0,0,0,0,,0,0,0,18,3,1,0,,0,39 54:56.638,,0,75 09:47.490,4,0,0,0,67301,1,0,0,,1,0,0,2,67301,1,,1,1,,,,,1,,0,0,0,0,0,,1845,1,2,0,0,0,0,0,3,4,0,1,3,,N,,,,,,,,,,,
2009121148,1544.0,1,0,0,0,0,0,0,0,0,4,0,,67,11,2009,3,39.9728,-75.2163,1537.0,6,0,0,0,0,0,0,0,0,,0,0,0,15,1,3,1,,0,39 58:22.052,,0,75 12:58.705,4,0,0,0,67301,0,0,0,N,0,0,0,4,67301,2,,1,1,,N,N,,1,,0,0,0,2,2,,1534,3,2,0,0,0,1,0,3,4,0,2,3,,N,,,,,,,,,,,
2009114131,2036.0,2,0,0,0,0,0,0,0,0,1,0,,67,10,2009,5,39.967,-75.188,1957.0,6,0,0,0,0,1,0,0,0,,0,0,0,19,3,1,0,,0,39 58:05.160,,0,75 11:25.355,8,0,0,0,67301,0,0,0,N,0,0,0,3,68K01,0,,1,1,,N,N,,0,,0,0,0,0,0,,1935,1,2,0,0,0,1,0,3,4,0,2,3,,N,,,,,,,,,,,
2009054329,1620.0,2,0,0,0,0,0,0,0,0,1,0,,67,4,2009,5,40.0132,-75.0704,1610.0,6,0,0,0,0,0,1,0,0,1.0,0,0,0,16,1,1,1,,1,40 00:47.439,1.0,0,75 04:13.514,4,0,0,0,67301,0,0,0,,0,0,0,4,67301,1,,1,1,,,,,0,,0,0,0,0,0,N,1600,1,2,0,0,4,0,1,3,4,0,2,3,,N,,,,,,,,,,,
2009054438,1629.0,1,0,0,0,0,0,0,0,0,4,0,,67,4,2009,3,40.0272,-75.0989,1626.0,6,0,0,0,0,0,0,0,1,1.0,0,0,0,16,1,1,1,,1,40 01:40.096,1.0,0,75 05:55.134,4,0,0,0,67301,0,0,0,N,0,0,0,4,67301,1,,1,1,,N,N,,0,,0,0,1,3,2,N,1625,1,2,0,0,0,0,0,3,4,0,2,3,,N,,,,,,,,,,,
2009054531,1256.0,2,0,0,0,0,0,0,0,0,1,0,,67,4,2009,7,39.8949,-75.237,1254.0,6,0,0,0,0,0,1,0,0,,0,0,0,12,1,4,0,,0,39 53:41.719,,0,75 14:13.188,4,0,0,0,67301,0,0,0,N,0,0,0,4,67301,3,,1,1,,N,N,,0,,0,0,1,2,2,,1254,4,3,0,0,0,1,0,3,4,0,3,3,,N,,,,,,,,,,,
2009054533,9.0,0,0,0,0,0,0,0,0,0,7,0,,67,4,2009,3,39.9019,-75.2474,7.0,6,0,0,0,0,0,0,0,0,,0,0,0,0,3,1,0,,0,39 54:06.854,,0,75 14:50.467,8,0,0,0,67301,0,0,0,N,0,0,0,1,67301,0,,3,9,,N,N,,1,,0,0,0,0,0,,6,1,1,0,0,0,1,0,3,4,0,1,7,,N,,,,,,,,,,,
2009054559,1837.0,1,0,0,1,0,0,0,0,0,4,0,,67,4,2009,3,39.9369,-75.1502,1837.0,6,0,0,0,0,0,0,0,0,,0,0,0,18,1,1,1,,0,39 56:12.858,,0,75 09:00.809,8,0,0,0,67301,1,0,0,N,0,0,0,2,67301,0,,1,1,,N,N,,0,,0,0,0,3,3,,1837,1,2,0,0,1,1,0,3,4,0,1,3,,N,,,,,,,,,,,
2009054666,555.0,1,0,0,0,0,0,1,0,0,1,1,,67,5,2009,3,39.964,-75.1386,541.0,6,0,0,0,0,0,1,0,0,,0,0,0,5,3,0,0,,0,39 57:46.810,,0,75 08:21.651,0,0,0,0,67301,0,0,0,N,0,0,0,3,68K01,0,,1,9,,Y,N,,0,,0,0,0,0,0,,535,0,2,0,0,0,0,0,3,4,0,2,7,,N,,,,,,,,,,,
2009086152,239.0,3,0,0,0,0,0,0,0,0,4,0,,67,8,2009,7,39.9452,-75.1701,237.0,6,0,0,0,0,1,1,0,0,,0,0,0,2,3,2,1,,0,39 56:42.885,,0,75 10:12.385,4,0,0,0,67301,0,0,0,N,0,0,0,4,67301,2,,1,1,,N,N,,1,,0,0,0,3,2,,229,2,4,0,0,2,0,0,3,4,0,4,3,,N,,,,,,,,,,,
2009086239,1229.0,0,0,0,1,0,0,0,0,0,5,0,,67,7,2009,3,39.9531,-75.182,1224.0,6,0,0,0,0,0,0,0,0,,0,0,0,12,1,1,0,,0,39 57:11.212,,0,75 10:55.030,4,0,0,0,67301,1,0,0,N,0,0,0,2,67301,1,,1,1,,N,N,,1,,0,0,0,0,0,,1222,1,2,0,0,0,0,0,3,4,0,1,3,,N,,,,,,,,,,,
2009083630,1025.0,1,0,0,0,0,0,0,0,0,8,0,,67,5,2009,4,40.0117,-75.1265,1023.0,6,0,0,0,0,0,0,0,0,,0,0,0,8,1,1,0,,0,40 00:42.184,,0,75 07:35.320,4,0,0,0,67301,1,0,0,,1,0,0,2,67301,1,,1,1,,,Y,,0,,0,0,0,0,0,,800,1,2,0,0,0,0,1,3,4,0,1,3,,N,,,,,,,,,,,
2010003090,259.0,2,0,0,0,0,0,0,0,0,6,0,,67,11,2009,1,40.0444,-75.0118,258.0,6,0,0,0,0,0,0,0,0,3.0,0,0,0,2,3,1,2,,1,40 02:39.922,4.0,0,75 00:42.357,4,0,0,0,67301,0,0,0,N,0,0,0,1,67301,1,,1,1,,N,N,,0,,0,0,0,0,0,N,256,1,2,0,0,0,0,0,3,4,0,2,3,,N,,,,,,,,,,,
2010003093,820.0,0,0,0,1,0,0,0,0,0,4,0,,67,11,2009,4,40.0274,-75.0768,815.0,6,0,0,0,0,0,0,0,0,,0,0,0,7,1,1,1,,0,40 01:38.622,,0,75 04:36.350,4,0,0,0,67301,1,0,0,,0,0,0,2,67301,1,,1,9,,N,N,,0,,0,0,0,3,3,,705,1,2,0,0,0,0,0,3,4,1,1,7,,N,,,,,,,,,,,
2010003102,1910.0,1,0,0,0,0,0,0,0,0,4,0,,67,11,2009,5,39.9824,-75.1628,1905.0,6,0,0,0,0,0,0,0,0,,0,0,0,19,3,0,2,,0,39 58:56.805,,0,75 09:46.227,0,0,0,0,67301,0,0,0,N,0,0,0,1,67301,0,,1,9,,N,N,,0,,0,0,1,3,3,,1905,0,2,0,0,1,0,0,3,4,0,2,7,,N,,,,,,,,,,,
2010005936,1125.0,2,0,0,0,0,0,0,0,0,5,0,,67,12,2009,5,40.0314,-75.0848,1118.0,6,0,0,0,0,0,1,0,0,,0,0,0,11,1,1,5,,0,40 01:53.298,,0,75 05:04.464,8,0,0,0,67301,0,0,0,N,0,0,0,2,67301,0,,1,1,,N,N,,0,,0,0,0,3,2,,1115,1,2,0,0,0,1,0,3,4,0,2,3,,N,,,,,,,,,,,
2010005937,1743.0,2,0,0,0,0,0,0,0,0,4,0,,67,12,2009,7,40.0626,-75.043,1739.0,6,0,0,0,0,0,0,0,0,1.0,0,0,0,17,3,1,1,,1,40 03:45.028,2.0,0,75 02:35.024,3,0,0,0,67301,0,0,0,N,0,0,0,3,67301,0,,1,1,,N,N,,0,,1,0,0,3,2,N,1738,1,2,0,0,0,0,1,3,4,0,2,3,,N,,,,,,,,,,,
2010003229,1520.0,2,0,0,0,0,0,0,0,0,4,0,,67,11,2009,4,39.9059,-75.2477,1515.0,6,0,0,0,0,0,0,0,0,,0,0,0,15,1,0,0,,0,39 54:21.103,,0,75 14:51.601,9,0,0,0,67301,0,0,0,N,0,0,0,1,67301,0,,6,9,,Y,Y,,0,,0,0,0,3,3,,1510,0,2,0,0,0,0,1,3,4,0,2,7,,N,,,,,,,,,,,
2010003276,1250.0,1,0,0,0,0,0,0,0,0,5,0,,67,11,2009,5,39.9597,-75.2474,1240.0,6,0,0,0,0,0,1,0,0,,0,0,0,11,1,2,2,,0,39 57:34.816,,0,75 14:50.653,4,0,0,0,67301,0,0,0,N,0,0,0,3,67301,2,,1,9,,N,N,,0,,0,0,0,3,2,,1100,2,2,0,0,0,0,0,3,4,1,2,3,,N,,,,,,,,,,,
2010010182,0.0,3,0,0,0,0,0,0,0,0,4,0,,67,10,2009,1,39.9732,-75.2122,0.0,6,0,0,0,0,0,0,0,0,,0,0,0,8,1,1,1,,0,39 58:23.685,,0,75 12:43.721,4,0,0,0,67301,0,0,0,,0,0,0,5,00000,1,,1,1,,,,,0,,0,0,0,3,2,,845,1,3,0,0,0,0,2,3,4,0,3,3,,N,,,,,,,,,,,
2010007535,1220.0,2,0,0,0,0,0,0,0,0,4,0,,67,12,2009,6,40.0421,-75.1684,1216.0,6,0,0,0,0,0,0,0,1,3.0,1,0,0,12,1,1,0,,2,40 02:31.426,6.0,0,75 10:06.063,1,0,0,0,67301,0,0,0,N,0,0,0,2,67301,0,2.0,1,1,,N,N,,0,0.0,0,0,0,0,0,Y,1216,1,2,0,0,0,1,0,3,4,0,2,3,,N,,,,,,,,,,,
2010010688,0.0,2,0,0,0,0,0,0,0,0,1,0,,67,5,2009,1,40.0081,-75.0725,0.0,6,0,0,0,0,0,0,0,0,,0,0,0,3,6,1,1,,0,40 00:29.331,,0,75 04:20.880,3,0,0,0,67301,0,0,0,N,0,0,0,4,00000,0,,1,1,,N,N,,0,,1,0,0,3,2,,330,1,2,0,0,0,0,3,3,4,0,2,3,,N,,,,,,,,,,,
2010011191,155.0,2,0,0,0,0,0,0,0,0,4,0,,67,12,2009,7,40.0033,-75.1659,153.0,6,0,0,0,0,0,0,1,0,3.0,0,0,0,1,3,2,1,,1,40 00:11.788,3.0,0,75 09:57.272,4,0,0,0,67301,0,0,0,N,0,0,0,2,67301,1,,1,1,,N,N,,0,,0,0,0,3,2,Y,152,2,2,0,0,0,1,0,3,4,0,2,3,,N,,,,,,,,,,,
2009069696,1842.0,1,0,0,0,0,0,0,0,0,1,0,,67,6,2009,6,39.9913,-75.1349,1840.0,6,0,0,0,0,0,0,0,0,,0,0,0,18,1,1,1,,0,39 59:29.112,,0,75 08:05.513,4,0,0,0,67301,0,0,0,,0,0,0,4,67301,1,,1,1,,,,,1,,0,0,0,3,2,,1835,1,3,0,0,0,0,1,3,4,0,3,3,,N,,,,,,,,,,,
2009064474,0.0,2,0,0,0,0,0,0,0,0,4,0,,67,1,2009,7,39.9623,-75.148,0.0,6,0,0,1,0,0,0,0,0,,0,0,0,3,6,1,2,,0,39 57:44.186,,0,75 08:52.825,3,0,0,0,67301,0,0,0,N,0,0,0,4,00000,0,,1,1,,N,N,,0,,1,0,0,3,3,,330,1,2,0,0,0,0,1,3,4,0,2,3,,N,,,,,,,,,,,
2009069445,2001.0,2,0,0,0,0,0,0,0,0,4,0,,67,6,2009,7,40.0484,-75.0611,1955.0,6,0,0,0,0,0,0,0,0,,0,0,0,19,1,2,0,,0,40 02:54.339,,7,75 03:40.009,8,0,0,0,67301,0,0,0,N,0,0,0,7,67301,0,,1,9,,N,N,,0,,0,0,0,3,3,,1955,2,2,0,0,0,2,0,3,4,0,2,7,,N,,,,,,,,,,,
2009069452,1729.0,0,0,0,0,0,0,0,0,0,7,0,,67,6,2009,6,39.8838,-75.2233,1729.0,6,0,0,0,0,0,0,0,0,,0,0,0,16,1,0,2,,0,39 53:01.744,,0,75 13:23.905,0,0,0,0,67301,0,0,0,N,0,0,0,1,67301,0,,5,9,,N,N,,0,,0,0,0,3,3,,1630,0,1,0,0,0,0,0,3,4,1,1,7,,N,,,,,,,,,,,
2009067268,1310.0,1,0,0,0,0,0,0,0,0,5,0,,67,5,2009,1,39.9744,-75.2019,1305.0,6,0,0,0,0,0,0,0,1,,0,0,0,13,1,0,0,,0,39 58:27.964,,0,75 12:06.738,0,0,0,0,67301,0,0,0,N,0,0,0,6,67301,0,,1,1,,N,N,,0,,0,0,0,0,0,,1300,0,2,0,0,0,0,0,3,4,1,2,3,,N,,,,,,,,,,,
2009067284,1929.0,2,0,0,0,0,0,0,0,0,4,0,,67,5,2009,6,39.9409,-75.2126,1926.0,6,0,0,1,0,0,0,0,0,,0,0,0,19,1,1,1,,0,39 56:27.142,,0,75 12:45.341,4,0,0,0,67301,0,0,0,N,0,0,0,2,67301,1,,1,9,,N,N,,0,,0,0,0,3,2,,1925,1,2,0,0,0,0,0,3,4,0,2,7,,N,,,,,,,,,,,
2009067494,935.0,1,0,0,0,0,0,0,0,0,4,0,,67,6,2009,5,40.0371,-75.0767,920.0,6,0,0,0,0,0,0,1,0,,0,0,0,7,1,0,0,,0,40 02:13.680,,7,75 04:36.090,0,0,0,0,67301,0,0,0,N,0,0,0,2,67301,0,,1,9,,N,N,,0,,0,0,1,0,0,,740,0,2,0,0,0,0,0,3,4,0,2,7,,N,,,,,,,,,,,
2009067558,1729.0,1,0,0,0,0,0,0,0,0,5,1,,67,6,2009,4,39.9385,-75.1421,1729.0,6,0,0,0,0,0,1,0,0,1.0,0,1,0,17,1,0,2,,1,39 56:18.239,2.0,2,75 08:32.409,0,0,0,0,67301,0,0,0,N,0,0,0,2,67301,0,,1,9,,N,N,,0,,0,0,0,3,2,Y,1729,0,2,0,0,0,0,0,3,4,0,2,7,,N,,,,,,,,,,,
2009065062,1355.0,0,0,0,0,0,0,0,0,0,8,0,,67,5,2009,3,40.0364,-75.1305,1353.0,6,0,0,0,0,0,0,0,0,,0,0,0,13,1,1,1,,0,40 02:11.165,,0,75 07:49.937,4,0,0,0,67301,1,0,0,N,1,0,0,2,67301,1,,1,9,,N,N,,1,,0,0,0,3,2,,1353,1,2,0,0,0,0,0,3,4,0,1,3,,N,,,,,,,,,,,
2009067610,2212.0,1,0,0,0,0,0,0,0,0,4,0,,67,6,2009,3,39.8946,-75.2367,2147.0,6,0,0,0,0,0,0,0,0,,0,0,0,99,3,1,1,,0,39 53:40.603,,0,75 14:12.181,8,0,0,0,67301,0,0,0,N,0,0,0,3,67301,0,,1,1,,,,,0,,0,0,0,3,2,,9999,1,2,0,0,0,1,0,3,4,1,2,3,,N,,,,,,,,,,,
2009086598,839.0,1,0,0,0,0,0,0,0,0,1,0,,67,8,2009,3,39.9585,-75.1676,828.0,6,0,0,0,0,0,0,0,0,,0,0,0,8,1,0,0,,0,39 57:30.526,,0,75 10:03.441,9,0,0,0,67301,0,0,0,N,0,0,0,3,68K01,0,,1,1,,N,N,,0,,0,0,1,0,0,,826,0,2,0,0,0,0,2,3,4,0,2,3,,N,,,,,,,,,,,
2009121292,1643.0,1,0,0,0,0,0,0,0,0,1,0,,67,11,2009,4,40.0155,-75.0532,1639.0,6,0,0,0,0,0,0,0,0,,0,0,0,16,4,0,0,,0,40 00:55.813,,0,75 03:10.891,0,0,0,0,67301,0,0,0,N,0,0,0,2,68K01,0,,1,1,,N,N,,1,,0,0,0,0,0,,1637,0,2,0,0,0,0,0,3,4,0,2,3,,N,,,,,,,,,,,
2009121293,1921.0,2,0,0,0,0,0,0,0,0,1,0,,67,11,2009,4,39.9787,-75.2031,1920.0,6,0,0,0,0,0,0,1,0,1.0,0,0,0,19,3,2,0,,2,39 58:45.876,3.0,0,75 12:14.982,4,0,0,0,67301,0,0,0,N,0,0,0,2,68K01,2,,1,1,,N,N,,0,,0,0,0,0,0,N,1918,2,2,0,0,0,0,0,3,4,0,2,3,,N,,,,,,,,,,,
2009111133,1314.0,1,0,0,0,0,0,0,0,0,1,0,,67,9,2009,2,40.0625,-74.987,1306.0,6,0,0,0,0,0,2,0,0,,0,0,0,13,1,1,1,,0,40 03:44.832,,0,74 59:13.249,3,0,0,0,67301,0,0,0,,0,0,0,2,67301,0,,1,1,,,,,0,,1,0,1,3,2,,1306,1,2,0,0,0,0,0,3,4,0,2,3,,N,,,,,,,,,,,
2009118980,1405.0,1,0,0,0,0,0,0,0,0,6,0,,67,10,2009,1,40.0122,-75.1505,1400.0,6,0,0,0,1,0,0,0,0,,0,0,0,13,1,2,1,,0,40 00:44.009,,0,75 09:01.745,8,0,0,1,67301,0,0,0,N,0,0,0,2,67301,0,,1,1,,N,N,,0,,0,0,0,0,0,,1355,2,2,0,0,0,2,0,3,4,0,2,3,,N,,,,,,,,,,,
2009111613,1445.0,2,0,0,0,0,0,0,0,0,4,0,,67,9,2009,2,40.0142,-75.1415,9999.0,6,0,0,0,0,0,1,0,0,,0,0,0,99,1,2,2,,0,40 00:51.170,,0,75 08:29.259,4,0,0,0,67301,0,0,0,,0,0,0,6,67301,2,,1,1,,,,,0,,0,0,0,3,3,,9999,2,2,0,0,2,0,0,3,4,0,2,3,,N,,,,,,,,,,,
2009093630,1411.0,2,0,0,0,0,0,0,0,0,4,0,,67,8,2009,1,39.9811,-75.2428,1406.0,6,0,0,0,0,0,0,0,0,,0,0,0,14,1,1,1,,0,39 58:51.848,,0,75 14:34.202,4,0,0,0,67301,0,0,0,,0,0,0,2,67301,1,,1,9,,,,,0,,0,0,0,3,2,,1400,1,2,0,0,0,0,0,3,4,0,2,7,,N,,,,,,,,,,,
2009054327,738.0,2,0,0,0,0,0,0,0,0,1,0,,67,4,2009,1,40.0604,-74.9904,735.0,6,0,0,0,1,0,1,0,0,,0,0,0,7,1,1,1,,0,40 03:37.435,,0,74 59:25.566,4,0,0,0,67301,0,0,0,N,0,0,0,3,67301,1,,1,1,,N,N,,0,,0,0,0,3,2,,715,1,2,0,0,1,0,0,3,4,0,2,3,,N,,,,,,,,,,,
2009056935,2155.0,2,0,0,0,0,0,0,0,0,1,0,,67,4,2009,4,40.0072,-75.2135,2146.0,6,0,0,0,0,0,0,0,0,,0,0,0,21,3,0,0,,0,40 00:25.874,,0,75 12:48.745,9,0,0,0,67301,0,0,0,,0,0,0,3,67301,0,,1,1,,,,,0,,0,0,0,0,0,,2144,0,2,0,0,0,0,1,3,4,0,2,3,,N,,,,,,,,,,,
2009054482,835.0,1,0,0,0,0,0,0,0,0,7,0,,67,4,2009,3,40.0374,-75.1909,829.0,6,0,0,0,0,0,0,1,0,,0,0,0,8,1,0,0,,0,40 02:14.612,,0,75 11:27.256,0,0,0,0,67301,0,0,0,N,0,0,0,1,67301,0,,5,9,,N,N,,0,,0,0,0,3,2,,829,0,1,0,0,0,0,0,3,4,0,1,7,,N,,,,,,,,,,,
2009054553,655.0,0,0,0,0,0,0,1,0,0,1,1,,67,4,2009,6,39.9184,-75.1846,652.0,6,0,0,0,0,0,0,0,0,3.0,0,0,0,6,1,6,0,,1,39 55:06.387,4.0,0,75 11:04.455,2,0,0,0,67301,0,0,0,N,0,0,0,13,67301,0,,1,1,,N,N,,0,,5,1,0,0,0,N,648,6,2,0,0,1,0,0,3,4,1,2,3,,N,,,,,,,,,,,
2009086149,1447.0,1,0,0,0,0,0,0,0,0,2,1,,67,6,2009,2,40.0159,-75.187,1445.0,6,0,0,0,0,0,0,0,0,,0,1,0,14,1,4,1,,0,40 00:57.223,,0,75 11:13.338,4,0,0,0,67301,0,0,0,,0,0,0,4,67301,3,,1,1,,N,N,,0,,0,0,0,0,0,,1440,4,2,0,0,0,1,0,3,4,0,2,3,,N,,,,,,,,,,,
2009086160,1330.0,2,0,0,0,0,0,0,0,0,4,0,,67,7,2009,6,39.9948,-75.0947,1320.0,6,0,0,0,0,0,0,0,0,,0,0,0,13,1,1,0,,0,39 59:41.289,,7,75 05:40.855,8,0,0,0,67301,0,0,0,N,0,0,0,5,67301,0,,2,1,,N,N,,0,,0,0,0,0,0,,1310,1,2,0,0,1,1,0,3,4,0,2,3,,N,,,,,,,,,,,
2009086231,1905.0,0,0,0,0,0,0,1,0,0,8,1,,67,8,2009,1,39.997,-75.2353,1902.0,6,0,0,0,0,0,1,0,0,,0,0,0,19,1,1,1,,0,39 59:52.112,,0,75 14:01.006,4,0,0,0,67301,1,0,0,,1,0,0,2,67301,1,,1,1,,,,,0,,0,0,0,3,2,,1901,1,2,0,0,0,0,0,3,4,0,1,3,,N,,,,,,,,,,,
2009076148,1732.0,3,0,0,0,0,0,0,0,0,1,0,,67,7,2009,2,39.906,-75.1342,1732.0,6,0,0,1,0,0,0,0,0,1.0,0,0,0,17,1,0,0,,2,39 54:21.732,4.0,0,75 08:02.940,0,0,0,0,67301,0,0,0,N,0,0,0,9,67501,0,,1,1,,N,N,,0,,0,0,0,3,2,N,1732,0,3,0,0,0,0,0,3,4,0,3,3,,N,,,,,,,,,,,
2009068530,9999.0,2,0,0,0,0,0,0,0,0,2,0,,67,6,2009,3,39.9587,-75.1621,1204.0,6,0,0,0,0,0,1,0,0,,0,0,0,12,1,1,1,,0,39 57:31.363,,0,75 09:43.712,8,0,0,0,67301,0,0,0,,0,0,0,2,67301,0,,1,1,,,,,1,,0,0,0,3,2,,1200,1,3,0,0,0,1,0,3,4,0,3,3,,N,,,,,,,,,,,
2009066032,,0,0,0,0,0,0,0,0,0,1,0,,67,3,2009,3,,,,6,0,0,0,0,0,0,1,0,,0,0,0,11,1,1,0,,0,,,0,,4,0,0,0,67301,0,0,0,N,0,0,0,3,00000,1,,1,1,,N,N,,0,,0,0,1,0,0,,1130,1,2,0,0,0,0,2,3,3,0,2,3,,N,,,,,,,,,,,