CRN,ARRIVAL_TM,AUTOMOBILE_COUNT,BELTED_DEATH_COUNT,BELTED_SUSP_SERIOUS_INJ_COUNT,BICYCLE_COUNT,BICYCLE_DEATH_COUNT,BICYCLE_SUSP_SERIOUS_INJ_COUNT,BUS_COUNT,CHLDPAS_DEATH_COUNT,CHLDPAS_SUSP_SERIOUS_INJ_COUNT,COLLISION_TYPE,COMM_VEH_COUNT,CONS_ZONE_SPD_LIM,COUNTY,CRASH_MONTH,CRASH_YEAR,DAY_OF_WEEK,DEC_LAT,DEC_LONG,DISPATCH_TM,DISTRICT,DRIVER_COUNT_16YR,DRIVER_COUNT_17YR,DRIVER_COUNT_18YR,DRIVER_COUNT_19YR,DRIVER_COUNT_20YR,DRIVER_COUNT_50_64YR,DRIVER_COUNT_65_74YR,DRIVER_COUNT_75PLUS,EST_HRS_CLOSED,FATAL_COUNT,HEAVY_TRUCK_COUNT,HORSE_BUGGY_COUNT,HOUR_OF_DAY,ILLUMINATION,INJURY_COUNT,INTERSECT_TYPE,INTERSECTION_RELATED,LANE_CLOSED,LATITUDE,LN_CLOSE_DIR,LOCATION_TYPE,LONGITUDE,MAX_SEVERITY_LEVEL,MCYCLE_DEATH_COUNT,MCYCLE_SUSP_SERIOUS_INJ_COUNT,MOTORCYCLE_COUNT,MUNICIPALITY,NONMOTR_COUNT,NONMOTR_DEATH_COUNT,NONMOTR_SUSP_SERIOUS_INJ_COUNT,NTFY_HIWY_MAINT,PED_COUNT,PED_DEATH_COUNT,PED_SUSP_SERIOUS_INJ_COUNT,PERSON_COUNT,POLICE_AGCY,POSSIBLE_INJ_COUNT,RDWY_SURF_TYPE_CD,RELATION_TO_ROAD,ROAD_CONDITION,ROADWAY_CLEARED,SCH_BUS_IND,SCH_ZONE_IND,SECONDARY_CRASH,SMALL_TRUCK_COUNT,SPEC_JURIS_CD,SUSP_MINOR_INJ_COUNT,SUSP_SERIOUS_INJ_COUNT,SUV_COUNT,TCD_FUNC_CD,TCD_TYPE,TFC_DETOUR_IND,TIME_OF_DAY,TOT_INJ_COUNT,TOTAL_UNITS,UNB_DEATH_COUNT,UNB_SUSP_SERIOUS_INJ_COUNT,UNBELTED_OCC_COUNT,UNK_INJ_DEG_COUNT,UNK_INJ_PER_COUNT,URBAN_AREA,URBAN_RURAL,VAN_COUNT,VEHICLE_COUNT,WEATHER1,WEATHER2,WORK_ZONE_IND,WORK_ZONE_LOC,WORK_ZONE_TYPE,WORKERS_PRES,WZ_CLOSE_DETOUR,WZ_FLAGGER,WZ_LAW_OFFCR_IND,WZ_LN_CLOSURE,WZ_MOVING,WZ_OTHER,WZ_SHLDER_MDN,WZ_WORKERS_INJ_KILLED
2009066041,0.0,1,0,0,0,0,0,0,0,0,8,0,,67,3,2009,3,39.9412,-75.1493,0.0,6,0,0,0,0,0,0,0,0,,0,0,0,16,1,1,1,,0,39 56:28.420,,0,75 08:57.368,8,0,0,0,67301,1,0,0,N,1,0,0,2,00000,0,,1,1,,N,N,,0,,0,0,0,9,9,,1645,1,2,0,0,0,1,0,3,4,0,1,3,,N,,,,,,,,,,,
2010003159,1805.0,0,0,0,0,0,0,0,0,0,8,0,,67,12,2009,3,39.9957,-75.1149,1800.0,6,0,0,0,0,0,0,1,0,,0,0,0,17,3,1,2,,0,39 59:44.448,,0,75 06:53.654,4,0,0,0,67301,1,0,0,,1,0,0,2,67301,1,,1,1,,,,,0,,0,0,0,0,0,,1755,1,2,0,0,0,0,0,3,4,1,1,3,,N,,,,,,,,,,,
2010006164,50.0,0,0,0,0,0,0,0,0,0,5,0,,67,12,2009,7,39.928,-75.2193,50.0,6,0,0,0,0,0,1,0,0,,0,0,0,0,3,1,1,,0,39 55:40.870,,0,75 13:09.477,8,0,0,0,67301,0,0,0,N,0,0,0,3,67301,0,,1,1,,N,N,,0,,0,0,1,3,2,,48,1,2,0,0,0,1,0,3,4,1,2,3,,N,,,,,,,,,,,
2010011625,651.0,1,0,0,0,0,0,0,0,0,8,0,,67,12,2009,2,40.0062,-75.1031,644.0,6,0,0,0,0,0,0,0,0,,0,0,0,99,2,1,2,,0,40 00:22.381,,0,75 06:11.300,4,0,0,0,67301,1,0,0,,1,0,0,2,67301,1,,1,1,,,,,0,,0,0,0,9,3,,9999,1,2,0,0,0,0,0,3,4,0,1,3,,N,,,,,,,,,,,
2010003265,620.0,1,0,0,0,0,0,0,0,0,5,0,,67,12,2009,1,,,612.0,6,0,0,0,1,0,0,0,0,1.0,0,0,0,99,5,1,0,,1,,3.0,0,,4,0,0,0,67301,0,0,0,N,0,0,0,2,67301,1,,1,1,,N,N,,0,,0,0,1,0,0,N,9999,1,2,0,0,0,0,0,3,3,0,2,3,,N,,,,,,,,,,,
2010006358,746.0,1,0,0,0,0,0,0,0,0,8,0,,67,12,2009,6,40.0265,-75.1663,743.0,6,0,0,0,0,0,0,0,0,,0,0,0,7,1,1,0,,0,40 01:35.502,,0,75 09:58.845,8,0,0,0,67301,1,0,0,N,1,0,0,3,67301,0,,1,1,,N,Y,,0,,0,0,0,0,0,,740,1,2,0,0,0,1,0,3,4,0,1,3,,N,,,,,,,,,,,
2010006221,524.0,1,0,0,0,0,0,1,0,0,1,1,,67,12,2009,7,40.0146,-75.1567,519.0,6,0,0,0,0,0,0,0,0,2.0,0,0,0,5,3,0,1,,1,40 00:52.752,4.0,0,75 09:24.063,0,0,0,0,67301,0,0,0,N,0,0,0,2,67301,0,,1,7,,N,N,,0,,0,0,0,3,2,Y,519,0,2,0,0,0,0,0,3,4,0,2,10,,N,,,,,,,,,,,
2010006282,1851.0,2,0,0,0,0,0,0,0,0,4,0,,67,12,2009,6,40.013,-75.1194,1851.0,6,0,0,0,0,0,0,0,0,1.0,0,0,0,18,3,1,1,,1,40 00:46.713,1.0,0,75 07:09.797,4,0,0,0,67301,0,0,0,N,0,0,0,3,67301,1,,1,1,,N,N,,0,,0,0,0,3,2,N,1850,1,2,0,0,0,0,0,3,4,0,2,3,,N,,,,,,,,,,,
2010010566,0.0,2,0,0,0,0,0,0,0,0,4,0,,67,12,2009,7,39.9836,-75.113,0.0,6,0,0,0,0,0,0,0,0,,0,0,0,10,1,0,1,,0,39 59:00.985,,0,75 06:46.940,0,0,0,0,67301,0,0,0,,0,0,0,2,00000,0,,1,1,,,,,0,,0,0,0,3,3,,1000,0,2,0,0,0,0,0,3,4,0,2,3,,N,,,,,,,,,,,
2010004863,713.0,1,0,0,0,0,0,0,0,0,7,0,,67,12,2009,3,39.9877,-75.2162,711.0,6,0,0,0,0,0,0,0,0,,0,0,0,7,1,0,2,,0,39 59:15.742,,0,75 12:58.454,0,0,0,0,67301,0,0,0,N,0,0,0,2,68K01,0,,2,1,,N,N,,0,,0,0,0,3,2,,705,0,1,0,0,0,0,0,3,4,0,1,3,,N,,,,,,,,,,,
2010018990,1320.0,1,0,0,1,0,0,0,0,0,5,0,,67,12,2009,5,39.9546,-75.1648,1311.0,6,0,0,0,0,0,0,0,1,,0,0,0,13,1,1,0,,0,39 57:16.563,,0,75 09:53.164,4,0,0,0,67301,1,0,0,N,0,0,0,2,67301,1,,1,1,,N,N,,0,,0,0,0,3,2,,1310,1,2,0,0,0,0,0,3,4,0,1,3,,N,,,,,,,,,,,
2010011140,1019.0,1,0,0,0,0,0,0,0,0,8,0,,67,12,2009,1,40.0021,-75.1442,1014.0,6,0,0,0,0,0,0,0,0,,0,0,0,9,1,1,1,,0,40 00:07.520,,0,75 08:39.419,8,0,0,0,67301,1,0,0,N,1,0,0,2,67301,0,,1,1,,N,N,,0,,0,0,0,0,0,,920,1,2,0,0,0,1,0,3,4,0,1,3,,N,,,,,,,,,,,
2010011151,1609.0,0,0,0,0,0,0,0,0,0,1,0,,67,12,2009,6,40.0563,-75.043,1605.0,6,0,0,0,0,0,0,0,1,,0,0,0,15,1,1,0,,0,40 03:22.514,,0,75 02:34.764,3,0,0,0,67301,0,0,0,N,0,0,0,1,67301,0,,1,1,,N,N,,2,,1,0,0,0,0,,1555,1,3,0,0,0,0,0,3,4,1,3,3,,N,,,,,,,,,,,
2010011279,827.0,1,0,0,0,0,0,0,0,0,1,0,,67,12,2009,3,40.0363,-75.0788,826.0,6,0,0,0,0,0,0,0,0,,0,0,0,8,1,1,0,,0,40 02:10.660,,0,75 04:43.560,8,0,0,0,67301,0,0,0,,0,0,0,4,00000,0,,1,9,,,,,0,,0,0,1,0,0,,825,1,2,0,0,0,1,0,3,4,0,2,3,,N,,,,,,,,,,,
2010019973,1453.0,1,0,0,0,0,0,0,0,0,8,0,,67,11,2009,1,39.9612,-75.2216,1449.0,6,0,0,0,0,0,0,0,0,,0,0,0,14,1,1,1,,0,39 57:40.345,,0,75 13:17.752,8,0,0,0,67301,1,0,0,,1,0,0,2,67301,0,,1,1,,,,,0,,0,0,0,3,3,,1435,1,2,0,0,0,1,0,3,4,0,1,3,,N,,,,,,,,,,,
2010002045,1640.0,1,0,0,0,0,0,0,0,0,4,0,,67,12,2009,5,39.9967,-75.2361,1637.0,6,0,0,0,0,0,0,0,0,,0,0,0,16,4,0,0,,0,39 59:50.916,,7,75 14:04.285,0,0,0,0,67301,0,0,0,N,0,0,0,2,46104,0,,1,1,,N,N,,1,,0,0,0,0,0,,1630,0,2,0,0,1,0,0,3,4,0,2,3,,N,,,,,,,,,,,
2010012664,1052.0,2,0,0,0,0,0,0,0,0,4,0,,67,12,2009,5,40.1133,-75.0252,1046.0,6,0,0,0,0,1,1,0,0,,0,0,0,10,1,2,2,,0,40 06:48.006,,0,75 01:30.896,4,0,0,0,67301,0,0,0,N,0,0,0,4,67301,2,,1,2,,N,N,,0,,0,0,0,3,3,,1040,2,2,0,0,0,0,0,3,4,0,2,10,,N,,,,,,,,,,,
2009086501,1725.0,1,0,0,0,0,0,0,0,0,8,0,,67,7,2009,6,40.0357,-75.1748,1715.0,6,0,0,0,0,0,1,0,0,,0,0,0,17,1,1,0,,0,40 02:08.657,,0,75 10:29.318,4,0,0,0,67301,1,0,0,N,1,0,0,2,67301,1,,1,1,,N,N,,0,,0,0,0,0,0,,1714,1,2,0,0,1,0,0,3,4,0,1,3,,N,,,,,,,,,,,
2009081492,820.0,2,0,0,0,0,0,0,0,0,4,0,,67,7,2009,3,40.0583,-75.0428,815.0,6,0,0,0,0,0,0,0,1,,0,0,0,8,1,3,2,,0,40 03:30.253,,7,75 02:34.859,3,0,0,0,67301,0,0,0,,0,0,0,3,67301,2,,1,1,,,,,0,,1,0,0,3,3,,810,3,2,0,0,0,0,0,3,4,0,2,3,,N,,,,,,,,,,,
2009079206,702.0,1,0,0,0,0,0,0,0,0,7,0,,67,7,2009,7,39.9165,-75.1495,700.0,6,0,1,0,0,0,0,0,0,2.0,0,0,0,7,1,1,0,,1,39 54:59.248,2.0,0,75 08:58.142,3,0,0,0,67301,0,0,0,,0,0,0,1,67301,0,,5,1,,,,,0,,1,0,0,0,0,N,700,1,1,0,0,0,0,0,3,4,0,1,3,,N,,,,,,,,,,,
2009074416,146.0,2,0,0,0,0,0,0,0,0,4,0,,67,6,2009,1,40.0469,-75.1711,142.0,6,0,0,0,0,0,0,0,0,,0,0,0,1,3,1,0,,0,40 02:48.901,,0,75 10:15.988,4,0,0,0,67301,1,0,0,N,0,0,0,2,67301,1,,6,1,,N,N,,0,,0,0,0,0,0,,122,1,2,0,0,0,0,1,3,4,0,2,3,,N,,,,,,,,,,,
2009072086,1919.0,2,0,0,0,0,0,0,0,0,4,0,,67,6,2009,7,40.0391,-75.1454,9999.0,6,0,0,0,0,0,0,0,0,,0,0,0,99,1,1,0,,0,40 02:20.657,,0,75 08:43.464,8,0,0,0,67301,0,0,0,N,0,0,0,2,67301,0,,1,9,,N,N,,0,,0,0,0,0,0,,9999,1,2,0,0,0,1,0,3,4,0,2,7,,N,,,,,,,,,,,
2009069213,2019.0,0,0,0,0,0,0,0,0,0,7,0,,67,6,2009,7,39.9972,-75.0833,2000.0,6,0,0,0,0,0,0,0,0,2.0,0,0,0,19,3,2,0,,1,39 59:50.483,2.0,2,75 04:57.766,8,0,0,0,67301,0,0,0,N,0,0,0,5,68K01,0,,2,9,,N,N,,0,,0,0,1,0,0,N,1956,2,1,0,0,0,2,0,3,4,0,1,7,,N,,,,,,,,,,,
2009080231,1210.0,2,0,0,0,0,0,0,0,0,1,0,,67,7,2009,4,39.963,-75.1389,1206.0,6,0,0,0,0,0,0,0,0,1.0,0,0,0,12,1,0,0,,1,39 57:47.350,1.0,0,75 08:19.783,0,0,0,0,67301,0,0,0,N,0,0,0,3,68K01,0,,1,1,,N,N,,0,,0,0,0,0,0,N,1203,0,2,0,0,3,0,0,3,4,0,2,3,,N,,,,,,,,,,,
2009024240,2359.0,2,0,0,0,0,0,0,0,0,1,0,,67,2,2009,3,39.9223,-75.1907,2305.0,6,0,0,0,0,0,0,0,0,,0,0,0,22,3,1,0,,0,39 55:20.091,,0,75 11:26.468,4,0,0,0,67301,0,0,0,N,0,0,0,5,68K01,1,,1,6,,N,N,,0,,0,0,0,0,0,,2248,1,3,0,0,0,0,1,3,4,0,3,10,,N,,,,,,,,,,,
2009065257,2015.0,0,0,0,0,0,0,0,0,0,5,0,,67,4,2009,7,39.9702,-75.1451,2013.0,6,0,0,0,0,0,0,1,0,9.0,0,0,0,20,3,2,1,,2,39 58:12.816,1.0,0,75 08:41.997,4,0,0,0,67301,0,0,0,N,0,0,0,2,67301,1,,1,1,,N,N,,0,,0,0,0,3,2,Y,2013,2,2,0,0,0,1,0,3,4,1,2,3,,N,,,,,,,,,,,
2009073027,647.0,0,0,0,0,0,0,0,0,0,5,0,,67,7,2009,3,39.8982,-75.1828,642.0,6,0,0,0,0,0,0,0,0,1.0,0,0,0,6,1,1,0,,2,39 53:55.356,1.0,0,75 10:16.784,3,0,0,0,67301,0,0,0,N,0,0,0,2,68K01,0,,2,1,,N,N,,1,,1,0,1,0,0,N,637,1,2,0,0,1,0,0,3,4,0,2,3,,N,,,,,,,,,,,
2009073029,1026.0,2,0,0,0,0,0,0,0,0,1,0,,67,7,2009,6,40.0055,-75.0752,1022.0,6,0,0,0,0,0,1,0,0,,0,0,0,10,1,2,0,,0,40 00:20.258,,0,75 04:30.272,3,0,0,0,67301,0,0,0,N,0,0,0,2,68K01,0,,2,1,,N,N,,0,,1,0,0,0,0,,1018,2,2,0,0,1,1,0,3,4,0,2,3,,N,,,,,,,,,,,
2009024398,638.0,2,0,0,0,0,0,0,0,0,5,0,,67,2,2009,1,39.9929,-75.0851,638.0,6,0,0,0,0,0,0,0,0,,0,0,0,6,1,1,0,,0,39 59:34.729,,0,75 05:06.031,4,0,0,0,67301,0,0,0,N,0,0,0,2,68K01,1,,1,1,,N,N,,0,,0,0,0,0,0,,638,1,2,0,0,0,0,0,3,4,0,2,3,,N,,,,,,,,,,,
2009058287,2340.0,1,0,0,0,0,0,0,0,0,1,0,,67,5,2009,1,39.8895,-75.2195,2330.0,6,0,0,0,0,0,0,0,0,1.0,0,0,0,23,3,1,0,,1,39 53:20.331,1.0,0,75 13:07.286,4,0,0,0,67301,0,0,0,N,0,0,0,3,68K01,1,,1,1,,N,N,,1,,0,0,0,0,0,N,2323,1,2,0,0,0,0,0,3,4,0,2,3,,N,,,,,,,,,,,
2009090125,1637.0,1,0,0,0,0,0,0,0,0,7,0,,67,8,2009,2,39.9577,-75.1484,1613.0,6,0,0,0,0,0,1,0,0,,0,0,0,16,1,0,0,,0,39 57:28.080,,0,75 08:56.040,0,0,0,0,67301,0,0,0,N,0,0,0,1,68K01,0,,2,1,,N,N,,0,,0,0,0,0,0,,1609,0,1,0,0,0,0,0,3,4,0,1,3,,N,,,,,,,,,,,
2009092935,105.0,1,0,0,0,0,0,0,0,0,4,0,,67,8,2009,7,40.0369,-75.1447,105.0,6,0,0,0,0,0,0,0,0,,0,0,0,0,3,2,0,,0,40 02:12.931,,7,75 08:40.766,4,0,0,0,67301,0,0,0,N,0,0,0,3,67301,2,,1,9,,N,N,,1,,0,0,0,3,3,,57,2,2,0,0,1,0,1,3,4,0,2,7,5.0,N,,,,,,,,,,,
2009092946,120.0,1,0,0,0,0,0,0,0,0,7,0,,67,2,2009,2,40.018,-75.097,118.0,6,0,0,0,0,0,0,0,0,,0,0,0,1,3,1,12,,0,40 01:06.130,,0,75 05:49.608,2,0,0,0,67301,0,0,0,N,0,0,0,1,67301,0,,5,1,,N,N,,0,,0,1,0,0,0,,116,1,1,0,0,0,0,0,3,4,0,1,3,,N,,,,,,,,,,,
2009069918,1841.0,1,0,0,0,0,0,0,0,0,8,0,,67,6,2009,6,40.0269,-75.1297,1836.0,6,0,0,0,0,0,0,0,0,,0,0,0,18,1,1,1,,0,40 01:36.840,,0,75 07:46.783,8,0,0,0,67301,1,0,0,N,1,0,0,2,67301,0,,1,1,,N,N,,0,,0,0,0,3,3,,1825,1,2,0,0,0,1,1,3,4,0,1,3,,N,,,,,,,,,,,
2009066920,2002.0,1,0,0,0,0,0,0,0,0,8,0,,67,6,2009,3,39.9256,-75.1566,1958.0,6,0,0,0,0,0,0,0,0,2.0,0,0,0,19,1,1,0,,2,39 55:32.167,3.0,0,75 09:23.691,4,0,0,0,67301,1,0,0,N,1,0,0,2,67301,1,,1,1,,N,N,,0,,0,0,0,0,0,Y,1955,1,2,0,0,0,0,0,3,4,0,1,3,,N,,,,,,,,,,,
2009067443,1415.0,0,0,0,0,0,0,0,0,0,8,0,,67,5,2009,2,40.0261,-75.0949,1353.0,6,0,0,0,0,0,0,0,0,3.0,1,0,0,13,1,0,0,,2,40 01:33.728,1.0,0,75 05:42.326,1,0,0,0,67301,1,1,0,N,1,1,0,2,67301,0,2.0,1,1,,N,N,,1,0.0,0,0,0,0,0,Y,1351,0,2,0,0,0,0,0,3,4,0,1,3,,N,,,,,,,,,,,
2009067127,1815.0,1,0,0,0,0,0,0,0,0,8,0,,67,5,2009,5,40.0711,-74.9887,1804.0,6,0,0,0,0,0,0,0,0,,0,0,0,17,1,1,0,,0,40 04:16.057,,0,74 59:19.230,8,0,0,0,67301,1,0,0,,1,0,0,2,67301,0,,1,1,,,,,0,,0,0,0,0,0,,1730,1,2,0,0,0,1,0,3,4,0,1,3,,N,,,,,,,,,,,
2009067550,157.0,1,0,0,0,0,0,0,0,0,5,0,,67,6,2009,1,39.9396,-75.1982,155.0,6,0,0,0,0,0,0,0,0,,0,0,0,1,3,0,1,,0,39 56:22.681,,0,75 11:53.378,0,0,0,0,67301,0,0,0,,0,0,0,3,67301,0,,1,1,,,,,0,,0,0,1,3,2,,153,0,2,0,0,2,0,0,3,4,0,2,3,,N,,,,,,,,,,,
2009064931,900.0,3,0,0,0,0,0,0,0,0,1,0,,67,4,2009,5,40.0419,-75.2008,846.0,6,0,0,0,0,0,0,0,0,,0,0,0,8,1,2,2,,0,40 02:30.567,,0,75 12:02.768,3,0,0,0,67301,0,0,0,N,0,0,0,3,67301,0,,1,1,,N,N,,0,,2,0,0,0,0,,846,2,3,0,0,0,0,0,3,4,0,3,3,,N,,,,,,,,,,,
2009065161,2006.0,2,0,0,0,0,0,0,0,0,4,0,,67,5,2009,2,39.9749,-75.1269,1954.0,6,0,0,1,0,0,0,0,0,,0,0,0,19,4,0,1,,0,39 58:29.618,,0,75 07:37.019,0,0,0,0,67301,0,0,0,N,0,0,0,4,67301,0,,1,1,,N,N,,0,,0,0,0,3,3,,1945,0,2,0,0,1,0,0,3,4,0,2,3,,N,,,,,,,,,,,
2009057242,1631.0,2,0,0,0,0,0,0,0,0,4,0,,67,4,2009,1,40.0334,-75.1312,1627.0,6,0,0,0,0,0,1,0,0,,0,0,0,16,1,1,1,,0,40 02:00.178,,7,75 07:52.165,4,0,0,0,67301,0,0,0,N,0,0,0,3,67301,1,,1,1,,N,N,,0,,0,0,0,3,2,,1627,1,2,0,0,0,0,0,3,4,0,2,3,,N,,,,,,,,,,,
2009065205,1902.0,2,0,0,0,0,0,0,0,0,1,0,,67,4,2009,3,39.9075,-75.1429,1902.0,6,0,0,0,0,0,1,0,0,1.0,0,0,0,19,1,0,0,,1,39 54:27.091,4.0,3,75 08:34.290,0,0,0,0,67301,0,0,0,N,0,0,0,2,67501,0,,1,1,,N,N,,0,,0,0,0,0,0,N,1902,0,2,0,0,0,0,0,3,4,0,2,3,,N,,,,,,,,,,,
2009111121,9999.0,1,0,0,0,0,0,0,0,0,2,0,,67,5,2009,6,39.9459,-75.214,57.0,6,0,0,0,0,0,1,0,0,,0,0,0,0,3,2,0,,0,39 56:45.416,,0,75 12:50.221,4,0,0,0,67301,0,0,0,N,0,0,0,2,67301,1,,2,9,,N,N,,0,,0,0,0,2,2,,50,2,2,0,0,1,1,0,3,4,1,2,3,,N,,,,,,,,,,,
2009120809,1445.0,0,0,0,0,0,0,0,0,0,7,0,,67,10,2009,7,40.0161,-75.2053,1435.0,6,0,0,0,0,0,0,0,0,,0,0,0,14,1,1,0,,0,40 00:58.085,,0,75 12:18.979,8,0,0,0,67301,0,0,0,N,0,0,0,1,67301,0,,5,9,,N,N,,1,,0,0,0,0,0,,1432,1,1,0,0,0,1,0,3,4,0,1,7,,N,,,,,,,,,,,
2009118913,1234.0,1,0,0,0,0,0,0,0,0,4,0,,67,10,2009,4,39.884,-75.2306,1227.0,6,0,0,0,0,0,0,0,0,,0,0,0,12,1,1,1,,0,39 53:02.245,,0,75 13:50.120,8,0,0,0,67301,0,0,0,,0,0,0,3,67301,0,,1,9,,,,,0,,0,0,1,0,0,,1227,1,2,0,0,0,1,0,3,4,0,2,7,,N,,,,,,,,,,,
2009121125,207.0,1,0,0,0,0,0,0,0,0,8,0,,67,10,2009,1,39.9776,-75.1313,158.0,6,0,0,0,0,0,0,0,0,,0,0,0,99,3,1,1,,0,39 58:39.389,,0,75 07:52.816,3,0,0,0,67301,1,0,0,N,1,0,0,2,67301,0,,1,9,,N,N,,0,,1,0,0,3,2,,9999,1,2,0,0,0,0,0,3,4,0,1,7,,N,,,,,,,,,,,
2009111612,1345.0,2,0,0,0,0,0,0,0,0,4,0,,67,10,2009,7,39.992,-75.1642,1340.0,6,0,0,0,0,0,1,0,0,,0,0,0,13,1,1,1,,0,39 59:31.171,,0,75 09:51.231,4,0,0,0,67301,0,0,0,N,0,0,0,4,67301,1,,1,1,,N,N,,0,,0,0,0,3,3,,1338,1,2,0,0,0,0,0,3,4,0,2,3,,N,,,,,,,,,,,
2009093571,7.0,2,0,0,0,0,0,0,0,0,1,0,,67,8,2009,5,40.0503,-75.1171,3.0,6,0,0,0,0,0,0,0,0,,0,0,0,23,3,1,0,,0,40 03:01.048,,0,75 07:01.532,4,0,0,0,67301,0,0,0,N,0,0,0,1,67301,1,,2,1,,N,N,,0,,0,0,0,0,0,,2322,1,2,0,0,0,0,0,3,4,0,2,3,,N,,,,,,,,,,,
2009054222,15.0,3,0,0,0,0,0,0,0,0,1,0,,67,4,2009,1,39.9294,-75.1602,14.0,6,0,0,0,0,0,0,0,0,,0,0,0,0,3,1,0,,0,39 55:45.876,,0,75 09:36.874,4,0,0,0,67301,0,0,0,,0,0,0,1,67301,1,,6,1,,N,N,,0,,0,0,1,0,0,,11,1,5,0,0,0,0,0,3,4,1,5,3,,N,,,,,,,,,,,
2009054306,1630.0,1,0,0,0,0,0,0,0,0,1,0,,67,4,2009,1,40.0653,-75.168,1622.0,6,0,0,0,0,0,0,1,0,,0,0,0,14,1,3,0,,0,40 03:55.172,,0,75 10:04.768,8,0,0,0,67301,0,0,0,N,0,0,0,5,67301,0,,1,1,,N,N,,0,,0,0,3,3,2,,1417,3,4,0,0,0,3,0,3,4,0,4,3,,N,,,,,,,,,,,
2009054323,2230.0,1,0,0,0,0,0,0,0,0,8,0,,67,5,2009,6,40.0609,-75.068,2225.0,6,0,0,0,0,0,0,0,0,,0,0,0,22,3,1,0,,0,40 03:39.250,,0,75 04:04.730,3,0,0,0,67301,1,0,0,,1,0,0,2,67301,0,,1,1,,N,N,,0,,1,0,0,3,2,,2225,1,2,0,0,0,0,0,3,4,0,1,3,,N,,,,,,,,,,,
2009054505,1635.0,0,0,0,0,0,0,0,0,0,8,0,,67,4,2009,5,39.9447,-75.1652,1630.0,6,0,0,0,0,0,0,0,0,,0,0,0,15,1,1,0,,0,39 56:40.896,,0,75 09:54.788,3,0,0,0,67301,1,0,0,,1,0,0,3,67301,0,,1,1,,N,N,,1,,1,0,0,0,0,,1505,1,2,0,0,0,0,0,3,4,0,1,3,,N,,,,,,,,,,,
2009086136,1240.0,1,0,0,0,0,0,0,0,0,4,0,,67,8,2009,6,39.9181,-75.1809,1210.0,6,0,0,0,0,0,1,0,0,1.0,0,0,0,12,1,1,1,,1,39 55:05.241,4.0,0,75 10:51.300,4,0,0,0,67301,0,0,0,,0,0,0,2,67301,1,,1,1,,,,,0,,0,0,1,3,2,Y,1200,1,2,0,0,0,0,0,3,4,0,2,3,,N,,,,,,,,,,,
2009086234,156.0,3,0,0,0,0,0,0,0,0,2,0,,67,8,2009,7,40.0427,-75.0824,155.0,6,0,0,0,0,0,0,0,0,1.0,0,0,0,1,3,0,0,,1,40 02:33.756,1.0,0,75 04:56.695,9,0,0,0,67301,0,0,0,,0,0,0,1,67301,0,,1,1,,,,,0,,0,0,0,0,0,Y,154,0,3,0,0,0,0,1,3,4,0,3,3,,N,,,,,,,,,,,
2009086261,1700.0,1,0,0,1,0,0,0,0,0,5,0,,67,8,2009,2,40.0308,-75.1443,1653.0,6,0,0,0,0,0,0,0,0,,0,0,0,16,1,1,2,,0,40 01:50.833,,0,75 08:39.490,4,0,0,0,67301,1,0,0,N,0,0,0,2,67301,1,,1,1,,N,N,,0,,0,0,0,0,0,,1640,1,2,0,0,1,0,0,3,4,0,1,3,,N,,,,,,,,,,,
2009083647,1520.0,0,0,0,0,0,0,0,0,0,4,0,,67,7,2009,6,39.9474,-75.2204,1500.0,6,0,0,0,0,0,0,0,0,,0,0,0,14,1,4,1,,0,39 56:50.773,,0,75 13:13.519,8,0,0,0,67301,0,0,0,N,0,0,0,5,67301,0,,1,1,,N,N,,0,,0,0,1,3,3,,1415,4,2,0,0,0,4,0,3,4,1,2,3,,N,,,,,,,,,,,
2009076232,1503.0,2,0,0,0,0,0,0,0,0,4,0,,67,7,2009,5,40.0618,-75.1367,1503.0,6,0,0,0,0,0,0,0,0,1.0,0,0,0,15,1,1,2,,1,40 03:42.555,2.0,0,75 08:12.058,4,0,0,0,67301,0,0,0,N,0,0,0,2,46102,1,,1,1,,N,N,,0,,0,0,0,3,2,N,1503,1,2,0,0,0,0,0,3,4,0,2,3,,N,,,,,,,,,,,
2009068504,1645.0,1,0,0,0,0,0,0,0,0,8,0,,67,6,2009,1,39.9644,-75.2301,1640.0,6,0,0,0,0,0,0,0,0,,0,0,0,16,1,1,0,,0,39 57:51.992,,0,75 13:48.453,4,0,0,0,67301,1,0,0,N,1,0,0,2,67301,1,,1,1,,N,N,,0,,0,0,0,0,0,,1635,1,2,0,0,0,0,0,3,4,0,1,3,,N,,,,,,,,,,,
2009063489,908.0,2,0,0,0,0,0,0,0,0,1,0,,67,5,2009,4,39.9569,-75.1445,908.0,6,0,0,0,0,0,0,0,0,,0,0,0,8,1,1,0,,0,39 57:27.000,,0,75 08:50.640,3,0,0,0,67301,0,0,0,N,0,0,0,2,68K01,0,,1,1,,N,N,,0,,1,0,0,0,0,,850,1,2,0,0,0,0,0,3,4,0,2,3,,N,,,,,,,,,,,
2009066062,0.0,0,0,0,0,0,0,1,0,0,7,1,,67,2,2009,6,40.0153,-75.0831,0.0,6,0,0,0,0,0,1,0,0,,0,0,0,99,1,0,2,,0,40 00:54.990,,0,75 04:59.087,0,0,0,0,67301,0,0,0,N,0,0,0,1,00000,0,,4,1,,N,N,,0,,0,0,0,9,9,,9999,0,1,0,0,0,0,0,3,4,0,1,3,,N,,,,,,,,,,,