CRN,ARRIVAL_TM,AUTOMOBILE_COUNT,BELTED_DEATH_COUNT,BELTED_SUSP_SERIOUS_INJ_COUNT,BICYCLE_COUNT,BICYCLE_DEATH_COUNT,BICYCLE_SUSP_SERIOUS_INJ_COUNT,BUS_COUNT,CHLDPAS_DEATH_COUNT,CHLDPAS_SUSP_SERIOUS_INJ_COUNT,COLLISION_TYPE,COMM_VEH_COUNT,CONS_ZONE_SPD_LIM,COUNTY,CRASH_MONTH,CRASH_YEAR,DAY_OF_WEEK,DEC_LAT,DEC_LONG,DISPATCH_TM,DISTRICT,DRIVER_COUNT_16YR,DRIVER_COUNT_17YR,DRIVER_COUNT_18YR,DRIVER_COUNT_19YR,DRIVER_COUNT_20YR,DRIVER_COUNT_50_64YR,DRIVER_COUNT_65_74YR,DRIVER_COUNT_75PLUS,EST_HRS_CLOSED,FATAL_COUNT,HEAVY_TRUCK_COUNT,HORSE_BUGGY_COUNT,HOUR_OF_DAY,ILLUMINATION,INJURY_COUNT,INTERSECT_TYPE,INTERSECTION_RELATED,LANE_CLOSED,LATITUDE,LN_CLOSE_DIR,LOCATION_TYPE,LONGITUDE,MAX_SEVERITY_LEVEL,MCYCLE_DEATH_COUNT,MCYCLE_SUSP_SERIOUS_INJ_COUNT,MOTORCYCLE_COUNT,MUNICIPALITY,NONMOTR_COUNT,NONMOTR_DEATH_COUNT,NONMOTR_SUSP_SERIOUS_INJ_COUNT,NTFY_HIWY_MAINT,PED_COUNT,PED_DEATH_COUNT,PED_SUSP_SERIOUS_INJ_COUNT,PERSON_COUNT,POLICE_AGCY,POSSIBLE_INJ_COUNT,RDWY_SURF_TYPE_CD,RELATION_TO_ROAD,ROAD_CONDITION,ROADWAY_CLEARED,SCH_BUS_IND,SCH_ZONE_IND,SECONDARY_CRASH,SMALL_TRUCK_COUNT,SPEC_JURIS_CD,SUSP_MINOR_INJ_COUNT,SUSP_SERIOUS_INJ_COUNT,SUV_COUNT,TCD_FUNC_CD,TCD_TYPE,TFC_DETOUR_IND,TIME_OF_DAY,TOT_INJ_COUNT,TOTAL_UNITS,UNB_DEATH_COUNT,UNB_SUSP_SERIOUS_INJ_COUNT,UNBELTED_OCC_COUNT,UNK_INJ_DEG_COUNT,UNK_INJ_PER_COUNT,URBAN_AREA,URBAN_RURAL,VAN_COUNT,VEHICLE_COUNT,WEATHER1,WEATHER2,WORK_ZONE_IND,WORK_ZONE_LOC,WORK_ZONE_TYPE,WORKERS_PRES,WZ_CLOSE_DETOUR,WZ_FLAGGER,WZ_LAW_OFFCR_IND,WZ_LN_CLOSURE,WZ_MOVING,WZ_OTHER,WZ_SHLDER_MDN,WZ_WORKERS_INJ_KILLED
2010003224,1815.0,0,0,0,0,0,0,0,0,0,8,0,,67,12,2009,7,40.0126,-75.0732,1812.0,6,0,0,0,0,0,0,0,0,,0,0,0,18,3,1,1,,0,40 00:45.131,,0,75 04:23.853,4,0,0,0,67301,1,0,0,,1,0,0,2,67301,1,,1,9,,N,N,,0,,0,0,0,3,2,,1806,1,2,0,0,0,0,0,3,4,1,1,10,,N,,,,,,,,,,,
2009064986,805.0,1,0,0,0,0,0,0,0,0,4,0,,67,5,2009,2,40.0274,-75.1251,802.0,6,0,0,0,0,1,1,0,0,,0,0,0,6,1,1,1,,0,40 01:38.690,,0,75 07:30.352,4,0,0,0,67301,0,0,0,N,0,0,0,2,67301,1,,1,1,,N,N,,0,,0,0,0,9,9,,650,1,2,0,0,0,0,0,3,4,1,2,3,,N,,,,,,,,,,,
2009065147,1021.0,0,0,0,1,0,0,0,0,0,4,0,,67,5,2009,5,39.9253,-75.1577,1015.0,6,0,0,0,0,0,1,0,0,,0,0,0,10,1,1,1,,0,39 55:31.162,,0,75 09:27.611,8,0,0,0,67301,1,0,0,N,0,0,0,2,67301,0,,1,1,,N,Y,,1,,0,0,0,3,3,,1008,1,2,0,0,1,1,0,3,4,0,1,3,,N,,,,,,,,,,,
2009057255,1630.0,2,0,0,0,0,0,0,0,0,4,0,,67,5,2009,4,39.9118,-75.2421,1624.0,6,0,0,0,0,1,1,0,0,,0,0,0,16,1,2,1,,0,39 54:42.534,,0,75 14:31.646,8,0,0,0,67301,0,0,0,N,0,0,0,5,67301,0,,1,1,,N,N,,0,,0,0,0,3,3,,1624,2,2,0,0,4,2,0,3,4,0,2,3,,N,,,,,,,,,,,
2009057256,126.0,2,0,0,0,0,0,0,0,0,4,0,,67,5,2009,1,40.0161,-75.1308,120.0,6,0,0,0,1,0,1,0,0,,0,0,0,1,3,4,1,,0,40 00:57.967,,0,75 07:50.861,4,0,0,0,67301,0,0,0,,0,0,0,5,67301,4,,1,9,,,,,0,,0,0,0,3,3,,120,4,2,0,0,0,0,0,3,4,0,2,7,,N,,,,,,,,,,,
2009111126,1848.0,1,0,0,0,0,0,0,0,0,9,0,,67,9,2009,1,39.9891,-75.2225,1834.0,6,0,0,1,0,0,0,0,0,,0,0,0,18,1,2,2,,0,39 59:20.810,,0,75 13:21.014,4,0,0,0,67301,0,0,0,N,0,0,0,3,67301,2,,1,9,,N,N,,0,,0,0,0,0,0,,1830,2,1,0,0,0,0,0,3,4,0,1,7,,N,,,,,,,,,,,
2009118841,925.0,2,0,0,0,0,0,0,0,0,1,0,,67,11,2009,3,40.0548,-75.1988,923.0,6,0,0,0,0,0,1,0,0,,0,0,0,9,1,1,0,,0,40 03:17.284,,0,75 11:55.637,8,0,0,0,67301,0,0,0,N,0,0,0,3,67301,0,,1,1,,N,N,,0,,0,0,0,0,0,,920,1,2,0,0,0,1,1,3,4,0,2,3,,N,,,,,,,,,,,
2009118892,1112.0,2,0,0,0,0,0,0,0,0,4,0,,67,10,2009,4,39.9358,-75.1705,1104.0,6,0,0,0,0,0,1,0,0,,0,0,0,10,1,1,2,,0,39 56:08.815,,0,75 10:13.936,4,0,0,0,67301,0,0,0,,0,0,0,2,67301,1,,1,9,,,,,0,,0,0,0,3,3,,1054,1,2,0,0,2,0,0,3,4,0,2,7,,N,,,,,,,,,,,
2009118911,1234.0,1,0,0,0,0,0,0,0,0,8,0,,67,10,2009,4,39.9275,-75.2317,1233.0,6,0,0,0,0,0,0,0,1,,0,0,0,12,1,1,1,,0,39 55:38.874,,0,75 13:54.199,3,0,0,0,67301,1,0,0,N,1,0,0,2,67301,0,,1,9,,N,N,,0,,1,0,0,3,2,,1229,1,2,0,0,0,0,0,3,4,0,1,7,,N,,,,,,,,,,,
2009106189,1634.0,1,0,0,1,0,0,0,0,0,4,0,,67,9,2009,2,40.0139,-75.126,1630.0,6,0,0,0,0,0,0,0,0,,0,0,0,16,1,1,1,,0,40 00:49.975,,0,75 07:33.617,4,0,0,0,67301,1,0,0,N,0,0,0,2,67301,1,,1,1,,N,N,,0,,0,0,0,3,2,,1615,1,2,0,0,0,0,0,3,4,0,1,3,,N,,,,,,,,,,,
2009106203,850.0,1,0,0,0,0,0,0,0,0,8,0,,67,10,2009,5,39.968,-75.1603,835.0,6,0,0,0,0,0,0,0,0,,0,0,0,8,1,2,0,,0,39 58:04.748,,0,75 09:36.935,4,0,0,0,67301,2,0,0,,2,0,0,3,67301,2,,1,9,,N,,,0,,0,0,0,0,0,,830,2,3,0,0,0,0,0,3,4,0,1,3,,N,,,,,,,,,,,
2009120833,1755.0,1,0,0,0,0,0,0,0,0,6,0,,67,10,2009,7,39.9335,-75.2395,1752.0,6,0,0,0,0,0,1,0,0,3.0,0,0,0,17,3,1,0,,2,39 56:00.740,5.0,0,75 14:22.046,3,0,0,0,67301,0,0,0,,0,0,0,2,67301,0,,1,9,,N,N,,0,,1,0,0,0,0,Y,1752,1,2,0,0,0,0,0,3,4,1,2,7,,N,,,,,,,,,,,
2009118984,1928.0,2,0,0,0,0,0,0,0,0,1,0,,67,10,2009,3,39.9258,-75.2283,1928.0,6,0,0,0,0,0,0,0,0,,0,0,0,19,3,1,0,,0,39 55:32.990,,0,75 13:41.971,8,0,0,0,67301,0,0,0,N,0,0,0,5,67301,0,,1,1,,N,Y,,0,,0,0,0,3,2,,1920,1,2,0,0,0,1,0,3,4,0,2,3,,N,,,,,,,,,,,
2009106220,1002.0,0,0,0,1,0,0,0,0,0,6,0,,67,10,2009,2,39.9309,-75.1716,1000.0,6,0,0,0,0,0,0,1,0,,0,0,0,9,1,1,2,,0,39 55:51.236,,0,75 10:17.691,4,0,0,0,67301,1,0,0,N,0,0,0,2,67301,1,,1,1,,N,N,,0,,0,0,1,3,3,,952,1,2,0,0,0,0,0,3,4,0,1,3,,N,,,,,,,,,,,
2009128745,12.0,2,0,0,0,0,0,0,0,0,1,1,,67,12,2009,6,39.9557,-75.1808,5.0,6,0,0,0,0,0,0,0,0,2.0,0,1,0,0,3,2,0,,2,39 57:26.043,3.0,0,75 10:49.374,4,0,0,0,67301,0,0,0,N,0,0,0,6,68K03,2,,1,1,,N,N,,0,,0,0,1,0,0,N,1,2,4,0,0,0,0,0,3,4,0,4,3,,N,,,,,,,,,,,
2009121116,849.0,2,0,0,0,0,0,0,0,0,4,0,,67,10,2009,4,39.9428,-75.1739,846.0,6,0,0,0,0,0,0,1,0,1.0,0,0,0,8,1,1,1,,2,39 56:34.069,2.0,0,75 10:25.946,8,0,0,0,67301,0,0,0,N,0,0,0,2,67301,0,,1,9,,N,N,,0,,0,0,0,3,3,Y,832,1,2,0,0,0,1,0,3,4,0,2,7,,N,,,,,,,,,,,
2009093559,1341.0,2,0,0,0,0,0,0,0,0,4,0,,67,8,2009,6,40.0465,-75.0901,1340.0,6,0,0,0,0,0,1,0,0,,0,0,0,13,1,1,1,,0,40 02:47.384,,0,75 05:24.289,8,0,0,0,67301,0,0,0,N,0,0,0,2,67301,0,,1,1,,N,N,,0,,0,0,0,3,3,,1340,1,2,0,0,0,1,0,3,4,0,2,3,,N,,,,,,,,,,,
2009054221,237.0,1,0,0,0,0,0,0,0,0,4,0,,67,5,2009,6,40.0347,-75.0894,234.0,6,0,0,0,0,0,0,0,0,,0,0,0,99,3,0,1,,0,40 02:04.902,,0,75 05:21.843,9,0,0,0,67301,0,0,0,N,0,0,0,1,67301,0,,1,1,,N,N,,0,,0,0,0,3,2,,9999,0,2,0,0,0,0,1,3,4,1,2,3,,N,,,,,,,,,,,
2009054446,1510.0,2,0,0,0,0,0,0,0,0,1,0,,67,4,2009,5,40.0176,-75.1727,1447.0,6,0,0,0,0,0,0,0,0,1.0,0,0,0,14,1,1,0,,1,40 01:03.479,2.0,0,75 10:21.590,4,0,0,0,67301,0,0,0,N,0,0,0,2,67301,1,,1,1,,N,N,,0,,0,0,0,0,0,N,1440,1,2,0,0,0,0,0,3,4,0,2,3,,N,,,,,,,,,,,
2009054447,2144.0,0,0,0,1,0,0,0,0,0,4,0,,67,4,2009,1,40.0105,-75.1418,2140.0,6,0,0,0,0,0,0,0,0,,0,0,0,20,6,1,0,,0,40 00:37.638,,0,75 08:30.321,8,0,0,0,67301,1,0,0,N,0,0,0,2,67301,0,,1,1,,N,N,,0,,0,0,1,0,0,,2000,1,2,0,0,0,1,0,3,4,0,1,3,,N,,,,,,,,,,,
2009094007,2340.0,1,0,0,0,0,0,0,0,0,1,0,,67,9,2009,1,40.0501,-75.1169,2335.0,6,0,0,0,1,0,0,0,0,1.0,0,0,0,23,3,0,0,,2,40 03:00.456,4.0,0,75 07:00.504,0,0,0,0,67301,0,0,0,N,0,0,0,2,46102,0,,1,1,,N,N,,0,,0,0,0,0,0,N,2335,0,2,0,0,0,0,0,3,4,1,2,3,,N,,,,,,,,,,,
2009094101,1201.0,2,0,0,0,0,0,0,0,0,4,0,,67,9,2009,3,39.994,-75.0957,1200.0,6,0,0,0,0,0,1,0,0,,0,0,0,11,1,2,0,,0,39 59:38.394,,7,75 05:44.665,3,0,0,0,67301,0,0,0,N,0,0,0,2,67301,1,,5,1,,N,N,,0,,1,0,0,3,4,,1150,2,2,0,0,0,0,0,3,4,0,2,3,,N,,,,,,,,,,,
2009086153,840.0,1,0,0,0,0,0,0,0,0,8,0,,67,7,2009,2,39.933,-75.1678,835.0,6,0,0,0,0,0,0,0,0,,0,0,0,8,1,1,1,,0,39 55:58.479,,0,75 10:04.383,4,0,0,0,67301,1,0,0,,1,0,0,2,67301,1,,1,1,,,,,0,,0,0,0,3,2,,830,1,2,0,0,0,0,0,3,4,0,1,3,,N,,,,,,,,,,,
2009086207,2056.0,2,0,0,0,0,0,0,0,0,5,0,,67,7,2009,6,40.0624,-75.1771,2056.0,6,0,0,0,0,0,0,0,0,,0,0,0,19,2,0,0,,0,40 03:44.715,,0,75 10:37.729,0,0,0,0,67301,1,0,0,N,0,0,0,2,67301,0,,6,9,,N,N,,0,,0,0,0,3,3,,1924,0,2,0,0,0,0,0,3,4,0,2,7,,N,,,,,,,,,,,
2009086276,1225.0,1,0,0,0,0,0,0,0,0,1,0,,67,7,2009,2,39.9967,-75.1155,1220.0,6,0,0,0,0,0,0,0,0,9.0,0,0,0,12,1,2,1,,1,39 59:48.448,4.0,0,75 06:55.546,8,0,0,0,67301,0,0,0,N,0,0,0,3,67301,0,,1,1,,N,N,,0,,0,0,0,3,2,N,1220,2,2,0,0,1,2,0,3,4,1,2,3,,N,,,,,,,,,,,
2009068486,1114.0,1,0,0,0,0,0,0,0,0,1,0,,67,6,2009,4,40.1142,-74.9883,1111.0,6,0,0,0,0,0,0,1,0,1.0,0,0,0,11,1,0,0,,1,40 06:51.299,2.0,0,74 59:17.705,0,0,0,0,67301,0,0,0,N,0,0,0,5,37301,0,,1,1,,N,N,,0,,0,0,1,0,0,N,1110,0,3,0,0,0,0,0,3,4,1,3,3,,N,,,,,,,,,,,
2009068520,807.0,1,0,0,0,0,0,0,0,0,1,0,,67,5,2009,6,40.0945,-75.015,800.0,6,0,0,0,0,0,0,0,0,1.0,0,0,0,8,1,1,1,,1,40 05:40.394,1.0,0,75 00:54.109,8,0,0,0,67301,0,0,0,N,0,0,0,2,67301,0,,1,1,,N,N,,0,,0,0,1,3,2,N,800,1,2,0,0,0,1,0,3,4,0,2,3,,N,,,,,,,,,,,
2009068523,2347.0,2,0,0,0,0,0,0,0,0,1,0,,67,6,2009,5,39.9641,-75.1843,2346.0,6,0,0,0,0,0,0,0,0,,0,0,0,23,3,1,2,,0,39 57:50.718,,0,75 11:03.960,3,0,0,0,67301,0,0,0,N,0,0,0,3,67301,0,,1,9,,N,N,,0,,1,0,0,3,2,,2325,1,2,0,0,0,0,1,3,4,0,2,7,,N,,,,,,,,,,,
2010002963,2135.0,1,0,0,0,0,0,0,0,0,8,0,,67,12,2009,3,40.0405,-75.1255,2125.0,6,0,0,0,0,0,0,0,0,,0,0,0,19,3,1,0,,0,40 02:25.962,,0,75 07:31.789,4,0,0,0,67301,1,0,0,N,1,0,0,2,67301,1,,1,1,,N,N,,0,,0,0,0,0,0,,1935,1,2,0,0,0,0,1,3,4,0,1,3,,N,,,,,,,,,,,
2010003015,232.0,2,0,0,0,0,0,0,0,0,4,0,,67,11,2009,7,39.9184,-75.209,232.0,6,0,0,0,0,0,0,0,0,,0,0,0,2,3,3,0,,0,39 55:06.406,,7,75 12:32.463,4,0,0,0,67301,0,0,0,N,0,0,0,4,67301,3,,1,1,,N,N,,0,,0,0,0,0,0,,225,3,2,0,0,0,0,0,3,4,0,2,3,,N,,,,,,,,,,,
2010003092,2215.0,0,0,0,0,0,0,0,0,0,4,0,,67,11,2009,6,40.0394,-75.0774,2215.0,6,0,0,0,0,0,0,0,0,,0,0,0,22,3,0,1,,0,40 02:22.048,,0,75 04:38.765,0,0,0,0,67301,0,0,0,,0,0,0,2,67301,0,,1,1,,N,,,0,,0,0,2,3,2,,2200,0,2,0,0,0,0,0,3,4,0,2,3,,N,,,,,,,,,,,
2010005939,1840.0,4,0,0,0,0,0,0,0,0,4,0,,67,11,2009,7,39.9828,-75.1422,1839.0,6,0,0,0,0,0,0,0,0,2.0,0,0,0,18,3,0,1,,2,39 58:58.242,1.0,0,75 08:31.963,0,0,0,0,67301,0,0,0,,0,0,0,1,67301,0,,1,1,,,,,0,,0,0,0,0,0,Y,1839,0,4,0,0,1,0,0,3,4,0,4,3,,N,,,,,,,,,,,
2010003218,1656.0,2,0,0,0,0,0,0,0,0,2,0,,67,11,2009,1,39.9959,-75.0921,1655.0,6,0,0,0,0,0,0,0,0,,0,0,0,16,3,3,1,,0,39 59:45.293,,0,75 05:31.432,8,0,0,0,67301,0,0,0,N,0,0,0,3,67301,0,,1,1,,N,N,,0,,0,0,0,3,2,,1654,3,2,0,0,1,3,0,3,4,0,2,3,,N,,,,,,,,,,,
2010005897,815.0,0,0,0,0,0,0,1,0,0,8,1,,67,12,2009,5,39.9744,-75.2017,810.0,6,0,0,0,0,0,0,0,0,,0,0,0,8,1,1,2,,0,39 58:27.673,,0,75 12:06.241,4,0,0,0,67301,1,0,0,N,1,0,0,17,67301,1,,1,1,,Y,N,,0,,0,0,0,3,2,,808,1,2,0,0,0,0,0,3,4,0,1,3,,N,,,,,,,,,,,
2010006259,1633.0,2,0,0,0,0,0,0,0,0,1,0,,67,12,2009,7,39.9338,-75.1942,1628.0,6,0,0,0,0,0,0,0,0,,0,0,0,99,1,1,0,,0,39 56:01.711,,0,75 11:39.126,8,0,0,0,67301,0,0,0,N,0,0,0,4,67301,0,,1,1,,N,N,,0,,0,0,0,0,0,,9999,1,2,0,0,0,1,0,3,4,0,2,3,,N,,,,,,,,,,,
2010006286,1605.0,1,0,0,0,0,0,0,0,0,8,0,,67,12,2009,3,39.9463,-75.1595,1556.0,6,0,0,0,0,0,0,0,0,9.0,0,0,0,15,1,1,1,,2,39 56:46.716,4.0,0,75 09:34.207,8,0,0,0,67301,1,0,0,,1,0,0,2,67301,0,,1,1,,,,,0,,0,0,0,3,2,Y,1555,1,2,0,0,0,1,0,3,4,0,1,3,,N,,,,,,,,,,,
2010010153,0.0,2,0,0,0,0,0,0,0,0,1,0,,67,12,2009,4,40.0596,-75.0846,0.0,6,0,0,0,0,0,0,0,0,,0,0,0,16,4,0,0,,0,40 03:34.194,,0,75 05:04.557,0,0,0,0,67301,0,0,0,,0,0,0,2,00000,0,,1,98,,,,,0,,0,0,0,3,2,,1645,0,2,0,0,0,0,0,3,4,0,2,99,,N,,,,,,,,,,,
2010004865,957.0,1,0,0,0,0,0,0,0,0,1,0,,67,12,2009,4,39.9874,-75.2081,947.0,6,0,0,0,0,0,0,0,0,,0,0,0,9,1,2,0,,0,39 59:15.720,,2,75 12:28.440,4,0,0,0,67301,0,0,0,N,0,0,0,3,68K01,2,,1,1,,N,N,,1,,0,0,0,0,0,,943,2,2,0,0,0,0,0,3,4,0,2,3,,N,,,,,,,,,,,
2010011066,1740.0,1,0,0,0,0,0,0,0,0,8,0,,67,12,2009,4,40.125,-75.0241,1720.0,6,0,0,0,0,0,0,0,0,,0,0,0,17,3,1,2,,0,40 07:29.823,,0,75 01:26.860,4,0,0,0,67301,1,0,0,,1,0,0,2,67301,1,,1,1,,N,N,,0,,0,0,0,0,0,,1720,1,2,0,0,1,0,0,3,4,0,1,3,,N,,,,,,,,,,,
2010017125,1140.0,1,0,0,0,0,0,0,0,0,1,0,,67,12,2009,5,39.9563,-75.183,1140.0,6,0,0,0,0,0,1,0,0,,0,0,0,11,1,1,6,,0,39 57:24.766,,2,75 10:51.737,8,0,0,0,67301,0,0,0,N,0,0,0,2,67301,0,,7,9,,N,N,,0,,0,0,0,3,2,,1114,1,2,0,0,0,1,0,3,4,1,2,7,,N,,,,,,,,,,,
2010011439,117.0,2,0,0,0,0,0,0,0,0,4,0,,67,12,2009,3,40.0429,-75.1722,117.0,6,0,0,0,0,0,0,0,0,3.0,0,0,0,1,3,3,1,,2,40 02:34.512,7.0,0,75 10:19.919,3,0,0,0,67301,0,0,0,N,0,0,0,3,67301,0,,1,9,,N,N,,0,,1,0,0,2,2,Y,117,3,2,0,0,0,2,0,3,4,0,2,7,,N,,,,,,,,,,,
2010017134,1545.0,2,0,0,0,0,0,0,0,0,6,0,,67,12,2009,5,40.1223,-75.0034,1541.0,6,0,0,0,0,0,0,0,1,,0,0,0,15,1,2,2,,0,40 07:20.168,,0,75 00:12.182,4,0,0,0,67301,0,0,0,N,0,0,0,2,67301,2,,1,1,,N,N,,0,,0,0,0,3,3,,1530,2,2,0,0,0,0,0,3,4,0,2,3,,N,,,,,,,,,,,
2010018879,845.0,0,0,0,0,0,0,0,0,0,4,0,,67,12,2009,3,40.093,-75.0165,840.0,6,0,0,0,0,0,0,0,0,1.0,0,0,0,8,1,1,0,,1,40 05:34.801,1.0,6,75 00:59.506,4,0,0,0,67301,0,0,0,N,0,0,0,2,67301,1,,1,9,,N,N,,0,,0,0,2,0,0,N,840,1,2,0,0,0,0,0,3,4,0,2,3,,N,,,,,,,,,,,
2010005630,1718.0,1,0,0,0,0,0,0,0,0,1,0,,67,12,2009,6,40.0487,-75.0869,1712.0,6,0,0,0,0,0,0,1,0,,0,0,0,17,3,2,0,,0,40 02:55.288,,0,75 05:12.925,4,0,0,0,67301,0,0,0,N,0,0,0,2,67301,2,,1,1,,N,N,,0,,0,0,1,0,0,,1710,2,2,0,0,1,0,0,3,4,0,2,3,,N,,,,,,,,,,,
2010005638,1153.0,1,0,0,0,0,0,0,0,0,1,0,,67,12,2009,2,40.043,-75.1836,1145.0,6,0,0,0,0,0,2,0,0,,0,0,0,11,1,1,1,,0,40 02:34.803,,0,75 11:00.805,4,0,0,0,67301,0,0,0,Y,0,0,0,2,67301,1,,5,1,,N,N,,1,,0,0,0,3,3,,1138,1,2,0,0,0,0,0,3,4,0,2,3,,N,,,,,,,,,,,
2009070074,835.0,1,0,0,0,0,0,0,0,0,8,0,,67,6,2009,5,39.9046,-75.2387,825.0,6,0,0,0,0,0,0,0,0,,0,0,0,7,1,1,1,,0,39 54:16.588,,0,75 14:19.147,3,0,0,0,67301,1,0,0,,1,0,0,2,67301,0,,1,9,,,,,0,,1,0,0,0,0,,745,1,2,0,0,0,0,0,3,4,0,1,7,,N,,,,,,,,,,,
2009058106,1315.0,1,0,0,0,0,0,0,0,0,1,0,,67,5,2009,7,39.9693,-75.192,1255.0,6,0,0,0,0,1,1,0,0,1.0,0,0,0,12,1,1,0,,1,39 58:15.340,4.0,0,75 11:35.006,4,0,0,0,67301,0,0,0,N,0,0,0,5,68K01,1,,1,1,,N,N,,1,,0,0,0,0,0,N,1248,1,2,0,0,0,0,0,3,4,0,2,3,,N,,,,,,,,,,,
2009092581,1315.0,1,0,0,0,0,0,0,0,0,1,1,,67,8,2009,2,39.9682,-75.1907,1301.0,6,0,0,0,0,0,0,0,0,1.0,0,1,0,12,1,0,0,,1,39 58:10.845,4.0,0,75 11:32.409,9,0,0,0,67301,0,0,0,N,0,0,0,2,68K01,0,,1,1,,N,N,,0,,0,0,0,0,0,N,1258,0,2,0,0,0,0,1,3,4,0,2,3,,N,,,,,,,,,,,
2009092925,2008.0,1,0,0,0,0,0,0,0,0,8,0,,67,7,2009,7,39.9711,-75.1881,2005.0,6,0,0,0,0,0,0,0,0,,0,0,0,20,1,1,0,,0,39 58:15.836,,0,75 11:17.221,8,0,0,0,67301,1,0,0,N,1,0,0,3,67301,0,,1,1,,N,N,,0,,0,0,0,0,0,,2005,1,2,0,0,0,1,0,3,4,0,1,3,,N,,,,,,,,,,,
2009069678,2359.0,2,0,0,0,0,0,0,0,0,1,0,,67,6,2009,4,40.0072,-75.1234,2359.0,6,0,0,0,0,0,0,0,0,2.0,0,0,0,23,3,2,1,,1,40 00:25.981,3.0,0,75 07:24.378,8,0,0,0,67301,0,0,0,,0,0,0,2,67301,0,,1,1,,,,,0,,0,0,0,3,2,N,2345,2,2,0,0,0,2,0,3,4,0,2,3,,N,,,,,,,,,,,
2009067051,327.0,5,0,0,0,0,0,0,0,0,4,0,,67,4,2009,3,39.9306,-75.15,325.0,6,0,0,0,0,0,0,0,0,,0,0,0,99,3,0,1,,0,39 55:50.055,,0,75 08:59.945,0,0,0,0,67301,0,0,0,,0,0,0,4,67301,0,,1,9,,,,,0,,0,0,0,3,2,,9999,0,5,0,0,0,0,0,3,4,0,5,7,,N,,,,,,,,,,,
2009067011,2225.0,2,0,0,0,0,0,0,0,0,4,0,,67,6,2009,6,39.9289,-75.1504,2223.0,6,0,0,0,0,0,0,0,0,,0,0,0,22,3,3,1,,0,39 55:44.022,,0,75 09:01.508,8,0,0,0,67301,0,0,0,,0,0,0,3,67301,0,,1,9,,,,,1,,0,0,0,3,3,,2223,3,3,0,0,0,3,0,3,4,0,3,3,,N,,,,,,,,,,,
2009067483,104.0,1,0,0,0,0,0,0,0,0,8,0,,67,5,2009,7,40.022,-75.1378,104.0,6,0,0,0,0,0,0,0,0,2.0,0,0,0,1,3,1,0,,2,40 01:19.754,3.0,0,75 08:15.001,4,0,0,0,67301,1,0,0,,1,0,0,4,67301,1,,1,1,,,,,0,,0,0,0,9,2,N,104,1,2,0,0,0,0,0,3,4,0,1,3,,N,,,,,,,,,,,
2009067516,1302.0,1,0,0,1,0,0,0,0,0,4,0,,67,6,2009,3,39.9505,-75.1489,1300.0,6,0,0,0,0,0,1,0,0,1.0,0,0,0,12,1,1,5,,1,39 57:01.895,1.0,0,75 08:56.077,4,0,0,0,67301,1,0,0,N,0,0,0,2,67301,1,,1,1,,N,N,,0,,0,0,0,3,2,N,1245,1,2,0,0,0,0,0,3,4,0,1,3,,N,,,,,,,,,,,
2009067551,730.0,2,0,0,0,0,0,0,0,0,4,0,,67,5,2009,3,39.9577,-75.1742,725.0,6,0,0,0,0,0,0,0,0,,0,0,0,7,1,0,1,,0,39 57:27.565,,0,75 10:27.159,9,0,0,0,67301,0,0,0,N,0,0,0,2,67301,0,,1,1,,N,N,,0,,0,0,0,3,2,,715,0,2,0,0,0,0,2,3,4,0,2,3,,N,,,,,,,,,,,
2009064889,215.0,2,0,0,0,0,0,0,0,0,4,0,,67,5,2009,1,40.0438,-75.1763,210.0,6,0,0,0,0,0,0,0,0,,0,0,0,2,3,3,2,,0,40 02:37.654,,0,75 10:34.715,4,0,0,0,67301,0,0,0,N,0,0,0,5,67301,3,,1,1,,N,N,,0,,0,0,0,0,0,,200,3,2,0,0,0,0,1,3,4,0,2,3,,N,,,,,,,,,,,
2009067597,1702.0,0,0,0,0,0,0,0,0,0,0,0,,67,5,2009,5,39.9853,-75.1362,1700.0,6,0,0,0,0,0,0,0,0,1.0,0,0,0,17,1,1,1,,1,39 59:07.167,2.0,0,75 08:10.190,3,0,0,1,67301,0,0,0,N,0,0,0,1,67301,0,,1,1,,N,N,,0,,1,0,0,3,2,N,1700,1,1,0,0,0,0,0,3,4,0,1,3,,N,,,,,,,,,,,
2009059724,428.0,1,0,0,0,0,0,0,0,0,7,0,,67,5,2009,2,40.0128,-75.2047,424.0,6,0,0,0,0,0,0,0,0,,0,0,0,0,3,0,3,,0,40 00:46.080,,8,75 12:16.920,0,0,0,0,67301,0,0,0,,0,0,0,1,67301,0,,7,9,,N,N,,0,,0,0,0,0,0,,42,0,1,0,0,0,0,0,3,4,0,1,7,,N,,,,,,,,,,,
2009121298,1909.0,1,0,0,0,0,0,0,0,0,7,0,,67,11,2009,5,39.9426,-75.1935,1904.0,6,0,0,0,0,0,0,0,0,,0,0,0,19,3,2,0,,0,39 56:38.760,,0,75 11:31.200,4,0,0,0,67301,0,0,0,N,0,0,0,2,68K01,2,,3,9,,N,N,,0,,0,0,0,0,0,,1903,2,1,0,0,0,0,0,3,4,0,1,7,,N,,,,,,,,,,,
2009120797,245.0,0,0,0,0,0,0,0,0,0,4,0,,67,10,2009,2,39.9751,-75.195,245.0,6,0,0,0,0,0,0,0,0,1.0,0,0,0,2,3,1,1,,2,39 58:30.316,7.0,0,75 11:41.875,4,0,0,0,67301,0,0,0,N,0,0,0,9,67301,1,,1,1,,N,N,,0,,0,0,0,0,0,Y,245,1,2,0,0,0,0,0,3,4,1,2,3,,N,,,,,,,,,,,