CRN,ARRIVAL_TM,AUTOMOBILE_COUNT,BELTED_DEATH_COUNT,BELTED_SUSP_SERIOUS_INJ_COUNT,BICYCLE_COUNT,BICYCLE_DEATH_COUNT,BICYCLE_SUSP_SERIOUS_INJ_COUNT,BUS_COUNT,CHLDPAS_DEATH_COUNT,CHLDPAS_SUSP_SERIOUS_INJ_COUNT,COLLISION_TYPE,COMM_VEH_COUNT,CONS_ZONE_SPD_LIM,COUNTY,CRASH_MONTH,CRASH_YEAR,DAY_OF_WEEK,DEC_LAT,DEC_LONG,DISPATCH_TM,DISTRICT,DRIVER_COUNT_16YR,DRIVER_COUNT_17YR,DRIVER_COUNT_18YR,DRIVER_COUNT_19YR,DRIVER_COUNT_20YR,DRIVER_COUNT_50_64YR,DRIVER_COUNT_65_74YR,DRIVER_COUNT_75PLUS,EST_HRS_CLOSED,FATAL_COUNT,HEAVY_TRUCK_COUNT,HORSE_BUGGY_COUNT,HOUR_OF_DAY,ILLUMINATION,INJURY_COUNT,INTERSECT_TYPE,INTERSECTION_RELATED,LANE_CLOSED,LATITUDE,LN_CLOSE_DIR,LOCATION_TYPE,LONGITUDE,MAX_SEVERITY_LEVEL,MCYCLE_DEATH_COUNT,MCYCLE_SUSP_SERIOUS_INJ_COUNT,MOTORCYCLE_COUNT,MUNICIPALITY,NONMOTR_COUNT,NONMOTR_DEATH_COUNT,NONMOTR_SUSP_SERIOUS_INJ_COUNT,NTFY_HIWY_MAINT,PED_COUNT,PED_DEATH_COUNT,PED_SUSP_SERIOUS_INJ_COUNT,PERSON_COUNT,POLICE_AGCY,POSSIBLE_INJ_COUNT,RDWY_SURF_TYPE_CD,RELATION_TO_ROAD,ROAD_CONDITION,ROADWAY_CLEARED,SCH_BUS_IND,SCH_ZONE_IND,SECONDARY_CRASH,SMALL_TRUCK_COUNT,SPEC_JURIS_CD,SUSP_MINOR_INJ_COUNT,SUSP_SERIOUS_INJ_COUNT,SUV_COUNT,TCD_FUNC_CD,TCD_TYPE,TFC_DETOUR_IND,TIME_OF_DAY,TOT_INJ_COUNT,TOTAL_UNITS,UNB_DEATH_COUNT,UNB_SUSP_SERIOUS_INJ_COUNT,UNBELTED_OCC_COUNT,UNK_INJ_DEG_COUNT,UNK_INJ_PER_COUNT,URBAN_AREA,URBAN_RURAL,VAN_COUNT,VEHICLE_COUNT,WEATHER1,WEATHER2,WORK_ZONE_IND,WORK_ZONE_LOC,WORK_ZONE_TYPE,WORKERS_PRES,WZ_CLOSE_DETOUR,WZ_FLAGGER,WZ_LAW_OFFCR_IND,WZ_LN_CLOSURE,WZ_MOVING,WZ_OTHER,WZ_SHLDER_MDN,WZ_WORKERS_INJ_KILLED
2009093549,128.0,5,0,0,0,0,0,0,0,0,0,0,,67,8,2009,7,39.9883,-75.141,125.0,6,0,0,0,0,0,0,0,0,,0,0,0,99,3,0,0,,0,39 59:17.854,,0,75 08:27.776,0,0,0,0,67301,0,0,0,N,0,0,0,1,67301,0,,6,9,,N,N,,0,,0,0,0,0,0,,9999,0,5,0,0,0,0,0,3,4,0,5,7,,N,,,,,,,,,,,
2009093565,1301.0,2,0,0,0,0,0,0,0,0,1,0,,67,8,2009,7,40.025,-75.079,1356.0,6,0,0,0,1,0,0,0,0,,0,0,0,12,1,1,1,,0,40 01:29.863,,0,75 04:44.439,8,0,0,0,67301,0,0,0,,0,0,0,2,67301,0,,1,9,,,,,0,,0,0,0,3,2,,1256,1,2,0,0,0,1,1,3,4,0,2,3,,N,,,,,,,,,,,
2009056981,1538.0,1,0,0,0,0,0,0,0,0,7,0,,67,5,2009,1,39.9328,-75.216,1523.0,6,0,0,0,0,0,0,0,0,,0,0,0,15,1,0,2,,0,39 55:58.158,,0,75 12:57.650,0,0,0,0,67301,0,0,0,,0,0,0,1,67301,0,,5,9,,,,,0,,0,0,0,3,3,,1523,0,1,0,0,0,0,0,3,4,0,1,7,,N,,,,,,,,,,,
2009054341,1651.0,1,0,0,0,0,0,0,0,0,4,0,,67,4,2009,4,40.0381,-75.1919,1636.0,6,0,0,0,0,0,0,0,0,2.0,0,0,0,16,1,2,0,,1,40 02:17.642,5.0,0,75 11:30.257,8,0,0,0,67301,0,0,0,N,0,0,0,2,67301,0,,1,9,,N,N,,0,,0,0,1,0,0,N,1636,2,2,0,0,0,2,0,3,4,0,2,7,,N,,,,,,,,,,,
2009083567,2100.0,2,0,0,0,0,0,0,0,0,4,0,,67,7,2009,7,39.9613,-75.1482,2058.0,6,0,0,0,0,0,0,0,0,,0,0,0,20,3,2,1,,0,39 57:40.669,,0,75 08:53.470,8,0,0,0,67301,0,0,0,N,0,0,0,3,67301,0,,1,9,,N,N,,0,,0,0,0,3,2,,2055,2,2,0,0,0,2,0,3,4,0,2,3,,N,,,,,,,,,,,
2009083572,1632.0,1,0,0,0,0,0,0,0,0,8,0,,67,6,2009,5,39.9253,-75.1577,1630.0,6,0,0,0,0,0,0,0,0,,0,0,0,16,1,1,1,,0,39 55:31.162,,0,75 09:27.611,3,0,0,0,67301,1,0,0,,1,0,0,2,67301,0,,1,1,,,Y,,0,,1,0,0,0,0,,1629,1,2,0,0,0,0,0,3,4,0,1,3,,N,,,,,,,,,,,
2009086166,1503.0,2,0,0,0,0,0,0,0,0,5,0,,67,7,2009,5,39.9823,-75.1267,1500.0,6,0,0,0,0,1,0,0,0,,0,0,0,14,1,1,1,,0,39 58:56.426,,0,75 07:36.268,4,0,0,0,67301,0,0,0,,0,0,0,2,67301,1,,1,9,,N,N,,0,,0,0,0,3,3,,1445,1,2,0,0,0,0,0,3,4,0,2,7,,N,,,,,,,,,,,
2009086241,2030.0,1,0,0,0,0,0,0,0,0,8,0,,67,7,2009,7,39.9534,-75.2374,2014.0,6,0,0,0,0,0,0,1,0,,0,0,0,20,3,1,0,,0,39 57:12.128,,0,75 14:14.722,4,0,0,0,67301,1,0,0,N,1,0,0,2,67301,1,,1,1,,N,N,,0,,0,0,0,0,0,,2010,1,2,0,0,0,0,0,3,4,0,1,3,,N,,,,,,,,,,,
2009068518,1704.0,2,0,0,0,0,0,0,0,0,4,0,,67,6,2009,1,40.0631,-75.1621,1700.0,6,0,0,0,0,0,0,0,0,,0,0,0,14,1,1,1,,0,40 03:47.030,,0,75 09:43.378,4,0,0,0,67301,0,0,0,,0,0,0,3,67301,1,,1,1,,N,N,,0,,0,0,0,3,2,,1443,1,2,0,0,0,0,0,3,4,0,2,3,,N,,,,,,,,,,,
2009071359,1844.0,1,0,0,0,0,0,0,0,0,8,0,,67,5,2009,7,40.0911,-75.041,1842.0,6,0,0,0,0,0,0,0,0,,0,0,0,18,1,1,0,,0,40 05:27.862,,0,75 02:27.571,3,0,0,0,67301,1,0,0,N,1,0,0,2,67301,0,,1,1,,N,N,,0,,1,0,0,0,0,,1840,1,2,0,0,0,0,0,3,4,0,1,3,,N,,,,,,,,,,,
2010003183,1720.0,1,0,0,0,0,0,0,0,0,8,0,,67,12,2009,4,39.9648,-75.205,1720.0,6,0,0,0,0,0,1,0,0,,0,0,0,17,3,1,0,,0,39 57:53.231,,0,75 12:17.872,8,0,0,0,67301,1,0,0,N,1,0,0,3,67301,0,,1,9,,N,N,,0,,0,0,0,0,0,,1720,1,2,0,0,0,1,0,3,4,0,1,7,,N,,,,,,,,,,,
2010003262,1724.0,2,0,0,0,0,0,0,0,0,6,0,,67,11,2009,2,40.0234,-75.0482,722.0,6,0,0,0,0,0,1,0,0,2.0,0,0,0,17,3,1,0,,2,40 01:24.240,7.0,0,75 02:53.370,8,0,0,0,67301,0,0,0,N,0,0,0,1,67301,0,,1,9,,N,N,,0,,0,0,0,0,0,Y,1720,1,2,0,0,0,1,0,3,4,0,2,7,,N,,,,,,,,,,,
2010006374,1320.0,2,0,0,0,0,0,1,0,0,1,1,,67,12,2009,4,40.0434,-75.1035,1317.0,6,0,0,0,0,0,2,0,0,,0,0,0,13,1,1,0,,0,40 02:36.350,,0,75 06:12.677,4,0,0,0,67301,0,0,0,N,0,0,0,3,67301,1,,1,1,,N,N,,0,,0,0,0,0,0,,1314,1,3,0,0,0,0,0,3,4,0,3,3,,N,,,,,,,,,,,
2010006264,2030.0,2,0,0,0,0,0,0,0,0,4,0,,67,12,2009,5,40.0296,-75.0884,2022.0,6,0,0,0,1,0,1,0,0,2.0,0,0,0,20,3,3,0,,2,40 01:46.041,1.0,0,75 05:18.978,3,0,0,0,67301,0,0,0,N,0,0,0,4,67301,2,,1,1,,N,N,,1,,1,0,1,3,8,Y,2022,3,4,0,0,0,0,0,3,4,0,4,3,,N,,,,,,,,,,,
2010011058,1158.0,2,0,0,0,0,0,0,0,0,2,0,,67,12,2009,5,40.0493,-75.2457,145.0,6,0,0,0,0,0,0,0,0,,0,0,0,9,1,0,2,,0,40 02:57.315,,0,75 14:44.545,0,0,0,0,67301,0,0,0,,0,0,0,2,67301,0,,5,2,,N,N,,0,,0,0,0,0,0,,900,0,2,0,0,0,0,0,3,4,0,2,10,,N,,,,,,,,,,,
2010011214,1635.0,1,0,0,0,0,0,0,0,0,4,0,,67,12,2009,4,40.0497,-75.0786,1632.0,6,0,0,0,0,0,0,0,0,,0,0,0,16,1,2,1,,0,40 02:58.765,,0,75 04:42.916,4,0,0,0,67301,0,0,0,N,0,0,0,3,67301,2,,1,1,,N,N,,1,,0,0,0,3,2,,1627,2,2,0,0,0,0,0,3,4,0,2,3,,N,,,,,,,,,,,
2010011221,2000.0,0,0,0,0,0,0,0,0,0,8,0,,67,2,2009,1,40.0206,-75.1163,1900.0,6,0,0,0,0,0,0,0,0,,0,0,0,19,3,1,1,,0,40 01:14.041,,0,75 06:58.561,8,0,0,0,67301,1,0,0,N,1,0,0,2,67301,0,,9,1,,N,N,,0,,0,0,0,3,2,,1900,1,2,0,0,0,1,1,3,4,1,1,3,,N,,,,,,,,,,,
2010011153,247.0,2,0,0,0,0,0,0,0,0,5,0,,67,12,2009,6,39.9208,-75.1717,246.0,6,0,0,0,0,1,0,0,0,3.0,0,0,0,2,3,0,0,,2,39 55:15.027,4.0,0,75 10:18.231,0,0,0,0,67301,0,0,0,N,0,0,0,1,67301,0,,6,6,,N,N,,0,,0,0,0,0,0,Y,244,0,2,0,0,0,0,0,3,4,0,2,10,,N,,,,,,,,,,,
2010002886,2305.0,1,0,0,0,0,0,0,0,0,8,0,,67,12,2009,2,39.9504,-75.2012,2303.0,6,0,0,0,0,0,0,0,0,,0,0,0,23,3,1,2,,0,39 57:01.447,,0,75 12:04.435,4,0,0,0,67301,1,0,0,N,1,0,0,2,67301,1,,1,1,,N,N,,0,,0,0,0,0,0,,2300,1,2,0,0,0,0,1,3,4,0,1,3,,N,,,,,,,,,,,
2010003076,1546.0,2,0,0,0,0,0,0,0,0,4,0,,67,11,2009,3,40.0475,-75.0645,1543.0,6,0,0,0,0,0,1,0,0,,0,0,0,15,1,2,1,,0,40 02:51.086,,0,75 03:52.318,4,0,0,0,67301,0,0,0,N,0,0,0,4,67301,1,,1,1,,N,N,,0,,0,0,0,3,3,,1507,2,2,0,0,0,1,0,3,4,0,2,3,,N,,,,,,,,,,,
2010005580,1420.0,1,0,0,0,0,0,0,0,0,1,0,,67,12,2009,1,40.0137,-75.1795,1415.0,6,0,0,0,0,0,0,0,0,1.0,0,0,0,14,1,1,6,,2,40 00:47.390,2.0,2,75 10:49.073,8,0,0,0,67301,0,0,0,,0,0,0,2,67301,0,,1,9,,,,,0,,0,0,1,3,3,N,1413,1,2,0,0,0,1,0,3,4,0,2,7,,N,,,,,,,,,,,
2010002771,1445.0,1,0,0,0,0,0,0,0,0,7,0,,67,11,2009,1,39.9734,-75.1171,1445.0,6,0,0,0,0,0,0,0,0,,0,0,0,14,1,1,1,,0,39 58:24.394,,0,75 07:01.523,8,0,0,0,67301,0,0,0,N,0,0,0,1,67301,0,,2,1,,N,N,,0,,0,0,0,0,0,,1440,1,1,0,0,0,1,0,3,4,0,1,3,,N,,,,,,,,,,,
2009106200,2257.0,1,0,0,0,0,0,0,0,0,8,0,,67,10,2009,6,39.9723,-75.2488,2255.0,6,0,0,0,0,0,0,0,0,,0,0,0,22,3,1,1,,0,39 58:20.370,,0,75 14:55.737,4,0,0,0,67301,1,0,0,,1,0,0,2,67301,1,,1,1,,N,N,,0,,0,0,0,3,2,,2230,1,2,0,0,1,0,0,3,4,0,1,3,,N,,,,,,,,,,,
2009120878,1220.0,0,0,0,0,0,0,0,0,0,1,0,,67,10,2009,7,39.9579,-75.2334,1215.0,6,0,0,0,0,0,1,0,0,,0,0,0,23,3,1,0,,0,39 57:28.605,,0,75 14:00.405,4,0,0,0,67301,0,0,0,N,0,0,0,2,67301,1,,1,9,,N,N,,0,,0,0,2,3,2,,2342,1,2,0,0,0,0,0,3,4,0,2,7,,N,,,,,,,,,,,
2009121101,1810.0,1,0,0,0,0,0,0,0,0,4,0,,67,10,2009,5,39.9817,-75.1038,1744.0,6,0,0,0,0,0,1,1,0,9.0,0,0,0,17,1,2,1,,2,39 58:54.090,7.0,0,75 06:13.944,3,0,0,0,67301,0,0,0,N,0,0,0,5,67301,0,,1,9,,N,N,,1,,2,0,1,3,2,Y,1744,2,3,0,0,0,0,0,3,4,0,3,7,,N,,,,,,,,,,,
2009121134,1620.0,2,0,0,0,0,0,0,0,0,4,0,,67,10,2009,4,39.9948,-75.234,1600.0,6,0,0,0,1,0,0,0,0,,0,0,0,14,1,2,1,,0,39 59:41.254,,0,75 14:02.558,4,0,0,0,67301,0,0,0,N,0,0,0,4,67301,2,,1,9,,N,N,,0,,0,0,0,3,2,,1452,2,2,0,0,0,0,0,3,4,0,2,7,,N,,,,,,,,,,,
2009114134,225.0,2,0,0,0,0,0,0,0,0,5,0,,67,10,2009,7,39.9744,-75.1178,210.0,6,0,0,0,0,0,1,0,0,,0,0,0,2,3,0,0,,0,39 58:30.579,,0,75 07:00.094,9,0,0,0,67301,0,0,0,N,0,0,0,3,68K01,0,,1,9,,N,N,,0,,0,0,0,0,0,,207,0,3,0,0,0,0,1,3,4,0,3,7,,N,,,,,,,,,,,
2009054216,2053.0,0,0,0,0,0,0,0,0,0,8,0,,67,5,2009,2,39.9501,-75.1457,2047.0,6,0,0,0,0,0,0,0,0,,0,0,0,20,3,1,1,,0,39 57:00.635,,0,75 08:44.218,4,0,0,0,67301,1,0,0,,1,0,0,3,67301,1,,1,9,,N,N,,0,,0,0,1,3,2,,2045,1,2,0,0,0,0,0,3,4,0,1,7,,N,,,,,,,,,,,
2009093562,832.0,1,0,0,0,0,0,0,0,0,4,1,,67,9,2009,3,39.9558,-75.159,829.0,6,0,0,0,0,0,2,0,0,,0,1,0,8,1,1,1,,0,39 57:20.808,,0,75 09:32.558,8,0,0,0,67301,0,0,0,N,0,0,0,2,67301,0,,1,1,,N,N,,0,,0,0,0,3,2,,828,1,2,0,0,0,1,0,3,4,0,2,3,,N,,,,,,,,,,,
2009093651,9999.0,1,0,0,0,0,0,0,0,0,4,0,,67,8,2009,1,39.91,-75.2262,9999.0,6,0,0,0,0,0,1,0,0,,0,0,0,13,1,4,0,,0,39 54:35.992,,7,75 13:34.345,8,0,0,0,67301,0,0,0,,0,0,0,7,67301,0,,1,1,,,,,0,,0,0,1,0,0,,1355,4,2,0,0,0,4,0,3,4,0,2,3,,N,,,,,,,,,,,
2009056937,1630.0,1,0,0,0,0,0,0,0,0,8,0,,67,4,2009,4,39.9504,-75.1731,1630.0,6,0,0,0,0,0,0,0,0,,0,0,0,16,1,1,0,,0,39 57:01.560,,0,75 10:22.807,8,0,0,0,67301,1,0,0,,1,0,0,2,67301,0,,1,1,,,,,0,,0,0,0,0,0,,1630,1,2,0,0,0,1,0,3,4,0,1,3,,N,,,,,,,,,,,
2009054493,1713.0,1,0,0,0,0,0,0,0,0,5,0,,67,4,2009,3,40.021,-75.1006,711.0,6,0,0,0,0,0,0,0,0,,0,0,0,16,1,1,3,,0,40 01:15.679,,0,75 06:02.289,8,0,0,0,67301,0,0,0,,0,0,0,3,67301,0,,1,1,,N,N,,0,,0,0,1,0,0,,1648,1,2,0,0,0,1,0,3,4,0,2,3,,N,,,,,,,,,,,
2009088588,115.0,2,0,0,0,0,0,0,0,0,1,0,,67,8,2009,1,39.9433,-75.1428,115.0,6,0,0,0,0,0,1,0,0,1.0,0,0,0,0,3,2,0,,1,39 56:36.288,1.0,0,75 08:33.899,3,0,0,0,67301,0,0,0,N,0,0,0,3,68K01,1,,1,9,,N,N,,0,,1,0,0,0,0,N,54,2,2,0,0,0,0,0,3,4,0,2,7,,N,,,,,,,,,,,
2009086205,1744.0,1,0,0,0,0,0,0,0,0,2,0,,67,7,2009,3,40.0649,-75.1983,1740.0,6,0,0,0,0,0,0,0,0,2.0,0,0,0,17,1,3,0,,2,40 03:53.643,6.0,0,75 11:53.908,3,0,0,1,67301,0,0,0,N,0,0,0,3,67301,1,,1,1,,N,N,,0,,1,0,0,0,0,Y,1715,3,2,0,0,0,1,0,3,4,0,2,3,,N,,,,,,,,,,,
2009086212,2202.0,0,0,0,0,0,0,0,0,0,8,0,,67,7,2009,4,40.0376,-75.138,2201.0,6,0,0,0,0,0,0,0,0,9.0,1,0,0,21,3,0,1,,1,40 02:15.186,3.0,0,75 08:16.754,1,0,0,0,67301,1,1,0,N,1,1,0,2,67301,0,2.0,1,1,,N,N,,1,0.0,0,0,0,3,2,Y,2142,0,2,0,0,0,0,0,3,4,0,1,3,,N,,,,,,,,,,,
2009086240,1410.0,2,0,0,0,0,0,0,0,0,4,0,,67,7,2009,3,39.9486,-75.2436,1401.0,6,0,0,0,0,0,1,0,0,,0,0,0,13,1,0,1,,0,39 56:55.089,,0,75 14:36.819,0,0,0,0,67301,0,0,0,N,0,0,0,2,67301,0,,1,1,,N,N,,0,,0,0,0,3,3,,1350,0,2,0,0,2,0,0,3,4,0,2,3,,N,,,,,,,,,,,
2009086287,556.0,2,0,0,0,0,0,0,0,0,1,0,,67,8,2009,1,39.9241,-75.2455,556.0,6,0,0,0,0,1,0,0,0,3.0,0,0,0,5,5,1,5,,2,39 55:26.682,6.0,0,75 14:43.799,4,0,0,0,67301,0,0,0,,0,0,0,3,67301,1,,1,1,,N,N,,0,,0,0,0,3,2,Y,555,1,2,0,0,0,0,0,3,4,0,2,3,,N,,,,,,,,,,,
2009086146,2342.0,2,0,0,0,0,0,0,0,0,1,0,,67,8,2009,7,40.022,-75.1393,2338.0,6,0,0,0,0,0,0,0,0,,0,0,0,23,3,4,0,,0,40 01:18.552,,0,75 08:22.324,3,0,0,0,67301,0,0,0,N,0,0,0,5,67301,1,,1,1,,N,N,,0,,3,0,1,3,2,,2336,4,3,0,0,2,0,0,3,4,0,3,3,,N,,,,,,,,,,,
2009054697,1815.0,3,0,0,0,0,0,0,0,0,1,0,,67,5,2009,3,40.0987,-75.0201,1815.0,6,0,0,0,0,0,1,0,0,,0,0,0,18,1,1,0,,0,40 05:55.316,,0,75 01:12.536,4,0,0,0,67301,0,0,0,N,0,0,0,3,67301,1,,1,9,,N,N,,0,,0,0,0,0,0,,1800,1,3,0,0,0,0,0,3,4,0,3,7,,N,,,,,,,,,,,
2009071010,2314.0,1,0,0,0,0,0,0,0,0,0,0,,67,6,2009,3,39.9786,-75.203,2312.0,6,0,0,0,0,0,0,0,0,,0,0,0,23,3,0,0,,0,39 58:45.480,,0,75 12:14.760,0,0,0,0,67301,0,0,0,N,0,0,0,2,68K01,0,,1,1,,N,N,,0,,0,0,1,0,0,,2307,0,2,0,0,0,0,0,3,4,0,2,3,,N,,,,,,,,,,,
2010003205,1940.0,1,0,0,0,0,0,0,0,0,4,0,,67,11,2009,3,40.0161,-75.1308,1940.0,6,0,0,0,0,0,1,0,0,,0,0,0,19,3,1,1,,0,40 00:57.967,,0,75 07:50.861,4,0,0,0,67301,0,0,0,N,0,0,0,3,67301,1,,1,1,,N,N,,0,,0,0,0,3,3,,1932,1,2,0,0,0,0,0,3,4,1,2,3,,N,,,,,,,,,,,
2010003543,1725.0,0,0,0,0,0,0,0,0,0,8,0,,67,11,2009,2,40.0422,-75.1385,1722.0,6,0,0,0,0,0,0,0,0,,0,0,0,16,3,1,1,,0,40 02:31.909,,0,75 08:18.693,4,0,0,0,67301,1,0,0,N,1,0,0,2,67301,1,,1,9,,N,N,,0,,0,0,1,3,3,,1641,1,2,0,0,0,0,0,3,4,0,1,7,,N,,,,,,,,,,,
2010003553,2250.0,2,0,0,0,0,0,0,0,0,1,0,,67,12,2009,4,40.0277,-75.11,2250.0,6,0,0,0,0,0,0,0,0,1.0,0,0,0,22,3,0,0,,1,40 01:39.805,1.0,0,75 06:35.962,0,0,0,0,67301,0,0,0,,0,0,0,2,67301,0,,1,9,,,,,0,,0,0,0,0,0,N,2246,0,2,0,0,0,0,0,3,4,0,2,7,,N,,,,,,,,,,,
2010006350,2015.0,0,0,0,0,0,0,0,0,0,7,0,,67,12,2009,1,39.9866,-75.0944,2005.0,6,0,0,0,0,0,0,0,0,,0,0,0,20,3,1,1,,0,39 59:11.923,,0,75 05:39.698,3,0,0,0,67301,0,0,0,N,0,0,0,1,67301,0,,4,9,,N,N,,0,,1,0,1,3,3,,2000,1,1,0,0,0,0,0,3,4,0,1,7,,N,,,,,,,,,,,
2010034951,1225.0,2,0,0,0,0,0,0,0,0,4,0,,67,10,2009,7,39.9942,-75.1078,1220.0,6,0,0,0,0,0,1,0,0,1.0,0,0,0,12,1,3,1,,1,39 59:39.085,3.0,0,75 06:28.154,4,0,0,0,67301,0,0,0,,0,0,0,7,67301,3,,1,9,,N,N,,0,,0,0,0,3,2,Y,1210,3,2,0,0,0,0,0,3,4,0,2,7,,N,,,,,,,,,,,
2010010098,0.0,2,0,0,0,0,0,0,0,0,1,0,,67,7,2009,7,39.9937,-75.1399,0.0,6,0,0,0,0,0,0,0,0,,0,0,0,12,1,1,1,,0,39 59:37.298,,0,75 08:23.510,8,0,0,0,67301,0,0,0,N,0,0,0,3,00000,0,,1,1,,N,N,,0,,0,0,0,3,2,,1200,1,2,0,0,0,1,2,3,4,0,2,3,,N,,,,,,,,,,,
2010010081,0.0,0,0,0,0,0,0,0,0,0,1,0,,67,9,2009,5,40.0289,-75.0895,0.0,6,0,0,0,0,0,0,0,0,,0,0,0,8,1,1,1,,0,40 01:43.697,,0,75 05:23.235,8,0,0,0,67301,0,0,0,,0,0,0,2,00000,0,,1,1,,,,,0,,0,0,0,0,0,,840,1,2,0,0,0,1,1,3,4,1,2,3,,N,,,,,,,,,,,
2010010640,0.0,0,0,0,0,0,0,0,0,0,1,0,,67,8,2009,4,39.9482,-75.1644,0.0,6,0,0,0,0,0,0,0,0,,0,0,0,16,1,1,1,,0,39 56:53.500,,0,75 09:51.952,8,0,0,0,67301,0,0,0,N,0,0,0,2,00000,0,,1,1,,N,N,,0,,0,0,1,0,0,,1645,1,2,0,0,0,1,1,3,4,0,2,3,,N,,,,,,,,,,,
2010018658,1820.0,1,0,0,0,0,0,0,0,0,6,0,,67,12,2009,4,39.9055,-75.1943,1815.0,6,0,0,0,0,0,0,1,0,,0,0,0,99,3,0,0,,0,39 54:19.714,,3,75 11:39.373,9,0,0,0,67301,0,0,0,,0,0,0,4,67301,0,,1,1,,,,,0,,0,0,1,0,0,,9999,0,2,0,0,1,0,2,3,4,0,2,3,,N,,,,,,,,,,,
2010002118,1631.0,1,0,0,0,0,0,0,0,0,1,0,,67,12,2009,3,39.9769,-75.1977,1631.0,6,0,0,0,0,0,0,0,0,,0,0,0,16,3,0,0,,0,39 58:37.933,,0,75 11:57.603,0,0,0,0,67301,0,0,0,N,0,0,0,3,68K03,0,,1,1,,N,N,,0,,0,0,1,0,0,,1625,0,2,0,0,0,0,0,3,4,0,2,3,,N,,,,,,,,,,,
2010001843,1614.0,2,0,0,0,0,0,0,0,0,1,0,,67,12,2009,5,40.0079,-75.2015,1600.0,6,0,0,0,0,0,0,0,0,,0,0,0,15,1,1,0,,0,40 00:27.854,,0,75 12:03.635,4,0,0,0,67301,0,0,0,N,0,0,0,2,68K02,1,,1,1,,N,N,,0,,0,0,0,0,0,,1557,1,2,0,0,0,0,0,3,4,0,2,3,,N,,,,,,,,,,,
2010064754,320.0,3,0,0,0,0,0,0,0,0,1,0,,67,8,2009,7,40.0269,-75.2272,222.0,6,0,0,0,0,0,0,0,0,,0,0,0,2,3,0,1,,0,40 01:36.847,,0,75 13:37.905,0,0,0,0,67301,0,0,0,N,0,0,0,3,67301,0,,1,9,,N,N,,0,,0,0,0,3,2,,200,0,3,0,0,0,0,0,3,4,0,3,7,,N,,,,,,,,,,,
2010002739,1938.0,1,0,0,0,0,0,0,0,0,4,0,,67,11,2009,5,40.0705,-75.1552,1930.0,6,0,0,0,0,0,0,0,0,2.0,0,0,0,19,3,1,2,,1,40 04:13.793,1.0,0,75 09:18.678,3,0,0,0,67301,0,0,0,N,0,0,0,2,67301,0,,1,1,,N,N,,0,,1,0,1,3,3,N,1901,1,2,0,0,0,0,0,3,4,0,2,3,,N,,,,,,,,,,,
2010011130,1325.0,2,0,0,0,0,0,0,0,0,2,0,,67,12,2009,5,40.0417,-75.0611,1317.0,6,0,0,1,0,0,1,0,0,,0,0,0,13,1,1,1,,0,40 02:30.166,,0,75 03:40.132,4,0,0,0,67301,0,0,0,N,0,0,0,2,67301,1,,1,1,,N,N,,0,,0,0,0,3,3,,1315,1,2,0,0,0,0,1,3,4,0,2,3,,N,,,,,,,,,,,
2010003098,1224.0,0,0,0,0,0,0,0,0,0,5,0,,67,12,2009,4,39.9443,-75.155,1224.0,6,0,0,0,0,0,0,0,0,,0,0,0,12,1,1,1,,0,39 56:39.490,,0,75 09:18.158,4,0,0,0,67301,1,0,0,,1,0,0,2,67301,1,,1,1,,,,,0,,0,0,0,3,2,,1220,1,2,0,0,0,0,0,3,4,0,1,3,,N,,,,,,,,,,,
2009071369,9999.0,3,0,0,0,0,0,0,0,0,4,0,,67,6,2009,2,40.1111,-75.0243,1957.0,6,0,0,0,0,0,0,0,0,,0,0,0,19,1,1,1,,0,40 06:40.143,,0,75 01:27.353,4,0,0,0,67301,0,0,0,,0,0,0,6,67301,1,,1,1,,N,N,,0,,0,0,0,9,2,,1950,1,3,0,0,0,0,2,3,4,0,3,3,,N,,,,,,,,,,,
2009063761,2300.0,1,0,0,0,0,0,0,0,0,4,0,,67,5,2009,4,40.0258,-75.1328,2145.0,6,0,0,0,0,0,0,0,0,,0,0,0,22,3,1,1,,0,40 01:32.829,,0,75 07:58.227,8,0,0,0,67301,0,0,0,N,0,0,0,1,67301,0,,1,1,,N,N,,0,,0,0,1,3,2,,2200,1,2,0,0,1,1,0,3,4,0,2,3,,N,,,,,,,,,,,
2009125202,9999.0,0,0,0,0,0,0,0,0,0,7,0,,67,11,2009,4,39.9959,-75.1914,1900.0,6,0,0,0,0,0,0,0,1,,0,0,0,19,1,0,3,,0,39 59:45.169,,0,75 11:28.861,0,0,0,0,67301,0,0,0,N,0,0,0,1,67301,0,,4,9,,N,N,,0,,0,0,0,0,0,,1900,0,1,0,0,0,0,0,3,4,1,1,7,,N,,,,,,,,,,,
2010006344,1805.0,1,0,0,0,0,0,0,0,0,4,0,,67,12,2009,7,40.0122,-75.1378,1800.0,6,0,0,0,0,0,0,0,0,9.0,0,0,0,17,3,1,1,,1,40 00:43.977,4.0,0,75 08:16.141,3,0,0,0,67301,0,0,0,N,0,0,0,3,67301,0,,1,1,,N,N,,0,,1,0,0,3,2,N,1750,1,2,0,0,0,0,0,3,4,1,2,3,,N,,,,,,,,,,,
2010011065,1703.0,1,0,0,0,0,0,1,0,0,1,1,,67,12,2009,1,39.9925,-75.1796,1702.0,6,0,0,0,0,0,0,0,0,,0,0,0,16,3,3,1,,0,39 59:32.825,,0,75 10:46.468,4,0,0,0,67301,0,0,0,N,0,0,0,9,67301,3,,1,9,,N,N,,0,,0,0,0,3,2,,1658,3,2,0,0,0,0,0,3,4,0,2,7,,N,,,,,,,,,,,