CRN,ARRIVAL_TM,AUTOMOBILE_COUNT,BELTED_DEATH_COUNT,BELTED_SUSP_SERIOUS_INJ_COUNT,BICYCLE_COUNT,BICYCLE_DEATH_COUNT,BICYCLE_SUSP_SERIOUS_INJ_COUNT,BUS_COUNT,CHLDPAS_DEATH_COUNT,CHLDPAS_SUSP_SERIOUS_INJ_COUNT,COLLISION_TYPE,COMM_VEH_COUNT,CONS_ZONE_SPD_LIM,COUNTY,CRASH_MONTH,CRASH_YEAR,DAY_OF_WEEK,DEC_LAT,DEC_LONG,DISPATCH_TM,DISTRICT,DRIVER_COUNT_16YR,DRIVER_COUNT_17YR,DRIVER_COUNT_18YR,DRIVER_COUNT_19YR,DRIVER_COUNT_20YR,DRIVER_COUNT_50_64YR,DRIVER_COUNT_65_74YR,DRIVER_COUNT_75PLUS,EST_HRS_CLOSED,FATAL_COUNT,HEAVY_TRUCK_COUNT,HORSE_BUGGY_COUNT,HOUR_OF_DAY,ILLUMINATION,INJURY_COUNT,INTERSECT_TYPE,INTERSECTION_RELATED,LANE_CLOSED,LATITUDE,LN_CLOSE_DIR,LOCATION_TYPE,LONGITUDE,MAX_SEVERITY_LEVEL,MCYCLE_DEATH_COUNT,MCYCLE_SUSP_SERIOUS_INJ_COUNT,MOTORCYCLE_COUNT,MUNICIPALITY,NONMOTR_COUNT,NONMOTR_DEATH_COUNT,NONMOTR_SUSP_SERIOUS_INJ_COUNT,NTFY_HIWY_MAINT,PED_COUNT,PED_DEATH_COUNT,PED_SUSP_SERIOUS_INJ_COUNT,PERSON_COUNT,POLICE_AGCY,POSSIBLE_INJ_COUNT,RDWY_SURF_TYPE_CD,RELATION_TO_ROAD,ROAD_CONDITION,ROADWAY_CLEARED,SCH_BUS_IND,SCH_ZONE_IND,SECONDARY_CRASH,SMALL_TRUCK_COUNT,SPEC_JURIS_CD,SUSP_MINOR_INJ_COUNT,SUSP_SERIOUS_INJ_COUNT,SUV_COUNT,TCD_FUNC_CD,TCD_TYPE,TFC_DETOUR_IND,TIME_OF_DAY,TOT_INJ_COUNT,TOTAL_UNITS,UNB_DEATH_COUNT,UNB_SUSP_SERIOUS_INJ_COUNT,UNBELTED_OCC_COUNT,UNK_INJ_DEG_COUNT,UNK_INJ_PER_COUNT,URBAN_AREA,URBAN_RURAL,VAN_COUNT,VEHICLE_COUNT,WEATHER1,WEATHER2,WORK_ZONE_IND,WORK_ZONE_LOC,WORK_ZONE_TYPE,WORKERS_PRES,WZ_CLOSE_DETOUR,WZ_FLAGGER,WZ_LAW_OFFCR_IND,WZ_LN_CLOSURE,WZ_MOVING,WZ_OTHER,WZ_SHLDER_MDN,WZ_WORKERS_INJ_KILLED
2010011253,0.0,0,0,0,0,0,0,0,0,0,7,1,,67,9,2009,4,39.9528,-75.1597,0.0,6,0,0,0,0,0,0,0,0,,0,1,0,10,1,1,0,,0,39 57:09.923,,0,75 09:34.870,8,0,0,0,67301,1,0,0,N,1,0,0,2,00000,0,,1,1,,N,N,,0,,0,0,0,0,0,,1000,1,2,0,0,0,1,1,3,4,0,1,3,,N,,,,,,,,,,,
2010002758,400.0,1,0,0,0,0,0,0,0,0,6,0,,67,11,2009,5,39.9609,-75.2292,343.0,6,0,0,0,0,0,0,0,0,,0,0,0,3,3,1,0,,0,39 57:39.319,,0,75 13:44.965,3,0,0,0,67301,0,0,0,N,0,0,0,1,67301,0,,1,9,,N,N,,0,,1,0,1,0,0,,340,1,2,0,0,0,0,0,3,4,0,2,7,,N,,,,,,,,,,,
2010002779,1928.0,0,0,0,0,0,0,0,0,0,8,0,,67,11,2009,5,39.9935,-75.1513,1927.0,6,0,0,0,0,0,0,0,0,,0,0,0,19,3,1,0,,0,39 59:36.672,,0,75 09:04.782,3,0,0,0,67301,1,0,0,N,1,0,0,2,67301,0,,1,9,,N,N,,0,,1,0,0,0,0,,1924,1,2,0,0,0,0,1,3,4,0,1,7,,N,,,,,,,,,,,
2010002795,1635.0,1,0,0,0,0,0,0,0,0,4,0,,67,11,2009,2,40.0298,-75.0403,1630.0,6,0,0,0,0,0,1,0,0,,0,0,0,16,1,0,1,,0,40 01:47.099,,0,75 02:24.977,9,0,0,0,67301,0,0,0,,0,0,0,2,67301,0,,1,9,,,,,1,,0,0,0,3,3,,1600,0,2,0,0,0,0,1,3,4,0,2,7,,N,,,,,,,,,,,
2010005663,1950.0,1,0,0,0,0,0,0,0,0,8,0,,67,12,2009,4,39.9172,-75.2374,1920.0,6,0,0,0,0,0,0,0,0,,0,0,0,19,3,1,1,,0,39 55:02.039,,0,75 14:14.592,4,0,0,0,67301,1,0,0,N,1,0,0,2,67301,1,,1,9,,N,N,,0,,0,0,0,3,2,,1920,1,2,0,0,0,0,0,3,4,0,1,7,,N,,,,,,,,,,,
2009125195,1703.0,0,0,0,0,0,0,0,0,0,8,0,,67,11,2009,7,39.9409,-75.1732,1657.0,6,0,0,0,0,0,0,0,0,,0,0,0,16,1,1,0,,0,39 56:27.171,,0,75 10:23.512,4,0,0,0,67301,1,0,0,,1,0,0,2,67301,1,,1,1,,,,,0,,0,0,0,0,0,,1649,1,2,0,0,0,0,0,3,4,0,1,3,,N,,,,,,,,,,,
2009125219,1615.0,2,0,0,0,0,0,0,0,0,4,0,,67,11,2009,5,39.9699,-75.2116,1606.0,6,0,0,0,0,0,0,0,0,,0,0,0,15,1,2,2,,0,39 58:11.635,,0,75 12:41.442,8,0,0,0,67301,0,0,0,N,0,0,0,5,67301,0,,1,9,,N,N,,0,,0,0,0,0,0,,1545,2,2,0,0,5,2,0,3,4,0,2,7,,N,,,,,,,,,,,
2009037471,526.0,3,0,0,0,0,0,0,0,0,4,0,,67,2,2009,4,39.9428,-75.2291,525.0,6,0,0,0,0,0,0,1,0,,0,0,0,5,3,0,1,,0,39 56:33.903,,0,75 13:44.637,0,0,0,0,67301,0,0,0,,0,0,0,3,67301,0,,1,1,,,,,0,,0,0,0,3,3,,525,0,3,0,0,0,0,0,3,4,0,3,3,,N,,,,,,,,,,,
2009097195,1224.0,2,0,0,0,0,0,0,0,0,1,0,,67,9,2009,4,40.055,-75.0736,1221.0,6,0,0,0,0,0,0,1,1,,0,0,0,12,1,2,0,,0,40 03:17.934,,0,75 04:24.871,3,0,0,0,67301,0,0,0,,0,0,0,3,67301,0,,1,1,,N,N,,1,,2,0,0,3,2,,1205,2,3,0,0,0,0,0,3,4,0,3,3,,N,,,,,,,,,,,
2009086030,1652.0,0,0,0,0,0,0,0,0,0,8,0,,67,8,2009,6,39.9832,-75.1041,1652.0,6,0,0,0,0,0,1,0,0,,0,0,0,16,1,1,0,,0,39 58:59.668,,0,75 06:14.801,4,0,0,0,67301,1,0,0,,1,0,0,2,67301,1,,1,1,,,,,0,,0,0,1,0,0,,1650,1,2,0,0,0,0,0,3,4,0,1,3,,N,,,,,,,,,,,
2009078882,1145.0,1,0,0,0,0,0,0,0,0,4,0,,67,7,2009,2,40.0777,-75.024,1140.0,6,0,0,0,0,0,1,0,0,,0,0,0,11,1,1,0,,0,40 04:39.637,,7,75 01:26.400,4,0,0,0,67301,0,0,0,N,0,0,0,2,67301,1,,1,1,,N,N,,1,,0,0,0,3,2,,1135,1,2,0,0,0,0,0,3,4,0,2,3,,N,,,,,,,,,,,
2009078862,1530.0,1,0,0,0,0,0,0,0,0,8,0,,67,6,2009,1,39.9449,-75.2392,1520.0,6,0,0,0,0,0,0,0,0,,0,0,0,99,1,1,2,,0,39 56:41.913,,0,75 14:20.947,8,0,0,0,67301,1,0,0,,1,0,0,2,67301,0,,1,98,,,,,0,,0,0,0,0,0,,9999,1,2,0,0,0,1,1,3,4,0,1,98,,N,,,,,,,,,,,
2009067583,247.0,1,0,0,0,0,0,0,0,0,7,0,,67,6,2009,2,39.948,-75.1441,245.0,6,0,0,0,0,0,0,0,0,,0,0,0,2,3,1,0,,0,39 56:52.922,,0,75 08:38.857,4,0,0,0,67301,0,0,0,,0,0,0,1,67301,1,,5,1,,N,,,0,,0,0,0,0,0,,234,1,1,0,0,1,0,0,3,4,0,1,3,,N,,,,,,,,,,,
2009054080,113.0,3,0,0,0,0,0,0,0,0,4,0,,67,5,2009,1,39.9294,-75.1602,111.0,6,0,0,0,0,0,0,0,0,1.0,0,0,0,1,3,0,0,,2,39 55:45.940,4.0,0,75 09:36.568,0,0,0,0,67301,0,0,0,N,0,0,0,1,67301,0,,1,1,,N,N,,0,,0,0,0,0,0,Y,105,0,3,0,0,0,0,0,3,4,0,3,3,,N,,,,,,,,,,,
2009071383,1850.0,2,0,0,0,0,0,0,0,0,1,0,,67,6,2009,4,39.9998,-75.1905,1841.0,6,0,0,0,0,0,0,0,0,,0,0,0,99,1,1,0,,0,39 59:59.133,,0,75 11:25.769,4,0,0,0,67301,0,0,0,,0,0,0,2,67301,1,,1,1,,,,,0,,0,0,0,0,0,,9999,1,2,0,0,0,0,0,3,4,0,2,3,,N,,,,,,,,,,,
2010003091,815.0,1,0,0,0,0,0,0,0,0,8,0,,67,11,2009,2,39.9518,-75.1718,810.0,6,0,0,0,0,0,0,0,0,,0,0,0,8,1,1,2,,0,39 57:06.627,,0,75 10:18.367,8,0,0,0,67301,1,0,0,,1,0,0,2,67301,0,,1,1,,,,,0,,0,0,0,3,2,,805,1,2,0,0,0,1,0,3,4,0,1,3,,N,,,,,,,,,,,
2010011139,1645.0,1,0,0,0,0,0,0,0,0,5,0,,67,12,2009,5,39.9605,-75.2287,1645.0,6,0,0,0,0,0,0,0,0,,0,0,0,16,1,1,0,,0,39 57:37.827,,0,75 13:43.268,8,0,0,0,67301,0,0,0,N,0,0,0,2,67301,0,,1,1,,N,N,,0,,0,0,1,0,0,,1640,1,2,0,0,0,1,0,3,4,0,2,3,,N,,,,,,,,,,,
2010011452,9999.0,1,0,0,0,0,0,0,0,0,4,0,,67,12,2009,4,39.9071,-75.2236,1944.0,6,0,0,0,0,0,0,0,0,,0,0,0,99,3,1,0,,0,39 54:25.592,,0,75 13:24.842,4,0,0,0,67301,0,0,0,,0,0,0,3,67301,1,,1,2,,,,,0,,0,0,0,0,0,,9999,1,2,0,0,0,0,1,3,4,0,2,10,,N,,,,,,,,,,,
2010017170,425.0,0,0,0,0,0,0,0,0,0,1,0,,67,12,2009,2,40.039,-75.0836,420.0,6,0,0,0,0,0,0,0,0,3.0,0,0,0,4,3,3,0,,2,40 02:20.569,5.0,0,75 05:00.790,2,0,0,0,67301,2,0,1,N,2,0,1,3,67301,2,,1,1,,N,N,,0,,0,1,1,0,0,Y,420,3,4,0,0,0,0,0,3,4,1,2,3,,N,,,,,,,,,,,
2010003075,1721.0,2,0,0,0,0,0,0,0,0,4,0,,67,11,2009,2,40.0399,-75.0628,1719.0,6,0,0,0,0,0,0,0,0,,0,0,0,17,3,2,1,,0,40 02:23.665,,0,75 03:46.259,8,0,0,0,67301,0,0,0,,0,0,0,3,67301,0,,1,9,,,,,0,,0,0,0,3,3,,1717,2,2,0,0,0,2,0,3,4,0,2,7,,N,,,,,,,,,,,
2010005658,2119.0,1,0,0,0,0,0,0,0,0,8,0,,67,12,2009,5,39.9848,-75.1134,2117.0,6,0,0,0,0,0,0,0,0,,0,0,0,21,3,1,1,,0,39 59:05.413,,0,75 06:48.384,4,0,0,0,67301,1,0,0,,1,0,0,2,67301,1,,1,1,,,,,0,,0,0,0,3,2,,2111,1,2,0,0,0,0,0,3,4,0,1,3,,N,,,,,,,,,,,
2010003170,1646.0,2,0,0,0,0,0,0,0,0,4,0,,67,11,2009,6,40.0946,-75.0152,1641.0,6,0,0,0,0,0,1,0,0,,0,0,0,16,1,0,1,,0,40 05:40.718,,0,75 00:54.707,0,0,0,0,67301,0,0,0,N,0,0,0,2,67301,0,,1,1,,N,N,,0,,0,0,0,3,2,,1641,0,2,0,0,0,0,0,3,4,0,2,3,,N,,,,,,,,,,,
2010005896,1835.0,2,0,0,0,0,0,0,0,0,6,0,,67,12,2009,1,40.1175,-75.0066,1830.0,6,0,0,1,1,0,1,0,0,1.0,0,0,0,18,3,1,0,,1,40 07:03.162,3.0,7,75 00:23.860,4,0,0,0,67301,0,0,0,N,0,0,0,3,67301,1,,1,9,,N,N,,1,,0,0,0,0,0,Y,1820,1,3,0,0,0,0,0,3,4,0,3,7,,N,,,,,,,,,,,
2010006291,2022.0,0,0,0,0,0,0,0,0,0,8,0,,67,12,2009,6,40.0514,-75.1498,2022.0,6,0,0,0,0,0,0,0,0,,0,0,0,19,3,1,3,,0,40 03:04.941,,0,75 08:59.233,4,0,0,0,67301,1,0,0,,1,0,0,2,67301,1,,2,9,,N,N,,1,,0,0,0,0,0,,1959,1,2,0,0,0,0,0,3,4,0,1,7,,N,,,,,,,,,,,
2010006334,1615.0,0,0,0,0,0,0,1,0,0,8,1,,67,10,2009,6,,,1610.0,6,0,0,0,0,0,0,0,0,2.0,0,0,0,15,1,1,0,,2,,6.0,7,,4,0,0,0,67301,1,0,0,N,1,0,0,2,67301,1,,1,1,,N,N,,0,,0,0,0,0,0,Y,1552,1,2,0,0,0,0,0,3,3,0,1,3,,N,,,,,,,,,,,
2010006393,9999.0,0,0,0,0,0,0,1,0,0,4,1,,67,12,2009,2,39.9463,-75.1783,852.0,6,0,0,0,0,0,0,0,0,,0,0,0,7,1,1,2,,0,39 56:46.615,,0,75 10:42.045,2,0,0,0,67301,0,0,0,,0,0,0,2,67301,0,,1,1,,,,,0,,0,1,1,3,2,,752,1,2,0,0,0,0,1,3,4,0,2,3,,N,,,,,,,,,,,
2010011063,2006.0,0,0,0,1,0,0,0,0,0,8,0,,67,12,2009,1,39.9227,-75.1565,2001.0,6,0,0,0,0,0,1,0,0,,0,0,0,99,2,1,1,,0,39 55:21.651,,0,75 09:23.503,8,0,0,0,67301,1,0,0,,0,0,0,2,67301,0,,9,1,,,,,0,,0,0,0,3,2,,9999,1,2,0,0,0,1,0,3,4,1,1,3,,N,,,,,,,,,,,
2010005677,1555.0,1,0,0,0,0,0,0,0,0,6,0,,67,12,2009,6,39.9159,-75.2453,1552.0,6,0,0,0,0,0,0,0,0,2.0,0,0,0,15,1,1,2,,1,39 54:57.347,1.0,0,75 14:42.963,8,0,0,0,67301,0,0,0,N,0,0,0,3,67301,0,,1,1,,N,N,,0,,0,0,1,3,3,N,1516,1,2,0,0,0,1,0,3,4,0,2,3,,N,,,,,,,,,,,
2010011071,1519.0,2,0,0,0,0,0,0,0,0,4,0,,67,12,2009,5,39.9804,-75.1179,1515.0,6,0,0,0,0,0,0,0,0,,0,0,0,15,1,1,1,,0,39 58:53.344,,0,75 07:02.419,4,0,0,0,67301,0,0,0,N,0,0,0,2,67301,1,,1,1,,N,N,,0,,0,0,0,3,2,,1501,1,2,0,0,0,0,0,3,4,0,2,3,,N,,,,,,,,,,,
2010011222,818.0,2,0,0,0,0,0,0,0,0,2,0,,67,12,2009,5,40.0201,-75.0426,810.0,6,0,0,0,0,0,1,0,0,3.0,0,0,0,6,1,0,0,,1,40 01:12.259,1.0,0,75 02:33.624,0,0,0,0,67301,0,0,0,,0,0,0,2,67301,0,,1,2,,,,,0,,0,0,0,0,0,N,648,0,2,0,0,2,0,0,3,4,0,2,10,,N,,,,,,,,,,,
2010004637,1203.0,3,0,0,0,0,0,0,0,0,1,0,,67,12,2009,2,40.0285,-75.0235,1149.0,6,0,0,0,0,0,2,0,0,1.0,0,0,0,11,1,4,0,,1,40 01:42.937,2.0,0,75 01:24.169,4,0,0,0,67301,0,0,0,N,0,0,0,9,68K01,4,,1,1,,N,N,,0,,0,0,0,0,0,N,1145,4,4,0,0,0,0,0,3,4,1,4,3,,N,,,,,,,,,,,
2010005503,1620.0,1,0,0,0,0,0,0,0,0,8,0,,67,12,2009,3,40.0659,-75.0513,1614.0,6,0,0,0,0,0,0,0,0,,0,0,0,16,1,1,0,,0,40 03:57.180,,0,75 03:04.691,8,0,0,0,67301,1,0,0,N,1,0,0,2,67301,0,,1,1,,,N,,0,,0,0,0,0,0,,1600,1,2,0,0,0,1,0,3,4,0,1,3,,N,,,,,,,,,,,
2010005529,222.0,1,0,0,0,0,0,0,0,0,7,0,,67,12,2009,1,39.9824,-75.2018,219.0,6,0,0,0,0,0,0,0,0,,0,0,0,2,3,0,0,,0,39 58:56.327,,0,75 12:05.878,0,0,0,0,67301,0,0,0,N,0,0,0,1,67301,0,,5,9,,N,N,,0,,0,0,0,0,0,,215,0,1,0,0,0,0,0,3,4,0,1,3,,N,,,,,,,,,,,
2010034609,2320.0,1,0,0,0,0,0,0,0,0,1,0,,67,12,2009,1,39.9151,-75.158,2320.0,6,0,0,0,0,0,0,0,0,2.0,0,0,0,23,3,0,1,,1,39 54:54.276,3.0,0,75 09:28.959,9,0,0,0,67301,0,0,0,N,0,0,0,1,67301,0,,1,6,,N,N,,1,,0,0,1,3,2,N,2320,0,3,0,0,0,0,1,3,4,0,3,10,,N,,,,,,,,,,,
2010005621,823.0,2,0,0,0,0,0,0,0,0,4,0,,67,12,2009,6,40.0029,-75.1017,822.0,6,0,0,0,0,0,1,0,0,1.0,0,0,0,8,3,2,1,,1,40 00:10.274,2.0,0,75 06:06.094,4,0,0,0,67301,0,0,0,,0,0,0,4,67301,2,,1,1,,N,N,,0,,0,0,0,3,2,Y,820,2,2,0,0,0,0,1,3,4,0,2,3,,N,,,,,,,,,,,
2010005624,347.0,2,0,0,0,0,0,0,0,0,1,0,,67,12,2009,1,40.0242,-75.1328,344.0,6,0,0,0,0,0,0,0,0,1.0,0,0,0,3,3,0,2,,1,40 01:26.988,1.0,0,75 07:59.257,0,0,0,0,67301,0,0,0,,0,0,0,2,67301,0,,1,1,,,,,0,,0,0,0,3,2,N,344,0,2,0,0,0,0,0,3,4,0,2,3,,N,,,,,,,,,,,
2010005735,1240.0,1,0,0,0,0,0,0,0,0,2,0,,67,12,2009,1,40.0345,-75.1149,1233.0,6,0,0,0,0,0,2,0,0,,0,0,0,11,1,0,1,,0,40 02:04.023,,0,75 06:53.623,0,0,0,0,67301,0,0,0,N,0,0,0,2,67301,0,,1,6,,N,N,,0,,0,0,1,3,2,,1140,0,2,0,0,0,0,0,3,4,0,2,3,,N,,,,,,,,,,,
2010005601,837.0,2,0,0,0,0,0,0,0,0,4,0,,67,12,2009,2,40.0299,-75.2064,834.0,6,0,0,0,0,0,0,0,0,,0,0,0,8,1,0,2,,0,40 01:47.480,,0,75 12:23.517,0,0,0,0,67301,0,0,0,N,0,0,0,2,67301,0,,1,1,,N,N,,0,,0,0,0,0,0,,800,0,2,0,0,0,0,0,3,4,0,2,3,,N,,,,,,,,,,,
2009054107,2331.0,2,0,0,0,0,0,0,0,0,4,0,,67,4,2009,7,40.0386,-75.0782,2329.0,6,0,0,0,0,1,0,0,0,2.0,0,0,0,23,3,0,2,,2,40 02:18.940,5.0,0,75 04:41.440,0,0,0,0,67301,0,0,0,N,0,0,0,4,67301,0,,1,1,,N,N,,0,,0,0,0,0,0,Y,2324,0,2,0,0,0,0,0,3,4,0,2,3,,N,,,,,,,,,,,
2009068526,347.0,1,0,0,0,0,0,0,0,0,4,0,,67,5,2009,1,39.9618,-75.1367,346.0,6,0,0,0,0,0,0,0,0,,1,0,0,3,3,0,2,,0,39 57:42.474,,0,75 08:12.027,1,1,0,1,67301,0,0,0,,0,0,0,2,67301,0,2.0,1,1,,N,N,,0,0.0,0,0,0,3,2,,343,0,2,0,0,0,0,0,3,4,0,2,3,,N,,,,,,,,,,,
2010017181,1905.0,0,0,0,0,0,0,0,0,0,8,0,,67,12,2009,3,40.0367,-75.1807,1900.0,6,0,0,0,0,0,0,0,0,,0,0,0,15,1,1,0,,0,40 02:12.138,,0,75 10:50.379,3,0,0,0,67301,1,0,0,,1,0,0,2,67301,0,,1,6,,,,,0,,1,0,1,0,0,,1550,1,2,0,0,0,0,0,3,4,0,1,10,,N,,,,,,,,,,,
2009067474,535.0,1,0,0,0,0,0,0,0,0,1,0,,67,5,2009,1,39.9911,-75.1404,530.0,6,0,0,0,0,0,0,0,0,,0,0,0,4,5,1,0,,0,39 59:27.848,,0,75 08:25.594,3,0,0,0,67301,0,0,0,,0,0,0,1,67301,0,,1,1,,,,,1,,1,0,0,0,0,,435,1,2,0,0,0,0,0,3,4,0,2,3,,N,,,,,,,,,,,
2009059723,130.0,1,0,0,0,0,0,0,0,0,1,0,,67,5,2009,1,,,128.0,6,0,0,0,0,0,1,0,0,,0,0,0,1,3,0,0,,0,,,0,,0,0,0,0,67301,0,0,0,N,0,0,0,2,67301,0,,1,1,,N,N,,0,,0,0,0,0,0,,120,0,2,0,0,1,0,0,3,3,1,2,3,,N,,,,,,,,,,,
2009111112,748.0,1,0,0,0,0,0,0,0,0,8,0,,67,9,2009,5,40.0235,-75.216,744.0,6,0,0,0,0,0,0,0,0,,0,0,0,7,1,1,0,,0,40 01:24.668,,0,75 12:57.430,4,0,0,0,67301,1,0,0,,1,0,0,2,67301,1,,1,1,,,,,0,,0,0,0,0,0,,740,1,2,0,0,0,0,0,3,4,0,1,3,,N,,,,,,,,,,,
2009111160,1355.0,0,0,0,0,0,0,0,0,0,8,0,,67,10,2009,5,39.906,-75.2408,1341.0,6,0,0,0,0,0,0,0,0,,0,0,0,12,1,1,0,,0,39 54:21.772,,0,75 14:26.712,4,0,0,0,67301,1,0,0,,1,0,0,2,67301,1,,1,9,,,,,0,,0,0,0,0,0,,1250,1,2,0,0,0,0,0,3,4,0,1,7,,N,,,,,,,,,,,
2009106209,1158.0,3,0,0,0,0,0,0,0,0,1,0,,67,9,2009,7,39.9792,-75.231,1155.0,6,0,0,0,1,0,0,0,0,,0,0,0,11,1,2,0,,0,39 58:45.036,,0,75 13:51.517,8,0,0,0,67301,0,0,0,N,0,0,0,3,67301,0,,1,1,,N,N,,0,,0,0,0,0,0,,1153,2,3,0,0,0,2,0,3,4,0,3,3,,N,,,,,,,,,,,
2009120854,1630.0,1,0,0,1,0,0,0,0,0,1,0,,67,10,2009,3,39.9359,-75.1569,1630.0,6,0,0,0,0,0,0,0,0,,0,0,0,16,1,1,1,,0,39 56:09.409,,0,75 09:24.814,4,0,0,0,67301,1,0,0,N,0,0,0,2,67301,1,,1,1,,N,N,,0,,0,0,0,3,2,,1610,1,2,0,0,0,0,1,3,4,0,1,3,,N,,,,,,,,,,,
2009118985,942.0,0,0,0,0,0,0,0,0,0,7,0,,67,10,2009,7,39.933,-75.2382,937.0,6,0,0,0,0,0,0,0,0,,0,0,0,9,1,1,0,,0,39 55:58.788,,0,75 14:17.551,8,0,0,0,67301,0,0,0,,0,0,0,1,67301,0,,4,9,,,,,0,,0,0,1,0,0,,926,1,1,0,0,0,1,0,3,4,0,1,7,,N,,,,,,,,,,,
2009121141,2234.0,1,0,0,0,0,0,0,0,0,7,0,,67,10,2009,5,40.0354,-75.0682,2207.0,6,0,0,0,0,0,0,0,0,1.0,0,0,0,22,3,1,0,,1,40 02:07.529,1.0,0,75 04:05.400,8,0,0,0,67301,0,0,0,N,0,0,0,1,67301,0,,2,1,,N,N,,0,,0,0,0,0,0,N,2205,1,1,0,0,0,1,0,3,4,0,1,3,,N,,,,,,,,,,,
2009111610,1625.0,1,0,0,0,0,0,0,0,0,8,0,,67,10,2009,1,39.9496,-75.1491,1620.0,6,0,0,0,0,1,0,0,0,,0,0,0,16,1,1,2,,0,39 56:58.596,,0,75 08:56.742,4,0,0,0,67301,1,0,0,N,1,0,0,2,67301,1,,1,1,,N,N,,0,,0,0,0,0,0,,1615,1,2,0,0,0,0,0,3,4,0,1,3,,N,,,,,,,,,,,
2009054105,323.0,2,0,0,0,0,0,0,0,0,5,0,,67,4,2009,4,39.9256,-75.1506,320.0,6,0,0,0,0,0,0,0,0,,0,0,0,3,3,1,0,,0,39 55:32.311,,0,75 09:02.077,4,0,0,0,67301,0,0,0,N,0,0,0,1,67301,1,,6,1,,N,N,,1,,0,0,0,0,0,,317,1,3,0,0,1,0,0,3,4,0,3,3,,N,,,,,,,,,,,
2009056854,1547.0,1,0,0,0,0,0,0,0,0,7,0,,67,5,2009,4,40.0067,-75.0736,1542.0,6,0,0,0,0,0,0,0,0,,0,0,0,15,1,1,0,,0,40 00:24.480,,0,75 04:24.600,8,0,0,0,67301,0,0,0,Y,0,0,0,2,68K01,0,,2,1,,N,N,,0,,0,0,0,0,0,,1540,1,1,0,0,0,1,0,3,4,0,1,3,,N,,,,,,,,,,,
2009093544,1529.0,4,0,0,0,0,0,0,0,0,1,0,,67,8,2009,2,40.0684,-75.1721,1528.0,6,0,0,0,0,0,1,0,0,,0,0,0,15,1,0,0,,0,40 04:06.132,,0,75 10:19.578,0,0,0,0,67301,0,0,0,N,0,0,0,1,67301,0,,6,1,,N,N,,0,,0,0,0,0,0,,1500,0,4,0,0,0,0,0,3,4,0,4,3,,N,,,,,,,,,,,
2009093654,1845.0,1,0,0,0,0,0,0,0,0,4,0,,67,8,2009,2,39.9443,-75.219,1845.0,6,0,0,0,0,0,0,0,0,1.0,0,0,0,18,1,0,2,,2,39 56:39.624,3.0,0,75 13:08.504,0,0,0,0,67301,0,0,0,N,0,0,0,3,67301,0,,1,1,,N,N,,1,,0,0,0,3,3,Y,1840,0,2,0,0,0,0,0,3,4,0,2,3,,N,,,,,,,,,,,
2009054317,1010.0,2,0,0,0,0,0,0,0,0,2,0,,67,4,2009,7,40.0359,-75.1266,1005.0,6,0,0,0,0,0,0,0,0,,0,0,0,10,1,1,1,,0,40 02:09.349,,0,75 07:35.780,3,0,0,0,67301,0,0,0,N,0,0,0,2,67301,0,,1,9,,N,N,,0,,1,0,0,3,3,,1000,1,2,0,0,0,0,0,3,4,0,2,7,,N,,,,,,,,,,,
2009056921,1402.0,1,0,0,0,0,0,0,0,0,4,0,,67,4,2009,5,39.9651,-75.2277,1401.0,6,0,0,0,0,0,0,0,0,,0,0,0,14,1,1,1,,0,39 57:54.252,,0,75 13:39.784,8,0,0,0,67301,0,0,0,N,0,0,0,2,67301,0,,1,1,,N,N,,0,,0,0,1,3,2,,1400,1,2,0,0,0,1,0,3,4,0,2,3,,N,,,,,,,,,,,
2009054424,2014.0,3,0,0,0,0,0,0,0,0,1,0,,67,4,2009,3,40.0511,-75.1185,2101.0,6,0,0,0,0,0,0,0,0,,0,0,0,20,3,0,0,,0,40 03:03.861,,0,75 07:06.727,0,0,0,0,67301,0,0,0,N,0,0,0,3,67301,0,,1,1,,N,N,,0,,0,0,0,0,0,,2004,0,3,0,0,0,0,0,3,4,0,3,3,,N,,,,,,,,,,,
2009054443,1725.0,1,0,0,0,0,0,0,0,0,4,0,,67,4,2009,6,39.9773,-75.1983,1720.0,6,0,0,0,0,0,1,0,0,1.0,0,0,0,17,1,1,0,,1,39 58:38.250,2.0,0,75 11:53.907,4,0,0,0,67301,0,0,0,Y,0,0,0,3,67301,1,,4,1,,N,N,,0,,0,0,1,0,0,N,1715,1,2,0,0,0,0,0,3,4,0,2,3,,N,,,,,,,,,,,
2009054475,1822.0,0,0,0,0,0,0,0,0,0,7,0,,67,4,2009,2,39.9635,-75.1353,1809.0,6,0,0,0,0,0,0,0,0,2.0,0,0,0,99,1,2,0,,2,39 57:48.389,2.0,0,75 08:07.470,4,0,0,1,67301,0,0,0,N,0,0,0,2,67301,2,,3,1,,N,N,,0,,0,0,0,0,0,Y,9999,2,1,0,0,0,0,0,3,4,0,1,3,,N,,,,,,,,,,,