CRN,ARRIVAL_TM,AUTOMOBILE_COUNT,BELTED_DEATH_COUNT,BELTED_SUSP_SERIOUS_INJ_COUNT,BICYCLE_COUNT,BICYCLE_DEATH_COUNT,BICYCLE_SUSP_SERIOUS_INJ_COUNT,BUS_COUNT,CHLDPAS_DEATH_COUNT,CHLDPAS_SUSP_SERIOUS_INJ_COUNT,COLLISION_TYPE,COMM_VEH_COUNT,CONS_ZONE_SPD_LIM,COUNTY,CRASH_MONTH,CRASH_YEAR,DAY_OF_WEEK,DEC_LAT,DEC_LONG,DISPATCH_TM,DISTRICT,DRIVER_COUNT_16YR,DRIVER_COUNT_17YR,DRIVER_COUNT_18YR,DRIVER_COUNT_19YR,DRIVER_COUNT_20YR,DRIVER_COUNT_50_64YR,DRIVER_COUNT_65_74YR,DRIVER_COUNT_75PLUS,EST_HRS_CLOSED,FATAL_COUNT,HEAVY_TRUCK_COUNT,HORSE_BUGGY_COUNT,HOUR_OF_DAY,ILLUMINATION,INJURY_COUNT,INTERSECT_TYPE,INTERSECTION_RELATED,LANE_CLOSED,LATITUDE,LN_CLOSE_DIR,LOCATION_TYPE,LONGITUDE,MAX_SEVERITY_LEVEL,MCYCLE_DEATH_COUNT,MCYCLE_SUSP_SERIOUS_INJ_COUNT,MOTORCYCLE_COUNT,MUNICIPALITY,NONMOTR_COUNT,NONMOTR_DEATH_COUNT,NONMOTR_SUSP_SERIOUS_INJ_COUNT,NTFY_HIWY_MAINT,PED_COUNT,PED_DEATH_COUNT,PED_SUSP_SERIOUS_INJ_COUNT,PERSON_COUNT,POLICE_AGCY,POSSIBLE_INJ_COUNT,RDWY_SURF_TYPE_CD,RELATION_TO_ROAD,ROAD_CONDITION,ROADWAY_CLEARED,SCH_BUS_IND,SCH_ZONE_IND,SECONDARY_CRASH,SMALL_TRUCK_COUNT,SPEC_JURIS_CD,SUSP_MINOR_INJ_COUNT,SUSP_SERIOUS_INJ_COUNT,SUV_COUNT,TCD_FUNC_CD,TCD_TYPE,TFC_DETOUR_IND,TIME_OF_DAY,TOT_INJ_COUNT,TOTAL_UNITS,UNB_DEATH_COUNT,UNB_SUSP_SERIOUS_INJ_COUNT,UNBELTED_OCC_COUNT,UNK_INJ_DEG_COUNT,UNK_INJ_PER_COUNT,URBAN_AREA,URBAN_RURAL,VAN_COUNT,VEHICLE_COUNT,WEATHER1,WEATHER2,WORK_ZONE_IND,WORK_ZONE_LOC,WORK_ZONE_TYPE,WORKERS_PRES,WZ_CLOSE_DETOUR,WZ_FLAGGER,WZ_LAW_OFFCR_IND,WZ_LN_CLOSURE,WZ_MOVING,WZ_OTHER,WZ_SHLDER_MDN,WZ_WORKERS_INJ_KILLED
2009054514,642.0,1,0,0,1,0,0,0,0,0,4,0,,67,4,2009,5,39.948,-75.1727,638.0,6,0,0,0,0,0,0,0,0,,0,0,0,6,1,1,2,,0,39 56:52.684,,0,75 10:21.874,8,0,0,0,67301,1,0,0,N,0,0,0,2,67301,0,,1,1,,N,N,,0,,0,0,0,3,1,,635,1,2,0,0,0,1,0,3,4,0,1,3,,N,,,,,,,,,,,
2009054529,1818.0,1,0,0,0,0,0,0,0,0,8,0,,67,4,2009,5,40.0088,-75.1386,1813.0,6,0,0,0,0,0,1,0,0,,0,0,0,8,1,1,1,,0,40 00:31.604,,0,75 08:18.833,4,0,0,0,67301,1,0,0,,1,0,0,2,67301,1,,1,1,,,,,0,,0,0,0,3,2,,807,1,2,0,0,1,0,0,3,4,0,1,3,,N,,,,,,,,,,,
2009088708,1624.0,1,0,0,0,0,0,0,0,0,1,0,,67,8,2009,6,39.9245,-75.1473,1605.0,6,0,0,0,0,0,0,0,0,1.0,0,0,0,16,1,1,0,,1,39 55:27.960,2.0,0,75 08:50.520,4,0,0,0,67301,0,0,0,N,0,0,0,2,68K01,1,,1,9,,N,N,,1,,0,0,0,0,0,N,1601,1,2,0,0,0,0,0,3,4,0,2,7,,N,,,,,,,,,,,
2009088710,1623.0,0,0,0,0,0,0,0,0,0,1,0,,67,8,2009,7,40.0218,-75.0389,1623.0,6,0,0,0,0,0,0,1,0,1.0,0,0,0,16,1,1,0,,1,40 01:20.825,1.0,0,75 02:13.613,4,0,0,0,67301,0,0,0,N,0,0,0,7,68K01,1,,1,1,,N,N,,1,,0,0,1,0,0,N,1623,1,3,0,0,0,0,0,3,4,1,3,3,,N,,,,,,,,,,,
2009086260,1633.0,0,0,0,1,0,0,0,0,0,4,0,,67,7,2009,3,40.0323,-75.135,1633.0,6,0,0,0,0,0,1,0,0,,0,0,0,16,1,1,0,,0,40 01:56.298,,0,75 08:05.992,4,0,0,0,67301,1,0,0,N,0,0,0,2,67301,1,,1,1,,N,N,,0,,0,0,0,0,0,,1625,1,2,0,0,0,0,0,3,4,1,1,3,,N,,,,,,,,,,,
2009083644,1442.0,1,0,0,0,0,0,0,0,0,4,0,,67,6,2009,4,39.9708,-75.1228,1440.0,6,0,0,0,0,1,1,0,0,9.0,0,0,0,14,1,4,1,,2,39 58:14.649,5.0,0,75 07:21.214,4,0,0,0,67301,0,0,0,N,0,0,0,5,67301,1,,1,1,,N,N,,0,,0,0,0,3,2,Y,1430,4,2,0,0,0,3,0,3,4,1,2,3,,N,,,,,,,,,,,
2009073412,1340.0,1,0,0,0,0,0,0,0,0,4,0,,67,7,2009,7,40.0546,-75.125,1340.0,6,0,0,0,0,0,1,0,0,,0,0,0,13,1,0,1,,0,40 03:16.927,,0,75 07:29.496,0,0,0,0,67301,0,0,0,N,0,0,0,3,46102,0,,1,1,,N,N,,0,,0,0,0,3,2,,1340,0,2,0,0,0,0,0,3,4,1,2,3,,N,,,,,,,,,,,
2009068517,845.0,2,0,0,0,0,0,0,0,0,1,0,,67,6,2009,3,40.0624,-75.0427,833.0,6,0,0,0,0,0,1,0,0,1.0,0,0,0,8,1,1,1,,1,40 03:44.577,1.0,0,75 02:33.887,4,0,0,0,67301,0,0,0,N,0,0,0,3,67301,1,,1,9,,N,N,,0,,0,0,0,3,2,N,825,1,2,0,0,0,0,0,3,4,0,2,7,,N,,,,,,,,,,,
2010003101,1720.0,1,0,0,0,0,0,0,0,0,8,0,,67,12,2009,2,39.9219,-75.1702,1713.0,6,0,0,0,0,0,1,0,0,,0,0,0,11,1,1,1,,0,39 55:18.972,,0,75 10:12.993,4,0,0,0,67301,1,0,0,N,1,0,0,2,67301,1,,1,1,,N,N,,0,,0,0,0,3,2,,1130,1,2,0,0,0,0,1,3,4,0,1,3,,N,,,,,,,,,,,
2010006219,921.0,0,0,0,0,0,0,1,0,0,8,1,,67,11,2009,6,40.0329,-75.2145,921.0,6,0,0,0,0,0,0,0,0,,0,0,0,9,1,1,1,,0,40 01:58.068,,0,75 12:51.988,3,0,0,0,67301,1,0,0,N,1,0,0,2,67301,0,,1,9,,N,N,,0,,1,0,0,3,2,,921,1,2,0,0,0,0,0,3,4,0,1,7,,N,,,,,,,,,,,
2010006285,1735.0,1,0,0,1,0,0,0,0,0,4,0,,67,11,2009,2,39.9702,-75.1597,1732.0,6,0,0,0,0,0,0,0,0,,0,0,0,17,1,1,1,,0,39 58:12.850,,0,75 09:35.188,4,0,0,0,67301,1,0,0,N,0,0,0,2,67301,1,,1,1,,N,N,,0,,0,0,0,3,2,,1730,1,2,0,0,0,0,0,3,4,0,1,3,,N,,,,,,,,,,,
2010010154,0.0,1,0,0,0,0,0,0,0,0,1,0,,67,7,2009,3,40.0118,-75.0978,0.0,6,0,0,0,0,0,0,0,0,,0,0,0,17,6,2,1,,0,40 00:42.859,,0,75 05:51.842,3,0,0,0,67301,0,0,0,N,0,0,0,4,00000,0,,1,1,,N,N,,0,,2,0,1,3,2,,1730,2,3,0,0,0,0,1,3,4,0,3,3,,N,,,,,,,,,,,
2010010156,1400.0,2,0,0,0,0,0,0,0,0,1,0,,67,6,2009,7,,,1400.0,6,0,0,0,0,0,0,0,1,,0,0,0,14,1,1,0,,0,,,0,,8,0,0,0,67301,0,0,0,N,0,0,0,2,00000,0,,1,1,,N,N,,0,,0,0,0,0,0,,1400,1,2,0,0,0,1,0,3,3,0,2,3,,N,,,,,,,,,,,
2010005895,1518.0,1,0,0,0,0,0,0,0,0,8,0,,67,11,2009,3,40.0367,-75.1584,1515.0,6,0,0,0,0,0,0,0,0,2.0,0,0,0,15,1,3,1,,2,40 02:12.109,3.0,0,75 09:30.211,3,0,0,0,67301,3,0,0,N,3,0,0,4,67301,2,,4,1,,N,N,,0,,1,0,0,3,2,Y,1512,3,5,0,0,0,0,0,3,4,0,1,3,,N,,,,,,,,,,,
2010011111,9999.0,0,0,0,0,0,0,0,0,0,1,0,,67,12,2009,4,39.9997,-75.1382,9999.0,6,0,0,0,0,0,0,0,0,,0,0,0,99,4,1,0,,0,39 59:58.812,,7,75 08:17.695,4,0,0,0,67301,0,0,0,,0,0,0,3,67301,1,,1,9,,,,,0,,0,0,1,0,0,,9999,1,2,0,0,0,0,0,3,4,1,2,3,,N,,,,,,,,,,,
2010018961,1215.0,1,0,0,0,0,0,0,0,0,8,0,,67,12,2009,3,40.0547,-75.0047,1215.0,6,0,0,0,0,0,0,0,0,,0,0,0,12,1,1,0,,0,40 03:16.860,,0,75 00:17.048,8,0,0,0,67301,1,0,0,,1,0,0,2,67301,0,,1,1,,,,,0,,0,0,0,0,0,,1215,1,2,0,0,0,1,0,3,4,0,1,3,,N,,,,,,,,,,,
2010002113,1334.0,2,0,0,0,0,0,0,0,0,5,0,,67,12,2009,1,39.9945,-75.1987,1331.0,6,0,0,0,0,0,1,1,0,,0,0,0,13,1,0,0,,0,39 59:43.414,,0,75 11:52.104,0,0,0,0,67301,0,0,0,N,0,0,0,2,68K01,0,,2,9,,N,N,,0,,0,0,0,0,0,,1322,0,2,0,0,0,0,0,3,4,0,2,3,,N,,,,,,,,,,,
2010005504,1810.0,2,0,0,0,0,0,0,0,0,4,0,,67,12,2009,5,40.0124,-75.0584,1808.0,6,0,0,0,0,0,2,0,0,,0,0,0,18,1,1,2,,0,40 00:44.831,,0,75 03:30.442,4,0,0,0,67301,0,0,0,N,0,0,0,2,67301,1,,1,1,,N,N,,0,,0,0,0,3,2,,1800,1,2,0,0,0,0,0,3,4,0,2,3,,N,,,,,,,,,,,
2010005517,1806.0,1,0,0,1,0,0,0,0,0,8,0,,67,12,2009,3,39.9259,-75.1623,1745.0,6,0,0,0,0,0,0,0,0,,0,0,0,17,3,1,1,,0,39 55:33.358,,0,75 09:44.420,4,0,0,0,67301,1,0,0,N,0,0,0,2,67301,1,,1,1,,N,N,,0,,0,0,0,3,3,,1740,1,2,0,0,0,0,1,3,4,0,1,3,,N,,,,,,,,,,,
2010002741,1500.0,0,0,0,0,0,0,0,0,0,8,0,,67,11,2009,1,40.0293,-75.1815,1500.0,6,0,0,0,0,0,0,0,0,,0,0,0,19,2,1,1,,0,40 01:45.357,,0,75 10:53.338,4,0,0,0,67301,1,0,0,,1,0,0,2,67301,1,,1,1,,,,,0,,0,0,0,3,2,,1930,1,2,0,0,0,0,0,3,4,0,1,3,,N,,,,,,,,,,,
2010003067,1820.0,3,0,0,0,0,0,0,0,0,2,0,,67,11,2009,4,39.992,-75.1402,1811.0,6,0,0,0,0,0,0,0,0,1.0,0,0,0,18,3,2,1,,1,39 59:31.697,7.0,0,75 08:24.775,8,0,0,0,67301,0,0,0,N,0,0,0,5,67301,0,,1,9,,N,N,,1,,0,0,1,3,2,Y,1800,2,5,0,0,0,2,0,3,4,0,5,7,,N,,,,,,,,,,,
2010005628,1808.0,2,0,0,0,0,0,0,0,0,5,0,,67,12,2009,7,40.042,-75.0884,1808.0,6,0,0,1,0,0,1,0,0,,0,0,0,18,4,1,0,,0,40 02:31.115,,0,75 05:18.203,4,0,0,0,67301,0,0,0,,0,0,0,3,67301,1,,1,1,,,,,0,,0,0,0,0,0,,1806,1,2,0,0,0,0,0,3,4,0,2,3,,N,,,,,,,,,,,
2010002773,2325.0,2,0,0,0,0,0,0,0,0,6,0,,67,11,2009,7,39.9168,-75.1713,2319.0,6,0,0,0,0,0,0,0,0,,0,0,0,23,3,1,1,,0,39 55:00.583,,0,75 10:16.768,4,0,0,0,67301,0,0,0,N,0,0,0,2,67301,1,,1,1,,N,N,,0,,0,0,0,3,2,,2300,1,2,0,0,0,0,0,3,4,0,2,3,,N,,,,,,,,,,,
2010003249,840.0,1,0,0,0,0,0,1,0,0,4,1,,67,12,2009,2,40.044,-75.1196,838.0,6,0,0,0,0,0,0,0,0,,0,0,0,8,1,1,2,,0,40 02:38.360,,0,75 07:10.394,4,0,0,0,67301,0,0,0,N,0,0,0,2,67301,1,,1,1,,N,N,,0,,0,0,0,0,0,,838,1,2,0,0,0,0,0,3,4,0,2,3,,N,,,,,,,,,,,
2010005731,1925.0,1,0,0,0,0,0,0,0,0,7,1,,67,2,2009,3,39.9793,-75.1627,1913.0,6,0,0,0,0,0,1,0,0,1.0,0,1,0,7,3,2,1,,1,39 58:45.483,4.0,0,75 09:45.551,8,0,0,0,67301,2,0,0,,0,0,0,3,67301,0,,4,1,,,,,0,,0,0,0,3,2,Y,712,2,2,0,0,0,2,0,3,4,0,2,3,,N,,,,,,,,,,,
2009067608,1608.0,1,0,0,0,0,0,0,0,0,8,0,,67,6,2009,6,39.955,-75.168,1555.0,6,0,0,0,0,0,0,0,0,,0,0,0,15,1,1,10,,0,39 57:18.079,,0,75 10:04.799,4,0,0,0,67301,1,0,0,N,1,0,0,2,67301,1,,1,9,,N,N,,0,,0,0,0,3,2,,1500,1,2,0,0,0,0,1,3,4,0,1,7,,N,,,,,,,,,,,
2009057243,1226.0,2,0,0,0,0,0,0,0,0,4,0,,67,5,2009,2,40.0152,-75.1498,1223.0,6,0,0,0,0,0,1,0,0,,0,0,0,12,1,1,1,,0,40 00:54.831,,0,75 08:59.392,8,0,0,0,67301,0,0,0,N,0,0,0,2,67301,0,,1,9,,N,N,,0,,0,0,0,3,2,,1222,1,2,0,0,0,1,1,3,4,0,2,7,,N,,,,,,,,,,,
2009065204,1541.0,1,0,0,0,0,0,0,0,0,1,0,,67,5,2009,7,39.9083,-75.147,1541.0,6,0,0,0,0,0,0,0,0,1.0,0,0,0,15,1,1,0,,1,39 54:29.883,4.0,0,75 08:49.364,4,0,0,0,67301,0,0,0,N,0,0,0,3,67501,1,,1,9,,N,N,,0,,0,0,1,3,8,N,1541,1,2,0,0,0,0,0,3,4,0,2,3,,N,,,,,,,,,,,
2009118889,910.0,0,0,0,0,0,0,0,0,0,7,0,,67,10,2009,6,40.0164,-75.2028,905.0,6,0,0,0,0,0,0,0,0,1.0,0,0,0,9,1,2,0,,2,40 00:58.890,1.0,0,75 12:09.969,4,0,0,0,67301,0,0,0,N,0,0,0,2,67301,2,,5,9,,N,N,,0,,0,0,1,0,0,N,905,2,1,0,0,2,0,0,3,4,0,1,7,,N,,,,,,,,,,,
2009120832,2149.0,2,0,0,0,0,0,0,0,0,1,0,,67,10,2009,2,39.8946,-75.2367,2135.0,6,0,0,0,1,0,0,1,0,,0,0,0,20,3,0,1,,0,39 53:40.603,,0,75 14:12.181,0,0,0,0,67301,0,0,0,N,0,0,0,3,67301,0,,1,1,,N,N,,0,,0,0,0,3,2,,2025,0,2,0,0,0,0,0,3,4,0,2,3,,N,,,,,,,,,,,
2009120838,2041.0,0,0,0,0,0,0,0,0,0,8,0,,67,10,2009,7,40.0264,-75.0424,2034.0,6,0,0,0,0,0,0,0,0,,0,0,0,20,3,1,0,,0,40 01:35.372,,7,75 02:31.851,8,0,0,0,67301,1,0,0,N,1,0,0,2,67301,0,,5,9,,N,N,,1,,0,0,0,0,0,,2025,1,2,0,0,0,1,1,3,4,0,1,7,,N,,,,,,,,,,,
2009093492,1750.0,2,0,0,0,0,0,0,0,0,1,0,,67,8,2009,3,39.981,-75.1756,1745.0,6,0,0,0,0,0,0,0,0,,0,0,0,17,4,1,1,,0,39 58:51.614,,0,75 10:32.213,8,0,0,0,67301,0,0,0,N,0,0,0,2,67301,0,,1,1,,N,N,,0,,0,0,0,3,2,,1745,1,3,0,0,0,1,0,3,4,0,3,3,,N,,,,,,,,,,,
2009056712,1820.0,1,0,0,0,0,0,0,0,0,5,0,,67,5,2009,7,40.0258,-75.0317,1819.0,6,0,0,0,0,0,1,0,0,,0,0,0,18,1,1,0,,0,40 01:32.841,,0,75 01:54.248,3,0,0,1,67301,0,0,0,N,0,0,0,2,67301,0,,1,1,,N,N,,0,,1,0,0,0,0,,1819,1,3,0,0,1,0,0,3,4,1,3,3,,N,,,,,,,,,,,
2009061995,1000.0,1,0,0,0,0,0,0,0,0,7,0,,67,5,2009,7,39.9269,-75.1466,955.0,6,0,0,0,0,0,1,0,0,1.0,0,0,0,9,1,1,0,,2,39 55:36.985,1.0,0,75 08:47.707,4,0,0,0,67301,0,0,0,N,0,0,0,1,68K01,1,,2,1,,N,N,,0,,0,0,0,0,0,N,950,1,1,0,0,0,0,0,3,4,0,1,3,,N,,,,,,,,,,,
2009093568,336.0,2,0,0,0,0,0,0,0,0,1,0,,67,7,2009,3,39.9174,-75.2341,335.0,6,0,0,0,0,0,0,0,0,,0,0,0,3,3,1,0,,0,39 55:02.570,,0,75 14:02.790,8,0,0,0,67301,0,0,0,N,0,0,0,1,67301,0,,6,1,,N,N,,1,,0,0,0,0,0,,332,1,3,0,0,0,1,0,3,4,0,3,3,,N,,,,,,,,,,,
2009093631,9999.0,1,0,0,0,0,0,0,0,0,8,0,,67,7,2009,6,39.9938,-75.1389,2145.0,6,0,0,0,0,0,0,0,0,,0,0,0,21,3,1,0,,0,39 59:37.852,,0,75 08:19.928,4,0,0,0,67301,1,0,0,N,1,0,0,2,67301,1,,1,1,,N,N,,0,,0,0,0,0,0,,2120,1,2,0,0,0,0,0,3,4,0,1,3,,N,,,,,,,,,,,
2009093646,915.0,2,0,0,0,0,0,0,0,0,4,0,,67,8,2009,4,40.009,-75.1365,900.0,6,0,0,0,0,0,0,0,0,,0,0,0,8,3,1,1,,0,40 00:32.335,,0,75 08:11.486,3,0,0,0,67301,0,0,0,N,0,0,0,2,67301,0,,1,1,,N,N,,0,,1,0,0,0,0,,835,1,2,0,0,0,0,1,3,4,0,2,3,,N,,,,,,,,,,,
2009093657,1329.0,1,0,0,0,0,0,0,0,0,8,0,,67,8,2009,2,39.9751,-75.1812,1328.0,6,0,0,0,0,0,0,0,0,,0,0,0,13,1,1,2,,0,39 58:30.406,,0,75 10:52.467,8,0,0,0,67301,1,0,0,,1,0,0,1,67301,0,,1,1,,,,,0,,0,0,0,3,3,,1320,1,2,0,0,0,1,0,3,4,0,1,3,,N,,,,,,,,,,,
2009056932,9999.0,2,0,0,0,0,0,0,0,0,4,0,,67,4,2009,4,39.9565,-75.1726,9999.0,6,0,0,0,0,0,0,0,0,,0,0,0,99,1,3,1,,0,39 57:23.497,,0,75 10:21.241,8,0,0,0,67301,0,0,0,,0,0,0,4,67301,0,,1,1,,N,,,0,,0,0,0,3,2,,9999,3,2,0,0,0,3,0,3,4,0,2,3,,N,,,,,,,,,,,
2009054546,9999.0,0,0,0,0,0,0,0,0,0,8,0,,67,4,2009,3,40.0217,-75.1123,9999.0,6,0,0,0,0,0,0,0,0,,0,0,0,13,1,1,0,,0,40 01:18.025,,0,75 06:44.200,8,0,0,0,67301,1,0,0,N,1,0,0,1,67301,0,,5,1,,N,N,,1,,0,0,0,0,0,,1300,1,2,0,0,0,1,0,3,4,0,1,3,,N,,,,,,,,,,,
2009094099,9999.0,2,0,0,0,0,0,0,0,0,4,0,,67,9,2009,4,39.9503,-75.1473,1830.0,6,0,0,0,0,0,0,0,0,,0,0,0,99,1,0,1,,0,39 57:01.146,,0,75 08:50.141,9,0,0,0,67301,0,0,0,,0,0,0,3,67301,0,,1,1,,N,N,,0,,0,0,0,3,2,,9999,0,2,0,0,0,0,3,3,4,0,2,3,,N,,,,,,,,,,,
2009083570,2000.0,1,0,0,0,0,0,0,0,0,8,0,,67,7,2009,6,40.0122,-75.1079,2000.0,6,0,0,0,0,1,0,0,0,2.0,0,0,0,20,1,1,0,,2,40 00:43.945,1.0,0,75 06:28.324,8,0,0,0,67301,1,0,0,,1,0,0,2,67301,0,,1,9,,,,,0,,0,0,0,0,0,Y,2000,1,2,0,0,0,1,0,3,4,0,1,7,,N,,,,,,,,,,,
2009086213,955.0,1,0,0,0,0,0,0,0,0,4,0,,67,7,2009,7,39.9827,-75.1753,954.0,6,0,0,0,0,0,1,0,0,,0,0,0,9,1,1,2,,0,39 58:57.630,,0,75 10:30.952,4,0,0,0,67301,0,0,0,N,0,0,0,2,67301,1,,1,1,,N,N,,0,,0,0,1,3,2,,954,1,2,0,0,0,0,0,3,4,0,2,3,,N,,,,,,,,,,,
2009086215,1730.0,2,0,0,0,0,0,0,0,0,4,0,,67,8,2009,6,40.0313,-75.0849,1711.0,6,0,0,0,0,0,0,0,0,1.0,0,0,0,17,1,1,5,,1,40 01:53.078,1.0,0,75 05:05.038,4,0,0,0,67301,0,0,0,N,0,0,0,3,67301,1,,1,1,,N,N,,0,,0,0,0,3,2,N,1711,1,2,0,0,0,0,0,3,4,0,2,3,,N,,,,,,,,,,,
2009086224,1017.0,1,0,0,0,0,0,0,0,0,8,0,,67,8,2009,7,39.9947,-75.1167,1015.0,6,0,0,0,0,0,1,0,0,,0,0,0,8,1,1,0,,0,39 59:40.905,,0,75 06:59.994,4,0,0,0,67301,1,0,0,,1,0,0,2,67301,1,,5,1,,N,N,,0,,0,0,0,0,0,,855,1,2,0,0,0,0,0,3,4,0,1,3,,N,,,,,,,,,,,
2009086286,1000.0,2,0,0,0,0,0,0,0,0,5,0,,67,8,2009,7,39.9243,-75.2305,941.0,6,0,0,0,0,0,0,0,0,9.0,0,0,0,9,1,1,1,,1,39 55:27.440,4.0,0,75 13:49.763,8,0,0,0,67301,0,0,0,N,0,0,0,3,67301,0,,1,1,,N,N,,0,,0,0,0,3,2,N,930,1,2,0,0,0,1,0,3,4,0,2,3,,N,,,,,,,,,,,
2009071375,1955.0,0,0,0,0,0,0,0,0,0,4,0,,67,6,2009,7,40.0068,-75.1567,1950.0,6,0,0,0,0,0,0,0,0,9.0,0,0,0,99,1,1,1,,1,40 00:24.400,1.0,0,75 09:24.191,2,0,0,0,67301,0,0,0,,0,0,0,4,67301,0,,1,9,,,,,0,,0,1,1,3,3,N,9999,1,2,0,1,1,0,0,3,4,1,2,7,,N,,,,,,,,,,,
2010003029,2050.0,3,0,0,0,0,0,0,0,0,2,0,,67,12,2009,6,39.9572,-75.2214,2047.0,6,0,0,0,0,0,0,0,0,,0,0,0,20,3,1,1,,0,39 57:25.981,,0,75 13:17.079,8,0,0,0,67301,0,0,0,N,0,0,0,2,67301,0,,1,1,,N,N,,0,,0,0,0,0,0,,2042,1,3,0,0,1,1,0,3,4,0,3,3,,N,,,,,,,,,,,
2010005941,1905.0,1,0,0,0,0,0,0,0,0,4,0,,67,12,2009,2,39.9823,-75.1381,1903.0,6,0,0,0,0,0,0,0,0,,0,0,0,19,3,2,1,,0,39 58:56.326,,0,75 08:17.336,8,0,0,0,67301,0,0,0,N,0,0,0,5,67301,0,,1,1,,N,N,,0,,0,0,1,3,3,,1903,2,2,0,0,0,2,0,3,4,0,2,3,,N,,,,,,,,,,,
2010006106,1805.0,2,0,0,0,0,0,0,0,0,4,0,,67,12,2009,6,39.9549,-75.1905,1803.0,6,0,0,0,1,0,0,0,0,,0,0,0,18,3,0,0,,0,39 57:17.774,,0,75 11:25.646,0,0,0,0,67301,0,0,0,N,0,0,0,2,67301,0,,1,1,,N,N,,0,,0,0,0,0,0,,1800,0,2,0,0,1,0,0,3,4,0,2,3,,N,,,,,,,,,,,
2010006367,1535.0,1,0,0,0,0,0,1,0,0,4,1,,67,12,2009,2,40.0299,-75.103,1529.0,6,0,0,0,0,0,0,0,0,1.0,0,0,0,15,1,2,2,,2,40 01:48.125,2.0,0,75 06:11.118,8,0,0,0,67301,0,0,0,N,0,0,0,4,67301,0,,1,1,,N,N,,0,,0,0,0,3,2,N,1528,2,2,0,0,0,2,0,3,4,0,2,3,,N,,,,,,,,,,,
2010006313,615.0,2,0,0,0,0,0,0,0,0,4,0,,67,12,2009,7,39.9239,-75.2311,615.0,6,0,0,0,0,0,0,0,0,,0,0,0,6,5,0,0,,0,39 55:25.988,,0,75 13:51.905,0,0,0,0,67301,0,0,0,N,0,0,0,1,67301,0,,1,1,,N,N,,0,,0,0,0,0,0,,610,0,2,0,0,0,0,0,3,4,0,2,3,,N,,,,,,,,,,,
2010006326,2214.0,2,0,0,0,0,0,0,0,0,4,0,,67,12,2009,3,39.9967,-75.1392,9999.0,6,0,0,0,0,0,0,0,0,2.0,0,0,0,22,3,0,2,,2,39 59:48.062,1.0,0,75 08:21.127,9,0,0,0,67301,0,0,0,,0,0,0,2,67301,0,,1,1,,N,,,0,,0,0,0,3,2,Y,2210,0,2,0,0,0,0,1,3,4,0,2,3,,N,,,,,,,,,,,
2010006331,2110.0,1,0,0,0,0,0,0,0,0,1,0,,67,12,2009,3,39.9695,-75.2254,2110.0,6,0,0,0,0,0,1,0,0,,0,0,0,21,3,1,1,,0,39 58:10.310,,0,75 13:31.350,4,0,0,0,67301,0,0,0,N,0,0,0,2,67301,1,,1,1,,N,N,,0,,0,0,0,3,2,,2110,1,2,0,0,0,0,0,3,4,1,2,3,,N,,,,,,,,,,,
2010006411,1339.0,2,0,0,0,0,0,0,0,0,2,0,,67,12,2009,3,40.0207,-75.1486,1339.0,6,0,0,0,0,0,1,1,0,,0,0,0,99,1,2,2,,0,40 01:14.257,,0,75 08:55.161,8,0,0,0,67301,0,0,0,N,0,0,0,3,67301,0,,1,1,,N,N,,0,,0,0,0,0,0,,9999,2,2,0,0,0,2,1,3,4,0,2,3,,N,,,,,,,,,,,
2010004453,1555.0,2,0,0,0,0,0,0,0,0,1,0,,67,12,2009,6,39.9793,-75.1077,1541.0,6,1,0,0,0,0,0,0,0,1.0,0,0,0,15,1,2,0,,1,39 58:45.747,1.0,0,75 06:28.043,4,0,0,0,67301,0,0,0,N,0,0,0,4,68K02,2,,1,1,,N,N,,1,,0,0,0,0,0,N,1537,2,3,0,0,2,0,0,3,4,0,3,3,,N,,,,,,,,,,,
2010038314,1245.0,2,0,0,0,0,0,0,0,0,6,0,,67,12,2009,4,,,1230.0,6,0,0,0,0,0,1,0,0,1.0,0,0,0,12,1,2,0,,1,,1.0,0,,4,0,0,0,67301,0,0,0,,0,0,0,2,67301,2,,1,9,,,,,0,,0,0,0,0,0,Y,1210,2,2,0,0,0,0,0,3,3,0,2,3,,N,,,,,,,,,,,
2010011216,1715.0,1,0,0,0,0,0,0,0,0,8,0,,67,12,2009,7,39.9975,-75.1213,1705.0,6,0,0,0,0,0,0,0,0,,0,0,0,99,3,1,1,,0,39 59:51.168,,0,75 07:16.624,3,0,0,0,67301,1,0,0,,1,0,0,2,67301,0,,1,9,,,,,0,,1,0,0,3,2,,9999,1,2,0,0,0,0,0,3,4,0,1,7,,N,,,,,,,,,,,
2010011154,1600.0,1,0,0,0,0,0,0,0,0,1,0,,67,12,2009,7,39.9989,-75.1591,1550.0,6,0,0,0,0,0,0,0,0,,0,0,0,15,1,0,0,,0,39 59:56.094,,0,75 09:32.824,9,0,0,0,67301,0,0,0,,0,0,0,1,67301,0,,1,9,,,,,0,,0,0,0,9,3,,1550,0,2,0,0,0,0,1,3,4,1,2,7,,N,,,,,,,,,,,
2010017210,1810.0,2,0,0,0,0,0,0,0,0,4,0,,67,12,2009,4,40.0286,-75.0791,1800.0,6,0,0,0,0,0,0,0,0,2.0,0,0,0,17,3,1,1,,2,40 01:42.866,7.0,0,75 04:44.633,2,0,0,0,67301,0,0,0,N,0,0,0,2,67301,0,,1,1,,N,N,,0,,0,1,1,3,3,Y,1757,1,4,0,0,0,0,0,3,4,1,4,3,,N,,,,,,,,,,,