CRN,ARRIVAL_TM,AUTOMOBILE_COUNT,BELTED_DEATH_COUNT,BELTED_SUSP_SERIOUS_INJ_COUNT,BICYCLE_COUNT,BICYCLE_DEATH_COUNT,BICYCLE_SUSP_SERIOUS_INJ_COUNT,BUS_COUNT,CHLDPAS_DEATH_COUNT,CHLDPAS_SUSP_SERIOUS_INJ_COUNT,COLLISION_TYPE,COMM_VEH_COUNT,CONS_ZONE_SPD_LIM,COUNTY,CRASH_MONTH,CRASH_YEAR,DAY_OF_WEEK,DEC_LAT,DEC_LONG,DISPATCH_TM,DISTRICT,DRIVER_COUNT_16YR,DRIVER_COUNT_17YR,DRIVER_COUNT_18YR,DRIVER_COUNT_19YR,DRIVER_COUNT_20YR,DRIVER_COUNT_50_64YR,DRIVER_COUNT_65_74YR,DRIVER_COUNT_75PLUS,EST_HRS_CLOSED,FATAL_COUNT,HEAVY_TRUCK_COUNT,HORSE_BUGGY_COUNT,HOUR_OF_DAY,ILLUMINATION,INJURY_COUNT,INTERSECT_TYPE,INTERSECTION_RELATED,LANE_CLOSED,LATITUDE,LN_CLOSE_DIR,LOCATION_TYPE,LONGITUDE,MAX_SEVERITY_LEVEL,MCYCLE_DEATH_COUNT,MCYCLE_SUSP_SERIOUS_INJ_COUNT,MOTORCYCLE_COUNT,MUNICIPALITY,NONMOTR_COUNT,NONMOTR_DEATH_COUNT,NONMOTR_SUSP_SERIOUS_INJ_COUNT,NTFY_HIWY_MAINT,PED_COUNT,PED_DEATH_COUNT,PED_SUSP_SERIOUS_INJ_COUNT,PERSON_COUNT,POLICE_AGCY,POSSIBLE_INJ_COUNT,RDWY_SURF_TYPE_CD,RELATION_TO_ROAD,ROAD_CONDITION,ROADWAY_CLEARED,SCH_BUS_IND,SCH_ZONE_IND,SECONDARY_CRASH,SMALL_TRUCK_COUNT,SPEC_JURIS_CD,SUSP_MINOR_INJ_COUNT,SUSP_SERIOUS_INJ_COUNT,SUV_COUNT,TCD_FUNC_CD,TCD_TYPE,TFC_DETOUR_IND,TIME_OF_DAY,TOT_INJ_COUNT,TOTAL_UNITS,UNB_DEATH_COUNT,UNB_SUSP_SERIOUS_INJ_COUNT,UNBELTED_OCC_COUNT,UNK_INJ_DEG_COUNT,UNK_INJ_PER_COUNT,URBAN_AREA,URBAN_RURAL,VAN_COUNT,VEHICLE_COUNT,WEATHER1,WEATHER2,WORK_ZONE_IND,WORK_ZONE_LOC,WORK_ZONE_TYPE,WORKERS_PRES,WZ_CLOSE_DETOUR,WZ_FLAGGER,WZ_LAW_OFFCR_IND,WZ_LN_CLOSURE,WZ_MOVING,WZ_OTHER,WZ_SHLDER_MDN,WZ_WORKERS_INJ_KILLED
2010020207,1535.0,0,0,0,0,0,0,0,0,0,4,1,,67,12,2009,4,40.0089,-75.194,1528.0,6,0,0,0,0,0,1,0,0,,0,1,0,99,1,1,1,,0,40 00:32.006,,0,75 11:38.251,8,0,0,1,67301,0,0,0,,0,0,0,2,67301,0,,1,1,,,,,0,,0,0,0,3,2,,9999,1,2,0,0,0,1,0,3,4,0,2,3,,N,,,,,,,,,,,
2010003086,1100.0,0,0,0,1,0,1,0,0,0,5,0,,67,11,2009,4,39.954,-75.1767,1035.0,6,0,0,0,0,0,0,0,0,,0,0,0,10,1,1,2,,0,39 57:14.303,,0,75 10:36.249,2,0,0,0,67301,1,0,1,N,0,0,0,2,67301,0,,1,1,,N,N,,0,,0,1,0,0,0,,1029,1,2,0,0,0,0,1,3,4,1,1,3,,N,,,,,,,,,,,
2010005575,430.0,3,0,0,0,0,0,0,0,0,5,0,,67,11,2009,7,39.9327,-75.1777,429.0,6,0,0,0,0,0,0,0,0,4.0,0,0,0,4,3,0,0,,2,39 55:57.547,1.0,0,75 10:39.658,9,0,0,0,67301,0,0,0,N,0,0,0,1,67301,0,,6,9,,N,N,,0,,0,0,0,0,0,Y,427,0,3,0,0,0,0,1,3,4,0,3,7,,N,,,,,,,,,,,
2010002805,908.0,2,0,0,0,0,0,0,0,0,4,0,,67,11,2009,1,40.0482,-75.1834,904.0,6,0,0,0,0,0,1,0,0,1.0,0,0,0,8,1,1,1,,1,40 02:53.743,7.0,0,75 11:00.264,4,0,0,0,67301,0,0,0,N,0,0,0,4,67301,1,,1,1,,N,N,,0,,0,0,0,3,2,Y,830,1,2,0,0,0,0,0,3,4,0,2,3,,N,,,,,,,,,,,
2010023717,0.0,1,0,0,0,0,0,0,0,0,1,0,,67,8,2009,7,39.9915,-75.1483,0.0,6,0,0,0,0,0,0,0,0,,0,0,0,20,6,1,1,,0,39 59:29.371,,0,75 08:53.732,8,0,0,0,67301,0,0,0,,0,0,0,2,00000,0,,1,1,,,,,1,,0,0,0,3,2,,2030,1,2,0,0,0,1,0,3,4,0,2,3,,N,,,,,,,,,,,
2011067959,1740.0,2,0,0,0,0,0,0,0,0,1,0,,67,6,2009,6,40.0248,-75.1477,1739.0,6,0,0,0,0,0,0,1,0,,0,0,0,13,1,1,0,,0,40 01:29.065,,0,75 08:51.919,4,0,0,0,67301,0,0,0,N,0,0,0,1,67301,1,,1,1,,N,N,,1,,0,0,0,0,0,,1330,1,3,0,0,0,0,0,3,4,0,3,3,,N,,,,,,,,,,,
2009067481,635.0,0,0,0,0,0,0,0,0,0,7,0,,67,5,2009,2,,,615.0,6,0,0,0,0,0,0,0,0,3.0,0,0,0,6,1,2,0,,2,,3.0,0,,2,0,0,0,67301,0,0,0,N,0,0,0,2,67301,0,,4,1,,N,N,,1,,0,2,0,0,0,Y,610,2,1,0,1,1,0,0,3,3,0,1,3,,N,,,,,,,,,,,
2009064899,1634.0,2,0,0,0,0,0,0,0,0,4,0,,67,5,2009,6,40.0341,-75.124,1630.0,6,0,0,0,0,0,0,1,0,,0,0,0,16,1,3,1,,0,40 02:02.731,,0,75 07:26.425,8,0,0,0,67301,0,0,0,N,0,0,0,4,67301,0,,1,1,,N,N,,0,,0,0,0,3,3,,1620,3,2,0,0,0,3,0,3,4,0,2,3,,N,,,,,,,,,,,
2009067567,1238.0,0,0,0,0,0,0,0,0,0,8,0,,67,5,2009,6,39.993,-75.1103,1233.0,6,0,0,0,0,0,0,0,0,,0,0,0,99,3,1,1,,0,39 59:34.736,,0,75 06:36.857,4,0,0,0,67301,1,0,0,N,1,0,0,2,67301,1,,1,1,,N,N,,0,,0,0,0,0,0,,9999,1,2,0,0,0,0,1,3,4,0,1,3,,N,,,,,,,,,,,
2009059729,1740.0,1,0,0,0,0,0,0,0,0,1,0,,67,5,2009,3,40.0278,-75.1471,1733.0,6,0,0,0,0,1,0,0,0,,0,0,0,17,1,1,0,,0,40 01:39.922,,0,75 08:49.542,8,0,0,0,67301,0,0,0,N,0,0,0,4,67301,0,,1,9,,N,N,,0,,0,0,1,3,2,,1725,1,2,0,0,0,1,0,3,4,0,2,7,,N,,,,,,,,,,,
2009057254,2115.0,0,0,0,0,0,0,0,0,0,8,0,,67,5,2009,4,39.9322,-75.2298,2111.0,6,0,0,0,0,0,0,0,0,1.0,0,0,0,99,2,1,2,,1,39 55:55.974,1.0,0,75 13:47.240,4,0,0,0,67301,1,0,0,,1,0,0,2,67301,1,,1,9,,,,,0,,0,0,0,0,0,Y,9999,1,2,0,0,0,0,0,3,4,1,1,7,,N,,,,,,,,,,,
2009111109,1925.0,2,0,0,0,0,0,0,0,0,4,0,,67,10,2009,7,40.0296,-75.0868,1923.0,6,0,0,1,0,0,0,0,0,,0,0,0,19,3,1,1,,0,40 01:46.571,,0,75 05:12.580,4,0,0,0,67301,0,0,0,N,0,0,0,2,67301,1,,1,9,,N,N,,1,,0,0,0,3,2,,1920,1,3,0,0,0,0,0,3,4,0,3,7,,N,,,,,,,,,,,
2009120792,800.0,2,0,0,0,0,0,0,0,0,4,0,,67,11,2009,2,40.0854,-75.0374,746.0,6,0,0,0,0,0,0,0,1,,0,0,0,7,1,1,1,,0,40 05:07.441,,0,75 02:14.475,3,0,0,0,67301,0,0,0,N,0,0,0,2,67301,0,,1,1,,N,N,,0,,1,0,0,3,2,,746,1,2,0,0,0,0,0,3,4,0,2,3,,N,,,,,,,,,,,
2009118840,10.0,2,0,0,0,0,0,0,0,0,1,0,,67,11,2009,2,40.067,-75.1583,5.0,6,0,0,0,0,0,0,0,0,,0,0,0,23,3,5,5,,0,40 04:01.087,,0,75 09:29.811,8,0,0,0,67301,0,0,0,N,0,0,0,6,67301,0,,1,1,,N,N,,0,,0,0,0,3,2,,2320,5,2,0,0,0,5,0,3,4,0,2,3,,N,,,,,,,,,,,
2009118952,1050.0,2,0,0,0,0,0,0,0,0,4,0,,67,10,2009,7,40.0578,-75.1848,1046.0,6,0,0,0,0,0,0,1,0,,0,0,0,10,1,0,1,,0,40 03:27.979,,0,75 11:05.375,0,0,0,0,67301,0,0,0,N,0,0,0,3,67301,0,,1,9,,N,N,,1,,0,0,0,3,3,,1030,0,3,0,0,0,0,0,3,4,0,3,7,,N,,,,,,,,,,,
2009111150,1757.0,1,0,0,1,0,0,0,0,0,4,0,,67,10,2009,2,39.9745,-75.2602,1752.0,6,0,0,0,0,0,0,0,0,1.0,0,0,0,17,1,1,2,,2,39 58:28.366,7.0,0,75 15:36.646,4,0,0,0,67301,1,0,0,,0,0,0,2,67301,1,,1,1,,,,,0,,0,0,0,0,0,Y,1749,1,2,0,0,0,0,0,3,4,0,1,3,,N,,,,,,,,,,,
2009111164,1535.0,2,0,0,0,0,0,0,0,0,1,0,,67,10,2009,6,40.0758,-75.001,1532.0,6,0,0,0,0,0,0,0,0,,0,0,0,15,1,1,0,,0,40 04:32.718,,0,75 00:03.555,4,0,0,0,67301,0,0,0,N,0,0,0,2,67301,1,,1,1,,N,N,,0,,0,0,0,0,0,,1530,1,2,0,0,0,0,0,3,4,0,2,3,,N,,,,,,,,,,,
2009106182,2200.0,1,0,0,1,0,0,0,0,0,2,0,,67,9,2009,6,40.0226,-75.0375,2155.0,6,0,0,0,0,0,0,0,0,,0,0,0,21,3,1,0,,0,40 01:22.277,,0,75 02:14.975,8,0,0,0,67301,1,0,0,,0,0,0,2,67301,0,,1,1,,N,N,,0,,0,0,0,0,0,,2152,1,2,0,0,0,1,0,3,4,0,1,3,,N,,,,,,,,,,,
2009118990,2330.0,0,0,0,0,0,0,0,0,0,4,0,,67,10,2009,4,39.918,-75.2104,2330.0,6,0,0,0,0,0,0,0,0,,0,0,0,22,3,4,0,,0,39 55:05.542,,7,75 12:33.804,4,0,0,0,67301,0,0,0,N,0,0,0,6,67301,4,,1,1,,N,N,,1,,0,0,1,0,0,,2230,4,2,0,0,0,0,0,3,4,0,2,3,,N,,,,,,,,,,,
2009121115,127.0,0,0,0,0,0,0,0,0,0,7,0,,67,10,2009,1,39.9215,-75.1906,127.0,6,0,0,0,0,0,0,0,0,1.0,0,0,0,1,3,1,0,,2,39 55:17.447,4.0,1,75 11:26.117,4,0,0,0,67301,0,0,0,N,0,0,0,1,67301,1,,2,9,,N,N,,1,,0,0,0,0,0,N,125,1,1,0,0,0,0,0,3,4,0,1,7,,N,,,,,,,,,,,
2009093627,2150.0,1,0,0,0,0,0,0,0,0,5,0,,67,8,2009,3,39.9691,-75.2475,2146.0,6,0,0,0,0,0,0,0,0,,0,0,0,21,3,1,1,,0,39 58:08.778,,0,75 14:51.154,8,0,0,0,67301,1,0,0,,1,0,0,2,64301,0,,2,1,,,,,0,,0,0,0,9,3,,2132,1,2,0,0,0,1,1,3,4,0,1,3,,N,,,,,,,,,,,
2009054233,1651.0,1,0,0,0,0,0,1,0,0,1,1,,67,5,2009,2,40.0435,-75.1035,1647.0,6,0,0,0,0,0,0,0,0,3.0,0,0,0,16,1,1,2,,2,40 02:37.051,1.0,0,75 06:11.604,8,0,0,0,67301,0,0,0,N,0,0,0,5,67301,0,,1,1,,Y,N,,1,,0,0,0,3,2,Y,1645,1,3,0,0,0,1,0,3,4,0,3,3,,N,,,,,,,,,,,
2009056944,535.0,1,0,0,0,0,0,0,0,0,7,0,,67,5,2009,4,39.9951,-75.1919,9999.0,6,0,0,0,0,0,0,0,0,,0,0,0,5,5,0,0,,0,39 59:42.427,,0,75 11:30.932,0,0,0,0,67301,0,0,0,N,0,0,0,1,67301,0,,5,9,,N,N,,0,,0,0,0,0,0,,533,0,1,0,0,0,0,0,3,4,0,1,3,,N,,,,,,,,,,,
2009054422,620.0,1,0,0,0,0,0,0,0,0,8,0,,67,4,2009,6,39.9511,-75.1785,614.0,6,0,0,0,0,0,1,0,0,,0,0,0,6,1,1,1,,0,39 57:03.998,,0,75 10:42.378,3,0,0,0,67301,1,0,0,N,1,0,0,2,67301,0,,9,1,,N,N,,0,,1,0,0,3,2,,605,1,2,0,0,0,0,0,3,4,0,1,3,,N,,,,,,,,,,,
2009054458,1438.0,0,0,0,0,0,0,0,0,0,7,0,,67,3,2009,3,40.0299,-75.1773,1430.0,6,0,0,0,0,0,1,0,0,3.0,0,0,0,14,1,1,0,,2,40 01:47.503,1.0,0,75 10:38.233,2,0,0,0,67301,1,0,1,N,1,0,1,3,67301,0,,5,1,,N,N,,1,,0,1,0,0,0,Y,1428,1,2,0,0,0,0,2,3,4,0,1,3,,N,,,,,,,,,,,
2009054346,1725.0,3,0,0,0,0,0,0,0,0,1,0,,67,5,2009,6,40.0477,-75.06,1730.0,6,0,0,0,0,0,0,0,0,,0,0,0,17,1,2,1,,0,40 02:51.581,,0,75 03:35.828,8,0,0,0,67301,0,0,0,,0,0,0,3,67301,0,,1,1,,N,N,,0,,0,0,0,3,2,,1725,2,3,0,0,0,2,0,3,4,0,3,3,,N,,,,,,,,,,,
2009054519,118.0,3,0,0,0,0,0,0,0,0,5,0,,67,4,2009,1,39.9947,-75.1209,116.0,6,0,0,0,0,0,0,0,0,,0,0,0,0,3,1,0,,0,39 59:40.830,,0,75 07:15.312,3,0,0,1,67301,0,0,0,N,0,0,0,1,67301,0,,6,1,,N,N,,0,,1,0,0,0,0,,59,1,4,0,0,0,0,0,3,4,0,4,3,,N,,,,,,,,,,,
2009054526,1206.0,1,0,0,0,0,0,0,0,0,4,0,,67,4,2009,2,40.015,-75.1352,1205.0,6,0,0,0,0,0,0,0,0,,0,0,0,12,1,1,1,,0,40 00:54.079,,0,75 08:06.611,4,0,0,0,67301,0,0,0,N,0,0,0,4,67301,1,,1,9,,N,N,,0,,0,0,0,3,2,,1200,1,2,0,0,0,0,0,3,4,1,2,7,,N,,,,,,,,,,,
2009054667,718.0,1,0,0,0,0,0,0,0,0,7,0,,67,5,2009,3,39.9674,-75.1319,718.0,6,0,0,0,0,0,0,0,0,1.0,0,0,0,7,1,1,0,,1,39 58:03.523,1.0,0,75 07:53.135,4,0,0,0,67301,0,0,0,N,0,0,0,1,68K01,1,,3,9,,N,N,,0,,0,0,0,0,0,N,717,1,1,0,0,0,0,0,3,4,0,1,3,,N,,,,,,,,,,,
2009086115,1230.0,1,0,0,0,0,0,0,0,0,1,1,,67,6,2009,5,39.9818,-75.1177,1230.0,6,0,0,0,0,0,1,0,0,,0,1,0,12,1,1,2,,0,39 58:54.619,,0,75 07:03.829,4,0,0,0,67301,0,0,0,,0,0,0,4,67301,1,,1,1,,N,N,,0,,0,0,0,0,0,,1230,1,2,0,0,0,0,0,3,4,0,2,3,,N,,,,,,,,,,,
2009086162,1140.0,2,0,0,0,0,0,0,0,0,1,0,,67,7,2009,3,40.0612,-75.0094,1132.0,6,0,0,0,0,0,0,0,0,,0,0,0,11,1,1,0,,0,40 03:40.365,,0,75 00:33.960,4,0,0,0,67301,0,0,0,N,0,0,0,2,67301,1,,1,1,,N,N,,0,,0,0,0,0,0,,1130,1,2,0,0,0,0,0,3,4,0,2,3,,N,,,,,,,,,,,
2009086167,1422.0,1,0,0,0,0,0,0,0,0,4,0,,67,7,2009,7,39.9862,-75.1428,1420.0,6,0,0,1,0,0,0,0,0,,0,0,0,14,1,1,2,,0,39 59:10.256,,0,75 08:34.112,4,0,0,0,67301,0,0,0,N,0,0,0,5,67301,1,,1,1,,N,N,,1,,0,0,0,3,3,,1420,1,2,0,0,0,0,0,3,4,0,2,3,,N,,,,,,,,,,,
2009086271,1825.0,1,0,0,0,0,0,0,0,0,2,0,,67,8,2009,2,40.0209,-75.1486,1820.0,6,0,0,0,0,0,1,0,0,,0,0,0,18,1,0,2,,0,40 01:15.217,,0,75 08:55.337,0,0,0,0,67301,0,0,0,,0,0,0,5,67301,0,,1,1,,N,N,,0,,0,0,0,9,3,,1810,0,2,0,0,0,0,0,3,4,1,2,3,,N,,,,,,,,,,,
2009071372,1320.0,2,0,0,0,0,0,0,0,0,4,0,,67,4,2009,5,39.9789,-75.1819,1310.0,6,0,0,0,0,0,0,2,0,,0,0,0,13,1,1,1,,0,39 58:43.964,,0,75 10:54.915,8,0,0,0,67301,0,0,0,N,0,0,0,2,67301,0,,1,1,,N,N,,0,,0,0,0,3,3,,1303,1,2,0,0,0,1,0,3,4,0,2,3,,N,,,,,,,,,,,
2010003025,1735.0,1,0,0,0,0,0,0,0,0,4,0,,67,11,2009,1,40.0475,-75.0141,1733.0,6,0,0,0,0,0,1,0,0,2.0,0,0,0,17,3,1,2,,1,40 02:50.849,2.0,0,75 00:50.507,4,0,0,0,67301,0,0,0,,0,0,0,3,67301,1,,1,1,,N,N,,1,,0,0,0,3,2,Y,1725,1,2,0,0,2,0,0,3,4,0,2,3,,N,,,,,,,,,,,
2010003104,831.0,2,0,0,0,0,0,0,0,0,1,0,,67,10,2009,7,39.9396,-75.1593,830.0,6,0,0,0,0,0,0,1,0,,0,0,0,8,3,1,0,,0,39 56:22.534,,0,75 09:33.523,4,0,0,0,67301,0,0,0,N,0,0,0,1,67301,1,,2,1,,N,N,,0,,0,0,1,0,0,,830,1,3,0,0,1,0,0,3,4,0,3,3,,N,,,,,,,,,,,
2010003192,1638.0,2,0,0,0,0,0,0,0,0,4,0,,67,11,2009,2,39.9401,-75.2223,1638.0,6,0,0,0,0,0,1,0,0,,0,0,0,16,1,1,2,,0,39 56:24.518,,0,75 13:20.171,8,0,0,0,67301,0,0,0,N,0,0,0,2,67301,0,,1,9,,N,N,,0,,0,0,0,3,3,,1638,1,2,0,0,0,1,1,3,4,0,2,7,,N,,,,,,,,,,,
2010003257,1143.0,1,0,0,0,0,0,0,0,0,8,0,,67,12,2009,4,39.9573,-75.1523,1140.0,6,0,0,0,0,0,1,0,0,1.0,0,0,0,11,1,1,3,,1,39 57:26.406,4.0,0,75 09:08.016,4,0,0,0,67301,1,0,0,,1,0,0,2,67301,1,,1,1,,N,N,,0,,0,0,0,3,2,N,1137,1,2,0,0,0,0,0,3,4,0,1,3,,N,,,,,,,,,,,
2010006267,1540.0,2,0,0,0,0,0,0,0,0,1,0,,67,12,2009,4,40.0143,-75.1785,1535.0,6,0,0,0,0,0,0,0,0,1.0,0,0,0,15,1,1,0,,1,40 00:51.381,1.0,0,75 10:42.465,4,0,0,0,67301,0,0,0,,0,0,0,4,67301,1,,1,9,,,,,1,,0,0,0,0,0,N,1535,1,3,0,0,0,0,0,3,4,0,3,3,,N,,,,,,,,,,,
2010006330,947.0,1,0,0,0,0,0,0,0,0,1,0,,67,12,2009,5,40.0331,-75.0801,942.0,6,0,0,0,0,0,0,0,0,,0,0,0,9,1,1,1,,0,40 01:59.306,,0,75 04:48.302,8,0,0,0,67301,0,0,0,N,0,0,0,8,67301,0,,1,1,,N,N,,1,,0,0,0,3,2,,940,1,3,0,0,0,1,1,3,4,0,3,3,,N,,,,,,,,,,,
2010010619,0.0,2,0,0,0,0,0,0,0,0,1,0,,67,11,2009,4,40.0664,-75.1445,0.0,6,0,0,0,0,0,1,0,0,,0,0,0,6,5,1,2,,0,40 03:58.716,,0,75 08:40.405,8,0,0,0,67301,0,0,0,N,0,0,0,2,00000,0,,1,1,,N,N,,0,,0,0,0,9,2,,630,1,2,0,0,0,1,1,3,4,0,2,3,,N,,,,,,,,,,,
2010011069,257.0,0,0,0,0,0,0,0,0,0,7,0,,67,12,2009,6,39.9736,-75.1186,255.0,6,0,0,0,0,0,0,0,0,,0,0,0,2,3,1,2,,0,39 58:22.572,,8,75 07:10.506,8,0,0,0,67301,0,0,0,,0,0,0,1,67301,0,,2,1,,,,,1,,0,0,0,3,3,,246,1,1,0,0,1,1,0,3,4,0,1,3,,N,,,,,,,,,,,
2010011144,1829.0,2,0,0,0,0,0,0,0,0,4,0,,67,12,2009,2,40.0868,-74.9718,1829.0,6,0,0,0,0,0,0,0,0,,0,0,0,99,3,2,1,,0,40 05:12.685,,0,74 58:19.097,3,0,0,0,67301,0,0,0,N,0,0,0,2,67301,1,,1,1,,N,N,,0,,1,0,0,3,2,,9999,2,2,0,0,0,0,0,3,4,0,2,3,,N,,,,,,,,,,,
2010011446,1135.0,2,0,0,0,0,0,0,0,0,4,0,,67,12,2009,1,40.0317,-75.1789,1130.0,6,0,0,0,0,0,0,0,0,,0,0,0,11,1,1,1,,0,40 01:54.260,,0,75 10:43.950,8,0,0,0,67301,0,0,0,N,0,0,0,2,67301,0,,1,1,,N,N,,0,,0,0,0,3,2,,1130,1,2,0,0,0,1,1,3,4,0,2,3,,N,,,,,,,,,,,
2010011450,1819.0,1,0,0,0,0,0,0,0,0,8,0,,67,12,2009,4,40.0614,-75.0839,1815.0,6,0,0,0,0,1,0,0,0,,0,0,0,18,3,1,1,,0,40 03:41.363,,0,75 05:01.699,8,0,0,0,67301,1,0,0,N,1,0,0,4,67301,0,,1,1,,N,N,,0,,0,0,0,3,2,,1811,1,2,0,0,0,1,0,3,4,0,1,3,,N,,,,,,,,,,,
2010002526,945.0,1,0,0,0,0,0,0,0,0,1,0,,67,12,2009,4,39.9768,-75.198,939.0,6,0,0,0,0,0,0,0,0,,0,0,0,9,1,1,0,,0,39 58:37.470,,0,75 11:57.624,8,0,0,0,67301,0,0,0,N,0,0,0,3,68K01,0,,1,1,,N,N,,0,,0,0,0,0,0,,936,1,2,0,0,0,1,0,3,4,1,2,3,,N,,,,,,,,,,,
2010002904,215.0,0,0,0,0,0,0,0,0,0,4,0,,67,12,2009,1,39.9603,-75.1391,215.0,6,0,0,0,0,0,0,0,0,,0,0,0,2,3,2,0,,0,39 57:37.099,,7,75 08:20.156,4,0,0,0,67301,0,0,0,N,0,0,0,2,67301,2,,1,1,,N,N,,1,,0,0,1,0,0,,215,2,2,0,0,0,0,0,3,4,0,2,3,,N,,,,,,,,,,,
2010005660,1153.0,1,0,0,0,0,0,0,0,0,1,0,,67,12,2009,4,40.0086,-75.0984,1148.0,6,0,0,0,0,0,0,0,0,,0,0,0,11,1,2,1,,0,40 00:31.284,,0,75 05:54.308,4,0,0,0,67301,0,0,0,N,0,0,0,7,67301,1,,1,2,,N,N,,0,,0,0,2,0,0,,1135,2,3,0,0,0,1,0,3,4,0,3,98,,N,,,,,,,,,,,
2010047890,2200.0,2,0,0,0,0,0,0,0,0,4,0,,67,3,2009,1,40.0486,-75.1449,158.0,6,0,0,0,0,0,0,0,0,,0,0,0,99,3,2,1,,0,40 02:55.097,,0,75 08:41.622,8,0,0,0,67301,0,0,0,N,0,0,0,5,67301,0,,1,9,,N,N,,0,,0,0,0,3,2,,9999,2,2,0,0,0,2,0,3,4,0,2,7,,N,,,,,,,,,,,
2009120813,929.0,1,0,0,0,0,0,0,0,0,8,0,,67,10,2009,4,39.9915,-75.1361,928.0,6,0,0,0,0,0,0,0,0,2.0,0,0,0,9,1,1,1,,1,39 59:29.442,7.0,0,75 08:10.101,8,0,0,0,67301,1,0,0,N,1,0,0,2,67301,0,,1,9,,N,N,,0,,0,0,0,3,2,Y,926,1,2,0,0,0,1,0,3,4,0,1,7,,N,,,,,,,,,,,
2009118912,1110.0,1,0,0,0,0,0,0,0,0,1,0,,67,9,2009,4,39.8975,-75.2525,1110.0,6,0,0,0,0,0,2,0,0,,0,0,0,11,1,1,3,,0,39 53:50.506,,0,75 15:07.793,8,0,0,0,67301,0,0,0,N,0,0,0,3,67301,0,,1,9,,N,N,,1,,0,0,0,3,2,,1110,1,2,0,0,0,1,0,3,4,0,2,7,,N,,,,,,,,,,,
2009118923,9999.0,2,0,0,0,0,0,0,0,0,4,0,,67,10,2009,5,40.0651,-75.1858,1930.0,6,0,0,0,0,0,0,0,0,,0,0,0,19,3,1,1,,0,40 03:54.478,,0,75 11:08.765,8,0,0,0,67301,0,0,0,N,0,0,0,3,67301,0,,1,1,,N,N,,0,,0,0,0,3,3,,1923,1,2,0,0,0,1,0,3,4,0,2,3,,N,,,,,,,,,,,
2009111136,720.0,1,0,0,0,0,0,0,0,0,7,0,,67,10,2009,4,40.0162,-75.2042,715.0,6,0,0,0,0,0,0,0,0,,0,0,0,7,1,1,0,,0,40 00:58.142,,0,75 12:14.955,4,0,0,0,67301,0,0,0,N,0,0,0,1,67301,1,,2,9,,N,N,,0,,0,0,0,0,0,,715,1,1,0,0,0,0,0,3,4,0,1,7,,N,,,,,,,,,,,
2009120859,122.0,1,0,0,0,0,0,0,0,0,8,0,,67,10,2009,6,40.0098,-75.151,116.0,6,0,0,0,0,0,0,0,0,,0,0,0,22,3,1,3,,0,40 00:35.379,,0,75 09:03.622,4,0,0,0,67301,1,0,0,N,1,0,0,2,67301,1,,2,1,,N,N,,0,,0,0,0,3,2,,2250,1,2,0,0,0,0,0,3,4,0,1,3,,N,,,,,,,,,,,
2009118407,2324.0,2,0,0,0,0,0,0,0,0,1,0,,67,10,2009,7,39.9486,-75.1859,2306.0,6,0,0,0,0,0,0,0,0,,0,0,0,23,3,0,6,,0,39 56:56.693,,2,75 11:06.409,0,0,0,0,67301,0,0,0,N,0,0,0,2,68K01,0,,7,1,,N,N,,0,,0,0,0,0,0,,2304,0,2,0,0,0,0,0,3,4,0,2,3,,N,,,,,,,,,,,
2009093497,850.0,1,0,0,0,0,0,0,0,0,7,0,,67,8,2009,2,39.9571,-75.2143,846.0,6,0,0,0,0,0,0,0,0,,0,0,0,8,1,1,1,,0,39 57:25.688,,0,75 12:51.554,8,0,0,0,67301,0,0,0,N,0,0,0,1,67301,0,,5,1,,N,N,,0,,0,0,0,3,2,,835,1,2,0,0,1,1,0,3,4,0,1,3,,N,,,,,,,,,,,
2009093555,2150.0,0,0,0,0,0,0,0,0,0,8,0,,67,8,2009,4,40.0414,-75.0283,2145.0,6,0,0,0,0,0,0,0,0,,0,0,0,99,3,1,1,,0,40 02:28.908,,0,75 01:41.719,4,0,0,0,67301,1,0,0,,1,0,0,2,67301,1,,1,1,,N,N,,1,,0,0,0,3,2,,9999,1,2,0,0,0,0,0,3,4,0,1,3,,N,,,,,,,,,,,
2009093648,2215.0,0,0,0,0,0,0,0,0,0,7,0,,67,8,2009,7,40.0391,-75.2396,2210.0,6,0,0,0,0,0,0,0,0,2.0,0,0,0,22,3,1,0,,2,40 02:20.842,6.0,0,75 14:22.491,4,0,0,0,67301,0,0,0,N,0,0,0,1,67301,1,,5,9,,N,N,,0,,0,0,1,0,0,Y,2200,1,1,0,0,0,0,0,3,4,0,1,7,,N,,,,,,,,,,,
2009054305,1643.0,2,0,0,0,0,0,0,0,0,4,0,,67,4,2009,7,40.0606,-75.1506,1641.0,6,0,0,0,0,1,0,0,0,,0,0,0,16,1,1,2,,0,40 03:38.138,,0,75 09:02.195,8,0,0,0,67301,0,0,0,N,0,0,0,3,67301,0,,1,1,,N,N,,0,,0,0,0,0,0,,1641,1,2,0,0,0,1,0,3,4,0,2,3,,N,,,,,,,,,,,
2009054318,740.0,1,0,0,0,0,0,0,0,0,4,0,,67,5,2009,6,40.058,-75.0527,731.0,6,0,0,0,0,0,0,0,0,,0,0,0,7,1,1,1,,0,40 03:28.719,,0,75 03:09.712,8,0,0,0,67301,0,0,0,,0,0,0,2,67301,0,,1,9,,,,,0,,0,0,1,3,2,,730,1,2,0,0,0,1,0,3,4,0,2,7,,N,,,,,,,,,,,