CRN,ARRIVAL_TM,AUTOMOBILE_COUNT,BELTED_DEATH_COUNT,BELTED_SUSP_SERIOUS_INJ_COUNT,BICYCLE_COUNT,BICYCLE_DEATH_COUNT,BICYCLE_SUSP_SERIOUS_INJ_COUNT,BUS_COUNT,CHLDPAS_DEATH_COUNT,CHLDPAS_SUSP_SERIOUS_INJ_COUNT,COLLISION_TYPE,COMM_VEH_COUNT,CONS_ZONE_SPD_LIM,COUNTY,CRASH_MONTH,CRASH_YEAR,DAY_OF_WEEK,DEC_LAT,DEC_LONG,DISPATCH_TM,DISTRICT,DRIVER_COUNT_16YR,DRIVER_COUNT_17YR,DRIVER_COUNT_18YR,DRIVER_COUNT_19YR,DRIVER_COUNT_20YR,DRIVER_COUNT_50_64YR,DRIVER_COUNT_65_74YR,DRIVER_COUNT_75PLUS,EST_HRS_CLOSED,FATAL_COUNT,HEAVY_TRUCK_COUNT,HORSE_BUGGY_COUNT,HOUR_OF_DAY,ILLUMINATION,INJURY_COUNT,INTERSECT_TYPE,INTERSECTION_RELATED,LANE_CLOSED,LATITUDE,LN_CLOSE_DIR,LOCATION_TYPE,LONGITUDE,MAX_SEVERITY_LEVEL,MCYCLE_DEATH_COUNT,MCYCLE_SUSP_SERIOUS_INJ_COUNT,MOTORCYCLE_COUNT,MUNICIPALITY,NONMOTR_COUNT,NONMOTR_DEATH_COUNT,NONMOTR_SUSP_SERIOUS_INJ_COUNT,NTFY_HIWY_MAINT,PED_COUNT,PED_DEATH_COUNT,PED_SUSP_SERIOUS_INJ_COUNT,PERSON_COUNT,POLICE_AGCY,POSSIBLE_INJ_COUNT,RDWY_SURF_TYPE_CD,RELATION_TO_ROAD,ROAD_CONDITION,ROADWAY_CLEARED,SCH_BUS_IND,SCH_ZONE_IND,SECONDARY_CRASH,SMALL_TRUCK_COUNT,SPEC_JURIS_CD,SUSP_MINOR_INJ_COUNT,SUSP_SERIOUS_INJ_COUNT,SUV_COUNT,TCD_FUNC_CD,TCD_TYPE,TFC_DETOUR_IND,TIME_OF_DAY,TOT_INJ_COUNT,TOTAL_UNITS,UNB_DEATH_COUNT,UNB_SUSP_SERIOUS_INJ_COUNT,UNBELTED_OCC_COUNT,UNK_INJ_DEG_COUNT,UNK_INJ_PER_COUNT,URBAN_AREA,URBAN_RURAL,VAN_COUNT,VEHICLE_COUNT,WEATHER1,WEATHER2,WORK_ZONE_IND,WORK_ZONE_LOC,WORK_ZONE_TYPE,WORKERS_PRES,WZ_CLOSE_DETOUR,WZ_FLAGGER,WZ_LAW_OFFCR_IND,WZ_LN_CLOSURE,WZ_MOVING,WZ_OTHER,WZ_SHLDER_MDN,WZ_WORKERS_INJ_KILLED
2009056933,1530.0,2,0,0,0,0,0,0,0,0,4,0,,67,4,2009,4,39.9885,-75.2352,1523.0,6,0,0,0,0,0,0,1,0,,0,0,0,15,1,1,2,,0,39 59:18.538,,0,75 14:06.709,8,0,0,0,67301,0,0,0,N,0,0,0,2,67301,0,,1,9,,N,N,,0,,0,0,0,0,0,,1515,1,2,0,0,0,1,1,3,4,0,2,3,,N,,,,,,,,,,,
2009054507,1535.0,3,0,0,0,0,0,0,0,0,1,0,,67,5,2009,7,39.9517,-75.1582,1531.0,6,0,0,0,0,0,1,2,0,,0,0,0,15,1,2,1,,0,39 57:05.956,,0,75 09:29.697,4,0,0,0,67301,0,0,0,N,0,0,0,5,67301,2,,1,1,,N,N,,0,,0,0,0,3,2,,1530,2,3,0,0,0,0,1,3,4,0,3,3,,N,,,,,,,,,,,
2009054527,2345.0,1,0,0,0,0,0,1,0,0,4,1,,67,4,2009,1,40.0204,-75.1401,2342.0,6,0,0,0,0,0,0,0,0,,0,0,0,22,3,1,2,,0,40 01:13.458,,0,75 08:24.453,8,0,0,0,67301,0,0,0,,0,0,0,2,67301,0,,1,9,,N,N,,0,,0,0,0,0,0,,2221,1,2,0,0,0,1,0,3,4,0,2,7,,N,,,,,,,,,,,
2009086209,1709.0,1,0,0,0,0,0,1,0,0,1,1,,67,7,2009,5,40.0524,-75.1577,1703.0,6,0,0,0,0,0,0,0,0,,0,0,0,17,1,2,5,,0,40 03:08.460,,0,75 09:27.889,8,0,0,0,67301,0,0,0,N,0,0,0,13,67301,0,,1,1,,N,N,,0,,0,0,0,3,2,,1700,2,2,0,0,0,2,0,3,4,0,2,3,,N,,,,,,,,,,,
2009086217,149.0,1,0,0,0,0,0,0,0,0,4,0,,67,8,2009,7,40.0382,-75.0496,147.0,6,0,0,1,0,0,0,0,0,,0,0,0,0,3,0,1,,0,40 02:17.509,,0,75 02:58.567,0,0,0,0,67301,0,0,0,N,0,0,0,2,67301,0,,1,1,,N,N,,0,,0,0,1,3,3,,54,0,2,0,0,0,0,0,3,4,0,2,3,,N,,,,,,,,,,,
2009086268,2124.0,2,0,0,0,0,0,0,0,0,5,0,,67,7,2009,2,39.9265,-75.1481,2119.0,6,0,0,0,0,0,0,0,0,,0,0,0,21,3,1,0,,0,39 55:35.540,,0,75 08:53.059,4,0,0,0,67301,0,0,0,N,0,0,0,2,67301,1,,1,1,,N,N,,0,,0,0,0,0,0,,2118,1,2,0,0,1,0,1,3,4,0,2,3,,N,,,,,,,,,,,
2009068445,1911.0,2,0,0,0,0,0,0,0,0,2,0,,67,6,2009,6,39.9653,-75.2015,1908.0,6,0,0,1,0,0,0,0,0,1.0,0,0,0,19,1,4,1,,1,39 57:55.040,1.0,0,75 12:05.565,8,0,0,0,67301,0,0,0,N,0,0,0,4,67301,0,,1,1,,N,N,,0,,0,0,0,0,0,Y,1908,4,2,0,0,0,4,0,3,4,0,2,3,,N,,,,,,,,,,,
2009066081,0.0,1,0,1,0,0,0,0,0,0,1,0,,67,1,2009,4,40.0129,-75.2051,0.0,6,0,0,0,0,0,0,1,0,,0,0,0,8,1,2,0,,0,40 00:49.320,,2,75 12:22.034,2,0,0,0,67301,0,0,0,N,0,0,0,3,00000,0,,1,1,,N,N,,1,,1,1,0,0,0,,825,2,2,0,0,0,0,0,3,4,0,2,3,,N,,,,,,,,,,,
2009071370,1350.0,3,0,0,0,0,0,0,0,0,4,0,,67,6,2009,1,40.0238,-75.0488,1342.0,6,0,0,0,0,0,0,0,0,,0,0,0,13,1,1,1,,0,40 01:25.798,,0,75 02:55.791,4,0,0,0,67301,0,0,0,,0,0,0,2,67301,1,,1,1,,N,N,,0,,0,0,0,3,3,,1330,1,3,0,0,0,0,1,3,4,0,3,3,,N,,,,,,,,,,,
2010003236,1603.0,2,0,0,0,0,0,0,0,0,5,0,,67,11,2009,2,40.0527,-75.1577,1600.0,6,0,0,1,0,0,0,0,0,,0,0,0,16,1,1,0,,0,40 03:09.842,,0,75 09:27.878,4,0,0,0,67301,0,0,0,N,0,0,0,2,67301,1,,6,9,,N,N,,0,,0,0,0,0,0,,1600,1,2,0,0,0,0,0,3,4,0,2,7,,N,,,,,,,,,,,
2010006169,205.0,3,0,0,0,0,0,0,0,0,1,0,,67,11,2009,5,40.0372,-75.053,201.0,6,0,0,0,1,0,0,0,0,2.0,0,0,0,2,3,1,1,,2,40 02:13.966,7.0,0,75 03:10.861,8,0,0,0,67301,0,0,0,Y,0,0,0,3,67301,0,,1,1,,N,N,,0,,0,0,0,3,2,Y,200,1,3,0,0,0,1,0,3,4,0,3,3,,N,,,,,,,,,,,
2010006171,2015.0,1,0,0,1,0,0,0,0,0,4,0,,67,12,2009,1,39.9526,-75.1485,2014.0,6,0,0,0,0,0,0,1,0,,0,0,0,20,3,1,1,,0,39 57:09.282,,0,75 08:54.470,3,0,0,0,67301,1,0,0,N,0,0,0,2,67301,0,,1,9,,N,N,,0,,1,0,0,3,2,,2013,1,2,0,0,0,0,0,3,4,0,1,7,,N,,,,,,,,,,,
2010006217,1345.0,1,0,0,0,0,0,0,0,0,8,0,,67,12,2009,1,39.9309,-75.1851,1344.0,6,0,0,0,0,0,1,0,0,,0,0,0,13,1,1,2,,0,39 55:51.358,,0,75 11:06.255,4,0,0,0,67301,1,0,0,,1,0,0,2,67301,1,,1,9,,,,,0,,0,0,0,3,3,,1342,1,2,0,0,0,0,0,3,4,0,1,7,,N,,,,,,,,,,,
2010005925,1630.0,2,0,0,0,0,0,0,0,0,1,0,,67,12,2009,4,39.9548,-75.2179,1627.0,6,0,0,0,0,0,0,0,0,,0,0,0,16,1,1,1,,0,39 57:17.373,,0,75 13:04.418,8,0,0,0,67301,0,0,0,N,0,0,0,3,67301,0,,1,1,,N,N,,0,,0,0,0,0,0,,1627,1,2,0,0,3,1,0,3,4,0,2,3,,N,,,,,,,,,,,
2010006268,2232.0,0,0,0,0,0,0,1,0,0,5,1,,67,12,2009,4,39.9282,-75.2307,2230.0,6,0,0,0,0,0,0,0,0,,0,0,0,22,3,3,2,,0,39 55:41.566,,0,75 13:50.404,8,0,0,0,67301,0,0,0,N,0,0,0,5,67301,0,,1,1,,N,N,,0,,0,0,1,3,2,,2230,3,2,0,0,0,3,0,3,4,0,2,3,,N,,,,,,,,,,,
2010038291,1152.0,1,0,0,0,0,0,0,0,0,8,0,,67,10,2009,3,39.9513,-75.1551,1151.0,6,0,0,0,0,0,0,0,0,,0,0,0,11,1,2,1,,0,39 57:04.605,,0,75 09:18.331,4,0,0,0,67301,2,0,0,,2,0,0,3,67301,1,,1,1,,N,N,,0,,0,0,0,3,2,,1150,2,3,0,0,0,1,0,3,4,0,1,3,,N,,,,,,,,,,,
2010010565,0.0,1,0,0,0,0,0,0,0,0,5,0,,67,10,2009,7,39.9805,-75.12,0.0,6,0,0,0,0,0,0,0,0,,0,0,0,23,6,0,0,,0,39 58:49.706,,0,75 07:11.888,0,0,0,0,67301,0,0,0,,0,0,0,1,00000,0,,1,9,,,,,0,,0,0,1,0,0,,2330,0,2,0,0,0,0,0,3,4,0,2,7,,N,,,,,,,,,,,
2010010597,0.0,2,0,0,0,0,0,0,0,0,1,0,,67,8,2009,7,39.9398,-75.2254,0.0,6,0,0,0,0,0,1,0,0,,0,0,0,22,6,1,0,,0,39 56:23.374,,0,75 13:31.299,8,0,0,0,67301,0,0,0,N,0,0,0,4,00000,0,,1,9,,N,N,,0,,0,0,0,0,0,,2230,1,2,0,0,0,1,0,3,4,0,2,7,,N,,,,,,,,,,,
2010016946,1725.0,2,0,0,0,0,0,0,0,0,6,0,25.0,67,12,2009,3,39.9767,-75.2132,1714.0,6,0,0,0,0,1,0,0,0,,0,0,0,17,1,0,0,,0,39 58:36.094,,0,75 12:47.541,0,0,0,0,67301,0,0,0,N,0,0,0,3,67301,0,,1,2,,N,N,,0,,0,0,0,0,0,,1712,0,2,0,0,1,0,0,3,4,0,2,98,,Y,8.0,3.0,Y,U,U,N,U,U,U,Y,
2010011141,1827.0,3,0,0,0,0,0,0,0,0,1,0,,67,12,2009,4,40.0641,-75.2396,1822.0,6,0,0,0,0,1,0,0,0,,0,0,0,18,3,2,1,,0,40 03:50.628,,0,75 14:22.286,4,0,0,0,67301,0,0,0,N,0,0,0,6,67301,2,,1,1,,N,N,,0,,0,0,0,3,2,,1822,2,3,0,0,0,0,1,3,4,0,3,3,,N,,,,,,,,,,,
2010011146,1133.0,2,0,0,0,0,0,0,0,0,4,0,,67,12,2009,7,39.9393,-75.1682,1129.0,6,0,0,0,0,0,1,0,0,,0,0,0,11,1,1,1,,0,39 56:21.361,,0,75 10:05.476,4,0,0,0,67301,0,0,0,,0,0,0,2,67301,1,,1,9,,,,,0,,0,0,0,3,3,,1125,1,2,0,0,1,0,0,3,4,0,2,7,,N,,,,,,,,,,,
2010020081,824.0,1,0,0,0,0,0,0,0,0,1,0,,67,12,2009,7,39.9822,-75.1327,821.0,6,0,0,0,0,0,0,0,0,,0,0,0,7,1,1,0,,0,39 58:55.941,,0,75 07:57.709,8,0,0,0,67301,1,0,0,,0,0,0,2,67301,0,,2,1,,N,N,,1,,0,0,0,0,0,,723,1,2,0,0,0,1,1,3,4,0,2,3,,N,,,,,,,,,,,
2010001851,1749.0,1,0,0,0,0,0,0,0,0,5,0,,67,12,2009,3,39.9911,-75.0863,1742.0,6,0,0,0,0,0,1,0,0,,0,0,0,17,3,1,0,,0,39 59:28.253,,0,75 05:10.283,4,0,0,0,67301,0,0,0,N,0,0,0,3,68K01,1,,1,1,,N,N,,1,,0,0,0,0,0,,1740,1,2,0,0,1,0,1,3,4,0,2,3,,N,,,,,,,,,,,
2010006510,944.0,1,0,0,0,0,0,0,0,0,4,0,,67,12,2009,1,40.0266,-75.1508,930.0,6,0,0,0,0,0,0,0,0,,0,0,0,99,1,1,5,,0,40 01:35.616,,0,75 09:02.840,4,0,0,0,67301,0,0,0,N,0,0,0,2,67301,1,,1,7,,N,N,,1,,0,0,0,3,2,,9999,1,2,0,0,0,0,0,3,4,0,2,10,,N,,,,,,,,,,,
2010005521,1307.0,1,0,0,0,0,0,0,0,0,1,0,,67,12,2009,3,39.9139,-75.1501,1301.0,6,0,0,0,0,0,0,0,0,,0,0,0,12,1,1,0,,0,39 54:49.928,,0,75 09:00.226,4,0,0,0,67301,0,0,0,N,0,0,0,2,67301,1,,1,1,,N,N,,0,,0,0,1,0,0,,1256,1,2,0,0,0,0,0,3,4,0,2,3,,N,,,,,,,,,,,
2010002915,1312.0,1,0,0,0,0,0,0,0,0,4,0,,67,11,2009,3,39.9335,-75.2155,1307.0,6,0,0,0,1,0,0,0,0,,0,0,0,13,1,1,2,,0,39 56:00.741,,7,75 12:55.882,8,0,0,0,67301,0,0,0,,0,0,0,2,67301,0,,1,9,,,,,0,,0,0,1,3,2,,1306,1,2,0,0,0,1,0,3,4,0,2,7,,N,,,,,,,,,,,
2010005669,119.0,1,0,0,0,0,0,0,0,0,7,0,,67,12,2009,2,40.0092,-75.1128,116.0,6,0,0,0,0,1,0,0,0,3.0,1,0,0,1,3,1,0,,2,40 00:32.954,5.0,0,75 06:46.000,1,0,0,0,67301,0,0,0,N,0,0,0,2,67301,0,9.0,4,1,,N,N,,0,0.0,0,1,0,0,0,Y,114,1,1,0,0,0,0,0,3,4,0,1,3,,N,,,,,,,,,,,
2010001670,1559.0,2,0,0,0,0,0,0,0,0,1,0,,67,12,2009,6,39.9577,-75.1603,1559.0,6,0,0,0,0,0,0,0,0,,0,0,0,15,1,0,0,,0,39 57:27.590,,0,75 09:37.035,9,0,0,0,67301,0,0,0,N,0,0,0,7,68K01,0,,1,1,,N,N,,0,,0,0,1,0,0,,1550,0,4,0,0,0,0,1,3,4,0,4,3,,N,,,,,,,,,,,
2009092989,2113.0,1,0,0,1,0,1,0,0,0,4,0,,67,8,2009,1,39.9684,-75.2415,2112.0,6,0,0,0,0,0,0,0,0,2.0,0,0,0,20,3,1,1,,1,39 58:06.060,1.0,0,75 14:29.281,2,0,0,0,67301,1,0,1,N,0,0,0,3,67301,0,,1,1,,N,N,,0,,0,1,0,3,3,N,2052,1,2,0,0,0,0,0,3,4,0,1,3,,N,,,,,,,,,,,
2009092998,1550.0,1,0,0,0,0,0,0,0,0,4,0,,67,8,2009,5,40.0406,-75.1698,1543.0,6,0,0,0,0,0,1,0,0,,0,0,0,15,1,2,1,,0,40 02:26.242,,0,75 10:11.315,4,0,0,0,67301,0,0,0,N,0,0,0,3,67301,2,,1,1,,N,N,,1,,0,0,0,3,2,,1542,2,2,0,0,0,0,0,3,4,0,2,3,,N,,,,,,,,,,,
2009067260,1848.0,1,0,0,0,0,0,0,0,0,8,0,,67,6,2009,5,39.9668,-75.2418,1845.0,6,0,0,0,0,0,0,0,0,,0,0,0,18,1,1,1,,0,39 58:00.577,,0,75 14:30.400,4,0,0,0,67301,1,0,0,N,1,0,0,4,67301,1,,1,9,,N,N,,0,,0,0,0,3,3,,1810,1,2,0,0,0,0,0,3,4,0,1,7,,N,,,,,,,,,,,
2009069948,1313.0,0,0,0,0,0,0,0,0,0,4,0,,67,6,2009,1,40.0302,-75.1185,1308.0,6,0,0,0,0,0,1,0,0,,0,0,0,13,1,2,1,,0,40 01:48.733,,0,75 07:06.450,4,0,0,0,67301,0,0,0,N,0,0,0,3,67301,2,,1,1,,N,N,,0,,0,0,1,3,2,,1302,2,2,0,0,0,0,1,3,4,0,2,3,,N,,,,,,,,,,,
2009067116,1131.0,2,0,0,0,0,0,0,0,0,1,0,,67,5,2009,1,39.9684,-75.2353,1131.0,6,0,0,0,0,0,3,0,0,,0,0,0,11,1,5,1,,0,39 58:06.393,,0,75 14:07.170,3,0,0,0,67301,0,0,0,N,0,0,0,7,67301,4,,1,1,,N,N,,0,,1,0,1,3,2,,1130,5,4,0,0,0,0,2,3,4,1,4,3,,N,,,,,,,,,,,
2009067126,820.0,2,0,0,0,0,0,0,0,0,1,0,,67,6,2009,6,40.1044,-75.0518,815.0,6,0,0,0,0,0,0,0,0,,0,0,0,99,1,1,2,,0,40 06:15.684,,0,75 03:06.570,4,0,0,0,67301,0,0,0,N,0,0,0,3,67301,1,,1,9,,N,N,,0,,0,0,0,3,2,,9999,1,2,0,0,0,0,0,3,4,0,2,98,,N,,,,,,,,,,,
2009067584,152.0,1,0,0,0,0,0,0,0,0,4,0,,67,6,2009,7,39.9606,-75.1414,150.0,6,0,0,0,0,0,0,0,0,2.0,0,0,0,1,3,2,1,,2,39 57:38.005,2.0,0,75 08:28.573,4,0,0,1,67301,0,0,0,,0,0,0,6,67301,1,,1,1,,N,,,0,,0,0,0,3,2,Y,148,2,2,0,0,0,1,0,3,4,0,2,3,,N,,,,,,,,,,,
2009067586,2324.0,0,0,0,0,0,0,0,0,0,2,0,,67,6,2009,2,39.955,-75.1527,2323.0,6,0,0,0,0,0,0,0,0,1.0,0,0,0,23,3,2,1,,2,39 57:18.090,2.0,0,75 09:09.820,4,0,0,0,67301,0,0,0,,0,0,0,2,67301,2,,1,1,,N,N,,0,,0,0,1,3,2,Y,2323,2,2,0,0,0,0,0,3,4,1,2,3,,N,,,,,,,,,,,
2009084122,2225.0,1,0,0,1,0,0,0,0,0,2,0,,67,7,2009,1,39.9901,-75.1457,2223.0,6,0,0,0,0,0,0,0,0,,0,0,0,22,6,1,2,,0,39 59:24.446,,0,75 08:44.505,4,0,0,0,67301,1,0,0,,0,0,0,2,67301,1,,1,1,,,,,0,,0,0,0,0,0,,2223,1,2,0,0,0,0,1,3,4,0,1,3,,N,,,,,,,,,,,
2009111095,36.0,2,0,0,0,0,0,0,0,0,7,0,99.0,67,8,2009,5,39.9485,-75.1573,36.0,6,1,0,0,0,0,0,0,0,3.0,0,0,0,0,3,1,1,,2,39 56:54.579,2.0,0,75 09:26.606,4,0,0,0,67301,0,0,0,N,0,0,0,2,67301,1,,5,1,,N,N,,0,,0,0,0,3,2,Y,36,1,2,0,0,1,0,0,3,4,0,2,3,,Y,8.0,8.0,U,U,U,U,U,U,U,U,
2009111104,1906.0,1,0,0,0,0,0,0,0,0,8,0,,67,10,2009,2,39.9626,-75.2467,1904.0,6,0,0,0,0,0,0,0,0,1.0,0,0,0,19,3,1,0,,1,39 57:45.435,3.0,0,75 14:48.398,4,0,0,0,67301,1,0,0,N,1,0,0,2,67301,1,,1,1,,N,N,,0,,0,0,0,0,0,N,1904,1,2,0,0,0,0,0,3,4,0,1,3,,N,,,,,,,,,,,
2009111106,1845.0,1,0,0,0,0,0,0,0,0,8,0,,67,9,2009,2,39.9897,-75.2508,1827.0,6,0,0,0,0,1,0,0,0,,0,0,0,16,1,1,1,,0,39 59:23.350,,0,75 15:03.019,8,0,0,0,67301,1,0,0,N,1,0,0,2,67301,0,,1,1,,N,,,0,,0,0,0,3,2,,1630,1,2,0,0,0,1,0,3,4,0,1,3,,N,,,,,,,,,,,
2009120806,1125.0,2,0,0,0,0,0,0,0,0,4,0,,67,10,2009,4,40.0707,-75.164,1120.0,6,0,0,1,0,0,1,0,0,,0,0,0,11,1,0,1,,0,40 04:14.556,,0,75 09:50.529,0,0,0,0,67301,0,0,0,N,0,0,0,2,67301,0,,1,1,,N,N,,0,,0,0,0,3,3,,1120,0,2,0,0,1,0,0,3,4,0,2,3,,N,,,,,,,,,,,
2009118877,1115.0,0,0,0,0,0,0,0,0,0,4,0,,67,10,2009,7,39.9823,-75.1119,1111.0,6,0,0,0,0,0,1,0,0,,0,0,0,11,1,0,1,,0,39 58:56.395,,0,75 06:42.922,9,0,0,0,67301,0,0,0,,0,0,0,2,67301,0,,1,9,,N,N,,0,,0,0,1,3,2,,1103,0,2,0,0,0,0,2,3,4,1,2,7,,N,,,,,,,,,,,
2009120855,531.0,2,0,0,0,0,0,0,0,0,2,0,,67,10,2009,4,40.0392,-75.11,529.0,6,0,0,0,0,0,0,0,0,,0,0,0,5,3,1,1,,0,40 02:20.942,,0,75 06:36.006,8,0,0,0,67301,0,0,0,N,0,0,0,2,67301,0,,1,1,,N,N,,0,,0,0,0,3,2,,525,1,2,0,0,0,1,0,3,4,0,2,3,,N,,,,,,,,,,,
2009121100,1523.0,1,0,0,0,0,0,0,0,0,4,0,,67,10,2009,4,39.9126,-75.1504,1523.0,6,0,0,0,0,0,0,1,0,,0,0,0,15,1,0,1,,0,39 54:45.274,,0,75 09:01.326,0,0,0,0,67301,0,0,0,N,0,0,0,3,67301,0,,1,1,,N,N,,0,,0,0,1,3,2,,1523,0,2,0,0,0,0,0,3,4,0,2,3,,N,,,,,,,,,,,
2009093500,1040.0,1,0,0,0,0,0,0,0,0,7,0,,67,8,2009,1,39.9111,-75.2223,1037.0,6,0,0,0,0,0,0,0,0,,0,0,0,10,1,1,0,,0,39 54:44.845,,0,75 13:18.860,8,0,0,0,67301,0,0,0,,0,0,0,1,67301,0,,5,9,,,,,0,,0,0,0,0,0,,1030,1,1,0,0,1,1,0,3,4,0,1,7,,N,,,,,,,,,,,
2009056853,802.0,1,0,0,0,0,0,0,0,0,1,0,,67,5,2009,1,39.968,-75.1299,754.0,6,0,0,0,0,0,0,0,0,1.0,0,0,0,7,1,3,0,,2,39 58:06.013,1.0,0,75 07:44.844,8,0,0,0,67301,0,0,0,N,0,0,0,4,68K01,0,,1,9,,N,N,,0,,0,0,2,0,0,N,752,3,3,0,0,0,3,0,3,4,0,3,7,,N,,,,,,,,,,,
2009054237,1703.0,1,0,0,0,0,0,0,0,0,5,0,,67,4,2009,1,40.096,-74.9915,1700.0,6,0,0,0,0,0,0,0,1,,0,0,0,16,1,1,0,,0,40 05:45.609,,0,74 59:29.360,8,0,0,0,67301,0,0,0,,0,0,0,1,67301,0,,1,1,,,,,0,,0,0,1,0,0,,1659,1,2,0,0,0,1,0,3,4,0,2,3,,N,,,,,,,,,,,
2009054315,2010.0,2,0,0,0,0,0,0,0,0,4,0,,67,3,2009,3,40.0269,-75.2272,2009.0,6,0,0,0,0,0,0,0,0,9.0,0,0,0,20,3,1,1,,2,40 01:36.847,7.0,0,75 13:37.905,4,0,0,0,67301,0,0,0,N,0,0,0,3,67301,1,,1,1,,N,N,,0,,0,0,0,3,2,Y,2008,1,2,0,0,0,0,1,3,4,0,2,3,,N,,,,,,,,,,,
2009057223,1345.0,0,0,0,0,0,0,0,0,0,8,0,,67,4,2009,3,39.9438,-75.2379,1340.0,6,0,0,0,0,0,0,0,0,,0,0,0,23,3,1,1,,0,39 56:37.717,,3,75 14:16.351,8,0,0,0,67301,1,0,0,,1,0,0,2,67301,0,,1,1,,,,,0,,0,0,1,9,2,,2330,1,2,0,0,0,1,0,3,4,0,1,3,,N,,,,,,,,,,,
2009086178,9999.0,3,0,0,0,0,0,0,0,0,1,0,,67,7,2009,6,40.013,-75.1194,9999.0,6,0,0,0,1,0,0,1,0,,0,0,0,99,5,1,1,,0,40 00:46.940,,0,75 07:10.109,8,0,0,0,67301,0,0,0,N,0,0,0,3,67301,0,,1,9,,N,N,,0,,0,0,0,3,2,,9999,1,3,0,0,0,1,2,3,4,0,3,7,,N,,,,,,,,,,,
2009086219,2045.0,3,0,0,0,0,0,0,0,0,1,0,,67,8,2009,7,40.0201,-75.0954,2043.0,6,0,0,0,0,0,1,0,0,,0,0,0,99,3,1,0,,0,40 01:12.454,,0,75 05:43.385,8,0,0,0,67301,0,0,0,,0,0,0,3,67301,0,,1,1,,,,,0,,0,0,0,0,0,,9999,1,3,0,0,0,1,0,3,4,0,3,3,,N,,,,,,,,,,,
2010003190,723.0,1,0,0,0,0,0,0,0,0,7,0,,67,11,2009,3,39.9131,-75.2433,711.0,6,0,0,0,0,0,0,0,0,1.0,0,0,0,7,1,1,0,,1,39 54:47.288,2.0,0,75 14:36.074,8,0,0,0,67301,0,0,0,N,0,0,0,1,67301,0,,5,9,,N,N,,0,,0,0,0,3,2,Y,709,1,2,0,0,0,1,0,3,4,0,1,7,,N,,,,,,,,,,,
2010003194,1729.0,2,0,0,0,0,0,0,0,0,4,0,,67,12,2009,3,39.9025,-75.2248,1724.0,6,0,0,0,0,0,0,0,0,2.0,0,0,0,17,3,0,3,,1,39 54:09.268,1.0,0,75 13:29.103,0,0,0,0,67301,0,0,0,N,0,0,0,2,67301,0,,1,1,,N,N,,0,,0,0,0,3,2,N,1720,0,2,0,0,0,0,0,3,4,0,2,3,,N,,,,,,,,,,,
2010003245,1625.0,2,0,0,0,0,0,0,0,0,7,0,,67,11,2009,3,40.0845,-75.0247,1622.0,6,0,0,0,0,0,0,0,1,1.0,0,0,0,16,1,2,0,,1,40 05:04.314,1.0,0,75 01:28.944,8,0,0,0,67301,0,0,0,N,0,0,0,2,67301,0,,3,1,,N,N,,0,,0,0,0,3,2,N,1622,2,2,0,0,0,2,0,3,4,0,2,3,,N,,,,,,,,,,,
2010005917,108.0,3,0,1,0,0,0,0,0,0,4,0,,67,11,2009,1,40.1174,-75.0192,100.0,6,0,0,0,0,0,1,0,0,,0,0,0,0,2,4,0,,0,40 07:02.553,,0,75 01:09.255,2,0,0,0,67301,0,0,0,,0,0,0,5,67301,1,,1,1,,N,N,,0,,1,1,0,0,0,,50,4,3,0,0,0,1,0,3,4,0,3,3,,N,,,,,,,,,,,
2010005926,1107.0,0,0,0,0,0,0,0,0,0,6,0,,67,12,2009,4,39.9703,-75.1245,1106.0,6,0,0,0,0,0,1,0,0,2.0,0,0,0,11,1,1,1,,1,39 58:15.096,7.0,0,75 07:25.112,3,0,0,0,67301,0,0,0,N,0,0,0,2,67301,0,,1,1,,N,N,,2,,1,0,0,3,2,Y,1106,1,2,0,0,1,0,0,3,4,0,2,3,,N,,,,,,,,,,,
2010011583,2343.0,1,0,0,1,0,0,0,0,0,2,0,,67,12,2009,1,39.9379,-75.1667,2340.0,6,0,0,0,0,0,1,0,0,,0,0,0,23,3,1,1,,0,39 56:16.111,,0,75 10:00.162,4,0,0,0,67301,1,0,0,N,0,0,0,2,67301,1,,1,1,,N,N,,0,,0,0,0,3,2,,2322,1,2,0,0,0,0,0,3,4,0,1,3,,N,,,,,,,,,,,
2010003557,2245.0,2,0,0,0,0,0,0,0,0,4,0,,67,12,2009,6,40.0324,-75.0394,2243.0,6,0,0,0,0,0,0,0,0,,0,0,0,22,3,1,1,,0,40 01:56.816,,0,75 02:21.821,8,0,0,0,67301,0,0,0,N,0,0,0,2,67301,0,,1,1,,N,N,,0,,0,0,0,3,3,,2243,1,2,0,0,0,1,0,3,4,0,2,3,,N,,,,,,,,,,,
2010006353,1555.0,2,0,0,0,0,0,0,0,0,4,0,,67,11,2009,4,39.9659,-75.2075,1551.0,6,0,0,0,0,0,1,0,0,,0,0,0,15,1,2,1,,0,39 57:57.225,,0,75 12:26.989,8,0,0,0,67301,0,0,0,N,0,0,0,4,67301,0,,1,9,,N,N,,0,,0,0,0,3,3,,1551,2,2,0,0,0,2,0,3,4,0,2,7,,N,,,,,,,,,,,