CRN,ARRIVAL_TM,AUTOMOBILE_COUNT,BELTED_DEATH_COUNT,BELTED_SUSP_SERIOUS_INJ_COUNT,BICYCLE_COUNT,BICYCLE_DEATH_COUNT,BICYCLE_SUSP_SERIOUS_INJ_COUNT,BUS_COUNT,CHLDPAS_DEATH_COUNT,CHLDPAS_SUSP_SERIOUS_INJ_COUNT,COLLISION_TYPE,COMM_VEH_COUNT,CONS_ZONE_SPD_LIM,COUNTY,CRASH_MONTH,CRASH_YEAR,DAY_OF_WEEK,DEC_LAT,DEC_LONG,DISPATCH_TM,DISTRICT,DRIVER_COUNT_16YR,DRIVER_COUNT_17YR,DRIVER_COUNT_18YR,DRIVER_COUNT_19YR,DRIVER_COUNT_20YR,DRIVER_COUNT_50_64YR,DRIVER_COUNT_65_74YR,DRIVER_COUNT_75PLUS,EST_HRS_CLOSED,FATAL_COUNT,HEAVY_TRUCK_COUNT,HORSE_BUGGY_COUNT,HOUR_OF_DAY,ILLUMINATION,INJURY_COUNT,INTERSECT_TYPE,INTERSECTION_RELATED,LANE_CLOSED,LATITUDE,LN_CLOSE_DIR,LOCATION_TYPE,LONGITUDE,MAX_SEVERITY_LEVEL,MCYCLE_DEATH_COUNT,MCYCLE_SUSP_SERIOUS_INJ_COUNT,MOTORCYCLE_COUNT,MUNICIPALITY,NONMOTR_COUNT,NONMOTR_DEATH_COUNT,NONMOTR_SUSP_SERIOUS_INJ_COUNT,NTFY_HIWY_MAINT,PED_COUNT,PED_DEATH_COUNT,PED_SUSP_SERIOUS_INJ_COUNT,PERSON_COUNT,POLICE_AGCY,POSSIBLE_INJ_COUNT,RDWY_SURF_TYPE_CD,RELATION_TO_ROAD,ROAD_CONDITION,ROADWAY_CLEARED,SCH_BUS_IND,SCH_ZONE_IND,SECONDARY_CRASH,SMALL_TRUCK_COUNT,SPEC_JURIS_CD,SUSP_MINOR_INJ_COUNT,SUSP_SERIOUS_INJ_COUNT,SUV_COUNT,TCD_FUNC_CD,TCD_TYPE,TFC_DETOUR_IND,TIME_OF_DAY,TOT_INJ_COUNT,TOTAL_UNITS,UNB_DEATH_COUNT,UNB_SUSP_SERIOUS_INJ_COUNT,UNBELTED_OCC_COUNT,UNK_INJ_DEG_COUNT,UNK_INJ_PER_COUNT,URBAN_AREA,URBAN_RURAL,VAN_COUNT,VEHICLE_COUNT,WEATHER1,WEATHER2,WORK_ZONE_IND,WORK_ZONE_LOC,WORK_ZONE_TYPE,WORKERS_PRES,WZ_CLOSE_DETOUR,WZ_FLAGGER,WZ_LAW_OFFCR_IND,WZ_LN_CLOSURE,WZ_MOVING,WZ_OTHER,WZ_SHLDER_MDN,WZ_WORKERS_INJ_KILLED
2010006274,9999.0,1,0,0,0,0,0,0,0,0,5,0,,67,11,2009,2,40.015,-75.1352,1500.0,6,0,0,1,0,0,0,0,0,,0,0,0,8,1,1,1,,0,40 00:54.079,,0,75 08:06.611,4,0,0,0,67301,0,0,0,,0,0,0,2,67301,1,,1,1,,N,,,0,,0,0,0,0,0,,854,1,2,0,0,0,0,0,3,4,1,2,3,,N,,,,,,,,,,,
2010010094,0.0,0,0,0,0,0,0,0,0,0,7,0,,67,7,2009,7,39.9939,-75.1545,0.0,6,0,0,0,1,0,0,0,0,,0,0,0,2,6,1,1,,0,39 59:38.209,,0,75 09:16.513,8,0,0,0,67301,0,0,0,N,0,0,0,2,00000,0,,4,1,,N,N,,0,,0,0,0,3,2,,200,1,1,0,0,0,1,1,3,4,1,1,3,,N,,,,,,,,,,,
2010010641,0.0,0,0,0,0,0,0,0,0,0,8,0,,67,11,2009,1,40.0025,-75.2236,0.0,6,0,0,0,0,0,0,0,0,,0,0,0,7,1,1,2,,0,40 00:10.475,,0,75 13:21.947,8,0,0,0,67301,1,0,0,,1,0,0,2,00000,0,,1,1,,,,,1,,0,0,0,0,0,,730,1,2,0,0,0,1,1,3,4,0,1,3,,N,,,,,,,,,,,
2010011128,1949.0,0,0,0,0,0,0,0,0,0,4,0,,67,11,2009,6,39.959,-75.217,1948.0,6,0,0,0,0,0,0,0,0,,0,0,0,19,3,1,1,,0,39 57:32.561,,0,75 13:01.166,8,0,0,0,67301,0,0,0,,0,0,0,8,67301,0,,1,1,,N,N,,0,,0,0,1,3,2,,1948,1,2,0,0,0,1,0,3,4,1,2,3,,N,,,,,,,,,,,
2010017174,216.0,0,0,0,0,0,0,0,0,0,6,0,,67,12,2009,6,40.0414,-75.0809,213.0,6,0,0,0,0,0,0,0,0,,0,0,0,2,3,1,5,,0,40 02:28.966,,0,75 04:51.549,4,0,0,0,67301,0,0,0,N,0,0,0,3,67301,1,,1,9,,N,N,,2,,0,0,1,3,2,,212,1,3,0,0,0,0,1,3,4,0,3,3,,N,,,,,,,,,,,
2010006378,1201.0,4,0,0,0,0,0,0,0,0,4,0,,67,12,2009,6,40.0341,-75.124,1200.0,6,0,0,0,0,0,0,0,0,,0,0,0,11,1,1,1,,0,40 02:02.731,,0,75 07:26.425,4,0,0,0,67301,0,0,0,N,0,0,0,2,67301,1,,1,1,,N,N,,0,,0,0,0,3,3,,1150,1,4,0,0,0,0,0,3,4,0,4,3,,N,,,,,,,,,,,
2010005502,1545.0,1,0,0,0,0,0,0,0,0,8,0,,67,12,2009,3,40.0929,-75.0528,1545.0,6,0,0,0,0,0,1,0,0,,0,0,0,15,1,1,0,,0,40 05:34.351,,7,75 03:10.034,4,0,0,0,67301,1,0,0,N,1,0,0,2,67301,1,,1,9,,N,N,,0,,0,0,0,3,2,,1545,1,2,0,0,0,0,0,3,4,0,1,98,,N,,,,,,,,,,,
2010002742,1754.0,1,0,0,0,0,0,0,0,0,8,0,,67,12,2009,4,40.057,-75.1562,1752.0,6,0,0,0,0,0,1,0,0,,0,0,0,17,3,1,1,,0,40 03:25.236,,0,75 09:22.197,8,0,0,0,67301,1,0,0,N,1,0,0,2,67301,0,,1,9,,N,N,,0,,0,0,0,3,3,,1700,1,2,0,0,0,1,0,3,4,0,1,7,,N,,,,,,,,,,,
2010005636,1852.0,2,0,0,0,0,0,0,0,0,1,0,,67,12,2009,5,40.0474,-75.1679,1848.0,6,0,0,0,0,0,0,0,0,,0,0,0,18,3,2,0,,0,40 02:50.530,,0,75 10:04.464,4,0,0,0,67301,0,0,0,N,0,0,0,2,67301,2,,1,1,,N,N,,0,,0,0,0,3,2,,1842,2,2,0,0,0,0,0,3,4,0,2,3,,N,,,,,,,,,,,
2010002784,1300.0,1,0,0,0,0,0,0,0,0,4,0,,67,12,2009,5,39.9532,-75.1534,1244.0,6,0,0,0,0,0,0,0,0,,0,0,0,12,1,1,0,,0,39 57:11.484,,0,75 09:12.243,8,0,0,0,67301,0,0,0,N,0,0,0,2,67301,0,,1,1,,N,N,,0,,0,0,0,0,0,,1244,1,2,0,0,0,1,0,3,4,1,2,3,,N,,,,,,,,,,,
2009067410,110.0,1,0,0,0,0,0,0,0,0,4,0,,67,5,2009,1,40.0495,-75.1547,104.0,6,0,0,0,0,0,0,0,0,,0,0,0,1,3,1,2,,0,40 02:58.336,,0,75 09:16.873,4,0,0,0,67301,0,0,0,N,0,0,0,2,67301,1,,1,1,,N,N,,0,,0,0,0,0,0,,100,1,2,0,0,0,0,0,3,4,0,2,3,,N,,,,,,,,,,,
2009067501,1449.0,1,0,0,0,0,0,1,0,0,4,1,,67,6,2009,7,40.0286,-75.0853,1449.0,6,0,0,0,0,0,0,0,0,,0,0,0,14,1,1,1,,0,40 01:42.798,,0,75 05:07.223,4,0,0,0,67301,0,0,0,N,0,0,0,9,67301,1,,1,1,,N,N,,0,,0,0,0,9,2,,1430,1,2,0,0,0,0,0,3,4,0,2,3,,N,,,,,,,,,,,
2009067557,1235.0,1,0,0,0,0,0,0,0,0,1,0,,67,6,2009,6,39.9347,-75.1523,1235.0,6,0,0,0,0,0,0,0,0,1.0,0,0,0,12,1,4,1,,1,39 56:04.959,4.0,0,75 09:08.434,4,0,0,0,67301,0,0,0,,0,0,0,5,67301,4,,1,1,,N,N,,1,,0,0,0,3,2,Y,1235,4,2,0,0,0,0,0,3,4,0,2,3,,N,,,,,,,,,,,
2009067614,2306.0,3,0,0,0,0,0,0,0,0,2,0,,67,5,2009,4,39.9257,-75.2253,2306.0,6,0,0,0,0,0,0,0,0,,0,0,0,23,3,0,2,,0,39 55:32.578,,0,75 13:31.177,9,0,0,0,67301,0,0,0,,0,0,0,1,67301,0,,1,1,,,,,0,,0,0,0,0,0,,2306,0,3,0,0,0,0,1,3,4,0,3,3,,N,,,,,,,,,,,
2009111114,243.0,2,0,0,0,0,0,0,0,0,5,0,,67,9,2009,5,39.9425,-75.2132,242.0,6,0,0,0,0,0,0,0,0,,0,0,0,2,3,1,0,,0,39 56:32.845,,0,75 12:47.448,8,0,0,0,67301,0,0,0,N,0,0,0,1,67301,0,,2,9,,N,N,,0,,0,0,0,0,0,,242,1,3,0,0,0,1,0,3,4,1,3,7,,N,,,,,,,,,,,
2009111116,402.0,0,0,0,0,0,0,0,0,0,8,0,,67,9,2009,1,40.0354,-75.0498,349.0,6,0,0,0,0,0,0,0,0,,0,0,0,3,3,1,1,,0,40 02:07.432,,0,75 02:59.146,8,0,0,0,67301,1,0,0,N,1,0,0,2,67301,0,,1,9,,N,N,,0,,0,0,0,9,2,,341,1,2,0,0,0,1,0,3,4,0,1,7,,N,,,,,,,,,,,
2009120798,749.0,2,0,0,0,0,0,0,0,0,4,0,,67,11,2009,4,40.022,-75.0568,746.0,6,0,0,0,0,0,0,0,0,,0,0,0,7,1,2,1,,0,40 01:19.146,,0,75 03:24.497,4,0,0,0,67301,0,0,0,N,0,0,0,2,67301,2,,1,1,,N,N,,0,,0,0,0,3,3,,710,2,2,0,0,0,0,0,3,4,0,2,3,,N,,,,,,,,,,,
2009118914,1600.0,1,0,0,0,0,0,0,0,0,7,0,,67,10,2009,3,40.0538,-75.1794,1556.0,6,0,0,0,0,1,0,0,0,,0,0,0,15,1,1,0,,0,40 03:13.644,,0,75 10:45.944,8,0,0,0,67301,0,0,0,N,0,0,0,2,67301,0,,5,9,,N,N,,0,,0,0,0,0,0,,1552,1,1,0,0,0,1,1,3,4,0,1,7,,N,,,,,,,,,,,
2009118929,1923.0,2,0,0,0,0,0,0,0,0,4,0,,67,10,2009,7,40.013,-75.1194,1905.0,6,0,0,0,0,0,0,0,0,,0,0,0,19,3,1,1,,0,40 00:46.713,,0,75 07:09.797,8,0,0,0,67301,0,0,0,N,0,0,0,3,67301,0,,1,9,,N,N,,0,,0,0,0,3,2,,1905,1,2,0,0,0,1,0,3,4,0,2,7,,N,,,,,,,,,,,
2009118932,1025.0,1,0,0,0,0,0,0,0,0,7,0,,67,10,2009,4,39.8975,-75.233,1017.0,6,0,0,0,0,0,0,0,0,,0,0,0,10,1,1,0,,0,39 53:50.827,,0,75 13:58.965,4,0,0,0,67301,0,0,0,,0,0,0,1,67301,1,,5,1,,,,,0,,0,0,0,0,0,,1017,1,1,0,0,0,0,0,3,4,0,1,3,,N,,,,,,,,,,,
2009106213,1224.0,2,0,0,0,0,0,0,0,0,4,0,,67,10,2009,5,40.1143,-74.9879,1218.0,6,0,0,0,0,0,0,0,0,,0,0,0,12,1,1,1,,0,40 06:50.926,,0,74 59:15.880,4,0,0,0,67301,0,0,0,N,0,0,0,2,67301,1,,1,1,,N,N,,0,,0,0,0,3,2,,1218,1,2,0,0,0,0,0,3,4,0,2,3,,N,,,,,,,,,,,
2009111588,2123.0,1,0,0,0,0,0,0,0,0,8,0,,67,10,2009,6,40.0406,-75.1698,2123.0,6,0,0,0,0,0,1,0,0,,0,0,0,21,3,1,0,,0,40 02:26.148,,0,75 10:11.210,3,0,0,0,67301,1,0,0,N,1,0,0,2,67301,0,,1,1,,N,N,,0,,1,0,0,0,0,,2123,1,2,0,0,0,0,0,3,4,0,1,3,,N,,,,,,,,,,,
2009054229,1612.0,1,0,0,0,0,0,0,0,0,5,0,,67,4,2009,6,,,1610.0,6,0,0,1,0,0,0,0,0,,0,0,0,16,1,0,0,,0,,,0,,0,0,0,0,67301,0,0,0,,0,0,0,2,67301,0,,1,1,,,,,0,,0,0,1,0,0,,1608,0,2,0,0,2,0,0,3,3,0,2,3,,N,,,,,,,,,,,
2009054303,1630.0,1,0,0,0,0,0,0,0,0,8,0,,67,4,2009,1,40.0059,-75.1086,1623.0,6,0,0,0,0,0,0,0,0,2.0,0,0,0,16,1,1,0,,2,40 00:21.092,1.0,0,75 06:30.805,8,0,0,0,67301,1,0,0,N,1,0,0,2,67301,0,,1,1,,N,N,,0,,0,0,0,0,0,Y,1620,1,2,0,0,0,1,0,3,4,0,1,3,,N,,,,,,,,,,,
2009054453,1316.0,0,0,0,0,0,0,0,0,0,4,0,,67,5,2009,1,40.0235,-75.08,1310.0,6,0,0,0,0,0,0,0,0,,0,0,0,13,1,2,1,,0,40 01:24.736,,0,75 04:47.909,4,0,0,0,67301,0,0,0,N,0,0,0,3,67301,2,,1,9,,N,N,,1,,0,0,1,0,0,,1300,2,2,0,0,0,0,0,3,4,0,2,7,,N,,,,,,,,,,,
2009054343,335.0,0,0,0,0,0,0,0,0,0,1,0,,67,5,2009,6,40.0294,-75.0561,330.0,6,0,0,0,0,0,1,0,0,1.0,0,0,0,3,3,0,1,,1,40 01:45.839,1.0,0,75 03:21.884,0,0,0,0,67301,0,0,0,N,0,0,0,2,67301,0,,1,9,,N,N,,0,,0,0,2,3,2,N,325,0,2,0,0,0,0,0,3,4,0,2,3,,N,,,,,,,,,,,
2009054355,1551.0,0,0,0,1,0,0,0,0,0,4,0,,67,4,2009,2,39.9287,-75.1737,1548.0,6,0,0,0,0,0,0,0,0,,0,0,0,15,1,1,1,,0,39 55:43.168,,0,75 10:25.283,8,0,0,0,67301,1,0,0,,0,0,0,2,67301,0,,1,1,,N,N,,0,,0,0,0,3,3,,1545,1,2,0,0,0,1,0,3,4,1,1,3,,N,,,,,,,,,,,
2009086133,1526.0,1,0,0,1,0,0,0,0,0,5,0,,67,7,2009,3,40.0001,-75.2116,1009.0,6,0,0,0,0,0,0,0,0,9.0,0,0,0,15,1,1,0,,2,40 00:00.428,6.0,7,75 12:41.652,8,0,0,0,67301,1,0,0,,0,0,0,2,67301,0,,1,1,,N,N,,0,,0,0,0,0,0,Y,1503,1,2,0,0,0,1,0,3,4,0,1,3,,N,,,,,,,,,,,
2009076130,1812.0,1,0,0,0,0,0,0,0,0,1,0,,67,7,2009,4,39.9064,-75.1362,1810.0,6,0,0,0,0,0,0,0,0,,0,0,0,18,1,2,0,,0,39 54:22.982,,3,75 08:10.238,4,0,0,0,67301,0,0,0,N,0,0,0,9,67501,1,,1,1,,N,N,,0,,0,0,3,3,8,,1810,2,4,0,0,0,1,0,3,4,0,4,3,,N,,,,,,,,,,,
2009076140,1424.0,3,0,0,0,0,0,0,0,0,5,0,,67,7,2009,4,39.9553,-75.1477,1424.0,6,0,0,0,0,0,0,0,0,,0,0,0,14,1,0,6,,0,39 57:18.571,,2,75 08:50.361,0,0,0,0,67301,0,0,0,N,0,0,0,3,67501,0,,1,1,,N,N,,0,,0,0,0,0,0,,1423,0,3,0,0,0,0,0,3,4,0,3,3,,N,,,,,,,,,,,
2009054695,743.0,1,0,0,0,0,0,0,0,0,4,0,,67,4,2009,5,40.0954,-75.016,743.0,6,0,0,0,0,0,1,0,0,1.0,0,0,0,7,1,1,0,,1,40 05:43.280,4.0,7,75 00:57.770,4,0,0,0,67301,0,0,0,N,0,0,0,2,67301,1,,1,1,,N,N,,1,,0,0,0,0,0,N,730,1,2,0,0,0,0,0,3,4,0,2,3,,N,,,,,,,,,,,
2009054701,1702.0,2,0,0,0,0,0,0,0,0,6,0,,67,4,2009,3,40.0614,-75.0589,1659.0,6,0,0,0,0,0,0,1,0,,0,0,0,16,1,1,1,,0,40 03:41.216,,0,75 03:32.097,8,0,0,0,67301,0,0,0,N,0,0,0,2,67301,0,,1,1,,N,N,,0,,0,0,0,9,3,,1645,1,2,0,0,0,1,0,3,4,0,2,3,,N,,,,,,,,,,,
2009068502,1020.0,0,0,0,0,0,0,0,0,0,4,0,,67,6,2009,4,39.9534,-75.2161,1018.0,6,0,0,0,0,0,0,0,0,,0,0,0,10,1,1,1,,0,39 57:12.114,,0,75 12:58.132,3,0,0,1,67301,0,0,0,N,0,0,0,2,67301,0,,1,1,,N,N,,1,,1,0,0,3,2,,1010,1,2,0,0,1,0,0,3,4,0,2,3,,N,,,,,,,,,,,
2009071390,2030.0,2,0,0,0,0,0,0,0,0,4,0,,67,6,2009,4,40.0449,-75.0736,2025.0,6,0,0,0,0,0,0,0,0,,0,0,0,20,1,3,0,,0,40 02:41.542,,99,75 04:24.848,8,0,0,0,67301,0,0,0,,0,0,0,4,67301,0,,1,1,,N,N,,1,,0,0,0,0,0,,2020,3,3,0,0,0,3,0,3,4,0,3,3,,N,,,,,,,,,,,
2010003166,254.0,1,0,0,0,0,0,0,0,0,1,0,,67,11,2009,7,40.0512,-75.1187,251.0,6,0,0,0,0,0,0,0,0,2.0,0,0,0,2,3,0,1,,1,40 03:04.093,3.0,0,75 07:07.134,0,0,0,0,67301,0,0,0,N,0,0,0,3,67301,0,,1,1,,N,N,,0,,0,0,1,3,2,N,249,0,2,0,0,0,0,0,3,4,0,2,3,,N,,,,,,,,,,,
2010003171,1817.0,2,0,0,0,0,0,0,0,0,1,0,,67,12,2009,5,40.1145,-74.9873,1813.0,6,0,0,0,1,0,1,0,0,,0,0,0,18,3,1,0,,0,40 06:52.023,,0,74 59:14.278,4,0,0,0,67301,0,0,0,N,0,0,0,2,67301,1,,1,1,,N,N,,0,,0,0,0,0,0,,1813,1,2,0,0,0,0,0,3,4,0,2,3,,N,,,,,,,,,,,
2010003195,2355.0,2,0,0,0,0,0,0,0,0,1,0,,67,11,2009,6,39.9782,-75.1299,2350.0,6,0,0,0,0,0,0,0,0,,0,0,0,23,3,1,0,,0,39 58:41.692,,0,75 07:47.596,4,0,0,0,67301,0,0,0,N,0,0,0,1,67301,1,,6,1,,N,N,,0,,0,0,0,0,0,,2350,1,2,0,0,1,0,0,3,4,0,2,3,,N,,,,,,,,,,,
2010003197,1550.0,1,0,0,0,0,0,1,0,0,4,1,,67,11,2009,2,39.9678,-75.1802,1549.0,6,0,0,0,0,0,1,0,0,,0,0,0,15,1,1,2,,0,39 58:04.151,,0,75 10:48.583,4,0,0,0,67301,0,0,0,N,0,0,0,2,67301,1,,1,9,,N,N,,0,,0,0,0,3,3,,1540,1,2,0,0,1,0,0,3,4,0,2,7,,N,,,,,,,,,,,
2010003201,1420.0,2,0,0,0,0,0,0,0,0,1,0,,67,11,2009,6,40.0826,-74.966,1410.0,6,0,0,0,0,0,0,0,0,,0,0,0,21,3,1,1,,0,40 04:57.327,,0,74 57:57.675,4,0,0,0,67301,0,0,0,,0,0,0,3,67301,1,,1,1,,,,,0,,0,0,0,3,2,,2130,1,2,0,0,0,0,0,3,4,0,2,3,,N,,,,,,,,,,,
2010003551,1745.0,1,0,0,0,0,0,0,0,0,8,0,,67,12,2009,4,40.0443,-75.0541,1734.0,6,0,0,0,0,0,1,0,0,1.0,0,0,0,17,3,1,1,,2,40 02:39.450,1.0,0,75 03:14.767,4,0,0,0,67301,1,0,0,N,1,0,0,2,67301,1,,1,9,,N,N,,0,,0,0,0,3,2,Y,1730,1,2,0,0,0,0,0,3,4,0,1,7,,N,,,,,,,,,,,
2010006271,1050.0,2,0,0,0,0,0,0,0,0,4,0,,67,12,2009,5,40.0303,-75.0644,1050.0,6,0,0,0,0,0,0,1,0,9.0,0,0,0,10,1,1,1,,2,40 01:48.978,5.0,0,75 03:51.736,8,0,0,0,67301,0,0,0,N,0,0,0,3,67301,0,,1,1,,N,N,,0,,0,0,0,3,2,Y,1045,1,2,0,0,0,1,0,3,4,0,2,3,,N,,,,,,,,,,,
2010004861,1036.0,2,0,0,0,0,0,0,0,0,1,0,,67,12,2009,1,39.9647,-75.1851,1029.0,6,0,0,0,0,0,0,0,0,,0,0,0,10,1,1,0,,0,39 57:59.506,,0,75 11:13.950,4,0,0,0,67301,0,0,0,N,0,0,0,2,68K01,1,,1,1,,N,N,,0,,0,0,0,0,0,,1027,1,2,0,0,1,0,0,3,4,0,2,3,,N,,,,,,,,,,,
2010010663,0.0,0,0,0,0,0,0,0,0,0,1,0,,67,5,2009,1,40.0026,-75.0997,0.0,6,0,0,0,0,0,1,0,0,,0,0,0,15,1,1,5,,0,40 00:09.273,,0,75 05:59.019,8,0,0,0,67301,0,0,0,N,0,0,0,2,00000,0,,1,9,,N,N,,1,,0,0,0,3,2,,1503,1,2,0,0,0,1,0,3,4,0,2,7,,N,,,,,,,,,,,
2010011206,540.0,1,0,0,0,0,0,0,0,0,4,0,,67,12,2009,7,39.9204,-75.2329,534.0,6,0,0,0,0,0,0,0,0,,0,0,0,5,5,2,1,,0,39 55:13.431,,0,75 13:58.415,8,0,0,0,67301,0,0,0,,0,0,0,3,67301,0,,1,9,,,N,,0,,0,0,0,9,2,,530,2,2,0,0,0,2,1,3,4,1,2,7,,N,,,,,,,,,,,
2010011108,315.0,2,0,0,0,0,0,0,0,0,4,0,,67,12,2009,5,40.015,-75.1352,1252.0,6,0,0,0,0,0,0,0,0,,0,0,0,21,3,2,1,,0,40 00:54.079,,0,75 08:06.611,4,0,0,0,67301,0,0,0,,0,0,0,5,67301,2,,1,1,,,,,0,,0,0,0,3,2,,2100,2,2,0,0,2,0,1,3,4,0,2,3,,N,,,,,,,,,,,
2010011145,1116.0,2,0,0,0,0,0,0,0,0,4,0,,67,12,2009,7,39.9067,-75.1834,1113.0,6,0,0,0,0,0,0,0,0,1.0,0,0,0,11,1,1,2,,1,39 54:23.986,1.0,7,75 11:00.103,8,0,0,0,67301,0,0,0,N,0,0,0,2,67301,0,,1,1,,N,N,,0,,0,0,0,3,2,Y,1113,1,2,0,0,0,1,0,3,4,0,2,3,,N,,,,,,,,,,,
2010012382,1346.0,2,0,0,0,0,0,0,0,0,5,0,,67,12,2009,6,40.0162,-75.1755,1326.0,6,0,0,0,0,0,0,0,0,,0,0,0,13,1,2,0,,0,40 00:58.292,,0,75 10:31.611,4,0,0,0,67301,0,0,0,N,0,0,0,4,67301,2,,1,1,,N,N,,0,,0,0,0,0,0,,1325,2,2,0,0,1,0,0,3,4,0,2,3,,N,,,,,,,,,,,
2010006390,1255.0,1,0,0,0,0,0,0,0,0,8,0,,67,12,2009,5,39.9714,-75.2359,1252.0,6,0,0,0,0,0,0,0,0,,0,0,0,12,1,1,0,,0,39 58:17.036,,0,75 14:09.340,3,0,0,0,67301,1,0,0,,1,0,0,2,67301,0,,1,1,,,,,0,,1,0,0,0,0,,1252,1,2,0,0,0,0,0,3,4,0,1,3,,N,,,,,,,,,,,
2010005516,2229.0,2,0,1,0,0,0,0,0,0,6,0,,67,12,2009,4,39.97,-75.1894,2218.0,6,0,0,1,0,0,0,0,0,,0,0,0,22,3,3,0,,0,39 58:12.045,,0,75 11:21.465,2,0,0,0,67301,0,0,0,N,0,0,0,5,67301,2,,1,9,,N,N,,0,,0,1,1,0,0,,2200,3,3,0,0,0,0,0,3,4,0,3,7,,N,,,,,,,,,,,
2010003073,1257.0,1,0,0,0,0,0,0,0,0,8,0,,67,12,2009,4,39.9976,-75.1753,1213.0,6,0,0,0,0,0,0,0,0,,0,0,0,12,1,1,2,,0,39 59:51.410,,0,75 10:31.195,4,0,0,0,67301,1,0,0,N,1,0,0,2,67301,1,,4,1,,N,N,,0,,0,0,0,0,0,,1213,1,2,0,0,0,0,0,3,4,0,1,3,,N,,,,,,,,,,,
2010002774,1802.0,1,0,0,0,0,0,0,0,0,8,0,,67,12,2009,1,39.9148,-75.1498,1801.0,6,0,0,0,0,0,1,0,0,,0,0,0,17,2,1,0,,0,39 54:53.132,,0,75 08:59.409,8,0,0,0,67301,1,0,0,N,1,0,0,2,67301,0,,1,1,,N,N,,0,,0,0,0,0,0,,1755,1,2,0,0,0,1,0,3,4,0,1,3,,N,,,,,,,,,,,
2010002797,708.0,2,0,0,0,0,0,0,0,0,4,0,,67,11,2009,5,39.9776,-75.2356,651.0,6,0,0,0,0,0,0,0,0,,0,0,0,6,3,1,2,,0,39 58:39.536,,0,75 14:08.023,4,0,0,0,67301,0,0,0,N,0,0,0,2,67301,1,,1,9,,N,N,,0,,0,0,0,9,3,,638,1,2,0,0,0,0,0,3,4,0,2,7,,N,,,,,,,,,,,
2010005665,1915.0,1,0,0,0,0,0,0,0,0,2,0,,67,12,2009,4,39.9751,-75.195,1913.0,6,0,0,0,0,0,0,0,0,2.0,0,0,0,19,1,0,1,,1,39 58:30.316,6.0,0,75 11:41.875,0,0,0,0,67301,0,0,0,N,0,0,0,2,67301,0,,1,1,,N,N,,0,,0,0,1,3,2,N,1910,0,2,0,0,0,0,0,3,4,0,2,3,,N,,,,,,,,,,,
2010005668,1400.0,0,0,0,0,0,0,0,0,0,1,0,,67,12,2009,6,39.9071,-75.2236,1350.0,6,0,0,0,0,0,1,0,0,,0,0,0,13,1,2,0,,0,39 54:25.592,,0,75 13:24.842,3,0,0,0,67301,0,0,0,N,0,0,0,3,67301,0,,2,1,,N,N,,2,,2,0,0,0,0,,1300,2,2,0,0,0,0,0,3,4,0,2,3,,N,,,,,,,,,,,
2009067595,1805.0,1,0,0,0,0,0,0,0,0,8,0,,67,6,2009,6,39.9867,-75.1312,1800.0,6,0,0,0,0,0,0,0,0,,0,0,0,17,1,1,0,,0,39 59:12.067,,0,75 07:52.308,3,0,0,0,67301,1,0,0,N,1,0,0,2,67301,0,,1,9,,N,N,,0,,1,0,0,0,0,,1758,1,2,0,0,0,0,0,3,4,0,1,7,,N,,,,,,,,,,,
2009059727,1314.0,2,0,0,0,0,0,0,0,0,2,0,,67,5,2009,4,39.9597,-75.1558,1306.0,6,0,0,0,0,0,0,0,0,,0,0,0,12,1,1,1,,0,39 57:34.905,,0,75 09:21.056,4,0,0,0,67301,0,0,0,,0,0,0,2,67301,1,,1,1,,,,,0,,0,0,1,3,3,,1250,1,3,0,0,2,0,0,3,4,0,3,3,,N,,,,,,,,,,,
2009064800,1.0,1,0,0,0,0,0,0,0,0,0,1,,67,6,2009,2,39.9867,-75.2079,2355.0,6,0,0,0,0,0,1,0,0,,0,1,0,23,3,0,0,,0,39 59:16.160,,0,75 12:26.495,0,0,0,0,67301,0,0,0,N,0,0,0,3,68K01,0,,1,1,,N,N,,0,,0,0,0,0,0,,2342,0,3,0,0,0,0,0,3,4,1,3,3,,N,,,,,,,,,,,
2009089247,1509.0,1,0,0,0,0,0,0,0,0,1,0,,67,8,2009,6,39.9126,-75.1484,1427.0,6,0,0,0,0,0,0,0,0,,0,0,0,14,1,1,6,,0,39 54:55.580,,2,75 08:51.536,4,0,0,0,67301,0,0,0,N,0,0,0,2,68K01,1,,1,9,,N,N,,0,,0,0,1,0,0,,1425,1,2,0,0,0,0,0,3,4,0,2,7,,N,,,,,,,,,,,
2009121300,1.0,1,0,0,0,0,0,0,0,0,7,0,,67,11,2009,5,39.9855,-75.2083,2359.0,6,0,0,0,0,1,0,0,0,1.0,0,0,0,23,2,1,0,,1,39 59:11.400,3.0,0,75 12:29.160,3,0,0,0,67301,0,0,0,N,0,0,0,1,68K01,0,,4,9,,N,N,,0,,1,0,0,0,0,N,2358,1,1,0,0,0,0,0,3,4,0,1,7,,N,,,,,,,,,,,
2009111102,1205.0,2,0,0,0,0,0,0,0,0,4,0,,67,10,2009,3,39.9834,-75.1007,1203.0,6,0,0,0,0,0,0,0,0,,0,0,0,99,1,2,0,,0,39 59:00.212,,0,75 06:02.310,3,0,0,0,67301,0,0,0,,0,0,0,3,67301,1,,1,1,,,,,0,,1,0,0,0,0,,9999,2,2,0,0,0,0,0,3,4,0,2,3,,N,,,,,,,,,,,