CRN,ARRIVAL_TM,AUTOMOBILE_COUNT,BELTED_DEATH_COUNT,BELTED_SUSP_SERIOUS_INJ_COUNT,BICYCLE_COUNT,BICYCLE_DEATH_COUNT,BICYCLE_SUSP_SERIOUS_INJ_COUNT,BUS_COUNT,CHLDPAS_DEATH_COUNT,CHLDPAS_SUSP_SERIOUS_INJ_COUNT,COLLISION_TYPE,COMM_VEH_COUNT,CONS_ZONE_SPD_LIM,COUNTY,CRASH_MONTH,CRASH_YEAR,DAY_OF_WEEK,DEC_LAT,DEC_LONG,DISPATCH_TM,DISTRICT,DRIVER_COUNT_16YR,DRIVER_COUNT_17YR,DRIVER_COUNT_18YR,DRIVER_COUNT_19YR,DRIVER_COUNT_20YR,DRIVER_COUNT_50_64YR,DRIVER_COUNT_65_74YR,DRIVER_COUNT_75PLUS,EST_HRS_CLOSED,FATAL_COUNT,HEAVY_TRUCK_COUNT,HORSE_BUGGY_COUNT,HOUR_OF_DAY,ILLUMINATION,INJURY_COUNT,INTERSECT_TYPE,INTERSECTION_RELATED,LANE_CLOSED,LATITUDE,LN_CLOSE_DIR,LOCATION_TYPE,LONGITUDE,MAX_SEVERITY_LEVEL,MCYCLE_DEATH_COUNT,MCYCLE_SUSP_SERIOUS_INJ_COUNT,MOTORCYCLE_COUNT,MUNICIPALITY,NONMOTR_COUNT,NONMOTR_DEATH_COUNT,NONMOTR_SUSP_SERIOUS_INJ_COUNT,NTFY_HIWY_MAINT,PED_COUNT,PED_DEATH_COUNT,PED_SUSP_SERIOUS_INJ_COUNT,PERSON_COUNT,POLICE_AGCY,POSSIBLE_INJ_COUNT,RDWY_SURF_TYPE_CD,RELATION_TO_ROAD,ROAD_CONDITION,ROADWAY_CLEARED,SCH_BUS_IND,SCH_ZONE_IND,SECONDARY_CRASH,SMALL_TRUCK_COUNT,SPEC_JURIS_CD,SUSP_MINOR_INJ_COUNT,SUSP_SERIOUS_INJ_COUNT,SUV_COUNT,TCD_FUNC_CD,TCD_TYPE,TFC_DETOUR_IND,TIME_OF_DAY,TOT_INJ_COUNT,TOTAL_UNITS,UNB_DEATH_COUNT,UNB_SUSP_SERIOUS_INJ_COUNT,UNBELTED_OCC_COUNT,UNK_INJ_DEG_COUNT,UNK_INJ_PER_COUNT,URBAN_AREA,URBAN_RURAL,VAN_COUNT,VEHICLE_COUNT,WEATHER1,WEATHER2,WORK_ZONE_IND,WORK_ZONE_LOC,WORK_ZONE_TYPE,WORKERS_PRES,WZ_CLOSE_DETOUR,WZ_FLAGGER,WZ_LAW_OFFCR_IND,WZ_LN_CLOSURE,WZ_MOVING,WZ_OTHER,WZ_SHLDER_MDN,WZ_WORKERS_INJ_KILLED
2009111127,1257.0,1,0,0,0,0,0,0,0,0,7,0,,67,9,2009,1,40.049,-75.0327,1253.0,6,0,0,0,0,0,0,0,0,,0,0,0,12,1,0,0,,0,40 02:56.567,,3,75 01:57.547,0,0,0,0,67301,0,0,0,N,0,0,0,1,67301,0,,2,9,,N,N,,0,,0,0,0,0,0,,1219,0,1,0,0,0,0,0,3,4,0,1,7,,N,,,,,,,,,,,
2009118843,1748.0,1,0,0,0,0,0,0,0,0,5,0,,67,10,2009,7,40.0097,-75.1872,1744.0,6,0,0,0,1,0,0,0,0,2.0,0,0,0,17,1,1,7,,2,40 00:38.272,4.0,2,75 11:04.414,4,0,0,0,67301,0,0,0,N,0,0,0,2,67301,1,,1,9,,N,N,,0,,0,0,1,3,8,N,1742,1,2,0,0,0,0,0,3,4,0,2,7,,N,,,,,,,,,,,
2009120831,1340.0,1,0,0,1,0,0,0,0,0,5,0,,67,10,2009,5,39.9265,-75.1861,1335.0,6,0,0,0,0,0,0,0,0,,0,0,0,13,1,1,1,,0,39 55:35.296,,0,75 11:09.463,4,0,0,0,67301,1,0,0,N,0,0,0,2,67301,1,,1,1,,N,N,,0,,0,0,0,3,2,,1330,1,2,0,0,1,0,0,3,4,0,1,3,,N,,,,,,,,,,,
2009120840,1523.0,1,0,0,0,0,0,0,0,0,4,0,,67,10,2009,7,40.022,-75.0835,1505.0,6,0,0,0,0,0,1,0,0,3.0,0,0,0,15,1,1,1,,2,40 01:19.081,3.0,0,75 05:00.736,8,0,0,0,67301,0,0,0,N,0,0,0,3,67301,0,,1,9,,N,N,,0,,0,0,1,3,3,Y,1505,1,2,0,0,0,1,0,3,4,0,2,7,,N,,,,,,,,,,,
2009106326,403.0,1,0,0,0,0,0,0,0,0,7,0,,67,10,2009,4,39.9602,-75.1805,402.0,6,0,0,0,0,0,0,0,0,1.0,0,0,0,4,3,2,0,,1,39 57:40.022,4.0,0,75 10:55.537,4,0,0,0,67301,0,0,0,N,0,0,0,2,68K01,2,,2,9,,N,N,,0,,0,0,0,0,0,N,400,2,1,0,0,0,0,0,3,4,0,1,7,,N,,,,,,,,,,,
2009121108,455.0,2,0,0,0,0,0,0,0,0,5,0,,67,10,2009,7,39.9796,-75.1818,448.0,6,0,0,0,0,0,0,0,0,,0,0,0,4,6,0,0,,0,39 58:46.530,,0,75 10:54.340,0,0,0,0,67301,0,0,0,N,0,0,0,1,67301,0,,6,1,,N,N,,0,,0,0,0,0,0,,445,0,3,0,0,0,0,0,3,4,1,3,3,,N,,,,,,,,,,,
2009054109,2139.0,2,0,0,0,0,0,0,0,0,4,0,,67,4,2009,4,40.0176,-75.065,2137.0,6,0,0,0,0,0,0,0,0,,0,0,0,21,3,1,1,,0,40 01:03.097,,0,75 03:54.438,4,0,0,0,67301,0,0,0,,0,0,0,5,67301,1,,1,1,,N,N,,0,,0,0,0,9,1,,2136,1,2,0,0,0,0,0,3,4,0,2,3,,N,,,,,,,,,,,
2009093645,1845.0,2,0,0,0,0,0,0,0,0,4,0,,67,8,2009,6,40.0567,-75.0469,1838.0,6,0,0,0,0,0,0,1,0,1.0,0,0,0,18,1,0,1,,1,40 03:24.250,2.0,0,75 02:48.711,0,0,0,0,67301,0,0,0,N,0,0,0,2,67301,0,,1,1,,N,N,,0,,0,0,0,3,2,N,1830,0,2,0,0,0,0,0,3,4,0,2,3,,N,,,,,,,,,,,
2009054471,1314.0,1,0,0,0,0,0,0,0,0,1,0,,67,4,2009,6,39.9754,-75.121,1314.0,6,0,0,0,0,0,1,0,0,,0,0,0,13,1,1,0,,0,39 58:31.499,,0,75 07:15.719,4,0,0,0,67301,0,0,0,N,0,0,0,2,67301,1,,1,1,,N,N,,0,,0,0,1,3,2,,1300,1,2,0,0,0,0,0,3,4,0,2,3,,N,,,,,,,,,,,
2009054502,1010.0,3,0,0,0,0,0,0,0,0,5,0,,67,4,2009,5,40.0663,-75.1578,1010.0,6,0,0,0,0,0,2,0,0,,0,0,0,10,1,1,0,,0,40 03:58.539,,0,75 09:28.170,3,0,0,0,67301,0,0,0,N,0,0,0,2,67301,0,,2,1,,N,N,,0,,1,0,0,0,0,,1010,1,3,0,0,0,0,0,3,4,0,3,3,,N,,,,,,,,,,,
2009054557,2142.0,1,0,0,0,0,0,0,0,0,1,0,,67,4,2009,4,39.9216,-75.1938,2135.0,6,0,0,0,0,0,0,0,0,,0,0,0,21,3,2,0,,0,39 55:17.599,,0,75 11:37.686,4,0,0,0,67301,0,0,0,N,0,0,0,3,67301,1,,1,9,,N,N,,0,,0,0,0,0,0,,2130,2,2,0,0,1,1,1,3,4,0,2,3,,N,,,,,,,,,,,
2009086172,9999.0,1,0,0,1,0,0,0,0,0,4,0,,67,7,2009,4,39.9339,-75.1676,142.0,6,0,0,0,0,0,0,0,0,,0,0,0,99,3,1,0,,0,39 56:01.805,,0,75 10:03.250,8,0,0,0,67301,1,0,0,N,0,0,0,3,67301,0,,1,1,,N,N,,0,,0,0,0,0,0,,9999,1,2,0,0,0,1,0,3,4,0,1,3,,N,,,,,,,,,,,
2009083626,933.0,4,0,0,0,0,0,0,0,0,4,0,,67,7,2009,7,40.0651,-75.1858,926.0,6,0,0,0,0,0,1,0,0,,0,0,0,9,1,0,1,,0,40 03:54.470,,0,75 11:08.773,0,0,0,0,67301,0,0,0,N,0,0,0,2,67301,0,,1,1,,N,N,,0,,0,0,0,2,3,,917,0,4,0,0,0,0,0,3,4,0,4,3,,N,,,,,,,,,,,
2009078658,1347.0,1,0,0,0,0,0,0,0,0,5,0,,67,7,2009,5,39.903,-75.1506,1334.0,6,0,0,1,0,0,0,0,0,,0,0,0,13,1,0,0,,0,39 54:20.428,,0,75 08:59.369,0,0,0,0,67301,0,0,0,N,0,0,0,3,68K01,0,,1,9,,N,N,,0,,0,0,1,0,0,,1324,0,2,0,0,0,0,0,3,4,0,2,7,,N,,,,,,,,,,,
2009068533,1925.0,3,0,0,0,0,0,0,0,0,4,0,,67,6,2009,2,39.9168,-75.238,1916.0,6,0,0,0,0,0,0,0,0,3.0,0,0,0,19,1,1,2,,1,39 55:00.607,3.0,0,75 14:16.631,4,0,0,0,67301,0,0,0,N,0,0,0,3,67301,1,,1,1,,N,N,,0,,0,0,0,0,0,N,1913,1,4,0,0,1,0,1,3,4,1,4,3,,N,,,,,,,,,,,
2009073628,2040.0,1,0,0,0,0,0,0,0,0,7,0,,67,7,2009,6,39.9787,-75.1102,2034.0,6,0,0,0,0,0,1,0,0,2.0,0,0,0,20,3,1,0,,1,39 58:45.120,2.0,0,75 06:32.400,4,0,0,0,67301,0,0,0,N,0,0,0,1,68K01,1,,2,1,,N,N,,0,,0,0,0,0,0,N,2032,1,1,0,0,0,0,0,3,4,0,1,3,,N,,,,,,,,,,,
2010005940,352.0,3,0,0,0,0,0,0,0,0,5,0,,67,11,2009,7,39.9698,-75.142,349.0,6,0,0,0,0,1,0,0,0,,0,0,0,3,3,1,0,,0,39 58:11.179,,0,75 08:31.025,4,0,0,0,67301,0,0,0,,0,0,0,2,67301,1,,6,1,,,,,0,,0,0,0,0,0,,347,1,3,0,0,1,0,0,3,4,0,3,3,,N,,,,,,,,,,,
2010003186,145.0,0,0,0,0,0,0,0,0,0,1,0,,67,11,2009,5,40.0443,-75.0541,144.0,6,0,0,0,0,0,0,0,0,2.0,0,0,0,1,3,1,1,,2,40 02:39.450,1.0,0,75 03:14.767,8,0,0,0,67301,0,0,0,N,0,0,0,3,67301,0,,1,1,,N,N,,1,,0,0,0,3,2,Y,142,1,2,0,0,0,1,0,3,4,1,2,3,,N,,,,,,,,,,,
2010005928,445.0,1,0,0,0,0,0,0,0,0,5,0,,67,12,2009,4,40.0319,-75.0405,442.0,6,0,0,0,0,0,0,0,0,1.0,0,0,0,4,3,0,0,,2,40 01:54.709,2.0,0,75 02:25.979,0,0,0,0,67301,0,0,0,N,0,0,0,1,67301,0,,1,1,,N,N,,1,,0,0,1,0,0,Y,440,0,3,0,0,0,0,0,3,4,0,3,3,,N,,,,,,,,,,,
2010011577,2135.0,1,0,0,0,0,0,0,0,0,1,0,,67,12,2009,2,40.0558,-75.0608,2131.0,6,0,0,0,0,0,0,0,0,,0,0,0,21,3,1,0,,0,40 03:20.869,,0,75 03:38.833,4,0,0,0,67301,0,0,0,N,0,0,0,2,67301,1,,1,1,,N,N,,1,,0,0,0,0,0,,2128,1,2,0,0,0,0,0,3,4,0,2,3,,N,,,,,,,,,,,
2010003537,1555.0,1,0,0,0,0,0,0,0,0,5,0,,67,11,2009,2,40.0144,-75.2061,1550.0,6,0,0,0,0,0,0,0,0,,0,0,0,15,1,1,0,,0,40 00:51.660,,2,75 12:22.062,4,0,0,0,67301,0,0,0,N,0,0,0,2,67301,1,,1,9,,,,,1,,0,0,0,3,8,,1550,1,2,0,0,1,0,0,3,4,0,2,7,,N,,,,,,,,,,,
2010006342,415.0,1,0,0,0,0,0,0,0,0,7,0,,67,12,2009,1,40.0743,-75.2036,415.0,6,0,0,0,0,0,0,0,0,,0,0,0,4,3,0,2,,0,40 04:26.772,,0,75 12:12.142,0,0,0,0,67301,0,0,0,N,0,0,0,2,67301,0,,5,1,,N,N,,0,,0,0,0,3,2,,415,0,1,0,0,2,0,0,3,4,0,1,3,,N,,,,,,,,,,,
2010010334,0.0,1,0,0,0,0,0,0,0,0,1,0,,67,7,2009,6,39.9923,-75.1422,0.0,6,0,0,0,0,0,0,0,0,,0,0,0,21,6,2,1,,0,39 59:32.607,,0,75 08:31.827,8,0,0,0,67301,0,0,0,N,0,0,0,3,00000,0,,1,1,,N,N,,0,,0,0,0,3,2,,2120,2,2,0,0,0,2,1,3,4,0,2,3,,N,,,,,,,,,,,
2010010627,926.0,0,0,0,1,0,0,0,0,0,4,0,,67,11,2009,5,39.953,-75.1601,925.0,6,0,0,0,0,0,0,0,0,,0,0,0,9,1,1,0,,0,39 57:10.710,,0,75 09:36.470,8,0,0,0,67301,1,0,0,,0,0,0,2,00000,0,,1,1,,,,,1,,0,0,0,0,0,,925,1,2,0,0,0,1,1,3,4,0,1,3,,N,,,,,,,,,,,
2010010731,0.0,1,0,0,0,0,0,1,0,0,4,1,,67,8,2009,7,39.955,-75.1527,0.0,6,0,0,0,0,0,0,0,0,,0,0,0,1,3,0,10,,0,39 57:18.169,,0,75 09:09.806,9,0,0,0,67301,0,0,0,N,0,0,0,3,00000,0,,1,9,,N,N,,0,,0,0,0,3,2,,100,0,2,0,0,0,0,1,3,4,0,2,7,,N,,,,,,,,,,,
2010016925,1109.0,0,0,0,0,0,0,0,0,0,8,0,,67,12,2009,6,39.9242,-75.1687,1104.0,6,0,0,0,0,0,0,0,0,,0,0,0,11,1,1,1,,0,39 55:26.013,,0,75 09:57.306,8,0,0,0,67301,1,0,0,,1,0,0,2,67301,0,,1,1,,,,,0,,0,0,0,3,2,,1100,1,2,0,0,0,1,0,3,4,1,1,3,,N,,,,,,,,,,,
2010021233,247.0,2,0,0,0,0,0,0,0,0,2,0,,67,11,2009,6,40.0395,-75.2412,245.0,6,0,0,0,0,0,0,0,0,3.0,0,0,0,2,3,2,0,,2,40 02:22.324,5.0,0,75 14:28.146,2,0,0,0,67301,0,0,0,N,0,0,0,2,67301,0,,1,1,,N,N,,1,,1,1,0,0,0,Y,245,2,3,0,0,0,0,0,3,4,0,3,3,,N,,,,,,,,,,,
2010018665,1040.0,2,0,0,0,0,0,0,0,0,4,0,,67,12,2009,6,40.0809,-75.0288,1035.0,6,0,0,0,1,0,1,0,0,1.0,0,0,0,10,1,1,1,,1,40 04:51.077,3.0,0,75 01:43.585,3,0,0,0,67301,0,0,0,N,0,0,0,2,67301,0,,1,1,,N,N,,0,,1,0,0,3,2,N,1030,1,2,0,0,0,0,0,3,4,0,2,3,,N,,,,,,,,,,,
2010005506,946.0,1,0,0,0,0,0,0,0,0,1,0,,67,12,2009,4,39.9754,-75.19,944.0,6,0,0,0,0,0,0,0,0,,0,0,0,9,1,1,3,,0,39 58:31.433,,0,75 11:23.825,8,0,0,0,67301,0,0,0,N,0,0,0,5,67301,0,,1,1,,N,N,,1,,0,0,0,3,2,,943,1,2,0,0,0,1,0,3,4,0,2,3,,N,,,,,,,,,,,
2010005614,248.0,1,0,0,0,0,0,0,0,0,7,0,,67,12,2009,1,40.1014,-75.006,248.0,6,0,0,0,0,0,0,0,0,1.0,0,0,0,2,3,0,0,,2,40 06:05.049,1.0,0,75 00:21.429,0,0,0,0,67301,0,0,0,N,0,0,0,1,67301,0,,2,1,,N,N,,0,,0,0,0,0,0,N,247,0,1,0,0,1,0,0,3,4,0,1,3,,N,,,,,,,,,,,
2010005629,1649.0,2,0,0,0,0,0,0,0,0,1,0,,67,12,2009,5,40.0543,-75.0716,1640.0,6,0,0,0,1,0,0,0,0,,0,0,0,16,3,1,1,,0,40 03:15.451,,0,75 04:17.588,4,0,0,0,67301,0,0,0,N,0,0,0,3,67301,1,,1,1,,N,N,,1,,0,0,0,3,2,,1640,1,3,0,0,0,0,0,3,4,0,3,3,,N,,,,,,,,,,,
2010005670,825.0,0,0,0,0,0,0,0,0,0,8,0,,67,12,2009,6,39.9758,-75.1202,818.0,6,0,0,0,0,0,0,0,0,,0,0,0,8,1,1,1,,0,39 58:37.629,,0,75 07:10.032,3,0,0,0,67301,1,0,0,N,1,0,0,2,67301,0,,1,1,,N,N,,1,,1,0,0,9,2,,800,1,2,0,0,0,0,0,3,4,0,1,3,,N,,,,,,,,,,,
2009093554,1750.0,1,0,0,0,0,0,0,0,0,8,0,,67,8,2009,4,40.0282,-75.042,1745.0,6,0,0,0,0,0,0,0,0,,0,0,0,99,1,1,1,,0,40 01:41.404,,0,75 02:31.106,4,0,0,0,67301,1,0,0,N,1,0,0,2,67301,1,,1,1,,N,N,,0,,0,0,0,0,0,,9999,1,2,0,0,0,0,0,3,4,0,1,3,,N,,,,,,,,,,,
2009093625,2015.0,0,0,0,0,0,0,0,0,0,8,0,,67,8,2009,4,39.9692,-75.2303,2008.0,6,0,0,0,0,0,1,0,0,,0,0,0,20,3,1,0,,0,39 58:09.051,,0,75 13:49.137,8,0,0,0,67301,1,0,0,,1,0,0,2,67301,0,,1,1,,,,,0,,0,0,0,0,0,,2005,1,2,0,0,0,1,0,3,4,1,1,3,,N,,,,,,,,,,,
2009054345,1210.0,1,0,0,0,0,0,0,0,0,5,0,,67,5,2009,1,39.8915,-75.2302,1208.0,6,0,0,0,0,0,1,0,0,,0,0,0,12,1,1,0,,0,39 53:30.009,,2,75 13:49.762,8,0,0,0,67301,0,0,0,,0,0,0,3,67301,0,,1,9,,,,,1,,0,0,0,0,0,,1208,1,2,0,0,0,1,0,3,4,0,2,7,,N,,,,,,,,,,,
2009088711,726.0,3,0,0,0,0,0,0,0,0,5,1,,67,8,2009,2,40.0026,-75.195,725.0,6,0,0,0,0,0,2,0,0,1.0,0,1,0,7,1,0,0,,1,40 00:08.853,3.0,0,75 11:42.021,0,0,0,0,67301,0,0,0,N,0,0,0,4,68K01,0,,2,1,,N,N,,0,,0,0,0,3,4,N,718,0,4,0,0,0,0,0,3,4,0,4,3,,N,,,,,,,,,,,
2009086256,10.0,2,0,0,0,0,0,0,0,0,1,0,,67,7,2009,7,39.9982,-75.1876,5.0,6,0,0,0,0,0,0,0,0,,0,0,0,23,3,1,2,,0,39 59:53.654,,0,75 11:15.510,4,0,0,0,67301,0,0,0,N,0,0,0,2,67301,1,,1,9,,N,N,,0,,0,0,0,3,2,,2335,1,2,0,0,0,0,1,3,4,0,2,7,,N,,,,,,,,,,,
2009086285,134.0,4,0,0,0,0,0,0,0,0,5,0,,67,8,2009,7,39.9435,-75.2249,123.0,6,0,0,0,0,0,0,0,0,3.0,0,0,0,1,3,0,0,,2,39 56:36.445,1.0,0,75 13:29.593,0,0,0,0,67301,0,0,0,,0,0,0,0,67301,0,,6,1,,N,N,,0,,0,0,1,0,0,N,120,0,5,0,0,0,0,0,3,4,0,5,3,,N,,,,,,,,,,,
2009065974,503.0,1,0,0,0,0,0,0,0,0,7,0,,67,6,2009,3,39.948,-75.1421,447.0,6,0,0,0,0,0,0,0,0,,0,0,0,4,5,0,0,,0,39 56:52.949,,0,75 08:31.668,0,0,0,0,67301,0,0,0,N,0,0,0,1,68K01,0,,7,1,,N,N,,0,,0,0,0,0,0,,443,0,1,0,0,0,0,0,3,4,0,1,3,,N,,,,,,,,,,,
2009068446,9999.0,0,0,0,0,0,0,0,0,0,0,0,,67,5,2009,7,40.0085,-75.0971,341.0,6,0,0,0,0,0,0,0,0,2.0,0,0,0,3,3,1,0,,2,40 00:30.598,6.0,0,75 05:49.408,3,0,0,0,67301,0,0,0,N,0,0,0,1,67301,0,,6,1,,N,N,,0,,1,0,3,0,0,Y,340,1,3,0,0,1,0,0,3,4,0,3,3,,N,,,,,,,,,,,
2009068501,1723.0,1,0,0,0,0,0,0,0,0,4,0,,67,6,2009,1,40.0325,-75.2235,1721.0,6,0,0,0,1,0,0,0,0,,0,0,0,17,1,1,2,,0,40 01:56.924,,0,75 13:24.682,8,0,0,1,67301,0,0,0,,0,0,0,3,67301,0,,1,1,,,,,0,,0,0,0,0,0,,1720,1,2,0,0,0,1,2,3,4,0,2,3,,N,,,,,,,,,,,
2009073822,1950.0,0,0,0,0,0,0,0,0,0,0,0,,67,7,2009,1,40.0051,-75.1942,1942.0,6,0,0,0,0,0,0,0,0,2.0,0,0,0,19,4,1,0,,1,40 00:16.920,1.0,2,75 11:39.840,2,0,1,1,67301,0,0,0,N,0,0,0,1,68K01,0,,1,1,,N,N,,0,,0,1,0,0,0,N,1942,1,2,0,0,0,0,0,3,4,0,1,3,,N,,,,,,,,,,,
2009066085,,1,0,0,0,0,0,0,0,0,5,0,,67,1,2009,4,,,,6,0,0,0,0,0,0,0,0,,0,0,0,4,6,0,0,,0,,,0,,9,0,0,0,67301,0,0,0,N,0,0,0,4,00000,0,,1,7,,N,N,,0,,0,0,0,0,0,,400,0,2,0,0,0,0,4,3,3,0,2,10,,N,,,,,,,,,,,
2009066108,0.0,1,0,0,0,0,0,0,0,0,1,0,,67,2,2009,6,40.02,-75.0832,0.0,6,0,0,0,0,0,0,0,0,,0,0,0,99,1,3,0,,0,40 01:11.958,,0,75 04:59.657,3,0,0,0,67301,0,0,0,N,0,0,0,4,00000,0,,1,1,,N,N,,1,,3,0,0,3,3,,9999,3,2,0,0,0,0,1,3,4,0,2,3,,N,,,,,,,,,,,
2010003160,1759.0,1,0,0,0,0,0,0,0,0,8,0,,67,11,2009,2,39.9715,-75.2258,1752.0,6,0,0,0,0,0,0,0,0,,0,0,0,17,3,1,1,,0,39 58:17.198,,0,75 13:33.022,4,0,0,0,67301,2,0,0,N,2,0,0,3,67301,1,,1,9,,N,N,,0,,0,0,0,3,2,,1750,1,3,0,0,0,0,0,3,4,0,1,7,,N,,,,,,,,,,,
2010006170,1605.0,1,0,0,0,0,0,0,0,0,4,0,,67,12,2009,1,39.9742,-75.2415,1600.0,6,0,0,0,0,0,0,0,0,,0,0,0,15,1,2,1,,0,39 58:27.156,,0,75 14:29.468,4,0,0,0,67301,0,0,0,N,0,0,0,3,67301,2,,1,9,,N,N,,0,,0,0,1,3,3,,1559,2,2,0,0,0,0,0,3,4,0,2,7,,N,,,,,,,,,,,
2010005932,836.0,1,0,0,0,0,0,0,0,0,6,0,,67,12,2009,3,40.0703,-75.0564,827.0,6,0,0,0,1,0,0,0,0,,0,0,0,8,1,3,1,,0,40 04:12.997,,0,75 03:23.140,4,0,0,0,67301,0,0,0,N,0,0,0,6,67301,3,,4,1,,N,N,,0,,0,0,1,3,3,,825,3,2,0,0,0,0,0,3,4,0,2,3,,N,,,,,,,,,,,
2010003527,2349.0,1,0,0,0,0,0,0,0,0,4,0,,67,11,2009,6,39.9621,-75.1614,2335.0,6,0,0,0,0,0,0,0,0,2.0,0,0,0,22,3,1,1,,1,39 57:44.547,2.0,0,75 09:41.289,8,0,0,0,67301,0,0,0,N,0,0,0,2,67301,0,,1,9,,N,N,,0,,0,0,1,3,2,N,2240,1,2,0,0,0,1,0,3,4,0,2,7,,N,,,,,,,,,,,
2010003264,818.0,1,0,0,0,0,0,0,0,0,4,0,,67,12,2009,6,40.0631,-75.0866,816.0,6,0,0,0,0,0,0,0,0,2.0,0,0,0,8,1,4,2,,2,40 03:47.007,6.0,0,75 05:11.734,4,0,0,0,67301,0,0,0,N,0,0,0,4,67301,4,,1,1,,N,N,,0,,0,0,1,3,2,Y,814,4,2,0,0,0,0,0,3,4,0,2,3,,N,,,,,,,,,,,
2010006366,1730.0,0,0,0,0,0,0,0,0,0,8,0,,67,12,2009,1,39.9927,-75.1203,1715.0,6,0,0,0,0,0,0,0,0,,0,0,0,17,3,1,3,,0,39 59:33.831,,0,75 07:13.101,4,0,0,0,67301,1,0,0,N,1,0,0,2,67301,1,,1,9,,N,N,,0,,0,0,0,3,2,,1710,1,2,0,0,0,0,0,3,4,1,1,7,,N,,,,,,,,,,,
2010006343,1829.0,1,0,0,0,0,0,0,0,0,4,0,,67,12,2009,6,40.0659,-75.1765,1829.0,6,0,0,0,0,0,0,0,0,,0,0,0,18,3,0,1,,0,40 03:57.202,,0,75 10:35.464,0,0,0,0,67301,0,0,0,N,0,0,0,3,67301,0,,1,1,,N,N,,0,,0,0,1,3,3,,1827,0,2,0,0,0,0,0,3,4,0,2,3,,N,,,,,,,,,,,
2010010511,1600.0,2,0,0,0,0,0,0,0,0,1,0,,67,11,2009,2,39.9529,-75.1652,1600.0,6,0,0,0,0,0,0,0,0,,0,0,0,16,1,2,0,,0,39 57:10.461,,0,75 09:54.647,8,0,0,0,67301,0,0,0,N,0,0,0,4,00000,0,,1,1,,N,N,,0,,0,0,0,9,2,,1600,2,2,0,0,0,2,2,3,4,0,2,3,,N,,,,,,,,,,,
2010005675,1332.0,1,0,0,0,0,0,0,0,0,8,0,,67,12,2009,5,39.9531,-75.1531,1323.0,6,0,0,0,0,0,0,0,0,,0,0,0,13,1,1,1,,0,39 57:11.367,,0,75 09:11.303,8,0,0,0,67301,1,0,0,N,1,0,0,3,67301,0,,1,9,,N,N,,0,,0,0,0,3,2,,1315,1,2,0,0,0,1,0,3,4,0,1,10,,N,,,,,,,,,,,
2010011192,150.0,2,0,0,0,0,0,0,0,0,2,0,,67,10,2009,1,40.0166,-75.1348,145.0,6,0,0,0,0,0,0,0,0,,0,0,0,1,3,1,0,,0,40 00:59.890,,0,75 08:05.430,8,0,0,0,67301,0,0,0,N,0,0,0,2,67301,0,,1,1,,N,N,,0,,0,0,0,0,0,,140,1,2,0,0,0,1,1,3,4,0,2,3,,N,,,,,,,,,,,
2010017195,1848.0,2,0,0,0,0,0,0,0,0,4,0,,67,10,2009,6,40.0445,-75.1931,1830.0,6,0,0,0,0,0,0,0,0,,0,0,0,18,3,0,1,,0,40 02:40.301,,0,75 11:35.235,0,0,0,0,67301,0,0,0,N,0,0,0,2,67301,0,,1,1,,N,N,,0,,0,0,0,0,0,,1827,0,2,0,0,0,0,0,3,4,0,2,3,,N,,,,,,,,,,,
2010018809,815.0,0,0,0,1,0,0,0,0,0,6,1,,67,12,2009,5,39.9362,-75.1577,812.0,6,0,0,0,0,0,0,0,0,,0,1,0,8,1,1,0,,0,39 56:10.280,,0,75 09:27.842,4,0,0,0,67301,1,0,0,,0,0,0,3,67301,1,,1,1,,N,N,,1,,0,0,0,0,0,,810,1,3,0,0,2,0,0,3,4,0,2,3,,N,,,,,,,,,,,
2010002116,1607.0,0,0,0,0,0,0,0,0,0,1,0,,67,12,2009,3,39.9041,-75.1504,1559.0,6,0,0,0,0,0,1,0,0,,0,0,0,15,1,0,0,,0,39 54:17.041,,0,75 09:00.779,0,0,0,0,67301,0,0,0,N,0,0,0,3,68K01,0,,1,1,,N,N,,0,,0,0,0,0,0,,1553,0,2,0,0,0,0,0,3,4,2,2,3,,N,,,,,,,,,,,
2010005563,923.0,2,0,0,0,0,0,0,0,0,4,0,,67,12,2009,2,40.026,-75.1467,915.0,6,0,0,0,1,0,1,0,0,1.0,0,0,0,8,1,2,1,,1,40 01:33.654,3.0,0,75 08:48.101,4,0,0,0,67301,0,0,0,N,0,0,0,4,67301,2,,1,1,,N,N,,0,,0,0,1,3,2,Y,815,2,3,0,0,4,0,0,3,4,0,3,3,,N,,,,,,,,,,,
2010002733,2040.0,2,0,0,0,0,0,0,0,0,6,0,,67,11,2009,4,39.9889,-75.1765,2036.0,6,0,0,0,0,0,0,0,0,,0,0,0,99,3,1,0,,0,39 59:20.065,,0,75 10:35.269,8,0,0,0,67301,0,0,0,N,0,0,0,3,67301,0,,1,9,,N,N,,0,,0,0,0,3,2,,9999,1,2,0,0,0,1,0,3,4,0,2,7,,N,,,,,,,,,,,
2010003066,1632.0,3,0,0,0,0,0,0,0,0,4,1,,67,11,2009,4,40.0146,-75.1311,1630.0,6,0,0,0,0,0,0,0,0,,0,1,0,16,1,1,0,,0,40 00:52.530,,0,75 07:51.940,3,0,0,0,67301,0,0,0,N,0,0,0,2,67301,0,,1,9,,N,N,,0,,1,0,1,0,0,,1628,1,5,0,0,0,0,0,3,4,0,5,7,,N,,,,,,,,,,,