CRN,ARRIVAL_TM,AUTOMOBILE_COUNT,BELTED_DEATH_COUNT,BELTED_SUSP_SERIOUS_INJ_COUNT,BICYCLE_COUNT,BICYCLE_DEATH_COUNT,BICYCLE_SUSP_SERIOUS_INJ_COUNT,BUS_COUNT,CHLDPAS_DEATH_COUNT,CHLDPAS_SUSP_SERIOUS_INJ_COUNT,COLLISION_TYPE,COMM_VEH_COUNT,CONS_ZONE_SPD_LIM,COUNTY,CRASH_MONTH,CRASH_YEAR,DAY_OF_WEEK,DEC_LAT,DEC_LONG,DISPATCH_TM,DISTRICT,DRIVER_COUNT_16YR,DRIVER_COUNT_17YR,DRIVER_COUNT_18YR,DRIVER_COUNT_19YR,DRIVER_COUNT_20YR,DRIVER_COUNT_50_64YR,DRIVER_COUNT_65_74YR,DRIVER_COUNT_75PLUS,EST_HRS_CLOSED,FATAL_COUNT,HEAVY_TRUCK_COUNT,HORSE_BUGGY_COUNT,HOUR_OF_DAY,ILLUMINATION,INJURY_COUNT,INTERSECT_TYPE,INTERSECTION_RELATED,LANE_CLOSED,LATITUDE,LN_CLOSE_DIR,LOCATION_TYPE,LONGITUDE,MAX_SEVERITY_LEVEL,MCYCLE_DEATH_COUNT,MCYCLE_SUSP_SERIOUS_INJ_COUNT,MOTORCYCLE_COUNT,MUNICIPALITY,NONMOTR_COUNT,NONMOTR_DEATH_COUNT,NONMOTR_SUSP_SERIOUS_INJ_COUNT,NTFY_HIWY_MAINT,PED_COUNT,PED_DEATH_COUNT,PED_SUSP_SERIOUS_INJ_COUNT,PERSON_COUNT,POLICE_AGCY,POSSIBLE_INJ_COUNT,RDWY_SURF_TYPE_CD,RELATION_TO_ROAD,ROAD_CONDITION,ROADWAY_CLEARED,SCH_BUS_IND,SCH_ZONE_IND,SECONDARY_CRASH,SMALL_TRUCK_COUNT,SPEC_JURIS_CD,SUSP_MINOR_INJ_COUNT,SUSP_SERIOUS_INJ_COUNT,SUV_COUNT,TCD_FUNC_CD,TCD_TYPE,TFC_DETOUR_IND,TIME_OF_DAY,TOT_INJ_COUNT,TOTAL_UNITS,UNB_DEATH_COUNT,UNB_SUSP_SERIOUS_INJ_COUNT,UNBELTED_OCC_COUNT,UNK_INJ_DEG_COUNT,UNK_INJ_PER_COUNT,URBAN_AREA,URBAN_RURAL,VAN_COUNT,VEHICLE_COUNT,WEATHER1,WEATHER2,WORK_ZONE_IND,WORK_ZONE_LOC,WORK_ZONE_TYPE,WORKERS_PRES,WZ_CLOSE_DETOUR,WZ_FLAGGER,WZ_LAW_OFFCR_IND,WZ_LN_CLOSURE,WZ_MOVING,WZ_OTHER,WZ_SHLDER_MDN,WZ_WORKERS_INJ_KILLED
2010005581,845.0,2,0,0,0,0,0,0,0,0,4,0,,67,12,2009,7,39.9884,-75.1871,839.0,6,0,0,0,0,0,1,1,0,,0,0,0,8,1,1,0,,0,39 59:18.305,,0,75 11:13.601,4,0,0,0,67301,0,0,0,N,0,0,0,3,67301,1,,1,98,,N,N,,0,,0,0,0,0,0,,838,1,3,0,0,0,0,0,3,4,1,3,98,,N,,,,,,,,,,,
2010005646,800.0,1,0,0,0,0,0,0,0,0,1,0,,67,12,2009,3,40.0789,-75.0253,754.0,6,0,0,0,0,0,0,1,0,,0,0,0,7,1,1,2,,0,40 04:44.129,,0,75 01:31.222,3,0,0,0,67301,0,0,0,,0,0,0,4,67301,0,,1,1,,,,,1,,1,0,0,3,2,,752,1,2,0,0,0,0,0,3,4,0,2,3,,N,,,,,,,,,,,
2010002796,1034.0,1,0,0,0,0,0,0,0,0,1,0,,67,11,2009,2,39.9688,-75.2454,1032.0,6,0,0,0,0,0,0,0,0,,0,0,0,10,1,1,1,,0,39 58:07.803,,0,75 14:43.549,4,0,0,0,67301,0,0,0,,0,0,0,2,67301,1,,1,9,,,,,1,,0,0,0,3,2,,1030,1,2,0,0,1,0,0,3,4,0,2,7,,N,,,,,,,,,,,
2010005743,2220.0,1,0,0,0,0,0,0,0,0,2,0,,67,12,2009,1,39.9374,-75.2176,2215.0,6,0,0,0,0,0,1,0,0,,0,0,0,22,3,1,1,,0,39 56:14.564,,0,75 13:03.428,8,0,0,0,67301,0,0,0,N,0,0,0,3,67301,0,,1,1,,N,N,,0,,0,0,0,3,3,,2200,1,2,0,0,2,1,0,3,4,1,2,3,,N,,,,,,,,,,,
2010023722,0.0,2,0,1,0,0,0,0,0,0,4,0,,67,12,2009,4,40.0544,-75.1552,0.0,6,0,0,0,1,0,0,0,1,,0,0,0,14,1,1,1,,0,40 03:15.670,,0,75 09:18.658,2,0,0,0,67301,0,0,0,,0,0,0,3,00000,0,,1,1,,,,,0,,0,1,0,3,3,,1430,1,2,0,0,0,0,0,3,4,0,2,3,,N,,,,,,,,,,,
2009111586,1415.0,2,0,0,0,0,0,0,0,0,6,0,,67,10,2009,2,40.091,-75.0328,1413.0,6,0,0,0,0,0,0,0,1,3.0,0,0,0,14,1,3,0,,2,40 05:27.524,2.0,0,75 01:58.066,4,0,0,0,67301,0,0,0,N,0,0,0,3,67301,3,,1,1,,N,N,,0,,0,0,0,0,0,Y,1411,3,2,0,0,2,0,0,3,4,0,2,3,,N,,,,,,,,,,,
2009061998,1018.0,1,0,0,0,0,0,0,0,0,7,0,,67,6,2009,6,39.9408,-75.1435,1009.0,6,0,0,0,0,0,0,0,0,1.0,0,0,0,10,1,1,7,,1,39 56:26.918,2.0,2,75 08:36.635,3,0,0,0,67301,0,0,0,N,0,0,0,1,68K01,0,,2,1,,N,N,,0,,1,0,0,0,0,N,1006,1,1,0,0,0,0,0,3,4,0,1,3,,N,,,,,,,,,,,
2009062001,1410.0,2,0,0,0,0,0,0,0,0,1,0,,67,6,2009,3,40.0092,-75.2098,1400.0,6,0,0,0,0,1,0,0,0,,0,0,0,13,1,1,6,,0,40 00:33.219,,2,75 12:35.186,4,0,0,0,67301,0,0,0,N,0,0,0,3,68K01,1,,1,1,,N,N,,0,,0,0,0,3,2,,1350,1,2,0,0,0,0,0,3,4,0,2,3,,N,,,,,,,,,,,
2009093546,817.0,1,0,0,0,0,0,0,0,0,4,0,,67,8,2009,7,40.0601,-75.1538,814.0,6,0,0,0,0,0,1,0,0,,0,0,0,8,1,1,1,,0,40 03:36.439,,0,75 09:13.575,4,0,0,0,67301,0,0,0,N,0,0,0,2,67301,1,,1,1,,N,N,,1,,0,0,0,2,2,,813,1,2,0,0,0,0,0,3,4,0,2,3,,N,,,,,,,,,,,
2009093557,1735.0,1,0,0,0,0,0,0,0,0,7,0,,67,8,2009,5,40.0466,-75.1238,1735.0,6,0,0,0,0,1,0,0,0,,0,0,0,17,1,1,0,,0,40 02:47.846,,0,75 07:25.582,3,0,0,0,67301,0,0,0,N,0,0,0,2,67301,0,,5,1,,N,N,,0,,1,0,0,3,2,,1735,1,1,0,0,0,0,0,3,4,0,1,3,,N,,,,,,,,,,,
2009093619,1155.0,1,0,0,0,0,0,0,0,0,7,0,,67,8,2009,4,40.0665,-75.1668,1145.0,6,0,0,0,0,0,0,0,1,,0,0,0,11,1,0,0,,0,40 03:59.427,,0,75 10:00.414,0,0,0,0,67301,0,0,0,N,0,0,0,1,67301,0,,2,1,,N,N,,0,,0,0,0,0,0,,1140,0,1,0,0,0,0,0,3,4,0,1,3,,N,,,,,,,,,,,
2009054297,1722.0,2,0,0,0,0,0,0,0,0,4,0,,67,4,2009,3,40.0314,-75.1548,1720.0,6,0,0,0,0,0,0,0,0,,0,0,0,15,1,1,1,,0,40 01:53.151,,0,75 09:17.114,4,0,0,0,67301,0,0,0,N,0,0,0,2,67301,1,,1,9,,N,N,,0,,0,0,0,3,2,,1530,1,2,0,0,0,0,0,3,4,0,2,3,,N,,,,,,,,,,,
2009054326,1340.0,0,0,0,0,0,0,0,0,0,1,0,,67,4,2009,6,39.9982,-75.1876,1329.0,6,0,0,0,0,0,0,0,0,9.0,0,0,0,13,1,1,2,,1,39 59:53.622,1.0,0,75 11:15.260,4,0,0,0,67301,0,0,0,,0,0,0,2,67301,1,,1,1,,N,N,,1,,0,0,1,3,2,N,1328,1,2,0,0,2,0,0,3,4,0,2,3,,N,,,,,,,,,,,
2009056946,1109.0,1,0,0,0,0,0,0,0,0,6,0,,67,5,2009,1,39.9182,-75.2089,1104.0,6,0,0,0,0,0,1,0,0,,0,0,0,10,8,1,1,,0,39 55:05.900,,0,75 12:31.948,4,0,0,0,67301,0,0,0,,0,0,0,2,67301,1,,1,9,,,,,0,,0,0,0,3,2,,1058,1,2,0,0,0,0,0,3,4,1,2,7,,N,,,,,,,,,,,
2009056961,1322.0,1,0,0,0,0,0,1,0,0,5,1,,67,4,2009,2,39.9663,-75.192,1320.0,6,0,0,0,0,0,1,0,0,,0,0,0,13,1,3,1,,0,39 57:58.838,,0,75 11:31.311,8,0,0,0,67301,0,0,0,N,0,0,0,45,67301,0,,1,9,,Y,N,,0,,0,0,0,0,0,,1320,3,2,0,0,0,3,0,3,4,0,2,7,,N,,,,,,,,,,,
2009054359,114.0,1,0,0,0,0,0,0,0,0,1,0,,67,4,2009,7,40.0169,-75.1495,112.0,6,0,0,0,0,0,0,0,0,,0,0,0,99,3,0,1,,0,40 01:00.709,,0,75 08:58.114,9,0,0,0,67301,0,0,0,,0,0,0,2,67301,0,,1,1,,,,,1,,0,0,0,3,2,,9999,0,2,0,0,0,0,1,3,4,0,2,3,,N,,,,,,,,,,,
2009054489,2250.0,2,0,0,0,0,0,0,0,0,4,0,,67,5,2009,2,40.0269,-75.0972,2233.0,6,0,0,0,0,0,0,0,0,1.0,0,0,0,22,3,1,1,,1,40 01:36.832,4.0,0,75 05:50.065,8,0,0,0,67301,0,0,0,,0,0,0,4,67301,0,,1,1,,,,,0,,0,0,0,3,2,N,2233,1,2,0,0,0,1,0,3,4,0,2,3,,N,,,,,,,,,,,
2009091380,1737.0,3,0,0,0,0,0,0,0,0,1,0,,67,9,2009,3,40.0239,-75.0327,1720.0,6,0,1,0,0,0,0,0,0,,0,0,0,17,1,1,0,,0,40 01:25.763,,0,75 01:57.753,4,0,0,0,67301,0,0,0,N,0,0,0,3,68K01,1,,1,1,,N,N,,0,,0,0,0,0,0,,1718,1,3,0,0,0,0,0,3,4,0,3,3,,N,,,,,,,,,,,
2009083579,2345.0,2,0,0,0,0,0,0,0,0,1,0,,67,7,2009,7,40.0436,-75.085,2341.0,6,0,0,0,0,0,0,0,0,,0,0,0,23,3,1,0,,0,40 02:37.038,,0,75 05:06.014,8,0,0,0,67301,0,0,0,N,0,0,0,2,67301,0,,1,9,,N,N,,0,,0,0,0,0,0,,2300,1,2,0,0,0,1,0,3,4,0,2,7,,N,,,,,,,,,,,
2009086232,2150.0,1,0,0,0,0,0,0,0,0,4,0,,67,8,2009,1,40.0231,-75.124,2134.0,6,0,0,0,0,0,0,0,0,,0,0,0,21,3,1,1,,0,40 01:23.210,,0,75 07:26.428,4,0,0,0,67301,0,0,0,N,0,0,0,2,67301,1,,1,1,,N,N,,0,,0,0,1,3,3,,2130,1,2,0,0,2,0,0,3,4,0,2,3,,N,,,,,,,,,,,
2009086282,1950.0,1,0,0,0,0,0,0,0,0,0,0,,67,8,2009,7,39.9227,-75.2462,1950.0,6,0,0,0,0,0,0,0,0,6.0,0,0,0,19,1,0,0,,2,39 55:21.639,6.0,0,75 14:46.310,0,0,0,0,67301,0,0,0,N,0,0,0,2,67301,0,,1,1,,N,N,,0,,0,0,0,0,0,Y,1930,0,1,0,0,0,0,0,3,4,0,1,3,,N,,,,,,,,,,,
2009065908,0.0,0,0,0,0,0,0,0,0,0,8,0,,67,4,2009,5,39.9525,-75.177,0.0,6,0,0,0,0,0,0,0,0,,0,0,0,12,1,1,1,,0,39 57:08.958,,0,75 10:37.001,3,0,0,0,67301,1,0,0,,1,0,0,2,00000,0,,1,1,,,,,0,,1,0,0,3,2,,1255,1,2,0,0,0,0,0,3,4,0,1,3,,N,,,,,,,,,,,
2009071378,2233.0,1,0,0,0,0,0,0,0,0,8,0,,67,6,2009,6,40.0426,-75.0383,2230.0,6,0,0,0,0,0,0,0,1,2.0,0,0,0,22,3,1,2,,1,40 02:33.399,5.0,0,75 02:17.926,3,0,0,0,67301,1,0,0,N,1,0,0,2,67301,0,,1,1,,N,N,,0,,1,0,0,3,3,Y,2228,1,2,0,0,0,0,0,3,4,0,1,3,,N,,,,,,,,,,,
2010002962,2225.0,1,0,0,0,0,0,0,0,0,8,0,,67,12,2009,1,40.096,-74.9768,2215.0,6,0,0,0,0,0,0,0,0,,0,0,0,22,2,2,1,,0,40 05:45.431,,0,74 58:36.412,3,0,0,0,67301,2,0,0,N,2,0,0,3,67301,0,,1,9,,N,N,,0,,2,0,0,9,2,,2210,2,3,0,0,0,0,0,3,4,0,1,99,,N,,,,,,,,,,,
2010002999,1823.0,0,0,0,0,0,0,0,0,0,6,0,,67,11,2009,2,39.9577,-75.1624,1820.0,6,0,0,0,0,0,0,0,0,,0,0,0,14,1,1,1,,0,39 57:27.542,,0,75 09:44.544,3,0,0,1,67301,0,0,0,N,0,0,0,2,67301,0,,1,9,,,,,0,,1,0,1,3,2,,1450,1,2,0,0,0,0,1,3,4,0,2,3,,N,,,,,,,,,,,
2010003524,2105.0,1,0,0,0,0,0,0,0,0,1,0,,67,12,2009,7,40.0173,-75.1509,2101.0,6,0,0,0,0,0,0,0,0,,0,0,0,20,3,1,0,,0,40 01:02.281,,0,75 09:03.225,4,0,0,0,67301,0,0,0,N,0,0,0,1,67301,1,,4,9,,N,N,,1,,0,0,0,0,0,,2045,1,2,0,0,0,0,0,3,4,0,2,10,,N,,,,,,,,,,,
2010006341,935.0,1,0,0,0,0,0,0,0,0,7,0,,67,12,2009,1,40.0542,-75.2041,930.0,6,0,0,0,0,0,0,0,0,1.0,0,0,0,9,1,0,0,,2,40 03:15.026,5.0,3,75 12:14.680,0,0,0,0,67301,0,0,0,,0,0,0,1,67301,0,,3,2,,N,N,,0,,0,0,0,0,0,Y,918,0,1,0,0,0,0,0,3,4,0,1,7,,N,,,,,,,,,,,
2010010141,0.0,0,0,0,0,0,0,0,0,0,1,0,,67,6,2009,3,39.9368,-75.2297,0.0,6,0,0,0,0,0,0,0,0,,0,0,0,9,1,2,1,,0,39 56:12.483,,0,75 13:47.092,4,0,0,0,67301,0,0,0,N,0,0,0,3,00000,2,,1,1,,N,N,,0,,0,0,0,3,2,,900,2,2,0,0,0,0,0,3,4,1,2,3,,N,,,,,,,,,,,
2010010155,0.0,1,0,0,0,0,0,0,0,0,1,0,,67,8,2009,3,40.1317,-75.0122,0.0,6,0,0,0,0,0,1,1,0,,0,0,0,17,1,3,1,,0,40 07:53.956,,0,75 00:43.926,3,0,0,0,67301,0,0,0,N,0,0,0,4,00000,0,,1,1,,N,N,,1,,3,0,0,3,2,,1745,3,2,0,0,0,0,1,3,4,0,2,3,,N,,,,,,,,,,,
2010004868,1400.0,1,0,0,0,0,0,0,0,0,1,0,,67,12,2009,4,39.9728,-75.1209,1350.0,6,0,0,0,0,0,0,0,0,,0,0,0,13,1,1,0,,0,39 58:25.208,,0,75 07:10.430,8,0,0,0,67301,0,0,0,N,0,0,0,4,68K01,0,,1,1,,N,N,,1,,0,0,0,0,0,,1342,1,2,0,0,0,1,0,3,4,0,2,3,,N,,,,,,,,,,,
2010006527,1103.0,1,0,0,0,0,0,0,0,0,4,0,,67,12,2009,2,40.0626,-75.1708,1052.0,6,0,0,0,0,0,0,1,0,2.0,0,0,0,10,1,1,1,,2,40 03:45.318,6.0,0,75 10:14.844,8,0,0,0,67301,0,0,0,N,0,0,0,3,67301,0,,1,1,,N,N,,1,,0,0,0,3,2,Y,1050,1,2,0,0,0,1,0,3,4,0,2,3,,N,,,,,,,,,,,
2010005369,1711.0,2,0,0,0,0,0,0,0,0,1,0,,67,12,2009,5,39.958,-75.1628,1646.0,6,0,0,0,0,0,0,0,1,,0,0,0,16,4,0,0,,0,39 57:28.802,,0,75 09:46.239,0,0,0,0,67301,0,0,0,N,0,0,0,5,68K01,0,,1,1,,N,N,,0,,0,0,0,0,0,,1640,0,3,0,0,0,0,0,3,4,1,3,3,,N,,,,,,,,,,,
2010005498,157.0,4,0,0,0,0,0,0,0,0,1,0,,67,12,2009,7,39.9856,-75.163,155.0,6,0,0,0,1,0,0,0,0,,0,0,0,1,3,0,0,,0,39 59:08.088,,0,75 09:46.641,0,0,0,0,67301,0,0,0,,0,0,0,1,67301,0,,1,1,,,,,1,,0,0,0,0,0,,155,0,5,0,0,0,0,0,3,4,0,5,3,,N,,,,,,,,,,,
2010005511,1608.0,2,0,0,0,0,0,0,0,0,1,0,,67,12,2009,7,40.0347,-75.2087,1600.0,6,0,0,0,1,0,0,0,0,,0,0,0,15,1,0,0,,0,40 02:04.750,,3,75 12:31.184,0,0,0,0,67301,0,0,0,N,0,0,0,2,67301,0,,1,9,,N,N,,0,,0,0,0,0,0,,1500,0,2,0,0,0,0,0,3,4,0,2,10,,N,,,,,,,,,,,
2010005540,1638.0,1,0,0,0,0,0,0,0,0,4,0,,67,12,2009,1,39.9596,-75.197,1636.0,6,0,0,0,0,0,0,0,0,,0,0,0,15,1,1,1,,0,39 57:34.444,,0,75 11:49.297,4,0,0,0,67301,0,0,0,N,0,0,0,2,67301,1,,1,9,,N,N,,0,,0,0,1,3,2,,1545,1,2,0,0,0,0,0,3,4,0,2,7,,N,,,,,,,,,,,
2010002804,900.0,4,0,0,0,0,0,0,0,0,1,0,,67,11,2009,2,39.962,-75.2001,859.0,6,0,0,0,0,0,2,0,0,,0,0,0,8,1,4,5,,0,39 57:43.083,,0,75 12:00.429,4,0,0,0,67301,0,0,0,N,0,0,0,6,67301,1,,1,1,,N,N,,0,,0,0,0,3,2,,859,4,4,0,0,0,3,0,3,4,0,4,3,,N,,,,,,,,,,,
2010001121,2145.0,1,0,0,0,0,0,0,0,0,1,0,,67,12,2009,6,39.9884,-75.2539,2139.0,6,0,0,0,0,0,1,0,0,,0,0,0,21,3,1,0,,0,39 59:18.245,,0,75 15:13.892,8,0,0,0,67301,0,0,0,N,0,0,0,2,46104,0,,1,1,,N,N,,0,,0,0,0,3,2,,2135,1,2,0,0,0,1,0,3,4,1,2,3,,N,,,,,,,,,,,
2009086124,948.0,2,0,0,0,0,0,0,0,0,4,0,,67,8,2009,7,40.0243,-75.1612,946.0,6,0,0,0,0,0,1,0,0,,0,0,0,9,1,0,1,,0,40 01:27.483,,0,75 09:40.489,0,0,0,0,67301,0,0,0,,0,0,0,2,67301,0,,1,1,,,,,0,,0,0,1,3,3,,941,0,3,0,0,0,0,0,3,4,0,3,3,,N,,,,,,,,,,,
2009083578,9999.0,1,0,0,0,0,0,0,0,0,4,0,,67,7,2009,1,39.9339,-75.1473,9999.0,6,0,0,0,0,0,1,0,0,9.0,0,0,0,99,3,1,1,,2,39 56:02.036,2.0,0,75 08:50.171,4,0,0,1,67301,0,0,0,N,0,0,0,2,67301,1,,1,9,,N,N,,0,,0,0,0,3,2,N,9999,1,2,0,0,0,0,0,3,4,0,2,7,,N,,,,,,,,,,,
2009086201,1642.0,1,0,0,0,0,0,0,0,0,4,1,,67,7,2009,5,40.0942,-75.0156,1639.0,6,0,0,0,0,0,1,0,0,1.0,0,1,0,16,1,1,0,,2,40 05:39.173,1.0,0,75 00:56.194,8,0,0,0,67301,0,0,0,N,0,0,0,2,67301,0,,1,1,,N,N,,0,,0,0,0,0,0,Y,1632,1,2,0,0,0,1,0,3,4,0,2,3,,N,,,,,,,,,,,
2009086259,2000.0,2,0,0,0,0,0,0,0,0,1,0,,67,7,2009,2,40.0237,-75.1481,1916.0,6,0,0,0,0,0,2,0,0,,0,0,0,18,4,3,0,,0,40 01:25.517,,0,75 08:53.087,4,0,0,0,67301,0,0,0,N,0,0,0,3,67301,3,,1,1,,N,N,,0,,0,0,0,0,0,,1855,3,3,0,0,0,0,0,3,4,1,3,3,,N,,,,,,,,,,,
2009054714,1925.0,1,0,0,0,0,0,0,0,0,8,0,,67,4,2009,5,40.0706,-75.1581,1900.0,6,0,0,0,0,0,0,1,0,,0,0,0,14,1,1,0,,0,40 04:14.237,,0,75 09:29.150,4,0,0,0,67301,1,0,0,N,1,0,0,2,67301,1,,1,1,,N,N,,0,,0,0,0,0,0,,1400,1,2,0,0,0,0,0,3,4,0,1,3,,N,,,,,,,,,,,
2009054715,1830.0,2,0,0,0,0,0,0,0,0,2,0,,67,4,2009,4,39.9325,-75.2246,1819.0,6,0,0,0,0,0,0,0,1,,0,0,0,17,1,1,1,,0,39 55:56.906,,0,75 13:28.606,8,0,0,0,67301,0,0,0,,0,0,0,3,67301,0,,1,1,,N,N,,0,,0,0,0,3,2,,1714,1,2,0,0,0,1,0,3,4,0,2,3,,N,,,,,,,,,,,
2009068522,2230.0,0,0,0,0,0,0,0,0,0,1,0,,67,6,2009,3,40.0003,-75.0837,2220.0,6,0,0,0,0,0,0,1,0,9.0,0,0,0,21,3,1,2,,1,40 00:01.223,2.0,0,75 05:01.689,4,0,0,0,67301,0,0,0,N,0,0,0,6,67301,1,,1,1,,N,N,,0,,0,0,2,3,2,N,2139,1,3,0,0,0,0,0,3,4,1,3,3,,N,,,,,,,,,,,
2009066118,0.0,2,0,0,0,0,0,0,0,0,5,0,,67,2,2009,7,39.9847,-75.2083,0.0,6,0,0,0,0,0,0,0,0,,0,0,0,7,1,1,0,,0,39 58:58.931,,0,75 12:29.160,8,0,0,0,67301,0,0,0,N,0,0,0,2,00000,0,,1,1,,N,N,,0,,0,0,0,0,0,,745,1,2,0,0,0,1,1,3,4,0,2,3,,N,,,,,,,,,,,
2010003271,1905.0,1,0,0,0,0,0,0,0,0,1,0,,67,2,2009,4,40.0485,-75.0686,1900.0,6,0,1,0,0,0,0,0,0,1.0,0,0,0,18,3,1,0,,1,40 02:54.546,1.0,0,75 04:07.138,4,0,0,0,67301,0,0,0,,0,0,0,2,67301,1,,1,1,,,,,0,,0,0,0,0,0,Y,1855,1,2,0,0,0,0,0,3,4,0,2,3,,N,,,,,,,,,,,
2010034952,222.0,1,0,0,0,0,0,0,0,0,8,0,,67,12,2009,7,39.9582,-75.1505,218.0,6,0,0,0,0,0,0,0,0,3.0,0,0,0,2,3,1,0,,2,39 57:29.368,4.0,0,75 09:01.976,3,0,0,0,67301,1,0,0,N,1,0,0,3,67301,0,,1,1,,N,N,,0,,1,0,0,0,0,Y,215,1,2,0,0,0,0,1,3,4,0,1,3,,N,,,,,,,,,,,
2010010487,0.0,0,0,0,0,0,0,0,0,0,4,0,,67,6,2009,2,40.0449,-75.1701,0.0,6,0,0,0,0,0,1,1,0,,0,0,0,10,1,1,1,,0,40 02:41.737,,0,75 10:12.385,3,0,0,0,67301,0,0,0,N,0,0,0,2,00000,0,,1,1,,N,N,,1,,1,0,1,3,3,,1045,1,2,0,0,0,0,0,3,4,0,2,3,,N,,,,,,,,,,,
2010011067,630.0,0,0,0,1,0,1,0,0,0,1,0,,67,12,2009,7,39.9657,-75.2329,630.0,6,0,0,0,0,0,0,0,0,,0,0,0,3,3,1,0,,0,39 57:56.645,,0,75 13:58.507,2,0,0,0,67301,1,0,1,,0,0,0,2,07301,0,,1,7,,,,,0,,0,1,0,0,0,,300,1,2,0,0,0,0,1,3,4,0,1,10,,N,,,,,,,,,,,
2010005684,833.0,1,0,0,0,0,0,0,0,0,1,0,,67,12,2009,4,39.9671,-75.2397,829.0,6,0,0,0,0,0,0,0,0,3.0,0,0,0,8,1,4,0,,1,39 58:01.390,2.0,0,75 14:23.096,4,0,0,0,67301,2,0,0,,0,0,0,4,67301,4,,2,1,,N,N,,0,,0,0,0,0,0,N,827,4,2,0,0,0,0,0,3,4,1,2,3,,N,,,,,,,,,,,
2010016947,2204.0,0,0,0,0,0,0,0,0,0,8,0,,67,12,2009,6,39.9724,-75.2174,2204.0,6,0,0,0,0,0,0,0,0,,0,0,0,99,3,1,3,,0,39 58:20.725,,0,75 13:02.760,4,0,0,0,67301,1,0,0,,1,0,0,2,67301,1,,1,9,,N,N,,0,,0,0,0,3,2,,9999,1,2,0,0,0,0,1,3,4,0,1,7,,N,,,,,,,,,,,
2010011201,1418.0,3,0,0,0,0,0,0,0,0,1,0,,67,11,2009,2,39.9778,-75.1191,1415.0,6,0,0,0,0,0,0,0,0,,0,0,0,14,1,1,5,,0,39 58:45.788,,0,75 07:06.043,4,0,0,0,67301,0,0,0,N,0,0,0,3,67301,1,,1,1,,N,N,,0,,0,0,0,0,0,,1411,1,3,0,0,0,0,0,3,4,0,3,3,,N,,,,,,,,,,,
2010017215,1717.0,0,0,0,0,0,0,0,0,0,8,1,,67,12,2009,3,40.054,-75.1448,1717.0,6,0,0,0,0,0,0,1,0,,0,1,0,17,3,1,1,,0,40 03:14.457,,0,75 08:41.146,2,0,0,0,67301,1,0,1,,1,0,1,2,67301,0,,1,1,,,,,0,,0,1,0,3,2,,1717,1,2,0,0,0,0,0,3,4,0,1,3,,N,,,,,,,,,,,
2010018666,1820.0,1,0,0,0,0,0,0,0,0,8,0,,67,12,2009,4,39.9996,-75.1733,1820.0,6,0,0,0,0,0,0,0,0,,0,0,0,20,3,1,0,,0,39 59:58.459,,0,75 10:24.013,8,0,0,0,67301,1,0,0,N,1,0,0,2,67301,0,,1,1,,N,N,,0,,0,0,0,0,0,,2000,1,2,0,0,0,1,0,3,4,0,1,99,,N,,,,,,,,,,,
2010042663,1718.0,3,0,0,0,0,0,0,0,0,4,0,,67,6,2009,6,40.0319,-75.1222,1713.0,6,0,0,0,0,0,0,0,0,,0,0,0,17,1,2,1,,0,40 01:54.724,,0,75 07:19.750,4,0,0,0,67301,0,0,0,N,0,0,0,5,67301,1,,1,9,,N,N,,0,,0,0,1,3,2,,1710,2,4,0,0,0,1,0,3,4,0,4,7,,N,,,,,,,,,,,
2010002780,2215.0,0,0,0,0,0,0,0,0,0,8,0,,67,11,2009,2,39.9893,-75.1555,2215.0,6,0,0,0,0,0,0,0,0,,0,0,0,19,3,1,1,,0,39 59:21.634,,0,75 09:19.704,3,0,0,0,67301,1,0,0,,1,0,0,3,67301,0,,1,9,,N,N,,1,,1,0,0,3,2,,1914,1,2,0,0,0,0,0,3,4,0,1,7,,N,,,,,,,,,,,
2010002781,2110.0,1,0,0,0,0,0,0,0,0,4,0,,67,11,2009,5,40.0166,-75.1472,2100.0,6,0,0,0,0,0,0,0,0,,0,0,0,20,3,4,1,,0,40 00:59.814,,0,75 08:49.815,8,0,0,0,67301,0,0,0,,0,0,0,5,67301,0,,1,1,,N,,,1,,0,0,0,3,3,,2055,4,2,0,0,2,4,0,3,4,0,2,3,,N,,,,,,,,,,,
2010002802,350.0,2,0,0,0,0,0,0,0,0,2,0,,67,12,2009,1,39.9773,-75.1982,347.0,6,0,0,0,0,0,0,0,0,,0,0,0,3,3,2,2,,0,39 58:38.175,,0,75 11:53.584,3,0,0,0,67301,0,0,0,N,0,0,0,4,67301,0,,1,9,,N,N,,0,,1,0,0,3,2,,345,2,2,0,0,0,1,0,3,4,0,2,7,,N,,,,,,,,,,,
2010019429,1715.0,2,0,0,0,0,0,0,0,0,2,0,,67,12,2009,4,39.928,-75.2193,1715.0,6,0,0,0,0,1,0,0,0,,0,0,0,17,3,0,1,,0,39 55:40.870,,0,75 13:09.477,0,0,0,0,67301,0,0,0,,0,0,0,3,67301,0,,1,1,,,,,0,,0,0,0,3,2,,1700,0,2,0,0,0,0,0,3,4,0,2,3,,N,,,,,,,,,,,
2010011106,835.0,2,0,0,0,0,0,0,0,0,1,0,,67,12,2009,5,39.9524,-75.2387,830.0,6,0,0,0,0,0,0,0,0,,0,0,0,8,1,2,0,,0,39 57:08.467,,0,75 14:19.468,3,0,0,0,67301,1,0,0,N,1,0,0,3,67301,0,,1,2,,N,N,,1,,1,0,0,0,0,,825,2,4,0,0,0,1,1,3,4,0,3,10,,N,,,,,,,,,,,