CRN,ARRIVAL_TM,AUTOMOBILE_COUNT,BELTED_DEATH_COUNT,BELTED_SUSP_SERIOUS_INJ_COUNT,BICYCLE_COUNT,BICYCLE_DEATH_COUNT,BICYCLE_SUSP_SERIOUS_INJ_COUNT,BUS_COUNT,CHLDPAS_DEATH_COUNT,CHLDPAS_SUSP_SERIOUS_INJ_COUNT,COLLISION_TYPE,COMM_VEH_COUNT,CONS_ZONE_SPD_LIM,COUNTY,CRASH_MONTH,CRASH_YEAR,DAY_OF_WEEK,DEC_LAT,DEC_LONG,DISPATCH_TM,DISTRICT,DRIVER_COUNT_16YR,DRIVER_COUNT_17YR,DRIVER_COUNT_18YR,DRIVER_COUNT_19YR,DRIVER_COUNT_20YR,DRIVER_COUNT_50_64YR,DRIVER_COUNT_65_74YR,DRIVER_COUNT_75PLUS,EST_HRS_CLOSED,FATAL_COUNT,HEAVY_TRUCK_COUNT,HORSE_BUGGY_COUNT,HOUR_OF_DAY,ILLUMINATION,INJURY_COUNT,INTERSECT_TYPE,INTERSECTION_RELATED,LANE_CLOSED,LATITUDE,LN_CLOSE_DIR,LOCATION_TYPE,LONGITUDE,MAX_SEVERITY_LEVEL,MCYCLE_DEATH_COUNT,MCYCLE_SUSP_SERIOUS_INJ_COUNT,MOTORCYCLE_COUNT,MUNICIPALITY,NONMOTR_COUNT,NONMOTR_DEATH_COUNT,NONMOTR_SUSP_SERIOUS_INJ_COUNT,NTFY_HIWY_MAINT,PED_COUNT,PED_DEATH_COUNT,PED_SUSP_SERIOUS_INJ_COUNT,PERSON_COUNT,POLICE_AGCY,POSSIBLE_INJ_COUNT,RDWY_SURF_TYPE_CD,RELATION_TO_ROAD,ROAD_CONDITION,ROADWAY_CLEARED,SCH_BUS_IND,SCH_ZONE_IND,SECONDARY_CRASH,SMALL_TRUCK_COUNT,SPEC_JURIS_CD,SUSP_MINOR_INJ_COUNT,SUSP_SERIOUS_INJ_COUNT,SUV_COUNT,TCD_FUNC_CD,TCD_TYPE,TFC_DETOUR_IND,TIME_OF_DAY,TOT_INJ_COUNT,TOTAL_UNITS,UNB_DEATH_COUNT,UNB_SUSP_SERIOUS_INJ_COUNT,UNBELTED_OCC_COUNT,UNK_INJ_DEG_COUNT,UNK_INJ_PER_COUNT,URBAN_AREA,URBAN_RURAL,VAN_COUNT,VEHICLE_COUNT,WEATHER1,WEATHER2,WORK_ZONE_IND,WORK_ZONE_LOC,WORK_ZONE_TYPE,WORKERS_PRES,WZ_CLOSE_DETOUR,WZ_FLAGGER,WZ_LAW_OFFCR_IND,WZ_LN_CLOSURE,WZ_MOVING,WZ_OTHER,WZ_SHLDER_MDN,WZ_WORKERS_INJ_KILLED
2010011240,0.0,2,0,0,0,0,0,0,0,0,3,0,,67,6,2009,4,40.0711,-75.0379,0.0,6,0,0,0,0,0,0,1,0,,0,0,0,7,1,1,1,,0,40 04:15.522,,0,75 02:16.209,8,0,0,0,67301,0,0,0,N,0,0,0,2,00000,0,,1,1,,N,N,,0,,0,0,0,3,2,,720,1,2,0,0,0,1,1,3,4,0,2,3,,N,,,,,,,,,,,
2010002277,1308.0,1,0,0,0,0,0,0,0,0,7,0,,67,12,2009,4,39.9665,-75.1357,1303.0,6,0,0,0,0,1,0,0,0,1.0,0,0,0,13,1,1,0,,2,39 57:59.040,1.0,0,75 08:08.880,4,0,0,0,67301,0,0,0,N,0,0,0,1,68K01,1,,2,1,,N,N,,0,,0,0,0,0,0,N,1300,1,1,0,0,0,0,0,3,4,0,1,3,,N,,,,,,,,,,,
2010006528,1800.0,3,0,0,0,0,0,0,0,0,4,0,,67,12,2009,7,40.0247,-75.1237,1750.0,6,0,0,0,0,0,1,0,0,,0,0,0,17,3,2,1,,0,40 01:28.740,,0,75 07:25.247,4,0,0,0,67301,0,0,0,,0,0,0,2,67301,2,,1,9,,,,,0,,0,0,0,3,2,,1750,2,3,0,0,0,0,0,3,4,0,3,10,,N,,,,,,,,,,,
2010012383,1042.0,1,0,0,0,0,0,0,0,0,8,0,,67,12,2009,2,39.9341,-75.1671,1038.0,6,0,0,0,0,1,0,0,0,,0,0,0,10,1,1,0,,0,39 56:02.729,,0,75 10:01.629,8,0,0,0,67301,1,0,0,N,1,0,0,2,67301,0,,1,6,,N,N,,0,,0,0,0,0,0,,1028,1,2,0,0,0,1,0,3,4,0,1,3,,N,,,,,,,,,,,
2010005363,1728.0,1,0,0,0,0,0,0,0,0,7,0,,67,12,2009,1,39.9892,-75.0875,1722.0,6,0,0,0,0,0,1,0,0,2.0,0,0,0,17,3,0,0,,2,39 59:21.480,1.0,0,75 05:15.000,0,0,0,0,67301,0,0,0,Y,0,0,0,2,68K01,0,,4,1,,N,N,,0,,0,0,0,0,0,N,1719,0,1,0,0,0,0,0,3,4,0,1,3,,N,,,,,,,,,,,
2010005505,1215.0,2,0,0,0,0,0,0,0,0,1,0,,67,11,2009,1,40.0023,-75.1028,1213.0,6,0,0,0,0,0,1,0,1,3.0,0,0,0,12,1,0,0,,1,40 00:08.320,1.0,0,75 06:10.031,0,0,0,0,67301,0,0,0,,0,0,0,3,67301,0,,1,1,,,,,1,,0,0,0,0,0,N,1210,0,3,0,0,0,0,0,3,4,0,3,3,,N,,,,,,,,,,,
2010005513,1649.0,1,0,0,0,0,0,0,0,0,4,0,,67,12,2009,6,39.9725,-75.2121,1647.0,6,0,0,0,0,0,1,0,0,,0,0,0,15,1,1,1,,0,39 58:20.930,,0,75 12:43.193,8,0,0,0,67301,0,0,0,,0,0,0,2,67301,0,,1,1,,N,N,,1,,0,0,0,3,3,,1531,1,2,0,0,0,1,0,3,4,0,2,3,,N,,,,,,,,,,,
2010003056,1650.0,1,0,0,0,0,0,0,0,0,7,0,,67,11,2009,7,40.0669,-75.2046,1637.0,6,0,0,0,0,0,0,0,0,,0,0,0,16,4,1,2,,0,40 04:00.750,,0,75 12:16.639,8,0,0,0,67301,0,0,0,N,0,0,0,1,67301,0,,4,1,,N,N,,0,,0,0,0,3,3,,1637,1,1,0,0,0,1,0,3,4,0,1,3,,N,,,,,,,,,,,
2010005589,635.0,2,0,0,0,0,0,0,0,0,4,0,,67,12,2009,3,39.9396,-75.1887,633.0,6,0,0,0,0,0,1,0,0,1.0,0,0,0,6,3,0,2,,2,39 56:22.606,2.0,0,75 11:19.381,0,0,0,0,67301,0,0,0,N,0,0,0,2,67301,0,,1,9,,N,N,,0,,0,0,0,0,0,N,630,0,2,0,0,0,0,0,3,4,0,2,7,,N,,,,,,,,,,,
2010005590,1700.0,1,0,0,0,0,0,0,0,0,7,0,,67,12,2009,1,39.9457,-75.1986,1637.0,6,0,0,0,0,1,0,0,0,,0,0,0,15,1,2,0,,0,39 56:33.176,,0,75 11:49.362,4,0,0,0,67301,0,0,0,N,0,0,0,2,67301,2,,1,9,,N,N,,0,,0,0,0,0,0,,1545,2,1,0,0,0,0,0,3,4,0,1,7,,N,,,,,,,,,,,
2010003246,1255.0,1,0,0,0,0,0,0,0,0,4,0,,67,11,2009,3,40.0265,-75.0898,1250.0,6,0,0,0,0,0,0,0,0,9.0,0,0,0,12,1,1,1,,1,40 01:35.364,2.0,0,75 05:23.532,4,0,0,0,67301,0,0,0,,0,0,0,2,67301,1,,1,1,,,,,0,,0,0,1,3,3,N,1218,1,2,0,0,0,0,0,3,4,0,2,3,,N,,,,,,,,,,,
2010012392,9999.0,1,0,0,0,0,0,0,0,0,8,0,,67,12,2009,2,40.0167,-75.1319,1356.0,6,0,0,0,0,0,0,0,0,,0,0,0,99,1,1,0,,0,40 00:59.990,,0,75 07:54.663,4,0,0,0,67301,1,0,0,,1,0,0,2,67301,1,,1,1,,,,,0,,0,0,0,0,0,,9999,1,2,0,0,0,0,0,3,4,0,1,3,,N,,,,,,,,,,,
2010003081,1950.0,2,0,0,0,0,0,0,0,0,5,0,,67,12,2009,4,40.0495,-75.0677,1942.0,6,0,0,0,0,0,0,0,0,,0,0,0,18,3,2,0,,0,40 02:58.360,,0,75 04:03.811,8,0,0,0,67301,0,0,0,,0,0,0,2,67301,0,,1,9,,N,N,,0,,0,0,0,0,0,,1800,2,2,0,0,0,2,0,3,4,0,2,7,,N,,,,,,,,,,,
2010005644,1109.0,1,0,0,1,0,0,0,0,0,1,0,,67,12,2009,4,39.9442,-75.2166,1104.0,6,0,0,0,0,0,1,0,0,,0,0,0,17,6,1,1,,0,39 56:38.959,,0,75 12:59.632,3,0,0,0,67301,1,0,0,N,0,0,0,3,67301,0,,1,98,,N,N,,0,,1,0,0,3,2,,1730,1,2,0,0,0,0,0,3,4,0,1,99,,N,,,,,,,,,,,
2010003250,1120.0,1,0,0,0,0,0,1,0,0,1,1,,67,12,2009,3,39.9509,-75.152,1120.0,6,0,0,0,0,0,0,1,0,,0,0,0,11,1,1,1,,0,39 57:03.252,,0,75 09:07.174,8,0,0,0,67301,0,0,0,,0,0,0,3,67301,0,,1,1,,,,,0,,0,0,0,3,2,,1115,1,2,0,0,0,1,0,3,4,0,2,3,,N,,,,,,,,,,,
2010002791,2359.0,2,0,0,0,0,0,0,0,0,4,0,,67,11,2009,7,39.9883,-75.1355,2351.0,6,0,0,0,0,0,0,0,0,,0,0,0,23,3,2,2,,0,39 59:17.962,,0,75 08:07.915,4,0,0,0,67301,0,0,0,N,0,0,0,5,67301,1,,1,1,,N,N,,0,,0,0,0,3,2,,2351,2,2,0,0,0,1,2,3,4,0,2,3,,N,,,,,,,,,,,
2009063908,1739.0,1,0,0,0,0,0,0,0,0,4,0,,67,5,2009,2,40.0131,-75.1569,1738.0,6,0,0,0,0,0,0,0,0,,0,0,0,17,1,4,1,,0,40 00:47.289,,0,75 09:24.926,4,0,0,0,67301,0,0,0,,0,0,0,4,67301,2,,1,1,,,,,0,,0,0,1,9,3,,1738,4,2,0,0,0,2,0,3,4,0,2,3,,N,,,,,,,,,,,
2009063913,1937.0,0,0,0,0,0,0,0,0,0,4,0,,67,5,2009,7,40.0355,-75.1086,1935.0,6,0,0,0,0,0,0,0,0,2.0,0,0,0,19,4,3,1,,1,40 02:07.087,4.0,0,75 06:30.627,4,0,0,0,67301,0,0,0,,0,0,0,8,67301,2,,1,1,,,,,0,,0,0,2,3,2,Y,1930,3,2,0,0,0,1,4,3,4,0,2,3,,N,,,,,,,,,,,
2009056456,15.0,2,0,0,0,0,0,0,0,0,2,0,,67,5,2009,7,39.9819,-75.239,5.0,6,0,0,0,0,0,0,0,0,,0,0,0,22,3,3,1,,0,39 58:54.974,,0,75 14:20.357,4,0,0,0,67301,0,0,0,N,0,0,0,3,67301,3,,1,1,,N,N,,0,,0,0,0,3,2,,2257,3,2,0,0,0,0,0,3,4,0,2,3,,N,,,,,,,,,,,
2009056464,1128.0,2,0,0,0,0,0,0,0,0,4,0,,67,5,2009,3,40.0091,-75.0898,1125.0,6,0,0,0,0,0,1,0,0,1.0,0,0,0,11,1,1,2,,2,40 00:32.852,5.0,0,75 05:23.459,3,0,0,0,67301,0,0,0,N,0,0,0,2,67301,0,,1,9,,N,N,,0,,1,0,0,0,0,Y,1120,1,2,0,0,1,0,0,3,4,0,2,3,,N,,,,,,,,,,,
2009078810,45.0,0,0,0,0,0,0,0,0,0,8,0,,67,6,2009,1,39.9803,-75.1576,45.0,6,0,0,0,0,0,1,0,0,,0,0,0,99,3,1,0,,0,39 58:49.069,,0,75 09:27.267,3,0,0,0,67301,1,0,0,N,1,0,0,4,67301,0,,1,1,,N,N,,0,,1,0,0,0,0,,9999,1,2,0,0,0,0,1,3,4,1,1,3,,N,,,,,,,,,,,
2009079179,2139.0,1,0,0,1,0,0,0,0,0,4,0,,67,7,2009,6,39.9369,-75.1502,2137.0,6,0,0,0,0,0,0,0,0,,0,0,0,21,3,1,1,,0,39 56:12.858,,0,75 09:00.809,8,0,0,0,67301,1,0,0,N,0,0,0,2,67301,0,,1,1,,N,N,,0,,0,0,0,3,3,,2130,1,2,0,0,0,1,0,3,4,0,1,3,,N,,,,,,,,,,,
2009082686,2046.0,1,0,0,0,0,0,0,0,0,2,0,,67,7,2009,7,40.0026,-75.1843,2044.0,6,0,0,0,0,0,0,0,0,,0,0,0,20,3,1,0,,0,40 00:09.682,,0,75 11:02.867,3,0,0,1,67301,0,0,0,,0,0,0,7,67301,0,,1,1,,,,,0,,1,0,0,0,0,,2040,1,2,0,0,0,0,0,3,4,0,2,3,,N,,,,,,,,,,,
2009092999,47.0,2,0,0,0,0,0,0,0,0,7,0,,67,8,2009,7,40.043,-75.1836,37.0,6,0,0,0,0,0,0,0,0,,0,0,0,0,3,0,1,,0,40 02:34.803,,0,75 11:00.805,9,0,0,0,67301,0,0,0,N,0,0,0,1,67301,0,,5,9,,N,N,,0,,0,0,0,0,0,,23,0,2,0,0,0,0,1,3,4,0,2,7,,N,,,,,,,,,,,
2009120783,624.0,1,0,0,0,0,0,0,0,0,7,0,,67,11,2009,1,39.9082,-75.1732,620.0,6,0,0,0,0,0,0,0,0,,0,0,0,5,6,1,0,,0,39 54:29.447,,0,75 10:23.535,8,0,0,0,67301,0,0,0,N,0,0,0,1,67301,0,,2,9,,N,N,,0,,0,0,0,3,2,,530,1,1,0,0,0,1,0,3,4,0,1,7,,N,,,,,,,,,,,
2009120788,1344.0,2,0,0,0,0,0,0,0,0,4,0,,67,10,2009,5,40.0101,-75.1214,1342.0,6,0,0,0,0,0,0,0,0,,0,0,0,13,1,0,1,,0,40 00:36.435,,0,75 07:17.178,0,0,0,0,67301,0,0,0,N,0,0,0,4,67301,0,,1,1,,N,N,,0,,0,0,0,3,2,,1340,0,2,0,0,0,0,0,3,4,0,2,3,,N,,,,,,,,,,,
2009086214,1605.0,2,0,0,0,0,0,0,0,0,4,0,,67,8,2009,2,40.0316,-75.0842,1549.0,6,0,0,0,0,0,0,0,0,,0,0,0,15,1,1,0,,0,40 01:53.913,,7,75 05:02.404,8,0,0,0,67301,0,0,0,N,0,0,0,2,67301,0,,1,1,,N,N,,0,,0,0,0,0,0,,1546,1,2,0,0,0,1,0,3,4,0,2,3,,N,,,,,,,,,,,
2010006386,2300.0,2,0,0,0,0,0,0,0,0,6,0,,67,12,2009,2,39.9765,-75.2669,2250.0,6,0,0,0,0,0,0,0,0,,0,0,0,22,3,1,0,,0,39 58:35.378,,0,75 16:00.807,4,0,0,0,67301,0,0,0,,0,0,0,2,67301,1,,1,1,,,,,0,,0,0,0,0,0,,2250,1,3,0,0,0,0,0,3,4,0,3,3,,N,,,,,,,,,,,
2010005610,2259.0,2,0,0,0,0,0,0,0,0,4,0,,67,12,2009,5,39.9736,-75.2089,2259.0,6,0,0,0,0,0,0,0,0,1.0,0,0,0,22,3,0,1,,1,39 58:25.156,3.0,0,75 12:32.179,0,0,0,0,67301,0,0,0,,0,0,0,6,67301,0,,1,1,,N,N,,0,,0,0,0,3,2,N,2258,0,2,0,0,4,0,0,3,4,0,2,3,,N,,,,,,,,,,,
2009063492,110.0,0,0,0,0,0,0,0,0,0,7,0,,67,5,2009,7,39.9483,-75.1864,110.0,6,0,0,0,0,0,0,0,0,,0,0,0,1,3,0,0,,0,39 56:55.668,,0,75 11:08.318,0,0,0,0,67301,0,0,0,N,0,0,0,1,68K01,0,,2,1,,N,N,,0,,0,0,1,0,0,,110,0,1,0,0,0,0,0,3,4,0,1,3,,N,,,,,,,,,,,
2009066113,0.0,1,0,0,0,0,0,0,0,0,1,0,,67,3,2009,2,39.999,-75.1333,0.0,6,0,0,0,0,0,0,0,0,,0,0,0,9,1,1,0,,0,39 59:56.256,,0,75 07:59.750,3,0,0,0,67301,0,0,0,N,0,0,0,5,00000,0,,1,1,,N,N,,1,,1,0,0,0,0,,906,1,2,0,0,0,0,0,3,4,0,2,3,,N,,,,,,,,,,,
2010003009,1730.0,1,0,0,0,0,0,0,0,0,7,0,,67,12,2009,6,39.9316,-75.1867,1730.0,6,0,0,0,0,0,0,0,0,,0,0,0,17,3,1,1,,0,39 55:53.713,,0,75 11:11.972,8,0,0,0,67301,0,0,0,N,0,0,0,1,67301,0,,3,1,,N,N,,0,,0,0,0,0,0,,1729,1,1,0,0,0,1,0,3,4,0,1,3,,N,,,,,,,,,,,
2010003032,1053.0,0,0,0,0,0,0,0,0,0,4,1,,67,11,2009,3,39.9788,-75.2301,1053.0,6,0,0,0,0,0,0,0,0,2.0,0,1,0,10,1,1,2,,1,39 58:43.568,3.0,0,75 13:48.350,4,0,0,0,67301,0,0,0,N,0,0,0,2,67301,1,,1,9,,N,N,,0,,0,0,1,0,0,Y,1040,1,2,0,0,0,0,0,3,4,0,2,7,,N,,,,,,,,,,,
2010005946,235.0,1,0,0,0,0,0,0,0,0,8,0,,67,11,2009,1,40.0164,-75.1497,230.0,6,0,0,0,0,0,0,0,0,,0,0,0,2,3,1,0,,0,40 00:59.188,,0,75 08:58.830,3,0,0,0,67301,1,0,0,N,1,0,0,3,67301,0,,1,1,,N,N,,0,,1,0,0,0,0,,225,1,2,0,0,0,0,0,3,4,0,1,3,,N,,,,,,,,,,,
2010003210,1908.0,1,0,0,0,0,0,0,0,0,8,0,,67,12,2009,4,40.0215,-75.0749,1907.0,6,0,0,0,0,0,1,0,0,,0,0,0,17,3,1,0,,0,40 01:17.296,,0,75 04:29.773,8,0,0,0,67301,1,0,0,,1,0,0,2,67301,0,,1,9,,,,,0,,0,0,0,0,0,,1706,1,2,0,0,0,1,0,3,4,0,1,7,,N,,,,,,,,,,,
2010003211,1723.0,1,0,0,0,0,0,0,0,0,8,0,,67,12,2009,3,39.9038,-75.1738,1720.0,6,0,0,0,0,0,1,0,0,,0,0,0,17,1,1,1,,0,39 54:13.685,,0,75 10:25.724,4,0,0,0,67301,1,0,0,N,1,0,0,2,67301,1,,1,1,,N,N,,0,,0,0,0,3,2,,1715,1,2,0,0,0,0,0,3,4,0,1,3,,N,,,,,,,,,,,
2010005914,35.0,2,0,0,0,0,0,0,0,0,2,0,,67,11,2009,5,39.9741,-75.2043,30.0,6,0,0,0,0,0,0,0,0,,0,0,0,0,3,1,1,,0,39 58:26.859,,0,75 12:15.536,4,0,0,0,67301,0,0,0,,0,0,0,2,67301,1,,1,9,,N,N,,0,,0,0,0,3,2,,25,1,2,0,0,0,0,1,3,4,0,2,7,,N,,,,,,,,,,,
2010003523,45.0,1,0,0,0,0,0,0,0,0,8,0,,67,11,2009,7,40.0244,-75.1469,45.0,6,0,0,0,0,0,1,0,0,,0,0,0,0,3,1,1,,0,40 01:27.922,,0,75 08:48.832,4,0,0,0,67301,1,0,0,N,1,0,0,2,67301,1,,1,1,,,,,0,,0,0,0,3,2,,45,1,2,0,0,0,0,0,3,4,0,1,3,,N,,,,,,,,,,,
2010018985,2139.0,2,0,0,0,0,0,0,0,0,4,0,,67,12,2009,4,40.0868,-74.9718,2135.0,6,0,0,0,0,1,0,0,0,,0,0,0,21,2,1,1,,0,40 05:12.438,,0,74 58:18.635,4,0,0,0,67301,0,0,0,,0,0,0,2,67301,1,,1,1,,,,,0,,0,0,0,3,2,,2135,1,2,0,0,0,0,0,3,4,0,2,3,,N,,,,,,,,,,,
2010018987,2015.0,2,0,0,0,0,0,0,0,0,4,0,,67,12,2009,2,40.0342,-75.0714,2010.0,6,0,0,0,0,0,1,0,0,,0,0,0,20,3,0,1,,0,40 02:03.071,,0,75 04:17.001,0,0,0,0,67301,0,0,0,,0,0,0,2,67301,0,,1,1,,,,,0,,0,0,0,3,2,,2005,0,2,0,0,0,0,0,3,4,0,2,99,,N,,,,,,,,,,,
2010011133,1655.0,1,0,0,0,0,0,0,0,0,7,0,,67,12,2009,5,39.9969,-75.1808,1652.0,6,0,0,0,0,0,0,0,0,2.0,0,0,0,13,1,0,2,,1,39 59:48.699,3.0,0,75 10:50.995,9,0,0,0,67301,0,0,0,N,0,0,0,1,67301,0,,4,6,,N,N,,0,,0,0,0,3,3,Y,1300,0,1,0,0,0,0,1,3,4,0,1,10,,N,,,,,,,,,,,
2010003684,1837.0,2,0,0,0,0,0,0,0,0,1,0,,67,12,2009,5,40.0121,-75.0597,1828.0,6,0,0,0,0,0,0,0,0,,0,0,0,18,3,1,0,,0,40 00:43.560,,0,75 03:34.560,4,0,0,0,67301,0,0,0,N,0,0,0,4,68K02,1,,1,1,,N,N,,0,,0,0,0,0,0,,1823,1,2,0,0,0,0,0,3,4,0,2,3,,N,,,,,,,,,,,
2010003686,1315.0,1,0,0,0,0,0,0,0,0,1,0,,67,12,2009,6,39.96,-75.1787,1314.0,6,0,0,0,0,0,0,0,0,,0,0,0,13,1,2,0,,0,39 57:36.720,,0,75 10:49.440,8,0,0,0,67301,0,0,0,N,0,0,0,5,68K01,0,,1,1,,N,N,,0,,0,0,1,0,0,,1308,2,3,0,0,0,2,0,3,4,1,3,3,,N,,,,,,,,,,,
2010006519,2140.0,0,0,0,0,0,0,0,0,0,1,0,,67,12,2009,6,39.9349,-75.1792,2135.0,6,0,0,0,0,0,0,0,0,,0,0,0,21,3,1,0,,0,39 56:05.650,,0,75 10:45.037,8,0,0,0,67301,1,0,0,N,0,0,0,2,67301,0,,6,1,,N,N,,0,,0,0,2,3,3,,2130,1,2,0,0,0,1,0,3,4,0,2,3,,N,,,,,,,,,,,
2010006379,2240.0,2,0,0,0,0,0,0,0,0,4,0,,67,12,2009,5,40.0543,-75.1467,2230.0,6,0,0,0,0,0,0,0,0,,0,0,0,99,3,1,0,,0,40 03:15.368,,7,75 08:48.221,4,0,0,0,67301,0,0,0,N,0,0,0,2,67301,1,,1,1,,N,N,,0,,0,0,0,0,0,,9999,1,2,0,0,1,0,0,3,4,0,2,3,,N,,,,,,,,,,,
2010002740,1810.0,3,0,0,0,0,0,0,0,0,1,0,,67,12,2009,3,40.0478,-75.1308,810.0,6,0,0,0,0,0,1,0,0,2.0,0,0,0,18,3,1,0,,1,40 02:51.990,3.0,0,75 07:50.991,4,0,0,0,67301,0,0,0,N,0,0,0,4,67301,1,,1,1,,N,N,,0,,0,0,0,0,0,N,1800,1,3,0,0,0,0,0,3,4,0,3,3,,N,,,,,,,,,,,
2010034668,1242.0,2,0,0,0,0,0,0,0,0,4,0,,67,12,2009,6,39.9328,-75.1864,1236.0,6,0,0,0,0,0,0,1,0,2.0,0,0,0,12,1,3,1,,2,39 55:58.105,1.0,1,75 11:11.075,8,0,0,0,67301,0,0,0,,0,0,0,3,67301,0,,1,1,,,,,0,,0,0,0,3,2,Y,1230,3,2,0,0,0,3,0,3,4,0,2,3,,N,,,,,,,,,,,
2010003072,515.0,2,0,0,0,0,0,0,0,0,4,0,,67,11,2009,1,39.9633,-75.2262,505.0,6,0,0,0,0,0,0,0,0,,0,0,0,5,3,1,1,,0,39 57:47.991,,0,75 13:34.381,8,0,0,0,67301,0,0,0,N,0,0,0,5,67301,0,,1,1,,N,N,,0,,0,0,0,3,3,,504,1,2,0,0,0,1,3,3,4,0,2,3,,N,,,,,,,,,,,
2010005583,1935.0,1,0,0,0,0,0,0,0,0,8,0,,67,12,2009,7,39.9533,-75.1838,1935.0,6,0,0,0,0,0,0,0,0,,0,0,0,14,1,1,1,,0,39 57:12.003,,0,75 11:01.526,8,0,0,0,67301,1,0,0,N,1,0,0,2,67301,0,,1,1,,N,N,,0,,0,0,0,3,2,,1420,1,2,0,0,0,1,0,3,4,0,1,3,,N,,,,,,,,,,,
2010005600,2240.0,1,0,0,0,0,0,0,0,0,7,0,,67,12,2009,6,40.0165,-75.212,2233.0,6,0,0,0,0,0,0,0,0,,0,0,0,22,3,0,0,,0,40 00:59.381,,0,75 12:43.081,0,0,0,0,67301,0,0,0,N,0,0,0,1,67301,0,,5,1,,N,N,,0,,0,0,0,0,0,,2220,0,1,0,0,0,0,0,3,4,0,1,3,,N,,,,,,,,,,,
2010005640,759.0,1,0,0,0,0,0,0,0,0,4,0,,67,12,2009,5,40.0158,-75.1411,729.0,6,0,0,0,0,0,0,0,0,,0,0,0,7,1,1,1,,0,40 00:56.894,,0,75 08:28.039,4,0,0,0,67301,0,0,0,N,0,0,0,2,67301,1,,1,1,,N,N,,0,,0,0,1,3,2,,725,1,2,0,0,0,0,0,3,4,0,2,3,,N,,,,,,,,,,,
2010005736,2220.0,2,0,0,0,0,0,0,0,0,4,0,,67,12,2009,1,39.985,-75.1068,2215.0,6,0,0,0,0,0,0,0,0,,0,0,0,22,3,1,1,,0,39 59:06.043,,0,75 06:24.533,8,0,0,0,67301,0,0,0,N,0,0,0,2,67301,0,,1,9,,N,N,,0,,0,0,0,3,2,,2200,1,2,0,0,0,1,0,3,4,0,2,3,,N,,,,,,,,,,,
2010001673,1107.0,0,0,0,0,0,0,0,0,0,1,1,,67,12,2009,3,39.9597,-75.1762,1029.0,6,0,0,0,0,0,1,0,0,,0,1,0,10,1,1,0,,0,39 57:35.303,,0,75 10:38.197,4,0,0,0,67301,0,0,0,N,0,0,0,2,68K01,1,,1,1,,N,N,,0,,0,0,1,0,0,,1023,1,2,0,0,0,0,0,3,4,0,2,3,,N,,,,,,,,,,,
2010019419,640.0,1,0,0,0,0,0,0,0,0,6,0,,67,11,2009,5,39.992,-75.1402,635.0,6,0,0,0,0,0,0,0,0,,0,0,0,99,1,1,1,,0,39 59:31.697,,0,75 08:24.775,4,0,0,0,67301,0,0,0,N,0,0,0,3,67301,1,,1,9,,N,N,,0,,0,0,1,3,2,,9999,1,3,0,0,1,0,1,3,4,1,3,3,,N,,,,,,,,,,,
2010005525,132.0,2,0,0,0,0,0,0,0,0,1,0,,67,12,2009,7,40.0828,-75.0494,132.0,6,0,0,0,0,0,0,0,0,,0,0,0,1,3,1,0,,0,40 04:58.216,,0,75 02:57.735,4,0,0,0,67301,0,0,0,N,0,0,0,5,67301,1,,2,1,,,,,0,,0,0,0,0,0,,130,1,2,0,0,0,0,0,3,4,0,2,3,,N,,,,,,,,,,,
2009063909,37.0,1,0,0,0,0,0,0,0,0,4,0,,67,5,2009,6,39.9766,-75.1717,36.0,6,0,0,0,0,0,1,0,0,,0,0,0,0,3,1,0,,0,39 58:35.821,,0,75 10:18.174,8,0,0,0,67301,0,0,0,N,0,0,0,3,67301,0,,1,9,,N,N,,1,,0,0,0,0,0,,26,1,2,0,0,0,1,2,3,4,0,2,7,,N,,,,,,,,,,,
2009056463,1850.0,1,0,0,0,0,0,0,0,0,4,0,,67,4,2009,6,39.9281,-75.2308,1845.0,6,0,0,0,0,0,0,0,0,,0,0,0,18,1,1,1,,0,39 55:41.188,,0,75 13:50.941,8,0,0,0,67301,0,0,0,N,0,0,0,2,67301,0,,1,1,,N,N,,0,,0,0,1,3,2,,1843,1,2,0,0,0,1,0,3,4,0,2,3,,N,,,,,,,,,,,
2009079180,640.0,0,0,0,0,0,0,0,0,0,7,0,,67,7,2009,1,39.9354,-75.1423,637.0,6,0,0,0,0,1,0,0,0,9.0,0,0,0,6,1,1,0,,2,39 56:07.581,1.0,0,75 08:32.155,4,0,0,0,67301,0,0,0,,0,0,0,1,67301,1,,2,1,,,,,1,,0,0,0,0,0,N,637,1,1,0,0,0,0,0,3,4,0,1,3,,N,,,,,,,,,,,
2009092978,2107.0,2,0,0,0,0,0,0,0,0,8,0,,67,8,2009,6,40.0143,-75.1575,2107.0,6,0,0,0,0,0,0,0,0,9.0,1,0,0,21,3,0,0,,2,40 00:51.435,3.0,0,75 09:26.919,1,0,0,0,67301,1,1,0,,1,1,0,5,67301,0,2.0,1,9,,,,,0,0.0,0,0,0,0,0,Y,2100,0,3,0,0,0,0,0,3,4,0,2,7,,N,,,,,,,,,,,