CRN,ARRIVAL_TM,AUTOMOBILE_COUNT,BELTED_DEATH_COUNT,BELTED_SUSP_SERIOUS_INJ_COUNT,BICYCLE_COUNT,BICYCLE_DEATH_COUNT,BICYCLE_SUSP_SERIOUS_INJ_COUNT,BUS_COUNT,CHLDPAS_DEATH_COUNT,CHLDPAS_SUSP_SERIOUS_INJ_COUNT,COLLISION_TYPE,COMM_VEH_COUNT,CONS_ZONE_SPD_LIM,COUNTY,CRASH_MONTH,CRASH_YEAR,DAY_OF_WEEK,DEC_LAT,DEC_LONG,DISPATCH_TM,DISTRICT,DRIVER_COUNT_16YR,DRIVER_COUNT_17YR,DRIVER_COUNT_18YR,DRIVER_COUNT_19YR,DRIVER_COUNT_20YR,DRIVER_COUNT_50_64YR,DRIVER_COUNT_65_74YR,DRIVER_COUNT_75PLUS,EST_HRS_CLOSED,FATAL_COUNT,HEAVY_TRUCK_COUNT,HORSE_BUGGY_COUNT,HOUR_OF_DAY,ILLUMINATION,INJURY_COUNT,INTERSECT_TYPE,INTERSECTION_RELATED,LANE_CLOSED,LATITUDE,LN_CLOSE_DIR,LOCATION_TYPE,LONGITUDE,MAX_SEVERITY_LEVEL,MCYCLE_DEATH_COUNT,MCYCLE_SUSP_SERIOUS_INJ_COUNT,MOTORCYCLE_COUNT,MUNICIPALITY,NONMOTR_COUNT,NONMOTR_DEATH_COUNT,NONMOTR_SUSP_SERIOUS_INJ_COUNT,NTFY_HIWY_MAINT,PED_COUNT,PED_DEATH_COUNT,PED_SUSP_SERIOUS_INJ_COUNT,PERSON_COUNT,POLICE_AGCY,POSSIBLE_INJ_COUNT,RDWY_SURF_TYPE_CD,RELATION_TO_ROAD,ROAD_CONDITION,ROADWAY_CLEARED,SCH_BUS_IND,SCH_ZONE_IND,SECONDARY_CRASH,SMALL_TRUCK_COUNT,SPEC_JURIS_CD,SUSP_MINOR_INJ_COUNT,SUSP_SERIOUS_INJ_COUNT,SUV_COUNT,TCD_FUNC_CD,TCD_TYPE,TFC_DETOUR_IND,TIME_OF_DAY,TOT_INJ_COUNT,TOTAL_UNITS,UNB_DEATH_COUNT,UNB_SUSP_SERIOUS_INJ_COUNT,UNBELTED_OCC_COUNT,UNK_INJ_DEG_COUNT,UNK_INJ_PER_COUNT,URBAN_AREA,URBAN_RURAL,VAN_COUNT,VEHICLE_COUNT,WEATHER1,WEATHER2,WORK_ZONE_IND,WORK_ZONE_LOC,WORK_ZONE_TYPE,WORKERS_PRES,WZ_CLOSE_DETOUR,WZ_FLAGGER,WZ_LAW_OFFCR_IND,WZ_LN_CLOSURE,WZ_MOVING,WZ_OTHER,WZ_SHLDER_MDN,WZ_WORKERS_INJ_KILLED
2009093012,1855.0,0,0,0,0,0,0,0,0,0,8,0,,67,8,2009,6,39.9638,-75.2465,1850.0,6,0,0,0,0,0,0,0,0,,0,0,0,18,1,1,0,,0,39 57:49.521,,0,75 14:47.359,8,0,0,0,67301,1,0,0,N,1,0,0,2,67301,0,,1,1,,N,N,,1,,0,0,0,0,0,,1840,1,2,0,0,0,1,0,3,4,0,1,3,,N,,,,,,,,,,,
2009065153,2303.0,2,0,0,0,0,0,0,0,0,1,1,,67,5,2009,4,39.9055,-75.1741,2257.0,6,0,0,0,1,0,1,0,0,1.0,0,1,0,22,3,2,1,,1,39 54:19.871,3.0,0,75 10:26.843,4,0,0,0,67301,0,0,0,,0,0,0,8,67301,1,,1,1,,N,N,,0,,0,0,1,3,2,N,2257,2,4,0,0,0,1,0,3,4,0,4,3,,N,,,,,,,,,,,
2009086242,1845.0,1,0,0,0,0,0,0,0,0,4,0,,67,8,2009,6,39.9536,-75.2182,1835.0,6,0,0,0,0,0,0,0,0,,0,0,0,18,1,4,1,,0,39 57:13.024,,0,75 13:05.347,3,0,0,0,67301,0,0,0,N,0,0,0,4,67301,0,,1,9,,N,N,,0,,3,0,1,3,2,,1825,4,2,0,0,0,1,0,3,4,0,2,3,,N,,,,,,,,,,,
2010006348,223.0,2,0,0,0,0,0,0,0,0,4,0,,67,12,2009,1,40.0293,-75.1099,217.0,6,0,0,0,0,0,0,0,0,,0,0,0,2,3,0,0,,0,40 01:45.519,,99,75 06:35.758,0,0,0,0,67301,0,0,0,N,0,0,0,2,67301,0,,1,9,,N,N,,0,,0,0,0,0,0,,217,0,2,0,0,0,0,0,3,4,0,2,7,,N,,,,,,,,,,,
2009094096,1610.0,1,0,0,1,0,0,0,0,0,4,0,,67,8,2009,4,39.9534,-75.1716,1557.0,6,0,0,0,0,0,0,0,0,,0,0,0,99,1,1,1,,0,39 57:12.163,,0,75 10:17.838,8,0,0,0,67301,1,0,0,,0,0,0,2,67301,0,,1,9,,N,N,,0,,0,0,0,3,2,,9999,1,2,0,0,0,1,0,3,4,0,1,3,,N,,,,,,,,,,,
2009083575,2245.0,2,0,0,0,0,0,0,0,0,1,0,,67,7,2009,7,39.957,-75.2133,2240.0,6,0,0,0,1,0,0,0,0,,0,0,0,22,3,3,1,,0,39 57:25.245,,0,75 12:47.990,8,0,0,0,67301,0,0,0,N,0,0,0,5,67301,0,,1,9,,N,N,,0,,0,0,0,3,2,,2235,3,2,0,0,0,3,0,3,4,0,2,7,,N,,,,,,,,,,,
2009054703,1252.0,2,0,0,0,0,0,0,0,0,4,0,,67,5,2009,1,40.0948,-75.0507,1244.0,6,0,0,0,0,0,0,0,0,,0,0,0,12,1,1,1,,0,40 05:41.192,,0,75 03:02.752,4,0,0,0,67301,0,0,0,,0,0,0,3,67301,1,,1,9,,N,N,,0,,0,0,0,9,2,,1230,1,2,0,0,0,0,0,3,4,0,2,7,,N,,,,,,,,,,,
2009071384,940.0,0,0,0,0,0,0,0,0,0,8,0,,67,5,2009,3,39.9614,-75.1482,935.0,6,0,0,0,0,0,0,0,0,,0,0,0,9,1,1,1,,0,39 57:40.649,,0,75 08:53.474,8,0,0,0,67301,1,0,0,,1,0,0,2,67301,0,,1,9,,,,,0,,0,0,1,3,2,,934,1,2,0,0,0,1,0,3,4,0,1,3,,N,,,,,,,,,,,
2010003027,313.0,1,0,0,1,0,0,0,0,0,4,0,,67,11,2009,6,39.8906,-75.1688,312.0,6,0,0,0,0,0,0,0,0,,0,0,0,99,3,1,1,,0,39 53:26.026,,0,75 10:07.557,3,0,0,0,67301,1,0,0,,0,0,0,3,67301,0,,1,9,,N,N,,0,,1,0,0,3,2,,9999,1,2,0,0,0,0,0,3,4,0,1,7,,N,,,,,,,,,,,
2010003213,1250.0,1,0,0,0,0,0,0,0,0,8,0,,67,12,2009,4,40.0065,-75.095,1230.0,6,0,0,0,0,0,0,0,0,,0,0,0,12,1,1,0,,0,40 00:23.563,,7,75 05:42.174,4,0,0,0,67301,1,0,0,,1,0,0,2,67301,1,,1,1,,,,,0,,0,0,0,0,0,,1230,1,2,0,0,0,0,0,3,4,0,1,3,,N,,,,,,,,,,,
2010003215,9999.0,1,0,0,1,0,0,0,0,0,4,0,,67,12,2009,3,39.9904,-75.1245,1950.0,6,0,0,0,0,0,0,0,0,,0,0,0,14,1,1,2,,0,39 59:25.559,,0,75 07:28.264,3,0,0,0,67301,1,0,0,,0,0,0,2,67301,0,,1,1,,N,N,,0,,1,0,0,3,3,,1400,1,2,0,0,0,0,0,3,4,0,1,3,,N,,,,,,,,,,,
2010006166,820.0,2,0,0,0,0,0,0,0,0,1,0,,67,12,2009,6,40.0817,-75.2042,817.0,6,0,0,0,0,0,1,0,0,,0,0,0,8,1,1,0,,0,40 04:54.203,,0,75 12:15.138,4,0,0,0,67301,0,0,0,N,0,0,0,4,67301,1,,1,1,,N,N,,0,,0,0,0,0,0,,814,1,3,0,0,0,0,0,3,4,1,3,98,,N,,,,,,,,,,,
2010011646,23.0,1,0,0,0,0,0,0,0,0,8,0,,67,12,2009,4,40.033,-75.2175,20.0,6,0,0,0,0,0,0,0,0,,0,0,0,23,3,1,1,,0,40 01:58.897,,0,75 13:03.154,4,0,0,0,67301,1,0,0,,1,0,0,2,67301,1,,1,1,,N,N,,0,,0,0,0,3,3,,2300,1,2,0,0,0,0,1,3,4,0,1,3,,N,,,,,,,,,,,
2010003539,1750.0,1,0,0,1,0,0,0,0,0,5,0,,67,12,2009,4,39.9537,-75.1869,1750.0,6,0,0,0,0,0,0,0,0,,0,0,0,17,3,1,0,,0,39 57:13.420,,0,75 11:12.880,8,0,0,0,67301,1,0,0,N,0,0,0,3,67301,0,,1,9,,N,N,,0,,0,0,1,0,0,,1750,1,3,0,0,0,1,0,3,4,0,2,7,,N,,,,,,,,,,,
2010003548,1610.0,1,0,0,0,0,0,0,0,0,8,0,,67,12,2009,6,40.0658,-75.0082,1604.0,6,0,0,0,0,0,0,0,0,,0,0,0,15,1,1,0,,0,40 03:57.052,,0,75 00:29.512,8,0,0,0,67301,1,0,0,N,1,0,0,2,67301,0,,1,1,,N,N,,0,,0,0,0,0,0,,1550,1,2,0,0,1,1,1,3,4,0,1,3,,N,,,,,,,,,,,
2010006325,1857.0,1,0,0,0,0,0,0,0,0,4,0,,67,12,2009,7,39.9436,-75.1568,1856.0,6,0,0,0,0,0,0,0,0,,0,0,0,18,3,2,1,,0,39 56:37.021,,0,75 09:24.595,8,0,0,0,67301,0,0,0,N,0,0,0,4,67301,0,,1,1,,N,N,,0,,0,0,0,3,2,,1855,2,2,0,0,0,2,0,3,4,1,2,3,,N,,,,,,,,,,,
2010016908,950.0,1,0,0,0,0,0,0,0,0,8,0,,67,12,2009,6,40.0341,-75.0458,944.0,6,0,0,0,0,0,0,0,0,9.0,0,0,0,9,1,1,2,,1,40 02:03.202,2.0,0,75 02:44.815,3,0,0,0,67301,1,0,0,,1,0,0,2,67301,0,,1,1,,,,,0,,1,0,0,3,3,Y,942,1,2,0,0,0,0,0,3,4,0,1,3,,N,,,,,,,,,,,
2010011421,1425.0,1,0,0,0,0,0,0,0,0,8,0,,67,12,2009,1,39.9715,-75.2258,1425.0,6,0,0,0,0,0,0,0,0,2.0,0,0,0,14,1,1,1,,2,39 58:17.277,5.0,0,75 13:33.037,4,0,0,0,67301,1,0,0,N,1,0,0,2,67301,1,,1,1,,N,N,,0,,0,0,0,3,2,Y,1423,1,2,0,0,0,0,0,3,4,0,1,3,,N,,,,,,,,,,,
2010011434,740.0,4,0,0,0,0,0,0,0,0,1,0,,67,12,2009,1,40.0268,-75.1177,731.0,6,0,0,0,0,0,0,0,0,,0,0,0,7,1,0,0,,0,40 01:36.222,,0,75 07:04.141,0,0,0,0,67301,0,0,0,N,0,0,0,2,67301,0,,1,1,,N,N,,0,,0,0,0,0,0,,731,0,4,0,0,1,0,0,3,4,0,4,3,,N,,,,,,,,,,,
2010011438,1300.0,1,0,0,0,0,0,0,0,0,4,0,,67,12,2009,4,39.9328,-75.1864,1258.0,6,0,0,0,0,0,2,0,0,,0,0,0,12,1,1,1,,0,39 55:58.105,,99,75 11:11.075,8,0,0,0,67301,0,0,0,N,0,0,0,3,67301,0,,3,9,,N,N,,1,,0,0,0,3,2,,1250,1,2,0,0,0,1,0,3,4,0,2,3,,N,,,,,,,,,,,
2010018885,306.0,1,0,0,0,0,0,0,0,0,5,0,,67,12,2009,7,40.052,-75.0505,255.0,6,0,0,0,0,0,0,0,0,1.0,0,0,0,2,2,1,0,,1,40 03:07.120,1.0,0,75 03:01.861,8,0,0,0,67301,1,0,0,,1,0,0,2,67301,0,,1,7,,,,,1,,0,0,0,0,0,N,245,1,3,0,0,1,1,0,3,4,0,2,10,,N,,,,,,,,,,,
2010002114,1808.0,1,0,0,0,0,0,0,0,0,1,0,,67,12,2009,2,39.8989,-75.1706,1757.0,6,0,0,0,0,0,0,0,0,,0,0,0,17,3,0,0,,0,39 53:56.772,,0,75 10:04.638,0,0,0,0,67301,0,0,0,N,0,0,0,2,68K01,0,,1,1,,N,N,,0,,0,0,1,0,0,,1752,0,2,0,0,0,0,0,3,4,0,2,3,,N,,,,,,,,,,,
2010006523,825.0,1,0,0,0,0,0,1,0,0,1,1,,67,12,2009,6,40.0337,-75.1458,820.0,6,0,0,0,0,0,0,0,0,,0,0,0,7,1,1,1,,0,40 02:01.358,,0,75 08:45.257,4,0,0,0,67301,0,0,0,N,0,0,0,2,67301,1,,1,1,,N,N,,0,,0,0,0,3,2,,744,1,2,0,0,0,0,0,3,4,0,2,3,,N,,,,,,,,,,,
2010005579,1535.0,2,0,0,0,0,0,0,0,0,4,0,,67,12,2009,6,40.0441,-75.0619,1533.0,6,0,0,0,1,0,0,0,0,1.0,0,0,0,15,1,1,1,,1,40 02:38.730,2.0,0,75 03:42.723,8,0,0,0,67301,0,0,0,N,0,0,0,2,67301,0,,1,1,,N,N,,0,,0,0,0,3,2,Y,1532,1,2,0,0,0,1,0,3,4,0,2,3,,N,,,,,,,,,,,
2010006389,2039.0,1,0,0,1,0,0,0,0,0,4,0,,67,12,2009,5,39.953,-75.2028,2039.0,6,0,0,0,0,1,0,0,0,,0,0,0,20,3,1,2,,0,39 57:10.706,,0,75 12:10.151,3,0,0,0,67301,1,0,0,N,0,0,0,2,67301,0,,1,1,,N,N,,0,,1,0,0,3,3,,2039,1,2,0,0,0,0,0,3,4,0,1,3,,N,,,,,,,,,,,
2010006333,825.0,1,0,0,0,0,0,0,0,0,1,0,,67,12,2009,1,40.0598,-75.1334,817.0,6,0,0,0,0,0,2,0,0,,0,0,0,8,1,2,1,,0,40 03:35.459,,0,75 07:59.829,4,0,0,0,67301,0,0,0,N,0,0,0,2,67301,2,,1,1,,N,N,,0,,0,0,0,3,2,,809,2,2,0,0,0,0,0,3,4,1,2,98,,N,,,,,,,,,,,
2009111131,401.0,3,0,0,0,0,0,0,0,0,2,0,,67,1,2009,1,39.926,-75.1942,400.0,6,0,0,0,0,0,0,0,0,2.0,0,0,0,3,3,2,0,,2,39 55:36.519,3.0,0,75 11:41.991,8,0,0,0,67301,0,0,0,N,0,0,0,3,67301,0,,1,1,,N,N,,0,,0,0,0,0,0,Y,359,2,3,0,0,0,2,0,3,4,0,3,3,,N,,,,,,,,,,,
2009100745,1259.0,2,0,0,0,0,0,0,0,0,1,0,,67,8,2009,2,40.0277,-75.0993,1255.0,6,1,0,0,0,0,2,0,0,2.0,0,0,0,12,1,3,0,,1,40 01:40.583,1.0,0,75 05:59.023,3,0,0,1,67301,0,0,0,N,0,0,0,10,67301,2,,1,1,,N,N,,1,,1,0,0,3,2,Y,1254,3,4,0,0,0,0,0,3,4,0,4,3,,N,,,,,,,,,,,
2009120619,1155.0,1,0,0,0,0,0,0,0,0,8,0,,67,10,2009,1,40.0013,-75.2152,1150.0,6,0,0,0,0,0,0,0,0,,0,0,0,11,1,1,0,,0,40 00:04.704,,0,75 12:54.814,4,0,0,0,67301,1,0,0,N,1,0,0,2,67301,1,,1,1,,N,N,,0,,0,0,0,0,0,,1145,1,2,0,0,0,0,0,3,4,0,1,3,,N,,,,,,,,,,,
2009118967,1934.0,2,0,0,0,0,0,0,0,0,4,0,,67,10,2009,2,40.0861,-75.2119,1918.0,6,0,0,0,0,0,0,0,0,,0,0,0,19,3,1,5,,0,40 05:09.951,,0,75 12:42.717,8,0,0,0,67301,0,0,0,N,0,0,0,2,67301,0,,1,1,,N,N,,0,,0,0,0,3,2,,1918,1,2,0,0,0,1,1,3,4,0,2,3,,N,,,,,,,,,,,
2009111185,1432.0,2,0,0,0,0,0,0,0,0,5,0,,67,10,2009,6,39.9304,-75.1869,1419.0,6,0,0,0,0,0,0,0,0,4.0,0,0,0,99,1,1,1,,1,39 55:49.303,5.0,0,75 11:12.947,4,0,0,0,67301,0,0,0,N,0,0,0,2,67301,1,,1,9,,,N,,1,,0,0,0,2,2,Y,9999,1,3,0,0,0,0,0,3,4,0,3,7,,N,,,,,,,,,,,
2009063795,646.0,1,0,0,0,0,0,0,0,0,4,0,,67,3,2009,2,39.9505,-75.2269,644.0,6,0,0,0,0,0,0,0,0,,0,0,0,6,5,1,1,,0,39 57:01.671,,0,75 13:36.676,8,0,0,0,67301,0,0,0,N,0,0,0,2,67301,0,,1,1,,N,N,,0,,0,0,0,3,2,,644,1,2,0,0,0,1,0,3,4,1,2,3,,N,,,,,,,,,,,
2009079250,1925.0,0,0,0,1,0,0,0,0,0,3,0,,67,7,2009,2,40.0223,-75.1307,1925.0,6,0,0,0,0,0,0,0,0,,0,0,0,19,1,1,1,,0,40 01:20.398,,0,75 07:50.350,8,0,0,0,67301,1,0,0,N,0,0,0,2,67301,0,,1,1,,N,N,,1,,0,0,0,3,3,,1910,1,2,0,0,1,1,0,3,4,0,1,3,,N,,,,,,,,,,,
2009092985,554.0,2,0,0,0,0,0,0,0,0,5,0,,67,8,2009,5,39.9757,-75.2425,549.0,6,0,0,0,0,0,2,0,0,,0,0,0,5,1,1,0,,0,39 58:32.487,,0,75 14:33.000,4,0,0,0,67301,0,0,0,N,0,0,0,3,67301,1,,6,1,,N,N,,0,,0,0,1,0,0,,544,1,4,0,0,1,0,1,3,4,0,4,3,,N,,,,,,,,,,,
2009093033,1124.0,2,0,0,0,0,0,0,0,0,4,0,,67,8,2009,3,39.9847,-75.1439,1123.0,6,0,0,0,0,0,1,0,0,,0,0,0,11,1,3,2,,0,39 59:04.941,,0,75 08:37.921,4,0,0,0,67301,0,0,0,,0,0,0,5,67301,2,,1,1,,N,N,,0,,0,0,0,2,2,,1110,3,2,0,0,0,1,1,3,4,0,2,3,,N,,,,,,,,,,,
2009067465,2205.0,1,0,0,0,0,0,0,0,0,1,0,,67,6,2009,4,40.0682,-75.1805,2159.0,6,0,0,0,0,0,1,0,0,,0,0,0,21,3,0,0,,0,40 04:05.413,,0,75 10:49.775,0,0,0,0,67301,0,0,0,N,0,0,0,1,67301,0,,6,1,,N,N,,0,,0,0,1,0,0,,2145,0,2,0,0,0,0,0,3,4,0,2,3,,N,,,,,,,,,,,
2009071388,1306.0,0,0,0,0,0,0,0,0,0,1,0,,67,6,2009,5,40.039,-75.15,1305.0,6,0,0,0,0,0,0,0,0,,0,0,0,12,1,1,1,,0,40 02:20.299,,0,75 09:00.122,8,0,0,0,67301,0,0,0,N,0,0,0,2,67301,0,,1,1,,N,Y,,1,,0,0,0,3,2,,1240,1,2,0,0,0,1,0,3,4,1,2,7,,N,,,,,,,,,,,
2010002951,1642.0,2,0,0,0,0,0,0,0,0,2,0,,67,12,2009,3,40.0948,-75.0153,1626.0,6,0,0,0,0,0,0,0,0,,0,0,0,16,1,1,1,,0,40 05:40.718,,0,75 00:54.707,4,0,0,0,67301,0,0,0,N,0,0,0,3,67301,1,,1,1,,N,N,,0,,0,0,0,3,2,,1620,1,2,0,0,0,0,0,3,4,0,2,3,,N,,,,,,,,,,,
2010003156,2215.0,3,0,0,0,0,0,0,0,0,5,0,,67,12,2009,6,40.0469,-75.0898,2014.0,6,0,0,0,0,0,0,0,0,,0,0,0,21,3,0,0,,0,40 02:48.706,,0,75 05:23.103,0,0,0,0,67301,0,0,0,,0,0,0,1,67301,0,,1,1,,,,,0,,0,0,0,0,0,,2142,0,3,0,0,0,0,0,3,4,0,3,3,,N,,,,,,,,,,,
2010003184,1723.0,0,0,0,1,0,0,1,0,0,4,1,,67,12,2009,3,39.9636,-75.196,1716.0,6,0,0,0,0,0,1,0,0,,0,0,0,17,3,1,1,,0,39 57:48.877,,0,75 11:45.452,4,0,0,0,67301,1,0,0,N,0,0,0,2,67301,1,,1,1,,N,N,,0,,0,0,0,3,3,,1714,1,2,0,0,0,0,0,3,4,0,1,3,,N,,,,,,,,,,,
2010005909,958.0,2,0,0,0,0,0,0,0,0,1,0,,67,12,2009,3,40.0134,-75.0695,954.0,6,0,0,0,0,0,1,0,0,,0,0,0,9,1,1,0,,0,40 00:48.166,,0,75 04:10.233,8,0,0,0,67301,0,0,0,N,0,0,0,3,67301,0,,1,1,,N,N,,0,,0,0,0,0,0,,915,1,2,0,0,0,1,0,3,4,0,2,3,,N,,,,,,,,,,,
2010003532,1840.0,0,0,0,0,0,0,0,0,0,7,0,,67,11,2009,6,39.9637,-75.1813,1836.0,6,0,0,0,0,0,1,0,0,1.0,0,0,0,18,3,1,0,,1,39 57:49.464,2.0,0,75 10:52.530,8,0,0,0,67301,0,0,0,N,0,0,0,1,67301,0,,5,1,,N,N,,0,,0,0,1,0,0,N,1834,1,1,0,0,0,1,0,3,4,0,1,3,,N,,,,,,,,,,,
2010003565,1701.0,1,0,0,0,0,0,0,0,0,8,0,,67,11,2009,7,40.0255,-75.1427,1700.0,6,0,0,0,0,0,0,0,0,,0,0,0,16,3,1,0,,0,40 01:31.849,,0,75 08:33.836,4,0,0,0,67301,1,0,0,N,1,0,0,2,67301,1,,1,1,,N,N,,0,,0,0,0,0,0,,1640,1,2,0,0,0,0,0,3,4,0,1,3,,N,,,,,,,,,,,
2010018984,1021.0,1,0,0,0,0,0,0,0,0,1,0,,67,12,2009,2,40.1046,-75.0014,1020.0,6,0,0,0,0,0,0,0,0,,0,0,0,9,1,1,1,,0,40 06:16.527,,0,75 00:04.844,4,0,0,0,67301,0,0,0,N,0,0,0,3,67301,1,,1,1,,N,N,,0,,0,0,1,3,2,,935,1,2,0,0,0,0,0,3,4,0,2,3,,N,,,,,,,,,,,
2010018814,835.0,2,0,0,0,0,0,0,0,0,5,0,,67,12,2009,6,40.1022,-74.9713,830.0,6,0,0,0,0,0,0,0,0,,0,0,0,8,1,1,0,,0,40 06:07.971,,0,74 58:16.649,8,0,0,0,67301,0,0,0,,0,0,0,3,67301,0,,6,1,,,,,0,,0,0,0,3,3,,830,1,2,0,0,1,1,0,3,4,0,2,3,,N,,,,,,,,,,,
2010011109,1410.0,1,0,0,0,0,0,0,0,0,5,0,,67,12,2009,5,40.0668,-75.2475,1403.0,6,0,0,0,0,1,1,0,0,,0,0,0,12,1,1,0,,0,40 04:00.621,,0,75 14:50.896,8,0,0,0,67301,0,0,0,,0,0,0,2,67301,0,,1,6,,,,,0,,0,0,1,0,0,,1230,1,2,0,0,2,1,0,3,4,0,2,10,,N,,,,,,,,,,,
2010011187,1948.0,1,0,0,0,0,0,0,0,0,7,0,,67,12,2009,1,40.0286,-75.2055,1943.0,6,0,0,0,0,0,0,0,1,3.0,0,0,0,19,3,1,0,,2,40 01:42.964,5.0,0,75 12:19.759,4,0,0,0,67301,0,0,0,Y,0,0,0,1,67301,1,,2,1,,N,N,,0,,0,0,0,0,0,Y,1940,1,1,0,0,0,0,0,3,4,0,1,3,,N,,,,,,,,,,,
2010017146,718.0,2,0,0,0,0,0,0,0,0,2,0,,67,12,2009,1,40.0155,-75.1256,715.0,6,0,0,0,0,0,1,0,0,1.0,0,0,0,7,1,3,0,,2,40 00:55.782,5.0,0,75 07:32.239,4,0,0,0,67301,0,0,0,N,0,0,0,3,67301,3,,1,7,,N,N,,0,,0,0,0,0,0,N,715,3,2,0,0,0,0,0,3,4,0,2,10,,N,,,,,,,,,,,
2010018883,32.0,4,0,0,0,0,0,0,0,0,4,0,,67,11,2009,5,39.9792,-75.1449,26.0,6,0,0,0,0,0,0,0,0,,0,0,0,0,3,0,2,,0,39 58:45.206,,0,75 08:41.557,9,0,0,0,67301,0,0,0,N,0,0,0,1,67301,0,,1,9,,N,N,,0,,0,0,0,0,0,,15,0,4,0,0,0,0,1,3,4,0,4,7,,N,,,,,,,,,,,
2010001846,850.0,1,0,0,0,0,0,0,0,0,7,0,,67,12,2009,1,39.9746,-75.1942,846.0,6,0,0,0,0,0,0,0,0,,0,0,0,8,1,0,0,,0,39 58:32.880,,0,75 11:41.280,0,0,0,0,67301,0,0,0,N,0,0,0,1,68K01,0,,2,6,,N,N,,0,,0,0,0,0,0,,844,0,1,0,0,0,0,0,3,4,0,1,10,,N,,,,,,,,,,,
2010005514,1418.0,1,0,0,0,0,0,0,0,0,8,0,,67,12,2009,7,40.0367,-75.1584,1410.0,6,0,0,0,0,1,0,0,0,,0,0,0,13,8,1,1,,0,40 02:12.109,,0,75 09:30.211,4,0,0,0,67301,1,0,0,,1,0,0,3,67301,1,,1,2,,,,,0,,0,0,1,3,2,,1312,1,3,0,0,0,0,0,3,4,0,2,10,,N,,,,,,,,,,,
2010005541,255.0,2,0,0,0,0,0,0,0,0,1,0,,67,12,2009,7,39.9538,-75.1666,255.0,6,0,0,0,0,0,0,0,0,,0,0,0,2,3,0,1,,0,39 57:13.704,,0,75 09:59.736,0,0,0,0,67301,0,0,0,,0,0,0,2,67301,0,,1,1,,,,,0,,0,0,0,9,2,,230,0,2,0,0,0,0,0,3,4,0,2,3,,N,,,,,,,,,,,
2010005576,115.0,2,0,0,0,0,0,0,0,0,5,0,,67,12,2009,1,40.0375,-75.2319,301.0,6,0,0,0,0,0,0,0,0,,0,0,0,1,3,0,0,,0,40 02:15.140,,0,75 13:54.894,0,0,0,0,67301,0,0,0,N,0,0,0,2,67301,0,,1,1,,N,N,,0,,0,0,1,0,0,,101,0,3,0,0,0,0,0,3,4,0,3,3,,N,,,,,,,,,,,
2010005654,743.0,1,0,0,0,0,0,0,0,0,1,0,,67,12,2009,5,39.9693,-75.1385,740.0,6,0,0,0,0,0,0,0,0,,0,0,0,7,1,1,1,,0,39 58:09.770,,0,75 08:19.191,4,0,0,0,67301,0,0,0,N,0,0,0,2,67301,1,,1,1,,N,N,,0,,0,0,0,0,0,,700,1,2,0,0,0,0,0,3,4,1,2,3,,N,,,,,,,,,,,
2010002790,2325.0,0,0,0,0,0,0,0,0,0,4,0,,67,11,2009,4,39.9805,-75.1285,2320.0,6,0,0,0,0,0,1,0,0,,0,0,0,23,3,0,1,,0,39 58:49.839,,0,75 07:42.754,0,0,0,0,67301,0,0,0,Y,0,0,0,5,67301,0,,1,9,,N,N,,0,,0,0,2,3,2,,2315,0,2,0,0,0,0,0,3,4,0,2,7,,N,,,,,,,,,,,
2010006355,756.0,1,0,0,0,0,0,0,0,0,7,0,,67,12,2009,5,40.0353,-75.0688,753.0,6,0,0,0,0,0,0,0,0,,0,0,0,7,1,1,0,,0,40 02:07.007,,0,75 04:07.676,4,0,0,0,67301,0,0,0,N,0,0,0,1,67301,1,,1,1,,N,N,,0,,0,0,0,0,0,,750,1,1,0,0,0,0,0,3,4,0,1,3,,N,,,,,,,,,,,
2009111141,1825.0,1,0,0,0,0,0,0,0,0,4,0,,67,10,2009,1,40.072,-75.013,1820.0,6,0,0,0,0,0,1,0,0,,0,0,0,18,1,1,1,,0,40 04:19.712,,0,75 00:46.649,4,0,0,0,67301,0,0,0,N,0,0,0,2,67301,1,,1,1,,N,N,,0,,0,0,0,3,2,,1815,1,2,0,0,0,0,0,3,4,1,2,3,,N,,,,,,,,,,,
2009079255,933.0,2,0,0,0,0,0,0,0,0,1,0,99.0,67,7,2009,3,40.0161,-75.1757,931.0,6,0,0,0,0,0,1,0,0,1.0,0,0,0,9,1,1,0,,1,40 00:58.144,2.0,0,75 10:32.711,4,0,0,0,67301,0,0,0,N,0,0,0,6,67301,1,,1,1,,N,N,,0,,0,0,0,0,0,N,928,1,3,0,0,0,0,0,3,4,1,3,3,,Y,8.0,8.0,U,U,U,U,U,U,U,U,
2009077857,1853.0,5,0,0,0,0,0,0,0,0,1,0,,67,7,2009,5,39.9064,-75.1361,1850.0,6,0,0,0,0,0,2,0,0,1.0,0,0,0,18,1,0,0,,2,39 54:22.932,4.0,0,75 08:09.948,0,0,0,0,67301,0,0,0,N,0,0,0,11,67501,0,,1,1,,N,N,,0,,0,0,0,3,8,N,1850,0,5,0,0,0,0,0,3,4,0,5,3,,N,,,,,,,,,,,
2009065140,2355.0,0,0,0,0,0,0,0,0,0,8,0,,67,5,2009,7,39.922,-75.161,2346.0,6,0,0,0,0,0,0,0,0,,0,0,0,23,3,1,0,,0,39 55:19.135,,0,75 09:39.690,3,0,0,0,67301,1,0,0,,1,0,0,2,67301,0,,1,1,,,,,0,,1,0,1,0,0,,2315,1,2,0,0,0,0,0,3,4,0,1,3,,N,,,,,,,,,,,