CRN,ARRIVAL_TM,AUTOMOBILE_COUNT,BELTED_DEATH_COUNT,BELTED_SUSP_SERIOUS_INJ_COUNT,BICYCLE_COUNT,BICYCLE_DEATH_COUNT,BICYCLE_SUSP_SERIOUS_INJ_COUNT,BUS_COUNT,CHLDPAS_DEATH_COUNT,CHLDPAS_SUSP_SERIOUS_INJ_COUNT,COLLISION_TYPE,COMM_VEH_COUNT,CONS_ZONE_SPD_LIM,COUNTY,CRASH_MONTH,CRASH_YEAR,DAY_OF_WEEK,DEC_LAT,DEC_LONG,DISPATCH_TM,DISTRICT,DRIVER_COUNT_16YR,DRIVER_COUNT_17YR,DRIVER_COUNT_18YR,DRIVER_COUNT_19YR,DRIVER_COUNT_20YR,DRIVER_COUNT_50_64YR,DRIVER_COUNT_65_74YR,DRIVER_COUNT_75PLUS,EST_HRS_CLOSED,FATAL_COUNT,HEAVY_TRUCK_COUNT,HORSE_BUGGY_COUNT,HOUR_OF_DAY,ILLUMINATION,INJURY_COUNT,INTERSECT_TYPE,INTERSECTION_RELATED,LANE_CLOSED,LATITUDE,LN_CLOSE_DIR,LOCATION_TYPE,LONGITUDE,MAX_SEVERITY_LEVEL,MCYCLE_DEATH_COUNT,MCYCLE_SUSP_SERIOUS_INJ_COUNT,MOTORCYCLE_COUNT,MUNICIPALITY,NONMOTR_COUNT,NONMOTR_DEATH_COUNT,NONMOTR_SUSP_SERIOUS_INJ_COUNT,NTFY_HIWY_MAINT,PED_COUNT,PED_DEATH_COUNT,PED_SUSP_SERIOUS_INJ_COUNT,PERSON_COUNT,POLICE_AGCY,POSSIBLE_INJ_COUNT,RDWY_SURF_TYPE_CD,RELATION_TO_ROAD,ROAD_CONDITION,ROADWAY_CLEARED,SCH_BUS_IND,SCH_ZONE_IND,SECONDARY_CRASH,SMALL_TRUCK_COUNT,SPEC_JURIS_CD,SUSP_MINOR_INJ_COUNT,SUSP_SERIOUS_INJ_COUNT,SUV_COUNT,TCD_FUNC_CD,TCD_TYPE,TFC_DETOUR_IND,TIME_OF_DAY,TOT_INJ_COUNT,TOTAL_UNITS,UNB_DEATH_COUNT,UNB_SUSP_SERIOUS_INJ_COUNT,UNBELTED_OCC_COUNT,UNK_INJ_DEG_COUNT,UNK_INJ_PER_COUNT,URBAN_AREA,URBAN_RURAL,VAN_COUNT,VEHICLE_COUNT,WEATHER1,WEATHER2,WORK_ZONE_IND,WORK_ZONE_LOC,WORK_ZONE_TYPE,WORKERS_PRES,WZ_CLOSE_DETOUR,WZ_FLAGGER,WZ_LAW_OFFCR_IND,WZ_LN_CLOSURE,WZ_MOVING,WZ_OTHER,WZ_SHLDER_MDN,WZ_WORKERS_INJ_KILLED
2009065144,2359.0,2,0,0,0,0,0,0,0,0,4,0,,67,5,2009,6,39.9142,-75.1667,2348.0,6,0,0,0,0,1,0,0,0,3.0,0,0,0,22,3,3,0,,2,39 54:51.104,2.0,0,75 10:00.169,8,0,0,0,67301,0,0,0,,0,0,0,3,67301,0,,1,1,,N,N,,0,,0,0,0,0,0,Y,2238,3,2,0,0,0,3,0,3,4,0,2,3,,N,,,,,,,,,,,
2010011578,1500.0,2,0,0,0,0,0,0,0,0,4,0,,67,12,2009,4,39.9328,-75.1864,1443.0,6,0,0,0,0,0,0,1,0,,0,0,0,14,1,0,1,,0,39 55:58.105,,0,75 11:11.075,9,0,0,0,67301,0,0,0,N,0,0,0,2,67301,0,,1,1,,N,N,,0,,0,0,0,3,2,,1415,0,2,0,0,0,0,1,3,4,0,2,3,,N,,,,,,,,,,,
2010003554,2250.0,2,0,0,0,0,0,0,0,0,1,0,,67,12,2009,4,40.0274,-75.1109,2250.0,6,0,0,0,0,0,0,0,0,1.0,0,0,0,22,3,0,0,,1,40 01:38.765,1.0,6,75 06:39.191,0,0,0,0,67301,0,0,0,,0,0,0,2,67301,0,,1,9,,,,,0,,0,0,0,0,0,N,2246,0,2,0,0,0,0,0,3,4,0,2,7,,N,,,,,,,,,,,
2010006289,1009.0,0,0,0,1,0,0,0,0,0,6,0,,67,12,2009,7,40.0005,-75.1687,1007.0,6,0,0,0,0,0,1,0,0,,0,0,0,10,1,1,1,,0,40 00:01.710,,99,75 10:07.395,4,0,0,0,67301,1,0,0,N,0,0,0,2,67301,1,,1,7,,N,N,,0,,0,0,0,0,0,,1005,1,2,0,0,0,0,0,3,4,1,1,10,,N,,,,,,,,,,,
2010006318,1115.0,0,0,0,0,0,0,0,0,0,8,0,,67,12,2009,1,39.9995,-75.1126,1110.0,6,0,0,0,0,0,1,0,0,,0,0,0,11,1,1,0,,0,39 59:58.304,,0,75 06:45.302,4,0,0,0,67301,1,0,0,N,1,0,0,2,67301,1,,1,1,,N,N,,0,,0,0,0,0,0,,1105,1,2,0,0,0,0,0,3,4,1,1,3,,N,,,,,,,,,,,
2010006324,1825.0,2,0,0,0,0,0,0,0,0,4,0,,67,12,2009,3,39.9403,-75.1459,1820.0,6,0,0,0,0,0,1,0,0,,0,0,0,18,3,0,1,,0,39 56:25.083,,0,75 08:45.110,0,0,0,0,67301,0,0,0,,0,0,0,2,67301,0,,1,1,,,,,0,,0,0,0,3,3,,1815,0,2,0,0,0,0,0,3,4,0,2,3,,N,,,,,,,,,,,
2010010635,0.0,0,0,0,0,0,0,1,0,0,1,1,,67,11,2009,5,40.0319,-75.1315,0.0,6,0,0,0,0,0,1,0,0,,0,0,0,9,1,1,1,,0,40 01:54.735,,0,75 07:53.327,8,0,0,0,67301,0,0,0,N,0,0,0,3,00000,0,,1,1,,Y,N,,0,,0,0,1,9,2,,915,1,3,0,0,0,1,1,3,4,0,3,3,,N,,,,,,,,,,,
2010011064,2025.0,2,0,0,0,0,0,0,0,0,1,0,,67,12,2009,4,39.9186,-75.1543,2025.0,6,0,0,0,1,0,0,0,0,,0,0,0,99,3,3,2,,0,39 55:06.837,,0,75 09:15.339,4,0,0,0,67301,0,0,0,N,0,0,0,4,67301,3,,1,2,,N,N,,0,,0,0,0,3,3,,9999,3,2,0,0,0,0,0,3,4,0,2,10,,N,,,,,,,,,,,
2010011127,1101.0,1,0,0,0,0,0,0,0,0,7,0,,67,12,2009,5,39.9228,-75.1891,1052.0,6,0,0,0,0,0,0,0,0,,0,0,0,10,1,0,0,,0,39 55:22.090,,2,75 11:20.750,0,0,0,0,67301,0,0,0,,0,0,0,1,67301,0,,2,2,,N,N,,0,,0,0,0,0,0,,1030,0,1,0,0,0,0,0,3,4,0,1,10,,N,,,,,,,,,,,
2010011190,2040.0,1,0,0,0,0,0,0,0,0,7,0,,67,12,2009,2,40.0675,-75.0089,2040.0,6,0,0,0,0,0,1,0,0,3.0,0,0,0,20,3,0,0,,1,40 04:02.959,5.0,0,75 00:32.009,0,0,0,0,67301,0,0,0,,0,0,0,1,67301,0,,2,1,,,,,0,,0,0,0,0,0,Y,2040,0,1,0,0,0,0,0,3,4,0,1,3,,N,,,,,,,,,,,
2010018304,756.0,1,0,0,0,0,0,0,0,0,4,0,,67,12,2009,3,39.9775,-75.1484,753.0,6,0,0,0,0,0,1,0,0,,0,0,0,99,5,1,1,,0,39 58:38.895,,0,75 08:54.409,4,0,0,0,67301,0,0,0,,0,0,0,3,67301,1,,3,9,,,,,0,,0,0,1,0,0,,9999,1,2,0,0,0,0,0,3,4,0,2,7,,N,,,,,,,,,,,
2010002524,2328.0,1,0,0,0,0,0,0,0,0,7,0,,67,12,2009,1,40.0055,-75.0747,2318.0,6,0,0,0,0,0,0,0,0,,0,0,0,23,3,1,0,,0,40 00:19.342,,2,75 04:29.359,4,0,0,0,67301,0,0,0,Y,0,0,0,2,68K03,1,,2,2,,N,N,,0,,0,0,0,0,0,,2318,1,1,0,0,0,0,0,3,4,0,1,3,,N,,,,,,,,,,,
2010001850,1802.0,0,0,0,0,0,0,0,0,0,1,0,,67,12,2009,3,39.9744,-75.1178,1738.0,6,0,0,0,0,0,1,0,0,,0,0,0,17,3,2,0,,0,39 58:30.720,,0,75 07:00.120,4,0,0,0,67301,0,0,0,N,0,0,0,5,68K01,2,,1,1,,N,N,,0,,0,0,2,0,0,,1733,2,2,0,0,0,0,0,3,4,0,2,3,,N,,,,,,,,,,,
2010006530,1943.0,2,0,0,0,0,0,0,0,0,5,0,,67,12,2009,1,40.0362,-75.0642,1934.0,6,0,0,0,0,0,0,0,0,1.0,0,0,0,19,3,0,1,,1,40 02:10.346,1.0,0,75 03:51.114,0,0,0,0,67301,0,0,0,N,0,0,0,3,67301,0,,1,9,,N,N,,0,,0,0,0,3,2,N,1930,0,2,0,0,0,0,0,3,4,0,2,7,,N,,,,,,,,,,,
2010012393,15.0,1,0,0,0,0,0,0,0,0,7,0,,67,12,2009,4,,,10.0,6,0,0,0,1,0,0,0,0,,0,0,0,0,3,0,3,,0,,,0,,9,0,0,0,67301,0,0,0,N,0,0,0,1,67301,0,,2,1,,N,N,,0,,0,0,0,0,0,,5,0,1,0,0,0,0,1,3,3,0,1,3,,N,,,,,,,,,,,
2010005372,4.0,0,0,0,0,0,0,0,0,0,7,0,,67,12,2009,5,39.9829,-75.2079,2354.0,6,0,0,0,0,0,0,0,0,2.0,0,0,0,23,3,1,0,,1,39 59:02.760,6.0,0,75 12:29.520,4,0,0,0,67301,0,0,0,Y,0,0,0,1,68K01,1,,3,9,,N,N,,1,,0,0,0,0,0,N,2352,1,1,0,0,0,0,0,3,4,0,1,7,,N,,,,,,,,,,,
2010002734,1813.0,1,0,0,0,0,0,0,0,0,8,0,,67,11,2009,1,39.9231,-75.1699,1810.0,6,0,0,0,0,0,0,0,0,,0,0,0,18,3,1,1,,0,39 55:23.512,,0,75 10:11.995,4,0,0,0,67301,1,0,0,N,1,0,0,2,67301,1,,1,1,,N,N,,0,,0,0,0,3,2,,1807,1,2,0,0,0,0,0,3,4,0,1,3,,N,,,,,,,,,,,
2010005591,1700.0,2,0,0,0,0,0,0,0,0,4,0,,67,12,2009,6,39.9563,-75.2135,1652.0,6,0,0,0,0,0,1,0,0,,0,0,0,11,1,2,1,,0,39 57:22.503,,0,75 12:48.657,4,0,0,0,67301,0,0,0,N,0,0,0,3,67301,2,,1,1,,N,N,,0,,0,0,0,3,3,,1141,2,2,0,0,0,0,0,3,4,0,2,3,,N,,,,,,,,,,,
2010005643,1745.0,0,0,0,0,0,0,0,0,0,7,0,,67,11,2009,3,39.9161,-75.2205,1742.0,6,0,0,0,0,0,0,0,0,,0,0,0,17,4,1,0,,0,39 54:55.400,,0,75 13:16.262,8,0,0,0,67301,0,0,0,N,0,0,0,1,67301,0,,3,9,,N,N,,1,,0,0,0,0,0,,1740,1,2,0,0,1,1,0,3,4,1,2,7,,N,,,,,,,,,,,
2010005606,9999.0,3,0,0,0,0,0,0,0,0,4,0,,67,12,2009,6,39.9596,-75.197,1045.0,6,0,0,0,0,0,1,0,0,,0,0,0,10,1,0,1,,0,39 57:34.403,,0,75 11:49.811,0,0,0,0,67301,0,0,0,N,0,0,0,3,67301,0,,1,1,,N,N,,0,,0,0,0,3,2,,1045,0,3,0,0,0,0,0,3,4,0,3,3,,N,,,,,,,,,,,
2010006502,1130.0,1,0,0,0,0,0,0,0,0,4,0,,67,11,2009,6,40.067,-75.1583,1124.0,6,0,0,0,0,0,0,0,0,,0,1,0,11,1,1,5,,0,40 04:01.087,,0,75 09:29.811,4,0,0,0,67301,0,0,0,N,0,0,0,6,67301,1,,1,1,,N,N,,0,,0,0,0,3,2,,1122,1,2,0,0,0,0,0,3,4,0,2,3,,N,,,,,,,,,,,
2009086247,1300.0,0,0,0,0,0,0,0,0,0,8,0,,67,8,2009,7,40.0196,-75.1586,1247.0,6,0,0,0,0,0,0,0,0,,0,0,0,12,1,1,1,,0,40 01:10.729,,0,75 09:31.078,4,0,0,0,67301,1,0,0,,1,0,0,2,67301,1,,1,1,,N,N,,1,,0,0,0,0,0,,1245,1,2,0,0,0,0,0,3,4,0,1,3,,N,,,,,,,,,,,
2009086226,1011.0,1,0,0,0,0,0,1,0,0,5,1,,67,8,2009,2,39.9834,-75.1007,1010.0,6,0,0,0,0,0,0,0,0,,0,0,0,9,1,1,0,,0,39 59:00.151,,0,75 06:02.426,4,0,0,0,67301,0,0,0,,0,0,0,3,67301,1,,1,1,,,,,0,,0,0,0,0,0,,916,1,2,0,0,2,0,0,3,4,0,2,3,,N,,,,,,,,,,,
2009065148,745.0,0,0,0,0,0,0,0,0,0,7,0,,67,4,2009,5,40.1171,-75.0195,735.0,6,0,0,0,0,0,0,0,1,9.0,0,0,0,99,1,1,0,,1,40 07:01.637,2.0,0,75 01:10.128,8,0,0,0,67301,0,0,0,,0,0,0,1,67301,0,,4,1,,,,,0,,0,0,1,0,0,Y,9999,1,1,0,0,0,1,0,3,4,0,1,3,,N,,,,,,,,,,,
2009065137,1336.0,1,0,0,0,0,0,1,0,0,4,1,,67,5,2009,4,39.904,-75.2401,1332.0,6,0,0,0,0,0,1,0,0,9.0,0,0,0,13,1,3,5,,1,39 54:14.563,6.0,0,75 14:24.409,3,0,0,0,67301,0,0,0,N,0,0,0,7,67301,0,,1,1,,N,N,,0,,2,0,0,3,2,N,1331,3,2,0,0,0,1,0,3,4,0,2,3,,N,,,,,,,,,,,
2009059609,1550.0,1,0,0,0,0,0,0,0,0,7,0,,67,5,2009,1,40.0294,-75.189,1545.0,6,0,0,0,0,0,1,0,0,,0,0,0,15,1,0,3,,0,40 01:45.922,,0,75 11:20.353,0,0,0,0,67301,0,0,0,,0,0,0,1,67301,0,,2,9,,,,,0,,0,0,0,0,0,,1545,0,1,0,0,0,0,0,3,4,0,1,7,,N,,,,,,,,,,,
2009038969,9999.0,3,0,0,0,0,0,0,0,0,4,0,,67,2,2009,7,39.9194,-75.1707,1848.0,6,0,0,0,1,0,1,0,0,2.0,0,0,0,18,3,0,1,,1,39 55:09.904,2.0,0,75 10:14.985,0,0,0,0,67301,0,0,0,,0,0,0,2,67301,0,,3,1,,N,N,,0,,0,0,0,3,2,N,1855,0,3,0,0,0,0,0,3,4,0,3,3,,N,,,,,,,,,,,
2009105560,730.0,0,0,0,0,0,0,0,0,0,9,0,,67,10,2009,6,39.9863,-75.2097,655.0,6,0,0,0,0,0,1,0,0,1.0,0,0,0,6,1,1,0,,1,39 59:10.810,4.0,0,75 12:34.760,3,0,0,1,67301,0,0,0,N,0,0,0,1,67301,0,,1,1,,N,N,,0,,1,0,0,0,0,Y,655,1,1,0,0,0,0,0,3,4,0,1,3,,N,,,,,,,,,,,
2009120605,803.0,1,0,0,0,0,0,0,0,0,8,0,,67,10,2009,4,40.0231,-75.0825,757.0,6,0,0,0,0,0,0,0,0,,0,0,0,7,1,1,1,,0,40 01:23.124,,0,75 04:56.859,8,0,0,0,67301,1,0,0,N,1,0,0,2,67301,0,,1,1,,N,N,,0,,0,0,0,0,0,,754,1,2,0,0,0,1,0,3,4,0,1,3,,N,,,,,,,,,,,
2009111177,1005.0,1,0,0,0,0,0,0,0,0,4,0,,67,10,2009,1,40.0507,-75.1486,1003.0,6,0,0,0,0,0,1,0,1,1.0,0,0,0,10,1,1,1,,1,40 03:02.656,1.0,0,75 08:55.144,4,0,0,0,67301,0,0,0,N,0,0,0,4,67301,1,,1,1,,N,N,,1,,0,0,0,3,2,N,1000,1,2,0,0,0,0,0,3,4,0,2,7,,N,,,,,,,,,,,
2009063802,1210.0,2,0,0,0,0,0,0,0,0,6,0,,67,5,2009,6,40.0139,-75.126,1207.0,6,0,0,0,1,0,0,0,0,,0,0,0,12,1,1,1,,0,40 00:49.975,,0,75 07:33.617,4,0,0,0,67301,0,0,0,N,0,0,0,5,67301,1,,1,1,,N,N,,0,,0,0,0,1,2,,1207,1,2,0,0,0,0,0,3,4,0,2,3,,N,,,,,,,,,,,
2009078813,538.0,1,0,0,0,0,0,0,0,0,8,0,,67,6,2009,7,39.9997,-75.099,520.0,6,0,0,0,0,0,0,0,0,,0,0,0,23,3,1,1,,0,39 59:58.827,,0,75 05:56.359,4,0,0,0,67301,1,0,0,N,1,0,0,2,67301,1,,1,1,,N,N,,0,,0,0,0,3,2,,2345,1,2,0,0,0,0,0,3,4,0,1,3,,N,,,,,,,,,,,
2009079264,1917.0,0,0,0,0,0,0,0,0,0,8,0,,67,7,2009,3,40.0228,-75.159,1913.0,6,0,0,0,0,0,0,0,0,,0,0,0,19,1,1,5,,0,40 01:22.061,,0,75 09:32.460,3,0,0,0,67301,1,0,0,,1,0,0,2,67301,0,,1,1,,,,,0,,1,0,0,0,0,,1900,1,2,0,0,0,0,0,3,4,0,1,3,,N,,,,,,,,,,,
2009093011,1756.0,1,0,0,0,0,0,0,0,0,4,0,,67,8,2009,6,40.0338,-75.028,1757.0,6,0,0,1,0,0,0,0,0,,0,0,0,15,1,1,1,,0,40 02:01.784,,0,75 01:40.781,4,0,0,0,67301,0,0,0,,0,0,0,4,67301,1,,1,9,,N,N,,0,,0,0,1,3,3,,1554,1,2,0,0,0,0,0,3,4,0,2,7,,N,,,,,,,,,,,
2009093016,1442.0,1,0,0,1,0,0,0,0,0,4,0,,67,8,2009,1,39.967,-75.2469,1434.0,6,0,0,0,0,0,0,0,0,,0,0,0,14,1,1,0,,0,39 58:01.297,,0,75 14:48.951,4,0,0,0,67301,1,0,0,N,0,0,0,2,67301,1,,1,1,,N,N,,0,,0,0,0,0,0,,1430,1,2,0,0,0,0,0,3,4,0,1,3,,N,,,,,,,,,,,
2009067468,1554.0,1,0,0,0,0,0,0,0,0,8,0,,67,5,2009,3,39.9621,-75.1697,1552.0,6,0,0,0,0,0,0,0,1,,0,0,0,15,1,1,2,,0,39 57:43.398,,0,75 10:10.844,8,0,0,0,67301,1,0,0,N,1,0,0,2,67301,0,,1,1,,N,N,,0,,0,0,0,3,3,,1525,1,2,0,0,0,1,0,3,4,0,1,3,,N,,,,,,,,,,,
2009065823,1108.0,2,0,0,0,0,0,0,0,0,6,0,,67,5,2009,2,40.0077,-75.1028,1106.0,6,0,0,0,0,0,1,0,0,,0,0,0,11,1,2,1,,0,40 00:27.734,,0,75 06:10.133,4,0,0,0,67301,0,0,0,N,0,0,0,3,67301,2,,1,1,,N,Y,,0,,0,0,2,2,2,,1104,2,4,0,0,0,0,0,3,4,0,4,3,,N,,,,,,,,,,,
2009060514,206.0,1,0,0,0,0,0,0,0,0,7,0,,67,5,2009,1,39.9596,-75.1641,201.0,6,0,0,0,0,0,0,0,0,1.0,0,0,0,1,3,0,0,,1,39 57:34.516,4.0,2,75 09:50.782,0,0,0,0,67301,0,0,0,N,0,0,0,2,68K01,0,,4,9,,N,N,,0,,0,0,0,0,0,N,155,0,1,0,0,0,0,0,3,4,0,1,7,,N,,,,,,,,,,,
2009067246,1730.0,2,0,0,0,0,0,0,0,0,1,0,,67,6,2009,7,40.044,-75.1026,1727.0,6,0,0,0,0,0,1,0,0,,0,0,0,17,1,2,1,,0,40 02:38.401,,0,75 06:09.537,4,0,0,0,67301,0,0,0,N,0,0,0,3,67301,2,,1,1,,N,N,,0,,0,0,0,3,2,,1720,2,2,0,0,0,0,0,3,4,0,2,3,,N,,,,,,,,,,,
2009067254,1412.0,0,0,0,0,0,0,0,0,0,8,0,,67,6,2009,5,40.0368,-75.0407,1411.0,6,0,0,1,0,0,0,0,0,,0,0,0,13,1,1,1,,0,40 02:12.142,,0,75 02:27.052,8,0,0,0,67301,1,0,0,N,1,0,0,3,67301,0,,1,9,,N,N,,1,,0,0,0,3,2,,1350,1,2,0,0,0,1,0,3,4,0,1,7,,N,,,,,,,,,,,
2009067032,1205.0,2,0,0,0,0,0,0,0,0,5,0,,67,6,2009,4,,,1205.0,6,0,0,0,0,1,0,0,0,,0,0,0,12,1,0,0,,0,,,0,,0,0,0,0,67301,0,0,0,N,0,0,0,2,67301,0,,1,1,,N,N,,0,,0,0,0,0,0,,1200,0,2,0,0,0,0,0,3,3,0,2,3,,N,,,,,,,,,,,
2009067453,1630.0,0,0,0,0,0,0,0,0,0,5,0,,67,6,2009,6,40.008,-75.0728,1620.0,6,0,0,0,0,0,0,0,0,3.0,0,0,0,16,1,1,0,,2,40 00:28.711,2.0,0,75 04:22.189,4,0,0,0,67301,0,0,0,N,0,0,0,2,67301,1,,1,9,,N,N,,1,,0,0,1,0,0,Y,1620,1,2,0,0,0,0,1,3,4,0,2,7,,N,,,,,,,,,,,
2009067569,1400.0,2,0,0,0,0,0,0,0,0,4,0,,67,5,2009,1,40.0104,-75.0993,1355.0,6,0,0,0,0,0,1,0,0,,0,0,0,13,1,2,1,,0,40 00:37.548,,0,75 05:57.656,4,0,0,0,67301,0,0,0,,0,0,0,3,67301,2,,1,1,,,,,0,,0,0,0,3,2,,1355,2,2,0,0,0,0,0,3,4,0,2,3,,N,,,,,,,,,,,
2009067594,1747.0,0,0,0,0,0,0,0,0,0,8,0,,67,6,2009,5,39.9915,-75.1483,1747.0,6,0,0,0,0,0,0,0,0,,0,0,0,99,8,1,1,,0,39 59:29.371,,0,75 08:53.732,3,0,0,0,67301,1,0,0,,1,0,0,2,67301,0,,1,9,,,,,0,,1,0,1,3,2,,9999,1,2,0,0,0,0,0,3,4,0,1,7,,N,,,,,,,,,,,
2009067596,1523.0,1,0,0,0,0,0,0,0,0,1,0,,67,6,2009,6,39.9898,-75.1255,1521.0,6,0,0,0,1,0,0,0,0,,0,0,0,14,1,1,1,,0,39 59:23.298,,0,75 07:31.934,4,0,0,0,67301,0,0,0,N,0,0,0,3,67301,1,,1,9,,N,N,,0,,0,0,0,3,2,,1430,1,2,0,0,0,0,0,3,4,1,2,7,,N,,,,,,,,,,,
2009120794,1525.0,2,0,0,0,0,0,0,0,0,4,0,,67,10,2009,5,40.1058,-75.0273,1518.0,6,0,0,0,1,0,0,0,0,1.0,0,0,0,15,1,1,0,,1,40 06:21.007,5.0,7,75 01:38.318,8,0,0,0,67301,0,0,0,N,0,0,0,2,67301,0,,1,1,,N,Y,,0,,0,0,0,0,0,N,1515,1,2,0,0,1,1,0,3,4,0,2,3,,N,,,,,,,,,,,
2009120805,9999.0,1,0,0,0,0,0,0,0,0,8,0,,67,10,2009,3,39.954,-75.1595,1443.0,6,0,0,0,0,0,0,0,0,,0,0,0,99,1,1,1,,0,39 57:14.230,,0,75 09:34.171,4,0,0,0,67301,1,0,0,N,1,0,0,2,67301,1,,1,1,,N,N,,0,,0,0,0,9,2,,9999,1,2,0,0,0,0,0,3,4,0,1,3,,N,,,,,,,,,,,
2009118900,47.0,5,0,0,0,0,0,0,0,0,5,0,,67,10,2009,3,40.0608,-75.1482,45.0,6,0,0,0,0,0,0,0,0,4.0,0,0,0,0,3,0,3,,2,40 03:38.772,2.0,0,75 08:53.422,9,0,0,0,67301,0,0,0,N,0,0,0,2,67301,0,,1,1,,N,N,,0,,0,0,1,3,3,Y,20,0,6,0,0,0,0,1,3,4,0,6,3,,N,,,,,,,,,,,
2009106180,1815.0,2,0,0,0,0,0,0,0,0,4,0,,67,9,2009,6,39.941,-75.1779,1810.0,6,0,0,0,0,0,0,0,0,,0,0,0,17,1,4,1,,0,39 56:27.488,,0,75 10:40.342,3,0,0,0,67301,0,0,0,,0,0,0,4,67301,3,,1,1,,,N,,0,,1,0,0,3,3,,1740,4,2,0,0,0,0,0,3,4,0,2,3,,N,,,,,,,,,,,
2009120820,641.0,1,0,0,0,0,0,0,0,0,7,0,,67,10,2009,4,39.9741,-75.2043,638.0,6,0,0,0,0,0,0,0,0,,0,0,0,6,1,0,1,,0,39 58:26.859,,0,75 12:15.536,0,0,0,0,67301,0,0,0,N,0,0,0,1,67301,0,,3,1,,N,N,,0,,0,0,0,0,0,,630,0,1,0,0,0,0,0,3,4,0,1,3,,N,,,,,,,,,,,
2009093652,1240.0,0,0,0,1,0,0,0,0,0,5,0,,67,7,2009,1,39.9555,-75.1984,1240.0,6,0,0,0,0,0,0,0,0,,0,0,0,14,1,1,0,,0,39 57:19.702,,0,75 11:54.225,3,0,0,0,67301,1,0,0,N,0,0,0,2,67301,0,,6,1,,N,N,,0,,1,0,1,0,0,,1430,1,2,0,0,0,0,1,3,4,0,1,3,,N,,,,,,,,,,,
2009054324,9999.0,1,0,0,0,0,0,0,0,0,8,0,,67,4,2009,3,40.016,-75.0792,9999.0,6,0,0,0,0,0,0,0,0,,0,0,0,2,6,1,1,,0,40 00:57.664,,0,75 04:44.997,3,0,0,0,67301,1,0,0,N,1,0,0,3,67301,0,,1,1,,N,N,,0,,1,0,0,2,3,,230,1,2,0,0,0,0,0,3,4,0,1,99,,N,,,,,,,,,,,
2009054465,1405.0,2,0,0,0,0,0,0,0,0,4,0,,67,4,2009,4,40.0423,-75.1273,1358.0,6,0,0,0,0,0,1,0,0,,0,0,0,13,1,1,1,,0,40 02:32.384,,0,75 07:38.272,8,0,0,0,67301,0,0,0,N,0,0,0,2,67301,0,,1,9,,N,N,,0,,0,0,0,2,3,,1340,1,2,0,0,0,1,0,3,4,0,2,7,,N,,,,,,,,,,,
2009054361,1355.0,4,0,0,0,0,0,0,0,0,4,0,,67,4,2009,4,40.0047,-75.1769,1348.0,6,0,0,1,0,0,0,0,0,,0,0,0,13,1,0,1,,0,40 00:16.920,,0,75 10:36.840,0,0,0,0,67301,0,0,0,N,0,0,0,5,67301,0,,1,9,,N,Y,,0,,0,0,0,3,2,,1340,0,4,0,0,5,0,0,3,4,0,4,7,,N,,,,,,,,,,,
2009054472,1630.0,1,0,0,0,0,0,0,0,0,8,0,,67,4,2009,6,39.9863,-75.1318,1345.0,6,0,0,0,0,0,0,0,0,,0,0,0,13,1,1,1,,0,39 59:10.777,,0,75 07:54.659,8,0,0,0,67301,1,0,0,,1,0,0,2,67301,0,,4,1,,N,N,,0,,0,0,0,3,2,,1345,1,2,0,0,0,1,0,3,4,0,1,3,,N,,,,,,,,,,,
2009054497,1624.0,2,0,0,0,0,0,0,0,0,4,0,,67,5,2009,6,40.0313,-75.0662,1621.0,6,0,0,0,0,0,0,0,0,,0,0,0,16,1,1,1,,0,40 01:52.664,,0,75 03:58.343,4,0,0,0,67301,0,0,0,,0,0,0,3,67301,1,,1,9,,,,,0,,0,0,0,3,3,,1600,1,2,0,0,0,0,0,3,4,0,2,7,,N,,,,,,,,,,,
2009086106,801.0,2,0,0,0,0,0,0,0,0,1,0,,67,7,2009,4,40.0844,-74.9685,756.0,6,0,0,0,0,0,0,0,0,,0,0,0,7,1,2,0,,0,40 05:03.899,,0,74 58:06.532,3,0,0,0,67301,0,0,0,,0,0,0,4,67301,0,,1,1,,,,,0,,1,0,1,0,0,,732,2,3,0,0,0,1,0,3,4,0,3,3,,N,,,,,,,,,,,
2009086265,148.0,3,0,0,0,0,0,0,0,0,5,0,,67,8,2009,2,40.0479,-75.1427,139.0,6,0,0,0,0,1,0,0,0,,0,0,0,1,3,1,0,,0,40 02:52.533,,0,75 08:33.671,8,0,0,0,67301,1,0,0,N,0,0,0,2,67301,0,,1,1,,N,N,,0,,0,0,1,0,0,,148,1,4,0,0,1,1,0,3,4,0,4,3,,N,,,,,,,,,,,
2009071007,719.0,2,0,0,0,0,0,0,0,0,1,0,,67,6,2009,3,39.9594,-75.1744,709.0,6,0,0,0,0,0,0,0,0,,0,0,0,7,1,0,0,,0,39 57:34.251,,0,75 10:29.793,0,0,0,0,67301,0,0,0,N,0,0,0,2,68K01,0,,1,1,,N,N,,0,,0,0,0,0,0,,706,0,2,0,0,0,0,0,3,4,0,2,3,,N,,,,,,,,,,,
2009068525,815.0,1,0,0,0,0,0,0,0,0,8,0,,67,6,2009,2,39.9544,-75.1631,810.0,6,0,0,0,0,0,0,0,0,,0,0,0,8,1,1,1,,0,39 57:15.869,,0,75 09:47.496,4,0,0,0,67301,1,0,0,,1,0,0,2,67301,1,,1,1,,,,,0,,0,0,0,3,2,,805,1,2,0,0,0,0,0,3,4,0,1,3,,N,,,,,,,,,,,