CRN,ARRIVAL_TM,AUTOMOBILE_COUNT,BELTED_DEATH_COUNT,BELTED_SUSP_SERIOUS_INJ_COUNT,BICYCLE_COUNT,BICYCLE_DEATH_COUNT,BICYCLE_SUSP_SERIOUS_INJ_COUNT,BUS_COUNT,CHLDPAS_DEATH_COUNT,CHLDPAS_SUSP_SERIOUS_INJ_COUNT,COLLISION_TYPE,COMM_VEH_COUNT,CONS_ZONE_SPD_LIM,COUNTY,CRASH_MONTH,CRASH_YEAR,DAY_OF_WEEK,DEC_LAT,DEC_LONG,DISPATCH_TM,DISTRICT,DRIVER_COUNT_16YR,DRIVER_COUNT_17YR,DRIVER_COUNT_18YR,DRIVER_COUNT_19YR,DRIVER_COUNT_20YR,DRIVER_COUNT_50_64YR,DRIVER_COUNT_65_74YR,DRIVER_COUNT_75PLUS,EST_HRS_CLOSED,FATAL_COUNT,HEAVY_TRUCK_COUNT,HORSE_BUGGY_COUNT,HOUR_OF_DAY,ILLUMINATION,INJURY_COUNT,INTERSECT_TYPE,INTERSECTION_RELATED,LANE_CLOSED,LATITUDE,LN_CLOSE_DIR,LOCATION_TYPE,LONGITUDE,MAX_SEVERITY_LEVEL,MCYCLE_DEATH_COUNT,MCYCLE_SUSP_SERIOUS_INJ_COUNT,MOTORCYCLE_COUNT,MUNICIPALITY,NONMOTR_COUNT,NONMOTR_DEATH_COUNT,NONMOTR_SUSP_SERIOUS_INJ_COUNT,NTFY_HIWY_MAINT,PED_COUNT,PED_DEATH_COUNT,PED_SUSP_SERIOUS_INJ_COUNT,PERSON_COUNT,POLICE_AGCY,POSSIBLE_INJ_COUNT,RDWY_SURF_TYPE_CD,RELATION_TO_ROAD,ROAD_CONDITION,ROADWAY_CLEARED,SCH_BUS_IND,SCH_ZONE_IND,SECONDARY_CRASH,SMALL_TRUCK_COUNT,SPEC_JURIS_CD,SUSP_MINOR_INJ_COUNT,SUSP_SERIOUS_INJ_COUNT,SUV_COUNT,TCD_FUNC_CD,TCD_TYPE,TFC_DETOUR_IND,TIME_OF_DAY,TOT_INJ_COUNT,TOTAL_UNITS,UNB_DEATH_COUNT,UNB_SUSP_SERIOUS_INJ_COUNT,UNBELTED_OCC_COUNT,UNK_INJ_DEG_COUNT,UNK_INJ_PER_COUNT,URBAN_AREA,URBAN_RURAL,VAN_COUNT,VEHICLE_COUNT,WEATHER1,WEATHER2,WORK_ZONE_IND,WORK_ZONE_LOC,WORK_ZONE_TYPE,WORKERS_PRES,WZ_CLOSE_DETOUR,WZ_FLAGGER,WZ_LAW_OFFCR_IND,WZ_LN_CLOSURE,WZ_MOVING,WZ_OTHER,WZ_SHLDER_MDN,WZ_WORKERS_INJ_KILLED
2009073821,1650.0,2,0,0,0,0,0,0,0,0,1,0,,67,7,2009,1,39.9804,-75.2054,1650.0,6,0,0,0,0,0,0,0,0,,0,0,0,16,1,2,0,,0,39 58:52.320,,0,75 12:23.760,4,0,0,0,67301,0,0,0,N,0,0,0,10,68K01,2,,1,1,,N,N,,0,,0,0,1,0,0,,1645,2,3,0,0,0,0,0,3,4,0,3,3,,N,,,,,,,,,,,
2009071379,452.0,2,0,0,0,0,0,0,0,0,1,0,,67,6,2009,1,40.025,-75.1095,407.0,6,0,0,0,0,0,0,0,0,,0,0,0,4,3,1,0,,0,40 01:29.987,,0,75 06:34.186,4,0,0,0,67301,0,0,0,,0,0,0,1,67301,1,,3,9,,,,,0,,0,0,0,0,0,,400,1,2,0,0,0,0,0,3,4,0,2,3,,N,,,,,,,,,,,
2010006280,1525.0,0,0,0,0,0,0,0,0,0,4,0,,67,12,2009,2,39.969,-75.2373,1515.0,6,0,0,0,0,0,0,0,0,,0,0,0,15,1,2,1,,0,39 58:08.337,,0,75 14:14.074,8,0,0,0,67301,0,0,0,N,0,0,0,2,67301,0,,1,1,,N,N,,1,,0,0,1,3,2,,1515,2,2,0,0,0,2,0,3,4,0,2,3,,N,,,,,,,,,,,
2010006316,1656.0,2,0,0,0,0,0,0,0,0,1,0,,67,12,2009,5,40.0392,-75.1917,1654.0,6,0,0,0,0,0,0,0,0,,0,0,0,16,3,0,1,,0,40 02:20.972,,0,75 11:30.209,9,0,0,0,67301,0,0,0,N,0,0,0,3,67301,0,,1,1,,N,N,,0,,0,0,1,2,2,,1650,0,3,0,0,0,0,1,3,4,0,3,3,,N,,,,,,,,,,,
2010004869,1749.0,1,0,0,0,0,0,0,0,0,1,0,,67,12,2009,4,40.0078,-75.202,1748.0,6,0,0,0,0,0,0,0,0,1.0,0,0,0,17,3,1,0,,1,40 00:27.612,3.0,0,75 12:05.642,4,0,0,0,67301,0,0,0,N,0,0,0,5,68K02,1,,1,1,,N,N,,0,,0,0,1,0,0,N,1739,1,2,0,0,0,0,0,3,4,0,2,3,,N,,,,,,,,,,,
2010007661,2003.0,1,0,0,0,0,0,0,0,0,1,0,,67,12,2009,5,39.9491,-75.1848,1954.0,6,0,0,0,0,0,1,0,0,2.0,0,0,0,19,2,0,0,,2,39 56:59.156,4.0,0,75 11:01.955,0,0,0,0,67301,0,0,0,N,0,0,0,3,68K01,0,,1,1,,N,N,,0,,0,0,1,0,0,N,1949,0,3,0,0,0,0,0,3,4,1,3,3,,N,,,,,,,,,,,
2010010682,0.0,1,0,0,0,0,0,0,0,0,1,0,,67,8,2009,2,39.9949,-75.0836,0.0,6,0,0,0,0,0,1,0,0,,0,0,0,17,1,1,0,,0,39 59:41.979,,0,75 05:00.672,8,0,0,0,67301,0,0,0,N,0,0,0,2,00000,0,,1,1,,N,N,,0,,0,0,0,0,0,,1720,1,2,0,0,0,1,1,3,4,0,2,3,,N,,,,,,,,,,,
2010011075,1705.0,2,0,0,0,0,0,0,0,0,4,0,,67,12,2009,7,40.0992,-74.9782,1700.0,6,0,0,0,0,0,0,0,0,,0,0,0,16,3,1,2,,0,40 05:57.217,,0,74 58:41.404,4,0,0,0,67301,0,0,0,,0,0,0,2,67301,1,,1,9,,,,,0,,0,0,0,3,2,,1630,1,2,0,0,0,0,1,3,4,0,2,7,,N,,,,,,,,,,,
2010011077,1312.0,2,0,0,0,0,0,0,0,0,5,0,,67,12,2009,5,39.9665,-75.2077,1310.0,6,0,0,0,0,0,1,0,0,,0,0,0,13,1,1,0,,0,39 57:59.199,,0,75 12:27.506,8,0,0,0,67301,0,0,0,N,0,0,0,2,67301,0,,1,9,,N,N,,0,,0,0,0,0,0,,1305,1,3,0,0,0,1,0,3,4,0,3,7,,N,,,,,,,,,,,
2010011433,756.0,0,0,0,0,0,0,0,0,0,8,0,,67,12,2009,6,39.9478,-75.2295,752.0,6,0,0,0,0,0,1,0,0,,0,0,0,7,1,1,1,,0,39 56:52.009,,0,75 13:46.191,8,0,0,0,67301,1,0,0,N,1,0,0,3,67301,0,,1,1,,N,Y,,0,,0,0,0,3,2,,750,1,2,0,0,0,1,0,3,4,1,1,3,,N,,,,,,,,,,,
2010020097,229.0,2,0,0,0,0,0,0,0,0,4,0,,67,12,2009,7,39.9587,-75.1688,227.0,6,0,0,0,0,0,1,0,0,9.0,0,0,0,2,3,5,1,,2,39 57:31.990,1.0,0,75 10:07.611,2,0,0,0,67301,1,0,1,N,1,0,1,9,67301,0,,1,1,,N,N,,0,,0,1,0,3,2,Y,227,5,3,0,0,0,4,4,3,4,0,2,3,,N,,,,,,,,,,,
2010021637,1200.0,1,0,0,0,0,0,0,0,0,8,0,,67,2,2009,6,39.9122,-75.2431,1155.0,6,0,0,0,0,0,1,0,0,,0,0,0,11,1,1,0,,0,39 54:43.909,,0,75 14:35.183,8,0,0,0,67301,1,0,0,,1,0,0,3,67301,0,,2,1,,,,,0,,0,0,0,0,0,,1150,1,2,0,0,0,1,0,3,4,0,1,3,,N,,,,,,,,,,,
2010039237,2300.0,1,0,0,0,0,0,0,0,0,4,0,,67,12,2009,4,40.0403,-75.0789,2252.0,6,0,1,0,0,0,0,0,0,,0,0,0,22,3,3,1,,0,40 02:24.921,,0,75 04:44.246,3,0,0,0,67301,0,0,0,,0,0,0,3,67301,0,,1,9,,,,,1,,2,0,0,3,2,,2250,3,2,0,0,0,1,0,3,4,0,2,7,,N,,,,,,,,,,,
2010002916,614.0,0,0,0,0,0,0,0,0,0,8,0,,67,11,2009,4,40.0176,-75.065,610.0,6,0,0,0,0,0,0,0,0,,0,0,0,5,5,1,1,,0,40 01:03.302,,0,75 03:54.743,4,0,0,0,67301,1,0,0,N,1,0,0,2,67301,1,,1,9,,N,N,,1,,0,0,0,9,2,,538,1,2,0,0,0,0,0,3,4,0,1,7,,N,,,,,,,,,,,
2010003071,1640.0,3,0,0,0,0,0,0,0,0,4,0,,67,11,2009,1,39.9758,-75.2266,1640.0,6,0,0,0,0,0,1,0,0,,0,0,0,14,1,1,2,,0,39 58:32.806,,0,75 13:35.928,4,0,0,0,67301,0,0,0,N,0,0,0,7,67301,1,,1,1,,N,N,,0,,0,0,0,3,3,,1402,1,3,0,0,0,0,1,3,4,0,3,3,,N,,,,,,,,,,,
2010002809,1715.0,2,0,0,0,0,0,0,0,0,1,0,,67,11,2009,7,39.9787,-75.1578,1710.0,6,0,0,0,0,0,1,0,0,,0,0,0,5,1,1,1,,0,39 58:43.230,,0,75 09:28.092,8,0,0,0,67301,0,0,0,,0,0,0,2,67301,0,,1,1,,N,N,,0,,0,0,0,3,2,,510,1,2,0,0,0,1,0,3,4,0,2,3,,N,,,,,,,,,,,
2010006505,1104.0,0,0,0,0,0,0,0,0,0,8,0,,67,12,2009,6,40.0303,-75.1318,1104.0,6,0,0,0,0,0,0,1,0,,0,0,0,10,1,1,1,,0,40 01:49.177,,0,75 07:54.609,4,0,0,0,67301,1,0,0,N,1,0,0,2,67301,1,,1,1,,N,N,,1,,0,0,0,3,2,,1041,1,2,0,0,0,0,0,3,4,0,1,3,,N,,,,,,,,,,,
2009111139,840.0,1,0,0,0,0,0,0,0,0,4,0,,67,9,2009,5,40.0068,-75.2145,822.0,6,0,0,0,0,0,0,0,0,,0,0,0,8,1,1,0,,0,40 00:24.403,,0,75 12:52.202,4,0,0,0,67301,0,0,0,N,0,0,0,3,67301,1,,1,1,,N,N,,0,,0,0,1,3,2,,808,1,2,0,0,0,0,0,3,4,0,2,3,,N,,,,,,,,,,,
2009121142,210.0,0,0,0,0,0,0,0,0,0,1,0,,67,10,2009,7,40.0119,-75.2049,205.0,6,0,0,0,0,0,1,0,0,,0,0,0,2,3,0,6,,0,40 00:39.639,,2,75 12:22.116,0,0,0,0,67301,0,0,0,N,0,0,0,2,67301,0,,7,1,,N,N,,0,,0,0,2,3,3,,200,0,2,0,0,0,0,0,3,4,0,2,3,,N,,,,,,,,,,,
2009111615,333.0,2,0,0,0,0,0,0,0,0,1,0,,67,9,2009,1,39.9802,-75.1575,330.0,6,0,0,0,0,0,1,0,0,,0,0,0,3,3,1,1,,0,39 58:48.767,,0,75 09:26.884,4,0,0,0,67301,0,0,0,N,0,0,0,1,67301,1,,1,1,,N,N,,0,,0,0,0,3,2,,325,1,2,0,0,0,0,0,3,4,0,2,3,,N,,,,,,,,,,,
2009093642,955.0,1,0,1,0,0,0,0,0,0,4,0,,67,8,2009,7,40.0233,-75.1258,948.0,6,0,0,0,0,0,1,0,0,,0,0,0,9,1,1,1,,0,40 01:23.930,,0,75 07:32.757,2,0,0,0,67301,0,0,0,,0,0,0,2,67301,0,,1,9,,,,,1,,0,1,0,3,3,,930,1,2,0,0,0,0,0,3,4,0,2,7,,N,,,,,,,,,,,
2009054304,805.0,1,0,0,0,0,0,0,0,0,4,1,,67,5,2009,2,40.0279,-75.1065,757.0,6,0,0,0,0,0,1,0,0,9.0,0,1,0,7,1,1,2,,1,40 01:40.435,1.0,0,75 06:23.320,4,0,0,0,67301,0,0,0,N,0,0,0,2,67301,1,,1,9,,N,N,,0,,0,0,0,3,2,N,739,1,2,0,0,0,0,0,3,4,0,2,7,,N,,,,,,,,,,,
2009054322,1325.0,2,0,0,0,0,0,0,0,0,6,0,,67,4,2009,4,40.0475,-75.0919,1323.0,6,0,0,0,0,0,1,0,0,,0,0,0,13,1,2,1,,0,40 02:50.956,,0,75 05:30.725,8,0,0,0,67301,0,0,0,N,0,0,0,2,67301,0,,1,1,,N,N,,0,,0,0,0,2,2,,1320,2,2,0,0,0,2,0,3,4,0,2,3,,N,,,,,,,,,,,
2009054331,1856.0,1,0,0,0,0,0,0,0,0,4,0,,67,4,2009,4,40.0698,-75.1606,1855.0,6,0,0,0,0,0,1,0,0,,0,0,0,18,4,2,5,,0,40 04:11.308,,0,75 09:38.084,8,0,0,0,67301,0,0,0,N,0,0,0,6,67301,0,,1,1,,N,N,,0,,0,0,1,3,3,,1853,2,2,0,0,0,2,1,3,4,0,2,3,,N,,,,,,,,,,,
2009054347,58.0,2,0,0,0,0,0,0,0,0,4,0,,67,5,2009,1,40.0092,-75.069,55.0,6,0,0,0,0,0,0,0,1,1.0,0,0,0,0,3,3,1,,1,40 00:33.068,3.0,0,75 04:08.444,4,0,0,0,67301,0,0,0,N,0,0,0,4,67301,3,,1,1,,N,N,,0,,0,0,0,3,2,Y,50,3,2,0,0,0,0,0,3,4,0,2,3,,N,,,,,,,,,,,
2009088589,2311.0,2,0,0,0,0,0,0,0,0,1,0,,67,8,2009,2,39.9563,-75.1806,2307.0,6,0,0,0,0,0,0,0,0,1.0,0,0,0,22,3,2,0,,2,39 57:28.080,3.0,0,75 10:49.080,3,0,0,0,67301,0,0,0,N,0,0,0,4,68K01,1,,1,1,,N,N,,0,,1,0,0,0,0,N,2258,2,2,0,0,2,0,0,3,4,0,2,3,,N,,,,,,,,,,,
2009054689,2238.0,0,0,0,0,0,0,1,0,0,4,1,,67,4,2009,7,39.979,-75.1602,2235.0,6,0,0,0,0,0,0,0,0,,0,0,0,22,3,5,1,,0,39 58:44.355,,0,75 09:36.809,3,0,0,0,67301,0,0,0,N,0,0,0,10,67301,1,,1,1,,N,N,,0,,3,0,0,0,0,,2233,5,2,0,0,0,1,3,3,4,1,2,3,,N,,,,,,,,,,,
2009086155,1747.0,1,0,0,0,0,0,0,0,0,5,0,,67,8,2009,2,39.9292,-75.1528,1745.0,6,0,0,0,0,0,0,0,0,,0,0,0,99,1,1,0,,0,39 55:45.213,,0,75 09:09.978,4,0,0,1,67301,0,0,0,,0,0,0,1,67301,1,,2,1,,,,,0,,0,0,0,0,0,,9999,1,2,0,0,0,0,0,3,4,0,2,3,,N,,,,,,,,,,,
2009086175,1915.0,0,0,0,0,0,0,0,0,0,8,0,,67,7,2009,5,39.9931,-75.1294,1911.0,6,0,0,0,0,0,1,0,0,,0,0,0,19,1,1,0,,0,39 59:35.124,,0,75 07:45.778,4,0,0,0,67301,1,0,0,,1,0,0,2,67301,1,,1,1,,,,,1,,0,0,0,0,0,,1905,1,2,0,0,0,0,0,3,4,0,1,3,,N,,,,,,,,,,,
2009086203,1059.0,0,0,0,0,0,0,0,0,0,8,0,,67,7,2009,3,39.9173,-75.2138,1052.0,6,0,0,0,0,0,0,0,0,,0,0,0,10,1,1,0,,0,39 55:02.314,,0,75 12:49.172,4,0,0,0,67301,1,0,0,N,1,0,0,2,67301,1,,3,1,,N,N,,1,,0,0,0,0,0,,1050,1,2,0,0,0,0,0,3,4,0,1,3,,N,,,,,,,,,,,
2009083637,1720.0,1,0,0,1,0,0,0,0,0,5,0,,67,7,2009,7,39.9628,-75.2467,1715.0,6,0,0,0,0,0,0,0,0,,0,0,0,17,1,1,0,,0,39 57:45.912,,0,75 14:48.135,3,0,0,0,67301,1,0,0,N,0,0,0,2,67301,0,,1,1,,N,N,,0,,1,0,0,0,0,,1710,1,2,0,0,0,0,1,3,4,0,1,3,,N,,,,,,,,,,,
2009083640,1833.0,2,0,0,0,0,0,0,0,0,4,0,,67,7,2009,3,39.9247,-75.1562,1829.0,6,0,0,0,0,0,1,0,0,,0,0,0,18,1,2,1,,0,39 55:28.873,,0,75 09:22.287,4,0,0,0,67301,0,0,0,N,0,0,0,3,67301,2,,1,1,,N,N,,0,,0,0,0,0,0,,1825,2,2,0,0,3,0,0,3,4,0,2,3,,N,,,,,,,,,,,
2009083643,1935.0,1,0,0,0,0,0,0,0,0,5,0,,67,7,2009,4,39.9792,-75.1375,1930.0,6,0,0,0,0,0,0,0,0,,0,0,0,19,1,1,2,,0,39 58:44.958,,0,75 08:14.888,3,0,0,0,67301,0,0,0,,0,0,0,3,67301,0,,1,1,,,,,1,,1,0,0,3,2,,1930,1,2,0,0,0,0,0,3,4,0,2,3,,N,,,,,,,,,,,
2009068466,1040.0,0,0,0,1,0,0,0,0,0,4,0,,67,6,2009,5,39.9866,-75.0944,1040.0,6,0,0,0,0,0,0,0,0,,0,0,0,10,1,1,1,,0,39 59:11.923,,0,75 05:39.698,4,0,0,0,67301,1,0,0,N,0,0,0,4,67301,1,,1,9,,N,N,,0,,0,0,1,3,2,,1035,1,2,0,0,3,0,0,3,4,0,1,3,,N,,,,,,,,,,,
2010003280,1615.0,2,0,0,0,0,0,0,0,0,4,0,,67,11,2009,7,39.9566,-75.2419,1613.0,6,0,0,0,0,0,1,0,1,,0,0,0,15,1,2,1,,0,39 57:23.616,,0,75 14:30.901,4,0,0,0,67301,0,0,0,N,0,0,0,4,67301,1,,1,1,,N,N,,0,,0,0,0,3,2,,1524,2,2,0,0,0,1,2,3,4,0,2,3,,N,,,,,,,,,,,
2010006262,550.0,3,0,0,0,0,0,0,0,0,5,0,,67,12,2009,7,39.9558,-75.2162,538.0,6,0,0,0,0,0,0,0,0,,0,0,0,5,3,0,0,,0,39 57:20.921,,0,75 12:58.291,0,0,0,0,67301,0,0,0,N,0,0,0,0,67301,0,,1,1,,N,N,,0,,0,0,0,0,0,,537,0,4,0,0,0,0,0,3,4,1,4,3,,N,,,,,,,,,,,
2010011068,1629.0,2,0,0,0,0,0,0,0,0,4,0,,67,12,2009,5,39.9774,-75.2271,1629.0,6,0,0,0,0,0,0,0,0,,0,0,0,16,1,3,1,,0,39 58:38.507,,7,75 13:37.478,4,0,0,0,67301,0,0,0,N,0,0,0,5,67301,3,,1,6,,N,N,,0,,0,0,0,3,2,,1625,3,2,0,0,0,0,0,3,4,0,2,3,,N,,,,,,,,,,,
2010011444,1550.0,2,0,0,0,0,0,0,0,0,1,0,,67,12,2009,6,40.02,-75.1509,1546.0,6,0,0,0,0,0,0,0,0,1.0,0,0,0,15,1,0,0,,2,40 01:11.922,3.0,0,75 09:03.241,0,0,0,0,67301,0,0,0,N,0,0,0,5,67301,0,,1,9,,,N,,0,,0,0,1,3,8,N,1546,0,3,0,0,0,0,0,3,4,0,3,7,,N,,,,,,,,,,,
2010017049,1751.0,1,0,0,0,0,0,0,0,0,8,0,,67,12,2009,1,39.9216,-75.2401,1749.0,6,0,0,0,0,0,0,0,0,,0,0,0,17,3,1,2,,0,39 55:17.742,,0,75 14:24.338,3,0,0,0,67301,1,0,0,N,1,0,0,3,67301,0,,1,1,,N,N,,0,,1,0,0,0,0,,1747,1,2,0,0,0,0,0,3,4,0,1,3,,N,,,,,,,,,,,
2010018663,1321.0,1,0,0,0,0,0,0,0,0,5,0,,67,12,2009,4,39.9495,-75.2093,1319.0,6,0,0,0,0,0,1,0,0,,0,0,0,13,1,1,1,,0,39 56:58.377,,0,75 12:33.311,4,0,0,0,67301,0,0,0,N,0,0,0,2,67301,1,,1,2,,N,N,,0,,0,0,1,3,2,,1318,1,2,0,0,0,0,0,3,4,0,2,10,,N,,,,,,,,,,,
2010018664,104.0,3,0,0,0,0,0,0,0,0,1,0,,67,12,2009,7,40.0501,-75.1264,102.0,6,0,0,0,0,0,0,0,0,,0,0,0,0,3,1,0,,0,40 03:00.363,,0,75 07:35.140,4,0,0,0,67301,0,0,0,N,0,0,0,1,67301,1,,6,1,,N,N,,0,,0,0,0,3,2,,59,1,3,0,0,0,0,0,3,4,0,3,3,,N,,,,,,,,,,,
2010005627,1354.0,2,0,0,0,0,0,0,0,0,4,0,,67,12,2009,4,39.9329,-75.1487,1353.0,6,0,0,0,0,0,1,1,0,,0,0,0,13,1,1,1,,0,39 55:58.508,,0,75 08:55.373,8,0,0,0,67301,0,0,0,N,0,0,0,4,67301,0,,1,1,,N,N,,0,,0,0,0,3,2,,1353,1,2,0,0,0,1,0,3,4,0,2,3,,N,,,,,,,,,,,
2010002807,2048.0,2,0,0,0,0,0,0,0,0,1,0,,67,12,2009,5,39.9364,-75.1421,2046.0,6,0,0,0,0,0,1,2,0,,0,0,0,20,3,1,0,,0,39 56:11.125,,0,75 08:31.481,4,0,0,0,67301,0,0,0,,0,0,0,5,67301,1,,1,1,,N,N,,0,,0,0,1,0,0,,2040,1,3,0,0,0,0,0,3,4,0,3,3,,N,,,,,,,,,,,
2010005744,1610.0,2,0,0,0,0,0,0,0,0,4,0,,67,10,2009,7,40.0272,-75.1512,1603.0,6,0,0,0,0,0,0,0,0,,0,0,0,15,1,2,1,,0,40 01:37.801,,0,75 09:04.478,4,0,0,0,67301,1,0,0,N,1,0,0,3,67301,2,,1,9,,N,N,,0,,0,0,0,3,2,,1539,2,3,0,0,0,0,0,3,4,0,2,7,,N,,,,,,,,,,,
2010084583,9999.0,2,0,0,0,0,0,0,0,0,1,0,,67,9,2009,4,39.9912,-75.1338,9999.0,6,0,0,0,0,0,1,0,0,,0,0,0,10,1,2,1,,0,39 59:28.722,,0,75 08:01.720,8,0,0,0,67301,0,0,0,N,0,0,0,2,67301,0,,1,1,,N,N,,0,,0,0,0,3,3,,1046,2,2,0,0,0,2,0,3,4,0,2,3,,N,,,,,,,,,,,
2010002800,200.0,2,0,0,0,0,0,0,0,0,4,0,,67,11,2009,5,40.0564,-75.029,145.0,6,0,0,0,0,0,1,0,0,,0,0,0,1,3,1,10,,0,40 03:23.087,,0,75 01:44.916,8,0,0,0,67301,0,0,0,N,0,0,0,4,67301,0,,1,9,,N,N,,0,,0,0,0,3,2,,130,1,2,0,0,0,1,0,3,4,0,2,7,5.0,N,,,,,,,,,,,
2010006335,828.0,2,0,0,0,0,0,0,0,0,1,0,,67,12,2009,3,40.0773,-75.1964,818.0,6,0,0,0,0,0,0,0,0,,0,0,0,8,1,0,2,,0,40 04:38.167,,0,75 11:47.194,9,0,0,0,67301,0,0,0,N,0,0,0,2,67301,0,,1,9,,N,N,,0,,0,0,0,3,3,,800,0,2,0,0,0,0,1,3,4,0,2,10,,N,,,,,,,,,,,
2009111137,1545.0,1,0,0,0,0,0,0,0,0,5,1,,67,9,2009,5,40.1047,-75.0018,1545.0,6,0,0,0,0,0,2,0,0,1.0,0,1,0,15,1,0,0,,1,40 06:16.873,4.0,0,75 00:06.486,0,0,0,0,67301,0,0,0,N,0,0,0,2,67301,0,,1,1,,N,N,,0,,0,0,0,0,0,N,1538,0,2,0,0,0,0,0,3,4,0,2,3,,N,,,,,,,,,,,
2009069690,1923.0,2,0,0,0,0,0,0,0,0,4,0,,67,6,2009,4,40.0074,-75.1252,1922.0,6,0,0,0,0,1,0,0,0,,0,0,0,19,4,2,2,,0,40 00:26.789,,0,75 07:30.615,4,0,0,0,67301,0,0,0,N,0,0,0,5,67301,2,,1,1,,N,N,,0,,0,0,0,3,2,,1900,2,2,0,0,0,0,0,3,4,0,2,3,,N,,,,,,,,,,,
2009056476,1144.0,1,0,0,0,0,0,0,0,0,8,0,,67,5,2009,1,40.0326,-75.0804,1144.0,6,0,0,0,0,0,0,0,1,1.0,0,0,0,11,1,1,0,,1,40 01:57.267,1.0,0,75 04:49.940,4,0,0,0,67301,1,0,0,N,1,0,0,2,67301,1,,1,9,,N,N,,0,,0,0,0,3,2,N,1144,1,2,0,0,0,0,0,3,4,0,1,7,,N,,,,,,,,,,,
2009093017,2100.0,2,0,0,0,0,0,0,0,0,1,0,,67,8,2009,4,40.0046,-75.2192,2056.0,6,0,0,0,0,0,0,0,0,,0,0,0,20,3,1,2,,0,40 00:16.483,,0,75 13:09.112,4,0,0,0,67301,0,0,0,N,0,0,0,2,67301,1,,1,1,,N,N,,0,,0,0,0,0,0,,2056,1,2,0,0,0,0,1,3,4,0,2,3,,N,,,,,,,,,,,
2009118906,2009.0,1,0,0,0,0,0,0,0,0,8,0,,67,10,2009,6,40.0247,-75.1706,2005.0,6,0,0,0,0,0,0,0,0,,0,0,0,6,6,1,1,,0,40 01:28.840,,0,75 10:14.087,3,0,0,0,67301,1,0,0,N,1,0,0,2,67301,0,,1,9,,N,N,,0,,1,0,0,3,3,,620,1,2,0,0,0,0,0,3,4,0,1,99,,N,,,,,,,,,,,
2009111140,2210.0,1,0,0,0,0,0,0,0,0,5,0,,67,10,2009,1,40.0077,-75.2124,2208.0,6,0,0,0,0,0,0,0,0,2.0,0,0,0,22,3,2,0,,1,40 00:27.737,1.0,0,75 12:44.749,4,0,0,0,67301,0,0,0,N,0,0,0,4,67301,2,,1,1,,N,N,,0,,0,0,1,0,0,N,2206,2,2,0,0,0,0,0,3,4,0,2,3,,N,,,,,,,,,,,
2009121155,2156.0,1,0,0,1,0,0,0,0,0,4,0,,67,10,2009,6,39.9613,-75.1483,2153.0,6,0,0,0,0,0,0,0,0,,0,0,0,21,3,1,0,,0,39 57:40.689,,0,75 08:54.009,4,0,0,0,67301,1,0,0,N,0,0,0,2,67301,1,,2,9,,N,N,,0,,0,0,0,3,2,,2153,1,2,0,0,0,0,1,3,4,0,1,7,,N,,,,,,,,,,,
2009093580,735.0,0,0,0,1,0,0,1,0,0,4,1,,67,8,2009,4,40.0144,-75.0872,730.0,6,0,0,0,0,0,0,0,0,,0,0,0,7,1,1,1,,0,40 00:51.663,,0,75 05:14.042,8,0,0,0,67301,1,0,0,,0,0,0,3,67301,0,,1,1,,,,,0,,0,0,0,3,3,,700,1,2,0,0,0,1,0,3,4,0,1,3,,N,,,,,,,,,,,
2009054238,1556.0,1,0,0,0,0,0,0,0,0,4,0,,67,4,2009,2,40.0824,-74.9646,1550.0,6,0,0,1,0,0,0,0,0,,0,0,0,15,1,1,0,,0,40 04:56.632,,0,74 57:52.675,8,0,0,0,67301,0,0,0,,0,0,0,3,67301,0,,1,9,,N,N,,0,,0,0,1,3,8,,1510,1,2,0,0,0,1,0,3,4,0,2,7,,N,,,,,,,,,,,
2009054320,1635.0,2,0,0,0,0,0,0,0,0,1,0,,67,4,2009,2,40.1158,-75.0058,1633.0,6,0,0,0,0,1,1,0,0,,0,0,0,16,1,1,0,,0,40 06:56.960,,0,75 00:20.927,4,0,0,0,67301,0,0,0,N,0,0,0,2,67301,1,,1,1,,N,N,,0,,0,0,0,0,0,,1631,1,2,0,0,0,0,0,3,4,0,2,3,,N,,,,,,,,,,,
2009056968,1442.0,1,0,0,0,0,0,1,0,0,4,1,,67,4,2009,5,,,1440.0,6,0,0,0,1,0,0,0,0,,0,0,0,14,1,3,1,,0,,,0,,4,0,0,0,67301,0,0,0,N,0,0,0,5,67301,1,,1,1,,Y,N,,0,,0,0,0,3,3,,1438,3,2,0,0,1,2,0,3,3,0,2,3,,N,,,,,,,,,,,
2009054440,735.0,1,0,0,0,0,0,0,0,0,4,0,,67,4,2009,4,40.0268,-75.0973,729.0,6,0,0,0,0,0,0,0,0,1.0,0,0,0,7,1,0,0,,1,40 01:36.352,3.0,0,75 05:50.190,0,0,0,0,67301,0,0,0,N,0,0,0,3,67301,0,,1,9,,N,N,,0,,0,0,0,3,2,N,728,0,2,0,0,0,0,0,3,4,1,2,7,,N,,,,,,,,,,,
2009054445,2142.0,1,0,0,0,0,0,0,0,0,7,0,,67,4,2009,6,39.9715,-75.1901,2133.0,6,0,0,1,0,0,0,0,0,3.0,0,0,0,21,2,3,0,,2,39 58:17.120,2.0,0,75 11:24.367,8,0,0,0,67301,0,0,0,N,0,0,0,3,67301,0,,2,1,,N,N,,0,,0,0,0,0,0,Y,2130,3,1,0,0,0,3,0,3,4,0,1,3,,N,,,,,,,,,,,