CRN,ARRIVAL_TM,AUTOMOBILE_COUNT,BELTED_DEATH_COUNT,BELTED_SUSP_SERIOUS_INJ_COUNT,BICYCLE_COUNT,BICYCLE_DEATH_COUNT,BICYCLE_SUSP_SERIOUS_INJ_COUNT,BUS_COUNT,CHLDPAS_DEATH_COUNT,CHLDPAS_SUSP_SERIOUS_INJ_COUNT,COLLISION_TYPE,COMM_VEH_COUNT,CONS_ZONE_SPD_LIM,COUNTY,CRASH_MONTH,CRASH_YEAR,DAY_OF_WEEK,DEC_LAT,DEC_LONG,DISPATCH_TM,DISTRICT,DRIVER_COUNT_16YR,DRIVER_COUNT_17YR,DRIVER_COUNT_18YR,DRIVER_COUNT_19YR,DRIVER_COUNT_20YR,DRIVER_COUNT_50_64YR,DRIVER_COUNT_65_74YR,DRIVER_COUNT_75PLUS,EST_HRS_CLOSED,FATAL_COUNT,HEAVY_TRUCK_COUNT,HORSE_BUGGY_COUNT,HOUR_OF_DAY,ILLUMINATION,INJURY_COUNT,INTERSECT_TYPE,INTERSECTION_RELATED,LANE_CLOSED,LATITUDE,LN_CLOSE_DIR,LOCATION_TYPE,LONGITUDE,MAX_SEVERITY_LEVEL,MCYCLE_DEATH_COUNT,MCYCLE_SUSP_SERIOUS_INJ_COUNT,MOTORCYCLE_COUNT,MUNICIPALITY,NONMOTR_COUNT,NONMOTR_DEATH_COUNT,NONMOTR_SUSP_SERIOUS_INJ_COUNT,NTFY_HIWY_MAINT,PED_COUNT,PED_DEATH_COUNT,PED_SUSP_SERIOUS_INJ_COUNT,PERSON_COUNT,POLICE_AGCY,POSSIBLE_INJ_COUNT,RDWY_SURF_TYPE_CD,RELATION_TO_ROAD,ROAD_CONDITION,ROADWAY_CLEARED,SCH_BUS_IND,SCH_ZONE_IND,SECONDARY_CRASH,SMALL_TRUCK_COUNT,SPEC_JURIS_CD,SUSP_MINOR_INJ_COUNT,SUSP_SERIOUS_INJ_COUNT,SUV_COUNT,TCD_FUNC_CD,TCD_TYPE,TFC_DETOUR_IND,TIME_OF_DAY,TOT_INJ_COUNT,TOTAL_UNITS,UNB_DEATH_COUNT,UNB_SUSP_SERIOUS_INJ_COUNT,UNBELTED_OCC_COUNT,UNK_INJ_DEG_COUNT,UNK_INJ_PER_COUNT,URBAN_AREA,URBAN_RURAL,VAN_COUNT,VEHICLE_COUNT,WEATHER1,WEATHER2,WORK_ZONE_IND,WORK_ZONE_LOC,WORK_ZONE_TYPE,WORKERS_PRES,WZ_CLOSE_DETOUR,WZ_FLAGGER,WZ_LAW_OFFCR_IND,WZ_LN_CLOSURE,WZ_MOVING,WZ_OTHER,WZ_SHLDER_MDN,WZ_WORKERS_INJ_KILLED
2009054339,735.0,1,0,0,1,0,0,0,0,0,8,0,,67,5,2009,3,39.9724,-75.1592,710.0,6,0,0,0,0,0,0,0,0,,0,0,0,7,1,1,2,,0,39 58:20.512,,0,75 09:33.019,8,0,0,0,67301,1,0,0,,0,0,0,2,67301,0,,1,9,,,,,0,,0,0,0,3,3,,710,1,2,0,0,0,1,0,3,4,0,1,7,,N,,,,,,,,,,,
2009054525,1147.0,1,0,0,0,0,0,0,0,0,7,0,,67,4,2009,6,39.9937,-75.1389,1131.0,6,0,0,0,0,1,0,0,0,,0,0,0,11,1,1,0,,0,39 59:37.410,,0,75 08:20.029,8,0,0,0,67301,0,0,0,,0,0,0,1,67301,0,,1,1,,,,,0,,0,0,0,0,0,,1112,1,1,0,0,0,1,0,3,4,0,1,3,,N,,,,,,,,,,,
2009054662,1146.0,2,0,0,0,0,0,0,0,0,7,0,,67,5,2009,2,39.9572,-75.1519,1140.0,6,0,0,0,0,0,1,0,0,1.0,0,0,0,11,1,3,0,,2,39 57:25.857,3.0,0,75 09:06.597,4,0,0,0,67301,0,0,0,N,0,0,0,3,68K01,3,,3,9,,N,N,,0,,0,0,0,0,0,N,1136,3,2,0,0,0,0,0,3,4,0,2,7,,N,,,,,,,,,,,
2009057224,745.0,0,0,0,0,0,0,1,0,0,5,2,,67,4,2009,3,39.9803,-75.1575,740.0,6,0,0,0,0,0,0,0,0,,0,1,0,7,1,7,0,,0,39 58:48.960,,0,75 09:26.843,4,0,0,0,67301,0,0,0,N,0,0,0,9,67301,4,,1,9,,N,N,,0,,0,0,0,0,0,,735,7,2,0,0,0,3,0,3,4,0,2,3,,N,,,,,,,,,,,
2009083646,825.0,3,0,0,0,0,0,0,0,0,1,0,,67,7,2009,6,39.9571,-75.2264,821.0,6,0,0,0,0,0,0,0,0,,0,0,0,8,1,1,0,,0,39 57:25.477,,0,75 13:35.117,4,0,0,0,67301,0,0,0,N,0,0,0,1,67301,1,,6,1,,N,N,,1,,0,0,0,3,2,,820,1,4,0,0,0,0,0,3,4,0,4,3,,N,,,,,,,,,,,
2009068444,735.0,2,0,0,0,0,0,0,0,0,1,0,,67,6,2009,2,40.1208,-74.9966,734.0,6,0,0,0,0,0,2,1,0,2.0,0,0,0,7,1,1,2,,2,40 07:15.020,4.0,0,74 59:47.626,8,0,0,0,67301,0,0,0,N,0,0,0,3,67301,0,,1,1,,N,N,,1,,0,0,0,3,2,Y,705,1,3,0,0,0,1,0,3,4,0,3,3,,N,,,,,,,,,,,
2009068468,1040.0,1,0,0,0,0,0,0,0,0,1,0,,67,5,2009,5,39.9611,-75.175,1031.0,6,0,0,0,0,0,0,0,0,1.0,0,0,0,10,1,2,0,,2,39 57:40.011,4.0,0,75 10:29.947,4,0,0,0,67301,0,0,0,,0,0,0,3,67301,2,,1,1,,,,,1,,0,0,0,3,2,Y,1022,2,3,0,0,0,0,0,3,4,1,3,3,,N,,,,,,,,,,,
2009068514,2135.0,1,0,0,0,0,0,0,0,0,8,0,,67,6,2009,2,40.0415,-75.1584,2130.0,6,0,0,0,0,0,0,0,0,,0,0,0,14,1,1,1,,0,40 02:29.396,,0,75 09:30.135,8,0,0,0,67301,1,0,0,N,1,0,0,2,67301,0,,1,1,,N,N,,0,,0,0,0,9,2,,1400,1,2,0,0,0,1,0,3,4,0,1,3,,N,,,,,,,,,,,
2009068532,1230.0,2,0,0,0,0,0,0,0,0,4,0,,67,6,2009,5,39.9173,-75.1746,1220.0,6,0,0,1,0,0,0,0,1,1.0,0,0,0,12,1,1,1,,2,39 55:02.334,4.0,0,75 10:28.574,8,0,0,0,67301,0,0,0,,0,0,0,2,67301,0,,1,9,,,,,0,,0,0,0,3,2,Y,1200,1,3,0,0,0,1,0,3,4,1,3,7,,N,,,,,,,,,,,
2009073627,1558.0,0,0,0,0,0,0,0,0,0,7,0,,67,7,2009,6,39.9145,-75.1479,1558.0,6,0,0,0,0,0,0,0,0,1.0,0,0,0,15,1,3,0,,1,39 54:52.920,1.0,0,75 08:52.440,4,0,0,0,67301,0,0,0,N,0,0,0,3,68K01,1,,5,1,,N,N,,0,,0,0,1,0,0,N,1551,3,1,0,0,2,2,0,3,4,0,1,3,,N,,,,,,,,,,,
2009066025,0.0,1,0,0,0,0,0,0,0,0,1,0,99.0,67,2,2009,5,39.9955,-75.1543,0.0,6,0,0,0,0,0,0,0,0,9.0,0,0,0,18,6,1,0,,9,39 59:43.714,5.0,0,75 09:15.318,4,0,0,0,67301,0,0,0,N,0,0,0,2,00000,1,,1,1,,N,N,,0,,0,0,0,3,8,N,1840,1,2,0,0,0,0,0,3,4,1,2,3,,Y,3.0,1.0,U,,,N,Y,,,,
2009066039,0.0,2,0,0,0,0,0,0,0,0,1,0,,67,3,2009,6,40.011,-75.1645,0.0,6,0,0,0,0,0,0,0,0,,0,0,0,16,1,1,0,,0,40 00:39.446,,0,75 09:52.098,8,0,0,0,67301,0,0,0,N,0,0,0,2,00000,0,,1,1,,N,N,,0,,0,0,0,3,2,,1630,1,2,0,0,0,1,1,3,4,0,2,3,,N,,,,,,,,,,,
2009071311,854.0,1,0,0,0,0,0,0,0,0,5,0,,67,7,2009,7,39.9658,-75.1863,849.0,6,0,0,0,0,0,0,0,0,,0,0,0,8,1,0,0,,0,39 58:02.213,,0,75 11:18.620,9,0,0,0,67301,0,0,0,N,0,0,0,3,68K01,0,,1,1,,N,N,,1,,0,0,0,0,0,,847,0,2,0,0,0,0,1,3,4,0,2,3,,N,,,,,,,,,,,
2010003149,937.0,2,0,0,0,0,0,0,0,0,4,0,,67,11,2009,7,39.9423,-75.2338,935.0,6,0,0,0,0,1,0,0,0,,0,0,0,9,1,2,1,,0,39 56:32.409,,0,75 14:01.697,4,0,0,0,67301,0,0,0,N,0,0,0,3,67301,2,,1,1,,N,N,,0,,0,0,0,3,2,,935,2,2,0,0,0,0,0,3,4,0,2,3,,N,,,,,,,,,,,
2010006165,1502.0,2,0,0,0,0,0,0,0,0,6,0,,67,12,2009,7,39.9206,-75.2414,1500.0,6,0,0,0,0,1,0,1,0,,0,0,0,14,1,1,1,,0,39 55:14.271,,0,75 14:29.219,4,0,0,0,67301,0,0,0,,0,0,0,4,67301,1,,1,1,,,,,0,,0,0,0,3,2,,1450,1,2,0,0,0,0,0,3,4,0,2,3,,N,,,,,,,,,,,
2010006172,834.0,1,0,0,0,0,0,0,0,0,1,0,,67,12,2009,6,40.0281,-75.0335,834.0,6,0,0,0,0,0,0,0,0,,0,0,0,8,1,1,1,,0,40 01:43.522,,0,75 02:16.058,8,0,0,0,67301,0,0,0,N,0,0,0,2,67301,0,,1,1,,N,N,,1,,0,0,0,0,0,,834,1,2,0,0,0,1,0,3,4,0,2,3,,N,,,,,,,,,,,
2010003275,1818.0,4,0,0,0,0,0,0,0,0,5,0,,67,11,2009,4,39.9587,-75.2394,1815.0,6,0,0,0,0,0,2,1,0,,0,0,0,18,3,1,1,,0,39 57:31.261,,0,75 14:21.889,4,0,0,0,67301,0,0,0,N,0,0,0,5,67301,1,,1,9,,N,N,,1,,0,0,0,3,2,,1800,1,5,0,0,0,0,0,3,4,0,5,7,,N,,,,,,,,,,,
2010003281,10.0,1,0,0,0,0,0,0,0,0,4,0,,67,11,2009,3,39.9573,-75.2153,5.0,6,0,0,0,0,0,0,0,0,,0,0,0,0,3,1,2,,0,39 57:26.130,,0,75 12:55.104,4,0,0,0,67301,0,0,0,N,0,0,0,2,67301,1,,1,1,,N,N,,0,,0,0,1,3,2,,0,1,2,0,0,0,0,0,3,4,0,2,3,,N,,,,,,,,,,,
2010003561,200.0,2,0,0,0,0,0,0,0,0,4,0,,67,12,2009,7,39.9549,-75.1511,159.0,6,0,0,0,0,0,0,0,0,,0,0,0,1,3,2,1,,0,39 57:17.491,,0,75 09:04.108,4,0,0,0,67301,0,0,0,N,0,0,0,3,67301,2,,1,1,,N,N,,1,,0,0,0,3,2,,157,2,3,0,0,0,0,0,3,4,0,3,3,,N,,,,,,,,,,,
2010006347,258.0,0,0,0,0,0,0,0,0,0,1,0,,67,12,2009,5,40.0468,-75.1375,258.0,6,0,0,0,1,0,0,0,0,,0,0,0,6,3,1,1,,0,40 02:48.484,,0,75 08:15.133,8,0,0,0,67301,0,0,0,N,0,0,0,2,67301,0,,1,1,,N,N,,0,,0,0,1,9,2,,630,1,2,0,0,0,1,0,3,4,0,2,3,,N,,,,,,,,,,,
2010006362,1535.0,1,0,0,0,0,0,0,0,0,1,0,,67,12,2009,4,40.078,-75.2107,1528.0,6,0,0,0,0,0,0,0,0,,0,0,0,15,1,0,0,,0,40 04:40.872,,0,75 12:38.577,0,0,0,0,67301,0,0,0,N,0,0,0,2,67301,0,,1,1,,N,N,,0,,0,0,1,0,0,,1528,0,2,0,0,0,0,0,3,4,0,2,3,,N,,,,,,,,,,,
2010006338,1758.0,2,0,0,0,0,0,0,0,0,1,0,,67,12,2009,3,40.05,-75.1602,1758.0,6,0,0,0,0,0,0,1,0,,0,0,0,17,4,1,0,,0,40 02:59.938,,0,75 09:36.662,8,0,0,0,67301,3,0,0,N,0,0,0,4,67301,0,,6,1,,N,N,,0,,0,0,0,0,0,,1715,1,2,0,0,0,1,0,3,4,0,2,3,,N,,,,,,,,,,,
2010011135,842.0,0,0,0,0,0,0,0,0,0,1,0,,67,12,2009,5,40.0369,-75.0622,836.0,6,0,0,0,0,0,1,0,0,1.0,0,0,0,8,1,1,0,,2,40 02:12.765,1.0,0,75 03:44.083,8,0,0,0,67301,0,0,0,N,0,0,0,2,67301,0,,1,7,,N,N,,1,,0,0,1,0,0,N,836,1,2,0,0,1,1,0,3,4,0,2,10,,N,,,,,,,,,,,
2010011454,1359.0,0,0,0,0,0,0,0,0,0,2,0,,67,12,2009,5,40.059,-75.1519,1331.0,6,0,0,0,0,0,0,0,0,,0,0,0,13,1,2,2,,0,40 03:32.385,,0,75 09:06.886,8,0,0,0,67301,0,0,0,N,0,0,0,3,67301,0,,1,7,,N,N,,1,,0,0,1,0,0,,1331,2,2,0,0,3,2,0,3,4,0,2,10,,N,,,,,,,,,,,
2010018880,9999.0,2,0,0,0,0,0,0,0,0,4,0,,67,12,2009,5,40.0745,-75.035,9999.0,6,0,0,0,0,0,0,0,0,,0,0,0,99,3,2,1,,0,40 04:27.539,,0,75 02:05.367,4,0,0,0,67301,0,0,0,,0,0,0,3,67301,2,,1,1,,N,N,,0,,0,0,0,3,2,,9999,2,2,0,0,0,0,0,3,4,0,2,3,,N,,,,,,,,,,,
2010018932,1112.0,1,0,0,0,0,0,0,0,0,7,0,,67,11,2009,7,39.9213,-75.146,1111.0,6,0,0,0,0,0,0,0,1,,0,0,0,11,1,0,1,,0,39 55:16.749,,0,75 08:45.759,0,0,0,0,67301,0,0,0,,0,0,0,1,67301,0,,2,9,,N,N,,1,,0,0,1,3,3,,1110,0,3,0,0,0,0,0,3,4,0,3,7,,N,,,,,,,,,,,
2010034669,208.0,1,0,0,0,0,0,0,0,0,4,0,,67,12,2009,1,40.0367,-75.0645,207.0,6,0,0,0,0,0,0,0,0,9.0,0,0,0,2,3,1,1,,1,40 02:12.235,1.0,0,75 03:52.193,8,0,0,0,67301,0,0,0,N,0,0,0,3,67301,0,,1,1,,N,N,,0,,0,0,1,3,2,N,205,1,2,0,0,0,1,0,3,4,0,2,3,,N,,,,,,,,,,,
2010003069,1453.0,2,0,0,0,0,0,0,0,0,1,0,,67,11,2009,7,40.0075,-75.202,1453.0,6,0,0,0,0,0,0,0,1,,0,0,0,13,1,1,2,,0,40 00:26.928,,0,75 12:07.199,8,0,0,0,67301,0,0,0,N,0,0,0,3,67301,0,,1,1,,N,N,,0,,0,0,0,3,3,,1345,1,2,0,0,0,1,0,3,4,0,2,3,,N,,,,,,,,,,,
2010005573,2102.0,1,0,0,0,0,0,0,0,0,8,0,,67,11,2009,2,39.9689,-75.1344,2102.0,6,0,0,0,0,0,0,0,0,,0,0,0,18,2,1,1,,0,39 58:08.006,,0,75 08:03.925,3,0,0,0,67301,1,0,0,,1,0,0,2,67301,0,,1,9,,,,,0,,1,0,0,9,2,,1800,1,2,0,0,0,0,0,3,4,0,1,7,,N,,,,,,,,,,,
2010031396,0.0,2,0,0,0,0,0,0,0,0,4,0,,67,1,2009,7,39.9266,-75.1674,0.0,6,0,0,0,0,0,1,0,0,,0,0,0,8,1,1,1,,0,39 55:35.760,,0,75 10:02.593,8,0,0,0,67301,1,0,0,,0,0,0,2,00000,0,,1,1,,,,,0,,0,0,0,9,2,,800,1,2,0,0,0,1,0,3,4,0,2,3,,N,,,,,,,,,,,
2009118925,1805.0,3,0,0,0,0,0,0,0,0,4,0,,67,10,2009,7,39.9298,-75.1631,1758.0,6,0,1,0,0,0,0,0,0,,0,0,0,17,1,1,1,,0,39 55:47.265,,0,75 09:47.181,8,0,0,0,67301,0,0,0,N,0,0,0,4,67301,0,,1,9,,N,N,,0,,0,0,1,3,2,,1755,1,4,0,0,0,1,0,3,4,0,4,7,,N,,,,,,,,,,,
2009118930,1240.0,1,0,0,0,0,0,0,0,0,8,0,,67,10,2009,5,39.9342,-75.1675,1240.0,6,0,0,0,0,0,0,0,0,,0,0,0,12,1,1,1,,0,39 56:02.753,,0,75 10:03.046,3,0,0,0,67301,1,0,0,N,1,0,0,2,67301,0,,1,1,,N,N,,0,,1,0,0,3,2,,1230,1,2,0,0,0,0,0,3,4,0,1,3,,N,,,,,,,,,,,
2009111155,2028.0,2,0,0,0,0,0,0,0,0,4,0,,67,9,2009,7,40.0945,-75.015,2024.0,6,0,0,0,0,0,0,0,0,,0,0,0,20,3,0,1,,0,40 05:40.380,,0,75 00:54.123,0,0,0,0,67301,0,0,0,N,0,0,0,2,67301,0,,1,9,,N,N,,0,,0,0,0,3,2,,2024,0,2,0,0,0,0,0,3,4,0,2,7,,N,,,,,,,,,,,
2009106199,750.0,0,0,0,0,0,0,0,0,0,4,0,,67,10,2009,5,40.0712,-75.0381,746.0,6,0,0,0,0,0,0,1,0,1.0,0,0,0,7,1,0,1,,1,40 04:16.241,3.0,0,75 02:17.269,0,0,0,0,67301,0,0,0,N,0,0,0,3,67301,0,,1,1,,N,N,,0,,0,0,1,3,2,N,745,0,2,0,0,0,0,0,3,4,1,2,3,,N,,,,,,,,,,,
2009093498,140.0,0,0,0,0,0,0,0,0,0,7,0,,67,8,2009,1,40.025,-75.0331,140.0,6,0,0,0,0,0,0,0,0,,0,0,0,1,3,1,1,,0,40 01:30.086,,0,75 01:59.010,8,0,0,1,67301,0,0,0,,0,0,0,1,67301,0,,5,1,,,,,0,,0,0,0,3,3,,105,1,1,0,0,0,1,0,3,4,0,1,3,,N,,,,,,,,,,,
2009093499,618.0,1,0,0,0,0,0,0,0,0,7,0,,67,8,2009,5,39.9161,-75.2361,614.0,6,0,0,0,0,0,0,0,0,1.0,0,0,0,6,1,1,1,,1,39 54:57.913,4.0,0,75 14:09.812,3,0,0,0,67301,0,0,0,N,0,0,0,1,67301,0,,4,1,,N,N,,0,,1,0,0,3,2,N,612,1,1,0,0,0,0,0,3,4,0,1,3,,N,,,,,,,,,,,
2009093641,810.0,1,0,0,0,0,0,0,0,0,1,0,,67,8,2009,7,40.0217,-75.1257,800.0,6,0,0,0,0,0,0,0,0,,0,0,0,7,1,2,5,,0,40 01:18.141,,0,75 07:32.411,4,0,0,0,67301,0,0,0,N,0,0,0,4,67301,2,,1,9,,N,N,,0,,0,0,0,0,0,,750,2,2,0,0,0,0,0,3,4,0,2,7,,N,,,,,,,,,,,
2009054308,2320.0,2,0,0,0,0,0,0,0,0,4,0,,67,4,2009,2,39.9045,-75.1518,2320.0,6,0,0,0,0,0,0,0,0,2.0,0,0,0,23,3,1,0,,2,39 54:16.184,2.0,0,75 09:06.484,4,0,0,0,67301,0,0,0,,0,0,0,2,67301,1,,1,1,,,,,0,,0,0,0,0,0,Y,2300,1,2,0,0,0,0,0,3,4,0,2,3,,N,,,,,,,,,,,
2009056925,631.0,0,0,0,0,0,0,0,0,0,7,0,,67,5,2009,6,,,627.0,6,0,0,0,0,0,0,0,0,3.0,0,0,0,6,1,1,0,,1,,1.0,0,,4,0,0,0,67301,0,0,0,N,0,0,0,1,67301,1,,1,9,,N,N,,1,,0,0,0,0,0,N,623,1,1,0,0,0,0,0,3,3,0,1,7,,N,,,,,,,,,,,
2009056945,927.0,0,0,0,0,0,0,0,0,0,4,0,,67,4,2009,4,39.935,-75.2352,924.0,6,0,0,0,0,0,0,0,0,,0,0,0,9,1,1,10,,0,39 56:06.029,,0,75 14:06.873,4,0,0,0,67301,0,0,0,,0,0,0,5,67301,1,,1,9,,,,,1,,0,0,0,0,0,,924,1,2,0,0,0,0,0,3,4,1,2,7,,N,,,,,,,,,,,
2009056957,615.0,0,0,0,0,0,0,1,0,0,5,1,,67,5,2009,3,40.0315,-75.1548,607.0,6,0,0,0,0,0,0,1,0,,0,0,0,5,1,2,0,,0,40 01:53.354,,0,75 09:17.323,8,0,0,0,67301,0,0,0,N,0,0,0,6,67301,0,,1,9,,N,N,,1,,0,0,0,0,0,,545,2,2,0,0,0,2,0,3,4,0,2,7,,N,,,,,,,,,,,
2009054490,2018.0,2,0,0,0,0,0,0,0,0,4,0,,67,3,2009,3,39.9509,-75.152,2016.0,6,0,0,1,0,0,0,0,0,,0,0,0,20,3,5,1,,0,39 57:03.253,,0,75 09:07.174,2,0,0,0,67301,0,0,0,N,0,0,0,5,67301,0,,1,1,,N,N,,0,,0,1,0,3,2,,2016,5,2,0,0,0,4,0,3,4,0,2,3,,N,,,,,,,,,,,
2009054532,2030.0,0,0,1,0,0,0,0,0,0,7,0,,67,4,2009,2,39.8946,-75.255,2023.0,6,0,0,0,0,0,0,0,0,,0,0,0,20,2,1,0,,0,39 53:40.696,,0,75 15:18.140,2,0,0,0,67301,0,0,0,N,0,0,0,1,67301,0,,5,9,,N,N,,0,,0,1,1,0,0,,2020,1,1,0,0,0,0,0,3,4,0,1,7,,N,,,,,,,,,,,
2009086132,1336.0,2,0,0,0,0,0,0,0,0,5,0,,67,7,2009,5,39.9911,-75.2479,1334.0,6,0,0,0,0,0,0,0,0,3.0,0,1,0,13,1,3,1,,2,39 59:28.465,1.0,0,75 14:51.381,4,0,0,0,67301,0,0,0,,0,0,0,3,67301,3,,1,1,,N,N,,0,,0,0,0,0,0,Y,1326,3,3,0,0,0,0,0,3,4,0,3,3,,N,,,,,,,,,,,
2009086230,1336.0,2,0,0,0,0,0,0,0,0,4,0,,67,7,2009,5,39.9922,-75.2457,1314.0,6,0,0,1,0,0,0,0,0,3.0,0,0,0,13,1,2,1,,1,39 59:32.661,2.0,0,75 14:42.440,8,0,0,0,67301,0,0,0,N,0,0,0,3,67301,0,,9,1,,N,N,,0,,0,0,0,3,2,Y,1307,2,2,0,0,0,2,1,3,4,0,2,3,,N,,,,,,,,,,,
2009086254,1100.0,1,0,0,0,0,0,0,0,0,7,0,,67,8,2009,5,40.0017,-75.1855,1054.0,6,0,0,0,0,1,0,0,0,,0,0,0,99,1,1,0,,0,40 00:06.317,,1,75 11:07.607,8,0,0,0,67301,0,0,0,,0,0,0,1,67301,0,,2,9,,N,N,,0,,0,0,0,0,0,,9999,1,1,0,0,0,1,0,3,4,0,1,3,,N,,,,,,,,,,,
2009076147,1521.0,1,0,0,0,0,0,0,0,0,1,0,,67,6,2009,6,,,1520.0,6,0,0,0,0,0,0,0,1,1.0,0,0,0,15,1,1,0,,2,,3.0,3,,8,0,0,0,67301,0,0,0,N,0,0,0,4,67501,0,,1,1,,N,N,,0,,0,0,1,3,8,N,1519,1,2,0,0,0,1,0,3,3,0,2,3,5.0,N,,,,,,,,,,,
2009078661,1718.0,3,0,0,0,0,0,0,0,0,1,0,,67,7,2009,5,40.0463,-75.0012,1653.0,6,0,0,0,0,0,0,0,0,,0,0,0,16,1,1,0,,0,40 02:47.080,,0,75 00:03.997,4,0,0,0,67301,0,0,0,N,0,0,0,3,68K01,1,,1,9,,N,N,,0,,0,0,0,0,0,,1650,1,3,0,0,0,0,0,3,4,0,3,7,,N,,,,,,,,,,,
2009068528,637.0,2,0,0,0,0,0,0,0,0,1,0,,67,6,2009,4,39.9396,-75.1982,630.0,6,0,0,0,0,0,0,0,0,,0,0,0,6,1,0,5,,0,39 56:22.681,,0,75 11:53.378,0,0,0,0,67301,0,0,0,N,0,0,0,2,67301,0,,1,1,,N,N,,0,,0,0,0,3,2,,625,0,2,0,0,0,0,0,3,4,0,2,3,,N,,,,,,,,,,,
2009063490,956.0,2,0,0,0,0,0,0,0,0,1,0,,67,5,2009,4,39.9739,-75.1195,949.0,6,0,0,0,0,0,0,0,0,1.0,0,0,0,9,1,1,0,,1,39 58:27.237,2.0,0,75 07:07.657,8,0,0,0,67301,0,0,0,N,0,0,0,3,68K01,0,,1,1,,N,N,,1,,0,0,0,0,0,N,946,1,3,0,0,0,1,0,3,4,0,3,3,,N,,,,,,,,,,,
2009071364,222.0,1,0,0,0,0,0,0,0,0,7,0,,67,6,2009,6,40.0564,-75.0292,222.0,6,0,0,0,0,0,0,0,0,9.0,0,0,0,2,3,1,0,,2,40 03:23.142,3.0,0,75 01:45.664,8,0,0,0,67301,0,0,0,,0,0,0,1,67301,0,,2,1,,,,,0,,0,0,0,3,2,Y,222,1,1,0,0,1,1,0,3,4,0,1,3,,N,,,,,,,,,,,
2009071373,1417.0,2,0,0,0,0,0,0,0,0,6,0,,67,6,2009,1,40.0997,-74.9774,1412.0,6,0,0,0,0,0,1,0,0,,0,0,0,14,1,1,2,,0,40 05:58.790,,7,74 58:38.539,4,0,0,0,67301,0,0,0,,0,0,0,3,67301,1,,1,1,,,,,0,,0,0,0,3,3,,1407,1,2,0,0,0,0,0,3,4,0,2,3,,N,,,,,,,,,,,
2010003238,1526.0,2,0,0,0,0,0,0,0,0,1,0,,67,11,2009,1,40.0765,-75.0325,1521.0,6,0,0,0,0,0,0,0,0,1.0,0,0,0,15,1,1,1,,1,40 04:35.407,1.0,0,75 01:57.021,8,0,0,0,67301,0,0,0,N,0,0,0,2,67301,0,,1,1,,N,N,,0,,0,0,0,3,2,N,1515,1,2,0,0,2,1,0,3,4,0,2,3,,N,,,,,,,,,,,
2010005929,1835.0,1,0,0,0,0,0,0,0,0,8,0,,67,12,2009,1,40.0072,-75.1234,1832.0,6,0,0,0,0,0,0,0,0,,0,0,0,17,3,1,1,,0,40 00:25.981,,0,75 07:24.378,8,0,0,0,67301,1,0,0,,1,0,0,2,67301,0,,1,9,,,,,0,,0,0,0,3,2,,1750,1,2,0,0,0,1,0,3,4,0,1,7,,N,,,,,,,,,,,
2010003549,2042.0,1,0,0,0,0,0,0,0,0,7,0,,67,11,2009,7,40.0094,-75.1884,2040.0,6,0,0,0,0,0,0,0,0,1.0,0,0,0,20,3,0,0,,2,40 00:37.546,4.0,0,75 11:06.456,0,0,0,0,67301,0,0,0,,0,0,0,1,67301,0,,2,1,,,,,0,,0,0,0,3,8,N,2038,0,1,0,0,0,0,0,3,4,0,1,3,,N,,,,,,,,,,,
2010006108,1015.0,1,0,0,0,0,0,0,0,0,8,0,,67,12,2009,3,39.9544,-75.1986,1011.0,6,0,0,0,0,0,0,0,0,,0,0,0,8,1,1,0,,0,39 57:15.663,,0,75 11:55.043,4,0,0,0,67301,1,0,0,N,1,0,0,2,67301,1,,6,1,,N,N,,0,,0,0,0,3,2,,845,1,2,0,0,0,0,0,3,4,0,1,3,,N,,,,,,,,,,,
2010006273,1310.0,1,0,0,0,0,0,0,0,0,8,0,,67,12,2009,7,39.9503,-75.1917,1308.0,6,0,0,0,0,0,0,1,0,,0,0,0,13,1,1,1,,0,39 57:20.049,,0,75 11:22.152,4,0,0,0,67301,1,0,0,N,1,0,0,2,37301,1,,1,9,,N,N,,0,,0,0,0,3,2,,1306,1,2,0,0,0,0,0,3,4,0,1,3,,N,,,,,,,,,,,
2010007519,307.0,1,0,0,0,0,0,0,0,0,7,0,,67,12,2009,3,39.9186,-75.2469,306.0,6,0,0,0,1,0,0,0,0,3.0,1,0,0,3,3,2,0,,2,39 55:07.036,5.0,0,75 14:48.833,1,0,0,0,67301,0,0,0,N,0,0,0,3,67301,0,2.0,4,1,,N,N,,0,0.0,2,0,0,0,0,Y,305,2,1,0,0,0,0,0,3,4,0,1,3,,N,,,,,,,,,,,
2010011215,5.0,2,0,0,0,0,0,0,0,0,4,0,,67,12,2009,7,40.0861,-75.2119,2347.0,6,0,1,0,0,0,0,0,0,2.0,0,0,0,23,3,0,1,,1,40 05:09.739,2.0,0,75 12:42.976,0,0,0,0,67301,0,0,0,N,0,0,0,2,67301,0,,1,9,,N,N,,0,,0,0,0,3,2,Y,2347,0,2,0,0,0,0,0,3,4,0,2,7,,N,,,,,,,,,,,
2010011223,9999.0,2,0,0,0,0,0,0,0,0,1,0,,67,12,2009,5,40.0984,-75.0471,1000.0,6,0,0,0,0,0,0,0,0,,0,0,0,9,1,1,1,,0,40 05:54.088,,0,75 02:49.438,8,0,0,0,67301,0,0,0,,0,0,0,4,67301,0,,1,2,,,,,0,,0,0,0,3,2,,955,1,2,0,0,0,1,0,3,4,0,2,10,,N,,,,,,,,,,,