CRN,ARRIVAL_TM,AUTOMOBILE_COUNT,BELTED_DEATH_COUNT,BELTED_SUSP_SERIOUS_INJ_COUNT,BICYCLE_COUNT,BICYCLE_DEATH_COUNT,BICYCLE_SUSP_SERIOUS_INJ_COUNT,BUS_COUNT,CHLDPAS_DEATH_COUNT,CHLDPAS_SUSP_SERIOUS_INJ_COUNT,COLLISION_TYPE,COMM_VEH_COUNT,CONS_ZONE_SPD_LIM,COUNTY,CRASH_MONTH,CRASH_YEAR,DAY_OF_WEEK,DEC_LAT,DEC_LONG,DISPATCH_TM,DISTRICT,DRIVER_COUNT_16YR,DRIVER_COUNT_17YR,DRIVER_COUNT_18YR,DRIVER_COUNT_19YR,DRIVER_COUNT_20YR,DRIVER_COUNT_50_64YR,DRIVER_COUNT_65_74YR,DRIVER_COUNT_75PLUS,EST_HRS_CLOSED,FATAL_COUNT,HEAVY_TRUCK_COUNT,HORSE_BUGGY_COUNT,HOUR_OF_DAY,ILLUMINATION,INJURY_COUNT,INTERSECT_TYPE,INTERSECTION_RELATED,LANE_CLOSED,LATITUDE,LN_CLOSE_DIR,LOCATION_TYPE,LONGITUDE,MAX_SEVERITY_LEVEL,MCYCLE_DEATH_COUNT,MCYCLE_SUSP_SERIOUS_INJ_COUNT,MOTORCYCLE_COUNT,MUNICIPALITY,NONMOTR_COUNT,NONMOTR_DEATH_COUNT,NONMOTR_SUSP_SERIOUS_INJ_COUNT,NTFY_HIWY_MAINT,PED_COUNT,PED_DEATH_COUNT,PED_SUSP_SERIOUS_INJ_COUNT,PERSON_COUNT,POLICE_AGCY,POSSIBLE_INJ_COUNT,RDWY_SURF_TYPE_CD,RELATION_TO_ROAD,ROAD_CONDITION,ROADWAY_CLEARED,SCH_BUS_IND,SCH_ZONE_IND,SECONDARY_CRASH,SMALL_TRUCK_COUNT,SPEC_JURIS_CD,SUSP_MINOR_INJ_COUNT,SUSP_SERIOUS_INJ_COUNT,SUV_COUNT,TCD_FUNC_CD,TCD_TYPE,TFC_DETOUR_IND,TIME_OF_DAY,TOT_INJ_COUNT,TOTAL_UNITS,UNB_DEATH_COUNT,UNB_SUSP_SERIOUS_INJ_COUNT,UNBELTED_OCC_COUNT,UNK_INJ_DEG_COUNT,UNK_INJ_PER_COUNT,URBAN_AREA,URBAN_RURAL,VAN_COUNT,VEHICLE_COUNT,WEATHER1,WEATHER2,WORK_ZONE_IND,WORK_ZONE_LOC,WORK_ZONE_TYPE,WORKERS_PRES,WZ_CLOSE_DETOUR,WZ_FLAGGER,WZ_LAW_OFFCR_IND,WZ_LN_CLOSURE,WZ_MOVING,WZ_OTHER,WZ_SHLDER_MDN,WZ_WORKERS_INJ_KILLED
2010005510,1605.0,1,0,0,0,0,0,0,0,0,5,0,,67,12,2009,1,40.0428,-75.0631,1555.0,6,0,0,0,0,0,1,0,0,,0,0,0,15,1,1,1,,0,40 02:34.113,,0,75 03:47.339,4,0,0,0,67301,0,0,0,N,0,0,0,4,67301,1,,1,9,,N,N,,0,,0,0,0,3,2,,1543,1,2,0,0,0,0,0,3,4,1,2,7,,N,,,,,,,,,,,
2010034699,945.0,2,0,0,0,0,0,0,0,0,1,0,,67,12,2009,2,40.0189,-75.0965,938.0,6,0,0,0,0,0,1,0,0,,0,0,0,9,1,0,0,,0,40 01:08.250,,0,75 05:47.431,9,0,0,0,67301,0,0,0,,0,0,0,2,67301,0,,1,1,,N,N,,0,,0,0,0,0,0,,937,0,2,0,0,0,0,1,3,4,0,2,3,,N,,,,,,,,,,,
2010005594,1810.0,1,0,0,0,0,0,0,0,0,8,0,,67,12,2009,5,40.0068,-75.0828,1800.0,6,0,0,0,0,0,0,0,0,,0,0,0,15,1,1,1,,0,40 00:24.490,,0,75 04:57.907,4,0,0,0,67301,1,0,0,,1,0,0,2,67301,1,,4,9,,Y,Y,,0,,0,0,0,3,2,,1500,1,2,0,0,0,0,1,3,4,0,1,3,,N,,,,,,,,,,,
2009092992,310.0,1,0,0,0,0,0,0,0,0,7,0,,67,8,2009,6,40.015,-75.1551,226.0,6,0,0,0,0,0,0,0,0,,0,0,0,2,3,1,0,,0,40 00:54.111,,0,75 09:18.194,3,0,0,0,67301,0,0,0,,0,0,0,1,67301,0,,5,1,,,,,0,,1,0,0,0,0,,220,1,1,0,0,0,0,0,3,4,0,1,3,,N,,,,,,,,,,,
2009092960,715.0,2,0,0,0,0,0,0,0,0,2,0,,67,8,2009,7,40.0487,-75.1396,710.0,6,0,0,0,0,0,0,0,0,,0,0,0,99,3,0,0,,0,40 02:55.140,,0,75 08:22.711,9,0,0,0,67301,0,0,0,N,0,0,0,2,67301,0,,1,9,,N,N,,0,,0,0,0,0,0,,9999,0,2,0,0,1,0,1,3,4,0,2,7,,N,,,,,,,,,,,
2009069919,314.0,2,0,0,0,0,0,0,0,0,1,0,,67,6,2009,1,40.0166,-75.1748,258.0,6,0,0,0,0,0,0,0,0,1.0,0,0,0,2,3,0,0,,1,40 00:59.596,1.0,0,75 10:29.380,0,0,0,0,67301,0,0,0,N,0,0,0,4,67301,0,,1,9,,N,N,,0,,0,0,1,0,0,Y,255,0,3,0,0,1,0,0,3,4,0,3,3,,N,,,,,,,,,,,
2009066934,640.0,1,0,0,0,0,0,0,0,0,1,0,,67,6,2009,6,40.119,-75.0077,636.0,6,0,0,0,0,0,0,0,0,,0,0,0,6,1,1,0,,0,40 07:08.392,,0,75 00:27.540,4,0,0,0,67301,0,0,0,N,0,0,0,3,67301,1,,1,9,,N,,,1,,0,0,0,3,2,,630,1,2,0,0,0,0,0,3,4,0,2,7,,N,,,,,,,,,,,
2009067289,1924.0,0,0,0,0,0,0,0,0,0,1,0,,67,5,2009,6,40.0505,-75.0972,1922.0,6,0,0,0,0,0,0,0,0,,0,0,0,19,4,1,1,,0,40 03:01.771,,0,75 05:49.941,8,0,0,0,67301,0,0,0,N,0,0,0,5,67301,0,,1,9,,N,N,,0,,0,0,1,9,2,,1907,1,2,0,0,3,1,0,3,4,1,2,7,,N,,,,,,,,,,,
2009067444,1325.0,3,0,0,0,0,0,0,0,0,2,0,,67,6,2009,3,40.0403,-75.0585,1321.0,6,0,0,0,0,0,0,0,0,1.0,0,0,0,13,1,2,1,,1,40 02:25.164,1.0,0,75 03:30.735,3,0,0,0,67301,0,0,0,N,0,0,0,3,67301,0,,1,1,,N,N,,0,,2,0,0,3,2,N,1320,2,3,0,0,0,0,0,3,4,0,3,3,,N,,,,,,,,,,,
2009067573,1036.0,1,0,0,0,0,0,0,0,0,1,0,,67,5,2009,5,40.0076,-75.1273,1031.0,6,0,0,0,0,0,0,1,0,,0,0,0,10,1,1,1,,0,40 00:27.351,,0,75 07:39.568,8,0,0,0,67301,0,0,0,N,0,0,0,4,67301,0,,1,1,,N,N,,0,,0,0,0,3,4,,1026,1,2,0,0,0,1,1,3,4,0,2,3,,N,,,,,,,,,,,
2009067598,1805.0,1,0,0,1,0,0,0,0,0,5,0,,67,6,2009,3,39.9803,-75.1332,1800.0,6,0,0,0,0,0,0,0,0,,0,0,0,18,1,1,0,,0,39 58:48.971,,0,75 07:59.366,4,0,0,0,67301,1,0,0,N,0,0,0,2,67301,1,,6,1,,N,N,,0,,0,0,0,0,0,,1800,1,2,0,0,0,0,0,3,4,0,1,3,,N,,,,,,,,,,,
2009111092,305.0,0,0,0,0,0,0,0,0,0,4,0,,67,9,2009,7,39.9528,-75.1669,302.0,6,0,0,0,0,0,0,0,0,,0,0,0,3,3,1,1,,0,39 57:10.026,,0,75 10:00.662,3,0,0,1,67301,0,0,0,N,0,0,0,3,67301,0,,1,1,,N,N,,0,,1,0,1,3,2,,300,1,2,0,0,0,0,0,3,4,0,2,3,,N,,,,,,,,,,,
2009111096,1138.0,1,0,0,0,0,0,0,0,0,1,0,,67,10,2009,3,40.0506,-75.0102,1138.0,6,0,0,0,0,0,0,0,0,,0,0,0,11,1,1,2,,0,40 03:02.108,,0,75 00:36.644,8,0,0,0,67301,0,0,0,N,0,0,0,2,67301,0,,1,1,,N,N,,0,,0,0,0,3,2,,1138,1,2,0,0,0,1,0,3,4,1,2,3,,N,,,,,,,,,,,
2009120860,1221.0,1,0,0,0,0,0,0,0,0,4,0,,67,10,2009,2,39.9498,-75.1776,1216.0,6,0,0,0,0,0,0,0,0,,0,0,0,12,1,1,2,,0,39 56:59.431,,0,75 10:39.226,4,0,0,0,67301,0,0,0,N,0,0,0,3,67301,1,,1,1,,N,N,,0,,0,0,0,3,2,,1210,1,2,0,0,1,0,0,3,4,1,2,3,,N,,,,,,,,,,,
2009106216,2056.0,1,0,0,0,0,0,0,0,0,5,0,,67,9,2009,3,40.0811,-75.0291,2052.0,6,0,0,0,0,0,0,0,0,,0,0,0,20,3,1,0,,0,40 04:51.809,,0,75 01:44.879,8,0,0,1,67301,0,0,0,,0,0,0,3,67301,0,,1,1,,,,,0,,0,0,0,0,0,,2050,1,2,0,0,0,1,0,3,4,0,2,3,,N,,,,,,,,,,,
2009111595,1017.0,2,0,0,0,0,0,0,0,0,1,0,,67,9,2009,3,39.9652,-75.2165,1015.0,6,0,0,0,0,0,0,0,0,,0,0,0,9,1,2,1,,0,39 57:54.752,,0,75 12:59.543,4,0,0,0,67301,0,0,0,N,0,0,0,3,67301,2,,1,1,,N,N,,0,,0,0,0,3,3,,900,2,2,0,0,0,0,1,3,4,0,2,3,,N,,,,,,,,,,,
2009059306,1204.0,1,0,0,1,0,0,0,0,0,4,0,,67,4,2009,3,39.9517,-75.1772,1200.0,6,0,0,0,0,0,1,0,0,,0,0,0,11,1,1,1,,0,39 57:06.231,,0,75 10:37.822,4,0,0,0,67301,1,0,0,N,0,0,0,2,67301,1,,1,98,,N,N,,0,,0,0,0,3,2,,1150,1,2,0,0,0,0,0,3,4,0,1,99,,N,,,,,,,,,,,
2009093540,9999.0,1,0,0,0,0,0,0,0,0,1,0,,67,8,2009,1,40.0261,-75.0966,9999.0,6,0,0,0,0,0,0,0,0,1.0,0,0,0,99,3,2,5,,1,40 01:34.020,1.0,0,75 05:48.431,8,0,0,0,67301,0,0,0,,0,0,0,3,67301,0,,1,1,,,,,0,,0,0,1,3,2,Y,9999,2,2,0,0,0,2,0,3,4,0,2,3,,N,,,,,,,,,,,
2009093541,217.0,1,0,0,0,0,0,0,0,0,1,0,,67,8,2009,1,40.0104,-75.1849,213.0,6,0,0,0,0,0,0,0,0,1.0,0,0,0,2,3,0,0,,2,40 00:37.436,1.0,0,75 11:05.426,0,0,0,0,67301,0,0,0,N,0,0,0,2,67301,0,,1,1,,N,N,,0,,0,0,0,0,0,Y,211,0,2,0,0,0,0,0,3,4,1,2,3,,N,,,,,,,,,,,
2009093621,1840.0,1,0,0,0,0,0,0,0,0,8,0,,67,8,2009,2,40.0275,-75.1393,1831.0,6,0,0,0,0,0,0,0,0,,0,0,0,18,1,1,0,,0,40 01:38.839,,0,75 08:21.480,4,0,0,0,67301,1,0,0,N,1,0,0,2,67301,1,,1,1,,N,N,,0,,0,0,0,0,0,,1831,1,2,0,0,0,0,1,3,4,0,1,3,,N,,,,,,,,,,,
2009056949,1610.0,0,0,0,0,0,0,0,0,0,8,0,,67,5,2009,6,39.9753,-75.2455,1600.0,6,0,0,0,0,0,0,0,0,,0,0,0,15,1,1,1,,0,39 58:31.257,,0,75 14:43.799,4,0,0,0,67301,1,0,0,N,1,0,0,3,67301,1,,1,9,,N,N,,1,,0,0,0,3,2,,1515,1,2,0,0,2,0,0,3,4,0,1,7,,N,,,,,,,,,,,
2009056967,2339.0,1,0,0,0,0,0,0,0,0,5,0,,67,5,2009,4,40.0738,-75.0022,2338.0,6,0,0,0,0,0,0,0,0,,0,0,0,23,3,1,0,,0,40 04:25.661,,0,75 00:07.805,4,0,0,0,67301,0,0,0,N,0,0,0,2,67301,1,,1,9,,N,N,,0,,0,0,1,0,0,,2330,1,2,0,0,0,0,0,3,4,0,2,7,,N,,,,,,,,,,,
2009056977,338.0,1,0,0,0,0,0,0,0,0,7,0,,67,4,2009,1,39.9634,-75.1874,336.0,6,0,0,0,0,0,0,0,0,,0,0,0,3,3,1,7,,0,39 57:48.208,,8,75 11:14.787,8,0,0,0,67301,0,0,0,N,0,0,0,2,67301,0,,5,1,,N,N,,0,,0,0,0,3,2,,330,1,1,0,0,0,1,0,3,4,0,1,3,,N,,,,,,,,,,,
2009054338,1130.0,1,0,0,0,0,0,0,0,0,4,0,,67,5,2009,1,39.9774,-75.1818,1130.0,6,0,0,0,0,0,0,0,0,,0,0,0,11,1,1,1,,0,39 58:38.805,,0,75 10:54.303,4,0,0,0,67301,0,0,0,N,0,0,0,10,67301,1,,1,9,,N,N,,0,,0,0,0,9,3,,1128,1,2,0,0,0,0,6,3,4,1,2,7,,N,,,,,,,,,,,
2009086108,1515.0,0,0,0,0,0,0,0,0,0,8,0,,67,8,2009,2,40.021,-75.1567,1514.0,6,0,0,0,0,0,0,0,0,,0,0,0,15,1,1,0,,0,40 01:15.434,,0,75 09:24.184,4,0,0,0,67301,1,0,0,,1,0,0,2,67301,1,,1,1,,,,,1,,0,0,0,0,0,,1513,1,2,0,0,0,0,0,3,4,0,1,3,,N,,,,,,,,,,,
2009086148,204.0,3,0,0,0,0,0,0,0,0,1,0,,67,7,2009,1,40.0893,-75.0203,203.0,6,0,0,0,0,0,0,0,0,3.0,0,0,0,2,3,3,0,,2,40 05:21.483,1.0,0,75 01:13.245,4,0,0,0,67301,1,0,0,N,1,0,0,4,67301,1,,4,1,,,,,0,,0,0,0,0,0,Y,203,3,4,0,0,1,2,1,3,4,0,3,3,,N,,,,,,,,,,,
2009086159,2233.0,2,0,0,0,0,0,0,0,0,1,0,,67,8,2009,7,40.0392,-75.0668,2228.0,6,0,0,0,0,0,0,0,0,,0,0,0,22,3,3,1,,0,40 02:21.129,,0,75 04:00.301,4,0,0,0,67301,0,0,0,N,0,0,0,4,67301,3,,1,1,,N,N,,0,,0,0,0,3,2,,2215,3,2,0,0,0,0,0,3,4,0,2,3,,N,,,,,,,,,,,
2010003103,1507.0,1,0,0,0,0,0,0,0,0,8,0,,67,11,2009,4,39.9945,-75.1593,1503.0,6,0,0,0,0,0,0,0,0,,0,0,0,14,1,2,1,,0,39 59:40.362,,0,75 09:33.546,4,0,0,0,67301,2,0,0,,2,0,0,3,67301,2,,1,1,,N,N,,0,,0,0,0,3,2,,1451,2,3,0,0,0,0,0,3,4,0,1,3,,N,,,,,,,,,,,
2010005915,1110.0,2,0,0,0,0,0,0,0,0,2,0,,67,12,2009,3,40.1021,-75.0291,1108.0,6,0,0,0,0,0,0,0,0,,0,0,0,11,1,1,0,,0,40 06:06.540,,7,75 01:45.177,4,0,0,0,67301,0,0,0,N,0,0,0,3,67301,1,,1,9,,N,N,,0,,0,0,0,0,0,,1107,1,2,0,0,0,0,0,3,4,0,2,3,,N,,,,,,,,,,,
2010003256,1226.0,2,0,0,0,0,0,0,0,0,4,0,,67,11,2009,7,39.9589,-75.1567,1222.0,6,0,0,0,0,0,2,0,0,2.0,0,0,0,12,1,1,1,,2,39 57:32.119,1.0,0,75 09:24.206,8,0,0,0,67301,0,0,0,N,0,0,0,3,67301,0,,1,1,,N,N,,0,,0,0,0,3,2,Y,1220,1,2,0,0,0,1,1,3,4,0,2,3,,N,,,,,,,,,,,
2010006260,1210.0,2,0,0,0,0,0,0,0,0,4,0,,67,12,2009,4,39.9587,-75.2333,1205.0,6,0,0,0,0,0,0,0,1,,0,0,0,10,1,0,1,,0,39 57:31.338,,0,75 14:00.034,0,0,0,0,67301,0,0,0,N,0,0,0,2,67301,0,,1,9,,N,N,,0,,0,0,0,3,3,,1045,0,2,0,0,0,0,0,3,4,0,2,3,,N,,,,,,,,,,,
2010006275,2100.0,1,0,0,0,0,0,0,0,0,7,0,,67,12,2009,3,40.0124,-75.0691,2055.0,6,0,0,0,0,0,1,0,0,3.0,0,0,0,20,1,1,1,,2,40 00:44.615,2.0,0,75 04:08.798,4,0,0,0,67301,0,0,0,,0,0,0,1,67301,1,,5,1,,,,,0,,0,0,0,3,2,Y,2055,1,1,0,0,1,0,0,3,4,0,1,3,,N,,,,,,,,,,,
2010006281,1243.0,1,0,0,0,0,0,1,0,0,5,1,,67,12,2009,7,39.9534,-75.1716,1240.0,6,0,0,0,0,0,0,0,0,,0,0,0,12,1,1,1,,0,39 57:12.163,,0,75 10:17.838,4,0,0,0,67301,0,0,0,N,0,0,0,4,67301,1,,1,9,,N,N,,0,,0,0,0,3,2,,1237,1,2,0,0,0,0,0,3,4,0,2,7,,N,,,,,,,,,,,
2010006396,948.0,2,0,0,0,0,0,0,0,0,5,0,,67,12,2009,6,40.0214,-75.1486,943.0,6,0,0,0,1,0,0,0,0,,0,0,0,9,1,1,0,,0,40 01:17.042,,0,75 08:54.938,8,0,0,0,67301,0,0,0,,0,0,0,2,67301,0,,1,1,,,,,0,,0,0,0,0,0,,935,1,2,0,0,0,1,0,3,4,0,2,3,,N,,,,,,,,,,,
2010010135,0.0,1,0,0,0,0,0,0,0,0,1,0,,67,11,2009,1,40.0331,-75.1812,0.0,6,0,0,0,0,0,1,0,0,,0,0,0,9,1,1,1,,0,40 01:59.135,,0,75 10:52.429,8,0,0,0,67301,0,0,0,N,0,0,0,2,00000,0,,1,1,,N,N,,0,,0,0,1,9,9,,900,1,2,0,0,0,1,1,3,4,0,2,3,,N,,,,,,,,,,,
2010010660,,1,0,0,0,0,0,0,0,0,5,0,,67,8,2009,7,39.9713,-75.1594,,6,0,0,0,0,0,0,0,0,,0,0,0,14,1,2,0,,0,39 58:16.712,,0,75 09:33.843,8,0,0,0,67301,0,0,0,N,0,0,0,3,00000,0,,1,1,,N,N,,0,,0,0,0,0,0,,1445,2,2,0,0,0,2,0,3,4,0,2,3,,N,,,,,,,,,,,
2010011189,835.0,1,0,0,0,0,0,0,0,0,1,0,,67,12,2009,5,39.8946,-75.2296,827.0,6,0,0,0,0,0,1,0,0,,0,0,0,8,1,1,2,,0,39 53:40.927,,0,75 13:46.057,4,0,0,0,67301,0,0,0,,0,0,0,2,67301,1,,1,2,,,,,1,,0,0,0,3,2,,815,1,2,0,0,0,0,0,3,4,0,2,10,,N,,,,,,,,,,,
2010018892,845.0,2,0,0,0,0,0,0,0,0,4,0,,67,12,2009,7,39.9546,-75.1813,832.0,6,0,0,0,0,0,0,0,1,2.0,0,0,0,7,1,0,1,,1,39 57:16.664,3.0,0,75 10:52.570,0,0,0,0,67301,0,0,0,N,0,0,0,2,67301,0,,1,9,,N,N,,0,,0,0,0,3,2,N,744,0,2,0,0,0,0,0,3,4,0,2,7,,N,,,,,,,,,,,
2010005534,1415.0,1,0,0,0,0,0,0,0,0,8,0,,67,12,2009,6,39.9932,-75.0932,1403.0,6,0,0,0,0,1,0,0,0,,0,0,0,12,1,1,0,,0,39 59:35.414,,0,75 05:35.668,8,0,0,0,67301,1,0,0,N,1,0,0,2,67301,0,,1,1,,N,N,,0,,0,0,0,0,0,,1255,1,2,0,0,0,1,0,3,4,0,1,3,,N,,,,,,,,,,,
2010002676,355.0,1,0,0,0,0,0,0,0,0,7,0,,67,12,2009,1,39.9605,-75.1813,349.0,6,0,0,0,0,0,0,0,0,,0,0,0,3,3,1,7,,0,39 57:36.406,,2,75 10:47.246,8,0,0,0,67301,0,0,0,Y,0,0,0,1,68K01,0,,7,1,,N,N,,0,,0,0,0,0,0,,338,1,1,0,0,1,1,0,3,4,0,1,3,,N,,,,,,,,,,,
2010002760,800.0,2,0,0,0,0,0,0,0,0,2,0,,67,11,2009,1,39.9713,-75.2377,725.0,6,0,0,0,0,0,1,0,0,,0,0,0,7,1,1,0,,0,39 58:16.849,,0,75 14:15.723,4,0,0,0,67301,0,0,0,,0,0,0,1,67301,1,,1,1,,N,N,,1,,0,0,0,0,0,,720,1,3,0,0,0,0,0,3,4,0,3,3,,N,,,,,,,,,,,
2010005604,751.0,0,0,0,0,0,0,0,0,0,7,0,,67,12,2009,6,40.0976,-75.0115,748.0,6,0,0,0,0,0,0,0,0,2.0,0,0,0,7,1,1,0,,2,40 05:51.413,1.0,0,75 00:41.225,4,0,0,0,67301,0,0,0,N,0,0,0,1,67301,1,,5,2,,N,N,,0,,0,0,1,0,0,N,748,1,1,0,0,0,0,0,3,4,0,1,3,,N,,,,,,,,,,,
2011031206,940.0,1,0,0,0,0,0,0,0,0,7,0,,67,12,2009,4,39.9933,-75.198,930.0,6,0,0,0,0,0,0,0,0,3.0,0,0,0,9,1,1,0,,2,39 59:35.900,5.0,0,75 11:52.730,8,0,0,0,67301,0,0,0,N,0,0,0,1,67301,0,,2,9,,N,N,,0,,0,0,0,0,0,Y,925,1,1,0,0,0,1,0,3,4,0,1,7,,N,,,,,,,,,,,
2009092991,2153.0,1,0,0,0,0,0,0,0,0,8,0,,67,7,2009,4,39.9719,-75.2449,2151.0,6,0,0,0,0,0,0,0,0,,0,0,0,21,3,1,1,,0,39 58:18.703,,0,75 14:41.713,8,0,0,0,67301,1,0,0,,1,0,0,2,32601,0,,1,1,,,,,0,,0,0,0,3,2,,2150,1,2,0,0,0,1,0,3,4,0,1,3,,N,,,,,,,,,,,
2009125278,631.0,1,0,0,0,0,0,0,0,0,4,0,,67,11,2009,1,40.0092,-75.1511,630.0,6,0,0,0,0,0,1,0,0,1.0,0,0,0,6,5,1,1,,1,40 00:33.277,2.0,0,75 09:04.079,4,0,0,0,67301,0,0,0,N,0,0,0,2,67301,1,,1,1,,N,N,,1,,0,0,0,9,2,N,625,1,2,0,0,0,0,0,3,4,0,2,3,,N,,,,,,,,,,,
2009100804,752.0,1,0,0,0,0,0,0,0,0,8,0,,67,9,2009,3,39.9287,-75.1737,750.0,6,0,0,0,0,0,0,0,0,,0,0,0,7,1,1,1,,0,39 55:43.168,,0,75 10:25.283,4,0,0,0,67301,1,0,0,,1,0,0,2,67301,1,,1,1,,,,,0,,0,0,0,3,3,,700,1,2,0,0,0,0,0,3,4,0,1,3,,N,,,,,,,,,,,
2009100791,1622.0,1,0,0,0,0,0,0,0,0,8,0,,67,9,2009,4,39.9209,-75.1722,1618.0,6,0,0,0,0,0,0,1,0,,0,0,0,8,1,1,1,,0,39 55:15.211,,0,75 10:19.952,4,0,0,0,67301,1,0,0,N,1,0,0,2,67301,1,,1,1,,N,N,,0,,0,0,0,3,3,,800,1,2,0,0,0,0,0,3,4,0,1,3,,N,,,,,,,,,,,
2009100781,2345.0,0,0,0,1,0,0,0,0,0,6,0,,67,9,2009,3,39.9754,-75.1239,2340.0,6,0,0,0,0,0,0,0,0,,0,0,0,22,3,1,0,,0,39 58:31.317,,0,75 07:26.196,3,0,0,0,67301,1,0,0,N,0,0,0,2,67301,0,,1,1,,N,N,,0,,1,0,1,0,0,,2215,1,2,0,0,0,0,0,3,4,0,1,3,,N,,,,,,,,,,,
2009100753,9999.0,2,0,0,0,0,0,0,0,0,4,0,,67,9,2009,7,40.0189,-75.1472,2146.0,6,0,0,0,0,0,1,0,0,2.0,0,0,0,21,3,3,1,,2,40 01:08.216,1.0,0,75 08:49.391,4,0,0,0,67301,0,0,0,N,0,0,0,5,67301,2,,1,1,,N,N,,0,,0,0,0,3,1,Y,2136,3,2,0,0,4,1,0,3,4,0,2,3,,N,,,,,,,,,,,
2009067578,1345.0,1,0,0,0,0,0,0,0,0,1,0,,67,6,2009,1,40.0784,-75.0242,1335.0,6,0,0,0,0,0,0,0,1,3.0,0,0,0,13,1,4,0,,1,40 04:42.380,4.0,0,75 01:27.187,4,0,0,0,67301,0,0,0,N,0,0,0,14,67301,4,,1,1,,N,N,,0,,0,0,1,3,2,N,1330,4,3,0,0,3,0,0,3,4,1,3,3,,N,,,,,,,,,,,
2009065063,10.0,0,0,0,0,0,0,0,0,0,8,0,,67,5,2009,5,39.9161,-75.239,9.0,6,0,0,0,0,0,0,0,0,,0,0,0,22,3,1,1,,0,39 54:58.190,,0,75 14:20.407,8,0,0,0,67301,1,0,0,,1,0,0,2,67301,0,,1,9,,,,,1,,0,0,0,3,2,,2230,1,2,0,0,0,1,0,3,4,0,1,7,,N,,,,,,,,,,,
2009084104,1809.0,1,0,0,1,0,0,0,0,0,4,0,,67,7,2009,6,39.9536,-75.2314,1807.0,6,0,0,0,0,0,1,0,0,,0,0,0,18,1,1,1,,0,39 57:13.100,,0,75 13:53.007,8,0,0,0,67301,1,0,0,N,0,0,0,2,67301,0,,1,1,,N,N,,0,,0,0,0,9,3,,1800,1,2,0,0,0,1,0,3,4,0,1,3,,N,,,,,,,,,,,
2009111097,232.0,1,0,0,0,0,0,0,0,0,1,0,,67,10,2009,1,40.0589,-74.9888,232.0,6,0,0,0,0,0,0,0,0,2.0,0,0,0,2,3,0,0,,1,40 03:32.196,3.0,0,74 59:19.688,0,0,0,0,67301,0,0,0,,0,0,0,1,67301,0,,2,1,,N,N,,0,,0,0,1,0,0,N,230,0,2,0,0,0,0,0,3,4,0,2,3,,N,,,,,,,,,,,
2009111132,810.0,1,0,0,0,0,0,0,0,0,1,0,,67,10,2009,6,40.0169,-75.1495,803.0,6,0,0,0,0,1,0,0,0,1.0,0,0,0,7,1,0,0,,2,40 01:00.807,1.0,0,75 08:58.092,0,0,0,0,67301,0,0,0,N,0,0,0,3,67301,0,,1,9,,N,N,,0,,0,0,1,3,2,N,745,0,2,0,0,1,0,0,3,4,0,2,7,,N,,,,,,,,,,,
2009118888,1710.0,1,0,0,0,0,0,0,0,0,8,0,,67,10,2009,5,39.9249,-75.2234,1707.0,6,0,0,0,0,0,0,0,0,,0,0,0,13,1,1,1,,0,39 55:29.812,,0,75 13:24.391,4,0,0,0,67301,1,0,0,N,1,0,0,3,67301,1,,1,1,,N,N,,0,,0,0,0,9,2,,1330,1,2,0,0,0,0,0,3,4,0,1,3,,N,,,,,,,,,,,
2009111153,244.0,3,0,0,0,0,0,0,0,0,1,0,,67,9,2009,1,39.9546,-75.1648,239.0,6,0,0,0,0,0,0,0,0,,0,0,0,2,3,2,5,,0,39 57:17.215,,0,75 09:58.983,4,0,0,0,67301,0,0,0,,0,0,0,5,67301,2,,1,9,,,,,0,,0,0,0,3,2,,238,2,3,0,0,0,0,0,3,4,0,3,7,,N,,,,,,,,,,,
2009120834,1215.0,1,0,0,0,0,0,0,0,0,8,0,,67,10,2009,2,39.9249,-75.2287,1210.0,6,0,0,0,0,0,1,0,0,,0,0,0,8,1,2,2,,0,39 55:29.589,,0,75 13:43.219,4,0,0,0,67301,2,0,0,N,2,0,0,3,67301,2,,1,1,,N,N,,0,,0,0,0,0,0,,800,2,3,0,0,0,0,0,3,4,0,1,3,,N,,,,,,,,,,,
2009120845,354.0,2,0,0,0,0,0,0,0,0,4,0,,67,10,2009,7,39.9571,-75.1384,344.0,6,0,0,0,0,0,0,0,0,,0,0,0,3,3,2,2,,0,39 57:24.777,,0,75 08:18.693,8,0,0,0,67301,0,0,0,N,0,0,0,2,67301,0,,1,9,,N,N,,0,,0,0,0,3,2,,344,2,2,0,0,0,2,0,3,4,0,2,7,,N,,,,,,,,,,,
2009106217,1107.0,1,0,0,0,0,0,0,0,0,1,1,,67,10,2009,2,39.9972,-75.1193,1105.0,6,0,0,1,0,0,1,0,0,,0,1,0,11,1,1,0,,0,39 59:49.961,,0,75 07:09.484,4,0,0,0,67301,0,0,0,,0,0,0,4,67301,1,,1,1,,N,N,,0,,0,0,0,0,0,,1104,1,2,0,0,0,0,0,3,4,0,2,3,,N,,,,,,,,,,,