CRN,ARRIVAL_TM,AUTOMOBILE_COUNT,BELTED_DEATH_COUNT,BELTED_SUSP_SERIOUS_INJ_COUNT,BICYCLE_COUNT,BICYCLE_DEATH_COUNT,BICYCLE_SUSP_SERIOUS_INJ_COUNT,BUS_COUNT,CHLDPAS_DEATH_COUNT,CHLDPAS_SUSP_SERIOUS_INJ_COUNT,COLLISION_TYPE,COMM_VEH_COUNT,CONS_ZONE_SPD_LIM,COUNTY,CRASH_MONTH,CRASH_YEAR,DAY_OF_WEEK,DEC_LAT,DEC_LONG,DISPATCH_TM,DISTRICT,DRIVER_COUNT_16YR,DRIVER_COUNT_17YR,DRIVER_COUNT_18YR,DRIVER_COUNT_19YR,DRIVER_COUNT_20YR,DRIVER_COUNT_50_64YR,DRIVER_COUNT_65_74YR,DRIVER_COUNT_75PLUS,EST_HRS_CLOSED,FATAL_COUNT,HEAVY_TRUCK_COUNT,HORSE_BUGGY_COUNT,HOUR_OF_DAY,ILLUMINATION,INJURY_COUNT,INTERSECT_TYPE,INTERSECTION_RELATED,LANE_CLOSED,LATITUDE,LN_CLOSE_DIR,LOCATION_TYPE,LONGITUDE,MAX_SEVERITY_LEVEL,MCYCLE_DEATH_COUNT,MCYCLE_SUSP_SERIOUS_INJ_COUNT,MOTORCYCLE_COUNT,MUNICIPALITY,NONMOTR_COUNT,NONMOTR_DEATH_COUNT,NONMOTR_SUSP_SERIOUS_INJ_COUNT,NTFY_HIWY_MAINT,PED_COUNT,PED_DEATH_COUNT,PED_SUSP_SERIOUS_INJ_COUNT,PERSON_COUNT,POLICE_AGCY,POSSIBLE_INJ_COUNT,RDWY_SURF_TYPE_CD,RELATION_TO_ROAD,ROAD_CONDITION,ROADWAY_CLEARED,SCH_BUS_IND,SCH_ZONE_IND,SECONDARY_CRASH,SMALL_TRUCK_COUNT,SPEC_JURIS_CD,SUSP_MINOR_INJ_COUNT,SUSP_SERIOUS_INJ_COUNT,SUV_COUNT,TCD_FUNC_CD,TCD_TYPE,TFC_DETOUR_IND,TIME_OF_DAY,TOT_INJ_COUNT,TOTAL_UNITS,UNB_DEATH_COUNT,UNB_SUSP_SERIOUS_INJ_COUNT,UNBELTED_OCC_COUNT,UNK_INJ_DEG_COUNT,UNK_INJ_PER_COUNT,URBAN_AREA,URBAN_RURAL,VAN_COUNT,VEHICLE_COUNT,WEATHER1,WEATHER2,WORK_ZONE_IND,WORK_ZONE_LOC,WORK_ZONE_TYPE,WORKERS_PRES,WZ_CLOSE_DETOUR,WZ_FLAGGER,WZ_LAW_OFFCR_IND,WZ_LN_CLOSURE,WZ_MOVING,WZ_OTHER,WZ_SHLDER_MDN,WZ_WORKERS_INJ_KILLED
2009128742,2359.0,0,0,0,0,0,0,0,0,0,7,0,,67,12,2009,4,39.9136,-75.1484,2354.0,6,0,0,0,0,0,0,0,0,1.0,0,0,0,23,3,2,0,,1,39 54:48.600,2.0,0,75 08:54.240,3,0,0,0,67301,0,0,0,N,0,0,0,2,68K01,0,,4,9,,N,N,,0,,2,0,1,0,0,N,2328,2,1,0,0,2,0,0,3,4,0,1,7,,N,,,,,,,,,,,
2009064432,9999.0,1,0,0,0,0,0,0,0,0,7,0,,67,5,2009,6,40.0218,-75.1997,546.0,6,0,0,0,0,0,1,0,0,1.0,0,0,0,99,5,0,0,,2,40 01:18.608,1.0,0,75 11:58.928,0,0,0,0,67301,0,0,0,,0,0,0,1,67301,0,,2,9,,,,,0,,0,0,0,0,0,N,9999,0,1,0,0,0,0,0,3,4,0,1,7,,N,,,,,,,,,,,
2009056956,41.0,2,0,0,0,0,0,0,0,0,2,0,,67,4,2009,1,40.0475,-75.1428,39.0,6,0,0,0,0,1,0,0,0,,0,0,0,0,3,1,1,,0,40 02:50.960,,0,75 08:34.014,4,0,0,0,67301,0,0,0,N,0,0,0,2,67301,1,,1,1,,N,N,,0,,0,0,0,3,2,,35,1,2,0,0,0,0,0,3,4,0,2,3,,N,,,,,,,,,,,
2009054437,1537.0,1,0,0,0,0,0,0,0,0,7,0,,67,4,2009,7,40.0127,-75.205,1534.0,6,0,0,0,0,0,0,0,0,1.0,0,0,0,15,1,0,7,,2,40 00:52.456,4.0,2,75 12:22.452,0,0,0,0,67301,0,0,0,N,0,0,0,1,67301,0,,2,9,,N,N,,0,,0,0,0,0,0,Y,1530,0,1,0,0,0,0,0,3,4,0,1,7,,N,,,,,,,,,,,
2009054506,1728.0,0,0,0,0,0,0,1,0,0,8,1,,67,4,2009,5,39.965,-75.157,1728.0,6,0,0,0,0,0,0,0,0,3.0,0,0,0,17,1,1,2,,2,39 57:54.039,2.0,0,75 09:25.261,8,0,0,0,67301,1,0,0,N,1,0,0,6,67301,0,,1,1,,N,Y,,0,,0,0,0,0,0,Y,1728,1,2,0,0,0,1,4,3,4,0,1,3,,N,,,,,,,,,,,
2009054548,926.0,3,0,0,0,0,0,0,0,0,4,0,,67,4,2009,3,40.0368,-75.1603,921.0,6,0,0,0,0,0,0,0,0,1.0,0,0,0,9,1,2,0,,2,40 02:12.526,5.0,0,75 09:37.202,8,0,0,0,67301,0,0,0,N,0,0,0,2,67301,0,,2,9,,N,N,,0,,0,0,1,0,0,Y,910,2,4,0,0,0,2,0,3,4,0,4,7,,N,,,,,,,,,,,
2009086134,1941.0,2,0,0,0,0,0,0,0,0,6,0,,67,8,2009,1,39.983,-75.2323,1937.0,6,0,0,0,0,0,0,0,0,2.0,0,0,0,99,1,1,0,,1,39 58:58.875,4.0,0,75 13:56.287,8,0,0,0,67301,0,0,0,,0,0,0,1,67301,0,,1,1,,,,,0,,0,0,1,0,0,N,9999,1,3,0,0,0,1,0,3,4,0,3,3,,N,,,,,,,,,,,
2009068527,1315.0,2,0,0,0,0,0,0,0,0,4,0,,67,6,2009,7,40.0094,-75.1594,1311.0,6,0,0,0,0,0,1,0,0,,0,0,0,99,1,3,1,,0,40 00:33.890,,0,75 09:33.775,3,0,0,0,67301,0,0,0,,0,0,0,5,67301,2,,1,1,,N,N,,0,,1,0,0,3,3,,9999,3,2,0,0,0,0,0,3,4,0,2,3,,N,,,,,,,,,,,
2009068548,2005.0,1,0,0,0,0,0,0,0,0,4,0,,67,5,2009,6,40.0719,-74.9811,2000.0,6,0,0,0,0,0,0,0,0,,1,0,0,20,1,0,2,,0,40 04:18.787,,0,74 58:51.881,1,1,0,1,67301,0,0,0,N,0,0,0,2,67301,0,2.0,1,1,,N,N,,0,0.0,0,0,0,3,2,,2000,0,2,0,0,0,0,0,3,4,0,2,3,,N,,,,,,,,,,,
2009066073,0.0,1,0,0,0,0,0,0,0,0,8,0,,67,1,2009,3,39.9906,-75.129,0.0,6,0,0,0,0,0,0,0,0,,0,0,0,99,8,1,0,,0,39 59:26.131,,0,75 07:44.437,2,0,0,0,67301,1,0,1,N,1,0,1,2,00000,0,,1,1,,N,N,,0,,0,1,0,0,0,,9999,1,2,0,0,0,0,1,3,4,0,1,3,,N,,,,,,,,,,,
2009066090,0.0,2,0,1,0,0,0,0,0,0,4,0,,67,5,2009,5,40.0202,-75.0739,0.0,6,0,0,0,0,0,0,0,0,,0,0,0,99,1,1,2,,0,40 01:12.762,,0,75 04:25.893,2,0,0,0,67301,0,0,0,N,0,0,0,3,00000,0,,1,1,,N,N,,0,,0,1,0,3,3,,9999,1,2,0,0,0,0,2,3,4,0,2,3,,N,,,,,,,,,,,
2010005938,1335.0,1,0,0,0,0,0,0,0,0,1,0,,67,12,2009,7,40.047,-75.0514,1320.0,6,0,0,0,1,0,0,0,0,1.0,0,0,0,13,1,1,0,,2,40 02:49.028,1.0,0,75 03:05.101,4,0,0,0,67301,0,0,0,N,0,0,0,2,67301,1,,1,7,,N,N,,0,,0,0,1,0,0,N,1315,1,2,0,0,0,0,0,3,4,0,2,10,,N,,,,,,,,,,,
2010003212,605.0,1,0,0,0,0,0,0,0,0,4,0,,67,11,2009,1,39.991,-75.1324,550.0,6,0,0,0,0,0,0,0,0,,0,0,0,5,3,1,2,,0,39 59:28.076,,0,75 07:56.719,4,0,0,0,67301,0,0,0,N,0,0,0,2,67301,1,,1,1,,N,N,,1,,0,0,0,0,0,,542,1,2,0,0,0,0,0,3,4,0,2,3,,N,,,,,,,,,,,
2010005933,209.0,0,0,0,0,0,0,0,0,0,5,0,,67,12,2009,7,39.9619,-75.2268,209.0,6,0,0,0,0,0,0,0,0,,0,0,0,2,3,1,0,,0,39 57:42.667,,0,75 13:36.433,8,0,0,0,67301,1,0,0,,1,0,0,2,67301,0,,6,9,,,,,1,,0,0,1,0,0,,200,1,3,0,0,0,1,0,3,4,0,2,10,,N,,,,,,,,,,,
2010006261,1134.0,2,0,0,0,0,0,0,0,0,4,0,,67,12,2009,6,39.9412,-75.2095,1126.0,6,0,0,0,0,0,0,0,0,,0,0,0,11,1,2,1,,0,39 56:28.421,,0,75 12:33.863,4,0,0,0,67301,0,0,0,N,0,0,0,3,67301,1,,1,1,,N,N,,0,,0,0,0,3,2,,1121,2,2,0,0,0,1,0,3,4,0,2,3,,N,,,,,,,,,,,
2010010552,0.0,0,0,0,1,0,0,0,0,0,4,0,,67,11,2009,3,39.9898,-75.1255,0.0,6,0,0,0,0,0,0,0,0,,0,0,0,6,5,1,1,,0,39 59:23.298,,0,75 07:31.934,8,0,0,1,67301,1,0,0,N,0,0,0,2,00000,0,,1,1,,N,N,,0,,0,0,0,9,2,,630,1,2,0,0,0,1,1,3,4,0,1,3,,N,,,,,,,,,,,
2010010593,0.0,2,0,0,0,0,0,0,0,0,4,0,,67,9,2009,6,39.9187,-75.2097,0.0,6,0,0,0,0,0,1,0,0,,0,0,0,15,1,0,0,,0,39 55:07.374,,7,75 12:34.927,0,0,0,0,67301,0,0,0,N,0,0,0,2,00000,0,,1,98,,N,N,,0,,0,0,0,0,0,,1500,0,2,0,0,0,0,0,3,4,0,2,99,,N,,,,,,,,,,,
2010010728,0.0,2,0,0,0,0,0,0,0,0,1,0,,67,6,2009,5,39.9634,-75.1871,0.0,6,0,0,0,0,0,0,0,0,,0,0,0,9,1,1,0,,0,39 57:48.152,,0,75 11:13.598,8,0,0,0,67301,0,0,0,N,0,0,0,2,00000,0,,1,1,,N,N,,0,,0,0,0,0,0,,930,1,2,0,0,0,1,0,3,4,0,2,3,,N,,,,,,,,,,,
2010008131,1600.0,0,0,0,0,0,0,0,0,0,7,0,,67,12,2009,4,39.9257,-75.1468,1558.0,6,0,0,0,0,0,1,0,0,,0,0,0,15,1,0,0,,0,39 55:32.909,,0,75 08:48.595,0,0,0,0,67301,0,0,0,N,0,0,0,1,68K01,0,,2,1,,N,N,,1,,0,0,0,0,0,,1553,0,1,0,0,0,0,0,3,4,0,1,3,,N,,,,,,,,,,,
2010005682,143.0,4,0,0,0,0,0,0,0,0,5,0,,67,12,2009,3,40.0459,-75.1377,140.0,6,0,0,0,0,0,0,0,0,,0,0,0,99,3,3,0,,0,40 02:45.261,,0,75 08:15.702,3,0,0,0,67301,2,0,0,N,0,0,0,3,67301,1,,1,9,,N,N,,1,,2,0,0,0,0,,9999,3,5,0,0,1,0,0,3,4,0,5,7,,N,,,,,,,,,,,
2010011423,1415.0,1,0,0,0,0,0,0,0,0,5,1,,67,12,2009,4,40.0072,-75.1929,1400.0,6,0,0,0,0,0,0,0,0,1.0,0,1,0,14,1,3,0,,1,40 00:31.030,2.0,0,75 11:26.028,4,0,0,0,67301,0,0,0,N,0,0,0,5,67301,3,,1,1,,N,N,,1,,0,0,0,0,0,N,1400,3,3,0,0,0,0,0,3,4,0,3,3,,N,,,,,,,,,,,
2010018963,9999.0,2,0,0,0,0,0,0,0,0,4,0,,67,12,2009,3,40.0363,-75.0258,9999.0,6,0,0,0,0,0,0,0,0,1.0,0,0,0,99,3,1,1,,1,40 02:10.516,3.0,0,75 01:32.995,4,0,0,0,67301,0,0,0,N,0,0,0,2,67301,1,,1,98,,N,N,,0,,0,0,0,3,3,N,9999,1,2,0,0,0,0,0,3,4,0,2,3,,N,,,,,,,,,,,
2010004638,307.0,1,0,0,0,0,0,0,0,0,1,0,,67,12,2009,3,39.9343,-75.2,302.0,6,0,0,1,0,0,0,0,0,,0,0,0,2,3,0,0,,0,39 56:01.320,,0,75 12:00.360,0,0,0,0,67301,0,0,0,N,0,0,0,3,68K01,0,,1,1,,N,N,,0,,0,0,1,0,0,,253,0,2,0,0,0,0,0,3,4,0,2,3,,N,,,,,,,,,,,
2010006381,2030.0,1,0,0,0,0,0,0,0,0,8,0,,67,12,2009,6,40.0298,-75.118,2020.0,6,0,0,0,0,0,0,0,0,,0,0,0,19,3,1,0,,0,40 01:47.366,,0,75 07:04.778,4,0,0,0,67301,1,0,0,N,1,0,0,2,67301,1,,1,9,,,,,0,,0,0,0,0,0,,1957,1,2,0,0,1,0,0,3,4,0,1,7,,N,,,,,,,,,,,
2010005531,1658.0,2,0,0,0,0,0,0,0,0,4,0,,67,12,2009,7,39.9823,-75.1267,1652.0,6,0,0,0,0,0,1,0,0,2.0,0,0,0,16,4,1,1,,1,39 58:56.426,1.0,0,75 07:36.268,4,0,0,0,67301,0,0,0,,0,0,0,4,67301,1,,1,1,,N,N,,0,,0,0,0,3,3,N,1618,1,2,0,0,0,0,1,3,4,0,2,3,,N,,,,,,,,,,,
2010002755,1825.0,2,0,0,0,0,0,0,0,0,4,0,,67,12,2009,1,40.0907,-74.9649,1819.0,6,0,0,0,0,0,1,0,0,,0,0,0,18,3,0,0,,0,40 05:26.596,,7,74 57:53.618,0,0,0,0,67301,0,0,0,N,0,0,0,2,67301,0,,1,1,,N,N,,0,,0,0,0,3,3,,1817,0,2,0,0,0,0,0,3,4,0,2,3,,N,,,,,,,,,,,
2010002889,2158.0,1,0,0,0,0,0,0,0,0,8,0,,67,11,2009,6,39.9498,-75.2058,2157.0,6,0,0,0,0,0,0,0,0,1.0,0,0,0,21,3,2,1,,1,39 56:59.424,6.0,0,75 12:20.905,8,0,0,0,67301,2,0,0,N,2,0,0,3,67301,0,,1,1,,N,N,,0,,0,0,0,3,2,Y,2148,2,3,0,0,0,2,0,3,4,0,1,3,,N,,,,,,,,,,,
2010005596,954.0,2,0,0,0,0,0,0,0,0,4,0,,67,12,2009,3,39.9531,-75.1401,949.0,6,0,0,0,0,0,0,0,0,,0,0,0,9,1,0,0,,0,39 57:11.185,,7,75 08:24.472,0,0,0,0,67301,0,0,0,N,0,0,0,3,67301,0,,1,1,,N,N,,0,,0,0,0,0,0,,945,0,2,0,0,0,0,0,3,4,0,2,3,,N,,,,,,,,,,,
2010005637,935.0,0,0,0,0,0,0,0,0,0,4,0,,67,12,2009,3,40.0528,-75.1956,925.0,6,0,0,0,0,0,1,0,0,,0,0,0,8,1,2,1,,0,40 03:10.159,,0,75 11:44.213,8,0,0,0,67301,0,0,0,,0,0,0,3,67301,0,,1,1,,N,,,1,,0,0,0,3,2,,815,2,2,0,0,0,2,0,3,4,1,2,3,,N,,,,,,,,,,,
2010002770,1742.0,1,0,0,0,0,0,0,0,0,8,0,,67,11,2009,4,39.9848,-75.1272,1736.0,6,0,0,0,0,0,0,0,0,,0,0,0,17,3,1,0,,0,39 59:05.366,,0,75 07:38.031,8,0,0,0,67301,1,0,0,,1,0,0,2,67501,0,,1,1,,N,N,,0,,0,0,0,3,3,,1736,1,2,0,0,0,1,0,3,4,0,1,3,,N,,,,,,,,,,,
2010005815,1212.0,1,0,0,0,0,0,0,0,0,7,0,,67,12,2009,4,39.9721,-75.1238,1200.0,6,0,0,0,0,0,0,0,0,,0,0,0,11,1,1,0,,0,39 58:20.189,,8,75 07:25.192,4,0,0,0,67301,0,0,0,N,0,0,0,2,68K01,1,,2,1,,N,N,,0,,0,0,0,0,0,,1150,1,1,0,0,1,0,0,3,4,0,1,3,,N,,,,,,,,,,,
2009067575,1125.0,1,0,0,0,0,0,0,0,0,6,0,,67,5,2009,3,39.9225,-75.2258,1115.0,6,0,0,0,0,0,0,0,0,,0,0,0,11,1,2,0,,0,39 55:20.852,,0,75 13:32.937,8,0,0,0,67301,0,0,0,N,0,0,0,3,67301,0,,1,1,,N,N,,1,,0,0,0,3,3,,1115,2,2,0,0,0,2,0,3,4,0,2,7,,N,,,,,,,,,,,
2009065056,1519.0,2,0,0,0,0,0,0,0,0,2,0,,67,5,2009,3,39.9648,-75.1903,1513.0,6,0,0,0,0,0,0,0,0,,0,0,0,15,1,2,1,,0,39 57:53.352,,0,75 11:25.018,8,0,0,0,67301,0,0,0,N,0,0,0,4,67301,0,,1,1,,N,N,,0,,0,0,0,3,3,,1500,2,2,0,0,0,2,0,3,4,0,2,3,,N,,,,,,,,,,,
2009057259,1145.0,1,0,0,1,0,0,0,0,0,4,0,,67,5,2009,7,40.0115,-75.1929,9999.0,6,0,0,0,0,0,0,0,0,,0,0,0,11,8,1,0,,0,40 00:41.465,,0,75 11:34.543,8,0,0,0,67301,1,0,0,N,0,0,0,2,67301,0,,9,98,,N,N,,0,,0,0,0,0,0,,1145,1,2,0,0,0,1,1,3,4,0,1,99,,N,,,,,,,,,,,
2009084119,1640.0,1,0,0,0,0,0,0,0,0,4,0,,67,7,2009,5,39.9644,-75.1343,1608.0,6,0,0,0,0,1,0,0,0,,0,0,0,15,1,1,5,,0,39 57:51.984,,0,75 08:03.331,4,0,0,0,67301,0,0,0,,0,0,0,2,67301,1,,1,1,,,,,1,,0,0,0,3,2,,1530,1,2,0,0,0,0,0,3,4,0,2,3,,N,,,,,,,,,,,
2009118895,1403.0,0,0,0,0,0,0,0,0,0,8,0,,67,10,2009,2,39.9872,-75.1088,1400.0,6,0,0,0,0,0,0,0,0,,0,0,0,13,1,1,1,,0,39 59:13.933,,0,75 06:31.625,3,0,0,0,67301,1,0,0,,1,0,0,2,67301,0,,1,1,,,,,0,,1,0,1,3,2,,1350,1,2,0,0,0,0,0,3,4,0,1,3,,N,,,,,,,,,,,
2009111168,1819.0,1,0,0,0,0,0,0,0,0,4,0,,67,10,2009,3,40.0169,-75.1495,1814.0,6,0,0,0,0,0,0,0,0,,0,0,0,18,1,1,1,,0,40 01:00.708,,0,75 08:58.113,3,0,0,0,67301,0,0,0,,0,0,0,2,67301,0,,1,1,,N,N,,1,,1,0,0,0,0,,1817,1,2,0,0,0,0,0,3,4,0,2,3,,N,,,,,,,,,,,
2009111170,947.0,1,0,0,1,0,0,0,0,0,4,0,,67,10,2009,3,39.9231,-75.1596,946.0,6,0,0,0,0,0,0,0,0,,0,0,0,9,1,1,1,,0,39 55:23.102,,0,75 09:34.741,8,0,0,0,67301,1,0,0,N,0,0,0,2,67301,0,,1,1,,N,N,,0,,0,0,0,2,2,,945,1,2,0,0,0,1,0,3,4,0,1,3,,N,,,,,,,,,,,
2009120856,1820.0,2,0,0,0,0,0,0,0,0,2,0,,67,10,2009,2,40.0246,-75.1232,1813.0,6,0,0,0,0,0,1,0,0,,0,0,0,18,4,2,1,,0,40 01:28.513,,0,75 07:23.473,4,0,0,0,67301,0,0,0,N,0,0,0,2,67301,2,,1,1,,N,N,,0,,0,0,0,0,0,,1800,2,2,0,0,0,0,0,3,4,0,2,3,,N,,,,,,,,,,,
2009121145,850.0,2,0,0,0,0,0,0,0,0,1,0,,67,11,2009,3,39.8954,-75.2316,838.0,6,0,0,0,0,0,0,0,2,,0,0,0,99,1,1,0,,0,39 53:43.312,,0,75 13:53.903,8,0,0,0,67301,0,0,0,N,0,0,0,2,67301,0,,1,1,,N,N,,0,,0,0,0,3,2,,9999,1,2,0,0,0,1,0,3,4,0,2,3,,N,,,,,,,,,,,
2009093639,1509.0,1,0,0,0,0,0,0,0,0,7,0,,67,8,2009,5,40.0618,-75.1782,1505.0,6,0,0,0,0,0,0,0,0,,0,0,0,15,1,1,0,,0,40 03:42.555,,0,75 10:41.584,4,0,0,0,67301,0,0,0,N,0,0,0,1,67301,1,,2,9,,N,N,,0,,0,0,0,0,0,,1500,1,1,0,0,0,0,0,3,4,0,1,7,,N,,,,,,,,,,,
2009054319,1656.0,1,0,0,0,0,0,0,0,0,8,0,,67,4,2009,3,40.0614,-75.0834,1646.0,6,0,0,0,0,0,0,0,0,,0,0,0,15,1,1,0,,0,40 03:40.911,,0,75 05:00.429,4,0,0,0,67301,1,0,0,,1,0,0,2,67301,1,,1,1,,,,,0,,0,0,0,0,0,,1550,1,2,0,0,0,0,1,3,4,0,1,3,,N,,,,,,,,,,,
2009054530,940.0,1,0,0,0,0,0,0,0,0,8,0,,67,4,2009,7,39.9174,-75.2133,933.0,6,0,0,0,0,0,0,0,0,,0,0,0,9,1,1,0,,0,39 55:02.651,,0,75 12:47.367,3,0,0,0,67301,1,0,0,N,1,0,0,2,67301,0,,1,1,,N,N,,0,,1,0,0,0,0,,930,1,2,0,0,0,0,0,3,4,0,1,3,,N,,,,,,,,,,,
2009086263,230.0,4,0,0,0,0,0,0,0,0,5,0,,67,8,2009,7,40.0508,-75.1562,224.0,6,0,0,0,0,0,1,0,0,1.0,0,0,0,2,3,3,0,,1,40 03:02.865,7.0,0,75 09:22.460,4,0,0,0,67301,0,0,0,N,0,0,0,3,67301,3,,1,1,,N,N,,0,,0,0,0,0,0,N,220,3,4,0,0,0,0,0,3,4,0,4,3,,N,,,,,,,,,,,
2009063511,1500.0,2,1,0,0,0,0,0,0,0,4,0,,67,5,2009,3,40.078,-75.0237,1450.0,6,0,0,0,0,0,0,0,1,9.0,1,0,0,14,1,2,2,,1,40 04:40.775,3.0,0,75 01:25.271,1,0,0,0,67301,0,0,0,,0,0,0,3,67301,0,2.0,1,1,,,,,0,0.0,0,0,0,3,2,N,1445,2,2,0,0,0,2,0,3,4,0,2,3,,N,,,,,,,,,,,
2009066008,0.0,2,0,0,0,0,0,0,0,0,4,0,,67,4,2009,4,40.0381,-75.2228,0.0,6,0,0,0,0,0,1,0,0,,0,0,0,10,1,0,1,,0,40 02:16.960,,0,75 13:21.542,0,0,0,0,67301,0,0,0,,0,0,0,2,00000,0,,1,1,,,,,0,,0,0,0,9,2,,1000,0,2,0,0,0,0,0,3,4,0,2,3,,N,,,,,,,,,,,
2010003018,850.0,1,0,0,0,0,0,0,0,0,1,0,,67,11,2009,4,40.0572,-75.0012,847.0,6,0,0,0,0,0,1,0,0,,0,0,0,8,1,0,1,,0,40 03:25.988,,0,75 00:04.335,0,0,0,0,67301,0,0,0,N,0,0,0,2,67301,0,,1,1,,N,N,,0,,0,0,1,3,2,,845,0,2,0,0,0,0,0,3,4,0,2,3,,N,,,,,,,,,,,
2010003026,1539.0,1,0,0,0,0,0,0,0,0,4,0,,67,11,2009,2,40.0692,-75.0305,1536.0,6,0,0,0,0,0,1,0,0,,0,0,0,15,1,1,0,,0,40 04:08.994,,7,75 01:49.689,4,0,0,0,67301,0,0,0,N,0,0,0,3,67301,1,,1,9,,N,N,,0,,0,0,0,0,0,,1510,1,2,0,0,0,0,0,3,4,1,2,7,,N,,,,,,,,,,,
2010003161,1705.0,0,0,0,0,0,0,0,0,0,8,0,,67,11,2009,2,39.9419,-75.1588,1657.0,6,0,0,0,0,0,0,0,0,,0,0,0,16,3,1,1,,0,39 56:30.926,,0,75 09:31.759,4,0,0,0,67301,1,0,0,,1,0,0,2,67301,1,,1,9,,N,N,,1,,0,0,0,3,3,,1655,1,2,0,0,0,0,0,3,4,0,1,7,,N,,,,,,,,,,,
2010003164,1432.0,1,0,0,0,0,0,0,0,0,4,0,,67,11,2009,2,39.9744,-75.2017,1431.0,6,0,0,0,0,0,1,0,0,,0,0,0,99,1,2,2,,0,39 58:28.022,,0,75 12:06.223,8,0,0,0,67301,0,0,0,N,0,0,0,6,67301,0,,1,9,,N,N,,0,,0,0,0,3,2,,9999,2,2,0,0,0,2,3,3,4,1,2,7,,N,,,,,,,,,,,
2010005911,1738.0,0,0,0,0,0,0,0,0,0,8,0,,67,12,2009,6,40.0292,-75.0549,1727.0,6,0,0,0,0,0,0,0,0,,0,0,0,17,3,1,0,,0,40 01:45.030,,0,75 03:17.720,4,0,0,0,67301,1,0,0,N,1,0,0,2,67301,1,,1,1,,N,N,,1,,0,0,0,0,0,,1725,1,2,0,0,0,0,0,3,4,0,1,3,,N,,,,,,,,,,,
2010006346,25.0,2,0,0,0,0,0,0,0,0,2,0,,67,12,2009,4,40.0081,-75.0725,20.0,6,0,0,0,1,0,0,0,0,,0,0,0,0,3,0,1,,0,40 00:29.331,,0,75 04:20.880,0,0,0,0,67301,0,0,0,N,0,0,0,4,67301,0,,1,1,,N,N,,0,,0,0,0,3,2,,0,0,2,0,0,0,0,0,3,4,0,2,3,,N,,,,,,,,,,,
2010006288,1937.0,1,0,0,0,0,0,0,0,0,8,0,,67,12,2009,7,40.0607,-75.0542,1934.0,6,0,0,0,0,0,0,0,0,,0,0,0,17,6,1,1,,0,40 03:38.529,,0,75 03:14.962,4,0,0,0,67301,1,0,0,N,1,0,0,2,67301,1,,1,9,,N,N,,0,,0,0,0,3,2,,1700,1,2,0,0,0,0,1,3,4,0,1,7,,N,,,,,,,,,,,
2010007660,838.0,1,0,0,0,0,0,0,0,0,1,0,,67,12,2009,4,40.0078,-75.202,833.0,6,0,0,0,0,0,0,0,0,1.0,0,0,0,8,1,0,0,,1,40 00:27.720,3.0,0,75 12:05.760,0,0,0,0,67301,0,0,0,N,0,0,0,3,68K01,0,,1,1,,N,N,,0,,0,0,1,0,0,Y,830,0,2,0,0,0,0,0,3,4,0,2,3,,N,,,,,,,,,,,
2010005687,757.0,2,0,0,0,0,0,0,0,0,1,0,,67,12,2009,2,39.9666,-75.1604,746.0,6,0,0,0,0,0,0,0,0,,0,0,0,6,1,2,1,,0,39 58:00.026,,0,75 09:37.778,8,0,0,0,67301,0,0,0,,0,0,0,4,67301,0,,1,9,,N,N,,0,,0,0,0,3,2,,646,2,2,0,0,0,2,0,3,4,0,2,3,,N,,,,,,,,,,,
2010011220,1340.0,1,0,0,0,0,0,0,0,0,6,0,,67,12,2009,5,40.0019,-75.1184,1335.0,6,0,0,0,0,0,2,0,0,,0,0,0,13,1,1,2,,0,40 00:06.855,,0,75 07:06.101,4,0,0,0,67301,0,0,0,N,0,0,0,2,67301,1,,1,1,,N,N,,1,,0,0,1,3,3,,1330,1,3,0,0,0,0,0,3,4,0,3,3,,N,,,,,,,,,,,
2010020099,2145.0,2,0,0,0,0,0,0,0,0,1,0,,67,11,2009,5,39.9209,-75.1941,2143.0,6,0,0,0,0,0,1,0,0,2.0,0,0,0,21,3,0,0,,2,39 55:15.267,3.0,0,75 11:38.839,0,0,0,0,67301,0,0,0,,0,0,0,11,67301,0,,1,1,,N,N,,0,,0,0,1,3,2,Y,2140,0,3,0,0,0,0,0,3,4,0,3,3,,N,,,,,,,,,,,
2010005603,1456.0,0,0,0,0,0,0,0,0,0,7,0,,67,12,2009,1,39.906,-75.1934,1453.0,6,0,0,0,0,0,0,0,0,,0,0,0,14,1,1,0,,0,39 54:22.037,,0,75 11:35.881,4,0,0,0,67301,0,0,0,,0,0,0,1,67301,1,,2,9,,,,,1,,0,0,0,0,0,,1452,1,1,0,0,0,0,0,3,4,0,1,7,,N,,,,,,,,,,,
2010005656,850.0,1,0,0,0,0,0,0,0,0,1,0,,67,12,2009,7,39.9695,-75.1396,842.0,6,0,0,0,0,0,0,0,0,,0,0,0,8,1,0,1,,0,39 58:10.098,,0,75 08:22.527,0,0,0,0,67301,0,0,0,N,0,0,0,2,67301,0,,1,9,,N,N,,1,,0,0,0,3,2,,835,0,2,0,0,0,0,0,3,4,0,2,7,,N,,,,,,,,,,,
2009092996,1853.0,0,0,0,0,0,0,0,0,0,8,0,,67,8,2009,7,39.9926,-75.1445,1851.0,6,0,0,0,0,1,0,0,0,2.0,0,0,0,18,1,2,2,,1,39 59:33.692,3.0,0,75 08:40.155,2,0,0,1,67301,1,0,1,N,1,0,1,2,67301,0,,1,1,,N,N,,0,,1,1,0,3,2,N,1851,2,2,0,0,0,0,0,3,4,0,1,3,,N,,,,,,,,,,,