CRN,ARRIVAL_TM,AUTOMOBILE_COUNT,BELTED_DEATH_COUNT,BELTED_SUSP_SERIOUS_INJ_COUNT,BICYCLE_COUNT,BICYCLE_DEATH_COUNT,BICYCLE_SUSP_SERIOUS_INJ_COUNT,BUS_COUNT,CHLDPAS_DEATH_COUNT,CHLDPAS_SUSP_SERIOUS_INJ_COUNT,COLLISION_TYPE,COMM_VEH_COUNT,CONS_ZONE_SPD_LIM,COUNTY,CRASH_MONTH,CRASH_YEAR,DAY_OF_WEEK,DEC_LAT,DEC_LONG,DISPATCH_TM,DISTRICT,DRIVER_COUNT_16YR,DRIVER_COUNT_17YR,DRIVER_COUNT_18YR,DRIVER_COUNT_19YR,DRIVER_COUNT_20YR,DRIVER_COUNT_50_64YR,DRIVER_COUNT_65_74YR,DRIVER_COUNT_75PLUS,EST_HRS_CLOSED,FATAL_COUNT,HEAVY_TRUCK_COUNT,HORSE_BUGGY_COUNT,HOUR_OF_DAY,ILLUMINATION,INJURY_COUNT,INTERSECT_TYPE,INTERSECTION_RELATED,LANE_CLOSED,LATITUDE,LN_CLOSE_DIR,LOCATION_TYPE,LONGITUDE,MAX_SEVERITY_LEVEL,MCYCLE_DEATH_COUNT,MCYCLE_SUSP_SERIOUS_INJ_COUNT,MOTORCYCLE_COUNT,MUNICIPALITY,NONMOTR_COUNT,NONMOTR_DEATH_COUNT,NONMOTR_SUSP_SERIOUS_INJ_COUNT,NTFY_HIWY_MAINT,PED_COUNT,PED_DEATH_COUNT,PED_SUSP_SERIOUS_INJ_COUNT,PERSON_COUNT,POLICE_AGCY,POSSIBLE_INJ_COUNT,RDWY_SURF_TYPE_CD,RELATION_TO_ROAD,ROAD_CONDITION,ROADWAY_CLEARED,SCH_BUS_IND,SCH_ZONE_IND,SECONDARY_CRASH,SMALL_TRUCK_COUNT,SPEC_JURIS_CD,SUSP_MINOR_INJ_COUNT,SUSP_SERIOUS_INJ_COUNT,SUV_COUNT,TCD_FUNC_CD,TCD_TYPE,TFC_DETOUR_IND,TIME_OF_DAY,TOT_INJ_COUNT,TOTAL_UNITS,UNB_DEATH_COUNT,UNB_SUSP_SERIOUS_INJ_COUNT,UNBELTED_OCC_COUNT,UNK_INJ_DEG_COUNT,UNK_INJ_PER_COUNT,URBAN_AREA,URBAN_RURAL,VAN_COUNT,VEHICLE_COUNT,WEATHER1,WEATHER2,WORK_ZONE_IND,WORK_ZONE_LOC,WORK_ZONE_TYPE,WORKERS_PRES,WZ_CLOSE_DETOUR,WZ_FLAGGER,WZ_LAW_OFFCR_IND,WZ_LN_CLOSURE,WZ_MOVING,WZ_OTHER,WZ_SHLDER_MDN,WZ_WORKERS_INJ_KILLED
2009125257,529.0,2,0,0,0,0,0,0,0,0,2,0,,67,11,2009,5,39.8897,-75.2338,526.0,6,0,0,0,0,0,2,0,0,,0,0,0,3,3,2,1,,0,39 53:23.198,,0,75 14:01.809,3,0,0,0,67301,0,0,0,,0,0,0,2,67301,0,,1,9,,,,,0,,1,0,0,3,2,,320,2,2,0,0,1,1,0,3,4,0,2,7,,N,,,,,,,,,,,
2009072358,400.0,2,0,0,0,0,0,0,0,0,1,1,,67,6,2009,6,40.0155,-75.1769,356.0,6,0,0,1,0,0,0,0,0,3.0,0,0,0,3,3,1,7,,2,40 00:55.696,2.0,2,75 10:36.780,3,0,0,0,67301,0,0,0,N,0,0,0,6,67301,0,,1,9,,,,,0,,1,0,1,0,0,Y,353,1,4,0,0,1,0,1,3,4,1,4,7,,N,,,,,,,,,,,
2009069344,856.0,2,0,0,0,0,0,0,0,0,5,0,,67,5,2009,3,40.061,-75.1352,849.0,6,0,0,0,0,0,1,0,0,2.0,0,0,0,8,1,1,1,,2,40 03:39.411,4.0,0,75 08:06.512,8,0,0,0,67301,0,0,0,N,0,0,0,3,46102,0,,7,9,,N,N,,0,,0,0,0,0,0,Y,849,1,2,0,0,0,1,0,3,4,0,2,7,,N,,,,,,,,,,,
2009070063,650.0,2,0,0,0,0,0,0,0,0,4,0,,67,5,2009,2,39.9438,-75.2379,646.0,6,0,0,0,0,0,1,1,0,,0,0,0,6,1,3,2,,0,39 56:37.737,,0,75 14:16.371,4,0,0,0,67301,0,0,0,N,0,0,0,5,67301,3,,1,1,,N,N,,0,,0,0,0,3,2,,630,3,2,0,0,0,0,0,3,4,0,2,3,,N,,,,,,,,,,,
2009058168,1620.0,2,0,0,0,0,0,0,0,0,4,0,,67,6,2009,5,39.9961,-75.2373,1618.0,6,0,0,0,0,0,1,0,0,,0,0,0,16,1,1,2,,0,39 59:48.514,,0,75 14:09.397,8,0,0,0,67301,0,0,0,N,0,0,0,2,46104,0,,1,9,,N,N,,0,,0,0,0,0,0,,1618,1,2,0,0,0,1,0,3,4,0,2,7,,N,,,,,,,,,,,
2009053614,2335.0,1,0,0,0,0,0,0,0,0,1,0,,67,1,2009,2,39.9511,-75.1785,2330.0,6,0,0,0,0,0,0,1,0,,0,0,0,23,3,1,1,,0,39 57:03.998,,0,75 10:42.378,8,0,0,0,67301,0,0,0,N,0,0,0,2,67301,0,,1,1,,N,N,,0,,0,0,1,3,2,,2330,1,2,0,0,0,1,0,3,4,0,2,98,,N,,,,,,,,,,,
2009064439,0.0,1,0,0,0,0,0,0,0,0,4,0,,67,2,2009,6,40.0396,-75.0329,0.0,6,0,0,0,0,0,0,0,0,,0,0,0,16,1,1,0,,0,40 02:22.691,,7,75 01:58.387,4,0,0,0,67301,0,0,0,N,0,0,0,2,00000,1,,6,9,,N,N,,1,,0,0,0,0,0,,1625,1,2,0,0,0,0,0,3,4,0,2,7,,N,,,,,,,,,,,
2009067290,730.0,1,0,0,0,0,0,0,0,0,4,0,,67,6,2009,5,40.0352,-75.0915,726.0,6,0,0,0,0,0,1,0,0,,0,0,0,7,1,1,2,,0,40 02:06.633,,0,75 05:29.248,8,0,0,0,67301,0,0,0,N,0,0,0,2,67301,0,,1,9,,N,N,,0,,0,0,0,3,3,,710,1,2,0,0,0,1,0,3,4,1,2,7,,N,,,,,,,,,,,
2009064673,1700.0,2,0,0,0,0,0,0,0,1,1,0,,67,5,2009,4,39.9533,-75.1957,1700.0,6,0,0,1,0,0,1,0,0,,0,0,0,17,1,4,0,,0,39 57:11.756,,0,75 11:44.567,2,0,0,0,67301,0,0,0,N,0,0,0,7,67301,3,,1,1,,N,N,,0,,0,1,1,0,0,,1700,4,4,0,1,1,0,0,3,4,1,4,3,,N,,,,,,,,,,,
2009064675,1110.0,0,0,0,0,0,0,0,0,0,7,0,,67,5,2009,2,39.9959,-75.0921,1056.0,6,0,0,0,0,0,1,0,0,,0,0,0,10,1,1,1,,0,39 59:45.293,,0,75 05:31.432,3,0,0,0,67301,0,0,0,,0,0,0,1,67301,0,,5,1,,N,N,,0,,1,0,0,3,2,,1045,1,1,0,0,0,0,0,3,4,1,1,99,,N,,,,,,,,,,,
2009067563,1730.0,1,0,0,0,0,0,0,0,0,4,0,,67,5,2009,4,40.0456,-75.0564,1725.0,6,0,0,0,0,0,0,0,0,,0,0,0,17,1,1,2,,0,40 02:44.369,,7,75 03:22.731,2,0,1,1,67301,0,0,0,,0,0,0,2,67301,0,,1,1,,,,,0,,0,1,0,3,2,,1725,1,2,0,0,0,0,0,3,4,0,2,3,,N,,,,,,,,,,,
2009065141,1744.0,1,0,0,0,0,0,0,0,0,1,0,,67,5,2009,4,39.997,-75.1535,1740.0,6,0,0,0,0,0,0,0,0,,0,0,0,17,1,1,1,,0,39 59:49.124,,0,75 09:12.430,8,0,0,0,67301,0,0,0,N,0,0,0,3,67301,0,,1,1,,N,N,,0,,0,0,0,0,0,,1735,1,2,0,0,0,1,2,3,4,0,2,3,,N,,,,,,,,,,,
2009118933,1605.0,1,0,0,0,0,0,0,0,0,1,0,,67,10,2009,5,40.0304,-75.1318,1605.0,6,0,0,0,0,0,0,0,0,,0,0,0,14,1,1,0,,0,40 01:49.566,,0,75 07:54.631,8,0,0,0,67301,0,0,0,N,0,0,0,3,67301,0,,1,9,,N,N,,0,,0,0,1,0,0,,1415,1,2,0,0,0,1,0,3,4,0,2,7,,N,,,,,,,,,,,
2009054103,1621.0,1,0,0,0,0,0,0,0,0,7,0,,67,4,2009,4,40.0256,-75.0316,1605.0,6,0,0,0,0,0,0,0,1,,1,0,0,16,1,0,0,,0,40 01:32.178,,0,75 01:53.724,1,0,0,0,67301,0,0,0,,0,0,0,1,67301,0,2.0,5,9,,,,,0,0.0,0,0,0,0,0,,1604,0,1,0,0,0,0,0,3,4,0,1,7,,N,,,,,,,,,,,
2009061999,531.0,2,0,0,0,0,0,0,0,0,5,0,,67,6,2009,2,39.9599,-75.1412,520.0,6,0,0,0,0,0,1,0,0,1.0,0,0,0,5,1,0,0,,1,39 57:32.260,2.0,2,75 08:28.592,0,0,0,0,67301,0,0,0,N,0,0,0,4,68K01,0,,1,1,,N,N,,0,,0,0,0,0,0,N,511,0,3,0,0,0,0,0,3,4,1,3,3,,N,,,,,,,,,,,
2009093543,850.0,0,0,0,0,0,0,0,0,0,8,0,,67,8,2009,4,40.0573,-75.1556,848.0,6,0,0,0,0,0,1,0,0,,0,0,0,8,1,1,0,,0,40 03:26.186,,0,75 09:20.008,4,0,0,0,67301,1,0,0,N,1,0,0,2,67301,1,,1,1,,N,N,,1,,0,0,0,0,0,,837,1,2,0,0,0,0,0,3,4,0,1,3,,N,,,,,,,,,,,
2009093558,9999.0,1,0,0,0,0,0,0,0,0,2,0,,67,8,2009,3,40.0066,-75.0883,9999.0,6,0,0,0,0,0,1,0,0,9.0,0,0,0,99,1,0,0,,2,40 00:23.386,5.0,0,75 05:19.401,0,0,0,0,67301,0,0,0,N,0,0,0,1,67301,0,,4,1,,N,N,,0,,0,0,0,0,0,Y,9999,0,2,0,0,0,0,0,3,4,1,2,3,,N,,,,,,,,,,,
2009093628,1620.0,1,0,0,0,0,0,0,0,0,1,0,,67,8,2009,4,39.9874,-75.2162,1558.0,6,0,0,0,0,0,1,0,0,,0,0,0,15,1,1,0,,0,39 59:14.774,,0,75 12:58.189,4,0,0,0,67301,0,0,0,N,0,0,0,2,67301,1,,1,1,,N,N,,1,,0,0,0,0,0,,1556,1,2,0,0,0,0,0,3,4,0,2,3,,N,,,,,,,,,,,
2009054321,1918.0,1,0,0,0,0,0,0,0,0,8,0,,67,4,2009,1,40.062,-75.0834,1904.0,6,0,0,0,0,0,0,0,0,,0,0,0,19,1,1,0,,0,40 03:43.633,,0,75 05:00.414,3,0,0,0,67301,1,0,0,N,1,0,0,2,67301,0,,1,1,,N,N,,0,,1,0,0,0,0,,1900,1,2,0,0,0,0,1,3,4,0,1,3,,N,,,,,,,,,,,
2009054524,335.0,1,0,0,0,0,0,0,0,0,4,0,,67,4,2009,5,40.0045,-75.1395,330.0,6,0,1,0,0,1,0,0,0,,0,0,0,99,3,1,1,,0,40 00:16.358,,0,75 08:22.210,3,0,0,0,67301,0,0,0,,0,0,0,2,67301,0,,1,1,,,,,0,,1,0,0,3,2,,9999,1,2,0,0,0,0,0,3,4,1,2,3,,N,,,,,,,,,,,
2009054534,1115.0,0,0,0,0,0,0,0,0,0,8,0,,67,4,2009,7,39.9466,-75.2337,1115.0,6,0,0,0,0,0,0,0,0,,0,0,0,10,1,1,2,,0,39 56:47.832,,0,75 14:01.388,4,0,0,0,67301,1,0,0,N,1,0,0,2,67301,1,,1,1,,N,N,,0,,0,0,0,3,3,,1030,1,2,0,0,0,0,0,3,4,0,1,3,,N,,,,,,,,,,,
2009054545,1830.0,1,0,0,0,0,0,0,0,0,8,0,,67,4,2009,4,39.9937,-75.1523,1829.0,6,0,0,0,0,0,1,0,0,,0,0,0,99,1,1,1,,0,39 59:37.147,,0,75 09:08.409,4,0,0,0,67301,1,0,0,N,1,0,0,2,67301,1,,1,1,,N,N,,0,,0,0,0,3,2,,9999,1,2,0,0,0,0,0,3,4,0,1,3,,N,,,,,,,,,,,
2009083577,1135.0,1,0,0,0,0,0,0,0,0,8,0,,67,7,2009,5,39.9518,-75.2246,1000.0,6,0,0,0,0,0,0,0,0,,0,0,0,14,1,1,1,,0,39 57:06.393,,0,75 13:28.462,4,0,0,0,67301,1,0,0,N,1,0,0,2,67301,1,,1,1,,N,N,,0,,0,0,0,3,3,,1400,1,2,0,0,0,0,1,3,4,0,1,3,,N,,,,,,,,,,,
2009086154,1705.0,0,0,0,1,0,0,0,0,0,5,0,,67,8,2009,3,39.9674,-75.162,1700.0,6,0,0,0,0,0,0,0,0,,0,0,0,99,1,1,0,,0,39 58:02.594,,0,75 09:43.369,3,0,0,0,67301,1,0,0,,0,0,0,2,67301,0,,6,1,,,,,0,,1,0,1,0,0,,9999,1,2,0,0,1,0,0,3,4,0,1,3,,N,,,,,,,,,,,
2009086222,1452.0,1,0,0,0,0,0,0,0,0,8,0,,67,7,2009,6,39.992,-75.1244,1450.0,6,0,0,0,0,0,0,0,0,,0,0,0,14,1,1,0,,0,39 59:31.171,,0,75 07:27.768,8,0,0,0,67301,1,0,0,N,1,0,0,3,67301,0,,1,1,,N,N,,0,,0,0,0,3,3,,1448,1,2,0,0,0,1,0,3,4,0,1,3,,N,,,,,,,,,,,
2009086257,9999.0,1,0,0,0,0,0,0,0,0,4,0,,67,7,2009,6,40.0227,-75.1581,1713.0,6,0,0,0,0,0,1,0,0,1.0,0,0,0,99,1,2,1,,1,40 01:21.712,3.0,0,75 09:29.282,4,0,0,0,67301,0,0,0,N,0,0,0,3,67301,2,,1,1,,N,N,,0,,0,0,0,0,0,N,9999,2,2,0,0,0,0,0,3,4,0,2,3,,N,,,,,,,,,,,
2009068455,1415.0,1,0,0,0,0,0,0,0,0,8,0,,67,4,2009,5,39.9722,-75.1594,1413.0,6,0,0,0,1,0,0,0,0,1.0,0,0,0,99,1,1,0,,1,39 58:20.058,2.0,0,75 09:33.624,8,0,0,0,67301,1,0,0,,1,0,0,2,67301,0,,1,9,,N,N,,0,,0,0,0,3,2,Y,9999,1,2,0,0,0,1,0,3,4,0,1,7,,N,,,,,,,,,,,
2009068521,2143.0,2,0,0,0,0,0,0,0,0,5,0,,67,5,2009,6,40.0595,-75.0444,2133.0,6,0,0,1,0,0,0,0,0,,0,0,0,21,3,1,5,,0,40 03:33.742,,0,75 02:40.195,4,0,0,0,67301,0,0,0,N,0,0,0,6,67301,1,,1,9,,N,N,,0,,0,0,0,3,2,,2130,1,2,0,0,0,0,0,3,4,0,2,3,,N,,,,,,,,,,,
2009073626,1609.0,1,0,0,0,0,0,0,0,0,7,0,,67,7,2009,6,40.0086,-75.2033,1546.0,6,0,0,0,0,0,0,0,0,,0,0,0,15,1,0,0,,0,40 00:30.600,,0,75 12:11.160,0,0,0,0,67301,0,0,0,N,0,0,0,1,68K01,0,,2,1,,N,N,,0,,0,0,0,0,0,,1544,0,1,0,0,0,0,0,3,4,0,1,3,,N,,,,,,,,,,,
2009071376,449.0,0,0,0,0,0,0,0,0,0,1,0,,67,6,2009,3,40.0316,-75.0323,443.0,6,0,0,0,0,0,1,0,0,1.0,0,0,0,4,3,1,0,,1,40 01:53.710,2.0,0,75 01:56.420,8,0,0,0,67301,0,0,0,N,0,0,0,2,67301,0,,1,9,,N,N,,0,,0,0,1,0,0,N,440,1,2,0,0,0,1,0,3,4,1,2,7,,N,,,,,,,,,,,
2010003024,1027.0,2,0,0,0,0,0,0,0,0,4,0,,67,11,2009,3,40.0251,-75.1174,1017.0,6,0,0,0,0,0,1,0,0,,0,0,0,9,1,1,1,,0,40 01:30.262,,0,75 07:02.589,8,0,0,0,67301,0,0,0,N,0,0,0,2,67301,0,,1,9,,N,N,,0,,0,0,0,3,3,,950,1,2,0,0,0,1,0,3,4,0,2,7,,N,,,,,,,,,,,
2010003147,2313.0,0,0,0,0,0,0,0,0,0,8,0,,67,12,2009,6,40.0465,-74.9937,2301.0,6,0,0,0,0,0,0,0,0,9.0,1,0,0,22,3,0,0,,2,40 02:47.078,5.0,0,74 59:37.769,1,0,0,0,67301,1,1,0,N,1,1,0,2,67301,0,2.0,1,1,,N,N,,0,0.0,0,0,1,0,0,Y,2245,0,2,0,0,1,0,0,3,4,0,1,3,,N,,,,,,,,,,,
2010003165,1832.0,0,0,0,0,0,0,0,0,0,4,0,,67,11,2009,5,39.9479,-75.2139,1829.0,6,0,0,0,0,0,1,0,0,,0,0,0,18,3,3,1,,0,39 56:52.447,,0,75 12:49.931,3,0,0,0,67301,0,0,0,N,0,0,0,4,67301,1,,1,9,,N,N,,0,,2,0,2,3,3,,1827,3,2,0,0,0,0,0,3,4,0,2,99,,N,,,,,,,,,,,
2010003237,1430.0,1,0,0,0,0,0,0,0,0,1,0,,67,11,2009,1,39.9029,-75.174,1419.0,6,0,0,0,0,0,0,2,0,,0,0,0,13,1,1,0,,0,39 54:10.276,,0,75 10:26.456,8,0,0,0,67301,0,0,0,,0,0,0,3,67301,0,,1,9,,,,,0,,0,0,1,0,0,,1345,1,2,0,0,0,1,0,3,4,0,2,7,,N,,,,,,,,,,,
2010034922,613.0,0,0,0,0,0,0,1,0,0,8,1,,67,11,2009,5,39.9796,-75.1711,612.0,6,0,0,0,0,0,1,0,0,,0,0,0,6,5,1,1,,0,39 58:46.522,,0,75 10:15.895,4,0,0,0,67301,1,0,0,N,1,0,0,2,67301,1,,1,9,,N,N,,0,,0,0,0,3,2,,612,1,2,0,0,0,0,0,3,4,0,1,7,,N,,,,,,,,,,,
2010038290,9999.0,3,0,0,0,0,0,0,0,0,1,0,,67,10,2009,6,39.926,-75.1743,200.0,6,0,0,0,0,0,0,0,0,3.0,0,0,0,1,3,0,0,,2,39 55:33.438,2.0,0,75 10:27.476,0,0,0,0,67301,0,0,0,,0,0,0,2,67301,0,,1,1,,,,,0,,0,0,1,0,0,Y,109,0,4,0,0,0,0,0,3,4,0,4,3,,N,,,,,,,,,,,
2010016939,1425.0,2,0,0,0,0,0,0,0,0,1,0,,67,12,2009,4,40.0392,-75.1917,1419.0,6,0,0,0,0,0,0,0,0,,0,0,0,9,1,1,1,,0,40 02:20.972,,0,75 11:30.209,4,0,0,0,67301,0,0,0,N,0,0,0,3,67301,1,,1,1,,N,N,,0,,0,0,0,3,2,,915,1,2,0,0,0,0,1,3,4,0,2,3,,N,,,,,,,,,,,
2010011436,1321.0,1,0,0,0,0,0,0,0,0,4,0,,67,12,2009,7,40.0007,-75.1335,1310.0,6,0,0,0,0,0,0,1,0,2.0,0,0,0,13,1,5,1,,2,40 00:02.530,1.0,0,75 08:00.466,4,0,0,0,67301,0,0,0,,0,0,0,7,67301,5,,1,9,,N,N,,0,,0,0,0,9,3,Y,1309,5,2,0,0,1,0,0,3,4,1,2,7,,N,,,,,,,,,,,
2010005561,1322.0,2,0,0,0,0,0,0,0,0,2,0,,67,11,2009,1,40.0601,-75.1848,1309.0,6,0,0,0,0,0,0,0,1,,0,0,0,13,1,1,1,,0,40 03:36.316,,0,75 11:05.315,4,0,0,0,67301,0,0,0,N,0,0,0,2,67301,1,,1,1,,N,N,,0,,0,0,0,3,3,,1302,1,2,0,0,0,0,0,3,4,0,2,3,,N,,,,,,,,,,,
2010002913,1959.0,1,0,0,0,0,0,0,0,0,4,0,,67,11,2009,6,39.9808,-75.1106,1957.0,6,0,0,0,0,0,1,0,0,,0,0,0,19,3,2,1,,0,39 58:50.833,,0,75 06:38.008,4,0,0,0,67301,0,0,0,,0,0,0,4,67301,2,,1,1,,,,,0,,0,0,1,3,2,,1940,2,2,0,0,1,0,1,3,4,0,2,3,,N,,,,,,,,,,,
2010005608,1548.0,2,0,0,0,0,0,0,0,0,1,0,,67,12,2009,7,40.0391,-75.11,1545.0,6,0,0,0,0,0,0,1,0,,0,0,0,15,1,1,0,,0,40 02:20.817,,0,75 06:35.814,3,0,0,0,67301,0,0,0,,0,0,0,4,67301,0,,1,1,,,,,0,,1,0,0,0,0,,1535,1,2,0,0,0,0,0,3,4,0,2,3,,N,,,,,,,,,,,
2009118882,333.0,1,0,0,0,0,0,0,0,0,7,0,,67,11,2009,7,40.0271,-75.0567,329.0,6,0,0,0,0,0,0,0,0,3.0,1,0,0,3,3,1,0,,2,40 01:37.627,4.0,0,75 03:23.969,1,0,0,0,67301,0,0,0,N,0,0,0,2,67301,0,2.0,5,1,,N,N,,0,0.0,0,1,0,0,0,Y,325,1,1,0,0,0,0,0,3,4,0,1,3,,N,,,,,,,,,,,
2009118918,1100.0,0,0,0,0,0,0,0,0,0,7,0,,67,10,2009,7,40.0166,-75.2026,1048.0,6,0,0,0,0,0,0,0,0,1.0,0,0,0,10,1,1,0,,2,40 00:59.680,1.0,0,75 12:09.490,3,0,0,0,67301,0,0,0,N,0,0,0,1,67301,0,,2,9,,N,N,,0,,1,0,1,0,0,N,1048,1,1,0,0,0,0,0,3,4,0,1,7,,N,,,,,,,,,,,
2009118943,1325.0,2,0,0,0,0,0,0,0,0,1,0,,67,8,2009,3,39.9872,-75.1088,1318.0,6,0,0,0,0,0,0,0,0,,0,0,0,13,1,1,1,,0,39 59:13.933,,0,75 06:31.625,4,0,0,0,67301,0,0,0,,0,0,0,1,67301,1,,1,1,,,,,1,,0,0,0,0,0,,1315,1,3,0,0,1,0,0,3,4,0,3,3,,N,,,,,,,,,,,
2009111143,2007.0,1,0,0,0,0,0,0,0,0,8,0,,67,10,2009,6,40.0179,-75.1493,2007.0,6,0,0,0,0,0,0,0,0,,0,0,0,99,3,1,1,,0,40 01:04.608,,0,75 08:57.650,4,0,0,0,67301,1,0,0,N,1,0,0,4,67301,1,,1,9,,N,N,,0,,0,0,0,3,2,,9999,1,2,0,0,0,0,0,3,4,0,1,7,,N,,,,,,,,,,,
2009106211,1517.0,2,0,0,0,0,0,0,0,0,5,0,,67,10,2009,5,40.0267,-75.1173,1510.0,6,0,0,0,0,0,1,0,0,1.0,0,0,0,15,1,0,1,,1,40 01:36.153,2.0,0,75 07:02.268,0,0,0,0,67301,0,0,0,N,0,0,0,2,67301,0,,1,1,,N,N,,0,,0,0,0,3,2,N,1505,0,2,0,0,0,0,0,3,4,0,2,3,,N,,,,,,,,,,,
2009118406,1029.0,4,0,0,0,0,0,0,0,0,5,0,,67,9,2009,2,39.9819,-75.2075,1026.0,6,0,0,0,0,1,2,0,0,1.0,0,0,0,10,1,1,0,,1,39 58:58.567,3.0,0,75 12:29.043,8,0,0,0,67301,0,0,0,N,0,0,0,5,68K01,0,,1,1,,N,N,,1,,0,0,0,0,0,N,1026,1,5,0,0,0,1,0,3,4,0,5,3,,N,,,,,,,,,,,
2009121123,2010.0,0,0,0,0,0,0,0,0,0,3,0,,67,10,2009,7,39.94,-75.2138,2006.0,6,0,0,0,0,0,0,0,0,,0,0,0,20,3,5,1,,0,39 56:23.917,,0,75 12:49.859,4,0,0,0,67301,0,0,0,,0,0,0,7,67301,5,,1,9,,,,,0,,0,0,0,3,2,,2006,5,2,0,0,0,0,0,3,4,0,2,7,,N,,,,,,,,,,,
2009056670,114.0,1,0,0,0,0,0,0,0,0,5,0,,67,5,2009,1,39.9,-75.1599,108.0,6,0,0,0,0,0,0,0,0,,0,0,0,1,2,0,0,,0,39 54:02.648,,0,75 09:14.216,0,0,0,1,67301,0,0,0,N,0,0,0,2,68K01,0,,1,1,,N,N,,0,,0,0,0,0,0,,105,0,2,0,0,0,0,0,3,4,0,2,3,,N,,,,,,,,,,,
2009093617,2152.0,0,0,0,0,0,0,0,0,0,8,0,,67,8,2009,3,40.0687,-75.1568,2152.0,6,0,0,0,0,0,0,0,0,,0,0,0,21,3,1,5,,0,40 04:07.262,,0,75 09:24.365,4,0,0,0,67301,1,0,0,N,1,0,0,2,67301,1,,1,1,,N,N,,1,,0,0,0,3,2,,2129,1,2,0,0,0,0,0,3,4,0,1,3,,N,,,,,,,,,,,
2009093633,1734.0,1,0,0,0,0,0,0,0,0,4,0,,67,8,2009,3,40.0358,-75.1255,1734.0,6,0,0,0,0,0,0,0,0,,0,0,0,17,1,0,1,,0,40 02:08.823,,0,75 07:31.679,0,0,0,0,67301,0,0,0,N,0,0,0,3,67301,0,,1,1,,N,N,,1,,0,0,1,3,2,,1730,0,3,0,0,0,0,0,3,4,0,3,3,,N,,,,,,,,,,,
2009056920,1600.0,0,0,0,0,0,0,0,0,0,8,0,,67,5,2009,6,39.9742,-75.2552,1548.0,6,0,0,0,0,0,0,1,0,,0,0,0,15,1,1,1,,0,39 58:27.296,,0,75 15:18.665,4,0,0,0,67301,1,0,0,N,1,0,0,2,67301,1,,1,9,,N,N,,1,,0,0,0,3,2,,1500,1,2,0,0,0,0,0,3,4,0,1,7,,N,,,,,,,,,,,
2009054426,1855.0,1,0,0,0,0,0,0,0,0,8,0,,67,4,2009,3,40.0314,-75.1061,1852.0,6,0,0,0,0,1,0,0,0,,0,0,0,18,1,1,0,,0,40 01:52.950,,0,75 06:21.967,4,0,0,0,67301,1,0,0,N,1,0,0,2,67301,1,,1,1,,N,N,,0,,0,0,0,0,0,,1845,1,2,0,0,0,0,0,3,4,0,1,3,,N,,,,,,,,,,,
2009054430,1655.0,1,0,0,1,0,0,0,0,0,4,0,,67,4,2009,3,39.9308,-75.1706,1643.0,6,0,0,1,0,0,0,0,0,,0,0,0,16,1,1,2,,0,39 55:50.772,,0,75 10:14.026,8,0,0,0,67301,1,0,0,N,0,0,0,2,67301,0,,1,1,,N,N,,0,,0,0,0,3,3,,1640,1,2,0,0,1,1,0,3,4,0,1,3,,N,,,,,,,,,,,
2009083580,1536.0,0,0,0,0,0,0,0,0,0,7,0,,67,7,2009,6,40.129,-75.0088,1522.0,6,0,0,0,0,0,0,0,0,,0,0,0,15,1,0,0,,0,40 07:44.324,,3,75 00:31.599,0,0,0,0,67301,0,0,0,N,0,0,0,2,67301,0,,2,1,,N,N,,0,,0,0,1,0,0,,1518,0,1,0,0,0,0,0,3,4,0,1,3,,N,,,,,,,,,,,
2009086164,535.0,2,0,0,0,0,0,0,0,0,4,0,,67,7,2009,1,40.0356,-75.1239,535.0,6,0,0,0,0,0,0,0,0,,0,0,0,5,5,3,1,,0,40 02:08.080,,0,75 07:25.889,4,0,0,0,67301,0,0,0,N,0,0,0,5,67301,2,,1,1,,N,N,,0,,0,0,0,3,2,,534,3,2,0,0,0,1,0,3,4,0,2,3,,N,,,,,,,,,,,
2009086221,1812.0,0,0,0,0,0,0,0,0,0,8,0,,67,6,2009,3,40.035,-75.0592,1811.0,6,0,0,0,0,0,0,0,0,9.0,1,0,0,18,1,0,0,,2,40 02:05.928,6.0,0,75 03:33.116,1,0,0,0,67301,1,1,0,N,1,1,0,2,67301,0,2.0,1,1,,N,N,,1,0.0,0,0,0,0,0,Y,1810,0,2,0,0,0,0,0,3,4,0,1,3,,N,,,,,,,,,,,
2009071361,2210.0,1,0,0,0,0,0,0,0,0,8,0,,67,6,2009,3,40.0317,-75.1789,2208.0,6,0,0,0,0,0,0,0,0,,0,0,0,22,3,1,2,,0,40 01:54.260,,0,75 10:43.950,3,0,0,0,67301,1,0,0,N,1,0,0,2,67301,0,,1,1,,N,N,,0,,1,0,0,3,2,,2205,1,2,0,0,0,0,0,3,4,0,1,3,,N,,,,,,,,,,,
2010003179,1124.0,2,0,0,0,0,0,0,0,0,4,0,,67,12,2009,5,40.0407,-75.1584,1122.0,6,0,0,0,0,0,0,0,0,,0,0,0,10,1,1,2,,0,40 02:26.566,,0,75 09:30.254,8,0,0,0,67301,0,0,0,N,0,0,0,4,67301,0,,1,1,,N,N,,0,,0,0,0,3,3,,1030,1,2,0,0,0,1,0,3,4,0,2,3,,N,,,,,,,,,,,