CRN,ARRIVAL_TM,AUTOMOBILE_COUNT,BELTED_DEATH_COUNT,BELTED_SUSP_SERIOUS_INJ_COUNT,BICYCLE_COUNT,BICYCLE_DEATH_COUNT,BICYCLE_SUSP_SERIOUS_INJ_COUNT,BUS_COUNT,CHLDPAS_DEATH_COUNT,CHLDPAS_SUSP_SERIOUS_INJ_COUNT,COLLISION_TYPE,COMM_VEH_COUNT,CONS_ZONE_SPD_LIM,COUNTY,CRASH_MONTH,CRASH_YEAR,DAY_OF_WEEK,DEC_LAT,DEC_LONG,DISPATCH_TM,DISTRICT,DRIVER_COUNT_16YR,DRIVER_COUNT_17YR,DRIVER_COUNT_18YR,DRIVER_COUNT_19YR,DRIVER_COUNT_20YR,DRIVER_COUNT_50_64YR,DRIVER_COUNT_65_74YR,DRIVER_COUNT_75PLUS,EST_HRS_CLOSED,FATAL_COUNT,HEAVY_TRUCK_COUNT,HORSE_BUGGY_COUNT,HOUR_OF_DAY,ILLUMINATION,INJURY_COUNT,INTERSECT_TYPE,INTERSECTION_RELATED,LANE_CLOSED,LATITUDE,LN_CLOSE_DIR,LOCATION_TYPE,LONGITUDE,MAX_SEVERITY_LEVEL,MCYCLE_DEATH_COUNT,MCYCLE_SUSP_SERIOUS_INJ_COUNT,MOTORCYCLE_COUNT,MUNICIPALITY,NONMOTR_COUNT,NONMOTR_DEATH_COUNT,NONMOTR_SUSP_SERIOUS_INJ_COUNT,NTFY_HIWY_MAINT,PED_COUNT,PED_DEATH_COUNT,PED_SUSP_SERIOUS_INJ_COUNT,PERSON_COUNT,POLICE_AGCY,POSSIBLE_INJ_COUNT,RDWY_SURF_TYPE_CD,RELATION_TO_ROAD,ROAD_CONDITION,ROADWAY_CLEARED,SCH_BUS_IND,SCH_ZONE_IND,SECONDARY_CRASH,SMALL_TRUCK_COUNT,SPEC_JURIS_CD,SUSP_MINOR_INJ_COUNT,SUSP_SERIOUS_INJ_COUNT,SUV_COUNT,TCD_FUNC_CD,TCD_TYPE,TFC_DETOUR_IND,TIME_OF_DAY,TOT_INJ_COUNT,TOTAL_UNITS,UNB_DEATH_COUNT,UNB_SUSP_SERIOUS_INJ_COUNT,UNBELTED_OCC_COUNT,UNK_INJ_DEG_COUNT,UNK_INJ_PER_COUNT,URBAN_AREA,URBAN_RURAL,VAN_COUNT,VEHICLE_COUNT,WEATHER1,WEATHER2,WORK_ZONE_IND,WORK_ZONE_LOC,WORK_ZONE_TYPE,WORKERS_PRES,WZ_CLOSE_DETOUR,WZ_FLAGGER,WZ_LAW_OFFCR_IND,WZ_LN_CLOSURE,WZ_MOVING,WZ_OTHER,WZ_SHLDER_MDN,WZ_WORKERS_INJ_KILLED
2010003219,1812.0,1,0,0,0,0,0,0,0,0,8,0,,67,11,2009,7,40.0052,-75.0927,1809.0,6,0,0,0,0,0,0,0,0,,0,0,0,17,2,1,3,,0,40 00:18.770,,0,75 05:33.796,4,0,0,0,67301,1,0,0,,1,0,0,2,67301,1,,1,1,,N,N,,0,,0,0,0,0,0,,1745,1,2,0,0,0,0,0,3,4,0,1,3,,N,,,,,,,,,,,
2010003239,1431.0,2,0,0,0,0,0,0,0,0,1,0,,67,11,2009,6,40.0203,-75.1512,430.0,6,0,0,0,0,0,1,0,0,,0,0,0,14,1,1,0,,0,40 01:12.915,,0,75 09:04.495,4,0,0,0,67301,0,0,0,,0,0,0,2,67301,1,,1,1,,,,,0,,0,0,0,3,2,,1420,1,2,0,0,0,0,0,3,4,0,2,3,,N,,,,,,,,,,,
2010003564,1415.0,1,0,0,0,0,0,0,0,0,7,0,,67,12,2009,6,40.039,-75.1584,1400.0,6,0,0,1,0,0,0,0,0,1.0,0,0,0,14,1,4,0,,2,40 02:20.284,5.0,0,75 09:30.392,4,0,0,0,67301,0,0,0,N,0,0,0,4,67301,4,,5,1,,N,N,,0,,0,0,0,0,0,Y,1400,4,1,0,0,0,0,0,3,4,0,1,3,,N,,,,,,,,,,,
2010006122,510.0,1,0,0,0,0,0,0,0,0,2,0,,67,12,2009,7,39.9809,-75.1054,453.0,6,0,0,0,0,0,1,0,0,3.0,0,0,0,4,3,2,0,,2,39 58:50.961,1.0,0,75 06:19.871,4,0,0,0,67301,0,0,0,,0,0,0,2,67301,2,,1,9,,,,,0,,0,0,1,0,0,Y,412,2,3,0,0,0,0,0,3,4,0,3,10,,N,,,,,,,,,,,
2010006276,138.0,4,0,0,0,0,0,0,0,0,5,0,,67,12,2009,5,39.9381,-75.1772,136.0,6,0,0,0,0,0,0,0,0,,0,0,0,1,3,0,0,,0,39 56:17.268,,0,75 10:38.028,0,0,0,0,67301,0,0,0,,0,0,0,1,67301,0,,6,1,,N,N,,0,,0,0,0,0,0,,133,0,4,0,0,0,0,0,3,4,0,4,3,,N,,,,,,,,,,,
2010006287,1315.0,1,0,0,0,0,0,0,0,0,4,0,,67,12,2009,4,39.9558,-75.1942,1311.0,6,0,0,0,0,0,2,0,0,,0,0,0,13,1,9,0,,0,39 57:20.893,,7,75 11:39.253,4,0,0,0,67301,0,0,0,N,0,0,0,42,67301,9,,1,1,,N,N,,0,,0,0,0,3,2,,1311,9,2,0,0,1,0,0,3,4,0,2,3,,N,,,,,,,,,,,
2010004269,1600.0,3,0,0,0,0,0,0,0,0,6,0,,67,11,2009,7,,,1754.0,6,0,0,0,0,0,1,0,0,1.0,0,0,0,99,3,0,0,,1,,5.0,0,,0,0,0,0,67301,0,0,0,N,0,0,0,3,67301,0,,1,1,,N,,,0,,0,0,0,0,0,Y,9999,0,3,0,0,0,0,0,3,3,0,3,3,,N,,,,,,,,,,,
2010010179,0.0,1,0,0,0,0,0,0,0,0,4,0,,67,6,2009,3,40.028,-75.0574,0.0,6,0,0,0,0,0,0,0,0,,0,0,0,18,1,2,1,,0,40 01:40.752,,0,75 03:26.701,8,0,0,0,67301,0,0,0,N,0,0,0,3,00000,0,,1,1,,N,N,,0,,0,0,0,3,2,,1830,2,2,0,0,0,2,0,3,4,0,2,3,,N,,,,,,,,,,,
2010010507,0.0,1,0,0,0,0,0,0,0,0,5,0,,67,9,2009,3,39.9833,-75.144,0.0,6,0,0,0,1,0,0,0,0,,0,0,0,10,1,1,0,,0,39 59:00.024,,0,75 08:38.522,3,0,0,0,67301,0,0,0,N,0,0,0,5,00000,0,,1,1,,N,N,,1,,1,0,0,0,0,,1015,1,2,0,0,0,0,0,3,4,0,2,3,,N,,,,,,,,,,,
2010010607,0.0,2,0,0,0,0,0,0,0,0,1,0,,67,12,2009,4,40.0451,-75.002,0.0,6,0,0,0,0,0,0,0,0,,0,0,0,13,1,1,0,,0,40 02:42.793,,0,75 00:06.894,3,0,0,0,67301,0,0,0,,0,0,0,2,00000,0,,1,1,,,,,0,,1,0,0,0,0,,1345,1,2,0,0,1,0,0,3,4,0,2,3,,N,,,,,,,,,,,
2010005679,1059.0,2,0,0,0,0,0,0,0,0,1,0,,67,12,2009,7,40.0101,-75.0893,1056.0,6,0,0,0,0,0,1,1,0,,0,0,0,10,1,1,2,,0,40 00:36.249,,0,75 05:21.318,4,0,0,0,67301,0,0,0,,0,0,0,3,67301,1,,1,1,,N,N,,0,,0,0,0,3,2,,1055,1,2,0,0,0,0,0,3,4,0,2,3,,N,,,,,,,,,,,
2010011138,1820.0,1,0,0,0,0,0,0,0,0,1,0,,67,12,2009,4,40.0465,-75.0901,1814.0,6,0,0,0,0,0,0,0,0,,0,0,0,18,4,1,1,,0,40 02:47.384,,0,75 05:24.289,3,0,0,0,67301,0,0,0,N,0,0,0,3,67301,0,,1,1,,N,N,,0,,1,0,1,0,0,,1814,1,2,0,0,0,0,0,3,4,0,2,3,,N,,,,,,,,,,,
2010011147,1745.0,1,0,0,0,0,0,0,0,0,8,0,,67,12,2009,1,40.0016,-75.1164,1745.0,6,0,0,0,0,0,0,0,0,,0,0,0,17,3,1,1,,0,40 00:05.893,,0,75 06:59.072,8,0,0,0,67301,1,0,0,N,1,0,0,3,67301,0,,1,9,,N,N,,0,,0,0,0,3,2,,1744,1,2,0,0,0,1,2,3,4,0,1,7,,N,,,,,,,,,,,
2010020096,1240.0,3,0,0,0,0,0,0,0,0,1,0,,67,12,2009,4,40.0406,-75.1492,1238.0,6,0,0,0,0,0,0,0,0,,0,0,0,12,1,2,0,,0,40 02:26.095,,0,75 08:57.260,8,0,0,0,67301,0,0,0,N,0,0,0,3,67301,0,,2,9,,N,N,,0,,0,0,0,0,0,,1235,2,3,0,0,0,2,0,3,4,0,3,3,,N,,,,,,,,,,,
2010012673,0.0,1,0,0,0,0,0,0,0,0,4,0,,67,9,2009,6,39.9928,-75.1213,0.0,6,0,0,0,0,0,1,0,0,,0,0,0,14,1,1,2,,0,39 59:34.101,,0,75 07:16.633,8,0,0,0,67301,0,0,0,N,0,0,0,3,00000,0,,1,1,,N,N,,0,,0,0,0,3,3,,1450,1,2,0,0,0,1,2,3,4,1,2,3,,N,,,,,,,,,,,
2010003074,939.0,2,0,0,0,0,0,0,0,0,4,0,,67,11,2009,4,40.0329,-75.1068,937.0,6,0,0,0,0,0,1,0,0,,0,0,0,9,1,1,0,,0,40 01:57.651,,7,75 06:23.419,4,0,0,0,67301,0,0,0,,0,0,0,3,67301,1,,1,1,,,,,0,,0,0,0,0,0,,930,1,2,0,0,0,0,0,3,4,0,2,3,,N,,,,,,,,,,,
2010002783,1905.0,1,0,0,0,0,0,0,0,0,1,0,,67,12,2009,4,40.1003,-75.0222,1901.0,6,0,0,0,0,0,1,0,0,,0,0,0,18,3,1,0,,0,40 06:00.950,,3,75 01:20.010,8,0,0,0,67301,0,0,0,N,0,0,0,4,67301,0,,1,9,,N,N,,1,,0,0,0,3,2,,1856,1,2,0,0,0,1,0,3,4,0,2,7,,N,,,,,,,,,,,
2010005664,1336.0,2,0,0,0,0,0,0,0,0,4,0,,67,12,2009,6,40.0202,-75.1505,1324.0,6,0,0,0,1,0,0,0,0,,0,0,0,13,1,2,1,,0,40 01:12.586,,0,75 09:01.958,4,0,0,0,67301,0,0,0,N,0,0,0,3,67301,1,,1,1,,N,N,,0,,0,0,0,3,2,,1323,2,2,0,0,0,1,1,3,4,0,2,3,,N,,,,,,,,,,,
2009086216,1612.0,0,0,0,0,0,0,0,0,0,8,1,,67,6,2009,2,40.0332,-75.0378,1609.0,6,0,0,0,0,0,0,0,0,3.0,1,1,0,16,1,0,1,,2,40 01:59.691,6.0,0,75 02:15.936,1,0,0,0,67301,1,1,0,,1,1,0,2,67301,0,2.0,1,1,,,,,0,0.0,0,0,0,3,2,Y,1600,0,2,0,0,0,0,0,3,4,0,1,3,,N,,,,,,,,,,,
2009086270,1426.0,2,0,0,0,0,0,0,0,0,1,0,,67,8,2009,1,39.9273,-75.1448,1421.0,6,0,0,0,0,0,0,0,0,,0,0,0,13,1,1,1,,0,39 55:38.722,,0,75 08:41.991,4,0,0,0,67301,0,0,0,,0,0,0,6,67301,1,,1,9,,,,,0,,0,0,0,3,2,,1300,1,2,0,0,0,0,0,3,4,0,2,7,,N,,,,,,,,,,,
2009086145,9999.0,1,0,0,0,0,0,0,0,0,4,0,,67,8,2009,1,40.0339,-75.0743,518.0,6,0,0,0,0,0,0,0,0,1.0,0,0,0,5,3,3,5,,1,40 02:02.039,1.0,0,75 04:27.141,8,0,0,0,67301,0,0,0,N,0,0,0,3,67301,0,,1,1,,N,N,,1,,0,0,0,3,2,N,516,3,2,0,0,0,3,0,3,4,0,2,3,,N,,,,,,,,,,,
2009076146,1803.0,1,0,0,0,0,0,0,0,0,7,0,,67,6,2009,7,39.9065,-75.1367,1755.0,6,0,0,0,0,0,0,0,0,,0,0,0,17,1,0,0,,0,39 54:23.310,,2,75 08:12.157,0,0,0,0,67301,0,0,0,N,0,0,0,2,67501,0,,3,9,,N,N,,0,,0,0,0,0,0,,1751,0,1,0,0,0,0,0,3,4,0,1,7,,N,,,,,,,,,,,
2009071365,22.0,2,0,0,0,0,0,0,0,0,1,0,,67,6,2009,1,40.0562,-75.0124,18.0,6,0,0,0,0,0,0,2,0,,0,0,0,23,3,1,0,,0,40 03:22.425,,0,75 00:44.718,8,0,0,0,67301,0,0,0,,0,0,0,2,67301,0,,1,1,,N,,,0,,0,0,0,3,2,,2316,1,2,0,0,0,1,0,3,4,0,2,3,,N,,,,,,,,,,,
2009071367,2159.0,4,0,0,0,0,0,0,0,0,6,0,,67,6,2009,7,40.0585,-75.0502,2154.0,6,0,0,0,0,0,1,0,0,,0,0,0,21,3,2,0,,0,40 03:30.773,,0,75 03:00.749,4,0,0,0,67301,0,0,0,N,0,0,0,4,67301,1,,1,9,,N,N,,0,,0,0,0,0,0,,2153,2,4,0,0,0,1,0,3,4,0,4,7,,N,,,,,,,,,,,
2010002961,1740.0,1,0,0,0,0,0,0,0,0,8,0,,67,12,2009,3,40.0171,-75.1514,1730.0,6,0,0,0,0,0,1,0,0,,0,0,0,17,3,1,0,,0,40 01:01.509,,0,75 09:04.903,8,0,0,0,67301,2,0,0,,2,0,0,3,67301,0,,1,1,,,,,0,,0,0,0,3,2,,1720,1,3,0,0,0,1,0,3,4,0,1,3,,N,,,,,,,,,,,
2010003177,1635.0,1,0,0,0,0,0,1,0,0,1,1,,67,12,2009,4,40.044,-75.1163,1628.0,6,0,0,0,0,0,0,0,0,1.0,0,0,0,16,4,1,0,,2,40 02:38.429,6.0,7,75 06:58.556,4,0,0,0,67301,0,0,0,N,0,0,0,2,67301,1,,1,9,,Y,N,,0,,0,0,0,0,0,N,1623,1,2,0,0,0,0,0,3,4,0,2,7,,N,,,,,,,,,,,
2010003241,1921.0,1,0,0,0,0,0,0,0,0,8,0,,67,12,2009,6,39.9974,-75.1785,1920.0,6,0,0,0,0,0,1,0,0,,0,0,0,19,3,1,0,,0,39 59:50.545,,0,75 10:42.601,4,0,0,0,67301,1,0,0,N,1,0,0,2,67301,1,,6,1,,N,N,,0,,0,0,0,0,0,,1917,1,2,0,0,0,0,0,3,4,0,1,3,,N,,,,,,,,,,,
2010006119,1435.0,0,0,0,0,0,0,0,0,0,4,0,,67,12,2009,6,39.9228,-75.2384,1435.0,6,0,0,0,0,1,0,0,0,,0,0,0,14,1,0,1,,0,39 55:21.975,,0,75 14:18.329,0,0,0,0,67301,0,0,0,N,0,0,0,2,67301,0,,1,1,,N,N,,0,,0,0,2,3,2,,1435,0,2,0,0,0,0,0,3,4,0,2,3,,N,,,,,,,,,,,
2010006354,910.0,2,0,0,0,0,0,0,0,0,4,0,,67,12,2009,6,40.0278,-75.047,907.0,6,0,0,0,0,0,0,0,0,,0,0,0,9,1,1,1,,0,40 01:40.011,,0,75 02:49.293,4,0,0,0,67301,0,0,0,,0,0,0,2,67301,1,,1,1,,N,N,,0,,0,0,0,3,3,,910,1,2,0,0,0,0,0,3,4,0,2,3,,N,,,,,,,,,,,
2010006357,9999.0,2,0,0,0,0,0,0,0,0,4,0,,67,12,2009,5,39.9185,-75.2259,1834.0,6,0,0,0,0,0,1,0,0,,0,0,0,99,3,0,1,,0,39 55:06.715,,0,75 13:33.263,0,0,0,0,67301,0,0,0,N,0,0,0,6,67301,0,,1,1,,N,N,,1,,0,0,0,3,2,,9999,0,3,0,0,0,0,0,3,4,0,3,3,,N,,,,,,,,,,,
2010006361,1742.0,1,0,0,0,0,0,0,0,0,1,0,,67,12,2009,7,40.0853,-75.2293,1729.0,6,0,0,0,0,0,0,0,0,,0,0,0,17,3,4,0,,0,40 05:07.198,,0,75 13:45.508,4,0,0,0,67301,0,0,0,,0,0,0,8,67301,2,,1,1,,N,N,,0,,0,0,1,3,2,,1719,4,3,0,0,0,2,0,3,4,1,3,3,,N,,,,,,,,,,,
2010006328,5.0,2,0,0,0,0,0,0,0,0,4,0,,67,12,2009,3,39.9967,-75.1392,5.0,6,0,0,0,0,0,0,0,0,,0,0,0,0,3,3,1,,0,39 59:48.062,,0,75 08:21.127,8,0,0,0,67301,0,0,0,,0,0,0,6,67301,0,,1,1,,,,,0,,0,0,0,3,3,,0,3,2,0,0,0,3,0,3,4,0,2,3,,N,,,,,,,,,,,
2010004891,1415.0,1,0,0,0,0,0,0,0,0,2,0,,67,11,2009,3,39.9673,-75.172,1347.0,6,0,0,0,0,0,1,0,0,9.0,0,0,0,13,1,1,2,,2,39 58:02.211,3.0,0,75 10:19.343,8,0,0,0,67301,1,0,0,N,1,0,0,2,67301,0,,1,1,,N,N,,0,,0,0,0,3,2,N,1345,1,2,0,0,0,1,1,3,4,0,1,3,,N,,,,,,,,,,,
2010007662,607.0,0,0,0,0,0,0,0,0,0,7,0,,67,12,2009,7,39.9791,-75.2037,605.0,6,0,0,0,0,0,0,0,0,1.0,0,0,0,6,3,0,0,,1,39 58:47.306,3.0,0,75 12:17.191,0,0,0,0,67301,0,0,0,N,0,0,0,2,68K01,0,,2,9,,N,N,,0,,0,0,1,0,0,N,603,0,2,0,0,0,0,0,3,4,1,2,3,,N,,,,,,,,,,,
2010018986,308.0,0,0,0,0,0,0,0,0,0,7,0,,67,12,2009,2,40.021,-75.0513,304.0,6,0,0,0,0,0,0,0,0,,0,0,0,2,3,1,0,,0,40 01:15.523,,0,75 03:04.657,3,0,0,0,67301,0,0,0,,0,0,0,1,67301,0,,4,1,,N,N,,1,,1,0,0,0,0,,231,1,1,0,0,0,0,0,3,4,0,1,3,,N,,,,,,,,,,,
2010011112,2200.0,1,0,0,0,0,0,0,0,0,7,0,,67,12,2009,3,40.0152,-75.2076,2146.0,6,0,0,0,0,0,0,0,0,6.0,0,0,0,21,3,1,0,,2,40 00:54.867,5.0,7,75 12:28.388,4,0,0,0,67301,0,0,0,N,0,0,0,1,67301,1,,5,9,,N,N,,0,,0,0,0,3,2,Y,2146,1,1,0,0,0,0,0,3,4,0,1,3,,N,,,,,,,,,,,
2010011136,955.0,1,0,0,0,0,0,0,0,0,7,0,,67,12,2009,3,39.944,-75.2345,954.0,6,0,0,0,0,0,0,0,0,,0,0,0,99,1,0,0,,0,39 56:38.425,,0,75 14:04.293,0,0,0,0,67301,0,0,0,,0,0,0,1,67301,0,,2,1,,,,,0,,0,0,0,0,0,,9999,0,1,0,0,0,0,0,3,4,0,1,3,,N,,,,,,,,,,,
2010006531,955.0,0,0,0,0,0,0,0,0,0,4,0,,67,12,2009,3,39.9893,-75.1207,943.0,6,0,0,0,0,0,0,0,0,,0,0,0,8,1,1,1,,0,39 59:21.645,,0,75 07:14.530,4,0,0,0,67301,0,0,0,N,0,0,0,3,67301,1,,1,1,,N,N,,1,,0,0,0,9,2,,845,1,2,0,0,0,0,0,3,4,1,2,3,,N,,,,,,,,,,,
2010003059,800.0,3,0,0,0,0,0,0,0,0,1,0,,67,12,2009,4,40.0083,-75.1944,756.0,6,0,0,0,0,0,0,0,0,1.0,0,0,0,7,1,1,2,,1,40 00:26.118,2.0,0,75 11:31.929,3,0,0,0,67301,0,0,0,N,0,0,0,8,67301,0,,1,1,,N,N,,0,,1,0,0,3,2,N,753,1,3,0,0,0,0,0,3,4,0,3,3,,N,,,,,,,,,,,
2010003070,1318.0,2,0,0,0,0,0,0,0,0,4,0,,67,11,2009,4,39.9777,-75.2663,1317.0,6,0,0,0,0,0,1,0,0,,0,0,0,13,1,1,2,,0,39 58:39.957,,0,75 15:58.937,4,0,0,0,67301,0,0,0,N,0,0,0,2,67301,1,,1,9,,N,N,,0,,0,0,1,0,0,,1305,1,3,0,0,0,0,0,3,4,0,3,7,,N,,,,,,,,,,,
2010002782,1308.0,2,0,0,0,0,0,0,0,0,1,0,,67,12,2009,4,40.007,-75.1336,1305.0,6,0,0,0,0,0,0,0,0,,0,0,0,12,1,1,0,,0,40 00:25.131,,0,75 08:01.069,8,0,0,0,67301,0,0,0,N,0,0,0,3,67301,0,,1,1,,N,N,,0,,0,0,0,0,0,,1240,1,3,0,0,0,1,0,3,4,1,3,3,,N,,,,,,,,,,,
2010019418,430.0,1,0,0,0,0,0,0,0,0,7,0,,67,12,2009,5,40.0323,-75.0848,413.0,6,0,0,0,0,0,0,0,0,3.0,0,0,0,4,3,2,0,,2,40 01:56.224,2.0,0,75 05:05.350,2,0,0,0,67301,0,0,0,N,0,0,0,2,67301,1,,3,1,,N,N,,0,,0,1,0,0,0,Y,413,2,1,0,1,1,0,0,3,4,0,1,3,,N,,,,,,,,,,,
2009092976,1130.0,0,0,0,0,0,0,0,0,0,1,0,,67,7,2009,4,39.9705,-75.2342,1120.0,6,0,0,0,0,0,0,0,0,,0,0,0,11,1,1,1,,0,39 58:13.810,,0,75 14:03.170,4,0,0,0,67301,0,0,0,,0,0,0,3,67301,1,,1,1,,,,,0,,0,0,1,3,2,,1120,1,2,0,0,0,0,0,3,4,1,2,3,,N,,,,,,,,,,,
2009093013,1540.0,2,0,0,0,0,0,0,0,0,4,0,,67,8,2009,5,39.976,-75.2394,1535.0,6,0,0,0,0,0,1,0,0,,0,0,0,15,1,2,2,,0,39 58:33.654,,0,75 14:21.883,4,0,0,0,67301,0,0,0,N,0,0,0,4,67301,2,,1,1,,N,N,,0,,0,0,0,3,3,,1505,2,2,0,0,0,0,0,3,4,0,2,3,,N,,,,,,,,,,,
2009069441,1933.0,1,0,0,0,0,0,0,0,0,1,0,,67,6,2009,2,40.0496,-75.0956,1931.0,6,0,0,0,0,0,1,0,0,,0,0,0,19,1,1,0,,0,40 02:58.479,,0,75 05:44.227,4,0,0,0,67301,0,0,0,N,0,0,0,3,67301,1,,1,1,,N,N,,0,,0,0,1,0,0,,1900,1,2,0,0,0,0,0,3,4,0,2,3,,N,,,,,,,,,,,
2009067245,630.0,2,0,0,0,0,0,0,0,0,4,0,,67,6,2009,2,40.0483,-75.0968,628.0,6,0,0,0,0,0,0,0,0,2.0,0,0,0,6,1,1,1,,1,40 02:54.016,2.0,0,75 05:48.533,4,0,0,0,67301,0,0,0,N,0,0,0,2,67301,1,,1,1,,N,N,,0,,0,0,0,3,2,N,620,1,2,0,0,0,0,0,3,4,0,2,3,,N,,,,,,,,,,,
2009067115,1329.0,0,0,0,0,0,0,1,0,0,8,1,,67,4,2009,3,39.9656,-75.2319,1328.0,6,0,0,0,0,0,0,0,0,,0,0,0,13,1,1,1,,0,39 57:56.235,,0,75 13:54.861,8,0,0,0,67301,1,0,0,N,1,0,0,2,67301,0,,1,9,,N,Y,,0,,0,0,0,3,2,,1326,1,2,0,0,0,1,0,3,4,0,1,7,,N,,,,,,,,,,,
2009067469,2320.0,1,0,0,0,0,0,0,0,0,8,0,,67,5,2009,5,40.0437,-75.1382,2318.0,6,0,0,0,0,0,0,0,0,,0,0,0,23,3,1,1,,0,40 02:37.449,,0,75 08:17.555,8,0,0,0,67301,1,0,0,N,1,0,0,2,67301,0,,1,9,,N,N,,0,,0,0,0,3,3,,2318,1,2,0,0,0,1,0,3,4,0,1,7,,N,,,,,,,,,,,
2009067470,125.0,3,0,0,0,0,0,0,0,0,4,1,,67,5,2009,4,40.0319,-75.2299,120.0,6,0,0,0,0,0,0,0,0,,0,1,0,1,3,0,0,,0,40 01:54.937,,0,75 13:47.658,0,0,0,0,67301,0,0,0,Y,0,0,0,1,67301,0,,1,1,,N,N,,0,,0,0,0,0,0,,105,0,4,0,0,0,0,0,3,4,0,4,3,,N,,,,,,,,,,,
2009067502,2003.0,0,0,0,0,0,0,0,0,0,8,0,,67,6,2009,2,40.0132,-75.0704,2000.0,6,0,0,1,0,0,0,0,0,,0,0,0,19,4,1,1,,0,40 00:47.439,,0,75 04:13.514,4,0,0,0,67301,1,0,0,N,1,0,0,2,67301,1,,1,1,,N,N,,0,,0,0,1,3,2,,1959,1,2,0,0,0,0,0,3,4,0,1,3,,N,,,,,,,,,,,
2009067524,2118.0,1,0,0,0,0,0,0,0,0,4,0,,67,5,2009,3,39.9953,-75.2314,2116.0,6,0,0,0,0,0,0,0,0,,0,0,0,99,3,1,1,,0,39 59:43.177,,0,75 13:52.960,4,0,0,0,67301,0,0,0,N,0,0,0,3,67301,1,,1,9,,N,N,,0,,0,0,0,3,3,,9999,1,2,0,0,1,0,0,3,4,1,2,7,,N,,,,,,,,,,,
2009067549,40.0,2,0,0,0,0,0,0,0,0,5,0,,67,6,2009,5,40.0076,-75.1516,35.0,6,0,0,0,1,0,0,1,0,,0,0,0,0,3,2,0,,0,40 00:27.504,,0,75 09:05.742,8,0,0,0,67301,0,0,0,,0,0,0,5,67301,0,,1,9,,N,N,,0,,0,0,0,0,0,,35,2,2,0,0,0,2,0,3,4,0,2,7,,N,,,,,,,,,,,
2009067576,1230.0,1,0,0,0,0,0,0,0,0,7,0,,67,5,2009,3,39.9151,-75.2447,1213.0,6,0,0,0,0,0,0,0,0,,0,0,0,12,1,1,0,,0,39 54:54.336,,7,75 14:40.849,4,0,0,0,67301,0,0,0,,0,0,0,4,67301,1,,5,1,,,,,0,,0,0,0,0,0,,1213,1,1,0,0,0,0,1,3,4,0,1,3,,N,,,,,,,,,,,
2009067589,1046.0,1,0,0,0,0,0,0,0,0,8,0,,67,5,2009,2,39.9287,-75.1642,1027.0,6,0,0,0,0,0,0,0,0,,0,0,0,8,1,1,0,,0,39 55:43.242,,0,75 09:50.996,4,0,0,0,67301,1,0,0,,1,0,0,2,67301,1,,1,1,,N,N,,0,,0,0,0,0,0,,825,1,2,0,0,0,0,1,3,4,0,1,3,,N,,,,,,,,,,,
2009118922,1839.0,1,0,0,0,0,0,0,0,0,4,0,,67,4,2009,7,40.0954,-74.9597,1838.0,6,0,0,0,1,0,2,0,0,,0,0,0,18,1,4,2,,0,40 05:43.696,,0,74 57:34.548,4,0,0,0,67301,0,0,0,N,0,0,0,6,67301,4,,1,1,,N,N,,0,,0,0,2,3,2,,1837,4,3,0,0,1,0,0,3,4,0,3,3,,N,,,,,,,,,,,
2009118942,9999.0,2,0,0,0,0,0,0,0,0,6,0,,67,10,2009,5,40.0291,-75.1526,116.0,6,0,0,0,0,0,0,0,0,,0,0,0,0,3,1,0,,0,40 01:44.616,,0,75 09:09.478,8,0,0,0,67301,0,0,0,N,0,0,0,2,67301,0,,1,1,,N,N,,0,,0,0,0,0,0,,30,1,2,0,0,0,1,1,3,4,0,2,3,,N,,,,,,,,,,,
2009120837,1845.0,2,0,0,0,0,0,0,0,0,5,0,,67,10,2009,5,40.0252,-75.1174,1840.0,6,0,0,0,0,0,0,0,0,,0,0,0,18,1,0,0,,0,40 01:30.759,,0,75 07:02.542,0,0,0,0,67301,0,0,0,,0,0,0,1,67301,0,,6,1,,,,,0,,0,0,1,0,0,,1835,0,3,0,0,0,0,0,3,4,0,3,3,,N,,,,,,,,,,,
2009111587,1550.0,1,0,1,0,0,0,0,0,0,2,0,,67,10,2009,5,40.0089,-75.0719,1545.0,6,0,0,0,0,0,0,1,0,4.0,0,0,0,15,1,2,5,,1,40 00:31.898,4.0,0,75 04:18.804,2,0,0,0,67301,0,0,0,N,0,0,0,2,67301,0,,1,1,,N,N,,1,,1,1,0,3,2,N,1538,2,2,0,0,1,0,0,3,4,0,2,3,,N,,,,,,,,,,,
2009093539,210.0,2,0,0,0,0,0,0,0,0,1,0,,67,8,2009,7,40.0205,-75.1555,202.0,6,0,0,0,0,0,1,0,0,9.0,0,0,0,99,3,1,0,,1,40 01:13.845,1.0,0,75 09:19.840,4,0,0,0,67301,0,0,0,N,0,0,0,2,67301,1,,1,9,,N,N,,0,,0,0,0,0,0,N,9999,1,2,0,0,0,0,0,3,4,0,2,3,,N,,,,,,,,,,,
2009093575,9999.0,2,0,0,0,0,0,0,0,0,2,0,,67,8,2009,5,40.0209,-75.1486,9999.0,6,0,0,0,0,0,0,0,0,,0,0,0,16,1,1,2,,0,40 01:15.217,,0,75 08:55.337,8,0,0,0,67301,0,0,0,N,0,0,0,3,67301,0,,1,1,,N,N,,0,,0,0,0,0,0,,1645,1,2,0,0,0,1,0,3,4,0,2,3,,N,,,,,,,,,,,