CRN,ARRIVAL_TM,AUTOMOBILE_COUNT,BELTED_DEATH_COUNT,BELTED_SUSP_SERIOUS_INJ_COUNT,BICYCLE_COUNT,BICYCLE_DEATH_COUNT,BICYCLE_SUSP_SERIOUS_INJ_COUNT,BUS_COUNT,CHLDPAS_DEATH_COUNT,CHLDPAS_SUSP_SERIOUS_INJ_COUNT,COLLISION_TYPE,COMM_VEH_COUNT,CONS_ZONE_SPD_LIM,COUNTY,CRASH_MONTH,CRASH_YEAR,DAY_OF_WEEK,DEC_LAT,DEC_LONG,DISPATCH_TM,DISTRICT,DRIVER_COUNT_16YR,DRIVER_COUNT_17YR,DRIVER_COUNT_18YR,DRIVER_COUNT_19YR,DRIVER_COUNT_20YR,DRIVER_COUNT_50_64YR,DRIVER_COUNT_65_74YR,DRIVER_COUNT_75PLUS,EST_HRS_CLOSED,FATAL_COUNT,HEAVY_TRUCK_COUNT,HORSE_BUGGY_COUNT,HOUR_OF_DAY,ILLUMINATION,INJURY_COUNT,INTERSECT_TYPE,INTERSECTION_RELATED,LANE_CLOSED,LATITUDE,LN_CLOSE_DIR,LOCATION_TYPE,LONGITUDE,MAX_SEVERITY_LEVEL,MCYCLE_DEATH_COUNT,MCYCLE_SUSP_SERIOUS_INJ_COUNT,MOTORCYCLE_COUNT,MUNICIPALITY,NONMOTR_COUNT,NONMOTR_DEATH_COUNT,NONMOTR_SUSP_SERIOUS_INJ_COUNT,NTFY_HIWY_MAINT,PED_COUNT,PED_DEATH_COUNT,PED_SUSP_SERIOUS_INJ_COUNT,PERSON_COUNT,POLICE_AGCY,POSSIBLE_INJ_COUNT,RDWY_SURF_TYPE_CD,RELATION_TO_ROAD,ROAD_CONDITION,ROADWAY_CLEARED,SCH_BUS_IND,SCH_ZONE_IND,SECONDARY_CRASH,SMALL_TRUCK_COUNT,SPEC_JURIS_CD,SUSP_MINOR_INJ_COUNT,SUSP_SERIOUS_INJ_COUNT,SUV_COUNT,TCD_FUNC_CD,TCD_TYPE,TFC_DETOUR_IND,TIME_OF_DAY,TOT_INJ_COUNT,TOTAL_UNITS,UNB_DEATH_COUNT,UNB_SUSP_SERIOUS_INJ_COUNT,UNBELTED_OCC_COUNT,UNK_INJ_DEG_COUNT,UNK_INJ_PER_COUNT,URBAN_AREA,URBAN_RURAL,VAN_COUNT,VEHICLE_COUNT,WEATHER1,WEATHER2,WORK_ZONE_IND,WORK_ZONE_LOC,WORK_ZONE_TYPE,WORKERS_PRES,WZ_CLOSE_DETOUR,WZ_FLAGGER,WZ_LAW_OFFCR_IND,WZ_LN_CLOSURE,WZ_MOVING,WZ_OTHER,WZ_SHLDER_MDN,WZ_WORKERS_INJ_KILLED
2009093634,1512.0,1,0,0,0,0,0,1,0,0,6,1,,67,8,2009,2,40.0266,-75.1327,1510.0,6,0,0,0,0,0,1,0,0,,0,0,0,99,1,2,0,,0,40 01:35.637,,0,75 07:57.602,4,0,0,0,67301,0,0,0,N,0,0,0,7,67301,2,,1,1,,N,N,,0,,0,0,0,0,0,,9999,2,2,0,0,0,0,4,3,4,0,2,3,,N,,,,,,,,,,,
2009056943,1606.0,1,0,0,0,0,0,0,0,0,8,0,,67,5,2009,3,39.9701,-75.1304,1604.0,6,0,0,0,0,0,0,0,0,1.0,0,0,0,16,1,1,1,,1,39 58:12.689,4.0,0,75 07:48.886,3,0,0,0,67301,1,0,0,,1,0,0,3,67301,0,,1,9,,N,N,,0,,1,0,0,3,2,Y,1602,1,2,0,0,0,0,0,3,4,0,1,7,,N,,,,,,,,,,,
2009054416,825.0,0,0,0,0,0,0,0,0,0,4,0,,67,4,2009,7,40.035,-75.1737,825.0,6,0,0,0,0,0,0,0,0,,0,0,0,8,1,2,1,,0,40 02:06.009,,0,75 10:25.403,8,0,0,0,67301,0,0,0,,0,0,0,4,67301,0,,1,1,,,,,0,,0,0,1,3,2,,820,2,2,0,0,0,2,0,3,4,1,2,3,,N,,,,,,,,,,,
2009054417,1239.0,2,0,0,0,0,0,0,0,0,8,0,,67,4,2009,6,40.0295,-75.1247,1229.0,6,0,0,0,0,0,1,1,0,,0,0,0,99,1,1,0,,0,40 01:46.207,,0,75 07:28.909,2,0,0,0,67301,1,0,1,N,1,0,1,3,67301,0,,1,1,,,N,,0,,0,1,0,3,2,,9999,1,3,0,0,1,0,0,3,4,0,2,3,,N,,,,,,,,,,,
2009054431,1859.0,1,0,0,0,0,0,0,0,0,8,0,,67,4,2009,2,39.9367,-75.1927,1856.0,6,0,0,0,0,0,0,0,0,,0,0,0,18,1,1,0,,0,39 56:12.145,,0,75 11:33.799,8,0,0,0,67301,1,0,0,N,1,0,0,2,67301,0,,1,1,,N,N,,0,,0,0,0,0,0,,1854,1,2,0,0,0,1,0,3,4,0,1,3,,N,,,,,,,,,,,
2009091372,1701.0,2,0,0,0,0,0,0,0,0,4,0,,67,8,2009,3,39.9549,-75.1408,1701.0,6,0,0,0,0,0,0,0,0,,0,0,0,17,1,0,0,,0,39 57:18.093,,0,75 08:26.748,9,0,0,0,67301,0,0,0,N,0,0,0,2,68K01,0,,1,1,,N,N,,0,,0,0,0,0,0,,1701,0,2,0,0,0,0,1,3,4,0,2,3,,N,,,,,,,,,,,
2009054690,1552.0,1,0,1,0,0,0,0,0,0,4,0,,67,3,2009,5,39.9912,-75.1963,1549.0,6,0,1,0,0,0,1,0,0,9.0,0,0,0,15,1,4,0,,2,39 59:27.901,1.0,0,75 11:46.767,2,0,0,0,67301,0,0,0,,0,0,0,4,67301,2,,1,9,,,,,0,,1,1,1,0,0,Y,1545,4,3,0,0,0,0,0,3,4,1,3,7,,N,,,,,,,,,,,
2009086170,1304.0,1,0,0,1,0,0,0,0,0,4,0,,67,7,2009,2,39.9343,-75.1508,1300.0,6,0,0,0,0,1,0,0,0,,0,0,0,12,1,1,1,,0,39 56:03.465,,0,75 09:02.912,8,0,0,0,67301,1,0,0,,0,0,0,3,67301,0,,1,1,,N,N,,0,,0,0,0,3,2,,1258,1,2,0,0,0,1,0,3,4,0,1,3,,N,,,,,,,,,,,
2009083639,1921.0,1,0,0,0,0,0,0,0,0,8,0,,67,7,2009,5,39.9172,-75.1584,1920.0,6,0,0,0,0,0,0,0,0,,0,0,0,19,1,1,0,,0,39 55:01.844,,0,75 09:30.207,4,0,0,0,67301,1,0,0,N,1,0,0,2,67301,1,,2,1,,N,N,,0,,0,0,0,0,0,,1915,1,2,0,0,0,0,0,3,4,0,1,3,,N,,,,,,,,,,,
2009065938,0.0,1,0,0,0,0,0,0,0,0,8,0,,67,4,2009,7,40.0377,-75.0425,0.0,6,0,0,0,0,0,1,0,0,,0,0,0,15,1,1,1,,0,40 02:15.774,,0,75 02:32.795,8,0,0,0,67301,0,0,0,,0,0,0,2,00000,0,,1,9,,,,,0,,0,0,1,3,2,,1530,1,2,0,0,0,1,0,3,4,0,2,7,,N,,,,,,,,,,,
2009068467,415.0,2,0,0,0,0,0,0,0,0,4,0,,67,6,2009,1,40.0307,-75.1224,415.0,6,0,0,0,0,0,0,0,0,,0,0,0,4,3,0,1,,0,40 01:50.664,,0,75 07:20.636,0,0,0,0,67301,0,0,0,N,0,0,0,2,67301,0,,1,1,,N,N,,0,,0,0,0,3,2,,415,0,2,0,0,0,0,0,3,4,0,2,3,,N,,,,,,,,,,,
2009068507,2232.0,2,0,0,0,0,0,0,0,0,4,0,,67,5,2009,6,39.9548,-75.2362,2230.0,6,0,0,0,0,0,0,0,0,,0,0,0,22,3,2,1,,0,39 57:17.161,,0,75 14:10.471,4,0,0,0,67301,0,0,0,N,0,0,0,3,67301,2,,1,1,,N,N,,0,,0,0,0,3,2,,2215,2,2,0,0,0,0,0,3,4,0,2,3,,N,,,,,,,,,,,
2010005935,1110.0,2,0,0,0,0,0,0,0,0,1,0,,67,12,2009,7,40.021,-75.1401,1105.0,6,0,0,0,0,0,0,0,0,1.0,0,0,0,11,1,1,0,,1,40 01:15.610,1.0,0,75 08:24.434,8,0,0,0,67301,0,0,0,,0,0,0,2,67301,0,,1,1,,,,,0,,0,0,0,3,2,N,1100,1,2,0,0,0,1,0,3,4,0,2,3,,N,,,,,,,,,,,
2010003169,2115.0,1,0,0,0,0,0,0,0,0,7,0,,67,12,2009,4,40.0446,-75.0547,2106.0,6,0,0,0,0,0,0,0,0,1.0,0,0,0,21,3,0,0,,2,40 02:40.521,2.0,0,75 03:16.942,0,0,0,0,67301,0,0,0,N,0,0,0,1,67301,0,,4,9,,N,N,,0,,0,0,0,0,0,Y,2100,0,1,0,0,0,0,0,3,4,0,1,7,,N,,,,,,,,,,,
2010003270,1236.0,2,0,0,0,0,0,0,0,0,4,0,,67,12,2009,6,40.0351,-75.089,1235.0,6,0,0,0,0,0,0,1,0,,0,0,0,12,1,1,1,,0,40 02:06.370,,0,75 05:20.295,8,0,0,0,67301,0,0,0,N,0,0,0,4,67301,0,,1,1,,N,N,,0,,0,0,0,3,3,,1235,1,2,0,0,0,1,0,3,4,0,2,3,,N,,,,,,,,,,,
2010006375,846.0,3,0,0,0,0,0,0,0,0,1,0,,67,12,2009,6,40.0409,-75.0801,832.0,6,0,0,0,0,0,0,0,0,,0,0,0,7,1,2,0,,0,40 02:27.233,,0,75 04:48.421,8,0,0,0,67301,0,0,0,N,0,0,0,4,67301,0,,1,1,,N,N,,0,,0,0,0,0,0,,758,2,3,0,0,0,2,0,3,4,0,3,3,,N,,,,,,,,,,,
2010010632,0.0,1,0,0,0,0,0,0,0,0,8,0,,67,2,2009,6,39.9921,-75.1095,0.0,6,0,0,0,0,0,0,0,0,,0,0,0,23,6,1,1,,0,39 59:31.594,,0,75 06:34.432,8,0,0,0,67301,1,0,0,N,1,0,0,2,00000,0,,1,1,,N,N,,0,,0,0,0,0,0,,2340,1,2,0,0,0,1,0,3,4,0,1,99,,N,,,,,,,,,,,
2010020080,1509.0,2,0,0,0,0,0,0,0,0,1,0,,67,12,2009,5,39.9714,-75.19,1509.0,6,0,0,0,0,0,0,0,0,2.0,0,0,0,15,1,1,0,,1,39 58:17.008,4.0,0,75 11:24.120,4,0,0,0,67301,0,0,0,,0,0,0,2,67301,1,,1,9,,N,N,,0,,0,0,0,0,0,N,1505,1,2,0,0,0,0,0,3,4,0,2,98,,N,,,,,,,,,,,
2010018301,9999.0,3,0,0,0,0,0,0,0,0,5,0,,67,12,2009,4,39.978,-75.1749,2145.0,6,0,0,0,0,0,0,0,0,3.0,0,0,0,99,3,1,0,,2,39 58:40.645,3.0,0,75 10:29.618,8,0,0,0,67301,0,0,0,,0,0,0,1,67301,0,,5,1,,N,N,,0,,0,0,1,0,0,Y,9999,1,4,0,0,0,1,0,3,4,0,4,3,,N,,,,,,,,,,,
2010021027,638.0,0,0,0,0,0,0,0,0,0,7,0,,67,12,2009,4,39.9489,-75.2354,636.0,6,0,0,0,0,0,0,0,0,,0,0,0,6,3,0,0,,0,39 56:56.137,,0,75 14:07.427,9,0,0,0,67301,0,0,0,N,0,0,0,1,67301,0,,5,1,,N,Y,,0,,0,0,0,0,0,,630,0,1,0,0,0,0,1,3,4,1,1,3,,N,,,,,,,,,,,
2010018935,447.0,1,0,0,0,0,0,0,0,0,7,0,,67,12,2009,2,40.0443,-75.0541,444.0,6,0,0,0,0,0,0,0,0,,0,0,0,4,3,0,1,,0,40 02:39.450,,1,75 03:14.767,0,0,0,0,67301,0,0,0,N,0,0,0,1,67301,0,,2,9,,N,N,,0,,0,0,0,0,0,,440,0,1,0,0,0,0,0,3,4,0,1,10,,N,,,,,,,,,,,
2010018936,1030.0,4,0,0,0,0,0,0,0,0,5,0,,67,10,2009,1,39.9284,-75.1931,1025.0,6,0,0,0,0,0,0,0,0,,0,0,0,10,1,0,0,,0,39 55:42.279,,0,75 11:35.316,0,0,0,0,67301,0,0,0,,0,0,0,2,67301,0,,6,1,,,,,0,,0,0,1,0,0,,1025,0,5,0,0,0,0,0,3,4,0,5,3,,N,,,,,,,,,,,
2010034799,225.0,2,0,0,0,0,0,0,0,0,1,0,,67,12,2009,1,39.9711,-75.2067,223.0,6,0,0,0,0,0,0,0,0,,0,0,0,2,3,0,0,,0,39 58:15.949,,0,75 12:24.145,9,0,0,0,67301,0,0,0,N,0,0,0,1,67301,0,,2,9,,N,N,,0,,0,0,0,0,0,,213,0,2,0,0,1,0,1,3,4,0,2,7,,N,,,,,,,,,,,
2010002787,1248.0,3,0,0,0,0,0,0,0,0,6,0,,67,11,2009,2,39.9747,-75.1218,1244.0,6,0,0,0,0,0,0,0,0,,0,0,0,99,1,1,0,,0,39 58:30.990,,2,75 07:16.416,4,0,0,0,67301,0,0,0,,0,0,0,2,67301,1,,2,1,,N,N,,0,,0,0,0,0,0,,9999,1,3,0,0,0,0,0,3,4,0,3,3,,N,,,,,,,,,,,
2010002799,10.0,2,0,0,0,0,0,0,0,0,5,0,,67,11,2009,2,40.0565,-75.0252,2359.0,6,0,0,1,0,0,0,0,0,,0,0,0,23,3,0,2,,0,40 03:23.585,,0,75 01:31.063,0,0,0,0,67301,0,0,0,N,0,0,0,5,67301,0,,1,1,,N,N,,0,,0,0,0,0,0,,2345,0,2,0,0,0,0,0,3,4,0,2,3,,N,,,,,,,,,,,
2009068487,1610.0,1,0,0,0,0,0,0,0,0,1,0,50.0,67,5,2009,7,40.0175,-75.1731,1608.0,6,0,0,0,0,0,1,0,0,,0,0,0,16,1,1,0,,0,40 01:02.942,,0,75 10:23.188,4,0,0,0,67301,0,0,0,N,0,0,0,6,67301,1,,1,1,,N,N,,1,,0,0,1,3,8,,1602,1,3,0,0,0,0,0,3,4,0,3,3,,Y,4.0,1.0,N,U,U,N,Y,U,U,Y,
2009068499,1812.0,1,0,0,0,0,0,0,0,0,6,0,,67,6,2009,4,40.0946,-75.0152,1810.0,6,0,0,0,0,0,1,0,0,1.0,0,0,0,18,1,0,1,,1,40 05:40.718,1.0,0,75 00:54.707,0,0,0,0,67301,0,0,0,N,0,0,0,3,67301,0,,1,1,,N,N,,1,,0,0,0,3,2,N,1810,0,2,0,0,0,0,0,3,4,0,2,3,,N,,,,,,,,,,,
2009066049,0.0,1,0,0,0,0,0,0,0,0,4,0,,67,6,2009,7,40.0347,-75.0446,0.0,6,0,0,0,0,0,0,0,0,,0,0,0,17,1,0,1,,0,40 02:05.048,,0,75 02:40.695,0,0,0,0,67301,0,0,0,N,0,0,0,2,00000,0,,1,9,,N,N,,0,,0,0,1,3,2,,1750,0,2,0,0,0,0,0,3,4,0,2,7,,N,,,,,,,,,,,
2009068632,1431.0,1,0,0,0,0,0,0,0,0,1,0,,67,6,2009,6,39.9591,-75.1719,1428.0,6,0,0,0,0,0,0,0,0,1.0,0,0,0,14,1,0,0,,1,39 57:32.914,4.0,0,75 10:19.013,0,0,0,0,67301,0,0,0,N,0,0,0,3,68K01,0,,1,1,,N,N,,0,,0,0,1,0,0,N,1425,0,3,0,0,0,0,0,3,4,1,3,3,,N,,,,,,,,,,,
2009071360,2020.0,4,0,0,0,0,0,0,0,0,1,0,,67,6,2009,1,39.9963,-75.1138,2013.0,6,0,0,0,0,0,0,0,0,,0,0,0,20,4,3,0,,0,39 59:46.669,,0,75 06:49.845,4,0,0,0,67301,2,0,0,N,1,0,0,3,67301,3,,6,1,,N,N,,0,,0,0,0,0,0,,2018,3,5,0,0,1,0,0,3,4,0,4,3,,N,,,,,,,,,,,
2010003244,1627.0,1,0,0,0,0,0,0,0,0,1,0,,67,11,2009,3,40.0025,-75.1025,1611.0,6,0,0,0,0,1,1,0,0,,0,0,0,16,1,0,0,,0,40 00:08.913,,0,75 06:08.954,0,0,0,0,67301,0,0,0,N,0,0,0,2,67301,0,,1,1,,N,N,,1,,0,0,0,0,0,,1603,0,2,0,0,0,0,0,3,4,0,2,3,,N,,,,,,,,,,,
2010003529,1746.0,2,0,0,0,0,0,0,0,0,5,0,,67,11,2009,5,40.0273,-75.0406,1744.0,6,0,0,0,0,0,0,0,0,2.0,0,0,0,17,3,3,0,,1,40 01:38.363,1.0,0,75 02:26.046,4,0,0,0,67301,0,0,0,,0,0,0,3,67301,1,,6,1,,N,N,,0,,0,0,0,0,0,N,1742,3,5,0,0,0,2,0,3,4,3,5,3,,N,,,,,,,,,,,
2010011645,800.0,1,0,0,0,0,0,0,0,0,7,0,,67,12,2009,5,40.0687,-75.1568,750.0,6,0,0,0,0,0,0,0,0,,0,0,0,7,1,0,5,,0,40 04:07.262,,0,75 09:24.365,0,0,0,0,67301,0,0,0,N,0,0,0,1,67301,0,,5,7,,N,N,,0,,0,0,0,3,2,,730,0,1,0,0,0,0,0,3,4,0,1,10,,N,,,,,,,,,,,
2010003541,49.0,2,0,0,0,0,0,0,0,0,2,0,,67,12,2009,1,40.0613,-75.0518,49.0,6,0,0,0,0,0,0,0,0,,0,0,0,0,3,2,1,,0,40 03:40.798,,0,75 03:06.793,4,0,0,0,67301,0,0,0,N,0,0,0,2,67301,2,,1,9,,N,N,,0,,0,0,1,3,2,,47,2,3,0,0,0,0,0,3,4,0,3,7,,N,,,,,,,,,,,
2010003563,635.0,0,0,0,0,0,0,0,0,0,8,0,,67,12,2009,4,40.0325,-75.0684,629.0,6,0,0,0,0,0,0,0,0,,0,0,0,6,5,1,1,,0,40 01:57.157,,0,75 04:06.397,4,0,0,0,67301,1,0,0,N,1,0,0,2,67301,1,,1,1,,N,N,,0,,0,0,0,3,3,,625,1,2,0,0,1,0,0,3,4,1,1,3,,N,,,,,,,,,,,
2010006352,845.0,1,0,0,0,0,0,0,0,0,4,0,,67,12,2009,5,40.0069,-75.0968,840.0,6,0,0,0,0,0,1,0,0,,0,0,0,8,1,1,1,,0,40 00:24.954,,0,75 05:48.507,4,0,0,0,67301,0,0,0,N,0,0,0,2,67301,1,,1,1,,N,N,,0,,0,0,1,3,3,,830,1,2,0,0,0,0,0,3,4,0,2,3,,N,,,,,,,,,,,
2010006372,2125.0,1,0,0,0,0,0,0,0,0,6,0,,67,12,2009,2,39.9261,-75.2248,2118.0,6,0,0,0,0,0,1,0,0,,0,0,0,21,3,1,1,,0,39 55:33.882,,0,75 13:29.323,8,0,0,0,67301,0,0,0,,0,0,0,2,67301,0,,1,1,,,,,0,,0,0,0,3,2,,2109,1,2,0,0,0,1,0,3,4,0,2,3,,N,,,,,,,,,,,
2010006337,928.0,2,0,0,0,0,0,0,0,0,4,0,,67,12,2009,4,40.0659,-75.1593,928.0,6,0,0,0,0,0,1,0,0,,0,0,0,9,1,1,1,,0,40 03:57.346,,0,75 09:33.410,4,0,0,0,67301,0,0,0,N,0,0,0,2,67301,1,,1,2,,N,N,,0,,0,0,0,3,2,,926,1,2,0,0,0,0,0,3,4,0,2,10,,N,,,,,,,,,,,
2010006414,1039.0,1,0,0,0,0,0,0,0,0,4,1,,67,12,2009,4,39.9614,-75.1498,1039.0,6,0,0,0,0,0,0,0,0,2.0,0,1,0,99,1,0,1,,2,39 57:40.930,3.0,0,75 08:59.347,0,0,0,0,67301,0,0,0,N,0,0,0,2,67301,0,,1,1,,N,N,,0,,0,0,0,3,2,Y,9999,0,2,0,0,0,0,0,3,4,0,2,98,,N,,,,,,,,,,,
2010038315,9999.0,2,0,0,0,0,0,0,0,0,1,0,,67,10,2009,6,40.0402,-75.0585,9999.0,6,0,0,0,0,0,2,0,0,1.0,0,0,0,99,1,2,0,,1,40 02:24.558,1.0,0,75 03:30.592,4,0,0,0,67301,0,0,0,,0,0,0,3,67301,2,,1,1,,,,,0,,0,0,0,2,2,N,9999,2,2,0,0,0,0,0,3,4,0,2,3,,N,,,,,,,,,,,
2010010118,0.0,1,0,0,0,0,0,0,0,0,8,0,,67,9,2009,7,40.0107,-75.1513,0.0,6,0,0,0,0,0,0,0,0,,0,0,0,21,6,1,1,,0,40 00:38.569,,0,75 09:04.826,8,0,0,0,67301,1,0,0,,1,0,0,2,00000,0,,1,1,,,,,0,,0,0,0,3,2,,2140,1,2,0,0,0,1,1,3,4,0,1,3,,N,,,,,,,,,,,
2010004890,1735.0,2,0,0,0,0,0,0,0,0,5,0,,67,11,2009,3,39.963,-75.1771,1728.0,6,0,0,0,0,0,0,0,0,,0,0,0,99,3,1,5,,0,39 57:47.880,,0,75 10:37.920,4,0,0,0,67301,0,0,0,,0,0,0,3,67301,1,,1,1,,N,N,,0,,0,0,0,0,0,,9999,1,2,0,0,3,0,0,3,4,0,2,3,,N,,,,,,,,,,,
2010011059,130.0,0,0,0,0,0,0,0,0,0,7,0,,67,12,2009,7,39.9847,-75.1685,115.0,6,0,0,0,0,0,0,0,0,,0,0,0,1,3,1,0,,0,39 59:04.970,,0,75 10:06.772,4,0,0,0,67301,1,0,0,,1,0,0,2,67301,1,,5,1,,,,,1,,0,0,0,0,0,,115,1,2,0,0,0,0,0,3,4,0,1,3,,N,,,,,,,,,,,
2010011062,1604.0,1,0,0,0,0,0,0,0,0,4,0,,67,12,2009,1,39.9571,-75.2143,1549.0,6,0,0,0,0,0,0,0,0,3.0,0,1,0,15,1,1,1,,2,39 57:25.688,7.0,0,75 12:51.554,4,0,0,0,67301,0,0,0,N,0,0,0,3,67301,1,,1,9,,N,N,,0,,0,0,0,3,2,Y,1549,1,2,0,0,3,0,0,3,4,0,2,7,,N,,,,,,,,,,,
2010011152,49.0,2,0,0,0,0,0,0,0,0,1,0,,67,12,2009,4,40.0554,-75.1263,48.0,6,0,0,0,0,0,1,0,0,,0,0,0,0,3,1,2,,0,40 03:19.813,,0,75 07:34.490,8,0,0,0,67301,0,0,0,N,0,0,0,2,67301,0,,1,1,,N,N,,0,,0,0,0,3,2,,43,1,2,0,0,0,1,1,3,4,0,2,3,,N,,,,,,,,,,,
2010017071,1222.0,1,0,0,0,0,0,0,0,0,1,0,,67,12,2009,3,39.9403,-75.1877,1220.0,6,0,0,0,0,0,0,0,0,,0,0,0,12,1,0,0,,0,39 56:24.902,,0,75 11:15.693,9,0,0,0,67301,1,0,0,N,0,0,0,2,67301,0,,6,1,,N,N,,0,,0,0,1,0,0,,1215,0,2,0,0,0,0,1,3,4,0,2,3,,N,,,,,,,,,,,
2010024273,901.0,1,0,0,0,0,0,0,0,0,1,0,,67,12,2009,5,39.8954,-75.2335,856.0,6,0,0,0,0,0,0,0,0,,0,0,0,7,1,0,2,,0,39 53:43.550,,0,75 14:00.600,9,0,0,0,67301,0,0,0,N,0,0,0,2,67301,0,,1,2,,N,N,,1,,0,0,0,3,2,,700,0,2,0,0,0,0,1,3,4,0,2,10,,N,,,,,,,,,,,
2010003691,1100.0,3,0,0,0,0,0,0,0,0,4,0,,67,12,2009,2,40.0289,-75.1454,1055.0,6,0,0,0,0,0,0,0,0,3.0,0,0,0,10,1,0,0,,2,40 01:44.130,6.0,0,75 08:43.340,0,0,0,0,67301,0,0,0,N,0,0,0,1,68K01,0,,1,1,,N,N,,0,,0,0,1,0,0,Y,1051,0,4,0,0,0,0,0,3,4,0,4,3,,N,,,,,,,,,,,
2010012465,0.0,2,0,0,0,0,0,0,0,0,1,0,,67,9,2009,1,40.045,-75.1497,0.0,6,0,0,0,0,0,0,0,0,,0,0,0,13,1,1,1,,0,40 02:41.917,,0,75 08:58.844,8,0,0,0,67301,0,0,0,N,0,0,0,2,00000,0,,1,1,,N,N,,0,,0,0,0,3,2,,1300,1,2,0,0,0,1,1,3,4,0,2,3,,N,,,,,,,,,,,
2010005547,1959.0,0,0,0,0,0,0,0,0,0,8,0,,67,12,2009,4,39.9951,-75.1632,1955.0,6,0,0,0,0,0,1,0,0,,0,0,0,19,3,1,1,,0,39 59:42.186,,0,75 09:47.474,4,0,0,0,67301,1,0,0,N,1,0,0,3,67301,1,,1,9,,N,N,,0,,0,0,1,3,2,,1915,1,2,0,0,0,0,0,3,4,0,1,7,,N,,,,,,,,,,,
2010005577,2327.0,2,0,0,0,0,0,0,0,0,4,0,,67,12,2009,6,40.0222,-75.2183,2324.0,6,0,0,0,0,0,1,0,0,,0,0,0,23,3,3,2,,0,40 01:19.837,,7,75 13:05.894,3,0,0,0,67301,3,0,0,N,3,0,0,5,67301,2,,1,1,,N,N,,0,,1,0,0,3,2,,2323,3,5,0,0,0,0,0,3,4,0,2,3,,N,,,,,,,,,,,
2010005651,2204.0,0,0,0,0,0,0,0,0,0,6,0,,67,9,2009,4,39.9573,-75.2479,2201.0,6,0,0,0,0,0,0,0,0,,0,0,0,21,3,2,1,,0,39 57:26.251,,0,75 14:52.347,4,0,0,0,67301,0,0,0,N,0,0,0,4,67301,1,,1,1,,N,N,,0,,0,0,2,0,0,,2155,2,2,0,0,0,1,1,3,4,0,2,3,,N,,,,,,,,,,,
2010034797,5.0,2,0,0,0,0,0,0,0,0,5,0,,67,12,2009,3,39.9205,-75.1591,2358.0,6,0,0,0,0,0,0,0,0,3.0,0,0,0,23,3,0,0,,2,39 55:13.659,3.0,0,75 09:32.842,9,0,0,0,67301,1,0,0,N,0,0,0,2,67301,0,,6,1,,N,N,,0,,0,0,0,0,0,Y,2328,0,2,0,0,0,0,1,3,4,0,2,3,,N,,,,,,,,,,,
2010002785,12.0,1,0,0,0,0,0,0,0,0,2,0,,67,11,2009,7,40.0405,-75.0591,0.0,6,0,0,0,1,0,0,0,0,9.0,0,0,0,23,3,1,1,,1,40 02:25.817,2.0,0,75 03:32.713,4,0,0,0,67301,0,0,0,N,0,0,0,3,67301,1,,1,1,,N,N,,1,,0,0,0,3,2,N,2357,1,2,0,0,0,0,0,3,4,0,2,3,,N,,,,,,,,,,,
2011024476,0.0,2,0,0,0,0,0,0,0,0,1,0,,67,1,2009,4,,,0.0,6,0,0,0,0,1,0,0,0,,0,0,0,15,1,1,0,,0,,,0,,8,0,0,0,67301,0,0,0,N,0,0,0,2,00000,0,,1,9,,N,N,,0,,0,0,0,0,0,,1550,1,2,0,0,0,1,0,3,3,0,2,7,,N,,,,,,,,,,,
2009083632,1520.0,1,0,0,0,0,0,0,0,0,8,0,,67,7,2009,7,40.0368,-75.0407,1510.0,6,0,0,0,0,0,0,0,0,,0,0,0,15,1,1,1,,0,40 02:12.343,,0,75 02:27.405,4,0,0,0,67301,1,0,0,N,1,0,0,2,67301,1,,1,1,,N,N,,0,,0,0,0,3,2,,1510,1,2,0,0,0,0,0,3,4,0,1,3,,N,,,,,,,,,,,
2009066005,0.0,1,0,0,1,0,0,0,0,0,5,0,,67,4,2009,7,39.929,-75.1617,0.0,6,0,0,0,0,0,0,0,0,,0,0,0,17,4,1,0,,0,39 55:44.255,,0,75 09:42.025,3,0,0,0,67301,1,0,0,,0,0,0,2,00000,0,,1,1,,,,,0,,1,0,0,0,0,,1700,1,2,0,0,0,0,0,3,4,0,1,3,,N,,,,,,,,,,,
2009071374,2218.0,0,0,0,0,0,0,0,0,0,8,0,,67,6,2009,7,40.0608,-75.1482,2218.0,6,0,0,0,0,0,0,0,0,1.0,0,0,0,22,3,1,2,,1,40 03:38.772,2.0,0,75 08:53.422,8,0,0,0,67301,1,0,0,N,1,0,0,2,67301,0,,1,9,,N,N,,1,,0,0,0,3,3,N,2210,1,2,0,0,0,1,0,3,4,0,1,7,,N,,,,,,,,,,,
2009071381,1556.0,2,0,0,0,0,0,0,0,0,1,0,,67,6,2009,5,39.9898,-75.1737,1548.0,6,0,0,0,0,0,0,0,1,,0,0,0,15,1,2,1,,0,39 59:23.449,,0,75 10:25.402,8,0,0,0,67301,0,0,0,N,0,0,0,5,67301,0,,1,1,,N,N,,0,,0,0,0,3,2,,1525,2,2,0,0,0,2,0,3,4,0,2,3,,N,,,,,,,,,,,
2010003034,57.0,1,0,0,0,0,0,0,0,0,1,0,,67,11,2009,7,39.973,-75.2193,48.0,6,0,0,0,0,0,0,0,0,,0,0,0,0,3,1,0,,0,39 58:22.731,,0,75 13:09.404,8,0,0,0,67301,0,0,0,N,0,0,0,1,67301,0,,6,1,,N,N,,0,,0,0,1,0,0,,45,1,2,0,0,0,1,0,3,4,0,2,3,,N,,,,,,,,,,,