CRN,ARRIVAL_TM,AUTOMOBILE_COUNT,BELTED_DEATH_COUNT,BELTED_SUSP_SERIOUS_INJ_COUNT,BICYCLE_COUNT,BICYCLE_DEATH_COUNT,BICYCLE_SUSP_SERIOUS_INJ_COUNT,BUS_COUNT,CHLDPAS_DEATH_COUNT,CHLDPAS_SUSP_SERIOUS_INJ_COUNT,COLLISION_TYPE,COMM_VEH_COUNT,CONS_ZONE_SPD_LIM,COUNTY,CRASH_MONTH,CRASH_YEAR,DAY_OF_WEEK,DEC_LAT,DEC_LONG,DISPATCH_TM,DISTRICT,DRIVER_COUNT_16YR,DRIVER_COUNT_17YR,DRIVER_COUNT_18YR,DRIVER_COUNT_19YR,DRIVER_COUNT_20YR,DRIVER_COUNT_50_64YR,DRIVER_COUNT_65_74YR,DRIVER_COUNT_75PLUS,EST_HRS_CLOSED,FATAL_COUNT,HEAVY_TRUCK_COUNT,HORSE_BUGGY_COUNT,HOUR_OF_DAY,ILLUMINATION,INJURY_COUNT,INTERSECT_TYPE,INTERSECTION_RELATED,LANE_CLOSED,LATITUDE,LN_CLOSE_DIR,LOCATION_TYPE,LONGITUDE,MAX_SEVERITY_LEVEL,MCYCLE_DEATH_COUNT,MCYCLE_SUSP_SERIOUS_INJ_COUNT,MOTORCYCLE_COUNT,MUNICIPALITY,NONMOTR_COUNT,NONMOTR_DEATH_COUNT,NONMOTR_SUSP_SERIOUS_INJ_COUNT,NTFY_HIWY_MAINT,PED_COUNT,PED_DEATH_COUNT,PED_SUSP_SERIOUS_INJ_COUNT,PERSON_COUNT,POLICE_AGCY,POSSIBLE_INJ_COUNT,RDWY_SURF_TYPE_CD,RELATION_TO_ROAD,ROAD_CONDITION,ROADWAY_CLEARED,SCH_BUS_IND,SCH_ZONE_IND,SECONDARY_CRASH,SMALL_TRUCK_COUNT,SPEC_JURIS_CD,SUSP_MINOR_INJ_COUNT,SUSP_SERIOUS_INJ_COUNT,SUV_COUNT,TCD_FUNC_CD,TCD_TYPE,TFC_DETOUR_IND,TIME_OF_DAY,TOT_INJ_COUNT,TOTAL_UNITS,UNB_DEATH_COUNT,UNB_SUSP_SERIOUS_INJ_COUNT,UNBELTED_OCC_COUNT,UNK_INJ_DEG_COUNT,UNK_INJ_PER_COUNT,URBAN_AREA,URBAN_RURAL,VAN_COUNT,VEHICLE_COUNT,WEATHER1,WEATHER2,WORK_ZONE_IND,WORK_ZONE_LOC,WORK_ZONE_TYPE,WORKERS_PRES,WZ_CLOSE_DETOUR,WZ_FLAGGER,WZ_LAW_OFFCR_IND,WZ_LN_CLOSURE,WZ_MOVING,WZ_OTHER,WZ_SHLDER_MDN,WZ_WORKERS_INJ_KILLED
2010003216,940.0,2,0,0,0,0,0,0,0,0,4,0,,67,11,2009,6,39.9835,-75.1156,927.0,6,1,0,0,1,0,0,0,0,,0,0,0,9,1,2,1,,0,39 59:00.667,,0,75 06:56.039,4,0,0,0,67301,0,0,0,N,0,0,0,3,67301,2,,1,1,,N,N,,0,,0,0,0,3,2,,927,2,2,0,0,0,0,0,3,4,0,2,3,,N,,,,,,,,,,,
2010003222,2052.0,1,0,0,0,0,0,0,0,0,4,0,,67,11,2009,6,39.9777,-75.2135,2048.0,6,0,0,0,0,0,0,0,0,,0,0,0,20,2,2,0,,0,39 58:39.814,,0,75 12:48.578,4,0,0,0,67301,0,0,0,N,0,0,0,2,67301,1,,1,9,,N,N,,0,,0,0,1,0,0,,2048,2,2,0,0,0,1,0,3,4,0,2,7,,N,,,,,,,,,,,
2010011637,1030.0,1,0,0,0,0,0,0,0,0,8,0,,67,12,2009,1,39.9945,-75.1417,1028.0,6,0,0,0,0,0,0,0,0,,0,0,0,99,3,1,0,,0,39 59:40.048,,0,75 08:30.102,4,0,0,0,67301,1,0,0,,1,0,0,2,67301,1,,1,1,,,,,0,,0,0,0,0,0,,9999,1,3,0,0,0,0,1,3,4,0,2,3,,N,,,,,,,,,,,
2010006345,435.0,1,0,0,0,0,0,0,0,0,7,0,,67,12,2009,4,40.0153,-75.1771,430.0,6,0,0,0,0,0,0,0,0,,0,0,0,4,3,0,0,,0,40 00:55.180,,0,75 10:37.599,0,0,0,0,67301,0,0,0,N,0,0,0,1,67301,0,,1,9,,,N,,0,,0,0,0,0,0,,415,0,1,0,0,0,0,0,3,4,0,1,7,,N,,,,,,,,,,,
2010010518,0.0,1,0,0,0,0,0,0,0,0,1,0,,67,12,2009,7,40.0299,-75.0875,0.0,6,0,0,0,0,0,0,0,0,,0,0,0,13,1,1,1,,0,40 01:47.862,,0,75 05:14.656,8,0,0,0,67301,0,0,0,,0,0,0,2,00000,0,,1,1,,,,,1,,0,0,0,9,2,,1315,1,2,0,0,0,1,0,3,4,0,2,3,,N,,,,,,,,,,,
2010011074,1751.0,1,0,0,1,0,0,0,0,0,1,0,,67,12,2009,5,39.9188,-75.1807,1750.0,6,0,0,0,0,0,0,0,0,,0,0,0,17,3,1,0,,0,39 55:07.752,,0,75 10:50.642,8,0,0,0,67301,1,0,0,N,0,0,0,2,67301,0,,1,1,,N,N,,0,,0,0,0,0,0,,1750,1,3,0,0,0,1,1,3,4,1,2,3,,N,,,,,,,,,,,
2010011217,1400.0,1,0,0,0,0,0,0,0,0,1,0,,67,12,2009,7,39.9831,-75.1421,1352.0,6,0,0,0,0,0,0,0,0,,0,0,0,3,3,0,0,,0,39 58:59.156,,0,75 08:31.700,9,0,0,0,67301,0,0,0,N,0,0,0,1,67301,0,,6,98,,N,N,,1,,0,0,0,0,0,,300,0,2,0,0,0,0,1,3,4,0,2,99,,N,,,,,,,,,,,
2010016928,630.0,2,0,0,0,0,0,1,0,0,6,1,,67,12,2009,4,40.0012,-75.2107,618.0,6,0,0,0,0,0,0,0,0,,0,0,0,6,1,1,0,,0,40 00:04.233,,0,75 12:38.494,8,0,0,0,67301,0,0,0,N,0,0,0,1,67301,0,,6,2,,N,N,,0,,0,0,1,3,2,,612,1,4,0,0,0,1,0,3,4,0,4,10,,N,,,,,,,,,,,
2010011203,215.0,2,0,0,0,0,0,0,0,0,4,0,,67,12,2009,5,40.0445,-75.1194,212.0,6,0,0,0,0,0,0,0,0,,0,0,0,1,6,1,1,,0,40 02:40.087,,99,75 07:09.991,8,0,0,0,67301,0,0,0,N,0,0,0,2,67301,0,,1,98,,N,N,,0,,0,0,0,3,2,,130,1,2,0,0,0,1,0,3,4,0,2,99,,N,,,,,,,,,,,
2010005364,607.0,1,0,0,0,0,0,0,0,0,7,0,,67,12,2009,5,39.8884,-75.2178,604.0,6,0,0,0,0,0,0,0,0,,0,0,0,6,3,0,0,,0,39 53:13.714,,0,75 12:56.538,0,0,0,0,67301,0,0,0,N,0,0,0,1,68K01,0,,2,9,,N,N,,0,,0,0,0,0,0,,600,0,1,0,0,0,0,0,3,4,0,1,10,,N,,,,,,,,,,,
2010002914,1220.0,1,0,0,0,0,0,0,0,0,4,0,,67,12,2009,3,39.9918,-75.1159,1215.0,6,0,0,0,0,0,0,0,0,,0,0,0,23,3,2,1,,0,39 59:30.656,,0,75 06:57.160,4,0,0,0,67301,0,0,0,,0,0,0,4,67301,2,,1,1,,N,,,0,,0,0,1,3,3,,2330,2,2,0,0,0,0,0,3,4,0,2,3,,N,,,,,,,,,,,
2010003068,1836.0,0,0,0,0,0,0,0,0,0,4,0,,67,11,2009,4,40.0431,-75.161,1835.0,6,0,0,1,0,0,0,1,0,,0,0,0,18,3,1,0,,0,40 02:35.154,,7,75 09:39.483,8,0,0,0,67301,0,0,0,N,0,0,0,4,67301,0,,1,9,,N,N,,1,,0,0,1,0,0,,1834,1,2,0,0,0,1,0,3,4,0,2,7,,N,,,,,,,,,,,
2009064668,1524.0,1,0,0,0,0,0,0,0,0,1,0,50.0,67,5,2009,7,40.0532,-75.0506,1516.0,6,0,0,0,0,1,0,0,0,,0,0,0,15,1,3,0,,0,40 03:11.353,,0,75 03:02.294,4,0,0,0,67301,0,0,0,N,0,0,0,5,67301,3,,1,1,,N,N,,0,,0,0,0,3,8,,1512,3,2,0,0,2,0,0,3,4,1,2,3,,Y,4.0,1.0,N,U,U,N,Y,U,U,Y,
2009067512,831.0,1,0,0,0,0,0,1,0,0,4,1,,67,5,2009,4,40.0732,-75.2153,826.0,6,0,0,0,0,0,1,0,0,3.0,0,0,0,7,1,0,2,,2,40 04:23.646,1.0,0,75 12:55.216,0,0,0,0,67301,0,0,0,N,0,0,0,11,67301,0,,1,1,,Y,N,,0,,0,0,0,3,3,Y,738,0,2,0,0,0,0,0,3,4,0,2,3,,N,,,,,,,,,,,
2009067545,1850.0,1,0,0,1,0,0,0,0,0,5,0,,67,6,2009,4,40.0062,-75.1519,1430.0,6,0,0,0,0,0,1,0,0,,0,0,0,16,1,1,0,,0,40 00:22.464,,0,75 09:06.852,4,0,0,0,67301,1,0,0,,0,0,0,2,67301,1,,1,1,,,,,0,,0,0,0,0,0,,1659,1,2,0,0,0,0,0,3,4,0,1,3,,N,,,,,,,,,,,
2009067222,2220.0,0,0,0,0,0,0,0,0,0,6,0,,67,6,2009,7,40.0414,-75.1201,2217.0,6,0,0,0,0,0,0,0,0,,0,0,0,99,3,2,1,,0,40 02:29.198,,0,75 07:12.381,8,0,0,0,67301,0,0,0,N,0,0,0,3,67301,0,,1,1,,N,N,,1,,0,0,1,3,2,,9999,2,2,0,0,0,2,0,3,4,0,2,3,,N,,,,,,,,,,,
2009065061,1920.0,0,0,0,1,0,0,0,0,0,1,0,,67,5,2009,5,40.0283,-75.1409,1920.0,6,0,0,0,0,0,0,0,0,,0,0,0,19,1,1,0,,0,40 01:42.025,,0,75 08:27.200,8,0,0,0,67301,1,0,0,N,0,0,0,3,67301,0,,1,1,,N,N,,1,,0,0,0,3,3,,1915,1,2,0,0,2,1,0,3,4,0,1,3,,N,,,,,,,,,,,
2009111094,939.0,1,0,0,0,0,0,0,0,0,4,0,,67,9,2009,2,39.9662,-75.1792,939.0,6,0,0,0,0,0,0,1,0,1.0,0,0,0,9,1,0,1,,1,39 57:59.020,5.0,0,75 10:45.551,0,0,0,0,67301,0,0,0,N,0,0,0,2,67301,0,,1,1,,N,N,,0,,0,0,1,3,2,N,939,0,2,0,0,0,0,0,3,4,0,2,3,,N,,,,,,,,,,,
2009118919,355.0,3,0,0,0,0,0,0,0,0,4,0,,67,10,2009,1,40.0265,-75.1153,346.0,6,0,0,0,0,0,0,0,0,2.0,0,0,0,3,3,2,2,,2,40 01:35.553,1.0,0,75 06:54.609,4,0,0,0,67301,0,0,0,,0,0,0,4,67301,1,,1,1,,,,,0,,0,0,1,3,3,N,345,2,4,0,0,0,1,0,3,4,0,4,3,,N,,,,,,,,,,,
2009111152,1135.0,0,0,0,0,0,0,0,0,0,7,0,,67,10,2009,7,40.0414,-75.0409,1130.0,6,0,0,0,0,0,0,0,0,,0,0,0,11,1,0,0,,0,40 02:29.010,,0,75 02:27.253,0,0,0,0,67301,0,0,0,N,0,0,0,4,67301,0,,2,9,,N,N,,0,,0,0,1,0,0,,1128,0,1,0,0,0,0,0,3,4,0,1,7,,N,,,,,,,,,,,
2009111157,1415.0,1,0,0,0,0,0,0,0,0,8,0,,67,10,2009,4,40.0134,-75.1355,1413.0,6,0,0,0,0,0,1,0,0,,0,0,0,14,1,1,1,,0,40 00:48.373,,0,75 08:07.904,4,0,0,0,67301,1,0,0,N,1,0,0,2,67301,1,,1,1,,N,N,,0,,0,0,0,3,2,,1405,1,2,0,0,0,0,0,3,4,0,1,3,,N,,,,,,,,,,,
2009111162,1401.0,2,0,0,0,0,0,0,0,0,4,0,,67,9,2009,3,39.9573,-75.1523,1400.0,6,0,0,0,0,0,1,0,0,9.0,0,0,0,14,1,0,1,,2,39 57:26.406,2.0,0,75 09:08.016,9,0,0,0,67301,0,0,0,N,0,0,0,5,67301,0,,1,1,,N,N,,0,,0,0,1,3,2,Y,1400,0,3,0,0,0,0,1,3,4,0,3,3,,N,,,,,,,,,,,
2009120821,102.0,0,0,0,0,0,0,0,0,0,8,0,,67,10,2009,7,39.9626,-75.213,58.0,6,0,0,0,0,0,0,0,0,,0,0,0,0,3,1,1,,0,39 57:45.380,,0,75 12:45.869,4,0,0,0,67301,1,0,0,N,1,0,0,2,67301,1,,1,9,,N,N,,0,,0,0,0,3,2,,58,1,2,0,0,0,0,0,3,4,0,1,7,,N,,,,,,,,,,,
2009120858,100.0,2,0,0,0,0,0,0,0,0,1,0,,67,10,2009,7,40.0217,-75.1257,55.0,6,0,0,0,0,0,0,0,0,9.0,0,0,0,0,3,2,1,,1,40 01:18.141,2.0,0,75 07:32.411,4,0,0,0,67301,0,0,0,N,0,0,0,4,67301,2,,1,9,,N,N,,0,,0,0,0,2,2,N,50,2,2,0,0,0,0,0,3,4,0,2,7,,N,,,,,,,,,,,
2009116162,1322.0,2,0,0,0,0,0,0,0,0,2,0,,67,11,2009,3,39.997,-75.2353,1317.0,6,0,0,0,0,0,0,1,0,,0,0,0,13,1,1,1,,0,39 59:49.429,,0,75 14:06.710,8,0,0,0,67301,0,0,0,N,0,0,0,2,46104,0,,1,1,,N,N,,0,,0,0,0,3,2,,1315,1,2,0,0,0,1,0,3,4,0,2,3,,N,,,,,,,,,,,
2009093629,248.0,2,0,0,0,0,0,0,0,0,1,0,,67,8,2009,1,40.0122,-75.1129,238.0,6,0,0,0,0,0,1,0,0,2.0,0,0,0,2,3,4,0,,1,40 00:43.791,3.0,0,75 06:46.290,4,0,0,0,67301,0,0,0,,0,0,0,5,67301,4,,1,9,,N,N,,0,,0,0,0,0,0,N,238,4,2,0,0,0,0,0,3,4,0,2,7,,N,,,,,,,,,,,
2009054236,810.0,2,0,0,0,0,0,0,0,0,2,0,,67,4,2009,6,40.0481,-74.9973,758.0,6,0,0,0,0,0,0,0,0,,0,0,0,7,1,1,2,,0,40 02:53.160,,0,74 59:50.280,3,0,0,0,67301,0,0,0,,0,0,0,3,67301,0,,7,1,,,,,0,,1,0,0,0,0,,755,1,2,0,0,0,0,0,3,4,0,2,3,,N,,,,,,,,,,,
2009056917,29.0,2,0,0,0,0,0,0,0,0,4,0,,67,5,2009,1,40.0429,-75.15,27.0,6,0,0,2,0,0,0,0,0,2.0,0,0,0,0,3,1,1,,1,40 02:34.544,1.0,0,75 08:59.852,4,0,0,0,67301,0,0,0,N,0,0,0,5,67301,1,,1,1,,N,N,,0,,0,0,0,9,3,N,26,1,2,0,0,0,0,0,3,4,0,2,3,,N,,,,,,,,,,,
2009056980,828.0,1,0,0,0,0,0,0,0,0,4,0,,67,5,2009,2,39.9881,-75.1824,824.0,6,0,0,0,0,0,0,0,0,1.0,0,0,0,8,3,2,1,,1,39 59:17.008,6.0,0,75 10:56.669,8,0,0,0,67301,0,0,0,Y,0,0,0,2,67301,0,,1,9,,N,N,,0,,0,0,0,9,2,Y,822,2,2,0,0,0,2,0,3,4,1,2,7,,N,,,,,,,,,,,
2009056989,917.0,2,0,0,0,0,0,0,0,0,2,0,,67,5,2009,6,,,915.0,6,0,0,0,0,0,0,0,0,2.0,0,0,0,9,1,6,0,,1,,5.0,0,,4,0,0,0,67301,0,0,0,N,0,0,0,6,67301,5,,1,9,,N,N,,0,,0,0,0,0,0,Y,905,6,2,0,0,0,1,0,3,3,0,2,7,,N,,,,,,,,,,,
2009083581,1612.0,1,0,0,0,0,0,0,0,0,5,1,,67,7,2009,5,39.9371,-75.2122,1606.0,6,0,0,0,0,0,0,0,0,,0,1,0,12,1,1,2,,0,39 56:13.583,,7,75 12:43.921,3,0,0,0,67301,0,0,0,N,0,0,0,2,67301,0,,1,1,,N,N,,0,,1,0,0,0,0,,1245,1,2,0,0,0,0,0,3,4,0,2,3,,N,,,,,,,,,,,
2009086151,536.0,1,0,0,0,0,0,0,0,0,7,0,,67,8,2009,1,39.9132,-75.2433,524.0,6,0,0,0,0,0,0,0,0,,0,0,0,5,5,1,0,,0,39 54:47.595,,0,75 14:35.824,3,0,0,0,67301,0,0,0,N,0,0,0,1,67301,0,,5,9,,N,N,,0,,1,0,0,0,0,,522,1,1,0,0,0,0,0,3,4,0,1,7,,N,,,,,,,,,,,
2009086177,1310.0,2,0,0,0,0,0,0,0,0,5,0,,67,8,2009,1,40.039,-75.1446,1307.0,6,0,0,0,0,0,1,0,1,1.0,0,0,0,13,1,2,1,,2,40 02:20.709,1.0,0,75 08:41.028,4,0,0,0,67301,0,0,0,N,0,0,0,6,67301,2,,1,9,,N,N,,0,,0,0,2,0,0,Y,1300,2,4,0,0,0,0,0,3,4,0,4,3,,N,,,,,,,,,,,
2010003017,1745.0,0,0,0,1,0,0,0,0,0,4,0,,67,12,2009,4,39.9992,-75.0752,1744.0,6,0,0,0,0,0,0,0,0,,0,0,0,99,3,1,1,,0,39 59:57.210,,0,75 04:30.773,8,0,0,0,67301,1,0,0,N,0,0,0,2,67301,0,,1,9,,N,N,,0,,0,0,0,3,2,,9999,1,2,0,0,0,1,1,3,4,0,1,7,,N,,,,,,,,,,,
2010003227,1245.0,1,0,0,0,0,0,1,0,0,5,1,,67,11,2009,4,39.9571,-75.1511,1240.0,6,0,0,0,0,0,0,1,0,,0,0,0,12,1,0,5,,0,39 57:25.688,,2,75 09:03.847,0,0,0,0,67301,0,0,0,N,0,0,0,2,67501,0,,1,9,,N,N,,0,,0,0,0,3,2,,1238,0,2,0,0,0,0,0,3,4,0,2,7,,N,,,,,,,,,,,
2010003258,750.0,1,0,0,0,0,0,0,0,0,1,0,,67,12,2009,5,39.9527,-75.1578,745.0,6,0,0,0,0,0,1,0,0,,0,0,0,7,1,1,1,,0,39 57:09.766,,0,75 09:27.917,4,0,0,0,67301,0,0,0,N,0,0,0,2,67301,1,,1,1,,N,N,,0,,0,0,1,3,2,,740,1,2,0,0,0,0,0,3,4,0,2,3,,N,,,,,,,,,,,
2010003260,1625.0,2,0,0,0,0,0,0,0,0,4,0,,67,11,2009,7,39.8946,-75.2367,1618.0,6,0,0,0,0,0,0,0,1,,0,0,0,14,1,0,1,,0,39 53:40.603,,0,75 14:12.181,0,0,0,0,67301,0,0,0,N,0,0,0,2,67301,0,,1,1,,N,N,,0,,0,0,0,3,2,,1430,0,2,0,0,0,0,0,3,4,0,2,3,,N,,,,,,,,,,,
2010006279,1615.0,2,0,0,0,0,0,0,0,0,4,0,,67,12,2009,7,40.0004,-75.2131,1557.0,6,0,0,0,0,0,0,0,0,,0,0,0,14,1,1,0,,0,40 00:01.447,,0,75 12:47.199,8,0,0,0,67301,0,0,0,N,0,0,0,2,67301,0,,6,9,,N,N,,0,,0,0,0,0,0,,1426,1,2,0,0,1,1,0,3,4,0,2,10,,N,,,,,,,,,,,
2010006329,1011.0,2,0,0,0,0,0,0,0,0,4,0,,67,12,2009,5,40.003,-75.1276,1007.0,6,0,0,0,0,0,0,1,0,,0,0,0,10,1,3,2,,0,40 00:10.868,,0,75 07:39.525,4,0,0,0,67301,0,0,0,N,0,0,0,3,67301,3,,1,1,,N,N,,0,,0,0,0,3,3,,1004,3,2,0,0,0,0,0,3,4,0,2,7,,N,,,,,,,,,,,
2010006413,1222.0,1,0,0,0,0,0,0,0,0,7,0,,67,12,2009,7,40.0799,-75.0269,1208.0,6,0,0,0,0,0,0,0,0,,0,0,0,12,1,0,0,,0,40 04:47.788,,0,75 01:36.729,0,0,0,0,67301,0,0,0,,0,0,0,2,67301,0,,5,1,,,,,0,,0,0,0,0,0,,1208,0,1,0,0,0,0,0,3,4,0,1,3,,N,,,,,,,,,,,
2010010197,2000.0,0,0,0,0,0,0,0,0,0,1,0,,67,8,2009,6,,,2000.0,6,0,0,0,0,0,0,0,0,,0,0,0,20,1,1,1,,0,,,0,,3,0,0,0,67301,0,0,0,N,0,0,0,6,00000,0,,1,1,,N,N,,0,,1,0,1,0,0,,2000,1,2,0,0,0,0,2,3,3,0,2,3,,N,,,,,,,,,,,
2010010550,0.0,2,0,0,0,0,0,0,0,0,4,0,,67,10,2009,6,40.0315,-75.1286,0.0,6,0,0,0,0,0,0,1,0,,0,0,0,7,5,2,1,,0,40 01:53.367,,0,75 07:43.093,8,0,0,0,67301,0,0,0,,0,0,0,2,00000,0,,1,9,,,,,0,,0,0,0,3,3,,750,2,2,0,0,0,2,0,3,4,0,2,7,,N,,,,,,,,,,,
2010010699,0.0,2,0,0,0,0,0,0,0,0,4,0,,67,8,2009,4,40.0071,-75.094,0.0,6,0,0,0,0,0,0,0,0,,0,0,0,16,8,0,1,,0,40 00:25.549,,0,75 05:38.543,0,0,0,0,67301,0,0,0,N,0,0,0,2,00000,0,,1,98,,N,N,,0,,0,0,0,3,2,,1650,0,2,0,0,0,0,0,3,4,0,2,99,,N,,,,,,,,,,,
2010005683,851.0,1,0,0,0,0,0,0,0,0,8,0,,67,12,2009,5,40.0254,-75.1398,848.0,6,0,0,0,0,0,0,0,0,,0,0,0,8,1,1,0,,0,40 01:31.360,,0,75 08:23.212,4,0,0,0,67301,1,0,0,N,1,0,0,2,67301,1,,1,1,,,,,0,,0,0,0,0,0,,830,1,2,0,0,0,0,0,3,4,0,1,3,,N,,,,,,,,,,,
2010011149,1843.0,0,0,0,0,0,0,0,0,0,8,0,,67,12,2009,2,40.1111,-75.0243,1838.0,6,0,0,0,0,0,1,0,0,,0,0,0,18,3,1,1,,0,40 06:40.143,,0,75 01:27.353,8,0,0,0,67301,1,0,0,,1,0,0,2,67301,0,,1,1,,,,,1,,0,0,0,3,2,,1835,1,2,0,0,0,1,0,3,4,0,1,3,,N,,,,,,,,,,,
2010017265,2105.0,2,0,0,0,0,0,0,0,0,4,0,,67,12,2009,5,39.9997,-75.1385,2100.0,6,0,0,0,0,0,0,0,0,,0,0,0,20,3,2,1,,0,39 59:59.174,,0,75 08:18.618,4,0,0,0,67301,0,0,0,N,0,0,0,6,67301,1,,1,1,,N,N,,0,,0,0,0,3,2,,2055,2,2,0,0,1,1,0,3,4,0,2,3,,N,,,,,,,,,,,
2010018891,1750.0,2,0,0,0,0,0,0,0,0,2,0,,67,12,2009,2,40.0535,-74.9831,1747.0,6,0,0,0,0,0,1,0,1,,0,0,0,17,3,2,0,,0,40 03:12.524,,0,74 58:59.310,8,0,0,0,67301,0,0,0,,0,0,0,2,67301,0,,1,6,,,,,0,,0,0,0,0,0,,1740,2,2,0,0,0,2,0,3,4,0,2,10,,N,,,,,,,,,,,
2010002530,1820.0,0,0,0,0,0,0,0,0,0,7,0,,67,12,2009,6,39.9411,-75.195,1817.0,6,0,0,0,0,0,0,0,0,,0,0,0,18,3,0,7,,0,39 56:33.000,,2,75 11:36.960,0,0,0,0,67301,0,0,0,N,0,0,0,4,68K01,0,,4,2,,N,N,,0,,0,0,0,0,0,,1813,0,1,0,0,0,0,0,3,4,1,1,7,,N,,,,,,,,,,,
2010005519,145.0,2,0,0,0,0,0,0,0,0,5,0,,67,12,2009,1,39.9267,-75.149,136.0,6,0,0,0,0,0,0,0,0,,0,0,0,1,3,0,0,,0,39 55:36.018,,0,75 08:56.328,0,0,0,0,67301,0,0,0,,0,0,0,1,67301,0,,6,1,,,,,0,,0,0,0,0,0,,120,0,2,0,0,0,0,0,3,4,0,2,3,,N,,,,,,,,,,,
2010002682,1020.0,1,0,0,0,0,0,0,0,0,7,0,,67,12,2009,2,39.9994,-75.085,1008.0,6,0,0,0,0,0,0,0,0,,0,0,0,10,1,0,0,,0,39 59:57.669,,2,75 05:05.898,0,0,0,0,67301,0,0,0,N,0,0,0,1,68K01,0,,4,1,,N,N,,0,,0,0,0,0,0,,1005,0,1,0,0,0,0,0,3,4,0,1,3,,N,,,,,,,,,,,
2010003063,1635.0,2,0,0,0,0,0,0,0,0,4,0,,67,12,2009,7,40.0095,-75.1528,1630.0,6,0,0,0,0,0,0,0,0,,0,0,0,16,1,3,1,,0,40 00:34.013,,0,75 09:09.847,8,0,0,0,67301,0,0,0,,0,0,0,3,67301,0,,1,9,,,,,0,,0,0,0,3,2,,1627,3,2,0,0,1,3,0,3,4,0,2,7,,N,,,,,,,,,,,
2010005566,333.0,1,0,0,0,0,0,0,0,0,4,0,,67,12,2009,1,39.9749,-75.162,332.0,6,0,0,0,0,0,0,0,0,,0,0,0,3,3,1,1,,0,39 58:29.625,,0,75 09:43.354,4,0,0,0,67301,0,0,0,N,0,0,0,2,67301,1,,1,1,,N,N,,0,,0,0,1,3,2,,330,1,2,0,0,0,0,0,3,4,0,2,3,,N,,,,,,,,,,,
2010002775,1422.0,2,0,0,0,0,0,0,0,0,4,0,,67,11,2009,1,40.0234,-75.12,1421.0,6,0,0,1,0,0,0,0,0,,0,0,0,14,1,2,2,,0,40 01:24.232,,0,75 07:11.927,4,0,0,0,67301,0,0,0,N,0,0,0,2,67301,2,,1,1,,N,N,,0,,0,0,0,3,3,,1418,2,2,0,0,0,0,0,3,4,0,2,3,,N,,,,,,,,,,,
2009093170,1832.0,0,0,0,0,0,0,0,0,0,5,1,,67,8,2009,3,39.9567,-75.2235,1822.0,6,0,0,0,0,0,0,0,0,,0,1,0,16,1,0,1,,0,39 57:24.184,,0,75 13:24.666,0,0,0,0,67301,1,0,0,N,0,0,0,3,67301,0,,1,1,,N,N,,0,,0,0,0,9,2,,1655,0,2,0,0,2,0,0,3,4,1,2,3,,N,,,,,,,,,,,
2009093019,1558.0,1,0,0,0,0,0,0,0,0,8,0,,67,7,2009,2,39.9162,-75.1664,1532.0,6,0,0,0,0,0,0,0,0,,0,0,0,15,1,1,0,,0,39 54:58.463,,0,75 09:59.068,8,0,0,0,67301,1,0,0,N,1,0,0,2,67301,0,,1,1,,N,N,,0,,0,0,0,0,0,,1502,1,2,0,0,0,1,1,3,4,0,1,99,,N,,,,,,,,,,,
2009067052,1733.0,1,0,0,0,0,0,0,0,0,8,0,,67,6,2009,4,40.0415,-75.156,1730.0,6,0,0,0,0,0,0,0,0,2.0,0,0,0,17,1,1,0,,1,40 02:29.464,2.0,0,75 09:21.502,4,0,0,0,67301,1,0,0,N,1,0,0,2,67301,1,,1,1,,N,N,,0,,0,0,0,0,0,Y,1728,1,2,0,0,0,0,1,3,4,0,1,3,,N,,,,,,,,,,,
2009067261,900.0,3,0,0,0,0,0,0,0,0,1,0,,67,6,2009,5,40.0188,-75.0819,850.0,6,0,0,0,0,0,0,0,0,,0,0,0,8,3,1,0,,0,40 01:07.600,,0,75 04:54.777,4,0,0,0,67301,0,0,0,N,0,0,0,1,67301,1,,6,1,,N,N,,0,,0,0,0,0,0,,840,1,3,0,0,0,0,0,3,4,0,3,3,,N,,,,,,,,,,,
2009067038,1654.0,2,0,0,0,0,0,0,0,0,4,0,,67,5,2009,6,39.964,-75.1916,1652.0,6,0,0,0,0,0,0,1,0,9.0,0,0,0,6,1,2,1,,2,39 57:50.569,2.0,0,75 11:29.777,8,0,0,0,67301,0,0,0,,0,0,0,2,67301,0,,1,1,,,,,0,,0,0,0,3,2,Y,652,2,2,0,0,0,2,0,3,4,0,2,3,,N,,,,,,,,,,,
2009067409,1730.0,2,0,0,0,0,0,0,0,0,6,0,,67,6,2009,1,40.0422,-75.1263,1721.0,6,0,0,0,0,1,0,0,0,,0,0,0,17,1,1,2,,0,40 02:31.916,,0,75 07:34.611,4,0,0,0,67301,0,0,0,N,0,0,0,2,67301,1,,1,1,,N,N,,0,,0,0,0,3,2,,1721,1,2,0,0,1,0,0,3,4,0,2,3,,N,,,,,,,,,,,
2009067564,1628.0,2,0,0,0,0,0,0,0,0,4,0,,67,6,2009,6,39.9915,-75.1008,1620.0,6,0,0,0,0,1,0,0,0,,0,0,0,16,1,1,0,,0,39 59:29.254,,0,75 06:02.945,4,0,0,0,67301,0,0,0,,0,0,0,4,67301,1,,1,9,,,,,0,,0,0,0,0,0,,1618,1,2,0,0,0,0,0,3,4,0,2,7,,N,,,,,,,,,,,