CRN,ARRIVAL_TM,AUTOMOBILE_COUNT,BELTED_DEATH_COUNT,BELTED_SUSP_SERIOUS_INJ_COUNT,BICYCLE_COUNT,BICYCLE_DEATH_COUNT,BICYCLE_SUSP_SERIOUS_INJ_COUNT,BUS_COUNT,CHLDPAS_DEATH_COUNT,CHLDPAS_SUSP_SERIOUS_INJ_COUNT,COLLISION_TYPE,COMM_VEH_COUNT,CONS_ZONE_SPD_LIM,COUNTY,CRASH_MONTH,CRASH_YEAR,DAY_OF_WEEK,DEC_LAT,DEC_LONG,DISPATCH_TM,DISTRICT,DRIVER_COUNT_16YR,DRIVER_COUNT_17YR,DRIVER_COUNT_18YR,DRIVER_COUNT_19YR,DRIVER_COUNT_20YR,DRIVER_COUNT_50_64YR,DRIVER_COUNT_65_74YR,DRIVER_COUNT_75PLUS,EST_HRS_CLOSED,FATAL_COUNT,HEAVY_TRUCK_COUNT,HORSE_BUGGY_COUNT,HOUR_OF_DAY,ILLUMINATION,INJURY_COUNT,INTERSECT_TYPE,INTERSECTION_RELATED,LANE_CLOSED,LATITUDE,LN_CLOSE_DIR,LOCATION_TYPE,LONGITUDE,MAX_SEVERITY_LEVEL,MCYCLE_DEATH_COUNT,MCYCLE_SUSP_SERIOUS_INJ_COUNT,MOTORCYCLE_COUNT,MUNICIPALITY,NONMOTR_COUNT,NONMOTR_DEATH_COUNT,NONMOTR_SUSP_SERIOUS_INJ_COUNT,NTFY_HIWY_MAINT,PED_COUNT,PED_DEATH_COUNT,PED_SUSP_SERIOUS_INJ_COUNT,PERSON_COUNT,POLICE_AGCY,POSSIBLE_INJ_COUNT,RDWY_SURF_TYPE_CD,RELATION_TO_ROAD,ROAD_CONDITION,ROADWAY_CLEARED,SCH_BUS_IND,SCH_ZONE_IND,SECONDARY_CRASH,SMALL_TRUCK_COUNT,SPEC_JURIS_CD,SUSP_MINOR_INJ_COUNT,SUSP_SERIOUS_INJ_COUNT,SUV_COUNT,TCD_FUNC_CD,TCD_TYPE,TFC_DETOUR_IND,TIME_OF_DAY,TOT_INJ_COUNT,TOTAL_UNITS,UNB_DEATH_COUNT,UNB_SUSP_SERIOUS_INJ_COUNT,UNBELTED_OCC_COUNT,UNK_INJ_DEG_COUNT,UNK_INJ_PER_COUNT,URBAN_AREA,URBAN_RURAL,VAN_COUNT,VEHICLE_COUNT,WEATHER1,WEATHER2,WORK_ZONE_IND,WORK_ZONE_LOC,WORK_ZONE_TYPE,WORKERS_PRES,WZ_CLOSE_DETOUR,WZ_FLAGGER,WZ_LAW_OFFCR_IND,WZ_LN_CLOSURE,WZ_MOVING,WZ_OTHER,WZ_SHLDER_MDN,WZ_WORKERS_INJ_KILLED
2009067582,2335.0,1,0,0,0,0,0,0,0,0,8,0,,67,6,2009,6,39.9376,-75.1582,2329.0,6,0,0,0,0,0,0,0,0,,0,0,0,22,2,1,1,,0,39 56:15.313,,0,75 09:29.365,4,0,0,0,67301,1,0,0,N,1,0,0,2,67301,1,,1,9,,N,N,,0,,0,0,0,3,3,,2200,1,2,0,0,0,0,1,3,4,0,1,7,,N,,,,,,,,,,,
2009065064,1508.0,1,0,0,0,0,0,0,0,0,2,0,,67,5,2009,7,39.9887,-75.1871,1455.0,6,0,0,0,0,0,1,1,0,,0,0,0,14,1,1,0,,0,39 59:19.222,,0,75 11:13.400,8,0,0,0,67301,0,0,0,N,0,0,0,5,67301,0,,1,1,,N,N,,2,,0,0,1,0,0,,1455,1,4,0,0,0,1,0,3,4,0,4,3,,N,,,,,,,,,,,
2009059730,1640.0,1,0,0,0,0,0,0,0,0,8,0,,67,5,2009,2,39.9293,-75.1784,1630.0,6,0,0,0,0,0,0,0,0,1.0,0,0,0,16,1,1,1,,1,39 55:45.379,1.0,0,75 10:42.387,4,0,0,0,67301,1,0,0,N,1,0,0,2,67301,1,,1,9,,N,N,,0,,0,0,0,3,2,Y,1630,1,2,0,0,0,0,0,3,4,0,1,7,,N,,,,,,,,,,,
2009065158,1833.0,1,0,0,0,0,0,0,0,0,1,0,,67,4,2009,5,40.0255,-75.1679,1829.0,6,0,0,0,0,0,0,0,0,,0,0,0,18,1,1,0,,0,40 01:31.940,,0,75 10:04.589,4,0,0,0,67301,0,0,0,N,0,0,0,2,67301,1,,1,1,,N,N,,0,,0,0,1,0,0,,1829,1,2,0,0,0,0,0,3,4,0,2,3,,N,,,,,,,,,,,
2009111113,2025.0,2,0,0,0,0,0,0,0,0,6,0,,67,10,2009,7,40.0543,-75.0716,2024.0,6,0,0,1,0,0,0,0,0,,0,0,0,20,3,1,1,,0,40 03:15.541,,0,75 04:17.098,8,0,0,0,67301,0,0,0,N,0,0,0,2,67301,0,,1,9,,N,N,,0,,0,0,0,3,2,,2004,1,2,0,0,0,1,0,3,4,0,2,7,,N,,,,,,,,,,,
2009120775,1626.0,1,0,0,1,0,0,0,0,0,4,0,,67,10,2009,4,39.9993,-75.1189,1618.0,6,0,0,0,0,0,0,0,0,,0,0,0,16,1,1,2,,0,39 59:57.400,,0,75 07:08.111,4,0,0,0,67301,1,0,0,N,0,0,0,2,67301,1,,1,1,,N,N,,0,,0,0,0,3,3,,1617,1,2,0,0,0,0,0,3,4,0,1,3,,N,,,,,,,,,,,
2009118851,1440.0,1,0,0,0,0,0,0,0,0,1,0,,67,10,2009,7,40.0296,-75.1509,1436.0,6,0,0,0,0,0,1,0,0,,0,0,0,14,1,2,2,,0,40 01:46.693,,0,75 09:03.315,4,0,0,0,67301,0,0,0,N,0,0,0,4,67301,2,,1,9,,N,N,,1,,0,0,0,0,0,,1430,2,2,0,0,0,0,2,3,4,0,2,7,,N,,,,,,,,,,,
2009118941,1023.0,1,0,0,0,0,0,0,0,0,1,0,,67,10,2009,4,40.0647,-75.1744,1019.0,6,0,0,0,1,0,0,0,0,,0,0,0,10,1,1,2,,0,40 03:52.920,,0,75 10:28.001,4,0,0,0,67301,0,0,0,,0,0,0,2,67301,1,,1,9,,,,,0,,0,0,0,0,0,,1015,1,2,0,0,0,0,0,3,4,1,2,7,,N,,,,,,,,,,,
2009111135,1950.0,1,0,0,0,0,0,0,0,0,4,0,,67,9,2009,4,40.0945,-75.015,1945.0,6,0,0,0,0,0,1,0,0,1.0,0,0,0,19,3,0,1,,1,40 05:40.380,3.0,0,75 00:54.123,0,0,0,0,67301,0,0,0,,0,0,0,2,67301,0,,1,1,,,,,0,,0,0,1,3,2,N,1945,0,2,0,0,0,0,0,3,4,0,2,3,,N,,,,,,,,,,,
2009111142,1059.0,2,0,0,0,0,0,0,0,0,4,0,,67,10,2009,5,40.0225,-75.1945,1057.0,6,0,0,0,0,1,0,0,0,,0,0,0,10,1,1,0,,0,40 01:21.152,,7,75 11:40.119,8,0,0,0,67301,0,0,0,,0,0,0,4,67301,0,,1,1,,,,,0,,0,0,0,3,2,,1055,1,2,0,0,0,1,3,3,4,0,2,3,,N,,,,,,,,,,,
2009120819,639.0,1,0,0,0,0,0,0,0,0,7,0,,67,10,2009,5,39.9732,-75.2122,638.0,6,0,0,0,0,0,0,0,0,,0,0,0,6,5,0,1,,0,39 58:23.685,,0,75 12:43.721,0,0,0,0,67301,0,0,0,N,0,0,0,2,67301,0,,4,1,,N,N,,0,,0,0,0,3,2,,630,0,1,0,0,0,0,0,3,4,0,1,3,,N,,,,,,,,,,,
2009118409,2058.0,0,0,0,0,0,0,0,0,0,0,0,,67,11,2009,1,39.9704,-75.1928,2058.0,6,0,0,0,0,0,0,0,0,2.0,0,0,0,20,3,1,0,,2,39 58:19.099,4.0,0,75 11:36.193,8,0,0,0,67301,0,0,0,N,0,0,0,1,68K01,0,,1,1,,N,N,,0,,0,0,1,0,0,N,2058,1,2,0,0,0,1,0,3,4,0,1,3,,N,,,,,,,,,,,
2009111606,2337.0,1,0,0,1,0,0,0,0,0,5,0,,67,10,2009,3,39.9553,-75.2087,2333.0,6,0,0,0,0,0,0,0,0,,0,0,0,23,3,1,0,,0,39 57:19.208,,0,75 12:31.196,8,0,0,0,67301,1,0,0,N,0,0,0,2,67301,0,,1,1,,N,N,,0,,0,0,0,3,2,,2325,1,2,0,0,0,1,0,3,4,0,1,3,,N,,,,,,,,,,,
2009062002,850.0,1,0,0,0,0,0,0,0,0,4,0,,67,6,2009,5,39.9652,-75.1376,850.0,6,0,1,0,0,0,0,0,0,,0,0,0,8,1,1,0,,0,39 57:54.397,,0,75 08:15.691,4,0,0,0,67301,0,0,0,N,0,0,0,2,68K01,1,,1,9,,N,N,,0,,0,0,1,0,0,,850,1,2,0,0,1,0,0,3,4,0,2,7,,N,,,,,,,,,,,
2009093536,1629.0,2,0,0,0,0,0,0,0,0,3,0,,67,8,2009,2,40.0426,-75.0383,1620.0,6,0,0,0,1,0,0,0,0,1.0,0,0,0,15,1,3,2,,1,40 02:33.399,1.0,0,75 02:17.926,8,0,0,0,67301,0,0,0,,0,0,0,6,67301,0,,1,1,,N,N,,0,,0,0,1,0,0,N,1530,3,3,0,0,0,3,0,3,4,0,3,3,,N,,,,,,,,,,,
2009093588,2212.0,1,0,0,0,0,0,0,0,0,1,0,,67,8,2009,7,40.0173,-75.1163,2212.0,6,0,0,0,0,0,1,0,0,,0,0,0,22,3,0,0,,0,40 01:02.132,,7,75 06:58.716,0,0,0,0,67301,0,0,0,N,0,0,0,4,67301,0,,1,9,,N,N,,0,,0,0,1,3,2,,2210,0,2,0,0,0,0,0,3,4,0,2,7,,N,,,,,,,,,,,
2009054330,2235.0,1,0,0,0,0,0,0,0,0,7,0,,67,4,2009,5,40.0347,-75.1823,2227.0,6,0,0,0,0,1,0,0,0,,0,0,0,22,3,0,0,,0,40 02:04.851,,0,75 10:56.373,0,0,0,0,67301,0,0,0,N,0,0,0,1,67301,0,,5,1,,N,N,,0,,0,0,0,0,0,,2210,0,1,0,0,1,0,0,3,4,0,1,3,,N,,,,,,,,,,,
2009054442,1722.0,0,0,0,0,0,0,0,0,0,7,0,,67,4,2009,6,39.9828,-75.2063,715.0,6,0,0,0,0,0,0,0,0,,0,0,0,17,1,1,10,,0,39 58:58.070,,0,75 12:22.557,2,0,0,0,67301,0,0,0,N,0,0,0,1,67301,0,,4,1,,N,N,,1,,0,1,0,0,0,,1714,1,1,0,0,0,0,0,3,4,0,1,3,,N,,,,,,,,,,,
2009054451,1743.0,1,0,0,0,0,0,0,0,0,8,0,,67,4,2009,2,40.0093,-75.0818,1735.0,6,0,0,0,0,0,0,0,0,,0,0,0,17,1,2,1,,0,40 00:33.125,,0,75 04:55.638,8,0,0,0,67301,2,0,0,N,2,0,0,3,67301,0,,1,1,,N,N,,0,,0,0,0,0,0,,1720,2,3,0,0,0,2,0,3,4,0,1,3,,N,,,,,,,,,,,
2009054335,2129.0,1,0,0,0,0,0,0,0,0,8,0,,67,4,2009,6,39.9939,-75.1492,1907.0,6,0,0,0,0,0,0,0,0,,0,0,0,19,6,1,0,,0,39 59:38.212,,0,75 08:57.015,4,0,0,0,67301,1,0,0,N,1,0,0,2,67301,1,,1,1,,N,N,,0,,0,0,0,9,3,,1900,1,2,0,0,0,0,0,3,4,0,1,3,,N,,,,,,,,,,,
2009054498,843.0,2,0,0,0,0,0,0,0,0,4,0,,67,4,2009,7,39.8954,-75.2335,840.0,6,0,0,0,0,0,0,0,0,,0,0,0,8,1,1,2,,0,39 53:44.024,,0,75 14:00.732,4,0,0,0,67301,0,0,0,N,0,0,0,2,67301,1,,1,1,,N,N,,0,,0,0,0,3,2,,837,1,2,0,0,0,0,0,3,4,0,2,3,,N,,,,,,,,,,,
2009088584,1910.0,2,0,0,0,0,0,0,0,0,1,0,,67,8,2009,5,39.9576,-75.1502,1850.0,6,0,0,0,0,1,1,0,0,,0,0,0,18,1,0,0,,0,39 57:27.360,,0,75 09:00.720,0,0,0,0,67301,0,0,0,N,0,0,0,3,68K01,0,,1,1,,N,N,,0,,0,0,0,0,0,,1847,0,2,0,0,0,0,0,3,4,0,2,3,,N,,,,,,,,,,,
2009054664,1624.0,2,0,0,0,0,0,0,0,0,1,0,,67,5,2009,2,40.0087,-75.2035,1612.0,6,0,0,0,1,0,1,0,0,1.0,0,0,0,16,1,1,0,,2,40 00:31.098,4.0,0,75 12:12.203,8,0,0,0,67301,0,0,0,N,0,0,0,3,68K01,0,,1,8,,N,N,,1,,0,0,0,0,0,N,1607,1,3,0,0,0,1,0,3,4,0,3,7,,N,,,,,,,,,,,
2009086244,1527.0,1,0,0,0,0,0,0,0,0,7,0,,67,7,2009,2,40.0294,-75.1888,1525.0,6,0,0,0,0,0,1,0,0,,0,0,0,15,1,1,0,,0,40 01:46.002,,0,75 11:19.729,4,0,0,0,67301,0,0,0,N,0,0,0,2,67301,1,,2,1,,N,N,,0,,0,0,0,0,0,,1524,1,1,0,0,0,0,1,3,4,0,1,3,,N,,,,,,,,,,,
2009083648,348.0,4,0,0,0,0,0,0,0,0,1,0,,67,7,2009,6,39.9561,-75.2098,345.0,6,0,0,0,0,0,0,0,0,,0,0,0,3,3,0,0,,0,39 57:22.104,,0,75 12:35.298,0,0,0,0,67301,0,0,0,N,0,0,0,1,67301,0,,6,1,,N,N,,1,,0,0,0,0,0,,337,0,7,0,0,0,0,0,3,4,2,7,3,,N,,,,,,,,,,,
2009068513,1745.0,1,0,0,0,0,0,0,0,0,8,0,,67,6,2009,2,40.0193,-75.0519,1740.0,6,0,0,0,0,0,0,0,0,,0,0,0,17,1,1,0,,0,40 01:09.440,,0,75 03:06.890,4,0,0,0,67301,1,0,0,N,1,0,0,2,67301,1,,1,1,,N,N,,0,,0,0,0,0,0,,1720,1,2,0,0,0,0,0,3,4,0,1,3,,N,,,,,,,,,,,
2010003558,157.0,2,0,0,0,0,0,0,0,0,1,0,,67,11,2009,7,39.9633,-75.1409,147.0,6,0,0,0,0,0,0,0,0,,0,0,0,1,3,4,0,,0,39 57:47.732,,0,75 08:27.225,4,0,0,0,67301,0,0,0,N,0,0,0,4,67301,4,,1,1,,N,N,,0,,0,0,0,0,0,,145,4,2,0,0,0,0,0,3,4,0,2,3,,N,,,,,,,,,,,
2010006327,1525.0,1,0,0,0,0,0,0,0,0,4,0,,67,12,2009,7,40.0142,-75.1415,1520.0,6,0,0,0,0,0,1,0,0,,0,0,0,15,1,1,2,,0,40 00:51.170,,0,75 08:29.259,3,0,0,0,67301,0,0,0,,0,0,0,2,67301,0,,1,1,,,,,0,,1,0,0,3,3,,1515,1,2,0,0,0,0,0,3,4,0,2,3,,N,,,,,,,,,,,
2010006340,1950.0,2,0,0,0,0,0,0,0,0,5,0,,67,12,2009,1,40.0699,-75.1578,1949.0,6,0,0,0,0,0,0,0,0,2.0,0,0,0,19,3,2,0,,2,40 04:11.460,6.0,0,75 09:27.914,4,0,0,0,67301,0,0,0,,0,0,0,3,67301,2,,1,9,,,,,0,,0,0,3,0,0,Y,1940,2,5,0,0,0,0,0,3,4,0,5,7,,N,,,,,,,,,,,
2010010194,0.0,0,0,0,0,0,0,0,0,0,8,0,,67,8,2009,5,39.9553,-75.1559,0.0,6,0,0,0,0,0,0,0,0,,0,0,0,10,1,1,0,,0,39 57:19.169,,0,75 09:21.238,8,0,0,0,67301,1,0,0,N,1,0,0,2,00000,0,,1,1,,N,N,,0,,0,0,0,0,0,,1000,1,2,0,0,0,1,0,3,4,0,1,3,,N,,,,,,,,,,,
2010011197,959.0,0,0,0,0,0,0,0,0,0,8,0,,67,12,2009,5,39.9529,-75.1625,956.0,6,0,0,0,0,0,0,0,0,,0,0,0,9,1,1,0,,0,39 57:10.370,,0,75 09:45.042,3,0,0,0,67301,1,0,0,,1,0,0,2,67301,0,,1,7,,,,,0,,1,0,0,0,0,,950,1,2,0,0,0,0,0,3,4,1,1,10,,N,,,,,,,,,,,
2010017209,645.0,1,0,0,0,0,0,0,0,0,8,0,,67,12,2009,6,40.0392,-75.11,641.0,6,0,0,0,0,0,0,0,0,9.0,0,0,0,6,1,1,1,,1,40 02:20.942,3.0,0,75 06:36.006,8,0,0,0,67301,1,0,0,,1,0,0,2,67301,0,,1,1,,,,,0,,0,0,0,3,2,N,641,1,2,0,0,0,1,0,3,4,0,1,3,,N,,,,,,,,,,,
2010004680,2354.0,1,0,0,0,0,0,0,0,0,7,0,,67,11,2009,3,40.0201,-75.0635,2349.0,6,0,0,0,0,0,0,0,0,,0,0,0,23,3,1,0,,0,40 01:12.486,,0,75 03:48.708,3,0,0,0,67301,0,0,0,N,0,0,0,1,67301,0,,4,1,,N,N,,0,,1,0,0,0,0,,2347,1,2,0,0,0,0,0,3,4,1,2,3,,N,,,,,,,,,,,
2010006384,1700.0,1,0,0,0,0,0,0,0,0,4,0,,67,12,2009,1,39.9736,-75.2472,1647.0,6,1,0,0,0,0,0,0,0,,0,0,0,16,3,1,1,,0,39 58:24.916,,0,75 14:49.984,4,0,0,0,67301,0,0,0,,0,0,0,3,67301,1,,1,9,,N,N,,0,,0,0,1,3,3,,1600,1,2,0,0,0,0,0,3,4,0,2,7,,N,,,,,,,,,,,
2009057260,1350.0,1,0,0,0,0,0,0,0,0,5,0,,67,4,2009,6,39.9164,-75.2188,1334.0,6,0,0,0,0,0,0,0,0,,0,0,0,99,1,3,0,,0,39 55:00.657,,0,75 12:57.955,8,0,0,0,67301,0,0,0,N,0,0,0,4,67301,0,,1,1,,N,N,,0,,0,0,1,3,2,,9999,3,2,0,0,0,3,1,3,4,0,2,3,,N,,,,,,,,,,,
2009086599,1232.0,1,0,0,0,0,0,0,0,0,4,1,,67,8,2009,3,39.9321,-75.1999,1229.0,6,0,0,0,0,0,0,0,0,,0,1,0,12,1,2,0,,0,39 55:58.509,,0,75 12:00.119,4,0,0,0,67301,0,0,0,N,0,0,0,3,68K01,2,,1,1,,N,N,,0,,0,0,0,0,0,,1227,2,2,0,0,0,0,0,3,4,0,2,3,,N,,,,,,,,,,,
2009118939,900.0,1,0,0,0,0,0,0,0,0,5,1,,67,10,2009,5,39.8923,-75.2239,900.0,6,0,0,0,0,0,0,0,0,,0,1,0,7,1,0,0,,0,39 53:32.325,,0,75 13:26.162,0,0,0,0,67301,0,0,0,N,0,0,0,2,67301,0,,1,1,,N,N,,0,,0,0,0,0,0,,757,0,2,0,0,0,0,0,3,4,0,2,3,,N,,,,,,,,,,,
2009120864,1842.0,0,0,0,0,0,0,0,0,0,8,0,,67,10,2009,5,39.9486,-75.1674,1837.0,6,0,0,0,0,0,0,0,0,,0,0,0,18,1,1,0,,0,39 56:54.804,,0,75 10:02.690,2,0,0,0,67301,1,0,1,,1,0,1,2,67301,0,,2,9,,N,N,,0,,0,1,0,3,2,,1830,1,2,0,0,0,0,1,3,4,0,1,7,,N,,,,,,,,,,,
2009120886,812.0,0,0,0,0,0,0,0,0,0,4,0,,67,10,2009,2,40.0517,-75.1271,812.0,6,0,0,0,0,0,0,1,0,,0,0,0,8,1,1,1,,0,40 03:06.246,,0,75 07:37.696,8,0,0,0,67301,0,0,0,N,0,0,0,3,67301,0,,1,1,,N,N,,1,,0,0,1,3,2,,805,1,2,0,0,0,1,0,3,4,0,2,3,,N,,,,,,,,,,,
2009121127,720.0,1,0,0,0,0,0,0,0,0,8,0,,67,10,2009,6,39.9719,-75.2449,718.0,6,0,0,0,0,0,0,0,0,,0,0,0,7,1,1,1,,0,39 58:18.703,,0,75 14:41.713,4,0,0,0,67301,1,0,0,,1,0,0,2,67301,1,,1,1,,,,,0,,0,0,0,3,2,,718,1,2,0,0,0,0,0,3,4,0,1,3,,N,,,,,,,,,,,
2009121139,1842.0,1,0,0,0,0,0,0,0,0,8,0,,67,10,2009,6,40.0348,-75.1778,1842.0,6,0,0,0,0,0,0,0,0,,0,0,0,18,3,1,0,,0,40 02:05.420,,0,75 10:39.943,4,0,0,0,67301,1,0,0,N,1,0,0,2,67301,1,,1,9,,N,N,,0,,0,0,0,0,0,,1840,1,2,0,0,0,0,0,3,4,0,1,7,,N,,,,,,,,,,,
2009111593,750.0,1,0,0,0,0,0,1,0,0,1,1,,67,10,2009,4,40.0255,-75.1225,744.0,6,0,0,0,0,0,1,0,0,,0,0,0,7,1,2,0,,0,40 01:31.838,,0,75 07:20.057,3,0,0,0,67301,0,0,0,,0,0,0,4,67301,1,,6,9,,,,,0,,1,0,0,3,2,,740,2,3,0,0,0,0,0,3,4,1,3,98,,N,,,,,,,,,,,
2009061996,2225.0,0,0,0,0,0,0,0,0,0,7,0,,67,6,2009,2,39.9786,-75.2027,2225.0,6,0,0,0,0,0,0,0,0,1.0,0,0,0,22,3,1,0,,2,39 58:45.914,4.0,0,75 12:14.271,3,0,0,1,67301,0,0,0,Y,0,0,0,1,68K01,0,,2,1,,N,N,,0,,1,0,0,0,0,N,2225,1,1,0,0,0,0,0,3,4,0,1,3,,N,,,,,,,,,,,
2009054337,128.0,2,0,0,0,0,0,0,0,0,1,0,,67,4,2009,5,39.9374,-75.163,124.0,6,0,0,0,0,0,0,0,0,,0,0,0,99,3,1,1,,0,39 56:14.629,,0,75 09:46.969,3,0,0,0,67301,0,0,0,,0,0,0,4,67301,0,,1,1,,,,,0,,1,0,0,3,2,,9999,1,2,0,0,0,0,0,3,4,0,2,3,,N,,,,,,,,,,,
2009054499,930.0,2,0,0,0,0,0,0,0,0,1,0,,67,4,2009,2,40.0569,-75.1881,925.0,6,0,0,0,0,0,0,0,0,,0,0,0,9,1,1,1,,0,40 03:24.735,,0,75 11:16.996,8,0,0,0,67301,0,0,0,N,0,0,0,3,67301,0,,1,1,,N,N,,0,,0,0,0,3,2,,920,1,2,0,0,1,1,0,3,4,0,2,3,,N,,,,,,,,,,,
2009086140,732.0,1,0,0,0,0,0,0,0,0,8,0,,67,7,2009,6,40.1111,-75.0243,729.0,6,0,0,0,0,0,0,0,0,1.0,0,0,0,7,1,1,1,,1,40 06:40.143,2.0,0,75 01:27.353,8,0,0,0,67301,1,0,0,N,1,0,0,2,67301,0,,1,1,,N,N,,0,,0,0,0,3,2,N,725,1,2,0,0,0,1,0,3,4,0,1,3,,N,,,,,,,,,,,
2009071358,1441.0,2,0,0,0,0,0,0,0,0,2,0,,67,6,2009,7,40.0369,-75.0798,1440.0,6,0,0,0,0,0,0,0,1,1.0,0,0,0,14,1,2,1,,2,40 02:12.854,2.0,0,75 04:47.301,4,0,0,0,67301,0,0,0,,0,0,0,4,67301,2,,1,1,,,,,0,,0,0,0,3,2,N,1437,2,2,0,0,0,0,0,3,4,0,2,3,,N,,,,,,,,,,,
2010003095,1928.0,1,0,0,0,0,0,0,0,0,1,0,,67,12,2009,7,40.0337,-75.0636,1925.0,6,0,0,0,0,0,0,1,0,,0,0,0,19,3,1,5,,0,40 02:01.294,,0,75 03:49.581,4,0,0,0,67301,0,0,0,,0,0,0,3,67301,1,,1,9,,,N,,0,,0,0,0,3,2,,1922,1,2,0,0,0,0,0,3,4,1,2,10,,N,,,,,,,,,,,
2010003148,9.0,2,0,0,0,0,0,0,0,0,4,0,,67,11,2009,4,40.0868,-74.9718,8.0,6,0,0,0,0,0,0,0,0,,0,0,0,21,3,1,1,,0,40 05:12.438,,0,74 58:18.635,4,0,0,0,67301,0,0,0,N,0,0,0,4,67301,1,,1,1,,N,N,,0,,0,0,0,3,2,,2139,1,2,0,0,0,0,0,3,4,0,2,3,,N,,,,,,,,,,,
2010003203,1940.0,1,0,0,0,0,0,0,0,0,8,0,,67,11,2009,4,40.0367,-75.0251,1931.0,6,0,0,0,0,0,0,0,0,,0,0,0,99,3,1,0,,0,40 02:11.979,,0,75 01:30.536,4,0,0,0,67301,1,0,0,N,1,0,0,2,67301,1,,1,1,,N,N,,0,,0,0,0,0,0,,9999,1,2,0,0,0,0,0,3,4,0,1,3,,N,,,,,,,,,,,
2010003234,816.0,1,0,0,0,0,0,0,0,0,5,0,,67,12,2009,4,39.9603,-75.1969,812.0,6,0,0,0,0,0,0,0,1,,0,0,0,8,1,1,1,,0,39 57:37.159,,0,75 11:49.176,8,0,0,0,67301,1,0,0,N,1,0,0,2,67301,0,,1,9,,N,N,,0,,0,0,0,3,2,,812,1,2,0,0,0,1,0,3,4,0,1,7,,N,,,,,,,,,,,
2010006258,1448.0,2,0,0,0,0,0,0,0,0,4,0,,67,12,2009,6,39.9325,-75.1745,1445.0,6,0,0,0,0,0,0,0,0,,0,0,0,14,1,1,1,,0,39 55:57.104,,0,75 10:28.167,8,0,0,0,67301,0,0,0,,0,0,0,2,67301,0,,1,1,,,,,0,,0,0,0,3,3,,1420,1,2,0,0,0,1,0,3,4,0,2,3,,N,,,,,,,,,,,
2010006394,10.0,0,0,0,0,0,0,1,0,0,8,1,,67,12,2009,6,40.0002,-75.1421,7.0,6,0,0,0,0,0,0,0,0,,0,0,0,23,3,1,0,,0,40 00:00.590,,0,75 08:31.441,3,0,0,0,67301,1,0,0,N,1,0,0,2,67301,0,,1,1,,N,N,,0,,1,0,0,0,0,,2349,1,2,0,0,0,0,0,3,4,0,1,3,,N,,,,,,,,,,,
2010005672,1900.0,1,0,0,0,0,0,0,0,0,8,0,,67,12,2009,1,39.952,-75.1614,1858.0,6,0,0,0,0,0,1,0,0,,0,0,0,18,3,1,1,,0,39 57:07.351,,0,75 09:40.989,3,0,0,0,67301,1,0,0,N,1,0,0,2,67301,0,,1,1,,N,N,,0,,1,0,0,3,2,,1855,1,2,0,0,0,0,0,3,4,0,1,3,,N,,,,,,,,,,,
2010011205,2129.0,0,0,0,0,0,0,0,0,0,8,0,,67,12,2009,1,39.9424,-75.1474,2126.0,6,0,0,0,0,0,0,0,0,1.0,0,0,0,21,3,1,1,,2,39 56:32.755,4.0,0,75 08:50.560,4,0,0,0,67301,1,0,0,N,1,0,0,2,67301,1,,1,1,,N,N,,0,,0,0,1,3,2,Y,2126,1,2,0,0,0,0,0,3,4,0,1,3,,N,,,,,,,,,,,
2010011556,9999.0,2,0,0,0,0,0,0,0,0,4,0,,67,12,2009,7,39.9825,-75.1516,2052.0,6,0,0,1,0,0,0,0,0,,0,0,0,20,3,5,1,,0,39 58:57.093,,0,75 09:05.770,3,0,0,0,67301,0,0,0,N,0,0,0,6,67301,2,,1,9,,N,N,,0,,3,0,0,3,2,,2052,5,2,0,0,4,0,0,3,4,0,2,9,,N,,,,,,,,,,,
2010012685,0.0,2,0,0,0,0,0,0,0,0,4,0,,67,9,2009,6,39.9968,-75.1164,0.0,6,0,0,0,0,0,0,0,0,,0,0,0,15,1,1,2,,0,39 59:48.647,,0,75 06:59.277,3,0,0,0,67301,0,0,0,N,0,0,0,3,00000,0,,1,1,,N,N,,0,,1,0,0,9,9,,1530,1,2,0,0,0,0,1,3,4,0,2,3,,N,,,,,,,,,,,
2010001848,1433.0,1,0,0,0,0,0,0,0,0,0,0,,67,12,2009,1,39.9572,-75.1567,1426.0,6,0,0,0,0,0,0,0,0,1.0,0,0,0,14,1,0,0,,1,39 57:25.920,4.0,0,75 09:24.120,9,0,0,0,67301,0,0,0,N,0,0,0,2,68K01,0,,1,9,,N,N,,0,,0,0,0,0,0,N,1424,0,1,0,0,0,0,2,3,4,0,1,3,,N,,,,,,,,,,,
2010005533,2351.0,3,0,0,0,0,0,0,0,0,5,0,,67,12,2009,1,39.9837,-75.1262,2347.0,6,0,0,0,0,0,0,0,0,1.0,0,0,0,23,3,0,0,,2,39 59:01.172,7.0,0,75 07:34.359,0,0,0,0,67301,0,0,0,,0,0,0,1,67301,0,,6,9,,,,,0,,0,0,0,0,0,Y,2347,0,4,0,0,0,0,0,3,4,1,4,7,,N,,,,,,,,,,,
2010005611,1345.0,2,0,0,0,0,0,0,0,0,4,0,,67,12,2009,2,39.9388,-75.1747,1342.0,6,0,0,0,0,0,0,0,0,,0,0,0,99,1,2,1,,0,39 56:19.856,,0,75 10:29.074,8,0,0,0,67301,0,0,0,,0,0,0,4,67301,0,,1,1,,,,,0,,0,0,0,3,2,,9999,2,2,0,0,0,2,0,3,4,0,2,3,,N,,,,,,,,,,,