CRN,ARRIVAL_TM,AUTOMOBILE_COUNT,BELTED_DEATH_COUNT,BELTED_SUSP_SERIOUS_INJ_COUNT,BICYCLE_COUNT,BICYCLE_DEATH_COUNT,BICYCLE_SUSP_SERIOUS_INJ_COUNT,BUS_COUNT,CHLDPAS_DEATH_COUNT,CHLDPAS_SUSP_SERIOUS_INJ_COUNT,COLLISION_TYPE,COMM_VEH_COUNT,CONS_ZONE_SPD_LIM,COUNTY,CRASH_MONTH,CRASH_YEAR,DAY_OF_WEEK,DEC_LAT,DEC_LONG,DISPATCH_TM,DISTRICT,DRIVER_COUNT_16YR,DRIVER_COUNT_17YR,DRIVER_COUNT_18YR,DRIVER_COUNT_19YR,DRIVER_COUNT_20YR,DRIVER_COUNT_50_64YR,DRIVER_COUNT_65_74YR,DRIVER_COUNT_75PLUS,EST_HRS_CLOSED,FATAL_COUNT,HEAVY_TRUCK_COUNT,HORSE_BUGGY_COUNT,HOUR_OF_DAY,ILLUMINATION,INJURY_COUNT,INTERSECT_TYPE,INTERSECTION_RELATED,LANE_CLOSED,LATITUDE,LN_CLOSE_DIR,LOCATION_TYPE,LONGITUDE,MAX_SEVERITY_LEVEL,MCYCLE_DEATH_COUNT,MCYCLE_SUSP_SERIOUS_INJ_COUNT,MOTORCYCLE_COUNT,MUNICIPALITY,NONMOTR_COUNT,NONMOTR_DEATH_COUNT,NONMOTR_SUSP_SERIOUS_INJ_COUNT,NTFY_HIWY_MAINT,PED_COUNT,PED_DEATH_COUNT,PED_SUSP_SERIOUS_INJ_COUNT,PERSON_COUNT,POLICE_AGCY,POSSIBLE_INJ_COUNT,RDWY_SURF_TYPE_CD,RELATION_TO_ROAD,ROAD_CONDITION,ROADWAY_CLEARED,SCH_BUS_IND,SCH_ZONE_IND,SECONDARY_CRASH,SMALL_TRUCK_COUNT,SPEC_JURIS_CD,SUSP_MINOR_INJ_COUNT,SUSP_SERIOUS_INJ_COUNT,SUV_COUNT,TCD_FUNC_CD,TCD_TYPE,TFC_DETOUR_IND,TIME_OF_DAY,TOT_INJ_COUNT,TOTAL_UNITS,UNB_DEATH_COUNT,UNB_SUSP_SERIOUS_INJ_COUNT,UNBELTED_OCC_COUNT,UNK_INJ_DEG_COUNT,UNK_INJ_PER_COUNT,URBAN_AREA,URBAN_RURAL,VAN_COUNT,VEHICLE_COUNT,WEATHER1,WEATHER2,WORK_ZONE_IND,WORK_ZONE_LOC,WORK_ZONE_TYPE,WORKERS_PRES,WZ_CLOSE_DETOUR,WZ_FLAGGER,WZ_LAW_OFFCR_IND,WZ_LN_CLOSURE,WZ_MOVING,WZ_OTHER,WZ_SHLDER_MDN,WZ_WORKERS_INJ_KILLED
2009093632,811.0,1,0,0,0,0,0,1,0,0,4,1,,67,8,2009,6,39.9554,-75.2,806.0,6,0,0,0,0,0,1,0,0,,0,0,0,7,1,1,1,,0,39 57:19.263,,0,75 11:59.801,4,0,0,0,67301,0,0,0,N,0,0,0,2,67301,1,,1,1,,N,N,,0,,0,0,0,3,2,,720,1,2,0,0,0,0,0,3,4,0,2,3,,N,,,,,,,,,,,
2009093640,1405.0,2,0,0,0,0,0,0,0,0,1,0,,67,8,2009,6,40.0244,-75.1479,1400.0,6,0,0,0,0,0,0,0,0,1.0,0,0,0,14,1,1,0,,1,40 01:28.104,2.0,0,75 08:52.522,4,0,0,0,67301,0,0,0,,0,0,0,2,67301,1,,1,1,,,,,0,,0,0,0,3,2,Y,1400,1,2,0,0,0,0,0,3,4,0,2,3,,N,,,,,,,,,,,
2009093659,1615.0,2,0,0,0,0,0,0,0,0,5,0,,67,8,2009,6,39.9649,-75.2051,1609.0,6,0,0,0,0,0,0,1,0,,0,0,0,15,1,2,0,,0,39 57:53.627,,0,75 12:18.512,8,0,0,0,67301,0,0,0,N,0,0,0,3,67301,0,,1,9,,N,N,,1,,0,0,0,0,0,,1500,2,4,0,0,0,2,0,3,4,0,4,7,,N,,,,,,,,,,,
2009054239,1458.0,1,0,0,0,0,0,0,0,0,1,0,,67,4,2009,7,39.9711,-75.19,1450.0,6,0,0,0,1,0,0,0,0,,0,0,0,14,1,1,0,,0,39 58:15.727,,0,75 11:24.116,8,0,0,0,67301,0,0,0,N,0,0,0,3,67301,0,,1,1,,N,N,,1,,0,0,0,0,0,,1415,1,2,0,0,0,1,1,3,4,0,2,3,,N,,,,,,,,,,,
2009056975,1557.0,2,0,0,0,0,0,0,0,0,4,0,,67,5,2009,1,39.9539,-75.1946,1556.0,6,0,0,0,0,0,0,0,0,,0,0,0,15,1,1,1,,0,39 57:13.989,,0,75 11:40.675,4,0,0,0,67301,0,0,0,N,0,0,0,3,67301,1,,1,9,,N,N,,0,,0,0,0,3,3,,1556,1,2,0,0,0,0,0,3,4,0,2,7,,N,,,,,,,,,,,
2009054455,1225.0,1,0,0,1,0,0,0,0,0,5,0,,67,5,2009,7,39.9489,-75.1643,1218.0,6,0,0,0,0,0,0,0,0,,0,0,0,12,1,1,0,,0,39 56:56.155,,0,75 09:51.354,4,0,0,0,67301,1,0,0,,0,0,0,3,67301,1,,1,1,,,,,0,,0,0,0,0,0,,1210,1,2,0,0,0,0,0,3,4,0,1,3,,N,,,,,,,,,,,
2009054500,1712.0,2,0,0,0,0,0,0,0,0,1,0,,67,4,2009,2,40.0445,-75.1931,1708.0,6,0,0,0,0,0,2,0,0,,0,0,0,99,1,1,1,,0,40 02:40.301,,0,75 11:35.235,4,0,0,0,67301,0,0,0,,0,0,0,3,67301,1,,1,1,,N,N,,0,,0,0,0,0,0,,9999,1,2,0,0,0,0,0,3,4,0,2,3,,N,,,,,,,,,,,
2009054660,1639.0,2,0,0,0,0,0,0,0,0,1,0,,67,4,2009,4,39.9785,-75.1099,1634.0,6,0,0,0,0,1,0,0,0,,0,0,0,16,1,2,0,,0,39 58:43.370,,0,75 06:35.349,4,0,0,0,67301,0,0,0,N,0,0,0,5,68K01,2,,1,1,,N,N,,1,,0,0,0,0,0,,1631,2,3,0,0,0,0,0,3,4,0,3,3,,N,,,,,,,,,,,
2009086129,854.0,1,0,0,0,0,0,0,0,0,3,0,,67,8,2009,7,40.0235,-75.0535,850.0,6,0,0,0,0,0,1,0,0,1.0,0,0,0,8,1,0,0,,2,40 01:24.688,4.0,0,75 03:12.659,0,0,0,0,67301,0,0,0,,0,0,0,2,67301,0,,1,1,,,,,0,,0,0,1,0,0,Y,845,0,2,0,0,0,0,0,3,4,0,2,3,,N,,,,,,,,,,,
2009083573,1055.0,2,0,0,0,0,0,0,0,0,1,0,,67,7,2009,6,39.9237,-75.2215,1050.0,6,0,0,0,0,1,1,0,0,,0,0,0,10,1,0,0,,0,39 55:25.200,,0,75 13:17.321,0,0,0,0,67301,0,0,0,N,0,0,0,2,67301,0,,1,1,,N,N,,0,,0,0,0,0,0,,1000,0,2,0,0,0,0,0,3,4,0,2,3,,N,,,,,,,,,,,
2009083574,1615.0,2,0,0,0,0,0,0,0,0,4,0,,67,7,2009,1,39.9563,-75.244,1610.0,6,0,0,0,0,0,0,0,0,,0,0,0,16,1,1,1,,0,39 57:22.521,,0,75 14:38.439,4,0,0,0,67301,0,0,0,N,0,0,0,2,67301,1,,1,1,,N,N,,0,,0,0,0,3,3,,1600,1,2,0,0,0,0,0,3,4,0,2,3,5.0,N,,,,,,,,,,,
2009086277,2302.0,1,0,0,0,0,0,0,0,0,4,0,,67,7,2009,5,39.947,-75.1648,2250.0,6,0,0,0,0,0,0,0,0,,0,0,0,22,3,2,0,,0,39 56:49.029,,0,75 09:53.418,8,0,0,1,67301,0,0,0,,0,0,0,2,67301,0,,1,1,,,,,0,,0,0,0,0,0,,2248,2,2,0,0,0,2,0,3,4,0,2,3,,N,,,,,,,,,,,
2009083634,2107.0,2,0,0,0,0,0,0,0,0,1,0,,67,7,2009,5,40.0051,-75.0763,2102.0,6,0,0,0,0,0,0,0,0,,0,0,0,21,3,1,0,,0,40 00:18.205,,0,75 04:34.529,4,0,0,0,67301,0,0,0,N,0,0,0,2,67301,1,,1,1,,N,N,,0,,0,0,0,3,2,,2100,1,2,0,0,0,0,0,3,4,0,2,3,,N,,,,,,,,,,,
2009063488,1811.0,2,0,0,0,0,0,0,0,0,1,0,,67,5,2009,2,40.0516,-74.9892,1803.0,6,0,0,0,0,0,0,0,0,,0,0,0,17,1,1,0,,0,40 03:05.562,,0,74 59:21.192,8,0,0,0,67301,0,0,0,N,0,0,0,3,68K01,0,,1,1,,N,N,,0,,0,0,0,0,0,,1759,1,2,0,0,0,1,0,3,4,0,2,3,,N,,,,,,,,,,,
2009071314,1312.0,1,0,0,0,0,0,0,0,0,7,0,,67,7,2009,7,39.9677,-75.1311,1311.0,6,0,0,0,0,0,0,0,0,1.0,0,0,0,13,1,1,0,,1,39 58:04.501,1.0,0,75 07:49.858,4,0,0,0,67301,0,0,0,N,0,0,0,5,68K01,1,,4,1,,N,N,,0,,0,0,0,0,0,N,1307,1,1,0,0,0,0,3,3,4,0,1,3,,N,,,,,,,,,,,
2009071353,2057.0,1,0,0,0,0,0,0,0,0,4,0,,67,6,2009,7,39.9939,-75.1545,2057.0,6,0,0,0,0,1,0,0,0,,0,0,0,20,3,2,2,,0,39 59:38.150,,0,75 09:16.063,3,0,0,1,67301,0,0,0,N,0,0,0,3,67301,1,,1,1,,N,N,,0,,1,0,0,0,0,,2057,2,2,0,0,0,0,0,3,4,0,2,3,,N,,,,,,,,,,,
2010003189,1410.0,2,0,0,0,0,0,0,0,0,4,0,,67,11,2009,2,39.904,-75.2401,1350.0,6,0,0,0,0,0,1,0,0,,0,0,0,13,1,1,1,,0,39 54:14.563,,0,75 14:24.409,4,0,0,0,67301,0,0,0,,0,0,0,2,67301,1,,1,9,,,,,0,,0,0,0,3,2,,1345,1,2,0,0,0,0,0,3,4,0,2,7,,N,,,,,,,,,,,
2010004456,1548.0,2,0,0,0,0,0,0,0,0,1,0,,67,12,2009,7,39.967,-75.1882,1545.0,6,0,0,0,0,0,0,0,0,,0,0,0,15,1,1,0,,0,39 58:00.999,,0,75 11:17.130,4,0,0,0,67301,0,0,0,N,0,0,0,2,68K01,1,,1,7,,N,N,,0,,0,0,0,0,0,,1539,1,2,0,0,0,0,0,3,4,0,2,10,,N,,,,,,,,,,,
2010010145,0.0,1,0,0,0,0,0,0,0,0,4,0,,67,7,2009,7,39.981,-75.2243,0.0,6,0,0,0,0,0,0,0,0,,0,0,0,16,4,1,2,,0,39 58:51.715,,0,75 13:27.867,4,0,0,0,67301,0,0,0,N,0,0,0,5,00000,1,,1,1,,N,N,,0,,0,0,0,0,0,,1615,1,2,0,0,0,0,2,3,4,0,2,3,,N,,,,,,,,,,,
2010010583,0.0,0,0,0,0,0,0,0,0,0,4,0,,67,11,2009,1,40.0269,-75.1213,0.0,6,0,0,0,1,0,0,0,0,,0,0,0,20,6,1,2,,0,40 01:36.696,,7,75 07:16.506,8,0,0,0,67301,0,0,0,N,0,0,0,2,00000,0,,1,1,,N,N,,0,,0,0,1,9,9,,2000,1,2,0,0,0,1,1,3,4,0,2,3,,N,,,,,,,,,,,
2010011208,712.0,1,0,0,0,0,0,0,0,0,5,0,,67,12,2009,5,39.9068,-75.1841,706.0,6,0,0,0,0,0,0,0,0,1.0,0,0,0,99,1,1,0,,1,39 54:24.497,3.0,0,75 11:02.900,4,0,0,0,67301,0,0,0,N,0,0,0,2,67301,1,,1,7,,N,N,,0,,0,0,1,0,0,N,9999,1,2,0,0,0,0,0,3,4,0,2,10,,N,,,,,,,,,,,
2010011209,1654.0,2,0,0,0,0,0,0,0,0,4,0,,67,12,2009,1,39.9173,-75.1746,1648.0,6,0,1,0,0,0,0,0,0,,0,0,0,16,1,1,1,,0,39 55:02.334,,0,75 10:28.574,8,0,0,0,67301,0,0,0,N,0,0,0,2,67301,0,,1,1,,N,N,,0,,0,0,1,3,3,,1642,1,3,0,0,0,1,0,3,4,0,3,3,,N,,,,,,,,,,,
2010011211,1522.0,2,0,0,0,0,0,0,0,0,2,0,,67,12,2009,1,40.0453,-75.0607,1518.0,6,0,1,0,0,0,0,0,0,1.0,0,0,0,14,1,3,1,,1,40 02:43.041,2.0,0,75 03:38.484,3,0,0,0,67301,0,0,0,N,0,0,0,3,67301,0,,1,1,,N,N,,0,,1,0,0,3,2,Y,1434,3,2,0,0,0,2,0,3,4,0,2,3,,N,,,,,,,,,,,
2010011132,1937.0,1,0,0,0,0,0,0,0,0,4,0,,67,12,2009,2,40.0826,-74.966,1936.0,6,0,0,0,1,0,1,0,0,1.0,0,0,0,19,3,0,5,,1,40 04:57.327,2.0,0,74 57:57.675,9,0,0,0,67301,0,0,0,,0,0,0,2,67301,0,,1,1,,,,,0,,0,0,1,3,2,N,1930,0,2,0,0,0,0,1,3,4,0,2,3,,N,,,,,,,,,,,
2010017241,1605.0,3,0,0,0,0,0,0,0,0,4,0,,67,11,2009,7,39.9594,-75.2393,1556.0,6,0,0,0,0,0,0,0,1,,0,0,0,15,1,1,0,,0,39 57:33.732,,0,75 14:21.472,4,0,0,0,67301,1,0,0,N,0,0,0,2,67301,1,,1,1,,N,N,,0,,0,0,0,0,0,,1545,1,3,0,0,0,0,0,3,4,0,3,3,,N,,,,,,,,,,,
2010004675,1245.0,1,0,0,0,0,0,0,0,0,7,0,,67,11,2009,5,40.0809,-75.218,1234.0,6,0,0,0,0,0,0,1,0,,0,0,0,12,1,1,0,,0,40 04:51.296,,0,75 13:04.871,8,0,0,0,67301,0,0,0,N,0,0,0,1,67301,0,,5,1,,N,N,,0,,0,0,0,0,0,,1230,1,1,0,0,0,1,0,3,4,0,1,3,,N,,,,,,,,,,,
2010004682,1615.0,3,0,0,0,0,0,0,0,0,4,0,,67,12,2009,7,40.0933,-74.9621,1602.0,6,0,0,0,0,0,0,0,0,,0,0,0,15,1,1,1,,0,40 05:36.345,,0,74 57:43.771,8,0,0,0,67301,0,0,0,N,0,0,0,3,67301,0,,1,9,,N,N,,0,,0,0,0,3,2,,1552,1,3,0,0,0,1,0,3,4,0,3,10,,N,,,,,,,,,,,
2010003690,450.0,1,0,0,0,0,0,0,0,0,1,0,,67,12,2009,1,39.9822,-75.2077,445.0,6,0,0,0,1,0,0,0,0,2.0,0,0,0,4,3,1,0,,2,39 58:59.734,3.0,0,75 12:29.425,3,0,0,0,67301,0,0,0,N,0,0,0,2,68K01,0,,1,1,,N,N,,0,,1,0,1,0,0,Y,441,1,2,0,0,2,0,0,3,4,0,2,3,,N,,,,,,,,,,,
2010005605,810.0,1,0,0,0,0,0,0,0,0,7,0,,67,12,2009,1,40.0189,-75.0726,806.0,6,0,0,0,0,0,0,0,0,9.0,0,0,0,99,8,0,2,,1,40 01:08.034,4.0,0,75 04:21.383,9,0,0,0,67301,0,0,0,N,0,0,0,1,67301,0,,5,1,,N,N,,0,,0,0,0,0,0,N,9999,0,1,0,0,0,0,1,3,4,0,1,3,,N,,,,,,,,,,,
2010005737,1220.0,0,0,0,0,0,0,0,0,0,1,0,,67,12,2009,5,40.0707,-75.2412,1216.0,6,0,0,0,0,0,1,0,0,1.0,0,0,0,12,1,3,1,,1,40 04:15.503,1.0,0,75 14:28.767,8,0,0,0,67301,0,0,0,N,0,0,0,3,67301,0,,1,1,,N,N,,0,,0,0,2,3,2,N,1216,3,2,0,0,0,3,0,3,4,0,2,3,,N,,,,,,,,,,,
2010005739,445.0,2,0,0,0,0,0,0,0,0,4,0,,67,12,2009,7,40.0492,-75.1507,430.0,6,0,0,0,0,0,0,0,0,,0,0,0,4,3,3,0,,0,40 02:57.102,,0,75 09:02.494,4,0,0,0,67301,0,0,0,N,0,0,0,3,67301,3,,6,1,,N,N,,0,,0,0,1,0,0,,430,3,3,0,0,0,0,0,3,4,0,3,3,,N,,,,,,,,,,,
2009054515,2215.0,0,0,0,0,0,0,0,0,0,1,0,,67,5,2009,7,40.0033,-75.166,2213.0,6,0,0,0,0,0,1,0,0,,0,0,0,21,3,1,0,,0,40 00:11.832,,0,75 09:57.615,4,0,0,1,67301,0,0,0,N,0,0,0,1,67301,1,,6,1,,N,N,,0,,0,0,1,0,0,,2150,1,2,0,0,0,0,0,3,4,0,2,3,,N,,,,,,,,,,,
2009088580,1915.0,3,0,0,0,0,0,0,0,0,1,0,,67,6,2009,2,40.0375,-75.0122,1908.0,6,0,0,0,0,0,2,0,0,,0,0,0,19,1,2,0,,0,40 02:15.143,,0,75 00:43.086,4,0,0,0,67301,0,0,0,N,0,0,0,4,68K01,2,,1,1,,N,N,,0,,0,0,0,0,0,,1904,2,4,0,0,0,0,0,3,4,1,4,3,,N,,,,,,,,,,,
2009054552,1615.0,4,0,0,0,0,0,0,0,0,1,0,,67,4,2009,7,40.0548,-75.1527,1610.0,6,0,0,0,0,0,0,0,0,,0,0,0,15,1,0,1,,0,40 03:17.359,,0,75 09:09.802,9,0,0,0,67301,0,0,0,N,0,0,0,2,67301,0,,1,9,,N,N,,0,,0,0,0,3,2,,1545,0,4,0,0,1,0,1,3,4,0,4,3,,N,,,,,,,,,,,
2009057184,933.0,2,0,0,0,0,0,0,0,0,1,0,,67,6,2009,4,40.0013,-75.2264,930.0,6,0,0,0,0,0,0,0,0,,0,0,0,9,1,1,0,,0,40 00:07.412,,0,75 13:29.203,4,0,0,0,67301,0,0,0,N,0,0,0,2,46104,1,,1,1,,N,N,,0,,0,0,0,3,2,,925,1,2,0,0,0,0,0,3,4,0,2,3,,N,,,,,,,,,,,
2009086131,1734.0,1,0,0,0,0,0,1,0,0,2,1,,67,8,2009,7,39.9941,-75.2416,1734.0,6,0,0,0,0,0,0,0,0,,0,0,0,17,1,1,2,,0,39 59:40.213,,0,75 14:26.351,8,0,0,0,67301,0,0,0,,0,0,0,2,67301,0,,1,1,,,,,0,,0,0,0,3,2,,1716,1,2,0,0,0,1,0,3,4,0,2,3,,N,,,,,,,,,,,
2009086210,1835.0,1,0,0,0,0,0,0,0,0,5,0,,67,8,2009,2,40.0031,-75.1644,1832.0,6,0,0,0,1,0,1,0,0,,0,0,0,18,1,1,0,,0,40 00:11.087,,0,75 09:51.862,8,0,0,0,67301,0,0,0,,0,0,0,3,67301,0,,1,1,,N,N,,0,,0,0,1,0,0,,1822,1,2,0,0,0,1,0,3,4,0,2,3,,N,,,,,,,,,,,
2009086255,1006.0,2,0,0,0,0,0,0,0,0,4,0,,67,8,2009,6,40.0144,-75.153,1004.0,6,0,0,0,0,0,1,0,0,,0,0,0,9,1,3,1,,0,40 00:51.708,,0,75 09:10.931,8,0,0,0,67301,0,0,0,,0,0,0,4,67301,0,,1,1,,,,,0,,0,0,1,3,2,,910,3,3,0,0,0,3,1,3,4,0,3,3,,N,,,,,,,,,,,
2009086262,1543.0,1,0,0,0,0,0,0,0,0,1,0,,67,7,2009,3,40.0584,-75.1422,1545.0,6,0,0,0,0,0,1,0,0,,0,0,0,13,1,1,2,,0,40 03:30.283,,0,75 08:31.847,4,0,0,0,67301,0,0,0,N,0,0,0,2,67301,1,,1,1,,N,N,,0,,0,0,1,0,0,,1330,1,2,0,0,0,0,1,3,4,0,2,3,,N,,,,,,,,,,,
2009065976,617.0,2,0,0,0,0,0,0,0,0,1,0,,67,6,2009,6,39.9446,-75.1913,554.0,6,0,0,0,0,0,0,0,0,,0,0,0,5,5,0,6,,0,39 56:43.369,,2,75 11:25.410,0,0,0,0,67301,0,0,0,N,0,0,0,2,68K01,0,,7,9,,N,N,,0,,0,0,0,3,4,,544,0,2,0,0,0,0,0,3,4,0,2,7,,N,,,,,,,,,,,
2009073817,1352.0,2,0,0,0,0,0,0,0,0,1,0,,67,7,2009,5,39.9498,-75.184,1352.0,6,0,0,0,0,0,1,0,0,1.0,0,0,0,13,1,0,0,,1,39 57:02.012,3.0,0,75 10:59.935,0,0,0,0,67301,0,0,0,N,0,0,0,4,68K01,0,,1,1,,N,N,,1,,0,0,0,0,0,N,1339,0,4,0,0,0,0,0,3,4,1,4,3,,N,,,,,,,,,,,
2009073818,2109.0,1,0,0,0,0,0,0,0,0,7,0,,67,7,2009,7,39.9545,-75.1408,2106.0,6,0,0,0,0,0,0,1,0,,0,0,0,21,3,1,0,,0,39 57:16.560,,0,75 08:26.880,2,0,0,0,67301,0,0,0,N,0,0,0,1,68K01,0,,2,1,,N,N,,0,,0,1,0,0,0,,2100,1,1,0,1,1,0,0,3,4,0,1,3,,N,,,,,,,,,,,
2009073824,2019.0,2,0,0,0,0,0,0,0,0,0,0,,67,7,2009,5,39.9964,-75.0828,2019.0,6,0,0,0,0,0,0,0,0,,0,0,0,20,4,0,0,,0,39 59:46.553,,0,75 04:58.298,0,0,0,0,67301,0,0,0,N,0,0,0,5,68K01,0,,1,1,,N,N,,0,,0,0,0,0,0,,2015,0,2,0,0,0,0,0,3,4,0,2,3,,N,,,,,,,,,,,
2009066010,0.0,0,0,0,0,0,0,1,0,0,1,1,,67,6,2009,6,40.0089,-75.1506,0.0,6,0,0,0,0,0,0,0,0,,0,0,0,21,6,3,0,,0,40 00:32.097,,0,75 09:02.327,3,0,0,0,67301,0,0,0,N,0,0,0,4,00000,0,,1,9,,N,N,,1,,2,0,0,0,0,,2150,3,2,0,0,0,1,0,3,4,0,2,7,,N,,,,,,,,,,,
2009071356,9999.0,1,0,0,0,0,0,0,0,0,8,0,,67,6,2009,4,40.013,-75.0822,9999.0,6,0,0,0,0,0,0,0,0,,0,0,0,99,1,1,1,,0,40 00:46.850,,0,75 04:55.819,3,0,0,0,67301,1,0,0,N,1,0,0,2,67301,0,,1,1,,N,N,,0,,1,0,0,3,3,,9999,1,2,0,0,0,0,0,3,4,0,1,3,,N,,,,,,,,,,,
2010002966,158.0,1,0,0,0,0,0,0,0,0,7,0,,67,11,2009,3,40.0307,-75.2071,155.0,6,0,0,0,0,0,0,0,0,,0,0,0,1,3,0,0,,0,40 01:50.487,,0,75 12:25.707,0,0,0,0,67301,0,0,0,N,0,0,0,1,67301,0,,5,9,,N,N,,0,,0,0,0,0,0,,152,0,1,0,0,0,0,0,3,4,0,1,98,,N,,,,,,,,,,,
2010003094,1211.0,2,0,0,0,0,0,0,0,0,1,0,,67,11,2009,4,40.0222,-75.0632,1209.0,6,0,0,0,0,0,1,0,0,,0,0,0,12,1,1,0,,0,40 01:19.870,,0,75 03:47.662,4,0,0,0,67301,0,0,0,,0,0,0,1,67301,1,,6,1,,N,N,,0,,0,0,0,0,0,,1200,1,2,0,0,1,0,0,3,4,0,2,3,,N,,,,,,,,,,,
2010003199,2050.0,2,0,0,0,0,0,0,0,0,2,0,,67,11,2009,5,40.0629,-75.0219,2048.0,6,0,0,0,1,0,0,0,0,,0,0,0,20,3,1,0,,0,40 03:46.315,,0,75 01:18.710,4,0,0,0,67301,0,0,0,N,0,0,0,3,67301,1,,1,9,,N,N,,0,,0,0,0,0,0,,2047,1,2,0,0,0,0,0,3,4,0,2,7,,N,,,,,,,,,,,
2010006163,408.0,2,0,0,0,0,0,0,0,0,5,0,,67,11,2009,7,39.9586,-75.2143,400.0,6,0,0,0,1,0,0,0,0,4.0,0,0,0,3,3,5,0,,2,39 57:31.070,3.0,0,75 12:51.729,2,0,0,0,67301,0,0,0,N,0,0,0,7,67301,3,,1,1,,N,N,,0,,1,1,1,0,0,N,350,5,3,0,0,0,0,2,3,4,0,3,3,,N,,,,,,,,,,,
2010003508,25.0,1,0,0,0,0,0,0,0,0,4,0,,67,11,2009,6,39.9967,-75.1392,20.0,6,0,0,1,0,0,0,0,0,3.0,0,0,0,23,3,0,1,,2,39 59:48.062,1.0,0,75 08:21.127,0,0,0,0,67301,0,0,0,N,0,0,0,4,67301,0,,1,1,,N,N,,0,,0,0,1,3,3,Y,2320,0,2,0,0,0,0,0,3,4,0,2,3,,N,,,,,,,,,,,
2010003259,2142.0,1,0,0,1,0,0,0,0,0,4,0,,67,11,2009,3,39.9238,-75.2369,2138.0,6,0,0,0,0,0,0,0,0,2.0,0,0,0,21,3,1,1,,2,39 55:25.798,5.0,0,75 14:12.901,8,0,0,0,67301,1,0,0,,0,0,0,2,67301,0,,1,1,,N,N,,0,,0,0,0,3,2,Y,2136,1,2,0,0,0,1,0,3,4,0,1,3,,N,,,,,,,,,,,
2010009007,2235.0,5,0,0,0,0,0,0,0,0,1,0,,67,12,2009,7,39.9719,-75.19,2220.0,6,0,0,0,0,0,1,0,0,,0,0,0,22,3,0,0,,0,39 58:18.481,,0,75 11:23.977,0,0,0,0,67301,0,0,0,,0,0,0,1,67301,0,,2,9,,,,,0,,0,0,0,0,0,,2205,0,5,0,0,0,0,0,3,4,0,5,7,,N,,,,,,,,,,,
2010006395,2003.0,1,0,0,0,0,0,0,0,0,3,0,,67,12,2009,6,39.9998,-75.1257,9999.0,6,0,0,0,0,0,0,0,0,,0,0,0,99,3,1,1,,0,39 59:59.193,,0,75 07:32.671,8,0,0,0,67301,0,0,0,N,0,0,0,4,67301,0,,1,1,,N,N,,0,,0,0,1,0,0,,9999,1,2,0,0,0,1,1,3,4,0,2,3,,N,,,,,,,,,,,
2010038279,1247.0,3,0,0,0,0,0,0,0,0,1,0,,67,10,2009,7,40.0152,-75.1699,1244.0,6,0,0,0,0,0,0,0,0,,0,0,0,12,1,3,1,,0,40 00:54.888,,0,75 10:11.461,4,0,0,0,67301,0,0,0,,0,0,0,4,67301,3,,1,9,,,,,0,,0,0,0,3,2,,1223,3,3,0,0,0,0,0,3,4,0,3,7,,N,,,,,,,,,,,
2010010173,0.0,2,0,0,0,0,0,0,0,0,1,0,,67,8,2009,5,40.0015,-75.1042,0.0,6,0,0,0,0,0,0,0,0,,0,0,0,20,1,2,5,,0,40 00:05.418,,0,75 06:14.947,8,0,0,0,67301,0,0,0,N,0,0,0,5,00000,0,,1,1,,N,N,,0,,0,0,0,3,2,,2030,2,2,0,0,0,2,1,3,4,0,2,3,,N,,,,,,,,,,,
2010010509,0.0,0,0,0,1,0,0,1,0,0,5,1,,67,10,2009,3,39.9518,-75.1839,0.0,6,0,0,0,0,0,0,0,0,,0,0,0,4,6,1,0,,0,39 57:06.043,,0,75 10:58.784,8,0,0,0,67301,1,0,0,,0,0,0,2,00000,0,,1,1,,,,,0,,0,0,0,0,0,,400,1,2,0,0,0,1,1,3,4,0,1,3,,N,,,,,,,,,,,
2010011235,0.0,2,0,0,0,0,0,0,0,0,4,0,,67,6,2009,2,40.0211,-75.1797,0.0,6,0,0,0,0,0,1,0,0,,0,0,0,13,1,3,0,,0,40 01:16.024,,7,75 10:46.848,8,0,0,0,67301,0,0,0,N,0,0,0,5,00000,0,,1,1,,N,N,,0,,0,0,0,0,0,,1350,3,2,0,0,0,3,2,3,4,0,2,3,,N,,,,,,,,,,,
2010017081,1646.0,0,0,0,0,0,0,0,0,0,8,0,,67,12,2009,4,39.9738,-75.1535,1644.0,6,0,0,0,0,0,0,0,0,,0,0,0,11,1,1,1,,0,39 58:25.672,,0,75 09:12.549,4,0,0,0,67301,1,0,0,N,1,0,0,2,67301,1,,2,2,,N,Y,,0,,0,0,0,0,0,,1130,1,2,0,0,0,0,0,3,4,1,1,3,,N,,,,,,,,,,,
2010011447,842.0,0,0,0,0,0,0,0,0,0,8,0,,67,12,2009,6,40.0602,-75.1539,835.0,6,0,0,0,0,0,0,0,0,,0,0,0,7,1,1,0,,0,40 03:36.806,,0,75 09:13.870,4,0,0,0,67301,1,0,0,N,1,0,0,2,67301,1,,6,1,,N,N,,0,,0,0,1,3,2,,712,1,2,0,0,0,0,0,3,4,0,1,3,,N,,,,,,,,,,,
2010011453,1946.0,2,0,0,0,0,0,0,0,0,1,0,,67,12,2009,5,40.0409,-75.1528,1943.0,6,0,0,0,0,0,0,0,0,,0,0,0,19,3,1,0,,0,40 02:27.402,,99,75 09:10.065,3,0,0,0,67301,0,0,0,N,0,0,0,1,67301,0,,1,9,,N,N,,0,,1,0,0,0,0,,1940,1,2,0,0,0,0,0,3,4,0,2,10,,N,,,,,,,,,,,