CRN,ARRIVAL_TM,AUTOMOBILE_COUNT,BELTED_DEATH_COUNT,BELTED_SUSP_SERIOUS_INJ_COUNT,BICYCLE_COUNT,BICYCLE_DEATH_COUNT,BICYCLE_SUSP_SERIOUS_INJ_COUNT,BUS_COUNT,CHLDPAS_DEATH_COUNT,CHLDPAS_SUSP_SERIOUS_INJ_COUNT,COLLISION_TYPE,COMM_VEH_COUNT,CONS_ZONE_SPD_LIM,COUNTY,CRASH_MONTH,CRASH_YEAR,DAY_OF_WEEK,DEC_LAT,DEC_LONG,DISPATCH_TM,DISTRICT,DRIVER_COUNT_16YR,DRIVER_COUNT_17YR,DRIVER_COUNT_18YR,DRIVER_COUNT_19YR,DRIVER_COUNT_20YR,DRIVER_COUNT_50_64YR,DRIVER_COUNT_65_74YR,DRIVER_COUNT_75PLUS,EST_HRS_CLOSED,FATAL_COUNT,HEAVY_TRUCK_COUNT,HORSE_BUGGY_COUNT,HOUR_OF_DAY,ILLUMINATION,INJURY_COUNT,INTERSECT_TYPE,INTERSECTION_RELATED,LANE_CLOSED,LATITUDE,LN_CLOSE_DIR,LOCATION_TYPE,LONGITUDE,MAX_SEVERITY_LEVEL,MCYCLE_DEATH_COUNT,MCYCLE_SUSP_SERIOUS_INJ_COUNT,MOTORCYCLE_COUNT,MUNICIPALITY,NONMOTR_COUNT,NONMOTR_DEATH_COUNT,NONMOTR_SUSP_SERIOUS_INJ_COUNT,NTFY_HIWY_MAINT,PED_COUNT,PED_DEATH_COUNT,PED_SUSP_SERIOUS_INJ_COUNT,PERSON_COUNT,POLICE_AGCY,POSSIBLE_INJ_COUNT,RDWY_SURF_TYPE_CD,RELATION_TO_ROAD,ROAD_CONDITION,ROADWAY_CLEARED,SCH_BUS_IND,SCH_ZONE_IND,SECONDARY_CRASH,SMALL_TRUCK_COUNT,SPEC_JURIS_CD,SUSP_MINOR_INJ_COUNT,SUSP_SERIOUS_INJ_COUNT,SUV_COUNT,TCD_FUNC_CD,TCD_TYPE,TFC_DETOUR_IND,TIME_OF_DAY,TOT_INJ_COUNT,TOTAL_UNITS,UNB_DEATH_COUNT,UNB_SUSP_SERIOUS_INJ_COUNT,UNBELTED_OCC_COUNT,UNK_INJ_DEG_COUNT,UNK_INJ_PER_COUNT,URBAN_AREA,URBAN_RURAL,VAN_COUNT,VEHICLE_COUNT,WEATHER1,WEATHER2,WORK_ZONE_IND,WORK_ZONE_LOC,WORK_ZONE_TYPE,WORKERS_PRES,WZ_CLOSE_DETOUR,WZ_FLAGGER,WZ_LAW_OFFCR_IND,WZ_LN_CLOSURE,WZ_MOVING,WZ_OTHER,WZ_SHLDER_MDN,WZ_WORKERS_INJ_KILLED
2010005361,615.0,2,0,0,1,1,0,0,0,0,4,0,,67,11,2009,1,39.9797,-75.1074,605.0,6,0,0,0,0,0,1,0,0,3.0,1,0,0,6,3,0,0,,1,39 58:48.357,2.0,0,75 06:20.994,1,0,0,0,67301,1,1,0,N,0,0,0,5,68K01,0,2.0,1,1,,N,N,,0,0.0,0,0,1,0,0,N,601,0,4,0,0,0,0,0,3,4,0,3,3,,N,,,,,,,,,,,
2010002890,1257.0,2,0,0,0,0,0,0,0,0,5,0,,67,11,2009,7,39.9524,-75.1889,1250.0,6,0,0,0,0,0,0,0,0,,0,0,0,12,1,0,0,,0,39 57:08.639,,0,75 11:19.388,0,0,0,0,67301,0,0,0,N,0,0,0,5,67301,0,,1,1,,N,N,,0,,0,0,0,0,0,,1200,0,2,0,0,0,0,0,3,4,0,2,3,,N,,,,,,,,,,,
2010002801,500.0,5,0,0,0,0,0,0,0,0,5,0,,67,11,2009,5,40.0415,-75.0132,454.0,6,0,0,0,0,0,1,0,0,,0,0,0,4,3,0,0,,0,40 02:29.461,,0,75 00:47.527,0,0,0,0,67301,0,0,0,N,0,0,0,1,67301,0,,6,9,,N,N,,0,,0,0,0,3,2,,445,0,5,0,0,0,0,0,3,4,0,5,98,,N,,,,,,,,,,,
2010019426,610.0,0,0,0,0,0,0,0,0,0,1,0,,67,12,2009,3,39.9713,-75.1271,606.0,6,0,0,0,0,0,0,0,0,,0,0,0,6,3,2,1,,0,39 58:17.412,,0,75 07:36.645,4,0,0,0,67301,0,0,0,N,0,0,0,2,67301,2,,1,1,,N,N,,0,,0,0,2,3,2,,606,2,2,0,0,0,0,0,3,4,0,2,3,,N,,,,,,,,,,,
2011031192,1614.0,1,0,0,0,0,0,0,0,0,4,0,,67,11,2009,2,40.0543,-75.0716,1612.0,6,0,0,0,0,0,1,0,0,,0,0,0,16,1,3,1,,0,40 03:15.451,,0,75 04:17.588,4,0,0,0,67301,0,0,0,,0,0,0,3,67301,1,,1,1,,,Y,,0,,0,0,0,3,2,,1612,3,2,0,0,0,2,0,3,4,1,2,3,,N,,,,,,,,,,,
2009057251,1652.0,0,0,0,0,0,0,0,0,0,1,0,99.0,67,5,2009,6,40.0168,-75.1744,1646.0,6,0,0,0,0,0,0,0,0,1.0,0,0,0,16,1,1,6,,1,40 01:00.550,3.0,2,75 10:27.642,3,0,0,0,67301,0,0,0,N,0,0,0,2,67301,0,,7,1,,N,N,,1,,1,0,0,3,3,N,1640,1,2,0,0,0,0,0,3,4,1,2,3,,Y,8.0,8.0,U,U,U,U,U,U,U,U,
2009065208,1930.0,1,0,0,0,0,0,0,0,0,7,0,,67,4,2009,2,39.9111,-75.1628,1928.0,6,0,0,0,1,0,0,0,0,,0,0,0,19,4,1,0,,0,39 54:40.052,,0,75 09:45.964,4,0,0,0,67301,0,0,0,,0,0,0,1,67501,1,,3,9,,,,,0,,0,0,0,0,0,,1926,1,1,0,0,0,0,0,3,4,0,1,7,,N,,,,,,,,,,,
2009120782,1345.0,2,0,0,0,0,0,0,0,0,4,0,,67,10,2009,5,39.9213,-75.1618,1336.0,6,0,0,0,0,0,0,0,1,,0,0,0,13,1,1,2,,0,39 55:16.600,,0,75 09:42.307,4,0,0,0,67301,0,0,0,N,0,0,0,2,67301,1,,1,1,,N,N,,0,,0,0,1,0,0,,1335,1,3,0,0,0,0,0,3,4,0,3,3,,N,,,,,,,,,,,
2009118902,1006.0,2,0,0,0,0,0,0,0,0,4,0,,67,10,2009,2,40.0788,-75.2128,939.0,6,0,0,0,0,0,0,1,1,,0,0,0,9,1,1,0,,0,40 04:43.802,,7,75 12:46.184,8,0,0,0,67301,0,0,0,N,0,0,0,2,67301,0,,5,1,,N,N,,0,,0,0,0,0,0,,927,1,2,0,0,0,1,0,3,4,0,2,3,,N,,,,,,,,,,,
2009120839,1118.0,2,0,0,0,0,0,0,0,0,1,0,,67,10,2009,7,40.016,-75.0843,1113.0,6,0,0,0,0,0,0,0,0,,0,0,0,11,1,1,2,,0,40 00:57.689,,0,75 05:03.916,8,0,0,0,67301,0,0,0,N,0,0,0,2,67301,0,,1,1,,N,N,,0,,0,0,0,0,0,,1110,1,2,0,0,0,1,0,3,4,0,2,7,,N,,,,,,,,,,,
2009118983,714.0,1,0,0,0,0,0,0,0,0,1,0,,67,10,2009,1,39.8977,-75.2116,714.0,6,0,0,0,0,0,0,0,0,1.0,0,0,0,7,5,0,0,,2,39 53:51.871,3.0,3,75 12:41.738,0,0,0,0,67301,0,0,0,N,0,0,0,1,67301,0,,1,1,,N,N,,1,,0,0,0,0,0,N,713,0,2,0,0,0,0,0,3,4,0,2,3,,N,,,,,,,,,,,
2009121110,1531.0,1,0,0,0,0,0,0,0,0,7,0,,67,4,2009,3,40.018,-75.1676,1529.0,6,0,0,1,0,0,0,0,0,1.0,0,0,0,15,1,1,0,,2,40 01:04.472,1.0,2,75 09:57.208,4,0,0,0,67301,0,0,0,,0,0,0,1,67301,1,,2,9,,N,N,,0,,0,0,0,0,0,N,1529,1,1,0,0,0,0,0,3,4,0,1,7,,N,,,,,,,,,,,
2009121143,457.0,2,0,0,0,0,0,0,0,0,5,1,,67,10,2009,6,39.889,-75.2397,445.0,6,0,0,0,0,0,1,0,0,,0,1,0,4,3,0,0,,0,39 53:20.399,,3,75 14:22.928,0,0,0,0,67301,0,0,0,N,0,0,0,3,67301,0,,1,9,,N,N,,0,,0,0,0,0,0,,437,0,3,0,0,0,0,0,3,4,0,3,7,,N,,,,,,,,,,,
2009093582,1535.0,1,0,0,0,0,0,0,0,0,8,0,,67,8,2009,2,40.0258,-75.0315,1524.0,6,0,0,0,0,0,1,0,0,,0,0,0,15,1,1,0,,0,40 01:32.795,,0,75 01:53.502,4,0,0,0,67301,1,0,0,N,1,0,0,4,67301,1,,1,1,,N,N,,0,,0,0,0,0,0,,1513,1,2,0,0,0,0,0,3,4,0,1,3,,N,,,,,,,,,,,
2009056941,2140.0,1,0,0,0,0,0,0,0,0,7,0,,67,5,2009,7,40.0189,-75.0726,2139.0,6,0,0,0,0,0,1,0,0,,0,0,0,21,3,0,0,,0,40 01:07.868,,0,75 04:21.243,0,0,0,0,67301,0,0,0,N,0,0,0,1,67301,0,,2,1,,N,N,,0,,0,0,0,0,0,,2127,0,1,0,0,0,0,0,3,4,0,1,3,,N,,,,,,,,,,,
2009056954,2050.0,1,0,0,0,0,0,0,0,0,4,0,,67,5,2009,2,39.9836,-75.1481,2049.0,6,0,0,0,0,1,0,0,0,,0,0,0,20,3,1,1,,0,39 59:01.021,,0,75 08:53.185,8,0,0,0,67301,0,0,0,,0,0,0,2,67301,0,,1,9,,,,,0,,0,0,1,3,2,,2015,1,2,0,0,0,1,0,3,4,0,2,7,,N,,,,,,,,,,,
2009054344,828.0,3,0,0,0,0,0,0,0,0,1,0,,67,5,2009,3,40.052,-75.0999,823.0,6,0,1,0,0,0,1,0,0,,0,0,0,8,1,2,0,,0,40 03:07.304,,0,75 05:59.506,8,0,0,0,67301,0,0,0,N,0,0,0,5,67301,0,,1,9,,N,N,,0,,0,0,0,2,2,,818,2,3,0,0,1,2,0,3,4,0,3,7,,N,,,,,,,,,,,
2009054485,1615.0,3,0,0,0,0,0,0,0,0,1,0,,67,5,2009,2,40.0983,-75.0111,1611.0,6,0,0,0,0,0,0,0,0,1.0,0,0,0,16,1,1,0,,1,40 05:53.924,2.0,0,75 00:39.845,8,0,0,0,67301,0,0,0,N,0,0,0,5,67301,0,,1,9,,N,N,,0,,0,0,0,0,0,N,1611,1,3,0,0,0,1,1,3,4,0,3,7,,N,,,,,,,,,,,
2009091374,1150.0,3,0,0,0,0,0,0,0,0,4,0,,67,8,2009,4,39.967,-75.1333,1141.0,6,0,0,0,0,0,0,1,1,,0,0,0,11,1,1,0,,0,39 58:01.791,,0,75 07:58.849,4,0,0,0,67301,0,0,0,N,0,0,0,9,68K01,1,,1,1,,N,N,,0,,0,0,0,0,0,,1135,1,3,0,0,1,0,1,3,4,0,3,3,,N,,,,,,,,,,,
2009054537,900.0,2,0,0,0,0,0,0,0,0,1,0,,67,4,2009,6,40.0276,-75.1471,900.0,6,0,0,0,0,0,0,0,0,,0,0,0,8,1,1,1,,0,40 01:39.188,,0,75 08:49.702,4,0,0,0,67301,0,0,0,N,0,0,0,2,67301,1,,1,1,,N,N,,0,,0,0,0,3,2,,845,1,2,0,0,0,0,0,3,4,0,2,3,,N,,,,,,,,,,,
2009054710,1728.0,0,0,0,0,0,0,0,0,0,4,0,,67,4,2009,2,40.0507,-74.9864,1722.0,6,0,0,0,0,0,0,0,0,9.0,0,0,0,16,3,0,0,,1,40 03:02.479,2.0,0,74 59:11.379,0,0,0,0,67301,0,0,0,,0,0,0,1,67301,0,,4,9,,N,N,,0,,0,0,2,0,0,N,1650,0,2,0,0,0,0,0,3,4,0,2,7,,N,,,,,,,,,,,
2009068472,1549.0,0,0,0,0,0,0,0,0,0,5,0,,67,6,2009,2,39.9747,-75.1984,1545.0,6,0,0,0,0,0,0,0,0,,0,0,0,15,1,11,2,,0,39 58:28.972,,2,75 11:54.269,4,0,0,0,67301,0,0,0,N,0,0,0,31,67301,7,,1,1,,N,N,,1,,0,0,0,3,2,,1522,11,2,0,0,0,4,16,3,4,0,2,3,,N,,,,,,,,,,,
2009068500,1705.0,2,0,0,0,0,0,0,0,0,4,0,,67,6,2009,2,40.0244,-75.1342,1654.0,6,0,0,0,0,0,0,0,0,,0,0,0,16,1,1,0,,0,40 01:27.884,,0,75 08:03.247,8,0,0,0,67301,0,0,0,N,0,0,0,3,67301,0,,1,1,,,N,,0,,0,0,0,0,0,,1629,1,2,0,0,0,1,0,3,4,0,2,3,,N,,,,,,,,,,,
2009066016,0.0,1,0,0,0,0,0,0,0,0,1,0,,67,2,2009,5,40.0844,-75.0251,0.0,6,0,0,0,0,0,0,1,0,,0,0,0,16,1,1,0,,0,40 05:03.743,,0,75 01:30.357,8,0,0,0,67301,0,0,0,N,0,0,0,2,00000,0,,1,1,,N,N,,0,,0,0,0,0,0,,1645,1,2,0,0,0,1,1,3,4,1,2,98,,N,,,,,,,,,,,
2009071389,405.0,2,0,0,0,0,0,0,0,0,1,0,,67,6,2009,7,40.1292,-75.0249,400.0,6,0,0,0,0,0,0,0,0,1.0,0,0,0,3,3,1,1,,1,40 07:44.974,4.0,0,75 01:30.100,4,0,0,0,67301,0,0,0,N,0,0,0,5,67301,1,,1,1,,N,N,,0,,0,0,0,3,2,N,359,1,2,0,0,0,0,0,3,4,0,2,3,,N,,,,,,,,,,,
2010002950,1420.0,3,0,0,0,0,0,0,0,0,5,0,,67,12,2009,7,40.1003,-75.0222,1415.0,6,0,0,0,0,0,2,0,0,,0,0,0,14,1,1,0,,0,40 06:01.160,,0,75 01:20.010,8,0,0,0,67301,0,0,0,,0,0,0,4,67301,0,,1,9,,,,,0,,0,0,0,3,2,,1410,1,3,0,0,0,1,0,3,4,0,3,10,,N,,,,,,,,,,,
2010003225,920.0,1,0,0,0,0,0,0,0,0,1,0,,67,11,2009,4,39.9465,-75.1415,916.0,6,0,0,0,0,0,1,0,0,1.0,0,0,0,9,1,1,2,,1,39 56:47.427,2.0,0,75 08:30.279,3,0,0,0,67301,0,0,0,,0,0,0,3,67301,0,,1,9,,,,,0,,1,0,0,2,2,N,913,1,2,0,0,0,0,0,3,4,1,2,3,,N,,,,,,,,,,,
2010003255,9999.0,2,0,0,0,0,0,0,0,0,1,0,,67,12,2009,3,39.9643,-75.1465,1400.0,6,0,0,0,0,0,2,0,0,,0,0,0,14,1,1,1,,0,39 57:51.303,,0,75 08:47.245,4,0,0,0,67301,0,0,0,,0,0,0,2,67301,1,,1,1,,,,,0,,0,0,0,3,2,,1400,1,2,0,0,0,0,1,3,4,0,2,3,,N,,,,,,,,,,,
2010003542,320.0,1,0,0,0,0,0,0,0,0,7,0,,67,12,2009,5,40.048,-75.2082,301.0,6,0,0,0,0,0,0,0,0,2.0,0,0,0,2,2,0,0,,1,40 02:52.861,5.0,0,75 12:29.516,0,0,0,0,67301,0,0,0,N,0,0,0,1,67301,0,,1,9,,N,N,,0,,0,0,0,0,0,Y,258,0,1,0,0,0,0,0,3,4,0,1,7,,N,,,,,,,,,,,
2010003550,2003.0,1,0,0,0,0,0,0,0,0,4,0,,67,12,2009,4,40.0641,-75.2396,2001.0,6,0,0,0,0,0,1,1,0,,0,0,0,19,3,2,1,,0,40 03:53.227,,0,75 14:23.084,3,0,0,0,67301,0,0,0,N,0,0,0,3,67301,0,,1,9,,N,N,,0,,2,0,1,3,2,,1957,2,2,0,0,0,0,0,3,4,0,2,7,,N,,,,,,,,,,,
2010006220,1724.0,2,0,0,0,0,0,0,0,0,1,0,,67,12,2009,6,40.0276,-75.0917,1716.0,6,0,0,0,0,0,0,0,0,1.0,0,0,0,17,4,1,0,,1,40 01:39.403,1.0,0,75 05:30.011,4,0,0,0,67301,0,0,0,N,0,0,0,4,67301,1,,1,1,,N,N,,0,,0,0,1,3,2,N,1715,1,3,0,0,0,0,0,3,4,0,3,3,,N,,,,,,,,,,,
2010004867,1305.0,0,0,0,0,0,0,0,0,0,1,1,,67,12,2009,4,40.0009,-75.195,1256.0,6,0,0,0,0,0,0,1,0,,0,1,0,12,1,0,0,,0,40 00:03.917,,0,75 11:42.007,0,0,0,0,67301,0,0,0,N,0,0,0,2,68K01,0,,1,1,,N,N,,0,,0,0,1,0,0,,1255,0,2,0,0,0,0,0,3,4,0,2,3,,N,,,,,,,,,,,
2010010713,0.0,1,0,0,0,0,0,0,0,0,1,0,,67,8,2009,6,40.0742,-75.0166,0.0,6,0,0,0,0,0,1,0,0,,0,0,0,8,1,1,0,,0,40 04:27.045,,0,75 00:59.670,4,0,0,0,67301,0,0,0,N,0,0,0,2,00000,1,,1,9,,N,N,,0,,0,0,1,0,0,,800,1,2,0,0,0,0,1,3,4,0,2,7,,N,,,,,,,,,,,
2010011193,9999.0,3,0,0,0,0,0,0,0,0,4,0,,67,12,2009,6,39.9898,-75.1255,9999.0,6,0,0,0,0,0,1,0,0,,0,0,0,11,1,3,0,,0,39 59:23.245,,0,75 07:31.877,8,0,0,0,67301,1,0,0,N,1,0,0,3,67301,0,,1,1,,N,N,,0,,0,0,0,0,0,,1132,3,5,0,0,0,3,0,3,4,1,4,3,,N,,,,,,,,,,,
2010011437,720.0,1,0,0,0,0,0,0,0,0,1,0,,67,12,2009,5,40.05,-75.0508,715.0,6,0,0,0,0,1,0,0,0,1.0,0,0,0,7,1,1,0,,1,40 02:59.970,1.0,0,75 03:02.810,8,0,0,0,67301,0,0,0,N,0,0,0,2,67301,0,,1,2,,N,N,,0,,0,0,1,0,0,N,715,1,2,0,0,0,1,0,3,4,0,2,10,,N,,,,,,,,,,,
2010006387,1102.0,3,0,0,0,0,0,0,0,0,5,0,,67,12,2009,6,39.9914,-75.2237,1058.0,6,0,0,0,0,0,0,0,0,1.0,0,0,0,10,1,1,0,,1,39 59:28.940,3.0,0,75 13:25.342,8,0,0,0,67301,0,0,0,N,0,0,0,1,67301,0,,6,1,,N,N,,0,,0,0,0,0,0,N,1057,1,3,0,0,1,1,0,3,4,0,3,3,,N,,,,,,,,,,,
2010005527,1742.0,2,0,0,0,0,0,0,0,0,4,0,,67,12,2009,3,39.9865,-75.2051,1740.0,6,0,0,0,0,0,0,0,0,,0,0,0,17,1,2,2,,0,39 59:11.558,,0,75 12:18.363,8,0,0,0,67301,0,0,0,N,0,0,0,2,67301,0,,1,1,,N,N,,0,,0,0,0,3,2,,1739,2,2,0,0,0,2,0,3,4,0,2,3,,N,,,,,,,,,,,
2010003083,1706.0,1,0,0,0,0,0,0,0,0,5,0,,67,11,2009,4,39.9757,-75.242,1703.0,6,0,0,0,0,0,0,0,0,1.0,0,0,0,17,3,1,0,,1,39 58:32.653,4.0,0,75 14:31.023,8,0,0,0,67301,0,0,0,,0,0,0,2,67301,0,,2,1,,,,,0,,0,0,0,3,2,Y,1702,1,2,0,0,0,1,0,3,4,0,2,3,,N,,,,,,,,,,,
2010005602,1848.0,0,0,0,0,0,0,0,0,0,8,0,,67,12,2009,5,40.0141,-75.1404,1843.0,6,0,0,0,0,0,0,0,0,,0,0,0,16,1,1,1,,0,40 00:50.713,,0,75 08:25.529,3,0,0,1,67301,1,0,0,N,1,0,0,2,67301,0,,1,1,,N,N,,0,,1,0,0,3,1,,1630,1,2,0,0,0,0,0,3,4,0,1,3,,N,,,,,,,,,,,
2010005617,800.0,2,0,0,0,0,0,0,0,0,4,0,,67,12,2009,6,40.0637,-75.1675,750.0,6,0,0,0,0,0,1,0,0,,0,0,0,7,1,3,1,,0,40 03:49.402,,0,75 10:02.823,3,0,0,0,67301,0,0,0,N,0,0,0,5,67301,2,,1,1,,N,N,,0,,1,0,0,3,3,,740,3,2,0,0,0,0,0,3,4,0,2,3,,N,,,,,,,,,,,
2010019420,1003.0,1,0,0,0,0,0,0,0,0,8,0,,67,12,2009,5,40.0739,-75.0775,1002.0,6,0,0,0,0,0,0,0,1,9.0,0,0,0,10,1,1,0,,1,40 04:25.960,3.0,0,75 04:39.091,3,0,0,0,67301,1,0,0,,1,0,0,2,67301,0,,1,1,,,,,0,,1,0,0,3,2,N,1000,1,2,0,0,0,0,0,3,4,0,1,3,,N,,,,,,,,,,,
2009106193,1355.0,0,0,0,0,0,0,1,0,0,5,1,,67,9,2009,1,39.9374,-75.163,1352.0,6,0,0,0,0,0,1,0,0,,0,0,0,13,1,1,1,,0,39 56:14.629,,0,75 09:46.969,4,0,0,0,67301,0,0,0,N,0,0,0,2,67301,1,,1,1,,N,N,,0,,0,0,0,0,0,,1349,1,2,0,0,0,0,0,3,4,1,2,3,,N,,,,,,,,,,,
2009120857,1731.0,3,0,0,0,0,0,0,0,0,1,0,,67,10,2009,6,40.0166,-75.1348,1726.0,6,0,0,0,0,0,0,0,0,2.0,0,0,0,17,1,1,0,,1,40 00:59.924,1.0,0,75 08:05.328,8,0,0,0,67301,0,0,0,N,0,0,0,1,67301,0,,1,1,,N,N,,0,,0,0,0,3,2,N,1719,1,3,0,0,0,1,0,3,4,0,3,3,,N,,,,,,,,,,,
2009120872,512.0,1,0,0,0,0,0,0,0,0,8,0,,67,10,2009,7,39.9236,-75.1781,509.0,6,0,0,0,0,0,0,0,0,1.0,0,0,0,5,1,1,0,,2,39 55:24.900,2.0,0,75 10:41.122,4,0,0,0,67301,1,0,0,N,1,0,0,2,67301,1,,1,9,,N,N,,0,,0,0,0,0,0,Y,507,1,2,0,0,0,0,0,3,4,0,1,7,,N,,,,,,,,,,,
2009120884,735.0,0,0,0,0,0,0,0,0,0,8,0,,67,10,2009,7,40.0364,-75.1305,715.0,6,0,0,0,0,0,0,0,0,,0,0,0,99,3,1,1,,0,40 02:11.165,,0,75 07:49.937,8,0,0,0,67301,1,0,0,N,1,0,0,2,67301,0,,5,9,,N,N,,0,,0,0,0,3,2,,9999,1,2,0,0,0,1,1,3,4,0,1,7,,N,,,,,,,,,,,
2009121107,56.0,1,0,0,0,0,0,0,0,0,7,0,,67,10,2009,7,39.9557,-75.1963,55.0,6,0,0,0,0,0,0,0,0,,0,0,0,0,3,0,2,,0,39 57:20.376,,0,75 11:46.733,0,0,0,0,67301,0,0,0,N,0,0,0,1,67301,0,,4,9,,N,N,,0,,0,0,0,0,0,,54,0,1,0,0,0,0,0,3,4,0,1,7,,N,,,,,,,,,,,
2009093551,1415.0,2,0,0,0,0,0,0,0,0,4,0,,67,8,2009,5,39.9675,-75.2313,1413.0,6,0,0,0,0,0,2,0,0,,0,0,0,14,1,2,2,,0,39 58:03.086,,0,75 13:52.748,4,0,0,0,67301,0,0,0,N,0,0,0,2,67301,2,,1,9,,N,N,,0,,0,0,0,0,0,,1410,2,2,0,0,0,0,0,3,4,0,2,7,,N,,,,,,,,,,,
2009054223,1815.0,0,0,0,0,0,0,0,0,0,8,0,,67,5,2009,6,39.9147,-75.1587,1800.0,6,0,0,0,0,0,0,0,0,,0,0,0,6,1,1,0,,0,39 54:52.887,,0,75 09:31.471,8,0,0,0,67301,1,0,0,,1,0,0,2,67301,0,,6,9,,,,,0,,0,0,1,0,0,,600,1,2,0,0,0,1,0,3,4,0,1,3,,N,,,,,,,,,,,
2009054298,1811.0,1,0,0,1,0,0,0,0,0,4,0,,67,4,2009,5,39.9221,-75.1554,1805.0,6,0,0,0,0,0,0,0,0,,0,0,0,18,1,1,0,,0,39 55:19.390,,0,75 09:19.303,4,0,0,0,67301,1,0,0,N,0,0,0,2,67301,1,,1,1,,N,N,,0,,0,0,0,0,0,,1803,1,2,0,0,0,0,0,3,4,0,1,3,,N,,,,,,,,,,,
2009056979,304.0,1,0,0,0,0,0,0,0,0,7,0,,67,4,2009,7,39.9777,-75.2264,303.0,6,0,0,0,0,0,0,0,0,3.0,0,0,0,3,3,5,2,,2,39 58:39.691,1.0,1,75 13:35.033,2,0,0,0,67301,0,0,0,N,0,0,0,5,67301,0,,1,1,,N,N,,0,,0,5,0,3,3,Y,301,5,1,0,0,0,0,0,3,4,0,1,3,,N,,,,,,,,,,,
2009054467,859.0,1,0,0,0,0,0,0,0,0,4,0,,67,4,2009,5,40.0543,-75.0859,848.0,6,0,0,0,0,0,0,0,0,,0,0,0,7,1,1,2,,0,40 03:15.655,,0,75 05:09.259,4,0,0,0,67301,0,0,0,N,0,0,0,5,67301,1,,1,1,,N,N,,0,,0,0,1,3,3,,730,1,2,0,0,0,0,4,3,4,0,2,3,,N,,,,,,,,,,,
2009093663,1415.0,1,0,0,0,0,0,0,0,0,4,0,,67,8,2009,7,40.0332,-75.0833,1400.0,6,0,0,0,0,0,2,0,0,,0,0,0,13,1,1,1,,0,40 01:59.616,,0,75 05:00.016,4,0,0,0,67301,0,0,0,,0,0,0,3,67301,1,,1,1,,,,,1,,0,0,0,3,3,,1340,1,2,0,0,1,0,0,3,4,0,2,3,,N,,,,,,,,,,,
2009054470,1757.0,3,0,0,0,0,0,0,0,0,1,0,,67,4,2009,4,39.9854,-75.1362,1754.0,6,0,0,0,0,1,1,0,0,,0,0,0,17,1,3,0,,0,39 59:07.464,,0,75 08:10.160,4,0,0,0,67301,0,0,0,N,0,0,0,3,67301,2,,1,9,,N,N,,0,,0,0,0,0,0,,1754,3,3,0,0,0,1,0,3,4,0,3,7,,N,,,,,,,,,,,
2009054494,1604.0,1,0,0,0,0,0,0,0,0,1,0,,67,5,2009,1,40.0329,-75.0722,1519.0,6,0,0,0,0,0,1,0,0,,0,0,0,99,1,1,0,,0,40 01:58.364,,0,75 04:20.050,4,0,0,0,67301,0,0,0,N,0,0,0,3,67301,1,,1,9,,N,N,,0,,0,0,0,9,2,,9999,1,2,0,0,0,0,0,3,4,1,2,7,,N,,,,,,,,,,,
2009054554,310.0,2,0,0,0,0,0,0,0,0,5,0,,67,4,2009,1,39.9298,-75.1823,307.0,6,0,0,0,0,0,1,0,0,,0,0,0,2,3,0,0,,0,39 55:47.312,,0,75 10:56.298,9,0,0,0,67301,0,0,0,,0,0,0,1,67301,0,,6,1,,,,,1,,0,0,0,0,0,,230,0,3,0,0,0,0,1,3,4,0,3,3,,N,,,,,,,,,,,
2009094097,2300.0,0,0,0,0,0,0,0,0,0,8,0,,67,8,2009,6,40.0079,-75.1405,2300.0,6,0,0,0,0,0,0,0,0,,0,0,0,99,3,1,5,,0,40 00:28.375,,0,75 08:25.661,3,0,0,0,67301,1,0,0,N,1,0,0,2,67301,0,,1,1,,N,N,,0,,1,0,0,3,2,,9999,1,2,0,0,0,0,0,3,4,0,1,3,,N,,,,,,,,,,,
2009083569,1821.0,1,0,0,0,0,0,0,0,0,1,0,,67,7,2009,5,40.0003,-75.1031,1821.0,6,0,0,0,0,0,0,0,0,,0,0,0,18,1,1,0,,0,40 00:01.202,,0,75 06:11.304,8,0,0,0,67301,1,0,0,N,1,0,0,3,67301,0,,1,1,,N,N,,0,,0,0,0,0,0,,1800,1,3,0,0,0,1,0,3,4,1,2,3,,N,,,,,,,,,,,
2009086280,2310.0,1,0,0,0,0,0,0,0,0,7,0,,67,8,2009,7,39.959,-75.1719,2305.0,6,0,0,0,0,0,0,0,0,,0,0,0,23,3,1,5,,0,39 57:32.907,,0,75 10:19.580,8,0,0,0,67301,0,0,0,,0,0,0,1,67301,0,,3,1,,N,N,,0,,0,0,0,3,2,,2300,1,1,0,0,0,1,0,3,4,0,1,3,,N,,,,,,,,,,,
2009083635,1945.0,2,0,0,0,0,0,0,0,0,5,0,,67,7,2009,5,39.9626,-75.2327,1933.0,6,0,0,0,0,0,0,0,0,,0,0,0,19,1,1,0,,0,39 57:45.197,,0,75 13:57.562,4,0,0,0,67301,4,0,0,N,0,0,0,5,07301,1,,6,1,,N,N,,0,,0,0,0,3,3,,1914,1,2,0,0,0,0,1,3,4,0,2,99,,N,,,,,,,,,,,