CRN,ARRIVAL_TM,AUTOMOBILE_COUNT,BELTED_DEATH_COUNT,BELTED_SUSP_SERIOUS_INJ_COUNT,BICYCLE_COUNT,BICYCLE_DEATH_COUNT,BICYCLE_SUSP_SERIOUS_INJ_COUNT,BUS_COUNT,CHLDPAS_DEATH_COUNT,CHLDPAS_SUSP_SERIOUS_INJ_COUNT,COLLISION_TYPE,COMM_VEH_COUNT,CONS_ZONE_SPD_LIM,COUNTY,CRASH_MONTH,CRASH_YEAR,DAY_OF_WEEK,DEC_LAT,DEC_LONG,DISPATCH_TM,DISTRICT,DRIVER_COUNT_16YR,DRIVER_COUNT_17YR,DRIVER_COUNT_18YR,DRIVER_COUNT_19YR,DRIVER_COUNT_20YR,DRIVER_COUNT_50_64YR,DRIVER_COUNT_65_74YR,DRIVER_COUNT_75PLUS,EST_HRS_CLOSED,FATAL_COUNT,HEAVY_TRUCK_COUNT,HORSE_BUGGY_COUNT,HOUR_OF_DAY,ILLUMINATION,INJURY_COUNT,INTERSECT_TYPE,INTERSECTION_RELATED,LANE_CLOSED,LATITUDE,LN_CLOSE_DIR,LOCATION_TYPE,LONGITUDE,MAX_SEVERITY_LEVEL,MCYCLE_DEATH_COUNT,MCYCLE_SUSP_SERIOUS_INJ_COUNT,MOTORCYCLE_COUNT,MUNICIPALITY,NONMOTR_COUNT,NONMOTR_DEATH_COUNT,NONMOTR_SUSP_SERIOUS_INJ_COUNT,NTFY_HIWY_MAINT,PED_COUNT,PED_DEATH_COUNT,PED_SUSP_SERIOUS_INJ_COUNT,PERSON_COUNT,POLICE_AGCY,POSSIBLE_INJ_COUNT,RDWY_SURF_TYPE_CD,RELATION_TO_ROAD,ROAD_CONDITION,ROADWAY_CLEARED,SCH_BUS_IND,SCH_ZONE_IND,SECONDARY_CRASH,SMALL_TRUCK_COUNT,SPEC_JURIS_CD,SUSP_MINOR_INJ_COUNT,SUSP_SERIOUS_INJ_COUNT,SUV_COUNT,TCD_FUNC_CD,TCD_TYPE,TFC_DETOUR_IND,TIME_OF_DAY,TOT_INJ_COUNT,TOTAL_UNITS,UNB_DEATH_COUNT,UNB_SUSP_SERIOUS_INJ_COUNT,UNBELTED_OCC_COUNT,UNK_INJ_DEG_COUNT,UNK_INJ_PER_COUNT,URBAN_AREA,URBAN_RURAL,VAN_COUNT,VEHICLE_COUNT,WEATHER1,WEATHER2,WORK_ZONE_IND,WORK_ZONE_LOC,WORK_ZONE_TYPE,WORKERS_PRES,WZ_CLOSE_DETOUR,WZ_FLAGGER,WZ_LAW_OFFCR_IND,WZ_LN_CLOSURE,WZ_MOVING,WZ_OTHER,WZ_SHLDER_MDN,WZ_WORKERS_INJ_KILLED
2010003214,1342.0,1,0,0,0,0,0,0,0,0,7,0,,67,11,2009,2,40.0071,-75.094,1334.0,6,0,0,0,0,0,0,0,0,,0,0,0,13,1,1,1,,0,40 00:25.549,,0,75 05:38.543,3,0,0,0,67301,0,0,0,,0,0,0,1,67301,0,,3,9,,N,N,,0,,1,0,0,3,2,,1307,1,1,0,0,0,0,0,3,4,0,1,7,,N,,,,,,,,,,,
2010003231,1013.0,1,0,0,0,0,0,0,0,0,4,0,,67,12,2009,7,40.0143,-75.178,1010.0,6,0,0,0,0,0,0,0,0,1.0,0,0,0,10,1,1,0,,1,40 00:51.418,6.0,0,75 10:40.926,3,0,0,0,67301,0,0,0,N,0,0,0,3,67301,0,,1,9,,N,N,,0,,1,0,1,0,0,Y,1006,1,2,0,0,0,0,1,3,4,0,2,7,,N,,,,,,,,,,,
2010006292,444.0,2,0,0,0,0,0,0,0,0,5,0,,67,12,2009,7,40.0226,-75.1322,442.0,6,0,0,0,0,0,0,0,0,,0,0,0,4,3,3,0,,0,40 01:21.190,,0,75 07:56.053,4,0,0,0,67301,0,0,0,,0,0,0,3,67301,3,,1,1,,,,,1,,0,0,0,0,0,,440,3,3,0,0,0,0,0,3,4,0,3,3,,N,,,,,,,,,,,
2010010532,1445.0,0,0,0,0,0,0,0,0,0,8,0,,67,12,2009,7,40.0368,-75.138,1445.0,6,0,0,0,0,0,0,0,0,,0,0,0,14,1,1,0,,0,40 02:12.300,,0,75 08:16.975,8,0,0,0,67301,1,0,0,,1,0,0,2,00000,0,,1,7,,,,,0,,0,0,0,0,0,,1445,1,2,0,0,0,1,0,3,4,0,1,10,,N,,,,,,,,,,,
2010011198,1630.0,1,0,0,0,0,0,0,0,0,2,0,,67,12,2009,5,40.0696,-75.1797,1620.0,6,0,0,0,0,0,0,0,0,,0,0,0,16,1,0,2,,0,40 04:10.588,,0,75 10:46.999,0,0,0,0,67301,0,0,0,,0,0,0,2,67301,0,,1,9,,N,N,,0,,0,0,1,3,3,,1618,0,2,0,0,0,0,0,3,4,0,2,10,,N,,,,,,,,,,,
2010017143,2016.0,3,0,0,0,0,0,0,0,0,6,0,,67,12,2009,5,39.9556,-75.1728,2013.0,6,0,0,0,0,0,1,0,0,3.0,0,0,0,20,3,2,1,,2,39 57:20.167,7.0,0,75 10:21.953,8,0,0,0,67301,0,0,0,N,0,0,0,8,67301,0,,1,1,,N,N,,0,,0,0,0,3,2,Y,2012,2,3,0,0,0,2,0,3,4,0,3,3,,N,,,,,,,,,,,
2010005500,1005.0,1,0,0,0,0,0,0,0,0,4,0,,67,12,2009,6,40.0946,-75.0152,1001.0,6,0,0,0,0,0,1,0,0,2.0,0,0,0,10,1,1,1,,2,40 05:40.718,2.0,0,75 00:54.707,4,0,0,0,67301,0,0,0,N,0,0,0,8,67301,1,,1,1,,N,N,,0,,0,0,0,3,2,N,1000,1,2,0,0,0,0,0,3,4,1,2,3,,N,,,,,,,,,,,
2010005574,1548.0,0,0,0,0,0,0,0,0,0,8,0,,67,12,2009,2,39.956,-75.1762,1546.0,6,0,0,0,0,0,0,0,0,,0,0,0,5,5,1,1,,0,39 57:21.690,,0,75 10:34.388,8,0,0,0,67301,1,0,0,N,1,0,0,2,67301,0,,9,1,,N,N,,0,,0,0,1,9,2,,500,1,2,0,0,0,1,1,3,4,0,1,3,,N,,,,,,,,,,,
2010005613,1936.0,3,0,0,0,0,0,0,0,0,5,0,,67,12,2009,3,40.0031,-75.1773,1933.0,6,0,0,0,0,0,1,0,0,,0,0,0,19,2,1,1,,0,40 00:11.177,,0,75 10:38.108,4,0,0,0,67301,0,0,0,,0,0,0,2,67301,1,,1,1,,N,N,,0,,0,0,0,3,2,,1930,1,3,0,0,0,0,0,3,4,0,3,3,,N,,,,,,,,,,,
2010005626,902.0,2,0,0,0,0,0,0,0,0,1,0,,67,12,2009,3,40.0667,-75.0928,900.0,6,0,0,0,0,0,0,0,0,,0,0,0,8,1,1,0,,0,40 04:00.192,,0,75 05:34.029,4,0,0,0,67301,0,0,0,N,0,0,0,2,67301,1,,1,1,,N,N,,0,,0,0,0,0,0,,845,1,2,0,0,0,0,1,3,4,0,2,98,,N,,,,,,,,,,,
2010002777,906.0,0,0,0,0,0,0,0,0,0,8,0,,67,12,2009,6,39.9235,-75.1808,908.0,6,0,0,0,0,0,0,0,0,,0,0,0,9,1,1,1,,0,39 55:25.750,,0,75 10:43.903,4,0,0,0,67301,1,0,0,,1,0,0,2,67301,1,,2,1,,,,,0,,0,0,0,0,0,,905,1,2,0,0,0,0,0,3,4,1,1,3,,N,,,,,,,,,,,
2010019405,2.0,0,0,0,0,0,0,0,0,0,7,0,,67,12,2009,2,39.9759,-75.12,2.0,6,0,0,0,0,0,0,0,0,,0,0,0,99,3,1,0,,0,39 58:32.422,,0,75 07:14.009,3,0,0,1,67301,0,0,0,N,0,0,0,1,67301,0,,3,1,,N,N,,0,,1,0,0,0,0,,9999,1,1,0,0,0,0,0,3,4,0,1,3,,N,,,,,,,,,,,
2009067489,1406.0,1,0,0,0,0,0,1,0,0,1,1,,67,6,2009,2,39.9536,-75.1632,1404.0,6,0,0,0,0,0,1,0,0,,0,0,0,14,1,3,0,,0,39 57:12.968,,0,75 09:47.664,8,0,0,0,67301,0,0,0,N,0,0,0,5,67301,0,,1,1,,N,N,,0,,0,0,0,0,0,,1400,3,2,0,0,1,3,0,3,4,0,2,3,,N,,,,,,,,,,,
2009067541,1310.0,1,0,0,0,0,0,0,0,0,8,0,,67,6,2009,5,40.0205,-75.1924,1310.0,6,0,0,0,0,0,1,0,0,,0,0,0,13,1,1,1,,0,40 01:13.580,,0,75 11:32.806,8,0,0,0,67301,1,0,0,N,1,0,0,2,67301,0,,1,9,,N,Y,,0,,0,0,0,3,2,,1305,1,2,0,0,0,1,0,3,4,0,1,7,,N,,,,,,,,,,,
2009067554,941.0,1,0,0,0,0,0,0,0,0,8,0,,67,6,2009,4,39.9424,-75.1474,940.0,6,0,0,0,0,0,0,0,1,,0,0,0,9,1,1,1,,0,39 56:32.755,,0,75 08:50.560,4,0,0,0,67301,1,0,0,,1,0,0,3,67301,1,,1,1,,,,,0,,0,0,0,3,2,,938,1,2,0,0,0,0,0,3,4,0,1,3,,N,,,,,,,,,,,
2009064900,622.0,2,0,0,0,0,0,0,0,0,2,0,,67,5,2009,4,40.0707,-75.2412,620.0,6,0,1,0,0,0,0,0,0,,0,0,0,6,1,1,1,,0,40 04:15.276,,0,75 14:28.627,4,0,0,0,67301,0,0,0,N,0,0,0,2,67301,1,,1,1,,N,N,,0,,0,0,0,3,2,,620,1,2,0,0,0,0,0,3,4,0,2,3,,N,,,,,,,,,,,
2009057235,932.0,3,0,0,0,0,0,0,0,0,4,0,,67,4,2009,2,40.0379,-75.1302,931.0,6,0,0,0,0,0,1,0,0,9.0,0,0,0,9,1,6,1,,2,40 02:16.612,7.0,0,75 07:48.705,4,0,0,0,67301,1,0,0,N,1,0,0,6,67301,5,,1,9,,N,N,,0,,0,0,0,3,2,Y,930,6,4,0,0,0,1,0,3,4,0,3,7,,N,,,,,,,,,,,
2009057315,326.0,0,0,0,0,0,0,0,0,0,7,0,,67,5,2009,3,40.0276,-75.1919,321.0,6,0,0,0,0,0,0,0,0,3.0,0,0,0,3,3,0,0,,2,40 01:39.344,5.0,0,75 11:30.942,0,0,0,0,67301,0,0,0,N,0,0,0,1,67301,0,,2,9,,N,N,,0,,0,0,1,0,0,Y,319,0,1,0,0,0,0,0,3,4,0,1,7,,N,,,,,,,,,,,
2009111128,330.0,1,0,0,0,0,0,0,0,0,7,0,,67,10,2009,3,40.0577,-75.029,325.0,6,0,0,0,0,0,0,0,0,,0,0,0,3,3,0,2,,0,40 03:27.637,,0,75 01:44.507,0,0,0,0,67301,0,0,0,N,0,0,0,1,67301,0,,5,1,,N,N,,0,,0,0,0,0,0,,300,0,1,0,0,0,0,0,3,4,0,1,3,,N,,,,,,,,,,,
2009120829,1544.0,2,0,0,0,0,0,0,0,0,1,0,,67,11,2009,4,39.9283,-75.177,1544.0,6,0,0,0,0,0,0,0,0,,0,0,0,15,1,1,1,,0,39 55:41.811,,0,75 10:37.192,4,0,0,0,67301,0,0,0,N,0,0,0,3,67301,1,,1,1,,N,N,,0,,0,0,0,3,3,,1530,1,2,0,0,0,0,0,3,4,0,2,99,,N,,,,,,,,,,,
2009093638,2153.0,2,0,0,0,0,0,0,0,0,4,0,,67,8,2009,1,40.045,-75.1235,2152.0,6,0,1,0,0,0,1,0,0,1.0,0,0,0,21,3,1,1,,1,40 02:41.967,3.0,0,75 07:24.668,8,0,0,0,67301,0,0,0,N,0,0,0,3,67301,0,,1,1,,N,N,,0,,0,0,0,3,2,N,2115,1,2,0,0,0,1,0,3,4,0,2,3,,N,,,,,,,,,,,
2009056936,1523.0,0,0,0,0,0,0,0,0,0,5,0,,67,5,2009,7,39.9762,-75.1957,1522.0,6,0,0,0,0,1,0,0,0,2.0,0,0,0,15,1,0,0,,2,39 58:34.334,5.0,0,75 11:44.509,0,0,0,0,67301,0,0,0,N,0,0,0,2,67301,0,,1,1,,N,N,,0,,0,0,2,0,0,Y,1521,0,2,0,0,0,0,0,3,4,0,2,3,,N,,,,,,,,,,,
2009054450,928.0,1,0,0,0,0,0,0,0,0,8,0,,67,4,2009,2,39.9673,-75.1737,927.0,6,0,0,0,0,0,0,0,0,,0,0,0,9,1,1,1,,0,39 58:02.330,,0,75 10:25.294,4,0,0,0,67301,1,0,0,N,1,0,0,2,67301,1,,1,1,,N,N,,0,,0,0,0,3,2,,923,1,2,0,0,0,0,0,3,4,0,1,3,,N,,,,,,,,,,,
2009059546,1936.0,2,0,0,0,0,0,0,0,0,2,0,,67,5,2009,4,39.9973,-75.0894,1934.0,6,0,0,0,0,0,0,0,0,,0,0,0,19,4,0,1,,0,39 59:50.247,,0,75 05:21.971,0,0,0,0,67301,0,0,0,N,0,0,0,2,67301,0,,1,1,,N,N,,0,,0,0,0,3,2,,1920,0,2,0,0,0,0,0,3,4,0,2,3,,N,,,,,,,,,,,
2009054483,1410.0,2,0,0,0,0,0,0,0,0,1,0,,67,4,2009,3,40.0296,-75.1041,1357.0,6,0,0,0,0,0,0,0,0,1.0,0,0,0,13,1,1,1,,1,40 01:46.315,1.0,0,75 06:15.383,4,0,0,0,67301,0,0,0,N,0,0,0,8,67301,1,,1,1,,N,N,,1,,0,0,0,2,2,N,1355,1,3,0,0,0,0,0,3,4,0,3,3,,N,,,,,,,,,,,
2009054528,1235.0,0,0,0,1,0,0,0,0,0,4,0,,67,4,2009,4,39.9927,-75.1451,1230.0,6,0,0,0,0,0,0,0,0,,0,0,0,12,1,1,2,,0,39 59:33.987,,0,75 08:42.421,4,0,0,0,67301,1,0,0,,0,0,0,2,67301,1,,1,9,,,,,1,,0,0,0,0,0,,1230,1,2,0,0,0,0,0,3,4,0,1,7,,N,,,,,,,,,,,
2009091421,2145.0,2,0,0,0,0,0,0,0,0,1,0,,67,7,2009,1,39.9366,-75.1804,2140.0,6,0,0,0,0,0,1,0,0,,0,0,0,21,3,3,1,,0,39 56:11.583,,0,75 10:49.565,4,0,0,0,67301,0,0,0,,0,0,0,4,67301,3,,1,9,,N,N,,0,,0,0,0,3,3,,2135,3,2,0,0,0,0,0,3,4,0,2,7,,N,,,,,,,,,,,
2009094098,2052.0,3,0,0,0,0,0,0,0,0,4,0,,67,8,2009,3,40.0481,-75.1509,2051.0,6,0,0,1,0,0,0,0,1,,0,0,0,99,3,3,1,,0,40 02:53.203,,0,75 09:03.247,4,0,0,0,67301,0,0,0,N,0,0,0,7,67301,1,,1,9,,N,N,,0,,0,0,0,3,2,,9999,3,3,0,0,0,2,0,3,4,0,3,7,,N,,,,,,,,,,,
2009086235,1607.0,2,0,0,0,0,0,0,0,0,1,0,,67,8,2009,2,40.0552,-75.0538,1602.0,6,0,0,0,0,0,0,0,0,,0,0,0,15,1,2,0,,0,40 03:18.729,,0,75 03:13.808,4,0,0,0,67301,0,0,0,N,0,0,0,5,67301,2,,1,1,,N,N,,0,,0,0,0,0,0,,1545,2,2,0,0,0,0,0,3,4,0,2,3,,N,,,,,,,,,,,
2009086246,1105.0,0,0,0,0,0,0,0,0,0,2,0,,67,7,2009,3,39.9429,-75.1515,1055.0,6,0,0,0,0,0,0,0,0,,0,0,0,10,1,1,0,,0,39 56:34.497,,0,75 09:05.230,8,0,0,0,67301,0,0,0,,0,0,0,1,67301,0,,6,1,,,,,2,,0,0,0,0,0,,1050,1,2,0,0,0,1,0,3,4,0,2,3,,N,,,,,,,,,,,
2009086251,820.0,2,0,0,0,0,0,0,0,0,4,0,,67,8,2009,2,40.0159,-75.1538,818.0,6,0,0,0,0,0,0,0,0,,0,0,0,99,1,1,1,,0,40 00:57.144,,0,75 09:13.828,8,0,0,0,67301,0,0,0,N,0,0,0,3,67301,0,,1,1,,N,N,,0,,0,0,0,3,2,,9999,1,2,0,0,0,1,0,3,4,0,2,3,,N,,,,,,,,,,,
2009068482,830.0,1,0,0,0,0,0,0,0,0,7,0,,67,5,2009,6,39.9803,-75.2277,825.0,6,0,0,0,0,0,1,0,0,,0,0,0,7,1,2,0,,0,39 58:49.034,,0,75 13:39.590,4,0,0,0,67301,0,0,0,N,0,0,0,2,67301,2,,5,9,,N,N,,0,,0,0,0,0,0,,700,2,1,0,0,0,0,0,3,4,0,1,7,,N,,,,,,,,,,,
2009068536,822.0,1,0,0,0,0,0,0,0,0,4,0,,67,6,2009,2,40.0763,-75.1766,822.0,6,0,0,0,0,0,0,1,0,,0,0,0,8,1,2,0,,0,40 04:34.547,,0,75 10:35.784,4,0,0,0,67301,0,0,0,N,0,0,0,4,67301,2,,4,1,,N,N,,1,,0,0,0,3,2,,820,2,2,0,0,0,0,0,3,4,0,2,3,,N,,,,,,,,,,,
2009066104,9999.0,0,0,0,0,0,0,1,0,0,5,1,,67,3,2009,2,39.9813,-75.1612,9999.0,6,0,0,0,0,0,0,0,0,,0,0,0,15,1,0,0,,0,39 58:52.500,,0,75 09:40.300,9,0,0,0,67301,0,0,0,N,0,0,0,1,00000,0,,6,1,,Y,N,,0,,0,0,1,0,0,,1530,0,2,0,0,0,0,1,3,4,0,2,3,,N,,,,,,,,,,,
2009071312,925.0,1,0,0,0,0,0,0,0,0,1,0,,67,7,2009,6,39.9802,-75.1054,917.0,6,0,0,0,0,0,0,0,0,1.0,0,0,0,9,1,1,0,,2,39 58:51.520,2.0,0,75 06:12.840,3,0,0,0,67301,0,0,0,N,0,0,0,2,68K01,0,,1,1,,N,N,,0,,1,0,1,0,0,N,914,1,2,0,0,0,0,0,3,4,0,2,3,,N,,,,,,,,,,,
2010003157,1910.0,0,0,0,0,0,0,0,0,0,8,0,,67,12,2009,3,39.911,-75.1656,1901.0,6,0,0,0,0,0,0,0,0,,0,0,0,18,3,1,0,,0,39 54:39.725,,0,75 09:56.096,4,0,0,0,67301,1,0,0,N,1,0,0,2,67301,1,,1,1,,N,N,,0,,0,0,1,0,0,,1845,1,2,0,0,0,0,0,3,4,0,1,3,,N,,,,,,,,,,,
2010006168,1221.0,1,0,0,0,0,0,0,0,0,1,0,,67,11,2009,2,39.9923,-75.1416,1219.0,6,0,0,0,0,0,1,0,0,2.0,0,0,0,12,1,2,0,,1,39 59:32.339,4.0,0,75 08:29.751,4,0,0,0,67301,0,0,0,N,0,0,0,4,67301,2,,1,1,,N,N,,1,,0,0,0,0,0,N,1218,2,2,0,0,0,0,0,3,4,0,2,3,,N,,,,,,,,,,,
2010003088,1715.0,2,0,0,0,0,0,0,0,0,1,0,,67,12,2009,3,40.1032,-75.0369,1703.0,6,0,0,0,0,0,1,0,0,2.0,0,0,0,16,4,1,2,,1,40 06:11.588,2.0,0,75 02:12.942,4,0,0,0,67301,0,0,0,N,0,0,0,3,67301,1,,1,1,,N,N,,0,,0,0,0,0,0,N,1615,1,2,0,0,0,0,0,3,4,0,2,3,,N,,,,,,,,,,,
2010003509,1825.0,1,0,0,0,0,0,0,0,0,8,0,,67,12,2009,4,40.112,-74.9905,1820.0,6,0,0,0,0,0,0,0,0,,0,0,0,18,3,1,1,,0,40 06:43.349,,0,74 59:25.796,3,0,0,0,67301,1,0,0,N,1,0,0,2,67301,0,,1,9,,N,N,,0,,1,0,0,2,2,,1815,1,2,0,0,0,0,0,3,4,0,1,7,,N,,,,,,,,,,,
2010003279,1435.0,0,0,0,0,0,0,0,0,0,8,0,,67,11,2009,6,39.949,-75.2215,1430.0,6,0,0,0,0,0,0,1,0,,0,0,0,17,4,1,0,,0,39 56:56.412,,0,75 13:17.323,4,0,0,0,67301,1,0,0,N,1,0,0,2,67301,1,,9,1,,N,N,,1,,0,0,0,0,0,,1730,1,2,0,0,1,0,0,3,4,0,1,3,,N,,,,,,,,,,,
2010003681,1620.0,2,0,0,0,0,0,0,0,0,5,1,,67,12,2009,1,40.0419,-75.0042,1615.0,6,0,0,0,0,0,1,0,0,1.0,0,1,0,16,4,0,0,,1,40 02:31.200,1.0,0,75 00:14.760,0,0,0,0,67301,0,0,0,N,0,0,0,3,68K01,0,,1,9,,N,N,,0,,0,0,0,0,0,N,1613,0,3,0,0,0,0,0,3,4,0,3,7,,N,,,,,,,,,,,
2010006278,1413.0,1,0,0,0,0,0,0,0,0,8,0,,67,12,2009,6,39.9793,-75.225,1410.0,6,0,0,0,0,0,0,0,0,,0,0,0,14,1,1,0,,0,39 58:45.567,,0,75 13:30.114,8,0,0,0,67301,1,0,0,,1,0,0,2,67301,0,,1,1,,N,N,,0,,0,0,0,3,2,,1405,1,2,0,0,1,1,0,3,4,0,1,3,,N,,,,,,,,,,,
2010006332,1543.0,2,0,0,0,0,0,0,0,0,5,0,,67,12,2009,6,40.0521,-75.1418,1541.0,6,0,0,0,1,0,0,0,0,,0,0,0,15,1,2,1,,0,40 03:07.621,,0,75 08:30.380,8,0,0,0,67301,0,0,0,N,0,0,0,4,67301,0,,1,9,,N,N,,0,,0,0,0,3,2,,1520,2,2,0,0,0,2,0,3,4,0,2,7,,N,,,,,,,,,,,
2010005678,854.0,1,0,0,0,0,0,0,0,0,4,0,,67,12,2009,5,39.9403,-75.2337,854.0,6,0,0,0,0,0,0,1,0,,0,0,0,8,1,2,1,,0,39 56:25.108,,0,75 14:01.197,4,0,0,0,67301,0,0,0,,0,0,0,5,67301,2,,1,1,,N,Y,,0,,0,0,0,3,2,,853,2,2,0,0,0,0,0,3,4,1,2,3,,N,,,,,,,,,,,
2010005692,15.0,2,0,0,0,0,0,0,0,0,6,0,,67,12,2009,2,40.0169,-75.1495,0.0,6,0,0,1,0,0,0,0,0,2.0,0,0,0,0,3,5,1,,1,40 01:00.708,1.0,0,75 08:58.113,4,0,0,0,67301,0,0,0,N,0,0,0,6,67301,3,,1,1,,N,N,,0,,0,0,0,3,1,Y,0,5,2,0,0,0,2,0,3,4,0,2,3,,N,,,,,,,,,,,
2010011196,2042.0,0,0,0,0,0,0,0,0,0,7,0,,67,12,2009,7,40.0046,-75.2022,2038.0,6,0,0,0,0,0,0,0,0,,0,0,0,20,3,0,0,,0,40 00:16.419,,0,75 12:07.765,9,0,0,0,67301,0,0,0,N,0,0,0,1,67301,0,,4,9,,N,N,,0,,0,0,1,0,0,,2030,0,1,0,0,0,0,1,3,4,0,1,7,,N,,,,,,,,,,,
2010017194,2125.0,1,0,0,0,0,0,0,0,0,8,0,,67,12,2009,4,39.951,-75.1651,2120.0,6,0,0,0,0,0,0,0,0,,0,0,0,19,3,1,0,,0,39 57:03.625,,0,75 09:54.382,8,0,0,0,67301,1,0,0,,1,0,0,2,67301,0,,1,1,,,,,0,,0,0,0,0,0,,1921,1,2,0,0,0,1,0,3,4,0,1,3,,N,,,,,,,,,,,
2010018886,257.0,3,0,0,0,0,0,0,0,0,1,0,,67,12,2009,6,40.0271,-75.1116,248.0,6,0,0,0,0,0,0,0,0,,0,0,0,2,3,1,0,,0,40 01:37.586,,0,75 06:41.587,3,0,0,0,67301,0,0,0,N,0,0,0,2,67301,0,,1,1,,N,N,,0,,1,0,0,0,0,,245,1,3,0,0,1,0,1,3,4,0,3,3,,N,,,,,,,,,,,
2010002276,953.0,0,0,0,0,0,0,0,0,0,1,0,,67,12,2009,3,39.9578,-75.1613,941.0,6,0,0,0,0,0,2,0,0,1.0,0,0,0,9,1,1,0,,1,39 57:28.074,4.0,0,75 09:40.681,4,0,0,0,67301,0,0,0,N,0,0,0,2,68K01,1,,1,1,,N,N,,0,,0,0,2,0,0,N,937,1,2,0,0,0,0,0,3,4,0,2,3,,N,,,,,,,,,,,
2010006382,2146.0,1,0,0,0,0,0,0,0,0,4,0,,67,12,2009,1,40.039,-75.15,2146.0,6,0,0,0,0,0,1,0,0,,0,0,0,21,3,2,1,,0,40 02:20.299,,0,75 09:00.122,8,0,0,0,67301,0,0,0,N,0,0,0,4,67301,0,,1,1,,N,N,,0,,0,0,0,3,2,,2140,2,2,0,0,0,2,0,3,4,1,2,3,,N,,,,,,,,,,,
2010005528,1145.0,1,0,0,0,0,0,0,0,0,2,0,,67,12,2009,7,40.0543,-75.0495,1142.0,6,0,0,0,0,0,1,0,0,2.0,0,0,0,11,1,1,2,,1,40 03:15.517,2.0,0,75 02:58.198,8,0,0,0,67301,0,0,0,N,0,0,0,2,67301,0,,1,1,,N,N,,1,,0,0,0,3,2,N,1138,1,2,0,0,0,1,0,3,4,0,2,3,,N,,,,,,,,,,,
2010002680,1108.0,0,0,0,0,0,0,0,0,0,7,0,,67,12,2009,1,39.9851,-75.0943,1102.0,6,0,0,0,0,0,0,0,0,3.0,0,0,0,11,1,3,0,,1,39 59:06.360,1.0,0,75 05:39.120,8,0,0,0,67301,0,0,0,Y,0,0,0,3,68K01,0,,3,1,,N,N,,0,,0,0,1,0,0,N,1100,3,1,0,0,0,3,0,3,4,0,1,3,,N,,,,,,,,,,,
2010002803,1208.0,0,0,0,0,0,0,0,0,0,8,0,,67,11,2009,7,39.9651,-75.2054,9999.0,6,0,0,0,0,0,0,0,0,,0,0,0,12,1,1,1,,0,39 57:54.246,,0,75 12:19.511,8,0,0,0,67301,1,0,0,N,1,0,0,2,67301,0,,1,1,,N,,,0,,0,0,0,3,2,,1208,1,2,0,0,0,1,0,3,4,1,1,3,,N,,,,,,,,,,,
2010005746,1255.0,0,0,0,0,0,0,0,0,0,8,0,,67,12,2009,5,40.0312,-75.1259,1250.0,6,0,0,0,0,0,0,1,0,,0,0,0,12,1,1,0,,0,40 01:52.147,,0,75 07:33.240,8,0,0,0,67301,1,0,0,N,1,0,0,3,67301,0,,1,9,,N,N,,0,,0,0,0,0,0,,1225,1,2,0,0,0,1,0,3,4,1,1,10,,N,,,,,,,,,,,
2010005674,827.0,1,0,0,0,0,0,0,0,0,4,0,,67,12,2009,5,39.9576,-75.1457,827.0,6,0,0,0,0,0,0,0,0,2.0,0,0,0,8,1,0,1,,1,39 57:27.432,4.0,0,75 08:44.473,0,0,0,0,67301,0,0,0,N,0,0,0,2,67301,0,,1,1,,N,N,,0,,0,0,1,3,2,N,820,0,2,0,0,0,0,0,3,4,0,2,3,,N,,,,,,,,,,,
2010011080,1930.0,2,0,0,0,0,0,0,0,0,1,0,,67,12,2009,5,40.0296,-75.1032,1915.0,6,0,0,0,0,0,0,0,0,,0,0,0,7,1,1,1,,0,40 01:46.545,,0,75 06:13.959,8,0,0,0,67301,0,0,0,N,0,0,0,2,67301,0,,1,7,,N,N,,0,,0,0,0,3,2,,730,1,2,0,0,0,1,1,3,4,0,2,10,,N,,,,,,,,,,,
2010011425,1230.0,1,0,0,0,0,0,0,0,0,5,0,,67,12,2009,2,39.9926,-75.1442,1229.0,6,0,0,0,1,0,0,0,0,,0,0,0,12,1,1,0,,0,39 59:33.196,,0,75 08:39.230,8,0,0,0,67301,1,0,0,N,1,0,0,2,67301,0,,1,7,,N,N,,1,,0,0,0,0,0,,1229,1,3,0,0,0,1,0,3,4,0,2,10,,N,,,,,,,,,,,
2010017001,13.0,1,0,0,0,0,0,0,0,0,4,0,,67,12,2009,5,39.9572,-75.2214,2301.0,6,0,0,0,1,0,0,0,0,,0,0,0,23,3,1,1,,0,39 57:25.981,,0,75 13:17.079,8,0,0,0,67301,0,0,0,N,0,0,0,2,67301,0,,1,9,,N,N,,1,,0,0,0,3,3,,2301,1,2,0,0,0,1,1,3,4,0,2,7,,N,,,,,,,,,,,
2010018889,1255.0,2,0,0,0,0,0,0,0,0,5,0,,67,12,2009,5,39.9546,-75.173,1248.0,6,0,0,0,0,1,0,0,0,,0,0,0,12,1,1,1,,0,39 57:16.502,,0,75 10:22.764,4,0,0,0,67301,0,0,0,N,0,0,0,5,67301,1,,1,9,,N,N,,0,,0,0,0,3,2,,1230,1,2,0,0,0,0,0,3,4,0,2,7,,N,,,,,,,,,,,
2010064802,0.0,0,0,0,0,0,0,0,0,0,8,0,,67,12,2009,7,40.0368,-75.1381,0.0,6,0,0,0,0,0,0,0,0,,0,0,0,14,1,1,0,,0,40 02:12.638,,0,75 08:17.192,8,0,0,0,67301,1,0,0,,1,0,0,2,00000,0,,1,7,,,,,0,,0,0,0,0,0,,1430,1,2,0,0,0,1,0,3,4,0,1,10,,N,,,,,,,,,,,