CRN,ARRIVAL_TM,AUTOMOBILE_COUNT,BELTED_DEATH_COUNT,BELTED_SUSP_SERIOUS_INJ_COUNT,BICYCLE_COUNT,BICYCLE_DEATH_COUNT,BICYCLE_SUSP_SERIOUS_INJ_COUNT,BUS_COUNT,CHLDPAS_DEATH_COUNT,CHLDPAS_SUSP_SERIOUS_INJ_COUNT,COLLISION_TYPE,COMM_VEH_COUNT,CONS_ZONE_SPD_LIM,COUNTY,CRASH_MONTH,CRASH_YEAR,DAY_OF_WEEK,DEC_LAT,DEC_LONG,DISPATCH_TM,DISTRICT,DRIVER_COUNT_16YR,DRIVER_COUNT_17YR,DRIVER_COUNT_18YR,DRIVER_COUNT_19YR,DRIVER_COUNT_20YR,DRIVER_COUNT_50_64YR,DRIVER_COUNT_65_74YR,DRIVER_COUNT_75PLUS,EST_HRS_CLOSED,FATAL_COUNT,HEAVY_TRUCK_COUNT,HORSE_BUGGY_COUNT,HOUR_OF_DAY,ILLUMINATION,INJURY_COUNT,INTERSECT_TYPE,INTERSECTION_RELATED,LANE_CLOSED,LATITUDE,LN_CLOSE_DIR,LOCATION_TYPE,LONGITUDE,MAX_SEVERITY_LEVEL,MCYCLE_DEATH_COUNT,MCYCLE_SUSP_SERIOUS_INJ_COUNT,MOTORCYCLE_COUNT,MUNICIPALITY,NONMOTR_COUNT,NONMOTR_DEATH_COUNT,NONMOTR_SUSP_SERIOUS_INJ_COUNT,NTFY_HIWY_MAINT,PED_COUNT,PED_DEATH_COUNT,PED_SUSP_SERIOUS_INJ_COUNT,PERSON_COUNT,POLICE_AGCY,POSSIBLE_INJ_COUNT,RDWY_SURF_TYPE_CD,RELATION_TO_ROAD,ROAD_CONDITION,ROADWAY_CLEARED,SCH_BUS_IND,SCH_ZONE_IND,SECONDARY_CRASH,SMALL_TRUCK_COUNT,SPEC_JURIS_CD,SUSP_MINOR_INJ_COUNT,SUSP_SERIOUS_INJ_COUNT,SUV_COUNT,TCD_FUNC_CD,TCD_TYPE,TFC_DETOUR_IND,TIME_OF_DAY,TOT_INJ_COUNT,TOTAL_UNITS,UNB_DEATH_COUNT,UNB_SUSP_SERIOUS_INJ_COUNT,UNBELTED_OCC_COUNT,UNK_INJ_DEG_COUNT,UNK_INJ_PER_COUNT,URBAN_AREA,URBAN_RURAL,VAN_COUNT,VEHICLE_COUNT,WEATHER1,WEATHER2,WORK_ZONE_IND,WORK_ZONE_LOC,WORK_ZONE_TYPE,WORKERS_PRES,WZ_CLOSE_DETOUR,WZ_FLAGGER,WZ_LAW_OFFCR_IND,WZ_LN_CLOSURE,WZ_MOVING,WZ_OTHER,WZ_SHLDER_MDN,WZ_WORKERS_INJ_KILLED
2010002743,835.0,1,0,0,0,0,0,1,0,0,4,1,,67,12,2009,5,40.0808,-75.2027,829.0,6,0,0,0,0,0,0,0,0,,0,0,0,8,1,0,1,,0,40 04:51.033,,0,75 12:09.605,9,0,0,0,67301,0,0,0,N,0,0,0,2,67301,0,,1,1,,N,N,,0,,0,0,0,3,2,,827,0,2,0,0,0,0,1,3,4,0,2,3,,N,,,,,,,,,,,
2010003079,34.0,1,0,0,0,0,0,0,0,0,4,0,,67,12,2009,5,40.0339,-75.0743,26.0,6,0,0,0,0,0,1,0,0,2.0,0,0,0,0,3,3,1,,2,40 02:02.039,1.0,0,75 04:27.141,4,0,0,0,67301,0,0,0,,0,0,0,3,67301,1,,1,9,,,,,0,,0,0,1,3,2,Y,26,3,2,0,0,0,2,0,3,4,0,2,7,,N,,,,,,,,,,,
2010003084,1705.0,2,0,0,0,0,0,0,0,0,4,0,,67,11,2009,1,39.9744,-75.2399,1703.0,6,0,0,0,0,0,0,0,0,,0,0,0,17,3,2,1,,0,39 58:27.825,,0,75 14:23.801,4,0,0,0,67301,0,0,0,N,0,0,0,4,67301,2,,1,1,,N,N,,0,,0,0,0,3,3,,1700,2,2,0,0,0,0,0,3,4,0,2,3,,N,,,,,,,,,,,
2010005582,1751.0,2,0,0,0,0,0,0,0,0,5,0,,67,11,2009,3,40.0159,-75.1538,1749.0,6,0,0,0,0,0,2,0,0,3.0,0,0,0,17,3,2,1,,2,40 00:57.350,5.0,7,75 09:13.935,8,0,0,0,67301,0,0,0,,0,0,0,3,67301,0,,1,1,,,,,0,,0,0,1,3,2,Y,1749,2,3,0,0,0,2,0,3,4,0,3,3,,N,,,,,,,,,,,
2010003232,1905.0,1,0,0,0,0,0,0,0,0,4,0,,67,11,2009,5,39.9898,-75.1255,1815.0,6,0,0,0,0,0,0,0,0,1.0,0,0,0,18,3,1,1,,1,39 59:23.298,6.0,0,75 07:31.934,4,0,0,0,67301,0,0,0,N,0,0,0,2,67301,1,,1,9,,N,N,,1,,0,0,0,3,2,Y,1815,1,2,0,0,1,0,0,3,4,0,2,7,,N,,,,,,,,,,,
2010003536,1552.0,1,0,0,0,0,0,0,0,0,5,0,,67,11,2009,7,39.9546,-75.173,1550.0,6,0,0,0,0,0,1,0,0,,0,0,0,15,1,1,1,,0,39 57:16.502,,0,75 10:22.764,4,0,0,0,67301,0,0,0,N,0,0,0,3,67301,1,,1,1,,N,N,,0,,0,0,0,3,2,,1547,1,2,0,0,0,0,0,3,4,1,2,3,,N,,,,,,,,,,,
2010006360,1040.0,2,0,0,0,0,0,0,0,0,6,0,,67,12,2009,2,40.0613,-75.1721,1040.0,6,0,0,0,0,0,0,1,1,2.0,0,0,0,10,1,2,1,,2,40 03:40.629,7.0,0,75 10:19.427,3,0,0,0,67301,0,0,0,N,0,0,0,2,67301,0,,1,1,,N,N,,0,,2,0,0,3,3,Y,1037,2,2,0,0,0,0,0,3,4,0,2,3,,N,,,,,,,,,,,
2010006376,202.0,2,0,0,0,0,0,0,0,0,4,0,,67,12,2009,6,40.012,-75.1359,202.0,6,0,0,0,0,0,0,0,0,,0,0,0,2,3,2,1,,0,40 00:43.066,,0,75 08:09.135,4,0,0,0,67301,0,0,0,N,0,0,0,3,67301,2,,1,2,,N,N,,0,,0,0,0,2,2,,200,2,2,0,0,0,0,0,3,4,0,2,10,,N,,,,,,,,,,,
2010006277,2017.0,1,0,0,0,0,0,0,0,0,1,0,,67,12,2009,6,39.9763,-75.2249,2016.0,6,0,0,0,0,0,0,0,0,,0,0,0,17,3,0,0,,0,39 58:34.760,,0,75 13:29.469,0,0,0,0,67301,0,0,0,,0,0,0,2,67301,0,,1,1,,N,N,,0,,0,0,0,0,0,,1749,0,2,0,0,0,0,0,3,4,0,2,3,,N,,,,,,,,,,,
2010006339,732.0,2,0,0,0,0,0,0,0,0,4,0,,67,12,2009,6,40.0473,-75.1677,730.0,6,0,0,0,0,0,0,1,0,,0,0,0,7,1,0,1,,0,40 02:50.173,,0,75 10:03.883,0,0,0,0,67301,0,0,0,N,0,0,0,2,67301,0,,1,1,,N,N,,0,,0,0,0,3,2,,730,0,2,0,0,0,0,0,3,4,0,2,3,,N,,,,,,,,,,,
2010010168,0.0,0,0,0,1,0,0,0,0,0,4,0,,67,6,2009,6,39.9879,-75.144,0.0,6,0,0,0,0,0,0,0,0,,0,0,0,15,1,1,1,,0,39 59:16.468,,0,75 08:38.288,3,0,0,0,67301,1,0,0,N,0,0,0,2,00000,0,,1,1,,N,N,,0,,1,0,0,3,3,,1545,1,2,0,0,0,0,0,3,4,1,1,3,,N,,,,,,,,,,,
2010010648,0.0,0,0,0,0,0,0,0,0,0,0,0,,67,8,2009,6,39.9396,-75.1982,0.0,6,0,0,0,0,0,1,0,0,,0,0,0,14,1,1,1,,0,39 56:22.681,,0,75 11:53.378,2,0,1,1,67301,0,0,0,N,0,0,0,1,00000,0,,1,1,,N,N,,0,,0,1,0,3,2,,1400,1,1,0,0,0,0,0,3,4,0,1,3,,N,,,,,,,,,,,
2010005691,1750.0,1,0,0,0,0,0,0,0,0,1,0,,67,12,2009,6,40.0217,-75.1257,1745.0,6,0,0,1,0,0,0,0,0,,0,0,0,17,3,2,1,,0,40 01:18.141,,99,75 07:32.411,3,0,0,0,67301,0,0,0,N,0,0,0,3,67301,0,,1,1,,N,N,,1,,2,0,0,3,3,,1735,2,2,0,0,0,0,0,3,4,0,2,3,,N,,,,,,,,,,,
2010011219,835.0,2,0,0,0,0,0,0,0,0,1,0,,67,12,2009,5,40.0076,-75.1276,830.0,6,0,0,0,0,0,0,0,0,,0,0,0,8,1,1,1,,0,40 00:27.502,,0,75 07:38.377,8,0,0,0,67301,0,0,0,N,0,0,0,2,67301,0,,1,7,,N,N,,0,,0,0,0,0,0,,800,1,2,0,0,0,1,0,3,4,0,2,10,,N,,,,,,,,,,,
2010017126,1845.0,0,0,0,0,0,0,0,0,0,8,0,,67,12,2009,5,39.9732,-75.2122,1823.0,6,0,0,0,0,0,0,0,0,,0,0,0,17,8,1,1,,0,39 58:23.685,,0,75 12:43.721,4,0,0,0,67301,1,0,0,N,1,0,0,2,67301,1,,9,98,,N,N,,0,,0,0,0,9,2,,1730,1,2,0,0,0,0,0,3,4,0,1,99,,N,,,,,,,,,,,
2010021025,200.0,1,0,0,0,0,0,0,0,0,7,0,,67,11,2009,1,40.026,-75.1593,157.0,6,0,0,0,0,0,0,0,0,,0,0,0,1,3,2,0,,0,40 01:33.625,,0,75 09:33.472,2,0,0,0,67301,0,0,0,N,0,0,0,2,67301,1,,5,1,,N,N,,0,,0,1,0,0,0,,155,2,1,0,1,2,0,0,3,4,0,1,3,,N,,,,,,,,,,,
2010006524,9999.0,3,0,0,0,0,0,0,0,0,1,0,,67,12,2009,4,40.0144,-75.1304,830.0,6,0,0,0,0,0,0,0,0,,0,0,0,8,1,3,0,,0,40 00:51.851,,0,75 07:49.564,4,0,0,0,67301,0,0,0,,0,0,0,7,67301,1,,1,1,,,,,0,,0,0,1,0,0,,830,3,4,0,0,0,2,0,3,4,0,4,3,,N,,,,,,,,,,,
2010012379,1748.0,2,0,0,0,0,0,0,0,0,4,0,,67,12,2009,7,39.9764,-75.2641,1735.0,6,0,0,0,1,0,0,0,0,,0,0,0,17,3,2,1,,0,39 58:34.962,,0,75 15:50.756,8,0,0,0,67301,0,0,0,N,0,0,0,2,67301,0,,1,9,,N,N,,0,,0,0,0,3,2,,1735,2,2,0,0,0,2,0,3,4,0,2,7,,N,,,,,,,,,,,
2010005546,715.0,2,0,0,0,0,0,0,0,0,4,0,,67,12,2009,3,40.0036,-75.1812,711.0,6,0,0,0,0,0,0,1,0,,0,0,0,7,1,1,1,,0,40 00:13.519,,0,75 10:52.190,4,0,0,0,67301,0,0,0,N,0,0,0,2,67301,1,,1,1,,N,N,,0,,0,0,0,3,2,,709,1,2,0,0,0,0,0,3,4,0,2,3,,N,,,,,,,,,,,
2010002670,27.0,0,0,0,0,0,0,0,0,0,7,0,,67,12,2009,7,39.9808,-75.2063,21.0,6,0,0,0,0,0,0,0,0,1.0,0,0,0,0,3,1,0,,1,39 58:53.760,4.0,0,75 12:26.280,8,0,0,0,67301,0,0,0,N,0,0,0,1,68K01,0,,2,9,,N,N,,0,,0,0,1,0,0,N,19,1,1,0,0,0,1,0,3,4,0,1,7,,N,,,,,,,,,,,
2010002759,1759.0,1,0,0,0,0,0,0,0,0,4,0,,67,12,2009,3,39.9125,-75.1381,1755.0,6,0,0,0,0,0,1,0,0,,0,0,0,17,2,1,1,,0,39 54:45.635,,0,75 08:17.604,4,0,0,0,67301,0,0,0,N,0,0,0,4,67301,1,,1,1,,N,N,,0,,0,0,1,3,2,,1715,1,2,0,0,0,0,2,3,4,0,2,3,,N,,,,,,,,,,,
2010003078,1244.0,1,0,0,0,0,0,0,0,0,4,0,,67,11,2009,1,39.9579,-75.1641,1236.0,6,0,0,0,0,0,1,0,0,,0,0,0,12,1,1,1,,0,39 57:28.586,,0,75 09:50.892,4,0,0,0,67301,0,0,0,N,0,0,0,2,67301,1,,1,1,,N,N,,0,,0,0,0,3,2,,1236,1,2,0,0,0,0,0,3,4,1,2,3,,N,,,,,,,,,,,
2010005578,845.0,3,0,0,0,0,0,0,0,0,1,0,99.0,67,12,2009,1,40.0413,-75.2159,830.0,6,0,0,0,0,0,2,0,0,3.0,0,0,0,8,1,1,0,,2,40 02:28.824,2.0,0,75 12:57.202,4,0,0,0,67301,0,0,0,,0,0,0,7,67301,1,,1,2,,,,,0,,0,0,2,0,0,Y,845,1,7,0,0,0,0,0,3,4,2,7,7,,Y,8.0,8.0,U,,,U,,,,,
2010005631,502.0,2,0,0,0,0,0,0,0,0,5,0,,67,11,2009,1,39.961,-75.245,500.0,6,0,0,0,0,0,0,0,0,,0,0,0,4,3,1,0,,0,39 57:39.557,,0,75 14:42.152,8,0,0,0,67301,0,0,0,N,0,0,0,2,67301,0,,6,1,,N,N,,0,,0,0,0,3,2,,459,1,2,0,0,0,1,0,3,4,0,2,3,,N,,,,,,,,,,,
2010005649,1535.0,1,0,0,0,0,0,0,0,0,4,0,,67,12,2009,1,39.9561,-75.238,1532.0,6,0,0,1,0,0,0,0,0,,0,0,0,15,1,3,2,,0,39 57:21.859,,0,75 14:16.659,4,0,0,0,67301,0,0,0,N,0,0,0,3,67301,3,,1,9,,N,N,,0,,0,0,0,3,2,,1515,3,2,0,0,1,0,0,3,4,1,2,7,,N,,,,,,,,,,,
2010005747,9999.0,0,0,0,0,0,0,0,0,0,4,0,,67,10,2009,3,39.933,-75.1678,2026.0,6,0,0,0,0,0,0,0,0,,0,0,0,99,3,1,1,,0,39 55:58.356,,0,75 10:03.995,2,0,1,1,67301,0,0,0,,0,0,0,3,67301,0,,1,1,,,,,0,,0,1,1,3,2,,9999,1,2,0,0,0,0,0,3,4,0,2,3,,N,,,,,,,,,,,
2010019416,1730.0,1,0,0,0,0,0,0,0,0,5,0,,67,12,2009,1,40.0641,-75.0199,1720.0,6,0,0,0,0,0,0,0,0,,0,0,0,16,3,0,0,,0,40 03:50.835,,0,75 01:11.640,0,0,0,0,67301,0,0,0,,0,0,0,1,67301,0,,6,1,,,,,1,,0,0,0,0,0,,1653,0,2,0,0,0,0,0,3,4,0,2,3,,N,,,,,,,,,,,
2010005564,2255.0,2,0,0,0,0,0,0,0,0,5,0,,67,12,2009,5,40.0695,-75.0506,2255.0,6,0,0,0,0,0,0,0,0,,0,0,0,22,3,1,1,,0,40 04:10.107,,0,75 03:02.148,8,0,0,0,67301,0,0,0,,0,0,0,2,67301,0,,1,1,,,,,0,,0,0,0,3,2,,2250,1,2,0,0,0,1,0,3,4,0,2,3,,N,,,,,,,,,,,
2010005595,855.0,2,0,0,0,0,0,0,0,0,4,0,,67,12,2009,3,39.9603,-75.1389,853.0,6,0,0,0,0,0,0,0,0,,0,0,0,8,1,0,1,,0,39 57:37.035,,0,75 08:19.560,0,0,0,0,67301,0,0,0,N,0,0,0,2,67301,0,,1,1,,N,N,,0,,0,0,0,9,3,,845,0,2,0,0,0,0,0,3,4,0,2,99,,N,,,,,,,,,,,
2010005622,520.0,2,0,0,0,0,0,0,0,0,4,0,,67,2,2009,5,40.008,-75.1048,514.0,6,0,0,0,0,0,0,0,0,,0,0,0,4,3,1,1,,0,40 00:28.740,,0,75 06:17.315,4,0,0,0,67301,0,0,0,,0,0,0,2,67301,1,,1,6,,,,,0,,0,0,0,9,2,,404,1,2,0,0,0,0,0,3,4,0,2,7,,N,,,,,,,,,,,
2010002788,6.0,0,0,0,0,0,0,0,0,0,0,0,,67,11,2009,6,39.9767,-75.1436,3.0,6,0,0,0,0,0,0,0,0,,0,0,0,22,3,1,0,,0,39 58:35.993,,0,75 08:36.828,3,0,0,1,67301,0,0,0,,0,0,0,1,67301,0,,1,1,,,,,0,,1,0,0,0,0,,2216,1,1,0,0,0,0,0,3,4,0,1,3,,N,,,,,,,,,,,
2009071371,1315.0,1,0,0,0,0,0,0,0,0,8,0,,67,4,2009,4,39.9193,-75.1741,1313.0,6,0,0,0,0,0,0,0,0,9.0,0,0,0,13,1,1,0,,2,39 55:09.606,1.0,0,75 10:26.878,4,0,0,0,67301,1,0,0,N,1,0,0,2,67301,1,,1,98,,N,Y,,0,,0,0,0,0,0,Y,1310,1,2,0,0,0,0,0,3,4,0,1,99,,N,,,,,,,,,,,
2009071366,9999.0,1,0,0,0,0,0,0,0,0,8,0,,67,6,2009,6,39.9968,-75.1034,9999.0,6,0,0,0,0,0,0,0,0,,0,0,0,99,1,1,1,,0,39 59:48.427,,0,75 06:12.178,4,0,0,0,67301,1,0,0,N,1,0,0,2,67301,1,,1,9,,N,N,,0,,0,0,0,3,2,,9999,1,2,0,0,0,0,0,3,4,0,1,7,,N,,,,,,,,,,,
2009083750,1731.0,1,0,0,0,0,0,0,0,0,8,0,,67,7,2009,7,39.972,-75.2353,1731.0,6,0,0,0,0,0,0,0,0,,0,0,0,17,1,1,1,,0,39 58:19.128,,0,75 14:07.083,8,0,0,0,67301,1,0,0,N,1,0,0,2,67301,0,,1,1,,N,N,,0,,0,0,0,0,0,,1731,1,2,0,0,0,1,0,3,4,0,1,3,,N,,,,,,,,,,,
2009049653,1659.0,0,0,0,0,0,0,0,0,0,8,0,,67,3,2009,5,39.9689,-75.1599,1655.0,6,0,0,0,0,0,0,0,0,,0,0,0,16,1,1,1,,0,39 58:08.527,,0,75 09:36.121,4,0,0,0,67301,1,0,0,,1,0,0,2,67301,1,,1,1,,,,,1,,0,0,0,2,2,,1653,1,2,0,0,0,0,0,3,4,0,1,3,,N,,,,,,,,,,,
2009025051,1400.0,0,0,0,0,0,0,0,0,0,0,0,,67,2,2009,1,39.9966,-75.2363,1340.0,6,0,0,0,0,0,0,0,0,4.0,1,0,0,13,1,0,0,,2,39 59:50.307,5.0,7,75 14:05.582,1,1,0,1,67301,0,0,0,N,0,0,0,2,46104,0,2.0,1,1,,N,N,,1,0.0,0,0,0,0,0,Y,1339,0,2,0,0,0,0,0,3,4,0,2,3,,N,,,,,,,,,,,
2009039395,1617.0,1,0,0,0,0,0,1,0,0,4,1,,67,3,2009,3,39.9391,-75.1917,1615.0,6,0,0,0,0,0,1,0,0,,0,0,0,16,1,6,1,,0,39 56:20.652,,0,75 11:30.026,4,0,0,0,67301,0,0,0,N,0,0,0,9,67301,1,,1,9,,N,N,,0,,0,0,0,0,0,,1615,6,2,0,0,0,5,0,3,4,0,2,3,,N,,,,,,,,,,,
2009086267,2140.0,0,0,0,0,0,0,0,0,0,1,0,,67,8,2009,4,40.0292,-75.1358,2130.0,6,0,0,0,0,0,0,0,0,,0,0,0,21,3,5,2,,0,40 01:45.231,,0,75 08:09.016,4,0,0,0,67301,0,0,0,N,0,0,0,7,67301,5,,1,1,,N,N,,0,,0,0,2,3,3,,2100,5,2,0,0,0,0,1,3,4,0,2,3,,N,,,,,,,,,,,
2009065904,0.0,1,0,0,0,0,0,0,0,0,1,0,,67,6,2009,4,40.0074,-75.2135,0.0,6,0,0,0,0,0,1,0,0,,0,0,0,8,1,1,0,,0,40 00:26.100,,0,75 12:49.384,3,0,0,0,67301,0,0,0,N,0,0,0,2,00000,0,,1,1,,N,N,,0,,1,0,1,0,0,,803,1,2,0,0,0,0,0,3,4,0,2,3,,N,,,,,,,,,,,
2009066037,9999.0,0,0,0,0,0,0,0,0,0,1,0,,67,6,2009,5,39.8915,-75.2412,9999.0,6,0,0,0,0,0,2,0,0,,0,0,0,8,1,1,0,,0,39 53:29.392,,0,75 14:28.331,8,0,0,0,67301,0,0,0,N,0,0,0,2,00000,0,,1,1,,N,N,,0,,0,0,0,0,0,,812,1,2,0,0,0,1,0,3,4,1,2,3,,N,,,,,,,,,,,
2010003008,1609.0,1,0,0,0,0,0,0,0,0,8,0,,67,12,2009,3,39.934,-75.1715,1607.0,6,0,0,0,0,0,0,0,0,,0,0,0,16,1,1,0,,0,39 56:02.409,,0,75 10:17.563,4,0,0,0,67301,1,0,0,,1,0,0,2,67301,1,,1,1,,,,,0,,0,0,0,0,0,,1605,1,2,0,0,0,0,0,3,4,0,1,3,,N,,,,,,,,,,,
2010003173,1253.0,2,0,0,0,0,0,0,0,0,4,0,,67,11,2009,1,40.0948,-75.0153,1249.0,6,0,0,0,0,0,1,0,1,,0,0,0,12,1,1,1,,0,40 05:41.218,,0,75 00:55.140,4,0,0,0,67301,0,0,0,N,0,0,0,4,67301,1,,1,1,,N,N,,0,,0,0,0,3,2,,1241,1,2,0,0,0,0,0,3,4,0,2,3,,N,,,,,,,,,,,
2010003269,1839.0,0,0,0,0,0,0,1,0,0,1,1,,67,11,2009,2,39.9186,-75.2075,1839.0,6,0,0,0,0,0,0,0,0,,0,0,0,18,6,5,0,,0,39 55:07.274,,3,75 12:26.428,4,0,0,0,67301,0,0,0,N,0,0,0,5,67301,4,,1,9,,N,N,,0,,0,0,1,0,0,,1836,5,2,0,0,0,1,0,3,4,0,2,7,,N,,,,,,,,,,,
2010003538,1605.0,2,0,0,0,0,0,0,0,0,6,0,,67,12,2009,4,40.0156,-75.1498,1554.0,6,0,0,0,1,0,0,0,0,,0,0,0,15,1,1,2,,0,40 00:56.099,,0,75 08:59.116,3,0,0,0,67301,0,0,0,N,0,0,0,2,67301,0,,1,9,,N,N,,0,,1,0,0,0,0,,1554,1,2,0,0,0,0,0,3,4,0,2,7,,N,,,,,,,,,,,
2010006322,1819.0,0,0,0,0,0,0,0,0,0,8,0,,67,12,2009,7,39.9685,-75.2354,1810.0,6,0,0,0,0,0,1,0,0,,0,0,0,18,3,2,5,,0,39 58:06.410,,0,75 14:07.231,3,0,0,0,67301,2,0,0,N,2,0,0,3,67301,1,,1,9,,N,N,,1,,1,0,0,3,2,,1808,2,3,0,0,0,0,0,3,4,0,1,7,,N,,,,,,,,,,,
2010019971,2235.0,3,0,0,0,0,0,0,0,0,5,0,,67,12,2009,1,40.079,-74.9654,2222.0,6,0,0,1,0,0,0,0,0,3.0,0,0,0,99,3,0,0,,1,40 04:44.886,3.0,0,74 57:55.528,9,0,0,0,67301,0,0,0,Y,0,0,0,5,67301,0,,1,1,,,,,0,,0,0,0,0,0,N,9999,0,3,0,0,1,0,1,3,4,0,3,3,,N,,,,,,,,,,,
2010017089,1909.0,1,0,0,0,0,0,0,0,0,1,0,,67,12,2009,4,39.9493,-75.2299,1905.0,6,0,0,0,0,0,0,0,0,,0,0,0,18,3,1,0,,0,39 56:57.336,,0,75 13:47.575,8,0,0,0,67301,0,0,0,N,0,0,0,2,67301,0,,1,2,,N,N,,0,,0,0,1,0,0,,1845,1,2,0,0,0,1,0,3,4,0,2,10,,N,,,,,,,,,,,
2010017188,1730.0,2,0,0,0,0,0,0,0,0,6,0,,67,12,2009,6,39.9899,-75.0879,1728.0,6,0,0,0,0,1,0,0,0,,0,0,0,17,3,0,0,,0,39 59:23.799,,0,75 05:16.441,9,0,0,0,67301,0,0,0,N,0,0,0,1,67301,0,,6,1,,N,N,,0,,0,0,0,0,0,,1700,0,2,0,0,0,0,1,3,4,0,2,3,,N,,,,,,,,,,,
2010004636,1604.0,1,0,0,0,0,0,0,0,0,1,0,,67,12,2009,1,39.9847,-75.0954,1559.0,6,0,0,0,0,0,0,0,0,,0,0,0,15,1,1,0,,0,39 59:04.793,,0,75 05:43.719,4,0,0,0,67301,0,0,0,N,0,0,0,3,68K01,1,,1,1,,N,N,,0,,0,0,1,0,0,,1552,1,2,0,0,0,0,0,3,4,0,2,3,,N,,,,,,,,,,,
2010005535,15.0,1,0,0,0,0,0,0,0,0,7,0,,67,12,2009,5,39.9741,-75.1179,10.0,6,0,0,0,0,0,0,0,0,,0,0,0,0,3,1,2,,0,39 58:27.868,,99,75 07:03.916,3,0,0,0,67301,0,0,0,N,0,0,0,1,67301,0,,3,9,,N,N,,0,,1,0,0,0,0,,5,1,1,0,0,0,0,0,3,4,0,1,7,,N,,,,,,,,,,,
2010002747,1732.0,2,0,0,0,0,0,0,0,0,4,0,,67,11,2009,7,40.0652,-75.0554,1730.0,6,0,0,0,0,0,0,1,0,,0,0,0,17,3,1,1,,0,40 03:54.691,,0,75 03:19.475,8,0,0,0,67301,0,0,0,N,0,0,0,4,67301,0,,1,1,,N,N,,0,,0,0,0,3,3,,1725,1,2,0,0,0,1,2,3,4,0,2,3,,N,,,,,,,,,,,
2010003060,1736.0,1,0,0,0,0,0,0,0,0,7,0,,67,12,2009,1,39.9773,-75.1982,1736.0,6,0,0,0,0,0,1,0,0,,0,0,0,17,3,0,0,,0,39 58:38.170,,0,75 11:53.640,0,0,0,0,67301,0,0,0,N,0,0,0,1,67301,0,,4,1,,N,N,,0,,0,0,0,0,0,,1730,0,1,0,0,0,0,0,3,4,0,1,3,,N,,,,,,,,,,,
2010003080,540.0,0,0,0,0,0,0,0,0,0,8,0,,67,12,2009,4,40.0533,-75.0698,535.0,6,0,0,0,0,0,0,0,0,1.0,0,0,0,3,3,1,1,,2,40 03:11.939,4.0,0,75 04:10.792,4,0,0,0,67301,1,0,0,N,1,0,0,2,67301,1,,1,9,,N,N,,1,,0,0,0,2,2,Y,330,1,2,0,0,0,0,0,3,4,0,1,7,,N,,,,,,,,,,,
2010005612,653.0,2,0,0,0,0,0,0,0,0,4,0,,67,12,2009,5,39.9397,-75.1815,650.0,6,0,0,0,0,0,1,0,0,,0,0,0,6,5,1,1,,0,39 56:22.862,,0,75 10:53.371,3,0,0,0,67301,0,0,0,N,0,0,0,2,67301,0,,1,1,,N,N,,0,,1,0,0,3,2,,650,1,2,0,0,0,0,0,3,4,0,2,3,,N,,,,,,,,,,,
2010005616,153.0,1,0,0,0,0,0,0,0,0,4,0,,67,12,2009,1,39.9452,-75.2245,151.0,6,0,0,0,0,0,1,0,0,,0,0,0,1,3,1,0,,0,39 56:42.896,,0,75 13:28.344,4,0,0,0,67301,0,0,0,N,0,0,0,1,67301,1,,6,9,,N,N,,0,,0,0,1,0,0,,147,1,2,0,0,0,0,0,3,4,0,2,3,,N,,,,,,,,,,,
2010005659,1815.0,2,0,0,0,0,0,0,0,0,4,0,,67,11,2009,1,40.0166,-75.1451,1813.0,6,0,0,0,0,0,0,0,0,,0,0,0,18,3,1,0,,0,40 00:59.638,,0,75 08:42.448,4,0,0,0,67301,0,0,0,N,0,0,0,4,67301,1,,1,1,,N,N,,1,,0,0,0,0,0,,1810,1,3,0,0,0,0,0,3,4,0,3,3,,N,,,,,,,,,,,
2010005738,1420.0,2,0,0,0,0,0,0,0,0,4,0,,67,12,2009,7,40.0438,-75.139,1417.0,6,0,0,1,0,0,0,0,0,,0,0,0,99,1,1,1,,0,40 02:37.809,,0,75 08:20.356,4,0,0,0,67301,0,0,0,,0,0,0,3,67301,1,,1,1,,N,N,,0,,0,0,0,9,3,,9999,1,2,0,0,0,0,0,3,4,0,2,3,,N,,,,,,,,,,,
2010005742,1936.0,0,0,0,0,0,0,0,0,0,6,0,,67,12,2009,1,40.0253,-75.1276,1932.0,6,0,0,0,0,0,0,0,0,1.0,0,0,0,99,3,0,0,,2,40 01:30.897,4.0,0,75 07:40.478,0,0,0,0,67301,0,0,0,Y,0,0,0,2,67301,0,,1,2,,N,N,,0,,0,0,1,3,8,N,9999,0,2,0,0,0,0,0,3,4,1,2,10,,N,,,,,,,,,,,
2010034142,1425.0,3,0,0,0,0,0,0,0,0,5,0,,67,7,2009,6,40.0054,-75.1074,1415.0,6,0,0,0,0,0,0,0,0,,0,0,0,12,1,1,0,,0,40 00:19.581,,0,75 06:26.713,8,0,0,0,67301,0,0,0,,0,0,0,1,67301,0,,6,1,,,,,0,,0,0,0,0,0,,1225,1,3,0,0,0,1,0,3,4,0,3,3,,N,,,,,,,,,,,