CRN,ARRIVAL_TM,AUTOMOBILE_COUNT,BELTED_DEATH_COUNT,BELTED_SUSP_SERIOUS_INJ_COUNT,BICYCLE_COUNT,BICYCLE_DEATH_COUNT,BICYCLE_SUSP_SERIOUS_INJ_COUNT,BUS_COUNT,CHLDPAS_DEATH_COUNT,CHLDPAS_SUSP_SERIOUS_INJ_COUNT,COLLISION_TYPE,COMM_VEH_COUNT,CONS_ZONE_SPD_LIM,COUNTY,CRASH_MONTH,CRASH_YEAR,DAY_OF_WEEK,DEC_LAT,DEC_LONG,DISPATCH_TM,DISTRICT,DRIVER_COUNT_16YR,DRIVER_COUNT_17YR,DRIVER_COUNT_18YR,DRIVER_COUNT_19YR,DRIVER_COUNT_20YR,DRIVER_COUNT_50_64YR,DRIVER_COUNT_65_74YR,DRIVER_COUNT_75PLUS,EST_HRS_CLOSED,FATAL_COUNT,HEAVY_TRUCK_COUNT,HORSE_BUGGY_COUNT,HOUR_OF_DAY,ILLUMINATION,INJURY_COUNT,INTERSECT_TYPE,INTERSECTION_RELATED,LANE_CLOSED,LATITUDE,LN_CLOSE_DIR,LOCATION_TYPE,LONGITUDE,MAX_SEVERITY_LEVEL,MCYCLE_DEATH_COUNT,MCYCLE_SUSP_SERIOUS_INJ_COUNT,MOTORCYCLE_COUNT,MUNICIPALITY,NONMOTR_COUNT,NONMOTR_DEATH_COUNT,NONMOTR_SUSP_SERIOUS_INJ_COUNT,NTFY_HIWY_MAINT,PED_COUNT,PED_DEATH_COUNT,PED_SUSP_SERIOUS_INJ_COUNT,PERSON_COUNT,POLICE_AGCY,POSSIBLE_INJ_COUNT,RDWY_SURF_TYPE_CD,RELATION_TO_ROAD,ROAD_CONDITION,ROADWAY_CLEARED,SCH_BUS_IND,SCH_ZONE_IND,SECONDARY_CRASH,SMALL_TRUCK_COUNT,SPEC_JURIS_CD,SUSP_MINOR_INJ_COUNT,SUSP_SERIOUS_INJ_COUNT,SUV_COUNT,TCD_FUNC_CD,TCD_TYPE,TFC_DETOUR_IND,TIME_OF_DAY,TOT_INJ_COUNT,TOTAL_UNITS,UNB_DEATH_COUNT,UNB_SUSP_SERIOUS_INJ_COUNT,UNBELTED_OCC_COUNT,UNK_INJ_DEG_COUNT,UNK_INJ_PER_COUNT,URBAN_AREA,URBAN_RURAL,VAN_COUNT,VEHICLE_COUNT,WEATHER1,WEATHER2,WORK_ZONE_IND,WORK_ZONE_LOC,WORK_ZONE_TYPE,WORKERS_PRES,WZ_CLOSE_DETOUR,WZ_FLAGGER,WZ_LAW_OFFCR_IND,WZ_LN_CLOSURE,WZ_MOVING,WZ_OTHER,WZ_SHLDER_MDN,WZ_WORKERS_INJ_KILLED
2010005671,421.0,2,0,0,0,0,0,0,0,0,1,0,,67,12,2009,1,39.9703,-75.2139,420.0,6,0,0,0,1,0,0,0,0,,0,0,0,4,3,0,2,,0,39 58:13.075,,0,75 12:50.092,0,0,0,0,67301,0,0,0,N,0,0,0,1,67301,0,,1,1,,N,N,,0,,0,0,1,0,0,,417,0,3,0,0,0,0,0,3,4,0,3,3,,N,,,,,,,,,,,
2009054110,1800.0,1,0,0,0,0,0,0,0,0,8,0,,67,4,2009,6,40.0323,-75.091,1806.0,6,0,0,0,0,0,1,0,0,,0,0,0,18,1,1,0,,0,40 01:56.438,,0,75 05:27.747,8,0,0,0,67301,1,0,0,N,1,0,0,2,67301,0,,1,1,,N,N,,0,,0,0,0,0,0,,1800,1,2,0,0,0,1,0,3,4,0,1,3,,N,,,,,,,,,,,
2009064663,1132.0,1,0,0,0,0,0,0,0,0,4,0,,67,5,2009,6,40.0946,-75.0152,1130.0,6,0,0,0,0,0,2,0,0,1.0,0,0,0,11,1,0,1,,1,40 05:40.718,1.0,0,75 00:54.707,0,0,0,0,67301,0,0,0,N,0,0,0,3,67301,0,,1,1,,N,N,,0,,0,0,1,3,2,N,1130,0,2,0,0,0,0,0,3,4,0,2,3,,N,,,,,,,,,,,
2009083746,1512.0,1,0,0,0,0,0,0,0,0,1,0,,67,7,2009,6,40.0187,-75.1017,1507.0,6,0,0,0,0,0,0,0,0,1.0,0,0,0,14,1,1,3,,1,40 01:07.309,4.0,0,75 06:05.983,4,0,0,0,67301,0,0,0,,0,0,0,2,67301,1,,1,1,,N,N,,0,,0,0,1,3,3,Y,1403,1,2,0,0,0,0,0,3,4,0,2,3,,N,,,,,,,,,,,
2009097167,1535.0,1,0,0,0,0,0,0,0,0,4,0,99.0,67,9,2009,3,40.0057,-75.1011,1535.0,6,0,0,0,0,0,0,0,0,9.0,0,0,0,15,1,1,1,,1,40 00:20.425,4.0,0,75 06:03.822,3,0,0,0,67301,0,0,0,N,0,0,0,2,67301,0,,1,1,,N,N,,1,,1,0,0,3,2,N,1530,1,2,0,0,1,0,0,3,4,0,2,3,,Y,8.0,3.0,Y,U,U,N,U,U,U,Y,
2009049573,2010.0,0,0,0,0,0,0,0,0,0,4,0,,67,4,2009,5,39.9986,-75.1303,2000.0,6,0,0,0,0,0,0,0,0,,0,0,0,20,3,2,2,,0,39 59:55.124,,0,75 07:49.167,4,0,0,1,67301,0,0,0,N,0,0,0,3,67301,1,,1,9,,N,N,,0,,0,0,0,3,3,,2000,2,2,0,0,1,1,0,3,4,1,2,3,,N,,,,,,,,,,,
2010016994,720.0,1,0,0,0,0,0,1,0,0,1,1,,67,12,2009,5,39.9461,-75.1985,702.0,6,0,0,0,0,0,1,0,0,,0,0,0,7,3,1,2,,0,39 56:45.926,,0,75 11:54.625,8,0,0,0,67301,0,0,0,N,0,0,0,2,67301,0,,1,2,,N,N,,0,,0,0,0,3,2,,702,1,2,0,0,0,1,0,3,4,0,2,10,,N,,,,,,,,,,,
2010017144,954.0,0,0,0,0,0,0,0,0,0,1,0,,67,12,2009,5,39.8975,-75.2525,936.0,6,0,0,0,0,0,0,0,0,,0,0,0,7,1,0,1,,0,39 53:50.875,,0,75 15:07.486,0,0,0,0,67301,0,0,0,,0,0,0,1,67301,0,,1,2,,,,,1,,0,0,1,2,2,,700,0,2,0,0,0,0,0,3,4,0,2,10,,N,,,,,,,,,,,
2010021692,630.0,0,0,0,0,0,0,0,0,0,1,0,,67,11,2009,2,39.9461,-75.1985,630.0,6,0,0,0,0,0,1,0,0,2.0,0,0,0,6,1,2,1,,1,39 56:45.926,3.0,0,75 11:54.625,8,0,0,0,67301,0,0,0,N,0,0,0,3,67301,0,,1,1,,N,N,,1,,0,0,1,3,2,N,630,2,2,0,0,0,2,0,3,4,0,2,3,,N,,,,,,,,,,,
2010002762,1655.0,2,0,0,0,0,0,0,0,0,1,0,,67,12,2009,4,40.1002,-75.0217,1639.0,6,0,0,0,0,0,0,0,0,,0,0,0,16,3,1,1,,0,40 06:00.676,,0,75 01:18.249,8,0,0,0,67301,0,0,0,N,0,0,0,2,67301,0,,1,9,,N,N,,0,,0,0,0,2,2,,1635,1,2,0,0,0,1,0,3,4,0,2,7,,N,,,,,,,,,,,
2010005615,821.0,2,0,0,0,0,0,0,0,0,1,0,,67,12,2009,4,40.0372,-75.0396,819.0,6,0,0,0,0,0,0,0,0,9.0,0,0,0,8,1,1,2,,1,40 02:13.781,1.0,0,75 02:22.718,4,0,0,0,67301,0,0,0,,0,0,0,4,67301,1,,1,1,,,,,0,,0,0,0,0,0,Y,815,1,2,0,0,0,0,0,3,4,0,2,3,,N,,,,,,,,,,,
2010002789,1945.0,1,0,0,0,0,0,0,0,0,4,0,,67,12,2009,4,39.9967,-75.1066,1940.0,6,1,0,0,0,0,1,0,0,,0,0,0,19,3,1,1,,0,39 59:48.058,,0,75 06:23.849,3,0,0,0,67301,0,0,0,,0,0,0,2,67301,0,,1,1,,N,N,,0,,1,0,0,3,3,,1935,1,2,0,0,0,0,0,3,4,0,2,3,,N,,,,,,,,,,,
2010005662,240.0,2,0,0,0,0,0,0,0,0,4,0,,67,12,2009,4,39.9772,-75.21,232.0,6,0,0,0,0,0,0,0,0,,1,0,0,2,3,3,1,,0,39 58:38.056,,0,75 12:35.927,1,0,0,0,67301,0,0,0,,0,0,0,5,67301,3,2.0,1,9,,N,N,,0,0.0,0,0,0,3,3,,232,3,2,1,0,4,0,0,3,4,0,2,7,,N,,,,,,,,,,,
2009078886,14.0,1,0,0,0,0,0,0,0,0,7,0,,67,7,2009,1,39.967,-75.1799,12.0,6,0,0,0,0,0,0,0,0,,0,0,0,0,3,0,0,,0,39 58:01.509,,0,75 10:48.171,0,0,0,0,67301,0,0,0,,0,0,0,1,67301,0,,4,1,,N,N,,0,,0,0,0,0,0,,9,0,1,0,0,0,0,0,3,4,0,1,3,,N,,,,,,,,,,,
2009097183,553.0,2,0,0,0,0,0,0,0,0,1,0,,67,9,2009,1,39.9196,-75.1741,550.0,6,0,0,0,0,0,0,0,0,1.0,0,0,0,5,3,0,0,,2,39 55:10.567,1.0,0,75 10:26.677,0,0,0,0,67301,0,0,0,N,0,0,0,1,67301,0,,1,1,,N,N,,0,,0,0,1,0,0,Y,550,0,3,0,0,1,0,0,3,4,0,3,3,,N,,,,,,,,,,,
2009049588,100.0,1,0,0,0,0,0,0,0,0,5,0,,67,4,2009,6,40.0364,-75.1304,55.0,6,0,0,0,0,0,0,0,0,,0,0,0,0,3,1,0,,0,40 02:11.118,,0,75 07:49.563,4,0,0,0,67301,0,0,0,N,0,0,0,1,67301,1,,6,1,,N,N,,0,,0,0,2,3,2,,50,1,3,0,0,0,0,0,3,4,0,3,3,,N,,,,,,,,,,,
2010004455,812.0,1,0,0,0,0,0,0,0,0,7,0,,67,12,2009,7,40.0387,-75.0087,752.0,6,0,0,0,0,0,0,0,0,1.0,0,0,0,7,1,1,0,,1,40 02:19.680,1.0,0,75 00:30.600,4,0,0,0,67301,0,0,0,N,0,0,0,2,68K01,1,,2,7,,N,N,,0,,0,0,0,0,0,N,751,1,1,0,0,0,0,0,3,4,0,1,10,,N,,,,,,,,,,,
2010011083,435.0,1,0,0,0,0,0,0,0,0,7,0,,67,12,2009,4,40.1133,-75.0268,432.0,6,0,0,0,0,0,0,0,0,,0,0,0,4,3,0,0,,0,40 06:47.912,,0,75 01:36.634,0,0,0,0,67301,0,0,0,N,0,0,0,1,67301,0,,5,1,,N,N,,0,,0,0,0,0,0,,432,0,1,0,0,1,0,0,3,4,0,1,3,,N,,,,,,,,,,,
2010011142,1820.0,1,0,0,0,0,0,0,0,0,4,0,,67,12,2009,4,40.0935,-74.9802,1820.0,6,0,0,0,0,0,0,0,0,,0,0,0,16,3,2,1,,0,40 05:36.611,,0,74 58:48.599,8,0,0,0,67301,0,0,0,N,0,0,0,2,67301,0,,1,1,,N,N,,1,,0,0,0,3,2,,1620,2,2,0,0,0,2,0,3,4,0,2,3,,N,,,,,,,,,,,
2010011185,1610.0,0,0,0,0,0,0,0,0,0,4,0,,67,12,2009,5,40.0441,-75.0619,1606.0,6,0,0,0,0,0,0,0,0,,0,0,0,16,1,1,1,,0,40 02:38.730,,0,75 03:42.723,4,0,0,0,67301,0,0,0,,0,0,0,2,67301,1,,1,2,,N,,,1,,0,0,1,3,2,,1605,1,2,0,0,0,0,0,3,4,0,2,3,,N,,,,,,,,,,,
2010011424,1328.0,2,0,0,0,0,0,0,0,0,4,0,,67,12,2009,3,40.0368,-75.0644,1322.0,6,0,0,0,0,0,0,0,0,2.0,0,0,0,13,1,2,1,,2,40 02:12.339,3.0,0,75 03:51.744,8,0,0,0,67301,0,0,0,N,0,0,0,2,67301,0,,1,2,,N,N,,0,,0,0,0,3,2,Y,1318,2,2,0,0,0,2,0,3,4,0,2,3,,N,,,,,,,,,,,
2010018934,21.0,0,0,0,0,0,0,0,0,0,7,0,,67,12,2009,2,40.0292,-75.1051,18.0,6,0,0,0,0,0,0,0,0,1.0,0,0,0,0,3,0,0,,1,40 01:44.895,1.0,0,75 06:18.540,0,0,0,0,67301,0,0,0,Y,0,0,0,1,67301,0,,5,9,,N,N,,0,,0,0,1,0,0,N,17,0,1,0,0,0,0,0,3,4,0,1,10,,N,,,,,,,,,,,
2010005532,2205.0,1,0,0,0,0,0,0,0,0,1,0,,67,12,2009,6,39.9834,-75.1464,2205.0,6,0,0,0,0,0,0,0,0,,0,0,0,22,3,1,1,,0,39 59:00.214,,0,75 08:47.198,3,0,0,0,67301,0,0,0,N,0,0,0,1,67301,0,,6,1,,N,N,,0,,1,0,0,0,0,,2205,1,2,0,0,1,0,0,3,4,1,2,3,,N,,,,,,,,,,,
2010005607,1650.0,1,0,0,1,0,0,0,0,0,5,0,,67,12,2009,6,39.9614,-75.1913,1645.0,6,0,0,0,0,0,0,0,0,,0,0,0,16,4,1,0,,0,39 57:41.180,,0,75 11:28.608,4,0,0,0,67301,1,0,0,N,0,0,0,2,67301,1,,1,1,,N,N,,0,,0,0,0,0,0,,1605,1,2,0,0,0,0,0,3,4,0,1,3,,N,,,,,,,,,,,
2010005657,1347.0,0,0,0,0,0,0,0,0,0,8,0,,67,12,2009,7,39.9868,-75.1013,1343.0,6,0,0,0,0,0,1,0,0,,0,0,0,13,1,1,1,,0,39 59:12.562,,0,75 06:04.669,8,0,0,0,67301,1,0,0,N,1,0,0,2,64301,0,,1,9,,N,N,,1,,0,0,0,9,3,,1340,1,2,0,0,0,1,0,3,4,0,1,7,,N,,,,,,,,,,,
2010017112,617.0,2,0,0,0,0,0,0,0,0,2,0,,67,12,2009,6,39.9562,-75.1941,613.0,6,0,0,0,0,0,0,0,0,9.0,0,0,0,22,3,2,2,,2,39 57:22.144,3.0,0,75 11:38.868,8,0,0,0,67301,0,0,0,N,0,0,0,4,67301,0,,1,1,,N,N,,0,,0,0,0,0,0,N,2215,2,2,0,0,0,2,0,3,4,0,2,3,,N,,,,,,,,,,,
2010011420,1831.0,2,0,0,0,0,0,0,0,0,5,0,,67,12,2009,5,40.0436,-75.1436,1831.0,6,0,0,0,0,0,0,0,0,,0,0,0,0,3,0,0,,0,40 02:37.137,,0,75 08:37.027,0,0,0,0,67301,2,0,0,N,0,0,0,5,67301,0,,1,9,,N,N,,0,,0,0,0,0,0,,18,0,3,0,0,0,0,0,3,4,1,3,7,,N,,,,,,,,,,,
2010011451,2323.0,2,0,0,0,0,0,0,0,0,5,0,,67,12,2009,2,40.0028,-75.1693,2259.0,6,0,0,0,0,0,0,0,0,3.0,0,0,0,22,3,0,0,,2,40 00:09.943,2.0,0,75 10:09.400,0,0,0,0,67301,0,0,0,,0,0,0,1,67301,0,,6,1,,N,,,1,,0,0,0,0,0,Y,2258,0,4,0,0,1,0,0,3,4,1,4,3,,N,,,,,,,,,,,
2010018890,2134.0,0,0,0,0,0,0,0,0,0,2,1,,67,12,2009,7,40.0558,-75.0284,2124.0,6,0,0,1,0,0,0,0,0,,0,1,0,21,3,1,0,,0,40 03:20.746,,0,75 01:42.279,8,0,0,0,67301,0,0,0,N,0,0,0,3,67301,0,,1,7,,N,Y,,0,,0,0,0,0,0,,2115,1,2,0,0,0,1,0,3,4,0,2,10,,N,,,,,,,,,,,
2010004639,1037.0,1,0,0,0,0,0,0,0,0,1,0,,67,12,2009,3,39.9744,-75.1943,1020.0,6,0,0,0,0,0,1,0,0,,0,0,0,10,1,0,0,,0,39 58:31.345,,0,75 11:41.021,0,0,0,0,67301,0,0,0,N,0,0,0,2,68K01,0,,1,1,,N,N,,0,,0,0,1,0,0,,1018,0,2,0,0,0,0,0,3,4,0,2,3,,N,,,,,,,,,,,
2010003682,1630.0,2,0,0,0,0,0,0,0,0,1,0,,67,12,2009,2,39.9982,-75.0814,1617.0,6,0,0,0,0,0,1,0,0,,0,0,0,16,1,0,0,,0,39 59:53.247,,0,75 04:53.275,0,0,0,0,67301,0,0,0,N,0,0,0,5,68K01,0,,1,1,,N,N,,0,,0,0,2,0,0,,1615,0,4,0,0,0,0,0,3,4,0,4,3,,N,,,,,,,,,,,
2010002917,1749.0,1,0,0,0,0,0,0,0,0,8,0,,67,11,2009,6,40.0239,-75.1691,1747.0,6,0,0,0,0,0,0,0,0,,0,0,0,17,3,1,1,,0,40 01:25.928,,0,75 10:08.849,2,0,0,0,67301,1,0,1,N,1,0,1,2,67301,0,,7,1,,N,N,,0,,0,1,0,9,3,,1746,1,2,0,0,0,0,1,3,4,0,1,3,,N,,,,,,,,,,,
2010003065,2228.0,1,0,0,0,0,0,0,0,0,7,0,,67,11,2009,2,40.0712,-75.2407,2221.0,6,0,0,0,0,0,0,0,0,,0,0,0,22,3,0,0,,0,40 04:16.204,,0,75 14:26.538,0,0,0,0,67301,0,0,0,,0,0,0,1,67301,0,,5,9,,,,,0,,0,0,0,0,0,,2200,0,1,0,0,0,0,0,3,4,0,1,7,,N,,,,,,,,,,,
2010005592,950.0,2,0,0,0,0,0,0,0,0,4,0,,67,12,2009,2,39.9592,-75.223,947.0,6,0,0,0,0,0,0,1,0,,0,0,0,9,1,2,2,,0,39 57:33.145,,0,75 13:22.933,2,0,0,0,67301,0,0,0,N,0,0,0,3,67301,0,,1,1,,N,N,,0,,0,2,0,3,3,,945,2,2,0,0,0,0,0,3,4,0,2,3,,N,,,,,,,,,,,
2010005635,1236.0,1,0,0,0,0,0,0,0,0,2,0,,67,12,2009,6,40.0406,-75.1787,1234.0,6,0,0,0,0,0,0,1,0,,0,0,0,12,1,0,1,,0,40 02:26.028,,0,75 10:43.376,0,0,0,0,67301,0,0,0,N,0,0,0,2,67301,0,,1,1,,N,N,,0,,0,0,1,3,2,,1230,0,2,0,0,0,0,0,3,4,0,2,3,,N,,,,,,,,,,,
2010003185,206.0,1,0,0,0,0,0,0,0,0,7,0,,67,11,2009,3,40.0482,-75.0515,204.0,6,0,0,0,0,0,0,0,0,1.0,0,0,0,2,3,1,0,,1,40 02:53.599,2.0,0,75 03:05.278,4,0,0,0,67301,0,0,0,Y,0,0,0,1,67301,1,,3,1,,N,N,,0,,0,0,0,0,0,N,200,1,1,0,0,0,0,0,3,4,0,1,3,,N,,,,,,,,,,,
2010006270,1254.0,0,0,0,0,0,0,0,0,0,4,0,,67,12,2009,7,39.9669,-75.2299,1247.0,6,0,0,0,0,1,0,0,0,,0,0,0,99,3,2,1,,0,39 58:00.887,,0,75 13:47.555,8,0,0,0,67301,0,0,0,N,0,0,0,3,67301,0,,1,1,,N,N,,2,,0,0,0,3,2,,9999,2,2,0,0,0,2,0,3,4,0,2,3,,N,,,,,,,,,,,
2010010079,0.0,2,0,1,0,0,0,0,0,0,1,0,,67,7,2009,5,40.0497,-75.1717,0.0,6,0,0,0,0,0,1,0,0,,0,0,0,7,6,1,1,,0,40 02:58.996,,0,75 10:18.239,2,0,0,0,67301,0,0,0,N,0,0,0,2,00000,0,,1,9,,N,N,,0,,0,1,0,3,2,,745,1,2,0,0,0,0,1,3,4,0,2,98,,N,,,,,,,,,,,
2010010596,0.0,1,0,0,0,0,0,0,0,0,1,0,,67,12,2009,1,40.0021,-75.1326,0.0,6,0,0,0,0,0,0,0,0,,0,0,0,20,3,0,1,,0,40 00:07.592,,0,75 07:57.262,0,0,0,0,67301,0,0,0,,0,0,0,2,00000,0,,1,1,,,,,0,,0,0,1,3,2,,2030,0,2,0,0,0,0,0,3,4,0,2,3,,N,,,,,,,,,,,
2010011210,104.0,1,0,0,0,0,0,0,0,0,7,0,,67,12,2009,5,39.9251,-75.245,100.0,6,0,0,0,0,0,0,0,0,,0,0,0,0,3,1,0,,0,39 55:30.338,,0,75 14:42.019,3,0,0,0,67301,0,0,0,,0,0,0,1,67301,0,,5,1,,N,N,,0,,1,0,0,0,0,,55,1,1,0,0,0,0,0,3,4,0,1,3,,N,,,,,,,,,,,
2010011199,1805.0,1,0,0,0,0,0,0,0,0,7,0,,67,12,2009,4,40.0165,-75.1581,1805.0,6,0,0,0,0,0,0,0,1,,0,0,0,18,3,2,0,,0,40 00:59.313,,0,75 09:29.164,8,0,0,0,67301,0,0,0,N,0,0,0,2,67301,0,,5,1,,N,N,,0,,0,0,0,0,0,,1803,2,1,0,0,0,2,0,3,4,0,1,3,,N,,,,,,,,,,,
2010017178,832.0,1,0,0,0,0,0,0,0,0,8,0,,67,12,2009,4,40.0232,-75.1711,828.0,6,0,0,0,0,0,0,0,0,,0,0,0,8,1,1,0,,0,40 01:23.613,,0,75 10:16.071,8,0,0,0,67301,1,0,0,,1,0,0,2,67301,0,,1,6,,,,,0,,0,0,0,0,0,,826,1,2,0,0,0,1,0,3,4,0,1,3,,N,,,,,,,,,,,
2010018933,1200.0,2,0,0,0,0,0,0,0,0,4,0,,67,6,2009,7,39.9178,-75.1583,1157.0,6,0,0,0,0,1,0,0,0,,0,0,0,11,1,0,1,,0,39 55:04.119,,0,75 09:29.768,0,0,0,0,67301,0,0,0,,0,0,0,2,67301,0,,1,9,,,,,0,,0,0,0,3,3,,1123,0,2,0,0,0,0,0,3,4,0,2,7,,N,,,,,,,,,,,
2010005598,352.0,1,0,0,0,0,0,0,0,0,8,0,,67,12,2009,7,39.9476,-75.1592,345.0,6,0,0,0,0,0,0,0,0,,0,0,0,99,3,1,1,,0,39 56:51.180,,0,75 09:33.213,8,0,0,0,67301,1,0,0,,1,0,0,2,67301,0,,1,1,,,,,0,,0,0,0,3,2,,9999,1,2,0,0,0,1,1,3,4,0,1,3,,N,,,,,,,,,,,
2010005661,2216.0,1,0,0,0,0,0,0,0,0,5,0,,67,12,2009,7,39.9628,-75.2106,2204.0,6,0,0,0,0,0,0,0,0,,0,0,0,21,6,0,0,,0,39 57:46.015,,0,75 12:38.066,0,0,0,0,67301,0,0,0,N,0,0,0,1,67301,0,,6,1,,N,N,,0,,0,0,0,0,0,,2140,0,2,0,0,0,0,0,3,4,0,2,99,,N,,,,,,,,,,,
2010011521,1344.0,1,0,0,0,0,0,0,0,0,4,0,,67,12,2009,3,39.9318,-75.1497,1343.0,6,0,0,0,0,0,0,0,0,,0,0,0,13,1,1,1,,0,39 55:54.451,,0,75 08:59.006,8,0,0,0,67301,0,0,0,,0,0,0,3,67301,0,,1,1,,,,,1,,0,0,0,3,3,,1340,1,2,0,0,0,1,0,3,4,0,2,3,,N,,,,,,,,,,,
2010020098,1655.0,2,0,0,0,0,0,0,0,0,4,0,,67,11,2009,2,40.0341,-75.0712,1650.0,6,0,0,0,0,0,0,1,0,,0,0,0,16,3,0,0,,0,40 02:02.779,,0,75 04:16.476,0,0,0,0,67301,0,0,0,,0,0,0,2,67301,0,,1,9,,,,,0,,0,0,0,0,0,,1600,0,2,0,0,0,0,0,3,4,0,2,7,,N,,,,,,,,,,,
2010002528,2256.0,2,0,0,0,0,0,0,0,0,4,0,,67,12,2009,5,39.8908,-75.2385,2252.0,6,0,0,0,0,0,0,0,0,,0,0,0,22,3,0,0,,0,39 53:26.640,,0,75 14:19.300,0,0,0,0,67301,0,0,0,N,0,0,0,3,68K01,0,,1,1,,N,N,,0,,0,0,0,0,0,,2250,0,2,0,0,0,0,0,3,4,0,2,3,,N,,,,,,,,,,,
2010042379,1255.0,2,0,0,0,0,0,0,0,0,1,0,,67,12,2009,6,40.0038,-75.1322,1246.0,6,0,0,0,0,0,0,0,0,,0,0,0,21,3,2,0,,0,40 00:13.748,,0,75 07:56.071,2,0,0,0,67301,0,0,0,,0,0,0,5,67301,1,,1,1,,,,,0,,0,1,0,0,0,,2152,2,2,0,1,2,0,3,3,4,0,2,3,,N,,,,,,,,,,,
2010002738,1018.0,2,0,0,0,0,0,0,0,0,5,0,,67,12,2009,5,40.1141,-75.0222,1016.0,6,0,0,0,0,0,0,1,0,2.0,0,0,0,10,1,1,0,,1,40 06:50.624,1.0,0,75 01:19.914,4,0,0,0,67301,0,0,0,,0,0,0,1,67301,1,,2,1,,,,,0,,0,0,0,0,0,Y,1014,1,2,0,0,0,0,0,3,4,0,2,3,,N,,,,,,,,,,,
2010005567,650.0,2,0,0,0,0,0,0,0,0,1,0,,67,12,2009,3,40.0567,-75.0284,648.0,6,0,0,0,0,0,1,0,0,,0,0,0,6,1,0,5,,0,40 03:24.231,,0,75 01:42.351,0,0,0,0,67301,0,0,0,N,0,0,0,3,67301,0,,1,1,,N,N,,1,,0,0,0,3,2,,645,0,3,0,0,0,0,0,3,4,0,3,3,,N,,,,,,,,,,,
2009081541,1605.0,1,0,0,0,0,0,0,0,0,5,0,,67,7,2009,6,39.9582,-75.2355,1604.0,6,0,0,0,0,0,0,0,0,,0,0,0,15,1,1,1,,0,39 57:29.526,,0,75 14:07.849,4,0,0,1,67301,0,0,0,N,0,0,0,2,67301,1,,1,1,,N,N,,0,,0,0,0,3,2,,1534,1,2,0,0,0,0,0,3,4,0,2,3,,N,,,,,,,,,,,
2009063910,1612.0,0,0,0,0,0,0,1,0,0,8,1,,67,5,2009,4,39.94,-75.1662,1610.0,6,0,0,0,0,0,1,0,0,3.0,0,0,0,16,1,1,1,,2,39 56:24.070,2.0,0,75 09:58.832,3,0,0,0,67301,1,0,0,,1,0,0,2,67301,0,,1,1,,Y,,,0,,1,0,0,3,2,Y,1608,1,2,0,0,0,0,0,3,4,0,1,3,,N,,,,,,,,,,,
2010011184,1725.0,1,0,0,0,0,0,0,0,0,4,0,,67,12,2009,4,40.0449,-75.0803,1719.0,6,0,0,0,0,0,1,0,0,,0,0,0,17,3,1,1,,0,40 02:41.686,,0,75 04:49.238,4,0,0,0,67301,1,0,0,N,1,0,0,2,67301,1,,1,1,,N,N,,0,,0,0,0,3,2,,1715,1,2,0,0,0,0,1,3,4,0,1,3,,N,,,,,,,,,,,
2010011523,1006.0,2,0,0,0,0,0,0,0,0,4,0,,67,12,2009,4,39.977,-75.2264,1006.0,6,0,0,0,0,0,0,0,0,,0,0,0,10,1,1,0,,0,39 58:37.373,,7,75 13:35.056,8,0,0,0,67301,0,0,0,N,0,0,0,3,67301,0,,1,1,,N,N,,0,,0,0,0,0,0,,1000,1,2,0,0,0,1,2,3,4,0,2,3,,N,,,,,,,,,,,
2010011564,900.0,1,0,0,0,0,0,0,0,0,7,0,,67,12,2009,5,40.0745,-74.9994,852.0,6,0,0,0,0,0,0,0,0,,0,0,0,8,1,0,0,,0,40 04:28.099,,0,74 59:57.890,0,0,0,0,67301,0,0,0,N,0,0,0,1,67301,0,,4,7,,N,N,,0,,0,0,0,0,0,,840,0,1,0,0,0,0,0,3,4,0,1,10,,N,,,,,,,,,,,
2010018931,1616.0,2,0,0,0,0,0,0,0,0,5,0,,67,12,2009,6,40.048,-75.0134,1610.0,6,0,0,0,0,0,0,0,0,2.0,0,0,0,16,1,2,0,,2,40 02:52.648,2.0,0,75 00:48.264,4,0,0,0,67301,0,0,0,N,0,0,0,5,67301,2,,1,1,,N,N,,0,,0,0,0,0,0,Y,1605,2,3,0,0,2,0,1,3,4,0,3,3,,N,,,,,,,,,,,
2010002522,1047.0,1,0,0,0,0,0,0,0,0,7,0,,67,12,2009,1,40.0242,-75.0301,1028.0,6,0,0,0,0,1,0,0,0,,0,0,0,10,1,1,0,,0,40 01:28.916,,2,75 01:46.528,4,0,0,0,67301,0,0,0,N,0,0,0,1,68K01,1,,2,9,,N,N,,0,,0,0,0,0,0,,1025,1,1,0,0,1,0,0,3,4,0,1,3,,N,,,,,,,,,,,
2010005512,938.0,0,0,0,0,0,0,0,0,0,4,0,,67,12,2009,1,40.0641,-75.2396,929.0,6,0,0,0,0,0,0,0,0,,0,0,0,9,1,1,1,,0,40 03:53.227,,0,75 14:23.084,4,0,0,0,67301,0,0,0,N,0,0,0,3,67301,1,,1,2,,N,N,,1,,0,0,1,3,2,,923,1,2,0,0,0,0,0,3,4,0,2,98,,N,,,,,,,,,,,
2010005544,58.0,4,0,0,0,0,0,0,0,0,1,0,,67,12,2009,7,39.9576,-75.206,57.0,6,0,0,0,0,0,0,0,0,1.0,0,0,0,0,3,1,1,,1,39 57:27.636,4.0,8,75 12:21.631,4,0,0,0,67301,0,0,0,N,0,0,0,4,67301,1,,1,1,,N,N,,0,,0,0,0,3,2,N,55,1,4,0,0,0,0,0,3,4,0,4,3,,N,,,,,,,,,,,