CRN,ARRIVAL_TM,AUTOMOBILE_COUNT,BELTED_DEATH_COUNT,BELTED_SUSP_SERIOUS_INJ_COUNT,BICYCLE_COUNT,BICYCLE_DEATH_COUNT,BICYCLE_SUSP_SERIOUS_INJ_COUNT,BUS_COUNT,CHLDPAS_DEATH_COUNT,CHLDPAS_SUSP_SERIOUS_INJ_COUNT,COLLISION_TYPE,COMM_VEH_COUNT,CONS_ZONE_SPD_LIM,COUNTY,CRASH_MONTH,CRASH_YEAR,DAY_OF_WEEK,DEC_LAT,DEC_LONG,DISPATCH_TM,DISTRICT,DRIVER_COUNT_16YR,DRIVER_COUNT_17YR,DRIVER_COUNT_18YR,DRIVER_COUNT_19YR,DRIVER_COUNT_20YR,DRIVER_COUNT_50_64YR,DRIVER_COUNT_65_74YR,DRIVER_COUNT_75PLUS,EST_HRS_CLOSED,FATAL_COUNT,HEAVY_TRUCK_COUNT,HORSE_BUGGY_COUNT,HOUR_OF_DAY,ILLUMINATION,INJURY_COUNT,INTERSECT_TYPE,INTERSECTION_RELATED,LANE_CLOSED,LATITUDE,LN_CLOSE_DIR,LOCATION_TYPE,LONGITUDE,MAX_SEVERITY_LEVEL,MCYCLE_DEATH_COUNT,MCYCLE_SUSP_SERIOUS_INJ_COUNT,MOTORCYCLE_COUNT,MUNICIPALITY,NONMOTR_COUNT,NONMOTR_DEATH_COUNT,NONMOTR_SUSP_SERIOUS_INJ_COUNT,NTFY_HIWY_MAINT,PED_COUNT,PED_DEATH_COUNT,PED_SUSP_SERIOUS_INJ_COUNT,PERSON_COUNT,POLICE_AGCY,POSSIBLE_INJ_COUNT,RDWY_SURF_TYPE_CD,RELATION_TO_ROAD,ROAD_CONDITION,ROADWAY_CLEARED,SCH_BUS_IND,SCH_ZONE_IND,SECONDARY_CRASH,SMALL_TRUCK_COUNT,SPEC_JURIS_CD,SUSP_MINOR_INJ_COUNT,SUSP_SERIOUS_INJ_COUNT,SUV_COUNT,TCD_FUNC_CD,TCD_TYPE,TFC_DETOUR_IND,TIME_OF_DAY,TOT_INJ_COUNT,TOTAL_UNITS,UNB_DEATH_COUNT,UNB_SUSP_SERIOUS_INJ_COUNT,UNBELTED_OCC_COUNT,UNK_INJ_DEG_COUNT,UNK_INJ_PER_COUNT,URBAN_AREA,URBAN_RURAL,VAN_COUNT,VEHICLE_COUNT,WEATHER1,WEATHER2,WORK_ZONE_IND,WORK_ZONE_LOC,WORK_ZONE_TYPE,WORKERS_PRES,WZ_CLOSE_DETOUR,WZ_FLAGGER,WZ_LAW_OFFCR_IND,WZ_LN_CLOSURE,WZ_MOVING,WZ_OTHER,WZ_SHLDER_MDN,WZ_WORKERS_INJ_KILLED
2010002887,2047.0,0,0,0,0,0,0,0,0,0,1,0,,67,11,2009,1,39.9552,-75.2063,2045.0,6,0,0,0,0,0,0,0,0,,0,0,0,20,3,3,0,,0,39 57:18.792,,0,75 12:22.766,3,0,0,0,67301,0,0,0,N,0,0,0,14,67301,2,,1,1,,N,N,,0,,1,0,0,0,0,,2040,3,2,0,0,7,0,0,3,4,2,2,3,,N,,,,,,,,,,,
2010003061,1945.0,1,0,0,1,0,0,0,0,0,4,0,,67,12,2009,4,40.0216,-75.1244,1939.0,6,0,0,0,0,0,0,0,0,,0,0,0,19,3,1,1,,0,40 01:17.655,,0,75 07:27.663,4,0,0,0,67301,1,0,0,,0,0,0,2,67301,1,,1,9,,N,N,,0,,0,0,0,0,0,,1939,1,2,0,0,0,0,0,3,4,0,1,7,,N,,,,,,,,,,,
2010005632,1934.0,1,0,0,0,0,0,0,0,0,8,0,,67,12,2009,3,39.9427,-75.2101,1826.0,6,0,0,0,0,0,0,0,1,,0,0,0,18,3,1,0,,0,39 56:33.777,,0,75 12:36.525,4,0,0,0,67301,1,0,0,N,1,0,0,2,67301,1,,1,1,,N,N,,0,,0,0,0,3,3,,1816,1,2,0,0,0,0,0,3,4,0,1,3,,N,,,,,,,,,,,
2010003247,1615.0,2,0,0,0,0,0,0,0,0,1,0,,67,12,2009,7,40.0144,-75.0858,1610.0,6,0,0,0,0,0,0,0,0,,0,0,0,14,1,1,1,,0,40 00:51.897,,0,75 05:08.840,4,0,0,0,67301,0,0,0,N,0,0,0,3,67301,1,,1,9,,N,N,,0,,0,0,0,9,2,,1400,1,2,0,0,0,0,1,3,4,0,2,7,,N,,,,,,,,,,,
2010003248,2359.0,1,0,0,0,0,0,0,0,0,4,0,,67,12,2009,6,39.9206,-75.1704,2355.0,6,0,0,0,0,0,0,0,0,,0,0,0,23,3,0,1,,0,39 55:14.279,,0,75 10:13.546,0,0,0,0,67301,0,0,0,N,0,0,0,2,67301,0,,1,1,,N,N,,1,,0,0,0,3,2,,2352,0,2,0,0,2,0,0,3,4,0,2,3,,N,,,,,,,,,,,
2010005745,1755.0,1,0,0,0,0,0,0,0,0,7,0,,67,12,2009,6,40.0991,-74.9862,1752.0,6,0,0,0,0,0,0,0,0,1.0,0,0,0,17,1,3,0,,2,40 05:56.744,4.0,0,74 59:10.402,8,0,0,0,67301,0,0,0,N,0,0,0,3,67301,0,,2,1,,N,N,,0,,0,0,0,0,0,N,1752,3,1,0,0,0,3,0,3,4,0,1,3,,N,,,,,,,,,,,
2010004633,221.0,1,0,0,0,0,0,0,0,0,7,0,,67,12,2009,7,39.9831,-75.2081,220.0,6,0,0,0,0,0,0,0,0,1.0,0,0,0,2,3,1,0,,2,39 59:02.968,3.0,0,75 12:29.994,4,0,0,0,67301,0,0,0,N,0,0,0,3,68K01,1,,3,9,,N,N,,0,,0,0,1,0,0,Y,216,1,2,0,0,0,0,0,3,4,0,2,7,,N,,,,,,,,,,,
2010002120,1859.0,2,0,0,0,0,0,0,0,0,1,0,,67,12,2009,4,39.8825,-75.2451,1827.0,6,0,0,0,0,0,0,0,0,,0,0,0,18,3,1,0,,0,39 52:53.010,,0,75 14:45.572,4,0,0,0,67301,0,0,0,N,0,0,0,4,68K01,1,,1,1,,N,N,,0,,0,0,0,0,0,,1811,1,2,0,0,0,0,1,3,4,0,2,3,,N,,,,,,,,,,,
2010002757,9999.0,1,0,0,0,0,0,0,0,0,2,0,,67,11,2009,2,39.8946,-75.2367,9999.0,6,0,0,0,0,0,1,0,0,3.0,0,0,0,99,3,1,5,,2,39 53:40.603,4.0,0,75 14:12.181,4,0,0,0,67301,0,0,0,N,0,0,0,2,67301,1,,1,1,,N,N,,1,,0,0,0,3,2,Y,9999,1,2,0,0,0,0,0,3,4,0,2,3,,N,,,,,,,,,,,
2010002806,827.0,1,0,0,0,0,0,0,0,0,1,0,,67,11,2009,3,39.9694,-75.1234,815.0,6,0,0,0,0,0,0,0,0,,0,0,0,8,1,1,0,,0,39 58:09.918,,0,75 07:24.077,4,0,0,0,67301,1,0,0,,0,0,0,2,67301,1,,6,9,,,,,1,,0,0,0,0,0,,807,1,2,0,0,0,0,0,3,4,0,2,7,,N,,,,,,,,,,,
2010019428,1624.0,3,0,0,0,0,0,0,0,0,4,0,,67,10,2009,5,39.9623,-75.1544,1622.0,6,0,0,0,0,0,0,0,0,,0,0,0,16,1,1,0,,0,39 57:44.319,,0,75 09:15.759,4,0,0,0,67301,1,0,0,,0,0,0,3,67301,1,,1,1,,,,,0,,0,0,0,2,2,,1622,1,3,0,0,0,0,0,3,4,0,3,3,,N,,,,,,,,,,,
2010039221,1638.0,2,0,0,0,0,0,0,0,0,1,0,,67,11,2009,7,40.0254,-75.0733,1637.0,6,0,0,0,0,0,1,0,0,2.0,0,0,0,16,4,3,1,,2,40 01:31.355,5.0,0,75 04:23.942,8,0,0,0,67301,0,0,0,,0,0,0,10,67301,0,,1,1,,N,,,0,,0,0,0,3,2,Y,1634,3,3,0,0,0,3,0,3,4,1,3,3,,N,,,,,,,,,,,
2010006385,2300.0,1,0,0,0,0,0,0,0,0,7,0,,67,12,2009,2,40.0024,-75.2239,2254.0,6,0,0,0,0,0,0,0,0,2.0,0,0,0,22,2,1,0,,2,40 00:10.181,6.0,0,75 13:22.572,8,0,0,0,67301,0,0,0,N,0,0,0,3,67301,0,,5,1,,N,N,,0,,0,0,0,0,0,Y,2230,1,1,0,0,0,1,0,3,4,0,1,3,,N,,,,,,,,,,,
2010005530,857.0,1,0,0,0,0,0,0,0,0,1,1,,67,12,2009,3,40.0746,-75.0348,854.0,6,0,0,0,0,0,0,0,0,,0,1,0,8,1,0,0,,0,40 04:28.668,,7,75 02:05.245,9,0,0,0,67301,0,0,0,N,0,0,0,2,67301,0,,1,9,,N,N,,0,,0,0,0,3,2,,852,0,2,0,0,0,0,1,3,4,0,2,3,,N,,,,,,,,,,,
2010002675,2256.0,0,0,0,0,0,0,0,0,0,7,0,,67,12,2009,1,39.9876,-75.0895,2252.0,6,0,0,0,0,0,0,0,0,1.0,0,0,0,22,3,0,0,,1,39 59:15.673,1.0,0,75 05:21.866,0,0,0,0,67301,0,0,0,N,0,0,0,2,68K01,0,,2,9,,N,N,,0,,0,0,2,0,0,N,2244,0,2,0,0,0,0,0,3,4,0,2,7,5.0,N,,,,,,,,,,,
2010002888,548.0,1,0,0,0,0,0,0,0,0,8,0,,67,11,2009,6,39.9571,-75.2019,545.0,6,0,0,0,0,0,0,1,0,1.0,0,0,0,5,3,1,1,,2,39 57:25.599,2.0,0,75 12:06.942,8,0,0,0,67301,1,0,0,N,1,0,0,2,67301,0,,1,9,,N,N,,0,,0,0,0,3,2,N,542,1,2,0,0,0,1,0,3,4,0,1,3,,N,,,,,,,,,,,
2010034700,1610.0,1,0,0,0,0,0,0,0,0,8,0,,67,12,2009,3,39.9546,-75.1648,1608.0,6,0,0,0,0,0,0,0,0,,0,0,0,16,1,1,2,,0,39 57:17.215,,0,75 09:58.983,8,0,0,0,67301,1,0,0,N,1,0,0,2,67301,0,,1,1,,N,N,,0,,0,0,0,3,2,,1607,1,2,0,0,0,1,0,3,4,0,1,3,,N,,,,,,,,,,,
2010005565,1629.0,2,0,0,0,0,0,0,0,0,1,0,,67,12,2009,4,39.9177,-75.1777,1629.0,6,0,0,0,0,0,0,0,0,,0,0,0,16,1,2,1,,0,39 55:03.752,,0,75 10:39.799,8,0,0,0,67301,0,0,0,N,0,0,0,3,67301,0,,1,1,,N,N,,0,,0,0,0,3,2,,1625,2,2,0,0,0,2,1,3,4,0,2,3,,N,,,,,,,,,,,
2010005609,1912.0,1,0,0,1,0,0,0,0,0,5,0,,67,12,2009,2,39.9504,-75.1917,1909.0,6,0,0,0,0,0,0,0,0,,0,0,0,19,3,1,1,,0,39 57:20.197,,0,75 11:22.128,4,0,0,0,67301,1,0,0,N,0,0,0,2,67301,1,,1,1,,N,N,,0,,0,0,0,0,0,,1909,1,2,0,0,1,0,0,3,4,0,1,3,,N,,,,,,,,,,,
2010005653,1525.0,0,0,0,0,0,0,0,0,0,1,0,,67,12,2009,5,39.9151,-75.1582,1516.0,6,0,0,0,0,0,1,0,0,,0,0,0,14,1,4,1,,0,39 54:54.351,,0,75 09:29.532,4,0,0,0,67301,0,0,0,,0,0,0,7,67301,4,,1,1,,,,,0,,0,0,2,3,2,,1455,4,2,0,0,0,0,0,3,4,0,2,3,,N,,,,,,,,,,,
2010005666,630.0,2,0,0,0,0,0,0,0,0,1,0,,67,12,2009,5,40.0057,-75.1011,628.0,6,0,0,0,0,0,1,0,0,,0,0,0,6,3,1,0,,0,40 00:20.443,,0,75 06:03.359,3,0,0,0,67301,0,0,0,,0,0,0,2,67301,0,,1,1,,N,N,,0,,1,0,0,0,0,,615,1,2,0,0,0,0,0,3,4,0,2,3,,N,,,,,,,,,,,
2010005543,1711.0,1,0,0,0,0,0,0,0,0,1,0,,67,12,2009,5,39.9566,-75.198,1711.0,6,0,0,0,0,0,0,0,0,,0,0,0,17,3,1,1,,0,39 57:24.145,,0,75 11:52.822,4,0,0,0,67301,0,0,0,,0,0,0,2,67301,1,,1,1,,N,N,,0,,0,0,0,3,2,,1709,1,2,0,0,1,0,0,3,4,0,2,3,,N,,,,,,,,,,,
2010003254,1238.0,0,0,0,1,0,0,0,0,0,4,0,,67,12,2009,5,39.9456,-75.165,1235.0,6,0,0,0,0,0,0,0,0,,0,0,0,12,1,1,1,,0,39 56:43.954,,0,75 09:54.099,8,0,0,0,67301,1,0,0,N,0,0,0,2,67301,0,,1,9,,N,N,,0,,0,0,1,3,2,,1227,1,2,0,0,0,1,0,3,4,0,1,7,,N,,,,,,,,,,,
2010006121,1756.0,1,0,0,0,0,0,0,0,0,4,0,,67,12,2009,7,39.9371,-75.2207,1754.0,6,0,0,0,0,0,1,0,0,,0,0,0,99,3,3,1,,0,39 56:13.675,,0,75 13:14.638,4,0,0,0,67301,0,0,0,,0,0,0,5,67301,3,,1,9,,,,,0,,0,0,0,0,0,,9999,3,2,0,0,0,0,0,3,4,1,2,7,,N,,,,,,,,,,,
2010006370,2312.0,1,0,0,0,0,0,0,0,0,7,0,,67,12,2009,4,39.9367,-75.2128,2309.0,6,0,0,0,0,0,0,0,0,2.0,0,0,0,23,3,5,0,,2,39 56:12.023,6.0,0,75 12:46.133,8,0,0,0,67301,0,0,0,N,0,0,0,6,67301,0,,2,1,,N,N,,0,,0,0,0,0,0,Y,2307,5,1,0,0,0,5,0,3,4,0,1,3,,N,,,,,,,,,,,
2010010578,0.0,1,0,0,0,0,0,0,0,0,1,0,,67,7,2009,4,39.9472,-75.1665,0.0,6,0,0,0,0,0,1,0,0,,0,0,0,18,1,1,1,,0,39 56:49.916,,0,75 09:59.252,8,0,0,0,67301,0,0,0,N,0,0,0,2,00000,0,,1,1,,N,N,,0,,0,0,0,3,2,,1800,1,2,0,0,0,1,1,3,4,0,2,3,,N,,,,,,,,,,,
2010005686,2001.0,2,0,0,0,0,0,0,0,0,5,0,,67,12,2009,4,40.0228,-75.0789,1957.0,6,0,0,0,0,0,0,0,0,1.0,0,0,0,19,3,1,0,,2,40 01:22.234,6.0,0,75 04:44.205,3,0,0,0,67301,0,0,0,,0,0,0,1,67301,0,,1,1,,,,,0,,1,0,0,0,0,Y,1957,1,2,0,0,0,0,0,3,4,0,2,3,,N,,,,,,,,,,,
2010011204,40.0,3,0,0,0,0,0,0,0,0,4,0,,67,12,2009,3,39.9556,-75.1575,38.0,6,0,0,0,0,0,0,0,0,,0,0,0,0,3,0,1,,0,39 57:20.134,,0,75 09:26.942,9,0,0,0,67301,0,0,0,N,0,0,0,2,67301,0,,1,9,,N,N,,0,,0,0,0,3,2,,35,0,3,0,0,0,0,1,3,4,0,3,10,,N,,,,,,,,,,,
2010012399,2115.0,2,0,0,0,0,0,0,0,0,5,0,,67,12,2009,5,39.9187,-75.2096,2110.0,6,0,0,0,1,0,0,0,0,,0,0,0,21,3,1,0,,0,39 55:07.437,,0,75 12:34.724,4,0,0,0,67301,0,0,0,N,0,0,0,3,67301,1,,1,9,,N,N,,0,,0,0,0,0,0,,2100,1,2,0,0,0,0,0,3,4,0,2,7,,N,,,,,,,,,,,
2010005366,1339.0,2,0,0,0,0,0,0,0,0,5,0,,67,12,2009,5,39.9579,-75.1628,1329.0,6,0,0,0,0,0,0,0,0,1.0,0,0,0,13,1,1,0,,1,39 57:28.440,3.0,0,75 09:46.080,4,0,0,0,67301,0,0,0,N,0,0,0,2,68K01,1,,1,9,,N,N,,0,,0,0,0,0,0,N,1327,1,2,0,0,0,0,0,3,4,0,2,7,,N,,,,,,,,,,,
2010005499,1221.0,2,0,0,0,0,0,0,0,0,6,0,,67,12,2009,4,39.9674,-75.1809,1218.0,6,0,0,0,0,0,0,0,0,,0,0,0,12,1,1,2,,0,39 58:02.991,,0,75 10:52.020,3,0,0,0,67301,0,0,0,,0,0,0,3,67301,0,,1,9,,,,,1,,1,0,0,3,2,,1218,1,3,0,0,0,0,0,3,4,0,3,7,,N,,,,,,,,,,,
2010005509,930.0,2,0,0,0,0,0,0,0,0,4,0,,67,12,2009,6,40.0395,-75.1544,920.0,6,0,0,0,1,0,0,0,0,,0,0,0,9,1,1,1,,0,40 02:22.248,,0,75 09:15.909,4,0,0,0,67301,0,0,0,N,0,0,0,2,67301,1,,1,1,,N,N,,0,,0,0,0,3,2,,930,1,2,0,0,0,0,0,3,4,0,2,3,,N,,,,,,,,,,,
2010005523,1930.0,2,0,0,0,0,0,0,0,0,1,0,,67,12,2009,3,40.1121,-75.0041,1926.0,6,0,0,0,0,0,0,0,0,,0,0,0,19,3,1,0,,0,40 06:43.510,,0,75 00:14.870,4,0,0,0,67301,0,0,0,N,0,0,0,3,67301,1,,1,1,,N,N,,1,,0,0,0,0,0,,1900,1,3,0,0,0,0,0,3,4,0,3,3,,N,,,,,,,,,,,
2010005623,800.0,2,0,0,0,0,0,0,0,0,2,0,,67,12,2009,4,39.9901,-75.1077,710.0,6,0,0,0,0,0,0,0,0,,0,0,0,7,1,0,2,,0,39 59:24.329,,0,75 06:27.646,0,0,0,0,67301,0,0,0,N,0,0,0,2,67301,0,,1,6,,N,N,,0,,0,0,1,0,0,,710,0,3,0,0,0,0,0,3,4,0,3,3,,N,,,,,,,,,,,
2010031391,0.0,1,0,0,0,0,0,0,0,0,5,1,,67,2,2009,2,39.9584,-75.167,0.0,6,0,0,0,0,0,1,0,0,,0,1,0,8,1,1,0,,0,39 57:30.267,,0,75 10:01.266,8,0,0,0,67301,0,0,0,,0,0,0,2,00000,0,,1,98,,,,,0,,0,0,0,0,0,,847,1,2,0,0,0,1,0,3,4,0,2,99,,N,,,,,,,,,,,
2009074559,2005.0,2,0,0,0,0,0,0,0,0,4,0,,67,6,2009,5,40.0327,-75.0722,1951.0,6,0,0,0,0,0,1,0,0,,0,0,0,19,1,1,1,,0,40 01:57.808,,1,75 04:19.924,8,0,0,0,67301,0,0,0,N,0,0,0,4,67301,0,,1,1,,N,N,,0,,0,0,0,3,2,,1940,1,2,0,0,0,1,0,3,4,0,2,3,,N,,,,,,,,,,,
2010002786,1950.0,3,0,0,0,0,0,0,0,0,1,0,,67,11,2009,1,39.9129,-75.1925,1950.0,6,0,0,0,0,0,0,0,0,2.0,0,0,0,19,3,1,0,,1,39 54:46.228,2.0,0,75 11:32.894,3,0,0,0,67301,0,0,0,N,0,0,0,4,67301,0,,1,1,,N,N,,0,,1,0,0,0,0,Y,1950,1,3,0,0,0,0,0,3,4,0,3,3,,N,,,,,,,,,,,
2010002903,745.0,2,0,0,0,0,0,0,0,0,4,0,,67,11,2009,1,39.9583,-75.1641,738.0,6,0,0,0,0,0,0,0,0,,0,0,0,7,1,1,1,,0,39 57:29.829,,0,75 09:50.647,3,0,0,0,67301,0,0,0,N,0,0,0,3,67301,0,,1,1,,N,N,,0,,1,0,0,3,2,,730,1,2,0,0,0,0,1,3,4,0,2,3,,N,,,,,,,,,,,
2010003064,557.0,1,0,0,0,0,0,0,0,0,8,0,,67,11,2009,2,39.9426,-75.2214,546.0,6,0,0,0,0,0,0,0,0,,0,0,0,5,3,1,1,,0,39 56:33.464,,0,75 13:17.018,4,0,0,0,67301,1,0,0,,1,0,0,2,67301,1,,1,9,,,,,0,,0,0,0,3,1,,540,1,2,0,0,0,0,0,3,4,0,1,7,,N,,,,,,,,,,,
2010003082,1517.0,2,0,0,0,0,0,0,0,0,4,0,,67,11,2009,7,39.9682,-75.2302,1415.0,6,0,0,0,0,1,0,0,0,,0,0,0,14,1,1,2,,0,39 58:05.610,,0,75 13:48.680,8,0,0,0,67301,0,0,0,N,0,0,0,3,67301,0,,1,1,,N,N,,0,,0,0,0,0,0,,1410,1,2,0,0,0,1,0,3,4,0,2,3,,N,,,,,,,,,,,
2010005634,1555.0,1,0,0,0,0,0,0,0,0,7,0,,67,12,2009,1,40.0337,-75.0775,1549.0,6,0,0,0,0,0,0,0,0,1.0,0,0,0,15,1,1,0,,1,40 02:01.388,2.0,0,75 04:39.270,4,0,0,0,67301,0,0,0,N,0,0,0,1,67301,1,,3,9,,N,N,,0,,0,0,0,0,0,N,1545,1,1,0,0,0,0,0,3,4,0,1,7,,N,,,,,,,,,,,
2010005645,1758.0,0,0,0,0,0,0,0,0,0,8,0,,67,12,2009,2,39.9854,-75.1614,1755.0,6,0,0,0,0,0,0,0,0,,0,0,0,17,4,1,1,,0,39 59:07.310,,0,75 09:40.971,4,0,0,0,67301,1,0,0,N,1,0,0,2,67301,1,,1,1,,N,N,,0,,0,0,1,3,2,,1754,1,2,0,0,0,0,1,3,4,0,1,3,,N,,,,,,,,,,,
2010024764,1813.0,2,0,0,0,0,0,0,0,0,1,0,,67,11,2009,4,39.9695,-75.1396,1807.0,6,0,0,1,0,0,0,0,0,,0,0,0,99,3,1,1,,0,39 58:10.387,,0,75 08:22.538,4,0,0,0,67301,0,0,0,,0,0,0,2,67301,1,,1,9,,,,,0,,0,0,0,3,2,,9999,1,2,0,0,0,0,0,3,4,0,2,7,,N,,,,,,,,,,,
2010019423,2355.0,1,0,0,0,0,0,0,0,0,4,0,,67,11,2009,5,40.0007,-75.1213,2354.0,6,0,0,0,0,0,0,0,0,,0,0,0,99,3,3,2,,0,40 00:02.462,,0,75 07:16.546,4,0,0,0,67301,0,0,0,N,0,0,0,5,67301,3,,1,1,,N,N,,1,,0,0,0,3,3,,9999,3,2,0,0,0,0,1,3,4,0,2,3,,N,,,,,,,,,,,
2010005652,1007.0,1,0,0,0,0,0,0,0,0,4,0,,67,12,2009,5,39.9276,-75.1461,1007.0,6,0,0,0,0,0,0,0,0,,0,0,0,10,1,0,1,,0,39 55:39.201,,0,75 08:45.913,0,0,0,0,67301,0,0,0,N,0,0,0,2,67301,0,,1,1,,N,N,,0,,0,0,0,0,0,,1007,0,2,0,0,0,0,0,3,4,1,2,3,,N,,,,,,,,,,,
2010002778,632.0,1,0,0,0,0,0,0,0,0,8,0,,67,12,2009,5,39.9223,-75.1871,630.0,6,0,0,0,0,0,0,0,0,,0,0,0,6,1,1,1,,0,39 55:20.291,,0,75 11:12.722,8,0,0,0,67301,1,0,0,N,1,0,0,2,67301,0,,1,1,,N,N,,0,,0,0,0,2,2,,625,1,2,0,0,0,1,0,3,4,0,1,3,,N,,,,,,,,,,,
2010005667,855.0,3,0,0,0,0,0,0,0,0,2,0,,67,12,2009,6,39.9135,-75.1764,850.0,6,0,0,0,0,0,1,0,0,1.0,0,0,0,8,1,1,0,,2,39 54:48.610,3.0,0,75 10:35.100,4,0,0,0,67301,0,0,0,N,0,0,0,1,67301,1,,1,1,,N,N,,0,,0,0,0,3,3,Y,845,1,3,0,0,0,0,0,3,4,0,3,3,,N,,,,,,,,,,,
2009081866,735.0,1,0,0,0,0,0,0,0,0,7,0,,67,7,2009,2,40.0284,-75.0912,728.0,6,0,0,0,0,0,0,0,0,1.0,0,0,0,7,1,1,0,,1,40 01:42.376,2.0,0,75 05:28.177,3,0,0,0,67301,0,0,0,Y,0,0,0,2,67301,0,,3,1,,N,N,,0,,1,0,0,0,0,N,715,1,1,0,0,0,0,0,3,4,0,1,3,,N,,,,,,,,,,,
2009079519,1000.0,1,0,0,1,0,0,0,0,0,2,0,,67,7,2009,7,39.9291,-75.1865,955.0,6,0,0,0,0,0,1,0,0,,0,0,0,9,1,1,2,,0,39 55:44.612,,0,75 11:11.533,4,0,0,0,67301,1,0,0,,0,0,0,4,67301,1,,1,1,,,,,0,,0,0,0,3,3,,956,1,2,0,0,0,0,1,3,4,0,1,3,,N,,,,,,,,,,,
2009079895,313.0,1,0,0,0,0,0,0,0,0,4,0,,67,7,2009,1,39.979,-75.2035,248.0,6,0,0,0,0,0,0,0,0,,0,0,0,2,3,0,0,,0,39 58:46.886,,0,75 12:16.544,9,0,0,0,67301,0,0,0,N,0,0,0,3,68K01,0,,1,1,,N,N,,0,,0,0,1,0,0,,247,0,2,0,0,0,0,1,3,4,0,2,3,,N,,,,,,,,,,,
2009100667,1400.0,2,0,0,0,0,0,0,0,0,1,0,,67,9,2009,6,40.0081,-75.0725,1249.0,6,0,0,0,0,0,0,0,0,,0,0,0,99,1,1,1,,0,40 00:29.331,,0,75 04:20.880,4,0,0,0,67301,0,0,0,,0,0,0,3,67301,1,,1,1,,N,N,,0,,0,0,0,3,2,,9999,1,2,0,0,0,0,0,3,4,0,2,3,,N,,,,,,,,,,,
2009106032,1630.0,1,0,0,0,0,0,0,0,0,8,0,,67,9,2009,3,40.0023,-75.2201,1630.0,6,0,0,0,0,0,0,0,0,,0,0,0,15,1,1,3,,0,40 00:08.222,,0,75 13:12.497,8,0,0,0,67301,1,0,0,N,1,0,0,2,67301,0,,1,1,,N,N,,0,,0,0,0,3,2,,1530,1,2,0,0,0,1,0,3,4,0,1,3,,N,,,,,,,,,,,
2009100126,1.0,2,0,0,0,0,0,0,0,0,5,0,,67,9,2009,7,40.0392,-75.0596,2357.0,6,0,0,0,0,0,0,0,0,2.0,0,0,0,23,3,2,0,,2,40 02:20.887,1.0,0,75 03:34.533,3,0,0,0,67301,0,0,0,N,0,0,0,3,67301,1,,1,1,,N,N,,0,,1,0,0,0,0,Y,2353,2,2,0,0,0,0,0,3,4,0,2,3,,N,,,,,,,,,,,
2009044195,1300.0,1,0,0,0,0,0,0,0,0,8,0,,67,2,2009,7,40.0092,-75.1508,1251.0,6,0,0,0,0,0,0,0,0,9.0,0,0,0,12,1,1,0,,1,40 00:33.133,2.0,0,75 09:02.943,3,0,0,0,67301,1,0,0,,1,0,0,2,67301,0,,1,1,,,,,0,,1,0,0,0,0,N,1251,1,2,0,0,0,0,0,3,4,0,1,3,,N,,,,,,,,,,,
2009044251,1243.0,1,0,0,0,0,0,0,0,0,1,0,,67,3,2009,1,39.9871,-75.1223,1242.0,6,0,0,0,0,0,0,0,0,,0,0,0,12,1,1,1,,0,39 59:13.382,,0,75 07:20.404,4,0,0,0,67301,0,0,0,N,0,0,0,2,67301,1,,1,1,,N,N,,0,,0,0,1,3,2,,1242,1,2,0,0,0,0,0,3,4,0,2,3,,N,,,,,,,,,,,
2009049550,1732.0,1,0,0,0,0,0,0,0,0,8,0,,67,4,2009,4,40.0257,-75.0554,1732.0,6,0,0,0,0,0,0,0,0,,0,0,0,16,1,1,1,,0,40 01:32.520,,0,75 03:19.440,4,0,0,0,67301,1,0,0,N,1,0,0,3,67301,1,,1,9,,N,N,,0,,0,0,0,3,2,,1630,1,2,0,0,0,0,0,3,4,0,1,7,,N,,,,,,,,,,,
2009026315,850.0,2,0,0,0,0,0,0,0,0,5,0,,67,1,2009,6,40.0096,-75.198,845.0,6,0,0,0,0,0,0,0,0,,0,0,0,8,1,1,0,,0,40 00:32.040,,0,75 11:45.960,8,0,0,0,67301,0,0,0,N,0,0,0,2,67301,0,,1,1,,N,N,,0,,0,0,0,0,0,,845,1,2,0,0,0,1,0,3,4,0,2,3,,N,,,,,,,,,,,
2009049466,419.0,2,0,0,0,0,0,0,0,0,4,0,,67,4,2009,2,39.9403,-75.1728,337.0,6,0,0,0,0,1,0,0,0,,0,0,0,3,6,0,2,,0,39 56:25.195,,0,75 10:21.993,0,0,0,0,67301,0,0,0,,0,0,0,2,67301,0,,1,1,,,,,0,,0,0,0,3,3,,315,0,2,0,0,0,0,0,3,4,0,2,3,,N,,,,,,,,,,,
2009119608,1220.0,1,0,0,0,0,0,0,0,0,1,0,,67,11,2009,1,39.9058,-75.133,1212.0,6,0,0,0,0,0,1,1,0,,0,0,0,12,1,1,0,,0,39 54:21.001,,3,75 07:58.668,3,0,0,0,67301,0,0,0,N,0,0,0,5,67501,0,,1,1,,N,N,,1,,1,0,1,0,0,,1212,1,3,0,0,0,0,0,3,4,0,3,3,,N,,,,,,,,,,,