CRN,ARRIVAL_TM,AUTOMOBILE_COUNT,BELTED_DEATH_COUNT,BELTED_SUSP_SERIOUS_INJ_COUNT,BICYCLE_COUNT,BICYCLE_DEATH_COUNT,BICYCLE_SUSP_SERIOUS_INJ_COUNT,BUS_COUNT,CHLDPAS_DEATH_COUNT,CHLDPAS_SUSP_SERIOUS_INJ_COUNT,COLLISION_TYPE,COMM_VEH_COUNT,CONS_ZONE_SPD_LIM,COUNTY,CRASH_MONTH,CRASH_YEAR,DAY_OF_WEEK,DEC_LAT,DEC_LONG,DISPATCH_TM,DISTRICT,DRIVER_COUNT_16YR,DRIVER_COUNT_17YR,DRIVER_COUNT_18YR,DRIVER_COUNT_19YR,DRIVER_COUNT_20YR,DRIVER_COUNT_50_64YR,DRIVER_COUNT_65_74YR,DRIVER_COUNT_75PLUS,EST_HRS_CLOSED,FATAL_COUNT,HEAVY_TRUCK_COUNT,HORSE_BUGGY_COUNT,HOUR_OF_DAY,ILLUMINATION,INJURY_COUNT,INTERSECT_TYPE,INTERSECTION_RELATED,LANE_CLOSED,LATITUDE,LN_CLOSE_DIR,LOCATION_TYPE,LONGITUDE,MAX_SEVERITY_LEVEL,MCYCLE_DEATH_COUNT,MCYCLE_SUSP_SERIOUS_INJ_COUNT,MOTORCYCLE_COUNT,MUNICIPALITY,NONMOTR_COUNT,NONMOTR_DEATH_COUNT,NONMOTR_SUSP_SERIOUS_INJ_COUNT,NTFY_HIWY_MAINT,PED_COUNT,PED_DEATH_COUNT,PED_SUSP_SERIOUS_INJ_COUNT,PERSON_COUNT,POLICE_AGCY,POSSIBLE_INJ_COUNT,RDWY_SURF_TYPE_CD,RELATION_TO_ROAD,ROAD_CONDITION,ROADWAY_CLEARED,SCH_BUS_IND,SCH_ZONE_IND,SECONDARY_CRASH,SMALL_TRUCK_COUNT,SPEC_JURIS_CD,SUSP_MINOR_INJ_COUNT,SUSP_SERIOUS_INJ_COUNT,SUV_COUNT,TCD_FUNC_CD,TCD_TYPE,TFC_DETOUR_IND,TIME_OF_DAY,TOT_INJ_COUNT,TOTAL_UNITS,UNB_DEATH_COUNT,UNB_SUSP_SERIOUS_INJ_COUNT,UNBELTED_OCC_COUNT,UNK_INJ_DEG_COUNT,UNK_INJ_PER_COUNT,URBAN_AREA,URBAN_RURAL,VAN_COUNT,VEHICLE_COUNT,WEATHER1,WEATHER2,WORK_ZONE_IND,WORK_ZONE_LOC,WORK_ZONE_TYPE,WORKERS_PRES,WZ_CLOSE_DETOUR,WZ_FLAGGER,WZ_LAW_OFFCR_IND,WZ_LN_CLOSURE,WZ_MOVING,WZ_OTHER,WZ_SHLDER_MDN,WZ_WORKERS_INJ_KILLED
2009124863,130.0,1,0,0,0,0,0,0,0,0,8,0,,67,11,2009,5,40.0475,-75.1428,130.0,6,0,0,0,0,0,1,0,0,,0,0,0,19,3,1,1,,0,40 02:50.960,,0,75 08:34.014,3,0,0,0,67301,1,0,0,N,1,0,0,2,67301,0,,1,9,,N,N,,0,,1,0,0,3,2,,1930,1,2,0,0,1,0,0,3,4,0,1,7,,N,,,,,,,,,,,
2009124889,2025.0,2,0,0,0,0,0,0,0,0,4,0,,67,11,2009,7,40.0323,-75.1587,2022.0,6,0,0,0,0,0,0,0,0,,0,0,0,20,3,2,1,,0,40 01:56.298,,0,75 09:31.157,8,0,0,0,67301,0,0,0,,0,0,0,3,67301,0,,1,1,,N,N,,0,,0,0,0,3,3,,2022,2,2,0,0,0,2,0,3,4,0,2,3,,N,,,,,,,,,,,
2009124988,2344.0,3,0,0,0,0,0,0,0,0,5,0,,67,11,2009,1,39.9319,-75.1832,2342.0,6,0,1,0,0,0,0,0,0,,0,0,0,23,3,0,0,,0,39 55:54.924,,0,75 10:59.394,0,0,0,0,67301,0,0,0,N,0,0,0,1,67301,0,,2,1,,N,N,,0,,0,0,0,0,0,,2340,0,3,0,0,0,0,0,3,4,0,3,3,,N,,,,,,,,,,,
2009045940,9.0,0,0,0,0,0,0,0,0,0,7,0,,67,4,2009,6,39.8866,-75.2124,2.0,6,0,0,0,0,0,0,0,0,2.0,0,0,0,0,3,1,0,,2,39 53:10.181,2.0,2,75 12:41.329,4,0,0,0,67301,0,0,0,N,0,0,0,1,68K01,1,,2,1,,N,N,,1,,0,0,0,0,0,Y,1,1,1,0,0,0,0,0,3,4,0,1,3,,N,,,,,,,,,,,
2009048628,1828.0,1,0,0,0,0,0,0,0,0,1,0,,67,4,2009,6,39.9867,-75.172,1824.0,6,0,0,0,0,1,0,0,0,,0,0,0,18,1,1,2,,0,39 59:12.202,,0,75 10:19.063,4,0,0,0,67301,0,0,0,N,0,0,0,2,67301,1,,1,1,,N,N,,1,,0,0,1,0,0,,1820,1,3,0,0,0,0,0,3,4,0,3,3,,N,,,,,,,,,,,
2009125077,855.0,0,0,0,0,0,0,0,0,0,8,0,,67,8,2009,4,40.0202,-75.1141,851.0,6,0,0,0,0,0,0,1,0,,0,0,0,8,1,1,1,,0,40 01:13.222,,0,75 06:50.843,4,0,0,0,67301,1,0,0,,1,0,0,2,67301,1,,1,1,,,,,0,,0,0,1,3,2,,830,1,2,0,0,0,0,0,3,4,0,1,3,,N,,,,,,,,,,,
2009125085,1935.0,2,0,0,0,0,0,0,0,0,6,0,,67,11,2009,5,40.0356,-75.1702,1931.0,6,0,0,0,0,0,1,0,0,,0,0,0,17,3,0,1,,0,40 02:08.311,,0,75 10:12.701,0,0,0,0,67301,0,0,0,N,0,0,0,2,67301,0,,1,9,,N,N,,0,,0,0,0,3,3,,1753,0,2,0,0,0,0,0,3,4,0,2,7,,N,,,,,,,,,,,
2009048865,1408.0,1,0,0,1,0,0,0,0,0,4,0,,67,3,2009,7,39.9669,-75.2299,1407.0,6,0,0,0,0,0,1,0,0,,0,0,0,14,1,1,1,,0,39 58:00.840,,0,75 13:47.640,8,0,0,0,67301,1,0,0,N,0,0,0,2,67301,0,,1,1,,N,N,,0,,0,0,0,3,2,,1400,1,2,0,0,0,1,0,3,4,0,1,3,,N,,,,,,,,,,,
2009048886,850.0,2,0,0,0,0,0,0,0,0,4,0,,67,3,2009,3,40.0306,-75.0547,846.0,6,0,0,0,0,0,0,1,0,,0,0,0,8,1,0,0,,0,40 01:50.278,,7,75 03:17.089,9,0,0,0,67301,0,0,0,N,0,0,0,2,67301,0,,1,1,,N,N,,0,,0,0,0,0,0,,840,0,2,0,0,0,0,1,3,4,0,2,3,,N,,,,,,,,,,,
2009033617,1320.0,1,0,0,0,0,0,0,0,0,7,0,,67,3,2009,3,39.9632,-75.1836,1312.0,6,0,0,0,0,0,1,0,0,1.0,0,0,0,13,1,1,0,,2,39 57:53.271,4.0,0,75 11:06.488,3,0,0,0,67301,0,0,0,N,0,0,0,1,68K01,0,,3,1,,N,N,,0,,1,0,0,0,0,Y,1310,1,1,0,0,0,0,0,3,4,0,1,3,,N,,,,,,,,,,,
2009043699,1857.0,3,0,0,0,0,0,0,0,0,7,0,,67,4,2009,6,40.0358,-75.0172,1846.0,6,0,0,0,0,0,0,0,0,1.0,0,0,0,18,1,3,0,,2,40 02:09.300,2.0,0,75 01:00.886,3,0,0,0,67301,0,0,0,N,0,0,0,4,68K01,2,,2,1,,N,N,,0,,1,0,0,0,0,N,1845,3,3,0,0,1,0,0,3,4,0,3,3,,N,,,,,,,,,,,
2009038688,2145.0,1,0,0,0,0,0,0,0,0,8,0,,67,2,2009,3,40.0361,-75.0879,1600.0,6,0,0,0,0,0,0,0,0,,0,0,0,16,1,1,2,,0,40 02:09.822,,0,75 05:16.321,4,0,0,0,67301,1,0,0,,1,0,0,2,67301,1,,2,1,,,,,0,,0,0,0,9,2,,1600,1,2,0,0,0,0,0,3,4,0,1,3,,N,,,,,,,,,,,
2009049068,1415.0,1,0,0,0,0,0,0,0,0,4,0,,67,4,2009,3,39.9717,-75.1611,1413.0,6,0,0,0,0,1,1,1,0,1.0,0,0,0,14,1,1,1,,2,39 58:18.003,2.0,0,75 09:39.855,3,0,0,0,67301,0,0,0,N,0,0,0,3,67301,0,,1,9,,N,N,,0,,1,0,2,9,2,Y,1413,1,3,0,0,0,0,0,3,4,0,3,7,,N,,,,,,,,,,,
2009049081,2230.0,1,0,0,0,0,0,0,0,0,8,0,,67,3,2009,3,39.9747,-75.2519,2225.0,6,0,0,0,0,0,1,0,0,,0,0,0,22,3,1,0,,0,39 58:28.846,,0,75 15:06.816,4,0,0,0,67301,1,0,0,N,1,0,0,2,67301,1,,1,1,,N,N,,0,,0,0,0,3,2,,2219,1,2,0,0,0,0,0,3,4,0,1,9,,N,,,,,,,,,,,
2009049291,1345.0,3,0,0,0,0,0,0,0,0,1,0,,67,2,2009,2,40.0296,-75.0558,1340.0,6,0,0,0,0,0,0,1,0,2.0,0,0,0,13,1,1,0,,2,40 01:46.684,5.0,0,75 03:20.904,8,0,0,0,67301,0,0,0,N,0,0,0,3,67301,0,,1,1,,N,N,,1,,0,0,0,0,0,Y,1330,1,5,0,0,0,1,0,3,4,1,5,3,,N,,,,,,,,,,,
2009026079,535.0,1,0,0,0,0,0,0,0,0,2,0,,67,1,2009,7,40.0827,-74.975,518.0,6,0,0,0,0,0,0,0,0,,0,0,0,99,3,1,0,,0,40 04:57.720,,0,74 58:30.000,8,0,0,0,67301,0,0,0,N,0,0,0,2,67301,0,,1,2,,N,N,,0,,0,0,0,0,0,,9999,1,2,0,0,1,1,1,3,4,0,2,99,,N,,,,,,,,,,,
2009018675,1348.0,1,0,0,0,0,0,0,0,0,1,0,,67,2,2009,5,39.9575,-75.1589,1335.0,6,0,0,0,0,0,1,0,0,1.0,0,0,0,13,1,0,0,,1,39 57:26.879,4.0,0,75 09:31.690,0,0,0,0,67301,0,0,0,N,0,0,0,2,68K01,0,,1,1,,N,N,,0,,0,0,1,0,0,Y,1333,0,2,0,0,0,0,0,3,4,0,2,3,,N,,,,,,,,,,,
2009044872,155.0,1,0,0,0,0,0,0,0,0,1,0,,67,2,2009,7,40.0872,-74.9716,150.0,6,0,0,0,0,0,0,0,0,,0,0,0,1,3,1,0,,0,40 05:13.938,,0,74 58:17.592,8,0,0,0,67301,0,0,0,N,0,0,0,1,67301,0,,1,1,,N,N,,1,,0,0,0,0,0,,150,1,2,0,0,0,1,0,3,4,0,2,3,,N,,,,,,,,,,,
2009023535,2351.0,1,0,0,0,0,0,0,0,0,7,0,,67,2,2009,4,40.0085,-75.07,2347.0,6,0,0,0,0,1,0,0,0,,0,0,0,23,3,0,0,,0,40 00:29.159,,0,75 04:15.539,0,0,0,0,67301,0,0,0,N,0,0,0,1,68K01,0,,3,9,,N,N,,0,,0,0,0,0,0,,2342,0,1,0,0,0,0,0,3,4,0,1,3,,N,,,,,,,,,,,
2009105761,5.0,1,0,0,0,0,0,0,0,0,7,0,,67,10,2009,7,39.9402,-75.2164,2355.0,6,0,0,0,0,0,1,0,0,,0,0,0,23,3,1,1,,0,39 56:24.543,,0,75 12:58.939,4,0,0,0,67301,0,0,0,,0,0,0,1,67301,1,,2,1,,N,N,,0,,0,0,0,3,2,,2305,1,2,0,0,0,0,0,3,4,0,1,3,,N,,,,,,,,,,,
2009105916,2000.0,2,0,0,0,0,0,0,0,0,4,0,,67,9,2009,5,39.9635,-75.1915,1958.0,6,0,0,0,0,0,0,1,0,,0,0,0,19,4,1,1,,0,39 57:48.643,,0,75 11:29.421,8,0,0,0,67301,0,0,0,N,0,0,0,2,67301,0,,1,1,,N,N,,0,,0,0,0,0,0,,1955,1,2,0,0,0,1,0,3,4,0,2,3,,N,,,,,,,,,,,
2009105938,347.0,1,0,0,0,0,0,0,0,0,6,0,,67,9,2009,5,39.9736,-75.1186,346.0,6,0,0,0,0,0,0,0,0,,0,0,0,3,3,1,2,,0,39 58:22.572,,0,75 07:10.506,2,0,0,0,67301,0,0,0,,0,0,0,3,67301,0,,1,9,,N,N,,0,,0,1,0,0,0,,346,1,2,0,1,1,0,0,3,4,0,2,7,,N,,,,,,,,,,,
2009101039,1805.0,1,0,0,0,0,0,0,0,0,1,0,,67,9,2009,2,40.0155,-75.1769,1800.0,6,0,0,0,0,0,2,0,0,1.0,0,0,0,17,4,1,7,,1,40 00:55.696,2.0,2,75 10:36.780,4,0,0,0,67301,0,0,0,N,0,0,0,3,67301,1,,1,1,,N,N,,1,,0,0,0,0,0,N,1755,1,2,0,0,0,0,0,3,4,0,2,3,,N,,,,,,,,,,,
2009100001,1954.0,0,0,0,0,0,0,0,0,0,8,0,,67,9,2009,5,40.0401,-75.0581,1951.0,6,0,0,0,0,0,0,0,0,,0,0,0,19,3,1,0,,0,40 02:24.291,,0,75 03:29.264,4,0,0,0,67301,1,0,0,N,1,0,0,2,67301,1,,1,1,,N,N,,0,,0,0,1,0,0,,1928,1,2,0,0,0,0,0,3,4,0,1,3,,N,,,,,,,,,,,
2009100773,1651.0,2,0,0,0,0,0,0,0,0,2,0,,67,9,2009,5,40.0511,-75.0745,1649.0,6,0,0,0,0,0,0,0,0,1.0,0,0,0,16,1,4,1,,1,40 03:04.104,6.0,0,75 04:28.081,4,0,0,0,67301,0,0,0,N,0,0,0,5,67301,2,,1,1,,N,N,,0,,0,0,0,3,3,N,1649,4,2,0,0,0,2,0,3,4,0,2,3,,N,,,,,,,,,,,
2009100792,2356.0,2,0,0,0,0,0,0,0,0,1,0,,67,9,2009,6,40.0003,-75.1869,2354.0,6,0,0,0,0,0,2,0,0,,0,0,0,23,3,2,3,,0,40 00:00.803,,0,75 11:12.959,4,0,0,0,67301,0,0,0,N,0,0,0,2,67301,2,,1,9,,N,N,,0,,0,0,0,3,2,,2330,2,2,0,0,0,0,0,3,4,0,2,7,,N,,,,,,,,,,,
2009100808,1330.0,2,0,0,0,0,0,0,0,0,4,0,,67,9,2009,2,40.0327,-75.1406,1324.0,6,0,0,0,0,0,0,0,0,,0,0,0,13,1,1,2,,0,40 01:57.691,,7,75 08:26.325,4,0,0,0,67301,0,0,0,N,0,0,0,2,67301,1,,1,1,,N,N,,0,,0,0,0,0,0,,1300,1,3,0,0,0,0,1,3,4,1,3,3,,N,,,,,,,,,,,
2009100814,1745.0,2,0,0,0,0,0,0,0,0,1,0,,67,9,2009,2,40.0419,-75.1332,1742.0,6,0,0,0,0,0,0,0,0,,0,0,0,17,1,3,0,,0,40 02:30.750,,0,75 07:59.505,4,0,0,0,67301,0,0,0,N,0,0,0,3,67301,1,,6,1,,N,N,,0,,0,0,0,0,0,,1700,3,2,0,0,0,2,0,3,4,0,2,3,,N,,,,,,,,,,,
2009100569,1442.0,1,0,0,0,0,0,0,0,0,1,1,,67,9,2009,4,39.8836,-75.2515,1440.0,6,0,0,0,0,0,0,0,0,,0,1,0,14,1,1,2,,0,39 53:01.106,,2,75 15:05.259,8,0,0,0,67301,0,0,0,N,0,0,0,2,67301,0,,1,1,,N,N,,0,,0,0,0,3,2,,1440,1,2,0,0,0,1,0,3,4,0,2,3,,N,,,,,,,,,,,
2009100589,1809.0,3,0,0,0,0,0,0,0,0,4,0,,67,9,2009,3,40.0872,-75.0356,1809.0,6,0,0,0,0,1,1,0,0,,0,0,0,18,1,1,0,,0,40 05:14.034,,7,75 02:08.218,8,0,0,0,67301,0,0,0,N,0,0,0,3,67301,0,,1,1,,,Y,,0,,0,0,0,0,0,,1805,1,3,0,0,0,1,0,3,4,0,3,3,,N,,,,,,,,,,,
2009028133,155.0,1,0,0,0,0,0,0,0,0,8,0,,67,1,2009,1,39.9426,-75.1603,152.0,6,0,0,0,0,0,0,0,0,,0,0,0,1,3,1,2,,0,39 56:33.223,,0,75 09:37.184,8,0,0,0,67301,1,0,0,N,1,0,0,3,67301,0,,1,1,,N,N,,0,,0,0,0,0,0,,155,1,2,0,0,0,1,0,3,4,0,1,3,,N,,,,,,,,,,,
2009086852,1509.0,0,0,0,0,0,0,0,0,0,1,0,,67,8,2009,5,39.9653,-75.1857,1509.0,6,0,0,0,1,0,1,0,0,2.0,0,0,0,15,1,0,6,,2,39 58:01.077,4.0,2,75 11:16.366,0,0,0,0,67301,0,0,0,N,0,0,0,4,68K01,0,,1,1,,N,N,,0,,0,0,2,0,0,Y,1500,0,4,0,0,0,0,0,3,4,1,3,3,,N,,,,,,,,,,,
2009079516,1501.0,1,0,0,0,0,0,0,0,0,1,0,,67,7,2009,5,40.0004,-75.0996,1459.0,6,0,0,0,0,0,1,0,0,1.0,0,0,0,14,1,1,2,,2,40 00:01.275,3.0,0,75 05:58.505,4,0,0,0,67301,0,0,0,,0,0,0,7,67301,1,,1,1,,N,N,,0,,0,0,1,0,0,N,1458,1,2,0,0,0,0,0,3,4,0,2,3,,N,,,,,,,,,,,
2009079630,40.0,1,0,0,0,0,0,0,0,0,7,0,,67,5,2009,1,40.0394,-75.1447,29.0,6,0,0,0,0,0,1,0,0,,0,0,0,0,3,0,0,,0,40 02:22.047,,0,75 08:40.736,0,0,0,0,67301,0,0,0,,0,0,0,2,67301,0,,3,9,,N,N,,0,,0,0,0,0,0,,10,0,1,0,0,0,0,0,3,4,0,1,7,,N,,,,,,,,,,,
2009100591,9999.0,1,0,0,0,0,0,0,0,0,7,0,,67,9,2009,6,39.9877,-75.225,9999.0,6,0,0,0,0,0,1,0,0,,0,0,0,99,3,0,2,,0,39 59:15.615,,0,75 13:29.927,0,0,0,0,67301,0,0,0,N,0,0,0,1,67301,0,,5,9,,N,N,,0,,0,0,0,0,0,,9999,0,1,0,0,0,0,0,3,4,0,1,7,,N,,,,,,,,,,,
2009100615,1527.0,2,0,0,0,0,0,0,0,0,4,0,,67,9,2009,2,40.0555,-75.0619,1521.0,6,0,0,0,0,0,1,1,0,,0,0,0,14,1,1,1,,0,40 03:20.018,,0,75 03:43.347,4,0,0,0,67301,0,0,0,N,0,0,0,2,67301,1,,1,1,,N,N,,0,,0,0,0,3,3,,1415,1,2,0,0,0,0,0,3,4,0,2,3,,N,,,,,,,,,,,
2009100620,1150.0,1,0,0,0,0,0,0,0,0,4,0,,67,9,2009,5,40.0861,-75.2119,1145.0,6,0,0,0,0,0,1,0,0,,0,0,0,11,1,0,5,,0,40 05:09.739,,0,75 12:42.976,0,0,0,0,67301,0,0,0,,0,0,0,2,67301,0,,1,1,,N,N,,0,,0,0,1,3,2,,1140,0,2,0,0,0,0,0,3,4,0,2,3,,N,,,,,,,,,,,
2009100671,2309.0,2,0,0,0,0,0,0,0,0,2,0,,67,9,2009,1,40.0256,-75.1223,2255.0,6,0,0,0,1,0,0,0,0,,0,0,0,22,3,0,1,,0,40 01:32.331,,0,75 07:20.187,0,0,0,0,67301,0,0,0,N,0,0,0,4,67301,0,,1,1,,N,N,,0,,0,0,0,3,2,,2253,0,2,0,0,0,0,0,3,4,0,2,3,,N,,,,,,,,,,,
2009102583,1010.0,0,0,0,0,0,0,0,0,0,5,1,,67,10,2009,4,39.9004,-75.1567,1010.0,6,0,0,0,0,0,0,0,0,1.0,0,0,0,10,1,0,0,,1,39 54:05.760,1.0,0,75 09:06.480,0,0,0,0,67301,0,0,0,N,0,0,0,2,68K01,0,,1,1,,N,N,,1,,0,0,1,0,0,N,1009,0,2,0,0,0,0,0,3,4,0,2,3,,N,,,,,,,,,,,
2009105723,2142.0,2,0,0,0,0,0,0,0,0,1,0,,67,9,2009,1,39.9674,-75.1809,2137.0,6,0,0,0,0,0,1,0,0,1.0,0,0,0,99,3,5,1,,1,39 58:02.991,1.0,0,75 10:52.020,3,0,0,0,67301,0,0,0,,0,0,0,6,67301,4,,1,1,,,N,,0,,1,0,0,3,2,N,9999,5,2,0,0,2,0,0,3,4,0,2,3,,N,,,,,,,,,,,
2009044213,550.0,2,0,0,0,0,0,0,0,0,4,0,,67,3,2009,7,40.0241,-75.0649,548.0,6,0,0,0,0,0,0,0,0,,0,0,0,5,3,2,1,,0,40 01:26.641,,0,75 03:53.683,8,0,0,0,67301,0,0,0,,0,0,0,3,67301,0,,1,1,,N,N,,0,,0,0,0,3,3,,547,2,2,0,0,0,2,0,3,4,0,2,3,,N,,,,,,,,,,,
2009044269,2303.0,2,0,0,0,0,0,0,0,0,4,0,,67,3,2009,6,40.0415,-75.0777,2303.0,6,0,0,0,1,1,0,0,0,1.0,0,0,0,22,3,0,1,,1,40 02:29.562,3.0,0,75 04:39.817,0,0,0,0,67301,0,0,0,,0,0,0,5,67301,0,,1,1,,,,,0,,0,0,0,3,3,N,2257,0,2,0,0,5,0,0,3,4,0,2,3,,N,,,,,,,,,,,
2009049565,925.0,3,0,0,0,0,0,0,0,0,1,0,,67,4,2009,3,39.9579,-75.1624,920.0,6,0,0,0,0,0,1,0,0,,0,0,0,9,1,1,1,,0,39 57:29.061,,0,75 09:44.627,4,0,0,0,67301,0,0,0,,0,0,0,3,67301,1,,1,1,,N,N,,0,,0,0,0,3,2,,910,1,3,0,0,0,0,0,3,4,0,3,3,,N,,,,,,,,,,,
2009049402,1615.0,1,0,0,0,0,0,0,0,0,5,0,,67,4,2009,1,39.9325,-75.2246,1611.0,6,0,0,0,0,0,0,0,0,,0,0,0,13,1,1,1,,0,39 55:56.906,,0,75 13:28.606,4,0,0,0,67301,0,0,0,N,0,0,0,2,67301,1,,1,1,,N,N,,0,,0,0,0,9,2,,1300,1,2,0,0,0,0,0,3,4,0,2,3,,N,,,,,,,,,,,
2009049412,640.0,2,0,0,0,0,0,0,0,0,4,0,,67,3,2009,4,39.9828,-75.2063,637.0,6,0,0,0,0,0,0,0,0,2.0,0,0,0,6,5,2,2,,1,39 58:58.072,1.0,0,75 12:22.561,8,0,0,0,67301,0,0,0,N,0,0,0,2,67301,0,,1,1,,N,N,,0,,0,0,0,3,2,N,637,2,2,0,0,0,2,0,3,4,0,2,3,,N,,,,,,,,,,,
2009048772,9999.0,0,0,0,0,0,0,0,0,0,8,0,,67,3,2009,5,39.9991,-75.102,825.0,6,0,0,0,0,0,1,0,0,,0,0,0,99,1,1,1,,0,39 59:56.702,,0,75 06:07.365,4,0,0,0,67301,1,0,0,,1,0,0,2,67301,1,,1,1,,,,,1,,0,0,0,3,2,,9999,1,2,0,0,0,0,0,3,4,0,1,3,,N,,,,,,,,,,,
2009048786,1033.0,1,0,0,0,0,0,0,0,0,4,0,,67,4,2009,6,39.9592,-75.2437,1830.0,6,0,0,0,0,0,0,0,0,,0,0,0,10,1,1,0,,0,39 57:33.169,,0,75 14:37.320,3,0,0,0,67301,0,0,0,N,0,0,0,1,67301,0,,6,1,,N,N,,1,,1,0,0,3,2,,1020,1,2,0,0,0,0,0,3,4,0,2,3,,N,,,,,,,,,,,
2009048834,1335.0,1,0,0,0,0,0,0,0,0,8,0,,67,3,2009,3,39.9293,-75.1686,1331.0,6,0,0,0,0,0,0,0,0,,0,0,0,13,1,1,1,,0,39 55:45.086,,0,75 10:06.859,8,0,0,0,67301,1,0,0,,1,0,0,3,67301,0,,4,1,,N,N,,0,,0,0,0,3,2,,1331,1,2,0,0,1,1,0,3,4,0,1,3,,N,,,,,,,,,,,
2009125052,1932.0,1,0,0,0,0,0,0,0,0,4,0,,67,11,2009,1,40.0143,-75.1781,1930.0,6,0,0,0,0,0,0,0,0,,0,0,0,19,3,2,1,,0,40 00:51.570,,0,75 10:41.163,8,0,0,1,67301,0,0,0,N,0,0,0,3,67301,0,,1,1,,N,N,,0,,0,0,0,3,2,,1928,2,2,0,0,0,2,1,3,4,0,2,3,,N,,,,,,,,,,,
2009045944,1347.0,1,0,0,0,0,0,0,0,0,7,0,,67,4,2009,4,39.9886,-75.0876,1347.0,6,0,0,0,0,1,0,0,0,,0,0,0,13,1,0,0,,0,39 59:08.855,,2,75 05:33.593,0,0,0,0,67301,0,0,0,N,0,0,0,1,68K01,0,,2,1,,N,N,,0,,0,0,0,0,0,,1345,0,1,0,0,0,0,0,3,4,0,1,3,,N,,,,,,,,,,,
2009048663,1408.0,2,0,0,0,0,0,0,0,0,4,0,,67,4,2009,3,40.0997,-74.9774,1357.0,6,0,0,0,0,0,0,0,0,,0,0,0,13,1,0,2,,0,40 05:58.790,,0,74 58:38.539,0,0,0,0,67301,0,0,0,,0,0,0,4,67301,0,,1,9,,N,N,,0,,0,0,0,3,3,,1357,0,2,0,0,0,0,0,3,4,0,2,7,,N,,,,,,,,,,,
2009048872,526.0,1,0,0,0,0,0,0,0,0,4,0,,67,3,2009,6,39.9897,-75.2508,518.0,6,0,0,0,0,0,0,0,0,3.0,0,0,0,5,5,1,2,,1,39 59:23.100,1.0,0,75 15:02.820,8,0,0,0,67301,0,0,0,N,0,0,0,2,67301,0,,1,1,,N,N,,0,,0,0,0,3,2,N,516,1,2,0,0,0,1,0,3,4,1,2,3,,N,,,,,,,,,,,
2009038705,1600.0,0,0,0,0,0,0,0,0,0,7,0,,67,2,2009,6,40.0124,-75.2046,1553.0,6,0,0,0,0,0,0,0,0,,0,0,0,15,1,1,0,,0,40 00:43.707,,2,75 12:16.895,3,0,0,0,67301,0,0,0,N,0,0,0,2,67301,0,,7,1,,N,N,,0,,1,0,1,0,0,,1540,1,1,0,0,0,0,0,3,4,0,1,3,,N,,,,,,,,,,,
2009048928,203.0,1,0,0,0,0,0,0,0,0,4,0,,67,3,2009,7,39.9231,-75.1699,203.0,6,0,0,0,0,0,0,0,0,3.0,0,0,0,2,3,2,0,,2,39 55:23.271,5.0,0,75 10:11.577,4,0,0,0,67301,0,0,0,N,0,0,0,2,67301,2,,6,9,,N,N,,1,,0,0,0,0,0,Y,203,2,2,0,0,0,0,0,3,4,0,2,7,,N,,,,,,,,,,,
2009122336,350.0,1,0,0,0,0,0,0,0,0,7,0,,67,10,2009,7,39.9945,-75.1919,641.0,6,0,0,0,0,0,0,0,0,3.0,0,0,0,3,3,0,3,,1,39 59:40.324,3.0,3,75 11:30.885,0,0,0,0,67301,0,0,0,,0,0,0,1,67301,0,,3,1,,,,,0,,0,0,0,0,0,Y,330,0,1,0,0,0,0,0,3,4,0,1,3,,N,,,,,,,,,,,
2009008277,1600.0,1,0,0,0,0,0,0,0,0,7,0,,67,1,2009,4,39.9286,-75.1465,1559.0,6,0,0,0,0,0,0,0,0,,0,0,0,15,1,0,0,,0,39 55:45.486,,0,75 08:46.625,0,0,0,0,67301,0,0,0,N,0,0,0,1,68K01,0,,2,9,,N,N,,0,,0,0,0,0,0,,1554,0,1,0,0,0,0,0,3,4,0,1,7,,N,,,,,,,,,,,
2009049080,1205.0,1,0,0,0,0,0,0,0,0,8,0,,67,3,2009,1,39.9943,-75.2324,1157.0,6,0,0,0,0,0,0,1,0,,0,0,0,11,1,1,2,,0,39 59:39.307,,0,75 13:56.618,8,0,0,0,67301,1,0,0,N,1,0,0,2,67301,0,,1,1,,N,N,,0,,0,0,0,3,3,,1154,1,2,0,0,0,1,0,3,4,0,1,3,,N,,,,,,,,,,,
2009023876,1221.0,1,0,0,0,0,0,0,0,0,7,0,,67,2,2009,5,39.9894,-75.0874,1218.0,6,0,0,0,0,0,0,0,0,,0,0,0,12,1,1,0,,0,39 59:22.121,,0,75 05:14.458,8,0,0,0,67301,0,0,0,N,0,0,0,2,68K01,0,,2,1,,N,N,,0,,0,0,0,0,0,,1216,1,1,0,0,0,1,0,3,4,0,1,3,,N,,,,,,,,,,,
2009120506,817.0,3,0,0,0,0,0,0,0,0,1,0,,67,10,2009,5,39.9329,-75.1488,816.0,6,0,0,0,0,0,0,0,0,1.0,0,0,0,8,1,1,0,,2,39 55:58.339,4.0,0,75 08:55.582,4,0,0,0,67301,0,0,0,N,0,0,0,4,67301,1,,1,1,,N,N,,0,,0,0,3,0,0,Y,815,1,6,0,0,3,0,0,3,4,0,6,3,,N,,,,,,,,,,,
2009097913,834.0,3,0,0,0,0,0,0,0,0,1,0,,67,9,2009,4,40.023,-75.036,834.0,6,0,0,0,0,0,0,0,0,,0,0,0,8,1,1,0,,0,40 01:22.645,,0,75 02:09.793,4,0,0,0,67301,0,0,0,N,0,0,0,3,68K01,1,,1,9,,N,N,,0,,0,0,0,0,0,,833,1,3,0,0,0,0,0,3,4,0,3,3,,N,,,,,,,,,,,