CRN,ARRIVAL_TM,AUTOMOBILE_COUNT,BELTED_DEATH_COUNT,BELTED_SUSP_SERIOUS_INJ_COUNT,BICYCLE_COUNT,BICYCLE_DEATH_COUNT,BICYCLE_SUSP_SERIOUS_INJ_COUNT,BUS_COUNT,CHLDPAS_DEATH_COUNT,CHLDPAS_SUSP_SERIOUS_INJ_COUNT,COLLISION_TYPE,COMM_VEH_COUNT,CONS_ZONE_SPD_LIM,COUNTY,CRASH_MONTH,CRASH_YEAR,DAY_OF_WEEK,DEC_LAT,DEC_LONG,DISPATCH_TM,DISTRICT,DRIVER_COUNT_16YR,DRIVER_COUNT_17YR,DRIVER_COUNT_18YR,DRIVER_COUNT_19YR,DRIVER_COUNT_20YR,DRIVER_COUNT_50_64YR,DRIVER_COUNT_65_74YR,DRIVER_COUNT_75PLUS,EST_HRS_CLOSED,FATAL_COUNT,HEAVY_TRUCK_COUNT,HORSE_BUGGY_COUNT,HOUR_OF_DAY,ILLUMINATION,INJURY_COUNT,INTERSECT_TYPE,INTERSECTION_RELATED,LANE_CLOSED,LATITUDE,LN_CLOSE_DIR,LOCATION_TYPE,LONGITUDE,MAX_SEVERITY_LEVEL,MCYCLE_DEATH_COUNT,MCYCLE_SUSP_SERIOUS_INJ_COUNT,MOTORCYCLE_COUNT,MUNICIPALITY,NONMOTR_COUNT,NONMOTR_DEATH_COUNT,NONMOTR_SUSP_SERIOUS_INJ_COUNT,NTFY_HIWY_MAINT,PED_COUNT,PED_DEATH_COUNT,PED_SUSP_SERIOUS_INJ_COUNT,PERSON_COUNT,POLICE_AGCY,POSSIBLE_INJ_COUNT,RDWY_SURF_TYPE_CD,RELATION_TO_ROAD,ROAD_CONDITION,ROADWAY_CLEARED,SCH_BUS_IND,SCH_ZONE_IND,SECONDARY_CRASH,SMALL_TRUCK_COUNT,SPEC_JURIS_CD,SUSP_MINOR_INJ_COUNT,SUSP_SERIOUS_INJ_COUNT,SUV_COUNT,TCD_FUNC_CD,TCD_TYPE,TFC_DETOUR_IND,TIME_OF_DAY,TOT_INJ_COUNT,TOTAL_UNITS,UNB_DEATH_COUNT,UNB_SUSP_SERIOUS_INJ_COUNT,UNBELTED_OCC_COUNT,UNK_INJ_DEG_COUNT,UNK_INJ_PER_COUNT,URBAN_AREA,URBAN_RURAL,VAN_COUNT,VEHICLE_COUNT,WEATHER1,WEATHER2,WORK_ZONE_IND,WORK_ZONE_LOC,WORK_ZONE_TYPE,WORKERS_PRES,WZ_CLOSE_DETOUR,WZ_FLAGGER,WZ_LAW_OFFCR_IND,WZ_LN_CLOSURE,WZ_MOVING,WZ_OTHER,WZ_SHLDER_MDN,WZ_WORKERS_INJ_KILLED
2009105781,1854.0,0,0,0,0,0,0,0,0,0,4,0,,67,10,2009,5,40.0001,-75.2288,1854.0,6,0,0,1,0,0,0,0,0,,0,0,0,18,4,1,0,,0,40 00:04.159,,7,75 13:35.395,8,0,0,0,67301,0,0,0,,0,0,0,2,07301,0,,1,1,,N,N,,0,,0,0,2,0,0,,1854,1,2,0,0,0,1,0,3,4,0,2,3,,N,,,,,,,,,,,
2009105794,735.0,0,0,0,0,0,0,0,0,0,4,0,,67,9,2009,6,39.9467,-75.1746,728.0,6,0,0,0,0,0,2,0,0,9.0,0,0,0,7,1,0,2,,1,39 56:48.278,1.0,0,75 10:28.689,0,0,0,0,67301,0,0,0,N,0,0,0,3,67301,0,,1,1,,N,N,,1,,0,0,1,3,2,N,702,0,2,0,0,0,0,0,3,4,0,2,3,,N,,,,,,,,,,,
2009105881,1742.0,1,0,0,0,0,0,0,0,0,7,0,,67,9,2009,4,39.9351,-75.1941,1739.0,6,0,0,0,0,0,0,0,0,2.0,0,0,0,17,1,2,0,,2,39 56:06.537,7.0,0,75 11:38.840,4,0,0,0,67301,0,0,0,,0,0,0,2,67301,2,,5,1,,N,N,,0,,0,0,0,0,0,Y,1700,2,1,0,0,0,0,0,3,4,0,1,3,,N,,,,,,,,,,,
2009110200,216.0,1,0,0,0,0,0,0,0,0,7,0,,67,10,2009,7,39.9321,-75.1999,213.0,6,0,0,0,0,0,0,0,0,2.0,0,0,0,2,3,0,0,,2,39 55:59.994,4.0,0,75 11:59.990,0,0,0,0,67301,0,0,0,N,0,0,0,1,68K01,0,,2,9,,N,N,,0,,0,0,0,0,0,Y,211,0,1,0,0,0,0,0,3,4,0,1,7,,N,,,,,,,,,,,
2009105930,314.0,0,0,0,0,0,0,1,0,0,1,1,,67,9,2009,1,39.9509,-75.152,308.0,6,0,0,0,0,0,0,1,0,1.0,0,0,0,3,3,1,1,,1,39 57:03.252,3.0,0,75 09:07.174,8,0,0,0,67301,0,0,0,,0,0,0,2,67301,0,,1,9,,N,N,,0,,0,0,1,3,2,N,301,1,2,0,0,0,1,0,3,4,0,2,7,,N,,,,,,,,,,,
2009097446,1646.0,1,0,0,0,0,0,0,0,0,4,0,,67,8,2009,4,40.0915,-74.9656,1643.0,6,0,0,0,0,2,0,0,0,,0,0,0,16,1,0,1,,0,40 05:29.578,,0,74 57:56.181,0,0,0,0,67301,0,0,0,,0,0,0,4,67301,0,,1,1,,,,,1,,0,0,1,3,2,,1621,0,3,0,0,0,0,0,3,4,0,3,3,,N,,,,,,,,,,,
2009124706,1814.0,0,0,0,0,0,0,0,0,0,8,0,,67,11,2009,4,39.9898,-75.1255,1813.0,6,0,0,0,0,0,0,0,0,,0,0,0,16,4,1,1,,0,39 59:23.489,,0,75 07:31.548,2,0,0,0,67301,1,0,1,,1,0,1,2,67301,0,,1,9,,N,N,,0,,0,1,0,3,2,,1644,1,2,0,0,0,0,1,3,4,0,1,7,,N,,,,,,,,,,,
2009100173,1330.0,2,0,0,0,0,0,0,0,0,4,0,,67,9,2009,5,39.9407,-75.2341,1320.0,6,0,0,0,0,0,0,0,0,,0,0,0,13,1,0,2,,0,39 56:26.520,,0,75 14:02.864,9,0,0,0,67301,0,0,0,N,0,0,0,3,67301,0,,1,1,,N,N,,0,,0,0,0,0,0,,1300,0,2,0,0,0,0,2,3,4,0,2,3,,N,,,,,,,,,,,
2009100735,1633.0,2,0,0,0,0,0,0,0,0,4,0,,67,9,2009,1,39.9618,-75.24,1630.0,6,0,0,0,0,1,0,0,0,,0,0,0,15,1,1,1,,0,39 57:42.479,,0,75 14:24.231,8,0,0,0,67301,0,0,0,N,0,0,0,2,67301,0,,1,1,,N,N,,0,,0,0,0,0,0,,1545,1,2,0,0,0,1,0,3,4,0,2,3,,N,,,,,,,,,,,
2009028489,1652.0,1,0,0,0,0,0,0,0,0,7,0,,67,1,2009,1,39.9217,-75.1905,1645.0,6,0,0,0,0,0,0,0,0,1.0,0,0,0,16,1,0,0,,1,39 55:18.060,1.0,1,75 11:25.685,0,0,0,0,67301,0,0,0,,0,0,0,1,67301,0,,2,1,,,,,0,,0,0,0,0,0,Y,1640,0,1,0,0,0,0,0,3,4,0,1,3,,N,,,,,,,,,,,
2009025877,1350.0,1,0,0,0,0,0,0,0,0,4,0,,67,1,2009,3,40.0025,-75.1233,1350.0,6,0,0,0,0,0,0,0,0,,0,0,0,13,1,1,2,,0,40 00:09.154,,0,75 07:23.959,8,0,0,0,67301,0,0,0,,0,0,0,3,67301,0,,1,1,,N,N,,1,,0,0,0,0,0,,1350,1,2,0,0,0,1,0,3,4,0,2,3,,N,,,,,,,,,,,
2009025151,1045.0,1,0,0,0,0,0,0,0,0,8,0,,67,1,2009,6,39.957,-75.2255,1045.0,6,0,0,0,0,0,0,0,0,,0,0,0,10,1,1,1,,0,39 57:25.068,,0,75 13:31.807,4,0,0,0,67301,1,0,0,N,1,0,0,2,67301,1,,1,1,,N,N,,0,,0,0,0,3,2,,1040,1,2,0,0,0,0,0,3,4,0,1,3,,N,,,,,,,,,,,
2009025888,1738.0,1,0,0,0,0,0,0,0,0,8,0,,67,1,2009,4,40.0213,-75.1645,1734.0,6,0,0,0,0,0,1,0,0,,0,0,0,17,3,2,1,,0,40 01:16.651,,0,75 09:52.117,4,0,0,0,67301,2,0,0,N,2,0,0,3,67301,2,,1,9,,N,N,,0,,0,0,0,0,0,,1730,2,3,0,0,0,0,0,3,4,0,1,7,,N,,,,,,,,,,,
2009018109,23.0,1,0,0,0,0,0,0,0,0,7,0,,67,1,2009,4,39.959,-75.1413,17.0,6,0,0,0,0,0,0,0,0,2.0,0,0,0,0,3,1,0,,1,39 57:31.180,4.0,2,75 08:28.910,4,0,0,0,67301,0,0,0,N,0,0,0,1,68K01,1,,5,7,,N,N,,0,,0,0,0,0,0,Y,15,1,1,0,0,1,0,0,3,4,0,1,10,,N,,,,,,,,,,,
2009081859,1230.0,1,0,0,0,0,0,0,0,0,1,0,,67,7,2009,7,39.9973,-75.0894,1215.0,6,0,0,0,0,0,1,0,0,,0,0,0,12,1,2,1,,0,39 59:50.247,,0,75 05:21.971,4,0,0,0,67301,0,0,0,N,0,0,0,9,67301,1,,1,1,,N,N,,0,,0,0,1,9,9,,1210,2,3,0,0,0,1,0,3,4,1,3,3,,N,,,,,,,,,,,
2009084539,1545.0,1,0,0,0,0,0,0,0,0,8,0,,67,7,2009,6,39.9431,-75.1451,1530.0,6,0,1,0,0,0,0,0,0,,0,0,0,13,1,1,1,,0,39 56:35.023,,0,75 08:42.392,8,0,0,0,67301,1,0,0,N,1,0,0,2,67301,0,,1,1,,N,N,,0,,0,0,0,3,3,,1350,1,2,0,0,0,1,0,3,4,0,1,3,,N,,,,,,,,,,,
2009079490,453.0,0,0,0,0,0,0,0,0,0,2,0,,67,7,2009,7,40.0353,-75.0913,449.0,6,0,0,0,0,0,0,0,0,1.0,0,0,0,99,3,0,0,,1,40 02:07.112,2.0,0,75 05:28.781,0,0,0,0,67301,0,0,0,,0,0,0,1,67301,0,,1,1,,N,N,,2,,0,0,1,0,0,Y,9999,0,4,0,0,0,0,0,3,4,1,4,3,,N,,,,,,,,,,,
2009105962,1635.0,1,0,0,0,0,0,0,0,0,1,0,,67,9,2009,2,39.8908,-75.1998,1620.0,6,0,0,0,0,0,1,0,0,,0,0,0,15,1,1,0,,0,39 53:26.878,,0,75 11:59.341,4,0,0,0,67301,1,0,0,,0,0,0,2,67301,1,,2,1,,,,,0,,0,0,1,0,0,,1520,1,2,0,0,0,0,0,3,4,0,2,3,,N,,,,,,,,,,,
2009100674,1414.0,3,0,0,0,0,0,0,0,0,4,0,,67,9,2009,6,39.9833,-75.2471,1411.0,6,0,0,0,0,0,0,1,1,2.0,0,0,0,13,1,1,0,,2,39 58:59.988,5.0,7,75 14:49.479,8,0,0,0,67301,4,0,0,N,0,0,0,7,67301,0,,1,9,,N,N,,0,,0,0,0,0,0,Y,1355,1,3,0,0,0,1,1,3,4,0,3,7,,N,,,,,,,,,,,
2009100683,628.0,3,0,0,0,0,0,0,0,0,4,0,,67,9,2009,6,40.0366,-75.1316,625.0,6,0,0,0,0,0,0,0,0,,0,0,0,6,5,1,1,,0,40 02:11.661,,0,75 07:53.744,4,0,0,0,67301,0,0,0,N,0,0,0,3,67301,1,,1,1,,N,N,,0,,0,0,0,3,3,,620,1,3,0,0,0,0,0,3,4,0,3,3,,N,,,,,,,,,,,
2009044191,1928.0,1,0,0,0,0,0,0,0,0,1,0,,67,3,2009,1,40.0267,-75.0461,1924.0,6,0,0,0,0,1,0,0,0,,0,0,0,19,1,0,1,,0,40 01:36.264,,0,75 02:45.952,0,0,0,0,67301,0,0,0,N,0,0,0,5,67301,0,,2,1,,N,N,,1,,0,0,1,3,3,,1922,0,3,0,0,0,0,0,3,4,0,3,3,,N,,,,,,,,,,,
2009044214,425.0,2,0,0,0,0,0,0,0,0,4,0,,67,3,2009,6,40.0328,-75.0263,420.0,6,0,0,0,0,0,0,0,0,,0,0,0,4,3,1,2,,0,40 01:58.234,,0,75 01:34.571,4,0,0,0,67301,0,0,0,,0,0,0,3,67301,1,,1,1,,N,N,,0,,0,0,0,3,3,,413,1,2,0,0,0,0,0,3,4,0,2,3,,N,,,,,,,,,,,
2009044304,330.0,3,0,0,0,0,0,0,0,0,1,0,,67,3,2009,6,40.0624,-75.0427,322.0,6,0,0,0,0,0,0,0,0,,0,0,0,3,3,1,2,,0,40 03:26.640,,0,75 02:44.520,8,0,0,0,67301,0,0,0,,0,0,0,3,67301,0,,1,1,,N,N,,0,,0,0,0,3,2,,300,1,3,0,0,0,1,0,3,4,0,3,3,,N,,,,,,,,,,,
2009049515,807.0,0,0,0,0,0,0,0,0,0,8,0,,67,4,2009,7,39.9769,-75.1318,805.0,6,0,0,0,0,0,0,1,0,,0,0,0,8,1,1,0,,0,39 58:36.847,,0,75 07:54.280,3,0,0,0,67301,1,0,0,N,1,0,0,2,67301,0,,1,9,,N,N,,0,,1,0,0,0,0,,805,1,2,0,0,0,0,0,3,4,1,1,7,,N,,,,,,,,,,,
2009022433,1250.0,0,0,0,0,0,0,0,0,0,1,0,,67,2,2009,5,39.96,-75.1787,1245.0,6,0,0,0,0,1,0,0,0,1.0,0,0,0,12,1,0,0,,1,39 57:36.720,4.0,0,75 10:49.440,0,0,0,0,67301,0,0,0,N,0,0,0,3,68K01,0,,1,1,,N,N,,1,,0,0,1,0,0,N,1238,0,2,0,0,0,0,0,3,4,0,2,3,,N,,,,,,,,,,,
2009048768,2125.0,1,0,0,0,0,0,0,0,0,8,0,,67,4,2009,4,39.966,-75.243,2122.0,6,0,1,0,0,0,0,0,0,,0,0,0,21,3,1,0,,0,39 57:57.636,,0,75 14:34.746,8,0,0,0,67301,1,0,0,,1,0,0,2,67301,0,,1,1,,N,,,0,,0,0,0,0,0,,2122,1,2,0,0,0,1,0,3,4,0,1,3,,N,,,,,,,,,,,
2009048821,120.0,4,0,0,0,0,0,0,0,0,4,0,,67,1,2009,7,39.9887,-75.1622,120.0,6,0,0,0,0,0,0,0,0,,0,0,0,99,3,1,1,,0,39 59:19.287,,0,75 09:44.051,3,0,0,0,67301,0,0,0,,0,0,0,2,67301,0,,1,1,,N,N,,0,,1,0,0,3,2,,9999,1,5,0,0,0,0,0,3,4,1,5,3,,N,,,,,,,,,,,
2009048833,1355.0,2,0,0,0,0,0,0,0,0,1,0,,67,4,2009,6,39.9381,-75.1685,1351.0,6,0,0,0,0,0,1,0,0,,0,0,0,13,1,1,0,,0,39 56:16.987,,0,75 10:06.499,4,0,0,0,67301,0,0,0,N,0,0,0,2,67301,1,,1,9,,N,N,,0,,0,0,0,3,2,,1351,1,2,0,0,0,0,0,3,4,0,2,7,,N,,,,,,,,,,,
2009048836,810.0,1,0,0,0,0,0,0,0,0,7,0,,67,3,2009,2,40.035,-75.0694,810.0,6,0,0,0,0,0,0,0,0,1.0,0,0,0,8,1,0,0,,2,40 02:05.980,1.0,0,75 04:10.010,0,0,0,0,67301,0,0,0,N,0,0,0,1,67301,0,,4,1,,N,N,,0,,0,0,0,0,0,N,800,0,1,0,0,0,0,0,3,4,0,1,3,,N,,,,,,,,,,,
2009124926,2230.0,2,0,0,0,0,0,0,0,0,4,0,,67,10,2009,5,39.9945,-75.1593,2220.0,6,0,0,0,0,0,0,0,0,2.0,0,0,0,22,3,2,1,,2,39 59:40.362,7.0,0,75 09:33.546,8,0,0,0,67301,0,0,0,N,0,0,0,4,67301,0,,1,9,,N,N,,0,,0,0,0,3,2,Y,2220,2,2,0,0,0,2,0,3,4,0,2,7,,N,,,,,,,,,,,
2009124990,2040.0,1,0,0,1,0,0,0,0,0,4,0,,67,11,2009,3,39.9548,-75.2179,2029.0,6,0,0,0,0,0,0,0,0,,0,0,0,20,3,1,1,,0,39 57:17.373,,0,75 13:04.418,4,0,0,0,67301,1,0,0,N,0,0,0,2,67301,1,,1,1,,N,N,,0,,0,0,0,3,2,,2020,1,2,0,0,0,0,1,3,4,0,1,3,,N,,,,,,,,,,,
2009045943,1232.0,2,0,0,0,0,0,0,0,0,4,0,,67,4,2009,4,40.0346,-75.1882,1220.0,6,0,0,0,0,0,0,0,0,2.0,0,0,0,12,1,2,0,,2,40 02:04.610,5.0,0,75 11:17.680,4,0,0,0,67301,0,0,0,N,0,0,0,2,68K01,2,,1,9,,N,N,,0,,0,0,0,0,0,Y,1210,2,2,0,0,0,0,0,3,4,0,2,7,,N,,,,,,,,,,,
2009125076,59.0,1,0,0,0,0,0,0,0,0,8,0,,67,11,2009,7,39.9913,-75.1343,56.0,6,0,0,0,0,0,0,0,0,,0,0,0,22,3,1,1,,0,39 59:28.968,,0,75 08:03.632,4,0,0,0,67301,1,0,0,,1,0,0,2,67301,1,,1,1,,,,,0,,0,0,0,0,0,,2200,1,2,0,0,0,0,0,3,4,0,1,3,,N,,,,,,,,,,,
2009048657,355.0,2,0,0,0,0,0,0,0,0,2,0,,67,4,2009,1,39.9573,-75.2031,351.0,6,0,0,0,0,0,0,0,0,,0,0,0,3,3,0,0,,0,39 57:26.373,,0,75 12:11.202,0,0,0,0,67301,1,0,0,N,0,0,0,3,67301,0,,1,1,,N,N,,0,,0,0,0,0,0,,345,0,2,0,0,0,0,0,3,4,0,2,3,,N,,,,,,,,,,,
2009038697,451.0,2,0,0,0,0,0,0,0,0,2,0,,67,2,2009,7,40.0352,-75.1084,448.0,6,0,0,0,0,0,0,0,0,3.0,0,0,0,4,3,1,0,,2,40 02:06.220,3.0,0,75 06:30.040,3,0,0,0,67301,0,0,0,,0,0,0,1,67301,0,,6,1,,,,,0,,1,0,1,2,2,Y,448,1,3,0,0,1,0,0,3,4,0,3,3,,N,,,,,,,,,,,
2009038710,9999.0,1,0,0,0,0,0,0,0,0,4,0,,67,2,2009,7,39.9261,-75.1828,9999.0,6,0,0,0,0,0,1,0,0,,0,0,0,99,1,5,1,,0,39 55:33.757,,0,75 10:57.484,3,0,0,0,67301,0,0,0,N,0,0,0,6,67301,2,,1,1,,N,N,,0,,1,0,0,3,2,,9999,5,2,0,0,0,2,0,3,4,1,2,3,,N,,,,,,,,,,,
2009038711,1305.0,1,0,0,0,0,0,0,0,0,8,0,,67,1,2009,5,40.0296,-75.2063,1300.0,6,0,0,0,0,1,0,0,0,2.0,0,0,0,13,1,1,2,,1,40 01:46.559,1.0,0,75 12:22.847,3,0,0,0,67301,1,0,0,N,1,0,0,3,67301,0,,3,1,,N,N,,0,,1,0,0,3,3,Y,1305,1,2,0,0,0,0,0,3,4,0,1,3,,N,,,,,,,,,,,
2009038717,2030.0,1,0,0,0,0,0,0,0,0,1,0,,67,2,2009,2,40.064,-75.0533,2021.0,6,0,0,0,0,0,0,0,1,,0,0,0,19,3,1,0,,0,40 03:50.317,,0,75 03:11.818,8,0,0,0,67301,0,0,0,N,0,0,0,1,67301,0,,2,1,,N,N,,0,,0,0,1,0,0,,1950,1,2,0,0,0,1,0,3,4,0,2,3,,N,,,,,,,,,,,
2009048958,734.0,2,0,0,0,0,0,0,0,0,2,0,,67,3,2009,1,39.9857,-75.1967,728.0,6,0,0,0,0,0,1,0,0,,0,0,0,99,5,1,3,,0,39 59:08.581,,0,75 11:48.299,8,0,0,0,67301,0,0,0,N,0,0,0,2,67301,0,,1,9,,N,N,,0,,0,0,0,3,4,,9999,1,2,0,0,0,1,0,3,4,0,2,7,,N,,,,,,,,,,,
2009044130,515.0,1,0,0,0,0,0,0,0,0,8,0,,67,3,2009,3,39.9556,-75.1728,507.0,6,0,0,0,0,0,0,0,0,,0,0,0,99,1,1,1,,0,39 57:20.167,,0,75 10:21.953,4,0,0,0,67301,1,0,0,N,1,0,0,2,67301,1,,1,1,,N,N,,0,,0,0,0,3,2,,9999,1,2,0,0,1,0,0,3,4,0,1,3,,N,,,,,,,,,,,
2009048668,425.0,1,0,0,0,0,0,0,0,0,1,0,,67,4,2009,7,40.0271,-75.065,422.0,6,0,0,0,0,0,0,0,0,,0,0,0,4,3,1,1,,0,40 01:37.398,,0,75 03:53.973,4,0,0,0,67301,0,0,0,N,0,0,0,4,67301,1,,1,1,,N,N,,0,,0,0,1,3,2,,421,1,2,0,0,0,0,0,3,4,0,2,3,,N,,,,,,,,,,,
2009044866,1714.0,0,0,0,0,0,0,0,0,0,7,0,,67,3,2009,4,40.0055,-75.1066,1711.0,6,0,0,0,0,0,0,0,0,,0,0,0,16,1,2,2,,0,40 00:19.688,,0,75 06:23.849,4,0,0,0,67301,0,0,0,N,0,0,0,2,67301,2,,2,1,,N,N,,0,,0,0,1,0,0,,1659,2,1,0,0,0,0,0,3,4,0,1,3,,N,,,,,,,,,,,
2009050898,1358.0,2,0,0,0,0,0,0,0,0,2,0,,67,4,2009,1,39.9249,-75.174,1354.0,6,0,0,0,0,0,1,0,0,,0,0,0,13,1,4,1,,0,39 55:28.494,,0,75 10:16.478,8,0,0,0,67301,0,0,0,N,0,0,0,6,67301,0,,1,1,,N,N,,0,,0,0,1,3,2,,1345,4,3,0,0,0,4,0,3,4,0,3,3,,N,,,,,,,,,,,
2009105903,1250.0,1,0,0,0,0,0,0,0,0,4,0,,67,9,2009,3,40.0216,-75.1244,1230.0,6,0,0,0,0,0,1,1,0,1.0,0,0,0,99,1,1,1,,1,40 01:17.655,7.0,0,75 07:27.663,4,0,0,0,67301,0,0,0,,0,0,0,2,67301,1,,1,1,,,,,0,,0,0,0,3,2,Y,9999,1,2,0,0,0,0,0,3,4,1,2,3,,N,,,,,,,,,,,
2009105910,1115.0,2,0,0,0,0,0,0,0,0,4,0,,67,9,2009,5,40.1288,-75.0137,1110.0,6,0,0,0,0,0,0,0,2,,0,0,0,11,1,1,1,,0,40 07:43.802,,0,75 00:49.406,3,0,0,0,67301,0,0,0,N,0,0,0,2,67301,0,,1,1,,N,N,,0,,1,0,0,3,2,,1110,1,2,0,0,0,0,0,3,4,0,2,3,,N,,,,,,,,,,,
2009100752,107.0,4,0,0,0,0,0,0,0,0,1,0,,67,9,2009,7,40.0225,-75.116,44.0,6,0,0,0,0,0,0,0,0,,0,0,0,0,3,0,0,,0,40 01:21.079,,0,75 06:57.772,0,0,0,0,67301,0,0,0,,0,0,0,1,67301,0,,6,1,,,,,0,,0,0,0,0,0,,44,0,4,0,0,0,0,0,3,4,0,4,3,,N,,,,,,,,,,,
2009100756,2145.0,2,0,0,0,0,0,0,0,0,4,0,,67,9,2009,5,40.0707,-75.2412,2139.0,6,0,1,0,0,0,0,0,0,,0,0,0,20,4,0,1,,0,40 04:14.407,,0,75 14:28.672,0,0,0,0,67301,0,0,0,N,0,0,0,5,67301,0,,1,1,,N,N,,0,,0,0,0,3,2,,2058,0,2,0,0,0,0,0,3,4,0,2,3,,N,,,,,,,,,,,
2009025653,905.0,1,0,0,0,0,0,0,0,0,7,0,,67,1,2009,3,40.0428,-75.0631,905.0,6,0,0,0,0,0,0,0,0,,0,0,0,9,1,1,1,,0,40 02:34.113,,0,75 03:47.339,8,0,0,0,67301,0,0,0,N,0,0,0,2,67301,0,,5,1,,N,N,,0,,0,0,0,3,2,,905,1,1,0,0,0,1,0,3,4,0,1,3,,N,,,,,,,,,,,
2009025441,2110.0,1,0,0,0,0,0,0,0,0,5,0,,67,1,2009,7,39.8946,-75.2367,2034.0,6,0,0,0,0,0,0,0,0,,0,0,0,20,3,1,1,,0,39 53:40.604,,0,75 14:12.181,3,0,0,0,67301,0,0,0,N,0,0,0,4,67301,0,,1,9,,N,N,,1,,1,0,0,3,2,,2031,1,2,0,0,0,0,0,3,4,0,2,7,,N,,,,,,,,,,,
2009028485,9999.0,0,0,0,0,0,0,0,0,0,7,0,,67,1,2009,1,40.0275,-75.0246,9999.0,6,0,0,0,0,0,0,0,0,,0,0,0,7,1,0,0,,0,40 01:33.641,,0,75 01:38.291,0,0,0,0,67301,0,0,0,N,0,0,0,1,67301,0,,3,2,,N,N,,1,,0,0,0,0,0,,715,0,1,0,0,0,0,0,3,4,0,1,98,,N,,,,,,,,,,,
2009030174,618.0,2,0,0,0,0,0,0,0,0,4,0,,67,2,2009,6,40.102,-75.0497,618.0,6,0,0,0,0,0,0,1,0,2.0,0,0,0,6,1,1,2,,2,40 06:07.560,6.0,0,75 02:58.560,4,0,0,0,67301,0,0,0,N,0,0,0,2,67301,1,,1,1,,,,,0,,0,0,0,3,3,Y,618,1,2,0,0,0,0,0,3,4,0,2,3,,N,,,,,,,,,,,
2009030188,9999.0,2,0,0,0,0,0,0,0,0,4,0,,67,1,2009,5,40.0154,-75.1499,9999.0,6,0,0,0,0,0,0,0,0,,0,0,0,8,1,0,0,,0,40 00:55.801,,7,75 08:59.568,0,0,0,0,67301,0,0,0,N,0,0,0,3,67301,0,,1,1,,N,,,0,,0,0,0,0,0,,800,0,2,0,0,0,0,0,3,4,0,2,3,,N,,,,,,,,,,,
2009030750,1828.0,1,0,0,0,0,0,0,0,0,4,0,,67,1,2009,3,39.9383,-75.1986,1808.0,6,0,0,0,0,0,0,0,0,,0,0,0,18,3,1,1,,0,39 56:18.886,,0,75 11:54.437,8,0,0,0,67301,0,0,0,N,0,0,0,9,67301,0,,1,1,,N,N,,0,,0,0,0,3,2,,1808,1,2,0,0,2,1,0,3,4,1,2,3,,N,,,,,,,,,,,
2009032867,1719.0,2,0,0,0,0,0,0,0,0,4,0,,67,2,2009,2,39.9377,-75.2284,1656.0,6,0,0,1,0,1,0,0,0,,0,0,0,15,1,2,1,,0,39 56:15.784,,0,75 13:42.272,4,0,0,0,67301,0,0,0,N,0,0,0,2,67301,1,,1,1,,N,N,,0,,0,0,0,3,2,,1553,2,2,0,0,1,1,0,3,4,0,2,3,,N,,,,,,,,,,,
2009038268,1951.0,1,0,0,0,0,0,0,0,0,7,0,,67,3,2009,6,39.8889,-75.2409,1946.0,6,0,0,0,0,0,1,0,0,1.0,0,0,0,19,3,1,0,,1,39 53:18.782,1.0,0,75 14:28.529,8,0,0,0,67301,0,0,0,Y,0,0,0,1,68K01,0,,2,1,,N,N,,0,,0,0,0,0,0,N,1942,1,1,0,0,0,1,0,3,4,0,1,3,,N,,,,,,,,,,,
2009025422,923.0,1,0,0,1,0,0,0,0,0,5,0,,67,1,2009,5,39.9599,-75.1875,919.0,6,0,0,0,0,0,0,0,0,,0,0,0,9,1,1,0,,0,39 57:35.738,,0,75 11:15.060,3,0,0,0,67301,1,0,0,,0,0,0,2,67301,0,,2,1,,N,N,,0,,1,0,0,0,0,,919,1,2,0,0,0,0,0,3,4,0,1,3,,N,,,,,,,,,,,
2009099304,707.0,1,0,0,0,0,0,0,0,0,7,0,,67,9,2009,1,39.9838,-75.0974,705.0,6,0,0,0,0,0,0,0,0,1.0,0,0,0,7,3,1,0,,1,39 59:01.320,1.0,0,75 05:50.640,8,0,0,0,67301,0,0,0,N,0,0,0,1,68K01,0,,2,9,,N,N,,0,,0,0,0,0,0,Y,700,1,1,0,0,0,1,0,3,4,0,1,7,,N,,,,,,,,,,,
2009079529,1045.0,2,0,0,0,0,0,0,0,0,4,0,,67,7,2009,5,39.9576,-75.1457,1045.0,6,0,0,0,0,0,0,0,0,2.0,0,0,0,10,1,2,1,,2,39 57:27.432,2.0,0,75 08:44.473,4,0,0,0,67301,0,0,0,N,0,0,0,3,67301,1,,1,1,,N,N,,0,,0,0,0,3,2,Y,1030,2,2,0,0,0,1,0,3,4,0,2,3,,N,,,,,,,,,,,
2009079703,2328.0,3,0,0,0,0,0,0,0,0,1,0,,67,7,2009,7,39.9585,-75.1407,2320.0,6,0,0,0,0,0,0,0,0,,0,0,0,23,2,0,0,,0,39 57:31.165,,0,75 08:26.493,0,0,0,0,67301,0,0,0,N,0,0,0,3,68K01,0,,1,9,,N,N,,0,,0,0,0,0,0,,2310,0,3,0,0,0,0,0,3,4,0,3,7,,N,,,,,,,,,,,