CRN,ARRIVAL_TM,AUTOMOBILE_COUNT,BELTED_DEATH_COUNT,BELTED_SUSP_SERIOUS_INJ_COUNT,BICYCLE_COUNT,BICYCLE_DEATH_COUNT,BICYCLE_SUSP_SERIOUS_INJ_COUNT,BUS_COUNT,CHLDPAS_DEATH_COUNT,CHLDPAS_SUSP_SERIOUS_INJ_COUNT,COLLISION_TYPE,COMM_VEH_COUNT,CONS_ZONE_SPD_LIM,COUNTY,CRASH_MONTH,CRASH_YEAR,DAY_OF_WEEK,DEC_LAT,DEC_LONG,DISPATCH_TM,DISTRICT,DRIVER_COUNT_16YR,DRIVER_COUNT_17YR,DRIVER_COUNT_18YR,DRIVER_COUNT_19YR,DRIVER_COUNT_20YR,DRIVER_COUNT_50_64YR,DRIVER_COUNT_65_74YR,DRIVER_COUNT_75PLUS,EST_HRS_CLOSED,FATAL_COUNT,HEAVY_TRUCK_COUNT,HORSE_BUGGY_COUNT,HOUR_OF_DAY,ILLUMINATION,INJURY_COUNT,INTERSECT_TYPE,INTERSECTION_RELATED,LANE_CLOSED,LATITUDE,LN_CLOSE_DIR,LOCATION_TYPE,LONGITUDE,MAX_SEVERITY_LEVEL,MCYCLE_DEATH_COUNT,MCYCLE_SUSP_SERIOUS_INJ_COUNT,MOTORCYCLE_COUNT,MUNICIPALITY,NONMOTR_COUNT,NONMOTR_DEATH_COUNT,NONMOTR_SUSP_SERIOUS_INJ_COUNT,NTFY_HIWY_MAINT,PED_COUNT,PED_DEATH_COUNT,PED_SUSP_SERIOUS_INJ_COUNT,PERSON_COUNT,POLICE_AGCY,POSSIBLE_INJ_COUNT,RDWY_SURF_TYPE_CD,RELATION_TO_ROAD,ROAD_CONDITION,ROADWAY_CLEARED,SCH_BUS_IND,SCH_ZONE_IND,SECONDARY_CRASH,SMALL_TRUCK_COUNT,SPEC_JURIS_CD,SUSP_MINOR_INJ_COUNT,SUSP_SERIOUS_INJ_COUNT,SUV_COUNT,TCD_FUNC_CD,TCD_TYPE,TFC_DETOUR_IND,TIME_OF_DAY,TOT_INJ_COUNT,TOTAL_UNITS,UNB_DEATH_COUNT,UNB_SUSP_SERIOUS_INJ_COUNT,UNBELTED_OCC_COUNT,UNK_INJ_DEG_COUNT,UNK_INJ_PER_COUNT,URBAN_AREA,URBAN_RURAL,VAN_COUNT,VEHICLE_COUNT,WEATHER1,WEATHER2,WORK_ZONE_IND,WORK_ZONE_LOC,WORK_ZONE_TYPE,WORKERS_PRES,WZ_CLOSE_DETOUR,WZ_FLAGGER,WZ_LAW_OFFCR_IND,WZ_LN_CLOSURE,WZ_MOVING,WZ_OTHER,WZ_SHLDER_MDN,WZ_WORKERS_INJ_KILLED
2009074693,736.0,0,0,0,0,0,0,1,0,0,8,1,,67,4,2009,6,40.0455,-75.1649,736.0,6,0,0,0,0,0,0,0,0,,0,0,0,99,4,2,1,,0,40 02:43.800,,0,75 09:53.514,3,0,0,0,67301,1,0,0,N,1,0,0,16,67301,1,,1,98,,Y,N,,0,,1,0,0,3,2,,9999,2,2,0,0,0,0,0,3,4,0,1,99,,N,,,,,,,,,,,
2009079890,1403.0,1,0,0,0,0,0,0,0,0,0,0,,67,7,2009,2,39.8775,-75.2522,1359.0,6,0,0,0,0,0,0,1,0,1.0,0,0,0,13,1,1,0,,1,39 52:38.350,1.0,0,75 15:10.128,4,0,0,0,67301,0,0,0,N,0,0,0,1,68K01,1,,2,1,,N,N,,0,,0,0,0,0,0,N,1356,1,2,0,0,0,0,0,3,4,0,1,3,,N,,,,,,,,,,,
2009079916,2307.0,1,0,0,0,0,0,0,0,0,1,0,50.0,67,8,2009,4,39.9572,-75.1519,2307.0,6,0,1,0,0,1,0,0,0,,0,0,0,23,3,0,0,,0,39 57:25.857,,0,75 09:06.597,0,0,0,0,67301,0,0,0,N,0,0,0,3,68K01,0,,1,1,,N,N,,2,,0,0,0,3,8,,2307,0,3,0,0,0,0,0,3,4,0,3,3,,Y,4.0,2.0,Y,N,N,Y,Y,N,Y,Y,
2009100063,1617.0,1,0,0,0,0,0,1,0,0,6,1,,67,9,2009,3,39.9952,-75.1122,1617.0,6,0,0,0,0,0,2,0,0,,0,0,0,16,1,2,1,,0,39 59:42.556,,0,75 06:44.112,4,0,0,0,67301,0,0,0,N,0,0,0,4,67301,2,,5,1,,N,N,,1,,0,0,0,3,2,,1615,2,3,0,0,0,0,0,3,4,0,3,3,,N,,,,,,,,,,,
2009003976,1634.0,1,0,0,0,0,0,0,0,0,4,0,,67,1,2009,6,40.0072,-75.2138,1631.0,6,0,0,0,0,0,0,0,0,1.0,0,0,0,16,1,0,1,,2,40 00:25.601,2.0,0,75 12:50.450,0,0,0,0,67301,0,0,0,N,0,0,0,3,46104,0,,1,1,,N,N,,1,,0,0,0,3,2,N,1605,0,2,0,0,0,0,0,3,4,0,2,3,,N,,,,,,,,,,,
2009049555,7.0,1,0,0,0,0,0,0,0,0,2,0,,67,4,2009,6,39.9086,-75.242,5.0,6,0,0,0,0,0,0,0,0,3.0,0,0,0,23,3,2,0,,2,39 54:30.890,1.0,0,75 14:30.992,8,0,0,0,67301,0,0,0,N,0,0,0,3,67301,0,,1,1,,N,N,,0,,0,0,2,0,0,N,2355,2,3,0,0,0,2,0,3,4,0,3,3,,N,,,,,,,,,,,
2009049488,1244.0,2,0,0,0,0,0,1,0,0,4,2,,67,3,2009,3,39.9252,-75.1712,1243.0,6,0,0,0,0,0,1,0,0,,0,0,0,12,1,3,1,,0,39 55:30.553,,0,75 10:16.262,4,0,0,0,67301,0,0,0,N,0,0,0,4,67301,3,,1,1,,N,N,,1,,0,0,0,3,2,,1243,3,4,0,0,1,0,0,3,4,0,4,3,,N,,,,,,,,,,,
2009049491,1808.0,2,0,0,0,0,0,0,0,0,4,0,,67,4,2009,1,40.036,-75.0492,1751.0,6,0,0,0,1,0,0,0,1,,0,0,0,17,1,4,1,,0,40 02:09.776,,0,75 02:56.943,4,0,0,0,67301,0,0,0,N,0,0,0,4,67301,4,,1,1,,N,N,,0,,0,0,0,3,3,,1750,4,2,0,0,0,0,0,3,4,0,2,3,,N,,,,,,,,,,,
2009117050,855.0,2,0,0,0,0,0,0,0,0,1,0,,67,11,2009,6,39.9877,-75.2162,855.0,6,0,0,0,0,0,0,0,0,1.0,0,0,0,8,1,0,0,,1,39 59:15.877,2.0,0,75 12:58.492,0,0,0,0,67301,0,0,0,N,0,0,0,2,68K01,0,,1,9,,N,N,,0,,0,0,0,3,2,N,854,0,2,0,0,0,0,0,3,4,0,2,7,,N,,,,,,,,,,,
2009048819,817.0,2,0,0,0,0,0,0,0,0,1,0,,67,3,2009,4,39.9413,-75.2062,814.0,6,0,0,0,0,0,1,0,0,1.0,0,0,0,8,1,1,0,,1,39 56:28.736,2.0,0,75 12:31.960,4,0,0,0,67301,0,0,0,N,0,0,0,3,67301,1,,1,9,,N,N,,0,,0,0,0,3,2,N,805,1,2,0,0,2,0,0,3,4,0,2,7,,N,,,,,,,,,,,
2009048856,1645.0,1,0,0,1,0,0,0,0,0,8,0,,67,4,2009,5,40.0164,-75.2105,1640.0,6,0,0,0,0,0,0,0,0,,0,0,0,16,1,1,0,,0,40 00:58.929,,0,75 12:37.611,4,0,0,0,67301,1,0,0,,0,0,0,2,67301,1,,2,1,,,,,0,,0,0,0,3,2,,1640,1,2,0,0,0,0,0,3,4,0,1,3,,N,,,,,,,,,,,
2009124982,1740.0,2,0,0,0,0,0,0,0,0,4,0,,67,10,2009,7,39.9752,-75.1683,1737.0,6,0,0,0,0,0,0,0,0,,0,0,0,17,1,3,2,,0,39 58:30.893,,0,75 10:05.720,2,0,0,0,67301,0,0,0,N,0,0,0,6,67301,2,,1,9,,N,N,,0,,0,1,0,3,3,,1736,3,2,0,0,0,0,0,3,4,0,2,7,,N,,,,,,,,,,,
2009112373,1559.0,1,0,0,0,0,0,0,0,0,5,1,,67,10,2009,6,39.8858,-75.2126,1552.0,6,0,0,0,0,0,1,0,0,1.0,0,1,0,15,1,1,0,,1,39 53:17.510,1.0,0,75 12:11.563,4,0,0,0,67301,0,0,0,N,0,0,0,2,68K01,1,,1,1,,N,N,,0,,0,0,0,0,0,N,1549,1,2,0,0,1,0,0,3,4,0,2,3,,N,,,,,,,,,,,
2009120147,457.0,0,0,0,0,0,0,0,0,0,5,1,,67,11,2009,7,39.9795,-75.2043,450.0,6,0,0,0,0,0,0,0,0,,0,1,0,4,3,0,0,,0,39 58:48.802,,0,75 12:19.495,0,0,0,0,67301,0,0,0,N,0,0,0,2,68K01,0,,1,1,,N,N,,0,,0,0,1,0,0,,446,0,2,0,0,0,0,0,3,4,0,2,3,,N,,,,,,,,,,,
2009048624,319.0,1,0,0,0,0,0,0,0,0,7,0,,67,3,2009,7,39.9625,-75.2468,315.0,6,0,0,0,0,0,0,0,0,,0,0,0,2,3,1,0,,0,39 57:44.803,,0,75 14:48.361,3,0,0,0,67301,0,0,0,,0,0,0,2,67301,0,,5,1,,,,,0,,1,0,0,0,0,,259,1,1,0,0,0,0,0,3,4,0,1,3,,N,,,,,,,,,,,
2009048646,1125.0,1,0,0,0,0,0,0,0,0,4,0,,67,4,2009,3,39.9671,-75.2066,1118.0,6,0,0,0,0,0,0,0,0,,0,0,0,11,1,1,2,,0,39 58:01.531,,0,75 12:23.921,8,0,0,0,67301,0,0,0,N,0,0,0,4,67301,0,,1,9,,N,N,,0,,0,0,1,3,3,,1116,1,2,0,0,0,1,0,3,4,0,2,7,,N,,,,,,,,,,,
2009033537,310.0,1,0,0,0,0,0,0,0,0,7,0,,67,2,2009,4,39.8862,-75.2126,303.0,6,0,0,0,0,0,0,0,0,2.0,0,0,0,3,3,1,0,,1,39 53:10.348,2.0,0,75 12:44.953,3,0,0,0,67301,0,0,0,N,0,0,0,1,68K01,0,,2,6,,N,N,,0,,1,0,0,0,0,N,301,1,1,0,0,0,0,0,3,4,0,1,10,,N,,,,,,,,,,,
2009038714,1900.0,1,0,0,0,0,0,0,0,0,8,0,,67,2,2009,5,40.0023,-75.2241,1843.0,6,0,0,0,0,0,0,0,0,,0,0,0,18,3,1,0,,0,40 00:08.077,,0,75 13:27.055,2,0,0,0,67301,1,0,1,,1,0,1,2,67301,0,,1,1,,,,,0,,0,1,0,3,2,,1840,1,2,0,0,1,0,0,3,4,0,1,3,,N,,,,,,,,,,,
2009048932,130.0,2,0,0,0,0,0,0,0,0,4,0,,67,4,2009,4,39.9342,-75.1675,126.0,6,0,0,0,0,0,0,0,0,,0,0,0,1,3,1,1,,0,39 56:02.754,,0,75 10:03.046,4,0,0,0,67301,0,0,0,N,0,0,0,5,67301,1,,5,1,,N,N,,0,,0,0,0,3,2,,126,1,2,0,0,0,0,0,3,4,0,2,3,,N,,,,,,,,,,,
2009038881,1235.0,0,0,0,0,0,0,0,0,0,8,0,,67,2,2009,1,39.9608,-75.2247,1235.0,6,0,0,0,0,0,0,0,0,,0,1,0,12,1,1,0,,0,39 57:38.913,,0,75 13:28.894,4,0,0,0,67301,1,0,0,N,1,0,0,2,67301,1,,2,1,,N,N,,0,,0,0,0,0,0,,1228,1,2,0,0,0,0,0,3,4,0,1,3,,N,,,,,,,,,,,
2009048716,115.0,1,0,0,0,0,0,0,0,0,8,0,,67,3,2009,1,40.0241,-75.2093,110.0,6,0,0,0,0,0,0,0,0,,0,0,0,1,3,1,0,,0,40 01:26.907,,0,75 12:33.516,3,0,0,0,67301,1,0,0,,1,0,0,2,67301,0,,1,1,,,,,0,,1,0,0,0,0,,100,1,2,0,0,0,0,0,3,4,0,1,3,,N,,,,,,,,,,,
2009049116,1800.0,3,0,0,0,0,0,0,0,0,1,0,,67,3,2009,4,39.9478,-75.1712,1751.0,6,0,0,0,0,0,0,0,0,,0,0,0,17,1,1,1,,0,39 56:52.033,,0,75 10:16.215,8,0,0,0,67301,0,0,0,,0,0,0,4,67301,0,,1,1,,,,,0,,0,0,0,3,2,,1700,1,3,0,0,0,1,0,3,4,0,3,3,,N,,,,,,,,,,,
2009049280,1236.0,1,0,0,0,0,0,0,0,0,1,0,,67,4,2009,3,40.0338,-75.0674,1236.0,6,0,0,0,0,0,1,0,0,,0,0,0,12,1,1,2,,0,40 02:01.810,,0,75 04:02.491,8,0,0,0,67301,0,0,0,N,0,0,0,2,67301,0,,1,9,,,N,,1,,0,0,0,0,0,,1215,1,2,0,0,0,1,1,3,4,0,2,7,,N,,,,,,,,,,,
2009049283,1450.0,2,0,0,0,0,0,0,0,0,4,0,,67,4,2009,4,39.9165,-75.173,1450.0,6,0,0,0,0,0,2,0,0,,0,0,0,14,1,0,1,,0,39 54:59.536,,0,75 10:22.886,0,0,0,0,67301,0,0,0,N,0,0,0,3,67301,0,,1,9,,N,N,,1,,0,0,0,3,2,,1447,0,3,0,0,0,0,0,3,4,0,3,7,,N,,,,,,,,,,,
2009040314,731.0,0,0,0,0,0,0,0,0,0,7,0,,67,2,2009,3,40.1046,-75.0019,729.0,6,0,0,0,0,0,0,0,0,1.0,0,0,0,7,1,1,0,,2,40 06:16.750,2.0,0,75 00:06.630,3,0,0,0,67301,0,0,0,N,0,0,0,1,67301,0,,4,1,,N,N,,0,,1,0,1,0,0,N,727,1,1,0,0,0,0,0,3,4,0,1,3,,N,,,,,,,,,,,
2009040340,220.0,2,0,0,0,0,0,0,0,0,5,0,,67,2,2009,7,39.9606,-75.1414,219.0,6,0,0,0,0,0,1,0,0,2.0,0,0,0,2,3,1,1,,2,39 57:38.006,3.0,0,75 08:28.573,8,0,0,0,67301,0,0,0,N,0,0,0,3,67301,0,,1,1,,N,N,,0,,0,0,0,3,2,Y,215,1,2,0,0,0,1,1,3,4,0,2,3,,N,,,,,,,,,,,
2009048228,1609.0,0,0,0,0,0,0,0,0,0,7,1,,67,4,2009,2,39.9081,-75.1551,1554.0,6,0,0,0,0,0,0,0,0,,0,1,0,15,1,0,0,,0,39 54:28.883,,2,75 09:15.898,0,0,0,0,67301,0,0,0,Y,0,0,0,1,68K01,0,,5,1,,N,N,,0,,0,0,0,3,4,,1551,0,1,0,0,0,0,0,3,4,0,1,3,,N,,,,,,,,,,,
2009044869,1417.0,1,0,0,0,0,0,0,0,0,8,0,,67,3,2009,2,39.9533,-75.1632,1410.0,6,0,0,0,0,0,0,0,0,,0,0,0,14,1,1,0,,0,39 57:11.941,,0,75 09:46.530,8,0,0,0,67301,1,0,0,N,1,0,0,2,67301,0,,1,1,,N,N,,0,,0,0,0,3,2,,1400,1,2,0,0,0,1,1,3,4,0,1,3,,N,,,,,,,,,,,
2009097444,1915.0,2,0,0,0,0,0,0,0,0,1,0,,67,8,2009,7,39.9222,-75.1551,1912.0,6,0,0,1,0,0,0,0,0,,0,0,0,19,1,1,0,,0,39 55:19.884,,0,75 09:18.493,8,0,0,0,67301,0,0,0,N,0,0,0,3,67301,0,,1,9,,N,N,,0,,0,0,0,0,0,,1910,1,2,0,0,2,1,0,3,4,0,2,7,,N,,,,,,,,,,,
2009105547,807.0,1,0,0,0,0,0,0,0,0,8,0,,67,6,2009,1,39.993,-75.1103,807.0,6,0,0,0,0,0,0,0,0,,0,0,0,8,3,2,1,,0,39 59:34.615,,0,75 06:37.098,3,0,0,0,67301,2,0,0,,2,0,0,3,67301,1,,1,1,,N,N,,0,,1,0,0,3,2,,800,2,3,0,0,0,0,0,3,4,0,1,3,,N,,,,,,,,,,,
2009101041,1540.0,2,0,0,0,0,0,0,0,0,1,0,,67,8,2009,5,39.9876,-75.1873,1538.0,6,0,0,0,0,0,0,0,0,,0,0,0,15,1,1,0,,0,39 59:15.198,,0,75 11:14.282,4,0,0,0,67301,0,0,0,,0,0,0,1,67301,1,,6,1,,,,,0,,0,0,0,0,0,,1530,1,2,0,0,0,0,0,3,4,0,2,3,,N,,,,,,,,,,,
2009105687,2204.0,2,0,0,0,0,0,0,0,0,1,0,,67,9,2009,3,39.9112,-75.2305,2159.0,6,0,0,0,0,0,0,1,0,1.0,0,0,0,21,3,1,1,,1,39 54:40.334,4.0,0,75 13:49.673,8,0,0,0,67301,0,0,0,N,0,0,0,2,67301,0,,1,1,,N,N,,0,,0,0,0,3,2,N,2146,1,2,0,0,0,1,0,3,4,0,2,3,,N,,,,,,,,,,,
2009100728,32.0,2,0,0,0,0,0,0,0,0,4,0,,67,9,2009,1,39.9958,-75.0955,30.0,6,0,0,0,0,0,0,0,0,3.0,0,0,0,0,6,5,2,,1,39 59:44.756,1.0,0,75 05:43.919,3,0,0,0,67301,0,0,0,,0,0,0,5,67301,4,,1,98,,,,,0,,1,0,0,3,3,N,28,5,2,0,0,1,0,0,3,4,0,2,99,,N,,,,,,,,,,,
2009100739,1558.0,1,0,0,0,0,0,0,0,0,8,0,,67,9,2009,1,40.0305,-75.1329,1556.0,6,0,0,0,0,0,0,0,0,,0,0,0,15,1,1,2,,0,40 01:49.641,,0,75 07:58.285,4,0,0,0,67301,1,0,0,N,1,0,0,2,67301,1,,1,1,,N,N,,0,,0,0,0,3,3,,1556,1,2,0,0,0,0,1,3,4,0,1,3,,N,,,,,,,,,,,
2009100794,1743.0,1,0,0,0,0,0,0,0,0,8,0,,67,9,2009,1,40.0177,-75.1534,1737.0,6,0,0,0,0,0,0,0,0,,0,0,0,99,1,1,0,,0,40 01:03.806,,0,75 09:12.330,2,0,0,0,67301,1,0,1,N,1,0,1,2,67301,0,,1,1,,N,N,,0,,0,1,0,0,0,,9999,1,2,0,0,0,0,0,3,4,0,1,3,,N,,,,,,,,,,,
2009105501,925.0,2,0,0,0,0,0,0,0,0,5,0,,67,10,2009,7,39.8989,-75.1706,918.0,6,0,0,0,0,0,0,0,0,1.0,0,0,0,9,1,0,0,,1,39 53:56.760,2.0,0,75 10:04.800,0,0,0,0,67301,0,0,0,N,0,0,0,3,68K01,0,,1,1,,N,N,,0,,0,0,0,0,0,N,915,0,2,0,0,0,0,0,3,4,0,2,3,,N,,,,,,,,,,,
2009100458,2249.0,1,0,0,0,0,0,0,0,0,4,0,,67,9,2009,4,39.96,-75.1404,2205.0,6,0,0,0,0,0,0,0,0,,0,0,0,22,3,2,0,,0,39 57:36.595,,0,75 08:25.138,4,0,0,0,67301,0,0,0,N,0,0,0,4,68K03,2,,1,9,,N,N,,0,,0,0,1,0,0,,2205,2,2,0,0,0,0,0,3,4,0,2,7,,N,,,,,,,,,,,
2009030824,1240.0,2,0,0,0,0,0,0,0,0,4,0,,67,2,2009,4,40.0026,-75.1244,1235.0,6,0,0,0,1,0,1,0,0,,0,0,0,12,1,1,1,,0,40 00:09.456,,0,75 07:27.887,4,0,0,1,67301,0,0,0,N,0,0,0,2,67301,1,,1,1,,N,N,,0,,0,0,0,3,2,,1230,1,3,0,0,0,0,0,3,4,0,3,3,,N,,,,,,,,,,,
2009025444,1003.0,2,0,0,0,0,0,0,0,0,4,1,,67,1,2009,5,39.9571,-75.1511,1001.0,6,0,0,0,0,0,0,0,0,1.0,0,1,0,9,1,2,1,,2,39 57:25.688,4.0,0,75 09:03.847,4,0,0,0,67301,0,0,0,N,0,0,0,3,67301,2,,1,1,,N,N,,0,,0,0,0,3,2,Y,956,2,3,0,0,0,0,0,3,4,0,3,3,,N,,,,,,,,,,,
2009030189,2305.0,2,0,0,0,0,0,0,0,0,1,0,,67,1,2009,1,40.0308,-75.1878,2300.0,6,0,0,0,0,0,0,0,0,2.0,0,0,0,22,3,2,1,,2,40 01:50.673,6.0,0,75 11:15.839,3,0,0,0,67301,0,0,0,,0,0,0,2,67301,0,,1,1,,N,N,,0,,2,0,0,3,2,Y,2255,2,2,0,0,0,0,0,3,4,0,2,3,,N,,,,,,,,,,,
2009030194,1545.0,0,0,0,0,0,0,0,0,0,7,0,,67,1,2009,3,40.0808,-74.986,1537.0,6,0,0,0,0,0,0,0,0,,0,0,0,15,1,2,0,,0,40 04:51.042,,0,74 59:09.488,8,0,0,0,67301,0,0,0,N,0,0,0,2,67301,0,,5,1,,N,N,,0,,0,0,1,0,0,,1509,2,1,0,0,0,2,0,3,4,0,1,3,,N,,,,,,,,,,,
2009028279,642.0,0,0,0,0,0,0,0,0,0,7,0,,67,3,2009,2,40.0,-75.0798,642.0,6,0,0,0,0,0,1,0,0,,0,0,0,6,1,0,0,,0,40 00:00.350,,0,75 04:47.119,0,0,0,0,67301,0,0,0,N,0,0,0,1,68K01,0,,3,7,,N,N,,0,,0,0,1,0,0,,635,0,1,0,0,0,0,0,3,4,0,1,10,,N,,,,,,,,,,,
2009025922,512.0,0,0,0,0,0,0,0,0,0,1,0,,67,1,2009,3,40.0203,-75.134,509.0,6,0,0,0,0,0,1,0,0,,0,0,0,5,3,2,1,,0,40 01:13.249,,0,75 08:02.518,4,0,0,0,67301,0,0,0,N,0,0,0,6,67301,2,,1,1,,N,N,,0,,0,0,1,0,0,,500,2,2,0,0,2,0,0,3,4,1,2,3,,N,,,,,,,,,,,
2009018106,629.0,2,0,1,0,0,0,0,0,0,4,0,,67,1,2009,5,40.0394,-75.0072,611.0,6,0,0,0,0,0,1,0,0,1.0,0,0,0,6,3,5,0,,2,40 02:22.977,1.0,0,75 00:23.757,2,0,0,0,67301,0,0,0,N,0,0,0,5,68K01,0,,1,1,,N,N,,0,,3,2,0,0,0,N,607,5,2,0,1,1,0,0,3,4,0,2,3,,N,,,,,,,,,,,
2009025280,1525.0,1,0,0,0,0,0,0,0,0,8,0,,67,1,2009,5,39.9787,-75.158,525.0,6,0,0,0,0,0,0,0,0,,0,0,0,15,1,1,0,,0,39 58:43.312,,0,75 09:28.721,4,0,0,0,67301,1,0,0,N,1,0,0,2,67301,1,,1,1,,N,N,,0,,0,0,0,0,0,,1525,1,2,0,0,0,0,0,3,4,0,1,3,,N,,,,,,,,,,,
2009025429,209.0,2,0,0,0,0,0,0,0,0,5,0,,67,1,2009,5,39.9199,-75.1647,208.0,6,0,0,0,0,0,0,0,0,1.0,0,0,0,2,3,0,0,,2,39 55:11.607,4.0,0,75 09:52.844,0,0,0,0,67301,0,0,0,N,0,0,0,1,67301,0,,1,1,,N,N,,0,,0,0,0,0,0,Y,207,0,2,0,0,0,0,0,3,4,0,2,3,,N,,,,,,,,,,,
2009125110,905.0,1,0,0,0,0,0,0,0,0,1,0,,67,11,2009,4,39.9928,-75.1461,900.0,6,0,0,0,0,0,1,0,0,,0,0,0,5,3,2,1,,0,39 59:34.443,,0,75 08:45.915,4,0,0,0,67301,0,0,0,N,0,0,0,4,67301,2,,1,1,,N,N,,1,,0,0,0,3,2,,555,2,2,0,0,0,0,2,3,4,0,2,3,,N,,,,,,,,,,,
2009125165,1410.0,1,0,0,0,0,0,0,0,0,4,0,,67,11,2009,4,40.0086,-75.0688,1400.0,6,0,0,0,0,0,0,0,0,,0,0,0,14,1,1,1,,0,40 00:31.249,,0,75 04:07.877,8,0,0,0,67301,0,0,0,,0,0,0,2,67301,0,,1,1,,,,,1,,0,0,0,3,2,,1400,1,2,0,0,0,1,0,3,4,0,2,3,,N,,,,,,,,,,,
2009125169,1737.0,2,0,0,0,0,0,0,0,0,4,0,,67,11,2009,4,40.0316,-75.0532,1734.0,6,0,0,0,0,0,0,1,0,,0,0,0,17,3,1,1,,0,40 01:54.186,,0,75 03:11.954,8,0,0,0,67301,0,0,0,N,0,0,0,4,67301,0,,1,1,,N,N,,0,,0,0,0,3,2,,1724,1,2,0,0,0,1,0,3,4,0,2,3,,N,,,,,,,,,,,
2009125228,1816.0,2,0,0,0,0,0,0,0,0,1,0,,67,11,2009,1,39.939,-75.2324,1815.0,6,0,0,0,0,0,0,0,0,,0,0,0,18,3,1,1,,0,39 56:20.461,,0,75 13:56.639,8,0,0,0,67301,0,0,0,N,0,0,0,5,67301,0,,1,1,,N,N,,0,,0,0,0,9,2,,1800,1,2,0,0,0,1,0,3,4,0,2,3,,N,,,,,,,,,,,
2009036708,755.0,2,0,0,0,0,0,0,0,0,6,0,,67,2,2009,5,39.9527,-75.2055,743.0,6,0,0,0,0,0,0,0,0,,0,0,0,7,1,1,2,,0,39 57:09.709,,0,75 12:19.637,8,0,0,0,67301,0,0,0,N,0,0,0,2,67301,0,,1,1,,N,N,,0,,0,0,0,9,3,,730,1,2,0,0,0,1,0,3,4,0,2,3,,N,,,,,,,,,,,
2009029666,641.0,3,0,0,0,0,0,0,0,0,1,0,,67,3,2009,1,39.8998,-75.1625,639.0,6,0,0,0,0,0,1,0,0,2.0,0,0,0,6,1,0,0,,2,39 54:00.374,2.0,0,75 09:35.481,0,0,0,0,67301,0,0,0,Y,0,0,0,3,68K01,0,,1,6,,N,N,,0,,0,0,0,0,0,N,636,0,3,0,0,0,0,0,3,4,0,3,3,,N,,,,,,,,,,,
2009044380,2130.0,1,0,0,0,0,0,0,0,0,4,0,,67,3,2009,2,39.992,-75.1402,2120.0,6,0,0,0,0,0,0,0,0,,0,0,0,21,3,1,1,,0,39 59:31.697,,0,75 08:24.775,8,0,0,0,67301,0,0,0,,0,0,0,2,67301,0,,1,1,,,,,0,,0,0,1,9,2,,2115,1,2,0,0,0,1,0,3,4,0,2,3,,N,,,,,,,,,,,
2009037487,2050.0,2,0,0,0,0,0,0,0,0,4,0,,67,2,2009,3,39.9693,-75.1432,2044.0,6,0,0,0,0,0,0,0,0,,0,0,0,20,3,2,1,,0,39 58:09.631,,0,75 08:35.678,8,0,0,0,67301,0,0,0,N,0,0,0,3,67301,0,,1,9,,,,,0,,0,0,0,0,0,,2044,2,2,0,0,0,2,0,3,4,0,2,3,,N,,,,,,,,,,,
2009039387,930.0,1,0,0,0,0,0,0,0,0,8,0,,67,2,2009,4,39.9484,-75.1662,920.0,6,0,0,0,0,0,0,0,0,,0,0,0,13,1,1,1,,0,39 56:54.247,,0,75 09:58.366,3,0,0,0,67301,1,0,0,,1,0,0,2,67301,0,,1,1,,N,N,,0,,1,0,0,3,2,,1319,1,2,0,0,0,0,0,3,4,0,1,3,,N,,,,,,,,,,,
2009044569,1540.0,1,0,0,0,0,0,0,0,0,1,0,,67,3,2009,6,40.0088,-75.1478,1532.0,6,0,0,0,0,0,0,0,0,,0,0,0,99,1,0,0,,0,40 00:31.698,,0,75 08:51.694,0,0,0,0,67301,0,0,0,,0,0,0,3,67301,0,,1,1,,,,,0,,0,0,1,0,0,,9999,0,2,0,0,1,0,0,3,4,0,2,3,,N,,,,,,,,,,,
2009039428,2002.0,2,0,0,0,0,0,0,0,0,5,0,,67,2,2009,3,,,1957.0,6,0,0,1,0,0,0,0,0,,0,0,0,99,3,1,0,,0,,,3,,8,0,0,0,67301,0,0,0,N,0,0,0,2,67301,0,,1,6,,N,N,,0,,0,0,0,0,0,,9999,1,2,0,0,0,1,1,3,3,0,2,10,,N,,,,,,,,,,,
2009037410,855.0,0,0,0,0,0,0,0,0,0,7,0,,67,3,2009,4,40.0541,-75.1676,853.0,6,0,0,0,0,0,0,0,0,,0,0,0,8,1,0,0,,0,40 03:14.605,,0,75 10:03.507,0,0,0,0,67301,0,0,0,N,0,0,0,1,67301,0,,5,2,,N,N,,1,,0,0,0,0,0,,853,0,1,0,0,0,0,0,3,4,0,1,3,,N,,,,,,,,,,,
2009037415,1757.0,2,0,0,0,0,0,0,0,0,5,0,,67,3,2009,1,40.0442,-75.0543,1747.0,6,0,0,0,0,0,1,0,0,,0,0,0,17,1,1,0,,0,40 02:39.072,,0,75 03:15.169,8,0,0,0,67301,0,0,0,N,0,0,0,2,67301,0,,1,1,,N,N,,0,,0,0,0,3,2,,1745,1,2,0,0,1,1,0,3,4,0,2,3,,N,,,,,,,,,,,
2009029752,1030.0,1,0,0,0,0,0,0,0,0,7,0,,67,1,2009,2,40.0258,-75.1978,1021.0,6,0,0,0,0,0,0,0,0,,0,0,0,10,1,0,0,,0,40 01:33.020,,0,75 11:52.170,0,0,0,0,67301,0,0,0,Y,0,0,0,1,67301,0,,4,6,,N,N,,0,,0,0,0,0,0,,1020,0,1,0,0,1,0,0,3,4,0,1,9,,N,,,,,,,,,,,