CRN,ARRIVAL_TM,AUTOMOBILE_COUNT,BELTED_DEATH_COUNT,BELTED_SUSP_SERIOUS_INJ_COUNT,BICYCLE_COUNT,BICYCLE_DEATH_COUNT,BICYCLE_SUSP_SERIOUS_INJ_COUNT,BUS_COUNT,CHLDPAS_DEATH_COUNT,CHLDPAS_SUSP_SERIOUS_INJ_COUNT,COLLISION_TYPE,COMM_VEH_COUNT,CONS_ZONE_SPD_LIM,COUNTY,CRASH_MONTH,CRASH_YEAR,DAY_OF_WEEK,DEC_LAT,DEC_LONG,DISPATCH_TM,DISTRICT,DRIVER_COUNT_16YR,DRIVER_COUNT_17YR,DRIVER_COUNT_18YR,DRIVER_COUNT_19YR,DRIVER_COUNT_20YR,DRIVER_COUNT_50_64YR,DRIVER_COUNT_65_74YR,DRIVER_COUNT_75PLUS,EST_HRS_CLOSED,FATAL_COUNT,HEAVY_TRUCK_COUNT,HORSE_BUGGY_COUNT,HOUR_OF_DAY,ILLUMINATION,INJURY_COUNT,INTERSECT_TYPE,INTERSECTION_RELATED,LANE_CLOSED,LATITUDE,LN_CLOSE_DIR,LOCATION_TYPE,LONGITUDE,MAX_SEVERITY_LEVEL,MCYCLE_DEATH_COUNT,MCYCLE_SUSP_SERIOUS_INJ_COUNT,MOTORCYCLE_COUNT,MUNICIPALITY,NONMOTR_COUNT,NONMOTR_DEATH_COUNT,NONMOTR_SUSP_SERIOUS_INJ_COUNT,NTFY_HIWY_MAINT,PED_COUNT,PED_DEATH_COUNT,PED_SUSP_SERIOUS_INJ_COUNT,PERSON_COUNT,POLICE_AGCY,POSSIBLE_INJ_COUNT,RDWY_SURF_TYPE_CD,RELATION_TO_ROAD,ROAD_CONDITION,ROADWAY_CLEARED,SCH_BUS_IND,SCH_ZONE_IND,SECONDARY_CRASH,SMALL_TRUCK_COUNT,SPEC_JURIS_CD,SUSP_MINOR_INJ_COUNT,SUSP_SERIOUS_INJ_COUNT,SUV_COUNT,TCD_FUNC_CD,TCD_TYPE,TFC_DETOUR_IND,TIME_OF_DAY,TOT_INJ_COUNT,TOTAL_UNITS,UNB_DEATH_COUNT,UNB_SUSP_SERIOUS_INJ_COUNT,UNBELTED_OCC_COUNT,UNK_INJ_DEG_COUNT,UNK_INJ_PER_COUNT,URBAN_AREA,URBAN_RURAL,VAN_COUNT,VEHICLE_COUNT,WEATHER1,WEATHER2,WORK_ZONE_IND,WORK_ZONE_LOC,WORK_ZONE_TYPE,WORKERS_PRES,WZ_CLOSE_DETOUR,WZ_FLAGGER,WZ_LAW_OFFCR_IND,WZ_LN_CLOSURE,WZ_MOVING,WZ_OTHER,WZ_SHLDER_MDN,WZ_WORKERS_INJ_KILLED
2009049652,2117.0,2,0,0,0,0,0,0,0,0,4,0,,67,4,2009,7,40.0444,-75.2177,2116.0,6,0,1,0,0,0,0,0,0,1.0,0,0,0,21,3,1,2,,1,40 02:40.594,2.0,0,75 13:03.759,3,0,0,0,67301,0,0,0,N,0,0,0,4,67301,0,,1,1,,N,N,,0,,1,0,0,0,0,Y,2115,1,2,0,0,0,0,0,3,4,0,2,3,,N,,,,,,,,,,,
2009026853,1024.0,3,0,0,0,0,0,0,0,0,2,0,,67,1,2009,7,40.0568,-75.1398,1018.0,6,0,0,0,0,0,1,0,0,1.0,0,0,0,10,1,1,0,,2,40 03:24.595,5.0,0,75 08:23.226,4,0,0,0,67301,0,0,0,N,0,0,0,2,67301,1,,1,1,,N,N,,0,,0,0,0,3,2,Y,1000,1,3,0,0,0,0,0,3,4,0,3,3,,N,,,,,,,,,,,
2009026870,2012.0,2,0,0,0,0,0,0,0,0,2,0,,67,1,2009,5,40.1015,-75.0061,2010.0,6,0,0,0,0,0,0,0,0,1.0,0,0,0,20,3,2,0,,1,40 06:05.425,1.0,7,75 00:21.955,4,0,0,0,67301,0,0,0,N,0,0,0,3,67301,1,,1,1,,N,N,,0,,0,0,0,3,2,N,2010,2,2,0,0,0,1,0,3,4,0,2,3,,N,,,,,,,,,,,
2009039398,1436.0,3,0,0,0,0,0,0,0,0,6,0,,67,2,2009,1,40.0235,-75.1964,1427.0,6,0,0,0,0,0,0,0,0,2.0,0,0,0,14,1,3,0,,2,40 01:24.721,1.0,0,75 11:47.149,4,0,0,0,67301,0,0,0,N,0,0,0,4,67301,3,,1,9,,N,N,,0,,0,0,0,0,0,Y,1425,3,3,0,0,0,0,0,3,4,0,3,7,,N,,,,,,,,,,,
2009126986,356.0,1,0,0,0,0,0,0,0,0,1,0,,67,10,2009,7,39.9726,-75.2178,352.0,6,0,0,0,0,0,1,0,0,,0,0,0,3,3,5,1,,0,39 58:21.476,,0,75 13:03.992,4,0,0,0,67301,0,0,0,N,0,0,0,6,67301,1,,1,9,,N,N,,0,,0,0,0,2,2,,348,5,2,0,0,0,4,0,3,4,1,2,7,,N,,,,,,,,,,,
2009131690,1256.0,1,0,0,0,0,0,0,0,0,7,0,,67,12,2009,4,39.9192,-75.1481,1252.0,6,0,0,0,1,0,0,0,0,,0,0,0,12,1,1,0,,0,39 55:07.711,,0,75 08:52.885,4,0,0,0,67301,0,0,0,N,0,0,0,1,68K01,1,,3,1,,N,N,,0,,0,0,0,0,0,,1250,1,1,0,0,0,0,0,3,4,0,1,3,,N,,,,,,,,,,,
2009094287,1310.0,1,0,0,0,0,0,0,0,0,5,0,,67,8,2009,2,40.0448,-75.1637,1300.0,6,0,0,0,0,0,0,0,0,,0,0,0,13,1,1,0,,0,40 02:41.129,,0,75 09:49.181,4,0,0,0,67301,1,0,0,N,0,0,0,2,67301,1,,2,1,,N,N,,1,,0,0,0,0,0,,1300,1,2,0,0,0,0,0,3,4,0,2,3,,N,,,,,,,,,,,
2009054889,1834.0,1,0,1,0,0,0,0,0,0,1,0,,67,4,2009,5,40.0202,-75.1518,1828.0,6,0,0,0,0,0,0,1,0,1.0,0,0,0,18,1,1,0,,2,40 01:12.680,4.0,1,75 09:06.440,2,0,0,0,67301,0,0,0,N,0,0,0,4,67301,0,,1,1,,N,N,,0,,0,1,2,3,8,N,1824,1,3,0,0,0,0,0,3,4,0,3,3,,N,,,,,,,,,,,
2009124315,1008.0,3,0,0,0,0,0,0,0,0,1,0,,67,11,2009,2,40.0569,-75.0136,1002.0,6,0,0,0,0,0,0,0,0,3.0,0,0,0,10,1,1,0,,2,40 03:24.716,2.0,0,75 00:48.951,3,0,0,0,67301,0,0,0,N,0,0,0,4,67301,0,,1,1,,N,N,,0,,1,0,1,3,2,Y,1000,1,5,0,0,0,0,0,3,4,1,5,3,,N,,,,,,,,,,,
2009121824,1330.0,0,0,0,0,0,0,0,0,0,8,0,99.0,67,10,2009,4,39.9566,-75.1653,1330.0,6,0,0,0,0,0,1,0,0,,0,0,0,13,1,1,0,,0,39 57:23.596,,0,75 09:55.238,4,0,0,0,67301,1,0,0,N,1,0,0,2,67301,1,,1,1,,N,N,,0,,0,0,0,0,0,,1325,1,2,0,0,0,0,0,3,4,1,1,3,,Y,4.0,8.0,Y,U,U,N,U,U,U,U,
2009124421,48.0,1,0,0,0,0,0,0,0,0,1,0,,67,10,2009,6,40.0749,-75.0181,48.0,6,0,0,0,0,0,1,0,0,,0,0,0,0,3,0,0,,0,40 04:29.588,,0,75 01:05.051,0,0,0,0,67301,0,0,0,,0,0,0,3,67301,0,,1,1,,N,N,,1,,0,0,0,0,0,,48,0,2,0,0,0,0,0,3,4,0,2,3,,N,,,,,,,,,,,
2009096831,1845.0,2,0,0,0,0,0,0,0,0,2,0,,67,8,2009,6,40.0664,-74.9822,1837.0,6,0,1,0,0,0,0,0,0,,0,0,0,18,1,3,2,,0,40 03:58.955,,0,74 58:55.792,8,0,0,0,67301,0,0,0,N,0,0,0,3,67301,0,,1,9,,N,N,,0,,0,0,0,3,3,,1836,3,2,0,0,0,3,0,3,4,0,2,7,,N,,,,,,,,,,,
2009096995,1331.0,0,0,0,0,0,0,0,0,0,4,0,,67,9,2009,3,39.9954,-75.1408,1330.0,6,1,0,0,0,0,1,0,0,,0,0,0,13,1,1,1,,0,39 59:43.335,,0,75 08:27.045,4,0,0,1,67301,0,0,0,,0,0,0,2,67301,1,,1,1,,N,N,,0,,0,0,0,3,3,,1325,1,2,0,0,0,0,0,3,4,1,2,3,,N,,,,,,,,,,,
2009099614,1413.0,2,0,0,0,0,0,0,0,0,0,0,,67,9,2009,3,39.9624,-75.1829,1406.0,6,0,0,0,0,0,1,0,0,,0,0,0,14,1,0,0,,0,39 57:47.685,,3,75 11:01.305,9,0,0,0,67301,0,0,0,N,0,0,0,3,68K01,0,,1,1,,N,N,,1,,0,0,0,0,0,,1400,0,3,0,0,0,0,1,3,4,0,3,3,,N,,,,,,,,,,,
2009083749,1212.0,1,0,0,0,0,0,0,0,0,4,0,,67,7,2009,1,40.01,-75.0839,1210.0,6,0,0,0,0,0,0,0,0,1.0,0,0,0,12,1,0,0,,1,40 00:36.154,1.0,0,75 05:01.885,0,0,0,0,67301,0,0,0,N,0,0,0,1,67301,0,,3,1,,N,N,,0,,0,0,1,0,0,Y,1200,0,2,0,0,1,0,0,3,4,0,2,3,,N,,,,,,,,,,,
2009083778,752.0,2,0,0,0,0,0,0,0,0,1,0,,67,7,2009,3,39.9416,-75.1524,745.0,6,0,0,0,0,0,0,0,0,,0,0,0,7,1,1,1,,0,39 56:29.709,,0,75 09:08.729,8,0,0,0,67301,0,0,0,N,0,0,0,2,61301,0,,1,9,,N,N,,0,,0,0,0,0,0,,730,1,2,0,0,0,1,0,3,4,0,2,7,,N,,,,,,,,,,,
2009083815,1901.0,0,0,0,1,0,0,0,0,0,4,0,,67,7,2009,2,39.9906,-75.1531,1901.0,6,0,0,0,0,0,1,0,0,,0,0,0,18,1,0,1,,0,39 59:26.131,,0,75 09:11.051,9,0,0,0,67301,1,0,0,N,0,0,0,2,67301,0,,1,1,,N,N,,1,,0,0,0,3,3,,1855,0,2,0,0,0,0,1,3,4,0,1,3,,N,,,,,,,,,,,
2009065372,328.0,3,0,0,0,0,0,0,0,0,2,0,,67,5,2009,5,40.028,-75.1497,325.0,6,0,0,0,0,0,0,0,0,,0,0,0,3,3,0,2,,0,40 01:40.746,,0,75 08:59.002,0,0,0,0,67301,0,0,0,N,0,0,0,1,67301,0,,1,1,,N,N,,0,,0,0,0,0,0,,313,0,3,0,0,0,0,0,3,4,0,3,3,,N,,,,,,,,,,,
2009065394,1755.0,0,0,0,0,0,0,1,0,0,8,1,,67,5,2009,5,40.0243,-75.1459,1752.0,6,0,0,0,0,0,1,0,0,3.0,0,0,0,17,1,1,0,,1,40 01:27.487,6.0,0,75 08:45.346,2,0,0,0,67301,1,0,1,N,1,0,1,2,67301,0,,1,9,,N,N,,0,,0,1,0,0,0,Y,1700,1,2,0,0,0,0,0,3,4,0,1,98,,N,,,,,,,,,,,
2009065438,1710.0,1,0,0,0,0,0,0,0,0,4,0,,67,4,2009,5,40.0032,-75.1525,1709.0,6,0,0,0,0,0,0,0,0,,0,0,0,17,1,1,1,,0,40 00:11.467,,0,75 09:09.273,4,0,0,1,67301,0,0,0,,0,0,0,2,67301,1,,1,1,,,,,0,,0,0,0,3,2,,1709,1,2,0,0,0,0,1,3,4,0,2,3,,N,,,,,,,,,,,
2009065456,549.0,1,0,0,0,0,0,0,0,0,1,1,,67,5,2009,5,,,542.0,6,0,0,0,0,0,0,0,0,,0,1,0,99,1,1,0,,0,,,0,,4,0,0,0,67301,0,0,0,N,0,0,0,1,67301,1,,6,1,,N,N,,0,,0,0,0,0,0,,9999,1,2,0,0,0,0,0,3,3,0,2,3,,N,,,,,,,,,,,
2009120581,2207.0,1,0,0,0,0,0,0,0,0,5,1,,67,10,2009,6,39.904,-75.2243,2204.0,6,0,0,0,0,0,1,0,0,,0,1,0,22,3,1,0,,0,39 54:18.428,,7,75 13:26.434,4,0,0,0,67301,0,0,0,N,0,0,0,2,67301,1,,1,1,,N,N,,0,,0,0,0,0,0,,2200,1,2,0,0,0,0,0,3,4,0,2,3,,N,,,,,,,,,,,
2009120586,835.0,1,0,0,0,0,0,0,0,0,8,0,,67,5,2009,5,39.9993,-75.1717,830.0,6,0,0,0,0,0,0,0,1,,0,0,0,8,1,1,1,,0,39 59:57.649,,0,75 10:17.972,8,0,0,0,67301,1,0,0,,1,0,0,2,67301,0,,1,1,,,,,0,,0,0,0,3,3,,830,1,2,0,0,0,1,0,3,4,0,1,3,,N,,,,,,,,,,,
2009120614,740.0,1,0,0,0,0,0,0,0,0,7,0,,67,11,2009,2,39.954,-75.1595,740.0,6,0,0,0,0,0,1,0,0,,0,0,0,7,1,3,0,,0,39 57:14.222,,4,75 09:34.108,8,0,0,0,67301,0,0,0,,0,0,0,3,67301,0,,2,1,,,,,0,,0,0,0,0,0,,720,3,1,0,0,0,3,0,3,4,0,1,3,,N,,,,,,,,,,,
2009038052,1110.0,1,0,0,0,0,0,0,0,0,4,0,,67,3,2009,3,40.0947,-75.0307,1100.0,6,0,0,0,0,0,0,0,1,2.0,0,0,0,10,1,1,0,,1,40 05:39.992,2.0,7,75 01:50.665,4,0,0,0,67301,0,0,0,,0,0,0,2,67301,1,,1,1,,,,,0,,0,0,1,0,0,N,1050,1,2,0,0,0,0,0,3,4,0,2,3,,N,,,,,,,,,,,
2009035704,1430.0,2,0,0,0,0,0,0,0,0,1,0,,67,3,2009,7,40.0086,-75.2108,1424.0,6,0,0,0,0,0,1,0,0,,0,0,0,14,1,1,1,,0,40 00:30.600,,0,75 12:39.960,4,0,0,0,67301,0,0,0,N,0,0,0,2,46104,1,,1,1,,N,N,,0,,0,0,0,3,9,,1420,1,2,0,0,0,0,0,3,4,0,2,3,,N,,,,,,,,,,,
2009027836,1359.0,1,0,0,0,0,0,0,0,0,7,0,,67,2,2009,2,39.996,-75.2377,1357.0,6,0,0,0,0,0,0,0,0,1.0,0,0,0,13,1,0,0,,2,39 59:47.947,2.0,0,75 14:10.606,0,0,0,0,67301,0,0,0,N,0,0,0,2,46104,0,,5,1,,N,N,,0,,0,0,0,0,0,N,1357,0,2,0,0,0,0,0,3,4,1,2,3,,N,,,,,,,,,,,
2009025384,2223.0,1,0,0,0,0,0,0,0,0,4,0,,67,1,2009,3,40.072,-75.013,2221.0,6,0,0,0,1,0,0,0,0,2.0,0,0,0,22,3,2,1,,1,40 04:19.382,3.0,0,75 00:46.921,3,0,0,0,67301,0,0,0,N,0,0,0,2,67301,1,,1,1,,N,N,,0,,1,0,1,3,2,Y,2220,2,2,0,0,0,0,0,3,4,0,2,3,,N,,,,,,,,,,,
2009025433,354.0,0,0,0,0,0,0,0,0,0,8,0,,67,1,2009,7,39.9717,-75.2259,354.0,6,0,0,0,0,0,1,0,0,3.0,0,0,0,3,3,1,0,,2,39 58:18.131,5.0,0,75 13:33.194,3,0,0,0,67301,1,0,0,N,1,0,0,2,67301,0,,1,1,,N,N,,0,,1,0,0,0,0,Y,354,1,2,0,0,0,0,0,3,4,1,1,3,,N,,,,,,,,,,,
2009125287,817.0,1,0,0,0,0,0,0,0,0,4,0,,67,11,2009,2,40.0225,-75.1445,811.0,6,0,0,0,0,0,1,0,0,,0,0,0,7,1,2,1,,0,40 01:20.924,,0,75 08:40.156,3,0,0,0,67301,0,0,0,,0,0,0,3,67301,1,,1,1,,N,N,,1,,1,0,0,3,3,,730,2,2,0,0,0,0,0,3,4,0,2,3,,N,,,,,,,,,,,
2009107207,1200.0,2,0,0,0,0,0,0,0,0,1,0,,67,9,2009,4,40.0012,-75.0972,1150.0,6,0,0,0,0,0,0,0,1,,0,0,0,11,1,1,3,,0,40 00:04.157,,0,75 05:49.913,4,0,0,0,67301,0,0,0,,0,0,0,2,67301,1,,1,1,,N,N,,0,,0,0,0,0,0,,1150,1,2,0,0,1,0,0,3,4,0,2,3,,N,,,,,,,,,,,
2009125468,245.0,2,0,0,0,0,0,0,0,0,2,0,,67,11,2009,7,39.9666,-75.1604,244.0,6,0,0,0,0,0,1,0,0,,0,0,0,2,3,1,1,,0,39 58:00.026,,0,75 09:37.778,4,0,0,0,67301,0,0,0,N,0,0,0,4,67301,1,,1,1,,N,N,,0,,0,0,2,3,2,,240,1,4,0,0,0,0,0,3,4,0,4,3,,N,,,,,,,,,,,
2009109609,1050.0,1,0,0,0,0,0,0,0,0,5,1,,67,10,2009,4,39.8876,-75.2041,1039.0,6,0,0,0,0,0,0,1,0,2.0,0,1,0,10,1,1,0,,1,39 53:49.418,1.0,0,75 11:20.118,8,0,0,0,67301,0,0,0,N,0,0,0,2,68K01,0,,1,1,,N,N,,0,,0,0,0,0,0,N,1033,1,2,0,0,0,1,0,3,4,0,2,3,,N,,,,,,,,,,,
2009111766,1053.0,1,0,0,0,0,0,0,0,0,8,0,,67,10,2009,5,39.9882,-75.1462,1052.0,6,0,0,0,0,0,0,0,0,,0,0,0,10,1,1,5,,0,39 59:17.415,,0,75 08:46.215,3,0,0,0,67301,1,0,0,N,1,0,0,2,67301,0,,2,1,,N,N,,0,,1,0,0,3,2,,1052,1,2,0,0,0,0,1,3,4,0,1,3,,N,,,,,,,,,,,
2009125097,900.0,1,0,0,0,0,0,0,0,0,2,0,,67,11,2009,6,40.0206,-75.1927,830.0,6,0,0,0,0,0,1,0,0,,0,0,0,8,1,0,0,,0,40 01:14.262,,7,75 11:33.872,0,0,0,0,67301,0,0,0,N,0,0,0,2,67301,0,,1,9,,N,N,,0,,0,0,1,0,0,,830,0,2,0,0,0,0,0,3,4,0,2,3,,N,,,,,,,,,,,
2009125205,1255.0,2,0,0,0,0,0,0,0,0,1,0,,67,11,2009,4,40.0122,-75.1122,1250.0,6,0,0,0,0,0,0,0,0,,0,0,0,12,1,1,0,,0,40 00:44.024,,7,75 06:43.776,4,0,0,0,67301,0,0,0,N,0,0,0,3,67301,1,,5,1,,N,N,,0,,0,0,0,0,0,,1230,1,2,0,0,1,0,2,3,4,0,2,3,,N,,,,,,,,,,,
2009122734,306.0,1,0,0,0,0,0,0,0,0,7,0,,67,11,2009,7,40.0291,-75.0225,256.0,6,0,0,1,0,0,0,0,0,,0,0,0,2,3,0,0,,0,40 01:45.304,,0,75 01:20.545,0,0,0,0,67301,0,0,0,N,0,0,0,3,68K01,0,,1,1,,N,N,,0,,0,0,0,0,0,,252,0,1,0,0,0,0,0,3,4,0,1,3,,N,,,,,,,,,,,
2009032020,905.0,1,0,0,0,0,0,0,0,0,1,0,,67,3,2009,3,39.9439,-75.1427,842.0,6,0,0,0,0,0,1,0,0,1.0,0,0,0,8,1,0,0,,1,39 56:38.457,1.0,0,75 08:33.489,0,0,0,0,67301,0,0,0,N,0,0,0,3,68K01,0,,1,1,,N,N,,2,,0,0,0,0,0,N,840,0,3,0,0,0,0,0,3,4,0,3,3,,N,,,,,,,,,,,
2009032134,816.0,1,0,0,0,0,0,0,0,0,7,0,,67,3,2009,4,39.9592,-75.1806,746.0,6,0,0,0,0,0,0,0,0,1.0,0,0,0,7,1,0,0,,1,39 57:38.281,4.0,0,75 10:53.288,0,0,0,0,67301,0,0,0,N,0,0,0,1,68K01,0,,2,1,,N,N,,0,,0,0,0,0,0,N,744,0,1,0,0,0,0,0,3,4,0,1,3,,N,,,,,,,,,,,
2009039236,2354.0,1,0,0,0,0,0,0,0,0,4,0,,67,1,2009,7,39.9507,-75.2289,2352.0,6,0,0,0,0,0,0,0,0,,0,0,0,23,3,1,1,,0,39 57:02.548,,0,75 13:43.906,8,0,0,0,67301,0,0,0,N,0,0,0,4,67301,0,,1,1,,N,N,,0,,0,0,1,3,2,,2352,1,2,0,0,3,1,2,3,4,0,2,3,,N,,,,,,,,,,,
2009044521,1945.0,0,0,0,1,0,0,0,0,0,4,0,,67,3,2009,4,39.9358,-75.1563,1940.0,6,0,0,0,0,0,0,0,0,,0,0,0,19,3,1,1,,0,39 56:08.829,,0,75 09:22.557,8,0,0,0,67301,1,0,0,,0,0,0,3,67301,0,,1,1,,,,,0,,0,0,1,3,2,,1935,1,2,0,0,0,1,0,3,4,0,1,3,,N,,,,,,,,,,,
2009037505,900.0,1,0,0,0,0,0,0,0,0,8,0,,67,2,2009,6,40.048,-75.1689,858.0,6,0,0,0,0,0,0,1,0,,0,0,0,8,1,1,2,,0,40 02:52.673,,0,75 10:07.951,4,0,0,0,67301,1,0,0,N,1,0,0,2,67301,1,,1,1,,N,N,,0,,0,0,0,3,3,,845,1,2,0,0,0,0,0,3,4,0,1,3,,N,,,,,,,,,,,
2009037527,1035.0,1,0,0,0,0,0,0,0,0,4,0,,67,2,2009,7,39.9738,-75.2064,1030.0,6,0,0,0,0,0,0,0,0,1.0,0,0,0,10,1,2,1,,1,39 58:25.816,3.0,0,75 12:23.037,4,0,0,0,67301,0,0,0,N,0,0,0,4,67301,1,,1,1,,N,N,,1,,0,0,0,9,2,N,1029,2,2,0,0,0,1,0,3,4,0,2,3,,N,,,,,,,,,,,
2009039385,1116.0,2,0,0,0,0,0,0,0,0,4,0,,67,2,2009,1,40.0136,-75.0832,1112.0,6,0,0,0,0,0,0,0,0,1.0,0,0,0,11,1,5,1,,1,40 00:48.862,2.0,0,75 04:59.620,8,0,0,0,67301,0,0,0,N,0,0,0,7,67301,0,,1,1,,N,N,,0,,0,0,0,3,3,N,1110,5,2,0,0,1,5,0,3,4,0,2,3,,N,,,,,,,,,,,
2009049778,1425.0,1,0,0,0,0,0,0,0,0,4,0,,67,4,2009,7,39.9695,-75.2454,1425.0,6,0,0,0,0,0,0,0,0,1.0,0,0,0,13,1,1,0,,2,39 58:10.289,1.0,0,75 14:43.338,4,0,0,0,67301,0,0,0,N,0,0,0,4,67301,1,,1,1,,N,N,,0,,0,0,1,0,0,N,1358,1,2,0,0,0,0,1,3,4,0,2,3,,N,,,,,,,,,,,
2009039418,1710.0,0,0,0,0,0,0,0,0,0,1,0,,67,2,2009,4,40.0479,-75.1435,1650.0,6,0,0,0,0,0,0,0,0,,0,0,0,16,1,4,0,,0,40 02:52.393,,0,75 08:36.815,4,0,0,0,67301,0,0,0,N,0,0,0,5,67301,4,,1,9,,N,N,,0,,0,0,2,3,2,,1630,4,2,0,0,1,0,0,3,4,0,2,7,,N,,,,,,,,,,,
2009027013,1422.0,0,0,0,0,0,0,0,0,0,8,0,,67,1,2009,6,39.9714,-75.1594,1420.0,6,0,0,0,0,0,0,0,0,1.0,0,0,0,99,1,1,1,,1,39 58:17.271,4.0,0,75 09:34.236,8,0,0,0,67301,1,0,0,N,1,0,0,2,67301,0,,1,1,,N,N,,0,,0,0,1,3,2,N,9999,1,2,0,0,0,1,0,3,4,0,1,3,,N,,,,,,,,,,,
2009037105,2305.0,2,0,0,0,0,0,0,0,0,1,0,,67,3,2009,3,40.0531,-75.0922,2300.0,6,0,0,0,0,0,0,0,0,,0,0,0,22,3,1,1,,0,40 03:11.276,,0,75 05:31.765,8,0,0,0,67301,0,0,0,N,0,0,0,2,67301,0,,1,1,,N,N,,0,,0,0,0,3,2,,2250,1,2,0,0,0,1,0,3,4,0,2,3,,N,,,,,,,,,,,
2009029761,200.0,1,0,0,0,0,0,0,0,0,7,0,,67,1,2009,7,40.0904,-75.0093,149.0,6,0,0,0,0,0,0,0,0,,0,0,0,1,3,1,10,,0,40 05:25.364,,0,75 00:33.314,3,0,0,0,67301,0,0,0,N,0,0,0,1,67301,0,,2,9,,N,N,,0,,1,0,0,0,0,,142,1,1,0,0,0,0,0,3,4,0,1,7,,N,,,,,,,,,,,
2009047413,938.0,0,0,0,0,0,0,0,0,0,1,0,,67,3,2009,6,39.9535,-75.1376,935.0,6,0,0,0,0,0,0,0,0,,0,0,0,9,1,1,0,,0,39 57:12.606,,3,75 08:15.224,4,0,0,0,67301,0,0,0,,0,0,0,3,67501,1,,1,1,,,,,1,,0,0,1,3,2,,935,1,2,0,0,0,0,0,3,4,0,2,3,,N,,,,,,,,,,,
2009039242,957.0,2,0,0,0,0,0,0,0,0,2,0,,67,2,2009,2,40.0622,-75.2425,950.0,6,0,0,0,0,0,0,0,1,,0,0,0,9,1,1,0,,0,40 03:43.783,,0,75 14:33.154,4,0,0,0,67301,0,0,0,,0,0,0,2,67301,1,,5,9,,N,N,,0,,0,0,0,0,0,,950,1,2,0,0,0,0,0,3,4,0,2,7,,N,,,,,,,,,,,
2009036953,1437.0,0,0,0,0,0,0,1,0,0,7,1,,67,3,2009,4,39.9279,-75.1875,1435.0,6,0,0,0,0,0,1,0,0,,0,0,0,99,1,0,1,,0,39 55:40.490,,1,75 11:14.888,9,0,0,0,67301,0,0,0,N,0,0,0,2,67301,0,,1,1,,Y,N,,0,,0,0,0,0,0,,9999,0,1,0,0,0,0,2,3,4,0,1,3,,N,,,,,,,,,,,
2009049582,2140.0,1,0,0,0,0,0,0,0,0,4,0,,67,3,2009,2,40.0437,-75.1382,2135.0,6,0,0,1,0,0,1,0,0,,0,0,0,21,3,0,1,,0,40 02:37.449,,0,75 08:17.555,0,0,0,0,67301,0,0,0,N,0,0,0,5,67301,0,,1,1,,N,N,,0,,0,0,1,3,3,,2120,0,2,0,0,0,0,0,3,4,0,2,3,,N,,,,,,,,,,,
2009044424,605.0,0,0,0,0,0,0,0,0,0,4,0,,67,3,2009,7,39.9702,-75.1451,600.0,6,0,0,0,0,0,0,0,0,3.0,0,0,0,5,3,2,1,,1,39 58:12.817,1.0,0,75 08:41.997,2,0,0,0,67301,0,0,0,N,0,0,0,2,67301,1,,1,9,,N,N,,0,,0,1,1,3,2,Y,550,2,2,0,0,0,0,0,3,4,1,2,7,,N,,,,,,,,,,,
2009044435,1900.0,1,0,0,0,0,0,0,0,0,8,0,,67,3,2009,1,39.9944,-75.1435,9999.0,6,0,0,0,0,0,0,0,0,,0,0,0,18,1,1,0,,0,39 59:39.760,,0,75 08:36.434,3,0,0,0,67301,1,0,0,,1,0,0,2,67301,0,,1,1,,N,N,,0,,1,0,0,0,0,,1840,1,2,0,0,0,0,0,3,4,0,1,3,,N,,,,,,,,,,,
2009073200,2035.0,1,0,0,0,0,0,0,0,0,8,0,,67,6,2009,1,40.0249,-75.1808,1841.0,6,0,0,0,0,0,0,0,0,2.0,0,0,0,18,2,1,0,,1,40 01:29.710,5.0,0,75 10:51.003,2,0,0,0,67301,1,0,1,N,1,0,1,5,67301,0,,1,1,,N,N,,0,,0,1,0,0,0,Y,1838,1,2,0,0,0,0,0,3,4,0,1,3,,N,,,,,,,,,,,
2009097068,1715.0,1,0,0,1,0,0,0,0,0,4,0,,67,8,2009,5,39.9595,-75.2332,1715.0,6,0,0,0,0,0,0,0,0,1.0,0,0,0,12,1,1,1,,1,39 57:34.088,3.0,0,75 13:59.355,4,0,0,0,67301,1,0,0,N,0,0,0,2,67301,1,,1,1,,N,N,,0,,0,0,0,3,2,N,1215,1,2,0,0,0,0,0,3,4,0,1,3,,N,,,,,,,,,,,
2009102241,827.0,2,0,0,0,0,0,0,0,0,1,0,,67,10,2009,3,39.9481,-75.1418,823.0,6,0,0,0,0,0,0,0,0,,0,0,0,8,1,0,0,,0,39 56:53.621,,0,75 08:30.259,0,0,0,0,67301,0,0,0,N,0,0,0,2,68K01,0,,1,1,,N,N,,0,,0,0,0,0,0,,815,0,2,0,0,0,0,0,3,4,0,2,3,,N,,,,,,,,,,,
2009054869,154.0,0,0,0,0,0,0,0,0,0,7,0,,67,4,2009,1,39.9773,-75.1982,0.0,6,0,0,0,0,0,0,0,0,,0,0,0,1,3,0,0,,0,39 58:38.200,,0,75 11:53.692,0,0,0,0,67301,0,0,0,,0,0,0,1,67301,0,,1,1,,N,N,,0,,0,0,1,0,0,,150,0,1,0,0,0,0,0,3,4,0,1,3,,N,,,,,,,,,,,
2009083714,1607.0,1,0,0,1,0,0,0,0,0,8,0,,67,7,2009,3,40.0512,-75.0661,1602.0,6,0,0,0,0,0,0,0,0,,0,0,0,16,1,1,1,,0,40 03:04.296,,0,75 03:58.096,4,0,0,0,67301,1,0,0,N,0,0,0,3,67301,1,,1,1,,N,N,,0,,0,0,0,3,2,,1600,1,2,0,0,1,0,0,3,4,0,1,3,,N,,,,,,,,,,,