CRN,ARRIVAL_TM,AUTOMOBILE_COUNT,BELTED_DEATH_COUNT,BELTED_SUSP_SERIOUS_INJ_COUNT,BICYCLE_COUNT,BICYCLE_DEATH_COUNT,BICYCLE_SUSP_SERIOUS_INJ_COUNT,BUS_COUNT,CHLDPAS_DEATH_COUNT,CHLDPAS_SUSP_SERIOUS_INJ_COUNT,COLLISION_TYPE,COMM_VEH_COUNT,CONS_ZONE_SPD_LIM,COUNTY,CRASH_MONTH,CRASH_YEAR,DAY_OF_WEEK,DEC_LAT,DEC_LONG,DISPATCH_TM,DISTRICT,DRIVER_COUNT_16YR,DRIVER_COUNT_17YR,DRIVER_COUNT_18YR,DRIVER_COUNT_19YR,DRIVER_COUNT_20YR,DRIVER_COUNT_50_64YR,DRIVER_COUNT_65_74YR,DRIVER_COUNT_75PLUS,EST_HRS_CLOSED,FATAL_COUNT,HEAVY_TRUCK_COUNT,HORSE_BUGGY_COUNT,HOUR_OF_DAY,ILLUMINATION,INJURY_COUNT,INTERSECT_TYPE,INTERSECTION_RELATED,LANE_CLOSED,LATITUDE,LN_CLOSE_DIR,LOCATION_TYPE,LONGITUDE,MAX_SEVERITY_LEVEL,MCYCLE_DEATH_COUNT,MCYCLE_SUSP_SERIOUS_INJ_COUNT,MOTORCYCLE_COUNT,MUNICIPALITY,NONMOTR_COUNT,NONMOTR_DEATH_COUNT,NONMOTR_SUSP_SERIOUS_INJ_COUNT,NTFY_HIWY_MAINT,PED_COUNT,PED_DEATH_COUNT,PED_SUSP_SERIOUS_INJ_COUNT,PERSON_COUNT,POLICE_AGCY,POSSIBLE_INJ_COUNT,RDWY_SURF_TYPE_CD,RELATION_TO_ROAD,ROAD_CONDITION,ROADWAY_CLEARED,SCH_BUS_IND,SCH_ZONE_IND,SECONDARY_CRASH,SMALL_TRUCK_COUNT,SPEC_JURIS_CD,SUSP_MINOR_INJ_COUNT,SUSP_SERIOUS_INJ_COUNT,SUV_COUNT,TCD_FUNC_CD,TCD_TYPE,TFC_DETOUR_IND,TIME_OF_DAY,TOT_INJ_COUNT,TOTAL_UNITS,UNB_DEATH_COUNT,UNB_SUSP_SERIOUS_INJ_COUNT,UNBELTED_OCC_COUNT,UNK_INJ_DEG_COUNT,UNK_INJ_PER_COUNT,URBAN_AREA,URBAN_RURAL,VAN_COUNT,VEHICLE_COUNT,WEATHER1,WEATHER2,WORK_ZONE_IND,WORK_ZONE_LOC,WORK_ZONE_TYPE,WORKERS_PRES,WZ_CLOSE_DETOUR,WZ_FLAGGER,WZ_LAW_OFFCR_IND,WZ_LN_CLOSURE,WZ_MOVING,WZ_OTHER,WZ_SHLDER_MDN,WZ_WORKERS_INJ_KILLED
2009083735,818.0,1,0,0,0,0,0,1,0,0,4,1,,67,7,2009,3,40.0266,-75.0967,810.0,6,0,0,0,0,0,0,1,0,,0,0,0,7,1,1,3,,0,40 01:35.632,,0,75 05:48.279,8,0,0,0,67301,0,0,0,N,0,0,0,4,67301,0,,1,1,,Y,N,,0,,0,0,0,0,0,,749,1,2,0,0,0,1,1,3,4,0,2,3,,N,,,,,,,,,,,
2009083743,1945.0,2,0,0,0,0,0,0,0,0,2,0,,67,7,2009,5,39.9253,-75.1768,1941.0,6,0,0,0,0,0,0,0,0,2.0,0,0,0,19,8,4,2,,2,39 55:30.928,3.0,0,75 10:35.402,2,0,0,0,67301,0,0,0,,0,0,0,4,67301,0,,1,1,,,,,0,,0,1,0,3,3,Y,1938,4,2,0,0,0,3,0,3,4,0,2,98,,N,,,,,,,,,,,
2009065367,1920.0,3,0,0,0,0,0,0,0,0,1,0,,67,5,2009,3,39.9399,-75.1831,1912.0,6,0,0,0,0,0,0,0,0,,0,0,0,19,1,1,1,,0,39 56:23.586,,0,75 10:59.271,8,0,0,0,67301,0,0,0,N,0,0,0,6,67301,0,,1,1,,N,N,,0,,0,0,0,3,2,,1910,1,3,0,0,0,1,4,3,4,0,3,3,,N,,,,,,,,,,,
2009065455,9999.0,1,0,0,0,0,0,0,0,0,8,0,,67,5,2009,5,40.0227,-75.1335,9.0,6,0,0,0,0,0,0,0,0,,0,0,0,23,3,1,1,,0,40 01:21.712,,0,75 08:00.711,4,0,0,0,67301,1,0,0,,1,0,0,2,67301,1,,1,9,,,,,0,,0,0,0,0,0,,2340,1,2,0,0,0,0,0,3,4,0,1,7,,N,,,,,,,,,,,
2009120529,2222.0,2,0,0,0,0,0,0,0,0,4,0,,67,9,2009,6,39.958,-75.1651,2215.0,6,0,0,0,0,0,0,0,0,,0,0,0,22,3,1,0,,0,39 57:28.955,,0,75 09:54.278,8,0,0,0,67301,0,0,0,,0,0,0,2,67301,0,,2,1,,,,,0,,0,0,0,0,0,,2211,1,2,0,0,0,1,1,3,4,0,2,3,,N,,,,,,,,,,,
2009120561,2315.0,2,0,0,0,0,0,0,0,0,4,0,,67,10,2009,6,40.0381,-75.2228,2315.0,6,0,0,0,0,0,0,0,0,,0,0,0,23,3,1,1,,0,40 02:16.960,,0,75 13:21.542,4,0,0,0,67301,0,0,0,N,0,0,0,2,67301,1,,1,9,,N,N,,0,,0,0,0,3,2,,2310,1,2,0,0,0,0,0,3,4,0,2,7,,N,,,,,,,,,,,
2009111220,100.0,0,0,0,0,0,0,0,0,0,8,0,,67,10,2009,7,40.0293,-75.1638,9999.0,6,0,0,0,0,0,0,0,0,,0,0,0,99,3,1,1,,0,40 01:45.341,,0,75 09:49.576,4,0,0,0,67301,1,0,0,,1,0,0,2,67301,1,,1,9,,,,,0,,0,0,1,3,2,,9999,1,2,0,0,0,0,0,3,4,0,1,7,,N,,,,,,,,,,,
2009101904,1510.0,0,0,0,0,0,0,0,0,0,1,0,,67,10,2009,2,,,1509.0,6,0,0,0,0,0,2,0,0,1.0,0,0,0,15,1,2,0,,1,,3.0,3,,8,0,0,0,67301,0,0,0,N,0,0,0,3,67501,0,,1,1,,N,N,,1,,0,0,2,0,0,N,1509,2,3,0,0,0,2,0,3,3,0,3,3,,N,,,,,,,,,,,
2009125595,1616.0,1,0,1,0,0,0,0,0,0,7,0,,67,12,2009,4,39.9323,-75.2001,1601.0,6,0,0,0,0,0,0,0,0,1.0,0,0,0,15,1,1,0,,1,39 55:54.480,4.0,0,75 11:59.640,2,0,0,0,67301,0,0,0,N,0,0,0,1,68K01,0,,3,9,,N,N,,0,,0,1,0,0,0,N,1557,1,1,0,0,0,0,0,3,4,0,1,7,,N,,,,,,,,,,,
2009125155,1655.0,1,0,0,0,0,0,0,0,0,2,0,,67,11,2009,6,39.8862,-75.2492,1645.0,6,0,0,0,0,0,1,0,0,,0,0,0,16,3,0,2,,0,39 53:10.544,,0,75 14:56.746,0,0,0,0,67301,0,0,0,N,0,0,0,2,67301,0,,1,1,,N,N,,0,,0,0,1,3,3,,1640,0,2,0,0,0,0,0,3,4,0,2,3,,N,,,,,,,,,,,
2009044373,1551.0,1,0,0,1,0,0,0,0,0,4,0,,67,3,2009,4,39.9362,-75.1789,1550.0,6,0,0,0,0,0,1,0,0,,0,0,0,15,1,1,2,,0,39 56:10.338,,0,75 10:44.018,8,0,0,0,67301,1,0,0,N,0,0,0,2,67301,0,,1,1,,N,N,,0,,0,0,0,3,3,,1545,1,2,0,0,1,1,0,3,4,0,1,3,,N,,,,,,,,,,,
2009031929,1326.0,1,0,0,0,0,0,0,0,0,4,0,,67,2,2009,7,40.064,-75.0596,1326.0,6,0,0,0,0,0,0,0,1,,0,0,0,13,1,2,1,,0,40 03:50.306,,0,75 03:34.568,8,0,0,0,67301,0,0,0,,0,0,0,5,67301,0,,1,1,,,,,0,,0,0,0,9,3,,1325,2,2,0,0,0,2,0,3,4,1,2,3,,N,,,,,,,,,,,
2009039664,1550.0,2,0,0,0,0,0,0,0,0,5,0,,67,1,2009,6,39.957,-75.2133,1548.0,6,0,0,0,0,0,0,0,0,1.0,0,0,0,14,1,0,1,,1,39 57:25.245,3.0,0,75 12:47.991,0,0,0,0,67301,0,0,0,N,0,0,0,2,67301,0,,1,9,,N,N,,0,,0,0,0,3,2,N,1455,0,2,0,0,0,0,0,3,4,0,2,3,,N,,,,,,,,,,,
2009039682,2157.0,1,0,0,0,0,0,0,0,0,7,0,,67,2,2009,1,39.9227,-75.1936,2151.0,6,0,0,0,0,0,0,1,0,,0,0,0,21,3,1,0,,0,39 55:21.756,,0,75 11:36.916,8,0,0,0,67301,0,0,0,N,0,0,0,1,67301,0,,4,1,,N,N,,0,,0,0,0,0,0,,2149,1,1,0,0,0,1,0,3,4,0,1,3,,N,,,,,,,,,,,
2009039729,837.0,2,0,0,0,0,0,0,0,0,1,0,,67,1,2009,5,39.9989,-75.2313,814.0,6,0,0,0,0,0,0,0,0,1.0,0,0,0,8,1,1,0,,1,39 59:54.326,3.0,0,75 13:56.301,3,0,0,0,67301,0,0,0,N,0,0,0,2,67301,0,,1,1,,N,N,,0,,1,0,0,0,0,Y,814,1,2,0,0,0,0,0,3,4,0,2,3,,N,,,,,,,,,,,
2009039088,1606.0,1,0,0,0,0,0,0,0,0,8,0,,67,2,2009,6,40.1052,-75.0328,1604.0,6,0,1,0,0,0,0,0,0,,0,0,0,16,1,2,1,,0,40 06:18.581,,0,75 01:58.245,8,0,0,0,67301,2,0,0,,2,0,0,3,67301,0,,1,9,,,,,0,,0,0,0,2,2,,1600,2,3,0,0,0,2,0,3,4,0,1,7,,N,,,,,,,,,,,
2009037424,2012.0,0,0,0,0,0,0,0,0,0,8,0,,67,2,2009,7,40.0021,-75.1326,2011.0,6,0,0,0,0,0,0,0,0,,0,0,0,20,3,1,1,,0,40 00:07.592,,0,75 07:57.262,4,0,0,0,67301,1,0,0,,1,0,0,2,67301,1,,1,1,,,,,0,,0,0,1,0,0,,2008,1,2,0,0,0,0,0,3,4,0,1,3,,N,,,,,,,,,,,
2009037462,852.0,0,0,0,0,0,0,0,0,0,1,0,,67,2,2009,3,39.9269,-75.2324,852.0,6,0,0,0,0,0,0,0,0,2.0,0,0,0,8,1,8,0,,2,39 55:36.858,3.0,0,75 13:56.730,3,0,0,0,67301,0,0,0,,0,0,0,11,67301,4,,1,1,,N,N,,0,,4,0,0,0,0,Y,848,8,2,0,0,0,0,0,3,4,1,2,3,,N,,,,,,,,,,,
2009049628,1019.0,2,0,0,0,0,0,0,0,0,4,0,,67,4,2009,3,39.9436,-75.1568,1019.0,6,0,0,0,0,0,0,0,0,,0,0,0,10,1,1,2,,0,39 56:37.021,,0,75 09:24.595,8,0,0,0,67301,0,0,0,,0,0,0,3,67301,0,,1,9,,,,,0,,0,0,0,3,2,,1015,1,2,0,0,0,1,0,3,4,0,2,7,,N,,,,,,,,,,,
2009026866,1945.0,0,0,0,0,0,0,0,0,0,1,0,,67,1,2009,4,39.9955,-75.1789,1945.0,6,0,0,0,0,0,1,0,0,,0,0,0,8,1,1,2,,0,39 59:43.789,,0,75 10:44.075,8,0,0,0,67301,0,0,0,,0,0,0,2,67301,0,,1,1,,,,,0,,0,0,1,3,3,,851,1,2,0,0,0,1,0,3,4,0,2,99,,N,,,,,,,,,,,
2009044422,2121.0,2,0,0,0,0,0,0,0,0,2,0,,67,3,2009,6,39.9743,-75.1466,2121.0,6,0,0,0,0,0,0,0,0,,0,0,0,21,2,3,1,,0,39 58:27.534,,0,75 08:47.792,4,0,0,0,67301,0,0,0,,0,0,0,5,67301,3,,1,1,,,,,0,,0,0,0,3,3,,2121,3,2,0,0,0,0,0,3,4,0,2,3,,N,,,,,,,,,,,
2009044434,1128.0,2,0,0,0,0,0,0,0,0,4,0,,67,3,2009,1,40.0024,-75.1245,1124.0,6,0,0,0,0,0,0,0,0,,0,0,0,11,1,2,0,,0,40 00:08.495,,0,75 07:28.094,4,0,0,0,67301,0,0,0,N,0,0,0,3,67301,2,,1,1,,N,N,,0,,0,0,0,0,0,,1120,2,2,0,0,0,0,0,3,4,0,2,3,,N,,,,,,,,,,,
2009044436,1345.0,0,0,0,0,0,0,0,0,0,8,0,,67,3,2009,6,39.9989,-75.1195,1340.0,6,0,0,0,0,0,0,0,0,,0,0,0,13,1,1,1,,0,39 59:56.025,,0,75 07:10.275,4,0,0,0,67301,1,0,0,N,1,0,0,2,67301,1,,1,1,,N,N,,0,,0,0,1,3,3,,1335,1,2,0,0,0,0,0,3,4,0,1,3,,N,,,,,,,,,,,
2009044461,2050.0,4,0,0,0,0,0,0,0,0,4,0,,67,3,2009,3,39.9166,-75.2342,2038.0,6,0,0,0,0,0,0,1,0,,0,0,0,20,3,1,1,,0,39 54:59.860,,0,75 14:03.037,8,0,0,0,67301,0,0,0,,0,0,0,2,67301,0,,1,2,,,,,0,,0,0,1,3,3,,2025,1,5,0,0,0,1,0,3,4,0,5,10,,N,,,,,,,,,,,
2009044466,5.0,0,0,0,0,0,0,0,0,0,8,0,,67,3,2009,1,40.0082,-75.1427,1.0,6,0,0,0,0,0,0,0,0,,0,0,0,22,3,1,1,,0,40 00:29.407,,0,75 08:33.739,3,0,0,0,67301,1,0,0,,1,0,0,2,67301,0,,1,1,,,,,1,,1,0,0,3,2,,2243,1,2,0,0,0,0,0,3,4,0,1,3,,N,,,,,,,,,,,
2009124467,1535.0,1,0,0,1,0,0,0,0,0,8,0,,67,11,2009,1,39.9216,-75.1915,1533.0,6,0,0,0,0,0,0,0,0,9.0,0,0,0,15,1,1,2,,9,39 55:19.508,7.0,0,75 11:19.080,3,0,0,0,67301,1,0,0,N,0,0,0,2,67301,0,,1,1,,N,N,,0,,1,0,0,3,2,N,1510,1,2,0,0,0,0,0,3,4,0,1,3,,N,,,,,,,,,,,
2009124302,1303.0,1,0,0,1,0,0,0,0,0,4,0,,67,11,2009,1,39.9551,-75.1919,1301.0,6,0,0,0,0,0,0,1,0,,0,0,0,12,1,1,0,,0,39 57:18.435,,0,75 11:30.796,8,0,0,0,67301,1,0,0,N,0,0,0,2,67301,0,,1,1,,N,N,,0,,0,0,0,0,0,,1250,1,2,0,0,0,1,0,3,4,0,1,3,,N,,,,,,,,,,,
2009054979,1050.0,1,0,0,0,0,0,0,0,0,1,0,,67,5,2009,3,39.9598,-75.1776,1042.0,6,0,0,0,0,0,0,0,0,1.0,0,0,0,10,1,4,0,,2,39 57:36.091,4.0,0,75 10:44.449,3,0,0,0,67301,0,0,0,N,0,0,0,4,68K01,3,,1,9,,N,N,,0,,1,0,0,0,0,N,1040,4,2,0,0,0,0,0,3,4,1,2,7,,N,,,,,,,,,,,
2009124426,935.0,2,0,0,0,0,0,0,0,0,4,0,,67,11,2009,2,39.9603,-75.1389,930.0,6,0,0,0,0,0,0,0,0,2.0,0,0,0,8,1,2,1,,1,39 57:37.035,3.0,0,75 08:19.560,4,0,0,0,67301,0,0,0,N,0,0,0,2,67301,2,,1,1,,N,N,,0,,0,0,0,3,3,N,850,2,2,0,0,0,0,0,3,4,0,2,3,,N,,,,,,,,,,,
2009096832,951.0,2,0,0,0,0,0,0,0,0,1,0,,67,9,2009,4,40.074,-75.0166,950.0,6,0,1,0,0,0,0,0,0,,0,0,0,9,1,1,0,,0,40 04:26.541,,0,75 00:59.752,3,0,0,0,67301,0,0,0,N,0,0,0,3,67301,0,,1,1,,N,N,,0,,1,0,0,3,2,,940,1,2,0,0,1,0,0,3,4,0,2,3,,N,,,,,,,,,,,
2009083745,2140.0,1,0,0,0,0,0,0,0,0,8,0,,67,7,2009,7,39.9237,-75.2356,2125.0,6,0,0,0,0,0,0,0,0,,0,0,0,21,3,1,0,,0,39 55:25.428,,0,75 14:08.119,8,0,0,0,67301,1,0,0,N,1,0,0,2,67301,0,,1,1,,N,N,,0,,0,0,0,0,0,,2118,1,2,0,0,0,1,1,3,4,0,1,3,,N,,,,,,,,,,,
2009065410,112.0,3,0,0,0,0,0,0,0,0,5,0,,67,5,2009,7,,,110.0,6,0,0,0,0,0,0,0,0,1.0,0,0,0,1,3,1,0,,1,,2.0,0,,8,0,0,0,67301,0,0,0,N,0,0,0,1,67301,0,,6,1,,N,N,,0,,0,0,0,0,0,N,105,1,3,0,0,0,1,0,3,3,0,3,3,,N,,,,,,,,,,,
2009065484,1708.0,1,0,0,1,0,0,0,0,0,4,0,,67,5,2009,1,40.04,-75.1211,1705.0,6,0,0,0,0,0,0,0,0,,0,0,0,17,1,1,0,,0,40 02:23.978,,0,75 07:16.021,3,0,0,0,67301,1,0,0,N,0,0,0,2,67301,0,,1,1,,N,N,,0,,1,0,0,0,0,,1700,1,2,0,0,0,0,0,3,4,0,1,3,,N,,,,,,,,,,,
2009073148,1417.0,3,0,0,0,0,0,0,0,0,1,0,,67,6,2009,1,39.9596,-75.1755,1412.0,6,0,0,0,0,0,2,0,0,1.0,0,0,0,14,1,1,0,,1,39 57:34.925,4.0,0,75 10:35.175,8,0,0,0,67301,0,0,0,N,0,0,0,7,68K01,0,,1,1,,N,N,,0,,0,0,1,0,0,Y,1409,1,4,0,0,0,1,0,3,4,0,4,3,,N,,,,,,,,,,,
2009111196,1531.0,1,0,0,0,0,0,0,0,0,8,0,,67,10,2009,7,39.951,-75.1654,1531.0,6,0,0,0,0,0,0,0,0,,0,0,0,15,1,1,1,,0,39 57:03.770,,0,75 09:55.537,8,0,0,0,67301,1,0,0,N,1,0,0,4,67301,0,,1,1,,N,N,,0,,0,0,0,3,2,,1530,1,2,0,0,1,1,0,3,4,0,1,3,,N,,,,,,,,,,,
2009108833,1317.0,0,0,0,0,0,0,0,0,0,7,0,,67,9,2009,7,39.8885,-75.2413,1312.0,6,0,0,0,0,0,0,0,0,2.0,1,0,0,13,1,0,0,,2,39 53:17.018,1.0,0,75 14:30.010,1,1,0,1,67301,0,0,0,N,0,0,0,1,68K01,0,2.0,2,1,,N,N,,0,0.0,0,0,0,0,0,Y,1311,0,1,0,0,0,0,0,3,4,0,1,3,,N,,,,,,,,,,,
2009121055,304.0,1,0,0,0,0,0,0,0,0,7,0,,67,11,2009,1,40.0025,-75.1945,303.0,6,0,0,0,0,0,0,0,0,,0,0,0,3,3,0,0,,0,40 00:09.360,,0,75 11:40.200,0,0,0,0,67301,0,0,0,N,0,0,0,2,68K01,0,,2,1,,N,N,,0,,0,0,0,0,0,,300,0,1,0,0,0,0,0,3,4,0,1,3,,N,,,,,,,,,,,
2009120767,849.0,1,0,0,0,0,0,0,0,0,7,0,,67,10,2009,4,39.9402,-75.2009,845.0,6,0,0,0,0,0,1,0,0,,0,0,0,8,1,0,0,,0,39 56:25.384,,0,75 12:05.214,9,0,0,0,67301,0,0,0,N,0,0,0,1,67301,0,,5,1,,N,N,,0,,0,0,0,0,0,,830,0,1,0,0,0,0,1,3,4,0,1,3,,N,,,,,,,,,,,
2009029874,1400.0,1,0,0,0,0,0,0,0,0,1,0,,67,2,2009,5,39.9777,-75.1614,1357.0,6,0,0,0,0,0,0,0,0,,0,0,0,11,1,1,2,,0,39 58:39.716,,0,75 09:41.201,8,0,0,0,67301,0,0,0,,0,0,0,1,67301,0,,1,2,,,,,0,,0,0,0,3,2,,1130,1,2,0,0,0,1,0,3,4,1,2,98,,N,,,,,,,,,,,
2009029877,1535.0,0,0,0,0,0,0,1,0,0,8,1,,67,2,2009,4,39.999,-75.115,1530.0,6,0,0,0,0,0,0,0,0,,0,0,0,16,1,1,1,,0,39 59:56.238,,0,75 06:54.064,3,0,0,0,67301,1,0,0,N,1,0,0,2,67301,0,,1,1,,N,N,,0,,1,0,0,9,3,,1600,1,2,0,0,0,0,0,3,4,0,1,3,,N,,,,,,,,,,,
2009061107,809.0,1,0,0,0,0,0,0,0,0,7,0,,67,5,2009,7,39.9185,-75.1477,756.0,6,0,0,0,0,0,0,0,0,1.0,0,0,0,7,1,1,0,,2,39 55:06.998,1.0,0,75 08:51.863,3,0,0,0,67301,0,0,0,N,0,0,0,2,68K01,0,,2,1,,N,N,,0,,1,0,0,0,0,N,754,1,1,0,0,2,0,0,3,4,0,1,3,,N,,,,,,,,,,,
2009063732,2320.0,2,0,0,0,0,0,0,0,0,1,0,,67,5,2009,4,39.9441,-75.1967,2310.0,6,0,0,0,0,0,0,0,0,,0,0,0,23,3,1,5,,0,39 56:38.647,,0,75 11:48.280,3,0,0,0,67301,0,0,0,N,0,0,0,3,67301,0,,1,9,,N,N,,0,,1,0,1,3,2,,2300,1,3,0,0,1,0,1,3,4,0,3,7,,N,,,,,,,,,,,
2009063752,2200.0,1,0,0,0,0,0,0,0,0,7,0,,67,5,2009,7,39.9488,-75.1605,2200.0,6,0,0,0,0,0,0,0,0,1.0,0,0,0,22,3,0,0,,2,39 56:55.716,2.0,7,75 09:37.976,0,0,0,0,67301,0,0,0,,0,0,0,1,67301,0,,2,1,,,,,0,,0,0,0,0,0,Y,2200,0,1,0,0,0,0,0,3,4,0,1,3,,N,,,,,,,,,,,
2009063763,2135.0,0,0,0,1,0,0,0,0,0,8,0,,67,5,2009,5,39.9552,-75.2101,2128.0,6,0,0,0,0,0,0,0,0,,0,0,0,20,4,1,0,,0,39 57:18.565,,0,75 12:36.244,4,0,0,0,67301,1,0,0,N,0,0,0,2,67301,1,,5,1,,N,N,,0,,0,0,1,3,2,,2000,1,3,0,0,0,0,1,3,4,0,2,3,,N,,,,,,,,,,,
2009063866,2019.0,1,0,0,0,0,0,0,0,0,7,0,50.0,67,5,2009,5,40.0203,-75.1529,2014.0,6,0,0,0,0,0,0,0,0,1.0,0,0,0,20,4,4,0,,1,40 01:13.241,4.0,0,75 09:10.491,3,0,0,0,67301,0,0,0,N,0,0,0,4,67301,2,,3,1,,N,N,,0,,2,0,0,3,8,N,2005,4,1,0,0,3,0,0,3,4,0,1,3,,Y,3.0,1.0,N,U,U,N,Y,U,U,U,
2009063895,1205.0,1,0,0,0,0,0,0,0,0,1,0,,67,5,2009,7,40.0501,-74.9996,1157.0,6,0,0,0,0,0,0,0,0,,0,0,0,11,1,0,0,,0,40 03:00.535,,0,74 59:58.567,0,0,0,0,67301,0,0,0,,0,0,0,2,67301,0,,1,1,,,,,1,,0,0,0,3,2,,1156,0,2,0,0,0,0,0,3,4,0,2,3,,N,,,,,,,,,,,
2009063904,1320.0,2,0,0,0,0,0,0,0,0,4,0,,67,5,2009,4,39.9577,-75.1624,1318.0,6,0,0,0,1,0,0,0,0,,0,0,0,13,1,0,1,,0,39 57:27.542,,0,75 09:44.544,0,0,0,0,67301,0,0,0,N,0,0,0,2,67301,0,,1,1,,N,N,,0,,0,0,0,3,2,,1315,0,2,0,0,0,0,0,3,4,0,2,3,,N,,,,,,,,,,,
2009066536,1930.0,0,0,0,0,0,0,0,0,0,4,0,,67,5,2009,1,39.9648,-75.2073,1922.0,6,0,0,0,0,0,0,0,0,,0,0,0,19,1,1,1,,0,39 57:53.251,,0,75 12:26.287,3,0,0,0,67301,0,0,0,N,0,0,0,4,67301,0,,1,1,,N,N,,1,,1,0,1,3,2,,1915,1,2,0,0,0,0,0,3,4,0,2,3,,N,,,,,,,,,,,
2009063960,1214.0,2,0,0,0,0,0,0,0,0,4,0,,67,5,2009,2,39.9335,-75.1918,1214.0,6,0,0,0,0,0,1,0,0,,0,0,0,11,1,1,1,,0,39 56:00.596,,0,75 11:30.487,8,0,0,0,67301,0,0,0,,0,0,0,3,67301,0,,1,1,,,,,0,,0,0,0,3,3,,1146,1,2,0,0,0,1,2,3,4,0,2,3,,N,,,,,,,,,,,
2009056415,1405.0,2,0,0,0,0,0,0,0,0,4,0,,67,4,2009,5,39.9688,-75.2454,1400.0,6,0,0,0,0,0,1,0,0,1.0,0,0,0,13,1,1,1,,1,39 58:07.852,2.0,0,75 14:43.847,4,0,0,0,67301,0,0,0,N,0,0,0,3,67301,1,,1,1,,N,N,,0,,0,0,0,3,2,N,1358,1,2,0,0,0,0,1,3,4,0,2,3,,N,,,,,,,,,,,
2009030196,715.0,1,0,0,0,0,0,0,0,0,5,0,,67,1,2009,4,40.0233,-75.1364,708.0,6,0,0,0,0,0,0,0,0,,0,0,0,7,1,3,1,,0,40 01:23.549,,0,75 08:12.106,8,0,0,0,67301,0,0,0,N,0,0,0,6,67301,0,,1,2,,N,N,,0,,0,0,0,3,2,,706,3,2,0,0,0,3,0,3,4,1,2,9,,N,,,,,,,,,,,
2009033218,315.0,2,0,0,0,0,0,0,0,0,4,0,,67,2,2009,2,40.0123,-75.1358,300.0,6,0,0,0,0,0,0,0,0,,0,0,0,3,3,0,0,,0,40 00:44.445,,0,75 08:08.833,0,0,0,0,67301,0,0,0,N,0,0,0,1,67301,0,,4,1,,N,N,,0,,0,0,0,0,0,,300,0,3,0,0,1,0,0,3,4,1,3,3,,N,,,,,,,,,,,
2009035247,108.0,1,0,0,0,0,0,0,0,0,7,0,,67,3,2009,1,39.9816,-75.2072,52.0,6,0,0,0,0,0,1,0,0,,0,0,0,0,3,0,0,,0,39 58:57.180,,0,75 12:28.400,0,0,0,0,67301,0,0,0,N,0,0,0,1,68K01,0,,2,1,,N,N,,0,,0,0,0,0,0,,50,0,1,0,0,0,0,0,3,4,0,1,3,,N,,,,,,,,,,,
2009038054,840.0,2,0,0,0,0,0,0,0,0,3,0,,67,3,2009,2,40.0023,-75.2201,836.0,6,0,0,0,0,0,0,0,1,,0,0,0,8,1,1,1,,0,40 00:07.999,,0,75 13:12.810,4,0,0,0,67301,1,0,0,N,1,0,0,3,67301,1,,1,7,,N,N,,0,,0,0,0,3,2,,815,1,3,0,0,0,0,0,3,4,0,2,10,,N,,,,,,,,,,,
2009025277,1201.0,1,0,0,0,0,0,0,0,0,1,0,,67,1,2009,6,39.9732,-75.159,1158.0,6,0,0,0,1,0,0,0,1,,0,0,0,11,1,1,1,,0,39 58:23.479,,0,75 09:32.376,8,0,0,0,67301,0,0,0,N,0,0,0,3,67301,0,,1,1,,N,N,,1,,0,0,0,3,2,,1157,1,2,0,0,0,1,0,3,4,0,2,3,,N,,,,,,,,,,,
2009096773,1510.0,1,0,0,0,0,0,0,0,0,5,1,,67,9,2009,4,40.0084,-75.2036,1459.0,6,0,0,0,0,0,2,0,0,2.0,0,1,0,14,1,2,0,,2,40 00:29.880,3.0,0,75 12:12.240,3,0,0,0,67301,0,0,0,N,0,0,0,5,68K01,0,,1,9,,N,N,,0,,2,0,1,0,0,N,1457,2,4,0,0,0,0,0,3,4,1,4,7,,N,,,,,,,,,,,
2009111719,1735.0,2,0,0,0,0,0,0,0,0,4,0,,67,10,2009,4,39.9517,-75.2369,1732.0,6,0,0,0,0,0,0,0,0,,0,0,0,17,1,1,1,,0,39 57:06.145,,0,75 14:12.782,4,0,0,0,67301,0,0,0,N,0,0,0,4,67301,1,,1,9,,N,N,,0,,0,0,0,3,2,,1725,1,2,0,0,0,0,0,3,4,0,2,3,,N,,,,,,,,,,,
2009111761,804.0,0,0,0,0,0,0,0,0,0,8,0,,67,10,2009,2,40.0233,-75.0768,801.0,6,0,0,0,0,0,0,0,0,,0,0,0,7,1,1,1,,0,40 01:23.700,,0,75 04:36.637,8,0,0,0,67301,1,0,0,N,1,0,0,3,67301,0,,1,1,,N,N,,0,,0,0,1,3,2,,758,1,2,0,0,0,1,0,3,4,0,1,3,,N,,,,,,,,,,,
2009112104,1150.0,2,0,0,0,0,0,0,0,0,4,0,,67,10,2009,1,40.0243,-75.0345,1147.0,6,0,0,0,0,0,0,0,0,2.0,0,0,0,11,1,0,1,,2,40 01:27.711,5.0,0,75 02:04.194,0,0,0,0,67301,0,0,0,,0,0,0,5,67301,0,,1,1,,N,N,,0,,0,0,0,3,3,Y,1140,0,2,0,0,0,0,0,3,4,0,2,3,,N,,,,,,,,,,,
2009125173,1240.0,1,0,0,0,0,0,0,0,0,8,0,,67,11,2009,7,40.032,-75.1084,1233.0,6,0,0,0,0,0,0,0,0,,0,0,0,12,1,1,2,,0,40 01:55.203,,0,75 06:30.250,4,0,0,0,67301,1,0,0,N,1,0,0,2,67301,1,,1,1,,N,N,,0,,0,0,0,3,3,,1230,1,2,0,0,0,0,0,3,4,0,1,3,,N,,,,,,,,,,,