CRN,ARRIVAL_TM,AUTOMOBILE_COUNT,BELTED_DEATH_COUNT,BELTED_SUSP_SERIOUS_INJ_COUNT,BICYCLE_COUNT,BICYCLE_DEATH_COUNT,BICYCLE_SUSP_SERIOUS_INJ_COUNT,BUS_COUNT,CHLDPAS_DEATH_COUNT,CHLDPAS_SUSP_SERIOUS_INJ_COUNT,COLLISION_TYPE,COMM_VEH_COUNT,CONS_ZONE_SPD_LIM,COUNTY,CRASH_MONTH,CRASH_YEAR,DAY_OF_WEEK,DEC_LAT,DEC_LONG,DISPATCH_TM,DISTRICT,DRIVER_COUNT_16YR,DRIVER_COUNT_17YR,DRIVER_COUNT_18YR,DRIVER_COUNT_19YR,DRIVER_COUNT_20YR,DRIVER_COUNT_50_64YR,DRIVER_COUNT_65_74YR,DRIVER_COUNT_75PLUS,EST_HRS_CLOSED,FATAL_COUNT,HEAVY_TRUCK_COUNT,HORSE_BUGGY_COUNT,HOUR_OF_DAY,ILLUMINATION,INJURY_COUNT,INTERSECT_TYPE,INTERSECTION_RELATED,LANE_CLOSED,LATITUDE,LN_CLOSE_DIR,LOCATION_TYPE,LONGITUDE,MAX_SEVERITY_LEVEL,MCYCLE_DEATH_COUNT,MCYCLE_SUSP_SERIOUS_INJ_COUNT,MOTORCYCLE_COUNT,MUNICIPALITY,NONMOTR_COUNT,NONMOTR_DEATH_COUNT,NONMOTR_SUSP_SERIOUS_INJ_COUNT,NTFY_HIWY_MAINT,PED_COUNT,PED_DEATH_COUNT,PED_SUSP_SERIOUS_INJ_COUNT,PERSON_COUNT,POLICE_AGCY,POSSIBLE_INJ_COUNT,RDWY_SURF_TYPE_CD,RELATION_TO_ROAD,ROAD_CONDITION,ROADWAY_CLEARED,SCH_BUS_IND,SCH_ZONE_IND,SECONDARY_CRASH,SMALL_TRUCK_COUNT,SPEC_JURIS_CD,SUSP_MINOR_INJ_COUNT,SUSP_SERIOUS_INJ_COUNT,SUV_COUNT,TCD_FUNC_CD,TCD_TYPE,TFC_DETOUR_IND,TIME_OF_DAY,TOT_INJ_COUNT,TOTAL_UNITS,UNB_DEATH_COUNT,UNB_SUSP_SERIOUS_INJ_COUNT,UNBELTED_OCC_COUNT,UNK_INJ_DEG_COUNT,UNK_INJ_PER_COUNT,URBAN_AREA,URBAN_RURAL,VAN_COUNT,VEHICLE_COUNT,WEATHER1,WEATHER2,WORK_ZONE_IND,WORK_ZONE_LOC,WORK_ZONE_TYPE,WORKERS_PRES,WZ_CLOSE_DETOUR,WZ_FLAGGER,WZ_LAW_OFFCR_IND,WZ_LN_CLOSURE,WZ_MOVING,WZ_OTHER,WZ_SHLDER_MDN,WZ_WORKERS_INJ_KILLED
2009125247,953.0,2,0,0,0,0,0,0,0,0,5,0,,67,11,2009,4,40.0448,-75.1869,944.0,6,0,0,0,0,0,0,0,0,,0,0,0,9,1,0,0,,0,40 02:41.249,,7,75 11:12.917,9,0,0,0,67301,0,0,0,,0,0,0,3,67301,0,,1,9,,N,N,,0,,0,0,0,3,3,,937,0,3,0,0,0,0,2,3,4,1,3,7,,N,,,,,,,,,,,
2009125261,635.0,1,0,1,0,0,0,0,0,0,4,0,,67,11,2009,4,40.0299,-75.0878,621.0,6,0,0,0,0,0,0,0,0,2.0,0,0,0,6,5,1,1,,2,40 01:47.231,1.0,0,75 05:16.817,2,0,0,0,67301,0,0,0,N,0,0,0,2,67301,0,,1,1,,N,N,,0,,0,1,1,3,2,N,620,1,2,0,0,0,0,0,3,4,0,2,3,,N,,,,,,,,,,,
2009130600,220.0,2,0,0,0,0,0,0,0,0,1,0,,67,12,2009,1,39.983,-75.2081,215.0,6,0,0,0,0,0,0,1,0,2.0,0,0,0,2,3,0,0,,1,39 59:02.760,3.0,0,75 12:29.880,0,0,0,0,67301,0,0,0,N,0,0,0,1,68K02,0,,1,1,,N,N,,0,,0,0,0,0,0,N,206,0,2,0,0,0,0,0,3,4,0,2,3,,N,,,,,,,,,,,
2009111847,830.0,1,0,0,0,0,0,0,0,0,7,0,,67,10,2009,6,39.9461,-75.1768,819.0,6,0,0,0,0,0,0,0,0,,0,0,0,8,1,0,1,,0,39 56:45.884,,0,75 10:36.321,0,0,0,0,67301,0,0,0,Y,0,0,0,2,67301,0,,4,1,,N,N,,0,,0,0,0,3,2,,815,0,2,0,0,0,0,0,3,4,0,1,3,,N,,,,,,,,,,,
2009111875,1355.0,1,0,0,0,0,0,0,0,0,1,0,,67,10,2009,5,40.0811,-75.0289,1344.0,6,0,0,0,0,1,0,0,0,1.0,0,0,0,13,1,2,1,,2,40 04:51.806,2.0,0,75 01:43.881,8,0,0,0,67301,0,0,0,N,0,0,0,4,67301,0,,1,1,,N,N,,0,,0,0,1,3,2,N,1343,2,2,0,0,2,2,0,3,4,0,2,3,,N,,,,,,,,,,,
2009039219,127.0,2,0,0,0,0,0,0,0,0,2,0,,67,2,2009,1,39.9074,-75.1538,126.0,6,0,0,1,0,0,0,0,0,3.0,0,0,0,1,3,2,0,,1,39 54:26.625,1.0,0,75 09:13.674,8,0,0,0,67301,0,0,0,N,0,0,0,5,67301,0,,1,1,,N,N,,0,,0,0,1,0,0,N,120,2,3,0,0,1,2,0,3,4,0,3,3,,N,,,,,,,,,,,
2009039224,1440.0,1,0,0,0,0,0,0,0,0,2,0,,67,2,2009,3,40.0236,-75.0347,1430.0,6,0,0,0,0,0,0,0,0,,0,0,0,14,1,1,0,,0,40 01:24.962,,0,75 02:04.767,2,0,1,1,67301,0,0,0,,0,0,0,2,67301,0,,1,1,,N,N,,1,,0,1,0,0,0,,1425,1,3,0,0,0,0,0,3,4,0,3,3,,N,,,,,,,,,,,
2009044410,108.0,1,0,0,0,0,0,0,0,0,4,0,,67,3,2009,1,39.9579,-75.1642,107.0,6,0,0,0,0,0,0,0,0,1.0,0,0,0,1,3,0,5,,1,39 57:27.855,3.0,2,75 09:51.050,0,0,0,0,67301,0,0,0,N,0,0,0,2,67301,0,,1,9,,N,N,,0,,0,0,1,3,2,N,105,0,2,0,0,0,0,0,3,4,0,2,7,,N,,,,,,,,,,,
2009037490,1943.0,2,0,0,0,0,0,0,0,0,4,0,,67,3,2009,3,39.9869,-75.2566,1940.0,6,0,0,0,0,0,0,1,0,2.0,0,0,0,19,3,0,0,,1,39 59:10.574,1.0,0,75 15:26.784,0,0,0,0,67301,0,0,0,,0,0,0,2,67301,0,,1,6,,N,N,,0,,0,0,0,3,2,N,1938,0,2,0,0,0,0,0,3,4,0,2,3,,N,,,,,,,,,,,
2009037511,1855.0,1,0,0,0,0,0,0,0,0,8,0,,67,2,2009,6,40.0159,-75.0715,1850.0,6,0,0,0,0,0,0,0,0,,0,0,0,18,3,1,1,,0,40 00:57.321,,0,75 04:17.221,8,0,0,0,67301,1,0,0,N,1,0,0,2,67301,0,,1,9,,N,N,,0,,0,0,0,3,3,,1840,1,2,0,0,0,1,1,3,4,0,1,3,,N,,,,,,,,,,,
2009041931,511.0,1,0,0,0,0,0,0,0,0,7,0,,67,3,2009,4,39.9984,-75.081,505.0,6,0,0,0,0,0,0,0,0,1.0,0,0,0,5,3,0,0,,2,39 59:54.690,1.0,0,75 04:51.345,0,0,0,0,67301,0,0,0,Y,0,0,0,1,68K01,0,,2,1,,N,N,,0,,0,0,0,0,0,N,503,0,1,0,0,0,0,0,3,4,0,1,3,,N,,,,,,,,,,,
2009044535,2220.0,3,0,0,0,0,0,0,0,0,6,0,,67,3,2009,5,39.9546,-75.2265,2220.0,6,0,0,0,0,0,1,0,0,1.0,0,0,0,22,3,0,0,,1,39 57:16.671,3.0,0,75 13:35.425,0,0,0,0,67301,0,0,0,N,0,0,0,2,67301,0,,2,1,,N,N,,0,,0,0,0,0,0,N,2220,0,4,0,0,0,0,0,3,4,1,4,3,,N,,,,,,,,,,,
2009037399,1145.0,1,0,0,0,0,0,0,0,0,1,0,,67,3,2009,6,40.0675,-75.1793,1138.0,6,0,0,0,0,0,0,0,0,,0,0,0,10,1,1,1,,0,40 04:02.954,,0,75 10:45.487,8,0,0,0,67301,0,0,0,,0,0,0,8,67301,0,,1,1,,,,,0,,0,0,0,0,0,,1051,1,2,0,0,0,1,0,3,4,1,2,3,,N,,,,,,,,,,,
2009026896,1630.0,1,0,0,0,0,0,0,0,0,7,0,,67,1,2009,1,39.993,-75.082,1620.0,6,0,0,0,0,0,0,0,1,,0,0,0,99,1,1,0,,0,39 59:34.953,,0,75 04:54.603,8,0,0,0,67301,0,0,0,N,0,0,0,1,67301,0,,2,1,,N,N,,0,,0,0,0,0,0,,9999,1,1,0,0,0,1,0,3,4,0,1,3,,N,,,,,,,,,,,
2009044476,1645.0,2,0,0,0,0,0,0,0,0,4,0,,67,3,2009,2,40.0296,-75.1388,1635.0,6,0,0,0,0,0,1,0,0,,0,0,0,16,1,1,1,,0,40 01:46.725,,0,75 08:19.658,4,0,0,0,67301,0,0,0,N,0,0,0,2,67301,1,,1,1,,N,N,,0,,0,0,0,3,3,,1615,1,2,0,0,0,0,0,3,4,0,2,3,,N,,,,,,,,,,,
2009124457,1820.0,2,0,0,0,0,0,0,0,0,4,0,,67,11,2009,2,40.1215,-75.0119,1804.0,6,0,0,0,0,0,0,0,1,,0,0,0,18,3,2,0,,0,40 07:17.468,,7,75 00:42.811,4,0,0,0,67301,0,0,0,N,0,0,0,3,67301,2,,1,9,,N,N,,0,,0,0,0,0,0,,1800,2,2,0,0,0,0,0,3,4,0,2,7,,N,,,,,,,,,,,
2009098523,1121.0,2,0,0,0,0,0,0,0,0,1,0,,67,9,2009,1,39.9823,-75.1002,1107.0,6,0,0,0,0,0,0,0,0,1.0,0,0,0,11,1,2,7,,1,39 58:56.640,2.0,2,75 06:00.360,4,0,0,0,67301,0,0,0,N,0,0,0,2,68K01,2,,1,9,,N,N,,0,,0,0,0,3,3,Y,1105,2,2,0,0,0,0,0,3,4,0,2,7,,N,,,,,,,,,,,
2009097126,925.0,1,0,0,0,0,0,0,0,0,4,0,,67,9,2009,1,40.0556,-75.1813,923.0,6,0,0,0,0,0,1,0,0,,0,0,0,9,1,1,1,,0,40 03:20.145,,0,75 10:52.627,8,0,0,0,67301,0,0,0,N,0,0,0,1,67301,0,,5,1,,N,N,,0,,0,0,0,0,0,,920,1,2,0,0,0,1,0,3,4,1,2,3,,N,,,,,,,,,,,
2009097160,1647.0,2,0,0,0,0,0,0,0,0,4,0,,67,9,2009,6,40.0939,-74.9797,1644.0,6,0,1,0,0,0,0,0,1,,0,0,0,16,1,2,1,,0,40 05:38.461,,0,74 58:46.899,4,0,0,0,67301,0,0,0,N,0,0,0,3,67301,1,,1,1,,N,N,,0,,0,0,0,3,2,,1605,2,2,0,0,0,1,0,3,4,0,2,3,,N,,,,,,,,,,,
2009097178,900.0,1,0,0,1,0,0,0,0,0,4,0,,67,8,2009,1,40.0349,-75.1844,855.0,6,0,0,0,0,0,0,0,1,,0,0,0,8,1,1,1,,0,40 02:05.655,,0,75 11:03.688,4,0,0,0,67301,1,0,0,N,0,0,0,2,67301,1,,1,1,,N,N,,0,,0,0,0,3,2,,855,1,2,0,0,0,0,0,3,4,0,1,3,,N,,,,,,,,,,,
2009094949,2028.0,2,0,0,0,0,0,0,0,0,1,0,,67,9,2009,6,39.9656,-75.1372,2020.0,6,0,0,0,0,0,1,0,0,2.0,0,0,0,20,3,1,0,,2,39 57:55.800,2.0,0,75 08:14.280,8,0,0,0,67301,0,0,0,N,0,0,0,2,68K01,0,,1,9,,N,N,,0,,0,0,0,0,0,N,2015,1,2,0,0,0,1,0,3,4,0,2,7,,N,,,,,,,,,,,
2009094250,12.0,3,0,0,0,0,0,0,0,0,1,0,,67,8,2009,7,40.0204,-75.1544,2356.0,6,0,0,0,0,0,0,0,0,3.0,0,0,0,23,3,1,7,,1,40 01:13.494,1.0,2,75 09:15.812,3,0,0,0,67301,0,0,0,N,0,0,0,3,67301,0,,1,9,,N,N,,0,,1,0,0,0,0,Y,2353,1,3,0,0,2,0,0,3,4,0,3,3,,N,,,,,,,,,,,
2009124408,1535.0,2,0,0,0,0,0,0,0,0,4,0,,67,11,2009,5,40.1041,-75.0165,1525.0,6,0,0,0,0,0,1,1,0,,0,0,0,15,1,4,0,,0,40 06:14.909,,7,75 00:59.452,8,0,0,0,67301,0,0,0,N,0,0,0,6,67301,0,,4,1,,N,Y,,0,,0,0,0,0,0,,1510,4,2,0,0,0,4,0,3,4,0,2,3,,N,,,,,,,,,,,
2009124416,251.0,1,0,0,0,0,0,0,0,0,7,0,,67,10,2009,7,39.9707,-75.1595,248.0,6,0,0,0,0,1,0,0,0,1.0,0,0,0,2,3,0,0,,1,39 58:14.422,1.0,0,75 09:34.339,9,0,0,0,67301,0,0,0,,0,0,0,1,67301,0,,3,9,,,,,0,,0,0,0,0,0,N,200,0,1,0,0,0,0,1,3,4,0,1,7,,N,,,,,,,,,,,
2009083771,250.0,0,0,0,1,0,0,0,0,0,4,0,,67,7,2009,2,39.9666,-75.1604,249.0,6,0,0,0,0,0,0,0,0,,0,0,0,2,3,1,1,,0,39 57:59.738,,0,75 09:37.523,3,0,0,0,67301,1,0,0,N,0,0,0,2,67301,0,,1,1,,N,N,,0,,1,0,1,3,2,,245,1,2,0,0,0,0,0,3,4,0,1,3,,N,,,,,,,,,,,
2009083832,1026.0,2,0,0,0,0,0,0,0,0,4,0,,67,7,2009,7,40.0735,-75.1771,1025.0,6,0,0,0,0,0,0,1,0,,0,0,0,10,1,1,1,,0,40 04:24.736,,0,75 10:37.721,8,0,0,0,67301,0,0,0,N,0,0,0,3,67301,0,,1,1,,N,N,,0,,0,0,0,3,3,,1020,1,2,0,0,0,1,1,3,4,0,2,7,,N,,,,,,,,,,,
2009083836,1316.0,1,0,0,0,0,0,0,0,0,4,0,,67,7,2009,4,40.0567,-75.1409,1316.0,6,0,0,0,0,0,1,0,0,,0,0,0,13,1,5,1,,0,40 03:24.130,,0,75 08:27.218,3,0,0,0,67301,0,0,0,N,0,0,0,6,67301,0,,1,1,,N,N,,0,,5,0,1,3,2,,1315,5,2,0,0,0,0,0,3,4,0,2,3,,N,,,,,,,,,,,
2009065430,2138.0,1,0,0,0,0,0,0,0,0,2,0,,67,5,2009,6,39.9643,-75.2464,2138.0,6,0,0,0,0,0,0,0,0,,0,0,0,21,3,2,1,,0,39 57:51.442,,0,75 14:46.946,4,0,0,0,67301,0,0,0,N,0,0,0,3,67301,2,,1,1,,N,N,,1,,0,0,0,3,2,,2138,2,2,0,0,0,0,1,3,4,0,2,3,,N,,,,,,,,,,,
2009120616,1053.0,1,0,0,0,0,0,0,0,0,5,0,,67,10,2009,6,39.9536,-75.1563,1046.0,6,0,0,0,0,0,0,0,0,,0,0,0,10,1,1,1,,0,39 57:12.781,,0,75 09:22.643,8,0,0,0,67301,0,0,0,N,0,0,0,3,67301,0,,1,9,,N,N,,1,,0,0,0,0,0,,1015,1,2,0,0,0,1,0,3,4,0,2,7,,N,,,,,,,,,,,
2009120747,1711.0,1,0,0,0,0,0,0,0,0,8,0,,67,10,2009,3,40.0097,-75.1671,1710.0,6,0,0,0,0,0,0,0,0,9.0,0,0,0,17,1,1,0,,1,40 00:35.084,6.0,0,75 10:01.381,2,0,0,0,67301,1,0,1,,1,0,1,2,67301,0,,1,9,,N,N,,0,,0,1,0,3,2,N,1708,1,2,0,0,0,0,0,3,4,0,1,7,,N,,,,,,,,,,,
2009120753,824.0,1,0,0,0,0,0,0,0,0,8,0,,67,10,2009,6,40.041,-75.1637,822.0,6,0,0,0,0,0,1,0,0,,0,0,0,8,1,1,2,,0,40 02:27.564,,0,75 09:49.334,3,0,0,0,67301,1,0,0,N,1,0,0,2,67301,0,,1,1,,N,Y,,0,,1,0,0,3,3,,822,1,2,0,0,0,0,0,3,4,0,1,3,,N,,,,,,,,,,,
2009049872,1820.0,1,0,0,0,0,0,0,0,0,4,0,,67,4,2009,7,39.9587,-75.1621,1812.0,6,0,0,0,0,0,0,0,0,,0,0,0,17,1,1,2,,0,39 57:31.393,,0,75 09:44.125,8,0,0,0,67301,0,0,0,,0,0,0,3,67301,0,,1,1,,,,,0,,0,0,1,0,0,,1753,1,2,0,0,0,1,0,3,4,0,2,3,,N,,,,,,,,,,,
2009063797,36.0,1,0,0,0,0,0,0,0,0,5,0,,67,5,2009,2,39.923,-75.2431,35.0,6,0,0,0,0,0,0,0,0,,0,0,0,0,3,0,0,,0,39 55:22.634,,0,75 14:35.217,0,0,0,0,67301,2,0,0,,0,0,0,3,67301,0,,1,1,,N,N,,0,,0,0,1,0,0,,30,0,2,0,0,0,0,0,3,4,0,2,3,,N,,,,,,,,,,,
2009120629,326.0,1,0,0,0,0,0,0,0,0,7,0,,67,11,2009,1,40.0774,-75.0439,324.0,6,0,0,0,0,0,0,0,0,1.0,0,0,0,3,3,0,0,,1,40 04:38.437,1.0,0,75 02:38.113,0,0,0,0,67301,0,0,0,N,0,0,0,1,67301,0,,2,1,,N,N,,0,,0,0,0,0,0,N,323,0,1,0,0,0,0,0,3,4,0,1,3,,N,,,,,,,,,,,
2009080404,1635.0,2,0,0,0,0,0,0,0,0,1,0,,67,8,2009,4,39.9883,-75.2072,1634.0,6,0,0,0,0,1,0,0,0,1.0,0,0,0,16,1,2,7,,1,39 59:21.294,3.0,2,75 12:23.365,8,0,0,0,67301,0,0,0,N,0,0,0,11,68K01,0,,1,1,,N,N,,0,,0,0,1,0,0,Y,1630,2,3,0,0,3,2,0,3,4,0,3,3,,N,,,,,,,,,,,
2009111209,1855.0,1,0,0,0,0,0,0,0,0,4,0,,67,10,2009,1,39.9612,-75.1466,1850.0,6,0,0,0,0,0,2,0,0,,0,0,0,18,3,1,1,,0,39 57:40.044,,0,75 08:47.803,4,0,0,0,67301,0,0,0,N,0,0,0,3,67301,1,,1,1,,N,N,,0,,0,0,1,3,2,,1849,1,2,0,0,0,0,0,3,4,0,2,3,,N,,,,,,,,,,,
2009120729,1050.0,1,0,0,0,0,0,0,0,0,4,0,,67,10,2009,6,40.0325,-75.2057,1047.0,6,0,0,0,0,0,0,0,0,,0,0,0,10,1,0,2,,0,40 01:56.884,,0,75 12:20.415,0,0,0,0,67301,0,0,0,,0,0,0,2,67301,0,,1,9,,N,N,,0,,0,0,1,3,3,,1020,0,2,0,0,0,0,0,3,4,0,2,7,,N,,,,,,,,,,,
2009120759,1340.0,2,0,0,0,0,0,0,0,0,6,0,,67,10,2009,7,,,1335.0,6,0,0,0,0,0,1,0,0,1.0,0,0,0,13,1,5,0,,2,,5.0,0,,3,0,0,0,67301,0,0,0,N,0,0,0,6,67301,1,,1,9,,N,N,,0,,4,0,0,0,0,Y,1335,5,2,0,0,0,0,0,3,3,0,2,7,,N,,,,,,,,,,,
2009049869,2218.0,2,0,0,0,0,0,0,0,0,4,0,,67,4,2009,5,39.9172,-75.2463,2217.0,6,0,0,0,0,0,0,0,0,,0,0,0,99,3,2,1,,0,39 55:01.859,,0,75 14:46.691,8,0,0,0,67301,0,0,0,N,0,0,0,4,67301,0,,1,1,,N,N,,0,,0,0,0,3,2,,9999,2,2,0,0,0,2,0,3,4,0,2,3,,N,,,,,,,,,,,
2009049875,552.0,0,0,0,0,0,0,1,0,0,8,1,,67,4,2009,6,40.0345,-75.1149,545.0,6,0,0,0,0,0,0,0,0,,0,0,0,5,3,1,1,,0,40 02:04.023,,0,75 06:53.623,4,0,0,0,67301,1,0,0,N,1,0,0,2,67301,1,,1,9,,N,N,,0,,0,0,0,3,2,,538,1,2,0,0,0,0,0,3,4,0,1,7,,N,,,,,,,,,,,
2009063826,1849.0,1,0,0,0,0,0,0,0,0,7,0,99.0,67,5,2009,3,40.0234,-75.0924,1847.0,6,0,0,0,0,0,0,0,0,,0,0,0,18,1,2,0,,0,40 01:24.307,,0,75 05:32.656,3,0,0,0,67301,0,0,0,,0,0,0,2,67301,1,,5,1,,,,,0,,1,0,0,0,0,,1845,2,1,0,0,0,0,0,3,4,0,1,3,,Y,8.0,8.0,U,U,U,U,U,U,U,U,
2009063793,836.0,1,0,0,0,0,0,1,0,0,1,1,,67,5,2009,1,40.0153,-75.2081,827.0,6,0,0,0,0,0,0,0,0,,0,0,0,8,1,1,3,,0,40 00:55.513,,0,75 12:30.235,4,0,0,0,67301,0,0,0,N,0,0,0,2,67301,1,,1,1,,N,N,,0,,0,0,0,3,2,,815,1,2,0,0,0,0,0,3,4,0,2,3,,N,,,,,,,,,,,
2009058881,2229.0,1,0,0,0,0,0,0,0,0,7,0,,67,5,2009,1,39.9744,-75.1911,2225.0,6,0,0,0,0,0,1,0,0,,0,0,0,22,3,1,0,,0,39 58:27.296,,0,75 11:27.529,8,0,0,0,67301,0,0,0,,0,0,0,1,67301,0,,2,9,,N,N,,0,,0,0,0,0,0,,2224,1,1,0,0,0,1,0,3,4,0,1,7,,N,,,,,,,,,,,
2009056367,45.0,1,0,0,0,0,0,0,0,0,4,0,,67,4,2009,4,40.0057,-75.099,41.0,6,0,0,0,0,1,0,1,0,3.0,1,0,0,0,3,2,1,,2,40 00:20.693,7.0,0,75 05:56.577,1,0,0,0,67301,0,0,0,,0,0,0,3,67301,0,2.0,1,1,,,,,0,0.0,0,0,0,3,2,Y,37,2,2,0,0,0,2,0,3,4,1,2,3,,N,,,,,,,,,,,
2009056498,1823.0,1,0,0,0,0,0,0,0,0,8,0,,67,4,2009,1,39.9711,-75.2335,1815.0,6,0,0,0,0,0,0,0,0,,0,0,0,99,1,1,0,,0,39 58:15.927,,0,75 14:00.517,4,0,0,0,67301,1,0,0,N,1,0,0,2,67301,1,,1,1,,N,N,,0,,0,0,0,0,0,,9999,1,2,0,0,0,0,0,3,4,0,1,3,,N,,,,,,,,,,,
2009053940,1312.0,2,0,0,0,0,0,0,0,0,4,0,,67,4,2009,7,39.9333,-75.1434,1308.0,6,0,0,0,0,1,0,0,1,9.0,0,0,0,13,1,1,1,,1,39 56:00.120,2.0,0,75 08:36.870,4,0,0,0,67301,0,0,0,N,0,0,0,2,67301,1,,1,1,,N,N,,0,,0,0,0,3,2,N,1300,1,2,0,0,0,0,0,3,4,0,2,3,,N,,,,,,,,,,,
2009093425,2205.0,2,0,0,0,0,0,0,0,0,4,0,,67,8,2009,2,40.0752,-75.1755,2200.0,6,0,0,0,0,0,1,0,0,,0,0,0,21,3,1,1,,0,40 04:30.637,,0,75 10:31.875,4,0,0,0,67301,0,0,0,N,0,0,0,4,67301,1,,1,1,,N,N,,0,,0,0,0,3,3,,2155,1,2,0,0,2,0,0,3,4,0,2,3,,N,,,,,,,,,,,
2009085935,1232.0,1,0,0,0,0,0,1,0,0,5,1,,67,8,2009,1,39.9798,-75.1663,1230.0,6,0,0,0,0,0,1,0,0,1.0,0,0,0,12,1,4,0,,1,39 58:47.154,3.0,0,75 09:58.513,4,0,0,0,67301,0,0,0,,0,0,0,6,67301,1,,1,9,,N,N,,0,,0,0,0,3,2,N,1225,4,2,0,0,0,3,1,3,4,0,2,7,,N,,,,,,,,,,,
2009085528,1513.0,0,0,0,0,0,0,0,0,0,1,1,,67,8,2009,6,39.9555,-75.1807,1444.0,6,0,0,0,0,0,0,0,0,,0,1,0,14,1,1,0,,0,39 57:25.855,,0,75 10:48.947,4,0,0,0,67301,0,0,0,N,0,0,0,4,68K01,1,,1,1,,N,N,,0,,0,0,1,0,0,,1441,1,3,0,0,0,0,0,3,4,1,3,3,,N,,,,,,,,,,,
2009068398,1940.0,0,0,0,0,0,0,0,0,0,1,0,,67,6,2009,2,39.8869,-75.2153,1939.0,6,0,0,0,0,0,0,0,0,2.0,0,0,0,19,1,1,0,,2,39 53:08.160,1.0,0,75 12:32.780,8,0,0,0,67301,0,0,0,N,0,0,0,3,68K01,0,,1,1,,N,N,,0,,0,0,1,0,0,N,1936,1,2,0,0,0,1,0,3,4,1,2,3,,N,,,,,,,,,,,
2009086061,1630.0,2,0,0,0,0,0,0,0,0,1,0,,67,8,2009,7,40.0455,-75.0883,1020.0,6,0,0,0,0,0,1,0,0,,0,0,0,10,1,1,1,,0,40 02:43.859,,0,75 05:17.937,3,0,0,0,67301,0,0,0,N,0,0,0,6,67301,0,,1,1,,N,N,,0,,1,0,1,3,2,,1020,1,3,0,0,0,0,0,3,4,0,3,3,,N,,,,,,,,,,,
2009078305,1942.0,1,0,0,0,0,0,0,0,0,1,0,,67,7,2009,5,39.9831,-75.2081,1942.0,6,0,0,0,0,0,1,0,0,,0,0,0,19,1,1,0,,0,39 59:03.037,,0,75 12:29.998,4,0,0,0,67301,0,0,0,N,0,0,0,2,68K01,1,,1,1,,N,N,,0,,0,0,0,0,0,,1941,1,2,0,0,0,0,0,3,4,1,2,3,,N,,,,,,,,,,,
2009078938,1712.0,2,0,0,0,0,0,0,0,0,1,0,,67,7,2009,7,39.9435,-75.2467,1708.0,6,0,0,0,0,0,0,1,0,,0,0,0,17,1,2,2,,0,39 56:36.552,,0,75 14:48.306,8,0,0,0,67301,0,0,0,N,0,0,0,3,67301,0,,1,1,,N,N,,0,,0,0,0,3,2,,1702,2,2,0,0,0,2,0,3,4,0,2,3,,N,,,,,,,,,,,
2009079292,2155.0,0,0,0,1,0,0,0,0,0,1,0,,67,7,2009,3,40.0153,-75.1371,2145.0,6,0,0,0,0,0,0,0,0,,0,0,0,19,1,1,0,,0,40 00:55.040,,0,75 08:13.520,4,0,0,0,67301,1,0,0,,0,0,0,2,67301,1,,1,1,,N,N,,0,,0,0,0,0,0,,1930,1,2,0,0,0,0,0,3,4,0,1,3,,N,,,,,,,,,,,
2009071477,9999.0,1,0,0,0,0,0,0,0,0,1,0,,67,6,2009,1,40.0122,-75.1813,2255.0,6,0,0,0,0,0,0,0,0,,0,0,0,22,4,2,1,,0,40 00:43.786,,0,75 10:52.510,4,0,0,0,67301,0,0,0,,0,0,0,3,67301,1,,1,9,,,,,0,,0,0,0,0,0,,2255,2,2,0,0,0,1,0,3,4,0,2,7,,N,,,,,,,,,,,
2009074536,1650.0,1,0,0,0,0,0,0,0,0,8,0,,67,6,2009,4,39.9912,-75.1338,1645.0,6,0,0,0,0,0,0,0,0,,0,0,0,16,1,1,2,,0,39 59:28.722,,0,75 08:01.720,4,0,0,0,67301,1,0,0,,1,0,0,2,67301,1,,4,1,,,,,0,,0,0,0,0,0,,1640,1,2,0,0,0,0,0,3,4,0,1,3,,N,,,,,,,,,,,
2009071752,1426.0,1,0,0,0,0,0,0,0,0,1,0,,67,6,2009,6,40.0394,-75.0455,1410.0,6,0,0,0,0,0,1,0,0,,0,0,0,14,1,1,0,,0,40 02:21.772,,0,75 02:43.874,4,0,0,0,67301,0,0,0,N,0,0,0,2,67301,1,,1,1,,N,N,,0,,0,0,1,0,0,,1408,1,2,0,0,0,0,0,3,4,0,2,3,,N,,,,,,,,,,,
2009074420,104.0,2,0,0,0,0,0,0,0,0,2,0,,67,6,2009,3,39.9486,-75.2128,103.0,6,0,0,0,0,0,0,0,0,,0,0,0,1,3,1,0,,0,39 56:54.945,,0,75 12:46.195,4,0,0,0,67301,0,0,0,N,0,0,0,1,67301,1,,6,1,,N,N,,0,,0,0,2,0,0,,103,1,5,0,0,0,0,0,3,4,1,5,3,,N,,,,,,,,,,,
2009070054,435.0,3,0,0,0,0,0,0,0,0,4,0,,67,6,2009,1,40.0232,-75.1244,435.0,6,0,1,0,0,0,0,0,0,,0,0,0,99,5,1,1,,0,40 01:23.484,,0,75 07:27.893,4,0,0,0,67301,0,0,0,N,0,0,0,2,67301,1,,1,1,,N,N,,0,,0,0,0,3,3,,9999,1,3,0,0,0,0,0,3,4,0,3,3,,N,,,,,,,,,,,