CRN,ARRIVAL_TM,AUTOMOBILE_COUNT,BELTED_DEATH_COUNT,BELTED_SUSP_SERIOUS_INJ_COUNT,BICYCLE_COUNT,BICYCLE_DEATH_COUNT,BICYCLE_SUSP_SERIOUS_INJ_COUNT,BUS_COUNT,CHLDPAS_DEATH_COUNT,CHLDPAS_SUSP_SERIOUS_INJ_COUNT,COLLISION_TYPE,COMM_VEH_COUNT,CONS_ZONE_SPD_LIM,COUNTY,CRASH_MONTH,CRASH_YEAR,DAY_OF_WEEK,DEC_LAT,DEC_LONG,DISPATCH_TM,DISTRICT,DRIVER_COUNT_16YR,DRIVER_COUNT_17YR,DRIVER_COUNT_18YR,DRIVER_COUNT_19YR,DRIVER_COUNT_20YR,DRIVER_COUNT_50_64YR,DRIVER_COUNT_65_74YR,DRIVER_COUNT_75PLUS,EST_HRS_CLOSED,FATAL_COUNT,HEAVY_TRUCK_COUNT,HORSE_BUGGY_COUNT,HOUR_OF_DAY,ILLUMINATION,INJURY_COUNT,INTERSECT_TYPE,INTERSECTION_RELATED,LANE_CLOSED,LATITUDE,LN_CLOSE_DIR,LOCATION_TYPE,LONGITUDE,MAX_SEVERITY_LEVEL,MCYCLE_DEATH_COUNT,MCYCLE_SUSP_SERIOUS_INJ_COUNT,MOTORCYCLE_COUNT,MUNICIPALITY,NONMOTR_COUNT,NONMOTR_DEATH_COUNT,NONMOTR_SUSP_SERIOUS_INJ_COUNT,NTFY_HIWY_MAINT,PED_COUNT,PED_DEATH_COUNT,PED_SUSP_SERIOUS_INJ_COUNT,PERSON_COUNT,POLICE_AGCY,POSSIBLE_INJ_COUNT,RDWY_SURF_TYPE_CD,RELATION_TO_ROAD,ROAD_CONDITION,ROADWAY_CLEARED,SCH_BUS_IND,SCH_ZONE_IND,SECONDARY_CRASH,SMALL_TRUCK_COUNT,SPEC_JURIS_CD,SUSP_MINOR_INJ_COUNT,SUSP_SERIOUS_INJ_COUNT,SUV_COUNT,TCD_FUNC_CD,TCD_TYPE,TFC_DETOUR_IND,TIME_OF_DAY,TOT_INJ_COUNT,TOTAL_UNITS,UNB_DEATH_COUNT,UNB_SUSP_SERIOUS_INJ_COUNT,UNBELTED_OCC_COUNT,UNK_INJ_DEG_COUNT,UNK_INJ_PER_COUNT,URBAN_AREA,URBAN_RURAL,VAN_COUNT,VEHICLE_COUNT,WEATHER1,WEATHER2,WORK_ZONE_IND,WORK_ZONE_LOC,WORK_ZONE_TYPE,WORKERS_PRES,WZ_CLOSE_DETOUR,WZ_FLAGGER,WZ_LAW_OFFCR_IND,WZ_LN_CLOSURE,WZ_MOVING,WZ_OTHER,WZ_SHLDER_MDN,WZ_WORKERS_INJ_KILLED
2009080272,1632.0,2,0,0,0,0,0,0,0,0,1,0,,67,7,2009,6,40.0523,-75.008,1622.0,6,0,0,0,0,0,1,0,0,,0,0,0,16,1,1,3,,0,40 03:08.606,,0,75 00:28.400,8,0,0,0,67301,0,0,0,,0,0,0,3,67301,0,,1,1,,N,N,,0,,0,0,1,3,2,,1620,1,3,0,0,0,1,0,3,4,0,3,3,,N,,,,,,,,,,,
2009026668,1405.0,3,0,0,0,0,0,0,0,0,5,0,,67,1,2009,5,39.9912,-75.1816,1400.0,6,0,0,0,0,0,1,0,0,,0,0,0,99,1,1,0,,0,39 59:28.273,,0,75 10:53.820,4,0,0,0,67301,0,0,0,,0,0,0,1,67301,1,,1,1,,,,,0,,0,0,0,0,0,,9999,1,3,0,0,0,0,0,3,4,0,3,3,,N,,,,,,,,,,,
2009065271,1300.0,0,0,0,1,0,0,0,0,0,4,0,,67,5,2009,4,40.0,-75.1531,1255.0,6,0,0,0,0,0,0,0,0,,0,0,0,12,1,1,1,,0,40 00:00.102,,0,75 09:11.758,4,0,0,0,67301,1,0,0,N,0,0,0,2,67301,1,,1,1,,N,N,,0,,0,0,0,3,2,,1250,1,2,0,0,0,0,0,3,4,0,1,3,,N,,,,,,,,,,,
2009055610,1305.0,2,0,0,0,0,0,0,0,0,4,0,,67,4,2009,2,40.0089,-75.194,1300.0,6,0,0,0,0,1,0,0,0,2.0,0,0,0,12,1,2,1,,2,40 00:32.006,1.0,0,75 11:38.251,3,0,0,0,67301,0,0,0,N,0,0,0,2,67301,0,,1,1,,N,N,,0,,1,0,1,3,2,Y,1250,2,3,0,0,1,1,0,3,4,0,3,3,,N,,,,,,,,,,,
2009092947,2058.0,1,0,0,0,0,0,0,0,0,8,0,,67,8,2009,2,40.1289,-75.0243,2053.0,6,0,0,0,0,0,0,0,0,3.0,0,0,0,20,2,1,0,,2,40 07:43.875,6.0,0,75 01:27.516,3,0,0,0,67301,1,0,0,,1,0,0,2,67301,0,,1,1,,N,N,,0,,1,0,0,0,0,Y,2047,1,2,0,0,0,0,0,3,4,0,1,3,,N,,,,,,,,,,,
2009093298,1803.0,2,0,0,0,0,0,0,0,0,1,0,,67,8,2009,7,40.0188,-75.1412,1803.0,6,0,0,0,0,1,0,0,0,,0,0,0,99,1,3,0,,0,40 01:07.621,,0,75 08:28.376,4,0,0,0,67301,0,0,0,N,0,0,0,4,67301,3,,1,1,,N,N,,0,,0,0,0,0,0,,9999,3,2,0,0,0,0,0,3,4,0,2,3,,N,,,,,,,,,,,
2009092876,2020.0,1,0,0,0,0,0,0,0,0,4,0,,67,9,2009,7,40.004,-75.0767,2009.0,6,0,0,0,0,0,0,0,0,,0,0,0,20,3,0,2,,0,40 00:14.760,,0,75 04:35.760,0,0,0,0,67301,0,0,0,N,0,0,0,3,68K01,0,,1,1,,N,N,,1,,0,0,0,3,2,,2007,0,2,0,0,0,0,0,3,4,0,2,3,,N,,,,,,,,,,,
2009067231,720.0,0,0,0,0,0,0,0,0,0,4,0,,67,6,2009,4,40.0613,-75.2362,717.0,6,0,0,0,0,1,0,0,0,,0,0,0,7,1,0,1,,0,40 03:41.901,,0,75 14:11.684,0,0,0,0,67301,0,0,0,,0,0,0,2,67301,0,,1,1,,,,,0,,0,0,2,3,2,,710,0,2,0,0,0,0,0,3,4,0,2,3,,N,,,,,,,,,,,
2009067236,1428.0,1,0,0,0,0,0,0,0,0,8,0,,67,6,2009,2,40.0479,-75.0602,1423.0,6,0,0,0,0,0,1,0,0,,0,0,0,14,1,1,0,,0,40 02:52.528,,0,75 03:36.836,4,0,0,0,67301,1,0,0,,1,0,0,2,67301,1,,1,1,,,,,0,,0,0,0,0,0,,1400,1,2,0,0,0,0,0,3,4,0,1,3,,N,,,,,,,,,,,
2009066921,809.0,1,0,0,0,0,0,0,0,0,4,0,,67,6,2009,6,39.9719,-75.1627,805.0,6,0,0,0,0,0,0,0,0,,0,0,0,8,1,0,1,,0,39 58:18.746,,0,75 09:45.567,0,0,0,0,67301,0,0,0,,0,0,0,2,67301,0,,1,9,,,,,0,,0,0,1,3,2,,800,0,2,0,0,0,0,0,3,4,0,2,7,,N,,,,,,,,,,,
2009066928,35.0,0,0,0,0,0,0,0,0,0,8,0,,67,5,2009,3,39.9602,-75.2263,35.0,6,0,0,0,0,0,0,0,0,,0,0,0,0,3,1,0,,0,39 57:36.787,,0,75 13:34.773,8,0,0,0,67301,1,0,0,N,1,0,0,2,67301,0,,9,1,,N,N,,1,,0,0,0,0,0,,32,1,2,0,0,0,1,0,3,4,0,1,3,,N,,,,,,,,,,,
2009067243,2220.0,1,0,0,0,0,0,0,0,0,7,0,,67,6,2009,3,40.0155,-75.1769,2211.0,6,0,0,0,0,1,0,0,0,,0,0,0,22,3,3,7,,0,40 00:55.696,,2,75 10:36.780,8,0,0,0,67301,0,0,0,N,0,0,0,3,67301,0,,2,1,,N,N,,0,,0,0,0,0,0,,2208,3,1,0,0,0,3,0,3,4,0,1,3,,N,,,,,,,,,,,
2009067113,1955.0,1,0,0,0,0,0,0,0,0,7,0,,67,6,2009,6,39.9216,-75.1904,1953.0,6,0,0,0,0,0,0,0,0,1.0,0,0,0,19,1,1,6,,2,39 55:08.626,3.0,2,75 11:28.036,3,0,0,0,67301,0,0,0,N,0,0,0,1,67301,0,,2,9,,N,N,,0,,1,0,0,0,0,N,1953,1,1,0,0,0,0,0,3,4,0,1,7,,N,,,,,,,,,,,
2009067130,420.0,1,0,0,0,0,0,0,0,0,7,0,,67,6,2009,1,40.0305,-75.2015,359.0,6,0,0,0,0,0,0,0,0,,0,0,0,3,3,0,0,,0,40 01:49.267,,0,75 12:05.939,0,0,0,0,67301,0,0,0,,0,0,0,1,67301,0,,5,1,,,,,0,,0,0,0,3,4,,359,0,1,0,0,0,0,0,3,4,0,1,3,,N,,,,,,,,,,,
2009067456,2359.0,2,0,0,0,0,0,0,0,0,1,0,,67,6,2009,3,39.9549,-75.1511,2358.0,6,0,0,0,0,0,1,0,0,,0,0,0,22,3,1,1,,0,39 57:17.434,,0,75 09:04.118,8,0,0,0,67301,0,0,0,N,0,0,0,2,67301,0,,1,1,,N,N,,0,,0,0,0,3,2,,2240,1,2,0,0,0,1,0,3,4,0,2,3,,N,,,,,,,,,,,
2009067553,225.0,1,0,0,1,0,0,0,0,0,4,0,,67,5,2009,1,39.9426,-75.1489,224.0,6,0,0,0,0,0,1,0,0,,0,0,0,2,3,1,1,,0,39 56:33.464,,0,75 08:56.209,8,0,0,0,67301,1,0,0,N,0,0,0,2,67301,0,,1,1,,N,N,,0,,0,0,0,3,2,,222,1,2,0,0,0,1,0,3,4,0,1,3,,N,,,,,,,,,,,
2009064617,1001.0,1,0,0,0,0,0,0,0,0,7,0,,67,5,2009,7,39.9434,-75.143,956.0,6,0,0,0,1,0,0,0,0,1.0,0,0,0,9,1,0,0,,1,39 56:36.240,2.0,0,75 08:34.800,0,0,0,0,67301,0,0,0,N,0,0,0,1,68K01,0,,2,8,,N,N,,0,,0,0,0,0,0,N,950,0,2,0,0,0,0,0,3,4,0,1,7,,N,,,,,,,,,,,
2009015982,806.0,1,0,0,0,0,0,0,0,0,2,0,,67,1,2009,4,39.89,-75.2198,806.0,6,0,0,0,0,0,1,0,0,,0,0,0,8,1,1,0,,0,39 53:23.207,,0,75 13:10.069,4,0,0,0,67301,2,0,0,N,0,0,0,3,68K01,1,,2,6,,N,N,,1,,0,0,0,0,0,,805,1,2,0,0,0,0,0,3,4,0,2,10,,N,,,,,,,,,,,
2009045367,2047.0,1,0,0,0,0,0,0,0,0,1,0,,67,4,2009,6,39.9686,-75.1914,2042.0,6,0,1,0,0,0,0,0,0,1.0,0,0,0,20,3,0,0,,1,39 58:07.680,3.0,0,75 11:29.760,0,0,0,0,67301,0,0,0,N,0,0,0,4,68K01,0,,1,1,,N,N,,1,,0,0,0,0,0,N,2036,0,2,0,0,0,0,0,3,4,0,2,3,,N,,,,,,,,,,,
2009049859,1335.0,2,0,0,0,0,0,0,0,0,5,0,,67,4,2009,3,40.0331,-75.0483,1327.0,6,0,0,0,0,0,1,0,0,1.0,0,0,0,13,1,2,0,,1,40 01:59.160,1.0,0,75 02:53.880,8,0,0,0,67301,0,0,0,N,0,0,0,2,67301,0,,1,9,,N,N,,0,,0,0,0,0,0,N,1322,2,2,0,0,0,2,0,3,4,0,2,7,,N,,,,,,,,,,,
2009071426,1520.0,1,0,0,0,0,0,0,0,0,8,0,,67,5,2009,4,40.0007,-75.1664,1520.0,6,0,0,0,0,0,0,0,0,2.0,0,0,0,15,1,1,0,,2,40 00:02.548,5.0,0,75 09:59.194,4,0,0,0,67301,1,0,0,,1,0,0,3,67301,1,,1,1,,N,N,,0,,0,0,0,0,0,Y,1515,1,2,0,0,2,0,0,3,4,0,1,3,,N,,,,,,,,,,,
2009063831,9999.0,2,0,0,0,0,0,0,0,0,4,0,,67,5,2009,1,39.9547,-75.1495,2346.0,6,0,0,0,0,0,0,0,0,,0,0,0,23,3,2,1,,0,39 57:16.610,,0,75 08:58.286,8,0,0,0,67301,0,0,0,N,0,0,0,6,67301,0,,1,9,,N,N,,0,,0,0,0,3,2,,2346,2,2,0,0,0,2,0,3,4,0,2,7,,N,,,,,,,,,,,
2009063835,950.0,0,0,0,0,0,0,0,0,0,8,0,,67,5,2009,7,40.0136,-75.0993,945.0,6,0,0,0,0,0,0,0,0,,0,0,0,9,1,1,0,,0,40 00:48.830,,0,75 05:57.379,8,0,0,0,67301,1,0,0,N,1,0,0,2,67301,0,,1,9,,N,N,,0,,0,0,1,0,0,,915,1,2,0,0,0,1,0,3,4,0,1,98,,N,,,,,,,,,,,
2009063803,733.0,2,0,0,0,0,0,0,0,0,4,0,,67,5,2009,7,39.9725,-75.2516,725.0,6,0,0,0,0,0,0,0,0,,0,0,0,7,1,1,0,,0,39 58:21.046,,7,75 15:05.580,4,0,0,0,67301,0,0,0,N,0,0,0,2,67301,1,,1,1,,N,N,,0,,0,0,0,0,0,,710,1,2,0,0,0,0,0,3,4,0,2,3,,N,,,,,,,,,,,
2009063888,125.0,1,0,0,0,0,0,0,0,0,4,0,,67,5,2009,1,40.0275,-75.0991,121.0,6,0,0,0,0,0,0,1,0,1.0,0,0,0,1,3,2,1,,1,40 01:39.456,1.0,0,75 05:57.322,8,0,0,0,67301,0,0,0,N,0,0,0,3,67301,0,,1,1,,N,N,,1,,0,0,0,3,2,N,121,2,2,0,0,0,2,1,3,4,0,2,3,,N,,,,,,,,,,,
2009063896,1221.0,1,0,0,0,0,0,0,0,0,4,0,,67,4,2009,3,39.9965,-75.1548,1220.0,6,0,0,0,0,0,0,0,1,,0,0,0,12,1,1,0,,0,39 59:47.373,,7,75 09:17.186,8,0,0,0,67301,0,0,0,N,0,0,0,3,67301,0,,1,1,,N,N,,1,,0,0,0,3,3,,1215,1,2,0,0,0,1,0,3,4,0,2,3,,N,,,,,,,,,,,
2009056262,842.0,4,0,0,0,0,0,0,0,0,1,0,,67,5,2009,4,39.957,-75.1563,842.0,6,0,0,0,0,0,1,0,0,1.0,0,0,0,8,1,0,0,,1,39 57:25.362,3.0,0,75 09:22.813,0,0,0,0,67301,0,0,0,N,0,0,0,5,68K01,0,,1,1,,N,N,,0,,0,0,0,0,0,N,830,0,5,0,0,0,0,0,3,4,1,5,3,,N,,,,,,,,,,,
2009063939,833.0,2,0,0,0,0,0,0,0,0,4,0,,67,5,2009,7,39.9228,-75.2357,826.0,6,0,0,0,0,1,0,0,0,,0,0,0,8,1,0,1,,0,39 55:22.123,,0,75 14:08.509,9,0,0,0,67301,0,0,0,N,0,0,0,2,67301,0,,1,1,,N,N,,0,,0,0,0,3,2,,826,0,2,0,0,0,0,1,3,4,0,2,3,,N,,,,,,,,,,,
2009063983,945.0,1,0,0,0,0,0,0,0,0,5,1,,67,4,2009,4,39.9453,-75.2418,922.0,6,0,0,0,0,0,0,0,0,,0,1,0,9,1,1,1,,0,39 56:43.051,,0,75 14:30.296,8,0,0,0,67301,1,0,0,N,0,0,0,2,67301,0,,1,1,,N,N,,0,,0,0,0,3,3,,922,1,2,0,0,0,1,0,3,4,0,2,3,,N,,,,,,,,,,,
2009053875,54.0,1,0,0,0,0,0,0,0,0,7,0,,67,5,2009,7,39.9996,-75.1951,51.0,6,0,0,0,0,0,0,0,0,,0,0,0,0,2,0,0,,0,40 00:00.847,,0,75 11:41.653,0,0,0,0,67301,0,0,0,N,0,0,0,3,68K01,0,,1,1,,N,N,,0,,0,0,0,0,0,,35,0,1,0,0,0,0,0,3,4,0,1,3,,N,,,,,,,,,,,
2009056359,1800.0,1,0,0,0,0,0,0,0,0,8,0,,67,5,2009,6,39.9925,-75.1796,1740.0,6,0,0,0,0,0,0,0,0,1.0,0,0,0,17,1,1,1,,2,39 59:32.935,4.0,0,75 10:46.513,4,0,0,0,67301,1,0,0,,1,0,0,3,67301,1,,2,1,,,,,0,,0,0,0,3,7,Y,1740,1,2,0,0,0,0,0,3,4,0,1,3,,N,,,,,,,,,,,
2009056468,1249.0,1,0,0,0,0,0,0,0,0,1,0,,67,5,2009,5,40.0002,-75.1532,1249.0,6,0,0,0,0,0,0,0,1,,0,0,0,12,1,4,0,,0,40 00:00.746,,0,75 09:11.619,4,0,0,0,67301,0,0,0,N,0,0,0,5,67301,4,,1,1,,N,N,,0,,0,0,1,0,0,,1245,4,3,0,0,0,0,0,3,4,1,3,3,,N,,,,,,,,,,,
2009056491,828.0,0,0,0,0,0,0,0,0,0,8,0,,67,4,2009,5,39.9556,-75.234,822.0,6,0,0,0,0,0,0,0,0,,0,0,0,8,1,1,1,,0,39 57:20.098,,0,75 14:02.378,4,0,0,0,67301,1,0,0,,1,0,0,2,67301,1,,1,1,,,Y,,0,,0,0,1,3,2,,817,1,2,0,0,0,0,0,3,4,0,1,3,,N,,,,,,,,,,,
2009093486,1310.0,1,0,0,0,0,0,1,0,0,5,1,,67,8,2009,6,39.9701,-75.2392,1258.0,6,0,0,0,0,0,0,0,0,,0,0,0,12,1,1,0,,0,39 58:12.241,,0,75 14:20.954,4,0,0,0,67301,0,0,0,N,0,0,0,3,67301,1,,1,1,,N,N,,0,,0,0,0,0,0,,1200,1,2,0,0,2,0,0,3,4,0,2,3,,N,,,,,,,,,,,
2009087922,18.0,0,0,0,0,0,0,0,0,0,7,0,,67,8,2009,7,39.9669,-75.1878,8.0,6,0,0,0,0,0,0,0,0,1.0,0,0,0,0,3,0,0,,1,39 58:04.803,4.0,0,75 11:24.650,0,0,0,0,67301,0,0,0,N,0,0,0,2,68K01,0,,3,1,,N,N,,0,,0,0,1,0,0,N,4,0,1,0,0,0,0,0,3,4,0,1,3,,N,,,,,,,,,,,
2009087928,524.0,0,0,0,0,0,0,0,0,0,7,1,,67,8,2009,4,39.8863,-75.2129,518.0,6,0,0,0,0,0,1,0,0,,0,1,0,5,3,0,0,,0,39 53:10.236,,0,75 12:44.472,0,0,0,0,67301,0,0,0,N,0,0,0,1,68K01,0,,1,1,,N,N,,0,,0,0,0,0,0,,513,0,1,0,0,0,0,0,3,4,0,1,3,,N,,,,,,,,,,,
2009085391,1255.0,1,0,0,0,0,0,0,0,0,1,0,,67,8,2009,5,40.0013,-75.0791,1237.0,6,0,0,0,0,0,0,0,0,,0,0,0,12,1,0,0,,0,40 00:04.207,,0,75 04:45.097,0,0,0,0,67301,0,0,0,N,0,0,0,3,68K01,0,,1,1,,N,N,,0,,0,0,1,0,0,,1215,0,2,0,0,0,0,0,3,4,0,2,3,,N,,,,,,,,,,,
2009085930,1245.0,0,0,0,0,0,0,0,0,0,8,0,,67,8,2009,3,39.9511,-75.1975,1242.0,6,0,0,0,0,0,0,0,0,,0,0,0,12,1,1,0,,0,39 57:03.814,,0,75 11:51.070,8,0,0,0,67301,1,0,0,N,1,0,0,2,67301,0,,6,1,,N,N,,0,,0,0,0,0,0,,1242,1,2,0,0,0,1,0,3,4,1,1,3,,N,,,,,,,,,,,
2009085526,1423.0,2,0,0,0,0,0,0,0,0,1,0,,67,8,2009,5,39.9509,-75.1829,1416.0,6,0,0,0,0,0,0,0,0,,0,0,0,14,1,1,0,,0,39 57:06.840,,0,75 10:56.640,4,0,0,0,67301,0,0,0,N,0,0,0,2,68K01,1,,1,9,,N,N,,0,,0,0,0,0,0,,1414,1,2,0,0,0,0,0,3,4,0,2,7,,N,,,,,,,,,,,
2009086065,1530.0,1,0,0,0,0,0,0,0,0,4,0,,67,7,2009,6,39.9666,-75.1604,1525.0,6,0,0,0,0,0,1,0,0,,0,0,0,15,1,1,1,,0,39 57:59.738,,0,75 09:37.523,2,0,1,1,67301,0,0,0,,0,0,0,2,67301,0,,1,1,,N,N,,0,,0,1,0,3,2,,1521,1,2,0,0,0,0,0,3,4,0,2,3,,N,,,,,,,,,,,
2009078294,139.0,1,0,0,0,0,0,0,0,0,7,0,,67,5,2009,1,39.9595,-75.1405,139.0,6,0,0,0,0,0,0,0,0,1.0,0,0,0,1,3,1,0,,2,39 57:34.560,1.0,0,75 08:25.800,4,0,0,0,67301,0,0,0,N,0,0,0,1,68K01,1,,3,1,,N,N,,0,,0,0,0,0,0,N,137,1,1,0,0,0,0,0,3,4,0,1,3,,N,,,,,,,,,,,
2009086475,1849.0,1,0,0,0,0,0,0,0,0,4,0,,67,8,2009,3,40.0567,-75.0469,1844.0,6,0,0,0,0,0,0,0,0,1.0,0,0,0,18,1,3,5,,1,40 03:24.250,2.0,0,75 02:48.711,3,0,0,0,67301,0,0,0,N,0,0,0,6,67301,2,,1,1,,N,N,,0,,1,0,1,3,2,Y,1844,3,2,0,0,0,0,0,3,4,0,2,3,,N,,,,,,,,,,,
2009076332,308.0,1,0,0,0,0,0,0,0,0,7,0,,67,7,2009,1,39.9576,-75.1605,308.0,6,0,0,0,0,0,1,0,0,1.0,0,0,0,3,3,0,0,,2,39 57:27.360,3.0,0,75 09:37.800,0,0,0,0,67301,0,0,0,N,0,0,0,1,68K01,0,,3,1,,N,N,,0,,0,0,0,0,0,N,307,0,1,0,0,0,0,0,3,4,0,1,3,,N,,,,,,,,,,,
2009081444,1600.0,1,0,0,0,0,0,0,0,0,6,0,,67,7,2009,6,40.0685,-75.051,1600.0,6,0,0,0,0,0,1,0,0,,0,0,0,16,1,0,0,,0,40 04:06.273,,7,75 03:03.757,9,0,0,0,67301,0,0,0,N,0,0,0,4,67301,0,,1,1,,N,N,,0,,0,0,1,0,0,,1600,0,2,0,0,0,0,4,3,4,0,2,3,,N,,,,,,,,,,,
2009078946,1030.0,2,0,0,0,0,0,0,0,0,4,0,,67,7,2009,1,39.9194,-75.1707,1003.0,6,0,0,0,0,0,0,1,0,,0,0,0,10,1,1,1,,0,39 55:09.777,,0,75 10:14.532,4,0,0,0,67301,0,0,0,N,0,0,0,3,67301,1,,1,1,,N,N,,0,,0,0,0,3,2,,1003,1,2,0,0,0,0,0,3,4,0,2,3,,N,,,,,,,,,,,
2009081657,1105.0,2,0,0,0,0,0,0,0,0,1,0,,67,7,2009,7,40.0055,-75.107,1100.0,6,0,0,0,0,0,0,0,0,1.0,0,0,0,11,1,3,0,,1,40 00:19.638,4.0,0,75 06:25.185,4,0,0,0,67301,0,0,0,N,0,0,0,5,67301,3,,1,1,,N,N,,0,,0,0,0,0,0,Y,1100,3,2,0,0,0,0,0,3,4,0,2,3,,N,,,,,,,,,,,
2009079296,1854.0,1,0,0,0,0,0,0,0,0,1,0,,67,7,2009,4,39.9656,-75.1904,1852.0,6,0,0,0,1,0,0,0,0,,0,0,0,18,1,1,0,,0,39 57:56.304,,0,75 11:25.558,2,0,1,1,67301,0,0,0,N,0,0,0,1,67301,0,,1,1,,N,N,,0,,0,1,0,0,0,,1852,1,2,0,0,0,0,0,3,4,0,2,3,,N,,,,,,,,,,,
2009079022,1246.0,0,0,0,0,0,0,0,0,0,5,0,,67,6,2009,3,40.0112,-75.136,1241.0,6,0,0,0,0,0,0,0,0,3.0,0,0,0,12,1,3,0,,2,40 00:40.460,1.0,0,75 08:09.682,4,0,0,0,67301,1,0,0,N,0,0,0,7,67301,1,,1,1,,N,N,,1,,0,0,1,0,0,Y,1240,3,3,0,0,1,2,1,3,4,1,3,3,,N,,,,,,,,,,,
2009079038,203.0,1,0,0,0,0,0,0,0,0,4,0,,67,7,2009,4,39.9437,-75.1504,201.0,6,0,0,0,0,0,0,0,0,1.0,0,0,0,1,3,2,1,,2,39 56:37.392,1.0,0,75 09:01.267,8,0,0,0,67301,0,0,0,,0,0,0,3,67301,0,,1,1,,N,N,,0,,0,0,1,3,2,Y,158,2,2,0,0,0,2,0,3,4,0,2,3,,N,,,,,,,,,,,
2009079145,846.0,2,0,0,0,0,0,0,0,0,1,0,,67,6,2009,3,40.0374,-75.1909,843.0,6,0,0,0,0,0,0,0,0,,0,0,0,8,1,1,1,,0,40 02:14.460,,0,75 11:27.412,4,0,0,0,67301,0,0,0,N,0,0,0,2,67301,1,,1,1,,N,N,,0,,0,0,0,3,2,,835,1,2,0,0,0,0,0,3,4,0,2,3,,N,,,,,,,,,,,
2009079189,2018.0,1,0,0,0,0,0,0,0,0,8,0,,67,7,2009,1,39.928,-75.2434,2007.0,6,0,0,0,0,0,0,0,0,,0,0,0,19,1,1,0,,0,39 55:40.962,,0,75 14:36.410,8,0,0,0,67301,1,0,0,N,1,0,0,2,67301,0,,1,1,,N,N,,0,,0,0,0,0,0,,1918,1,2,0,0,0,1,0,3,4,0,1,3,,N,,,,,,,,,,,
2009074605,1944.0,3,0,0,0,0,0,0,0,0,4,0,,67,6,2009,4,40.0246,-75.1306,1940.0,6,0,0,0,0,0,1,0,0,,0,0,0,19,4,0,1,,0,40 01:28.408,,0,75 07:50.218,9,0,0,0,67301,0,0,0,N,0,0,0,5,67301,0,,1,1,,N,N,,0,,0,0,0,3,2,,1935,0,3,0,0,0,0,1,3,4,0,3,3,,N,,,,,,,,,,,
2009072023,1207.0,2,0,0,0,0,0,0,0,0,6,0,,67,6,2009,5,39.9582,-75.2232,1207.0,6,0,0,0,0,0,1,0,0,,0,0,0,12,1,0,1,,0,39 57:29.663,,0,75 13:23.484,0,0,0,0,67301,0,0,0,,0,0,0,2,67301,0,,1,1,,N,N,,0,,0,0,0,3,2,,1200,0,3,0,0,0,0,0,3,4,1,3,3,,N,,,,,,,,,,,
2009082714,2309.0,2,0,0,0,0,0,0,0,0,2,0,,67,6,2009,1,40.0073,-75.1238,2309.0,6,0,0,0,0,0,0,0,0,,0,0,0,23,3,3,0,,0,40 00:26.145,,0,75 07:25.646,3,0,0,0,67301,0,0,0,,0,0,0,4,67301,2,,1,1,,,,,0,,1,0,1,0,0,,2309,3,3,0,0,0,0,0,3,4,0,3,3,,N,,,,,,,,,,,
2009077691,1405.0,1,0,0,0,0,0,0,0,0,1,0,,67,7,2009,4,39.9753,-75.1947,1359.0,6,0,0,0,0,0,0,0,0,1.0,0,0,0,13,1,1,3,,1,39 58:33.352,3.0,2,75 11:43.008,4,0,0,1,67301,0,0,0,N,0,0,0,4,68K01,1,,1,1,,N,N,,0,,0,0,0,3,4,N,1358,1,2,0,0,0,0,0,3,4,0,2,3,,N,,,,,,,,,,,
2009058291,2342.0,1,0,0,0,0,0,0,0,0,7,0,,67,6,2009,5,39.9602,-75.1806,2337.0,6,0,0,0,0,0,0,0,0,,0,0,0,23,3,0,0,,0,39 57:40.246,,0,75 10:55.732,0,0,0,0,67301,0,0,0,N,0,0,0,1,68K01,0,,4,9,,N,N,,0,,0,0,0,0,0,,2335,0,1,0,0,0,0,0,3,4,0,1,7,,N,,,,,,,,,,,
2009093299,300.0,1,0,0,0,0,0,0,0,0,4,0,,67,8,2009,6,40.0574,-75.2331,55.0,6,0,0,0,0,0,0,0,0,,0,0,0,0,3,0,1,,0,40 03:28.431,,0,75 14:01.168,0,0,0,0,67301,0,0,0,,0,0,0,2,67301,0,,1,1,,,,,0,,0,0,0,3,2,,50,0,2,0,0,0,0,0,3,4,0,2,3,,N,,,,,,,,,,,
2009069691,204.0,3,0,0,0,0,0,0,0,0,5,0,,67,6,2009,7,39.9928,-75.1138,202.0,6,0,0,0,0,0,0,0,0,2.0,0,0,0,2,3,2,0,,2,39 59:34.245,6.0,0,75 06:49.622,4,0,0,0,67301,0,0,0,N,0,0,0,3,67301,2,,1,1,,N,N,,0,,0,0,1,0,0,Y,200,2,4,0,0,0,0,1,3,4,0,4,3,,N,,,,,,,,,,,
2009067505,1203.0,0,0,0,1,0,0,0,0,0,4,0,,67,6,2009,4,40.0691,-75.2024,1151.0,6,0,0,1,0,0,0,0,0,,0,0,0,11,1,1,1,,0,40 04:08.878,,0,75 12:08.539,8,0,0,0,67301,1,0,0,N,0,0,0,2,67301,0,,1,1,,N,N,,1,,0,0,0,3,3,,1149,1,2,0,0,0,1,0,3,4,0,1,3,,N,,,,,,,,,,,
2009064898,2024.0,0,0,0,0,0,0,0,0,0,8,0,,67,5,2009,4,39.9982,-75.1012,2020.0,6,0,0,0,0,0,1,0,0,,0,0,0,20,2,1,0,,0,39 59:53.605,,0,75 06:04.303,4,0,0,0,67301,1,0,0,,1,0,0,2,67301,1,,1,1,,N,N,,1,,0,0,0,0,0,,2018,1,2,0,0,0,0,0,3,4,0,1,3,,N,,,,,,,,,,,