CRN,ARRIVAL_TM,AUTOMOBILE_COUNT,BELTED_DEATH_COUNT,BELTED_SUSP_SERIOUS_INJ_COUNT,BICYCLE_COUNT,BICYCLE_DEATH_COUNT,BICYCLE_SUSP_SERIOUS_INJ_COUNT,BUS_COUNT,CHLDPAS_DEATH_COUNT,CHLDPAS_SUSP_SERIOUS_INJ_COUNT,COLLISION_TYPE,COMM_VEH_COUNT,CONS_ZONE_SPD_LIM,COUNTY,CRASH_MONTH,CRASH_YEAR,DAY_OF_WEEK,DEC_LAT,DEC_LONG,DISPATCH_TM,DISTRICT,DRIVER_COUNT_16YR,DRIVER_COUNT_17YR,DRIVER_COUNT_18YR,DRIVER_COUNT_19YR,DRIVER_COUNT_20YR,DRIVER_COUNT_50_64YR,DRIVER_COUNT_65_74YR,DRIVER_COUNT_75PLUS,EST_HRS_CLOSED,FATAL_COUNT,HEAVY_TRUCK_COUNT,HORSE_BUGGY_COUNT,HOUR_OF_DAY,ILLUMINATION,INJURY_COUNT,INTERSECT_TYPE,INTERSECTION_RELATED,LANE_CLOSED,LATITUDE,LN_CLOSE_DIR,LOCATION_TYPE,LONGITUDE,MAX_SEVERITY_LEVEL,MCYCLE_DEATH_COUNT,MCYCLE_SUSP_SERIOUS_INJ_COUNT,MOTORCYCLE_COUNT,MUNICIPALITY,NONMOTR_COUNT,NONMOTR_DEATH_COUNT,NONMOTR_SUSP_SERIOUS_INJ_COUNT,NTFY_HIWY_MAINT,PED_COUNT,PED_DEATH_COUNT,PED_SUSP_SERIOUS_INJ_COUNT,PERSON_COUNT,POLICE_AGCY,POSSIBLE_INJ_COUNT,RDWY_SURF_TYPE_CD,RELATION_TO_ROAD,ROAD_CONDITION,ROADWAY_CLEARED,SCH_BUS_IND,SCH_ZONE_IND,SECONDARY_CRASH,SMALL_TRUCK_COUNT,SPEC_JURIS_CD,SUSP_MINOR_INJ_COUNT,SUSP_SERIOUS_INJ_COUNT,SUV_COUNT,TCD_FUNC_CD,TCD_TYPE,TFC_DETOUR_IND,TIME_OF_DAY,TOT_INJ_COUNT,TOTAL_UNITS,UNB_DEATH_COUNT,UNB_SUSP_SERIOUS_INJ_COUNT,UNBELTED_OCC_COUNT,UNK_INJ_DEG_COUNT,UNK_INJ_PER_COUNT,URBAN_AREA,URBAN_RURAL,VAN_COUNT,VEHICLE_COUNT,WEATHER1,WEATHER2,WORK_ZONE_IND,WORK_ZONE_LOC,WORK_ZONE_TYPE,WORKERS_PRES,WZ_CLOSE_DETOUR,WZ_FLAGGER,WZ_LAW_OFFCR_IND,WZ_LN_CLOSURE,WZ_MOVING,WZ_OTHER,WZ_SHLDER_MDN,WZ_WORKERS_INJ_KILLED
2009085936,2340.0,2,0,0,0,0,0,0,0,0,5,0,,67,8,2009,6,39.9522,-75.1454,2331.0,6,0,0,0,0,0,0,0,0,,0,0,0,23,3,0,0,,0,39 57:07.902,,0,75 08:43.449,0,0,0,0,67301,0,0,0,,0,0,0,2,67301,0,,6,1,,,,,0,,0,0,2,0,0,,2330,0,4,0,0,0,0,0,3,4,0,4,3,,N,,,,,,,,,,,
2009085948,843.0,0,0,0,0,0,0,0,0,0,5,1,,67,7,2009,4,39.8926,-75.2226,835.0,6,0,0,0,0,0,0,0,0,,0,1,0,8,1,1,0,,0,39 53:33.230,,0,75 13:21.470,3,0,0,1,67301,0,0,0,N,0,0,0,2,67301,0,,1,1,,N,N,,0,,1,0,0,0,0,,832,1,2,0,0,0,0,0,3,4,0,2,3,,N,,,,,,,,,,,
2009085896,2.0,1,0,0,0,0,0,0,0,0,8,0,,67,8,2009,1,39.9167,-75.232,2349.0,6,0,0,0,0,0,1,0,0,,0,0,0,22,3,1,0,,0,39 55:00.040,,0,75 13:55.322,8,0,0,0,67301,1,0,0,,1,0,0,2,67301,0,,1,1,,N,N,,0,,0,0,0,0,0,,2200,1,2,0,0,0,1,0,3,4,0,1,3,,N,,,,,,,,,,,
2009065843,1556.0,2,0,0,0,0,0,0,0,0,5,0,,67,5,2009,1,39.951,-75.1536,1552.0,6,0,0,1,0,0,0,0,0,2.0,0,0,0,15,1,3,0,,2,39 57:03.610,2.0,0,75 09:13.009,8,0,0,0,67301,0,0,0,,0,0,0,4,67301,0,,1,1,,N,N,,0,,0,0,1,0,0,N,1551,3,4,0,0,0,3,0,3,4,1,4,3,,N,,,,,,,,,,,
2009065766,1243.0,1,0,0,0,0,0,0,0,0,1,1,45.0,67,5,2009,6,39.8856,-75.2092,1234.0,6,0,0,0,0,0,1,0,0,,0,1,0,12,1,0,0,,0,39 53:32.089,,0,75 11:51.777,0,0,0,0,67301,0,0,0,N,0,0,0,2,68K01,0,,1,1,,N,N,,0,,0,0,0,3,8,,1230,0,2,0,0,0,0,0,3,4,0,2,3,,Y,2.0,2.0,Y,N,N,N,N,N,Y,N,
2009078808,115.0,1,0,0,0,0,0,0,0,0,1,0,,67,7,2009,6,40.0441,-75.0184,109.0,6,0,0,0,0,1,0,0,0,,0,0,0,1,3,1,0,,0,40 02:38.879,,0,75 01:06.336,3,0,0,1,67301,0,0,0,,0,0,0,1,67301,0,,2,1,,,,,0,,1,0,0,0,0,,105,1,2,0,0,0,0,0,3,4,0,2,3,,N,,,,,,,,,,,
2009078832,1735.0,2,0,0,0,0,0,0,0,0,4,0,,67,7,2009,5,39.9751,-75.188,1725.0,6,0,0,0,0,0,0,0,0,2.0,0,0,0,17,1,3,1,,1,39 58:30.510,7.0,0,75 11:16.819,8,0,0,0,67301,0,0,0,,0,0,0,4,67301,0,,1,1,,,,,0,,0,0,0,3,2,Y,1714,3,2,0,0,0,3,0,3,4,0,2,3,,N,,,,,,,,,,,
2009079093,2150.0,2,0,0,0,0,0,0,0,0,4,0,,67,7,2009,6,39.9383,-75.1992,2103.0,6,0,0,0,0,0,0,0,0,,0,0,0,20,3,1,2,,0,39 56:18.013,,0,75 11:57.112,8,0,0,0,67301,0,0,0,N,0,0,0,2,67301,0,,1,1,,N,N,,0,,0,0,0,3,3,,2000,1,2,0,0,0,1,0,3,4,0,2,3,,N,,,,,,,,,,,
2009081630,2208.0,2,0,0,1,0,0,0,0,0,5,0,,67,6,2009,4,39.947,-75.1647,2205.0,6,0,0,0,0,0,0,0,0,9.0,0,0,0,22,3,4,1,,2,39 56:49.175,5.0,0,75 09:53.386,8,0,0,0,67301,2,0,0,N,1,0,0,6,67301,0,,1,1,,N,N,,0,,0,0,0,3,2,Y,2201,4,4,0,0,0,4,0,3,4,0,2,3,,N,,,,,,,,,,,
2009081650,30.0,0,0,0,0,0,0,1,0,0,8,1,,67,7,2009,5,39.9222,-75.2303,20.0,6,0,0,0,0,0,0,0,0,,0,0,0,0,3,1,0,,0,39 55:19.784,,0,75 13:49.002,8,0,0,0,67301,1,0,0,N,1,0,0,2,67301,0,,4,1,,N,N,,0,,0,0,0,3,2,,15,1,2,0,0,0,1,0,3,4,0,1,3,,N,,,,,,,,,,,
2009079108,300.0,0,0,0,0,0,0,0,0,0,1,0,,67,7,2009,2,40.029,-75.1056,258.0,6,0,0,0,0,0,0,0,0,,0,0,0,2,3,5,0,,0,40 01:44.354,,0,75 06:20.199,8,0,0,0,67301,0,0,0,N,0,0,0,5,67301,0,,1,1,,N,N,,0,,0,0,2,0,0,,256,5,2,0,0,0,5,0,3,4,0,2,3,,N,,,,,,,,,,,
2009079116,1836.0,1,0,0,0,0,0,0,0,0,2,0,,67,7,2009,6,40.0369,-75.2255,1831.0,6,0,0,0,0,0,1,0,0,,0,0,0,18,1,1,0,,0,40 02:12.789,,0,75 13:31.821,8,0,0,0,67301,0,0,0,N,0,0,0,2,67301,0,,1,1,,N,N,,0,,0,0,1,0,0,,1806,1,2,0,0,0,1,0,3,4,0,2,3,,N,,,,,,,,,,,
2009079310,205.0,1,0,0,1,0,0,0,0,0,4,0,,67,6,2009,4,39.9499,-75.1691,154.0,6,0,0,0,0,0,0,0,0,,0,0,0,1,3,1,2,,0,39 56:59.775,,0,75 10:08.489,8,0,0,0,67301,1,0,0,N,0,0,0,2,67301,0,,1,1,,N,N,,0,,0,0,0,3,2,,150,1,2,0,0,0,1,0,3,4,0,1,3,,N,,,,,,,,,,,
2009079196,9999.0,0,0,0,0,0,0,0,0,0,8,0,,67,6,2009,3,39.9705,-75.1482,9999.0,6,0,0,0,0,0,0,0,0,,0,0,0,11,8,1,0,,0,39 58:13.833,,99,75 08:53.801,8,0,0,0,67301,1,0,0,N,1,0,0,2,67301,0,,1,98,,N,N,,0,,0,0,0,0,0,,1100,1,2,0,0,0,1,0,3,4,0,1,99,,N,,,,,,,,,,,
2009079202,1905.0,0,0,0,0,0,0,1,0,0,1,1,,67,7,2009,2,39.918,-75.1809,1900.0,6,0,0,0,0,0,0,0,0,,0,0,0,12,1,1,1,,0,39 55:04.738,,0,75 10:51.319,4,0,0,0,67301,0,0,0,N,0,0,0,10,67301,1,,1,1,,N,N,,1,,0,0,0,3,2,,1255,1,2,0,0,0,0,2,3,4,0,2,3,,N,,,,,,,,,,,
2009079217,1520.0,1,0,0,0,0,0,0,0,0,1,0,,67,7,2009,6,40.0563,-75.1401,1513.0,6,0,0,0,0,0,1,0,0,,0,0,0,15,1,1,0,,0,40 03:22.822,,0,75 08:24.313,8,0,0,0,67301,0,0,0,N,0,0,0,3,67301,0,,1,1,,N,N,,0,,0,0,0,0,0,,1500,1,2,0,0,0,1,0,3,4,1,2,3,,N,,,,,,,,,,,
2009074539,45.0,2,0,0,0,0,0,0,0,0,1,0,,67,6,2009,7,39.9242,-75.1763,45.0,6,0,0,0,0,0,0,0,0,,0,0,0,0,3,0,1,,0,39 55:27.297,,0,75 10:34.190,0,0,0,0,67301,0,0,0,N,0,0,0,3,67301,0,,1,1,,N,N,,0,,0,0,0,3,2,,45,0,2,0,0,0,0,0,3,4,0,2,3,,N,,,,,,,,,,,
2009074594,2204.0,1,0,0,0,0,0,0,0,0,1,0,,67,6,2009,5,40.0106,-75.1267,2204.0,6,0,0,0,0,0,0,0,0,,0,0,0,22,3,1,0,,0,40 00:38.059,,0,75 07:36.177,4,0,0,0,67301,0,0,0,N,0,0,0,2,67301,1,,1,9,,N,N,,0,,0,0,0,0,0,,2204,1,2,0,0,0,0,0,3,4,1,2,7,,N,,,,,,,,,,,
2009070039,1645.0,1,0,0,0,0,0,0,0,0,1,0,,67,6,2009,1,40.0057,-75.099,1642.0,6,0,0,0,0,0,0,0,0,,0,0,0,16,1,1,1,,0,40 00:20.692,,0,75 05:56.577,3,0,0,0,67301,0,0,0,,0,0,0,2,67301,0,,1,1,,,,,0,,1,0,0,0,0,,1640,1,2,0,0,0,0,0,3,4,0,2,3,,N,,,,,,,,,,,
2009060780,1233.0,1,0,0,0,0,0,0,0,0,7,0,,67,6,2009,7,39.9438,-75.143,1214.0,6,0,0,0,0,0,0,0,0,,0,0,0,12,1,0,0,,0,39 56:37.724,,0,75 08:34.673,0,0,0,0,67301,0,0,0,N,0,0,0,1,68K01,0,,2,1,,N,N,,0,,0,0,0,0,0,,1208,0,1,0,0,0,0,0,3,4,0,1,3,,N,,,,,,,,,,,
2009092974,2119.0,1,0,0,1,0,0,0,0,0,4,0,,67,8,2009,2,39.9895,-75.1445,2114.0,6,0,0,0,0,0,0,0,0,,0,0,0,21,3,1,1,,0,39 59:22.207,,0,75 08:40.232,4,0,0,0,67301,1,0,0,,0,0,0,2,67301,1,,1,1,,,,,0,,0,0,0,0,0,,2114,1,2,0,0,0,0,0,3,4,0,1,3,,N,,,,,,,,,,,
2009093022,2213.0,4,0,0,0,0,0,0,0,0,5,0,,67,8,2009,4,40.025,-75.133,2211.0,6,0,0,0,0,0,0,0,0,,0,0,0,22,3,2,2,,0,40 01:29.938,,0,75 07:58.846,8,0,0,0,67301,0,0,0,N,0,0,0,4,67301,0,,1,1,,N,N,,1,,0,0,1,0,0,,2200,2,6,0,0,0,2,0,3,4,0,6,3,,N,,,,,,,,,,,
2009072384,1603.0,1,0,0,0,0,0,0,0,0,4,0,,67,5,2009,1,40.0246,-75.1306,1601.0,6,0,0,0,0,0,0,1,0,3.0,0,0,0,16,1,5,1,,2,40 01:28.408,2.0,0,75 07:50.218,4,0,0,0,67301,0,0,0,,0,0,0,7,67301,1,,1,1,,N,N,,0,,0,0,1,3,2,Y,1600,5,2,0,0,0,4,0,3,4,0,2,3,,N,,,,,,,,,,,
2009064549,1725.0,2,0,0,0,0,0,0,0,0,4,0,,67,6,2009,4,39.998,-75.2332,9999.0,6,0,0,0,0,1,0,0,0,,0,0,0,17,1,2,1,,0,39 59:55.951,,0,75 13:52.845,4,0,0,0,67301,0,0,0,N,0,0,0,2,46104,2,,1,9,,N,N,,0,,0,0,0,2,3,,1722,2,2,0,0,0,0,0,3,4,0,2,7,,N,,,,,,,,,,,
2009067291,1040.0,1,0,0,0,0,0,0,0,0,7,0,,67,6,2009,6,40.0189,-75.0726,1035.0,6,0,0,0,0,0,0,0,0,,0,0,0,10,1,2,0,,0,40 01:07.952,,0,75 04:21.311,8,0,0,0,67301,0,0,0,N,0,0,0,4,67301,0,,1,9,,N,N,,0,,0,0,0,0,0,,1030,2,1,0,0,1,2,0,3,4,0,1,7,,N,,,,,,,,,,,
2009067461,25.0,1,0,0,0,0,0,0,0,0,7,0,,67,6,2009,4,40.013,-75.2052,2359.0,6,0,0,0,0,0,0,0,0,,0,0,0,23,3,0,0,,0,40 00:41.027,,2,75 12:01.699,0,0,0,0,67301,0,0,0,N,0,0,0,1,67301,0,,5,9,,,N,,0,,0,0,0,0,0,,2350,0,1,0,0,1,0,0,3,4,0,1,7,,N,,,,,,,,,,,
2009067507,1320.0,2,0,0,0,0,0,0,0,0,1,0,,67,6,2009,6,40.0136,-75.0685,1308.0,6,0,0,0,0,0,1,0,0,,0,0,0,13,1,1,1,,0,40 00:48.808,,0,75 04:07.229,4,0,0,0,67301,0,0,0,,0,0,0,3,67301,1,,1,1,,N,N,,0,,0,0,1,3,2,,1305,1,3,0,0,0,0,0,3,4,0,3,3,,N,,,,,,,,,,,
2009067508,1725.0,2,0,0,0,0,0,0,0,0,4,0,,67,6,2009,2,40.0299,-75.0875,1718.0,6,0,0,0,0,0,0,0,0,1.0,0,0,0,17,1,1,1,,1,40 01:47.862,1.0,0,75 05:14.656,4,0,0,0,67301,0,0,0,N,0,0,0,2,67301,1,,1,1,,N,N,,0,,0,0,0,3,2,Y,1700,1,2,0,0,0,0,0,3,4,0,2,3,,N,,,,,,,,,,,
2009062657,1710.0,1,0,0,0,0,0,0,0,0,1,0,,67,6,2009,4,39.9432,-75.1431,1652.0,6,0,0,0,0,0,0,0,0,2.0,0,0,0,16,1,2,0,,1,39 56:35.606,1.0,0,75 08:35.104,8,0,0,0,67301,0,0,0,N,0,0,0,3,68K01,0,,1,9,,N,N,,0,,0,0,1,0,0,Y,1650,2,2,0,0,2,2,0,3,4,0,2,7,,N,,,,,,,,,,,
2009089246,1452.0,0,0,0,0,0,0,0,0,0,7,0,,67,8,2009,2,39.9576,-75.1605,1447.0,6,0,0,0,0,0,0,0,0,,0,0,0,14,1,1,7,,0,39 57:27.360,,2,75 09:37.800,8,0,0,0,67301,0,0,0,N,0,0,0,1,68K01,0,,3,1,,N,N,,1,,0,0,0,0,0,,1444,1,1,0,0,0,1,0,3,4,0,1,3,,N,,,,,,,,,,,
2009084124,31.0,2,0,0,0,0,0,0,0,0,4,0,,67,7,2009,3,39.9585,-75.2252,29.0,6,0,0,0,0,0,0,0,0,1.0,0,0,0,0,3,2,1,,1,39 57:30.554,3.0,0,75 13:30.649,3,0,0,0,67301,0,0,0,N,0,0,0,2,67301,0,,1,1,,N,N,,0,,1,0,0,3,2,Y,25,2,2,0,0,0,1,0,3,4,0,2,3,,N,,,,,,,,,,,
2009120785,1530.0,0,0,0,0,0,0,0,0,0,8,0,,67,10,2009,1,39.9221,-75.1518,1525.0,6,0,0,0,0,0,0,0,0,,0,0,0,15,1,1,0,,0,39 55:19.443,,0,75 09:06.457,4,0,0,0,67301,1,0,0,,1,0,0,2,67301,1,,1,1,,,,,0,,0,0,1,0,0,,1515,1,2,0,0,0,0,0,3,4,0,1,3,,N,,,,,,,,,,,
2009120815,229.0,1,0,0,0,0,0,0,0,0,7,0,,67,10,2009,6,39.9619,-75.1364,227.0,6,0,0,0,0,0,0,0,0,2.0,0,0,0,2,3,1,0,,1,39 57:42.183,2.0,0,75 08:11.394,8,0,0,0,67301,0,0,0,N,0,0,0,2,67301,0,,5,1,,N,N,,0,,0,0,0,0,0,N,227,1,1,0,0,0,1,0,3,4,0,1,3,,N,,,,,,,,,,,
2009118890,45.0,2,0,0,0,0,0,0,0,0,1,0,,67,10,2009,1,39.9392,-75.1665,37.0,6,0,0,0,0,0,0,0,0,2.0,0,0,0,0,3,0,0,,1,39 56:20.971,2.0,0,75 09:59.505,0,0,0,0,67301,0,0,0,N,0,0,0,3,67301,0,,1,9,,N,N,,0,,0,0,1,3,2,N,20,0,3,0,0,3,0,0,3,4,0,3,7,,N,,,,,,,,,,,
2009118891,45.0,2,0,0,0,0,0,0,0,0,4,0,,67,10,2009,7,39.9367,-75.1669,43.0,6,0,0,0,0,0,0,0,0,,0,0,0,0,3,0,1,,0,39 56:12.191,,0,75 10:01.410,0,0,0,0,67301,0,0,0,N,0,0,0,4,67301,0,,1,9,,N,N,,0,,0,0,0,3,2,,40,0,2,0,0,1,0,0,3,4,0,2,7,,N,,,,,,,,,,,
2009111147,925.0,2,0,0,0,0,0,0,0,0,4,0,,67,10,2009,6,40.0861,-75.2119,920.0,6,0,0,0,0,0,0,0,1,,0,0,0,9,1,1,1,,0,40 05:09.951,,0,75 12:42.717,8,0,0,0,67301,0,0,0,N,0,0,0,3,67301,0,,1,1,,N,N,,0,,0,0,0,3,2,,914,1,2,0,0,0,1,0,3,4,0,2,3,,N,,,,,,,,,,,
2009120824,127.0,1,0,0,0,0,0,0,0,0,7,0,,67,10,2009,7,39.9647,-75.1793,0.0,6,0,0,0,0,0,0,0,0,,0,0,0,1,3,1,0,,0,39 57:52.743,,0,75 10:45.363,4,0,0,0,67301,0,0,0,Y,0,0,0,1,67301,1,,5,9,,N,N,,0,,0,0,0,0,0,,127,1,1,0,0,0,0,0,3,4,0,1,7,,N,,,,,,,,,,,
2009118977,2146.0,1,0,0,0,0,0,0,0,0,0,0,,67,11,2009,1,40.0266,-75.1158,2143.0,6,0,0,0,0,0,0,0,0,3.0,1,0,0,21,3,0,0,,2,40 01:35.725,5.0,0,75 06:56.714,1,0,0,0,67301,0,0,0,,0,0,0,1,67301,0,2.0,3,1,,N,N,,0,0.0,0,0,0,0,0,Y,2140,0,1,0,0,0,0,0,3,4,0,1,3,,N,,,,,,,,,,,
2009118988,627.0,3,0,0,0,0,0,0,0,0,1,0,,67,10,2009,3,39.9025,-75.2398,623.0,6,0,0,0,0,0,1,0,0,3.0,0,0,0,6,3,1,0,,1,39 54:09.160,2.0,3,75 14:23.346,4,0,0,0,67301,0,0,0,N,0,0,0,4,67301,1,,1,9,,N,N,,0,,0,0,1,0,0,N,621,1,4,0,0,0,0,0,3,4,0,4,7,,N,,,,,,,,,,,
2009118989,956.0,1,0,0,0,0,0,0,0,0,7,0,,67,10,2009,1,39.9226,-75.2462,953.0,6,0,0,0,0,0,0,0,0,1.0,0,0,0,9,1,1,0,,2,39 55:21.387,6.0,0,75 14:46.458,4,0,0,0,67301,0,0,0,,0,0,0,1,67301,1,,2,9,,,,,0,,0,0,0,0,0,Y,950,1,1,0,0,0,0,0,3,4,0,1,7,,N,,,,,,,,,,,
2009121156,1350.0,2,0,0,0,0,0,0,0,0,4,0,,67,10,2009,5,39.9253,-75.2291,1348.0,6,0,0,0,0,0,0,0,0,,0,0,0,13,1,0,1,,0,39 55:30.950,,0,75 13:44.824,0,0,0,0,67301,0,0,0,,0,0,0,2,67301,0,,1,9,,N,N,,0,,0,0,0,3,2,,1346,0,2,0,0,0,0,0,3,4,0,2,7,,N,,,,,,,,,,,
2009111614,1100.0,1,0,0,0,0,0,0,0,0,5,1,,67,10,2009,3,40.0067,-75.1431,1055.0,6,0,0,0,0,0,0,0,0,,0,1,0,99,1,1,1,,0,40 00:24.105,,0,75 08:35.066,8,0,0,0,67301,0,0,0,,0,0,0,2,67301,0,,2,1,,N,N,,0,,0,0,0,3,2,,9999,1,2,0,0,0,1,0,3,4,0,2,3,,N,,,,,,,,,,,
2009059396,1047.0,3,0,0,0,0,0,0,0,0,1,0,,67,5,2009,7,39.9687,-75.2199,1043.0,6,0,0,0,0,0,0,1,0,,0,0,0,10,1,1,0,,0,39 58:07.242,,0,75 13:11.792,4,0,0,0,67301,0,0,0,N,0,0,0,4,67301,1,,1,9,,N,N,,1,,0,0,1,0,0,,1042,1,5,0,0,1,0,0,3,4,0,5,7,,N,,,,,,,,,,,
2009058819,410.0,1,0,0,0,0,0,0,0,0,0,0,,67,4,2009,5,39.9537,-75.1659,408.0,6,0,0,0,0,0,0,0,0,,0,0,0,4,3,0,0,,0,39 57:13.359,,0,75 09:57.199,0,0,0,0,67301,0,0,0,N,0,0,0,1,67301,0,,1,1,,N,N,,0,,0,0,0,3,2,,408,0,1,0,0,0,0,0,3,4,0,1,3,,N,,,,,,,,,,,
2009063990,2005.0,0,0,0,0,0,0,1,0,0,6,1,,67,5,2009,4,39.9858,-75.2156,1958.0,6,0,0,0,0,0,1,0,0,,0,0,0,19,1,2,1,,0,39 59:08.826,,0,75 12:56.555,4,0,0,0,67301,0,0,0,N,0,0,0,4,67301,2,,1,1,,N,N,,0,,0,0,1,3,2,,1933,2,2,0,0,0,0,0,3,4,0,2,3,,N,,,,,,,,,,,
2009056458,1944.0,2,0,0,0,0,0,0,0,0,1,0,,67,4,2009,6,39.9654,-75.2303,1940.0,6,0,0,0,0,0,0,0,0,,0,0,0,99,4,1,0,,0,39 57:55.410,,0,75 13:49.033,4,0,0,0,67301,0,0,0,N,0,0,0,3,67301,1,,1,1,,N,N,,0,,0,0,0,0,0,,9999,1,2,0,0,0,0,0,3,4,0,2,3,,N,,,,,,,,,,,
2009056506,350.0,1,0,0,0,0,0,0,0,0,1,0,,67,4,2009,5,40.0579,-75.0087,343.0,6,0,0,0,0,0,0,0,0,,0,0,0,3,3,1,0,,0,40 03:28.318,,0,75 00:31.402,3,0,0,0,67301,0,0,0,N,0,0,0,1,67301,0,,6,1,,N,N,,1,,1,0,0,0,0,,340,1,3,0,0,1,0,0,3,4,0,3,3,,N,,,,,,,,,,,
2009056512,1737.0,3,0,0,0,0,0,0,0,0,6,0,,67,5,2009,2,39.9921,-75.0993,1733.0,6,0,0,0,0,0,0,0,1,,0,0,0,17,1,2,1,,0,39 59:31.720,,0,75 05:57.418,4,0,0,0,67301,0,0,0,N,0,0,0,3,67301,2,,1,9,,N,N,,0,,0,0,0,3,2,,1725,2,3,0,0,0,0,0,3,4,0,3,7,,N,,,,,,,,,,,
2009088250,1959.0,2,0,0,0,0,0,0,0,0,1,0,,67,8,2009,6,39.9584,-75.1673,1937.0,6,0,0,0,0,0,1,0,0,1.0,0,0,0,19,3,0,0,,2,39 57:30.240,3.0,0,75 10:02.280,9,0,0,0,67301,0,0,0,N,0,0,0,3,68K01,0,,1,1,,N,N,,0,,0,0,0,0,0,N,1933,0,3,0,0,0,0,1,3,4,0,3,3,,N,,,,,,,,,,,
2009085912,1332.0,1,0,0,0,0,0,0,0,0,0,0,,67,8,2009,1,39.9461,-75.1985,1328.0,6,0,0,0,0,0,0,0,0,,0,0,0,13,1,0,2,,0,39 56:45.926,,0,75 11:54.625,0,0,0,0,67301,0,0,0,N,0,0,0,1,67301,0,,1,9,,N,N,,0,,0,0,0,0,0,,1320,0,1,0,0,0,0,0,3,4,0,1,7,,N,,,,,,,,,,,
2009085999,1453.0,1,0,0,0,0,0,0,0,0,4,0,,67,6,2009,7,40.0273,-75.0288,1451.0,6,0,0,0,0,0,1,0,0,9.0,0,0,0,14,1,1,1,,1,40 01:38.437,1.0,0,75 01:43.908,8,0,0,1,67301,0,0,0,,0,0,0,2,67301,0,,1,1,,N,N,,0,,0,0,0,3,2,Y,1445,1,2,0,0,0,1,0,3,4,0,2,3,,N,,,,,,,,,,,
2009086055,1548.0,3,0,0,0,0,0,0,0,0,4,0,,67,8,2009,4,39.9324,-75.1679,1548.0,6,0,0,0,0,0,1,0,0,,0,0,0,15,1,4,0,,0,39 55:56.274,,0,75 10:04.444,3,0,0,0,67301,1,0,0,,0,0,0,4,67301,2,,1,1,,,,,0,,1,0,0,0,0,,1535,4,4,0,0,0,1,0,3,4,1,4,3,,N,,,,,,,,,,,
2009086482,2105.0,2,0,0,0,0,0,0,0,0,2,0,,67,7,2009,4,39.959,-75.229,2100.0,6,0,0,0,0,0,0,0,0,,0,0,0,21,3,1,1,,0,39 57:32.220,,0,75 13:44.178,8,0,0,0,67301,0,0,0,N,0,0,0,3,64301,0,,1,9,,N,N,,0,,0,0,0,3,2,,2100,1,2,0,0,0,1,0,3,4,0,2,7,,N,,,,,,,,,,,
2009083873,1118.0,0,0,0,0,0,0,0,0,0,4,0,,67,7,2009,1,39.97,-75.1631,1114.0,6,0,0,0,0,0,0,0,0,,0,0,0,11,1,1,1,,0,39 58:12.028,,0,75 09:47.185,4,0,0,1,67301,0,0,0,N,0,0,0,2,67301,1,,1,1,,N,N,,0,,0,0,1,0,0,,1112,1,2,0,0,0,0,0,3,4,0,2,3,,N,,,,,,,,,,,
2009081539,1300.0,0,0,0,0,0,0,1,0,0,4,1,,67,7,2009,4,39.9744,-75.2017,1147.0,6,0,0,0,0,0,2,0,0,,0,0,0,11,1,0,2,,0,39 58:27.676,,0,75 12:06.216,0,0,0,0,67301,0,0,0,N,0,0,0,6,67301,0,,1,1,,Y,N,,0,,0,0,1,3,2,,1140,0,2,0,0,2,0,0,3,4,0,2,3,,N,,,,,,,,,,,
2009081620,1605.0,1,0,0,0,0,0,0,0,0,7,0,,67,7,2009,6,40.0016,-75.0652,1600.0,6,0,0,0,0,0,0,1,0,1.0,0,0,0,15,1,1,0,,2,40 00:05.737,5.0,0,75 03:54.771,8,0,0,0,67301,0,0,0,,0,0,0,1,67301,0,,4,1,,,,,0,,0,0,2,0,0,Y,1558,1,3,0,0,0,1,0,3,4,0,3,3,,N,,,,,,,,,,,
2009081655,1320.0,2,0,0,0,0,0,0,0,0,4,0,,67,6,2009,3,40.0409,-75.1873,1318.0,6,0,0,0,0,1,0,0,0,,0,0,0,99,1,2,1,,0,40 02:27.297,,0,75 11:14.369,4,0,0,0,67301,0,0,0,N,0,0,0,2,67301,2,,1,1,,N,N,,0,,0,0,0,3,2,,9999,2,2,0,0,0,0,0,3,4,0,2,3,,N,,,,,,,,,,,
2009079035,240.0,2,0,0,0,0,0,0,0,0,4,0,,67,2,2009,1,39.9497,-75.1421,239.0,6,0,0,0,0,0,0,0,0,,0,0,0,2,3,0,1,,0,39 56:58.829,,2,75 08:31.653,0,0,0,0,67301,0,0,0,N,0,0,0,2,67301,0,,1,1,,N,N,,0,,0,0,0,3,2,,238,0,2,0,0,0,0,0,3,4,0,2,3,,N,,,,,,,,,,,
2009079137,155.0,1,0,0,0,0,0,0,0,0,1,0,,67,6,2009,1,39.9275,-75.2435,144.0,6,0,0,0,1,0,0,0,0,,0,0,0,1,6,3,2,,0,39 55:38.967,,0,75 14:36.468,4,0,0,0,67301,0,0,0,,0,0,0,4,67301,1,,1,1,,,,,0,,0,0,0,3,2,,140,3,2,0,0,1,2,1,3,4,0,2,3,,N,,,,,,,,,,,