CRN,ARRIVAL_TM,AUTOMOBILE_COUNT,BELTED_DEATH_COUNT,BELTED_SUSP_SERIOUS_INJ_COUNT,BICYCLE_COUNT,BICYCLE_DEATH_COUNT,BICYCLE_SUSP_SERIOUS_INJ_COUNT,BUS_COUNT,CHLDPAS_DEATH_COUNT,CHLDPAS_SUSP_SERIOUS_INJ_COUNT,COLLISION_TYPE,COMM_VEH_COUNT,CONS_ZONE_SPD_LIM,COUNTY,CRASH_MONTH,CRASH_YEAR,DAY_OF_WEEK,DEC_LAT,DEC_LONG,DISPATCH_TM,DISTRICT,DRIVER_COUNT_16YR,DRIVER_COUNT_17YR,DRIVER_COUNT_18YR,DRIVER_COUNT_19YR,DRIVER_COUNT_20YR,DRIVER_COUNT_50_64YR,DRIVER_COUNT_65_74YR,DRIVER_COUNT_75PLUS,EST_HRS_CLOSED,FATAL_COUNT,HEAVY_TRUCK_COUNT,HORSE_BUGGY_COUNT,HOUR_OF_DAY,ILLUMINATION,INJURY_COUNT,INTERSECT_TYPE,INTERSECTION_RELATED,LANE_CLOSED,LATITUDE,LN_CLOSE_DIR,LOCATION_TYPE,LONGITUDE,MAX_SEVERITY_LEVEL,MCYCLE_DEATH_COUNT,MCYCLE_SUSP_SERIOUS_INJ_COUNT,MOTORCYCLE_COUNT,MUNICIPALITY,NONMOTR_COUNT,NONMOTR_DEATH_COUNT,NONMOTR_SUSP_SERIOUS_INJ_COUNT,NTFY_HIWY_MAINT,PED_COUNT,PED_DEATH_COUNT,PED_SUSP_SERIOUS_INJ_COUNT,PERSON_COUNT,POLICE_AGCY,POSSIBLE_INJ_COUNT,RDWY_SURF_TYPE_CD,RELATION_TO_ROAD,ROAD_CONDITION,ROADWAY_CLEARED,SCH_BUS_IND,SCH_ZONE_IND,SECONDARY_CRASH,SMALL_TRUCK_COUNT,SPEC_JURIS_CD,SUSP_MINOR_INJ_COUNT,SUSP_SERIOUS_INJ_COUNT,SUV_COUNT,TCD_FUNC_CD,TCD_TYPE,TFC_DETOUR_IND,TIME_OF_DAY,TOT_INJ_COUNT,TOTAL_UNITS,UNB_DEATH_COUNT,UNB_SUSP_SERIOUS_INJ_COUNT,UNBELTED_OCC_COUNT,UNK_INJ_DEG_COUNT,UNK_INJ_PER_COUNT,URBAN_AREA,URBAN_RURAL,VAN_COUNT,VEHICLE_COUNT,WEATHER1,WEATHER2,WORK_ZONE_IND,WORK_ZONE_LOC,WORK_ZONE_TYPE,WORKERS_PRES,WZ_CLOSE_DETOUR,WZ_FLAGGER,WZ_LAW_OFFCR_IND,WZ_LN_CLOSURE,WZ_MOVING,WZ_OTHER,WZ_SHLDER_MDN,WZ_WORKERS_INJ_KILLED
2009079147,1746.0,0,0,0,0,0,0,0,0,0,8,0,,67,6,2009,2,39.9753,-75.2453,1746.0,6,0,0,0,0,0,0,0,0,,0,0,0,17,1,1,0,,0,39 58:31.155,,0,75 14:43.245,3,0,0,0,67301,1,0,0,N,1,0,0,2,67301,0,,1,1,,N,N,,0,,1,0,0,3,2,,1745,1,2,0,0,0,0,0,3,4,1,1,3,,N,,,,,,,,,,,
2009079165,1646.0,2,0,0,0,0,0,0,0,0,7,0,,67,7,2009,7,40.0887,-75.0342,1646.0,6,0,0,0,1,0,0,0,0,,0,0,0,16,1,0,0,,0,40 05:19.334,,0,75 02:02.948,0,0,0,0,67301,0,0,0,N,0,0,0,2,67301,0,,5,1,,N,N,,0,,0,0,0,0,0,,1646,0,2,0,0,0,0,0,3,4,0,2,3,,N,,,,,,,,,,,
2009079212,2100.0,0,0,0,0,0,0,0,0,0,4,0,,67,7,2009,4,39.9811,-75.1591,2100.0,6,0,0,0,0,0,0,0,0,,0,0,0,21,3,0,0,,0,39 58:51.889,,0,75 09:32.700,0,0,0,0,67301,0,0,0,N,0,0,0,1,67301,0,,1,1,,N,N,,0,,0,0,2,0,0,,2100,0,3,0,0,0,0,0,3,4,0,3,3,,N,,,,,,,,,,,
2009071444,2155.0,2,0,0,0,0,0,0,0,0,1,0,,67,6,2009,7,39.9882,-75.1825,2132.0,6,0,0,0,1,0,0,0,0,,0,0,0,20,6,5,0,,0,39 59:17.373,,0,75 10:57.103,4,0,0,0,67301,0,0,0,N,0,0,0,6,67301,5,,1,9,,N,N,,0,,0,0,0,0,0,,2000,5,2,0,0,0,0,1,3,4,0,2,7,,N,,,,,,,,,,,
2009074560,1550.0,1,0,0,0,0,0,0,0,0,8,0,,67,6,2009,6,40.0196,-75.0824,1545.0,6,0,0,0,0,0,0,0,0,,0,0,0,15,1,1,1,,0,40 01:10.552,,0,75 04:56.546,4,0,0,0,67301,1,0,0,N,1,0,0,2,67301,1,,1,1,,N,N,,0,,0,0,0,3,3,,1535,1,2,0,0,0,0,0,3,4,0,1,3,,N,,,,,,,,,,,
2009069239,1712.0,1,0,0,0,0,0,0,0,0,5,0,,67,6,2009,3,39.9231,-75.163,1708.0,6,1,0,0,0,0,0,0,0,,0,0,0,17,1,1,1,,0,39 55:23.041,,0,75 09:46.778,4,0,0,0,67301,1,0,0,N,0,0,0,3,67301,1,,1,1,,N,N,,0,,0,0,1,0,0,,1706,1,2,0,0,0,0,0,3,4,0,2,3,,N,,,,,,,,,,,
2009080086,2154.0,1,0,0,0,0,0,0,0,0,3,0,,67,7,2009,2,40.1041,-75.0219,2146.0,6,0,0,0,0,1,0,0,0,2.0,0,0,0,99,3,3,0,,2,40 06:14.686,4.0,0,75 01:18.675,8,0,0,0,67301,0,0,0,N,0,0,0,4,67301,0,,1,1,,N,N,,1,,0,0,0,0,0,N,9999,3,2,0,0,0,3,0,3,4,0,2,3,,N,,,,,,,,,,,
2009029055,1441.0,4,0,0,0,0,0,0,0,0,3,0,,67,1,2009,5,39.9941,-75.1803,1439.0,6,0,0,0,0,0,1,0,0,,0,0,0,14,1,2,1,,0,39 59:38.875,,0,75 10:49.115,4,0,0,0,67301,0,0,0,N,0,0,0,3,67301,2,,2,1,,N,N,,0,,0,0,0,3,3,,1439,2,4,0,0,0,0,0,3,4,0,4,3,,N,,,,,,,,,,,
2009024244,1555.0,1,0,0,0,0,0,0,0,0,1,0,,67,2,2009,7,39.984,-75.0969,1551.0,6,0,0,0,0,0,0,0,0,1.0,0,0,0,15,1,0,0,,1,39 59:02.400,1.0,0,75 05:48.840,0,0,0,0,67301,0,0,0,N,0,0,0,4,68K01,0,,1,1,,N,N,,0,,0,0,1,0,0,N,1541,0,2,0,0,0,0,0,3,4,0,2,3,,N,,,,,,,,,,,
2009065249,1445.0,1,0,0,0,0,0,0,0,0,4,0,,67,5,2009,5,40.0631,-75.022,1439.0,6,0,0,0,0,0,0,1,1,,0,0,0,14,1,1,1,,0,40 03:47.229,,0,75 01:19.196,4,0,0,0,67301,0,0,0,,0,0,0,2,67301,1,,1,1,,N,N,,1,,0,0,0,3,2,,1437,1,2,0,0,0,0,0,3,4,0,2,3,,N,,,,,,,,,,,
2009065277,1230.0,1,0,0,0,0,0,0,0,0,8,0,,67,5,2009,7,39.9835,-75.1118,9999.0,6,0,0,0,0,1,0,0,0,,0,0,0,12,1,1,2,,0,39 59:00.747,,0,75 06:42.605,4,0,0,0,67301,1,0,0,N,1,0,0,2,67301,1,,1,1,,N,N,,0,,0,0,0,0,0,,1210,1,2,0,0,0,0,0,3,4,0,1,3,,N,,,,,,,,,,,
2009053683,1542.0,2,0,0,0,0,0,0,0,0,1,0,,67,4,2009,6,39.9573,-75.1586,1538.0,6,0,0,0,0,0,1,0,0,1.0,0,0,0,15,1,1,0,,2,39 57:26.431,3.0,0,75 09:30.797,4,0,0,0,67301,0,0,0,N,0,0,0,4,68K01,1,,1,1,,N,N,,0,,0,0,0,0,0,Y,1534,1,2,0,0,0,0,0,3,4,0,2,3,,N,,,,,,,,,,,
2009093007,922.0,1,0,0,0,0,0,0,0,0,5,0,,67,8,2009,7,40.0629,-75.1579,912.0,6,0,0,0,0,0,0,0,0,3.0,0,0,0,6,1,0,2,,2,40 03:46.321,5.0,0,75 09:28.573,0,0,0,0,67301,0,0,0,N,0,0,0,1,67301,0,,1,9,,N,N,,0,,0,0,1,0,0,Y,630,0,3,0,0,1,0,0,3,4,1,3,7,,N,,,,,,,,,,,
2009069685,106.0,0,0,0,0,0,0,0,0,0,8,0,,67,6,2009,5,39.9271,-75.1556,101.0,6,0,0,0,0,0,0,0,0,,0,0,0,0,3,1,1,,0,39 55:37.635,,0,75 09:20.300,4,0,0,0,67301,1,0,0,N,1,0,0,2,67301,1,,1,1,,N,N,,1,,0,0,0,0,0,,55,1,2,0,0,0,0,0,3,4,0,1,3,,N,,,,,,,,,,,
2009069704,1710.0,2,0,0,0,0,0,0,0,0,1,0,,67,5,2009,6,40.0072,-75.0987,1710.0,6,0,0,0,0,0,1,1,0,,0,0,0,15,1,1,1,,0,40 00:25.900,,0,75 05:55.461,4,0,0,0,67301,0,0,0,,0,0,0,4,67301,1,,1,1,,,,,0,,0,0,0,3,2,,1500,1,2,0,0,2,0,0,3,4,0,2,3,,N,,,,,,,,,,,
2009069707,726.0,1,0,0,0,0,0,0,0,0,1,0,,67,6,2009,1,39.9065,-75.2352,718.0,6,0,0,0,0,0,1,0,0,,0,0,0,7,1,2,1,,0,39 54:23.410,,0,75 14:06.655,8,0,0,0,67301,0,0,0,,0,0,0,2,67301,0,,1,1,,N,N,,1,,0,0,0,3,2,,714,2,2,0,0,0,2,0,3,4,0,2,3,,N,,,,,,,,,,,
2009066976,1823.0,1,0,0,0,0,0,0,0,0,8,0,,67,6,2009,3,39.9812,-75.1771,1820.0,6,0,0,0,0,0,0,0,0,,0,0,0,18,1,1,0,,0,39 58:52.329,,0,75 10:37.565,4,0,0,0,67301,1,0,0,N,1,0,0,2,67301,1,,1,1,,N,N,,0,,0,0,0,0,0,,1815,1,2,0,0,0,0,0,3,4,0,1,3,,N,,,,,,,,,,,
2009067267,1958.0,1,0,0,0,0,0,0,0,0,4,0,,67,5,2009,1,39.9478,-75.2313,1948.0,6,0,0,0,0,0,0,0,0,,0,0,0,19,1,2,2,,0,39 56:52.021,,0,75 13:52.662,3,0,0,0,67301,0,0,0,N,0,0,0,3,67301,0,,1,1,,N,N,,1,,2,0,1,9,2,,1946,2,3,0,0,0,0,0,3,4,0,3,3,,N,,,,,,,,,,,
2009064667,1430.0,0,0,0,0,0,0,0,0,0,4,0,,67,5,2009,4,40.114,-74.9876,1420.0,6,0,0,1,0,0,1,0,0,1.0,0,0,0,14,1,0,1,,1,40 06:50.546,1.0,0,74 59:15.382,0,0,0,0,67301,0,0,0,N,0,0,0,2,67301,0,,1,1,,N,N,,1,,0,0,1,3,2,N,1420,0,2,0,0,0,0,0,3,4,0,2,3,,N,,,,,,,,,,,
2009067304,40.0,3,0,0,0,0,0,0,0,0,1,0,,67,5,2009,7,40.0159,-75.1497,36.0,6,0,0,0,0,1,0,0,0,,0,0,0,23,3,2,2,,0,40 00:57.347,,0,75 08:58.844,3,0,0,0,67301,0,0,0,,0,0,0,4,67301,1,,1,1,,,,,0,,1,0,0,0,0,,2327,2,3,0,0,0,0,0,3,4,0,3,3,,N,,,,,,,,,,,
2009064859,113.0,1,0,0,0,0,0,0,0,0,4,0,,67,5,2009,1,39.9948,-75.1857,40.0,6,0,0,0,0,0,0,0,0,,0,0,0,99,3,2,1,,0,39 59:41.244,,0,75 11:08.516,4,0,0,0,67301,0,0,0,N,0,0,0,3,67301,1,,1,1,,N,N,,0,,0,0,1,3,2,,9999,2,2,0,0,1,1,0,3,4,0,2,3,,N,,,,,,,,,,,
2009067511,120.0,1,0,0,0,0,0,0,0,0,7,0,,67,5,2009,1,40.0214,-75.2,115.0,6,0,0,0,0,0,0,0,0,,0,0,0,1,3,2,0,,0,40 01:17.089,,0,75 12:00.074,4,0,0,0,67301,0,0,0,N,0,0,0,4,67301,2,,5,9,,N,N,,0,,0,0,0,0,0,,110,2,1,0,0,0,0,0,3,4,0,1,7,,N,,,,,,,,,,,
2009064930,1035.0,2,0,0,0,0,0,0,0,0,4,0,,67,5,2009,5,39.9857,-75.1967,1031.0,6,0,0,0,0,0,1,0,0,,0,0,0,10,1,1,3,,0,39 59:08.581,,0,75 11:48.299,4,0,0,0,67301,0,0,0,N,0,0,0,2,67301,1,,1,9,,N,N,,0,,0,0,0,0,0,,1030,1,2,0,0,0,0,0,3,4,0,2,7,,N,,,,,,,,,,,
2009067592,1326.0,2,0,0,0,0,0,0,0,0,4,0,,67,6,2009,3,39.98,-75.1239,1323.0,6,0,0,0,0,0,0,0,0,,0,0,0,13,1,0,1,,0,39 58:48.129,,0,75 07:26.075,0,0,0,0,67301,0,0,0,,0,0,0,2,67301,0,,1,1,,,,,0,,0,0,0,3,3,,1320,0,2,0,0,0,0,0,3,4,0,2,3,,N,,,,,,,,,,,
2009067599,805.0,0,0,0,0,0,0,0,0,0,7,0,,67,6,2009,5,39.9844,-75.1364,803.0,6,0,0,0,0,0,0,0,0,,0,0,0,7,1,0,0,,0,39 59:03.793,,0,75 08:10.860,0,0,0,0,67301,0,0,0,N,0,0,0,1,67301,0,,2,9,,N,N,,0,,0,0,1,3,2,,758,0,1,0,0,0,0,0,3,4,0,1,7,,N,,,,,,,,,,,
2009057247,2030.0,1,0,0,0,0,0,0,0,0,4,0,,67,4,2009,3,39.9451,-75.2463,2025.0,6,0,0,0,0,0,0,0,0,1.0,0,0,0,20,3,1,2,,1,39 56:42.381,1.0,0,75 14:46.762,8,0,0,0,67301,0,0,0,N,0,0,0,2,67301,0,,1,1,,N,N,,1,,0,0,0,3,3,Y,2020,1,2,0,0,1,1,0,3,4,0,2,3,,N,,,,,,,,,,,
2009118909,1054.0,4,0,0,0,0,0,0,0,0,6,0,,67,10,2009,2,40.0053,-75.1814,1048.0,6,0,0,0,0,0,3,0,0,,0,0,0,10,1,1,0,,0,40 00:19.020,,0,75 10:53.401,8,0,0,0,67301,0,0,0,,0,0,0,3,67301,0,,1,1,,,,,0,,0,0,0,0,0,,1045,1,4,0,0,0,1,0,3,4,0,4,3,,N,,,,,,,,,,,
2009064938,1621.0,1,0,0,0,0,0,0,0,0,8,0,,67,5,2009,7,39.9758,-75.1651,1616.0,6,0,0,0,0,0,0,0,0,1.0,0,0,0,16,1,1,0,,2,39 58:32.818,1.0,0,75 09:54.262,4,0,0,0,67301,1,0,0,N,1,0,0,2,67301,1,,1,1,,N,N,,0,,0,0,0,0,0,N,1615,1,2,0,0,0,0,0,3,4,0,1,3,,N,,,,,,,,,,,
2009067574,1611.0,1,0,0,0,0,0,1,0,0,6,1,,67,6,2009,7,39.904,-75.2401,1600.0,6,0,0,0,0,0,0,0,0,,0,0,0,15,1,1,5,,0,39 54:14.563,,0,75 14:24.409,8,0,0,0,67301,0,0,0,N,0,0,0,8,67301,0,,5,1,,N,N,,0,,0,0,0,3,2,,1540,1,2,0,0,0,1,2,3,4,0,2,3,,N,,,,,,,,,,,
2009065152,1040.0,1,0,0,0,0,0,0,0,0,8,0,,67,5,2009,3,39.9545,-75.1631,1050.0,6,0,0,0,0,0,0,0,0,,0,0,0,99,1,1,0,,0,39 57:16.053,,0,75 09:47.004,3,0,0,0,67301,1,0,0,,1,0,0,2,67301,0,,1,9,,,,,0,,1,0,0,0,0,,9999,1,2,0,0,0,0,0,3,4,0,1,7,,N,,,,,,,,,,,
2009057244,2034.0,1,0,0,0,0,0,0,0,0,1,0,,67,5,2009,5,39.9917,-75.183,2030.0,6,0,0,0,0,0,0,0,0,,0,0,0,20,3,1,2,,0,39 59:30.152,,0,75 10:58.958,8,0,0,1,67301,0,0,0,N,0,0,0,3,67301,0,,1,1,,N,N,,0,,0,0,0,0,0,,2020,1,2,0,0,0,1,1,3,4,0,2,3,,N,,,,,,,,,,,
2009111090,1118.0,1,0,0,0,0,0,0,0,0,4,0,,67,10,2009,2,39.9851,-75.2474,1110.0,6,0,0,0,0,0,0,0,0,,0,0,0,10,1,2,1,,0,39 59:06.236,,0,75 14:50.528,4,0,0,0,67301,0,0,0,N,0,0,0,3,67301,2,,1,1,,N,N,,0,,0,0,1,3,2,,1048,2,2,0,0,0,0,0,3,4,0,2,3,,N,,,,,,,,,,,
2009120771,1648.0,0,0,0,0,0,0,0,0,0,4,0,,67,10,2009,7,40.0403,-75.0154,1644.0,6,0,0,0,0,0,0,0,0,,0,0,0,16,1,1,1,,0,40 02:25.213,,0,75 00:55.422,8,0,0,0,67301,0,0,0,N,0,0,0,2,67301,0,,1,9,,N,N,,0,,0,0,2,3,2,,1640,1,2,0,0,0,1,1,3,4,0,2,7,,N,,,,,,,,,,,
2009120791,1213.0,2,0,0,0,0,0,0,0,0,1,0,,67,10,2009,7,40.099,-75.0203,1208.0,6,0,0,0,0,0,0,0,1,,0,0,0,12,1,1,0,,0,40 05:56.349,,0,75 01:13.130,3,0,0,0,67301,0,0,0,N,0,0,0,3,67301,0,,1,9,,N,N,,0,,1,0,0,0,0,,1208,1,2,0,0,0,0,0,3,4,0,2,7,,N,,,,,,,,,,,
2009118894,218.0,2,0,0,0,0,0,0,0,0,4,0,,67,10,2009,7,39.8925,-75.2225,213.0,6,0,0,0,0,0,0,0,0,3.0,0,0,0,0,3,3,1,,1,39 53:32.915,2.0,2,75 13:21.046,3,0,0,0,67301,0,0,0,N,0,0,0,3,67301,1,,1,9,,N,N,,0,,2,0,0,3,2,N,25,3,2,0,0,0,0,0,3,4,0,2,7,,N,,,,,,,,,,,
2009118931,144.0,0,0,0,1,0,0,0,0,0,5,0,,67,10,2009,2,39.9289,-75.1688,142.0,6,0,0,0,0,0,0,0,0,,0,0,0,1,3,1,0,,0,39 55:43.705,,0,75 10:07.587,8,0,0,0,67301,1,0,0,N,0,0,0,2,67301,0,,1,1,,N,N,,0,,0,0,1,0,0,,140,1,2,0,0,0,1,0,3,4,0,1,3,,N,,,,,,,,,,,
2009118944,1640.0,3,0,0,0,0,0,0,0,0,4,0,,67,9,2009,6,40.024,-75.1184,1620.0,6,0,0,0,0,0,0,0,0,,0,0,0,16,1,2,2,,0,40 01:26.234,,0,75 07:06.275,8,0,0,0,67301,0,0,0,N,0,0,0,5,67301,0,,1,1,,N,N,,0,,0,0,0,3,3,,1620,2,3,0,0,0,2,0,3,4,0,3,3,,N,,,,,,,,,,,
2009111144,2348.0,1,0,0,0,0,0,0,0,0,4,0,,67,10,2009,1,40.0581,-75.1743,2345.0,6,0,0,0,0,0,0,0,0,,0,0,0,22,3,3,1,,0,40 03:29.309,,0,75 10:27.487,3,0,0,0,67301,0,0,0,N,0,0,0,3,67301,2,,1,1,,N,N,,0,,1,0,1,3,2,,2252,3,2,0,0,0,0,0,3,4,0,2,3,,N,,,,,,,,,,,
2009111148,1755.0,1,0,0,1,0,0,0,0,0,4,0,,67,10,2009,4,39.9656,-75.2319,1748.0,6,0,0,0,0,0,1,0,0,,0,0,0,17,1,1,1,,0,39 57:56.235,,0,75 13:54.861,8,0,0,0,67301,1,0,0,N,0,0,0,3,67301,0,,7,1,,N,N,,0,,0,0,0,3,2,,1745,1,2,0,0,0,1,0,3,4,0,1,3,,N,,,,,,,,,,,
2009120850,1042.0,3,0,0,0,0,0,0,0,0,1,0,,67,10,2009,5,39.9122,-75.222,1037.0,6,0,0,0,0,0,0,0,0,,0,0,0,10,1,2,2,,0,39 54:48.970,,0,75 13:17.680,4,0,0,0,67301,0,0,0,,0,0,0,3,67301,2,,1,9,,,,,0,,0,0,0,3,2,,1035,2,3,0,0,0,0,0,3,4,0,3,7,,N,,,,,,,,,,,
2009106215,1358.0,1,0,0,0,0,0,0,0,0,4,0,,67,9,2009,7,40.0176,-75.065,1357.0,6,0,0,0,0,0,1,0,0,9.0,0,0,0,13,1,2,1,,1,40 01:03.302,2.0,0,75 03:54.743,8,0,0,0,67301,0,0,0,N,0,0,0,6,67301,0,,1,1,,N,N,,1,,0,0,0,3,2,N,1355,2,2,0,0,0,2,0,3,4,0,2,3,,N,,,,,,,,,,,
2009128741,2008.0,1,0,0,0,0,0,0,0,0,1,0,,67,12,2009,3,39.8915,-75.1989,1955.0,6,0,0,0,0,0,0,0,0,1.0,0,0,0,19,3,0,0,,2,39 53:33.983,2.0,3,75 11:49.666,0,0,0,0,67301,0,0,0,N,0,0,0,2,68K01,0,,1,1,,N,N,,1,,0,0,0,0,0,N,1950,0,2,0,0,0,0,0,3,4,0,2,3,,N,,,,,,,,,,,
2009106325,338.0,1,0,0,0,0,0,0,0,0,9,0,90.0,67,10,2009,4,39.984,-75.0964,337.0,6,0,0,0,0,0,0,0,0,,0,0,0,3,2,0,0,,0,39 59:02.760,,0,75 05:46.320,0,0,0,0,67301,0,0,0,N,0,0,0,1,68K01,0,,1,1,,N,N,,0,,0,0,0,0,0,,320,0,1,0,0,0,0,0,3,4,0,1,3,,Y,2.0,2.0,Y,N,N,Y,Y,Y,N,N,
2009114129,153.0,0,0,0,0,0,0,0,0,0,7,0,,67,10,2009,4,39.9835,-75.2082,150.0,6,0,0,0,0,0,0,0,0,2.0,0,0,0,1,3,1,0,,2,39 59:04.560,3.0,0,75 12:29.880,3,0,0,0,67301,0,0,0,N,0,0,0,1,68K01,0,,2,9,,N,N,,1,,1,0,0,0,0,N,149,1,1,0,0,0,0,0,3,4,0,1,7,,N,,,,,,,,,,,
2009093658,1640.0,3,0,0,0,0,0,0,0,0,1,0,,67,9,2009,5,40.125,-75.0147,1633.0,6,0,0,0,0,1,2,0,0,2.0,0,0,0,16,1,1,1,,1,40 07:30.000,2.0,0,75 00:52.941,8,0,0,0,67301,0,0,0,,0,0,0,4,67301,0,,1,1,,,,,0,,0,0,0,3,2,N,1630,1,3,0,0,0,1,0,3,4,0,3,3,,N,,,,,,,,,,,
2009093661,2115.0,2,0,0,0,0,0,0,0,0,4,0,,67,8,2009,1,40.0251,-75.0827,2113.0,6,0,0,0,0,0,0,0,0,,0,0,0,21,3,1,1,,0,40 01:30.478,,0,75 04:57.665,4,0,0,0,67301,0,0,0,,0,0,0,3,67301,1,,1,1,,N,N,,0,,0,0,0,3,3,,2110,1,2,0,0,0,0,0,3,4,0,2,3,,N,,,,,,,,,,,
2009054240,930.0,0,0,0,0,0,0,0,0,0,0,0,,67,5,2009,1,40.0491,-75.2459,927.0,6,0,0,0,0,0,0,0,0,,0,0,0,9,1,1,0,,0,40 02:56.788,,0,75 14:45.369,3,0,0,0,67301,0,0,0,,0,0,0,1,67301,0,,1,9,,,,,1,,1,0,0,0,0,,927,1,1,0,0,1,0,0,3,4,0,1,7,,N,,,,,,,,,,,
2009054312,9999.0,0,0,0,0,0,0,0,0,0,8,0,,67,4,2009,3,40.0153,-75.2081,730.0,6,0,0,0,0,0,0,0,0,,0,0,0,7,1,1,3,,0,40 00:55.513,,0,75 12:30.235,4,0,0,0,67301,1,0,0,N,1,0,0,2,67301,1,,1,1,,N,N,,0,,0,0,1,3,2,,715,1,2,0,0,0,0,0,3,4,0,1,3,,N,,,,,,,,,,,
2009056924,1655.0,1,0,0,0,0,0,0,0,0,5,0,,67,5,2009,6,39.9117,-75.2423,1634.0,6,0,0,0,0,0,1,0,0,,0,0,0,14,1,1,0,,0,39 54:41.979,,0,75 14:32.451,3,0,0,0,67301,0,0,0,N,0,0,0,2,67301,0,,1,1,,N,N,,0,,1,0,1,0,0,,1434,1,2,0,0,0,0,0,3,4,0,2,3,,N,,,,,,,,,,,
2009054468,1220.0,1,0,0,0,0,0,0,0,0,4,0,,67,4,2009,7,40.0573,-75.1406,1212.0,6,0,0,0,0,0,0,0,0,,0,0,0,99,1,2,1,,0,40 03:26.326,,0,75 08:26.228,3,0,0,0,67301,0,0,0,N,0,0,0,4,67301,0,,1,1,,N,N,,0,,2,0,1,3,3,,9999,2,2,0,0,0,0,1,3,4,0,2,3,,N,,,,,,,,,,,
2009054492,940.0,2,0,0,0,0,0,0,0,0,4,0,,67,5,2009,6,40.0368,-75.0407,939.0,6,0,0,0,0,0,0,0,0,9.0,0,0,0,9,1,1,5,,1,40 02:12.142,2.0,0,75 02:27.052,8,0,0,0,67301,0,0,0,N,0,0,0,3,67301,0,,1,1,,N,N,,0,,0,0,0,3,2,N,936,1,2,0,0,0,1,2,3,4,0,2,3,,N,,,,,,,,,,,
2009086168,2155.0,2,0,0,0,0,0,0,0,0,2,0,,67,7,2009,2,40.0399,-75.1204,2150.0,6,0,0,0,0,0,1,0,0,,0,0,0,21,3,1,3,,0,40 02:23.726,,0,75 07:13.540,3,0,0,0,67301,0,0,0,N,0,0,0,2,67301,0,,1,1,,N,N,,0,,1,0,1,3,2,,2130,1,3,0,0,0,0,0,3,4,0,3,3,,N,,,,,,,,,,,
2009086238,820.0,2,0,0,0,0,0,0,0,0,1,0,,67,7,2009,2,39.9526,-75.2102,820.0,6,0,0,0,0,0,1,1,0,,0,0,0,8,1,1,0,,0,39 57:09.414,,0,75 12:36.871,4,0,0,0,67301,0,0,0,N,0,0,0,2,67301,1,,1,1,,N,N,,0,,0,0,0,0,0,,805,1,2,0,0,0,0,0,3,4,0,2,3,,N,,,,,,,,,,,
2009086253,1829.0,1,0,0,0,0,0,0,0,0,4,0,,67,8,2009,3,40.0126,-75.1609,1828.0,6,0,0,0,0,0,0,0,1,,0,0,0,18,1,1,1,,0,40 00:45.495,,0,75 09:39.526,3,0,0,0,67301,0,0,0,,0,0,0,3,67301,0,,1,1,,,,,0,,1,0,2,3,2,,1828,1,3,0,0,0,0,0,3,4,0,3,3,,N,,,,,,,,,,,
2009086284,1707.0,2,0,0,0,0,0,0,0,0,2,0,,67,8,2009,1,39.915,-75.2376,1707.0,6,0,0,0,0,0,0,0,1,,0,0,0,16,1,0,1,,0,39 54:53.920,,0,75 14:15.385,0,0,0,0,67301,0,0,0,,0,0,0,5,67301,0,,1,1,,,,,0,,0,0,0,2,2,,1650,0,2,0,0,0,0,0,3,4,0,2,3,,N,,,,,,,,,,,
2009083651,637.0,2,0,0,0,0,0,0,0,0,4,0,,67,7,2009,4,39.9626,-75.163,637.0,6,0,0,0,0,0,0,0,0,,0,0,0,6,1,0,1,,0,39 57:45.707,,0,75 09:46.826,0,0,0,0,67301,0,0,0,N,0,0,0,3,67301,0,,1,1,,N,N,,0,,0,0,0,3,2,,635,0,2,0,0,0,0,0,3,4,0,2,3,,N,,,,,,,,,,,
2009065973,252.0,0,0,0,0,0,0,0,0,0,7,0,,67,6,2009,3,39.9867,-75.2076,250.0,6,0,0,0,0,0,1,0,0,9.0,0,0,0,2,3,1,7,,9,39 59:12.120,,2,75 12:27.360,4,0,0,0,67301,0,0,0,Y,0,0,0,1,68K01,1,,4,1,,N,N,,0,,0,0,0,0,0,U,249,1,1,0,0,1,0,0,3,4,1,1,3,,N,,,,,,,,,,,
2010002952,1826.0,1,0,0,0,0,0,0,0,0,2,0,,67,11,2009,6,39.9786,-75.2136,1823.0,6,0,0,0,0,0,2,0,0,,0,0,0,18,3,3,1,,0,39 58:42.839,,0,75 12:49.033,4,0,0,0,67301,0,0,0,N,0,0,0,5,67301,3,,1,1,,N,N,,1,,0,0,0,3,2,,1815,3,2,0,0,0,0,0,3,4,0,2,3,,N,,,,,,,,,,,
2010003014,900.0,2,0,0,0,0,0,0,0,0,1,0,,67,11,2009,2,40.0404,-75.0655,854.0,6,0,0,0,0,0,2,0,0,,0,0,0,8,1,1,5,,0,40 02:25.526,,0,75 03:55.923,8,0,0,0,67301,0,0,0,N,0,0,0,2,67301,0,,1,1,,N,N,,0,,0,0,0,3,2,,840,1,2,0,0,0,1,1,3,4,0,2,3,,N,,,,,,,,,,,
2010003272,541.0,0,0,0,1,0,0,0,0,0,4,0,,67,11,2009,6,40.0227,-75.1335,539.0,6,0,0,0,0,0,0,0,0,1.0,0,0,0,5,3,1,1,,1,40 01:21.712,7.0,0,75 08:00.711,8,0,0,0,67301,1,0,0,,0,0,0,2,67301,0,,1,1,,,,,0,,0,0,1,9,2,N,535,1,2,0,0,0,1,0,3,4,0,1,3,,N,,,,,,,,,,,