CRN,ARRIVAL_TM,AUTOMOBILE_COUNT,BELTED_DEATH_COUNT,BELTED_SUSP_SERIOUS_INJ_COUNT,BICYCLE_COUNT,BICYCLE_DEATH_COUNT,BICYCLE_SUSP_SERIOUS_INJ_COUNT,BUS_COUNT,CHLDPAS_DEATH_COUNT,CHLDPAS_SUSP_SERIOUS_INJ_COUNT,COLLISION_TYPE,COMM_VEH_COUNT,CONS_ZONE_SPD_LIM,COUNTY,CRASH_MONTH,CRASH_YEAR,DAY_OF_WEEK,DEC_LAT,DEC_LONG,DISPATCH_TM,DISTRICT,DRIVER_COUNT_16YR,DRIVER_COUNT_17YR,DRIVER_COUNT_18YR,DRIVER_COUNT_19YR,DRIVER_COUNT_20YR,DRIVER_COUNT_50_64YR,DRIVER_COUNT_65_74YR,DRIVER_COUNT_75PLUS,EST_HRS_CLOSED,FATAL_COUNT,HEAVY_TRUCK_COUNT,HORSE_BUGGY_COUNT,HOUR_OF_DAY,ILLUMINATION,INJURY_COUNT,INTERSECT_TYPE,INTERSECTION_RELATED,LANE_CLOSED,LATITUDE,LN_CLOSE_DIR,LOCATION_TYPE,LONGITUDE,MAX_SEVERITY_LEVEL,MCYCLE_DEATH_COUNT,MCYCLE_SUSP_SERIOUS_INJ_COUNT,MOTORCYCLE_COUNT,MUNICIPALITY,NONMOTR_COUNT,NONMOTR_DEATH_COUNT,NONMOTR_SUSP_SERIOUS_INJ_COUNT,NTFY_HIWY_MAINT,PED_COUNT,PED_DEATH_COUNT,PED_SUSP_SERIOUS_INJ_COUNT,PERSON_COUNT,POLICE_AGCY,POSSIBLE_INJ_COUNT,RDWY_SURF_TYPE_CD,RELATION_TO_ROAD,ROAD_CONDITION,ROADWAY_CLEARED,SCH_BUS_IND,SCH_ZONE_IND,SECONDARY_CRASH,SMALL_TRUCK_COUNT,SPEC_JURIS_CD,SUSP_MINOR_INJ_COUNT,SUSP_SERIOUS_INJ_COUNT,SUV_COUNT,TCD_FUNC_CD,TCD_TYPE,TFC_DETOUR_IND,TIME_OF_DAY,TOT_INJ_COUNT,TOTAL_UNITS,UNB_DEATH_COUNT,UNB_SUSP_SERIOUS_INJ_COUNT,UNBELTED_OCC_COUNT,UNK_INJ_DEG_COUNT,UNK_INJ_PER_COUNT,URBAN_AREA,URBAN_RURAL,VAN_COUNT,VEHICLE_COUNT,WEATHER1,WEATHER2,WORK_ZONE_IND,WORK_ZONE_LOC,WORK_ZONE_TYPE,WORKERS_PRES,WZ_CLOSE_DETOUR,WZ_FLAGGER,WZ_LAW_OFFCR_IND,WZ_LN_CLOSURE,WZ_MOVING,WZ_OTHER,WZ_SHLDER_MDN,WZ_WORKERS_INJ_KILLED
2010003277,1330.0,1,0,0,1,0,0,0,0,0,5,0,,67,11,2009,4,39.961,-75.1617,1319.0,6,0,0,0,0,0,0,0,0,,0,0,0,13,1,1,0,,0,39 57:39.431,,0,75 09:41.940,4,0,0,0,67301,1,0,0,N,0,0,0,2,67301,1,,6,9,,N,N,,0,,0,0,0,0,0,,1310,1,2,0,0,0,0,1,3,4,0,1,7,,N,,,,,,,,,,,
2010006105,752.0,0,0,0,0,0,0,0,0,0,8,0,,67,12,2009,4,39.9498,-75.2058,752.0,6,0,0,0,0,0,1,0,0,,0,0,0,7,5,1,1,,0,39 56:59.424,,0,75 12:20.905,4,0,0,0,67301,1,0,0,N,1,0,0,2,67301,1,,1,9,,N,N,,0,,0,0,1,3,2,,752,1,2,0,0,0,0,0,3,4,0,1,7,,N,,,,,,,,,,,
2010006107,308.0,1,0,0,0,0,0,0,0,0,8,0,,67,11,2009,7,39.9556,-75.2023,307.0,6,0,0,0,0,0,0,0,0,3.0,0,0,0,3,3,1,1,,2,39 57:20.282,3.0,0,75 12:08.149,8,0,0,0,67301,1,0,0,,1,0,0,2,67301,0,,1,1,,,,,0,,0,0,0,3,2,Y,307,1,2,0,0,0,1,0,3,4,0,1,3,,N,,,,,,,,,,,
2010006266,1435.0,4,0,0,0,0,0,0,0,0,1,0,,67,12,2009,5,39.9436,-75.1655,1425.0,6,0,0,0,0,0,0,0,0,1.0,0,0,0,99,1,2,0,,1,39 56:36.913,1.0,0,75 09:55.653,4,0,0,0,67301,0,0,0,N,0,0,0,5,67301,2,,1,1,,N,N,,0,,0,0,0,0,0,N,9999,2,4,0,0,0,0,0,3,4,0,4,3,,N,,,,,,,,,,,
2010006269,931.0,1,0,0,0,0,0,0,0,0,7,0,,67,12,2009,7,40.109,-74.9981,928.0,6,0,0,0,0,0,0,0,0,2.0,0,0,0,9,1,0,6,,1,40 06:32.529,3.0,2,74 59:53.262,0,0,0,0,67301,0,0,0,N,0,0,0,1,67301,0,,3,9,,N,N,,0,,0,0,0,3,4,N,926,0,1,0,0,0,0,0,3,4,0,1,7,,N,,,,,,,,,,,
2010006317,1618.0,2,0,0,0,0,0,0,0,0,1,0,,67,12,2009,5,39.9842,-75.0991,1608.0,6,0,0,0,0,0,1,0,0,,0,0,0,16,1,1,1,,0,39 59:03.239,,0,75 05:56.509,8,0,0,0,67301,0,0,0,,0,0,0,3,67301,0,,1,1,,N,N,,0,,0,0,0,3,2,,1600,1,2,0,0,0,1,0,3,4,0,2,3,,N,,,,,,,,,,,
2010006336,1545.0,0,0,0,0,0,0,0,0,0,4,0,,67,12,2009,2,40.0829,-75.2063,1522.0,6,0,0,0,0,0,0,0,2,,0,0,0,14,1,2,2,,0,40 04:58.544,,0,75 12:22.723,4,0,0,0,67301,0,0,0,N,0,0,0,2,67301,2,,9,2,,N,N,,0,,0,0,1,3,3,,1422,2,2,0,0,0,0,0,3,4,1,2,10,,N,,,,,,,,,,,
2010010172,0.0,1,0,0,0,0,0,0,0,0,1,0,,67,7,2009,2,40.0299,-75.1043,0.0,6,0,0,0,0,0,0,0,0,,0,0,0,4,6,1,1,,0,40 01:47.921,,0,75 06:15.655,8,0,0,0,67301,0,0,0,N,0,0,0,2,00000,0,,1,1,,N,N,,0,,0,0,0,3,2,,430,1,2,0,0,0,1,1,3,4,0,2,3,,N,,,,,,,,,,,
2010011129,922.0,1,0,0,0,0,0,0,0,0,4,0,,67,12,2009,3,40.0607,-75.0542,918.0,6,0,0,0,0,0,1,0,0,,0,0,0,9,1,3,1,,0,40 03:38.529,,0,75 03:14.962,8,0,0,0,67301,0,0,0,Y,0,0,0,4,67301,0,,1,1,,N,N,,1,,0,0,0,3,2,,915,3,2,0,0,0,3,1,3,4,0,2,3,,N,,,,,,,,,,,
2010002280,1736.0,2,0,0,0,0,0,0,0,0,1,0,,67,12,2009,4,40.0442,-75.0027,1720.0,6,0,0,0,0,0,1,0,0,1.0,0,0,0,17,3,1,0,,2,40 02:39.182,2.0,0,75 00:09.838,8,0,0,0,67301,0,0,0,N,0,0,0,4,68K01,0,,1,1,,N,N,,1,,0,0,0,0,0,N,1710,1,3,0,0,0,1,0,3,4,0,3,3,,N,,,,,,,,,,,
2010003058,1205.0,2,0,0,0,0,0,0,0,0,1,0,,67,11,2009,6,39.9393,-75.1982,1200.0,6,0,0,0,0,0,0,0,0,,0,0,0,11,1,1,1,,0,39 56:22.681,,0,75 11:53.378,4,0,0,0,67301,0,0,0,N,0,0,0,2,67301,1,,1,1,,N,N,,0,,0,0,0,3,2,,1159,1,2,0,0,0,0,0,3,4,0,2,3,,N,,,,,,,,,,,
2009064874,1544.0,2,0,0,0,0,0,0,0,0,4,0,,67,5,2009,2,40.0749,-75.0415,1502.0,6,0,0,0,0,0,0,0,0,1.0,0,0,0,15,1,1,0,,1,40 04:29.643,3.0,7,75 02:29.411,4,0,0,0,67301,0,0,0,N,0,0,0,2,67301,1,,1,1,,N,N,,0,,0,0,0,0,0,Y,1502,1,2,0,0,2,0,0,3,4,0,2,3,,N,,,,,,,,,,,
2009065151,2325.0,2,0,0,0,0,0,0,0,0,4,0,,67,5,2009,3,40.0808,-75.0284,2323.0,6,0,0,0,0,1,0,0,0,2.0,0,0,0,23,3,1,1,,1,40 04:50.820,7.0,0,75 01:42.117,4,0,0,0,67301,0,0,0,N,0,0,0,2,67301,1,,1,1,,N,N,,0,,0,0,0,2,2,Y,2322,1,2,0,0,0,0,0,3,4,0,2,3,,N,,,,,,,,,,,
2009057234,1440.0,2,0,0,0,0,0,0,0,0,1,0,,67,5,2009,3,39.9641,-75.1843,1435.0,6,0,0,0,0,1,0,0,0,,0,0,0,14,1,2,2,,0,39 57:50.718,,2,75 11:03.961,4,0,0,0,67301,0,0,0,N,0,0,0,3,67301,2,,7,9,,N,N,,0,,0,0,0,0,0,,1430,2,2,0,0,0,0,1,3,4,0,2,7,,N,,,,,,,,,,,
2009057292,1950.0,1,0,0,0,0,0,0,0,0,8,0,,67,4,2009,5,39.9173,-75.233,1940.0,6,0,0,0,0,0,0,0,0,9.0,0,0,0,19,1,1,0,,1,39 55:02.286,2.0,0,75 13:58.726,8,0,0,0,67301,1,0,0,,1,0,0,2,67301,0,,1,1,,,,,0,,0,0,0,0,0,Y,1933,1,2,0,0,0,1,0,3,4,0,1,3,,N,,,,,,,,,,,
2009111098,1428.0,3,0,0,0,0,0,0,0,0,5,0,,67,9,2009,4,39.9532,-75.2426,1428.0,6,0,0,0,0,0,0,0,0,3.0,0,0,0,14,1,3,1,,2,39 57:11.592,5.0,0,75 14:33.424,3,0,0,0,67301,1,0,0,N,1,0,0,3,67301,2,,1,1,,N,N,,0,,1,0,1,3,2,Y,1428,3,5,0,0,1,0,0,3,4,0,4,3,,N,,,,,,,,,,,
2009118850,2357.0,2,0,0,0,0,0,0,0,0,2,0,,67,10,2009,7,40.0364,-75.1305,2357.0,6,0,0,0,0,0,1,0,0,2.0,0,0,0,23,3,2,1,,1,40 02:11.165,1.0,0,75 07:49.937,4,0,0,0,67301,0,0,0,N,0,0,0,3,67301,2,,1,1,,N,N,,0,,0,0,1,3,2,N,2348,2,3,0,0,0,0,1,3,4,0,3,3,,N,,,,,,,,,,,
2009111166,2258.0,1,0,0,0,0,0,0,0,0,8,0,,67,10,2009,1,,,2241.0,6,0,0,0,0,0,0,0,0,,0,0,0,19,4,1,0,,0,,,0,,3,0,0,0,67301,1,0,0,,1,0,0,2,67301,0,,1,1,,,,,0,,1,0,0,0,0,,1900,1,2,0,0,0,0,0,3,3,0,1,3,,N,,,,,,,,,,,
2009120849,627.0,3,0,0,0,0,0,0,0,0,1,0,,67,10,2009,3,39.9025,-75.2398,623.0,6,0,0,0,0,0,0,0,0,3.0,0,0,0,6,3,1,0,,2,39 54:09.160,2.0,3,75 14:23.346,4,0,0,0,67301,0,0,0,N,0,0,0,4,67301,1,,1,9,,N,N,,0,,0,0,0,0,0,Y,620,1,3,0,0,0,0,0,3,4,0,3,7,,N,,,,,,,,,,,
2009120870,1310.0,0,0,0,0,0,0,0,0,0,7,0,,67,11,2009,7,40.0274,-75.0333,1304.0,6,0,0,0,0,0,0,0,0,2.0,0,0,0,13,1,0,0,,1,40 01:38.622,2.0,0,75 01:59.981,0,0,0,0,67301,0,0,0,,0,0,0,1,67301,0,,5,1,,,,,0,,0,0,1,0,0,Y,1300,0,1,0,0,0,0,0,3,4,0,1,3,,N,,,,,,,,,,,
2009118987,1710.0,1,0,0,0,0,0,0,0,0,4,0,,67,10,2009,4,40.0412,-75.1156,1708.0,6,0,0,0,0,0,0,1,0,,0,0,0,17,1,0,3,,0,40 02:28.377,,7,75 06:56.005,0,0,0,0,67301,0,0,0,N,0,0,0,2,67301,0,,1,1,,N,N,,0,,0,0,1,3,2,,1700,0,2,0,0,0,0,0,3,4,0,2,3,,N,,,,,,,,,,,
2009114130,1409.0,1,0,0,0,0,0,0,0,0,7,0,,67,10,2009,3,40.0463,-75.0008,1358.0,6,0,0,0,0,0,0,0,0,,0,0,0,13,1,0,0,,0,40 02:46.523,,2,75 00:02.801,0,0,0,0,67301,0,0,0,N,0,0,0,2,68K01,0,,5,9,,N,N,,0,,0,0,0,0,0,,1355,0,1,0,0,0,0,0,3,4,0,1,7,,N,,,,,,,,,,,
2009093550,735.0,4,0,0,0,0,0,0,0,0,1,0,,67,8,2009,3,40.0272,-75.0989,731.0,6,0,0,0,0,0,1,0,0,2.0,0,0,0,7,1,1,2,,1,40 01:38.505,1.0,7,75 05:56.834,4,0,0,0,67301,0,0,0,N,0,0,0,5,67301,1,,1,1,,N,N,,0,,0,0,0,3,2,N,730,1,4,0,0,0,0,0,3,4,0,4,3,,N,,,,,,,,,,,
2009093567,1947.0,0,0,0,0,0,0,0,0,0,4,0,,67,8,2009,5,40.0092,-75.1578,1945.0,6,0,0,0,0,0,1,0,0,,0,0,0,19,3,2,1,,0,40 00:33.166,,0,75 09:28.054,8,0,0,0,67301,0,0,0,N,0,0,0,2,67301,0,,1,1,,N,N,,0,,0,0,0,0,0,,1943,2,2,0,0,0,2,0,3,4,2,2,3,,N,,,,,,,,,,,
2009093573,1647.0,1,0,0,0,0,0,0,0,0,4,0,,67,8,2009,7,40.0492,-75.1722,1646.0,6,0,0,0,0,0,0,0,0,3.0,0,0,0,16,1,2,1,,1,40 02:57.246,1.0,0,75 10:19.883,8,0,0,0,67301,0,0,0,N,0,0,0,6,67301,0,,1,1,,N,N,,1,,0,0,0,3,3,N,1646,2,2,0,0,1,2,0,3,4,0,2,3,,N,,,,,,,,,,,
2009056988,1542.0,0,0,0,0,0,0,0,0,0,4,0,,67,4,2009,2,39.9201,-75.1788,1542.0,6,0,0,0,0,0,1,0,0,,0,0,0,15,1,1,0,,0,39 55:12.223,,0,75 10:43.820,8,0,0,0,67301,0,0,0,N,0,0,0,2,67301,0,,1,1,,N,N,,0,,0,0,1,0,0,,1530,1,2,0,0,0,1,0,3,4,1,2,3,,N,,,,,,,,,,,
2009054460,1530.0,0,0,0,0,0,0,0,0,0,7,0,,67,5,2009,7,40.0293,-75.1051,1512.0,6,0,0,0,0,0,0,0,0,2.0,0,0,0,15,1,1,5,,1,40 01:45.748,1.0,99,75 06:17.490,4,0,0,0,67301,0,0,0,Y,0,0,0,2,67301,1,,4,1,,N,N,,0,,0,0,1,3,2,N,1512,1,1,0,0,0,0,0,3,4,0,1,3,,N,,,,,,,,,,,
2009086169,1115.0,3,0,0,0,0,0,0,0,0,4,0,,67,8,2009,3,39.9555,-75.2136,1112.0,6,0,0,0,1,0,0,0,0,,0,0,0,11,1,1,2,,0,39 57:19.761,,0,75 12:48.923,4,0,0,0,67301,0,0,0,N,0,0,0,3,67301,1,,1,1,,N,N,,0,,0,0,0,3,2,,1105,1,3,0,0,0,0,0,3,4,0,3,3,,N,,,,,,,,,,,
2009068535,928.0,1,0,0,0,0,0,0,0,0,8,0,,67,6,2009,5,40.0726,-75.1566,924.0,6,0,0,0,0,0,0,0,0,,0,0,0,9,1,1,0,,0,40 04:21.342,,0,75 09:23.857,8,0,0,0,67301,1,0,0,,1,0,0,2,67301,0,,1,9,,N,N,,0,,0,0,0,0,0,,920,1,2,0,0,0,1,0,3,4,0,1,3,,N,,,,,,,,,,,
2010003154,557.0,0,0,0,0,0,0,0,0,0,4,0,,67,12,2009,6,40.0272,-75.0329,557.0,6,0,0,0,0,0,0,1,0,1.0,0,0,0,4,3,1,1,,1,40 01:41.450,7.0,0,75 02:20.031,3,0,0,0,67301,0,0,0,Y,0,0,0,2,67301,0,,1,1,,N,N,,1,,1,0,0,3,2,N,402,1,2,0,0,0,0,1,3,4,1,2,3,,N,,,,,,,,,,,
2010005910,1824.0,1,0,0,0,0,0,0,0,0,4,0,,67,12,2009,5,40.0086,-75.0688,1824.0,6,0,0,0,0,0,1,0,0,1.0,0,0,0,99,3,1,1,,1,40 00:31.249,4.0,0,75 04:07.877,8,0,0,0,67301,0,0,0,,0,0,0,3,67301,0,,1,1,,N,N,,0,,0,0,0,9,2,N,9999,1,2,0,0,0,1,0,3,4,1,2,3,,N,,,,,,,,,,,
2010006363,545.0,1,0,0,0,0,0,0,0,0,4,0,,67,12,2009,7,40.0115,-75.1633,530.0,6,0,0,0,0,0,0,0,0,,0,0,0,5,3,0,0,,0,40 00:41.429,,0,75 09:47.814,9,0,0,0,67301,0,0,0,N,0,0,0,1,67301,0,,6,9,,N,N,,0,,0,0,0,0,0,,530,0,2,0,0,0,0,1,3,4,1,2,10,,N,,,,,,,,,,,
2010006369,9999.0,1,0,0,0,0,0,0,0,0,2,0,,67,12,2009,1,39.8954,-75.2338,9999.0,6,0,0,0,1,0,1,0,0,3.0,0,0,0,99,3,1,0,,2,39 53:43.420,3.0,0,75 14:01.549,3,0,0,0,67301,0,0,0,N,0,0,0,3,67301,0,,1,2,,N,N,,1,,1,0,0,3,2,Y,9999,1,2,0,0,0,0,0,3,4,0,2,7,,N,,,,,,,,,,,
2010010190,0.0,0,0,0,1,0,0,0,0,0,1,0,,67,6,2009,2,39.9592,-75.2373,0.0,6,0,0,0,0,0,0,0,0,,0,0,0,21,3,1,1,,0,39 57:33.134,,0,75 14:14.312,8,0,0,0,67301,1,0,0,N,0,0,0,2,00000,0,,1,1,,N,N,,0,,0,0,0,0,0,,2130,1,2,0,0,0,1,0,3,4,0,1,3,,N,,,,,,,,,,,
2010011134,9999.0,1,0,0,0,0,0,0,0,0,4,0,,67,12,2009,1,40.0405,-75.0589,1125.0,6,0,0,0,1,0,0,0,0,3.0,0,0,0,11,8,3,1,,1,40 02:25.798,2.0,0,75 03:31.964,2,0,0,0,67301,0,0,0,N,0,0,0,3,67301,0,,2,9,,N,N,,0,,0,1,1,3,2,Y,1125,3,2,0,1,3,2,0,3,4,0,2,7,,N,,,,,,,,,,,
2010017131,2133.0,1,0,0,0,0,0,0,0,0,7,0,,67,12,2009,5,39.9714,-75.2261,2133.0,6,0,0,0,0,0,1,0,0,,0,0,0,21,3,3,0,,0,39 58:17.054,,0,75 13:33.830,8,0,0,0,67301,0,0,0,,0,0,0,3,67301,0,,4,9,,N,N,,0,,0,0,0,0,0,,2125,3,1,0,0,0,3,0,3,4,0,1,7,,N,,,,,,,,,,,
2010017242,1843.0,2,0,0,0,0,0,0,0,0,4,0,,67,12,2009,5,39.9512,-75.2451,1838.0,6,0,0,0,0,0,0,1,1,,0,0,0,18,3,0,1,,0,39 57:04.262,,0,75 14:42.259,0,0,0,0,67301,0,0,0,N,0,0,0,4,67301,0,,1,1,,N,N,,0,,0,0,0,3,3,,1815,0,2,0,0,0,0,0,3,4,0,2,3,,N,,,,,,,,,,,
2010012698,0.0,0,0,0,0,0,0,0,0,0,8,0,,67,9,2009,5,40.0683,-74.9892,0.0,6,0,0,0,0,0,0,0,0,,0,0,0,18,1,1,0,,0,40 04:05.779,,7,74 59:21.260,3,0,0,0,67301,1,0,0,N,1,0,0,2,00000,0,,1,1,,N,N,,0,,1,0,0,0,0,,1835,1,2,0,0,0,0,1,3,4,1,1,3,,N,,,,,,,,,,,
2010001845,812.0,0,0,0,0,0,0,0,0,0,7,0,,67,12,2009,1,39.9943,-75.1986,811.0,6,0,0,0,0,0,0,0,0,3.0,0,0,0,8,1,1,0,,1,39 59:42.720,4.0,0,75 11:51.720,4,0,0,0,67301,0,0,0,Y,0,0,0,1,68K01,1,,3,7,,N,N,,1,,0,0,0,0,0,N,810,1,1,0,0,0,0,0,3,4,0,1,10,,N,,,,,,,,,,,
2010006380,1900.0,0,0,0,0,0,0,0,0,0,8,0,,67,12,2009,5,40.0341,-75.1291,1814.0,6,0,0,0,0,0,0,0,0,,0,0,0,17,4,1,1,,0,40 02:02.889,,0,75 07:44.763,3,0,0,0,67301,1,0,0,N,1,0,0,2,67301,0,,1,9,,,,,0,,1,0,0,2,3,,1739,1,2,0,0,0,0,0,3,4,0,1,3,,N,,,,,,,,,,,
2010005507,330.0,0,0,0,1,0,0,0,0,0,1,0,,67,12,2009,5,39.9798,-75.1776,326.0,6,0,0,0,0,0,0,0,0,,0,0,0,3,6,1,0,,0,39 58:47.180,,0,75 10:39.300,8,0,0,0,67301,1,0,0,,0,0,0,2,67301,0,,1,1,,,,,0,,0,0,0,0,0,,320,1,2,0,0,0,1,0,3,4,0,1,3,,N,,,,,,,,,,,
2010005520,714.0,1,0,0,0,0,0,0,0,0,4,0,,67,12,2009,5,40.0176,-75.065,707.0,6,0,0,0,0,0,1,0,0,,0,0,0,99,1,0,1,,0,40 01:03.302,,0,75 03:54.743,0,0,0,0,67301,0,0,0,N,0,0,0,2,67301,0,,1,1,,N,N,,1,,0,0,0,2,2,,9999,0,2,0,0,0,0,0,3,4,0,2,3,,N,,,,,,,,,,,
2010002678,736.0,1,0,0,0,0,0,0,0,0,5,0,,67,12,2009,1,39.9744,-75.1943,733.0,6,0,0,0,0,0,0,0,0,1.0,0,0,0,7,1,2,0,,1,39 58:31.440,3.0,0,75 11:40.920,4,0,0,0,67301,0,0,0,N,0,0,0,3,68K01,2,,1,1,,N,N,,0,,0,0,0,0,0,N,732,2,2,0,0,1,0,1,3,4,0,2,3,,N,,,,,,,,,,,
2010002912,620.0,1,0,0,0,0,0,0,0,0,8,0,,67,12,2009,4,40.0456,-75.1285,619.0,6,0,0,0,0,0,0,0,0,,0,0,0,6,3,1,1,,0,40 02:44.254,,0,75 07:42.459,4,0,0,0,67301,1,0,0,N,1,0,0,2,67301,1,,1,9,,N,N,,0,,0,0,0,3,2,,616,1,2,0,0,0,0,0,3,4,0,1,7,,N,,,,,,,,,,,
2010005650,1717.0,0,0,0,0,0,0,0,0,0,8,0,,67,12,2009,2,39.971,-75.2343,1709.0,6,0,0,0,0,0,1,0,0,,0,0,0,16,4,1,0,,0,39 58:15.448,,0,75 14:03.354,4,0,0,0,67301,1,0,0,N,1,0,0,3,67301,1,,1,1,,N,N,,0,,0,0,1,0,0,,1645,1,2,0,0,0,0,0,3,4,0,1,3,,N,,,,,,,,,,,
2009093563,2055.0,1,0,0,0,0,0,0,0,0,2,0,,67,8,2009,7,39.9762,-75.2267,2053.0,6,0,0,0,0,0,0,0,0,,0,0,0,20,3,1,5,,0,39 58:34.180,,0,75 13:36.167,4,0,0,1,67301,0,0,0,N,0,0,0,2,67301,1,,1,9,,N,N,,0,,0,0,0,3,2,,2050,1,2,0,0,0,0,0,3,4,0,2,7,,N,,,,,,,,,,,
2009093579,1044.0,1,0,0,0,0,0,0,0,0,8,0,,67,8,2009,3,39.9392,-75.1611,1043.0,6,0,0,0,0,0,1,0,0,,0,0,0,99,1,1,0,,0,39 56:20.976,,0,75 09:39.916,4,0,0,0,67301,1,0,0,N,1,0,0,2,67301,1,,1,1,,N,N,,0,,0,0,0,0,0,,9999,1,2,0,0,0,0,0,3,4,0,1,3,,N,,,,,,,,,,,
2009056978,1445.0,1,0,0,0,0,0,1,0,0,2,1,,67,5,2009,3,39.9592,-75.2063,1440.0,6,0,0,0,0,0,0,0,0,,0,0,0,14,1,1,0,,0,39 57:33.016,,0,75 12:22.809,8,0,0,0,67301,0,0,0,N,0,0,0,5,67301,0,,1,1,,N,N,,0,,0,0,0,0,0,,1435,1,2,0,0,0,1,0,3,4,0,2,3,,N,,,,,,,,,,,
2009086120,2115.0,1,0,0,0,0,0,0,0,0,4,0,,67,7,2009,7,39.9659,-75.1523,2111.0,6,0,0,0,0,0,0,0,0,,0,0,0,21,3,0,1,,0,39 57:57.168,,0,75 09:08.258,0,0,0,0,67301,0,0,0,,0,0,0,4,67301,0,,1,1,,N,,,1,,0,0,0,3,3,,2111,0,2,0,0,2,0,0,3,4,0,2,3,,N,,,,,,,,,,,
2009086121,1818.0,0,0,0,0,0,0,0,0,0,8,0,,67,7,2009,5,40.0591,-75.0345,1813.0,6,0,0,0,0,0,0,0,0,,0,0,0,18,1,1,0,,0,40 03:32.644,,0,75 02:04.196,3,0,0,0,67301,1,0,0,N,1,0,0,4,67301,0,,1,9,,N,N,,0,,1,0,1,0,0,,1812,1,2,0,0,0,0,0,3,4,0,1,7,,N,,,,,,,,,,,
2009083642,2030.0,1,0,0,0,0,0,0,0,0,4,0,,67,7,2009,5,40.0277,-75.0988,2024.0,6,0,0,0,0,0,1,0,0,1.0,0,0,0,20,3,1,5,,1,40 01:40.095,2.0,0,75 05:55.134,3,0,0,0,67301,0,0,0,N,0,0,0,2,67301,0,,1,9,,N,N,,0,,1,0,1,3,2,N,2020,1,2,0,0,0,0,0,3,4,0,2,3,,N,,,,,,,,,,,
2009083650,1918.0,0,0,0,0,0,0,0,0,0,7,0,99.0,67,7,2009,3,40.0113,-75.183,1911.0,6,0,0,0,0,0,0,0,0,1.0,0,0,0,19,1,1,0,,2,40 00:41.638,2.0,0,75 10:57.536,4,0,0,0,67301,0,0,0,N,0,0,0,1,67301,1,,4,1,,N,N,,0,,0,0,1,0,0,N,1910,1,1,0,0,0,0,0,3,4,0,1,3,,Y,8.0,8.0,U,U,U,U,U,U,U,U,
2009086141,1725.0,1,0,0,1,0,0,0,0,0,4,0,,67,8,2009,1,40.1176,-75.04,1720.0,6,0,0,0,0,0,0,0,0,,0,0,0,17,1,1,2,,0,40 07:03.421,,0,75 02:24.086,4,0,0,0,67301,1,0,0,N,0,0,0,2,67301,1,,1,1,,N,N,,0,,0,0,0,3,3,,1700,1,2,0,0,0,0,0,3,4,0,1,3,,N,,,,,,,,,,,
2009065975,700.0,2,0,0,0,0,0,0,0,0,1,0,,67,6,2009,3,39.9743,-75.1188,656.0,6,0,0,0,0,0,0,0,0,,0,0,0,6,1,1,0,,0,39 58:28.920,,0,75 07:04.440,8,0,0,0,67301,0,0,0,N,0,0,0,2,68K01,0,,1,9,,N,N,,0,,0,0,0,0,0,,655,1,2,0,0,0,1,0,3,4,0,2,7,,N,,,,,,,,,,,
2009071012,2109.0,1,0,0,0,0,0,0,0,0,7,0,,67,7,2009,7,39.9577,-75.1408,2103.0,6,0,0,0,0,0,0,0,0,,0,0,0,21,3,0,0,,0,39 57:28.080,,0,75 08:26.880,0,0,0,0,67301,0,0,0,N,0,0,0,2,68K01,0,,2,1,,N,N,,0,,0,0,0,0,0,,2100,0,1,0,0,0,0,0,3,4,0,1,3,,N,,,,,,,,,,,
2009068633,1641.0,3,0,0,0,0,0,0,0,0,4,1,,67,6,2009,3,40.0078,-75.202,1638.0,6,0,0,0,0,0,0,0,0,1.0,0,1,0,16,1,1,0,,1,40 00:27.694,3.0,0,75 12:05.877,8,0,0,0,67301,0,0,0,N,0,0,0,6,68K01,0,,1,1,,N,N,,0,,0,0,0,0,0,N,1636,1,4,0,0,0,1,1,3,4,0,4,3,,N,,,,,,,,,,,
2009071382,1715.0,1,0,0,0,0,0,0,0,0,8,0,,67,6,2009,6,39.9914,-75.1595,1645.0,6,0,0,0,0,0,0,0,0,,0,0,0,16,1,1,1,,0,39 59:29.158,,0,75 09:34.196,3,0,0,0,67301,1,0,0,N,1,0,0,2,67301,0,,1,1,,N,N,,0,,1,0,0,3,3,,1640,1,2,0,0,0,0,0,3,4,0,1,3,,N,,,,,,,,,,,
2010002956,1117.0,2,0,0,0,0,0,0,0,0,2,0,,67,11,2009,5,39.9128,-75.1604,1114.0,6,0,0,0,0,0,0,0,0,2.0,0,0,0,11,1,1,1,,1,39 54:45.975,4.0,0,75 09:37.454,8,0,0,0,67301,0,0,0,,0,0,0,2,67301,0,,1,1,,,,,0,,0,0,0,3,2,Y,1112,1,2,0,0,0,1,0,3,4,0,2,3,,N,,,,,,,,,,,
2010003097,1223.0,0,0,0,0,0,0,0,0,0,8,0,,67,11,2009,5,39.9545,-75.226,1209.0,6,0,0,0,0,0,0,1,0,,0,0,0,12,1,1,0,,0,39 57:16.144,,0,75 13:33.664,8,0,0,0,67301,1,0,0,,1,0,0,2,67301,0,,1,9,,N,N,,0,,0,0,0,3,2,,1209,1,2,0,0,0,1,0,3,4,1,1,7,,N,,,,,,,,,,,