CRN,ARRIVAL_TM,AUTOMOBILE_COUNT,BELTED_DEATH_COUNT,BELTED_SUSP_SERIOUS_INJ_COUNT,BICYCLE_COUNT,BICYCLE_DEATH_COUNT,BICYCLE_SUSP_SERIOUS_INJ_COUNT,BUS_COUNT,CHLDPAS_DEATH_COUNT,CHLDPAS_SUSP_SERIOUS_INJ_COUNT,COLLISION_TYPE,COMM_VEH_COUNT,CONS_ZONE_SPD_LIM,COUNTY,CRASH_MONTH,CRASH_YEAR,DAY_OF_WEEK,DEC_LAT,DEC_LONG,DISPATCH_TM,DISTRICT,DRIVER_COUNT_16YR,DRIVER_COUNT_17YR,DRIVER_COUNT_18YR,DRIVER_COUNT_19YR,DRIVER_COUNT_20YR,DRIVER_COUNT_50_64YR,DRIVER_COUNT_65_74YR,DRIVER_COUNT_75PLUS,EST_HRS_CLOSED,FATAL_COUNT,HEAVY_TRUCK_COUNT,HORSE_BUGGY_COUNT,HOUR_OF_DAY,ILLUMINATION,INJURY_COUNT,INTERSECT_TYPE,INTERSECTION_RELATED,LANE_CLOSED,LATITUDE,LN_CLOSE_DIR,LOCATION_TYPE,LONGITUDE,MAX_SEVERITY_LEVEL,MCYCLE_DEATH_COUNT,MCYCLE_SUSP_SERIOUS_INJ_COUNT,MOTORCYCLE_COUNT,MUNICIPALITY,NONMOTR_COUNT,NONMOTR_DEATH_COUNT,NONMOTR_SUSP_SERIOUS_INJ_COUNT,NTFY_HIWY_MAINT,PED_COUNT,PED_DEATH_COUNT,PED_SUSP_SERIOUS_INJ_COUNT,PERSON_COUNT,POLICE_AGCY,POSSIBLE_INJ_COUNT,RDWY_SURF_TYPE_CD,RELATION_TO_ROAD,ROAD_CONDITION,ROADWAY_CLEARED,SCH_BUS_IND,SCH_ZONE_IND,SECONDARY_CRASH,SMALL_TRUCK_COUNT,SPEC_JURIS_CD,SUSP_MINOR_INJ_COUNT,SUSP_SERIOUS_INJ_COUNT,SUV_COUNT,TCD_FUNC_CD,TCD_TYPE,TFC_DETOUR_IND,TIME_OF_DAY,TOT_INJ_COUNT,TOTAL_UNITS,UNB_DEATH_COUNT,UNB_SUSP_SERIOUS_INJ_COUNT,UNBELTED_OCC_COUNT,UNK_INJ_DEG_COUNT,UNK_INJ_PER_COUNT,URBAN_AREA,URBAN_RURAL,VAN_COUNT,VEHICLE_COUNT,WEATHER1,WEATHER2,WORK_ZONE_IND,WORK_ZONE_LOC,WORK_ZONE_TYPE,WORKERS_PRES,WZ_CLOSE_DETOUR,WZ_FLAGGER,WZ_LAW_OFFCR_IND,WZ_LN_CLOSURE,WZ_MOVING,WZ_OTHER,WZ_SHLDER_MDN,WZ_WORKERS_INJ_KILLED
2010003172,1834.0,0,0,0,0,0,0,1,0,0,3,1,,67,11,2009,4,40.0455,-75.0537,1806.0,6,0,0,0,0,0,0,0,0,,0,0,0,18,3,1,0,,0,40 02:43.774,,0,75 03:13.461,4,0,0,0,67301,0,0,0,N,0,0,0,6,67301,1,,1,9,,N,N,,0,,0,0,1,0,0,,1803,1,2,0,0,0,0,0,3,4,0,2,7,,N,,,,,,,,,,,
2010003228,2014.0,3,0,0,0,0,0,0,0,0,3,0,,67,12,2009,6,39.9609,-75.145,2006.0,6,0,0,1,0,0,0,0,0,,0,0,0,19,3,0,1,,0,39 57:39.402,,0,75 08:41.743,9,0,0,0,67301,0,0,0,N,0,0,0,3,67301,0,,1,1,,N,N,,0,,0,0,0,0,0,,1955,0,3,0,0,3,0,1,3,4,0,3,3,,N,,,,,,,,,,,
2010003278,1850.0,0,0,0,1,0,0,0,0,0,4,0,,67,11,2009,2,40.0296,-75.0808,1845.0,6,0,0,0,0,0,0,0,0,,0,0,0,18,3,1,1,,0,40 01:46.491,,0,75 04:51.013,8,0,0,0,67301,1,0,0,N,0,0,0,2,67301,0,,1,9,,N,N,,0,,0,0,0,0,0,,1845,1,2,0,0,0,1,0,3,4,1,1,7,,N,,,,,,,,,,,
2010003282,125.0,2,0,0,0,0,0,0,0,0,1,0,,67,11,2009,7,40.0321,-75.1146,120.0,6,0,0,0,0,0,1,0,0,,0,0,0,1,3,1,0,,0,40 01:55.540,,0,75 06:52.594,4,0,0,0,67301,0,0,0,,0,0,0,1,67301,1,,1,1,,,,,0,,0,0,0,0,0,,118,1,2,0,0,0,0,0,3,4,0,2,3,,N,,,,,,,,,,,
2010006263,1345.0,0,0,0,0,0,0,1,0,0,1,1,,67,12,2009,5,39.9597,-75.2352,1340.0,6,0,0,0,0,0,0,0,0,,0,0,0,13,1,6,1,,0,39 57:34.979,,0,75 14:06.596,8,0,0,0,67301,0,0,0,N,0,0,0,8,67301,0,,1,1,,N,N,,0,,0,0,1,3,2,,1330,6,2,0,0,0,6,0,3,4,0,2,3,,N,,,,,,,,,,,
2010006312,507.0,2,0,0,0,0,0,0,0,0,4,0,,67,12,2009,7,39.9255,-75.2251,507.0,6,0,0,0,0,0,0,0,0,,0,0,0,4,3,0,0,,0,39 55:31.965,,0,75 13:30.349,9,0,0,0,67301,0,0,0,N,0,0,0,1,67301,0,,1,1,,N,N,,0,,0,0,0,0,0,,430,0,2,0,0,0,0,1,3,4,0,2,3,,N,,,,,,,,,,,
2010005676,1314.0,1,0,0,0,0,0,0,0,0,8,0,,67,12,2009,3,39.9223,-75.1871,1311.0,6,0,0,0,0,0,0,0,0,,0,0,0,13,1,1,1,,0,39 55:20.291,,0,75 11:12.722,4,0,0,0,67301,1,0,0,,1,0,0,2,67301,1,,1,1,,,,,0,,0,0,0,3,2,,1309,1,2,0,0,0,0,0,3,4,0,1,3,,N,,,,,,,,,,,
2010011186,1520.0,3,0,0,0,0,0,0,0,0,2,0,,67,12,2009,3,40.0136,-75.1502,1515.0,6,0,0,0,1,0,1,0,0,,0,0,0,14,1,1,0,,0,40 00:48.924,,0,75 09:00.676,8,0,0,0,67301,0,0,0,N,0,0,0,4,67301,0,,1,9,,N,N,,1,,0,0,0,3,2,,1400,1,4,0,0,0,1,1,3,4,0,4,10,,N,,,,,,,,,,,
2010011195,1805.0,2,0,0,0,0,0,0,0,0,1,0,,67,10,2009,5,40.1343,-75.0092,1800.0,6,0,0,0,0,0,0,0,0,,0,0,0,18,1,1,0,,0,40 08:03.512,,0,75 00:33.244,3,0,0,0,67301,0,0,0,N,0,0,0,2,67301,0,,1,1,,N,N,,0,,1,0,0,0,0,,1800,1,2,0,0,0,0,0,3,4,0,2,3,,N,,,,,,,,,,,
2010016995,2230.0,2,0,0,0,0,0,0,0,0,1,0,,67,12,2009,5,39.9514,-75.1991,2227.0,6,0,0,0,0,0,0,0,0,,0,0,0,22,3,1,1,,0,39 57:04.866,,0,75 11:56.817,3,0,0,0,67301,0,0,0,N,0,0,0,3,67301,0,,1,9,,N,N,,0,,1,0,0,3,2,,2225,1,2,0,0,0,0,0,3,4,0,2,7,,N,,,,,,,,,,,
2010021026,2340.0,1,0,0,0,0,0,0,0,0,4,0,,67,12,2009,2,39.9573,-75.2479,2335.0,6,0,0,0,0,0,1,0,0,,0,0,0,23,3,2,1,,0,39 57:26.251,,0,75 14:52.347,3,0,0,0,67301,0,0,0,,0,0,0,2,67301,1,,1,1,,N,N,,0,,1,0,1,2,2,,2311,2,2,0,0,0,0,0,3,4,0,2,3,,N,,,,,,,,,,,
2010018926,1707.0,1,0,0,0,0,0,0,0,0,2,0,,67,12,2009,5,40.0817,-74.9944,1704.0,6,0,0,0,0,0,2,0,0,1.0,0,0,0,17,2,2,2,,1,40 04:53.936,1.0,0,74 59:39.961,4,0,0,0,67301,0,0,0,N,0,0,0,2,67301,1,,1,1,,N,N,,1,,0,0,0,3,2,N,1700,2,2,0,0,0,1,0,3,4,0,2,3,,N,,,,,,,,,,,
2010018960,1609.0,1,0,0,0,0,0,0,0,0,4,1,,67,12,2009,2,40.0835,-75.0209,1202.0,6,0,0,0,0,0,1,0,0,,0,1,0,11,1,1,0,,0,40 05:00.518,,7,75 01:15.330,4,0,0,0,67301,0,0,0,,0,0,0,1,67301,1,,6,1,,,,,0,,0,0,0,0,0,,1113,1,2,0,0,0,0,0,3,4,0,2,3,,N,,,,,,,,,,,
2010006383,1704.0,3,0,0,0,0,0,1,0,0,1,1,,67,12,2009,4,40.0301,-75.0352,1646.0,6,0,0,0,0,0,2,0,0,,0,0,0,16,1,2,1,,0,40 01:48.464,,0,75 02:06.579,3,0,0,0,67301,0,0,0,N,0,0,0,4,67301,0,,1,1,,Y,N,,0,,2,0,0,3,2,,1619,2,4,0,0,0,0,0,3,4,0,4,3,,N,,,,,,,,,,,
2010002672,1300.0,1,0,0,0,0,0,0,0,0,1,0,,67,12,2009,7,40.0485,-74.9974,1254.0,6,0,0,0,0,0,1,0,0,,0,0,0,12,1,1,0,,0,40 02:55.077,,2,74 59:49.671,4,0,0,0,67301,0,0,0,N,0,0,0,3,68K02,1,,1,9,,N,N,,0,,0,0,1,0,0,,1248,1,2,0,0,0,0,0,3,4,0,2,7,,N,,,,,,,,,,,
2010034800,1657.0,2,0,0,0,0,0,0,0,0,4,0,,67,12,2009,7,40.0175,-75.0855,1652.0,6,0,0,0,0,0,2,0,0,2.0,0,0,0,16,3,1,1,,1,40 01:02.992,7.0,0,75 05:07.954,8,0,0,0,67301,0,0,0,N,0,0,0,2,67301,0,,1,8,,N,N,,0,,0,0,0,3,3,N,1650,1,2,0,0,0,1,0,3,4,0,2,7,,N,,,,,,,,,,,
2010002776,1721.0,1,0,0,0,0,0,0,0,0,7,0,,67,12,2009,4,39.9239,-75.1934,1717.0,6,0,0,0,0,0,0,1,0,,0,0,0,17,2,0,0,,0,39 55:26.133,,0,75 11:36.060,9,0,0,0,67301,0,0,0,N,0,0,0,1,67301,0,,5,9,,N,N,,0,,0,0,0,0,0,,1715,0,1,0,0,0,0,1,3,4,0,1,7,,N,,,,,,,,,,,
2010002798,823.0,0,0,0,0,0,0,0,0,0,8,0,,67,12,2009,3,40.0316,-75.2131,819.0,6,0,0,0,0,0,0,0,0,,0,0,0,8,1,1,1,,0,40 01:53.630,,0,75 12:46.938,8,0,0,0,67301,1,0,0,N,1,0,0,2,67301,0,,1,1,,N,N,,0,,0,0,1,3,2,,819,1,2,0,0,0,1,0,3,4,0,1,3,,N,,,,,,,,,,,
2010019415,2113.0,0,0,0,0,0,0,0,0,0,8,0,,67,12,2009,2,39.9445,-75.2441,2110.0,6,0,0,0,0,0,0,0,0,,0,0,0,14,1,1,0,,0,39 56:39.959,,0,75 14:39.043,3,0,0,0,67301,1,0,0,N,1,0,0,2,67301,0,,1,1,,N,N,,1,,1,0,0,3,2,,1430,1,2,0,0,0,0,0,3,4,0,1,3,,N,,,,,,,,,,,
2010018028,1712.0,1,0,0,0,0,0,0,0,0,7,0,99.0,67,12,2009,5,39.9885,-75.2279,1708.0,6,0,0,0,0,0,0,0,0,,0,0,0,9,1,1,1,,0,39 59:18.690,,0,75 13:40.573,8,0,0,0,67301,0,0,0,N,0,0,0,1,67301,0,,5,7,,N,N,,0,,0,0,0,3,3,,930,1,1,0,0,0,1,0,3,4,0,1,10,,Y,8.0,8.0,U,U,U,U,U,U,U,U,
2009118948,1152.0,2,0,0,0,0,0,0,0,0,5,0,,67,10,2009,3,40.0174,-75.1733,1150.0,6,0,0,0,0,0,1,0,0,1.0,0,0,0,11,1,1,0,,2,40 01:02.645,4.0,0,75 10:24.007,4,0,0,0,67301,0,0,0,N,0,0,0,3,67301,1,,1,1,,N,N,,0,,0,0,0,0,0,N,1148,1,2,0,0,0,0,0,3,4,0,2,3,,N,,,,,,,,,,,
2009111156,1451.0,1,0,0,0,0,0,0,0,0,5,0,,67,10,2009,3,39.9571,-75.1511,1447.0,6,0,0,0,0,0,0,0,0,,0,0,0,99,1,1,5,,0,39 57:25.688,,2,75 09:03.847,3,0,0,0,67301,1,0,0,,1,0,0,2,67301,0,,1,1,,N,N,,0,,1,0,0,3,2,,9999,1,2,0,0,1,0,0,3,4,0,1,3,,N,,,,,,,,,,,
2009120841,323.0,1,0,0,0,0,0,0,0,0,1,0,,67,10,2009,7,39.9736,-75.2089,321.0,6,0,0,0,0,1,1,0,0,,0,0,0,3,3,4,2,,0,39 58:24.815,,0,75 12:31.882,4,0,0,0,67301,0,0,0,N,0,0,0,8,67301,4,,1,9,,N,N,,0,,0,0,0,2,2,,318,4,2,0,0,1,0,0,3,4,0,2,7,,N,,,,,,,,,,,
2009120875,834.0,0,0,0,0,0,0,0,0,0,8,0,,67,10,2009,5,39.9757,-75.2631,830.0,6,0,0,0,0,0,0,0,0,,0,0,0,7,1,1,1,,0,39 58:32.229,,0,75 15:46.111,4,0,0,0,67301,1,0,0,N,1,0,0,2,67301,1,,1,9,,N,Y,,1,,0,0,0,3,2,,725,1,2,0,0,0,0,0,3,4,0,1,3,,N,,,,,,,,,,,
2009118981,122.0,1,0,0,0,0,0,0,0,0,7,0,,67,10,2009,6,40.0152,-75.1699,120.0,6,0,0,0,0,0,0,0,0,,0,0,0,1,3,0,1,,0,40 00:54.823,,0,75 10:11.829,0,0,0,0,67301,0,0,0,,0,0,0,1,67301,0,,4,9,,N,N,,0,,0,0,0,3,2,,120,0,1,0,0,0,0,0,3,4,0,1,7,,N,,,,,,,,,,,
2009121109,1654.0,1,0,0,1,0,0,0,0,0,5,0,,67,10,2009,4,39.9708,-75.1597,1647.0,6,0,0,0,0,0,0,0,0,,0,0,0,16,1,1,0,,0,39 58:14.941,,0,75 09:34.738,4,0,0,0,67301,1,0,0,,0,0,0,2,67301,1,,1,1,,,,,0,,0,0,0,0,0,,1646,1,2,0,0,0,0,0,3,4,0,1,3,,N,,,,,,,,,,,
2009121121,942.0,1,0,0,0,0,0,0,0,0,4,0,,67,9,2009,6,39.9211,-75.2242,938.0,6,0,0,0,0,0,0,0,1,1.0,0,0,0,9,1,4,1,,1,39 55:15.755,3.0,0,75 13:26.897,3,0,0,0,67301,0,0,0,N,0,0,0,4,67301,3,,1,1,,N,N,,0,,1,0,1,3,2,N,937,4,2,0,0,0,0,0,3,4,0,2,3,,N,,,,,,,,,,,
2009121140,2030.0,2,0,0,0,0,0,0,0,0,1,0,,67,10,2009,2,40.028,-75.11,2025.0,6,0,0,0,0,0,0,0,0,1.0,0,0,0,20,3,1,1,,1,40 01:40.946,2.0,0,75 06:36.204,4,0,0,0,67301,0,0,0,N,0,0,0,7,67301,1,,1,1,,N,N,,0,,0,0,0,3,2,N,2020,1,2,0,0,4,0,0,3,4,0,2,3,,N,,,,,,,,,,,
2009056918,930.0,0,0,0,0,0,0,0,0,0,7,0,,67,5,2009,1,40.0169,-75.1676,926.0,6,0,0,0,1,0,0,0,0,,0,0,0,9,1,2,6,,0,40 00:57.381,,2,75 10:08.162,3,0,0,0,67301,0,0,0,Y,0,0,0,3,67301,1,,7,9,,N,N,,1,,1,0,0,0,0,,915,2,1,0,0,1,0,0,3,4,0,1,7,,N,,,,,,,,,,,
2009054448,2017.0,1,0,0,0,0,0,0,0,0,8,0,,67,4,2009,2,40.0103,-75.1413,2014.0,6,0,0,0,0,0,1,0,0,,0,0,0,20,6,1,0,,0,40 00:36.928,,0,75 08:28.640,8,0,0,0,67301,1,0,0,N,1,0,0,2,67301,0,,1,1,,N,N,,0,,0,0,0,0,0,,2012,1,2,0,0,0,1,0,3,4,0,1,3,,N,,,,,,,,,,,
2009054356,947.0,0,0,0,0,0,0,0,0,0,7,0,,67,3,2009,6,40.0404,-75.0308,946.0,6,0,0,0,0,0,0,0,0,,0,1,0,9,1,0,2,,0,40 02:25.440,,0,75 01:50.880,9,0,0,1,67301,0,0,0,N,0,0,0,1,67301,0,,5,1,,N,N,,0,,0,0,0,0,0,,945,0,2,0,0,0,0,1,3,4,0,2,3,,N,,,,,,,,,,,
2009054474,1131.0,1,0,0,0,0,0,0,0,0,4,0,,67,4,2009,2,39.9703,-75.1265,1131.0,6,0,0,0,0,1,0,0,0,9.0,0,0,0,11,1,0,1,,1,39 58:13.108,4.0,0,75 07:35.525,0,0,0,0,67301,0,0,0,N,0,0,0,2,67301,0,,1,1,,N,N,,2,,0,0,1,2,3,N,1129,0,4,0,0,0,0,0,3,4,0,4,3,,N,,,,,,,,,,,
2009054547,1335.0,1,0,0,0,0,0,0,0,0,0,0,,67,4,2009,1,40.0363,-75.136,1334.0,6,0,0,0,0,0,0,0,0,,0,0,0,13,1,1,0,,0,40 02:10.579,,0,75 08:09.744,8,0,0,0,67301,0,0,0,N,0,0,0,2,67301,0,,1,1,,N,N,,0,,0,0,0,0,0,,1330,1,1,0,0,0,1,0,3,4,0,1,3,,N,,,,,,,,,,,
2009054693,2037.0,2,0,0,0,0,0,0,0,0,4,0,,67,4,2009,6,40.124,-75.0016,2036.0,6,0,1,0,0,0,0,0,0,,0,0,0,20,3,1,1,,0,40 07:26.457,,0,75 00:05.875,4,0,0,0,67301,0,0,0,,0,0,0,5,67301,1,,1,1,,,,,0,,0,0,0,3,3,,2028,1,2,0,0,0,0,0,3,4,0,2,3,,N,,,,,,,,,,,
2009086128,2155.0,3,0,0,0,0,0,0,0,0,4,0,,67,8,2009,6,40.0167,-75.0667,2155.0,6,0,0,0,0,0,0,0,0,1.0,0,0,0,21,3,1,1,,1,40 01:00.002,1.0,0,75 04:00.264,4,0,0,0,67301,0,0,0,N,0,0,0,2,67301,1,,1,1,,N,N,,0,,0,0,0,3,2,N,2155,1,3,0,0,1,0,0,3,4,0,3,3,,N,,,,,,,,,,,
2009086208,1132.0,1,0,0,0,0,0,0,0,0,7,0,,67,7,2009,4,40.0361,-75.1676,1130.0,6,0,0,0,0,0,0,0,0,2.0,0,0,0,11,1,1,2,,2,40 02:09.823,5.0,0,75 10:03.521,4,0,0,0,67301,0,0,0,N,0,0,0,2,67301,1,,5,1,,N,N,,0,,0,0,0,0,0,Y,1128,1,1,0,0,0,0,0,3,4,0,1,3,,N,,,,,,,,,,,
2009083654,1501.0,1,0,0,0,0,0,1,0,0,5,1,,67,7,2009,3,39.999,-75.1668,1500.0,6,0,0,0,0,0,0,0,0,,0,0,0,15,1,1,0,,0,39 59:56.576,,0,75 10:00.584,4,0,0,0,67301,0,0,0,,0,0,0,2,67301,1,,6,1,,Y,N,,0,,0,0,0,0,0,,1500,1,2,0,0,0,0,0,3,4,0,2,3,,N,,,,,,,,,,,
2009086143,1402.0,1,0,0,0,0,0,0,0,0,2,0,,67,7,2009,6,40.085,-75.0323,1401.0,6,0,0,0,0,0,0,0,0,,0,0,0,13,1,0,1,,0,40 05:06.122,,0,75 01:56.405,9,0,0,0,67301,0,0,0,,0,0,0,2,67301,0,,1,1,,,,,0,,0,0,1,0,0,,1335,0,2,0,0,0,0,1,3,4,0,2,3,,N,,,,,,,,,,,
2009066070,0.0,2,0,0,0,0,0,0,0,0,1,0,,67,2,2009,6,40.0284,-75.12,0.0,6,0,0,0,0,0,0,0,0,,0,0,0,2,6,1,0,,0,40 01:42.218,,7,75 07:11.892,4,0,0,0,67301,0,0,0,N,0,0,0,2,00000,1,,1,1,,N,N,,0,,0,0,0,0,0,,230,1,2,0,0,0,0,0,3,4,0,2,3,,N,,,,,,,,,,,
2010003010,1035.0,1,0,0,0,0,0,0,0,0,2,0,,67,12,2009,4,39.9385,-75.1852,1029.0,6,0,0,0,0,0,1,0,0,,0,0,0,10,1,0,1,,0,39 56:18.628,,0,75 11:06.863,0,0,0,0,67301,0,0,0,,0,0,0,2,67301,0,,1,9,,,N,,1,,0,0,0,3,3,,1025,0,2,0,0,0,0,0,3,4,0,2,7,,N,,,,,,,,,,,
2010003099,1730.0,0,0,0,0,0,0,0,0,0,8,0,,67,11,2009,4,40.0012,-75.1672,1721.0,6,0,0,0,0,0,1,0,0,,0,0,0,17,3,1,0,,0,40 00:04.309,,0,75 10:01.765,4,0,0,0,67301,1,0,0,N,1,0,0,2,67301,1,,1,9,,N,N,,0,,0,0,1,0,0,,1720,1,2,0,0,0,0,0,3,4,0,1,7,,N,,,,,,,,,,,
2010003151,1718.0,3,0,0,0,0,0,0,0,0,1,0,,67,11,2009,4,39.9085,-75.2232,1702.0,6,0,0,0,1,0,1,0,0,,0,0,0,16,3,1,0,,0,39 54:26.796,,7,75 13:24.494,3,0,0,0,67301,0,0,0,N,0,0,0,2,67301,0,,5,1,,N,N,,0,,1,0,0,0,0,,1630,1,3,0,0,0,0,0,3,4,0,3,3,,N,,,,,,,,,,,
2010003175,730.0,3,0,0,0,0,0,0,0,0,6,0,,67,12,2009,7,40.0043,-75.1739,720.0,6,0,0,0,0,0,0,0,0,,0,0,0,7,1,0,0,,0,40 00:15.470,,0,75 10:25.864,0,0,0,0,67301,0,0,0,N,0,0,0,1,67301,0,,1,9,,N,N,,0,,0,0,2,0,0,,720,0,5,0,0,1,0,0,3,4,0,5,7,,N,,,,,,,,,,,
2010011600,2027.0,1,0,0,0,0,0,0,0,0,8,0,,67,12,2009,5,39.9989,-75.1052,2025.0,6,0,0,0,0,0,0,0,0,,0,0,0,20,3,1,1,,0,39 59:55.935,,0,75 06:18.644,4,0,0,0,67301,1,0,0,,1,0,0,2,67301,1,,1,9,,,,,0,,0,0,0,3,2,,2005,1,2,0,0,0,0,0,3,4,0,1,7,,N,,,,,,,,,,,
2010011633,9999.0,1,0,0,0,0,0,0,0,0,7,0,,67,12,2009,5,40.0031,-75.1283,9999.0,6,0,0,0,0,0,0,0,0,,0,0,0,6,5,2,3,,0,40 00:11.163,,0,75 07:41.800,4,0,0,0,67301,0,0,0,N,0,0,0,2,67301,1,,9,7,,N,N,,0,,0,0,0,3,2,,650,2,1,0,0,0,1,0,3,4,0,1,10,,N,,,,,,,,,,,
2010011636,1630.0,2,0,0,0,0,0,0,0,0,4,0,,67,12,2009,1,40.0112,-75.1416,1628.0,6,0,0,0,0,0,0,0,0,,0,0,0,16,1,2,1,,0,40 00:40.140,,0,75 08:29.662,4,0,0,0,67301,0,0,0,,0,0,0,2,67301,2,,1,1,,,,,0,,0,0,0,9,3,,1620,2,2,0,0,0,0,0,3,4,0,2,3,,N,,,,,,,,,,,
2010006257,1654.0,3,0,0,0,0,0,0,0,0,1,0,,67,12,2009,6,40.0448,-75.1221,1653.0,6,0,0,0,0,0,1,0,0,,0,0,0,15,1,2,2,,0,40 02:41.313,,0,75 07:19.564,4,0,0,0,67301,0,0,0,N,0,0,0,4,67301,2,,1,1,,N,N,,0,,0,0,0,0,0,,1512,2,3,0,0,0,0,0,3,4,0,3,3,,N,,,,,,,,,,,
2010006321,1625.0,2,0,0,0,0,0,0,0,0,1,0,,67,11,2009,1,39.923,-75.155,1617.0,6,0,0,0,0,0,0,0,0,9.0,0,0,0,16,1,1,2,,2,39 55:22.634,1.0,0,75 09:17.827,4,0,0,0,67301,0,0,0,,0,0,0,5,67301,1,,1,1,,N,N,,0,,0,0,0,0,0,Y,1600,1,2,0,0,0,0,0,3,4,0,2,3,,N,,,,,,,,,,,
2010038966,2007.0,0,0,0,0,0,0,0,0,0,5,0,,67,12,2009,2,40.0413,-75.0581,2002.0,6,0,0,0,0,0,1,0,0,1.0,0,0,0,20,3,2,0,,1,40 02:28.505,2.0,6,75 03:29.046,4,0,0,0,67301,0,0,0,,0,0,0,2,67301,2,,1,7,,,,,0,,0,0,2,0,0,N,2000,2,2,0,0,0,0,0,3,4,0,2,3,,N,,,,,,,,,,,
2010010625,0.0,2,0,1,0,0,0,0,0,0,4,0,,67,12,2009,6,39.973,-75.2185,0.0,6,0,0,0,0,0,0,1,0,,0,0,0,16,4,1,2,,0,39 58:22.961,,7,75 13:06.430,2,0,0,0,67301,0,0,0,,0,0,0,3,00000,0,,1,1,,,,,0,,0,1,0,0,0,,1625,1,2,0,0,0,0,0,3,4,0,2,3,,N,,,,,,,,,,,
2010011156,1220.0,1,0,0,0,0,0,0,0,0,4,0,,67,12,2009,3,39.9581,-75.1505,1204.0,6,0,0,0,0,0,1,0,0,1.0,0,0,0,12,1,3,1,,1,39 57:29.289,4.0,0,75 09:01.655,4,0,0,0,67301,0,0,0,,0,0,0,3,67301,3,,1,1,,,,,0,,0,0,1,3,2,Y,1200,3,2,0,0,0,0,0,3,4,0,2,3,,N,,,,,,,,,,,
2010011200,2047.0,2,0,0,0,0,0,0,0,0,4,0,,67,10,2009,7,39.9755,-75.1279,2044.0,6,0,0,0,0,0,0,0,0,1.0,0,0,0,20,3,1,1,,2,39 58:31.699,3.0,0,75 07:40.483,8,0,0,0,67301,0,0,0,N,0,0,0,2,67301,0,,1,1,,N,N,,0,,0,0,0,3,3,Y,2043,1,2,0,0,0,1,0,3,4,0,2,3,,N,,,,,,,,,,,
2010018959,745.0,2,0,0,0,0,0,0,0,0,4,0,,67,2,2009,3,39.9383,-75.1985,635.0,6,0,0,0,0,0,0,0,0,,0,0,0,6,1,0,0,,0,39 56:19.058,,7,75 11:54.378,0,0,0,0,67301,0,0,0,,0,0,0,2,67301,0,,1,1,,,,,0,,0,0,0,0,0,,630,0,2,0,0,0,0,0,3,4,0,2,3,,N,,,,,,,,,,,
2010002911,1535.0,3,0,0,0,0,0,0,0,0,1,0,,67,11,2009,5,40.0474,-75.0142,1535.0,6,1,0,0,0,0,0,0,0,2.0,0,0,0,15,1,1,0,,1,40 02:50.502,2.0,0,75 00:50.962,4,0,0,0,67301,0,0,0,N,0,0,0,7,67301,1,,1,1,,N,N,,0,,0,0,0,0,0,N,1530,1,3,0,0,0,0,4,3,4,0,3,3,,N,,,,,,,,,,,
2010003062,1752.0,0,0,0,0,0,0,1,0,0,8,1,,67,11,2009,5,40.0693,-75.0073,1748.0,6,0,0,0,0,0,0,0,0,,0,0,0,17,4,1,0,,0,40 04:09.328,,0,75 00:26.395,4,0,0,0,67301,1,0,0,,1,0,0,2,67301,1,,1,1,,,,,0,,0,0,0,0,0,,1743,1,2,0,0,0,0,0,3,4,0,1,3,,N,,,,,,,,,,,
2010003085,1828.0,1,0,0,0,0,0,0,0,0,8,0,,67,10,2009,4,39.9296,-75.1724,1822.0,6,0,0,0,0,0,0,0,0,,0,0,0,18,1,1,0,,0,39 55:46.513,,0,75 10:20.697,3,0,0,0,67301,1,0,0,N,1,0,0,2,67301,0,,1,1,,N,N,,0,,1,0,0,0,0,,1813,1,2,0,0,0,0,0,3,4,0,1,3,,N,,,,,,,,,,,
2010019414,901.0,1,0,0,0,0,0,0,0,0,7,0,,67,12,2009,2,39.9395,-75.17,857.0,6,0,0,0,0,0,0,0,0,,0,0,0,20,2,1,0,,0,39 56:22.185,,0,75 10:11.845,4,0,0,0,67301,0,0,0,N,0,0,0,1,67301,1,,5,1,,N,N,,0,,0,0,0,0,0,,2049,1,1,0,0,1,0,0,3,4,0,1,3,,N,,,,,,,,,,,
2010019425,1357.0,1,0,0,0,0,0,0,0,0,8,0,,67,12,2009,2,39.993,-75.1197,1356.0,6,0,0,0,0,0,0,0,0,,0,0,0,13,1,2,2,,0,39 59:34.915,,0,75 07:11.063,4,0,0,0,67301,2,0,0,,2,0,0,3,67301,2,,1,1,,,,,0,,0,0,0,0,0,,1354,2,3,0,0,0,0,0,3,4,0,1,3,,N,,,,,,,,,,,
2010005593,922.0,1,0,0,0,0,0,0,0,0,7,0,,67,12,2009,7,39.9487,-75.1929,921.0,6,0,0,0,0,0,0,0,0,,0,0,0,8,1,0,2,,0,39 56:55.246,,0,75 11:34.412,0,0,0,0,67301,0,0,0,N,0,0,0,1,67301,0,,5,7,,N,N,,0,,0,0,0,3,2,,845,0,1,0,0,0,0,0,3,4,0,1,10,,N,,,,,,,,,,,
2010005641,954.0,1,0,0,0,0,0,0,0,0,1,0,,67,12,2009,4,40.0569,-75.0467,950.0,6,0,0,0,0,0,0,0,0,1.0,0,0,0,9,1,2,0,,1,40 03:24.703,2.0,0,75 02:48.274,3,0,0,0,67301,0,0,0,,0,0,0,3,67301,0,,1,1,,N,N,,0,,2,0,1,3,2,N,947,2,2,0,0,0,0,0,3,4,0,2,3,,N,,,,,,,,,,,